{
"type": "FeatureCollection",
"name": "parcelas con derecho Hijuela La Falda_2026",
"crs": { "type": "name", "properties": { "name": "urn:ogc:def:crs:OGC:1.3:CRS84" } },
"features": [
{ "type": "Feature", "properties": { "LAYER": "PARCELARIO_BASE_CATASTRO", "MAP_NAME": "1016_2026.dwg", "ccpp1": "1016 849" }, "geometry": { "type": "MultiPolygon", "coordinates": [ [ [ [ -68.893073351466725, -32.993237163894648, 0.0 ], [ -68.893034093231407, -32.993238856078499, 0.0 ], [ -68.893014368676276, -32.993530296456839, 0.0 ], [ -68.893003895198277, -32.993685044159712, 0.0 ], [ -68.892979706649513, -32.993705081240087, 0.0 ], [ -68.892858261734744, -32.993723804811324, 0.0 ], [ -68.892843449217523, -32.993655574999714, 0.0 ], [ -68.892791175980364, -32.993657833009657, 0.0 ], [ -68.89292149395969, -32.994150323737351, 0.0 ], [ -68.893011130088922, -32.994153487921722, 0.0 ], [ -68.893073351466725, -32.993237163894648, 0.0 ] ] ] ] } },
{ "type": "Feature", "properties": { "LAYER": "PARCELARIO_BASE_CATASTRO", "MAP_NAME": "1016_2026.dwg", "ccpp1": "1016 2769" }, "geometry": { "type": "MultiPolygon", "coordinates": [ [ [ [ -68.892791175980364, -32.993657833009657, 0.0 ], [ -68.892656920025004, -32.993663641677358, 0.0 ], [ -68.89278382849227, -32.994148010914451, 0.0 ], [ -68.89292149395969, -32.994150323737351, 0.0 ], [ -68.892791175980364, -32.993657833009657, 0.0 ] ] ] ] } },
{ "type": "Feature", "properties": { "LAYER": "PARCELARIO_BASE_CATASTRO", "MAP_NAME": "1016_2026.dwg", "ccpp1": "1016 490" }, "geometry": { "type": "MultiPolygon", "coordinates": [ [ [ [ -68.892684382538974, -32.993253923276406, 0.0 ], [ -68.89255076816346, -32.993259680986888, 0.0 ], [ -68.892656920025004, -32.993663641677358, 0.0 ], [ -68.892791175980364, -32.993657833009657, 0.0 ], [ -68.892684382538974, -32.993253923276406, 0.0 ] ] ] ] } },
{ "type": "Feature", "properties": { "LAYER": "PARCELARIO_BASE_CATASTRO", "MAP_NAME": "1016_2026.dwg", "ccpp1": "1016 736" }, "geometry": { "type": "MultiPolygon", "coordinates": [ [ [ [ -68.890597646325674, -32.994212940451604, 0.0 ], [ -68.890363349917436, -32.994213790797431, 0.0 ], [ -68.890127889933439, -32.994203819553533, 0.0 ], [ -68.890086914618493, -32.994202336296837, 0.0 ], [ -68.8901946433418, -32.99447223272864, 0.0 ], [ -68.890202214649094, -32.994491175508621, 0.0 ], [ -68.890224255793839, -32.994491647531682, 0.0 ], [ -68.890233668231375, -32.994491838847452, 0.0 ], [ -68.890289191831087, -32.994493696413166, 0.0 ], [ -68.890298819338369, -32.994493886109652, 0.0 ], [ -68.89070437792914, -32.994500513853325, 0.0 ], [ -68.8906109120758, -32.994212863710423, 0.0 ], [ -68.890597646325674, -32.994212940451604, 0.0 ] ] ] ] } },
{ "type": "Feature", "properties": { "LAYER": "PARCELARIO_BASE_CATASTRO", "MAP_NAME": "1016_2026.dwg", "ccpp1": "1016 733" }, "geometry": { "type": "MultiPolygon", "coordinates": [ [ [ [ -68.891020687589275, -32.994788568713197, 0.0 ], [ -68.891069638375299, -32.994935051003502, 0.0 ], [ -68.891539916732299, -32.994940581944007, 0.0 ], [ -68.891499974704828, -32.994793921019181, 0.0 ], [ -68.891020687589275, -32.994788568713197, 0.0 ] ] ] ] } },
{ "type": "Feature", "properties": { "LAYER": "PARCELARIO_BASE_CATASTRO", "MAP_NAME": "1016_2026.dwg", "ccpp1": "1016 734" }, "geometry": { "type": "MultiPolygon", "coordinates": [ [ [ [ -68.891539916732299, -32.994940581944007, 0.0 ], [ -68.891069638375299, -32.994935051003502, 0.0 ], [ -68.89113819119882, -32.995140257655663, 0.0 ], [ -68.891595834352941, -32.995145508669459, 0.0 ], [ -68.891539916732299, -32.994940581944007, 0.0 ] ] ] ] } },
{ "type": "Feature", "properties": { "LAYER": "PARCELARIO_BASE_CATASTRO", "MAP_NAME": "1016_2026.dwg", "ccpp1": "1016 738" }, "geometry": { "type": "MultiPolygon", "coordinates": [ [ [ [ -68.89070437792914, -32.994500513853325, 0.0 ], [ -68.890298819338369, -32.994493886109652, 0.0 ], [ -68.890289191831087, -32.994493696413166, 0.0 ], [ -68.890233668231375, -32.994491838847452, 0.0 ], [ -68.890224255793839, -32.994491647531682, 0.0 ], [ -68.890202214649094, -32.994491175508621, 0.0 ], [ -68.890243377615661, -32.994602216270138, 0.0 ], [ -68.89028645923544, -32.994718397360032, 0.0 ], [ -68.890366543087652, -32.994934340923258, 0.0 ], [ -68.890471553103623, -32.994933546739226, 0.0 ], [ -68.890496897242045, -32.994933301171791, 0.0 ], [ -68.89052266690166, -32.994933327377105, 0.0 ], [ -68.89070033925978, -32.994932334304977, 0.0 ], [ -68.890736605309073, -32.994932549989876, 0.0 ], [ -68.890845412489654, -32.994934552209919, 0.0 ], [ -68.89070437792914, -32.994500513853325, 0.0 ] ] ] ] } },
{ "type": "Feature", "properties": { "LAYER": "PARCELARIO_BASE_CATASTRO", "MAP_NAME": "1016_2026.dwg", "ccpp1": "1016 2898" }, "geometry": { "type": "MultiPolygon", "coordinates": [ [ [ [ -68.888130918384562, -32.994557929201477, 0.0 ], [ -68.888096583412008, -32.994558887572573, 0.0 ], [ -68.888049522635782, -32.994560194293477, 0.0 ], [ -68.887985777357116, -32.994559952276411, 0.0 ], [ -68.887935718952747, -32.994563419388399, 0.0 ], [ -68.887944594787626, -32.994757917297804, 0.0 ], [ -68.887951147092934, -32.994902100438033, 0.0 ], [ -68.888143368686627, -32.994865860372904, 0.0 ], [ -68.888130918384562, -32.994557929201477, 0.0 ] ] ] ] } },
{ "type": "Feature", "properties": { "LAYER": "PARCELARIO_BASE_CATASTRO", "MAP_NAME": "1016_2026.dwg", "ccpp1": "1016 1041" }, "geometry": { "type": "MultiPolygon", "coordinates": [ [ [ [ -68.888351032552961, -32.994550660342206, 0.0 ], [ -68.888340230360697, -32.994551190786659, 0.0 ], [ -68.888317021223415, -32.994552069901907, 0.0 ], [ -68.888272099743673, -32.994553920528254, 0.0 ], [ -68.888130918384562, -32.994557929201477, 0.0 ], [ -68.888143368686627, -32.994865860372904, 0.0 ], [ -68.888145584500521, -32.994921947572273, 0.0 ], [ -68.888263247648226, -32.994902947294179, 0.0 ], [ -68.888507742646524, -32.994905712199085, 0.0 ], [ -68.888456679817466, -32.994793133686585, 0.0 ], [ -68.888389168853124, -32.994635816363733, 0.0 ], [ -68.888359579184609, -32.994569696076461, 0.0 ], [ -68.888351032552961, -32.994550660342206, 0.0 ] ] ] ] } },
{ "type": "Feature", "properties": { "LAYER": "PARCELARIO_BASE_CATASTRO", "MAP_NAME": "1016_2026.dwg", "ccpp1": "1016 3107" }, "geometry": { "type": "MultiPolygon", "coordinates": [ [ [ [ -68.892382070148656, -32.994818110028049, 0.0 ], [ -68.892527745097468, -32.995364535499199, 0.0 ], [ -68.892676862839039, -32.995360371786504, 0.0 ], [ -68.89270071763427, -32.995361029775381, 0.0 ], [ -68.892721893336471, -32.995363307574735, 0.0 ], [ -68.892716309784689, -32.995381245248403, 0.0 ], [ -68.892736519856342, -32.995386587917437, 0.0 ], [ -68.892757793729984, -32.995396170280706, 0.0 ], [ -68.892757890326209, -32.995406540551251, 0.0 ], [ -68.892764838951322, -32.995408261509276, 0.0 ], [ -68.892803346400655, -32.9954088464034, 0.0 ], [ -68.892805708153958, -32.995401544847162, 0.0 ], [ -68.892812128569503, -32.995401190590194, 0.0 ], [ -68.892817475668153, -32.995400926480883, 0.0 ], [ -68.892802954617864, -32.995201894954228, 0.0 ], [ -68.892837018197383, -32.995075959908931, 0.0 ], [ -68.892880971462134, -32.994912072730934, 0.0 ], [ -68.892688257392223, -32.994875790565743, 0.0 ], [ -68.892382070148656, -32.994818110028049, 0.0 ] ] ] ] } },
{ "type": "Feature", "properties": { "LAYER": "PARCELARIO_BASE_CATASTRO", "MAP_NAME": "1016_2026.dwg", "ccpp1": "1016 2591" }, "geometry": { "type": "MultiPolygon", "coordinates": [ [ [ [ -68.89270683409066, -32.994386347323157, 0.0 ], [ -68.892664259636206, -32.994386121377659, 0.0 ], [ -68.892688257392223, -32.994875790565743, 0.0 ], [ -68.892880971462134, -32.994912072730934, 0.0 ], [ -68.892900529348353, -32.994838962593739, 0.0 ], [ -68.892910370477466, -32.994838613970899, 0.0 ], [ -68.893008870104111, -32.994508323010386, 0.0 ], [ -68.89270683409066, -32.994386347323157, 0.0 ] ] ] ] } },
{ "type": "Feature", "properties": { "LAYER": "PARCELARIO_BASE_CATASTRO", "MAP_NAME": "1016_2026.dwg", "ccpp1": "1016 2926" }, "geometry": { "type": "MultiPolygon", "coordinates": [ [ [ [ -68.892557872299776, -32.994347052171683, 0.0 ], [ -68.892409877535471, -32.994346861611916, 0.0 ], [ -68.892260816090186, -32.994363324835405, 0.0 ], [ -68.892362903265166, -32.994745950319405, 0.0 ], [ -68.892382070148656, -32.994818110028049, 0.0 ], [ -68.892688257392223, -32.994875790565743, 0.0 ], [ -68.892664259636206, -32.994386121377659, 0.0 ], [ -68.892557075583184, -32.994385554905101, 0.0 ], [ -68.892557872299776, -32.994347052171683, 0.0 ] ] ] ] } },
{ "type": "Feature", "properties": { "LAYER": "PARCELARIO_BASE_CATASTRO", "MAP_NAME": "1016_2026.dwg", "ccpp1": "1016 2592" }, "geometry": { "type": "MultiPolygon", "coordinates": [ [ [ [ -68.892650117791476, -32.994145612975728, 0.0 ], [ -68.892680676396196, -32.994260617516694, 0.0 ], [ -68.892707736959977, -32.99426272004132, 0.0 ], [ -68.89270683409066, -32.994386347323157, 0.0 ], [ -68.893008870104111, -32.994508323010386, 0.0 ], [ -68.893058281117931, -32.994342365671869, 0.0 ], [ -68.893114352790946, -32.994154052416405, 0.0 ], [ -68.893011130088922, -32.994153487921722, 0.0 ], [ -68.89292149395969, -32.994150323737351, 0.0 ], [ -68.89278382849227, -32.994148010914451, 0.0 ], [ -68.892650117791476, -32.994145612975728, 0.0 ] ] ] ] } },
{ "type": "Feature", "properties": { "LAYER": "PARCELARIO_BASE_CATASTRO", "MAP_NAME": "1016_2026.dwg", "ccpp1": "1016 2586" }, "geometry": { "type": "MultiPolygon", "coordinates": [ [ [ [ -68.892412951749392, -32.993633357147381, 0.0 ], [ -68.891976764466648, -32.99367077793864, 0.0 ], [ -68.89203681517337, -32.993900689052438, 0.0 ], [ -68.892473855260945, -32.993863272395217, 0.0 ], [ -68.892412951749392, -32.993633357147381, 0.0 ] ] ] ] } },
{ "type": "Feature", "properties": { "LAYER": "PARCELARIO_BASE_CATASTRO", "MAP_NAME": "1016_2026.dwg", "ccpp1": "1016 2587" }, "geometry": { "type": "MultiPolygon", "coordinates": [ [ [ [ -68.892473855260945, -32.993863272395217, 0.0 ], [ -68.89203681517337, -32.993900689052438, 0.0 ], [ -68.892086964254531, -32.994092178318994, 0.0 ], [ -68.892188910811839, -32.994093275366936, 0.0 ], [ -68.892535824366263, -32.994097067537822, 0.0 ], [ -68.892473855260945, -32.993863272395217, 0.0 ] ] ] ] } },
{ "type": "Feature", "properties": { "LAYER": "PARCELARIO_BASE_CATASTRO", "MAP_NAME": "1016_2026.dwg", "ccpp1": "1016 63" }, "geometry": { "type": "MultiPolygon", "coordinates": [ [ [ [ -68.891920663220461, -32.993455891248949, 0.0 ], [ -68.891976764466648, -32.99367077793864, 0.0 ], [ -68.892412951749392, -32.993633357147381, 0.0 ], [ -68.892358522331605, -32.993427759368835, 0.0 ], [ -68.891920663220461, -32.993455891248949, 0.0 ] ] ] ] } },
{ "type": "Feature", "properties": { "LAYER": "PARCELARIO_BASE_CATASTRO", "MAP_NAME": "1016_2026.dwg", "ccpp1": "1016 3446" }, "geometry": { "type": "MultiPolygon", "coordinates": [ [ [ [ -68.890243377615661, -32.994602216270138, 0.0 ], [ -68.889771673800354, -32.994641422211124, 0.0 ], [ -68.889859356560791, -32.994846681163345, 0.0 ], [ -68.889937017051651, -32.994840224700376, 0.0 ], [ -68.889960517922049, -32.994900750172171, 0.0 ], [ -68.890272647295347, -32.994852409518856, 0.0 ], [ -68.890225368953281, -32.994735920956458, 0.0 ], [ -68.89028645923544, -32.994718397360032, 0.0 ], [ -68.890243377615661, -32.994602216270138, 0.0 ] ] ] ] } },
{ "type": "Feature", "properties": { "LAYER": "PARCELARIO_BASE_CATASTRO", "MAP_NAME": "1016_2026.dwg", "ccpp1": "1016 1027" }, "geometry": { "type": "MultiPolygon", "coordinates": [ [ [ [ -68.888667724685334, -32.994537537001506, 0.0 ], [ -68.88863285713937, -32.994540838504015, 0.0 ], [ -68.888509111190686, -32.994544053449637, 0.0 ], [ -68.88845488562427, -32.99454634396669, 0.0 ], [ -68.888398949144772, -32.994548634734272, 0.0 ], [ -68.888351032552961, -32.994550660342206, 0.0 ], [ -68.888359579184609, -32.994569696076461, 0.0 ], [ -68.888389168853124, -32.994635816363733, 0.0 ], [ -68.888456679817466, -32.994793133686585, 0.0 ], [ -68.888707907498556, -32.994797978972848, 0.0 ], [ -68.888958919182556, -32.994802734295511, 0.0 ], [ -68.889030895669109, -32.994804157115603, 0.0 ], [ -68.88891317975542, -32.994527318718745, 0.0 ], [ -68.888667724685334, -32.994537537001506, 0.0 ] ] ] ] } },
{ "type": "Feature", "properties": { "LAYER": "PARCELARIO_BASE_CATASTRO", "MAP_NAME": "1016_2026.dwg", "ccpp1": "1016 3214" }, "geometry": { "type": "MultiPolygon", "coordinates": [ [ [ [ -68.888507742646524, -32.994905712199085, 0.0 ], [ -68.888263247648226, -32.994902947294179, 0.0 ], [ -68.888145584500521, -32.994921947572273, 0.0 ], [ -68.887925552605196, -32.994957346661899, 0.0 ], [ -68.887712174455956, -32.994994723315259, 0.0 ], [ -68.887753088707882, -32.995045541653496, 0.0 ], [ -68.887806849609873, -32.995118990090504, 0.0 ], [ -68.888051358690049, -32.995118688397177, 0.0 ], [ -68.888356081290453, -32.995118715093945, 0.0 ], [ -68.888435137961352, -32.995302281540873, 0.0 ], [ -68.88867771190138, -32.995305405970001, 0.0 ], [ -68.888610192451864, -32.995146556821801, 0.0 ], [ -68.888542675724707, -32.994987436230986, 0.0 ], [ -68.888507742646524, -32.994905712199085, 0.0 ] ] ] ] } },
{ "type": "Feature", "properties": { "LAYER": "PARCELARIO_BASE_CATASTRO", "MAP_NAME": "1016_2026.dwg", "ccpp1": "1016 2766" }, "geometry": { "type": "MultiPolygon", "coordinates": [ [ [ [ -68.887806849609873, -32.995118990090504, 0.0 ], [ -68.887910507983605, -32.99529969450824, 0.0 ], [ -68.888028165621819, -32.995295660483272, 0.0 ], [ -68.888053193309617, -32.99529613646984, 0.0 ], [ -68.888435137961352, -32.995302281540873, 0.0 ], [ -68.888356081290453, -32.995118715093945, 0.0 ], [ -68.888051358690049, -32.995118688397177, 0.0 ], [ -68.887806849609873, -32.995118990090504, 0.0 ] ] ] ] } },
{ "type": "Feature", "properties": { "LAYER": "PARCELARIO_BASE_CATASTRO", "MAP_NAME": "1016_2026.dwg", "ccpp1": "1016 2644" }, "geometry": { "type": "MultiPolygon", "coordinates": [ [ [ [ -68.889547094151865, -32.994871393044804, 0.0 ], [ -68.889342616675009, -32.994867943405673, 0.0 ], [ -68.889534271104907, -32.995319046316332, 0.0 ], [ -68.88973564678723, -32.995316354286238, 0.0 ], [ -68.889677750162846, -32.995178901990485, 0.0 ], [ -68.88966065434073, -32.995138041815387, 0.0 ], [ -68.889650720364983, -32.995114946497004, 0.0 ], [ -68.889639822484426, -32.995089147999664, 0.0 ], [ -68.889547094151865, -32.994871393044804, 0.0 ] ] ] ] } },
{ "type": "Feature", "properties": { "LAYER": "PARCELARIO_BASE_CATASTRO", "MAP_NAME": "1016_2026.dwg", "ccpp1": "1016 2645" }, "geometry": { "type": "MultiPolygon", "coordinates": [ [ [ [ -68.889170285450419, -32.994516571994552, 0.0 ], [ -68.889308500604756, -32.994867458718886, 0.0 ], [ -68.889342616675009, -32.994867943405673, 0.0 ], [ -68.889547094151865, -32.994871393044804, 0.0 ], [ -68.889392416800149, -32.994507234642363, 0.0 ], [ -68.889170285450419, -32.994516571994552, 0.0 ] ] ] ] } },
{ "type": "Feature", "properties": { "LAYER": "PARCELARIO_BASE_CATASTRO", "MAP_NAME": "1016_2026.dwg", "ccpp1": "1016 2902" }, "geometry": { "type": "MultiPolygon", "coordinates": [ [ [ [ -68.889338657477438, -32.996534663587489, 0.0 ], [ -68.889338644624644, -32.996580108088054, 0.0 ], [ -68.889338198944088, -32.996643132197526, 0.0 ], [ -68.889278948523227, -32.996641900273346, 0.0 ], [ -68.889278850119325, -32.996701845463583, 0.0 ], [ -68.889329218853447, -32.996702712451189, 0.0 ], [ -68.889444287730967, -32.996704731363153, 0.0 ], [ -68.889629428352734, -32.996707803076546, 0.0 ], [ -68.890058313938155, -32.9967150892303, 0.0 ], [ -68.890495946786544, -32.996723381542779, 0.0 ], [ -68.890725343780261, -32.996727766312397, 0.0 ], [ -68.890753468502965, -32.996728246272035, 0.0 ], [ -68.89074395573347, -32.996686850080089, 0.0 ], [ -68.890705798984456, -32.996552373061, 0.0 ], [ -68.889338657477438, -32.996534663587489, 0.0 ] ] ] ] } },
{ "type": "Feature", "properties": { "LAYER": "PARCELARIO_BASE_CATASTRO", "MAP_NAME": "1016_2026.dwg", "ccpp1": "1016 2903" }, "geometry": { "type": "MultiPolygon", "coordinates": [ [ [ [ -68.888367045328792, -32.996577987996901, 0.0 ], [ -68.888396551313775, -32.996686468963105, 0.0 ], [ -68.88880926477205, -32.996694395059087, 0.0 ], [ -68.888821241026193, -32.996693865620038, 0.0 ], [ -68.88891396324513, -32.996695408870735, 0.0 ], [ -68.888933426425567, -32.996695699394671, 0.0 ], [ -68.888970323084237, -32.99669619026421, 0.0 ], [ -68.889042082815422, -32.996697621001623, 0.0 ], [ -68.889148380791539, -32.996699629686063, 0.0 ], [ -68.889278850119325, -32.996701845463583, 0.0 ], [ -68.889278948523227, -32.996641900273346, 0.0 ], [ -68.889209864931928, -32.996640472046892, 0.0 ], [ -68.889210078212628, -32.996593955630978, 0.0 ], [ -68.888693858850729, -32.99658329851659, 0.0 ], [ -68.888367045328792, -32.996577987996901, 0.0 ] ] ] ] } },
{ "type": "Feature", "properties": { "LAYER": "PARCELARIO_BASE_CATASTRO", "MAP_NAME": "1016_2026.dwg", "ccpp1": "1016 1077" }, "geometry": { "type": "MultiPolygon", "coordinates": [ [ [ [ -68.892841001186895, -32.995496087126241, 0.0 ], [ -68.892202836157423, -32.995486815847556, 0.0 ], [ -68.892342028301925, -32.996008257624823, 0.0 ], [ -68.892998796070884, -32.996013868003232, 0.0 ], [ -68.892994106972239, -32.995999074679141, 0.0 ], [ -68.892841001186895, -32.995496087126241, 0.0 ] ] ] ] } },
{ "type": "Feature", "properties": { "LAYER": "PARCELARIO_BASE_CATASTRO", "MAP_NAME": "1016_2026.dwg", "ccpp1": "1016 1077" }, "geometry": { "type": "MultiPolygon", "coordinates": [ [ [ [ -68.892202836157423, -32.995486815847556, 0.0 ], [ -68.89223528857471, -32.995608389694702, 0.0 ], [ -68.89287803600476, -32.995617755522311, 0.0 ], [ -68.892841001186895, -32.995496087126241, 0.0 ], [ -68.892202836157423, -32.995486815847556, 0.0 ] ] ] ] } },
{ "type": "Feature", "properties": { "LAYER": "PARCELARIO_BASE_CATASTRO", "MAP_NAME": "1016_2026.dwg", "ccpp1": "1016 1078" }, "geometry": { "type": "MultiPolygon", "coordinates": [ [ [ [ -68.892342028301925, -32.996008257624823, 0.0 ], [ -68.8924106228163, -32.996263334431639, 0.0 ], [ -68.893075719392925, -32.996267080604824, 0.0 ], [ -68.892998796070884, -32.996013868003232, 0.0 ], [ -68.892342028301925, -32.996008257624823, 0.0 ] ] ] ] } },
{ "type": "Feature", "properties": { "LAYER": "PARCELARIO_BASE_CATASTRO", "MAP_NAME": "1016_2026.dwg", "ccpp1": "1016 1074" }, "geometry": { "type": "MultiPolygon", "coordinates": [ [ [ [ -68.892094152937887, -32.995485239606808, 0.0 ], [ -68.891706264881279, -32.995479619037518, 0.0 ], [ -68.891850238938673, -32.996017905226189, 0.0 ], [ -68.891873637737419, -32.996103949979933, 0.0 ], [ -68.892240349315273, -32.996032581006801, 0.0 ], [ -68.892094152937887, -32.995485239606808, 0.0 ] ] ] ] } },
{ "type": "Feature", "properties": { "LAYER": "PARCELARIO_BASE_CATASTRO", "MAP_NAME": "1016_2026.dwg", "ccpp1": "1016 1079" }, "geometry": { "type": "MultiPolygon", "coordinates": [ [ [ [ -68.893075719392925, -32.996267080604824, 0.0 ], [ -68.8924106228163, -32.996263334431639, 0.0 ], [ -68.892440976115623, -32.996376801456726, 0.0 ], [ -68.892482985353084, -32.996415080462356, 0.0 ], [ -68.892494636818938, -32.99645909773745, 0.0 ], [ -68.892476250516921, -32.996508759791595, 0.0 ], [ -68.893156595116452, -32.996532381706842, 0.0 ], [ -68.893075719392925, -32.996267080604824, 0.0 ] ] ] ] } },
{ "type": "Feature", "properties": { "LAYER": "PARCELARIO_BASE_CATASTRO", "MAP_NAME": "1016_2026.dwg", "ccpp1": "1016 1080" }, "geometry": { "type": "MultiPolygon", "coordinates": [ [ [ [ -68.892476250516921, -32.996508759791595, 0.0 ], [ -68.892428357529894, -32.996520516076274, 0.0 ], [ -68.892486627818471, -32.996742308443437, 0.0 ], [ -68.892729074210138, -32.996744575515962, 0.0 ], [ -68.8929081165181, -32.996749839924291, 0.0 ], [ -68.892991272891791, -32.996748767898723, 0.0 ], [ -68.893221597107555, -32.996745719059511, 0.0 ], [ -68.893156595116452, -32.996532381706842, 0.0 ], [ -68.892476250516921, -32.996508759791595, 0.0 ] ] ] ] } },
{ "type": "Feature", "properties": { "LAYER": "PARCELARIO_BASE_CATASTRO", "MAP_NAME": "1016_2026.dwg", "ccpp1": "1016 1076" }, "geometry": { "type": "MultiPolygon", "coordinates": [ [ [ [ -68.891960098479103, -32.996427117301629, 0.0 ], [ -68.892042628163182, -32.996737475534012, 0.0 ], [ -68.892124845430146, -32.996738739518158, 0.0 ], [ -68.892486627818471, -32.996742308443437, 0.0 ], [ -68.892428357529894, -32.996520516076274, 0.0 ], [ -68.892376723239892, -32.996528301739325, 0.0 ], [ -68.892332145972262, -32.996490019582403, 0.0 ], [ -68.89231921168998, -32.996444199635647, 0.0 ], [ -68.892339204232968, -32.996395351400167, 0.0 ], [ -68.892328727242926, -32.996357015687479, 0.0 ], [ -68.891960098479103, -32.996427117301629, 0.0 ] ] ] ] } },
{ "type": "Feature", "properties": { "LAYER": "PARCELARIO_BASE_CATASTRO", "MAP_NAME": "1016_2026.dwg", "ccpp1": "1016 103" }, "geometry": { "type": "MultiPolygon", "coordinates": [ [ [ [ -68.889369511439043, -32.99636130568792, 0.0 ], [ -68.888304071725969, -32.996347971623464, 0.0 ], [ -68.888350663326463, -32.99651775576384, 0.0 ], [ -68.888482101827677, -32.996516543261784, 0.0 ], [ -68.888588512152552, -32.996518370384265, 0.0 ], [ -68.888694924619813, -32.996520199221344, 0.0 ], [ -68.888816414308224, -32.996524837495215, 0.0 ], [ -68.888937792841588, -32.996529385384314, 0.0 ], [ -68.889338657477438, -32.996534663587489, 0.0 ], [ -68.890705798984456, -32.996552373061, 0.0 ], [ -68.890697994840636, -32.996525044518954, 0.0 ], [ -68.890656850645499, -32.996379384073023, 0.0 ], [ -68.890589477180868, -32.996383101272663, 0.0 ], [ -68.890218809901285, -32.996376950162059, 0.0 ], [ -68.889369511439043, -32.99636130568792, 0.0 ] ] ] ] } },
{ "type": "Feature", "properties": { "LAYER": "PARCELARIO_BASE_CATASTRO", "MAP_NAME": "1016_2026.dwg", "ccpp1": "1016 2805" }, "geometry": { "type": "MultiPolygon", "coordinates": [ [ [ [ -68.892486627818471, -32.996742308443437, 0.0 ], [ -68.892124845430146, -32.996738739518158, 0.0 ], [ -68.892213712997261, -32.997050550290211, 0.0 ], [ -68.892220879125773, -32.997075894496128, 0.0 ], [ -68.892246016847565, -32.997164106494999, 0.0 ], [ -68.892421349698381, -32.997129234767087, 0.0 ], [ -68.892421348507099, -32.997125807492608, 0.0 ], [ -68.892421562497645, -32.997122291137551, 0.0 ], [ -68.892421775307653, -32.997118865850837, 0.0 ], [ -68.892422202122219, -32.997115439846823, 0.0 ], [ -68.89242284390086, -32.997112104195715, 0.0 ], [ -68.892423592791687, -32.997108677567553, 0.0 ], [ -68.892424447503657, -32.997105342099928, 0.0 ], [ -68.892425408146167, -32.997102007625244, 0.0 ], [ -68.892426691934915, -32.997098672527279, 0.0 ], [ -68.892427758400672, -32.997095427409725, 0.0 ], [ -68.892429363083878, -32.997092183657593, 0.0 ], [ -68.892430752585227, -32.997089028986025, 0.0 ], [ -68.892432463089406, -32.997085876394358, 0.0 ], [ -68.892434171346224, -32.99708281216509, 0.0 ], [ -68.892436095744159, -32.997079749925305, 0.0 ], [ -68.892438231898126, -32.997076776232291, 0.0 ], [ -68.892440478153205, -32.997073893703451, 0.0 ], [ -68.892442723338107, -32.997071011173638, 0.0 ], [ -68.892445180277917, -32.997068218092217, 0.0 ], [ -68.892448814586984, -32.99706425474681, 0.0 ], [ -68.892451487449947, -32.997061643088308, 0.0 ], [ -68.892454373136701, -32.99705912178073, 0.0 ], [ -68.892457259783953, -32.997056690641607, 0.0 ], [ -68.892460253323321, -32.997054349762159, 0.0 ], [ -68.892463352794195, -32.997052008973867, 0.0 ], [ -68.892466559047833, -32.997049848612818, 0.0 ], [ -68.892469874333642, -32.99704777851332, 0.0 ], [ -68.892473081438254, -32.997045798488209, 0.0 ], [ -68.892476501364484, -32.997043910617336, 0.0 ], [ -68.892480136148478, -32.997042200561737, 0.0 ], [ -68.892483664998494, -32.99704049221814, 0.0 ], [ -68.892487298493492, -32.997038962496575, 0.0 ], [ -68.892491040058943, -32.997037433769663, 0.0 ], [ -68.89249478129625, -32.997036175545368, 0.0 ], [ -68.892498630605104, -32.997034917414027, 0.0 ], [ -68.892502478733419, -32.99703375035088, 0.0 ], [ -68.892506326642973, -32.997032763622819, 0.0 ], [ -68.892510282514777, -32.997031867155265, 0.0 ], [ -68.892514345279935, -32.9970310600456, 0.0 ], [ -68.892518299754713, -32.997030433177947, 0.0 ], [ -68.892522362191812, -32.997029896570751, 0.0 ], [ -68.892526424519531, -32.997029450131066, 0.0 ], [ -68.892530487697528, -32.997029184928998, 0.0 ], [ -68.892534656697833, -32.997029009985546, 0.0 ], [ -68.89253871965829, -32.9970289242167, 0.0 ], [ -68.892542781330164, -32.997029018781951, 0.0 ], [ -68.892546949894395, -32.997029203606793, 0.0 ], [ -68.892551012417726, -32.997029478507891, 0.0 ], [ -68.892555181723083, -32.997029934737768, 0.0 ], [ -68.892559031093583, -32.997030390692188, 0.0 ], [ -68.892563200071223, -32.997031117424577, 0.0 ], [ -68.892567049116195, -32.997031842078158, 0.0 ], [ -68.892571003872163, -32.99703274896131, 0.0 ], [ -68.89257495959005, -32.997033745111182, 0.0 ], [ -68.892578809157911, -32.99703492150492, 0.0 ], [ -68.892582657654756, -32.997036098799306, 0.0 ], [ -68.892586398931556, -32.997037456336685, 0.0 ], [ -68.892590141170345, -32.997038903140798, 0.0 ], [ -68.892593776188036, -32.997040531089567, 0.0 ], [ -68.892597518209698, -32.997042157326938, 0.0 ], [ -68.892600940075909, -32.997043965427515, 0.0 ], [ -68.892604361943327, -32.997045772626301, 0.0 ], [ -68.892607675520779, -32.997047760067204, 0.0 ], [ -68.892611097059742, -32.997049838670286, 0.0 ], [ -68.892614197486807, -32.997052005361368, 0.0 ], [ -68.892618901407957, -32.997055437582361, 0.0 ], [ -68.892621788573379, -32.997057875494555, 0.0 ], [ -68.892624674668951, -32.997060313405754, 0.0 ], [ -68.892627347611835, -32.997062932370604, 0.0 ], [ -68.892630021625976, -32.997065550434627, 0.0 ], [ -68.892632694461071, -32.997068258665259, 0.0 ], [ -68.892634939181448, -32.997071055793711, 0.0 ], [ -68.892637291863409, -32.997073944084292, 0.0 ], [ -68.892639430542118, -32.9970768321908, 0.0 ], [ -68.892641568042848, -32.997079809562273, 0.0 ], [ -68.892643600571773, -32.997082877912774, 0.0 ], [ -68.892645311987607, -32.997086035253162, 0.0 ], [ -68.892646915330758, -32.997089193402267, 0.0 ], [ -68.892648519744057, -32.997092351552247, 0.0 ], [ -68.892649907904783, -32.997095599683945, 0.0 ], [ -68.892651194304804, -32.997098937895821, 0.0 ], [ -68.892652371673435, -32.997102184944595, 0.0 ], [ -68.89265333278837, -32.997105522876751, 0.0 ], [ -68.892819767911575, -32.99707263023366, 0.0 ], [ -68.892812279688471, -32.997045390460762, 0.0 ], [ -68.892729074210138, -32.996744575515962, 0.0 ], [ -68.892486627818471, -32.996742308443437, 0.0 ] ] ] ] } },
{ "type": "Feature", "properties": { "LAYER": "PARCELARIO_BASE_CATASTRO", "MAP_NAME": "1016_2026.dwg", "ccpp1": "1016 2804" }, "geometry": { "type": "MultiPolygon", "coordinates": [ [ [ [ -68.89265333278837, -32.997105522876751, 0.0 ], [ -68.89265429593533, -32.997108950076651, 0.0 ], [ -68.892654938077143, -32.997112377000548, 0.0 ], [ -68.892655579148993, -32.997115803923521, 0.0 ], [ -68.892656007287414, -32.997119230663408, 0.0 ], [ -68.892656330564137, -32.997122657313149, 0.0 ], [ -68.892656544589912, -32.997126174036616, 0.0 ], [ -68.892656545791382, -32.997129600409409, 0.0 ], [ -68.892656331919326, -32.997133026597304, 0.0 ], [ -68.892656119008066, -32.997136542953704, 0.0 ], [ -68.892655692202425, -32.997139968958514, 0.0 ], [ -68.892655158393879, -32.997143395773008, 0.0 ], [ -68.892654410583916, -32.997146820600122, 0.0 ], [ -68.892653662881969, -32.997150156161339, 0.0 ], [ -68.892652595245707, -32.997153490545756, 0.0 ], [ -68.892651633540055, -32.997156825922957, 0.0 ], [ -68.892650243828214, -32.997160160030454, 0.0 ], [ -68.892648962297287, -32.997163404063286, 0.0 ], [ -68.892647358689743, -32.997166648720814, 0.0 ], [ -68.892645649260544, -32.997169802217975, 0.0 ], [ -68.892643939940427, -32.997172865547526, 0.0 ], [ -68.892642015545434, -32.99717592959383, 0.0 ], [ -68.892639985219617, -32.997178992647278, 0.0 ], [ -68.892637847039083, -32.997181876174295, 0.0 ], [ -68.892635603997732, -32.997184758709416, 0.0 ], [ -68.892633144921717, -32.997187550891027, 0.0 ], [ -68.892630578843736, -32.997190342980566, 0.0 ], [ -68.892628012982883, -32.99719295563655, 0.0 ], [ -68.892625235259331, -32.997195567208628, 0.0 ], [ -68.892622456684023, -32.997197998444548, 0.0 ], [ -68.892619570035606, -32.997200430489116, 0.0 ], [ -68.892614974438303, -32.997203851104842, 0.0 ], [ -68.892701121151489, -32.997512869381247, 0.0 ], [ -68.892930090072184, -32.997467707105876, 0.0 ], [ -68.892848438997333, -32.997175366649785, 0.0 ], [ -68.892819767911575, -32.99707263023366, 0.0 ], [ -68.89265333278837, -32.997105522876751, 0.0 ] ] ] ] } },
{ "type": "Feature", "properties": { "LAYER": "PARCELARIO_BASE_CATASTRO", "MAP_NAME": "1016_2026.dwg", "ccpp1": "1016 2807" }, "geometry": { "type": "MultiPolygon", "coordinates": [ [ [ [ -68.892351737233696, -32.997546266985552, 0.0 ], [ -68.892386955911093, -32.997677681562195, 0.0 ], [ -68.892453669039369, -32.997927971459042, 0.0 ], [ -68.892460524973899, -32.997954217958934, 0.0 ], [ -68.892714548231851, -32.997953731395498, 0.0 ], [ -68.892587792683855, -32.997499749014963, 0.0 ], [ -68.892351737233696, -32.997546266985552, 0.0 ] ] ] ] } },
{ "type": "Feature", "properties": { "LAYER": "PARCELARIO_BASE_CATASTRO", "MAP_NAME": "1016_2026.dwg", "ccpp1": "1016 2806" }, "geometry": { "type": "MultiPolygon", "coordinates": [ [ [ [ -68.892421349698381, -32.997129234767087, 0.0 ], [ -68.892246016847565, -32.997164106494999, 0.0 ], [ -68.892303256295577, -32.997365064793961, 0.0 ], [ -68.892305288168217, -32.997372192497991, 0.0 ], [ -68.892351737233696, -32.997546266985552, 0.0 ], [ -68.892587792683855, -32.997499749014963, 0.0 ], [ -68.892510958516866, -32.997224465897759, 0.0 ], [ -68.892507108614808, -32.997223559102984, 0.0 ], [ -68.892503045887338, -32.99722256285888, 0.0 ], [ -68.892499304274907, -32.997221476723446, 0.0 ], [ -68.892495348878626, -32.997220209166798, 0.0 ], [ -68.892491606523308, -32.997218853429153, 0.0 ], [ -68.892487971280417, -32.997217406714263, 0.0 ], [ -68.89248422914622, -32.99721586883787, 0.0 ], [ -68.892480701125223, -32.997214240978074, 0.0 ], [ -68.892477280324954, -32.99721243287518, 0.0 ], [ -68.892473751450751, -32.99721062648247, 0.0 ], [ -68.89247043680021, -32.997208639037119, 0.0 ], [ -68.892467228191038, -32.997206561515334, 0.0 ], [ -68.892463914721304, -32.997204483001497, 0.0 ], [ -68.892460813331923, -32.997202226138221, 0.0 ], [ -68.892457819055025, -32.997199878297771, 0.0 ], [ -68.892454931889503, -32.997197440381861, 0.0 ], [ -68.892452151835386, -32.997194912390476, 0.0 ], [ -68.892449371781396, -32.997192384399, 0.0 ], [ -68.892446805951124, -32.997189675354996, 0.0 ], [ -68.892444346051718, -32.997186967303861, 0.0 ], [ -68.892441995402621, -32.9971841700808, 0.0 ], [ -68.892439854587749, -32.997181281969112, 0.0 ], [ -68.892437608910114, -32.997178394668744, 0.0 ], [ -68.892435577456169, -32.997175326315833, 0.0 ], [ -68.892433651824746, -32.997172348221767, 0.0 ], [ -68.892432049556632, -32.997169190972585, 0.0 ], [ -68.892430337076775, -32.997166033628439, 0.0 ], [ -68.892428839672846, -32.997162874666202, 0.0 ], [ -68.892427449378047, -32.997159627431913, 0.0 ], [ -68.892426165124519, -32.997156290121289, 0.0 ], [ -68.892425096905299, -32.997153043164509, 0.0 ], [ -68.892424240661299, -32.997149704419286, 0.0 ], [ -68.89242327645276, -32.997146277216714, 0.0 ], [ -68.892422635279189, -32.997142941361872, 0.0 ], [ -68.892422101217917, -32.997139514529913, 0.0 ], [ -68.892421779020211, -32.997136087880527, 0.0 ], [ -68.892421564894292, -32.997132661324272, 0.0 ], [ -68.892421349698381, -32.997129234767087, 0.0 ] ] ] ] } },
{ "type": "Feature", "properties": { "LAYER": "PARCELARIO_BASE_CATASTRO", "MAP_NAME": "1016_2026.dwg", "ccpp1": "1016 2773" }, "geometry": { "type": "MultiPolygon", "coordinates": [ [ [ [ -68.889685899292857, -32.99690394875266, 0.0 ], [ -68.889386147620655, -32.996897577385347, 0.0 ], [ -68.889404126580203, -32.996960607895829, 0.0 ], [ -68.889439232892983, -32.997084053290465, 0.0 ], [ -68.889480869991203, -32.997217511262612, 0.0 ], [ -68.889511272004327, -32.997314897617365, 0.0 ], [ -68.889520800346702, -32.997345105907563, 0.0 ], [ -68.889572993706835, -32.997357243567329, 0.0 ], [ -68.889575670093677, -32.997367341106973, 0.0 ], [ -68.889631064081897, -32.997356133556494, 0.0 ], [ -68.889806331369755, -32.997320902971772, 0.0 ], [ -68.889794553800201, -32.997280324337041, 0.0 ], [ -68.889772070022474, -32.997202416750717, 0.0 ], [ -68.889685899292857, -32.99690394875266, 0.0 ] ] ] ] } },
{ "type": "Feature", "properties": { "LAYER": "PARCELARIO_BASE_CATASTRO", "MAP_NAME": "1016_2026.dwg", "ccpp1": "1016 3229" }, "geometry": { "type": "MultiPolygon", "coordinates": [ [ [ [ -68.892022016196421, -32.997675992314342, 0.0 ], [ -68.892072391249911, -32.997926159179443, 0.0 ], [ -68.892453669039369, -32.997927971459042, 0.0 ], [ -68.892386955911093, -32.997677681562195, 0.0 ], [ -68.892022016196421, -32.997675992314342, 0.0 ] ] ] ] } },
{ "type": "Feature", "properties": { "LAYER": "PARCELARIO_BASE_CATASTRO", "MAP_NAME": "1016_2026.dwg", "ccpp1": "1016 2595" }, "geometry": { "type": "MultiPolygon", "coordinates": [ [ [ [ -68.892848438997333, -32.997175366649785, 0.0 ], [ -68.892930090072184, -32.997467707105876, 0.0 ], [ -68.89306576667633, -32.997953076034435, 0.0 ], [ -68.893372660565547, -32.997953937229738, 0.0 ], [ -68.893244977352737, -32.997446467255926, 0.0 ], [ -68.893134046612062, -32.997176083021472, 0.0 ], [ -68.892848438997333, -32.997175366649785, 0.0 ] ] ] ] } },
{ "type": "Feature", "properties": { "LAYER": "PARCELARIO_BASE_CATASTRO", "MAP_NAME": "1016_2026.dwg", "ccpp1": "1016 91" }, "geometry": { "type": "MultiPolygon", "coordinates": [ [ [ [ -68.892991272891791, -32.996748767898723, 0.0 ], [ -68.8929081165181, -32.996749839924291, 0.0 ], [ -68.892729074210138, -32.996744575515962, 0.0 ], [ -68.892812279688471, -32.997045390460762, 0.0 ], [ -68.892819767911575, -32.99707263023366, 0.0 ], [ -68.892848438997333, -32.997175366649785, 0.0 ], [ -68.893134046612062, -32.997176083021472, 0.0 ], [ -68.893244977352737, -32.997446467255926, 0.0 ], [ -68.893372660565547, -32.997953937229738, 0.0 ], [ -68.893404719563563, -32.997954046658386, 0.0 ], [ -68.893377719015078, -32.997846821458573, 0.0 ], [ -68.893303380431874, -32.997551231605684, 0.0 ], [ -68.893277041598523, -32.997446509095901, 0.0 ], [ -68.893243663190887, -32.997364861681305, 0.0 ], [ -68.893168250387717, -32.997180905607543, 0.0 ], [ -68.893106541055403, -32.997030242107385, 0.0 ], [ -68.892991272891791, -32.996748767898723, 0.0 ] ] ] ] } },
{ "type": "Feature", "properties": { "LAYER": "PARCELARIO_BASE_CATASTRO", "MAP_NAME": "1016_2026.dwg", "ccpp1": "1016 3457" }, "geometry": { "type": "MultiPolygon", "coordinates": [ [ [ [ -68.890868644540518, -32.996738014779027, 0.0 ], [ -68.891064995743932, -32.997939396391871, 0.0 ], [ -68.89141881710745, -32.997925969373526, 0.0 ], [ -68.891495906145423, -32.997925162669851, 0.0 ], [ -68.891472051449696, -32.997782267661641, 0.0 ], [ -68.891462705864811, -32.99772718332256, 0.0 ], [ -68.891461538322744, -32.997720308826189, 0.0 ], [ -68.89129403554162, -32.996741079195971, 0.0 ], [ -68.890868644540518, -32.996738014779027, 0.0 ] ] ] ] } },
{ "type": "Feature", "properties": { "LAYER": "PARCELARIO_BASE_CATASTRO", "MAP_NAME": "1016_2026.dwg", "ccpp1": "1016 866" }, "geometry": { "type": "MultiPolygon", "coordinates": [ [ [ [ -68.891250181559244, -32.996530408394207, 0.0 ], [ -68.890999991368602, -32.996527884630609, 0.0 ], [ -68.890855627054052, -32.996526561084188, 0.0 ], [ -68.890804296017592, -32.996526056344919, 0.0 ], [ -68.890697994840636, -32.996525044518954, 0.0 ], [ -68.890705798984456, -32.996552373061, 0.0 ], [ -68.89074395573347, -32.996686850080089, 0.0 ], [ -68.890753468502965, -32.996728246272035, 0.0 ], [ -68.89075432390446, -32.996732214398534, 0.0 ], [ -68.890781166754579, -32.996732692328592, 0.0 ], [ -68.890782450453827, -32.99673729290501, 0.0 ], [ -68.890868644540518, -32.996738014779027, 0.0 ], [ -68.891117704989313, -32.996739989601686, 0.0 ], [ -68.891185075198706, -32.996740871568143, 0.0 ], [ -68.89129403554162, -32.996741079195971, 0.0 ], [ -68.891250181559244, -32.996530408394207, 0.0 ] ] ] ] } },
{ "type": "Feature", "properties": { "LAYER": "PARCELARIO_BASE_CATASTRO", "MAP_NAME": "1016_2026.dwg", "ccpp1": "1016 949" }, "geometry": { "type": "MultiPolygon", "coordinates": [ [ [ [ -68.892042628163182, -32.996737475534012, 0.0 ], [ -68.89150084642786, -32.996729127932781, 0.0 ], [ -68.891534894085638, -32.99693131165467, 0.0 ], [ -68.891955282103424, -32.996933942078321, 0.0 ], [ -68.891975390985621, -32.997048928680222, 0.0 ], [ -68.892213712997261, -32.997050550290211, 0.0 ], [ -68.892124845430146, -32.996738739518158, 0.0 ], [ -68.892042628163182, -32.996737475534012, 0.0 ] ] ] ] } },
{ "type": "Feature", "properties": { "LAYER": "PARCELARIO_BASE_CATASTRO", "MAP_NAME": "1016_2026.dwg", "ccpp1": "1016 950" }, "geometry": { "type": "MultiPolygon", "coordinates": [ [ [ [ -68.891975390985621, -32.997048928680222, 0.0 ], [ -68.891554202487285, -32.997045939662684, 0.0 ], [ -68.891609512677633, -32.997371590384397, 0.0 ], [ -68.892305288168217, -32.997372192497991, 0.0 ], [ -68.892303256295577, -32.997365064793961, 0.0 ], [ -68.892246016847565, -32.997164106494999, 0.0 ], [ -68.892220879125773, -32.997075894496128, 0.0 ], [ -68.892213712997261, -32.997050550290211, 0.0 ], [ -68.891975390985621, -32.997048928680222, 0.0 ] ] ] ] } },
{ "type": "Feature", "properties": { "LAYER": "PARCELARIO_BASE_CATASTRO", "MAP_NAME": "1016_2026.dwg", "ccpp1": "1016 951" }, "geometry": { "type": "MultiPolygon", "coordinates": [ [ [ [ -68.892305288168217, -32.997372192497991, 0.0 ], [ -68.891609512677633, -32.997371590384397, 0.0 ], [ -68.891660358229799, -32.997674331897919, 0.0 ], [ -68.892022016196421, -32.997675992314342, 0.0 ], [ -68.892386955911093, -32.997677681562195, 0.0 ], [ -68.892351737233696, -32.997546266985552, 0.0 ], [ -68.892305288168217, -32.997372192497991, 0.0 ] ] ] ] } },
{ "type": "Feature", "properties": { "LAYER": "PARCELARIO_BASE_CATASTRO", "MAP_NAME": "1016_2026.dwg", "ccpp1": "1016 942" }, "geometry": { "type": "MultiPolygon", "coordinates": [ [ [ [ -68.89255076816346, -32.993259680986888, 0.0 ], [ -68.892417151629971, -32.99326543945422, 0.0 ], [ -68.892650117791476, -32.994145612975728, 0.0 ], [ -68.89278382849227, -32.994148010914451, 0.0 ], [ -68.892656920025004, -32.993663641677358, 0.0 ], [ -68.89255076816346, -32.993259680986888, 0.0 ] ] ] ] } },
{ "type": "Feature", "properties": { "LAYER": "PARCELARIO_BASE_CATASTRO", "MAP_NAME": "1016_2026.dwg", "ccpp1": "1016 935" }, "geometry": { "type": "MultiPolygon", "coordinates": [ [ [ [ -68.892341501206033, -32.998057472770839, 0.0 ], [ -68.892351587312362, -32.998088311595652, 0.0 ], [ -68.892562471095587, -32.998740738146857, 0.0 ], [ -68.893165401601465, -32.998720894788477, 0.0 ], [ -68.892900127960445, -32.998061479692062, 0.0 ], [ -68.892341501206033, -32.998057472770839, 0.0 ] ] ] ] } },
{ "type": "Feature", "properties": { "LAYER": "PARCELARIO_BASE_CATASTRO", "MAP_NAME": "1016_2026.dwg", "ccpp1": "1016 935" }, "geometry": { "type": "MultiPolygon", "coordinates": [ [ [ [ -68.892341501205721, -32.998057472594155, 0.0 ], [ -68.892351587312035, -32.99808831141894, 0.0 ], [ -68.89256247109526, -32.998740737970152, 0.0 ], [ -68.893165401601138, -32.998720894611772, 0.0 ], [ -68.892900127960118, -32.998061479515378, 0.0 ], [ -68.892341501205721, -32.998057472594155, 0.0 ] ] ] ] } },
{ "type": "Feature", "properties": { "LAYER": "PARCELARIO_BASE_CATASTRO", "MAP_NAME": "1016_2026.dwg", "ccpp1": "1016 101" }, "geometry": { "type": "MultiPolygon", "coordinates": [ [ [ [ -68.890658637426171, -32.998085165979631, 0.0 ], [ -68.890771609760336, -32.998436338062213, 0.0 ], [ -68.891041822308281, -32.998428542043023, 0.0 ], [ -68.890927800426851, -32.99807464441956, 0.0 ], [ -68.890658637426171, -32.998085165979631, 0.0 ] ] ] ] } },
{ "type": "Feature", "properties": { "LAYER": "PARCELARIO_BASE_CATASTRO", "MAP_NAME": "1016_2026.dwg", "ccpp1": "1016 1015" }, "geometry": { "type": "MultiPolygon", "coordinates": [ [ [ [ -68.890927800426851, -32.99807464441956, 0.0 ], [ -68.891041822308281, -32.998428542043023, 0.0 ], [ -68.890771609760336, -32.998436338062213, 0.0 ], [ -68.890870312553133, -32.998743501147153, 0.0 ], [ -68.891183529620349, -32.998735843393845, 0.0 ], [ -68.890965656701226, -32.998073165374919, 0.0 ], [ -68.890927800426851, -32.99807464441956, 0.0 ] ] ] ] } },
{ "type": "Feature", "properties": { "LAYER": "PARCELARIO_BASE_CATASTRO", "MAP_NAME": "1016_2026.dwg", "ccpp1": "1016 77" }, "geometry": { "type": "MultiPolygon", "coordinates": [ [ [ [ -68.891654598566817, -32.998061091186308, 0.0 ], [ -68.892034078520012, -32.999292689917802, 0.0 ], [ -68.892324489496389, -32.999282333404416, 0.0 ], [ -68.892732426171563, -32.999267920520538, 0.0 ], [ -68.892562471095587, -32.998740738146857, 0.0 ], [ -68.892351587312362, -32.998088311595652, 0.0 ], [ -68.892341501206033, -32.998057472770839, 0.0 ], [ -68.891654598566817, -32.998061091186308, 0.0 ] ] ] ] } },
{ "type": "Feature", "properties": { "LAYER": "PARCELARIO_BASE_CATASTRO", "MAP_NAME": "1016_2026.dwg", "ccpp1": "1016 971" }, "geometry": { "type": "MultiPolygon", "coordinates": [ [ [ [ -68.890060233622222, -32.998626243319343, 0.0 ], [ -68.889794590228718, -32.998646321178988, 0.0 ], [ -68.889884420669802, -32.998919589489574, 0.0 ], [ -68.890147073605547, -32.998894729923919, 0.0 ], [ -68.890067814559956, -32.998651487019359, 0.0 ], [ -68.890060233622222, -32.998626243319343, 0.0 ] ] ] ] } },
{ "type": "Feature", "properties": { "LAYER": "PARCELARIO_BASE_CATASTRO", "MAP_NAME": "1016_2026.dwg", "ccpp1": "1016 973" }, "geometry": { "type": "MultiPolygon", "coordinates": [ [ [ [ -68.889972140985549, -32.999153643758902, 0.0 ], [ -68.889868471488526, -32.999157498988723, 0.0 ], [ -68.889941651126151, -32.999386393673944, 0.0 ], [ -68.890063191621081, -32.99938003303474, 0.0 ], [ -68.890302737017564, -32.99936740116744, 0.0 ], [ -68.89024097775517, -32.999182862082826, 0.0 ], [ -68.889983465873357, -32.999187631612998, 0.0 ], [ -68.889972140985549, -32.999153643758902, 0.0 ] ] ] ] } },
{ "type": "Feature", "properties": { "LAYER": "PARCELARIO_BASE_CATASTRO", "MAP_NAME": "1016_2026.dwg", "ccpp1": "1016 841" }, "geometry": { "type": "MultiPolygon", "coordinates": [ [ [ [ -68.892362903265166, -32.994745950319405, 0.0 ], [ -68.891928379407005, -32.994738818692753, 0.0 ], [ -68.892081467743168, -32.995351036559811, 0.0 ], [ -68.892158600085949, -32.995354127431185, 0.0 ], [ -68.892418103091245, -32.995362252702172, 0.0 ], [ -68.892527745097468, -32.995364535499199, 0.0 ], [ -68.892382070148656, -32.994818110028049, 0.0 ], [ -68.892362903265166, -32.994745950319405, 0.0 ] ] ] ] } },
{ "type": "Feature", "properties": { "LAYER": "PARCELARIO_BASE_CATASTRO", "MAP_NAME": "1016_2026.dwg", "ccpp1": "1016 857" }, "geometry": { "type": "MultiPolygon", "coordinates": [ [ [ [ -68.891299930187117, -32.994083616746835, 0.0 ], [ -68.891335491673686, -32.994222787313483, 0.0 ], [ -68.891380339446869, -32.994378738043103, 0.0 ], [ -68.891418051195103, -32.99450970699192, 0.0 ], [ -68.891423165043065, -32.994527745883744, 0.0 ], [ -68.891877601979019, -32.9945352463644, 0.0 ], [ -68.891766035952145, -32.994088690556275, 0.0 ], [ -68.891727203584011, -32.994088289904852, 0.0 ], [ -68.891550153948444, -32.994086304938151, 0.0 ], [ -68.891332343793451, -32.994083965057541, 0.0 ], [ -68.891299930187117, -32.994083616746835, 0.0 ] ] ] ] } },
{ "type": "Feature", "properties": { "LAYER": "PARCELARIO_BASE_CATASTRO", "MAP_NAME": "1016_2026.dwg", "ccpp1": "1016 68" }, "geometry": { "type": "MultiPolygon", "coordinates": [ [ [ [ -68.891423165043065, -32.994527745883744, 0.0 ], [ -68.891460451132048, -32.994656909289006, 0.0 ], [ -68.891499974704828, -32.994793921019181, 0.0 ], [ -68.891539916732299, -32.994940581944007, 0.0 ], [ -68.891595834352941, -32.995145508669459, 0.0 ], [ -68.89163865256937, -32.99530290200876, 0.0 ], [ -68.891735426153247, -32.995337178456815, 0.0 ], [ -68.892081467743168, -32.995351036559811, 0.0 ], [ -68.891928379407005, -32.994738818692753, 0.0 ], [ -68.891877601979019, -32.9945352463644, 0.0 ], [ -68.891423165043065, -32.994527745883744, 0.0 ] ] ] ] } },
{ "type": "Feature", "properties": { "LAYER": "PARCELARIO_BASE_CATASTRO", "MAP_NAME": "1016_2026.dwg", "ccpp1": "1016 71" }, "geometry": { "type": "MultiPolygon", "coordinates": [ [ [ [ -68.89047564302777, -32.995741357355037, 0.0 ], [ -68.890566452021446, -32.996061182443732, 0.0 ], [ -68.890797970485465, -32.996066201914971, 0.0 ], [ -68.890848228447084, -32.996067244921228, 0.0 ], [ -68.891156204158776, -32.99607405635728, 0.0 ], [ -68.891155338080239, -32.996069188350219, 0.0 ], [ -68.891083137056071, -32.995726206824031, 0.0 ], [ -68.891081322158172, -32.995717639309568, 0.0 ], [ -68.891073524991683, -32.995681112786578, 0.0 ], [ -68.891071390572492, -32.99567047203778, 0.0 ], [ -68.891069146795573, -32.995660008823904, 0.0 ], [ -68.891038716614219, -32.995511472464216, 0.0 ], [ -68.891002372984573, -32.995475818187984, 0.0 ], [ -68.890398204001457, -32.995468523998838, 0.0 ], [ -68.89047564302777, -32.995741357355037, 0.0 ] ] ] ] } },
{ "type": "Feature", "properties": { "LAYER": "PARCELARIO_BASE_CATASTRO", "MAP_NAME": "1016_2026.dwg", "ccpp1": "1016 71" }, "geometry": { "type": "MultiPolygon", "coordinates": [ [ [ [ -68.890475643027784, -32.995741357355016, 0.0 ], [ -68.890524049124778, -32.995911841998584, 0.0 ], [ -68.891118942298263, -32.995896292524449, 0.0 ], [ -68.891089201746581, -32.995755016185143, 0.0 ], [ -68.891083137056071, -32.995726206824031, 0.0 ], [ -68.891081322158172, -32.995717639309554, 0.0 ], [ -68.891073524991697, -32.995681112786549, 0.0 ], [ -68.891071390572506, -32.995670472037787, 0.0 ], [ -68.891069146795587, -32.995660008823897, 0.0 ], [ -68.891038716614219, -32.995511472464216, 0.0 ], [ -68.891002372984559, -32.995475818187984, 0.0 ], [ -68.890398204001457, -32.995468523998824, 0.0 ], [ -68.890475643027784, -32.995741357355016, 0.0 ] ] ] ] } },
{ "type": "Feature", "properties": { "LAYER": "PARCELARIO_BASE_CATASTRO", "MAP_NAME": "1016_2026.dwg", "ccpp1": "1016 1202" }, "geometry": { "type": "MultiPolygon", "coordinates": [ [ [ [ -68.891397072808019, -32.996238598530432, 0.0 ], [ -68.89150084642786, -32.996729127932781, 0.0 ], [ -68.892042628163182, -32.996737475534012, 0.0 ], [ -68.891960098479103, -32.996427117301629, 0.0 ], [ -68.89191157554373, -32.996244654346498, 0.0 ], [ -68.891397072808019, -32.996238598530432, 0.0 ] ] ] ] } },
{ "type": "Feature", "properties": { "LAYER": "PARCELARIO_BASE_CATASTRO", "MAP_NAME": "1016_2026.dwg", "ccpp1": "1016 1203" }, "geometry": { "type": "MultiPolygon", "coordinates": [ [ [ [ -68.891706264881279, -32.995479619037518, 0.0 ], [ -68.891271610005532, -32.995476098929487, 0.0 ], [ -68.891244979640959, -32.995501587784666, 0.0 ], [ -68.89134867500637, -32.996010062475492, 0.0 ], [ -68.891850238938673, -32.996017905226189, 0.0 ], [ -68.891706264881279, -32.995479619037518, 0.0 ] ] ] ] } },
{ "type": "Feature", "properties": { "LAYER": "PARCELARIO_BASE_CATASTRO", "MAP_NAME": "1016_2026.dwg", "ccpp1": "1016 848" }, "geometry": { "type": "MultiPolygon", "coordinates": [ [ [ [ -68.893073351466725, -32.993237163894648, 0.0 ], [ -68.89304816945014, -32.993608017673253, 0.0 ], [ -68.893219722850233, -32.993624281129286, 0.0 ], [ -68.893358793902181, -32.993224112061284, 0.0 ], [ -68.893073351466725, -32.993237163894648, 0.0 ] ] ] ] } },
{ "type": "Feature", "properties": { "LAYER": "PARCELARIO_BASE_CATASTRO", "MAP_NAME": "1016_2026.dwg", "ccpp1": "1016 663" }, "geometry": { "type": "MultiPolygon", "coordinates": [ [ [ [ -68.891886688615145, -32.993325777750591, 0.0 ], [ -68.891708986652958, -32.993332628883586, 0.0 ], [ -68.891906817012426, -32.994090186672366, 0.0 ], [ -68.892086964254531, -32.994092178318994, 0.0 ], [ -68.89203681517337, -32.993900689052438, 0.0 ], [ -68.891976764466648, -32.99367077793864, 0.0 ], [ -68.891912879123836, -32.993426075058821, 0.0 ], [ -68.891886688615145, -32.993325777750591, 0.0 ] ] ] ] } },
{ "type": "Feature", "properties": { "LAYER": "PARCELARIO_BASE_CATASTRO", "MAP_NAME": "1016_2026.dwg", "ccpp1": "1016 2823" }, "geometry": { "type": "MultiPolygon", "coordinates": [ [ [ [ -68.891708986652958, -32.993332628883586, 0.0 ], [ -68.891532140272062, -32.993340657195844, 0.0 ], [ -68.891727203584011, -32.994088289904852, 0.0 ], [ -68.891766035952145, -32.994088690556275, 0.0 ], [ -68.891906817012426, -32.994090186672366, 0.0 ], [ -68.891708986652958, -32.993332628883586, 0.0 ] ] ] ] } },
{ "type": "Feature", "properties": { "LAYER": "PARCELARIO_BASE_CATASTRO", "MAP_NAME": "1016_2026.dwg", "ccpp1": "1016 2824" }, "geometry": { "type": "MultiPolygon", "coordinates": [ [ [ [ -68.891532140272062, -32.993340657195844, 0.0 ], [ -68.891343094561705, -32.993349121873628, 0.0 ], [ -68.891468246206941, -32.993793976732285, 0.0 ], [ -68.891472400465787, -32.993809219590524, 0.0 ], [ -68.891550153948444, -32.994086304938151, 0.0 ], [ -68.891727203584011, -32.994088289904852, 0.0 ], [ -68.891532140272062, -32.993340657195844, 0.0 ] ] ] ] } },
{ "type": "Feature", "properties": { "LAYER": "PARCELARIO_BASE_CATASTRO", "MAP_NAME": "1016_2026.dwg", "ccpp1": "1016 2714" }, "geometry": { "type": "MultiPolygon", "coordinates": [ [ [ [ -68.894386243438063, -32.999210205798825, 0.0 ], [ -68.8941045674393, -32.999219884735759, 0.0 ], [ -68.894141212346582, -32.999612213604877, 0.0 ], [ -68.894454406002239, -32.9996014070909, 0.0 ], [ -68.894451396486147, -32.999569506840515, 0.0 ], [ -68.894424823280275, -32.999285275046113, 0.0 ], [ -68.894419793736404, -32.999230750021781, 0.0 ], [ -68.89441776073356, -32.99920911978824, 0.0 ], [ -68.894386243438063, -32.999210205798825, 0.0 ] ] ] ] } },
{ "type": "Feature", "properties": { "LAYER": "PARCELARIO_BASE_CATASTRO", "MAP_NAME": "1016_2026.dwg", "ccpp1": "1016 2706" }, "geometry": { "type": "MultiPolygon", "coordinates": [ [ [ [ -68.893169405982562, -32.999252518576476, 0.0 ], [ -68.893223543661193, -32.999644411837266, 0.0 ], [ -68.893511739368819, -32.999634234611264, 0.0 ], [ -68.893463681597353, -32.999242246575591, 0.0 ], [ -68.893169405982562, -32.999252518576476, 0.0 ] ] ] ] } },
{ "type": "Feature", "properties": { "LAYER": "PARCELARIO_BASE_CATASTRO", "MAP_NAME": "1016_2026.dwg", "ccpp1": "1016 2707" }, "geometry": { "type": "MultiPolygon", "coordinates": [ [ [ [ -68.892742051643125, -32.999267572628185, 0.0 ], [ -68.892786382467747, -32.999588778841485, 0.0 ], [ -68.892796164847852, -32.999659567037881, 0.0 ], [ -68.893223543661193, -32.999644411837266, 0.0 ], [ -68.893169405982562, -32.999252518576476, 0.0 ], [ -68.892742051643125, -32.999267572628185, 0.0 ] ] ] ] } },
{ "type": "Feature", "properties": { "LAYER": "PARCELARIO_BASE_CATASTRO", "MAP_NAME": "1016_2026.dwg", "ccpp1": "1016 3268" }, "geometry": { "type": "MultiPolygon", "coordinates": [ [ [ [ -68.892732426171563, -32.999267920520538, 0.0 ], [ -68.892324489496389, -32.999282333404416, 0.0 ], [ -68.892371176623712, -32.999602253299237, 0.0 ], [ -68.892786382467747, -32.999588778841485, 0.0 ], [ -68.892742051643125, -32.999267572628185, 0.0 ], [ -68.892732426171563, -32.999267920520538, 0.0 ] ] ] ] } },
{ "type": "Feature", "properties": { "LAYER": "PARCELARIO_BASE_CATASTRO", "MAP_NAME": "1016_2026.dwg", "ccpp1": "1016 2711" }, "geometry": { "type": "MultiPolygon", "coordinates": [ [ [ [ -68.892664672275998, -32.999942006077084, 0.0 ], [ -68.892074378743786, -32.999957863502104, 0.0 ], [ -68.892097189838537, -33.000122492353526, 0.0 ], [ -68.892420813791233, -33.000113861277207, 0.0 ], [ -68.892688471809493, -33.000106894453111, 0.0 ], [ -68.892664672275998, -32.999942006077084, 0.0 ] ] ] ] } },
{ "type": "Feature", "properties": { "LAYER": "PARCELARIO_BASE_CATASTRO", "MAP_NAME": "1016_2026.dwg", "ccpp1": "1016 2703" }, "geometry": { "type": "MultiPolygon", "coordinates": [ [ [ [ -68.893409961116262, -33.000224700706212, 0.0 ], [ -68.893335097842368, -33.000227376059129, 0.0 ], [ -68.893088090392908, -33.000236225720208, 0.0 ], [ -68.893117652120011, -33.000461350017993, 0.0 ], [ -68.893153012579432, -33.000730041047859, 0.0 ], [ -68.893473809548937, -33.000718621351105, 0.0 ], [ -68.893410606496801, -33.000229926471626, 0.0 ], [ -68.893409961116262, -33.000224700706212, 0.0 ] ] ] ] } },
{ "type": "Feature", "properties": { "LAYER": "PARCELARIO_BASE_CATASTRO", "MAP_NAME": "1016_2026.dwg", "ccpp1": "1016 2770" }, "geometry": { "type": "MultiPolygon", "coordinates": [ [ [ [ -68.889596283465664, -33.000992746065016, 0.0 ], [ -68.889306067176591, -33.001006988930726, 0.0 ], [ -68.889313115449283, -33.001044036939106, 0.0 ], [ -68.88936971518423, -33.001340958572449, 0.0 ], [ -68.889376548539502, -33.00137791531558, 0.0 ], [ -68.889654577691857, -33.001364729101454, 0.0 ], [ -68.889596283465664, -33.000992746065016, 0.0 ] ] ] ] } },
{ "type": "Feature", "properties": { "LAYER": "PARCELARIO_BASE_CATASTRO", "MAP_NAME": "1016_2026.dwg", "ccpp1": "1016 928" }, "geometry": { "type": "MultiPolygon", "coordinates": [ [ [ [ -68.889654577691857, -33.001364729101454, 0.0 ], [ -68.889376548539502, -33.00137791531558, 0.0 ], [ -68.889425027872917, -33.001632833247051, 0.0 ], [ -68.889442646107724, -33.001725047935523, 0.0 ], [ -68.889709128578872, -33.001713197578233, 0.0 ], [ -68.889654577691857, -33.001364729101454, 0.0 ] ] ] ] } },
{ "type": "Feature", "properties": { "LAYER": "PARCELARIO_BASE_CATASTRO", "MAP_NAME": "1016_2026.dwg", "ccpp1": "1016 900" }, "geometry": { "type": "MultiPolygon", "coordinates": [ [ [ [ -68.889918188488821, -33.00133701978271, 0.0 ], [ -68.890159060447957, -33.001328070013244, 0.0 ], [ -68.890097924309259, -33.000974103802967, 0.0 ], [ -68.889862738824192, -33.00098284297232, 0.0 ], [ -68.889918188488821, -33.00133701978271, 0.0 ] ] ] ] } },
{ "type": "Feature", "properties": { "LAYER": "PARCELARIO_BASE_CATASTRO", "MAP_NAME": "1016_2026.dwg", "ccpp1": "1016 845" }, "geometry": { "type": "MultiPolygon", "coordinates": [ [ [ [ -68.89055992264808, -33.000952540317343, 0.0 ], [ -68.890128773566289, -33.000972957875874, 0.0 ], [ -68.890258365380788, -33.001683019197209, 0.0 ], [ -68.890274282172783, -33.001769910580741, 0.0 ], [ -68.890706445025145, -33.001753146104313, 0.0 ], [ -68.89055992264808, -33.000952540317343, 0.0 ] ] ] ] } },
{ "type": "Feature", "properties": { "LAYER": "PARCELARIO_BASE_CATASTRO", "MAP_NAME": "1016_2026.dwg", "ccpp1": "1016 52" }, "geometry": { "type": "MultiPolygon", "coordinates": [ [ [ [ -68.889862738824192, -33.00098284297232, 0.0 ], [ -68.889596283465664, -33.000992746065016, 0.0 ], [ -68.889654577691857, -33.001364729101454, 0.0 ], [ -68.889709128578872, -33.001713197578233, 0.0 ], [ -68.889974649290195, -33.001697651637478, 0.0 ], [ -68.889862738824192, -33.00098284297232, 0.0 ] ] ] ] } },
{ "type": "Feature", "properties": { "LAYER": "PARCELARIO_BASE_CATASTRO", "MAP_NAME": "1016_2026.dwg", "ccpp1": "1016 1228" }, "geometry": { "type": "MultiPolygon", "coordinates": [ [ [ [ -68.889673110248154, -32.999392421498577, 0.0 ], [ -68.889480083688525, -32.999400917683779, 0.0 ], [ -68.889193145733458, -32.999413553706695, 0.0 ], [ -68.889197355610392, -32.999555412781071, 0.0 ], [ -68.889206007275732, -32.999846242646882, 0.0 ], [ -68.889407160122843, -32.999837432187697, 0.0 ], [ -68.889416091521639, -32.999990372521637, 0.0 ], [ -68.889543206001889, -32.999984643090905, 0.0 ], [ -68.889534271060697, -32.99983179383181, 0.0 ], [ -68.889707710120149, -32.999824218906838, 0.0 ], [ -68.889673110248154, -32.999392421498577, 0.0 ] ] ] ] } },
{ "type": "Feature", "properties": { "LAYER": "PARCELARIO_BASE_CATASTRO", "MAP_NAME": "1016_2026.dwg", "ccpp1": "1016 1227" }, "geometry": { "type": "MultiPolygon", "coordinates": [ [ [ [ -68.889707710120149, -32.999824218906838, 0.0 ], [ -68.889534271060697, -32.99983179383181, 0.0 ], [ -68.889543206001889, -32.999984643090905, 0.0 ], [ -68.889562891132812, -33.000319269878752, 0.0 ], [ -68.889746507760947, -33.000308813130175, 0.0 ], [ -68.889707710120149, -32.999824218906838, 0.0 ] ] ] ] } },
{ "type": "Feature", "properties": { "LAYER": "PARCELARIO_BASE_CATASTRO", "MAP_NAME": "1016_2026.dwg", "ccpp1": "1016 476" }, "geometry": { "type": "MultiPolygon", "coordinates": [ [ [ [ -68.889767412006563, -33.000568995850237, 0.0 ], [ -68.889578117724241, -33.000579811883988, 0.0 ], [ -68.88959748822802, -33.000912090391658, 0.0 ], [ -68.889793958789852, -33.000902359069848, 0.0 ], [ -68.889767412006563, -33.000568995850237, 0.0 ] ] ] ] } },
{ "type": "Feature", "properties": { "LAYER": "PARCELARIO_BASE_CATASTRO", "MAP_NAME": "1016_2026.dwg", "ccpp1": "1016 1230" }, "geometry": { "type": "MultiPolygon", "coordinates": [ [ [ [ -68.889489071328853, -33.000293334561306, 0.0 ], [ -68.889218033743404, -33.000308483254997, 0.0 ], [ -68.889221492991837, -33.000521887849679, 0.0 ], [ -68.889223793649009, -33.00067256810582, 0.0 ], [ -68.889227034680815, -33.000878225292411, 0.0 ], [ -68.889227872834951, -33.000930223898919, 0.0 ], [ -68.889524828477633, -33.00091571847895, 0.0 ], [ -68.889489071328853, -33.000293334561306, 0.0 ] ] ] ] } },
{ "type": "Feature", "properties": { "LAYER": "PARCELARIO_BASE_CATASTRO", "MAP_NAME": "1016_2026.dwg", "ccpp1": "1016 686" }, "geometry": { "type": "MultiPolygon", "coordinates": [ [ [ [ -68.891860254183428, -32.999298694317652, 0.0 ], [ -68.891645560848389, -32.999306185943119, 0.0 ], [ -68.891698981584383, -33.000096367718051, 0.0 ], [ -68.891748378541422, -33.000799966028417, 0.0 ], [ -68.891748914809895, -33.000807715499036, 0.0 ], [ -68.891948056499501, -33.000801789078011, 0.0 ], [ -68.891935822867978, -33.000581144620277, 0.0 ], [ -68.891949413275555, -33.00058061898433, 0.0 ], [ -68.891927947889243, -33.000209331580393, 0.0 ], [ -68.891860254183428, -32.999298694317652, 0.0 ] ] ] ] } },
{ "type": "Feature", "properties": { "LAYER": "PARCELARIO_BASE_CATASTRO", "MAP_NAME": "1016_2026.dwg", "ccpp1": "1016 809" }, "geometry": { "type": "MultiPolygon", "coordinates": [ [ [ [ -68.892164443813471, -33.000896594472735, 0.0 ], [ -68.891968294193958, -33.000903973723169, 0.0 ], [ -68.891974503700055, -33.000937403332415, 0.0 ], [ -68.892062932868924, -33.001410109624054, 0.0 ], [ -68.892262965077407, -33.001402457664639, 0.0 ], [ -68.892164443813471, -33.000896594472735, 0.0 ] ] ] ] } },
{ "type": "Feature", "properties": { "LAYER": "PARCELARIO_BASE_CATASTRO", "MAP_NAME": "1016_2026.dwg", "ccpp1": "1016 2701" }, "geometry": { "type": "MultiPolygon", "coordinates": [ [ [ [ -68.893304354222096, -33.000007650933547, 0.0 ], [ -68.892843924431233, -33.000024214414388, 0.0 ], [ -68.892874352510006, -33.000243781587301, 0.0 ], [ -68.893088090392908, -33.000236225720208, 0.0 ], [ -68.893335097842368, -33.000227376059129, 0.0 ], [ -68.893304354222096, -33.000007650933547, 0.0 ] ] ] ] } },
{ "type": "Feature", "properties": { "LAYER": "PARCELARIO_BASE_CATASTRO", "MAP_NAME": "1016_2026.dwg", "ccpp1": "1016 1031" }, "geometry": { "type": "MultiPolygon", "coordinates": [ [ [ [ -68.892688954704951, -33.003976293467147, 0.0 ], [ -68.892171978402544, -33.003961912597845, 0.0 ], [ -68.89219192819057, -33.004161707817644, 0.0 ], [ -68.892643098564562, -33.004174317043329, 0.0 ], [ -68.892688954704951, -33.003976293467147, 0.0 ] ] ] ] } },
{ "type": "Feature", "properties": { "LAYER": "PARCELARIO_BASE_CATASTRO", "MAP_NAME": "1016_2026.dwg", "ccpp1": "1016 1020" }, "geometry": { "type": "MultiPolygon", "coordinates": [ [ [ [ -68.892643098564562, -33.004174317043329, 0.0 ], [ -68.89219192819057, -33.004161707817644, 0.0 ], [ -68.892217974456855, -33.004421344394729, 0.0 ], [ -68.892583657197534, -33.00443063486675, 0.0 ], [ -68.892643098564562, -33.004174317043329, 0.0 ] ] ] ] } },
{ "type": "Feature", "properties": { "LAYER": "PARCELARIO_BASE_CATASTRO", "MAP_NAME": "1016_2026.dwg", "ccpp1": "1016 729" }, "geometry": { "type": "MultiPolygon", "coordinates": [ [ [ [ -68.889154406392166, -33.003253519019196, 0.0 ], [ -68.889035709624451, -33.003255193478068, 0.0 ], [ -68.889036744975243, -33.003284653951745, 0.0 ], [ -68.889048582418809, -33.00341709630851, 0.0 ], [ -68.889054340088876, -33.003532058781055, 0.0 ], [ -68.889067760383114, -33.003816595405183, 0.0 ], [ -68.88912659986633, -33.00381654127942, 0.0 ], [ -68.889326976730004, -33.003815940034855, 0.0 ], [ -68.889601688416505, -33.003821055030272, 0.0 ], [ -68.889738400132018, -33.003823564394366, 0.0 ], [ -68.88977465887352, -33.003826555714397, 0.0 ], [ -68.88983359936833, -33.003828750124008, 0.0 ], [ -68.889833302969706, -33.003816681833797, 0.0 ], [ -68.889822700589221, -33.003244080377591, 0.0 ], [ -68.889154406392166, -33.003253519019196, 0.0 ] ] ] ] } },
{ "type": "Feature", "properties": { "LAYER": "PARCELARIO_BASE_CATASTRO", "MAP_NAME": "1016_2026.dwg", "ccpp1": "1016 3132" }, "geometry": { "type": "MultiPolygon", "coordinates": [ [ [ [ -68.889326976730004, -33.003815940034855, 0.0 ], [ -68.88912659986633, -33.00381654127942, 0.0 ], [ -68.889131196095747, -33.003868603611998, 0.0 ], [ -68.889127422352331, -33.004083777062959, 0.0 ], [ -68.889302006096145, -33.00408657931635, 0.0 ], [ -68.889326976730004, -33.003815940034855, 0.0 ] ] ] ] } },
{ "type": "Feature", "properties": { "LAYER": "PARCELARIO_BASE_CATASTRO", "MAP_NAME": "1016_2026.dwg", "ccpp1": "1016 1021" }, "geometry": { "type": "MultiPolygon", "coordinates": [ [ [ [ -68.892217974456855, -33.004421344394729, 0.0 ], [ -68.892246023201693, -33.004701980005898, 0.0 ], [ -68.892832048482546, -33.004718079852964, 0.0 ], [ -68.8929478089306, -33.004439729094479, 0.0 ], [ -68.892583657197534, -33.00443063486675, 0.0 ], [ -68.892217974456855, -33.004421344394729, 0.0 ] ] ] ] } },
{ "type": "Feature", "properties": { "LAYER": "PARCELARIO_BASE_CATASTRO", "MAP_NAME": "1016_2026.dwg", "ccpp1": "1016 1023" }, "geometry": { "type": "MultiPolygon", "coordinates": [ [ [ [ -68.892832048482546, -33.004718079852964, 0.0 ], [ -68.892246023201693, -33.004701980005898, 0.0 ], [ -68.892263466009695, -33.004876274541104, 0.0 ], [ -68.892763467847203, -33.004890051661178, 0.0 ], [ -68.892810803862588, -33.004769167689226, 0.0 ], [ -68.892832048482546, -33.004718079852964, 0.0 ] ] ] ] } },
{ "type": "Feature", "properties": { "LAYER": "PARCELARIO_BASE_CATASTRO", "MAP_NAME": "1016_2026.dwg", "ccpp1": "1016 1024" }, "geometry": { "type": "MultiPolygon", "coordinates": [ [ [ [ -68.892763467847203, -33.004890051661178, 0.0 ], [ -68.892263466009695, -33.004876274541104, 0.0 ], [ -68.892284909616791, -33.005088781026103, 0.0 ], [ -68.892681384639857, -33.005099694647448, 0.0 ], [ -68.892763467847203, -33.004890051661178, 0.0 ] ] ] ] } },
{ "type": "Feature", "properties": { "LAYER": "PARCELARIO_BASE_CATASTRO", "MAP_NAME": "1016_2026.dwg", "ccpp1": "1016 963" }, "geometry": { "type": "MultiPolygon", "coordinates": [ [ [ [ -68.892681384639857, -33.005099694647448, 0.0 ], [ -68.892284909616791, -33.005088781026103, 0.0 ], [ -68.892313391094021, -33.005372949730926, 0.0 ], [ -68.892597113140596, -33.005376929800477, 0.0 ], [ -68.89260388998234, -33.005297629655537, 0.0 ], [ -68.892681384639857, -33.005099694647448, 0.0 ] ] ] ] } },
{ "type": "Feature", "properties": { "LAYER": "PARCELARIO_BASE_CATASTRO", "MAP_NAME": "1016_2026.dwg", "ccpp1": "1016 1215" }, "geometry": { "type": "MultiPolygon", "coordinates": [ [ [ [ -68.891953842712738, -33.003925791309811, 0.0 ], [ -68.891412566454093, -33.003910970589452, 0.0 ], [ -68.891431154988126, -33.00409807005331, 0.0 ], [ -68.891972464408866, -33.004112961955094, 0.0 ], [ -68.891953842712738, -33.003925791309811, 0.0 ] ] ] ] } },
{ "type": "Feature", "properties": { "LAYER": "PARCELARIO_BASE_CATASTRO", "MAP_NAME": "1016_2026.dwg", "ccpp1": "1016 1092" }, "geometry": { "type": "MultiPolygon", "coordinates": [ [ [ [ -68.891972464408866, -33.004112961955094, 0.0 ], [ -68.891431154988126, -33.00409807005331, 0.0 ], [ -68.891449647232719, -33.004285216312297, 0.0 ], [ -68.891991158935326, -33.004300144376863, 0.0 ], [ -68.891972464408866, -33.004112961955094, 0.0 ] ] ] ] } },
{ "type": "Feature", "properties": { "LAYER": "PARCELARIO_BASE_CATASTRO", "MAP_NAME": "1016_2026.dwg", "ccpp1": "1016 1091" }, "geometry": { "type": "MultiPolygon", "coordinates": [ [ [ [ -68.891991158935326, -33.004300144376863, 0.0 ], [ -68.891449647232719, -33.004285216312297, 0.0 ], [ -68.891468276378788, -33.004472484408254, 0.0 ], [ -68.892010071730326, -33.004487418048377, 0.0 ], [ -68.891991158935326, -33.004300144376863, 0.0 ] ] ] ] } },
{ "type": "Feature", "properties": { "LAYER": "PARCELARIO_BASE_CATASTRO", "MAP_NAME": "1016_2026.dwg", "ccpp1": "1016 1207" }, "geometry": { "type": "MultiPolygon", "coordinates": [ [ [ [ -68.8916549413957, -33.003634037595376, 0.0 ], [ -68.891678696014054, -33.003873461253036, 0.0 ], [ -68.891949486464569, -33.003880915643478, 0.0 ], [ -68.891943157628347, -33.003817934422408, 0.0 ], [ -68.891925635887262, -33.003641481133606, 0.0 ], [ -68.8916549413957, -33.003634037595376, 0.0 ] ] ] ] } },
{ "type": "Feature", "properties": { "LAYER": "PARCELARIO_BASE_CATASTRO", "MAP_NAME": "1016_2026.dwg", "ccpp1": "1016 1206" }, "geometry": { "type": "MultiPolygon", "coordinates": [ [ [ [ -68.8916549413957, -33.003634037595376, 0.0 ], [ -68.891384383781059, -33.003626709905532, 0.0 ], [ -68.891412566454093, -33.003910970589452, 0.0 ], [ -68.891953842712738, -33.003925791309811, 0.0 ], [ -68.891949486464569, -33.003880915643478, 0.0 ], [ -68.891678696014054, -33.003873461253036, 0.0 ], [ -68.8916549413957, -33.003634037595376, 0.0 ] ] ] ] } },
{ "type": "Feature", "properties": { "LAYER": "PARCELARIO_BASE_CATASTRO", "MAP_NAME": "1016_2026.dwg", "ccpp1": "1016 3117" }, "geometry": { "type": "MultiPolygon", "coordinates": [ [ [ [ -68.893339579628659, -33.003456920423552, 0.0 ], [ -68.893021189330312, -33.003438813739578, 0.0 ], [ -68.893004951768503, -33.003847422185032, 0.0 ], [ -68.893192018241947, -33.00385259930006, 0.0 ], [ -68.893355947014726, -33.003458465452312, 0.0 ], [ -68.893339579628659, -33.003456920423552, 0.0 ] ] ] ] } },
{ "type": "Feature", "properties": { "LAYER": "PARCELARIO_BASE_CATASTRO", "MAP_NAME": "1016_2026.dwg", "ccpp1": "1016 3288" }, "geometry": { "type": "MultiPolygon", "coordinates": [ [ [ [ -68.892510659379766, -33.003833665379808, 0.0 ], [ -68.892733733471005, -33.003839816431523, 0.0 ], [ -68.892743415377282, -33.003598698599596, 0.0 ], [ -68.892520305480431, -33.003592570978419, 0.0 ], [ -68.892510659379766, -33.003833665379808, 0.0 ] ] ] ] } },
{ "type": "Feature", "properties": { "LAYER": "PARCELARIO_BASE_CATASTRO", "MAP_NAME": "1016_2026.dwg", "ccpp1": "1016 803" }, "geometry": { "type": "MultiPolygon", "coordinates": [ [ [ [ -68.888596492347602, -33.004074991843027, 0.0 ], [ -68.888579323534273, -33.004201896394683, 0.0 ], [ -68.888570148960838, -33.004397266902146, 0.0 ], [ -68.889277040379767, -33.00440883681366, 0.0 ], [ -68.889302006096145, -33.00408657931635, 0.0 ], [ -68.889127422352331, -33.004083777062959, 0.0 ], [ -68.88865854095009, -33.004076020107718, 0.0 ], [ -68.888596492347602, -33.004074991843027, 0.0 ] ] ] ] } },
{ "type": "Feature", "properties": { "LAYER": "PARCELARIO_BASE_CATASTRO", "MAP_NAME": "1016_2026.dwg", "ccpp1": "1016 1161" }, "geometry": { "type": "MultiPolygon", "coordinates": [ [ [ [ -68.890516939639809, -33.004712937596132, 0.0 ], [ -68.890311203197683, -33.004712280906475, 0.0 ], [ -68.890305210362555, -33.004958871304652, 0.0 ], [ -68.890295777094309, -33.005345494296343, 0.0 ], [ -68.890507945086156, -33.00534809255187, 0.0 ], [ -68.890516939639809, -33.004712937596132, 0.0 ] ] ] ] } },
{ "type": "Feature", "properties": { "LAYER": "PARCELARIO_BASE_CATASTRO", "MAP_NAME": "1016_2026.dwg", "ccpp1": "1016 2727" }, "geometry": { "type": "MultiPolygon", "coordinates": [ [ [ [ -68.893196568161144, -33.000872330370683, 0.0 ], [ -68.892898543665865, -33.000883781515959, 0.0 ], [ -68.892999023207423, -33.001375334408806, 0.0 ], [ -68.893164291374262, -33.001368117370617, 0.0 ], [ -68.893295311190471, -33.001362403695019, 0.0 ], [ -68.89319817773962, -33.000879267441363, 0.0 ], [ -68.893196568161144, -33.000872330370683, 0.0 ] ] ] ] } },
{ "type": "Feature", "properties": { "LAYER": "PARCELARIO_BASE_CATASTRO", "MAP_NAME": "1016_2026.dwg", "ccpp1": "1016 2729" }, "geometry": { "type": "MultiPolygon", "coordinates": [ [ [ [ -68.892767669224824, -33.000893724664508, 0.0 ], [ -68.892483876969052, -33.000908284301424, 0.0 ], [ -68.892585125011863, -33.00140221951137, 0.0 ], [ -68.892868866690364, -33.001380336190046, 0.0 ], [ -68.892767669224824, -33.000893724664508, 0.0 ] ] ] ] } },
{ "type": "Feature", "properties": { "LAYER": "PARCELARIO_BASE_CATASTRO", "MAP_NAME": "1016_2026.dwg", "ccpp1": "1016 885" }, "geometry": { "type": "MultiPolygon", "coordinates": [ [ [ [ -68.892474027957604, -33.001394457822109, 0.0 ], [ -68.892262965077407, -33.001402457664639, 0.0 ], [ -68.892062932868924, -33.001410109624054, 0.0 ], [ -68.891856801112752, -33.001417853360415, 0.0 ], [ -68.891861830467249, -33.001446779881178, 0.0 ], [ -68.891895529909959, -33.001642686485823, 0.0 ], [ -68.892524356068861, -33.001625214838889, 0.0 ], [ -68.892474027957604, -33.001394457822109, 0.0 ] ] ] ] } },
{ "type": "Feature", "properties": { "LAYER": "PARCELARIO_BASE_CATASTRO", "MAP_NAME": "1016_2026.dwg", "ccpp1": "1016 908" }, "geometry": { "type": "MultiPolygon", "coordinates": [ [ [ [ -68.891895529909959, -33.001642686485823, 0.0 ], [ -68.891928394341846, -33.001833736826789, 0.0 ], [ -68.892565681041262, -33.001816062207133, 0.0 ], [ -68.892524356068861, -33.001625214838889, 0.0 ], [ -68.891895529909959, -33.001642686485823, 0.0 ] ] ] ] } },
{ "type": "Feature", "properties": { "LAYER": "PARCELARIO_BASE_CATASTRO", "MAP_NAME": "1016_2026.dwg", "ccpp1": "1016 2726" }, "geometry": { "type": "MultiPolygon", "coordinates": [ [ [ [ -68.893194528185589, -33.001773209530064, 0.0 ], [ -68.893233655365648, -33.002161525461574, 0.0 ], [ -68.893235128670895, -33.002179454746702, 0.0 ], [ -68.893247320278491, -33.002327677271424, 0.0 ], [ -68.893255664597973, -33.002429120255002, 0.0 ], [ -68.893276187284201, -33.002679212231484, 0.0 ], [ -68.893296406196697, -33.002929289508245, 0.0 ], [ -68.893302687874581, -33.003007303371739, 0.0 ], [ -68.893865311690917, -33.003038065756037, 0.0 ], [ -68.893924747704432, -33.002905729504562, 0.0 ], [ -68.893971728619789, -33.002909515879018, 0.0 ], [ -68.894311253499325, -33.002149633190065, 0.0 ], [ -68.894522205560406, -33.001630915373468, 0.0 ], [ -68.894156899568117, -33.001629191223671, 0.0 ], [ -68.894149933254809, -33.001489098152391, 0.0 ], [ -68.894142966962875, -33.001349005077593, 0.0 ], [ -68.893851485813272, -33.001350390516905, 0.0 ], [ -68.893586274021033, -33.0013533719968, 0.0 ], [ -68.893295311190471, -33.001362403695019, 0.0 ], [ -68.893164291374262, -33.001368117370617, 0.0 ], [ -68.893181182724391, -33.001594303764179, 0.0 ], [ -68.893194528185589, -33.001773209530064, 0.0 ] ] ] ] } },
{ "type": "Feature", "properties": { "LAYER": "PARCELARIO_BASE_CATASTRO", "MAP_NAME": "1016_2026.dwg", "ccpp1": "1016 846" }, "geometry": { "type": "MultiPolygon", "coordinates": [ [ [ [ -68.890706445025145, -33.001753146104313, 0.0 ], [ -68.890274282172783, -33.001769910580741, 0.0 ], [ -68.890296713780089, -33.00189384853897, 0.0 ], [ -68.890360812408318, -33.002212216329049, 0.0 ], [ -68.890786793887557, -33.002192458896715, 0.0 ], [ -68.890706445025145, -33.001753146104313, 0.0 ] ] ] ] } },
{ "type": "Feature", "properties": { "LAYER": "PARCELARIO_BASE_CATASTRO", "MAP_NAME": "1016_2026.dwg", "ccpp1": "1016 1083" }, "geometry": { "type": "MultiPolygon", "coordinates": [ [ [ [ -68.889672294257892, -33.001758950339457, 0.0 ], [ -68.889451624415869, -33.001768496836277, 0.0 ], [ -68.88946069419687, -33.001812396655083, 0.0 ], [ -68.889545153472099, -33.002246608584962, 0.0 ], [ -68.889764443716075, -33.002237363669948, 0.0 ], [ -68.889672294257892, -33.001758950339457, 0.0 ] ] ] ] } },
{ "type": "Feature", "properties": { "LAYER": "PARCELARIO_BASE_CATASTRO", "MAP_NAME": "1016_2026.dwg", "ccpp1": "1016 797" }, "geometry": { "type": "MultiPolygon", "coordinates": [ [ [ [ -68.88946069419687, -33.001812396655083, 0.0 ], [ -68.888821459887623, -33.001837356363552, 0.0 ], [ -68.888848098511517, -33.002270722876183, 0.0 ], [ -68.889545153472099, -33.002246608584962, 0.0 ], [ -68.88946069419687, -33.001812396655083, 0.0 ] ] ] ] } },
{ "type": "Feature", "properties": { "LAYER": "PARCELARIO_BASE_CATASTRO", "MAP_NAME": "1016_2026.dwg", "ccpp1": "1016 523" }, "geometry": { "type": "MultiPolygon", "coordinates": [ [ [ [ -68.888557760826401, -33.001847852992462, 0.0 ], [ -68.888125614758266, -33.001865054570736, 0.0 ], [ -68.888038470470306, -33.002293289683635, 0.0 ], [ -68.888589957296119, -33.002278615970503, 0.0 ], [ -68.888589532233851, -33.00227284756987, 0.0 ], [ -68.888557760826401, -33.001847852992462, 0.0 ] ] ] ] } },
{ "type": "Feature", "properties": { "LAYER": "PARCELARIO_BASE_CATASTRO", "MAP_NAME": "1016_2026.dwg", "ccpp1": "1016 87" }, "geometry": { "type": "MultiPolygon", "coordinates": [ [ [ [ -68.891982948588677, -32.999294429206387, 0.0 ], [ -68.891860254183428, -32.999298694317652, 0.0 ], [ -68.891927947889243, -33.000209331580393, 0.0 ], [ -68.891949413275555, -33.00058061898433, 0.0 ], [ -68.891935822867978, -33.000581144620277, 0.0 ], [ -68.891948056499501, -33.000801789078011, 0.0 ], [ -68.89218614668394, -33.000788521171209, 0.0 ], [ -68.892185926395271, -33.000764648200551, 0.0 ], [ -68.892097189838537, -33.000122492353526, 0.0 ], [ -68.892074378743786, -32.999957863502104, 0.0 ], [ -68.892059603698584, -32.999850451153819, 0.0 ], [ -68.892036914930202, -32.999686534718649, 0.0 ], [ -68.891982948588677, -32.999294429206387, 0.0 ] ] ] ] } },
{ "type": "Feature", "properties": { "LAYER": "PARCELARIO_BASE_CATASTRO", "MAP_NAME": "1016_2026.dwg", "ccpp1": "1016 794" }, "geometry": { "type": "MultiPolygon", "coordinates": [ [ [ [ -68.890489855287854, -32.999357510847624, 0.0 ], [ -68.890302737017564, -32.99936740116744, 0.0 ], [ -68.890063191621081, -32.99938003303474, 0.0 ], [ -68.890101751813546, -33.000282848800403, 0.0 ], [ -68.890104629595385, -33.00033863083241, 0.0 ], [ -68.890112728432229, -33.00049435204415, 0.0 ], [ -68.890120934302772, -33.000650073345739, 0.0 ], [ -68.890133183208206, -33.000884110583613, 0.0 ], [ -68.89059557301303, -33.000860569933756, 0.0 ], [ -68.890541959226255, -33.00018407909149, 0.0 ], [ -68.890489855287854, -32.999357510847624, 0.0 ] ] ] ] } },
{ "type": "Feature", "properties": { "LAYER": "PARCELARIO_BASE_CATASTRO", "MAP_NAME": "1016_2026.dwg", "ccpp1": "1016 475" }, "geometry": { "type": "MultiPolygon", "coordinates": [ [ [ [ -68.889885909882125, -32.999389309234452, 0.0 ], [ -68.889673110248154, -32.999392421498577, 0.0 ], [ -68.889707710120149, -32.999824218906838, 0.0 ], [ -68.889746507760947, -33.000308813130175, 0.0 ], [ -68.889767412006563, -33.000568995850237, 0.0 ], [ -68.889793958789852, -33.000902359069848, 0.0 ], [ -68.889955118094093, -33.000894488034618, 0.0 ], [ -68.889929895858998, -33.000346208772235, 0.0 ], [ -68.889885909882125, -32.999389309234452, 0.0 ] ] ] ] } },
{ "type": "Feature", "properties": { "LAYER": "PARCELARIO_BASE_CATASTRO", "MAP_NAME": "1016_2026.dwg", "ccpp1": "1016 72" }, "geometry": { "type": "MultiPolygon", "coordinates": [ [ [ [ -68.891069918409428, -32.999329673211236, 0.0 ], [ -68.890641133155853, -32.99934956443095, 0.0 ], [ -68.890489855287854, -32.999357510847624, 0.0 ], [ -68.890541959226255, -33.00018407909149, 0.0 ], [ -68.89059557301303, -33.000860569933756, 0.0 ], [ -68.891166895183133, -33.000832551083136, 0.0 ], [ -68.891166148344794, -33.00082029575043, 0.0 ], [ -68.891164437479077, -33.000792271964983, 0.0 ], [ -68.891134705419645, -33.000329034204022, 0.0 ], [ -68.891121021039481, -33.000115115794259, 0.0 ], [ -68.891114823124184, -33.000022031241961, 0.0 ], [ -68.891069918409428, -32.999329673211236, 0.0 ] ] ] ] } },
{ "type": "Feature", "properties": { "LAYER": "PARCELARIO_BASE_CATASTRO", "MAP_NAME": "1016_2026.dwg", "ccpp1": "1016 3222" }, "geometry": { "type": "MultiPolygon", "coordinates": [ [ [ [ -68.889258952917828, -33.00134473757695, 0.0 ], [ -68.889275734620099, -33.001638727727752, 0.0 ], [ -68.889425027872917, -33.001632833247051, 0.0 ], [ -68.889376548539502, -33.00137791531558, 0.0 ], [ -68.88936971518423, -33.001340958572449, 0.0 ], [ -68.889258952917828, -33.00134473757695, 0.0 ] ] ] ] } },
{ "type": "Feature", "properties": { "LAYER": "PARCELARIO_BASE_CATASTRO", "MAP_NAME": "1016_2026.dwg", "ccpp1": "1016 4" }, "geometry": { "type": "MultiPolygon", "coordinates": [ [ [ [ -68.891344058329778, -33.003221605951651, 0.0 ], [ -68.890894867600679, -33.003228761205747, 0.0 ], [ -68.890403401852325, -33.003236683835105, 0.0 ], [ -68.889914172472331, -33.003242915859431, 0.0 ], [ -68.889822700589221, -33.003244080377591, 0.0 ], [ -68.889833302969706, -33.003816681833797, 0.0 ], [ -68.88983359936833, -33.003828750124008, 0.0 ], [ -68.889990856460074, -33.003827395626701, 0.0 ], [ -68.889976161747953, -33.004139541020898, 0.0 ], [ -68.890124002766484, -33.004137092439841, 0.0 ], [ -68.890325107669781, -33.004137639871423, 0.0 ], [ -68.890525131357577, -33.00414025537669, 0.0 ], [ -68.89052085479679, -33.004449880757022, 0.0 ], [ -68.890516939639809, -33.004712937596132, 0.0 ], [ -68.890507945086156, -33.00534809255187, 0.0 ], [ -68.890997976671727, -33.005350719683037, 0.0 ], [ -68.890985554225011, -33.0044559039654, 0.0 ], [ -68.891411201881581, -33.004459645406534, 0.0 ], [ -68.891426465082461, -33.005360924062742, 0.0 ], [ -68.891557529414641, -33.005362223689836, 0.0 ], [ -68.891468276378788, -33.004472484408254, 0.0 ], [ -68.891449647232719, -33.004285216312297, 0.0 ], [ -68.891431154988126, -33.00409807005331, 0.0 ], [ -68.891412566454093, -33.003910970589452, 0.0 ], [ -68.891384383781059, -33.003626709905532, 0.0 ], [ -68.891357846020071, -33.003359909783853, 0.0 ], [ -68.891344058329778, -33.003221605951651, 0.0 ] ] ] ] } },
{ "type": "Feature", "properties": { "LAYER": "PARCELARIO_BASE_CATASTRO", "MAP_NAME": "1016_2026.dwg", "ccpp1": "1016 801" }, "geometry": { "type": "MultiPolygon", "coordinates": [ [ [ [ -68.889234479338782, -33.00484785198428, 0.0 ], [ -68.889253868500049, -33.004645896548482, 0.0 ], [ -68.888825747133041, -33.004645485354267, 0.0 ], [ -68.888824660296493, -33.004657114198892, 0.0 ], [ -68.888817155428768, -33.004737451322995, 0.0 ], [ -68.888775250688909, -33.005185352006571, 0.0 ], [ -68.888758832489529, -33.005340905264696, 0.0 ], [ -68.888984595467448, -33.005341579620747, 0.0 ], [ -68.889027524094658, -33.004845202099148, 0.0 ], [ -68.889234479338782, -33.00484785198428, 0.0 ] ] ] ] } },
{ "type": "Feature", "properties": { "LAYER": "PARCELARIO_BASE_CATASTRO", "MAP_NAME": "1016_2026.dwg", "ccpp1": "1016 535" }, "geometry": { "type": "MultiPolygon", "coordinates": [ [ [ [ -68.889326976730004, -33.003815940034855, 0.0 ], [ -68.889302006096145, -33.00408657931635, 0.0 ], [ -68.889277040379767, -33.00440883681366, 0.0 ], [ -68.888570148960838, -33.004397266902146, 0.0 ], [ -68.888552060196488, -33.004546796369581, 0.0 ], [ -68.888834938671167, -33.00454707564176, 0.0 ], [ -68.888831411869816, -33.004582688689716, 0.0 ], [ -68.888825747133041, -33.004645485354267, 0.0 ], [ -68.889253868500049, -33.004645896548482, 0.0 ], [ -68.889234479338782, -33.00484785198428, 0.0 ], [ -68.889231733389536, -33.0048761414238, 0.0 ], [ -68.889228746499469, -33.004915692577768, 0.0 ], [ -68.889397924097864, -33.004921474447727, 0.0 ], [ -68.889519941534672, -33.004924072922229, 0.0 ], [ -68.889618860717263, -33.004924853816178, 0.0 ], [ -68.889618177032403, -33.00498404641236, 0.0 ], [ -68.889616866040328, -33.005163705017495, 0.0 ], [ -68.889616094272839, -33.00534345065509, 0.0 ], [ -68.890078063442346, -33.0053448816968, 0.0 ], [ -68.890124002766484, -33.004137092439841, 0.0 ], [ -68.889976161747953, -33.004139541020898, 0.0 ], [ -68.889990856460074, -33.003827395626701, 0.0 ], [ -68.88983359936833, -33.003828750124008, 0.0 ], [ -68.88977465887352, -33.003826555714397, 0.0 ], [ -68.889738400132018, -33.003823564394366, 0.0 ], [ -68.889601688416505, -33.003821055030272, 0.0 ], [ -68.889326976730004, -33.003815940034855, 0.0 ] ] ] ] } },
{ "type": "Feature", "properties": { "LAYER": "PARCELARIO_BASE_CATASTRO", "MAP_NAME": "1016_2026.dwg", "ccpp1": "1016 3230" }, "geometry": { "type": "MultiPolygon", "coordinates": [ [ [ [ -68.893621873346746, -33.004002172944318, 0.0 ], [ -68.893615076286281, -33.004001985013588, 0.0 ], [ -68.893354199529782, -33.003994764517358, 0.0 ], [ -68.893135414914298, -33.003988718332067, 0.0 ], [ -68.8929478089306, -33.004439729094479, 0.0 ], [ -68.892832048482546, -33.004718079852964, 0.0 ], [ -68.892810803862588, -33.004769167689226, 0.0 ], [ -68.892763467847203, -33.004890051661178, 0.0 ], [ -68.892681384639857, -33.005099694647448, 0.0 ], [ -68.89260388998234, -33.005297629655537, 0.0 ], [ -68.892597113140596, -33.005376929800477, 0.0 ], [ -68.893044313432299, -33.005383139481964, 0.0 ], [ -68.893045095676058, -33.005383150070585, 0.0 ], [ -68.893055596571401, -33.005383296121792, 0.0 ], [ -68.893089812975205, -33.005314624061164, 0.0 ], [ -68.893133102326857, -33.005227745008611, 0.0 ], [ -68.893361364099164, -33.004655392393374, 0.0 ], [ -68.893621873346746, -33.004002172944318, 0.0 ] ] ] ] } },
{ "type": "Feature", "properties": { "LAYER": "PARCELARIO_BASE_CATASTRO", "MAP_NAME": "1016_2026.dwg", "ccpp1": "1016 53" }, "geometry": { "type": "MultiPolygon", "coordinates": [ [ [ [ -68.887857321409996, -33.003552975687981, 0.0 ], [ -68.887853446861158, -33.003915582920996, 0.0 ], [ -68.887969075600239, -33.003912970894838, 0.0 ], [ -68.887969107744723, -33.004037388649969, 0.0 ], [ -68.888046140181743, -33.00403563817521, 0.0 ], [ -68.888183083005913, -33.004035006208532, 0.0 ], [ -68.888489605819075, -33.004028536754362, 0.0 ], [ -68.888599482288868, -33.004027254387907, 0.0 ], [ -68.888612868914564, -33.003817212851807, 0.0 ], [ -68.888885146152234, -33.003814591775345, 0.0 ], [ -68.889067760383114, -33.003816595405183, 0.0 ], [ -68.889054340088876, -33.003532058781055, 0.0 ], [ -68.888715481257421, -33.003538107672568, 0.0 ], [ -68.887857321409996, -33.003552975687981, 0.0 ] ] ] ] } },
{ "type": "Feature", "properties": { "LAYER": "PARCELARIO_BASE_CATASTRO", "MAP_NAME": "1016_2026.dwg", "ccpp1": "1016 3289" }, "geometry": { "type": "MultiPolygon", "coordinates": [ [ [ [ -68.892965956173441, -33.002436750146181, 0.0 ], [ -68.892986457688252, -33.002686861987762, 0.0 ], [ -68.893276187284201, -33.002679212231484, 0.0 ], [ -68.893255664597973, -33.002429120255002, 0.0 ], [ -68.892965956173441, -33.002436750146181, 0.0 ] ] ] ] } },
{ "type": "Feature", "properties": { "LAYER": "PARCELARIO_BASE_CATASTRO", "MAP_NAME": "1016_2026.dwg", "ccpp1": "1016 878" }, "geometry": { "type": "MultiPolygon", "coordinates": [ [ [ [ -68.891528192617855, -33.002214036797689, 0.0 ], [ -68.891629402549228, -33.003372273355758, 0.0 ], [ -68.891910466514048, -33.003384988107825, 0.0 ], [ -68.891825466504088, -33.002490877547984, 0.0 ], [ -68.891797929242585, -33.002205765367052, 0.0 ], [ -68.891528192617855, -33.002214036797689, 0.0 ] ] ] ] } },
{ "type": "Feature", "properties": { "LAYER": "PARCELARIO_BASE_CATASTRO", "MAP_NAME": "1016_2026.dwg", "ccpp1": "1016 879" }, "geometry": { "type": "MultiPolygon", "coordinates": [ [ [ [ -68.891604164656627, -33.003081543924573, 0.0 ], [ -68.891496682195168, -33.003076646423018, 0.0 ], [ -68.89149278744604, -33.003031755807591, 0.0 ], [ -68.891322410827115, -33.003023987539834, 0.0 ], [ -68.891344058329778, -33.003221605951651, 0.0 ], [ -68.891357846020071, -33.003359909783853, 0.0 ], [ -68.891629402549228, -33.003372273355758, 0.0 ], [ -68.891604164656627, -33.003081543924573, 0.0 ] ] ] ] } },
{ "type": "Feature", "properties": { "LAYER": "PARCELARIO_BASE_CATASTRO", "MAP_NAME": "1016_2026.dwg", "ccpp1": "1016 837" }, "geometry": { "type": "MultiPolygon", "coordinates": [ [ [ [ -68.885901741320907, -33.020176069245785, 0.0 ], [ -68.885929814850428, -33.020179672747659, 0.0 ], [ -68.88583033293051, -33.020955203867757, 0.0 ], [ -68.888142653900431, -33.021152652469453, 0.0 ], [ -68.888371956433247, -33.021171670286186, 0.0 ], [ -68.892616634422268, -33.021523629913844, 0.0 ], [ -68.892643643428244, -33.021525685521688, 0.0 ], [ -68.894851293040347, -33.021705229834225, 0.0 ], [ -68.894968625766978, -33.021714775465149, 0.0 ], [ -68.894908409679346, -33.020936386847133, 0.0 ], [ -68.894912763023342, -33.020839514725544, 0.0 ], [ -68.894914136592462, -33.020816651248474, 0.0 ], [ -68.894927530085113, -33.020551640875034, 0.0 ], [ -68.894935101450315, -33.020298944250541, 0.0 ], [ -68.894930845278253, -33.020298602539938, 0.0 ], [ -68.894821955989471, -33.020289861970426, 0.0 ], [ -68.89249005001507, -33.020102651435906, 0.0 ], [ -68.892447944869986, -33.019389280506665, 0.0 ], [ -68.890859914101227, -33.019241781213246, 0.0 ], [ -68.889009903263485, -33.019077375104381, 0.0 ], [ -68.888840221784335, -33.01906269181999, 0.0 ], [ -68.885569328000912, -33.018779600192993, 0.0 ], [ -68.885378423192876, -33.018763074968476, 0.0 ], [ -68.885071372791344, -33.020031753738827, 0.0 ], [ -68.885063981748416, -33.020068551436225, 0.0 ], [ -68.885901793257247, -33.020175632883351, 0.0 ], [ -68.885901741320907, -33.020176069245785, 0.0 ] ] ] ] } },
{ "type": "Feature", "properties": { "LAYER": "PARCELARIO_BASE_CATASTRO", "MAP_NAME": "1016_2026.dwg", "ccpp1": "1016 827" }, "geometry": { "type": "MultiPolygon", "coordinates": [ [ [ [ -68.894935101450315, -33.020298944250541, 0.0 ], [ -68.895149303920945, -33.016595800703769, 0.0 ], [ -68.89518352889155, -33.01611061791472, 0.0 ], [ -68.895201261196974, -33.01579359157094, 0.0 ], [ -68.89499979764102, -33.015750922743536, 0.0 ], [ -68.894993802376305, -33.015750720233214, 0.0 ], [ -68.894891383088051, -33.015747268076083, 0.0 ], [ -68.894697039995151, -33.01574071590283, 0.0 ], [ -68.893563060220714, -33.015702480631028, 0.0 ], [ -68.891871471085352, -33.015611703197337, 0.0 ], [ -68.891836683627972, -33.015609331407902, 0.0 ], [ -68.891734602832898, -33.015602371245066, 0.0 ], [ -68.89169276307716, -33.015599519017485, 0.0 ], [ -68.89163925545293, -33.015595870386818, 0.0 ], [ -68.891551288927559, -33.015589872691478, 0.0 ], [ -68.891382522402509, -33.015583863254228, 0.0 ], [ -68.891063296594155, -33.015567799436475, 0.0 ], [ -68.891005336981792, -33.015564882414431, 0.0 ], [ -68.890936424131652, -33.015561414790469, 0.0 ], [ -68.890842336493819, -33.015556679902168, 0.0 ], [ -68.890779938881067, -33.015553539787277, 0.0 ], [ -68.890774885515626, -33.015553285601428, 0.0 ], [ -68.890629889688782, -33.01554598851871, 0.0 ], [ -68.890552840332802, -33.015542110504668, 0.0 ], [ -68.890534105857824, -33.015541168056053, 0.0 ], [ -68.890507432829935, -33.015539825510949, 0.0 ], [ -68.890086370661109, -33.015518633066492, 0.0 ], [ -68.889988776156102, -33.015513721325135, 0.0 ], [ -68.889982117534586, -33.01551338634502, 0.0 ], [ -68.889926474921069, -33.015510585376951, 0.0 ], [ -68.889872966236297, -33.015507892664452, 0.0 ], [ -68.889834871265478, -33.015505975449244, 0.0 ], [ -68.889781362587527, -33.015503281795802, 0.0 ], [ -68.889724752550066, -33.015500432094797, 0.0 ], [ -68.889473792630895, -33.015495518705428, 0.0 ], [ -68.889218350250502, -33.015480593152411, 0.0 ], [ -68.889047452738993, -33.015472427272321, 0.0 ], [ -68.888876441820003, -33.015464256548974, 0.0 ], [ -68.888704784547556, -33.015456054358062, 0.0 ], [ -68.888652416569784, -33.015453552392756, 0.0 ], [ -68.888602383718691, -33.015451161592189, 0.0 ], [ -68.888574766767263, -33.015449842136839, 0.0 ], [ -68.888533240746099, -33.015447857442489, 0.0 ], [ -68.88836222992407, -33.015439686014744, 0.0 ], [ -68.888331415297003, -33.015438213065842, 0.0 ], [ -68.888286464724985, -33.015436065629181, 0.0 ], [ -68.888232955965393, -33.015433508366428, 0.0 ], [ -68.888194110747875, -33.015431652194145, 0.0 ], [ -68.888084716383432, -33.015426424529394, 0.0 ], [ -68.888021067727976, -33.015423382901176, 0.0 ], [ -68.887993757934424, -33.015422078019647, 0.0 ], [ -68.887899743075465, -33.015417585332401, 0.0 ], [ -68.887852089263973, -33.015415308175356, 0.0 ], [ -68.887679686274026, -33.015407068739485, 0.0 ], [ -68.887508142666491, -33.015398870415339, 0.0 ], [ -68.887338738369735, -33.015390773872312, 0.0 ], [ -68.88716783372081, -33.015382605412519, 0.0 ], [ -68.887103947550727, -33.015379552281864, 0.0 ], [ -68.887050438860953, -33.015376994512273, 0.0 ], [ -68.886996930173169, -33.015374437621396, 0.0 ], [ -68.886829233620517, -33.015370046010155, 0.0 ], [ -68.886732315813362, -33.01536432984647, 0.0 ], [ -68.886674045705661, -33.015360892970634, 0.0 ], [ -68.886491608396568, -33.015350131620508, 0.0 ], [ -68.886159971928208, -33.015330568924512, 0.0 ], [ -68.885689597448547, -33.017421917003794, 0.0 ], [ -68.885544209517974, -33.018078056153747, 0.0 ], [ -68.885378423192876, -33.018763074968476, 0.0 ], [ -68.885569328000912, -33.018779600192993, 0.0 ], [ -68.888840221784335, -33.01906269181999, 0.0 ], [ -68.889009903263485, -33.019077375104381, 0.0 ], [ -68.890859914101227, -33.019241781213246, 0.0 ], [ -68.892447944869986, -33.019389280506665, 0.0 ], [ -68.89249005001507, -33.020102651435906, 0.0 ], [ -68.894821955989471, -33.020289861970426, 0.0 ], [ -68.894935101450315, -33.020298944250541, 0.0 ] ] ] ] } },
{ "type": "Feature", "properties": { "LAYER": "PARCELARIO_BASE_CATASTRO", "MAP_NAME": "1016_2026.dwg", "ccpp1": "1016 82" }, "geometry": { "type": "MultiPolygon", "coordinates": [ [ [ [ -68.889640250450668, -32.997612957233187, 0.0 ], [ -68.889373638558723, -32.997651787320926, 0.0 ], [ -68.889410914483179, -32.997796324849389, 0.0 ], [ -68.889422699677439, -32.997841856433347, 0.0 ], [ -68.889449351978016, -32.997945635064752, 0.0 ], [ -68.889463332262068, -32.998000269209626, 0.0 ], [ -68.889743813016025, -32.997989606035063, 0.0 ], [ -68.88969520307073, -32.997815562048416, 0.0 ], [ -68.889677956522817, -32.997751814500624, 0.0 ], [ -68.889665316045352, -32.997708173901749, 0.0 ], [ -68.889640250450668, -32.997612957233187, 0.0 ] ] ] ] } },
{ "type": "Feature", "properties": { "LAYER": "PARCELARIO_BASE_CATASTRO", "MAP_NAME": "1016_2026.dwg", "ccpp1": "1016 83" }, "geometry": { "type": "MultiPolygon", "coordinates": [ [ [ [ -68.889230157097003, -32.997080309951748, 0.0 ], [ -68.888757764565483, -32.997071685582775, 0.0 ], [ -68.888698299755092, -32.997070539752734, 0.0 ], [ -68.888674450835353, -32.997069973876741, 0.0 ], [ -68.888549101801786, -32.997067134470925, 0.0 ], [ -68.888439153181736, -32.997064582811191, 0.0 ], [ -68.888425570732679, -32.997064298367313, 0.0 ], [ -68.888383427127877, -32.997063353610947, 0.0 ], [ -68.888376603721795, -32.99725959113816, 0.0 ], [ -68.888440786385246, -32.997259027249832, 0.0 ], [ -68.888728172559851, -32.99725635777213, 0.0 ], [ -68.888899832691777, -32.997254649585173, 0.0 ], [ -68.889274794683715, -32.997251088349053, 0.0 ], [ -68.889268905739726, -32.997228456450451, 0.0 ], [ -68.889230157097003, -32.997080309951748, 0.0 ] ] ] ] } },
{ "type": "Feature", "properties": { "LAYER": "PARCELARIO_BASE_CATASTRO", "MAP_NAME": "1016_2026.dwg", "ccpp1": "1016 84" }, "geometry": { "type": "MultiPolygon", "coordinates": [ [ [ [ -68.889386147620655, -32.996897577385347, 0.0 ], [ -68.889275568725239, -32.996895202632572, 0.0 ], [ -68.889164133486105, -32.996893097524676, 0.0 ], [ -68.889031628092624, -32.996890520048254, 0.0 ], [ -68.888963075882259, -32.996889273394409, 0.0 ], [ -68.888931419228314, -32.99688860865237, 0.0 ], [ -68.888830035491438, -32.996886697031599, 0.0 ], [ -68.888810141168946, -32.996886314136475, 0.0 ], [ -68.888578491495394, -32.996881919328835, 0.0 ], [ -68.888389924961629, -32.996876669051474, 0.0 ], [ -68.888383427127877, -32.997063353610947, 0.0 ], [ -68.888425570732679, -32.997064298367313, 0.0 ], [ -68.888439153181736, -32.997064582811191, 0.0 ], [ -68.888549101801786, -32.997067134470925, 0.0 ], [ -68.888674450835353, -32.997069973876741, 0.0 ], [ -68.888698299755092, -32.997070539752734, 0.0 ], [ -68.888757764565483, -32.997071685582775, 0.0 ], [ -68.889230157097003, -32.997080309951748, 0.0 ], [ -68.889395920587972, -32.997083284569541, 0.0 ], [ -68.889439232892983, -32.997084053290465, 0.0 ], [ -68.889404126580203, -32.996960607895829, 0.0 ], [ -68.889386147620655, -32.996897577385347, 0.0 ] ] ] ] } },
{ "type": "Feature", "properties": { "LAYER": "PARCELARIO_BASE_CATASTRO", "MAP_NAME": "1016_2026.dwg", "ccpp1": "1016 95" }, "geometry": { "type": "MultiPolygon", "coordinates": [ [ [ [ -68.890058313938155, -32.9967150892303, 0.0 ], [ -68.889629428352734, -32.996707803076546, 0.0 ], [ -68.889685899292857, -32.99690394875266, 0.0 ], [ -68.889772070022474, -32.997202416750717, 0.0 ], [ -68.889794553800201, -32.997280324337041, 0.0 ], [ -68.889806331369755, -32.997320902971772, 0.0 ], [ -68.889844774162512, -32.99745426512623, 0.0 ], [ -68.889851198840546, -32.997476445729681, 0.0 ], [ -68.889869406401118, -32.997541006514872, 0.0 ], [ -68.889881614513499, -32.99757960093028, 0.0 ], [ -68.88998470188092, -32.997563940422204, 0.0 ], [ -68.890049504597158, -32.997553646260386, 0.0 ], [ -68.890064716074704, -32.997611444507804, 0.0 ], [ -68.890089680587906, -32.99770656813002, 0.0 ], [ -68.89009750422025, -32.997736233867869, 0.0 ], [ -68.890112291568613, -32.9977926774162, 0.0 ], [ -68.890117005491632, -32.997810439185209, 0.0 ], [ -68.890137688890732, -32.997890055598724, 0.0 ], [ -68.890159763614136, -32.99797378848406, 0.0 ], [ -68.890332796490938, -32.997967211384314, 0.0 ], [ -68.890302144319833, -32.997841924438092, 0.0 ], [ -68.890287138671482, -32.997781065210091, 0.0 ], [ -68.890275883553471, -32.997735711802925, 0.0 ], [ -68.890270953437962, -32.997716236664004, 0.0 ], [ -68.890268380866559, -32.997706048161625, 0.0 ], [ -68.8903020644739, -32.997699776845614, 0.0 ], [ -68.890296279162058, -32.997678768105786, 0.0 ], [ -68.890285993352208, -32.997640446825287, 0.0 ], [ -68.890277313625603, -32.997609068062324, 0.0 ], [ -68.890172541859954, -32.997181773234907, 0.0 ], [ -68.890058313938155, -32.9967150892303, 0.0 ] ] ] ] } },
{ "type": "Feature", "properties": { "LAYER": "PARCELARIO_BASE_CATASTRO", "MAP_NAME": "1016_2026.dwg", "ccpp1": "1016 838" }, "geometry": { "type": "MultiPolygon", "coordinates": [ [ [ [ -68.890753468502965, -32.996728246272035, 0.0 ], [ -68.890725343780261, -32.996727766312397, 0.0 ], [ -68.890495946786544, -32.996723381542779, 0.0 ], [ -68.890058313938155, -32.9967150892303, 0.0 ], [ -68.890172541859954, -32.997181773234907, 0.0 ], [ -68.890277313625603, -32.997609068062324, 0.0 ], [ -68.890285993352208, -32.997640446825287, 0.0 ], [ -68.890296279162058, -32.997678768105786, 0.0 ], [ -68.8903020644739, -32.997699776845614, 0.0 ], [ -68.890268380866559, -32.997706048161625, 0.0 ], [ -68.890270953437962, -32.997716236664004, 0.0 ], [ -68.890275883553471, -32.997735711802925, 0.0 ], [ -68.890287138671482, -32.997781065210091, 0.0 ], [ -68.890302144319833, -32.997841924438092, 0.0 ], [ -68.890332796490938, -32.997967211384314, 0.0 ], [ -68.891064995743932, -32.997939396391871, 0.0 ], [ -68.891016723084448, -32.997644041500145, 0.0 ], [ -68.89098340048055, -32.997441862029852, 0.0 ], [ -68.890934493298445, -32.997142385995495, 0.0 ], [ -68.890929040649041, -32.997109200428909, 0.0 ], [ -68.89092615334782, -32.997091254538823, 0.0 ], [ -68.890868644540518, -32.996738014779027, 0.0 ], [ -68.890782450453827, -32.99673729290501, 0.0 ], [ -68.890781166754579, -32.996732692328592, 0.0 ], [ -68.89075432390446, -32.996732214398534, 0.0 ], [ -68.890753468502965, -32.996728246272035, 0.0 ] ] ] ] } },
{ "type": "Feature", "properties": { "LAYER": "PARCELARIO_BASE_CATASTRO", "MAP_NAME": "1016_2026.dwg", "ccpp1": "1016 3452" }, "geometry": { "type": "MultiPolygon", "coordinates": [ [ [ [ -68.889894067348934, -32.998101782777489, 0.0 ], [ -68.88996230180831, -32.998315827022154, 0.0 ], [ -68.890016874927497, -32.998488031314956, 0.0 ], [ -68.890060233622222, -32.998626243319343, 0.0 ], [ -68.890067814559956, -32.998651487019359, 0.0 ], [ -68.890147073605547, -32.998894729923919, 0.0 ], [ -68.890202598548129, -32.999065100921861, 0.0 ], [ -68.890405470617296, -32.999020125643455, 0.0 ], [ -68.890372456781805, -32.998914675389997, 0.0 ], [ -68.890426660438692, -32.998902673319087, 0.0 ], [ -68.890176539217336, -32.99809368810061, 0.0 ], [ -68.889894067348934, -32.998101782777489, 0.0 ] ] ] ] } },
{ "type": "Feature", "properties": { "LAYER": "PARCELARIO_BASE_CATASTRO", "MAP_NAME": "1016_2026.dwg", "ccpp1": "1016 824" }, "geometry": { "type": "MultiPolygon", "coordinates": [ [ [ [ -68.890554905828125, -32.998089221899463, 0.0 ], [ -68.890766438247766, -32.998747257760044, 0.0 ], [ -68.890447752023661, -32.998755009753907, 0.0 ], [ -68.890641133155853, -32.99934956443095, 0.0 ], [ -68.891069918409428, -32.999329673211236, 0.0 ], [ -68.89137395370291, -32.999315601462264, 0.0 ], [ -68.891183529620349, -32.998735843393845, 0.0 ], [ -68.890870312553133, -32.998743501147153, 0.0 ], [ -68.890771609760336, -32.998436338062213, 0.0 ], [ -68.890658637426171, -32.998085165979631, 0.0 ], [ -68.890554905828125, -32.998089221899463, 0.0 ] ] ] ] } },
{ "type": "Feature", "properties": { "LAYER": "PARCELARIO_BASE_CATASTRO", "MAP_NAME": "1016_2026.dwg", "ccpp1": "1016 825" }, "geometry": { "type": "MultiPolygon", "coordinates": [ [ [ [ -68.890235424261121, -32.998101713673414, 0.0 ], [ -68.890447752023661, -32.998755009753907, 0.0 ], [ -68.890766438247766, -32.998747257760044, 0.0 ], [ -68.890554905828125, -32.998089221899463, 0.0 ], [ -68.890235424261121, -32.998101713673414, 0.0 ] ] ] ] } },
{ "type": "Feature", "properties": { "LAYER": "PARCELARIO_BASE_CATASTRO", "MAP_NAME": "1016_2026.dwg", "ccpp1": "1016 865" }, "geometry": { "type": "MultiPolygon", "coordinates": [ [ [ [ -68.890965656701226, -32.998073165374919, 0.0 ], [ -68.891183529620349, -32.998735843393845, 0.0 ], [ -68.89137395370291, -32.999315601462264, 0.0 ], [ -68.891645560848389, -32.999306185943119, 0.0 ], [ -68.891860254183428, -32.999298694317652, 0.0 ], [ -68.891982948588677, -32.999294429206387, 0.0 ], [ -68.892034078520012, -32.999292689917802, 0.0 ], [ -68.891654598566817, -32.998061091186308, 0.0 ], [ -68.891611828122819, -32.998061317351507, 0.0 ], [ -68.890965656701226, -32.998073165374919, 0.0 ] ] ] ] } },
{ "type": "Feature", "properties": { "LAYER": "PARCELARIO_BASE_CATASTRO", "MAP_NAME": "1016_2026.dwg", "ccpp1": "1016 906" }, "geometry": { "type": "MultiPolygon", "coordinates": [ [ [ [ -68.890398204001457, -32.995468523998838, 0.0 ], [ -68.890127970145585, -32.995467077333366, 0.0 ], [ -68.890124349130076, -32.995732255541199, 0.0 ], [ -68.8902415550412, -32.995734807587255, 0.0 ], [ -68.89042484855996, -32.995739953959038, 0.0 ], [ -68.890452759703095, -32.995740704301753, 0.0 ], [ -68.89047564302777, -32.995741357355037, 0.0 ], [ -68.890398204001457, -32.995468523998838, 0.0 ] ] ] ] } },
{ "type": "Feature", "properties": { "LAYER": "PARCELARIO_BASE_CATASTRO", "MAP_NAME": "1016_2026.dwg", "ccpp1": "1016 1035" }, "geometry": { "type": "MultiPolygon", "coordinates": [ [ [ [ -68.889878474360685, -32.995465294016832, 0.0 ], [ -68.889689503714848, -32.995463841408373, 0.0 ], [ -68.889540204236681, -32.995463332508457, 0.0 ], [ -68.889535285501339, -32.995463293892939, 0.0 ], [ -68.889532191676579, -32.995719577504957, 0.0 ], [ -68.889889392589012, -32.995727239002981, 0.0 ], [ -68.889878474360685, -32.995465294016832, 0.0 ] ] ] ] } },
{ "type": "Feature", "properties": { "LAYER": "PARCELARIO_BASE_CATASTRO", "MAP_NAME": "1016_2026.dwg", "ccpp1": "1016 105" }, "geometry": { "type": "MultiPolygon", "coordinates": [ [ [ [ -68.888829413297287, -32.995581365950144, 0.0 ], [ -68.888831462559523, -32.995457772457804, 0.0 ], [ -68.888016041488072, -32.995452467973585, 0.0 ], [ -68.888039075783354, -32.995511351399841, 0.0 ], [ -68.888069089654422, -32.995597488460085, 0.0 ], [ -68.888106010156335, -32.995707161051563, 0.0 ], [ -68.888827314811678, -32.9957118530317, 0.0 ], [ -68.888829413297287, -32.995581365950144, 0.0 ] ] ] ] } },
{ "type": "Feature", "properties": { "LAYER": "PARCELARIO_BASE_CATASTRO", "MAP_NAME": "1016_2026.dwg", "ccpp1": "1016 104" }, "geometry": { "type": "MultiPolygon", "coordinates": [ [ [ [ -68.888126557039143, -32.995775711329109, 0.0 ], [ -68.888266494379792, -32.99624244721857, 0.0 ], [ -68.888299540712339, -32.996331457866795, 0.0 ], [ -68.888304071725969, -32.996347971623464, 0.0 ], [ -68.889369511439043, -32.99636130568792, 0.0 ], [ -68.889222109668424, -32.995799064203538, 0.0 ], [ -68.888994619290159, -32.995796764849878, 0.0 ], [ -68.888839106218825, -32.995794176631023, 0.0 ], [ -68.888685195627232, -32.995791049542767, 0.0 ], [ -68.888417588007002, -32.995783390764956, 0.0 ], [ -68.888240143021605, -32.995778348571292, 0.0 ], [ -68.888126557039143, -32.995775711329109, 0.0 ] ] ] ] } },
{ "type": "Feature", "properties": { "LAYER": "PARCELARIO_BASE_CATASTRO", "MAP_NAME": "1016_2026.dwg", "ccpp1": "1016 102" }, "geometry": { "type": "MultiPolygon", "coordinates": [ [ [ [ -68.893129764193745, -32.998063886482207, 0.0 ], [ -68.89333689005241, -32.998578692836027, 0.0 ], [ -68.893649049682551, -32.998514389177551, 0.0 ], [ -68.89384384425108, -32.998474208540259, 0.0 ], [ -68.89352876805701, -32.998055120728864, 0.0 ], [ -68.893129764193745, -32.998063886482207, 0.0 ] ] ] ] } },
{ "type": "Feature", "properties": { "LAYER": "PARCELARIO_BASE_CATASTRO", "MAP_NAME": "1016_2026.dwg", "ccpp1": "1016 86" }, "geometry": { "type": "MultiPolygon", "coordinates": [ [ [ [ -68.888703480917982, -33.000537619423206, 0.0 ], [ -68.888595618086853, -33.000541663715133, 0.0 ], [ -68.888285300129425, -33.000553177635695, 0.0 ], [ -68.888288331269678, -33.000708832205987, 0.0 ], [ -68.888340873405141, -33.000707166927498, 0.0 ], [ -68.888759594675662, -33.000692952509297, 0.0 ], [ -68.889223793649009, -33.00067256810582, 0.0 ], [ -68.889221492991837, -33.000521887849679, 0.0 ], [ -68.888703480917982, -33.000537619423206, 0.0 ] ] ] ] } },
{ "type": "Feature", "properties": { "LAYER": "PARCELARIO_BASE_CATASTRO", "MAP_NAME": "1016_2026.dwg", "ccpp1": "1016 843" }, "geometry": { "type": "MultiPolygon", "coordinates": [ [ [ [ -68.889216044326176, -33.000184476654496, 0.0 ], [ -68.88912894500541, -33.000187905952998, 0.0 ], [ -68.888961702050779, -33.000194489231312, 0.0 ], [ -68.888648189127451, -33.000206831658268, 0.0 ], [ -68.888277531225228, -33.000221423249727, 0.0 ], [ -68.888276658733304, -33.000259094503861, 0.0 ], [ -68.888697927941763, -33.000243095446613, 0.0 ], [ -68.888703480917982, -33.000537619423206, 0.0 ], [ -68.889221492991837, -33.000521887849679, 0.0 ], [ -68.889218033743404, -33.000308483254997, 0.0 ], [ -68.889216044326176, -33.000184476654496, 0.0 ] ] ] ] } },
{ "type": "Feature", "properties": { "LAYER": "PARCELARIO_BASE_CATASTRO", "MAP_NAME": "1016_2026.dwg", "ccpp1": "1016 1" }, "geometry": { "type": "MultiPolygon", "coordinates": [ [ [ [ -68.892643643428244, -33.021525685521688, 0.0 ], [ -68.892616634422268, -33.021523629913844, 0.0 ], [ -68.888371956433247, -33.021171670286186, 0.0 ], [ -68.888142653900431, -33.021152652469453, 0.0 ], [ -68.88583033293051, -33.020955203867757, 0.0 ], [ -68.885809001933012, -33.020953381907646, 0.0 ], [ -68.885424365286099, -33.020939825283087, 0.0 ], [ -68.884931149623142, -33.020987907682638, 0.0 ], [ -68.884874763497265, -33.020995492854269, 0.0 ], [ -68.884845726208425, -33.021109821673917, 0.0 ], [ -68.884799457498573, -33.021129845711286, 0.0 ], [ -68.885067573713727, -33.021419623779487, 0.0 ], [ -68.885398180291233, -33.021776938072797, 0.0 ], [ -68.886227363537856, -33.022650488315328, 0.0 ], [ -68.887131476395567, -33.023594309495657, 0.0 ], [ -68.887453754821948, -33.023945033003876, 0.0 ], [ -68.88775542157849, -33.02416011201182, 0.0 ], [ -68.887920953087516, -33.02427812925584, 0.0 ], [ -68.888547199374756, -33.024796602831977, 0.0 ], [ -68.889120292005401, -33.02527617474432, 0.0 ], [ -68.889384500159949, -33.025605431363985, 0.0 ], [ -68.889729274101484, -33.025990126731124, 0.0 ], [ -68.890033173278496, -33.02628451867713, 0.0 ], [ -68.890237542126485, -33.026482492187114, 0.0 ], [ -68.890323751454389, -33.026566003346588, 0.0 ], [ -68.892864944392926, -33.026263175015956, 0.0 ], [ -68.892918470637454, -33.026256795637899, 0.0 ], [ -68.892971996874323, -33.026250416236856, 0.0 ], [ -68.893025523103574, -33.026244036812841, 0.0 ], [ -68.893079049325152, -33.026237657365826, 0.0 ], [ -68.893131597079176, -33.026231395177057, 0.0 ], [ -68.893563538357611, -33.026179915448274, 0.0 ], [ -68.895380906866649, -33.025981756104862, 0.0 ], [ -68.895368026102147, -33.025877544407706, 0.0 ], [ -68.895295554606463, -33.025291202520549, 0.0 ], [ -68.8952552803066, -33.025287903686923, 0.0 ], [ -68.892936673222977, -33.025097966227833, 0.0 ], [ -68.89270183914158, -33.022237275648834, 0.0 ], [ -68.892698954380961, -33.022202136769124, 0.0 ], [ -68.892695253246174, -33.0221570499289, 0.0 ], [ -68.892655506123759, -33.021672829863803, 0.0 ], [ -68.892643643428244, -33.021525685521688, 0.0 ] ] ] ] } },
{ "type": "Feature", "properties": { "LAYER": "PARCELARIO_BASE_CATASTRO", "MAP_NAME": "1016_2026.dwg", "ccpp1": "1016 962" }, "geometry": { "type": "MultiPolygon", "coordinates": [ [ [ [ -68.892045495259694, -33.004841672881618, 0.0 ], [ -68.891503807937852, -33.004826755717559, 0.0 ], [ -68.891557529414641, -33.005362223689836, 0.0 ], [ -68.892098328862986, -33.005369901204432, 0.0 ], [ -68.892045495259694, -33.004841672881618, 0.0 ] ] ] ] } },
{ "type": "Feature", "properties": { "LAYER": "PARCELARIO_BASE_CATASTRO", "MAP_NAME": "1016_2026.dwg", "ccpp1": "1016 1030" }, "geometry": { "type": "MultiPolygon", "coordinates": [ [ [ [ -68.893135414914298, -33.003988718332067, 0.0 ], [ -68.892688954704951, -33.003976293467147, 0.0 ], [ -68.892643098564562, -33.004174317043329, 0.0 ], [ -68.892583657197534, -33.00443063486675, 0.0 ], [ -68.8929478089306, -33.004439729094479, 0.0 ], [ -68.893135414914298, -33.003988718332067, 0.0 ] ] ] ] } },
{ "type": "Feature", "properties": { "LAYER": "PARCELARIO_BASE_CATASTRO", "MAP_NAME": "1016_2026.dwg", "ccpp1": "1016 831" }, "geometry": { "type": "MultiPolygon", "coordinates": [ [ [ [ -68.890997976671727, -33.005350719683037, 0.0 ], [ -68.890998073155046, -33.00535666992441, 0.0 ], [ -68.891426465082461, -33.005360924062742, 0.0 ], [ -68.891411201881581, -33.004459645406534, 0.0 ], [ -68.890985554230568, -33.004455899457028, 0.0 ], [ -68.890997976671727, -33.005350719683037, 0.0 ] ] ] ] } },
{ "type": "Feature", "properties": { "LAYER": "PARCELARIO_BASE_CATASTRO", "MAP_NAME": "1016_2026.dwg", "ccpp1": "1016 1235" }, "geometry": { "type": "MultiPolygon", "coordinates": [ [ [ [ -68.891629402549228, -33.003372273355758, 0.0 ], [ -68.891357846020071, -33.003359909783853, 0.0 ], [ -68.891384383781059, -33.003626709905532, 0.0 ], [ -68.8916549413957, -33.003634037595376, 0.0 ], [ -68.891925635887262, -33.003641481133606, 0.0 ], [ -68.891943157628347, -33.003817934422408, 0.0 ], [ -68.891980785263812, -33.003819035472503, 0.0 ], [ -68.89193784439469, -33.003386259729112, 0.0 ], [ -68.891910466514048, -33.003384988107825, 0.0 ], [ -68.891629402549228, -33.003372273355758, 0.0 ] ] ] ] } },
{ "type": "Feature", "properties": { "LAYER": "PARCELARIO_BASE_CATASTRO", "MAP_NAME": "1016_2026.dwg", "ccpp1": "1016 2846" }, "geometry": { "type": "MultiPolygon", "coordinates": [ [ [ [ -68.893164291374262, -33.001368117370617, 0.0 ], [ -68.892999023207423, -33.001375334408806, 0.0 ], [ -68.892868866690364, -33.001380336190046, 0.0 ], [ -68.892585125011863, -33.00140221951137, 0.0 ], [ -68.892625612753477, -33.001599632151894, 0.0 ], [ -68.893181182724391, -33.001594303764179, 0.0 ], [ -68.893164291374262, -33.001368117370617, 0.0 ] ] ] ] } },
{ "type": "Feature", "properties": { "LAYER": "PARCELARIO_BASE_CATASTRO", "MAP_NAME": "1016_2026.dwg", "ccpp1": "1016 2847" }, "geometry": { "type": "MultiPolygon", "coordinates": [ [ [ [ -68.893800550570489, -33.000857304328136, 0.0 ], [ -68.893484856154771, -33.000860808893087, 0.0 ], [ -68.893586274021033, -33.0013533719968, 0.0 ], [ -68.893851485813272, -33.001350390516905, 0.0 ], [ -68.893800550570489, -33.000857304328136, 0.0 ] ] ] ] } },
{ "type": "Feature", "properties": { "LAYER": "PARCELARIO_BASE_CATASTRO", "MAP_NAME": "1016_2026.dwg", "ccpp1": "1016 239" }, "geometry": { "type": "MultiPolygon", "coordinates": [ [ [ [ -68.893164736738001, -32.991933465226431, 0.0 ], [ -68.893166112828212, -32.991944016932763, 0.0 ], [ -68.893222620918493, -32.992348779613813, 0.0 ], [ -68.893324697574357, -32.993084100953809, 0.0 ], [ -68.89351581261846, -32.993073220347235, 0.0 ], [ -68.893672219118713, -32.992844416846879, 0.0 ], [ -68.893828890246823, -32.99261554213372, 0.0 ], [ -68.893936906871261, -32.992457671767433, 0.0 ], [ -68.894103871722223, -32.992207344610691, 0.0 ], [ -68.894272010755216, -32.991957651191484, 0.0 ], [ -68.894281425437129, -32.991944075390911, 0.0 ], [ -68.894275452463205, -32.991941784580881, 0.0 ], [ -68.894142666701711, -32.991896907390476, 0.0 ], [ -68.894102678537891, -32.991884961419494, 0.0 ], [ -68.893969989954556, -32.991843964947883, 0.0 ], [ -68.893954702399185, -32.991838629362235, 0.0 ], [ -68.893738696902773, -32.991790241134503, 0.0 ], [ -68.893428343523112, -32.991737068889805, 0.0 ], [ -68.893126108731124, -32.99169503854106, 0.0 ], [ -68.893159964174529, -32.991900184733019, 0.0 ], [ -68.893164736738001, -32.991933465226431, 0.0 ] ] ] ] } },
{ "type": "Feature", "properties": { "LAYER": "PARCELARIO_BASE_CATASTRO", "MAP_NAME": "1016_2026.dwg", "ccpp1": "1016 3009" }, "geometry": { "type": "MultiPolygon", "coordinates": [ [ [ [ -68.892927599413994, -32.991667435830912, 0.0 ], [ -68.892742345771495, -32.991641677303335, 0.0 ], [ -68.892543732271534, -32.991610185859749, 0.0 ], [ -68.892328877706973, -32.991568456875655, 0.0 ], [ -68.892379290653935, -32.991883153346528, 0.0 ], [ -68.892380141472898, -32.991887392865955, 0.0 ], [ -68.892819471179166, -32.991815160473088, 0.0 ], [ -68.892802489030061, -32.991707926513932, 0.0 ], [ -68.892931725854112, -32.991697869184186, 0.0 ], [ -68.892927599413994, -32.991667435830912, 0.0 ] ] ] ] } },
{ "type": "Feature", "properties": { "LAYER": "PARCELARIO_BASE_CATASTRO", "MAP_NAME": "1016_2026.dwg", "ccpp1": "1016 909" }, "geometry": { "type": "MultiPolygon", "coordinates": [ [ [ [ -68.893171112016134, -32.992564512380945, 0.0 ], [ -68.893011812042531, -32.992581838769397, 0.0 ], [ -68.89302561204093, -32.992665534374915, 0.0 ], [ -68.893073808213231, -32.992959554053535, 0.0 ], [ -68.893095559553061, -32.99309715061397, 0.0 ], [ -68.893260623382673, -32.993087750284538, 0.0 ], [ -68.893209305124174, -32.99264561938049, 0.0 ], [ -68.893182878794875, -32.992648568704205, 0.0 ], [ -68.893171112016134, -32.992564512380945, 0.0 ] ] ] ] } },
{ "type": "Feature", "properties": { "LAYER": "PARCELARIO_BASE_CATASTRO", "MAP_NAME": "1016_2026.dwg", "ccpp1": "1016 947" }, "geometry": { "type": "MultiPolygon", "coordinates": [ [ [ [ -68.893011812042531, -32.992581838769397, 0.0 ], [ -68.892827581816434, -32.992601844081953, 0.0 ], [ -68.892844145024114, -32.992700872398451, 0.0 ], [ -68.892866018020456, -32.992832188023669, 0.0 ], [ -68.892877898802183, -32.992912005684168, 0.0 ], [ -68.892895007107924, -32.993003640702263, 0.0 ], [ -68.892912835682424, -32.993107559885274, 0.0 ], [ -68.893095559553061, -32.99309715061397, 0.0 ], [ -68.893073808213231, -32.992959554053535, 0.0 ], [ -68.89302561204093, -32.992665534374915, 0.0 ], [ -68.893011812042531, -32.992581838769397, 0.0 ] ] ] ] } },
{ "type": "Feature", "properties": { "LAYER": "PARCELARIO_BASE_CATASTRO", "MAP_NAME": "1016_2026.dwg", "ccpp1": "1016 2934" }, "geometry": { "type": "MultiPolygon", "coordinates": [ [ [ [ -68.892328877706973, -32.991568456875655, 0.0 ], [ -68.892314111577093, -32.991565589430245, 0.0 ], [ -68.892203626839802, -32.991545730222811, 0.0 ], [ -68.892030032892592, -32.991521751598881, 0.0 ], [ -68.891971732831806, -32.991518704897125, 0.0 ], [ -68.891989480929837, -32.991613777806791, 0.0 ], [ -68.891947862884962, -32.991615629009296, 0.0 ], [ -68.891982352628773, -32.991839742855895, 0.0 ], [ -68.892379290653935, -32.991883153346528, 0.0 ], [ -68.892328877706973, -32.991568456875655, 0.0 ] ] ] ] } },
{ "type": "Feature", "properties": { "LAYER": "PARCELARIO_BASE_CATASTRO", "MAP_NAME": "1016_2026.dwg", "ccpp1": "1016 565" }, "geometry": { "type": "MultiPolygon", "coordinates": [ [ [ [ -68.891627137066976, -32.992391422175409, 0.0 ], [ -68.891697883092931, -32.992796004907788, 0.0 ], [ -68.891710525769113, -32.992867884971687, 0.0 ], [ -68.891759477804811, -32.993159793168587, 0.0 ], [ -68.89207240086138, -32.993147106048546, 0.0 ], [ -68.891950345498799, -32.992372268435872, 0.0 ], [ -68.891810297663255, -32.992382406449622, 0.0 ], [ -68.891758516959229, -32.992384971025665, 0.0 ], [ -68.891706628188473, -32.992387533683136, 0.0 ], [ -68.891627137066976, -32.992391422175409, 0.0 ] ] ] ] } },
{ "type": "Feature", "properties": { "LAYER": "PARCELARIO_BASE_CATASTRO", "MAP_NAME": "1016_2026.dwg", "ccpp1": "1016 684" }, "geometry": { "type": "MultiPolygon", "coordinates": [ [ [ [ -68.891567775282965, -32.991950692897767, 0.0 ], [ -68.891573172182504, -32.991999661378593, 0.0 ], [ -68.89158027446706, -32.992052238951338, 0.0 ], [ -68.891590979732214, -32.992131600374869, 0.0 ], [ -68.891593949704287, -32.992152795079576, 0.0 ], [ -68.891604129241955, -32.992225482729246, 0.0 ], [ -68.891609326515606, -32.99226272832427, 0.0 ], [ -68.891614520472388, -32.992300064985415, 0.0 ], [ -68.891627137066976, -32.992391422175409, 0.0 ], [ -68.891706628188473, -32.992387533683136, 0.0 ], [ -68.891758516959229, -32.992384971025665, 0.0 ], [ -68.891810297663255, -32.992382406449622, 0.0 ], [ -68.891950345498799, -32.992372268435872, 0.0 ], [ -68.891996671561543, -32.99236879738465, 0.0 ], [ -68.891932153076581, -32.991946366066188, 0.0 ], [ -68.891567775282965, -32.991950692897767, 0.0 ] ] ] ] } },
{ "type": "Feature", "properties": { "LAYER": "PARCELARIO_BASE_CATASTRO", "MAP_NAME": "1016_2026.dwg", "ccpp1": "1016 3336" }, "geometry": { "type": "MultiPolygon", "coordinates": [ [ [ [ -68.891528900661228, -32.991710078040107, 0.0 ], [ -68.891542976341881, -32.99179719322013, 0.0 ], [ -68.891565996579942, -32.991939674657125, 0.0 ], [ -68.891567775282965, -32.991950692897767, 0.0 ], [ -68.891932153076581, -32.991946366066188, 0.0 ], [ -68.891895091037597, -32.991705751988313, 0.0 ], [ -68.891528900661228, -32.991710078040107, 0.0 ] ] ] ] } },
{ "type": "Feature", "properties": { "LAYER": "PARCELARIO_BASE_CATASTRO", "MAP_NAME": "1016_2026.dwg", "ccpp1": "1016 1159" }, "geometry": { "type": "MultiPolygon", "coordinates": [ [ [ [ -68.89126330283041, -32.992559139752991, 0.0 ], [ -68.891080105522349, -32.992594216727746, 0.0 ], [ -68.8911665872821, -32.993166254053492, 0.0 ], [ -68.891358742156953, -32.993152384086969, 0.0 ], [ -68.89131224362184, -32.992863247822896, 0.0 ], [ -68.891274019111037, -32.992630207577676, 0.0 ], [ -68.89126330283041, -32.992559139752991, 0.0 ] ] ] ] } },
{ "type": "Feature", "properties": { "LAYER": "PARCELARIO_BASE_CATASTRO", "MAP_NAME": "1016_2026.dwg", "ccpp1": "1016 986" }, "geometry": { "type": "MultiPolygon", "coordinates": [ [ [ [ -68.891121320850942, -32.991712110935715, 0.0 ], [ -68.890970447902887, -32.99173378364889, 0.0 ], [ -68.890989550899022, -32.99185733646231, 0.0 ], [ -68.891006214069947, -32.991964656945484, 0.0 ], [ -68.890985026258519, -32.991967703250047, 0.0 ], [ -68.891039364728556, -32.992318883730384, 0.0 ], [ -68.891222874102922, -32.99229237302098, 0.0 ], [ -68.891219052524548, -32.992268563603091, 0.0 ], [ -68.891121320850942, -32.991712110935715, 0.0 ] ] ] ] } },
{ "type": "Feature", "properties": { "LAYER": "PARCELARIO_BASE_CATASTRO", "MAP_NAME": "1016_2026.dwg", "ccpp1": "1016 571" }, "geometry": { "type": "MultiPolygon", "coordinates": [ [ [ [ -68.890605167910266, -32.992712055603867, 0.0 ], [ -68.890375019298816, -32.992732928652103, 0.0 ], [ -68.890393288060707, -32.992839259667562, 0.0 ], [ -68.890402104289947, -32.992890574652421, 0.0 ], [ -68.890407307160274, -32.992922048661043, 0.0 ], [ -68.890420051192393, -32.992998526594697, 0.0 ], [ -68.890429606891374, -32.993056695874834, 0.0 ], [ -68.890446169406459, -32.993158514288176, 0.0 ], [ -68.890452066808592, -32.993192574925416, 0.0 ], [ -68.890684175820027, -32.993185439595131, 0.0 ], [ -68.890605167910266, -32.992712055603867, 0.0 ] ] ] ] } },
{ "type": "Feature", "properties": { "LAYER": "PARCELARIO_BASE_CATASTRO", "MAP_NAME": "1016_2026.dwg", "ccpp1": "1016 635" }, "geometry": { "type": "MultiPolygon", "coordinates": [ [ [ [ -68.888552485134554, -32.992826298767035, 0.0 ], [ -68.88850283464339, -32.992831209156464, 0.0 ], [ -68.88848742837159, -32.992831916739696, 0.0 ], [ -68.888468169998802, -32.992832799412263, 0.0 ], [ -68.888360961040235, -32.992837385108501, 0.0 ], [ -68.888365192541073, -32.992875802150309, 0.0 ], [ -68.888369759000199, -32.992903127056564, 0.0 ], [ -68.888383023754585, -32.992991236397671, 0.0 ], [ -68.888408817658103, -32.993155189799836, 0.0 ], [ -68.888414126022553, -32.993189008344608, 0.0 ], [ -68.88842155481349, -32.993238339436729, 0.0 ], [ -68.888569956340149, -32.993230095385314, 0.0 ], [ -68.888611259184131, -32.993227699514257, 0.0 ], [ -68.888594921553121, -32.993116325987415, 0.0 ], [ -68.888552485134554, -32.992826298767035, 0.0 ] ] ] ] } },
{ "type": "Feature", "properties": { "LAYER": "PARCELARIO_BASE_CATASTRO", "MAP_NAME": "1016_2026.dwg", "ccpp1": "1016 572" }, "geometry": { "type": "MultiPolygon", "coordinates": [ [ [ [ -68.890002995352077, -32.992331940201119, 0.0 ], [ -68.890005434832545, -32.992348352879688, 0.0 ], [ -68.890039531262687, -32.992545950355208, 0.0 ], [ -68.890073413629253, -32.992743726158984, 0.0 ], [ -68.890089875402438, -32.992841848559884, 0.0 ], [ -68.890112060309377, -32.992981543320262, 0.0 ], [ -68.890129592808847, -32.993079124746544, 0.0 ], [ -68.890152836705568, -32.993201773006149, 0.0 ], [ -68.890363595573263, -32.993195294531375, 0.0 ], [ -68.890222863851861, -32.992320611169092, 0.0 ], [ -68.890002995352077, -32.992331940201119, 0.0 ] ] ] ] } },
{ "type": "Feature", "properties": { "LAYER": "PARCELARIO_BASE_CATASTRO", "MAP_NAME": "1016_2026.dwg", "ccpp1": "1016 722" }, "geometry": { "type": "MultiPolygon", "coordinates": [ [ [ [ -68.889587687205434, -32.991552285335757, 0.0 ], [ -68.889363328753959, -32.991556851201295, 0.0 ], [ -68.888933231177461, -32.991565905413864, 0.0 ], [ -68.888948933870836, -32.991670069447778, 0.0 ], [ -68.888972803721913, -32.991830503613798, 0.0 ], [ -68.888986917094257, -32.991924834334057, 0.0 ], [ -68.889015122776243, -32.992126121034694, 0.0 ], [ -68.889028066676687, -32.992213689928882, 0.0 ], [ -68.889045250562049, -32.992330566203364, 0.0 ], [ -68.889051510973928, -32.99237241050087, 0.0 ], [ -68.889088649978632, -32.992618250676905, 0.0 ], [ -68.889094590852963, -32.992658110996274, 0.0 ], [ -68.889136098018483, -32.992919102304974, 0.0 ], [ -68.889178324594496, -32.993203089704231, 0.0 ], [ -68.889182783928774, -32.993231586665061, 0.0 ], [ -68.889605290277345, -32.993218602259162, 0.0 ], [ -68.889666019396628, -32.993216735822543, 0.0 ], [ -68.889847012303136, -32.993211173046987, 0.0 ], [ -68.889799205744367, -32.992917849008279, 0.0 ], [ -68.889798249834328, -32.992912167597254, 0.0 ], [ -68.889797719282896, -32.992909462096883, 0.0 ], [ -68.889776908572102, -32.992781941137402, 0.0 ], [ -68.889764696743512, -32.99270816953986, 0.0 ], [ -68.889758114308904, -32.992666866903704, 0.0 ], [ -68.889744626405459, -32.99258678153268, 0.0 ], [ -68.88973868131923, -32.99255007711065, 0.0 ], [ -68.889730186945457, -32.992498400788264, 0.0 ], [ -68.889717338151968, -32.992420661239606, 0.0 ], [ -68.889699287690689, -32.992310726307274, 0.0 ], [ -68.889690687436499, -32.99225904988679, 0.0 ], [ -68.889682191933687, -32.992207465528871, 0.0 ], [ -68.889671573476804, -32.992143975348242, 0.0 ], [ -68.889669558112672, -32.992129004819752, 0.0 ], [ -68.889636257643744, -32.991894440058907, 0.0 ], [ -68.889629365516171, -32.991845019334399, 0.0 ], [ -68.889589169971387, -32.991562747008203, 0.0 ], [ -68.889587687205434, -32.991552285335757, 0.0 ] ] ] ] } },
{ "type": "Feature", "properties": { "LAYER": "PARCELARIO_BASE_CATASTRO", "MAP_NAME": "1016_2026.dwg", "ccpp1": "1016 265" }, "geometry": { "type": "MultiPolygon", "coordinates": [ [ [ [ -68.888920225799978, -32.99263792613327, 0.0 ], [ -68.888781336730162, -32.992652580986125, 0.0 ], [ -68.888747739750187, -32.99265606398987, 0.0 ], [ -68.888530844470495, -32.992678669454136, 0.0 ], [ -68.888537632341851, -32.992725473471225, 0.0 ], [ -68.888552485134554, -32.992826298767035, 0.0 ], [ -68.888594921553121, -32.993116325987415, 0.0 ], [ -68.888611259184131, -32.993227699514257, 0.0 ], [ -68.888987306151648, -32.993211378647366, 0.0 ], [ -68.889004058785957, -32.993189936326459, 0.0 ], [ -68.888969351798934, -32.992967183053779, 0.0 ], [ -68.888961184866957, -32.992909827308608, 0.0 ], [ -68.888920225799978, -32.99263792613327, 0.0 ] ] ] ] } },
{ "type": "Feature", "properties": { "LAYER": "PARCELARIO_BASE_CATASTRO", "MAP_NAME": "1016_2026.dwg", "ccpp1": "1016 2698" }, "geometry": { "type": "MultiPolygon", "coordinates": [ [ [ [ -68.888860058579297, -32.992243464463435, 0.0 ], [ -68.888472066236375, -32.992284571316354, 0.0 ], [ -68.88850814021508, -32.992525178281234, 0.0 ], [ -68.888508564458547, -32.992528154195469, 0.0 ], [ -68.888530844470495, -32.992678669454136, 0.0 ], [ -68.888747739750187, -32.99265606398987, 0.0 ], [ -68.888781336730162, -32.992652580986125, 0.0 ], [ -68.888920225799978, -32.99263792613327, 0.0 ], [ -68.888860058579297, -32.992243464463435, 0.0 ] ] ] ] } },
{ "type": "Feature", "properties": { "LAYER": "PARCELARIO_BASE_CATASTRO", "MAP_NAME": "1016_2026.dwg", "ccpp1": "1016 602" }, "geometry": { "type": "MultiPolygon", "coordinates": [ [ [ [ -68.88879978286657, -32.991848912475959, 0.0 ], [ -68.888412754953919, -32.991890201245369, 0.0 ], [ -68.888452860825538, -32.992156691790527, 0.0 ], [ -68.888458698730844, -32.992195651274947, 0.0 ], [ -68.888472066236375, -32.992284571316354, 0.0 ], [ -68.888860058579297, -32.992243464463435, 0.0 ], [ -68.88879978286657, -32.991848912475959, 0.0 ] ] ] ] } },
{ "type": "Feature", "properties": { "LAYER": "PARCELARIO_BASE_CATASTRO", "MAP_NAME": "1016_2026.dwg", "ccpp1": "1016 2699" }, "geometry": { "type": "MultiPolygon", "coordinates": [ [ [ [ -68.888933231177461, -32.991565905413864, 0.0 ], [ -68.888727915973291, -32.991570220179035, 0.0 ], [ -68.888365647061718, -32.991577357289437, 0.0 ], [ -68.888375301494264, -32.991641749303056, 0.0 ], [ -68.888383364635672, -32.991695317057584, 0.0 ], [ -68.888412754953919, -32.991890201245369, 0.0 ], [ -68.88879978286657, -32.991848912475959, 0.0 ], [ -68.888972803721913, -32.991830503613798, 0.0 ], [ -68.888948933870836, -32.991670069447778, 0.0 ], [ -68.888933231177461, -32.991565905413864, 0.0 ] ] ] ] } },
{ "type": "Feature", "properties": { "LAYER": "PARCELARIO_BASE_CATASTRO", "MAP_NAME": "1016_2026.dwg", "ccpp1": "1016 675" }, "geometry": { "type": "MultiPolygon", "coordinates": [ [ [ [ -68.88850814021508, -32.992525178281234, 0.0 ], [ -68.888357811337244, -32.992533781209211, 0.0 ], [ -68.888312122923168, -32.992536262340231, 0.0 ], [ -68.888260550559124, -32.992538917622774, 0.0 ], [ -68.888241826885633, -32.992540073045618, 0.0 ], [ -68.888127982912138, -32.992545914951791, 0.0 ], [ -68.888133072612362, -32.992581626838195, 0.0 ], [ -68.88815598090045, -32.992742511112553, 0.0 ], [ -68.888168187735005, -32.992820881415412, 0.0 ], [ -68.888169566522166, -32.992830530597992, 0.0 ], [ -68.888172435461726, -32.992847214198498, 0.0 ], [ -68.888184311761179, -32.992845782151043, 0.0 ], [ -68.888193298970918, -32.992845340262171, 0.0 ], [ -68.888360961040235, -32.992837385108501, 0.0 ], [ -68.888468169998802, -32.992832799412263, 0.0 ], [ -68.88848742837159, -32.992831916739696, 0.0 ], [ -68.88850283464339, -32.992831209156464, 0.0 ], [ -68.888552485134554, -32.992826298767035, 0.0 ], [ -68.888537632341851, -32.992725473471225, 0.0 ], [ -68.888530844470495, -32.992678669454136, 0.0 ], [ -68.888508564458547, -32.992528154195469, 0.0 ], [ -68.88850814021508, -32.992525178281234, 0.0 ] ] ] ] } },
{ "type": "Feature", "properties": { "LAYER": "PARCELARIO_BASE_CATASTRO", "MAP_NAME": "1016_2026.dwg", "ccpp1": "1016 3173" }, "geometry": { "type": "MultiPolygon", "coordinates": [ [ [ [ -68.888458698730844, -32.992195651274947, 0.0 ], [ -68.88808247873115, -32.992231178836981, 0.0 ], [ -68.888127982912138, -32.992545914951791, 0.0 ], [ -68.888241826885633, -32.992540073045618, 0.0 ], [ -68.888260550559124, -32.992538917622774, 0.0 ], [ -68.888312122923168, -32.992536262340231, 0.0 ], [ -68.888357811337244, -32.992533781209211, 0.0 ], [ -68.88850814021508, -32.992525178281234, 0.0 ], [ -68.888472066236375, -32.992284571316354, 0.0 ], [ -68.888458698730844, -32.992195651274947, 0.0 ] ] ] ] } },
{ "type": "Feature", "properties": { "LAYER": "PARCELARIO_BASE_CATASTRO", "MAP_NAME": "1016_2026.dwg", "ccpp1": "1016 279" }, "geometry": { "type": "MultiPolygon", "coordinates": [ [ [ [ -68.887496746111736, -32.991696817002669, 0.0 ], [ -68.886839560532877, -32.991740464834265, 0.0 ], [ -68.886841243046376, -32.991761836115579, 0.0 ], [ -68.886856407411244, -32.991869242350695, 0.0 ], [ -68.886910333556898, -32.991866407640487, 0.0 ], [ -68.887094373130651, -32.991853958826063, 0.0 ], [ -68.887331803980601, -32.991837684323237, 0.0 ], [ -68.887361870281268, -32.991835550129245, 0.0 ], [ -68.887450785847321, -32.99182950341126, 0.0 ], [ -68.887511346423224, -32.9918252308359, 0.0 ], [ -68.88749716901863, -32.991699973254995, 0.0 ], [ -68.887496746111736, -32.991696817002669, 0.0 ] ] ] ] } },
{ "type": "Feature", "properties": { "LAYER": "PARCELARIO_BASE_CATASTRO", "MAP_NAME": "1016_2026.dwg", "ccpp1": "1016 276" }, "geometry": { "type": "MultiPolygon", "coordinates": [ [ [ [ -68.886888947546268, -32.992110297430159, 0.0 ], [ -68.886893585888259, -32.992164762948939, 0.0 ], [ -68.886893687858247, -32.992169541931673, 0.0 ], [ -68.886897701657389, -32.992278291471258, 0.0 ], [ -68.88721893723725, -32.992254431518134, 0.0 ], [ -68.887273186695253, -32.992250785434024, 0.0 ], [ -68.887435933621219, -32.992237595550407, 0.0 ], [ -68.887543897088889, -32.99222895197493, 0.0 ], [ -68.887549141525071, -32.992228506761272, 0.0 ], [ -68.887560054103034, -32.992227614911464, 0.0 ], [ -68.887555394810306, -32.992190189298775, 0.0 ], [ -68.887539294756408, -32.992061412554605, 0.0 ], [ -68.887279390630184, -32.992081363140123, 0.0 ], [ -68.887202671578137, -32.992087151152774, 0.0 ], [ -68.887158160007317, -32.992090715839737, 0.0 ], [ -68.887087860299616, -32.992095967674992, 0.0 ], [ -68.886986959087039, -32.99210344687156, 0.0 ], [ -68.886888947546268, -32.992110297430159, 0.0 ] ] ] ] } },
{ "type": "Feature", "properties": { "LAYER": "PARCELARIO_BASE_CATASTRO", "MAP_NAME": "1016_2026.dwg", "ccpp1": "1016 119" }, "geometry": { "type": "MultiPolygon", "coordinates": [ [ [ [ -68.886220990941965, -32.990686011319909, 0.0 ], [ -68.885683095160246, -32.99073175803899, 0.0 ], [ -68.885794559361869, -32.991163051280679, 0.0 ], [ -68.885812913106633, -32.991283625060419, 0.0 ], [ -68.886254654081895, -32.991301087996639, 0.0 ], [ -68.886350619453083, -32.991305599012009, 0.0 ], [ -68.88640914226383, -32.991306554845465, 0.0 ], [ -68.886466056657497, -32.991309405416864, 0.0 ], [ -68.886550468551846, -32.99131155870608, 0.0 ], [ -68.886385675670624, -32.990998784628744, 0.0 ], [ -68.886220990941965, -32.990686011319909, 0.0 ] ] ] ] } },
{ "type": "Feature", "properties": { "LAYER": "PARCELARIO_BASE_CATASTRO", "MAP_NAME": "1016_2026.dwg", "ccpp1": "1016 294" }, "geometry": { "type": "MultiPolygon", "coordinates": [ [ [ [ -68.884628831875588, -32.99015175892719, 0.0 ], [ -68.884658061006164, -32.99021788070872, 0.0 ], [ -68.884729963692109, -32.99038016523275, 0.0 ], [ -68.884875579089027, -32.990708879924135, 0.0 ], [ -68.884907347541258, -32.990780797860019, 0.0 ], [ -68.885153338479597, -32.990767951242027, 0.0 ], [ -68.885683095160246, -32.99073175803899, 0.0 ], [ -68.886220990941965, -32.990686011319909, 0.0 ], [ -68.886129413933489, -32.990444974322699, 0.0 ], [ -68.886031738262176, -32.990274280577147, 0.0 ], [ -68.885830727858774, -32.989924774373677, 0.0 ], [ -68.885797624720453, -32.989875330357712, 0.0 ], [ -68.88576680263553, -32.989882425417683, 0.0 ], [ -68.885552541721268, -32.989934428240232, 0.0 ], [ -68.884992382457568, -32.990071133572762, 0.0 ], [ -68.884736282175012, -32.990127066534825, 0.0 ], [ -68.884628831875588, -32.99015175892719, 0.0 ] ] ] ] } },
{ "type": "Feature", "properties": { "LAYER": "PARCELARIO_BASE_CATASTRO", "MAP_NAME": "1016_2026.dwg", "ccpp1": "1016 1049" }, "geometry": { "type": "MultiPolygon", "coordinates": [ [ [ [ -68.885477255596172, -32.989411104780977, 0.0 ], [ -68.884662944153263, -32.989589406826717, 0.0 ], [ -68.884393037814817, -32.989648482209347, 0.0 ], [ -68.8845572422412, -32.989998313775502, 0.0 ], [ -68.884560559967142, -32.989997595500704, 0.0 ], [ -68.884624991378232, -32.990143099272743, 0.0 ], [ -68.884628831875588, -32.99015175892719, 0.0 ], [ -68.884736282175012, -32.990127066534825, 0.0 ], [ -68.884992382457568, -32.990071133572762, 0.0 ], [ -68.885552541721268, -32.989934428240232, 0.0 ], [ -68.88576680263553, -32.989882425417683, 0.0 ], [ -68.885797624720453, -32.989875330357712, 0.0 ], [ -68.885795488924998, -32.989872172532145, 0.0 ], [ -68.885762492702682, -32.989822818772069, 0.0 ], [ -68.885645773483446, -32.98965228852223, 0.0 ], [ -68.885477255596172, -32.989411104780977, 0.0 ] ] ] ] } },
{ "type": "Feature", "properties": { "LAYER": "PARCELARIO_BASE_CATASTRO", "MAP_NAME": "1016_2026.dwg", "ccpp1": "1016 955" }, "geometry": { "type": "MultiPolygon", "coordinates": [ [ [ [ -68.884564000277365, -32.9894078933144, 0.0 ], [ -68.884662944153263, -32.989589406826717, 0.0 ], [ -68.885477255596172, -32.989411104780977, 0.0 ], [ -68.885356582154941, -32.989238767268525, 0.0 ], [ -68.884564000277365, -32.9894078933144, 0.0 ] ] ] ] } },
{ "type": "Feature", "properties": { "LAYER": "PARCELARIO_BASE_CATASTRO", "MAP_NAME": "1016_2026.dwg", "ccpp1": "1016 979" }, "geometry": { "type": "MultiPolygon", "coordinates": [ [ [ [ -68.887986452623167, -32.9925330653938, 0.0 ], [ -68.887807864364333, -32.992551379518247, 0.0 ], [ -68.887602632784294, -32.992569759573428, 0.0 ], [ -68.887611217504315, -32.992636131657562, 0.0 ], [ -68.88761428908299, -32.992660841283907, 0.0 ], [ -68.887622862506035, -32.992736140863613, 0.0 ], [ -68.887624662050428, -32.992749757811332, 0.0 ], [ -68.887643404710545, -32.99290676211421, 0.0 ], [ -68.887646368169285, -32.99293237241708, 0.0 ], [ -68.887654307807665, -32.992999555423566, 0.0 ], [ -68.887724176286852, -32.992996557978188, 0.0 ], [ -68.887792226890056, -32.992993556155, 0.0 ], [ -68.887874504572423, -32.992989937701047, 0.0 ], [ -68.888060568945193, -32.992983984969207, 0.0 ], [ -68.887986452623167, -32.9925330653938, 0.0 ] ] ] ] } },
{ "type": "Feature", "properties": { "LAYER": "PARCELARIO_BASE_CATASTRO", "MAP_NAME": "1016_2026.dwg", "ccpp1": "1016 978" }, "geometry": { "type": "MultiPolygon", "coordinates": [ [ [ [ -68.887925931262217, -32.992163943697619, 0.0 ], [ -68.887555394810306, -32.992190189298775, 0.0 ], [ -68.887560054103034, -32.992227614911464, 0.0 ], [ -68.887560371930064, -32.99223095140416, 0.0 ], [ -68.887567115048753, -32.992313463665525, 0.0 ], [ -68.887573261593388, -32.992360176090216, 0.0 ], [ -68.887576230956455, -32.992381099483097, 0.0 ], [ -68.887956829811486, -32.992351706079234, 0.0 ], [ -68.887925931262217, -32.992163943697619, 0.0 ] ] ] ] } },
{ "type": "Feature", "properties": { "LAYER": "PARCELARIO_BASE_CATASTRO", "MAP_NAME": "1016_2026.dwg", "ccpp1": "1016 3022" }, "geometry": { "type": "MultiPolygon", "coordinates": [ [ [ [ -68.892786063968273, -32.992354094197069, 0.0 ], [ -68.892704226548503, -32.992356172595436, 0.0 ], [ -68.892635334104412, -32.992443480511071, 0.0 ], [ -68.892557332973254, -32.992542230049686, 0.0 ], [ -68.892486719440654, -32.992550361906943, 0.0 ], [ -68.89251654898564, -32.992735699432728, 0.0 ], [ -68.89271993281217, -32.992714089822499, 0.0 ], [ -68.892844145024114, -32.992700872398451, 0.0 ], [ -68.892827581816434, -32.992601844081953, 0.0 ], [ -68.892786063968273, -32.992354094197069, 0.0 ] ] ] ] } },
{ "type": "Feature", "properties": { "LAYER": "PARCELARIO_BASE_CATASTRO", "MAP_NAME": "1016_2026.dwg", "ccpp1": "1016 859" }, "geometry": { "type": "MultiPolygon", "coordinates": [ [ [ [ -68.892844145024114, -32.992700872398451, 0.0 ], [ -68.89271993281217, -32.992714089822499, 0.0 ], [ -68.89251654898564, -32.992735699432728, 0.0 ], [ -68.892579387483494, -32.993126559426692, 0.0 ], [ -68.892912835682424, -32.993107559885274, 0.0 ], [ -68.892895007107924, -32.993003640702263, 0.0 ], [ -68.892877898802183, -32.992912005684168, 0.0 ], [ -68.892866018020456, -32.992832188023669, 0.0 ], [ -68.892844145024114, -32.992700872398451, 0.0 ] ] ] ] } },
{ "type": "Feature", "properties": { "LAYER": "PARCELARIO_BASE_CATASTRO", "MAP_NAME": "1016_2026.dwg", "ccpp1": "1016 3746" }, "geometry": { "type": "MultiPolygon", "coordinates": [ [ [ [ -68.893347801559884, -32.990369848484079, 0.0 ], [ -68.89329260301038, -32.990371145725263, 0.0 ], [ -68.893219753292527, -32.990372785814429, 0.0 ], [ -68.893091382005053, -32.990375632569076, 0.0 ], [ -68.892962794583724, -32.990378478104823, 0.0 ], [ -68.892815700884285, -32.990381848630008, 0.0 ], [ -68.89273974512588, -32.990383484871082, 0.0 ], [ -68.892522685362493, -32.990388318764211, 0.0 ], [ -68.892533212301572, -32.990610065709774, 0.0 ], [ -68.892536548842429, -32.990680311980775, 0.0 ], [ -68.892544260692432, -32.990843894674768, 0.0 ], [ -68.89254478329299, -32.99085498666178, 0.0 ], [ -68.893158059581737, -32.990859483024174, 0.0 ], [ -68.893247060966047, -32.990860114582794, 0.0 ], [ -68.893253273644859, -32.991024057520839, 0.0 ], [ -68.893510214511082, -32.991025856660059, 0.0 ], [ -68.893533297477475, -32.991636320216379, 0.0 ], [ -68.89400716566405, -32.991714962844327, 0.0 ], [ -68.894093881070944, -32.991404128971148, 0.0 ], [ -68.894250047221334, -32.991151532809766, 0.0 ], [ -68.894237058484478, -32.991104536286734, 0.0 ], [ -68.894177477893095, -32.991022591831708, 0.0 ], [ -68.894054622440734, -32.990817579588757, 0.0 ], [ -68.894048216661901, -32.990809547418273, 0.0 ], [ -68.894038415527902, -32.990776802789973, 0.0 ], [ -68.894059016687052, -32.990726236150842, 0.0 ], [ -68.894153368636083, -32.990484018227747, 0.0 ], [ -68.894013599667318, -32.990354844330781, 0.0 ], [ -68.893828219463273, -32.990359070795456, 0.0 ], [ -68.893816775107638, -32.990359328861999, 0.0 ], [ -68.893347801559884, -32.990369848484079, 0.0 ] ] ] ] } },
{ "type": "Feature", "properties": { "LAYER": "PARCELARIO_BASE_CATASTRO", "MAP_NAME": "1016_2026.dwg", "ccpp1": "1016 1240" }, "geometry": { "type": "MultiPolygon", "coordinates": [ [ [ [ -68.89254478329299, -32.99085498666178, 0.0 ], [ -68.892544260692432, -32.990843894674768, 0.0 ], [ -68.892016313812434, -32.990855004126828, 0.0 ], [ -68.892019539026037, -32.991013710301189, 0.0 ], [ -68.892217774774181, -32.991009668038828, 0.0 ], [ -68.892284531486808, -32.99100820090942, 0.0 ], [ -68.892296724783535, -32.991008031993886, 0.0 ], [ -68.892394612374943, -32.991005875722607, 0.0 ], [ -68.892551765550991, -32.991002608126529, 0.0 ], [ -68.89254478329299, -32.99085498666178, 0.0 ] ] ] ] } },
{ "type": "Feature", "properties": { "LAYER": "PARCELARIO_BASE_CATASTRO", "MAP_NAME": "1016_2026.dwg", "ccpp1": "1016 2619" }, "geometry": { "type": "MultiPolygon", "coordinates": [ [ [ [ -68.891526723132159, -32.990811060283008, 0.0 ], [ -68.891360150933053, -32.990813963133462, 0.0 ], [ -68.891369301938539, -32.991197562802206, 0.0 ], [ -68.891536282387463, -32.991209629045521, 0.0 ], [ -68.891526723132159, -32.990811060283008, 0.0 ] ] ] ] } },
{ "type": "Feature", "properties": { "LAYER": "PARCELARIO_BASE_CATASTRO", "MAP_NAME": "1016_2026.dwg", "ccpp1": "1016 2673" }, "geometry": { "type": "MultiPolygon", "coordinates": [ [ [ [ -68.891360150933053, -32.990813963133462, 0.0 ], [ -68.891292644653319, -32.990815160416311, 0.0 ], [ -68.891162124035745, -32.990817287383102, 0.0 ], [ -68.891170868967961, -32.991183212026435, 0.0 ], [ -68.891369301938539, -32.991197562802206, 0.0 ], [ -68.891360150933053, -32.990813963133462, 0.0 ] ] ] ] } },
{ "type": "Feature", "properties": { "LAYER": "PARCELARIO_BASE_CATASTRO", "MAP_NAME": "1016_2026.dwg", "ccpp1": "1016 1213" }, "geometry": { "type": "MultiPolygon", "coordinates": [ [ [ [ -68.891955313347026, -32.990615986930024, 0.0 ], [ -68.891287855999835, -32.990622819378409, 0.0 ], [ -68.891288475779447, -32.990640042863888, 0.0 ], [ -68.891292644653319, -32.990815160416311, 0.0 ], [ -68.891360150933053, -32.990813963133462, 0.0 ], [ -68.891526723132159, -32.990811060283008, 0.0 ], [ -68.891756521495282, -32.990807226503755, 0.0 ], [ -68.891961282775085, -32.990803731311409, 0.0 ], [ -68.891957676653377, -32.990692545019336, 0.0 ], [ -68.891955313347026, -32.990615986930024, 0.0 ] ] ] ] } },
{ "type": "Feature", "properties": { "LAYER": "PARCELARIO_BASE_CATASTRO", "MAP_NAME": "1016_2026.dwg", "ccpp1": "1016 2580" }, "geometry": { "type": "MultiPolygon", "coordinates": [ [ [ [ -68.891948411823321, -32.990401188698698, 0.0 ], [ -68.891731667490916, -32.990406117969115, 0.0 ], [ -68.89139841445288, -32.990413637991701, 0.0 ], [ -68.89116711324202, -32.990418825025046, 0.0 ], [ -68.891171543682788, -32.990641281796684, 0.0 ], [ -68.891288475779447, -32.990640042863888, 0.0 ], [ -68.891287855999835, -32.990622819378409, 0.0 ], [ -68.891955313347026, -32.990615986930024, 0.0 ], [ -68.891948411823321, -32.990401188698698, 0.0 ] ] ] ] } },
{ "type": "Feature", "properties": { "LAYER": "PARCELARIO_BASE_CATASTRO", "MAP_NAME": "1016_2026.dwg", "ccpp1": "1016 1200" }, "geometry": { "type": "MultiPolygon", "coordinates": [ [ [ [ -68.89116711324202, -32.990418825025046, 0.0 ], [ -68.891060451385911, -32.990421245888278, 0.0 ], [ -68.891050178592195, -32.990421507428415, 0.0 ], [ -68.890881037191377, -32.990425221613933, 0.0 ], [ -68.890723231976281, -32.990428766959795, 0.0 ], [ -68.890527662221629, -32.990433178876479, 0.0 ], [ -68.89053451149023, -32.990601713855959, 0.0 ], [ -68.890536483197167, -32.990650408885209, 0.0 ], [ -68.89107333315583, -32.990642719994177, 0.0 ], [ -68.891171543682788, -32.990641281796684, 0.0 ], [ -68.89116711324202, -32.990418825025046, 0.0 ] ] ] ] } },
{ "type": "Feature", "properties": { "LAYER": "PARCELARIO_BASE_CATASTRO", "MAP_NAME": "1016_2026.dwg", "ccpp1": "1016 1214" }, "geometry": { "type": "MultiPolygon", "coordinates": [ [ [ [ -68.890795857548213, -32.990869863602427, 0.0 ], [ -68.890802237253425, -32.991073477012236, 0.0 ], [ -68.890804501232239, -32.991145615907691, 0.0 ], [ -68.890807279463203, -32.991233716749086, 0.0 ], [ -68.891024610367182, -32.991193710732354, 0.0 ], [ -68.891084313197666, -32.991189531252004, 0.0 ], [ -68.891077871288687, -32.990863553835027, 0.0 ], [ -68.890795857548213, -32.990869863602427, 0.0 ] ] ] ] } },
{ "type": "Feature", "properties": { "LAYER": "PARCELARIO_BASE_CATASTRO", "MAP_NAME": "1016_2026.dwg", "ccpp1": "1016 1186" }, "geometry": { "type": "MultiPolygon", "coordinates": [ [ [ [ -68.889959605674846, -32.991084838658992, 0.0 ], [ -68.889966676869861, -32.991297018648709, 0.0 ], [ -68.890076290437619, -32.991293966539104, 0.0 ], [ -68.890548659420674, -32.991267369948787, 0.0 ], [ -68.890549557670226, -32.991233106085431, 0.0 ], [ -68.890552150899595, -32.991127608470634, 0.0 ], [ -68.8905535035003, -32.991071974343186, 0.0 ], [ -68.890553403252568, -32.991067374797723, 0.0 ], [ -68.890069281595103, -32.991081336672927, 0.0 ], [ -68.889959605674846, -32.991084838658992, 0.0 ] ] ] ] } },
{ "type": "Feature", "properties": { "LAYER": "PARCELARIO_BASE_CATASTRO", "MAP_NAME": "1016_2026.dwg", "ccpp1": "1016 1086" }, "geometry": { "type": "MultiPolygon", "coordinates": [ [ [ [ -68.89053451149023, -32.990601713855959, 0.0 ], [ -68.890053815392179, -32.990616311656176, 0.0 ], [ -68.889944113074279, -32.990619993941905, 0.0 ], [ -68.889954253027824, -32.990924238842986, 0.0 ], [ -68.890064026274075, -32.990919745101557, 0.0 ], [ -68.890546655876548, -32.990901183381318, 0.0 ], [ -68.890545617654226, -32.990875483756248, 0.0 ], [ -68.890536483197167, -32.990650408885209, 0.0 ], [ -68.89053451149023, -32.990601713855959, 0.0 ] ] ] ] } },
{ "type": "Feature", "properties": { "LAYER": "PARCELARIO_BASE_CATASTRO", "MAP_NAME": "1016_2026.dwg", "ccpp1": "1016 1132" }, "geometry": { "type": "MultiPolygon", "coordinates": [ [ [ [ -68.890527662221629, -32.990433178876479, 0.0 ], [ -68.890048146522446, -32.990443990644863, 0.0 ], [ -68.889938343780713, -32.990446861327513, 0.0 ], [ -68.889944113074279, -32.990619993941905, 0.0 ], [ -68.890053815392179, -32.990616311656176, 0.0 ], [ -68.89053451149023, -32.990601713855959, 0.0 ], [ -68.890527662221629, -32.990433178876479, 0.0 ] ] ] ] } },
{ "type": "Feature", "properties": { "LAYER": "PARCELARIO_BASE_CATASTRO", "MAP_NAME": "1016_2026.dwg", "ccpp1": "1016 3167" }, "geometry": { "type": "MultiPolygon", "coordinates": [ [ [ [ -68.893076843474361, -32.989939228805532, 0.0 ], [ -68.893077666757506, -32.989966318617441, 0.0 ], [ -68.893091382005053, -32.990375632569076, 0.0 ], [ -68.893219753292527, -32.990372785814429, 0.0 ], [ -68.893205216691669, -32.989936032215518, 0.0 ], [ -68.893076843474361, -32.989939228805532, 0.0 ] ] ] ] } },
{ "type": "Feature", "properties": { "LAYER": "PARCELARIO_BASE_CATASTRO", "MAP_NAME": "1016_2026.dwg", "ccpp1": "1016 2614" }, "geometry": { "type": "MultiPolygon", "coordinates": [ [ [ [ -68.892504076622004, -32.989953494780906, 0.0 ], [ -68.892518193660791, -32.990388405065616, 0.0 ], [ -68.892522685362493, -32.990388318764211, 0.0 ], [ -68.89273974512588, -32.990383484871082, 0.0 ], [ -68.892725313153733, -32.989947985543587, 0.0 ], [ -68.892504076622004, -32.989953494780906, 0.0 ] ] ] ] } },
{ "type": "Feature", "properties": { "LAYER": "PARCELARIO_BASE_CATASTRO", "MAP_NAME": "1016_2026.dwg", "ccpp1": "1016 2607" }, "geometry": { "type": "MultiPolygon", "coordinates": [ [ [ [ -68.892335411121593, -32.989957382912245, 0.0 ], [ -68.892349524100865, -32.990392198397991, 0.0 ], [ -68.892517918506343, -32.990388411253939, 0.0 ], [ -68.892504075552068, -32.989953494779989, 0.0 ], [ -68.892335411121593, -32.989957382912245, 0.0 ] ] ] ] } },
{ "type": "Feature", "properties": { "LAYER": "PARCELARIO_BASE_CATASTRO", "MAP_NAME": "1016_2026.dwg", "ccpp1": "1016 2944" }, "geometry": { "type": "MultiPolygon", "coordinates": [ [ [ [ -68.891717546649843, -32.989973097514707, 0.0 ], [ -68.891731667490916, -32.990406117969115, 0.0 ], [ -68.891948411823321, -32.990401188698698, 0.0 ], [ -68.89204662080553, -32.990399031174022, 0.0 ], [ -68.892032612773292, -32.989965244424305, 0.0 ], [ -68.891717546649843, -32.989973097514707, 0.0 ] ] ] ] } },
{ "type": "Feature", "properties": { "LAYER": "PARCELARIO_BASE_CATASTRO", "MAP_NAME": "1016_2026.dwg", "ccpp1": "1016 2609" }, "geometry": { "type": "MultiPolygon", "coordinates": [ [ [ [ -68.891383975422315, -32.989981414308474, 0.0 ], [ -68.891384181655837, -32.98998774426601, 0.0 ], [ -68.89139841445288, -32.990413637991701, 0.0 ], [ -68.891731667490916, -32.990406117969115, 0.0 ], [ -68.891717546649843, -32.989973097514707, 0.0 ], [ -68.891383975422315, -32.989981414308474, 0.0 ] ] ] ] } },
{ "type": "Feature", "properties": { "LAYER": "PARCELARIO_BASE_CATASTRO", "MAP_NAME": "1016_2026.dwg", "ccpp1": "1016 2610" }, "geometry": { "type": "MultiPolygon", "coordinates": [ [ [ [ -68.891045690936338, -32.989989848726545, 0.0 ], [ -68.891060451385911, -32.990421245888278, 0.0 ], [ -68.89116711324202, -32.990418825025046, 0.0 ], [ -68.89139841445288, -32.990413637991701, 0.0 ], [ -68.891384181655837, -32.98998774426601, 0.0 ], [ -68.891383975422315, -32.989981414308474, 0.0 ], [ -68.891045690936338, -32.989989848726545, 0.0 ] ] ] ] } },
{ "type": "Feature", "properties": { "LAYER": "PARCELARIO_BASE_CATASTRO", "MAP_NAME": "1016_2026.dwg", "ccpp1": "1016 2781" }, "geometry": { "type": "MultiPolygon", "coordinates": [ [ [ [ -68.890708365072854, -32.989998262328534, 0.0 ], [ -68.890723231976281, -32.990428766959795, 0.0 ], [ -68.890881037191377, -32.990425221613933, 0.0 ], [ -68.891050178592195, -32.990421507428415, 0.0 ], [ -68.891060451385911, -32.990421245888278, 0.0 ], [ -68.891045690936338, -32.989989848726545, 0.0 ], [ -68.890708365072854, -32.989998262328534, 0.0 ] ] ] ] } },
{ "type": "Feature", "properties": { "LAYER": "PARCELARIO_BASE_CATASTRO", "MAP_NAME": "1016_2026.dwg", "ccpp1": "1016 2613" }, "geometry": { "type": "MultiPolygon", "coordinates": [ [ [ [ -68.889931861708916, -32.990252357415571, 0.0 ], [ -68.889933747304141, -32.99030895468443, 0.0 ], [ -68.890379049001098, -32.990298954586748, 0.0 ], [ -68.890376414255911, -32.990241419823299, 0.0 ], [ -68.890368787938442, -32.990006732553233, 0.0 ], [ -68.889924471771934, -32.990017815498717, 0.0 ], [ -68.889931159274198, -32.990231255733768, 0.0 ], [ -68.889931861708916, -32.990252357415571, 0.0 ] ] ] ] } },
{ "type": "Feature", "properties": { "LAYER": "PARCELARIO_BASE_CATASTRO", "MAP_NAME": "1016_2026.dwg", "ccpp1": "1016 2810" }, "geometry": { "type": "MultiPolygon", "coordinates": [ [ [ [ -68.892393441037399, -32.989373567422462, 0.0 ], [ -68.892190071697243, -32.989378059080813, 0.0 ], [ -68.892177340341945, -32.989378318591086, 0.0 ], [ -68.892194866068124, -32.989821614792717, 0.0 ], [ -68.892566090473892, -32.989811705214329, 0.0 ], [ -68.89255198598218, -32.989369846575507, 0.0 ], [ -68.892398147850855, -32.989373392044719, 0.0 ], [ -68.892393441037399, -32.989373567422462, 0.0 ] ] ] ] } },
{ "type": "Feature", "properties": { "LAYER": "PARCELARIO_BASE_CATASTRO", "MAP_NAME": "1016_2026.dwg", "ccpp1": "1016 2632" }, "geometry": { "type": "MultiPolygon", "coordinates": [ [ [ [ -68.891985900787475, -32.989382694884668, 0.0 ], [ -68.892003510257936, -32.989826725149882, 0.0 ], [ -68.892194866068124, -32.989821614792717, 0.0 ], [ -68.892177340341945, -32.989378318591086, 0.0 ], [ -68.891985900787475, -32.989382694884668, 0.0 ] ] ] ] } },
{ "type": "Feature", "properties": { "LAYER": "PARCELARIO_BASE_CATASTRO", "MAP_NAME": "1016_2026.dwg", "ccpp1": "1016 2633" }, "geometry": { "type": "MultiPolygon", "coordinates": [ [ [ [ -68.891841305638479, -32.989831055270017, 0.0 ], [ -68.891823669933544, -32.989386391982592, 0.0 ], [ -68.891763427207522, -32.989387746394335, 0.0 ], [ -68.891728015900981, -32.989388613764866, 0.0 ], [ -68.891467511960457, -32.989394404502711, 0.0 ], [ -68.891485246762556, -32.989840564709027, 0.0 ], [ -68.891841305638479, -32.989831055270017, 0.0 ] ] ] ] } },
{ "type": "Feature", "properties": { "LAYER": "PARCELARIO_BASE_CATASTRO", "MAP_NAME": "1016_2026.dwg", "ccpp1": "1016 2634" }, "geometry": { "type": "MultiPolygon", "coordinates": [ [ [ [ -68.891462985033257, -32.989394507393023, 0.0 ], [ -68.891311422619765, -32.989397952086186, 0.0 ], [ -68.891022771363964, -32.989409562969755, 0.0 ], [ -68.891040510100339, -32.989852443836675, 0.0 ], [ -68.891485246762556, -32.989840564709027, 0.0 ], [ -68.891467511960457, -32.989394404502711, 0.0 ], [ -68.891462985033257, -32.989394507393023, 0.0 ] ] ] ] } },
{ "type": "Feature", "properties": { "LAYER": "PARCELARIO_BASE_CATASTRO", "MAP_NAME": "1016_2026.dwg", "ccpp1": "1016 2634" }, "geometry": { "type": "MultiPolygon", "coordinates": [ [ [ [ -68.891467511960442, -32.989394404502704, 0.0 ], [ -68.891311422619765, -32.989397952086186, 0.0 ], [ -68.891245509086502, -32.989400603491276, 0.0 ], [ -68.891265767699664, -32.989846427297508, 0.0 ], [ -68.891485246762556, -32.989840564709027, 0.0 ], [ -68.891467511960442, -32.989394404502704, 0.0 ] ] ] ] } },
{ "type": "Feature", "properties": { "LAYER": "PARCELARIO_BASE_CATASTRO", "MAP_NAME": "1016_2026.dwg", "ccpp1": "1016 2635" }, "geometry": { "type": "MultiPolygon", "coordinates": [ [ [ [ -68.89068875400153, -32.989423001755455, 0.0 ], [ -68.890705969143042, -32.989861381934624, 0.0 ], [ -68.891040510100339, -32.989852443836675, 0.0 ], [ -68.891022771363964, -32.989409562969755, 0.0 ], [ -68.89068875400153, -32.989423001755455, 0.0 ] ] ] ] } },
{ "type": "Feature", "properties": { "LAYER": "PARCELARIO_BASE_CATASTRO", "MAP_NAME": "1016_2026.dwg", "ccpp1": "1016 2637" }, "geometry": { "type": "MultiPolygon", "coordinates": [ [ [ [ -68.890369611301381, -32.989435912603227, 0.0 ], [ -68.890060519887655, -32.989448425730366, 0.0 ], [ -68.889906668096032, -32.989456756027032, 0.0 ], [ -68.889920255310983, -32.989882375269488, 0.0 ], [ -68.890386614153684, -32.989869914089773, 0.0 ], [ -68.890369611301381, -32.989435912603227, 0.0 ] ] ] ] } },
{ "type": "Feature", "properties": { "LAYER": "PARCELARIO_BASE_CATASTRO", "MAP_NAME": "1016_2026.dwg", "ccpp1": "1016 2755" }, "geometry": { "type": "MultiPolygon", "coordinates": [ [ [ [ -68.889833863351271, -32.990685353106883, 0.0 ], [ -68.88945203816921, -32.990690218317894, 0.0 ], [ -68.889049161401559, -32.990705709765074, 0.0 ], [ -68.889088647813224, -32.990934784494542, 0.0 ], [ -68.889470363684367, -32.990920619494645, 0.0 ], [ -68.889840650246242, -32.990907357545758, 0.0 ], [ -68.889833863351271, -32.990685353106883, 0.0 ] ] ] ] } },
{ "type": "Feature", "properties": { "LAYER": "PARCELARIO_BASE_CATASTRO", "MAP_NAME": "1016_2026.dwg", "ccpp1": "1016 3366" }, "geometry": { "type": "MultiPolygon", "coordinates": [ [ [ [ -68.889827222483589, -32.990468126778822, 0.0 ], [ -68.889815478947938, -32.990083986371026, 0.0 ], [ -68.889819258216804, -32.990056218030695, 0.0 ], [ -68.889402643588227, -32.990067995309801, 0.0 ], [ -68.889418651311516, -32.990269270273004, 0.0 ], [ -68.889435187106159, -32.990477851088137, 0.0 ], [ -68.88945203816921, -32.990690218317894, 0.0 ], [ -68.889833863351271, -32.990685353106883, 0.0 ], [ -68.889827222483589, -32.990468126778822, 0.0 ] ] ] ] } },
{ "type": "Feature", "properties": { "LAYER": "PARCELARIO_BASE_CATASTRO", "MAP_NAME": "1016_2026.dwg", "ccpp1": "1016 1028" }, "geometry": { "type": "MultiPolygon", "coordinates": [ [ [ [ -68.889373643799502, -32.989732893530508, 0.0 ], [ -68.889398361288642, -32.989985123722917, 0.0 ], [ -68.889402643588227, -32.990067995309801, 0.0 ], [ -68.889469650208753, -32.990066101193634, 0.0 ], [ -68.889656206505961, -32.990060751048183, 0.0 ], [ -68.889687793971376, -32.99005993454395, 0.0 ], [ -68.889742114967703, -32.990058398898348, 0.0 ], [ -68.889786919420985, -32.990057132265981, 0.0 ], [ -68.889819258216804, -32.990056218030695, 0.0 ], [ -68.889812506461098, -32.989894716171783, 0.0 ], [ -68.889811397833213, -32.989840611820547, 0.0 ], [ -68.889807334885063, -32.989722125065725, 0.0 ], [ -68.889373643799502, -32.989732893530508, 0.0 ] ] ] ] } },
{ "type": "Feature", "properties": { "LAYER": "PARCELARIO_BASE_CATASTRO", "MAP_NAME": "1016_2026.dwg", "ccpp1": "1016 1036" }, "geometry": { "type": "MultiPolygon", "coordinates": [ [ [ [ -68.889346174964274, -32.989455503171293, 0.0 ], [ -68.889247427098084, -32.989457303736117, 0.0 ], [ -68.889036658535929, -32.989463777304479, 0.0 ], [ -68.888832202848732, -32.989468272446317, 0.0 ], [ -68.88887839226355, -32.989727288055505, 0.0 ], [ -68.889371636414637, -32.989713325343452, 0.0 ], [ -68.889355157722392, -32.989544961180385, 0.0 ], [ -68.889346174964274, -32.989455503171293, 0.0 ] ] ] ] } },
{ "type": "Feature", "properties": { "LAYER": "PARCELARIO_BASE_CATASTRO", "MAP_NAME": "1016_2026.dwg", "ccpp1": "1016 1003" }, "geometry": { "type": "MultiPolygon", "coordinates": [ [ [ [ -68.888111418951624, -32.989988323228623, 0.0 ], [ -68.887703622972523, -32.990462140437792, 0.0 ], [ -68.887831799568019, -32.990543234419825, 0.0 ], [ -68.888236573601745, -32.990257147905865, 0.0 ], [ -68.888222810137904, -32.990227288249578, 0.0 ], [ -68.888211288360381, -32.990202391629467, 0.0 ], [ -68.888111418951624, -32.989988323228623, 0.0 ] ] ] ] } },
{ "type": "Feature", "properties": { "LAYER": "PARCELARIO_BASE_CATASTRO", "MAP_NAME": "1016_2026.dwg", "ccpp1": "1016 1001" }, "geometry": { "type": "MultiPolygon", "coordinates": [ [ [ [ -68.888111418951624, -32.989988323228623, 0.0 ], [ -68.887892085020525, -32.989995870102099, 0.0 ], [ -68.887672431713682, -32.990002966365722, 0.0 ], [ -68.887516594235933, -32.99038901554637, 0.0 ], [ -68.887703622972523, -32.990462140437792, 0.0 ], [ -68.888111418951624, -32.989988323228623, 0.0 ] ] ] ] } },
{ "type": "Feature", "properties": { "LAYER": "PARCELARIO_BASE_CATASTRO", "MAP_NAME": "1016_2026.dwg", "ccpp1": "1016 994" }, "geometry": { "type": "MultiPolygon", "coordinates": [ [ [ [ -68.887260618264762, -32.99001610144866, 0.0 ], [ -68.887012502079116, -32.990023531519846, 0.0 ], [ -68.887110468688959, -32.990387187405233, 0.0 ], [ -68.887311830640229, -32.990379803318653, 0.0 ], [ -68.887330270230237, -32.990014094967691, 0.0 ], [ -68.887260618264762, -32.99001610144866, 0.0 ] ] ] ] } },
{ "type": "Feature", "properties": { "LAYER": "PARCELARIO_BASE_CATASTRO", "MAP_NAME": "1016_2026.dwg", "ccpp1": "1016 993" }, "geometry": { "type": "MultiPolygon", "coordinates": [ [ [ [ -68.886938785083089, -32.990025805547781, 0.0 ], [ -68.886693023879133, -32.99003314785034, 0.0 ], [ -68.886797540851774, -32.990208716348718, 0.0 ], [ -68.886908142691524, -32.990394571195559, 0.0 ], [ -68.887110468688959, -32.990387187405233, 0.0 ], [ -68.887012502079116, -32.990023531519846, 0.0 ], [ -68.886938785083089, -32.990025805547781, 0.0 ] ] ] ] } },
{ "type": "Feature", "properties": { "LAYER": "PARCELARIO_BASE_CATASTRO", "MAP_NAME": "1016_2026.dwg", "ccpp1": "1016 1008" }, "geometry": { "type": "MultiPolygon", "coordinates": [ [ [ [ -68.887008127746427, -32.990937485183814, 0.0 ], [ -68.886546768973304, -32.990952557651994, 0.0 ], [ -68.886644928677086, -32.991158599883647, 0.0 ], [ -68.887101585217181, -32.991145054753176, 0.0 ], [ -68.887008127746427, -32.990937485183814, 0.0 ] ] ] ] } },
{ "type": "Feature", "properties": { "LAYER": "PARCELARIO_BASE_CATASTRO", "MAP_NAME": "1016_2026.dwg", "ccpp1": "1016 1069" }, "geometry": { "type": "MultiPolygon", "coordinates": [ [ [ [ -68.887597130585405, -32.990914870740653, 0.0 ], [ -68.887605199725201, -32.991047699624616, 0.0 ], [ -68.887609495755655, -32.991119297594324, 0.0 ], [ -68.887618911727913, -32.991118945398483, 0.0 ], [ -68.887938715093753, -32.991107346011553, 0.0 ], [ -68.88796642445088, -32.991108275259869, 0.0 ], [ -68.887898154328838, -32.990947527821987, 0.0 ], [ -68.887880875337828, -32.990905583396533, 0.0 ], [ -68.887597130585405, -32.990914870740653, 0.0 ] ] ] ] } },
{ "type": "Feature", "properties": { "LAYER": "PARCELARIO_BASE_CATASTRO", "MAP_NAME": "1016_2026.dwg", "ccpp1": "1016 998" }, "geometry": { "type": "MultiPolygon", "coordinates": [ [ [ [ -68.887590209670364, -32.990803866190923, 0.0 ], [ -68.887422658750722, -32.990809838529678, 0.0 ], [ -68.887422869304871, -32.990812543752398, 0.0 ], [ -68.887435846699418, -32.991124362782912, 0.0 ], [ -68.887609495755655, -32.991119297594324, 0.0 ], [ -68.887605199725201, -32.991047699624616, 0.0 ], [ -68.887597130585405, -32.990914870740653, 0.0 ], [ -68.887590209670364, -32.990803866190923, 0.0 ] ] ] ] } },
{ "type": "Feature", "properties": { "LAYER": "PARCELARIO_BASE_CATASTRO", "MAP_NAME": "1016_2026.dwg", "ccpp1": "1016 2630" }, "geometry": { "type": "MultiPolygon", "coordinates": [ [ [ [ -68.888577147567261, -32.990993258235392, 0.0 ], [ -68.88862857649579, -32.991104938118688, 0.0 ], [ -68.888633056345824, -32.991114320463211, 0.0 ], [ -68.88872866115841, -32.991318284920425, 0.0 ], [ -68.888732699135005, -32.991326819290379, 0.0 ], [ -68.888916206121777, -32.991321619505982, 0.0 ], [ -68.888863302761706, -32.990985060036564, 0.0 ], [ -68.888577147567261, -32.990993258235392, 0.0 ] ] ] ] } },
{ "type": "Feature", "properties": { "LAYER": "PARCELARIO_BASE_CATASTRO", "MAP_NAME": "1016_2026.dwg", "ccpp1": "1016 2626" }, "geometry": { "type": "MultiPolygon", "coordinates": [ [ [ [ -68.888111418951624, -32.989988323228623, 0.0 ], [ -68.888211288360381, -32.990202391629467, 0.0 ], [ -68.888737808158098, -32.990186669578947, 0.0 ], [ -68.888703403069783, -32.989967783692315, 0.0 ], [ -68.888407357125871, -32.989977963595408, 0.0 ], [ -68.888111418951624, -32.989988323228623, 0.0 ] ] ] ] } },
{ "type": "Feature", "properties": { "LAYER": "PARCELARIO_BASE_CATASTRO", "MAP_NAME": "1016_2026.dwg", "ccpp1": "1016 1043" }, "geometry": { "type": "MultiPolygon", "coordinates": [ [ [ [ -68.888703403069783, -32.989967783692315, 0.0 ], [ -68.888635946095178, -32.989588553606431, 0.0 ], [ -68.888600133739004, -32.989565347639129, 0.0 ], [ -68.888117283880661, -32.989580761106666, 0.0 ], [ -68.888110459262435, -32.989900947989817, 0.0 ], [ -68.888111418951624, -32.989988323228623, 0.0 ], [ -68.888407357125871, -32.989977963595408, 0.0 ], [ -68.888703403069783, -32.989967783692315, 0.0 ] ] ] ] } },
{ "type": "Feature", "properties": { "LAYER": "PARCELARIO_BASE_CATASTRO", "MAP_NAME": "1016_2026.dwg", "ccpp1": "1016 899" }, "geometry": { "type": "MultiPolygon", "coordinates": [ [ [ [ -68.8879236432645, -32.9894933843822, 0.0 ], [ -68.887886623554593, -32.989494430456737, 0.0 ], [ -68.887456842483331, -32.989504662884407, 0.0 ], [ -68.887179416066189, -32.989512065966608, 0.0 ], [ -68.886750484716259, -32.989525366041804, 0.0 ], [ -68.886415925702437, -32.989529830227241, 0.0 ], [ -68.886095916374757, -32.989535297733525, 0.0 ], [ -68.885886322779484, -32.989537984517014, 0.0 ], [ -68.885948485102148, -32.989648138874863, 0.0 ], [ -68.886607312541329, -32.989624869698837, 0.0 ], [ -68.886927864487177, -32.98961362973413, 0.0 ], [ -68.887251516041644, -32.989602305184206, 0.0 ], [ -68.887260618264762, -32.99001610144866, 0.0 ], [ -68.887330270230237, -32.990014094967691, 0.0 ], [ -68.887672431713682, -32.990002966365722, 0.0 ], [ -68.887892085020525, -32.989995870102099, 0.0 ], [ -68.888111418951624, -32.989988323228623, 0.0 ], [ -68.888110459262435, -32.989900947989817, 0.0 ], [ -68.888117283880661, -32.989580761106666, 0.0 ], [ -68.88811847311851, -32.98948788755294, 0.0 ], [ -68.8879236432645, -32.9894933843822, 0.0 ] ] ] ] } },
{ "type": "Feature", "properties": { "LAYER": "PARCELARIO_BASE_CATASTRO", "MAP_NAME": "1016_2026.dwg", "ccpp1": "1016 977" }, "geometry": { "type": "MultiPolygon", "coordinates": [ [ [ [ -68.886937351866834, -32.989974227381474, 0.0 ], [ -68.886938785083089, -32.990025805547781, 0.0 ], [ -68.887012502079116, -32.990023531519846, 0.0 ], [ -68.887260618264762, -32.99001610144866, 0.0 ], [ -68.887251516041644, -32.989602305184206, 0.0 ], [ -68.886927864487177, -32.98961362973413, 0.0 ], [ -68.886937351866834, -32.989974227381474, 0.0 ] ] ] ] } },
{ "type": "Feature", "properties": { "LAYER": "PARCELARIO_BASE_CATASTRO", "MAP_NAME": "1016_2026.dwg", "ccpp1": "1016 1053" }, "geometry": { "type": "MultiPolygon", "coordinates": [ [ [ [ -68.886607312541329, -32.989624869698837, 0.0 ], [ -68.886612059160527, -32.98976093989176, 0.0 ], [ -68.886616380655468, -32.989896466885511, 0.0 ], [ -68.886100606873896, -32.989917708063501, 0.0 ], [ -68.886150652480538, -32.990006394036349, 0.0 ], [ -68.886937351866834, -32.989974227381474, 0.0 ], [ -68.886927864487177, -32.98961362973413, 0.0 ], [ -68.886607312541329, -32.989624869698837, 0.0 ] ] ] ] } },
{ "type": "Feature", "properties": { "LAYER": "PARCELARIO_BASE_CATASTRO", "MAP_NAME": "1016_2026.dwg", "ccpp1": "1016 2900" }, "geometry": { "type": "MultiPolygon", "coordinates": [ [ [ [ -68.885948485102148, -32.989648138874863, 0.0 ], [ -68.886100606873896, -32.989917708063501, 0.0 ], [ -68.886616380655468, -32.989896466885511, 0.0 ], [ -68.886612059160527, -32.98976093989176, 0.0 ], [ -68.886607312541329, -32.989624869698837, 0.0 ], [ -68.885948485102148, -32.989648138874863, 0.0 ] ] ] ] } },
{ "type": "Feature", "properties": { "LAYER": "PARCELARIO_BASE_CATASTRO", "MAP_NAME": "1016_2026.dwg", "ccpp1": "1016 896" }, "geometry": { "type": "MultiPolygon", "coordinates": [ [ [ [ -68.892411499177598, -32.988877096569233, 0.0 ], [ -68.892099320709036, -32.988889959233148, 0.0 ], [ -68.892072897024519, -32.988890746103529, 0.0 ], [ -68.892047006270758, -32.988891441457923, 0.0 ], [ -68.891878829952631, -32.988896691588117, 0.0 ], [ -68.891853580268119, -32.98889810789818, 0.0 ], [ -68.891707227410919, -32.988902205417013, 0.0 ], [ -68.891626561351373, -32.988905284992384, 0.0 ], [ -68.891556482538149, -32.98890891381604, 0.0 ], [ -68.891763427207522, -32.989387746394335, 0.0 ], [ -68.891855752521835, -32.989385671380546, 0.0 ], [ -68.891984223098149, -32.989382733107185, 0.0 ], [ -68.892177340341945, -32.989378318591086, 0.0 ], [ -68.892190071697243, -32.989378059080813, 0.0 ], [ -68.892393441037399, -32.989373567422462, 0.0 ], [ -68.892389915734583, -32.989369957672722, 0.0 ], [ -68.892368560936774, -32.98933747435413, 0.0 ], [ -68.892351691097147, -32.989311309348786, 0.0 ], [ -68.892318912411753, -32.989260599573186, 0.0 ], [ -68.892315923283206, -32.989255997536354, 0.0 ], [ -68.89226712787783, -32.989179756447562, 0.0 ], [ -68.892202425906135, -32.989078969655864, 0.0 ], [ -68.892150535006365, -32.98899866559136, 0.0 ], [ -68.892138579491785, -32.988977735434275, 0.0 ], [ -68.892211969051786, -32.988975552728419, 0.0 ], [ -68.892342273221004, -32.988971440782194, 0.0 ], [ -68.89236441821231, -32.988970739432723, 0.0 ], [ -68.892432566227527, -32.988968552078795, 0.0 ], [ -68.892498360310327, -32.988966451025554, 0.0 ], [ -68.892494728248252, -32.988962659047708, 0.0 ], [ -68.892468443026857, -32.988937475992294, 0.0 ], [ -68.89243874729145, -32.988902280466291, 0.0 ], [ -68.892411499177598, -32.988877096569233, 0.0 ] ] ] ] } },
{ "type": "Feature", "properties": { "LAYER": "PARCELARIO_BASE_CATASTRO", "MAP_NAME": "1016_2026.dwg", "ccpp1": "1016 296" }, "geometry": { "type": "MultiPolygon", "coordinates": [ [ [ [ -68.891240070636727, -32.988880388144864, 0.0 ], [ -68.891240491120413, -32.988885618243259, 0.0 ], [ -68.891242520353487, -32.988890309637782, 0.0 ], [ -68.89141384156936, -32.989281458751648, 0.0 ], [ -68.891423229436171, -32.989303017017093, 0.0 ], [ -68.891462985033257, -32.989394507393023, 0.0 ], [ -68.891467511960457, -32.989394404502711, 0.0 ], [ -68.891728015900981, -32.989388613764866, 0.0 ], [ -68.891763427207522, -32.989387746394335, 0.0 ], [ -68.891556482538149, -32.98890891381604, 0.0 ], [ -68.891470464149265, -32.988913342060641, 0.0 ], [ -68.891447838224025, -32.988871660362683, 0.0 ], [ -68.891388889079394, -32.988874129291091, 0.0 ], [ -68.891380649091246, -32.988874571159108, 0.0 ], [ -68.891276017366977, -32.988878980371844, 0.0 ], [ -68.891256654067917, -32.988879773216965, 0.0 ], [ -68.891240070636727, -32.988880388144864, 0.0 ] ] ] ] } },
{ "type": "Feature", "properties": { "LAYER": "PARCELARIO_BASE_CATASTRO", "MAP_NAME": "1016_2026.dwg", "ccpp1": "1016 1018" }, "geometry": { "type": "MultiPolygon", "coordinates": [ [ [ [ -68.890671648470928, -32.988903652763426, 0.0 ], [ -68.890453716082831, -32.988910118846739, 0.0 ], [ -68.890466629498675, -32.989105441730004, 0.0 ], [ -68.890483994289141, -32.989335934849393, 0.0 ], [ -68.890695724096574, -32.98932702875522, 0.0 ], [ -68.890671648470928, -32.988903652763426, 0.0 ] ] ] ] } },
{ "type": "Feature", "properties": { "LAYER": "PARCELARIO_BASE_CATASTRO", "MAP_NAME": "1016_2026.dwg", "ccpp1": "1016 2796" }, "geometry": { "type": "MultiPolygon", "coordinates": [ [ [ [ -68.891101844100703, -32.988885126813301, 0.0 ], [ -68.891069107451884, -32.988886266833255, 0.0 ], [ -68.891048565209417, -32.988886969351469, 0.0 ], [ -68.891011547888425, -32.988888918032998, 0.0 ], [ -68.890888299777757, -32.988893128531195, 0.0 ], [ -68.890914083098323, -32.989320744762828, 0.0 ], [ -68.89107948264467, -32.989315581875672, 0.0 ], [ -68.891126128451987, -32.989314455785312, 0.0 ], [ -68.891101844100703, -32.988885126813301, 0.0 ] ] ] ] } },
{ "type": "Feature", "properties": { "LAYER": "PARCELARIO_BASE_CATASTRO", "MAP_NAME": "1016_2026.dwg", "ccpp1": "1016 2754" }, "geometry": { "type": "MultiPolygon", "coordinates": [ [ [ [ -68.890453716082831, -32.988910118846739, 0.0 ], [ -68.89027718796747, -32.988915271127674, 0.0 ], [ -68.890239528601768, -32.98891640750594, 0.0 ], [ -68.890189993987136, -32.988917713765602, 0.0 ], [ -68.890009506024569, -32.988923764765211, 0.0 ], [ -68.8899564402263, -32.988925426689462, 0.0 ], [ -68.889854281464281, -32.988930289532348, 0.0 ], [ -68.889875704465936, -32.988980264090472, 0.0 ], [ -68.889934163427696, -32.989121978251951, 0.0 ], [ -68.890466629498675, -32.989105441730004, 0.0 ], [ -68.890453716082831, -32.988910118846739, 0.0 ] ] ] ] } },
{ "type": "Feature", "properties": { "LAYER": "PARCELARIO_BASE_CATASTRO", "MAP_NAME": "1016_2026.dwg", "ccpp1": "1016 2794" }, "geometry": { "type": "MultiPolygon", "coordinates": [ [ [ [ -68.890466629498675, -32.989105441730004, 0.0 ], [ -68.889934163427696, -32.989121978251951, 0.0 ], [ -68.889940340763758, -32.989136951550222, 0.0 ], [ -68.889953673535771, -32.989169336243172, 0.0 ], [ -68.889965938681982, -32.989199014959993, 0.0 ], [ -68.889978097915218, -32.989228692680527, 0.0 ], [ -68.889983109084881, -32.98924105008301, 0.0 ], [ -68.890004655240247, -32.989293640492726, 0.0 ], [ -68.890013188279553, -32.989314026831153, 0.0 ], [ -68.890019695241065, -32.989329812827201, 0.0 ], [ -68.890026307343504, -32.989346230991643, 0.0 ], [ -68.890259751133215, -32.989340951470886, 0.0 ], [ -68.890483994289141, -32.989335934849393, 0.0 ], [ -68.890466629498675, -32.989105441730004, 0.0 ] ] ] ] } },
{ "type": "Feature", "properties": { "LAYER": "PARCELARIO_BASE_CATASTRO", "MAP_NAME": "1016_2026.dwg", "ccpp1": "1016 2899" }, "geometry": { "type": "MultiPolygon", "coordinates": [ [ [ [ -68.88889581459317, -32.988825779874091, 0.0 ], [ -68.888904496958673, -32.988981240480413, 0.0 ], [ -68.888620128432819, -32.988992965036928, 0.0 ], [ -68.888700229227894, -32.989194054727918, 0.0 ], [ -68.888961693816285, -32.989182917355414, 0.0 ], [ -68.889112872217012, -32.989176566834487, 0.0 ], [ -68.889106784734324, -32.988998293395355, 0.0 ], [ -68.889100486446509, -32.988817496868741, 0.0 ], [ -68.88889581459317, -32.988825779874091, 0.0 ] ] ] ] } },
{ "type": "Feature", "properties": { "LAYER": "PARCELARIO_BASE_CATASTRO", "MAP_NAME": "1016_2026.dwg", "ccpp1": "1016 2865" }, "geometry": { "type": "MultiPolygon", "coordinates": [ [ [ [ -68.888060927208301, -32.98897206180326, 0.0 ], [ -68.887672561363019, -32.988976114127645, 0.0 ], [ -68.887754018044689, -32.989104744096132, 0.0 ], [ -68.888142937827268, -32.989100337639897, 0.0 ], [ -68.88812210763821, -32.98906769809922, 0.0 ], [ -68.888060927208301, -32.98897206180326, 0.0 ] ] ] ] } },
{ "type": "Feature", "properties": { "LAYER": "PARCELARIO_BASE_CATASTRO", "MAP_NAME": "1016_2026.dwg", "ccpp1": "1016 691" }, "geometry": { "type": "MultiPolygon", "coordinates": [ [ [ [ -68.888230830161476, -32.989238260219608, 0.0 ], [ -68.887912732786432, -32.989246549295046, 0.0 ], [ -68.887925533953776, -32.98926723806234, 0.0 ], [ -68.887910203378283, -32.989293192623549, 0.0 ], [ -68.887798609003099, -32.989297596277446, 0.0 ], [ -68.8879236432645, -32.9894933843822, 0.0 ], [ -68.88811847311851, -32.98948788755294, 0.0 ], [ -68.888374160462334, -32.989480610826931, 0.0 ], [ -68.888252262535246, -32.98927439987748, 0.0 ], [ -68.888230830161476, -32.989238260219608, 0.0 ] ] ] ] } },
{ "type": "Feature", "properties": { "LAYER": "PARCELARIO_BASE_CATASTRO", "MAP_NAME": "1016_2026.dwg", "ccpp1": "1016 1097" }, "geometry": { "type": "MultiPolygon", "coordinates": [ [ [ [ -68.887319394834023, -32.988554442736962, 0.0 ], [ -68.887260980336663, -32.98855723390168, 0.0 ], [ -68.887594707310456, -32.989118507376283, 0.0 ], [ -68.887399446257405, -32.989124635076912, 0.0 ], [ -68.887201939415462, -32.989130759541744, 0.0 ], [ -68.887218812360999, -32.989157466251235, 0.0 ], [ -68.887336384356658, -32.989328990367255, 0.0 ], [ -68.887395545553019, -32.98941515847558, 0.0 ], [ -68.887456842483331, -32.989504662884407, 0.0 ], [ -68.887886623554593, -32.989494430456737, 0.0 ], [ -68.8879236432645, -32.9894933843822, 0.0 ], [ -68.887798609003099, -32.989297596277446, 0.0 ], [ -68.887769352039811, -32.989251854015116, 0.0 ], [ -68.887739028926063, -32.989204845733056, 0.0 ], [ -68.887593492307786, -32.988979734448755, 0.0 ], [ -68.887319394834023, -32.988554442736962, 0.0 ] ] ] ] } },
{ "type": "Feature", "properties": { "LAYER": "PARCELARIO_BASE_CATASTRO", "MAP_NAME": "1016_2026.dwg", "ccpp1": "1016 704" }, "geometry": { "type": "MultiPolygon", "coordinates": [ [ [ [ -68.887218812360999, -32.989157466251235, 0.0 ], [ -68.886887289188181, -32.989171893475699, 0.0 ], [ -68.886906669300089, -32.989305238076739, 0.0 ], [ -68.886926049307164, -32.989438581553685, 0.0 ], [ -68.887395545553019, -32.98941515847558, 0.0 ], [ -68.887336384356658, -32.989328990367255, 0.0 ], [ -68.887218812360999, -32.989157466251235, 0.0 ] ] ] ] } },
{ "type": "Feature", "properties": { "LAYER": "PARCELARIO_BASE_CATASTRO", "MAP_NAME": "1016_2026.dwg", "ccpp1": "1016 2872" }, "geometry": { "type": "MultiPolygon", "coordinates": [ [ [ [ -68.886850554679, -32.988576337102863, 0.0 ], [ -68.886795033061475, -32.988574211116095, 0.0 ], [ -68.886874358623203, -32.988701785678899, 0.0 ], [ -68.886976091530073, -32.988879876239565, 0.0 ], [ -68.88702743968301, -32.988966756994301, 0.0 ], [ -68.886675752433604, -32.988982836222355, 0.0 ], [ -68.88666291378415, -32.988983364674745, 0.0 ], [ -68.886298384656669, -32.988999882021758, 0.0 ], [ -68.886301968829372, -32.98904082146101, 0.0 ], [ -68.886315466227487, -32.989194123495537, 0.0 ], [ -68.886423744280023, -32.989190167186102, 0.0 ], [ -68.886715835259366, -32.989179352710806, 0.0 ], [ -68.887218812360999, -32.989157466251235, 0.0 ], [ -68.887201939415462, -32.989130759541744, 0.0 ], [ -68.887120045693436, -32.989001109013969, 0.0 ], [ -68.886976112670894, -32.988779337368115, 0.0 ], [ -68.886893683611021, -32.988650496809306, 0.0 ], [ -68.886850554679, -32.988576337102863, 0.0 ] ] ] ] } },
{ "type": "Feature", "properties": { "LAYER": "PARCELARIO_BASE_CATASTRO", "MAP_NAME": "1016_2026.dwg", "ccpp1": "1016 723" }, "geometry": { "type": "MultiPolygon", "coordinates": [ [ [ [ -68.886261896427214, -32.988587503367825, 0.0 ], [ -68.886069945139084, -32.988595736522349, 0.0 ], [ -68.886089263534544, -32.989050540644129, 0.0 ], [ -68.886301968829372, -32.98904082146101, 0.0 ], [ -68.886298384656669, -32.988999882021758, 0.0 ], [ -68.886290475646987, -32.988909884661602, 0.0 ], [ -68.886287732937618, -32.98887940545108, 0.0 ], [ -68.886261896427214, -32.988587503367825, 0.0 ] ] ] ] } },
{ "type": "Feature", "properties": { "LAYER": "PARCELARIO_BASE_CATASTRO", "MAP_NAME": "1016_2026.dwg", "ccpp1": "1016 891" }, "geometry": { "type": "MultiPolygon", "coordinates": [ [ [ [ -68.887789726415448, -32.988540851502925, 0.0 ], [ -68.887765441400816, -32.98854176291367, 0.0 ], [ -68.887750358057772, -32.988540665538359, 0.0 ], [ -68.887403176418772, -32.988550436418144, 0.0 ], [ -68.887528098753137, -32.988747756789927, 0.0 ], [ -68.887672560795792, -32.988976113231878, 0.0 ], [ -68.888060926641074, -32.988972060907493, 0.0 ], [ -68.887948178322603, -32.988791793712224, 0.0 ], [ -68.887926182247909, -32.988756788867704, 0.0 ], [ -68.887911236488691, -32.98873314968688, 0.0 ], [ -68.887896392265461, -32.988709600763144, 0.0 ], [ -68.887866497687554, -32.988662234926707, 0.0 ], [ -68.887820051361672, -32.988588791212422, 0.0 ], [ -68.887789726415448, -32.988540851502925, 0.0 ] ] ] ] } },
{ "type": "Feature", "properties": { "LAYER": "PARCELARIO_BASE_CATASTRO", "MAP_NAME": "1016_2026.dwg", "ccpp1": "1016 1063" }, "geometry": { "type": "MultiPolygon", "coordinates": [ [ [ [ -68.888007023600139, -32.988532708770514, 0.0 ], [ -68.887789726415448, -32.988540851502925, 0.0 ], [ -68.887820051361672, -32.988588791212422, 0.0 ], [ -68.887866497687554, -32.988662234926707, 0.0 ], [ -68.887896392265461, -32.988709600763144, 0.0 ], [ -68.887911236488691, -32.98873314968688, 0.0 ], [ -68.887926182247909, -32.988756788867704, 0.0 ], [ -68.887948178322603, -32.988791793712224, 0.0 ], [ -68.888060926641074, -32.988972060907493, 0.0 ], [ -68.888122107070956, -32.989067697203446, 0.0 ], [ -68.888333636786371, -32.989053380358698, 0.0 ], [ -68.888325737301884, -32.989040839069517, 0.0 ], [ -68.88817903369538, -32.988806889169496, 0.0 ], [ -68.888007023600139, -32.988532708770514, 0.0 ] ] ] ] } },
{ "type": "Feature", "properties": { "LAYER": "PARCELARIO_BASE_CATASTRO", "MAP_NAME": "1016_2026.dwg", "ccpp1": "1016 1098" }, "geometry": { "type": "MultiPolygon", "coordinates": [ [ [ [ -68.887260980336663, -32.98855723390168, 0.0 ], [ -68.887142327012981, -32.988562904668065, 0.0 ], [ -68.887056514775992, -32.988566855776064, 0.0 ], [ -68.887399446257405, -32.989124635076912, 0.0 ], [ -68.887594707310456, -32.989118507376283, 0.0 ], [ -68.887260980336663, -32.98855723390168, 0.0 ] ] ] ] } },
{ "type": "Feature", "properties": { "LAYER": "PARCELARIO_BASE_CATASTRO", "MAP_NAME": "1016_2026.dwg", "ccpp1": "1016 1085" }, "geometry": { "type": "MultiPolygon", "coordinates": [ [ [ [ -68.887056514775992, -32.988566855776064, 0.0 ], [ -68.886850554679, -32.988576337102863, 0.0 ], [ -68.886893683611021, -32.988650496809306, 0.0 ], [ -68.886976112670894, -32.988779337368115, 0.0 ], [ -68.887120045693436, -32.989001109013969, 0.0 ], [ -68.887201939415462, -32.989130759541744, 0.0 ], [ -68.887399446257405, -32.989124635076912, 0.0 ], [ -68.887056514775992, -32.988566855776064, 0.0 ] ] ] ] } },
{ "type": "Feature", "properties": { "LAYER": "PARCELARIO_BASE_CATASTRO", "MAP_NAME": "1016_2026.dwg", "ccpp1": "1016 834" }, "geometry": { "type": "MultiPolygon", "coordinates": [ [ [ [ -68.888252262535246, -32.98927439987748, 0.0 ], [ -68.888374160462334, -32.989480610826931, 0.0 ], [ -68.88864293877927, -32.989472962941441, 0.0 ], [ -68.888560262940061, -32.989284340227613, 0.0 ], [ -68.888552880433693, -32.989266485826931, 0.0 ], [ -68.888252262535246, -32.98927439987748, 0.0 ] ] ] ] } },
{ "type": "Feature", "properties": { "LAYER": "PARCELARIO_BASE_CATASTRO", "MAP_NAME": "1016_2026.dwg", "ccpp1": "1016 1071" }, "geometry": { "type": "MultiPolygon", "coordinates": [ [ [ [ -68.887408500393846, -32.990501263555217, 0.0 ], [ -68.887415283800237, -32.990635263481458, 0.0 ], [ -68.88741985485035, -32.990742929717605, 0.0 ], [ -68.887422658750722, -32.990809838529678, 0.0 ], [ -68.887590209670364, -32.990803866190923, 0.0 ], [ -68.887573022252397, -32.990521888900247, 0.0 ], [ -68.887487461307288, -32.990499175213209, 0.0 ], [ -68.887408500393846, -32.990501263555217, 0.0 ] ] ] ] } },
{ "type": "Feature", "properties": { "LAYER": "PARCELARIO_BASE_CATASTRO", "MAP_NAME": "1016_2026.dwg", "ccpp1": "1016 785" }, "geometry": { "type": "MultiPolygon", "coordinates": [ [ [ [ -68.889717370088945, -32.989149816524453, 0.0 ], [ -68.88923441444939, -32.989171361123866, 0.0 ], [ -68.889239211192702, -32.989269651874999, 0.0 ], [ -68.88924473622906, -32.989385345653126, 0.0 ], [ -68.889350975902204, -32.989382470617649, 0.0 ], [ -68.889457215455195, -32.989379686561108, 0.0 ], [ -68.889556607379561, -32.989376983820371, 0.0 ], [ -68.889560352225701, -32.989376896964878, 0.0 ], [ -68.8898070658161, -32.989370367677708, 0.0 ], [ -68.889766325324644, -32.989268707210819, 0.0 ], [ -68.889733370014014, -32.989187432426519, 0.0 ], [ -68.889717370088945, -32.989149816524453, 0.0 ] ] ] ] } },
{ "type": "Feature", "properties": { "LAYER": "PARCELARIO_BASE_CATASTRO", "MAP_NAME": "1016_2026.dwg", "ccpp1": "1016 2799" }, "geometry": { "type": "MultiPolygon", "coordinates": [ [ [ [ -68.889798186999585, -32.989455210433832, 0.0 ], [ -68.889570206785507, -32.989451207542999, 0.0 ], [ -68.889528909776217, -32.989452069986044, 0.0 ], [ -68.889461830226921, -32.989453358629248, 0.0 ], [ -68.889346174964274, -32.989455503171293, 0.0 ], [ -68.889355157722392, -32.989544961180385, 0.0 ], [ -68.889371636414637, -32.989713325343452, 0.0 ], [ -68.889373643799502, -32.989732893530508, 0.0 ], [ -68.889807334885063, -32.989722125065725, 0.0 ], [ -68.889798186999585, -32.989455210433832, 0.0 ] ] ] ] } },
{ "type": "Feature", "properties": { "LAYER": "PARCELARIO_BASE_CATASTRO", "MAP_NAME": "1016_2026.dwg", "ccpp1": "1016 771" }, "geometry": { "type": "MultiPolygon", "coordinates": [ [ [ [ -68.889979195406781, -32.988013733063163, 0.0 ], [ -68.889959820410226, -32.988022372099742, 0.0 ], [ -68.889656408191229, -32.988113518271469, 0.0 ], [ -68.889578709154165, -32.988137611852174, 0.0 ], [ -68.889533222195936, -32.988151994861248, 0.0 ], [ -68.889539727519065, -32.988167241680095, 0.0 ], [ -68.889550818918693, -32.988195024076589, 0.0 ], [ -68.88957460256141, -32.988253837224562, 0.0 ], [ -68.889586657350321, -32.988281260699949, 0.0 ], [ -68.889634875856117, -32.98830556207335, 0.0 ], [ -68.889651460149167, -32.988305036625384, 0.0 ], [ -68.889792256231416, -32.988299938452762, 0.0 ], [ -68.890063789970029, -32.988292440514954, 0.0 ], [ -68.890081534310127, -32.988289972915005, 0.0 ], [ -68.889979195406781, -32.988013733063163, 0.0 ] ] ] ] } },
{ "type": "Feature", "properties": { "LAYER": "PARCELARIO_BASE_CATASTRO", "MAP_NAME": "1016_2026.dwg", "ccpp1": "1016 767" }, "geometry": { "type": "MultiPolygon", "coordinates": [ [ [ [ -68.890619757310461, -32.987541751570198, 0.0 ], [ -68.890728362587268, -32.987781888703758, 0.0 ], [ -68.890762503623122, -32.987771190409703, 0.0 ], [ -68.890772456664081, -32.987767953075277, 0.0 ], [ -68.890974090545811, -32.987703130020286, 0.0 ], [ -68.890867617550285, -32.987467773854554, 0.0 ], [ -68.890619757310461, -32.987541751570198, 0.0 ] ] ] ] } },
{ "type": "Feature", "properties": { "LAYER": "PARCELARIO_BASE_CATASTRO", "MAP_NAME": "1016_2026.dwg", "ccpp1": "1016 761" }, "geometry": { "type": "MultiPolygon", "coordinates": [ [ [ [ -68.889753936902011, -32.987294140416751, 0.0 ], [ -68.889413279664097, -32.987397968587345, 0.0 ], [ -68.889252527709019, -32.987447952209152, 0.0 ], [ -68.889314488728857, -32.987603284237032, 0.0 ], [ -68.8893266467974, -32.987634403810318, 0.0 ], [ -68.88939289418613, -32.987613817687183, 0.0 ], [ -68.889456466682418, -32.987595030713642, 0.0 ], [ -68.889529780089347, -32.987572376913178, 0.0 ], [ -68.889554928113697, -32.987565547306929, 0.0 ], [ -68.889585111077011, -32.987555297574289, 0.0 ], [ -68.889607371203709, -32.987548644837709, 0.0 ], [ -68.889644616518964, -32.987537588020423, 0.0 ], [ -68.889771228384504, -32.987497490417809, 0.0 ], [ -68.889837690619601, -32.987476903345929, 0.0 ], [ -68.889808779828002, -32.987410511619949, 0.0 ], [ -68.889753936902011, -32.987294140416751, 0.0 ] ] ] ] } },
{ "type": "Feature", "properties": { "LAYER": "PARCELARIO_BASE_CATASTRO", "MAP_NAME": "1016_2026.dwg", "ccpp1": "1016 745" }, "geometry": { "type": "MultiPolygon", "coordinates": [ [ [ [ -68.888913899067134, -32.98755250215504, 0.0 ], [ -68.888830848217637, -32.987576952084588, 0.0 ], [ -68.888712688562762, -32.987615793014704, 0.0 ], [ -68.888547863450142, -32.987670282290239, 0.0 ], [ -68.888541226146643, -32.987672530561113, 0.0 ], [ -68.88845614021065, -32.987700313731423, 0.0 ], [ -68.888275377319445, -32.987749827375161, 0.0 ], [ -68.888225294105027, -32.987763305921362, 0.0 ], [ -68.888155513870799, -32.98778190546966, 0.0 ], [ -68.888068077241357, -32.987805358214459, 0.0 ], [ -68.888096271031216, -32.987845509961858, 0.0 ], [ -68.888117832521246, -32.987883942571941, 0.0 ], [ -68.888130212993062, -32.987908931048317, 0.0 ], [ -68.888148356952712, -32.987942491529438, 0.0 ], [ -68.888172266258493, -32.987985705126313, 0.0 ], [ -68.888208229388255, -32.98805336859219, 0.0 ], [ -68.888453774947848, -32.988046292707125, 0.0 ], [ -68.88846351144619, -32.988046033606182, 0.0 ], [ -68.888544927958876, -32.988043763744649, 0.0 ], [ -68.888689365815679, -32.988039392309638, 0.0 ], [ -68.888746388471887, -32.988037912079129, 0.0 ], [ -68.888775596055851, -32.988036948056447, 0.0 ], [ -68.888778264997327, -32.988042450669852, 0.0 ], [ -68.888867070127134, -32.988036042165248, 0.0 ], [ -68.888881620931286, -32.988035154338384, 0.0 ], [ -68.888953946648186, -32.988030983497737, 0.0 ], [ -68.888967108483584, -32.988030275662958, 0.0 ], [ -68.889180767014636, -32.988021819276128, 0.0 ], [ -68.889160804538648, -32.987986814645843, 0.0 ], [ -68.889060141544036, -32.987809445423473, 0.0 ], [ -68.889041568065508, -32.9877768747346, 0.0 ], [ -68.889029611759767, -32.98775558450658, 0.0 ], [ -68.88900495316588, -32.987712369504138, 0.0 ], [ -68.888980401585172, -32.987669155493343, 0.0 ], [ -68.888970688827627, -32.98765219440731, 0.0 ], [ -68.888913899067134, -32.98755250215504, 0.0 ] ] ] ] } },
{ "type": "Feature", "properties": { "LAYER": "PARCELARIO_BASE_CATASTRO", "MAP_NAME": "1016_2026.dwg", "ccpp1": "1016 751" }, "geometry": { "type": "MultiPolygon", "coordinates": [ [ [ [ -68.889180767014636, -32.988021819276128, 0.0 ], [ -68.888967108483584, -32.988030275662958, 0.0 ], [ -68.888953946648186, -32.988030983497737, 0.0 ], [ -68.888881620931286, -32.988035154338384, 0.0 ], [ -68.888867070127134, -32.988036042165248, 0.0 ], [ -68.888778264997327, -32.988042450669852, 0.0 ], [ -68.888779757726454, -32.988045698942109, 0.0 ], [ -68.888871783194702, -32.988199885767948, 0.0 ], [ -68.888897726594763, -32.988243282272187, 0.0 ], [ -68.888939577310495, -32.988313292421694, 0.0 ], [ -68.888945340494018, -32.9883230374734, 0.0 ], [ -68.888949397574621, -32.988329894736196, 0.0 ], [ -68.889094902582713, -32.988325521978538, 0.0 ], [ -68.889349311089092, -32.988317446834266, 0.0 ], [ -68.889180767014636, -32.988021819276128, 0.0 ] ] ] ] } },
{ "type": "Feature", "properties": { "LAYER": "PARCELARIO_BASE_CATASTRO", "MAP_NAME": "1016_2026.dwg", "ccpp1": "1016 147" }, "geometry": { "type": "MultiPolygon", "coordinates": [ [ [ [ -68.890239899232157, -32.986490272443056, 0.0 ], [ -68.890107703701531, -32.986378788084089, 0.0 ], [ -68.889978309974609, -32.986420416439273, 0.0 ], [ -68.889847956201393, -32.986460510058279, 0.0 ], [ -68.889793908742305, -32.98647759245371, 0.0 ], [ -68.889681317758971, -32.986513736894359, 0.0 ], [ -68.889633903656573, -32.98652902082226, 0.0 ], [ -68.889570010889869, -32.986549610963642, 0.0 ], [ -68.889531480766095, -32.986561747736566, 0.0 ], [ -68.889413752127382, -32.986598607830899, 0.0 ], [ -68.889398661896308, -32.986603282291206, 0.0 ], [ -68.889346647956444, -32.986619644950991, 0.0 ], [ -68.889284039433178, -32.986638973734031, 0.0 ], [ -68.888949585486202, -32.98674262762065, 0.0 ], [ -68.888992569985618, -32.986846542779702, 0.0 ], [ -68.889011137670025, -32.986882719286513, 0.0 ], [ -68.889173925588267, -32.986831204022174, 0.0 ], [ -68.889337780227024, -32.986779508252994, 0.0 ], [ -68.889397719110164, -32.986757023008472, 0.0 ], [ -68.889695249748456, -32.986663522471169, 0.0 ], [ -68.889921072518206, -32.986591507238522, 0.0 ], [ -68.890239899232157, -32.986490272443056, 0.0 ] ] ] ] } },
{ "type": "Feature", "properties": { "LAYER": "PARCELARIO_BASE_CATASTRO", "MAP_NAME": "1016_2026.dwg", "ccpp1": "1016 143" }, "geometry": { "type": "MultiPolygon", "coordinates": [ [ [ [ -68.889011137670025, -32.986882719286513, 0.0 ], [ -68.889015513343253, -32.986892281866517, 0.0 ], [ -68.889033009960272, -32.986935395831686, 0.0 ], [ -68.889198252633136, -32.986881902632234, 0.0 ], [ -68.889450514407855, -32.986800532454843, 0.0 ], [ -68.889634921588026, -32.986741013495042, 0.0 ], [ -68.889662802575472, -32.986774041361478, 0.0 ], [ -68.889774645109611, -32.986906516420952, 0.0 ], [ -68.889788745016418, -32.986923932157936, 0.0 ], [ -68.889860638069493, -32.987008940892522, 0.0 ], [ -68.88991736033438, -32.987076531116976, 0.0 ], [ -68.889930499850166, -32.987091963200491, 0.0 ], [ -68.889982094944173, -32.987153777233047, 0.0 ], [ -68.890005488146457, -32.987181482969014, 0.0 ], [ -68.89002012427278, -32.987198808983734, 0.0 ], [ -68.890277662960372, -32.987087149907971, 0.0 ], [ -68.890389199578991, -32.987038831352123, 0.0 ], [ -68.890397441831183, -32.987034691768848, 0.0 ], [ -68.890464761741214, -32.987014015847748, 0.0 ], [ -68.890569429742243, -32.986981922214554, 0.0 ], [ -68.890582057480572, -32.986977786462205, 0.0 ], [ -68.890670352341445, -32.986948653032364, 0.0 ], [ -68.8906545392298, -32.986933941830991, 0.0 ], [ -68.890590215356809, -32.986870309958249, 0.0 ], [ -68.890525467538339, -32.986805235896661, 0.0 ], [ -68.890516063946009, -32.986795939464415, 0.0 ], [ -68.890508797358265, -32.986788899100929, 0.0 ], [ -68.890500676638695, -32.986780415302789, 0.0 ], [ -68.890479202020117, -32.986759386464648, 0.0 ], [ -68.890458153342394, -32.986738266025228, 0.0 ], [ -68.890454947452483, -32.986735197506768, 0.0 ], [ -68.890449604786852, -32.986729691680594, 0.0 ], [ -68.890440842143192, -32.986721207315355, 0.0 ], [ -68.890310926149127, -32.986584479084875, 0.0 ], [ -68.890239899232157, -32.986490272443056, 0.0 ], [ -68.889921072518206, -32.986591507238522, 0.0 ], [ -68.889695249748456, -32.986663522471169, 0.0 ], [ -68.889397719110164, -32.986757023008472, 0.0 ], [ -68.889337780227024, -32.986779508252994, 0.0 ], [ -68.889173925588267, -32.986831204022174, 0.0 ], [ -68.889011137670025, -32.986882719286513, 0.0 ] ] ] ] } },
{ "type": "Feature", "properties": { "LAYER": "PARCELARIO_BASE_CATASTRO", "MAP_NAME": "1016_2026.dwg", "ccpp1": "1016 330" }, "geometry": { "type": "MultiPolygon", "coordinates": [ [ [ [ -68.889033009960272, -32.986935395831686, 0.0 ], [ -68.889042599821906, -32.986959031929338, 0.0 ], [ -68.889038854680791, -32.986960290950876, 0.0 ], [ -68.889035215684771, -32.986961369730992, 0.0 ], [ -68.888986950163613, -32.986974489529089, 0.0 ], [ -68.889057812364413, -32.987197907212526, 0.0 ], [ -68.889192704886469, -32.987462774121383, 0.0 ], [ -68.889193984711952, -32.987466021298381, 0.0 ], [ -68.889252527709019, -32.987447952209152, 0.0 ], [ -68.889413279664097, -32.987397968587345, 0.0 ], [ -68.889753936902011, -32.987294140416751, 0.0 ], [ -68.889775558270586, -32.987286586309359, 0.0 ], [ -68.89002012427278, -32.987198808983734, 0.0 ], [ -68.890005488146457, -32.987181482969014, 0.0 ], [ -68.889982094944173, -32.987153777233047, 0.0 ], [ -68.889930499850166, -32.987091963200491, 0.0 ], [ -68.88991736033438, -32.987076531116976, 0.0 ], [ -68.889860638069493, -32.987008940892522, 0.0 ], [ -68.889788745016418, -32.986923932157936, 0.0 ], [ -68.889774645109611, -32.986906516420952, 0.0 ], [ -68.889662802575472, -32.986774041361478, 0.0 ], [ -68.889634921588026, -32.986741013495042, 0.0 ], [ -68.889450514407855, -32.986800532454843, 0.0 ], [ -68.889198252633136, -32.986881902632234, 0.0 ], [ -68.889033009960272, -32.986935395831686, 0.0 ] ] ] ] } },
{ "type": "Feature", "properties": { "LAYER": "PARCELARIO_BASE_CATASTRO", "MAP_NAME": "1016_2026.dwg", "ccpp1": "1016 355" }, "geometry": { "type": "MultiPolygon", "coordinates": [ [ [ [ -68.888986950163613, -32.986974489529089, 0.0 ], [ -68.888951306851794, -32.986988793617648, 0.0 ], [ -68.888910505261322, -32.987005042535309, 0.0 ], [ -68.88900620723895, -32.987229238850936, 0.0 ], [ -68.888721197754819, -32.987315444399073, 0.0 ], [ -68.888425056414803, -32.987408493004033, 0.0 ], [ -68.888541226146643, -32.987672530561113, 0.0 ], [ -68.888547863450142, -32.987670282290239, 0.0 ], [ -68.888712688562762, -32.987615793014704, 0.0 ], [ -68.888830848217637, -32.987576952084588, 0.0 ], [ -68.888913899067134, -32.98755250215504, 0.0 ], [ -68.888932414074588, -32.98754710945807, 0.0 ], [ -68.888985389685203, -32.987531379905398, 0.0 ], [ -68.889082461679976, -32.987502526810431, 0.0 ], [ -68.889193984711952, -32.987466021298381, 0.0 ], [ -68.889192704886469, -32.987462774121383, 0.0 ], [ -68.889057812364413, -32.987197907212526, 0.0 ], [ -68.888986950163613, -32.986974489529089, 0.0 ] ] ] ] } },
{ "type": "Feature", "properties": { "LAYER": "PARCELARIO_BASE_CATASTRO", "MAP_NAME": "1016_2026.dwg", "ccpp1": "1016 159" }, "geometry": { "type": "MultiPolygon", "coordinates": [ [ [ [ -68.888910505261322, -32.987005042535309, 0.0 ], [ -68.888869316156004, -32.98702144888837, 0.0 ], [ -68.888858492524321, -32.987036407113173, 0.0 ], [ -68.88882437929685, -32.98702411121706, 0.0 ], [ -68.888830607130743, -32.987005360953589, 0.0 ], [ -68.888807251984218, -32.98694763095024, 0.0 ], [ -68.888611826338732, -32.987004345457073, 0.0 ], [ -68.888422178546364, -32.987062237903537, 0.0 ], [ -68.88840344849568, -32.987068532011364, 0.0 ], [ -68.888352179979847, -32.98708561626384, 0.0 ], [ -68.88829117655186, -32.987104314807354, 0.0 ], [ -68.888425056414803, -32.987408493004033, 0.0 ], [ -68.888721197754819, -32.987315444399073, 0.0 ], [ -68.88900620723895, -32.987229238850936, 0.0 ], [ -68.888910505261322, -32.987005042535309, 0.0 ] ] ] ] } },
{ "type": "Feature", "properties": { "LAYER": "PARCELARIO_BASE_CATASTRO", "MAP_NAME": "1016_2026.dwg", "ccpp1": "1016 508" }, "geometry": { "type": "MultiPolygon", "coordinates": [ [ [ [ -68.888685570248668, -32.986673417766035, 0.0 ], [ -68.888546600809406, -32.986723675076924, 0.0 ], [ -68.888439999271355, -32.986760725419892, 0.0 ], [ -68.888270142835424, -32.986817734541951, 0.0 ], [ -68.888247346436586, -32.986824656162867, 0.0 ], [ -68.888116023674129, -32.986867635177688, 0.0 ], [ -68.888133611269481, -32.98691715487201, 0.0 ], [ -68.888210365367399, -32.987132914049475, 0.0 ], [ -68.88829117655186, -32.987104314807354, 0.0 ], [ -68.888352179979847, -32.98708561626384, 0.0 ], [ -68.88840344849568, -32.987068532011364, 0.0 ], [ -68.888422178546364, -32.987062237903537, 0.0 ], [ -68.888611826338732, -32.987004345457073, 0.0 ], [ -68.888807251984218, -32.98694763095024, 0.0 ], [ -68.88873791638153, -32.986787243588864, 0.0 ], [ -68.888688623297341, -32.986681428292108, 0.0 ], [ -68.888685570248668, -32.986673417766035, 0.0 ] ] ] ] } },
{ "type": "Feature", "properties": { "LAYER": "PARCELARIO_BASE_CATASTRO", "MAP_NAME": "1016_2026.dwg", "ccpp1": "1016 804" }, "geometry": { "type": "MultiPolygon", "coordinates": [ [ [ [ -68.890772456664081, -32.987767953075277, 0.0 ], [ -68.890762503623122, -32.987771190409703, 0.0 ], [ -68.890728362587268, -32.987781888703758, 0.0 ], [ -68.890630970723464, -32.987812634517738, 0.0 ], [ -68.890754247644523, -32.988126907815698, 0.0 ], [ -68.890798076649858, -32.988239752390136, 0.0 ], [ -68.890812054252336, -32.988269071854866, 0.0 ], [ -68.890962472575978, -32.988266058242409, 0.0 ], [ -68.890947439207011, -32.988225195491694, 0.0 ], [ -68.890847326823192, -32.987952875179417, 0.0 ], [ -68.890840822146259, -32.987935194799284, 0.0 ], [ -68.890778323633683, -32.987781303945013, 0.0 ], [ -68.890772456664081, -32.987767953075277, 0.0 ] ] ] ] } },
{ "type": "Feature", "properties": { "LAYER": "PARCELARIO_BASE_CATASTRO", "MAP_NAME": "1016_2026.dwg", "ccpp1": "1016 850" }, "geometry": { "type": "MultiPolygon", "coordinates": [ [ [ [ -68.889759526965761, -32.986169267470586, 0.0 ], [ -68.889735554148402, -32.986176909668345, 0.0 ], [ -68.889715326536745, -32.986183203553466, 0.0 ], [ -68.889686640271677, -32.986195620473978, 0.0 ], [ -68.889670796370751, -32.986202459231436, 0.0 ], [ -68.889653027917589, -32.986210015825492, 0.0 ], [ -68.889634406866648, -32.986215768306799, 0.0 ], [ -68.889577792409241, -32.986233209913649, 0.0 ], [ -68.889573938739289, -32.986234018016305, 0.0 ], [ -68.889570193748568, -32.98623518688629, 0.0 ], [ -68.889471622423684, -32.986266474474192, 0.0 ], [ -68.889458673881705, -32.986270519662895, 0.0 ], [ -68.889450966483466, -32.986273036637343, 0.0 ], [ -68.889346617012976, -32.986306573206463, 0.0 ], [ -68.889242265548077, -32.986339930252342, 0.0 ], [ -68.889031102655863, -32.986407540868868, 0.0 ], [ -68.888833326841009, -32.986464163472533, 0.0 ], [ -68.888845593781781, -32.98649266832787, 0.0 ], [ -68.889301942071342, -32.986355133168829, 0.0 ], [ -68.88934611188489, -32.98645075382349, 0.0 ], [ -68.889400203541484, -32.986569018980852, 0.0 ], [ -68.889413752127382, -32.986598607830899, 0.0 ], [ -68.889531480766095, -32.986561747736566, 0.0 ], [ -68.889570010889869, -32.986549610963642, 0.0 ], [ -68.889633903656573, -32.98652902082226, 0.0 ], [ -68.889681317758971, -32.986513736894359, 0.0 ], [ -68.889793908742305, -32.98647759245371, 0.0 ], [ -68.889847956201393, -32.986460510058279, 0.0 ], [ -68.889978309974609, -32.986420416439273, 0.0 ], [ -68.890107703701531, -32.986378788084089, 0.0 ], [ -68.890074476141621, -32.986343410343011, 0.0 ], [ -68.889861558970225, -32.986276846579663, 0.0 ], [ -68.889759526965761, -32.986169267470586, 0.0 ] ] ] ] } },
{ "type": "Feature", "properties": { "LAYER": "PARCELARIO_BASE_CATASTRO", "MAP_NAME": "1016_2026.dwg", "ccpp1": "1016 882" }, "geometry": { "type": "MultiPolygon", "coordinates": [ [ [ [ -68.888008477698136, -32.986719475090581, 0.0 ], [ -68.887887535922815, -32.986758404722131, 0.0 ], [ -68.887702914914257, -32.986814318702962, 0.0 ], [ -68.887595997548374, -32.986846949817036, 0.0 ], [ -68.887568595174542, -32.986858105956941, 0.0 ], [ -68.887651559432342, -32.987087566659405, 0.0 ], [ -68.888133611269481, -32.98691715487201, 0.0 ], [ -68.888116023674129, -32.986867635177688, 0.0 ], [ -68.888112078513018, -32.986855277749569, 0.0 ], [ -68.888077077405981, -32.98678536271381, 0.0 ], [ -68.888039730444788, -32.986709224886035, 0.0 ], [ -68.888008477698136, -32.986719475090581, 0.0 ] ] ] ] } },
{ "type": "Feature", "properties": { "LAYER": "PARCELARIO_BASE_CATASTRO", "MAP_NAME": "1016_2026.dwg", "ccpp1": "1016 367" }, "geometry": { "type": "MultiPolygon", "coordinates": [ [ [ [ -68.889602688233509, -32.986001495183544, 0.0 ], [ -68.889594052043748, -32.985979215191009, 0.0 ], [ -68.889569525129104, -32.9859163429144, 0.0 ], [ -68.889546597007694, -32.985858341109804, 0.0 ], [ -68.889545529761875, -32.98585536462712, 0.0 ], [ -68.8895442507919, -32.985852297789314, 0.0 ], [ -68.889318703673368, -32.985621523583973, 0.0 ], [ -68.889061105328807, -32.98569350951481, 0.0 ], [ -68.889087577903069, -32.985740152508576, 0.0 ], [ -68.889095803690196, -32.985749988108935, 0.0 ], [ -68.889122278103827, -32.985793476123973, 0.0 ], [ -68.889163051484573, -32.985869527414998, 0.0 ], [ -68.889188241321165, -32.985915356835477, 0.0 ], [ -68.8892475950272, -32.986015772604986, 0.0 ], [ -68.889254850363173, -32.986032550257029, 0.0 ], [ -68.889265630462532, -32.986052307474601, 0.0 ], [ -68.889279720959635, -32.986076215346827, 0.0 ], [ -68.889337923829544, -32.986072754001626, 0.0 ], [ -68.889602688233509, -32.986001495183544, 0.0 ] ] ] ] } },
{ "type": "Feature", "properties": { "LAYER": "PARCELARIO_BASE_CATASTRO", "MAP_NAME": "1016_2026.dwg", "ccpp1": "1016 344" }, "geometry": { "type": "MultiPolygon", "coordinates": [ [ [ [ -68.888729580480771, -32.986212747179046, 0.0 ], [ -68.888768800525071, -32.986306485432564, 0.0 ], [ -68.888781173169534, -32.986335981333497, 0.0 ], [ -68.888833326841009, -32.986464163472533, 0.0 ], [ -68.889031102655863, -32.986407540868868, 0.0 ], [ -68.889242265548077, -32.986339930252342, 0.0 ], [ -68.889346617012976, -32.986306573206463, 0.0 ], [ -68.889450966483466, -32.986273036637343, 0.0 ], [ -68.889458673881705, -32.986270519662895, 0.0 ], [ -68.889471622423684, -32.986266474474192, 0.0 ], [ -68.889380864059333, -32.986127346292804, 0.0 ], [ -68.889349214429018, -32.986112979762524, 0.0 ], [ -68.888929590651955, -32.986141713396222, 0.0 ], [ -68.888789069634171, -32.986182700349239, 0.0 ], [ -68.888729580480771, -32.986212747179046, 0.0 ] ] ] ] } },
{ "type": "Feature", "properties": { "LAYER": "PARCELARIO_BASE_CATASTRO", "MAP_NAME": "1016_2026.dwg", "ccpp1": "1016 747" }, "geometry": { "type": "MultiPolygon", "coordinates": [ [ [ [ -68.887603650920411, -32.988058931120072, 0.0 ], [ -68.88758268267874, -32.988059902286693, 0.0 ], [ -68.887386030365846, -32.98806900515693, 0.0 ], [ -68.887211418428606, -32.988077045614062, 0.0 ], [ -68.887271201171757, -32.988179354395243, 0.0 ], [ -68.887350195824666, -32.988315855879293, 0.0 ], [ -68.887361830863426, -32.9883354336895, 0.0 ], [ -68.887392365024823, -32.988386048069671, 0.0 ], [ -68.887468208344075, -32.988393332572862, 0.0 ], [ -68.887776241031204, -32.988378653664427, 0.0 ], [ -68.887781337339646, -32.98837840667646, 0.0 ], [ -68.887603650920411, -32.988058931120072, 0.0 ] ] ] ] } },
{ "type": "Feature", "properties": { "LAYER": "PARCELARIO_BASE_CATASTRO", "MAP_NAME": "1016_2026.dwg", "ccpp1": "1016 744" }, "geometry": { "type": "MultiPolygon", "coordinates": [ [ [ [ -68.88775547227425, -32.9877164282208, 0.0 ], [ -68.887711697167589, -32.987732436929882, 0.0 ], [ -68.887360083278082, -32.987861499324048, 0.0 ], [ -68.88729200722382, -32.987886774147412, 0.0 ], [ -68.887386030365846, -32.98806900515693, 0.0 ], [ -68.88758268267874, -32.988059902286693, 0.0 ], [ -68.887603650920411, -32.988058931120072, 0.0 ], [ -68.887646662777598, -32.988056896871036, 0.0 ], [ -68.887958224234225, -32.988041951084696, 0.0 ], [ -68.88775547227425, -32.9877164282208, 0.0 ] ] ] ] } },
{ "type": "Feature", "properties": { "LAYER": "PARCELARIO_BASE_CATASTRO", "MAP_NAME": "1016_2026.dwg", "ccpp1": "1016 743" }, "geometry": { "type": "MultiPolygon", "coordinates": [ [ [ [ -68.887113236801412, -32.987550271407102, 0.0 ], [ -68.887253046221616, -32.987818026597978, 0.0 ], [ -68.88726852584044, -32.987843109027494, 0.0 ], [ -68.8873063064446, -32.987832955971712, 0.0 ], [ -68.887732952179064, -32.987674747742709, 0.0 ], [ -68.887581177937747, -32.987393455334896, 0.0 ], [ -68.887113236801412, -32.987550271407102, 0.0 ] ] ] ] } },
{ "type": "Feature", "properties": { "LAYER": "PARCELARIO_BASE_CATASTRO", "MAP_NAME": "1016_2026.dwg", "ccpp1": "1016 325" }, "geometry": { "type": "MultiPolygon", "coordinates": [ [ [ [ -68.886894821747561, -32.986342786181368, 0.0 ], [ -68.886607987827915, -32.986428163837971, 0.0 ], [ -68.886629438261352, -32.986473190584768, 0.0 ], [ -68.886646705575686, -32.986523974352586, 0.0 ], [ -68.886688837925306, -32.986622748162027, 0.0 ], [ -68.886712303235086, -32.986677684361915, 0.0 ], [ -68.886788994055209, -32.9868580047997, 0.0 ], [ -68.88684400540923, -32.986842457433355, 0.0 ], [ -68.886981857116325, -32.986799576735791, 0.0 ], [ -68.887003904683041, -32.986792653766663, 0.0 ], [ -68.887098838715417, -32.986763076227845, 0.0 ], [ -68.887193879902085, -32.986733319279466, 0.0 ], [ -68.887247935048734, -32.986716595984127, 0.0 ], [ -68.887203789463015, -32.986620426395525, 0.0 ], [ -68.887157305171854, -32.986637794902158, 0.0 ], [ -68.887117919493505, -32.986650201561709, 0.0 ], [ -68.887047387111338, -32.986672678834623, 0.0 ], [ -68.887039598912565, -32.986657072756167, 0.0 ], [ -68.887020933518428, -32.986612600427797, 0.0 ], [ -68.887019225678756, -32.98660863059667, 0.0 ], [ -68.887003756840485, -32.986573630582456, 0.0 ], [ -68.88699629039327, -32.986556582107028, 0.0 ], [ -68.886976875313877, -32.98651274116942, 0.0 ], [ -68.886933341992645, -32.986422530326678, 0.0 ], [ -68.886894821747561, -32.986342786181368, 0.0 ] ] ] ] } },
{ "type": "Feature", "properties": { "LAYER": "PARCELARIO_BASE_CATASTRO", "MAP_NAME": "1016_2026.dwg", "ccpp1": "1016 175" }, "geometry": { "type": "MultiPolygon", "coordinates": [ [ [ [ -68.886303284715538, -32.986518860696663, 0.0 ], [ -68.886108368159526, -32.986576875578805, 0.0 ], [ -68.886123746801786, -32.986618520088044, 0.0 ], [ -68.886126199184361, -32.986624204700661, 0.0 ], [ -68.88620948843672, -32.986830770346984, 0.0 ], [ -68.886217060615664, -32.986849533055135, 0.0 ], [ -68.886226978583721, -32.986874518577913, 0.0 ], [ -68.886251186007584, -32.986934595103733, 0.0 ], [ -68.886268462186109, -32.986977532524605, 0.0 ], [ -68.886287446083813, -32.987024527246326, 0.0 ], [ -68.886314106722239, -32.987090557068441, 0.0 ], [ -68.886328295200897, -32.98712266972769, 0.0 ], [ -68.8863378200233, -32.987119703761806, 0.0 ], [ -68.886528327525937, -32.987063347215852, 0.0 ], [ -68.886499853999794, -32.986991724484831, 0.0 ], [ -68.886487697188144, -32.986962138390176, 0.0 ], [ -68.886474568908866, -32.986938411417462, 0.0 ], [ -68.88639853347037, -32.986746368667518, 0.0 ], [ -68.886337952941531, -32.986600238061385, 0.0 ], [ -68.886303284715538, -32.986518860696663, 0.0 ] ] ] ] } },
{ "type": "Feature", "properties": { "LAYER": "PARCELARIO_BASE_CATASTRO", "MAP_NAME": "1016_2026.dwg", "ccpp1": "1016 174" }, "geometry": { "type": "MultiPolygon", "coordinates": [ [ [ [ -68.885595922431762, -32.986729407500214, 0.0 ], [ -68.885393444312385, -32.986789673940741, 0.0 ], [ -68.885432063563968, -32.986882155738762, 0.0 ], [ -68.885438462755261, -32.986896949131904, 0.0 ], [ -68.88544358417542, -32.986908675646674, 0.0 ], [ -68.885467797854048, -32.986964333204455, 0.0 ], [ -68.885505987570028, -32.987049038510847, 0.0 ], [ -68.885536170540178, -32.987122735991896, 0.0 ], [ -68.885576162230919, -32.987220607427339, 0.0 ], [ -68.885580428328183, -32.987231070802771, 0.0 ], [ -68.885622447017369, -32.987334354147855, 0.0 ], [ -68.885698330128051, -32.987311612077889, 0.0 ], [ -68.88578470238329, -32.987285636220179, 0.0 ], [ -68.885823341134611, -32.9872728686288, 0.0 ], [ -68.885773745572564, -32.98715352764664, 0.0 ], [ -68.885737483901082, -32.987066028083518, 0.0 ], [ -68.885715941160626, -32.987013169127223, 0.0 ], [ -68.885700687583551, -32.986978349487053, 0.0 ], [ -68.885680956011768, -32.986930631747462, 0.0 ], [ -68.885651840254084, -32.986860631255212, 0.0 ], [ -68.885624001178243, -32.986795412622612, 0.0 ], [ -68.885595922431762, -32.986729407500214, 0.0 ] ] ] ] } },
{ "type": "Feature", "properties": { "LAYER": "PARCELARIO_BASE_CATASTRO", "MAP_NAME": "1016_2026.dwg", "ccpp1": "1016 2905" }, "geometry": { "type": "MultiPolygon", "coordinates": [ [ [ [ -68.886225878669606, -32.987561790175953, 0.0 ], [ -68.886237459837218, -32.987623929052525, 0.0 ], [ -68.886247237395793, -32.987675875518811, 0.0 ], [ -68.886205076988873, -32.987681515872666, 0.0 ], [ -68.886281004768108, -32.988038749635855, 0.0 ], [ -68.886396449675871, -32.988034890943851, 0.0 ], [ -68.886467818507271, -32.988026932723436, 0.0 ], [ -68.886536725102545, -32.98802176742673, 0.0 ], [ -68.886599532639906, -32.988017048293869, 0.0 ], [ -68.886636659974201, -32.988014198439892, 0.0 ], [ -68.886682240267973, -32.988010813436105, 0.0 ], [ -68.886805501280548, -32.988001552292275, 0.0 ], [ -68.886982794651516, -32.987988194929102, 0.0 ], [ -68.887001734613733, -32.98798532670051, 0.0 ], [ -68.886935966077857, -32.987795819198254, 0.0 ], [ -68.886913142705225, -32.98773970964622, 0.0 ], [ -68.886889574519159, -32.98768207016888, 0.0 ], [ -68.886869630967468, -32.987632999010664, 0.0 ], [ -68.88682579300324, -32.987528811859555, 0.0 ], [ -68.886805528468727, -32.987480642978845, 0.0 ], [ -68.886790914071369, -32.987445912417698, 0.0 ], [ -68.886773314736161, -32.987404418365557, 0.0 ], [ -68.886225878669606, -32.987561790175953, 0.0 ] ] ] ] } },
{ "type": "Feature", "properties": { "LAYER": "PARCELARIO_BASE_CATASTRO", "MAP_NAME": "1016_2026.dwg", "ccpp1": "1016 168" }, "geometry": { "type": "MultiPolygon", "coordinates": [ [ [ [ -68.886628715903882, -32.987034948075951, 0.0 ], [ -68.886528327525937, -32.987063347215852, 0.0 ], [ -68.8863378200233, -32.987119703761806, 0.0 ], [ -68.886328295200897, -32.98712266972769, 0.0 ], [ -68.886230257364105, -32.987152604521548, 0.0 ], [ -68.886122160919939, -32.987183703148638, 0.0 ], [ -68.886062977005253, -32.987199785592011, 0.0 ], [ -68.886025840722994, -32.987209849594791, 0.0 ], [ -68.886051341655389, -32.987345669200515, 0.0 ], [ -68.88607694965421, -32.987481489797538, 0.0 ], [ -68.886207388859361, -32.987464027815541, 0.0 ], [ -68.886648447778597, -32.987082846001584, 0.0 ], [ -68.886642901490163, -32.987069405962139, 0.0 ], [ -68.886634903236029, -32.987049921550984, 0.0 ], [ -68.886628715903882, -32.987034948075951, 0.0 ] ] ] ] } },
{ "type": "Feature", "properties": { "LAYER": "PARCELARIO_BASE_CATASTRO", "MAP_NAME": "1016_2026.dwg", "ccpp1": "1016 2598" }, "geometry": { "type": "MultiPolygon", "coordinates": [ [ [ [ -68.886025840722994, -32.987209849594791, 0.0 ], [ -68.885908752470485, -32.987244456373745, 0.0 ], [ -68.885823341134611, -32.9872728686288, 0.0 ], [ -68.88578470238329, -32.987285636220179, 0.0 ], [ -68.885698330128051, -32.987311612077889, 0.0 ], [ -68.885757127495793, -32.987594891090701, 0.0 ], [ -68.88596985704028, -32.987563623284395, 0.0 ], [ -68.885957425363387, -32.98749742695616, 0.0 ], [ -68.88607694965421, -32.987481489797538, 0.0 ], [ -68.886051341655389, -32.987345669200515, 0.0 ], [ -68.886025840722994, -32.987209849594791, 0.0 ] ] ] ] } },
{ "type": "Feature", "properties": { "LAYER": "PARCELARIO_BASE_CATASTRO", "MAP_NAME": "1016_2026.dwg", "ccpp1": "1016 2599" }, "geometry": { "type": "MultiPolygon", "coordinates": [ [ [ [ -68.885978253067947, -32.987608174750207, 0.0 ], [ -68.885430161325871, -32.987688809662629, 0.0 ], [ -68.885163069790366, -32.987728050598037, 0.0 ], [ -68.885335534049545, -32.987892862712116, 0.0 ], [ -68.886056325005882, -32.987794718449898, 0.0 ], [ -68.886039430340702, -32.987704622689236, 0.0 ], [ -68.885997377849165, -32.987710355042566, 0.0 ], [ -68.885978253067947, -32.987608174750207, 0.0 ] ] ] ] } },
{ "type": "Feature", "properties": { "LAYER": "PARCELARIO_BASE_CATASTRO", "MAP_NAME": "1016_2026.dwg", "ccpp1": "1016 464" }, "geometry": { "type": "MultiPolygon", "coordinates": [ [ [ [ -68.885422086272925, -32.987975720712924, 0.0 ], [ -68.884967009034526, -32.988021366330237, 0.0 ], [ -68.884853589081928, -32.9880320792224, 0.0 ], [ -68.884795059198936, -32.988038245010124, 0.0 ], [ -68.88457345230195, -32.98806445410969, 0.0 ], [ -68.884596318528494, -32.988087378767652, 0.0 ], [ -68.884616191942925, -32.98810723404906, 0.0 ], [ -68.884645552747557, -32.988136583744627, 0.0 ], [ -68.884780073265944, -32.988126145688803, 0.0 ], [ -68.884822336148346, -32.988123390379279, 0.0 ], [ -68.884959932743982, -32.988114504049776, 0.0 ], [ -68.885047673288284, -32.988107554471071, 0.0 ], [ -68.885092611976319, -32.988103990023134, 0.0 ], [ -68.885102563058112, -32.988103278739402, 0.0 ], [ -68.885194259538451, -32.988097594145202, 0.0 ], [ -68.885360958589558, -32.988087112008998, 0.0 ], [ -68.885522095288437, -32.988077345893181, 0.0 ], [ -68.885440463490681, -32.987994403211012, 0.0 ], [ -68.885422086272925, -32.987975720712924, 0.0 ] ] ] ] } },
{ "type": "Feature", "properties": { "LAYER": "PARCELARIO_BASE_CATASTRO", "MAP_NAME": "1016_2026.dwg", "ccpp1": "1016 3356" }, "geometry": { "type": "MultiPolygon", "coordinates": [ [ [ [ -68.885257694849187, -32.987818625485829, 0.0 ], [ -68.884690978888258, -32.988021457978746, 0.0 ], [ -68.884532995881543, -32.988029326933642, 0.0 ], [ -68.884544796072817, -32.988040247182241, 0.0 ], [ -68.884573437075616, -32.988064439533034, 0.0 ], [ -68.884795043972559, -32.98803823043351, 0.0 ], [ -68.884853573855551, -32.9880320646458, 0.0 ], [ -68.884966993808135, -32.98802135175363, 0.0 ], [ -68.885422071046477, -32.987975706136361, 0.0 ], [ -68.885335518823112, -32.987892848135566, 0.0 ], [ -68.885257694849187, -32.987818625485829, 0.0 ] ] ] ] } },
{ "type": "Feature", "properties": { "LAYER": "PARCELARIO_BASE_CATASTRO", "MAP_NAME": "1016_2026.dwg", "ccpp1": "1016 2601" }, "geometry": { "type": "MultiPolygon", "coordinates": [ [ [ [ -68.883985860714773, -32.987578308157929, 0.0 ], [ -68.884021115238966, -32.987551203103237, 0.0 ], [ -68.88403044317829, -32.987523800753721, 0.0 ], [ -68.88417459052522, -32.987439092950602, 0.0 ], [ -68.884283012481077, -32.987433973659236, 0.0 ], [ -68.884422211341743, -32.98757899593312, 0.0 ], [ -68.884335936458356, -32.987656123132339, 0.0 ], [ -68.884384239533716, -32.987699539481383, 0.0 ], [ -68.884399875155637, -32.987687201870003, 0.0 ], [ -68.884454910685676, -32.987736755834796, 0.0 ], [ -68.884301224112221, -32.987858157922616, 0.0 ], [ -68.884768478747546, -32.987663295547236, 0.0 ], [ -68.884791390603809, -32.987651053867303, 0.0 ], [ -68.88481675876308, -32.987641430216996, 0.0 ], [ -68.885001617292389, -32.987570913549327, 0.0 ], [ -68.885016880977943, -32.987516104677084, 0.0 ], [ -68.884942541345382, -32.98733930188488, 0.0 ], [ -68.884906171538162, -32.987252434962272, 0.0 ], [ -68.884883453649977, -32.987198582033749, 0.0 ], [ -68.884824364838565, -32.987058041584646, 0.0 ], [ -68.884787248092351, -32.986969821417595, 0.0 ], [ -68.884505107676716, -32.987053013794331, 0.0 ], [ -68.884644758204558, -32.987204307417755, 0.0 ], [ -68.884522314772425, -32.98724287262737, 0.0 ], [ -68.884400406416077, -32.987281259679655, 0.0 ], [ -68.884358128980438, -32.987294653733663, 0.0 ], [ -68.884354704011471, -32.987295642407645, 0.0 ], [ -68.884301403437291, -32.98731227407751, 0.0 ], [ -68.884249597857149, -32.987329447215579, 0.0 ], [ -68.884208283999584, -32.987343114418714, 0.0 ], [ -68.884168023522918, -32.987367782156255, 0.0 ], [ -68.88405677434443, -32.987435573464566, 0.0 ], [ -68.883958159738441, -32.987495803220853, 0.0 ], [ -68.883919078383784, -32.987519479225597, 0.0 ], [ -68.883985860714773, -32.987578308157929, 0.0 ] ] ] ] } },
{ "type": "Feature", "properties": { "LAYER": "PARCELARIO_BASE_CATASTRO", "MAP_NAME": "1016_2026.dwg", "ccpp1": "1016 467" }, "geometry": { "type": "MultiPolygon", "coordinates": [ [ [ [ -68.885001617292389, -32.987570913549327, 0.0 ], [ -68.88481675876308, -32.987641430216996, 0.0 ], [ -68.884791390603809, -32.987651053867303, 0.0 ], [ -68.884768478747546, -32.987663295547236, 0.0 ], [ -68.884301224112221, -32.987858157922616, 0.0 ], [ -68.884411178418944, -32.987961597465095, 0.0 ], [ -68.884437846118644, -32.987940883554209, 0.0 ], [ -68.88447929247377, -32.987908642733949, 0.0 ], [ -68.884523850331703, -32.987869641290445, 0.0 ], [ -68.884555441758479, -32.987846407208899, 0.0 ], [ -68.884660238562148, -32.987803226213074, 0.0 ], [ -68.884836003740176, -32.987733239694997, 0.0 ], [ -68.884922919900021, -32.987700050611558, 0.0 ], [ -68.885075346297228, -32.987641224855231, 0.0 ], [ -68.885050561618542, -32.987613428554077, 0.0 ], [ -68.885001617292389, -32.987570913549327, 0.0 ] ] ] ] } },
{ "type": "Feature", "properties": { "LAYER": "PARCELARIO_BASE_CATASTRO", "MAP_NAME": "1016_2026.dwg", "ccpp1": "1016 806" }, "geometry": { "type": "MultiPolygon", "coordinates": [ [ [ [ -68.886869630967468, -32.987632999010664, 0.0 ], [ -68.886889574519159, -32.98768207016888, 0.0 ], [ -68.886913142705225, -32.98773970964622, 0.0 ], [ -68.886935966077857, -32.987795819198254, 0.0 ], [ -68.887001734613733, -32.98798532670051, 0.0 ], [ -68.887080508937416, -32.987959972444926, 0.0 ], [ -68.88729200722382, -32.987886774147412, 0.0 ], [ -68.887360083278082, -32.987861499324048, 0.0 ], [ -68.887711697167589, -32.987732436929882, 0.0 ], [ -68.88775547227425, -32.9877164282208, 0.0 ], [ -68.887732952179064, -32.987674747742709, 0.0 ], [ -68.8873063064446, -32.987832955971712, 0.0 ], [ -68.88726852584044, -32.987843109027494, 0.0 ], [ -68.887253046221616, -32.987818026597978, 0.0 ], [ -68.887113236801412, -32.987550271407102, 0.0 ], [ -68.887062928640304, -32.98756979142901, 0.0 ], [ -68.887014335214147, -32.987585346500197, 0.0 ], [ -68.886965207848263, -32.987602612454097, 0.0 ], [ -68.886869630967468, -32.987632999010664, 0.0 ] ] ] ] } },
{ "type": "Feature", "properties": { "LAYER": "PARCELARIO_BASE_CATASTRO", "MAP_NAME": "1016_2026.dwg", "ccpp1": "1016 2661" }, "geometry": { "type": "MultiPolygon", "coordinates": [ [ [ [ -68.888186281729844, -32.984968172006496, 0.0 ], [ -68.887243473223236, -32.985266033178327, 0.0 ], [ -68.887338560734023, -32.985366119649321, 0.0 ], [ -68.887380975977251, -32.985410792794582, 0.0 ], [ -68.887383433485354, -32.985413320612153, 0.0 ], [ -68.887533376567873, -32.985365399896047, 0.0 ], [ -68.887901443754899, -32.985247170960491, 0.0 ], [ -68.887988992954675, -32.985219027889407, 0.0 ], [ -68.888147391132705, -32.98516813938042, 0.0 ], [ -68.888217922266506, -32.985145482043748, 0.0 ], [ -68.888295987107995, -32.985120520404649, 0.0 ], [ -68.888186281729844, -32.984968172006496, 0.0 ] ] ] ] } },
{ "type": "Feature", "properties": { "LAYER": "PARCELARIO_BASE_CATASTRO", "MAP_NAME": "1016_2026.dwg", "ccpp1": "1016 2660" }, "geometry": { "type": "MultiPolygon", "coordinates": [ [ [ [ -68.888073319330758, -32.984811301376773, 0.0 ], [ -68.887107038381401, -32.985123166996424, 0.0 ], [ -68.887195182337862, -32.985215492866288, 0.0 ], [ -68.887243473223236, -32.985266033178327, 0.0 ], [ -68.888186281729844, -32.984968172006496, 0.0 ], [ -68.888073319330758, -32.984811301376773, 0.0 ] ] ] ] } },
{ "type": "Feature", "properties": { "LAYER": "PARCELARIO_BASE_CATASTRO", "MAP_NAME": "1016_2026.dwg", "ccpp1": "1016 3184" }, "geometry": { "type": "MultiPolygon", "coordinates": [ [ [ [ -68.887054493019392, -32.984922978975277, 0.0 ], [ -68.887054923981054, -32.984927231126314, 0.0 ], [ -68.886962625875483, -32.984971993517519, 0.0 ], [ -68.886984259789202, -32.984994624048056, 0.0 ], [ -68.887673486508973, -32.984756454677708, 0.0 ], [ -68.88752369007787, -32.984574375415363, 0.0 ], [ -68.886969650157454, -32.984797722530637, 0.0 ], [ -68.887054493019392, -32.984922978975277, 0.0 ] ] ] ] } },
{ "type": "Feature", "properties": { "LAYER": "PARCELARIO_BASE_CATASTRO", "MAP_NAME": "1016_2026.dwg", "ccpp1": "1016 3204" }, "geometry": { "type": "MultiPolygon", "coordinates": [ [ [ [ -68.887107038381401, -32.985123166996424, 0.0 ], [ -68.88707477116732, -32.985089413243166, 0.0 ], [ -68.886979023280517, -32.984989160962776, 0.0 ], [ -68.886950304511487, -32.984959091941576, 0.0 ], [ -68.886538344232221, -32.985095202670507, 0.0 ], [ -68.886618043782292, -32.985176911224237, 0.0 ], [ -68.886628952906591, -32.98518809382653, 0.0 ], [ -68.88689307552454, -32.985453619756534, 0.0 ], [ -68.886933697108418, -32.985495218508234, 0.0 ], [ -68.887338560734023, -32.985366119649321, 0.0 ], [ -68.887243473223236, -32.985266033178327, 0.0 ], [ -68.887195182337862, -32.985215492866288, 0.0 ], [ -68.887107038381401, -32.985123166996424, 0.0 ] ] ] ] } },
{ "type": "Feature", "properties": { "LAYER": "PARCELARIO_BASE_CATASTRO", "MAP_NAME": "1016_2026.dwg", "ccpp1": "1016 3757" }, "geometry": { "type": "MultiPolygon", "coordinates": [ [ [ [ -68.886979408780405, -32.985621957424783, 0.0 ], [ -68.886736754170272, -32.985383591677738, 0.0 ], [ -68.886733013141409, -32.985379981570802, 0.0 ], [ -68.886418323957315, -32.985501865940627, 0.0 ], [ -68.886287971458927, -32.985620046607259, 0.0 ], [ -68.886317572621735, -32.985646133867597, 0.0 ], [ -68.88632826057723, -32.98565543088452, 0.0 ], [ -68.886395263588796, -32.985714193826155, 0.0 ], [ -68.886421016679961, -32.98573676101514, 0.0 ], [ -68.886718099035377, -32.985997359840624, 0.0 ], [ -68.886711012387337, -32.98601809201277, 0.0 ], [ -68.886889144217605, -32.986196525214702, 0.0 ], [ -68.887251656341761, -32.986083540049691, 0.0 ], [ -68.886963320117317, -32.985820766547448, 0.0 ], [ -68.886945334674479, -32.985804375547268, 0.0 ], [ -68.887084045294159, -32.985725059215781, 0.0 ], [ -68.886979408780405, -32.985621957424783, 0.0 ] ] ] ] } },
{ "type": "Feature", "properties": { "LAYER": "PARCELARIO_BASE_CATASTRO", "MAP_NAME": "1016_2026.dwg", "ccpp1": "1016 526" }, "geometry": { "type": "MultiPolygon", "coordinates": [ [ [ [ -68.886529377819713, -32.985831810768047, 0.0 ], [ -68.886279285367522, -32.985968634757683, 0.0 ], [ -68.886202497187156, -32.986010693016887, 0.0 ], [ -68.886221864961556, -32.986027641479232, 0.0 ], [ -68.88628448792889, -32.986082343835363, 0.0 ], [ -68.886378860037013, -32.986156101366227, 0.0 ], [ -68.886409854683279, -32.986180294542869, 0.0 ], [ -68.886447689685355, -32.986209905805339, 0.0 ], [ -68.886544947414833, -32.986286279798883, 0.0 ], [ -68.886642534448811, -32.986273388767707, 0.0 ], [ -68.886889144217605, -32.986196525214702, 0.0 ], [ -68.886711012387337, -32.98601809201277, 0.0 ], [ -68.886718099035377, -32.985997359840624, 0.0 ], [ -68.886712969355088, -32.985992846795334, 0.0 ], [ -68.886543590135673, -32.98584435701089, 0.0 ], [ -68.886529377819713, -32.985831810768047, 0.0 ] ] ] ] } },
{ "type": "Feature", "properties": { "LAYER": "PARCELARIO_BASE_CATASTRO", "MAP_NAME": "1016_2026.dwg", "ccpp1": "1016 528" }, "geometry": { "type": "MultiPolygon", "coordinates": [ [ [ [ -68.886202497187156, -32.986010693016887, 0.0 ], [ -68.88615934905971, -32.985972939188919, 0.0 ], [ -68.886129748990115, -32.985945952018405, 0.0 ], [ -68.885834354408431, -32.98603548224429, 0.0 ], [ -68.885910658087539, -32.986100747832353, 0.0 ], [ -68.88598813747987, -32.986167004489495, 0.0 ], [ -68.885993915875758, -32.986165386744332, 0.0 ], [ -68.886152203383801, -32.98612207297078, 0.0 ], [ -68.886158411028958, -32.986120275273692, 0.0 ], [ -68.886264901305452, -32.986088365438235, 0.0 ], [ -68.88628448792889, -32.986082343835363, 0.0 ], [ -68.886221864961556, -32.986027641479232, 0.0 ], [ -68.886202497187156, -32.986010693016887, 0.0 ] ] ] ] } },
{ "type": "Feature", "properties": { "LAYER": "PARCELARIO_BASE_CATASTRO", "MAP_NAME": "1016_2026.dwg", "ccpp1": "1016 33" }, "geometry": { "type": "MultiPolygon", "coordinates": [ [ [ [ -68.885609189505658, -32.98584149739559, 0.0 ], [ -68.885362532037078, -32.985967591820213, 0.0 ], [ -68.885365201381745, -32.985971742892673, 0.0 ], [ -68.88542552414691, -32.986067377057225, 0.0 ], [ -68.885496589276229, -32.98604571540212, 0.0 ], [ -68.885646748259802, -32.986000409318954, 0.0 ], [ -68.885748114220235, -32.985961553209549, 0.0 ], [ -68.885702481735692, -32.98592237590556, 0.0 ], [ -68.885626287349083, -32.985856390749618, 0.0 ], [ -68.885609189505658, -32.98584149739559, 0.0 ] ] ] ] } },
{ "type": "Feature", "properties": { "LAYER": "PARCELARIO_BASE_CATASTRO", "MAP_NAME": "1016_2026.dwg", "ccpp1": "1016 36" }, "geometry": { "type": "MultiPolygon", "coordinates": [ [ [ [ -68.885748114220235, -32.985961553209549, 0.0 ], [ -68.885646748259802, -32.986000409318954, 0.0 ], [ -68.885496589276229, -32.98604571540212, 0.0 ], [ -68.88542552414691, -32.986067377057225, 0.0 ], [ -68.885264233476335, -32.986116277555666, 0.0 ], [ -68.885234692997884, -32.986125267192151, 0.0 ], [ -68.885225488140065, -32.986128234270225, 0.0 ], [ -68.885215856514364, -32.986131110787483, 0.0 ], [ -68.885167050513616, -32.986145942704248, 0.0 ], [ -68.885028557583937, -32.986187561168066, 0.0 ], [ -68.884958165664898, -32.986208853488158, 0.0 ], [ -68.88508461212453, -32.986356860480242, 0.0 ], [ -68.885175051185158, -32.986329354125452, 0.0 ], [ -68.885202450192509, -32.98632090444336, 0.0 ], [ -68.885303699583517, -32.986289890486091, 0.0 ], [ -68.88530883736864, -32.986288093651979, 0.0 ], [ -68.885366635555258, -32.986267679530279, 0.0 ], [ -68.885402487695032, -32.986259238465706, 0.0 ], [ -68.885482324399945, -32.986238033003303, 0.0 ], [ -68.885519997652764, -32.986227788415157, 0.0 ], [ -68.885567943171537, -32.986215660606874, 0.0 ], [ -68.885720881782333, -32.986172162143241, 0.0 ], [ -68.885910658087539, -32.986100747832353, 0.0 ], [ -68.885834354408431, -32.98603548224429, 0.0 ], [ -68.885748114220235, -32.985961553209549, 0.0 ] ] ] ] } },
{ "type": "Feature", "properties": { "LAYER": "PARCELARIO_BASE_CATASTRO", "MAP_NAME": "1016_2026.dwg", "ccpp1": "1016 2689" }, "geometry": { "type": "MultiPolygon", "coordinates": [ [ [ [ -68.884135298698951, -32.986540448570501, 0.0 ], [ -68.884016164366855, -32.98658532990995, 0.0 ], [ -68.884198443311305, -32.986989752967453, 0.0 ], [ -68.884317138867701, -32.986955151985342, 0.0 ], [ -68.884283252455148, -32.986874485313287, 0.0 ], [ -68.884274186126007, -32.986853197306552, 0.0 ], [ -68.884233328568698, -32.986762538073073, 0.0 ], [ -68.884207619756722, -32.986705435301992, 0.0 ], [ -68.884173165896215, -32.986626866276062, 0.0 ], [ -68.884155459899262, -32.986586183262688, 0.0 ], [ -68.884135298698951, -32.986540448570501, 0.0 ] ] ] ] } },
{ "type": "Feature", "properties": { "LAYER": "PARCELARIO_BASE_CATASTRO", "MAP_NAME": "1016_2026.dwg", "ccpp1": "1016 187" }, "geometry": { "type": "MultiPolygon", "coordinates": [ [ [ [ -68.886454316392104, -32.983308343799209, 0.0 ], [ -68.886599448948814, -32.983506941470573, 0.0 ], [ -68.886681039781891, -32.983618738934325, 0.0 ], [ -68.886773736224228, -32.983746234719867, 0.0 ], [ -68.886805239601401, -32.98378954475691, 0.0 ], [ -68.886860564473096, -32.983861372120565, 0.0 ], [ -68.8869677864202, -32.984007727803629, 0.0 ], [ -68.887026418443213, -32.984086319772885, 0.0 ], [ -68.887130548852681, -32.984226089359353, 0.0 ], [ -68.887303131538516, -32.98445942922659, 0.0 ], [ -68.888038306962827, -32.984215301043619, 0.0 ], [ -68.888001020912967, -32.984175683917307, 0.0 ], [ -68.887927833540488, -32.984100503918746, 0.0 ], [ -68.887799944720015, -32.983969187623998, 0.0 ], [ -68.887752294424004, -32.983920000610887, 0.0 ], [ -68.887706885200799, -32.98387361260172, 0.0 ], [ -68.88765431899489, -32.983819369024445, 0.0 ], [ -68.887646518747914, -32.983811697738133, 0.0 ], [ -68.887609324346116, -32.983786145860449, 0.0 ], [ -68.887604939378434, -32.983784158220764, 0.0 ], [ -68.887575752454566, -32.98376907301229, 0.0 ], [ -68.887554368933323, -32.983758322881428, 0.0 ], [ -68.887498562253484, -32.983729416195175, 0.0 ], [ -68.887448099469538, -32.983703940679433, 0.0 ], [ -68.887406189789729, -32.983682172442961, 0.0 ], [ -68.88737561280989, -32.983666544025326, 0.0 ], [ -68.886927560886022, -32.983426004963633, 0.0 ], [ -68.886914194252256, -32.983420041780356, 0.0 ], [ -68.88687164211386, -32.983401426854108, 0.0 ], [ -68.886858062932106, -32.983395192968629, 0.0 ], [ -68.88684245111574, -32.983388054659471, 0.0 ], [ -68.886838066794695, -32.98338642766484, 0.0 ], [ -68.886727296862077, -32.983337452644498, 0.0 ], [ -68.886454316392104, -32.983308343799209, 0.0 ] ] ] ] } },
{ "type": "Feature", "properties": { "LAYER": "PARCELARIO_BASE_CATASTRO", "MAP_NAME": "1016_2026.dwg", "ccpp1": "1016 439" }, "geometry": { "type": "MultiPolygon", "coordinates": [ [ [ [ -68.883454747932134, -32.984520099937178, 0.0 ], [ -68.883343235493896, -32.98454469999966, 0.0 ], [ -68.883236004121116, -32.984570477950868, 0.0 ], [ -68.883054608743166, -32.984613044157314, 0.0 ], [ -68.882931643267426, -32.98464241292271, 0.0 ], [ -68.882874389685696, -32.984655883509973, 0.0 ], [ -68.882865292365096, -32.984658489844328, 0.0 ], [ -68.882917974174021, -32.984787031134765, 0.0 ], [ -68.882948900271401, -32.984780208272888, 0.0 ], [ -68.883019212259811, -32.984763052102217, 0.0 ], [ -68.883036976230102, -32.984759102258664, 0.0 ], [ -68.883054527415169, -32.984755061143758, 0.0 ], [ -68.883174493336455, -32.98472713303903, 0.0 ], [ -68.883495546810366, -32.984652416946389, 0.0 ], [ -68.883454747932134, -32.984520099937178, 0.0 ] ] ] ] } },
{ "type": "Feature", "properties": { "LAYER": "PARCELARIO_BASE_CATASTRO", "MAP_NAME": "1016_2026.dwg", "ccpp1": "1016 429" }, "geometry": { "type": "MultiPolygon", "coordinates": [ [ [ [ -68.884902790657549, -32.984182163914198, 0.0 ], [ -68.88477445094243, -32.984213530369011, 0.0 ], [ -68.884886310620047, -32.984430204096341, 0.0 ], [ -68.884954163509477, -32.9844121446923, 0.0 ], [ -68.885054120406551, -32.984385368525203, 0.0 ], [ -68.88491635223933, -32.984200300152203, 0.0 ], [ -68.884902790657549, -32.984182163914198, 0.0 ] ] ] ] } },
{ "type": "Feature", "properties": { "LAYER": "PARCELARIO_BASE_CATASTRO", "MAP_NAME": "1016_2026.dwg", "ccpp1": "1016 833" }, "geometry": { "type": "MultiPolygon", "coordinates": [ [ [ [ -68.884532400304693, -32.983210510318976, 0.0 ], [ -68.884337376562328, -32.983205275928043, 0.0 ], [ -68.88407859658308, -32.98319808853941, 0.0 ], [ -68.883920800692721, -32.983195145854019, 0.0 ], [ -68.883836286633439, -32.983192810363484, 0.0 ], [ -68.883681806469568, -32.983190498930483, 0.0 ], [ -68.88359600860025, -32.98318816388484, 0.0 ], [ -68.883527116249226, -32.983185213374185, 0.0 ], [ -68.883458964858832, -32.983188305665877, 0.0 ], [ -68.883167837562368, -32.983208315992108, 0.0 ], [ -68.883167933978513, -32.983217152533307, 0.0 ], [ -68.883166358752831, -32.983273505976435, 0.0 ], [ -68.883166247255787, -32.983277743761839, 0.0 ], [ -68.883167278980807, -32.983306690415596, 0.0 ], [ -68.883167602526953, -32.98338432525054, 0.0 ], [ -68.883168378361219, -32.983445912431264, 0.0 ], [ -68.883020377616461, -32.983478682442112, 0.0 ], [ -68.883019883082014, -32.983528366274761, 0.0 ], [ -68.882912024725172, -32.983623933291071, 0.0 ], [ -68.882834605297717, -32.983676878476238, 0.0 ], [ -68.882656826754229, -32.983737122210329, 0.0 ], [ -68.882509762302377, -32.983787026189866, 0.0 ], [ -68.882517122803989, -32.983804886350789, 0.0 ], [ -68.882525119384667, -32.983824731704146, 0.0 ], [ -68.882591554121845, -32.983988181045511, 0.0 ], [ -68.882596458409608, -32.984000268149096, 0.0 ], [ -68.882641459828804, -32.984111129448287, 0.0 ], [ -68.882645615712704, -32.984121232153591, 0.0 ], [ -68.882929420614332, -32.984060007674337, 0.0 ], [ -68.883244149025316, -32.983992590785334, 0.0 ], [ -68.883281015212106, -32.984107321466389, 0.0 ], [ -68.883317660043048, -32.984225297068797, 0.0 ], [ -68.883622027200147, -32.984147228839106, 0.0 ], [ -68.883821296863118, -32.984096292823914, 0.0 ], [ -68.884081033978902, -32.984029632358819, 0.0 ], [ -68.884094626974132, -32.984026038261916, 0.0 ], [ -68.884135078115023, -32.984016427840274, 0.0 ], [ -68.884240813471251, -32.983989387180081, 0.0 ], [ -68.884289721283338, -32.98397608946847, 0.0 ], [ -68.88440626425313, -32.983949058681844, 0.0 ], [ -68.884695206056335, -32.983881974029593, 0.0 ], [ -68.884726211180251, -32.983897964169181, 0.0 ], [ -68.884601831028675, -32.983456737286119, 0.0 ], [ -68.884532400304693, -32.983210510318976, 0.0 ] ] ] ] } },
{ "type": "Feature", "properties": { "LAYER": "PARCELARIO_BASE_CATASTRO", "MAP_NAME": "1016_2026.dwg", "ccpp1": "1016 200" }, "geometry": { "type": "MultiPolygon", "coordinates": [ [ [ [ -68.882645615712704, -32.984121232153591, 0.0 ], [ -68.882691577147313, -32.98423434943291, 0.0 ], [ -68.883281015212106, -32.984107321466389, 0.0 ], [ -68.883244149025316, -32.983992590785334, 0.0 ], [ -68.882929420614332, -32.984060007674337, 0.0 ], [ -68.882645615712704, -32.984121232153591, 0.0 ] ] ] ] } },
{ "type": "Feature", "properties": { "LAYER": "PARCELARIO_BASE_CATASTRO", "MAP_NAME": "1016_2026.dwg", "ccpp1": "1016 757" }, "geometry": { "type": "MultiPolygon", "coordinates": [ [ [ [ -68.883020377616461, -32.983478682442112, 0.0 ], [ -68.882848939124216, -32.983516570761395, 0.0 ], [ -68.882797248306005, -32.983529326093972, 0.0 ], [ -68.882742779303484, -32.983541897559007, 0.0 ], [ -68.882650529191977, -32.983565164379193, 0.0 ], [ -68.882436280674114, -32.983615544324756, 0.0 ], [ -68.882492912673996, -32.983747787317107, 0.0 ], [ -68.882499417657939, -32.983762941638368, 0.0 ], [ -68.882509762302377, -32.983787026189866, 0.0 ], [ -68.882656826754229, -32.983737122210329, 0.0 ], [ -68.882834605297717, -32.983676878476238, 0.0 ], [ -68.882912024725172, -32.983623933291071, 0.0 ], [ -68.883019883082014, -32.983528366274761, 0.0 ], [ -68.883020377616461, -32.983478682442112, 0.0 ] ] ] ] } },
{ "type": "Feature", "properties": { "LAYER": "PARCELARIO_BASE_CATASTRO", "MAP_NAME": "1016_2026.dwg", "ccpp1": "1016 195" }, "geometry": { "type": "MultiPolygon", "coordinates": [ [ [ [ -68.882994289809929, -32.983224381014438, 0.0 ], [ -68.882967534293329, -32.983231389036035, 0.0 ], [ -68.882918626932437, -32.983244506798052, 0.0 ], [ -68.882817916905992, -32.983273356219023, 0.0 ], [ -68.882614030990666, -32.983335646551488, 0.0 ], [ -68.882358445489459, -32.983416285707214, 0.0 ], [ -68.882427748865112, -32.983593533530822, 0.0 ], [ -68.882436280674114, -32.983615544324756, 0.0 ], [ -68.882650529191977, -32.983565164379193, 0.0 ], [ -68.882742779303484, -32.983541897559007, 0.0 ], [ -68.882797248306005, -32.983529326093972, 0.0 ], [ -68.882848939124216, -32.983516570761395, 0.0 ], [ -68.883020377616461, -32.983478682442112, 0.0 ], [ -68.883168378361219, -32.983445912431264, 0.0 ], [ -68.883167602526953, -32.98338432525054, 0.0 ], [ -68.883167278980807, -32.983306690415596, 0.0 ], [ -68.883166247255787, -32.983277743761839, 0.0 ], [ -68.883166358752831, -32.983273505976435, 0.0 ], [ -68.883167933978513, -32.983217152533307, 0.0 ], [ -68.883167837562368, -32.983208315992108, 0.0 ], [ -68.883120009001502, -32.983213050132363, 0.0 ], [ -68.883086520696423, -32.98321536314856, 0.0 ], [ -68.883047887246391, -32.98322434285771, 0.0 ], [ -68.883046504050697, -32.983218570818785, 0.0 ], [ -68.882994289809929, -32.983224381014438, 0.0 ] ] ] ] } },
{ "type": "Feature", "properties": { "LAYER": "PARCELARIO_BASE_CATASTRO", "MAP_NAME": "1016_2026.dwg", "ccpp1": "1016 189" }, "geometry": { "type": "MultiPolygon", "coordinates": [ [ [ [ -68.882115662300976, -32.984890497707802, 0.0 ], [ -68.88205038909777, -32.984899633190608, 0.0 ], [ -68.882091846065606, -32.985019147436226, 0.0 ], [ -68.882165504645585, -32.985220475187226, 0.0 ], [ -68.882174886816472, -32.985246722880788, 0.0 ], [ -68.882175845989778, -32.985249518988788, 0.0 ], [ -68.882207498389135, -32.985341251343279, 0.0 ], [ -68.88220899010588, -32.985345852211665, 0.0 ], [ -68.882306823220731, -32.985630159781309, 0.0 ], [ -68.882312252202908, -32.985650813331446, 0.0 ], [ -68.882551745163099, -32.985607760962239, 0.0 ], [ -68.882614132560931, -32.985595196128592, 0.0 ], [ -68.882822573639444, -32.985571141261154, 0.0 ], [ -68.883018811345437, -32.985551310698703, 0.0 ], [ -68.883059400599379, -32.98552033188335, 0.0 ], [ -68.883012479546181, -32.985403877652331, 0.0 ], [ -68.882974730859047, -32.985310788172789, 0.0 ], [ -68.882932823433777, -32.985207322775409, 0.0 ], [ -68.882915653583908, -32.985164746556087, 0.0 ], [ -68.882896067171927, -32.985170589099305, 0.0 ], [ -68.882839128251248, -32.985187757746949, 0.0 ], [ -68.882820612060968, -32.985193329877198, 0.0 ], [ -68.882735525424209, -32.985218856768007, 0.0 ], [ -68.882701171029453, -32.98522910363549, 0.0 ], [ -68.88260077892167, -32.985259303882017, 0.0 ], [ -68.882566636330822, -32.985269550911525, 0.0 ], [ -68.88248304583017, -32.985294628197607, 0.0 ], [ -68.882402893471834, -32.985069849980121, 0.0 ], [ -68.882387863999099, -32.985027815808657, 0.0 ], [ -68.882386477477027, -32.985023756949936, 0.0 ], [ -68.882332546885976, -32.984871680457459, 0.0 ], [ -68.882119609450129, -32.984897445259485, 0.0 ], [ -68.882115662300976, -32.984890497707802, 0.0 ] ] ] ] } },
{ "type": "Feature", "properties": { "LAYER": "PARCELARIO_BASE_CATASTRO", "MAP_NAME": "1016_2026.dwg", "ccpp1": "1016 191" }, "geometry": { "type": "MultiPolygon", "coordinates": [ [ [ [ -68.882680947503687, -32.984585818232773, 0.0 ], [ -68.882670779841618, -32.984588784218793, 0.0 ], [ -68.882367254506264, -32.984676498873782, 0.0 ], [ -68.882045856014017, -32.984769333671224, 0.0 ], [ -68.882066670365489, -32.984805511537346, 0.0 ], [ -68.882069977145562, -32.98481128540223, 0.0 ], [ -68.882115662300976, -32.984890497707802, 0.0 ], [ -68.882119609450129, -32.984897445259485, 0.0 ], [ -68.882332546885976, -32.984871680457459, 0.0 ], [ -68.882776918935974, -32.984822152624552, 0.0 ], [ -68.882750261371427, -32.984756302366023, 0.0 ], [ -68.882747381906043, -32.984749356738263, 0.0 ], [ -68.882744395099621, -32.984741870002594, 0.0 ], [ -68.882741410075852, -32.984734653772044, 0.0 ], [ -68.882707286867841, -32.984650312986155, 0.0 ], [ -68.88270110072321, -32.984635068809403, 0.0 ], [ -68.88269107962445, -32.984610533741531, 0.0 ], [ -68.882680947503687, -32.984585818232773, 0.0 ] ] ] ] } },
{ "type": "Feature", "properties": { "LAYER": "PARCELARIO_BASE_CATASTRO", "MAP_NAME": "1016_2026.dwg", "ccpp1": "1016 403" }, "geometry": { "type": "MultiPolygon", "coordinates": [ [ [ [ -68.882590091280974, -32.98436427519426, 0.0 ], [ -68.882575962764335, -32.984368229294894, 0.0 ], [ -68.882538504649077, -32.984378743704411, 0.0 ], [ -68.882434049162569, -32.984408038321448, 0.0 ], [ -68.882427627589706, -32.984409835632505, 0.0 ], [ -68.882367266932917, -32.984426729440678, 0.0 ], [ -68.882319962311428, -32.984440028810205, 0.0 ], [ -68.882258315156832, -32.984457282926257, 0.0 ], [ -68.882171731862812, -32.984481545675585, 0.0 ], [ -68.882027245676838, -32.984523965777029, 0.0 ], [ -68.8820163298046, -32.984527201506452, 0.0 ], [ -68.881918613892793, -32.984555872687146, 0.0 ], [ -68.881934625158067, -32.984582668578454, 0.0 ], [ -68.881945407870774, -32.984600712341972, 0.0 ], [ -68.881960566010122, -32.984626244171764, 0.0 ], [ -68.881994616669829, -32.984683354403494, 0.0 ], [ -68.882035926166168, -32.98475273340798, 0.0 ], [ -68.882045856014017, -32.984769333671224, 0.0 ], [ -68.882367254506264, -32.984676498873782, 0.0 ], [ -68.882670779841618, -32.984588784218793, 0.0 ], [ -68.882680947503687, -32.984585818232773, 0.0 ], [ -68.88266548359563, -32.984547842138092, 0.0 ], [ -68.882629972333561, -32.984461515430112, 0.0 ], [ -68.882624215938733, -32.984447353667257, 0.0 ], [ -68.882590091280974, -32.98436427519426, 0.0 ] ] ] ] } },
{ "type": "Feature", "properties": { "LAYER": "PARCELARIO_BASE_CATASTRO", "MAP_NAME": "1016_2026.dwg", "ccpp1": "1016 192" }, "geometry": { "type": "MultiPolygon", "coordinates": [ [ [ [ -68.882515016190041, -32.984181339673356, 0.0 ], [ -68.882495431158532, -32.984187091988325, 0.0 ], [ -68.882484300422121, -32.98419023738888, 0.0 ], [ -68.882460647410468, -32.984197067884274, 0.0 ], [ -68.882374171524987, -32.984222052219273, 0.0 ], [ -68.882232362546006, -32.984262944032182, 0.0 ], [ -68.882203359339258, -32.984271212118522, 0.0 ], [ -68.882167719516033, -32.984281277292929, 0.0 ], [ -68.882002899434426, -32.984328007137641, 0.0 ], [ -68.88193483250042, -32.984347327085118, 0.0 ], [ -68.881857989294446, -32.98436916429403, 0.0 ], [ -68.881824275268372, -32.984379140122613, 0.0 ], [ -68.881863195228036, -32.984476019922774, 0.0 ], [ -68.881879617107472, -32.984516610988827, 0.0 ], [ -68.88189060009725, -32.984544122570604, 0.0 ], [ -68.881897851407743, -32.984561984465827, 0.0 ], [ -68.881918613892793, -32.984555872687146, 0.0 ], [ -68.8820163298046, -32.984527201506452, 0.0 ], [ -68.882027245676838, -32.984523965777029, 0.0 ], [ -68.882171731862812, -32.984481545675585, 0.0 ], [ -68.882258315156832, -32.984457282926257, 0.0 ], [ -68.882319962311428, -32.984440028810205, 0.0 ], [ -68.882367266932917, -32.984426729440678, 0.0 ], [ -68.882427627589706, -32.984409835632505, 0.0 ], [ -68.882434049162569, -32.984408038321448, 0.0 ], [ -68.882538504649077, -32.984378743704411, 0.0 ], [ -68.882575962764335, -32.984368229294894, 0.0 ], [ -68.882590091280974, -32.98436427519426, 0.0 ], [ -68.882586570882083, -32.984355796106342, 0.0 ], [ -68.882584012635661, -32.984349481951398, 0.0 ], [ -68.882582306584169, -32.98434515229043, 0.0 ], [ -68.882579640401559, -32.984338747866026, 0.0 ], [ -68.882542849890982, -32.984249082815538, 0.0 ], [ -68.882536879078586, -32.984234470007266, 0.0 ], [ -68.882523974241053, -32.984203079455106, 0.0 ], [ -68.882515016190041, -32.984181339673356, 0.0 ] ] ] ] } },
{ "type": "Feature", "properties": { "LAYER": "PARCELARIO_BASE_CATASTRO", "MAP_NAME": "1016_2026.dwg", "ccpp1": "1016 192" }, "geometry": { "type": "MultiPolygon", "coordinates": [ [ [ [ -68.881940681734392, -32.984363991850685, 0.0 ], [ -68.881981746100379, -32.984463077343847, 0.0 ], [ -68.882033256765794, -32.984447913798213, 0.0 ], [ -68.882060668643035, -32.984514056166816, 0.0 ], [ -68.882171731862471, -32.984481545499143, 0.0 ], [ -68.882258315156506, -32.984457282749837, 0.0 ], [ -68.882319962311087, -32.984440028633777, 0.0 ], [ -68.882367266932562, -32.98442672926425, 0.0 ], [ -68.882427627589365, -32.98440983545607, 0.0 ], [ -68.882434049162242, -32.984408038144991, 0.0 ], [ -68.882538504648736, -32.984378743527976, 0.0 ], [ -68.882575962763994, -32.984368229118459, 0.0 ], [ -68.882590091280647, -32.984364275017818, 0.0 ], [ -68.882586570881756, -32.984355795929893, 0.0 ], [ -68.88258401263532, -32.984349481774977, 0.0 ], [ -68.882582306583828, -32.984345152113981, 0.0 ], [ -68.882579640401218, -32.984338747689598, 0.0 ], [ -68.882543022651859, -32.984249502983793, 0.0 ], [ -68.882416486512909, -32.98428598032551, 0.0 ], [ -68.882395019221903, -32.984233084780065, 0.0 ], [ -68.881940681734392, -32.984363991850685, 0.0 ] ] ] ] } },
{ "type": "Feature", "properties": { "LAYER": "PARCELARIO_BASE_CATASTRO", "MAP_NAME": "1016_2026.dwg", "ccpp1": "1016 417" }, "geometry": { "type": "MultiPolygon", "coordinates": [ [ [ [ -68.882438129081621, -32.983995969667738, 0.0 ], [ -68.882417262539533, -32.98399838365188, 0.0 ], [ -68.882313686076898, -32.984010548909197, 0.0 ], [ -68.88219031420256, -32.984024946898025, 0.0 ], [ -68.882182717005165, -32.984025841408965, 0.0 ], [ -68.881847694592054, -32.984065915561843, 0.0 ], [ -68.881742513653094, -32.984078529666235, 0.0 ], [ -68.881799345898372, -32.984221320085531, 0.0 ], [ -68.881824293113382, -32.984284642429813, 0.0 ], [ -68.881827811766044, -32.984293572376814, 0.0 ], [ -68.881857989294446, -32.98436916429403, 0.0 ], [ -68.88193483250042, -32.984347327085118, 0.0 ], [ -68.882002899434426, -32.984328007137641, 0.0 ], [ -68.882167719516033, -32.984281277292929, 0.0 ], [ -68.882203359339258, -32.984271212118522, 0.0 ], [ -68.882232362546006, -32.984262944032182, 0.0 ], [ -68.882374171524987, -32.984222052219273, 0.0 ], [ -68.882460647410468, -32.984197067884274, 0.0 ], [ -68.882484300422121, -32.98419023738888, 0.0 ], [ -68.882495431158532, -32.984187091988325, 0.0 ], [ -68.882515016190041, -32.984181339673356, 0.0 ], [ -68.882490915448741, -32.9841231587313, 0.0 ], [ -68.882486649507428, -32.984112964847775, 0.0 ], [ -68.882454124990417, -32.984034396232062, 0.0 ], [ -68.882452205576882, -32.984029615528989, 0.0 ], [ -68.882449003777779, -32.984022128583071, 0.0 ], [ -68.882447085673661, -32.98401716754541, 0.0 ], [ -68.882438129081621, -32.983995969667738, 0.0 ] ] ] ] } },
{ "type": "Feature", "properties": { "LAYER": "PARCELARIO_BASE_CATASTRO", "MAP_NAME": "1016_2026.dwg", "ccpp1": "1016 496" }, "geometry": { "type": "MultiPolygon", "coordinates": [ [ [ [ -68.881742513653094, -32.984078529666235, 0.0 ], [ -68.881312474544643, -32.984130412717604, 0.0 ], [ -68.881346617594104, -32.984197980884936, 0.0 ], [ -68.881351953858243, -32.98420853559378, 0.0 ], [ -68.881407331039853, -32.984318145741888, 0.0 ], [ -68.881409144984133, -32.984321754178538, 0.0 ], [ -68.881414694753474, -32.984332669758672, 0.0 ], [ -68.881416508818901, -32.984336188027463, 0.0 ], [ -68.881422055139367, -32.984347283939663, 0.0 ], [ -68.881749054847518, -32.98430639182461, 0.0 ], [ -68.88175590316952, -32.984305496631016, 0.0 ], [ -68.881767673579901, -32.984304065090321, 0.0 ], [ -68.881810156971966, -32.984296711543102, 0.0 ], [ -68.881827811766044, -32.984293572376814, 0.0 ], [ -68.881824293113382, -32.984284642429813, 0.0 ], [ -68.881799345898372, -32.984221320085531, 0.0 ], [ -68.881742513653094, -32.984078529666235, 0.0 ] ] ] ] } },
{ "type": "Feature", "properties": { "LAYER": "PARCELARIO_BASE_CATASTRO", "MAP_NAME": "1016_2026.dwg", "ccpp1": "1016 416" }, "geometry": { "type": "MultiPolygon", "coordinates": [ [ [ [ -68.881827811766044, -32.984293572376814, 0.0 ], [ -68.881810156971966, -32.984296711543102, 0.0 ], [ -68.881767673579901, -32.984304065090321, 0.0 ], [ -68.88175590316952, -32.984305496631016, 0.0 ], [ -68.881749054847518, -32.98430639182461, 0.0 ], [ -68.881422055139367, -32.984347283939663, 0.0 ], [ -68.881548070746106, -32.984596813213081, 0.0 ], [ -68.88157728410691, -32.984592332528401, 0.0 ], [ -68.881808633608856, -32.984556758683716, 0.0 ], [ -68.881848653796908, -32.984550574974442, 0.0 ], [ -68.88189060009725, -32.984544122570604, 0.0 ], [ -68.881879617107472, -32.984516610988827, 0.0 ], [ -68.881863195228036, -32.984476019922774, 0.0 ], [ -68.881824275268372, -32.984379140122613, 0.0 ], [ -68.881857989294446, -32.98436916429403, 0.0 ], [ -68.881827811766044, -32.984293572376814, 0.0 ] ] ] ] } },
{ "type": "Feature", "properties": { "LAYER": "PARCELARIO_BASE_CATASTRO", "MAP_NAME": "1016_2026.dwg", "ccpp1": "1016 983" }, "geometry": { "type": "MultiPolygon", "coordinates": [ [ [ [ -68.882091846065606, -32.985019147436226, 0.0 ], [ -68.881800325299878, -32.985088026960703, 0.0 ], [ -68.881727336807359, -32.985106981461904, 0.0 ], [ -68.881726681537941, -32.98511698947128, 0.0 ], [ -68.881731237250719, -32.985151347732376, 0.0 ], [ -68.881741457075677, -32.985187968258273, 0.0 ], [ -68.88176917532634, -32.985262654375646, 0.0 ], [ -68.881775886351164, -32.985282948492625, 0.0 ], [ -68.88179474859794, -32.985340494329819, 0.0 ], [ -68.881797199455676, -32.985347891313928, 0.0 ], [ -68.882048165790067, -32.985282669480085, 0.0 ], [ -68.882175845989778, -32.985249518988788, 0.0 ], [ -68.882174886816472, -32.985246722880788, 0.0 ], [ -68.882165504645585, -32.985220475187226, 0.0 ], [ -68.882091846065606, -32.985019147436226, 0.0 ] ] ] ] } },
{ "type": "Feature", "properties": { "LAYER": "PARCELARIO_BASE_CATASTRO", "MAP_NAME": "1016_2026.dwg", "ccpp1": "1016 312" }, "geometry": { "type": "MultiPolygon", "coordinates": [ [ [ [ -68.881181731847704, -32.985330976905828, 0.0 ], [ -68.881175203695776, -32.98533160186885, 0.0 ], [ -68.881030436048746, -32.98534318494513, 0.0 ], [ -68.880972764688892, -32.985347726742795, 0.0 ], [ -68.880976917356548, -32.985362519127392, 0.0 ], [ -68.88099842106304, -32.985442068552324, 0.0 ], [ -68.881017051827968, -32.985511515536388, 0.0 ], [ -68.881019287925525, -32.985519452436165, 0.0 ], [ -68.881026845384298, -32.985546692125205, 0.0 ], [ -68.881090575167349, -32.985731600485714, 0.0 ], [ -68.881086697005074, -32.98575143371486, 0.0 ], [ -68.88129695607104, -32.985729364114093, 0.0 ], [ -68.881216233165105, -32.985450845485332, 0.0 ], [ -68.881213251278027, -32.98544056351588, 0.0 ], [ -68.88119525419377, -32.985377967213317, 0.0 ], [ -68.881192272553093, -32.985367504907828, 0.0 ], [ -68.881181731847704, -32.985330976905828, 0.0 ] ] ] ] } },
{ "type": "Feature", "properties": { "LAYER": "PARCELARIO_BASE_CATASTRO", "MAP_NAME": "1016_2026.dwg", "ccpp1": "1016 253" }, "geometry": { "type": "MultiPolygon", "coordinates": [ [ [ [ -68.88097921458926, -32.984767585807987, 0.0 ], [ -68.880681083996862, -32.984819865539372, 0.0 ], [ -68.88064951641924, -32.984825425778077, 0.0 ], [ -68.880634105599569, -32.984828116083122, 0.0 ], [ -68.88061291722363, -32.984831791807238, 0.0 ], [ -68.880491782494943, -32.98485304481224, 0.0 ], [ -68.880309114553469, -32.984885058875982, 0.0 ], [ -68.880400650188136, -32.984996415495736, 0.0 ], [ -68.88066656930495, -32.984952490365409, 0.0 ], [ -68.880773793109881, -32.984934830623821, 0.0 ], [ -68.880830400885372, -32.984925417035733, 0.0 ], [ -68.880991126876509, -32.984898883341529, 0.0 ], [ -68.881047094218502, -32.984889920785605, 0.0 ], [ -68.88097921458926, -32.984767585807987, 0.0 ] ] ] ] } },
{ "type": "Feature", "properties": { "LAYER": "PARCELARIO_BASE_CATASTRO", "MAP_NAME": "1016_2026.dwg", "ccpp1": "1016 415" }, "geometry": { "type": "MultiPolygon", "coordinates": [ [ [ [ -68.880574198090443, -32.984493689390817, 0.0 ], [ -68.880730322399117, -32.984722170637454, 0.0 ], [ -68.880775695951286, -32.984713107014471, 0.0 ], [ -68.880931721525073, -32.9846818783763, 0.0 ], [ -68.880930345102072, -32.984671147090495, 0.0 ], [ -68.881387148282272, -32.984609192891455, 0.0 ], [ -68.881275632904305, -32.984398089648629, 0.0 ], [ -68.881141299187675, -32.984128534011944, 0.0 ], [ -68.880748432224266, -32.984383062160184, 0.0 ], [ -68.880582248223746, -32.984488579162552, 0.0 ], [ -68.880574198090443, -32.984493689390817, 0.0 ] ] ] ] } },
{ "type": "Feature", "properties": { "LAYER": "PARCELARIO_BASE_CATASTRO", "MAP_NAME": "1016_2026.dwg", "ccpp1": "1016 493" }, "geometry": { "type": "MultiPolygon", "coordinates": [ [ [ [ -68.885675561075118, -32.982061877094637, 0.0 ], [ -68.885813136598586, -32.982396194249702, 0.0 ], [ -68.885873940197044, -32.982398441947517, 0.0 ], [ -68.885890737053302, -32.982398998304333, 0.0 ], [ -68.886304307140733, -32.982413540900055, 0.0 ], [ -68.886282620748048, -32.982389896266611, 0.0 ], [ -68.886278987686197, -32.982386466578639, 0.0 ], [ -68.886153243046181, -32.982253798903521, 0.0 ], [ -68.886075785554539, -32.982172214692426, 0.0 ], [ -68.886040530572444, -32.982135210986485, 0.0 ], [ -68.885976965787833, -32.982067254741061, 0.0 ], [ -68.885675561075118, -32.982061877094637, 0.0 ] ] ] ] } },
{ "type": "Feature", "properties": { "LAYER": "PARCELARIO_BASE_CATASTRO", "MAP_NAME": "1016_2026.dwg", "ccpp1": "1016 424" }, "geometry": { "type": "MultiPolygon", "coordinates": [ [ [ [ -68.885070368281603, -32.981275001137099, 0.0 ], [ -68.885162516858642, -32.981412132997711, 0.0 ], [ -68.885197429488684, -32.981465997135032, 0.0 ], [ -68.885206609670718, -32.981480071765759, 0.0 ], [ -68.885236081411165, -32.981523019673268, 0.0 ], [ -68.885273461988064, -32.981572107158122, 0.0 ], [ -68.885325996600869, -32.98164780807646, 0.0 ], [ -68.885361126512805, -32.981698427223293, 0.0 ], [ -68.885431284411553, -32.981797498658338, 0.0 ], [ -68.885617303519382, -32.982060787196396, 0.0 ], [ -68.885976965787833, -32.982067254741061, 0.0 ], [ -68.885880493317032, -32.981964911723878, 0.0 ], [ -68.885682865929255, -32.981744804269276, 0.0 ], [ -68.885538641252225, -32.981589307470109, 0.0 ], [ -68.885406707819129, -32.981445815012378, 0.0 ], [ -68.885248819478804, -32.981271911082175, 0.0 ], [ -68.885240794480453, -32.981272084043631, 0.0 ], [ -68.885206345266639, -32.981272682655238, 0.0 ], [ -68.885119688445954, -32.981274133116862, 0.0 ], [ -68.885070368281603, -32.981275001137099, 0.0 ] ] ] ] } },
{ "type": "Feature", "properties": { "LAYER": "PARCELARIO_BASE_CATASTRO", "MAP_NAME": "1016_2026.dwg", "ccpp1": "1016 3378" }, "geometry": { "type": "MultiPolygon", "coordinates": [ [ [ [ -68.88430768420406, -32.98161862914948, 0.0 ], [ -68.884334484140354, -32.981658328748964, 0.0 ], [ -68.884374661692107, -32.981694433112139, 0.0 ], [ -68.884386097837094, -32.981702920383746, 0.0 ], [ -68.884414740983942, -32.981723867652434, 0.0 ], [ -68.884447721007334, -32.981782778707611, 0.0 ], [ -68.884470881731758, -32.981823106986347, 0.0 ], [ -68.884606417388568, -32.982068599861577, 0.0 ], [ -68.884741218479505, -32.982017053506858, 0.0 ], [ -68.884520989530515, -32.981607945467125, 0.0 ], [ -68.884405899993411, -32.981612950257592, 0.0 ], [ -68.884398090715905, -32.981613393868187, 0.0 ], [ -68.884380650122438, -32.981614369568916, 0.0 ], [ -68.884355401202953, -32.981615879043893, 0.0 ], [ -68.884350694667475, -32.981616145189015, 0.0 ], [ -68.88430768420406, -32.98161862914948, 0.0 ] ] ] ] } },
{ "type": "Feature", "properties": { "LAYER": "PARCELARIO_BASE_CATASTRO", "MAP_NAME": "1016_2026.dwg", "ccpp1": "1016 710" }, "geometry": { "type": "MultiPolygon", "coordinates": [ [ [ [ -68.884765877698428, -32.982359710737519, 0.0 ], [ -68.884765878202131, -32.982359711657104, 0.0 ], [ -68.884765877728967, -32.982359710738599, 0.0 ], [ -68.884765877698428, -32.982359710737519, 0.0 ] ] ], [ [ [ -68.884387603971561, -32.982348264160215, 0.0 ], [ -68.884432126810268, -32.982347765963347, 0.0 ], [ -68.884479715342991, -32.982349704626351, 0.0 ], [ -68.88458198428161, -32.982353227372649, 0.0 ], [ -68.88470843255989, -32.982357674039541, 0.0 ], [ -68.884765877698428, -32.982359710737519, 0.0 ], [ -68.884607105809181, -32.982069848421233, 0.0 ], [ -68.884567047310654, -32.982085926203695, 0.0 ], [ -68.884533210237521, -32.982063116710144, 0.0 ], [ -68.884331629079085, -32.982242012826347, 0.0 ], [ -68.884387603971561, -32.982348264160215, 0.0 ] ] ] ] } },
{ "type": "Feature", "properties": { "LAYER": "PARCELARIO_BASE_CATASTRO", "MAP_NAME": "1016_2026.dwg", "ccpp1": "1016 3381" }, "geometry": { "type": "MultiPolygon", "coordinates": [ [ [ [ -68.884204805105909, -32.981998776293644, 0.0 ], [ -68.884228707963601, -32.982045056384479, 0.0 ], [ -68.884288359887663, -32.982159898094388, 0.0 ], [ -68.884324536801714, -32.982228550271657, 0.0 ], [ -68.884331628325356, -32.982242013495231, 0.0 ], [ -68.884533210237521, -32.982063116710144, 0.0 ], [ -68.884444611884504, -32.981904828715855, 0.0 ], [ -68.884204805105909, -32.981998776293644, 0.0 ] ] ] ] } },
{ "type": "Feature", "properties": { "LAYER": "PARCELARIO_BASE_CATASTRO", "MAP_NAME": "1016_2026.dwg", "ccpp1": "1016 207" }, "geometry": { "type": "MultiPolygon", "coordinates": [ [ [ [ -68.883405940854274, -32.981622339460685, 0.0 ], [ -68.883363047086434, -32.981550694377979, 0.0 ], [ -68.88334178134653, -32.981268948536659, 0.0 ], [ -68.883231917130104, -32.981268476169106, 0.0 ], [ -68.88302556174348, -32.981261698988234, 0.0 ], [ -68.883047860477248, -32.981305270966701, 0.0 ], [ -68.883133013212202, -32.981471082880041, 0.0 ], [ -68.883146779433218, -32.981497335520579, 0.0 ], [ -68.883173339553494, -32.98155624090581, 0.0 ], [ -68.883233819773679, -32.981690740501122, 0.0 ], [ -68.883328062055071, -32.981858545366052, 0.0 ], [ -68.883373303716553, -32.981949297421906, 0.0 ], [ -68.883428571460044, -32.982061610747436, 0.0 ], [ -68.883454816784507, -32.982115286938509, 0.0 ], [ -68.883570686158833, -32.98235200095484, 0.0 ], [ -68.883615619633204, -32.982351862504416, 0.0 ], [ -68.883713937356902, -32.982351504158508, 0.0 ], [ -68.883941061305507, -32.982350638844444, 0.0 ], [ -68.884256551449212, -32.982349313141881, 0.0 ], [ -68.884274738594385, -32.982349420165249, 0.0 ], [ -68.884280729692719, -32.982349425717082, 0.0 ], [ -68.884023181796621, -32.98189274524011, 0.0 ], [ -68.884000769423693, -32.981852147972177, 0.0 ], [ -68.883968006115069, -32.981791343475656, 0.0 ], [ -68.883889774494904, -32.981649974071587, 0.0 ], [ -68.883887746537781, -32.981646365470382, 0.0 ], [ -68.883849752441876, -32.981577799835307, 0.0 ], [ -68.883815813233184, -32.981516454097076, 0.0 ], [ -68.883794917298005, -32.981479005908248, 0.0 ], [ -68.883405940854274, -32.981622339460685, 0.0 ] ] ] ] } },
{ "type": "Feature", "properties": { "LAYER": "PARCELARIO_BASE_CATASTRO", "MAP_NAME": "1016_2026.dwg", "ccpp1": "1016 889" }, "geometry": { "type": "MultiPolygon", "coordinates": [ [ [ [ -68.883005284598042, -32.981305231086488, 0.0 ], [ -68.882779874332215, -32.981305016099398, 0.0 ], [ -68.88278861974463, -32.98132558258802, 0.0 ], [ -68.882811017015626, -32.981377091278659, 0.0 ], [ -68.882860078566878, -32.98149029981785, 0.0 ], [ -68.882914475943167, -32.981613703212034, 0.0 ], [ -68.882882260725253, -32.981623771806994, 0.0 ], [ -68.882886741630344, -32.981633964980873, 0.0 ], [ -68.882959937359146, -32.98177911734323, 0.0 ], [ -68.882966979810874, -32.981793100867705, 0.0 ], [ -68.883206621135969, -32.981709650323346, 0.0 ], [ -68.88311155819018, -32.981515425402819, 0.0 ], [ -68.883005284598042, -32.981305231086488, 0.0 ] ] ] ] } },
{ "type": "Feature", "properties": { "LAYER": "PARCELARIO_BASE_CATASTRO", "MAP_NAME": "1016_2026.dwg", "ccpp1": "1016 263" }, "geometry": { "type": "MultiPolygon", "coordinates": [ [ [ [ -68.882466593614765, -32.981255665799054, 0.0 ], [ -68.88243086450602, -32.981254929758919, 0.0 ], [ -68.88247406706067, -32.981346383537563, 0.0 ], [ -68.882598581605734, -32.981597441507283, 0.0 ], [ -68.882610961208243, -32.98161963534757, 0.0 ], [ -68.882624078952702, -32.981651568012374, 0.0 ], [ -68.882660358012316, -32.981722747275654, 0.0 ], [ -68.882681803552074, -32.98176586767508, 0.0 ], [ -68.88270474460829, -32.98181151507773, 0.0 ], [ -68.882721497110623, -32.981843901984817, 0.0 ], [ -68.882752331382719, -32.981905787010291, 0.0 ], [ -68.882767375519691, -32.981936459116945, 0.0 ], [ -68.882804290756013, -32.982012146425213, 0.0 ], [ -68.882838645238664, -32.982082690848252, 0.0 ], [ -68.882845900829977, -32.982097304852338, 0.0 ], [ -68.882882603064658, -32.98217236166235, 0.0 ], [ -68.882897113087253, -32.982202492244014, 0.0 ], [ -68.882918450445558, -32.982246694512874, 0.0 ], [ -68.882958676013317, -32.982327254842907, 0.0 ], [ -68.882977028705056, -32.982364061439142, 0.0 ], [ -68.883244713241268, -32.98235205187212, 0.0 ], [ -68.883240765281172, -32.98234411340745, 0.0 ], [ -68.883224012965698, -32.982309743780725, 0.0 ], [ -68.883195422394209, -32.982250564206886, 0.0 ], [ -68.883060341581455, -32.981979297551476, 0.0 ], [ -68.88299472194997, -32.981848039107135, 0.0 ], [ -68.882800030709504, -32.981917375078346, 0.0 ], [ -68.882655984478603, -32.981631401291182, 0.0 ], [ -68.882466593614765, -32.981255665799054, 0.0 ] ] ] ] } },
{ "type": "Feature", "properties": { "LAYER": "PARCELARIO_BASE_CATASTRO", "MAP_NAME": "1016_2026.dwg", "ccpp1": "1016 229" }, "geometry": { "type": "MultiPolygon", "coordinates": [ [ [ [ -68.882427276723064, -32.981939108607683, 0.0 ], [ -68.882644872514604, -32.982346792763288, 0.0 ], [ -68.88251167697284, -32.982347928067739, 0.0 ], [ -68.882402981807871, -32.982349087206082, 0.0 ], [ -68.882337294890519, -32.982348933360555, 0.0 ], [ -68.882250957933195, -32.982349573325337, 0.0 ], [ -68.882222289220408, -32.982349726625735, 0.0 ], [ -68.882053789229218, -32.98235064509894, 0.0 ], [ -68.882039882393101, -32.982350631963286, 0.0 ], [ -68.882001902871664, -32.982350776417725, 0.0 ], [ -68.881832448314583, -32.982353499752875, 0.0 ], [ -68.881848249012293, -32.982384655081837, 0.0 ], [ -68.882977028705056, -32.982364061439142, 0.0 ], [ -68.882958676013317, -32.982327254842907, 0.0 ], [ -68.882918450445558, -32.982246694512874, 0.0 ], [ -68.882897113087253, -32.982202492244014, 0.0 ], [ -68.882882603064658, -32.98217236166235, 0.0 ], [ -68.882845900829977, -32.982097304852338, 0.0 ], [ -68.882838645238664, -32.982082690848252, 0.0 ], [ -68.882804290756013, -32.982012146425213, 0.0 ], [ -68.882767375519691, -32.981936459116945, 0.0 ], [ -68.882725863099694, -32.981939394777967, 0.0 ], [ -68.8826390920444, -32.981945805348616, 0.0 ], [ -68.882503318031297, -32.981956406751351, 0.0 ], [ -68.882500668641327, -32.98193819034578, 0.0 ], [ -68.882427276723064, -32.981939108607683, 0.0 ] ] ] ] } },
{ "type": "Feature", "properties": { "LAYER": "PARCELARIO_BASE_CATASTRO", "MAP_NAME": "1016_2026.dwg", "ccpp1": "1016 405" }, "geometry": { "type": "MultiPolygon", "coordinates": [ [ [ [ -68.88243086450602, -32.981254929758919, 0.0 ], [ -68.882420699287351, -32.981254720015691, 0.0 ], [ -68.882275636156066, -32.981253056806764, 0.0 ], [ -68.882429738688629, -32.981697549353811, 0.0 ], [ -68.8824435936762, -32.981737417505343, 0.0 ], [ -68.882454249938831, -32.981768356023409, 0.0 ], [ -68.882478310720089, -32.981856202190677, 0.0 ], [ -68.882500668641327, -32.98193819034578, 0.0 ], [ -68.882503318031297, -32.981956406751351, 0.0 ], [ -68.8826390920444, -32.981945805348616, 0.0 ], [ -68.882725863099694, -32.981939394777967, 0.0 ], [ -68.882767375519691, -32.981936459116945, 0.0 ], [ -68.882752331382719, -32.981905787010291, 0.0 ], [ -68.882721497110623, -32.981843901984817, 0.0 ], [ -68.88270474460829, -32.98181151507773, 0.0 ], [ -68.882681803552074, -32.98176586767508, 0.0 ], [ -68.882660358012316, -32.981722747275654, 0.0 ], [ -68.882624078952702, -32.981651568012374, 0.0 ], [ -68.882610961208243, -32.98161963534757, 0.0 ], [ -68.882598581605734, -32.981597441507283, 0.0 ], [ -68.88247406706067, -32.981346383537563, 0.0 ], [ -68.88243086450602, -32.981254929758919, 0.0 ] ] ] ] } },
{ "type": "Feature", "properties": { "LAYER": "PARCELARIO_BASE_CATASTRO", "MAP_NAME": "1016_2026.dwg", "ccpp1": "1016 232" }, "geometry": { "type": "MultiPolygon", "coordinates": [ [ [ [ -68.882275636156066, -32.981253056806764, 0.0 ], [ -68.882103291788766, -32.981251080041112, 0.0 ], [ -68.88206445914615, -32.981250322030881, 0.0 ], [ -68.881839056459199, -32.981245329159563, 0.0 ], [ -68.881974335242447, -32.981524170549875, 0.0 ], [ -68.881993646248389, -32.981563953740704, 0.0 ], [ -68.882010290493554, -32.981597872594222, 0.0 ], [ -68.882034294175043, -32.981647037672431, 0.0 ], [ -68.882039523144527, -32.981657773492209, 0.0 ], [ -68.882045604753102, -32.981670132237433, 0.0 ], [ -68.88205072627305, -32.981680416214097, 0.0 ], [ -68.882081451598737, -32.981743383317877, 0.0 ], [ -68.882108444399535, -32.98179904419279, 0.0 ], [ -68.882113885925278, -32.98181004981187, 0.0 ], [ -68.882149199754267, -32.981882760262557, 0.0 ], [ -68.882175659049423, -32.981936616358951, 0.0 ], [ -68.882178007406537, -32.981941397472511, 0.0 ], [ -68.882292263424404, -32.981940783876553, 0.0 ], [ -68.882389512056051, -32.981939523886197, 0.0 ], [ -68.882427276723064, -32.981939108607683, 0.0 ], [ -68.882500668641327, -32.98193819034578, 0.0 ], [ -68.882478310720089, -32.981856202190677, 0.0 ], [ -68.882454249938831, -32.981768356023409, 0.0 ], [ -68.8824435936762, -32.981737417505343, 0.0 ], [ -68.882429738688629, -32.981697549353811, 0.0 ], [ -68.882275636156066, -32.981253056806764, 0.0 ] ] ] ] } },
{ "type": "Feature", "properties": { "LAYER": "PARCELARIO_BASE_CATASTRO", "MAP_NAME": "1016_2026.dwg", "ccpp1": "1016 230" }, "geometry": { "type": "MultiPolygon", "coordinates": [ [ [ [ -68.882178007406537, -32.981941397472511, 0.0 ], [ -68.88206503364124, -32.981942371043047, 0.0 ], [ -68.881970460187546, -32.981943182469763, 0.0 ], [ -68.881781421449077, -32.981944715042815, 0.0 ], [ -68.881621694379774, -32.981946003713645, 0.0 ], [ -68.881705136806531, -32.982109200091081, 0.0 ], [ -68.881720714825533, -32.982139601422851, 0.0 ], [ -68.881793920811972, -32.982277540132614, 0.0 ], [ -68.881832448314583, -32.982353499752875, 0.0 ], [ -68.882001902871664, -32.982350776417725, 0.0 ], [ -68.882039882393101, -32.982350631963286, 0.0 ], [ -68.882053789229218, -32.98235064509894, 0.0 ], [ -68.882222289220408, -32.982349726625735, 0.0 ], [ -68.882250957933195, -32.982349573325337, 0.0 ], [ -68.882337294890519, -32.982348933360555, 0.0 ], [ -68.882402981807871, -32.982349087206082, 0.0 ], [ -68.88251167697284, -32.982347928067739, 0.0 ], [ -68.882644872514604, -32.982346792763288, 0.0 ], [ -68.882427276723064, -32.981939108607683, 0.0 ], [ -68.882389512056051, -32.981939523886197, 0.0 ], [ -68.882292263424404, -32.981940783876553, 0.0 ], [ -68.882178007406537, -32.981941397472511, 0.0 ] ] ] ] } },
{ "type": "Feature", "properties": { "LAYER": "PARCELARIO_BASE_CATASTRO", "MAP_NAME": "1016_2026.dwg", "ccpp1": "1016 231" }, "geometry": { "type": "MultiPolygon", "coordinates": [ [ [ [ -68.881759092134658, -32.981601779118535, 0.0 ], [ -68.881655912753715, -32.98163910105535, 0.0 ], [ -68.881497288483047, -32.98169620724039, 0.0 ], [ -68.881591180042648, -32.981884658819432, 0.0 ], [ -68.881600568351629, -32.981903513710499, 0.0 ], [ -68.881621694379774, -32.981946003713645, 0.0 ], [ -68.881781421449077, -32.981944715042815, 0.0 ], [ -68.881970460187546, -32.981943182469763, 0.0 ], [ -68.88206503364124, -32.981942371043047, 0.0 ], [ -68.882178007406537, -32.981941397472511, 0.0 ], [ -68.882175659049423, -32.981936616358951, 0.0 ], [ -68.882149199754267, -32.981882760262557, 0.0 ], [ -68.882113885925278, -32.98181004981187, 0.0 ], [ -68.882108444399535, -32.98179904419279, 0.0 ], [ -68.882081451598737, -32.981743383317877, 0.0 ], [ -68.88205072627305, -32.981680416214097, 0.0 ], [ -68.882045604753102, -32.981670132237433, 0.0 ], [ -68.882039523144527, -32.981657773492209, 0.0 ], [ -68.882034294175043, -32.981647037672431, 0.0 ], [ -68.882010290493554, -32.981597872594222, 0.0 ], [ -68.881993646248389, -32.981563953740704, 0.0 ], [ -68.881974335242447, -32.981524170549875, 0.0 ], [ -68.881759092134658, -32.981601779118535, 0.0 ] ] ] ] } },
{ "type": "Feature", "properties": { "LAYER": "PARCELARIO_BASE_CATASTRO", "MAP_NAME": "1016_2026.dwg", "ccpp1": "1016 215" }, "geometry": { "type": "MultiPolygon", "coordinates": [ [ [ [ -68.884876517792392, -32.981278233633944, 0.0 ], [ -68.884816077451831, -32.981276103137802, 0.0 ], [ -68.884833291184279, -32.981281709423442, 0.0 ], [ -68.884840877033099, -32.981291003712457, 0.0 ], [ -68.884848353642994, -32.981300388969835, 0.0 ], [ -68.884865531387547, -32.981336201463364, 0.0 ], [ -68.884882599904202, -32.981372105824896, 0.0 ], [ -68.884891669934049, -32.981391050345415, 0.0 ], [ -68.88489327057907, -32.981394208598857, 0.0 ], [ -68.884894657493888, -32.981397185417784, 0.0 ], [ -68.884907673107463, -32.981424337950607, 0.0 ], [ -68.884940959778376, -32.98149361756743, 0.0 ], [ -68.884978621827599, -32.981572190301179, 0.0 ], [ -68.885048078057494, -32.981716979132791, 0.0 ], [ -68.88514025864356, -32.981909035898205, 0.0 ], [ -68.885194030228419, -32.982020987299968, 0.0 ], [ -68.885219530216176, -32.982074391031318, 0.0 ], [ -68.885282585465859, -32.982205827187983, 0.0 ], [ -68.885300080484612, -32.982242271985307, 0.0 ], [ -68.885365909653274, -32.982380652669768, 0.0 ], [ -68.885559751660139, -32.982387508293471, 0.0 ], [ -68.885616555555004, -32.982389454763755, 0.0 ], [ -68.885530972805867, -32.982223462027918, 0.0 ], [ -68.885444747288659, -32.982057558807682, 0.0 ], [ -68.885243521015965, -32.982053944067808, 0.0 ], [ -68.885162757718547, -32.981883899749043, 0.0 ], [ -68.885119655460201, -32.981792788733102, 0.0 ], [ -68.885062576957523, -32.981672810211194, 0.0 ], [ -68.885020328781081, -32.98158323279845, 0.0 ], [ -68.884978401560133, -32.981495366150803, 0.0 ], [ -68.884968265664398, -32.981474167359352, 0.0 ], [ -68.884904573594937, -32.981339575468148, 0.0 ], [ -68.884876517792392, -32.981278233633944, 0.0 ] ] ] ] } },
{ "type": "Feature", "properties": { "LAYER": "PARCELARIO_BASE_CATASTRO", "MAP_NAME": "1016_2026.dwg", "ccpp1": "1016 709" }, "geometry": { "type": "MultiPolygon", "coordinates": [ [ [ [ -68.88416724349922, -32.981275067485903, 0.0 ], [ -68.884015760254385, -32.981273412064944, 0.0 ], [ -68.884024853763705, -32.981353623952231, 0.0 ], [ -68.884043150112205, -32.981432901227244, 0.0 ], [ -68.884048149780469, -32.981454727401648, 0.0 ], [ -68.88405719475567, -32.981491074362538, 0.0 ], [ -68.88409368061312, -32.981567751842732, 0.0 ], [ -68.884111713741007, -32.981604557980475, 0.0 ], [ -68.884212118720143, -32.981806000524216, 0.0 ], [ -68.884287864718758, -32.981966214312287, 0.0 ], [ -68.884465651893223, -32.981896589878986, 0.0 ], [ -68.884392012364486, -32.981760004839018, 0.0 ], [ -68.884380697310718, -32.981741508142662, 0.0 ], [ -68.884296384890746, -32.981669293937706, 0.0 ], [ -68.884237128611346, -32.981578617585008, 0.0 ], [ -68.884229950275582, -32.981505482965915, 0.0 ], [ -68.884225191709277, -32.981462828238904, 0.0 ], [ -68.88416724349922, -32.981275067485903, 0.0 ] ] ] ] } },
{ "type": "Feature", "properties": { "LAYER": "PARCELARIO_BASE_CATASTRO", "MAP_NAME": "1016_2026.dwg", "ccpp1": "1016 264" }, "geometry": { "type": "MultiPolygon", "coordinates": [ [ [ [ -68.883047860477248, -32.981305270966701, 0.0 ], [ -68.883005284598042, -32.981305231086488, 0.0 ], [ -68.88311155819018, -32.981515425402819, 0.0 ], [ -68.883206621135969, -32.981709650323346, 0.0 ], [ -68.882966979810874, -32.981793100867705, 0.0 ], [ -68.88299472194997, -32.981848039107135, 0.0 ], [ -68.883060341581455, -32.981979297551476, 0.0 ], [ -68.883195422394209, -32.982250564206886, 0.0 ], [ -68.883224012965698, -32.982309743780725, 0.0 ], [ -68.883240765281172, -32.98234411340745, 0.0 ], [ -68.883244713241268, -32.98235205187212, 0.0 ], [ -68.883297134041953, -32.982352283011238, 0.0 ], [ -68.883385178105868, -32.982352726833597, 0.0 ], [ -68.883570686158833, -32.98235200095484, 0.0 ], [ -68.883454816784507, -32.982115286938509, 0.0 ], [ -68.883428571460044, -32.982061610747436, 0.0 ], [ -68.883373303716553, -32.981949297421906, 0.0 ], [ -68.883328062055071, -32.981858545366052, 0.0 ], [ -68.883233819773679, -32.981690740501122, 0.0 ], [ -68.883173339553494, -32.98155624090581, 0.0 ], [ -68.883146779433218, -32.981497335520579, 0.0 ], [ -68.883133013212202, -32.981471082880041, 0.0 ], [ -68.883047860477248, -32.981305270966701, 0.0 ] ] ] ] } },
{ "type": "Feature", "properties": { "LAYER": "PARCELARIO_BASE_CATASTRO", "MAP_NAME": "1016_2026.dwg", "ccpp1": "1016 336" }, "geometry": { "type": "MultiPolygon", "coordinates": [ [ [ [ -68.883035804920667, -32.982492066527541, 0.0 ], [ -68.882982099988652, -32.982492827725302, 0.0 ], [ -68.882768132210174, -32.982494787463956, 0.0 ], [ -68.882726622153214, -32.982494928824316, 0.0 ], [ -68.882696453358065, -32.982495170992649, 0.0 ], [ -68.882668425553689, -32.982495233927892, 0.0 ], [ -68.882331427275645, -32.98249698529056, 0.0 ], [ -68.882123022756872, -32.982499672312166, 0.0 ], [ -68.882046851159615, -32.982500410996863, 0.0 ], [ -68.881909804916418, -32.982500819777094, 0.0 ], [ -68.881998148087945, -32.982679439286294, 0.0 ], [ -68.882002734988305, -32.982688730911555, 0.0 ], [ -68.882040972989842, -32.982766246486868, 0.0 ], [ -68.882426980736582, -32.982724212677184, 0.0 ], [ -68.883043226010727, -32.982704963440568, 0.0 ], [ -68.883035804920667, -32.982492066527541, 0.0 ] ] ] ] } },
{ "type": "Feature", "properties": { "LAYER": "PARCELARIO_BASE_CATASTRO", "MAP_NAME": "1016_2026.dwg", "ccpp1": "1016 413" }, "geometry": { "type": "MultiPolygon", "coordinates": [ [ [ [ -68.881812172203354, -32.982627684682768, 0.0 ], [ -68.881753316673766, -32.982639890895477, 0.0 ], [ -68.881711795366144, -32.982648417520018, 0.0 ], [ -68.881602216256809, -32.98267112524524, 0.0 ], [ -68.88157193128103, -32.982677407377487, 0.0 ], [ -68.881489103506198, -32.982694550863684, 0.0 ], [ -68.881387976317313, -32.98271546306389, 0.0 ], [ -68.881307502851357, -32.982732067658375, 0.0 ], [ -68.881384031507451, -32.982945299022596, 0.0 ], [ -68.88138732909951, -32.982959459411916, 0.0 ], [ -68.881481697637156, -32.982951885643743, 0.0 ], [ -68.881490044470681, -32.982951172222322, 0.0 ], [ -68.88153498021677, -32.982947158206436, 0.0 ], [ -68.881656100159461, -32.982936453805941, 0.0 ], [ -68.881686273422588, -32.982933778262591, 0.0 ], [ -68.881701039100307, -32.982932439733304, 0.0 ], [ -68.881759798292649, -32.982913199459325, 0.0 ], [ -68.881835361359137, -32.982888475720927, 0.0 ], [ -68.881931261391671, -32.982857098744041, 0.0 ], [ -68.881866808697524, -32.982733235497363, 0.0 ], [ -68.88184930866494, -32.982699132780247, 0.0 ], [ -68.881812172203354, -32.982627684682768, 0.0 ] ] ] ] } },
{ "type": "Feature", "properties": { "LAYER": "PARCELARIO_BASE_CATASTRO", "MAP_NAME": "1016_2026.dwg", "ccpp1": "1016 365" }, "geometry": { "type": "MultiPolygon", "coordinates": [ [ [ [ -68.880284809429938, -32.981578537648247, 0.0 ], [ -68.880038093751054, -32.981670181066292, 0.0 ], [ -68.880072453728843, -32.981734144000797, 0.0 ], [ -68.880125059484641, -32.981834733503639, 0.0 ], [ -68.880660128635498, -32.981638142594086, 0.0 ], [ -68.880641345967888, -32.981603680510311, 0.0 ], [ -68.880628968074333, -32.981580584798159, 0.0 ], [ -68.880612745400569, -32.981550992419422, 0.0 ], [ -68.880570058794603, -32.981472594806071, 0.0 ], [ -68.880527245239122, -32.981488513569964, 0.0 ], [ -68.880425775525026, -32.981526286063939, 0.0 ], [ -68.880359412811728, -32.981550928504312, 0.0 ], [ -68.880336400998544, -32.98155947240511, 0.0 ], [ -68.880284809429938, -32.981578537648247, 0.0 ] ] ] ] } },
{ "type": "Feature", "properties": { "LAYER": "PARCELARIO_BASE_CATASTRO", "MAP_NAME": "1016_2026.dwg", "ccpp1": "1016 1048" }, "geometry": { "type": "MultiPolygon", "coordinates": [ [ [ [ -68.880226661695332, -32.981226940733265, 0.0 ], [ -68.880201735412541, -32.981226438032337, 0.0 ], [ -68.880193282966502, -32.981226249587792, 0.0 ], [ -68.880001256472625, -32.981222365626628, 0.0 ], [ -68.87979436354847, -32.981216214667214, 0.0 ], [ -68.879843662878841, -32.981308143192557, 0.0 ], [ -68.879891043059757, -32.981396105169296, 0.0 ], [ -68.879932467274571, -32.981473235844014, 0.0 ], [ -68.88024673041086, -32.981416467639391, 0.0 ], [ -68.880226661695332, -32.981226940733265, 0.0 ] ] ] ] } },
{ "type": "Feature", "properties": { "LAYER": "PARCELARIO_BASE_CATASTRO", "MAP_NAME": "1016_2026.dwg", "ccpp1": "1016 1047" }, "geometry": { "type": "MultiPolygon", "coordinates": [ [ [ [ -68.880439118096092, -32.981231265894934, 0.0 ], [ -68.880389801554387, -32.981230226822518, 0.0 ], [ -68.880378248753701, -32.98123003542095, 0.0 ], [ -68.880373006731119, -32.981229940231636, 0.0 ], [ -68.880361346000967, -32.981229657655575, 0.0 ], [ -68.880226661695332, -32.981226940733265, 0.0 ], [ -68.88024673041086, -32.981416467639391, 0.0 ], [ -68.880284809429938, -32.981578537648247, 0.0 ], [ -68.880336400998544, -32.98155947240511, 0.0 ], [ -68.880359412811728, -32.981550928504312, 0.0 ], [ -68.880425775525026, -32.981526286063939, 0.0 ], [ -68.880527245239122, -32.981488513569964, 0.0 ], [ -68.880570058794603, -32.981472594806071, 0.0 ], [ -68.880543166973766, -32.981422976745705, 0.0 ], [ -68.880517981223889, -32.981376784888042, 0.0 ], [ -68.880513178782664, -32.981368034007687, 0.0 ], [ -68.880489275250611, -32.981323828867659, 0.0 ], [ -68.880466010626492, -32.981281065217217, 0.0 ], [ -68.880463769581027, -32.981276915349049, 0.0 ], [ -68.880439118096092, -32.981231265894934, 0.0 ] ] ] ] } },
{ "type": "Feature", "properties": { "LAYER": "PARCELARIO_BASE_CATASTRO", "MAP_NAME": "1016_2026.dwg", "ccpp1": "1016 884" }, "geometry": { "type": "MultiPolygon", "coordinates": [ [ [ [ -68.879768865838443, -32.981478670652265, 0.0 ], [ -68.879759902257533, -32.981461710459065, 0.0 ], [ -68.879749764926245, -32.981442494036074, 0.0 ], [ -68.879630998650612, -32.981218760544124, 0.0 ], [ -68.879301295823183, -32.981208880913442, 0.0 ], [ -68.87929263048575, -32.981208692202188, 0.0 ], [ -68.879284500183545, -32.981208413839617, 0.0 ], [ -68.879275727986368, -32.981208134855997, 0.0 ], [ -68.879118364062151, -32.981203383165926, 0.0 ], [ -68.879096220162481, -32.981202277911066, 0.0 ], [ -68.879117679004068, -32.981235842943512, 0.0 ], [ -68.879124097832161, -32.981235940226249, 0.0 ], [ -68.879237943026666, -32.981457866081513, 0.0 ], [ -68.879249572977301, -32.981480779970838, 0.0 ], [ -68.879305269236681, -32.981589397751783, 0.0 ], [ -68.879346157454549, -32.981574198890357, 0.0 ], [ -68.879376447884155, -32.981562957166346, 0.0 ], [ -68.879400531179485, -32.981554053805766, 0.0 ], [ -68.879430071291978, -32.981624144580671, 0.0 ], [ -68.879504460553164, -32.981596084901916, 0.0 ], [ -68.879555513834774, -32.981579633429313, 0.0 ], [ -68.879633210895278, -32.981558699225211, 0.0 ], [ -68.879626090758407, -32.981523525984585, 0.0 ], [ -68.879768865838443, -32.981478670652265, 0.0 ] ] ] ] } },
{ "type": "Feature", "properties": { "LAYER": "PARCELARIO_BASE_CATASTRO", "MAP_NAME": "1016_2026.dwg", "ccpp1": "1016 356" }, "geometry": { "type": "MultiPolygon", "coordinates": [ [ [ [ -68.880042892262907, -32.981996687187774, 0.0 ], [ -68.879658420320226, -32.982136797029455, 0.0 ], [ -68.879599551146853, -32.982158290408037, 0.0 ], [ -68.879622813902259, -32.982201503247865, 0.0 ], [ -68.879659199530821, -32.982272953980214, 0.0 ], [ -68.879685126545937, -32.982323833644564, 0.0 ], [ -68.879744210265272, -32.982301979761417, 0.0 ], [ -68.879777818980315, -32.982289568954656, 0.0 ], [ -68.880128255272126, -32.982159977528198, 0.0 ], [ -68.880059431079161, -32.982028172565705, 0.0 ], [ -68.880056549717992, -32.982022849893312, 0.0 ], [ -68.880052388213059, -32.982014820954838, 0.0 ], [ -68.880049508167644, -32.982009317046085, 0.0 ], [ -68.880042892262907, -32.981996687187774, 0.0 ] ] ] ] } },
{ "type": "Feature", "properties": { "LAYER": "PARCELARIO_BASE_CATASTRO", "MAP_NAME": "1016_2026.dwg", "ccpp1": "1016 423" }, "geometry": { "type": "MultiPolygon", "coordinates": [ [ [ [ -68.880236995541935, -32.982363772899646, 0.0 ], [ -68.880230252147356, -32.982366291132827, 0.0 ], [ -68.880129958977435, -32.982403434234584, 0.0 ], [ -68.88009581391286, -32.982416115124543, 0.0 ], [ -68.880062847464856, -32.982428255228186, 0.0 ], [ -68.880007080637242, -32.982449030434339, 0.0 ], [ -68.879880028907863, -32.982496066086028, 0.0 ], [ -68.879873071402926, -32.982498674261734, 0.0 ], [ -68.879798573107905, -32.982526193944643, 0.0 ], [ -68.879789904067152, -32.982529431643378, 0.0 ], [ -68.879895534317626, -32.982736921188504, 0.0 ], [ -68.88000770882995, -32.982695642874361, 0.0 ], [ -68.880021944937312, -32.982690336648375, 0.0 ], [ -68.88034519533042, -32.982571266338702, 0.0 ], [ -68.880273811057464, -32.982432608995737, 0.0 ], [ -68.880270609692062, -32.982426564678768, 0.0 ], [ -68.880236995541935, -32.982363772899646, 0.0 ] ] ] ] } },
{ "type": "Feature", "properties": { "LAYER": "PARCELARIO_BASE_CATASTRO", "MAP_NAME": "1016_2026.dwg", "ccpp1": "1016 342" }, "geometry": { "type": "MultiPolygon", "coordinates": [ [ [ [ -68.880503544333422, -32.982877454030444, 0.0 ], [ -68.880296078964335, -32.98297391348288, 0.0 ], [ -68.880323716937085, -32.983026600712115, 0.0 ], [ -68.880345271556763, -32.983067557578451, 0.0 ], [ -68.880353916498294, -32.983083796979109, 0.0 ], [ -68.880362665438042, -32.983100666752115, 0.0 ], [ -68.880441523773882, -32.983250873574534, 0.0 ], [ -68.880470015613326, -32.983305183706641, 0.0 ], [ -68.880492924381571, -32.983294836328319, 0.0 ], [ -68.880498812323651, -32.983292046759203, 0.0 ], [ -68.880507590439905, -32.983288087773218, 0.0 ], [ -68.880513477311226, -32.983285298202375, 0.0 ], [ -68.880682295550713, -32.983208186662637, 0.0 ], [ -68.880625628513457, -32.983103444908991, 0.0 ], [ -68.88056159812075, -32.982984991471461, 0.0 ], [ -68.880503544333422, -32.982877454030444, 0.0 ] ] ] ] } },
{ "type": "Feature", "properties": { "LAYER": "PARCELARIO_BASE_CATASTRO", "MAP_NAME": "1016_2026.dwg", "ccpp1": "1016 3324" }, "geometry": { "type": "MultiPolygon", "coordinates": [ [ [ [ -68.878957410878797, -32.982649895163455, 0.0 ], [ -68.878753616922509, -32.982721470183868, 0.0 ], [ -68.878715941386702, -32.982734688274803, 0.0 ], [ -68.878595955257609, -32.982776768442477, 0.0 ], [ -68.878569197515702, -32.982786029716443, 0.0 ], [ -68.878764011504117, -32.983021292038693, 0.0 ], [ -68.879185642281286, -32.982859220875163, 0.0 ], [ -68.879070007997015, -32.982612765823184, 0.0 ], [ -68.878957410878797, -32.982649895163455, 0.0 ] ] ] ] } },
{ "type": "Feature", "properties": { "LAYER": "PARCELARIO_BASE_CATASTRO", "MAP_NAME": "1016_2026.dwg", "ccpp1": "1016 205" }, "geometry": { "type": "MultiPolygon", "coordinates": [ [ [ [ -68.879117679004068, -32.981235842943512, 0.0 ], [ -68.878891202073191, -32.981233457679004, 0.0 ], [ -68.878531430689804, -32.981227514238867, 0.0 ], [ -68.878530937138166, -32.9811973075156, 0.0 ], [ -68.8784947800617, -32.981196641165731, 0.0 ], [ -68.878491017495506, -32.981519983157959, 0.0 ], [ -68.878489437952723, -32.981658570561471, 0.0 ], [ -68.878488932497746, -32.981714383989392, 0.0 ], [ -68.878487492825428, -32.981828176259036, 0.0 ], [ -68.87848543452921, -32.982002291137448, 0.0 ], [ -68.878480577518005, -32.982423194563133, 0.0 ], [ -68.878801989940285, -32.982319004155244, 0.0 ], [ -68.878841245128299, -32.982402357362979, 0.0 ], [ -68.878859058411393, -32.982440426388614, 0.0 ], [ -68.878864286428183, -32.9824516122763, 0.0 ], [ -68.878875273767505, -32.98247506748244, 0.0 ], [ -68.878888501376224, -32.982503213589624, 0.0 ], [ -68.878899701379211, -32.9825268502371, 0.0 ], [ -68.879180447097255, -32.982432717313763, 0.0 ], [ -68.879492658738812, -32.982328065385822, 0.0 ], [ -68.879659199530821, -32.982272953980214, 0.0 ], [ -68.879622813902259, -32.982201503247865, 0.0 ], [ -68.879599551146853, -32.982158290408037, 0.0 ], [ -68.879594962354417, -32.982149810203175, 0.0 ], [ -68.879561347470258, -32.982087200378594, 0.0 ], [ -68.879537444467815, -32.982042812923211, 0.0 ], [ -68.879512473399217, -32.981996352374601, 0.0 ], [ -68.879477365486395, -32.981931126216935, 0.0 ], [ -68.879461998722348, -32.981902526363555, 0.0 ], [ -68.879460184661468, -32.981899098233072, 0.0 ], [ -68.879434254346137, -32.981850832482586, 0.0 ], [ -68.879424863471669, -32.98183342101445, 0.0 ], [ -68.879421982767724, -32.981827647488522, 0.0 ], [ -68.879336839668326, -32.981660391287676, 0.0 ], [ -68.879340800371395, -32.981658681924777, 0.0 ], [ -68.879305269236681, -32.981589397751783, 0.0 ], [ -68.879249572977301, -32.981480779970838, 0.0 ], [ -68.879237943026666, -32.981457866081513, 0.0 ], [ -68.879124097832161, -32.981235940226249, 0.0 ], [ -68.879117679004068, -32.981235842943512, 0.0 ] ] ] ] } },
{ "type": "Feature", "properties": { "LAYER": "PARCELARIO_BASE_CATASTRO", "MAP_NAME": "1016_2026.dwg", "ccpp1": "1016 7" }, "geometry": { "type": "MultiPolygon", "coordinates": [ [ [ [ -68.879685126545937, -32.982323833644564, 0.0 ], [ -68.879659199530821, -32.982272953980214, 0.0 ], [ -68.879492658738812, -32.982328065385822, 0.0 ], [ -68.879180447097255, -32.982432717313763, 0.0 ], [ -68.878899701379211, -32.9825268502371, 0.0 ], [ -68.878957410878797, -32.982649895163455, 0.0 ], [ -68.879070007997015, -32.982612765823184, 0.0 ], [ -68.879185642281286, -32.982859220875163, 0.0 ], [ -68.878764011504117, -32.983021292038693, 0.0 ], [ -68.87880705537269, -32.983073271411534, 0.0 ], [ -68.878819551193814, -32.983088161235607, 0.0 ], [ -68.878889937976723, -32.983172538274367, 0.0 ], [ -68.878896346725838, -32.983180120393435, 0.0 ], [ -68.878903075817689, -32.983188151858755, 0.0 ], [ -68.87890927072479, -32.983195641798588, 0.0 ], [ -68.879011808018348, -32.983318280210426, 0.0 ], [ -68.87914254131428, -32.98347566315843, 0.0 ], [ -68.879148522659705, -32.983482882375803, 0.0 ], [ -68.879152902174297, -32.983487936915843, 0.0 ], [ -68.87915856281127, -32.983494975486657, 0.0 ], [ -68.879168282747969, -32.983506526378001, 0.0 ], [ -68.879335958117267, -32.983405611242453, 0.0 ], [ -68.879346557285558, -32.983399219565626, 0.0 ], [ -68.879373858797379, -32.983382745222599, 0.0 ], [ -68.879457590732486, -32.983332422242782, 0.0 ], [ -68.879487249973934, -32.983314507464833, 0.0 ], [ -68.879674048521309, -32.983310361342426, 0.0 ], [ -68.879729040542372, -32.98330915287012, 0.0 ], [ -68.87974497312301, -32.983315209460855, 0.0 ], [ -68.879977551225252, -32.98331931313853, 0.0 ], [ -68.880020984041067, -32.98332007621849, 0.0 ], [ -68.880204882924957, -32.983323321182397, 0.0 ], [ -68.880182474108395, -32.983281911732938, 0.0 ], [ -68.880096137634894, -32.983123220887158, 0.0 ], [ -68.880073088596831, -32.983080637718196, 0.0 ], [ -68.880185494360774, -32.98302682613582, 0.0 ], [ -68.880252617345064, -32.982994610423468, 0.0 ], [ -68.88028922768855, -32.982977062790567, 0.0 ], [ -68.880296078964335, -32.98297391348288, 0.0 ], [ -68.880503544333422, -32.982877454030444, 0.0 ], [ -68.880487749863704, -32.982848314693832, 0.0 ], [ -68.88041956760388, -32.982715699948159, 0.0 ], [ -68.880417753610971, -32.98271218166412, 0.0 ], [ -68.879985588585853, -32.982913200292487, 0.0 ], [ -68.87998121439179, -32.982904989910914, 0.0 ], [ -68.879938214676358, -32.982820730886061, 0.0 ], [ -68.879895534317626, -32.982736921188504, 0.0 ], [ -68.879789904067152, -32.982529431643378, 0.0 ], [ -68.879775711875197, -32.982501555206404, 0.0 ], [ -68.879741675490223, -32.982434795502165, 0.0 ], [ -68.879697822803692, -32.982348732209864, 0.0 ], [ -68.879685126545937, -32.982323833644564, 0.0 ] ] ] ] } },
{ "type": "Feature", "properties": { "LAYER": "PARCELARIO_BASE_CATASTRO", "MAP_NAME": "1016_2026.dwg", "ccpp1": "1016 712" }, "geometry": { "type": "MultiPolygon", "coordinates": [ [ [ [ -68.881481697637156, -32.982951885643743, 0.0 ], [ -68.88138732909951, -32.982959459411916, 0.0 ], [ -68.881384031507451, -32.982945299022596, 0.0 ], [ -68.881138670585642, -32.982980409723474, 0.0 ], [ -68.88100245597164, -32.982999934788147, 0.0 ], [ -68.880760729665056, -32.983037752343499, 0.0 ], [ -68.880801919662915, -32.983115157499846, 0.0 ], [ -68.880864027747506, -32.983232167194153, 0.0 ], [ -68.880893160903767, -32.98328710811542, 0.0 ], [ -68.880896788123138, -32.983293964332603, 0.0 ], [ -68.88090041546414, -32.983300730381956, 0.0 ], [ -68.880903936890491, -32.983307496330156, 0.0 ], [ -68.880910874434889, -32.983320577286541, 0.0 ], [ -68.8811303973457, -32.983324576198441, 0.0 ], [ -68.881152543719537, -32.983325048116903, 0.0 ], [ -68.881231602800881, -32.983326475852081, 0.0 ], [ -68.881335159787653, -32.983328381265011, 0.0 ], [ -68.88153735472811, -32.983332092490713, 0.0 ], [ -68.881668515445838, -32.983332848922913, 0.0 ], [ -68.881848127119724, -32.983333987394829, 0.0 ], [ -68.88177516727589, -32.983180026142179, 0.0 ], [ -68.881755479509152, -32.983183523146657, 0.0 ], [ -68.881608554335926, -32.98321034322818, 0.0 ], [ -68.881564703550708, -32.983121213090243, 0.0 ], [ -68.881522133537445, -32.983034429417131, 0.0 ], [ -68.881481697637156, -32.982951885643743, 0.0 ] ] ] ] } },
{ "type": "Feature", "properties": { "LAYER": "PARCELARIO_BASE_CATASTRO", "MAP_NAME": "1016_2026.dwg", "ccpp1": "1016 968" }, "geometry": { "type": "MultiPolygon", "coordinates": [ [ [ [ -68.881582793396817, -32.983433936006321, 0.0 ], [ -68.881377415625877, -32.983569262475541, 0.0 ], [ -68.881265412107481, -32.983643094576706, 0.0 ], [ -68.881142272122744, -32.983724217770067, 0.0 ], [ -68.881118393077102, -32.983740064582356, 0.0 ], [ -68.881183799506417, -32.983870511355789, 0.0 ], [ -68.881645939299673, -32.983573489158331, 0.0 ], [ -68.881640501067452, -32.98356158184643, 0.0 ], [ -68.881615965559249, -32.983508268481422, 0.0 ], [ -68.881582793396817, -32.983433936006321, 0.0 ] ] ] ] } },
{ "type": "Feature", "properties": { "LAYER": "PARCELARIO_BASE_CATASTRO", "MAP_NAME": "1016_2026.dwg", "ccpp1": "1016 31" }, "geometry": { "type": "MultiPolygon", "coordinates": [ [ [ [ -68.88068894761507, -32.981686771523897, 0.0 ], [ -68.880682753127005, -32.981679731608658, 0.0 ], [ -68.880662795591121, -32.981643014208608, 0.0 ], [ -68.880660128635498, -32.981638142594086, 0.0 ], [ -68.880125059484641, -32.981834733503639, 0.0 ], [ -68.880130288018094, -32.981844837325482, 0.0 ], [ -68.880173391992287, -32.981930900656337, 0.0 ], [ -68.880186089496746, -32.98195652051794, 0.0 ], [ -68.880240461830496, -32.981936646472924, 0.0 ], [ -68.880253306164903, -32.98193197096186, 0.0 ], [ -68.880349744917353, -32.981896627422131, 0.0 ], [ -68.880378644766253, -32.9818860152984, 0.0 ], [ -68.880402192768173, -32.981877381735984, 0.0 ], [ -68.880603632621813, -32.981803727899063, 0.0 ], [ -68.880634148574998, -32.981862548335265, 0.0 ], [ -68.880668721525481, -32.981849687369682, 0.0 ], [ -68.880681460033884, -32.981844920643795, 0.0 ], [ -68.880704472009441, -32.981836286512127, 0.0 ], [ -68.880708860627195, -32.981834577514626, 0.0 ], [ -68.880724702030832, -32.981828731733685, 0.0 ], [ -68.880729304735567, -32.981826932772094, 0.0 ], [ -68.880753174243651, -32.981817848611001, 0.0 ], [ -68.880710178098056, -32.981729983124978, 0.0 ], [ -68.88068894761507, -32.981686771523897, 0.0 ] ] ] ] } },
{ "type": "Feature", "properties": { "LAYER": "PARCELARIO_BASE_CATASTRO", "MAP_NAME": "1016_2026.dwg", "ccpp1": "1016 24" }, "geometry": { "type": "MultiPolygon", "coordinates": [ [ [ [ -68.880570058794603, -32.981472594806071, 0.0 ], [ -68.880612745400569, -32.981550992419422, 0.0 ], [ -68.880628968074333, -32.981580584798159, 0.0 ], [ -68.880641345967888, -32.981603680510311, 0.0 ], [ -68.880660128635498, -32.981638142594086, 0.0 ], [ -68.880662795591121, -32.981643014208608, 0.0 ], [ -68.880682753127005, -32.981679731608658, 0.0 ], [ -68.88068894761507, -32.981686771523897, 0.0 ], [ -68.880856780917071, -32.981623724973673, 0.0 ], [ -68.881225262829759, -32.981491994455546, 0.0 ], [ -68.881222413769066, -32.981486478880939, 0.0 ], [ -68.881204380882238, -32.981451205181216, 0.0 ], [ -68.88111752390158, -32.981283317374746, 0.0 ], [ -68.881112296859399, -32.981272041412048, 0.0 ], [ -68.881108452374477, -32.981266898182092, 0.0 ], [ -68.88110407356352, -32.981262115114873, 0.0 ], [ -68.881093386304372, -32.981253899661034, 0.0 ], [ -68.881080985374268, -32.98124793677173, 0.0 ], [ -68.881067081165611, -32.981244497150541, 0.0 ], [ -68.881059808388926, -32.981243768880759, 0.0 ], [ -68.880469608458398, -32.981231836991832, 0.0 ], [ -68.880464472349544, -32.981231741006077, 0.0 ], [ -68.88045206261836, -32.981231548791087, 0.0 ], [ -68.880446927578163, -32.981231453707309, 0.0 ], [ -68.880439118096092, -32.981231265894934, 0.0 ], [ -68.880463769581027, -32.981276915349049, 0.0 ], [ -68.880466010626492, -32.981281065217217, 0.0 ], [ -68.880489275250611, -32.981323828867659, 0.0 ], [ -68.880513178782664, -32.981368034007687, 0.0 ], [ -68.880517981223889, -32.981376784888042, 0.0 ], [ -68.880543166973766, -32.981422976745705, 0.0 ], [ -68.880570058794603, -32.981472594806071, 0.0 ] ] ] ] } },
{ "type": "Feature", "properties": { "LAYER": "PARCELARIO_BASE_CATASTRO", "MAP_NAME": "1016_2026.dwg", "ccpp1": "1016 19" }, "geometry": { "type": "MultiPolygon", "coordinates": [ [ [ [ -68.881032607512594, -32.981968494419995, 0.0 ], [ -68.8810356183712, -32.981967442324049, 0.0 ], [ -68.881097269709002, -32.981945951817934, 0.0 ], [ -68.881234163562198, -32.981898112771503, 0.0 ], [ -68.881404237635067, -32.981838675235821, 0.0 ], [ -68.88131568147648, -32.981667236954877, 0.0 ], [ -68.881291030474841, -32.981675980548026, 0.0 ], [ -68.880948865801955, -32.981797349006939, 0.0 ], [ -68.881032607512594, -32.981968494419995, 0.0 ] ] ] ] } },
{ "type": "Feature", "properties": { "LAYER": "PARCELARIO_BASE_CATASTRO", "MAP_NAME": "1016_2026.dwg", "ccpp1": "1016 964" }, "geometry": { "type": "MultiPolygon", "coordinates": [ [ [ [ -68.87889066838197, -32.980295338637667, 0.0 ], [ -68.878873404138602, -32.980559066613857, 0.0 ], [ -68.878872529078862, -32.980573131957506, 0.0 ], [ -68.878871103265013, -32.980598017816561, 0.0 ], [ -68.878866076303552, -32.980676278676832, 0.0 ], [ -68.878950588725047, -32.980677173037364, 0.0 ], [ -68.879148922198254, -32.980684580362798, 0.0 ], [ -68.879140170642387, -32.980904763701332, 0.0 ], [ -68.879138717661846, -32.980948855297541, 0.0 ], [ -68.879136617186475, -32.980998626844062, 0.0 ], [ -68.879132349265916, -32.981071938227629, 0.0 ], [ -68.879228409355903, -32.981073126703876, 0.0 ], [ -68.879226549764709, -32.981026937303675, 0.0 ], [ -68.879222606675796, -32.980937935975035, 0.0 ], [ -68.879215929518821, -32.980735501687676, 0.0 ], [ -68.879201451321407, -32.980447397636212, 0.0 ], [ -68.87920050455655, -32.980427739216005, 0.0 ], [ -68.879199267538795, -32.980402040167178, 0.0 ], [ -68.879195234219267, -32.980300776808257, 0.0 ], [ -68.879116284823169, -32.980299369533292, 0.0 ], [ -68.87910430211106, -32.980299155957546, 0.0 ], [ -68.87889066838197, -32.980295338637667, 0.0 ] ] ] ] } },
{ "type": "Feature", "properties": { "LAYER": "PARCELARIO_BASE_CATASTRO", "MAP_NAME": "1016_2026.dwg", "ccpp1": "1016 1014" }, "geometry": { "type": "MultiPolygon", "coordinates": [ [ [ [ -68.879228409355903, -32.981073126703876, 0.0 ], [ -68.879517042170733, -32.981076697535912, 0.0 ], [ -68.879508745289613, -32.980728843428473, 0.0 ], [ -68.879215929518821, -32.980735501687676, 0.0 ], [ -68.879222606675796, -32.980937935975035, 0.0 ], [ -68.879226549764709, -32.981026937303675, 0.0 ], [ -68.879228409355903, -32.981073126703876, 0.0 ] ] ] ] } },
{ "type": "Feature", "properties": { "LAYER": "PARCELARIO_BASE_CATASTRO", "MAP_NAME": "1016_2026.dwg", "ccpp1": "1016 442" }, "geometry": { "type": "MultiPolygon", "coordinates": [ [ [ [ -68.879742654889696, -32.980406264203431, 0.0 ], [ -68.879744287314651, -32.980434760636193, 0.0 ], [ -68.879746587831548, -32.980474708134096, 0.0 ], [ -68.879780636180286, -32.981079956865244, 0.0 ], [ -68.880097937735513, -32.981083879456186, 0.0 ], [ -68.880089262896945, -32.98085645507016, 0.0 ], [ -68.880086017943583, -32.980805146420458, 0.0 ], [ -68.880085397137321, -32.980789546777913, 0.0 ], [ -68.88008477258002, -32.98077593082553, 0.0 ], [ -68.880084254124512, -32.980763757661379, 0.0 ], [ -68.880079272303419, -32.980651130465894, 0.0 ], [ -68.880060123286498, -32.980650571068693, 0.0 ], [ -68.880045624775818, -32.980376262777376, 0.0 ], [ -68.879740736054316, -32.980372811866715, 0.0 ], [ -68.879742654889696, -32.980406264203431, 0.0 ] ] ] ] } },
{ "type": "Feature", "properties": { "LAYER": "PARCELARIO_BASE_CATASTRO", "MAP_NAME": "1016_2026.dwg", "ccpp1": "1016 488" }, "geometry": { "type": "MultiPolygon", "coordinates": [ [ [ [ -68.880079272303419, -32.980651130465894, 0.0 ], [ -68.880084254124512, -32.980763757661379, 0.0 ], [ -68.88008477258002, -32.98077593082553, 0.0 ], [ -68.880085397137321, -32.980789546777913, 0.0 ], [ -68.880086017943583, -32.980805146420458, 0.0 ], [ -68.880089262896945, -32.98085645507016, 0.0 ], [ -68.880097937735513, -32.981083879456186, 0.0 ], [ -68.880522969974109, -32.981089134246716, 0.0 ], [ -68.880506965630119, -32.980662456163614, 0.0 ], [ -68.880293975281347, -32.98065683940262, 0.0 ], [ -68.880079272303419, -32.980651130465894, 0.0 ] ] ] ] } },
{ "type": "Feature", "properties": { "LAYER": "PARCELARIO_BASE_CATASTRO", "MAP_NAME": "1016_2026.dwg", "ccpp1": "1016 438" }, "geometry": { "type": "MultiPolygon", "coordinates": [ [ [ [ -68.880506965630119, -32.980662456163614, 0.0 ], [ -68.880522969974109, -32.981089134246716, 0.0 ], [ -68.88063519168216, -32.981090521946328, 0.0 ], [ -68.880793630143273, -32.981092477545907, 0.0 ], [ -68.880819839351844, -32.981092801918912, 0.0 ], [ -68.880821318573851, -32.980947332758817, 0.0 ], [ -68.880805376894173, -32.980948309390925, 0.0 ], [ -68.880781682358986, -32.980669753624412, 0.0 ], [ -68.880506965630119, -32.980662456163614, 0.0 ] ] ] ] } },
{ "type": "Feature", "properties": { "LAYER": "PARCELARIO_BASE_CATASTRO", "MAP_NAME": "1016_2026.dwg", "ccpp1": "1016 2723" }, "geometry": { "type": "MultiPolygon", "coordinates": [ [ [ [ -68.881203678739823, -32.981097551610432, 0.0 ], [ -68.882319044091176, -32.981111344770916, 0.0 ], [ -68.88256123793991, -32.981119952069697, 0.0 ], [ -68.882540048445691, -32.980803627659085, 0.0 ], [ -68.881756454011096, -32.980775827883363, 0.0 ], [ -68.881757772900471, -32.98074868859392, 0.0 ], [ -68.881758878502808, -32.980642381684284, 0.0 ], [ -68.881361999480944, -32.980628383612832, 0.0 ], [ -68.881361628716945, -32.980666435016992, 0.0 ], [ -68.88118148055446, -32.980660129622414, 0.0 ], [ -68.881203678739823, -32.981097551610432, 0.0 ] ] ] ] } },
{ "type": "Feature", "properties": { "LAYER": "PARCELARIO_BASE_CATASTRO", "MAP_NAME": "1016_2026.dwg", "ccpp1": "1016 220" }, "geometry": { "type": "MultiPolygon", "coordinates": [ [ [ [ -68.881067786614409, -32.978416072838094, 0.0 ], [ -68.881073416526363, -32.978524913599976, 0.0 ], [ -68.881083421006949, -32.978723023874586, 0.0 ], [ -68.881092590532774, -32.978903189929717, 0.0 ], [ -68.881101656443775, -32.979083266614118, 0.0 ], [ -68.881110826988078, -32.97926352462985, 0.0 ], [ -68.881119892850947, -32.979443690568807, 0.0 ], [ -68.881129063711299, -32.979623766434017, 0.0 ], [ -68.881138558758352, -32.979803843503603, 0.0 ], [ -68.881147622588429, -32.979984010324841, 0.0 ], [ -68.881158878703886, -32.980204755687083, 0.0 ], [ -68.88118148055446, -32.980660129622414, 0.0 ], [ -68.881361628716945, -32.980666435016992, 0.0 ], [ -68.881361999480944, -32.980628383612832, 0.0 ], [ -68.881758878502808, -32.980642381684284, 0.0 ], [ -68.881757772900471, -32.98074868859392, 0.0 ], [ -68.881756454011096, -32.980775827883363, 0.0 ], [ -68.882540048445691, -32.980803627659085, 0.0 ], [ -68.88256123793991, -32.981119952069697, 0.0 ], [ -68.882832099676264, -32.981129577646321, 0.0 ], [ -68.882811015585062, -32.980814525648917, 0.0 ], [ -68.884165046628894, -32.98074700795825, 0.0 ], [ -68.884158485227331, -32.980693081464914, 0.0 ], [ -68.884153182056579, -32.980657909259016, 0.0 ], [ -68.884043772181897, -32.979931466422563, 0.0 ], [ -68.882787017313873, -32.978586241082205, 0.0 ], [ -68.882585816831153, -32.97856594282797, 0.0 ], [ -68.881915367050837, -32.978499930821243, 0.0 ], [ -68.881862206398509, -32.978494650804095, 0.0 ], [ -68.881470824962193, -32.978455863908238, 0.0 ], [ -68.881067786614409, -32.978416072838094, 0.0 ] ] ] ] } },
{ "type": "Feature", "properties": { "LAYER": "PARCELARIO_BASE_CATASTRO", "MAP_NAME": "1016_2026.dwg", "ccpp1": "1016 911" }, "geometry": { "type": "MultiPolygon", "coordinates": [ [ [ [ -68.878850135322736, -32.981068447573122, 0.0 ], [ -68.879132349265916, -32.981071938227629, 0.0 ], [ -68.879136617186475, -32.980998626844062, 0.0 ], [ -68.879138717661846, -32.980948855297541, 0.0 ], [ -68.879140170642387, -32.980904763701332, 0.0 ], [ -68.879148922198254, -32.980684580362798, 0.0 ], [ -68.878950588725047, -32.980677173037364, 0.0 ], [ -68.878866076303552, -32.980676278676832, 0.0 ], [ -68.878862466645998, -32.980733532692327, 0.0 ], [ -68.878858997977872, -32.980845789260719, 0.0 ], [ -68.878857525611664, -32.980904758537775, 0.0 ], [ -68.878850135322736, -32.981068447573122, 0.0 ] ] ] ] } },
{ "type": "Feature", "properties": { "LAYER": "PARCELARIO_BASE_CATASTRO", "MAP_NAME": "1016_2026.dwg", "ccpp1": "1016 678" }, "geometry": { "type": "MultiPolygon", "coordinates": [ [ [ [ -68.884842787650825, -32.980786709026908, 0.0 ], [ -68.884422940806402, -32.9808554537994, 0.0 ], [ -68.884447041431983, -32.980995330125232, 0.0 ], [ -68.884564298424991, -32.980990390969687, 0.0 ], [ -68.884630840657792, -32.980989371348301, 0.0 ], [ -68.884636189888042, -32.980989286122082, 0.0 ], [ -68.884727766334748, -32.98098883058033, 0.0 ], [ -68.884770558403105, -32.980988689736762, 0.0 ], [ -68.884801581351809, -32.980988538924144, 0.0 ], [ -68.884838382880474, -32.980988032761196, 0.0 ], [ -68.884840373425121, -32.980938892188419, 0.0 ], [ -68.884973846104685, -32.980926988604836, 0.0 ], [ -68.884842787650825, -32.980786709026908, 0.0 ] ] ] ] } },
{ "type": "Feature", "properties": { "LAYER": "PARCELARIO_BASE_CATASTRO", "MAP_NAME": "1016_2026.dwg", "ccpp1": "1016 208" }, "geometry": { "type": "MultiPolygon", "coordinates": [ [ [ [ -68.884215812084335, -32.980115615480472, 0.0 ], [ -68.884043772181897, -32.979931466422563, 0.0 ], [ -68.884153182056579, -32.980657909259016, 0.0 ], [ -68.884158485227331, -32.980693081464914, 0.0 ], [ -68.884165046628894, -32.98074700795825, 0.0 ], [ -68.884183885154073, -32.980901846425823, 0.0 ], [ -68.884186527571515, -32.980926464713662, 0.0 ], [ -68.884191663187124, -32.980926108804667, 0.0 ], [ -68.884193673954798, -32.98094288189909, 0.0 ], [ -68.884222132993031, -32.981177627052396, 0.0 ], [ -68.884387435361646, -32.981172455782051, 0.0 ], [ -68.884372264152105, -32.981074788097558, 0.0 ], [ -68.884301903266135, -32.980642991797112, 0.0 ], [ -68.884215812084335, -32.980115615480472, 0.0 ] ] ] ] } },
{ "type": "Feature", "properties": { "LAYER": "PARCELARIO_BASE_CATASTRO", "MAP_NAME": "1016_2026.dwg", "ccpp1": "1016 2724" }, "geometry": { "type": "MultiPolygon", "coordinates": [ [ [ [ -68.884165046628894, -32.98074700795825, 0.0 ], [ -68.882811015585062, -32.980814525648917, 0.0 ], [ -68.882832099676264, -32.981129577646321, 0.0 ], [ -68.884151859761687, -32.981176471751731, 0.0 ], [ -68.884157952571158, -32.981179634181821, 0.0 ], [ -68.884222132993031, -32.981177627052396, 0.0 ], [ -68.884193673954798, -32.98094288189909, 0.0 ], [ -68.884191663187124, -32.980926108804667, 0.0 ], [ -68.884186527571515, -32.980926464713662, 0.0 ], [ -68.884183885154073, -32.980901846425823, 0.0 ], [ -68.884165046628894, -32.98074700795825, 0.0 ] ] ] ] } },
{ "type": "Feature", "properties": { "LAYER": "PARCELARIO_BASE_CATASTRO", "MAP_NAME": "1016_2026.dwg", "ccpp1": "1016 852" }, "geometry": { "type": "MultiPolygon", "coordinates": [ [ [ [ -68.885711873871429, -32.980371779256394, 0.0 ], [ -68.885449074663313, -32.980389902972647, 0.0 ], [ -68.885553565822832, -32.980544125490042, 0.0 ], [ -68.886059504424168, -32.980509959141322, 0.0 ], [ -68.885963808989942, -32.980354487235111, 0.0 ], [ -68.885711873871429, -32.980371779256394, 0.0 ] ] ] ] } },
{ "type": "Feature", "properties": { "LAYER": "PARCELARIO_BASE_CATASTRO", "MAP_NAME": "1016_2026.dwg", "ccpp1": "1016 758" }, "geometry": { "type": "MultiPolygon", "coordinates": [ [ [ [ -68.885150355239716, -32.980410457395273, 0.0 ], [ -68.885130240954396, -32.980411791413864, 0.0 ], [ -68.885586597989885, -32.981013269616312, 0.0 ], [ -68.885703429879669, -32.981167192220653, 0.0 ], [ -68.885973119790251, -32.981163340631525, 0.0 ], [ -68.885874509665769, -32.981017800710596, 0.0 ], [ -68.885769311581342, -32.980862536386105, 0.0 ], [ -68.885660366990649, -32.980701743050062, 0.0 ], [ -68.885553565822832, -32.980544125490042, 0.0 ], [ -68.885449074663313, -32.980389902972647, 0.0 ], [ -68.885150355239716, -32.980410457395273, 0.0 ] ] ] ] } },
{ "type": "Feature", "properties": { "LAYER": "PARCELARIO_BASE_CATASTRO", "MAP_NAME": "1016_2026.dwg", "ccpp1": "1016 858" }, "geometry": { "type": "MultiPolygon", "coordinates": [ [ [ [ -68.884766577704937, -32.980436793559704, 0.0 ], [ -68.88543950834304, -32.98117029742054, 0.0 ], [ -68.885541356828824, -32.981169489131901, 0.0 ], [ -68.885619669516188, -32.981168388701818, 0.0 ], [ -68.885703429879669, -32.981167192220653, 0.0 ], [ -68.885586597989885, -32.981013269616312, 0.0 ], [ -68.885130240954396, -32.980411791413864, 0.0 ], [ -68.884766577704937, -32.980436793559704, 0.0 ] ] ] ] } },
{ "type": "Feature", "properties": { "LAYER": "PARCELARIO_BASE_CATASTRO", "MAP_NAME": "1016_2026.dwg", "ccpp1": "1016 3178" }, "geometry": { "type": "MultiPolygon", "coordinates": [ [ [ [ -68.885689567847905, -32.980142071409475, 0.0 ], [ -68.885711873871429, -32.980371779256394, 0.0 ], [ -68.885963808989942, -32.980354487235111, 0.0 ], [ -68.88589777387341, -32.980126302095101, 0.0 ], [ -68.885689567847905, -32.980142071409475, 0.0 ] ] ] ] } },
{ "type": "Feature", "properties": { "LAYER": "PARCELARIO_BASE_CATASTRO", "MAP_NAME": "1016_2026.dwg", "ccpp1": "1016 211" }, "geometry": { "type": "MultiPolygon", "coordinates": [ [ [ [ -68.884840253356586, -32.978815281620591, 0.0 ], [ -68.884903464537231, -32.979320731139133, 0.0 ], [ -68.88537789515199, -32.979278148368373, 0.0 ], [ -68.885128943656497, -32.978776411005867, 0.0 ], [ -68.884840253356586, -32.978815281620591, 0.0 ] ] ] ] } },
{ "type": "Feature", "properties": { "LAYER": "PARCELARIO_BASE_CATASTRO", "MAP_NAME": "1016_2026.dwg", "ccpp1": "1016 870" }, "geometry": { "type": "MultiPolygon", "coordinates": [ [ [ [ -68.884307186381534, -32.978887193777112, 0.0 ], [ -68.884452570737523, -32.979380997782535, 0.0 ], [ -68.884905899932832, -32.97934011948773, 0.0 ], [ -68.884903464537231, -32.979320731139133, 0.0 ], [ -68.884840253356586, -32.978815281620591, 0.0 ], [ -68.884307186381534, -32.978887193777112, 0.0 ] ] ] ] } },
{ "type": "Feature", "properties": { "LAYER": "PARCELARIO_BASE_CATASTRO", "MAP_NAME": "1016_2026.dwg", "ccpp1": "1016 871" }, "geometry": { "type": "MultiPolygon", "coordinates": [ [ [ [ -68.883947028705364, -32.978935730627569, 0.0 ], [ -68.88400568353012, -32.979403846829847, 0.0 ], [ -68.884093952682107, -32.979395994007305, 0.0 ], [ -68.884096070024484, -32.97941303771001, 0.0 ], [ -68.884452570737523, -32.979380997782535, 0.0 ], [ -68.884307186381534, -32.978887193777112, 0.0 ], [ -68.883947028705364, -32.978935730627569, 0.0 ] ] ] ] } },
{ "type": "Feature", "properties": { "LAYER": "PARCELARIO_BASE_CATASTRO", "MAP_NAME": "1016_2026.dwg", "ccpp1": "1016 212" }, "geometry": { "type": "MultiPolygon", "coordinates": [ [ [ [ -68.883764274634785, -32.978960447012696, 0.0 ], [ -68.883820021034552, -32.978952924779804, 0.0 ], [ -68.883947028705364, -32.978935730627569, 0.0 ], [ -68.884307186381534, -32.978887193777112, 0.0 ], [ -68.884840253356586, -32.978815281620591, 0.0 ], [ -68.885128943656497, -32.978776411005867, 0.0 ], [ -68.885012894584136, -32.978542522194672, 0.0 ], [ -68.883726478371031, -32.978658619760303, 0.0 ], [ -68.883764274634785, -32.978960447012696, 0.0 ] ] ] ] } },
{ "type": "Feature", "properties": { "LAYER": "PARCELARIO_BASE_CATASTRO", "MAP_NAME": "1016_2026.dwg", "ccpp1": "1016 1115" }, "geometry": { "type": "MultiPolygon", "coordinates": [ [ [ [ -68.887339724661175, -33.00958143291215, 0.0 ], [ -68.887181028961095, -33.009576795096365, 0.0 ], [ -68.88694679592021, -33.009853763125484, 0.0 ], [ -68.886952893791943, -33.009854578352183, 0.0 ], [ -68.886964231405116, -33.009856932072509, 0.0 ], [ -68.886970970114746, -33.009858739720968, 0.0 ], [ -68.886975569170161, -33.009860006230134, 0.0 ], [ -68.886996742519287, -33.009868406467959, 0.0 ], [ -68.887004547458204, -33.009872468365351, 0.0 ], [ -68.887006618785207, -33.009873720863403, 0.0 ], [ -68.887016200150484, -33.009879509272132, 0.0 ], [ -68.887025071204746, -33.009885915586203, 0.0 ], [ -68.887033406367607, -33.00989295439043, 0.0 ], [ -68.887040991723168, -33.009900532618786, 0.0 ], [ -68.887054020370698, -33.009917039648222, 0.0 ], [ -68.887059249743004, -33.009925878088474, 0.0 ], [ -68.88706372953628, -33.009935076520243, 0.0 ], [ -68.887067352848021, -33.009944544679435, 0.0 ], [ -68.88707001289059, -33.009954102134515, 0.0 ], [ -68.887339865430647, -33.009954310814962, 0.0 ], [ -68.887339774265939, -33.009735615802676, 0.0 ], [ -68.887339724661175, -33.00958143291215, 0.0 ] ] ] ] } },
{ "type": "Feature", "properties": { "LAYER": "PARCELARIO_BASE_CATASTRO", "MAP_NAME": "1016_2026.dwg", "ccpp1": "1016 1115" }, "geometry": { "type": "MultiPolygon", "coordinates": [ [ [ [ -68.887339724661175, -33.00958143291215, 0.0 ], [ -68.887181028961095, -33.009576795096365, 0.0 ], [ -68.88694679592021, -33.009853763125484, 0.0 ], [ -68.886952893791943, -33.009854578352183, 0.0 ], [ -68.886964231405116, -33.009856932072509, 0.0 ], [ -68.886970970114746, -33.009858739720968, 0.0 ], [ -68.886975569170161, -33.009860006230134, 0.0 ], [ -68.886996742519287, -33.009868406467959, 0.0 ], [ -68.887004547458204, -33.009872468365351, 0.0 ], [ -68.887006618785207, -33.009873720863403, 0.0 ], [ -68.887016200150484, -33.009879509272132, 0.0 ], [ -68.887025071204746, -33.009885915586203, 0.0 ], [ -68.887033406367607, -33.00989295439043, 0.0 ], [ -68.887040991723168, -33.009900532618786, 0.0 ], [ -68.887054020370698, -33.009917039648222, 0.0 ], [ -68.887059249743004, -33.009925878088474, 0.0 ], [ -68.88706372953628, -33.009935076520243, 0.0 ], [ -68.887067352848021, -33.009944544679435, 0.0 ], [ -68.88707001289059, -33.009954102134515, 0.0 ], [ -68.887339865430647, -33.009954310814962, 0.0 ], [ -68.887339774265939, -33.009735615802676, 0.0 ], [ -68.887339724661175, -33.00958143291215, 0.0 ] ] ] ] } },
{ "type": "Feature", "properties": { "LAYER": "PARCELARIO_BASE_CATASTRO", "MAP_NAME": "1016_2026.dwg", "ccpp1": "1016 3257" }, "geometry": { "type": "MultiPolygon", "coordinates": [ [ [ [ -68.889555059576892, -33.012085986687509, 0.0 ], [ -68.889247160406768, -33.012040313653181, 0.0 ], [ -68.889213601751635, -33.012191303543247, 0.0 ], [ -68.889208224315553, -33.012215011007918, 0.0 ], [ -68.889193371973349, -33.01223476974365, 0.0 ], [ -68.889124508689264, -33.012326380942518, 0.0 ], [ -68.889482595947527, -33.012379774681008, 0.0 ], [ -68.889517320986926, -33.012238882706839, 0.0 ], [ -68.889555059576892, -33.012085986687509, 0.0 ] ] ] ] } },
{ "type": "Feature", "properties": { "LAYER": "PARCELARIO_BASE_CATASTRO", "MAP_NAME": "1016_2026.dwg", "ccpp1": "1016 3257" }, "geometry": { "type": "MultiPolygon", "coordinates": [ [ [ [ -68.889555059576892, -33.012085986687509, 0.0 ], [ -68.889247160406768, -33.012040313653181, 0.0 ], [ -68.889213601751635, -33.012191303543247, 0.0 ], [ -68.889208224315553, -33.012215011007918, 0.0 ], [ -68.889193371973349, -33.01223476974365, 0.0 ], [ -68.889124508689264, -33.012326380942518, 0.0 ], [ -68.889482595947527, -33.012379774681008, 0.0 ], [ -68.889517320986926, -33.012238882706839, 0.0 ], [ -68.889555059576892, -33.012085986687509, 0.0 ] ] ] ] } },
{ "type": "Feature", "properties": { "LAYER": "PARCELARIO_BASE_CATASTRO", "MAP_NAME": "1016_2026.dwg", "ccpp1": "1016 1143" }, "geometry": { "type": "MultiPolygon", "coordinates": [ [ [ [ -68.88762245656234, -33.012355803697787, 0.0 ], [ -68.887605689493043, -33.012336562195244, 0.0 ], [ -68.887249472994824, -33.012559173640895, 0.0 ], [ -68.887530722502831, -33.012883203350079, 0.0 ], [ -68.887586261307746, -33.012878736894045, 0.0 ], [ -68.887588215025332, -33.012859716929498, 0.0 ], [ -68.887591453947593, -33.012840787388079, 0.0 ], [ -68.88759834323713, -33.012812665857695, 0.0 ], [ -68.88760801437391, -33.012785086934691, 0.0 ], [ -68.887615851778619, -33.012767152473181, 0.0 ], [ -68.88762465202251, -33.01274948938029, 0.0 ], [ -68.88763484177413, -33.012732368542274, 0.0 ], [ -68.887645888184821, -33.012715699311734, 0.0 ], [ -68.887664542424019, -33.012691643196625, 0.0 ], [ -68.887678260484151, -33.012676327075859, 0.0 ], [ -68.887692833789202, -33.012661733062622, 0.0 ], [ -68.887716511600303, -33.012641015851635, 0.0 ], [ -68.887733330152074, -33.012628137034824, 0.0 ], [ -68.887760105742913, -33.01261030705831, 0.0 ], [ -68.887788377326061, -33.01259428086815, 0.0 ], [ -68.887818037651456, -33.01258024050523, 0.0 ], [ -68.88762245656234, -33.012355803697787, 0.0 ] ] ] ] } },
{ "type": "Feature", "properties": { "LAYER": "PARCELARIO_BASE_CATASTRO", "MAP_NAME": "1016_2026.dwg", "ccpp1": "1016 1143" }, "geometry": { "type": "MultiPolygon", "coordinates": [ [ [ [ -68.88762245656234, -33.012355803697787, 0.0 ], [ -68.887605689493043, -33.012336562195244, 0.0 ], [ -68.887249472994824, -33.012559173640895, 0.0 ], [ -68.887530722502831, -33.012883203350079, 0.0 ], [ -68.887586261307746, -33.012878736894045, 0.0 ], [ -68.887588215025332, -33.012859716929498, 0.0 ], [ -68.887591453947593, -33.012840787388079, 0.0 ], [ -68.88759834323713, -33.012812665857695, 0.0 ], [ -68.88760801437391, -33.012785086934691, 0.0 ], [ -68.887615851778619, -33.012767152473181, 0.0 ], [ -68.88762465202251, -33.01274948938029, 0.0 ], [ -68.88763484177413, -33.012732368542274, 0.0 ], [ -68.887645888184821, -33.012715699311734, 0.0 ], [ -68.887664542424019, -33.012691643196625, 0.0 ], [ -68.887678260484151, -33.012676327075859, 0.0 ], [ -68.887692833789202, -33.012661733062622, 0.0 ], [ -68.887716511600303, -33.012641015851635, 0.0 ], [ -68.887733330152074, -33.012628137034824, 0.0 ], [ -68.887760105742913, -33.01261030705831, 0.0 ], [ -68.887788377326061, -33.01259428086815, 0.0 ], [ -68.887818037651456, -33.01258024050523, 0.0 ], [ -68.88762245656234, -33.012355803697787, 0.0 ] ] ] ] } },
{ "type": "Feature", "properties": { "LAYER": "PARCELARIO_BASE_CATASTRO", "MAP_NAME": "1016_2026.dwg", "ccpp1": "1016 1072" }, "geometry": { "type": "MultiPolygon", "coordinates": [ [ [ [ -68.88311464482679, -32.988729436335099, 0.0 ], [ -68.883013644418568, -32.988734471394437, 0.0 ], [ -68.882954903175246, -32.988737391883141, 0.0 ], [ -68.882896371605497, -32.988740332377752, 0.0 ], [ -68.88307995044282, -32.989079341420563, 0.0 ], [ -68.883117733630129, -32.989149169362314, 0.0 ], [ -68.883335686479597, -32.989137745153826, 0.0 ], [ -68.88311464482679, -32.988729436335099, 0.0 ] ] ] ] } },
{ "type": "Feature", "properties": { "LAYER": "PARCELARIO_BASE_CATASTRO", "MAP_NAME": "1016_2026.dwg", "ccpp1": "1016 1056" }, "geometry": { "type": "MultiPolygon", "coordinates": [ [ [ [ -68.883546150540298, -32.989126586789077, 0.0 ], [ -68.883335686479597, -32.989137745153826, 0.0 ], [ -68.883117733630129, -32.989149169362314, 0.0 ], [ -68.88288790353343, -32.989161390856047, 0.0 ], [ -68.882985130276978, -32.989340832935866, 0.0 ], [ -68.883627356620153, -32.989288787776253, 0.0 ], [ -68.883546150540298, -32.989126586789077, 0.0 ] ] ] ] } },
{ "type": "Feature", "properties": { "LAYER": "PARCELARIO_BASE_CATASTRO", "MAP_NAME": "1016_2026.dwg", "ccpp1": "1016 1247" }, "geometry": { "type": "MultiPolygon", "coordinates": [ [ [ [ -68.883706107366578, -32.989446207527756, 0.0 ], [ -68.883081678588155, -32.989519024574705, 0.0 ], [ -68.883179383210063, -32.98969934878231, 0.0 ], [ -68.883786674677907, -32.989607237431102, 0.0 ], [ -68.883764799694916, -32.989563392825495, 0.0 ], [ -68.883706107366578, -32.989446207527756, 0.0 ] ] ] ] } },
{ "type": "Feature", "properties": { "LAYER": "PARCELARIO_BASE_CATASTRO", "MAP_NAME": "1016_2026.dwg", "ccpp1": "1016 1093" }, "geometry": { "type": "MultiPolygon", "coordinates": [ [ [ [ -68.883801189126387, -32.989307708170358, 0.0 ], [ -68.883640267778247, -32.989314587793771, 0.0 ], [ -68.883706107366578, -32.989446207527756, 0.0 ], [ -68.883764799694916, -32.989563392825495, 0.0 ], [ -68.88408853648103, -32.989491928334324, 0.0 ], [ -68.88400612922517, -32.989347487784521, 0.0 ], [ -68.884014483942806, -32.989340373192469, 0.0 ], [ -68.883963397305919, -32.989298576242547, 0.0 ], [ -68.883801189126387, -32.989307708170358, 0.0 ] ] ] ] } },
{ "type": "Feature", "properties": { "LAYER": "PARCELARIO_BASE_CATASTRO", "MAP_NAME": "1016_2026.dwg", "ccpp1": "1016 2677" }, "geometry": { "type": "MultiPolygon", "coordinates": [ [ [ [ -68.884055203449435, -32.989373683822215, 0.0 ], [ -68.884014483942806, -32.989340373192469, 0.0 ], [ -68.88400612922517, -32.989347487784521, 0.0 ], [ -68.88408853648103, -32.989491928334324, 0.0 ], [ -68.883764799694916, -32.989563392825495, 0.0 ], [ -68.883786674677907, -32.989607237431102, 0.0 ], [ -68.883865213901657, -32.989764023900307, 0.0 ], [ -68.884207680615589, -32.989689151048722, 0.0 ], [ -68.884055203449435, -32.989373683822215, 0.0 ] ] ] ] } },
{ "type": "Feature", "properties": { "LAYER": "PARCELARIO_BASE_CATASTRO", "MAP_NAME": "1016_2026.dwg", "ccpp1": "1016 940" }, "geometry": { "type": "MultiPolygon", "coordinates": [ [ [ [ -68.886610574379333, -32.982445696418495, 0.0 ], [ -68.886912760384803, -32.982769054579812, 0.0 ], [ -68.887110226348, -32.982622530105324, 0.0 ], [ -68.887055758183322, -32.982548813694784, 0.0 ], [ -68.886972324062597, -32.982370205796897, 0.0 ], [ -68.886610574379333, -32.982445696418495, 0.0 ] ] ] ] } },
{ "type": "Feature", "properties": { "LAYER": "PARCELARIO_BASE_CATASTRO", "MAP_NAME": "1016_2026.dwg", "ccpp1": "1016 632" }, "geometry": { "type": "MultiPolygon", "coordinates": [ [ [ [ -68.887559404597638, -32.98343604311156, 0.0 ], [ -68.8878113281324, -32.983695889135596, 0.0 ], [ -68.888260536815494, -32.983460232417961, 0.0 ], [ -68.888432805830618, -32.983357234401076, 0.0 ], [ -68.88796817405013, -32.983099028474008, 0.0 ], [ -68.887936956468891, -32.983081598063649, 0.0 ], [ -68.887865744992425, -32.983041961261613, 0.0 ], [ -68.887559404597638, -32.98343604311156, 0.0 ] ] ] ] } },
{ "type": "Feature", "properties": { "LAYER": "PARCELARIO_BASE_CATASTRO", "MAP_NAME": "1016_2026.dwg", "ccpp1": "1016 157" }, "geometry": { "type": "MultiPolygon", "coordinates": [ [ [ [ -68.888796118247043, -32.984441749493904, 0.0 ], [ -68.889608608392052, -32.984169263583517, 0.0 ], [ -68.889573165151944, -32.98412783077044, 0.0 ], [ -68.889411668454244, -32.983939036846635, 0.0 ], [ -68.888612685833252, -32.984179094747503, 0.0 ], [ -68.888632549590525, -32.984207515340287, 0.0 ], [ -68.888796118247043, -32.984441749493904, 0.0 ] ] ] ] } },
{ "type": "Feature", "properties": { "LAYER": "PARCELARIO_BASE_CATASTRO", "MAP_NAME": "1016_2026.dwg", "ccpp1": "1016 164" }, "geometry": { "type": "MultiPolygon", "coordinates": [ [ [ [ -68.888796118247043, -32.984441749493904, 0.0 ], [ -68.888593949371923, -32.984509563070262, 0.0 ], [ -68.888741659940067, -32.984646459561553, 0.0 ], [ -68.888774369508255, -32.984676781492567, 0.0 ], [ -68.889413247039698, -32.984450039351643, 0.0 ], [ -68.889739747736826, -32.984322539474476, 0.0 ], [ -68.889708947225955, -32.984286556037191, 0.0 ], [ -68.889608608392052, -32.984169263583517, 0.0 ], [ -68.888796118247043, -32.984441749493904, 0.0 ] ] ] ] } },
{ "type": "Feature", "properties": { "LAYER": "PARCELARIO_BASE_CATASTRO", "MAP_NAME": "1016_2026.dwg", "ccpp1": "1016 847" }, "geometry": { "type": "MultiPolygon", "coordinates": [ [ [ [ -68.888774369508255, -32.984676781492567, 0.0 ], [ -68.888960728668593, -32.984849532221041, 0.0 ], [ -68.888993934210234, -32.984880330621003, 0.0 ], [ -68.889466438903668, -32.984691916635896, 0.0 ], [ -68.889837636160564, -32.984564491229889, 0.0 ], [ -68.889829872617426, -32.984527064720176, 0.0 ], [ -68.889503740719618, -32.984635414403655, 0.0 ], [ -68.889413247039698, -32.984450039351643, 0.0 ], [ -68.888774369508255, -32.984676781492567, 0.0 ] ] ] ] } },
{ "type": "Feature", "properties": { "LAYER": "PARCELARIO_BASE_CATASTRO", "MAP_NAME": "1016_2026.dwg", "ccpp1": "1016 234" }, "geometry": { "type": "MultiPolygon", "coordinates": [ [ [ [ -68.881498135011327, -32.986369481828284, 0.0 ], [ -68.881434237941093, -32.986308736427453, 0.0 ], [ -68.881408800183621, -32.986290408203907, 0.0 ], [ -68.881147221552638, -32.986047420514758, 0.0 ], [ -68.881056396559558, -32.985962303070707, 0.0 ], [ -68.880763491593996, -32.986023333338245, 0.0 ], [ -68.880972651110127, -32.986341203137179, 0.0 ], [ -68.881006191366197, -32.986381630286431, 0.0 ], [ -68.881024458948247, -32.986403738808562, 0.0 ], [ -68.881056506419824, -32.986438034011691, 0.0 ], [ -68.881227598740935, -32.986582741287314, 0.0 ], [ -68.881498135011327, -32.986369481828284, 0.0 ] ] ] ] } },
{ "type": "Feature", "properties": { "LAYER": "PARCELARIO_BASE_CATASTRO", "MAP_NAME": "1016_2026.dwg", "ccpp1": "1016 1201" }, "geometry": { "type": "MultiPolygon", "coordinates": [ [ [ [ -68.89134867500637, -32.996010062475492, 0.0 ], [ -68.891397072808019, -32.996238598530432, 0.0 ], [ -68.89191157554373, -32.996244654346498, 0.0 ], [ -68.891873637737419, -32.996103949979933, 0.0 ], [ -68.891850238938673, -32.996017905226189, 0.0 ], [ -68.89134867500637, -32.996010062475492, 0.0 ] ] ] ] } },
{ "type": "Feature", "properties": { "LAYER": "PARCELARIO_BASE_CATASTRO", "MAP_NAME": "1016_2026.dwg", "ccpp1": "1016 869" }, "geometry": { "type": "MultiPolygon", "coordinates": [ [ [ [ -68.883820021034552, -32.978952924779804, 0.0 ], [ -68.883892213070354, -32.979529330874236, 0.0 ], [ -68.883918875131016, -32.979521705813376, 0.0 ], [ -68.884019869898054, -32.979517832260086, 0.0 ], [ -68.88400568353012, -32.979403846829847, 0.0 ], [ -68.883947028705364, -32.978935730627569, 0.0 ], [ -68.883820021034552, -32.978952924779804, 0.0 ] ] ] ] } },
{ "type": "Feature", "properties": { "LAYER": "PARCELARIO_BASE_CATASTRO", "MAP_NAME": "1016_2026.dwg", "ccpp1": "1016 566" }, "geometry": { "type": "MultiPolygon", "coordinates": [ [ [ [ -68.891950345498799, -32.992372268435872, 0.0 ], [ -68.89207240086138, -32.993147106048546, 0.0 ], [ -68.892337819075209, -32.993136349159023, 0.0 ], [ -68.892301432330584, -32.99289959320393, 0.0 ], [ -68.892276069388004, -32.992734371400552, 0.0 ], [ -68.892212565073862, -32.992358286445167, 0.0 ], [ -68.892005978950081, -32.992368086798258, 0.0 ], [ -68.891996671561543, -32.99236879738465, 0.0 ], [ -68.891950345498799, -32.992372268435872, 0.0 ] ] ] ] } },
{ "type": "Feature", "properties": { "LAYER": "PARCELARIO_BASE_CATASTRO", "MAP_NAME": "1016_2026.dwg", "ccpp1": "1016 2980" }, "geometry": { "type": "MultiPolygon", "coordinates": [ [ [ [ -68.888367661827346, -33.014733513217088, 0.0 ], [ -68.888348833456419, -33.015014444520304, 0.0 ], [ -68.888518477703144, -33.015021871765846, 0.0 ], [ -68.888536988567594, -33.014741935601499, 0.0 ], [ -68.888426530496417, -33.014736435882924, 0.0 ], [ -68.888367661827346, -33.014733513217088, 0.0 ] ] ] ] } },
{ "type": "Feature", "properties": { "LAYER": "PARCELARIO_BASE_CATASTRO", "MAP_NAME": "1016_2026.dwg", "ccpp1": "1016 2980" }, "geometry": { "type": "MultiPolygon", "coordinates": [ [ [ [ -68.888367661827346, -33.014733513217088, 0.0 ], [ -68.888348833456419, -33.015014444520304, 0.0 ], [ -68.888518477703144, -33.015021871765846, 0.0 ], [ -68.888536988567594, -33.014741935601499, 0.0 ], [ -68.888426530496417, -33.014736435882924, 0.0 ], [ -68.888367661827346, -33.014733513217088, 0.0 ] ] ] ] } },
{ "type": "Feature", "properties": { "LAYER": "PARCELARIO_BASE_CATASTRO", "MAP_NAME": "1016_2026.dwg", "ccpp1": "1016 576" }, "geometry": { "type": "MultiPolygon", "coordinates": [ [ [ [ -68.891924372304445, -32.987862325066835, 0.0 ], [ -68.892340583855955, -32.988288366838944, 0.0 ], [ -68.89252718189401, -32.988283929025258, 0.0 ], [ -68.892493163554363, -32.988191658074832, 0.0 ], [ -68.892474373263795, -32.988158550310146, 0.0 ], [ -68.892376799413398, -32.988068749279826, 0.0 ], [ -68.892286264481768, -32.987909525030148, 0.0 ], [ -68.892272275980673, -32.987887061177524, 0.0 ], [ -68.89224514101079, -32.987853585506123, 0.0 ], [ -68.89213926030493, -32.987732669222197, 0.0 ], [ -68.892138132977493, -32.987691912396542, 0.0 ], [ -68.892091841143696, -32.987663108867942, 0.0 ], [ -68.89209296910775, -32.987703324687828, 0.0 ], [ -68.892059860572928, -32.987743150245635, 0.0 ], [ -68.891924372304445, -32.987862325066835, 0.0 ] ] ] ] } },
{ "type": "Feature", "properties": { "LAYER": "PARCELARIO_BASE_CATASTRO", "MAP_NAME": "1016_2026.dwg", "ccpp1": "1016 589" }, "geometry": { "type": "MultiPolygon", "coordinates": [ [ [ [ -68.893263649998431, -32.988783029086967, 0.0 ], [ -68.892931594314589, -32.988939172405956, 0.0 ], [ -68.893480101078026, -32.989549770017774, 0.0 ], [ -68.893772839470842, -32.989544519170344, 0.0 ], [ -68.893385591917252, -32.989108633603294, 0.0 ], [ -68.893290682637854, -32.988936782878348, 0.0 ], [ -68.893263649998431, -32.988783029086967, 0.0 ] ] ] ] } },
{ "type": "Feature", "properties": { "LAYER": "PARCELARIO_BASE_CATASTRO", "MAP_NAME": "1016_2026.dwg", "ccpp1": "1016 155" }, "geometry": { "type": "MultiPolygon", "coordinates": [ [ [ [ -68.888993934210234, -32.984880330621003, 0.0 ], [ -68.889166438185299, -32.985040330708557, 0.0 ], [ -68.889885804303063, -32.984796701513446, 0.0 ], [ -68.889837636160564, -32.984564491229889, 0.0 ], [ -68.889466438903668, -32.984691916635896, 0.0 ], [ -68.888993934210234, -32.984880330621003, 0.0 ] ] ] ] } },
{ "type": "Feature", "properties": { "LAYER": "PARCELARIO_BASE_CATASTRO", "MAP_NAME": "1016_2026.dwg", "ccpp1": "1016 588" }, "geometry": { "type": "MultiPolygon", "coordinates": [ [ [ [ -68.889413247039698, -32.984450039351643, 0.0 ], [ -68.889503740719618, -32.984635414403655, 0.0 ], [ -68.889829872617426, -32.984527064720176, 0.0 ], [ -68.88982773711318, -32.984516769273533, 0.0 ], [ -68.889819973466345, -32.984479432930726, 0.0 ], [ -68.88980263828951, -32.984396012365259, 0.0 ], [ -68.889739747736826, -32.984322539474476, 0.0 ], [ -68.889413247039698, -32.984450039351643, 0.0 ] ] ] ] } },
{ "type": "Feature", "properties": { "LAYER": "PARCELARIO_BASE_CATASTRO", "MAP_NAME": "1016_2026.dwg", "ccpp1": "1016 2891" }, "geometry": { "type": "MultiPolygon", "coordinates": [ [ [ [ -68.883297134041953, -32.982352283011238, 0.0 ], [ -68.883244713241268, -32.98235205187212, 0.0 ], [ -68.882977028705056, -32.982364061439142, 0.0 ], [ -68.883035804920667, -32.982492066527541, 0.0 ], [ -68.883043226010727, -32.982704963440568, 0.0 ], [ -68.883125306031317, -32.982686738012241, 0.0 ], [ -68.883305196454813, -32.98264660210608, 0.0 ], [ -68.883297134041953, -32.982352283011238, 0.0 ] ] ] ] } },
{ "type": "Feature", "properties": { "LAYER": "PARCELARIO_BASE_CATASTRO", "MAP_NAME": "1016_2026.dwg", "ccpp1": "1016 2888" }, "geometry": { "type": "MultiPolygon", "coordinates": [ [ [ [ -68.884256551449212, -32.982349313141881, 0.0 ], [ -68.883941061305507, -32.982350638844444, 0.0 ], [ -68.883936216270314, -32.982617806275464, 0.0 ], [ -68.884252878886443, -32.982619726815095, 0.0 ], [ -68.884256551449212, -32.982349313141881, 0.0 ] ] ] ] } },
{ "type": "Feature", "properties": { "LAYER": "PARCELARIO_BASE_CATASTRO", "MAP_NAME": "1016_2026.dwg", "ccpp1": "1016 2887" }, "geometry": { "type": "MultiPolygon", "coordinates": [ [ [ [ -68.884387603971561, -32.982348264160215, 0.0 ], [ -68.884280729692719, -32.982349425717082, 0.0 ], [ -68.884274738594385, -32.982349420165249, 0.0 ], [ -68.884256551449212, -32.982349313141881, 0.0 ], [ -68.884252878886443, -32.982619726815095, 0.0 ], [ -68.884572537701885, -32.982623635719619, 0.0 ], [ -68.88458198428161, -32.982353227372649, 0.0 ], [ -68.884479715342991, -32.982349704626351, 0.0 ], [ -68.884463667511397, -32.982349057703217, 0.0 ], [ -68.884456073076748, -32.982348780173012, 0.0 ], [ -68.884432109976814, -32.982347765250381, 0.0 ], [ -68.884387603971561, -32.982348264160215, 0.0 ] ] ] ] } },
{ "type": "Feature", "properties": { "LAYER": "PARCELARIO_BASE_CATASTRO", "MAP_NAME": "1016_2026.dwg", "ccpp1": "1016 2886" }, "geometry": { "type": "MultiPolygon", "coordinates": [ [ [ [ -68.88470843255989, -32.982357674039541, 0.0 ], [ -68.88458198428161, -32.982353227372649, 0.0 ], [ -68.884572537701885, -32.982623635719619, 0.0 ], [ -68.884893046639462, -32.982629527381157, 0.0 ], [ -68.88490558989659, -32.982364531935993, 0.0 ], [ -68.884765878203297, -32.982359710755432, 0.0 ], [ -68.88470843255989, -32.982357674039541, 0.0 ] ] ] ] } },
{ "type": "Feature", "properties": { "LAYER": "PARCELARIO_BASE_CATASTRO", "MAP_NAME": "1016_2026.dwg", "ccpp1": "1016 2885" }, "geometry": { "type": "MultiPolygon", "coordinates": [ [ [ [ -68.88490558989659, -32.982364531935993, 0.0 ], [ -68.884893046639462, -32.982629527381157, 0.0 ], [ -68.885219757109098, -32.98263903243884, 0.0 ], [ -68.885231331949157, -32.982375927792198, 0.0 ], [ -68.885000583126256, -32.982367868199546, 0.0 ], [ -68.88490558989659, -32.982364531935993, 0.0 ] ] ] ] } },
{ "type": "Feature", "properties": { "LAYER": "PARCELARIO_BASE_CATASTRO", "MAP_NAME": "1016_2026.dwg", "ccpp1": "1016 2884" }, "geometry": { "type": "MultiPolygon", "coordinates": [ [ [ [ -68.885365909653274, -32.982380652669768, 0.0 ], [ -68.885231331949157, -32.982375927792198, 0.0 ], [ -68.885219757109098, -32.98263903243884, 0.0 ], [ -68.885545395599394, -32.982650247947397, 0.0 ], [ -68.885559751660139, -32.982387508293471, 0.0 ], [ -68.885365909653274, -32.982380652669768, 0.0 ] ] ] ] } },
{ "type": "Feature", "properties": { "LAYER": "PARCELARIO_BASE_CATASTRO", "MAP_NAME": "1016_2026.dwg", "ccpp1": "1016 2883" }, "geometry": { "type": "MultiPolygon", "coordinates": [ [ [ [ -68.885616555555004, -32.982389454763755, 0.0 ], [ -68.885559751660139, -32.982387508293471, 0.0 ], [ -68.885545395599394, -32.982650247947397, 0.0 ], [ -68.885878204647767, -32.982658673955775, 0.0 ], [ -68.885890737053302, -32.982398998304333, 0.0 ], [ -68.885873940197044, -32.982398441947517, 0.0 ], [ -68.885616555555004, -32.982389454763755, 0.0 ] ] ] ] } },
{ "type": "Feature", "properties": { "LAYER": "PARCELARIO_BASE_CATASTRO", "MAP_NAME": "1016_2026.dwg", "ccpp1": "1016 2882" }, "geometry": { "type": "MultiPolygon", "coordinates": [ [ [ [ -68.886304307140733, -32.982413540900055, 0.0 ], [ -68.885890737053302, -32.982398998304333, 0.0 ], [ -68.885878204647767, -32.982658673955775, 0.0 ], [ -68.886133558090862, -32.982667118643207, 0.0 ], [ -68.88618240965279, -32.982614325701896, 0.0 ], [ -68.88626156875722, -32.982619087456477, 0.0 ], [ -68.886323352370539, -32.982660713811299, 0.0 ], [ -68.886449490568211, -32.98257183287388, 0.0 ], [ -68.886304307140733, -32.982413540900055, 0.0 ] ] ] ] } },
{ "type": "Feature", "properties": { "LAYER": "PARCELARIO_BASE_CATASTRO", "MAP_NAME": "1016_2026.dwg", "ccpp1": "1016 2881" }, "geometry": { "type": "MultiPolygon", "coordinates": [ [ [ [ -68.886323352370539, -32.982660713811299, 0.0 ], [ -68.886340063723807, -32.98272637123862, 0.0 ], [ -68.886322258298733, -32.982761431237734, 0.0 ], [ -68.886404421447793, -32.982760516863415, 0.0 ], [ -68.886697418272291, -32.983080127908821, 0.0 ], [ -68.886910025359796, -32.983084967881751, 0.0 ], [ -68.886820728298986, -32.982976770289198, 0.0 ], [ -68.886449490568211, -32.98257183287388, 0.0 ], [ -68.886323352370539, -32.982660713811299, 0.0 ] ] ] ] } },
{ "type": "Feature", "properties": { "LAYER": "PARCELARIO_BASE_CATASTRO", "MAP_NAME": "1016_2026.dwg", "ccpp1": "1016 945" }, "geometry": { "type": "MultiPolygon", "coordinates": [ [ [ [ -68.886638455850445, -32.991914925793047, 0.0 ], [ -68.886608019272515, -32.991703719880469, 0.0 ], [ -68.886419264301878, -32.991722295096203, 0.0 ], [ -68.886415562288548, -32.991688027983969, 0.0 ], [ -68.885839566991166, -32.991740407700775, 0.0 ], [ -68.885808751252654, -32.991742904218853, 0.0 ], [ -68.885830370915031, -32.991987914263269, 0.0 ], [ -68.885889116049952, -32.991982740039269, 0.0 ], [ -68.886405402819022, -32.991937967343972, 0.0 ], [ -68.886638455850445, -32.991914925793047, 0.0 ] ] ] ] } },
{ "type": "Feature", "properties": { "LAYER": "PARCELARIO_BASE_CATASTRO", "MAP_NAME": "1016_2026.dwg", "ccpp1": "1016 23" }, "geometry": { "type": "MultiPolygon", "coordinates": [ [ [ [ -68.880956771181872, -32.983748585662987, 0.0 ], [ -68.880856549666774, -32.983541079662906, 0.0 ], [ -68.880743112026394, -32.983328531391969, 0.0 ], [ -68.880338124932223, -32.98352596955354, 0.0 ], [ -68.880397269464765, -32.983618178667754, 0.0 ], [ -68.880481831573576, -32.983744678572982, 0.0 ], [ -68.880519626875994, -32.983801521392003, 0.0 ], [ -68.880581122576004, -32.983895085182937, 0.0 ], [ -68.880584432336335, -32.983900137747888, 0.0 ], [ -68.880956771181872, -32.983748585662987, 0.0 ] ] ] ] } },
{ "type": "Feature", "properties": { "LAYER": "PARCELARIO_BASE_CATASTRO", "MAP_NAME": "1016_2026.dwg", "ccpp1": "1016 27" }, "geometry": { "type": "MultiPolygon", "coordinates": [ [ [ [ -68.880338124932223, -32.98352596955354, 0.0 ], [ -68.880318321652894, -32.98353568780265, 0.0 ], [ -68.880307188488302, -32.98354063636431, 0.0 ], [ -68.880282354116915, -32.983551613037008, 0.0 ], [ -68.880147043636299, -32.983611444868068, 0.0 ], [ -68.880116108470389, -32.983625120687712, 0.0 ], [ -68.880385947478601, -32.984239161043412, 0.0 ], [ -68.880431317269355, -32.984233523919244, 0.0 ], [ -68.880551159656974, -32.984218763622017, 0.0 ], [ -68.880661263622244, -32.984205165183717, 0.0 ], [ -68.880664476481329, -32.984202733722178, 0.0 ], [ -68.880708699585213, -32.984174642704907, 0.0 ], [ -68.880711483648724, -32.984172842007467, 0.0 ], [ -68.880751208943494, -32.984147993622621, 0.0 ], [ -68.880715011245016, -32.984095480459459, 0.0 ], [ -68.880711914714368, -32.984090969108919, 0.0 ], [ -68.880700490719377, -32.984074277142938, 0.0 ], [ -68.880685755524041, -32.984052802214336, 0.0 ], [ -68.88066386610781, -32.984021042213726, 0.0 ], [ -68.880584432336335, -32.983900137747888, 0.0 ], [ -68.880581122576004, -32.983895085182937, 0.0 ], [ -68.880519626875994, -32.983801521392003, 0.0 ], [ -68.880481831573576, -32.983744678572982, 0.0 ], [ -68.880397269464765, -32.983618178667754, 0.0 ], [ -68.880338124932223, -32.98352596955354, 0.0 ] ] ] ] } },
{ "type": "Feature", "properties": { "LAYER": "PARCELARIO_BASE_CATASTRO", "MAP_NAME": "1016_2026.dwg", "ccpp1": "1016 59" }, "geometry": { "type": "MultiPolygon", "coordinates": [ [ [ [ -68.887505374722352, -33.004914229904436, 0.0 ], [ -68.887505369534438, -33.004917474128526, 0.0 ], [ -68.88715200233618, -33.004914909117957, 0.0 ], [ -68.887132211078253, -33.004914535965312, 0.0 ], [ -68.887065450850031, -33.005133867680428, 0.0 ], [ -68.887076685026713, -33.005133784068974, 0.0 ], [ -68.88721876159569, -33.005133332731226, 0.0 ], [ -68.887500238605625, -33.005132245922191, 0.0 ], [ -68.887671092765686, -33.005130906603164, 0.0 ], [ -68.888288269646395, -33.005129462315395, 0.0 ], [ -68.888349034298486, -33.005129225436484, 0.0 ], [ -68.888359400900427, -33.004920774525296, 0.0 ], [ -68.888286761246732, -33.004921093655746, 0.0 ], [ -68.888136778722654, -33.004918395884104, 0.0 ], [ -68.887996741354826, -33.004917771692703, 0.0 ], [ -68.887879493616595, -33.004915900058933, 0.0 ], [ -68.887771441784324, -33.004915384587711, 0.0 ], [ -68.887626801874703, -33.004914756745144, 0.0 ], [ -68.887505374722352, -33.004914229904436, 0.0 ] ] ] ] } },
{ "type": "Feature", "properties": { "LAYER": "PARCELARIO_BASE_CATASTRO", "MAP_NAME": "1016_2026.dwg", "ccpp1": "1016 3202" }, "geometry": { "type": "MultiPolygon", "coordinates": [ [ [ [ -68.880366388328767, -32.985208404228445, 0.0 ], [ -68.879629922420335, -32.985272659708009, 0.0 ], [ -68.879679542104569, -32.9853287071629, 0.0 ], [ -68.879739252128999, -32.985399548233374, 0.0 ], [ -68.879942686121453, -32.985359171169613, 0.0 ], [ -68.880063070605232, -32.985341884462443, 0.0 ], [ -68.880160982216537, -32.985327823017762, 0.0 ], [ -68.88031614220894, -32.985305522741719, 0.0 ], [ -68.880370393771699, -32.985297370356101, 0.0 ], [ -68.880433638905814, -32.985285890348777, 0.0 ], [ -68.880376276724661, -32.98522064136165, 0.0 ], [ -68.880366388328767, -32.985208404228445, 0.0 ] ] ] ] } },
{ "type": "Feature", "properties": { "LAYER": "PARCELARIO_BASE_CATASTRO", "MAP_NAME": "1016_2026.dwg", "ccpp1": "1016 306" }, "geometry": { "type": "MultiPolygon", "coordinates": [ [ [ [ -68.892341039776383, -32.985421090763083, 0.0 ], [ -68.892091821261317, -32.985457303459953, 0.0 ], [ -68.89201328034126, -32.985467063859446, 0.0 ], [ -68.891627092261515, -32.985523625205545, 0.0 ], [ -68.891566205205933, -32.985532589133015, 0.0 ], [ -68.891437796822061, -32.985551322641825, 0.0 ], [ -68.891377765741396, -32.985560197053672, 0.0 ], [ -68.89130050662807, -32.985571490972774, 0.0 ], [ -68.891267869929393, -32.985575880783024, 0.0 ], [ -68.891203345769043, -32.985584390527123, 0.0 ], [ -68.891090563217773, -32.985598448563969, 0.0 ], [ -68.890945145290743, -32.985616636542488, 0.0 ], [ -68.890771261972191, -32.985638384528684, 0.0 ], [ -68.890750502656473, -32.985641341907019, 0.0 ], [ -68.890685229928806, -32.985649490056929, 0.0 ], [ -68.890673031418444, -32.985651012230861, 0.0 ], [ -68.890662330293765, -32.985652896386092, 0.0 ], [ -68.890652378417471, -32.98565451069301, 0.0 ], [ -68.890583999684623, -32.985665361105276, 0.0 ], [ -68.890456445248418, -32.985685356702078, 0.0 ], [ -68.890351365251178, -32.985699691331128, 0.0 ], [ -68.890308348953539, -32.985705424293315, 0.0 ], [ -68.890251314994103, -32.985712948278255, 0.0 ], [ -68.890267891555652, -32.985804753707036, 0.0 ], [ -68.89027181932677, -32.985829643482091, 0.0 ], [ -68.890273198571109, -32.985839022149285, 0.0 ], [ -68.890279531524101, -32.985908817620704, 0.0 ], [ -68.890318184039941, -32.986057808843498, 0.0 ], [ -68.890353986360836, -32.98608921869242, 0.0 ], [ -68.890428797392104, -32.986154746207696, 0.0 ], [ -68.890592818677774, -32.986148488108533, 0.0 ], [ -68.890715540492195, -32.986143726509447, 0.0 ], [ -68.890920540437875, -32.986135790647864, 0.0 ], [ -68.890993938088542, -32.986132969371198, 0.0 ], [ -68.891125860261113, -32.986127840301734, 0.0 ], [ -68.891198082077949, -32.986125032306717, 0.0 ], [ -68.891411427481742, -32.986116742239005, 0.0 ], [ -68.891467278221114, -32.986114536598791, 0.0 ], [ -68.891541101365817, -32.986113699062699, 0.0 ], [ -68.891654083058555, -32.986112264290696, 0.0 ], [ -68.891655944636085, -32.986164833754287, 0.0 ], [ -68.891788279104489, -32.986173424280601, 0.0 ], [ -68.891893795521469, -32.98615241640185, 0.0 ], [ -68.891892347908964, -32.986111208447362, 0.0 ], [ -68.891997841828768, -32.986108594699608, 0.0 ], [ -68.892159075852476, -32.9861067503561, 0.0 ], [ -68.89223075921619, -32.986105910564277, 0.0 ], [ -68.892423448274968, -32.986103732351204, 0.0 ], [ -68.892616030336697, -32.986101553748767, 0.0 ], [ -68.892697449751054, -32.986100631893407, 0.0 ], [ -68.892689077302535, -32.986034802176682, 0.0 ], [ -68.892680279640686, -32.985966717897284, 0.0 ], [ -68.892647846367666, -32.985714580733699, 0.0 ], [ -68.892639684147369, -32.98565190706497, 0.0 ], [ -68.892605025106263, -32.985382636073034, 0.0 ], [ -68.892341039776383, -32.985421090763083, 0.0 ] ] ] ] } },
{ "type": "Feature", "properties": { "LAYER": "PARCELARIO_BASE_CATASTRO", "MAP_NAME": "1016_2026.dwg", "ccpp1": "1016 2906" }, "geometry": { "type": "MultiPolygon", "coordinates": [ [ [ [ -68.886056325005882, -32.987794718449898, 0.0 ], [ -68.885335534049545, -32.987892862712116, 0.0 ], [ -68.885422086272925, -32.987975720712924, 0.0 ], [ -68.885440463490681, -32.987994403211012, 0.0 ], [ -68.885522095288437, -32.988077345893181, 0.0 ], [ -68.885604802744851, -32.988073004371273, 0.0 ], [ -68.885872396635335, -32.988058921573298, 0.0 ], [ -68.886103611264005, -32.988046607478339, 0.0 ], [ -68.886056325005882, -32.987794718449898, 0.0 ] ] ] ] } },
{ "type": "Feature", "properties": { "LAYER": "PARCELARIO_BASE_CATASTRO", "MAP_NAME": "1016_2026.dwg", "ccpp1": "1016 2918" }, "geometry": { "type": "MultiPolygon", "coordinates": [ [ [ [ -68.883540624583063, -32.982757913216389, 0.0 ], [ -68.883356477427881, -32.982780732351351, 0.0 ], [ -68.883154331852097, -32.982823280237604, 0.0 ], [ -68.883144702657034, -32.982824533577585, 0.0 ], [ -68.883159486500674, -32.983051413382164, 0.0 ], [ -68.883175642619406, -32.983049535873953, 0.0 ], [ -68.883480583569664, -32.983019528882963, 0.0 ], [ -68.883548093392562, -32.983016077112822, 0.0 ], [ -68.883540624583063, -32.982757913216389, 0.0 ] ] ] ] } },
{ "type": "Feature", "properties": { "LAYER": "PARCELARIO_BASE_CATASTRO", "MAP_NAME": "1016_2026.dwg", "ccpp1": "1016 2917" }, "geometry": { "type": "MultiPolygon", "coordinates": [ [ [ [ -68.883144702657034, -32.982824533577585, 0.0 ], [ -68.882963121583558, -32.98284753486891, 0.0 ], [ -68.882694689129409, -32.982857648699806, 0.0 ], [ -68.88270346820174, -32.983093958982302, 0.0 ], [ -68.882790874856028, -32.983092361225296, 0.0 ], [ -68.883069928268895, -32.983062058630033, 0.0 ], [ -68.883159486500674, -32.983051413382164, 0.0 ], [ -68.883144702657034, -32.982824533577585, 0.0 ] ] ] ] } },
{ "type": "Feature", "properties": { "LAYER": "PARCELARIO_BASE_CATASTRO", "MAP_NAME": "1016_2026.dwg", "ccpp1": "1016 2850" }, "geometry": { "type": "MultiPolygon", "coordinates": [ [ [ [ -68.882694689129409, -32.982857648699806, 0.0 ], [ -68.882486382998835, -32.982865384918142, 0.0 ], [ -68.882141593899533, -32.982966875739869, 0.0 ], [ -68.882210051376006, -32.983102986513124, 0.0 ], [ -68.88270346820174, -32.983093958982302, 0.0 ], [ -68.882694689129409, -32.982857648699806, 0.0 ] ] ] ] } },
{ "type": "Feature", "properties": { "LAYER": "PARCELARIO_BASE_CATASTRO", "MAP_NAME": "1016_2026.dwg", "ccpp1": "1016 2919" }, "geometry": { "type": "MultiPolygon", "coordinates": [ [ [ [ -68.883871432782897, -32.982744612249249, 0.0 ], [ -68.88355988603746, -32.982755497547018, 0.0 ], [ -68.883540624583063, -32.982757913216389, 0.0 ], [ -68.883548093392562, -32.983016077112822, 0.0 ], [ -68.883586396518638, -32.983014129132755, 0.0 ], [ -68.88379726061082, -32.983013156952332, 0.0 ], [ -68.883877066694893, -32.983015034546909, 0.0 ], [ -68.883871432782897, -32.982744612249249, 0.0 ] ] ] ] } },
{ "type": "Feature", "properties": { "LAYER": "PARCELARIO_BASE_CATASTRO", "MAP_NAME": "1016_2026.dwg", "ccpp1": "1016 2952" }, "geometry": { "type": "MultiPolygon", "coordinates": [ [ [ [ -68.884199336503968, -32.98274095567502, 0.0 ], [ -68.88388640916375, -32.982744085168257, 0.0 ], [ -68.883871432782897, -32.982744612249249, 0.0 ], [ -68.883877066694893, -32.983015034546909, 0.0 ], [ -68.884198860477937, -32.983022823613283, 0.0 ], [ -68.884199336503968, -32.98274095567502, 0.0 ] ] ] ] } },
{ "type": "Feature", "properties": { "LAYER": "PARCELARIO_BASE_CATASTRO", "MAP_NAME": "1016_2026.dwg", "ccpp1": "1016 2953" }, "geometry": { "type": "MultiPolygon", "coordinates": [ [ [ [ -68.884516746488032, -32.982746033016461, 0.0 ], [ -68.884285567199711, -32.982740044663309, 0.0 ], [ -68.884199336503968, -32.98274095567502, 0.0 ], [ -68.884198860477937, -32.983022823613283, 0.0 ], [ -68.884222395337162, -32.983023387344403, 0.0 ], [ -68.884516481080851, -32.983030427655557, 0.0 ], [ -68.884516746488032, -32.982746033016461, 0.0 ] ] ] ] } },
{ "type": "Feature", "properties": { "LAYER": "PARCELARIO_BASE_CATASTRO", "MAP_NAME": "1016_2026.dwg", "ccpp1": "1016 2954" }, "geometry": { "type": "MultiPolygon", "coordinates": [ [ [ [ -68.884841104139838, -32.982754363805221, 0.0 ], [ -68.884516746488032, -32.982746033016461, 0.0 ], [ -68.884516481080851, -32.983030427655557, 0.0 ], [ -68.884840841502552, -32.983038249901711, 0.0 ], [ -68.884841104139838, -32.982754363805221, 0.0 ] ] ] ] } },
{ "type": "Feature", "properties": { "LAYER": "PARCELARIO_BASE_CATASTRO", "MAP_NAME": "1016_2026.dwg", "ccpp1": "1016 2717" }, "geometry": { "type": "MultiPolygon", "coordinates": [ [ [ [ -68.883936216270314, -32.982617806275464, 0.0 ], [ -68.883612379215506, -32.982619210851119, 0.0 ], [ -68.883587879710404, -32.982619278182717, 0.0 ], [ -68.883363626096113, -32.982633493085153, 0.0 ], [ -68.883305196454813, -32.98264660210608, 0.0 ], [ -68.883125306031317, -32.982686738012241, 0.0 ], [ -68.883043226010727, -32.982704963440568, 0.0 ], [ -68.882426980736582, -32.982724212677184, 0.0 ], [ -68.882040972989842, -32.982766246486868, 0.0 ], [ -68.882053736083918, -32.98279211417961, 0.0 ], [ -68.882075609641916, -32.982835145813752, 0.0 ], [ -68.88207987596455, -32.982844166629604, 0.0 ], [ -68.882141593899533, -32.982966875739869, 0.0 ], [ -68.882486382998835, -32.982865384918142, 0.0 ], [ -68.882694689129409, -32.982857648699806, 0.0 ], [ -68.882963121583558, -32.98284753486891, 0.0 ], [ -68.883144702657034, -32.982824533577585, 0.0 ], [ -68.883154331852097, -32.982823280237604, 0.0 ], [ -68.883356477427881, -32.982780732351351, 0.0 ], [ -68.883540624583063, -32.982757913216389, 0.0 ], [ -68.88355988603746, -32.982755497547018, 0.0 ], [ -68.883871432782897, -32.982744612249249, 0.0 ], [ -68.88388640916375, -32.982744085168257, 0.0 ], [ -68.884199336503968, -32.98274095567502, 0.0 ], [ -68.884285567199711, -32.982740044663309, 0.0 ], [ -68.884516746488032, -32.982746033016461, 0.0 ], [ -68.884841104139838, -32.982754363805221, 0.0 ], [ -68.885168993410261, -32.982762696999124, 0.0 ], [ -68.885499985060108, -32.982771212512496, 0.0 ], [ -68.885845738020492, -32.982780103118159, 0.0 ], [ -68.886148485887631, -32.982787778678485, 0.0 ], [ -68.886199047936913, -32.982818573815578, 0.0 ], [ -68.886236063608877, -32.98281851827636, 0.0 ], [ -68.886308744402825, -32.982787838123308, 0.0 ], [ -68.886322258298733, -32.982761431237734, 0.0 ], [ -68.886340063723807, -32.98272637123862, 0.0 ], [ -68.886323352370539, -32.982660713811299, 0.0 ], [ -68.88626156875722, -32.982619087456477, 0.0 ], [ -68.88618240965279, -32.982614325701896, 0.0 ], [ -68.886133558090862, -32.982667118643207, 0.0 ], [ -68.885878204647767, -32.982658673955775, 0.0 ], [ -68.885545395599394, -32.982650247947397, 0.0 ], [ -68.885219757109098, -32.98263903243884, 0.0 ], [ -68.884893046639462, -32.982629527381157, 0.0 ], [ -68.884572537701885, -32.982623635719619, 0.0 ], [ -68.884252878886443, -32.982619726815095, 0.0 ], [ -68.883936216270314, -32.982617806275464, 0.0 ] ] ] ] } },
{ "type": "Feature", "properties": { "LAYER": "PARCELARIO_BASE_CATASTRO", "MAP_NAME": "1016_2026.dwg", "ccpp1": "1016 2920" }, "geometry": { "type": "MultiPolygon", "coordinates": [ [ [ [ -68.885168993410261, -32.982762696999124, 0.0 ], [ -68.884841104139838, -32.982754363805221, 0.0 ], [ -68.884840841502552, -32.983038249901711, 0.0 ], [ -68.884870582363916, -32.983038966207189, 0.0 ], [ -68.885108609614264, -32.983044869610794, 0.0 ], [ -68.885168624403804, -32.983046091584519, 0.0 ], [ -68.885168993410261, -32.982762696999124, 0.0 ] ] ] ] } },
{ "type": "Feature", "properties": { "LAYER": "PARCELARIO_BASE_CATASTRO", "MAP_NAME": "1016_2026.dwg", "ccpp1": "1016 2949" }, "geometry": { "type": "MultiPolygon", "coordinates": [ [ [ [ -68.885499985060108, -32.982771212512496, 0.0 ], [ -68.885168993410261, -32.982762696999124, 0.0 ], [ -68.885168624403804, -32.983046091584519, 0.0 ], [ -68.88549961833985, -32.983052826286468, 0.0 ], [ -68.885499985060108, -32.982771212512496, 0.0 ] ] ] ] } },
{ "type": "Feature", "properties": { "LAYER": "PARCELARIO_BASE_CATASTRO", "MAP_NAME": "1016_2026.dwg", "ccpp1": "1016 2950" }, "geometry": { "type": "MultiPolygon", "coordinates": [ [ [ [ -68.885845738020492, -32.982780103118159, 0.0 ], [ -68.885499985060108, -32.982771212512496, 0.0 ], [ -68.88549961833985, -32.983052826286468, 0.0 ], [ -68.885670785379205, -32.983056307602858, 0.0 ], [ -68.885845481904084, -32.983060588995123, 0.0 ], [ -68.885845738020492, -32.982780103118159, 0.0 ] ] ] ] } },
{ "type": "Feature", "properties": { "LAYER": "PARCELARIO_BASE_CATASTRO", "MAP_NAME": "1016_2026.dwg", "ccpp1": "1016 2951" }, "geometry": { "type": "MultiPolygon", "coordinates": [ [ [ [ -68.886236063608877, -32.98281851827636, 0.0 ], [ -68.886199047936913, -32.982818573815578, 0.0 ], [ -68.886148485887631, -32.982787778678485, 0.0 ], [ -68.885845738020492, -32.982780103118159, 0.0 ], [ -68.885845481904084, -32.983060588995123, 0.0 ], [ -68.886099340500365, -32.983066807945512, 0.0 ], [ -68.886219801063021, -32.98306942803363, 0.0 ], [ -68.886236063608877, -32.98281851827636, 0.0 ] ] ] ] } },
{ "type": "Feature", "properties": { "LAYER": "PARCELARIO_BASE_CATASTRO", "MAP_NAME": "1016_2026.dwg", "ccpp1": "1016 2946" }, "geometry": { "type": "MultiPolygon", "coordinates": [ [ [ [ -68.889288395622444, -32.997314564926477, 0.0 ], [ -68.889301781056503, -32.997374973806544, 0.0 ], [ -68.889306171364652, -32.997392105949864, 0.0 ], [ -68.889373638558723, -32.997651787320926, 0.0 ], [ -68.889640250450668, -32.997612957233187, 0.0 ], [ -68.889575670093677, -32.997367341106973, 0.0 ], [ -68.889572993706835, -32.997357243567329, 0.0 ], [ -68.889520800346702, -32.997345105907563, 0.0 ], [ -68.889406787143088, -32.997317036756819, 0.0 ], [ -68.889311590679256, -32.997275827820772, 0.0 ], [ -68.889280363526765, -32.997276424993615, 0.0 ], [ -68.889288395622444, -32.997314564926477, 0.0 ] ] ] ] } },
{ "type": "Feature", "properties": { "LAYER": "PARCELARIO_BASE_CATASTRO", "MAP_NAME": "1016_2026.dwg", "ccpp1": "1016 2935" }, "geometry": { "type": "MultiPolygon", "coordinates": [ [ [ [ -68.889371636414637, -32.989713325343452, 0.0 ], [ -68.88887839226355, -32.989727288055505, 0.0 ], [ -68.888885102012168, -32.989764914775684, 0.0 ], [ -68.889106978062728, -32.989758040853893, 0.0 ], [ -68.889116429057665, -32.989808970450433, 0.0 ], [ -68.889163488980273, -32.989802804733486, 0.0 ], [ -68.88920464775201, -32.990074440404285, 0.0 ], [ -68.889402643588227, -32.990067995309801, 0.0 ], [ -68.889398361288642, -32.989985123722917, 0.0 ], [ -68.889373643799502, -32.989732893530508, 0.0 ], [ -68.889371636414637, -32.989713325343452, 0.0 ] ] ] ] } },
{ "type": "Feature", "properties": { "LAYER": "PARCELARIO_BASE_CATASTRO", "MAP_NAME": "1016_2026.dwg", "ccpp1": "1016 3453" }, "geometry": { "type": "MultiPolygon", "coordinates": [ [ [ [ -68.88596305640813, -32.985010972211953, 0.0 ], [ -68.885685953082387, -32.985093947374182, 0.0 ], [ -68.885347030072964, -32.985195431423243, 0.0 ], [ -68.885427943796444, -32.985274792055748, 0.0 ], [ -68.885678122169779, -32.985520160882167, 0.0 ], [ -68.885966923590729, -32.985280076261468, 0.0 ], [ -68.886019285849571, -32.985326383776638, 0.0 ], [ -68.886041552196716, -32.985315493790146, 0.0 ], [ -68.886190139910525, -32.985242865657959, 0.0 ], [ -68.886026982906799, -32.985072987605953, 0.0 ], [ -68.886023676648477, -32.985074092751049, 0.0 ], [ -68.88596305640813, -32.985010972211953, 0.0 ] ] ] ] } },
{ "type": "Feature", "properties": { "LAYER": "PARCELARIO_BASE_CATASTRO", "MAP_NAME": "1016_2026.dwg", "ccpp1": "1016 3108" }, "geometry": { "type": "MultiPolygon", "coordinates": [ [ [ [ -68.885931642925058, -32.985309405673583, 0.0 ], [ -68.885713312118682, -32.9854906550121, 0.0 ], [ -68.88567812217093, -32.985520159980481, 0.0 ], [ -68.885710704797233, -32.985552118237202, 0.0 ], [ -68.885986441559709, -32.98582255551505, 0.0 ], [ -68.88605913509771, -32.985783940767526, 0.0 ], [ -68.886317572621735, -32.985646133867597, 0.0 ], [ -68.886287971458927, -32.985620046607259, 0.0 ], [ -68.886418323957315, -32.985501865940627, 0.0 ], [ -68.886733013141409, -32.985379981570802, 0.0 ], [ -68.886704167570954, -32.985349476869125, 0.0 ], [ -68.886664210413642, -32.985307150990579, 0.0 ], [ -68.886363541564236, -32.985423637877844, 0.0 ], [ -68.886194199761405, -32.985247288484011, 0.0 ], [ -68.886190139910525, -32.985242865657959, 0.0 ], [ -68.886041552196716, -32.985315493790146, 0.0 ], [ -68.886019285849571, -32.985326383776638, 0.0 ], [ -68.885966923590729, -32.985280076261468, 0.0 ], [ -68.885931642925058, -32.985309405673583, 0.0 ] ] ] ] } },
{ "type": "Feature", "properties": { "LAYER": "PARCELARIO_BASE_CATASTRO", "MAP_NAME": "1016_2026.dwg", "ccpp1": "1016 3755" }, "geometry": { "type": "MultiPolygon", "coordinates": [ [ [ [ -68.890699439470751, -33.002247609200943, 0.0 ], [ -68.890294437305741, -33.00226164109629, 0.0 ], [ -68.890331086721204, -33.002587517359459, 0.0 ], [ -68.890356851408242, -33.002817415060392, 0.0 ], [ -68.890378675624376, -33.003012267457009, 0.0 ], [ -68.890403401852325, -33.003236683835105, 0.0 ], [ -68.890894867600679, -33.003228761205747, 0.0 ], [ -68.890869943399593, -33.003002471969246, 0.0 ], [ -68.890784357615118, -33.003004223918687, 0.0 ], [ -68.890771890590983, -33.002893464666535, 0.0 ], [ -68.890729303311005, -33.002896860979234, 0.0 ], [ -68.890717268042152, -33.002789227306543, 0.0 ], [ -68.890759870244267, -33.002785837322605, 0.0 ], [ -68.890699439470751, -33.002247609200943, 0.0 ] ] ] ] } },
{ "type": "Feature", "properties": { "LAYER": "PARCELARIO_BASE_CATASTRO", "MAP_NAME": "1016_2026.dwg", "ccpp1": "1016 3330" }, "geometry": { "type": "MultiPolygon", "coordinates": [ [ [ [ -68.888510956777566, -33.002970855834761, 0.0 ], [ -68.888502520905845, -33.00288096924762, 0.0 ], [ -68.88845973427479, -33.00288200131542, 0.0 ], [ -68.888421992357593, -33.002479847174641, 0.0 ], [ -68.888516232547886, -33.002475514959535, 0.0 ], [ -68.888500108865088, -33.002327235275111, 0.0 ], [ -68.888018639003619, -33.002348073057092, 0.0 ], [ -68.88800222160566, -33.002421067934165, 0.0 ], [ -68.887924693052099, -33.002763821858586, 0.0 ], [ -68.887649297379596, -33.003264683385311, 0.0 ], [ -68.888465769946876, -33.003266931235899, 0.0 ], [ -68.88843314945052, -33.002988766642183, 0.0 ], [ -68.888432202956366, -33.002980690387098, 0.0 ], [ -68.888510956777566, -33.002970855834761, 0.0 ] ] ] ] } },
{ "type": "Feature", "properties": { "LAYER": "PARCELARIO_BASE_CATASTRO", "MAP_NAME": "1016_2026.dwg", "ccpp1": "1016 2725" }, "geometry": { "type": "MultiPolygon", "coordinates": [ [ [ [ -68.890124002766484, -33.004137092439841, 0.0 ], [ -68.890078063442346, -33.0053448816968, 0.0 ], [ -68.89013655695156, -33.005345045898757, 0.0 ], [ -68.890150795244082, -33.004959672362268, 0.0 ], [ -68.890305210362555, -33.004958871304652, 0.0 ], [ -68.890311203197683, -33.004712280906475, 0.0 ], [ -68.890317680805438, -33.004449220915937, 0.0 ], [ -68.890325107669781, -33.004137639871423, 0.0 ], [ -68.890124002766484, -33.004137092439841, 0.0 ] ] ] ] } },
{ "type": "Feature", "properties": { "LAYER": "PARCELARIO_BASE_CATASTRO", "MAP_NAME": "1016_2026.dwg", "ccpp1": "1016 593" }, "geometry": { "type": "MultiPolygon", "coordinates": [ [ [ [ -68.890305210362555, -33.004958871304652, 0.0 ], [ -68.890150795244082, -33.004959672362268, 0.0 ], [ -68.89013655695156, -33.005345045898757, 0.0 ], [ -68.890295777094309, -33.005345494296343, 0.0 ], [ -68.890305210362555, -33.004958871304652, 0.0 ] ] ] ] } },
{ "type": "Feature", "properties": { "LAYER": "PARCELARIO_BASE_CATASTRO", "MAP_NAME": "1016_2026.dwg", "ccpp1": "1016 2608" }, "geometry": { "type": "MultiPolygon", "coordinates": [ [ [ [ -68.892032612773292, -32.989965244424305, 0.0 ], [ -68.89204662080553, -32.990399031174022, 0.0 ], [ -68.892068768073742, -32.990398512018459, 0.0 ], [ -68.892349524100865, -32.990392198397991, 0.0 ], [ -68.892335411121593, -32.989957382912245, 0.0 ], [ -68.892054756764054, -32.989964691906138, 0.0 ], [ -68.892032612773292, -32.989965244424305, 0.0 ] ] ] ] } },
{ "type": "Feature", "properties": { "LAYER": "PARCELARIO_BASE_CATASTRO", "MAP_NAME": "1016_2026.dwg", "ccpp1": "1016 2958" }, "geometry": { "type": "MultiPolygon", "coordinates": [ [ [ [ -68.889984018484299, -32.994961275667535, 0.0 ], [ -68.890119990654483, -32.995311219047721, 0.0 ], [ -68.89045654014474, -32.995306725074236, 0.0 ], [ -68.890425346494453, -32.995229699893862, 0.0 ], [ -68.890369793015509, -32.995092407765753, 0.0 ], [ -68.890326421642229, -32.99498533429675, 0.0 ], [ -68.890312107041126, -32.994950065246748, 0.0 ], [ -68.890308154882931, -32.994940233494532, 0.0 ], [ -68.889984018484299, -32.994961275667535, 0.0 ] ] ] ] } },
{ "type": "Feature", "properties": { "LAYER": "PARCELARIO_BASE_CATASTRO", "MAP_NAME": "1016_2026.dwg", "ccpp1": "1016 3180" }, "geometry": { "type": "MultiPolygon", "coordinates": [ [ [ [ -68.886026981840402, -32.985072984899929, 0.0 ], [ -68.886190139910525, -32.985242865657959, 0.0 ], [ -68.886194199761405, -32.985247288484011, 0.0 ], [ -68.886363541564236, -32.985423637877844, 0.0 ], [ -68.886664210413642, -32.985307150990579, 0.0 ], [ -68.886627565066235, -32.985268613351849, 0.0 ], [ -68.886598504522425, -32.985238109331817, 0.0 ], [ -68.886337704041395, -32.984968618410164, 0.0 ], [ -68.886285309073926, -32.984914478115265, 0.0 ], [ -68.88596305640813, -32.985010972211953, 0.0 ], [ -68.886023676648477, -32.985074092751049, 0.0 ], [ -68.886026981840402, -32.985072984899929, 0.0 ] ] ] ] } },
{ "type": "Feature", "properties": { "LAYER": "PARCELARIO_BASE_CATASTRO", "MAP_NAME": "1016_2026.dwg", "ccpp1": "1016 2931" }, "geometry": { "type": "MultiPolygon", "coordinates": [ [ [ [ -68.888456679817466, -32.994793133686585, 0.0 ], [ -68.888507742646524, -32.994905712199085, 0.0 ], [ -68.888542675724707, -32.994987436230986, 0.0 ], [ -68.888610192451864, -32.995146556821801, 0.0 ], [ -68.88867771190138, -32.995305405970001, 0.0 ], [ -68.888686041485983, -32.995330391652729, 0.0 ], [ -68.889180456830132, -32.995323776753544, 0.0 ], [ -68.889036260446488, -32.994984676729679, 0.0 ], [ -68.888958919182556, -32.994802734295511, 0.0 ], [ -68.888707907498556, -32.994797978972848, 0.0 ], [ -68.888456679817466, -32.994793133686585, 0.0 ] ] ] ] } },
{ "type": "Feature", "properties": { "LAYER": "PARCELARIO_BASE_CATASTRO", "MAP_NAME": "1016_2026.dwg", "ccpp1": "1016 2993" }, "geometry": { "type": "MultiPolygon", "coordinates": [ [ [ [ -68.889515990839953, -33.012974317012009, 0.0 ], [ -68.889491366802815, -33.013077801128134, 0.0 ], [ -68.889753028357774, -33.013123180257097, 0.0 ], [ -68.889777974286716, -33.013018794699541, 0.0 ], [ -68.889515990839953, -33.012974317012009, 0.0 ] ] ] ] } },
{ "type": "Feature", "properties": { "LAYER": "PARCELARIO_BASE_CATASTRO", "MAP_NAME": "1016_2026.dwg", "ccpp1": "1016 2993" }, "geometry": { "type": "MultiPolygon", "coordinates": [ [ [ [ -68.889515990839953, -33.012974317012009, 0.0 ], [ -68.889491366802815, -33.013077801128134, 0.0 ], [ -68.889753028357774, -33.013123180257097, 0.0 ], [ -68.889777974286716, -33.013018794699541, 0.0 ], [ -68.889515990839953, -33.012974317012009, 0.0 ] ] ] ] } },
{ "type": "Feature", "properties": { "LAYER": "PARCELARIO_BASE_CATASTRO", "MAP_NAME": "1016_2026.dwg", "ccpp1": "1016 2968" }, "geometry": { "type": "MultiPolygon", "coordinates": [ [ [ [ -68.893165401601465, -32.998720894788477, 0.0 ], [ -68.892562471095587, -32.998740738146857, 0.0 ], [ -68.892732426171563, -32.999267920520538, 0.0 ], [ -68.892742051643125, -32.999267572628185, 0.0 ], [ -68.893169405982562, -32.999252518576476, 0.0 ], [ -68.893463681597353, -32.999242246575591, 0.0 ], [ -68.89349030755163, -32.999241319828506, 0.0 ], [ -68.893384472765561, -32.99897764687833, 0.0 ], [ -68.893270011529594, -32.998981998722186, 0.0 ], [ -68.893165401601465, -32.998720894788477, 0.0 ] ] ] ] } },
{ "type": "Feature", "properties": { "LAYER": "PARCELARIO_BASE_CATASTRO", "MAP_NAME": "1016_2026.dwg", "ccpp1": "1016 1212" }, "geometry": { "type": "MultiPolygon", "coordinates": [ [ [ [ -68.883627356620153, -32.989288787776253, 0.0 ], [ -68.882985130276978, -32.989340832935866, 0.0 ], [ -68.883081678588155, -32.989519024574705, 0.0 ], [ -68.883706107366578, -32.989446207527756, 0.0 ], [ -68.883640267778247, -32.989314587793771, 0.0 ], [ -68.883627356620153, -32.989288787776253, 0.0 ] ] ] ] } },
{ "type": "Feature", "properties": { "LAYER": "PARCELARIO_BASE_CATASTRO", "MAP_NAME": "1016_2026.dwg", "ccpp1": "1016 352" }, "geometry": { "type": "MultiPolygon", "coordinates": [ [ [ [ -68.889228746499469, -33.004915692577768, 0.0 ], [ -68.889231733389536, -33.0048761414238, 0.0 ], [ -68.889234479338782, -33.00484785198428, 0.0 ], [ -68.889027524094658, -33.004845202099148, 0.0 ], [ -68.888984595467448, -33.005341579620747, 0.0 ], [ -68.889192606333651, -33.005342199040271, 0.0 ], [ -68.88920260013461, -33.005236078893923, 0.0 ], [ -68.889228746499469, -33.004915692577768, 0.0 ] ] ] ] } },
{ "type": "Feature", "properties": { "LAYER": "PARCELARIO_BASE_CATASTRO", "MAP_NAME": "1016_2026.dwg", "ccpp1": "1016 549" }, "geometry": { "type": "MultiPolygon", "coordinates": [ [ [ [ -68.885683095160246, -32.99073175803899, 0.0 ], [ -68.885629440879242, -32.990735423826116, 0.0 ], [ -68.885618553392263, -32.990736167682059, 0.0 ], [ -68.885153338479597, -32.990767951242027, 0.0 ], [ -68.885188388162476, -32.990967530137219, 0.0 ], [ -68.885243150584387, -32.991231686346154, 0.0 ], [ -68.885379578568958, -32.991217571465938, 0.0 ], [ -68.885445069512883, -32.991209698609332, 0.0 ], [ -68.885654586655733, -32.991184740165004, 0.0 ], [ -68.885692683435096, -32.991178735611214, 0.0 ], [ -68.885794559361869, -32.991163051280679, 0.0 ], [ -68.885683095160246, -32.99073175803899, 0.0 ] ] ] ] } },
{ "type": "Feature", "properties": { "LAYER": "PARCELARIO_BASE_CATASTRO", "MAP_NAME": "1016_2026.dwg", "ccpp1": "1016 810" }, "geometry": { "type": "MultiPolygon", "coordinates": [ [ [ [ -68.892366903851709, -33.00088898231219, 0.0 ], [ -68.892164443813471, -33.000896594472735, 0.0 ], [ -68.892262965077407, -33.001402457664639, 0.0 ], [ -68.892474027957604, -33.001394457822109, 0.0 ], [ -68.892366903851709, -33.00088898231219, 0.0 ] ] ] ] } },
{ "type": "Feature", "properties": { "LAYER": "PARCELARIO_BASE_CATASTRO", "MAP_NAME": "1016_2026.dwg", "ccpp1": "1016 903" }, "geometry": { "type": "MultiPolygon", "coordinates": [ [ [ [ -68.885153338479597, -32.990767951242027, 0.0 ], [ -68.88487539531485, -32.990782806381489, 0.0 ], [ -68.884651984855211, -32.99079684976374, 0.0 ], [ -68.884618897810114, -32.990798713375995, 0.0 ], [ -68.884647048385659, -32.991290269072024, 0.0 ], [ -68.884665126177666, -32.991288663654046, 0.0 ], [ -68.884822300707214, -32.991273666867556, 0.0 ], [ -68.884902445379495, -32.991266077413776, 0.0 ], [ -68.884939256103451, -32.991262595699986, 0.0 ], [ -68.884986978588103, -32.991257952747837, 0.0 ], [ -68.885039734079086, -32.99125250199998, 0.0 ], [ -68.885096445503493, -32.99124678617045, 0.0 ], [ -68.885243150584387, -32.991231686346154, 0.0 ], [ -68.885188388162476, -32.990967530137219, 0.0 ], [ -68.885153338479597, -32.990767951242027, 0.0 ] ] ] ] } },
{ "type": "Feature", "properties": { "LAYER": "PARCELARIO_BASE_CATASTRO", "MAP_NAME": "1016_2026.dwg", "ccpp1": "1016 681" }, "geometry": { "type": "MultiPolygon", "coordinates": [ [ [ [ -68.892379290653935, -32.991883153346528, 0.0 ], [ -68.891982352628773, -32.991839742855895, 0.0 ], [ -68.8920506904972, -32.99228634511941, 0.0 ], [ -68.892274507549729, -32.992269980019017, 0.0 ], [ -68.892275278541035, -32.992251855163474, 0.0 ], [ -68.892307309279147, -32.992216270140538, 0.0 ], [ -68.892426529565682, -32.992176534997725, 0.0 ], [ -68.892422601744187, -32.992152724622628, 0.0 ], [ -68.892380141472898, -32.991887392865955, 0.0 ], [ -68.892379290653935, -32.991883153346528, 0.0 ] ] ] ] } },
{ "type": "Feature", "properties": { "LAYER": "PARCELARIO_BASE_CATASTRO", "MAP_NAME": "1016_2026.dwg", "ccpp1": "1016 2733" }, "geometry": { "type": "MultiPolygon", "coordinates": [ [ [ [ -68.893865311690917, -33.003038065756037, 0.0 ], [ -68.893302687874581, -33.003007303371739, 0.0 ], [ -68.893306314760437, -33.0030523487913, 0.0 ], [ -68.893845606963595, -33.003081920946499, 0.0 ], [ -68.893856615424994, -33.003057427263272, 0.0 ], [ -68.893865311690917, -33.003038065756037, 0.0 ] ] ] ] } },
{ "type": "Feature", "properties": { "LAYER": "PARCELARIO_BASE_CATASTRO", "MAP_NAME": "1016_2026.dwg", "ccpp1": "1016 2984" }, "geometry": { "type": "MultiPolygon", "coordinates": [ [ [ [ -68.885872396635335, -32.988058921573298, 0.0 ], [ -68.885907355422376, -32.988491767967069, 0.0 ], [ -68.885937422905926, -32.98849035365361, 0.0 ], [ -68.886012974192525, -32.98847509592337, 0.0 ], [ -68.886054702880372, -32.98847351279241, 0.0 ], [ -68.886054281982098, -32.988468012172817, 0.0 ], [ -68.886103267086895, -32.988477886957178, 0.0 ], [ -68.886138468528927, -32.988477736020585, 0.0 ], [ -68.886103611264005, -32.988046607478339, 0.0 ], [ -68.885872396635335, -32.988058921573298, 0.0 ] ] ] ] } },
{ "type": "Feature", "properties": { "LAYER": "PARCELARIO_BASE_CATASTRO", "MAP_NAME": "1016_2026.dwg", "ccpp1": "1016 3021" }, "geometry": { "type": "MultiPolygon", "coordinates": [ [ [ [ -68.892725313153733, -32.989947985543587, 0.0 ], [ -68.89273974512588, -32.990383484871082, 0.0 ], [ -68.892815700884285, -32.990381848630008, 0.0 ], [ -68.892809929969488, -32.990290406337031, 0.0 ], [ -68.892806261723337, -32.990231520022327, 0.0 ], [ -68.892791887731917, -32.990005350659551, 0.0 ], [ -68.892788108289565, -32.989946420063966, 0.0 ], [ -68.892725313153733, -32.989947985543587, 0.0 ] ] ] ] } },
{ "type": "Feature", "properties": { "LAYER": "PARCELARIO_BASE_CATASTRO", "MAP_NAME": "1016_2026.dwg", "ccpp1": "1016 3013" }, "geometry": { "type": "MultiPolygon", "coordinates": [ [ [ [ -68.890258365380788, -33.001683019197209, 0.0 ], [ -68.890060373391435, -33.001692945570532, 0.0 ], [ -68.890069880842915, -33.001742251279516, 0.0 ], [ -68.889672294257892, -33.001758950339457, 0.0 ], [ -68.889764443716075, -33.002237363669948, 0.0 ], [ -68.890360812408318, -33.002212216329049, 0.0 ], [ -68.890296713780089, -33.00189384853897, 0.0 ], [ -68.890274282172783, -33.001769910580741, 0.0 ], [ -68.890258365380788, -33.001683019197209, 0.0 ] ] ] ] } },
{ "type": "Feature", "properties": { "LAYER": "PARCELARIO_BASE_CATASTRO", "MAP_NAME": "1016_2026.dwg", "ccpp1": "1016 3024" }, "geometry": { "type": "MultiPolygon", "coordinates": [ [ [ [ -68.893321710475036, -33.003239677907544, 0.0 ], [ -68.893074662207297, -33.003246130838413, 0.0 ], [ -68.892948073735297, -33.00324945232461, 0.0 ], [ -68.892965127714234, -33.003435612524768, 0.0 ], [ -68.893021189330312, -33.003438813739578, 0.0 ], [ -68.893339579628659, -33.003456920423552, 0.0 ], [ -68.893321710475036, -33.003239677907544, 0.0 ] ] ] ] } },
{ "type": "Feature", "properties": { "LAYER": "PARCELARIO_BASE_CATASTRO", "MAP_NAME": "1016_2026.dwg", "ccpp1": "1016 3023" }, "geometry": { "type": "MultiPolygon", "coordinates": [ [ [ [ -68.893006802109639, -33.002936894333935, 0.0 ], [ -68.893022961179128, -33.003139327215585, 0.0 ], [ -68.893065722326583, -33.003138191672726, 0.0 ], [ -68.893074662207297, -33.003246130838413, 0.0 ], [ -68.893321710475036, -33.003239677907544, 0.0 ], [ -68.893306314760437, -33.0030523487913, 0.0 ], [ -68.893302687874581, -33.003007303371739, 0.0 ], [ -68.893296406196697, -33.002929289508245, 0.0 ], [ -68.893006802109639, -33.002936894333935, 0.0 ] ] ] ] } },
{ "type": "Feature", "properties": { "LAYER": "PARCELARIO_BASE_CATASTRO", "MAP_NAME": "1016_2026.dwg", "ccpp1": "1016 3408" }, "geometry": { "type": "MultiPolygon", "coordinates": [ [ [ [ -68.888045672093298, -33.00354971296526, 0.0 ], [ -68.88849801267213, -33.003541875587224, 0.0 ], [ -68.888465769946876, -33.003266931235899, 0.0 ], [ -68.888036096028202, -33.003265748628479, 0.0 ], [ -68.888045672093298, -33.00354971296526, 0.0 ] ] ] ] } },
{ "type": "Feature", "properties": { "LAYER": "PARCELARIO_BASE_CATASTRO", "MAP_NAME": "1016_2026.dwg", "ccpp1": "1016 3102" }, "geometry": { "type": "MultiPolygon", "coordinates": [ [ [ [ -68.888133611269481, -32.98691715487201, 0.0 ], [ -68.887651559432342, -32.987087566659405, 0.0 ], [ -68.887729573904522, -32.987303334472642, 0.0 ], [ -68.887768440701251, -32.987363784552414, 0.0 ], [ -68.887783284495001, -32.987384086552751, 0.0 ], [ -68.887892100031479, -32.987543068095761, 0.0 ], [ -68.887913458134449, -32.987573837197964, 0.0 ], [ -68.887938767830065, -32.98761019844364, 0.0 ], [ -68.888063487348916, -32.987796877424394, 0.0 ], [ -68.888068077241357, -32.987805358214459, 0.0 ], [ -68.888155513870799, -32.98778190546966, 0.0 ], [ -68.888225294105027, -32.987763305921362, 0.0 ], [ -68.888275377319445, -32.987749827375161, 0.0 ], [ -68.88845614021065, -32.987700313731423, 0.0 ], [ -68.888541226146643, -32.987672530561113, 0.0 ], [ -68.888425056414803, -32.987408493004033, 0.0 ], [ -68.88829117655186, -32.987104314807354, 0.0 ], [ -68.888210365367399, -32.987132914049475, 0.0 ], [ -68.888133611269481, -32.98691715487201, 0.0 ] ] ] ] } },
{ "type": "Feature", "properties": { "LAYER": "PARCELARIO_BASE_CATASTRO", "MAP_NAME": "1016_2026.dwg", "ccpp1": "1016 3014" }, "geometry": { "type": "MultiPolygon", "coordinates": [ [ [ [ -68.889031817305693, -32.99571318253188, 0.0 ], [ -68.888827249734959, -32.995711852608572, 0.0 ], [ -68.888106010156335, -32.995707161051563, 0.0 ], [ -68.888126557039143, -32.995775711329109, 0.0 ], [ -68.888240143021605, -32.995778348571292, 0.0 ], [ -68.888417588007002, -32.995783390764956, 0.0 ], [ -68.888685195627232, -32.995791049542767, 0.0 ], [ -68.888839106218825, -32.995794176631023, 0.0 ], [ -68.888994619290159, -32.995796764849878, 0.0 ], [ -68.889222109668424, -32.995799064203538, 0.0 ], [ -68.889369511439043, -32.99636130568792, 0.0 ], [ -68.890218809901285, -32.996376950162059, 0.0 ], [ -68.890589477180868, -32.996383101272663, 0.0 ], [ -68.890656850645499, -32.996379384073023, 0.0 ], [ -68.890635905668461, -32.996306145959188, 0.0 ], [ -68.890566452021446, -32.996061182443732, 0.0 ], [ -68.89047564302777, -32.995741357355037, 0.0 ], [ -68.890452759703095, -32.995740704301753, 0.0 ], [ -68.89042484855996, -32.995739953959038, 0.0 ], [ -68.8902415550412, -32.995734807587255, 0.0 ], [ -68.890124349130076, -32.995732255541199, 0.0 ], [ -68.889889392589012, -32.995727239002981, 0.0 ], [ -68.889532191676579, -32.995719577504957, 0.0 ], [ -68.889311982677256, -32.995714848840898, 0.0 ], [ -68.889283960439585, -32.995714821289589, 0.0 ], [ -68.889111405896045, -32.995713589587176, 0.0 ], [ -68.889031817305693, -32.99571318253188, 0.0 ] ] ] ] } },
{ "type": "Feature", "properties": { "LAYER": "PARCELARIO_BASE_CATASTRO", "MAP_NAME": "1016_2026.dwg", "ccpp1": "1016 2963" }, "geometry": { "type": "MultiPolygon", "coordinates": [ [ [ [ -68.889232338137305, -33.002687428601568, 0.0 ], [ -68.889204507413922, -33.002439113003746, 0.0 ], [ -68.889204171016587, -33.002434289640398, 0.0 ], [ -68.889203436509518, -33.00242949748241, 0.0 ], [ -68.889202309212763, -33.002424760879684, 0.0 ], [ -68.889200797663392, -33.002420098775033, 0.0 ], [ -68.889198905040118, -33.002415536418148, 0.0 ], [ -68.889196644156911, -33.002411095460666, 0.0 ], [ -68.889194021407278, -33.002406797548424, 0.0 ], [ -68.889191051746465, -33.002402663433223, 0.0 ], [ -68.889187751205398, -33.00239870935944, 0.0 ], [ -68.889184132595801, -33.002394958782006, 0.0 ], [ -68.889180215156586, -33.002391429751498, 0.0 ], [ -68.889176017065608, -33.002388133104098, 0.0 ], [ -68.889171558627353, -33.002385090498066, 0.0 ], [ -68.889166861224254, -33.002382317280848, 0.0 ], [ -68.889161945176554, -33.002379822487214, 0.0 ], [ -68.889156838289409, -33.002377619666944, 0.0 ], [ -68.889151561949745, -33.002375720560828, 0.0 ], [ -68.889146142898241, -33.002374134209283, 0.0 ], [ -68.889140604668768, -33.002372866945002, 0.0 ], [ -68.889134979356925, -33.002371924206507, 0.0 ], [ -68.889129287286252, -33.00237131232354, 0.0 ], [ -68.88912355948456, -33.002371034930363, 0.0 ], [ -68.889117822704904, -33.002371091149065, 0.0 ], [ -68.889112104768216, -33.002371481906039, 0.0 ], [ -68.889106433498753, -33.002372205422645, 0.0 ], [ -68.888575767057958, -33.002396857209021, 0.0 ], [ -68.888632273659667, -33.002728287968218, 0.0 ], [ -68.888795383702742, -33.002727430707168, 0.0 ], [ -68.889232338137305, -33.002687428601568, 0.0 ] ] ] ] } },
{ "type": "Feature", "properties": { "LAYER": "PARCELARIO_BASE_CATASTRO", "MAP_NAME": "1016_2026.dwg", "ccpp1": "1016 2960" }, "geometry": { "type": "MultiPolygon", "coordinates": [ [ [ [ -68.890294437305741, -33.00226164109629, 0.0 ], [ -68.889979131981264, -33.002272560629571, 0.0 ], [ -68.890015650763743, -33.002598435064911, 0.0 ], [ -68.890331086721204, -33.002587517359459, 0.0 ], [ -68.890294437305741, -33.00226164109629, 0.0 ] ] ] ] } },
{ "type": "Feature", "properties": { "LAYER": "PARCELARIO_BASE_CATASTRO", "MAP_NAME": "1016_2026.dwg", "ccpp1": "1016 2961" }, "geometry": { "type": "MultiPolygon", "coordinates": [ [ [ [ -68.889979131981264, -33.002272560629571, 0.0 ], [ -68.889663613636699, -33.002283478276453, 0.0 ], [ -68.889700219015765, -33.002609348370221, 0.0 ], [ -68.890015650763743, -33.002598435064911, 0.0 ], [ -68.889979131981264, -33.002272560629571, 0.0 ] ] ] ] } },
{ "type": "Feature", "properties": { "LAYER": "PARCELARIO_BASE_CATASTRO", "MAP_NAME": "1016_2026.dwg", "ccpp1": "1016 2962" }, "geometry": { "type": "MultiPolygon", "coordinates": [ [ [ [ -68.889663613636699, -33.002283478276453, 0.0 ], [ -68.889348313401641, -33.002294484585022, 0.0 ], [ -68.889384891945909, -33.002620352942124, 0.0 ], [ -68.889700219015765, -33.002609348370221, 0.0 ], [ -68.889663613636699, -33.002283478276453, 0.0 ] ] ] ] } },
{ "type": "Feature", "properties": { "LAYER": "PARCELARIO_BASE_CATASTRO", "MAP_NAME": "1016_2026.dwg", "ccpp1": "1016 3161" }, "geometry": { "type": "MultiPolygon", "coordinates": [ [ [ [ -68.889759803714114, -32.993374343372679, 0.0 ], [ -68.888388361445962, -32.993429305755377, 0.0 ], [ -68.888457823847432, -32.993723843896042, 0.0 ], [ -68.888469882707909, -32.993768758194015, 0.0 ], [ -68.88847916442964, -32.993806458395653, 0.0 ], [ -68.88849900606121, -32.993889883061449, 0.0 ], [ -68.888521622266637, -32.993984309760343, 0.0 ], [ -68.888528131234409, -32.994012176495083, 0.0 ], [ -68.888542218973384, -32.994062954398771, 0.0 ], [ -68.888547341045737, -32.99408162549198, 0.0 ], [ -68.888551610877869, -32.994097318486176, 0.0 ], [ -68.888559400163061, -32.994127261120795, 0.0 ], [ -68.88856697732038, -32.994156572391439, 0.0 ], [ -68.888569003863267, -32.994164238456001, 0.0 ], [ -68.888578075297559, -32.994199053093425, 0.0 ], [ -68.888601447400134, -32.99428725887568, 0.0 ], [ -68.888611158522579, -32.99432477821054, 0.0 ], [ -68.888618095095836, -32.994351292804915, 0.0 ], [ -68.888631220621207, -32.994403242017817, 0.0 ], [ -68.888638585753853, -32.994431020242651, 0.0 ], [ -68.888655876386636, -32.994496048387077, 0.0 ], [ -68.888666125037545, -32.994531585407856, 0.0 ], [ -68.888667724685334, -32.994537537001506, 0.0 ], [ -68.88891317975542, -32.994527318718745, 0.0 ], [ -68.889170285450419, -32.994516571994552, 0.0 ], [ -68.889392416800149, -32.994507234642363, 0.0 ], [ -68.889701486719233, -32.994493566330142, 0.0 ], [ -68.889708224754543, -32.994493302680979, 0.0 ], [ -68.889921707523627, -32.994483775509693, 0.0 ], [ -68.890186083012551, -32.994472584969024, 0.0 ], [ -68.8901946433418, -32.99447223272864, 0.0 ], [ -68.890086914618493, -32.994202336296837, 0.0 ], [ -68.890032730313649, -32.994066306649252, 0.0 ], [ -68.889992307012065, -32.993964915308901, 0.0 ], [ -68.889977699778768, -32.993925136669596, 0.0 ], [ -68.889955623066712, -32.993867225028033, 0.0 ], [ -68.889942501126015, -32.99383682423457, 0.0 ], [ -68.889922236266429, -32.993786399907819, 0.0 ], [ -68.889794571986471, -32.993462564416021, 0.0 ], [ -68.889759803714114, -32.993374343372679, 0.0 ] ] ] ] } },
{ "type": "Feature", "properties": { "LAYER": "PARCELARIO_BASE_CATASTRO", "MAP_NAME": "1016_2026.dwg", "ccpp1": "1016 3008" }, "geometry": { "type": "MultiPolygon", "coordinates": [ [ [ [ -68.892819471179166, -32.991815160473088, 0.0 ], [ -68.892380141472898, -32.991887392865955, 0.0 ], [ -68.892422601744187, -32.992152724622628, 0.0 ], [ -68.892537508867875, -32.992139495877375, 0.0 ], [ -68.892561713420292, -32.992289658633069, 0.0 ], [ -68.89261605838459, -32.992288271716646, 0.0 ], [ -68.892958919433156, -32.992279608856563, 0.0 ], [ -68.892892333544836, -32.991803150436581, 0.0 ], [ -68.892819471179166, -32.991815160473088, 0.0 ] ] ] ] } },
{ "type": "Feature", "properties": { "LAYER": "PARCELARIO_BASE_CATASTRO", "MAP_NAME": "1016_2026.dwg", "ccpp1": "1016 1026" }, "geometry": { "type": "MultiPolygon", "coordinates": [ [ [ [ -68.893171112016134, -32.992564512380945, 0.0 ], [ -68.893143865951373, -32.992368715052123, 0.0 ], [ -68.893111911389013, -32.992345776977793, 0.0 ], [ -68.892786063968273, -32.992354094197069, 0.0 ], [ -68.892827581816434, -32.992601844081953, 0.0 ], [ -68.893011812042531, -32.992581838769397, 0.0 ], [ -68.893171112016134, -32.992564512380945, 0.0 ] ] ] ] } },
{ "type": "Feature", "properties": { "LAYER": "PARCELARIO_BASE_CATASTRO", "MAP_NAME": "1016_2026.dwg", "ccpp1": "1016 3080" }, "geometry": { "type": "MultiPolygon", "coordinates": [ [ [ [ -68.880678385847204, -32.980000870595475, 0.0 ], [ -68.880698660855913, -32.980038309648791, 0.0 ], [ -68.880731547533031, -32.980084778436591, 0.0 ], [ -68.880775882767807, -32.980131708985347, 0.0 ], [ -68.880837010050001, -32.980179287619237, 0.0 ], [ -68.88085817454018, -32.980192562495127, 0.0 ], [ -68.880882001581924, -32.980214767431683, 0.0 ], [ -68.881158878703886, -32.980204755687083, 0.0 ], [ -68.881147622588429, -32.979984010324841, 0.0 ], [ -68.880678385847204, -32.980000870595475, 0.0 ] ] ] ] } },
{ "type": "Feature", "properties": { "LAYER": "PARCELARIO_BASE_CATASTRO", "MAP_NAME": "1016_2026.dwg", "ccpp1": "1016 3079" }, "geometry": { "type": "MultiPolygon", "coordinates": [ [ [ [ -68.881138558758352, -32.979803843503603, 0.0 ], [ -68.880634445517757, -32.979821932761951, 0.0 ], [ -68.880639641499556, -32.979855390925614, 0.0 ], [ -68.880646221787018, -32.979894439920812, 0.0 ], [ -68.880657705856862, -32.979946389416426, 0.0 ], [ -68.880678385847204, -32.980000870595475, 0.0 ], [ -68.881147622588429, -32.979984010324841, 0.0 ], [ -68.881138558758352, -32.979803843503603, 0.0 ] ] ] ] } },
{ "type": "Feature", "properties": { "LAYER": "PARCELARIO_BASE_CATASTRO", "MAP_NAME": "1016_2026.dwg", "ccpp1": "1016 3078" }, "geometry": { "type": "MultiPolygon", "coordinates": [ [ [ [ -68.880612649304226, -32.979642205470036, 0.0 ], [ -68.880615710221917, -32.979673857334554, 0.0 ], [ -68.880620782244065, -32.979719126476432, 0.0 ], [ -68.880626285158726, -32.97976457816884, 0.0 ], [ -68.880634445517757, -32.979821932761951, 0.0 ], [ -68.881138558758352, -32.979803843503603, 0.0 ], [ -68.881129063711299, -32.979623766434017, 0.0 ], [ -68.880612649304226, -32.979642205470036, 0.0 ] ] ] ] } },
{ "type": "Feature", "properties": { "LAYER": "PARCELARIO_BASE_CATASTRO", "MAP_NAME": "1016_2026.dwg", "ccpp1": "1016 3077" }, "geometry": { "type": "MultiPolygon", "coordinates": [ [ [ [ -68.881119892850947, -32.979443690568807, 0.0 ], [ -68.880601124854209, -32.979462125515283, 0.0 ], [ -68.880602367359344, -32.979492783795358, 0.0 ], [ -68.880604768181826, -32.979537961119057, 0.0 ], [ -68.880607807559201, -32.979583229220793, 0.0 ], [ -68.880612649304226, -32.979642205470036, 0.0 ], [ -68.881129063711299, -32.979623766434017, 0.0 ], [ -68.881119892850947, -32.979443690568807, 0.0 ] ] ] ] } },
{ "type": "Feature", "properties": { "LAYER": "PARCELARIO_BASE_CATASTRO", "MAP_NAME": "1016_2026.dwg", "ccpp1": "1016 3076" }, "geometry": { "type": "MultiPolygon", "coordinates": [ [ [ [ -68.88059259601394, -32.979281960054053, 0.0 ], [ -68.880595490366488, -32.979357073600795, 0.0 ], [ -68.880598209862043, -32.979402341398178, 0.0 ], [ -68.880600101749181, -32.97942822139975, 0.0 ], [ -68.880601124854209, -32.979462125515283, 0.0 ], [ -68.881119892850947, -32.979443690568807, 0.0 ], [ -68.881110826988078, -32.97926352462985, 0.0 ], [ -68.88059259601394, -32.979281960054053, 0.0 ] ] ] ] } },
{ "type": "Feature", "properties": { "LAYER": "PARCELARIO_BASE_CATASTRO", "MAP_NAME": "1016_2026.dwg", "ccpp1": "1016 3075" }, "geometry": { "type": "MultiPolygon", "coordinates": [ [ [ [ -68.881101656443775, -32.979083266614118, 0.0 ], [ -68.880593588909761, -32.979101443019822, 0.0 ], [ -68.880592692899782, -32.979131287745716, 0.0 ], [ -68.880591884427758, -32.979176371835742, 0.0 ], [ -68.880591822677218, -32.979221455737736, 0.0 ], [ -68.88059259601394, -32.979281960054053, 0.0 ], [ -68.881110826988078, -32.97926352462985, 0.0 ], [ -68.881101656443775, -32.979083266614118, 0.0 ] ] ] ] } },
{ "type": "Feature", "properties": { "LAYER": "PARCELARIO_BASE_CATASTRO", "MAP_NAME": "1016_2026.dwg", "ccpp1": "1016 3074" }, "geometry": { "type": "MultiPolygon", "coordinates": [ [ [ [ -68.880605816350652, -32.978920485881858, 0.0 ], [ -68.880603099528514, -32.978951140379245, 0.0 ], [ -68.880599293611127, -32.978996130535243, 0.0 ], [ -68.880596453718269, -32.979041121614472, 0.0 ], [ -68.880594144320412, -32.979086204270089, 0.0 ], [ -68.880593588909761, -32.979101443019822, 0.0 ], [ -68.881101656443775, -32.979083266614118, 0.0 ], [ -68.881092590532774, -32.978903189929717, 0.0 ], [ -68.880605816350652, -32.978920485881858, 0.0 ] ] ] ] } },
{ "type": "Feature", "properties": { "LAYER": "PARCELARIO_BASE_CATASTRO", "MAP_NAME": "1016_2026.dwg", "ccpp1": "1016 3073" }, "geometry": { "type": "MultiPolygon", "coordinates": [ [ [ [ -68.880628525133005, -32.97873908701505, 0.0 ], [ -68.880622582490432, -32.978784346536401, 0.0 ], [ -68.880617938225214, -32.978816351711259, 0.0 ], [ -68.880612313788163, -32.97886124996235, 0.0 ], [ -68.880605816350652, -32.978920485881858, 0.0 ], [ -68.881092590532774, -32.978903189929717, 0.0 ], [ -68.881083421006949, -32.978723023874586, 0.0 ], [ -68.880628525133005, -32.97873908701505, 0.0 ] ] ] ] } },
{ "type": "Feature", "properties": { "LAYER": "PARCELARIO_BASE_CATASTRO", "MAP_NAME": "1016_2026.dwg", "ccpp1": "1016 3072" }, "geometry": { "type": "MultiPolygon", "coordinates": [ [ [ [ -68.880689027503635, -32.978538609551258, 0.0 ], [ -68.880668733508926, -32.978592691821952, 0.0 ], [ -68.880653160512281, -32.978637219898296, 0.0 ], [ -68.88064047903228, -32.978681841805574, 0.0 ], [ -68.880628525133005, -32.97873908701505, 0.0 ], [ -68.881083421006949, -32.978723023874586, 0.0 ], [ -68.881073416526363, -32.978524913599976, 0.0 ], [ -68.880689027503635, -32.978538609551258, 0.0 ] ] ] ] } },
{ "type": "Feature", "properties": { "LAYER": "PARCELARIO_BASE_CATASTRO", "MAP_NAME": "1016_2026.dwg", "ccpp1": "1016 3071" }, "geometry": { "type": "MultiPolygon", "coordinates": [ [ [ [ -68.881067786614409, -32.978416072838094, 0.0 ], [ -68.881057486612491, -32.978200650928919, 0.0 ], [ -68.88101778221278, -32.978211972464521, 0.0 ], [ -68.880946172898689, -32.978242831822214, 0.0 ], [ -68.880913196881423, -32.978262547159872, 0.0 ], [ -68.880885885186544, -32.978285604105025, 0.0 ], [ -68.880840255078368, -32.978328841184407, 0.0 ], [ -68.880800508412165, -32.978372354366265, 0.0 ], [ -68.880765787344657, -32.978416052669282, 0.0 ], [ -68.880735560074015, -32.978460026659349, 0.0 ], [ -68.880712078892728, -32.978499227283564, 0.0 ], [ -68.880689027503635, -32.978538609551258, 0.0 ], [ -68.881073416526363, -32.978524913599976, 0.0 ], [ -68.881067786614409, -32.978416072838094, 0.0 ] ] ] ] } },
{ "type": "Feature", "properties": { "LAYER": "PARCELARIO_BASE_CATASTRO", "MAP_NAME": "1016_2026.dwg", "ccpp1": "1016 3070" }, "geometry": { "type": "MultiPolygon", "coordinates": [ [ [ [ -68.881263051624629, -32.978154680557253, 0.0 ], [ -68.881234580272405, -32.978166645820338, 0.0 ], [ -68.881180106425475, -32.978182734065271, 0.0 ], [ -68.881126071934176, -32.978191068261964, 0.0 ], [ -68.881098683288627, -32.978192575043778, 0.0 ], [ -68.881057486612491, -32.978200650928919, 0.0 ], [ -68.881067786614409, -32.978416072838094, 0.0 ], [ -68.881470824962193, -32.978455863908238, 0.0 ], [ -68.881263051624629, -32.978154680557253, 0.0 ] ] ] ] } },
{ "type": "Feature", "properties": { "LAYER": "PARCELARIO_BASE_CATASTRO", "MAP_NAME": "1016_2026.dwg", "ccpp1": "1016 3069" }, "geometry": { "type": "MultiPolygon", "coordinates": [ [ [ [ -68.881720449881755, -32.978183521103361, 0.0 ], [ -68.881393598526302, -32.97805029906494, 0.0 ], [ -68.881369167247485, -32.978079491173908, 0.0 ], [ -68.881345387819906, -32.978102010568094, 0.0 ], [ -68.881289599522162, -32.978141090436473, 0.0 ], [ -68.881263051624629, -32.978154680557253, 0.0 ], [ -68.881470824962193, -32.978455863908238, 0.0 ], [ -68.881720449881755, -32.978183521103361, 0.0 ] ] ] ] } },
{ "type": "Feature", "properties": { "LAYER": "PARCELARIO_BASE_CATASTRO", "MAP_NAME": "1016_2026.dwg", "ccpp1": "1016 3068" }, "geometry": { "type": "MultiPolygon", "coordinates": [ [ [ [ -68.881470824962193, -32.978455863908238, 0.0 ], [ -68.881862206398509, -32.978494650804095, 0.0 ], [ -68.88189948692154, -32.978215521626367, 0.0 ], [ -68.881768671274003, -32.978203134108732, 0.0 ], [ -68.881720449881755, -32.978183521103361, 0.0 ], [ -68.881470824962193, -32.978455863908238, 0.0 ] ] ] ] } },
{ "type": "Feature", "properties": { "LAYER": "PARCELARIO_BASE_CATASTRO", "MAP_NAME": "1016_2026.dwg", "ccpp1": "1016 3047" }, "geometry": { "type": "MultiPolygon", "coordinates": [ [ [ [ -68.881706766795432, -32.977616614174686, 0.0 ], [ -68.881355467899382, -32.977686429788498, 0.0 ], [ -68.881386017904134, -32.977719100505389, 0.0 ], [ -68.881416766777704, -32.977765477832655, 0.0 ], [ -68.8814361733656, -32.977811392643147, 0.0 ], [ -68.881444580908521, -32.977844943099555, 0.0 ], [ -68.88190780751674, -32.97783393426063, 0.0 ], [ -68.881706766795432, -32.977616614174686, 0.0 ] ] ] ] } },
{ "type": "Feature", "properties": { "LAYER": "PARCELARIO_BASE_CATASTRO", "MAP_NAME": "1016_2026.dwg", "ccpp1": "1016 3046" }, "geometry": { "type": "MultiPolygon", "coordinates": [ [ [ [ -68.881175797034388, -32.977569489676533, 0.0 ], [ -68.881263123617117, -32.977623674402331, 0.0 ], [ -68.881298292312749, -32.977643185012042, 0.0 ], [ -68.881339227688713, -32.977671897319873, 0.0 ], [ -68.881355467899382, -32.977686429788498, 0.0 ], [ -68.881706766795432, -32.977616614174686, 0.0 ], [ -68.881479128806987, -32.977370687083692, 0.0 ], [ -68.881175797034388, -32.977569489676533, 0.0 ] ] ] ] } },
{ "type": "Feature", "properties": { "LAYER": "PARCELARIO_BASE_CATASTRO", "MAP_NAME": "1016_2026.dwg", "ccpp1": "1016 3045" }, "geometry": { "type": "MultiPolygon", "coordinates": [ [ [ [ -68.881479128806987, -32.977370687083692, 0.0 ], [ -68.88132114087702, -32.97720002584866, 0.0 ], [ -68.880991360187679, -32.977416295444478, 0.0 ], [ -68.881008347549553, -32.977432812365549, 0.0 ], [ -68.881059740725604, -32.97748002096197, 0.0 ], [ -68.88111808396161, -32.977527504853491, 0.0 ], [ -68.881175797034388, -32.977569489676533, 0.0 ], [ -68.881479128806987, -32.977370687083692, 0.0 ] ] ] ] } },
{ "type": "Feature", "properties": { "LAYER": "PARCELARIO_BASE_CATASTRO", "MAP_NAME": "1016_2026.dwg", "ccpp1": "1016 3044" }, "geometry": { "type": "MultiPolygon", "coordinates": [ [ [ [ -68.88132114087702, -32.97720002584866, 0.0 ], [ -68.881163257323777, -32.977029363607514, 0.0 ], [ -68.8808470773061, -32.977236629876131, 0.0 ], [ -68.880885727359839, -32.977292390538686, 0.0 ], [ -68.880921930261522, -32.97733904369607, 0.0 ], [ -68.880962624012525, -32.977385791291134, 0.0 ], [ -68.880991360187679, -32.977416295444478, 0.0 ], [ -68.88132114087702, -32.97720002584866, 0.0 ] ] ] ] } },
{ "type": "Feature", "properties": { "LAYER": "PARCELARIO_BASE_CATASTRO", "MAP_NAME": "1016_2026.dwg", "ccpp1": "1016 3043" }, "geometry": { "type": "MultiPolygon", "coordinates": [ [ [ [ -68.881163257323777, -32.977029363607514, 0.0 ], [ -68.881003241062416, -32.976856446735297, 0.0 ], [ -68.880745298446513, -32.977030586421918, 0.0 ], [ -68.880757025472164, -32.977061525227427, 0.0 ], [ -68.88077654068384, -32.977107439346995, 0.0 ], [ -68.88079904890472, -32.977153538459184, 0.0 ], [ -68.880824554664613, -32.977199639525828, 0.0 ], [ -68.8808470773061, -32.977236629876131, 0.0 ], [ -68.881163257323777, -32.977029363607514, 0.0 ] ] ] ] } },
{ "type": "Feature", "properties": { "LAYER": "PARCELARIO_BASE_CATASTRO", "MAP_NAME": "1016_2026.dwg", "ccpp1": "1016 3049" }, "geometry": { "type": "MultiPolygon", "coordinates": [ [ [ [ -68.880776460749615, -32.976611239597901, 0.0 ], [ -68.880741637746539, -32.976573696478461, 0.0 ], [ -68.880583753890065, -32.976722052241762, 0.0 ], [ -68.880568043185562, -32.976710946559713, 0.0 ], [ -68.880516200199423, -32.976681320077631, 0.0 ], [ -68.880463811184313, -32.976659990306864, 0.0 ], [ -68.880417188356688, -32.976647321257737, 0.0 ], [ -68.880358042351645, -32.976638157646924, 0.0 ], [ -68.880304555217634, -32.976636302134743, 0.0 ], [ -68.880250742209398, -32.976640488442101, 0.0 ], [ -68.880203445836159, -32.976649730383009, 0.0 ], [ -68.88014179479957, -32.976673565739617, 0.0 ], [ -68.880086335699005, -32.976707595990248, 0.0 ], [ -68.880033741828868, -32.976757137856886, 0.0 ], [ -68.880001905567227, -32.976805256960048, 0.0 ], [ -68.879977453927708, -32.97684941666347, 0.0 ], [ -68.879956746347418, -32.976893670128554, 0.0 ], [ -68.87994601271869, -32.976920980701045, 0.0 ], [ -68.879926460202626, -32.976982817120145, 0.0 ], [ -68.879916449702975, -32.977027530799802, 0.0 ], [ -68.879909864368017, -32.977072429009553, 0.0 ], [ -68.879906379115539, -32.977117419465976, 0.0 ], [ -68.879907671021797, -32.977188834626951, 0.0 ], [ -68.879905900004729, -32.977234278472345, 0.0 ], [ -68.879875590518864, -32.97725994718818, 0.0 ], [ -68.879509492626013, -32.977276724624474, 0.0 ], [ -68.879468945605083, -32.977278487955878, 0.0 ], [ -68.879467226732388, -32.977283807107575, 0.0 ], [ -68.879404508341324, -32.977462010394895, 0.0 ], [ -68.879443664734765, -32.977460244840529, 0.0 ], [ -68.879849774405031, -32.977441793809838, 0.0 ], [ -68.879878838049422, -32.977468781983582, 0.0 ], [ -68.87986827942089, -32.97752242355854, 0.0 ], [ -68.879858055943728, -32.977567137024685, 0.0 ], [ -68.879847622161947, -32.977609146150684, 0.0 ], [ -68.879834613688971, -32.977656471805155, 0.0 ], [ -68.879820967118633, -32.977701001637641, 0.0 ], [ -68.879806143771674, -32.977745531237446, 0.0 ], [ -68.879794330006618, -32.977778791837594, 0.0 ], [ -68.879779384627739, -32.977834411071193, 0.0 ], [ -68.879758034847541, -32.977878662976032, 0.0 ], [ -68.879741822980989, -32.977923100160304, 0.0 ], [ -68.879732586675544, -32.977948970366214, 0.0 ], [ -68.879725821721294, -32.9779676295163, 0.0 ], [ -68.879709821638727, -32.978012067801423, 0.0 ], [ -68.879693608531383, -32.978056595145205, 0.0 ], [ -68.879671163094272, -32.978119059901168, 0.0 ], [ -68.879663852458862, -32.978145652398297, 0.0 ], [ -68.879652774043549, -32.97819036592081, 0.0 ], [ -68.879642977225686, -32.978235079775459, 0.0 ], [ -68.879633171405274, -32.978287998902324, 0.0 ], [ -68.879623493626141, -32.97832459775546, 0.0 ], [ -68.879621505880706, -32.978369592343107, 0.0 ], [ -68.879616736678074, -32.978414582445907, 0.0 ], [ -68.879614666726098, -32.978442893181168, 0.0 ], [ -68.879613792784625, -32.978456237192603, 0.0 ], [ -68.879611479447576, -32.978504655141613, 0.0 ], [ -68.879610562435815, -32.97854973822286, 0.0 ], [ -68.879611143011616, -32.978594912915355, 0.0 ], [ -68.879612065846047, -32.978623588108142, 0.0 ], [ -68.879614465315782, -32.97866858602098, 0.0 ], [ -68.879628823951208, -32.978730996969311, 0.0 ], [ -68.87964277517996, -32.97877672555461, 0.0 ], [ -68.879659935689531, -32.978822547398465, 0.0 ], [ -68.879668788918323, -32.978842573208823, 0.0 ], [ -68.87968030548376, -32.978868463401298, 0.0 ], [ -68.879704313313141, -32.978914653408665, 0.0 ], [ -68.879732065460274, -32.978960847017063, 0.0 ], [ -68.879764202374929, -32.979007314442669, 0.0 ], [ -68.879786524112518, -32.979035469225337, 0.0 ], [ -68.879801046191147, -32.979053969431035, 0.0 ], [ -68.879832773150397, -32.979088804781846, 0.0 ], [ -68.87984356081337, -32.979100807495264, 0.0 ], [ -68.879892492845684, -32.979147922220605, 0.0 ], [ -68.879960669386506, -32.979203892783836, 0.0 ], [ -68.879988356276627, -32.979218617666362, 0.0 ], [ -68.879996375000033, -32.979222953432185, 0.0 ], [ -68.880056881027969, -32.979255294379605, 0.0 ], [ -68.880096537760508, -32.97927967779956, 0.0 ], [ -68.880100173109923, -32.979281935487883, 0.0 ], [ -68.880151578984083, -32.979318593007051, 0.0 ], [ -68.880202656017204, -32.979361924418853, 0.0 ], [ -68.880217721584273, -32.979376546072785, 0.0 ], [ -68.880228726189443, -32.979387197343449, 0.0 ], [ -68.880301030738934, -32.979475450891165, 0.0 ], [ -68.880305303020137, -32.979480595458988, 0.0 ], [ -68.880328469118723, -32.97951668572901, 0.0 ], [ -68.880337325900697, -32.979532653937149, 0.0 ], [ -68.88035791758648, -32.979573069794633, 0.0 ], [ -68.880377326159092, -32.979618983856369, 0.0 ], [ -68.880392027843982, -32.979664714874346, 0.0 ], [ -68.880394368653938, -32.979674184747353, 0.0 ], [ -68.880402878362702, -32.979710350230931, 0.0 ], [ -68.880410936963827, -32.979762925842067, 0.0 ], [ -68.880415913523123, -32.979801163606204, 0.0 ], [ -68.880422485200569, -32.979846524359019, 0.0 ], [ -68.880424182091161, -32.979856714957897, 0.0 ], [ -68.880429697577611, -32.979891976794192, 0.0 ], [ -68.880434154926405, -32.979918580595779, 0.0 ], [ -68.880437231975947, -32.97993742863526, 0.0 ], [ -68.880447974619059, -32.979982975518148, 0.0 ], [ -68.880456085211677, -32.980007326814729, 0.0 ], [ -68.880463104325671, -32.980028706033302, 0.0 ], [ -68.880482942287813, -32.980074441052359, 0.0 ], [ -68.880491902999381, -32.980091942202137, 0.0 ], [ -68.88050812527176, -32.980120811456047, 0.0 ], [ -68.88053994313664, -32.980167279270916, 0.0 ], [ -68.880549620944237, -32.980178995929336, 0.0 ], [ -68.880578606527223, -32.98021393305789, 0.0 ], [ -68.880641430738422, -32.980274046748583, 0.0 ], [ -68.88066866336807, -32.980307885738632, 0.0 ], [ -68.880701764574482, -32.980353995869109, 0.0 ], [ -68.880729574282526, -32.980358891499193, 0.0 ], [ -68.880755833086653, -32.980401747231959, 0.0 ], [ -68.880773864614682, -32.980437741442145, 0.0 ], [ -68.880789901774264, -32.9804699358736, 0.0 ], [ -68.880801818429717, -32.980493853464822, 0.0 ], [ -68.880820049683592, -32.980539677061593, 0.0 ], [ -68.880835072573291, -32.980585497593943, 0.0 ], [ -68.880850504048993, -32.980644933867161, 0.0 ], [ -68.880851781291327, -32.980649804152449, 0.0 ], [ -68.88085656425045, -32.98067226052315, 0.0 ], [ -68.880781682358986, -32.980669753624412, 0.0 ], [ -68.880805376894173, -32.980948309390925, 0.0 ], [ -68.880821318573851, -32.980947332758817, 0.0 ], [ -68.880819839351844, -32.981092801918912, 0.0 ], [ -68.881203678739823, -32.981097551610432, 0.0 ], [ -68.88118148055446, -32.980660129622414, 0.0 ], [ -68.881158878703886, -32.980204755687083, 0.0 ], [ -68.880882001581924, -32.980214767431683, 0.0 ], [ -68.88085817454018, -32.980192562495127, 0.0 ], [ -68.880837010050001, -32.980179287619237, 0.0 ], [ -68.880775882767807, -32.980131708985347, 0.0 ], [ -68.880731547533031, -32.980084778436591, 0.0 ], [ -68.880698660855913, -32.980038309648791, 0.0 ], [ -68.880678385847204, -32.980000870595475, 0.0 ], [ -68.880657705856862, -32.979946389416426, 0.0 ], [ -68.880646221787018, -32.979894439920812, 0.0 ], [ -68.880639641499556, -32.979855390925614, 0.0 ], [ -68.880634445517757, -32.979821932761951, 0.0 ], [ -68.880626285158726, -32.97976457816884, 0.0 ], [ -68.880620782244065, -32.979719126476432, 0.0 ], [ -68.880615710221917, -32.979673857334554, 0.0 ], [ -68.880612649304226, -32.979642205470036, 0.0 ], [ -68.880607807559201, -32.979583229220793, 0.0 ], [ -68.880604768181826, -32.979537961119057, 0.0 ], [ -68.880602367359344, -32.979492783795358, 0.0 ], [ -68.880601124854209, -32.979462125515283, 0.0 ], [ -68.880600101749181, -32.97942822139975, 0.0 ], [ -68.880598209862043, -32.979402341398178, 0.0 ], [ -68.880595490366488, -32.979357073600795, 0.0 ], [ -68.88059259601394, -32.979281960054053, 0.0 ], [ -68.880591822677218, -32.979221455737736, 0.0 ], [ -68.880591884427758, -32.979176371835742, 0.0 ], [ -68.880592692899782, -32.979131287745716, 0.0 ], [ -68.880593588909761, -32.979101443019822, 0.0 ], [ -68.880594144320412, -32.979086204270089, 0.0 ], [ -68.880596453718269, -32.979041121614472, 0.0 ], [ -68.880599293611127, -32.978996130535243, 0.0 ], [ -68.880603099528514, -32.978951140379245, 0.0 ], [ -68.880605816350652, -32.978920485881858, 0.0 ], [ -68.880612313788163, -32.97886124996235, 0.0 ], [ -68.880617938225214, -32.978816351711259, 0.0 ], [ -68.880622582490432, -32.978784346536401, 0.0 ], [ -68.880628525133005, -32.97873908701505, 0.0 ], [ -68.88064047903228, -32.978681841805574, 0.0 ], [ -68.880653160512281, -32.978637219898296, 0.0 ], [ -68.880668733508926, -32.978592691821952, 0.0 ], [ -68.880689027503635, -32.978538609551258, 0.0 ], [ -68.880712078892728, -32.978499227283564, 0.0 ], [ -68.880735560074015, -32.978460026659349, 0.0 ], [ -68.880765787344657, -32.978416052669282, 0.0 ], [ -68.880800508412165, -32.978372354366265, 0.0 ], [ -68.880840255078368, -32.978328841184407, 0.0 ], [ -68.880885885186544, -32.978285604105025, 0.0 ], [ -68.880913196881423, -32.978262547159872, 0.0 ], [ -68.880946172898689, -32.978242831822214, 0.0 ], [ -68.88101778221278, -32.978211972464521, 0.0 ], [ -68.881057486612491, -32.978200650928919, 0.0 ], [ -68.881098683288627, -32.978192575043778, 0.0 ], [ -68.881126071934176, -32.978191068261964, 0.0 ], [ -68.881180106425475, -32.978182734065271, 0.0 ], [ -68.881234580272405, -32.978166645820338, 0.0 ], [ -68.881263051624629, -32.978154680557253, 0.0 ], [ -68.881289599522162, -32.978141090436473, 0.0 ], [ -68.881345387819906, -32.978102010568094, 0.0 ], [ -68.881369167247485, -32.978079491173908, 0.0 ], [ -68.881393598526302, -32.97805029906494, 0.0 ], [ -68.881720449881755, -32.978183521103361, 0.0 ], [ -68.881768671274003, -32.978203134108732, 0.0 ], [ -68.88189948692154, -32.978215521626367, 0.0 ], [ -68.881862206398509, -32.978494650804095, 0.0 ], [ -68.881915367050837, -32.978499930821243, 0.0 ], [ -68.881958592181576, -32.978175814347026, 0.0 ], [ -68.881791835191223, -32.978159964692004, 0.0 ], [ -68.881945088411911, -32.977874185312054, 0.0 ], [ -68.88190780751674, -32.97783393426063, 0.0 ], [ -68.881742542333413, -32.978142425445142, 0.0 ], [ -68.881418576762428, -32.978010468555105, 0.0 ], [ -68.881427373248826, -32.977991541639653, 0.0 ], [ -68.881441982936821, -32.977947011645334, 0.0 ], [ -68.881448034808784, -32.977902113755441, 0.0 ], [ -68.881444580908521, -32.977844943099555, 0.0 ], [ -68.8814361733656, -32.977811392643147, 0.0 ], [ -68.881416766777704, -32.977765477832655, 0.0 ], [ -68.881386017904134, -32.977719100505389, 0.0 ], [ -68.881355467899382, -32.977686429788498, 0.0 ], [ -68.881339227688713, -32.977671897319873, 0.0 ], [ -68.881298292312749, -32.977643185012042, 0.0 ], [ -68.881263123617117, -32.977623674402331, 0.0 ], [ -68.881175797034388, -32.977569489676533, 0.0 ], [ -68.88111808396161, -32.977527504853491, 0.0 ], [ -68.881059740725604, -32.97748002096197, 0.0 ], [ -68.881008347549553, -32.977432812365549, 0.0 ], [ -68.880991360187679, -32.977416295444478, 0.0 ], [ -68.880962624012525, -32.977385791291134, 0.0 ], [ -68.880921930261522, -32.97733904369607, 0.0 ], [ -68.880885727359839, -32.977292390538686, 0.0 ], [ -68.8808470773061, -32.977236629876131, 0.0 ], [ -68.880824554664613, -32.977199639525828, 0.0 ], [ -68.88079904890472, -32.977153538459184, 0.0 ], [ -68.88077654068384, -32.977107439346995, 0.0 ], [ -68.880757025472164, -32.977061525227427, 0.0 ], [ -68.880745298446513, -32.977030586421918, 0.0 ], [ -68.880739971710639, -32.977015703623003, 0.0 ], [ -68.880725698190432, -32.976969973035821, 0.0 ], [ -68.880713885041317, -32.976924335866357, 0.0 ], [ -68.880706125016459, -32.976888441607969, 0.0 ], [ -68.880682022963526, -32.976832784954475, 0.0 ], [ -68.880650847956119, -32.976786407934739, 0.0 ], [ -68.880622755520719, -32.976755542742197, 0.0 ], [ -68.880776460749615, -32.976611239597901, 0.0 ] ] ] ] } },
{ "type": "Feature", "properties": { "LAYER": "PARCELARIO_BASE_CATASTRO", "MAP_NAME": "1016_2026.dwg", "ccpp1": "1016 3049" }, "geometry": { "type": "MultiPolygon", "coordinates": [ [ [ [ -68.880596704606191, -32.977112315140566, 0.0 ], [ -68.88057506751224, -32.977054136122419, 0.0 ], [ -68.880560582253224, -32.977008407117637, 0.0 ], [ -68.880548447182093, -32.976962769625047, 0.0 ], [ -68.880538984568517, -32.976920200397743, 0.0 ], [ -68.880505792192466, -32.976863362831629, 0.0 ], [ -68.880454715032357, -32.976819492323692, 0.0 ], [ -68.880402759551401, -32.976794733855286, 0.0 ], [ -68.880349716232274, -32.976782599640323, 0.0 ], [ -68.880293342036225, -32.976781283266696, 0.0 ], [ -68.880273441240959, -32.976783518388999, 0.0 ], [ -68.880242084662981, -32.976791783776612, 0.0 ], [ -68.88017655468856, -32.976836895969313, 0.0 ], [ -68.880163047450537, -32.976856900295289, 0.0 ], [ -68.880137421267122, -32.97690105800104, 0.0 ], [ -68.880116607848024, -32.976945310489093, 0.0 ], [ -68.880100499979221, -32.976989837994829, 0.0 ], [ -68.880088780187052, -32.977034460781091, 0.0 ], [ -68.88008101616947, -32.977079266798583, 0.0 ], [ -68.880077425094456, -32.977124258059931, 0.0 ], [ -68.880078947126933, -32.977185394293848, 0.0 ], [ -68.880078159864667, -32.977214608855462, 0.0 ], [ -68.88007606326039, -32.977259602452484, 0.0 ], [ -68.880072469224217, -32.977307568350156, 0.0 ], [ -68.880068454247251, -32.977349582758556, 0.0 ], [ -68.88006304465317, -32.977394481201515, 0.0 ], [ -68.880056671182103, -32.977439378718202, 0.0 ], [ -68.880049230184611, -32.97748418594265, 0.0 ], [ -68.880043410608451, -32.977515017790495, 0.0 ], [ -68.880031135613805, -32.97757379730318, 0.0 ], [ -68.880020378513521, -32.977618420101784, 0.0 ], [ -68.880008655266963, -32.977663132138801, 0.0 ], [ -68.879992963144161, -32.977717308896352, 0.0 ], [ -68.879981791144942, -32.977752283322062, 0.0 ], [ -68.879966645866261, -32.977796811729554, 0.0 ], [ -68.879948928913024, -32.977845214884276, 0.0 ], [ -68.879934326002953, -32.977885776419171, 0.0 ], [ -68.879921225567159, -32.977922011335643, 0.0 ], [ -68.879902110911161, -32.977974743003188, 0.0 ], [ -68.879886110794672, -32.978019270577185, 0.0 ], [ -68.879870003803006, -32.9780637096814, 0.0 ], [ -68.879854002584423, -32.97810823724955, 0.0 ], [ -68.879839077307551, -32.978149790308635, 0.0 ], [ -68.879836178376763, -32.978157541961892, 0.0 ], [ -68.879825854424439, -32.978197387157181, 0.0 ], [ -68.879815308840463, -32.978242100304904, 0.0 ], [ -68.879806691954684, -32.978286905475564, 0.0 ], [ -68.879806364174527, -32.978288797785041, 0.0 ], [ -68.879798926612025, -32.97833171236659, 0.0 ], [ -68.879792661109548, -32.978376519798765, 0.0 ], [ -68.879787894132889, -32.978421509910305, 0.0 ], [ -68.879785169710942, -32.978457576263956, 0.0 ], [ -68.879782420975175, -32.97851158420886, 0.0 ], [ -68.879781719078579, -32.978556667498502, 0.0 ], [ -68.879782512630527, -32.978601842395278, 0.0 ], [ -68.87978490449008, -32.97865251997564, 0.0 ], [ -68.879794050475866, -32.97869256424125, 0.0 ], [ -68.879801289804618, -32.978717818229036, 0.0 ], [ -68.87980778782358, -32.978738293504321, 0.0 ], [ -68.87982527041963, -32.978784115635854, 0.0 ], [ -68.879846711033593, -32.978830123711944, 0.0 ], [ -68.879872643505294, -32.978876314637347, 0.0 ], [ -68.879903283937381, -32.978922691322175, 0.0 ], [ -68.879939806978129, -32.978969253088785, 0.0 ], [ -68.879982748358529, -32.9790161834879, 0.0 ], [ -68.880033607003625, -32.97906339107972, 0.0 ], [ -68.880070260066077, -32.979093001362756, 0.0 ], [ -68.88010992525949, -32.979111073032541, 0.0 ], [ -68.880180083905827, -32.979126110945927, 0.0 ], [ -68.880216134729466, -32.979126416033353, 0.0 ], [ -68.880270171066442, -32.979117992066314, 0.0 ], [ -68.880324972698304, -32.979096584628323, 0.0 ], [ -68.880380977853989, -32.979054529864435, 0.0 ], [ -68.880398765571243, -32.979032996767046, 0.0 ], [ -68.880422253717128, -32.978988836976278, 0.0 ], [ -68.880431727562353, -32.978946196618537, 0.0 ], [ -68.880436069118858, -32.978899131314549, 0.0 ], [ -68.880441158749193, -32.97885423255979, 0.0 ], [ -68.880449456449966, -32.978809517211445, 0.0 ], [ -68.880452287881994, -32.978771648490557, 0.0 ], [ -68.880453803577922, -32.978758305088107, 0.0 ], [ -68.880459312847393, -32.97871953815244, 0.0 ], [ -68.88046793158847, -32.9786747311379, 0.0 ], [ -68.880479117702436, -32.978630018550817, 0.0 ], [ -68.880492765158095, -32.978585487751971, 0.0 ], [ -68.880508869914294, -32.978540959302478, 0.0 ], [ -68.880519710622011, -32.978515181645982, 0.0 ], [ -68.880549536544109, -32.978452362226889, 0.0 ], [ -68.880556722237174, -32.978438934077616, 0.0 ], [ -68.880574629147389, -32.978408203937661, 0.0 ], [ -68.880603142673849, -32.978364229249493, 0.0 ], [ -68.880624578405346, -32.978334584490838, 0.0 ], [ -68.880635295355859, -32.978320438368712, 0.0 ], [ -68.88067151415558, -32.978276741532426, 0.0 ], [ -68.880712116673294, -32.978233229208477, 0.0 ], [ -68.880754641842515, -32.978192693347026, 0.0 ], [ -68.880800588235758, -32.978153693591196, 0.0 ], [ -68.880862792698025, -32.978116693925195, 0.0 ], [ -68.880928302213107, -32.978087272387626, 0.0 ], [ -68.880972396708472, -32.978072167109282, 0.0 ], [ -68.881026867864719, -32.978058062646717, 0.0 ], [ -68.881080796876631, -32.978048556209025, 0.0 ], [ -68.881134719836822, -32.978043558139234, 0.0 ], [ -68.881183845759409, -32.978026653314302, 0.0 ], [ -68.881240494806619, -32.977983879228745, 0.0 ], [ -68.881267727454897, -32.977939812097588, 0.0 ], [ -68.881277200348549, -32.977895096000942, 0.0 ], [ -68.881271377345215, -32.977849645822353, 0.0 ], [ -68.881247371003099, -32.977803547178681, 0.0 ], [ -68.881201852067093, -32.97776247747305, 0.0 ], [ -68.881122431737452, -32.97771659297738, 0.0 ], [ -68.881037032366294, -32.977659614783512, 0.0 ], [ -68.880974515040748, -32.977611946541089, 0.0 ], [ -68.880959448520457, -32.977599759508188, 0.0 ], [ -68.880918737041824, -32.977564554295462, 0.0 ], [ -68.880868842532479, -32.977517438140893, 0.0 ], [ -68.880816925790896, -32.97746265485906, 0.0 ], [ -68.880783388113983, -32.977423668492001, 0.0 ], [ -68.880746758285483, -32.97737710685881, 0.0 ], [ -68.880713550717488, -32.977330547581708, 0.0 ], [ -68.880700417683855, -32.977310968592008, 0.0 ], [ -68.880683446245783, -32.977284261764048, 0.0 ], [ -68.880656551135885, -32.977237979907422, 0.0 ], [ -68.880632435091087, -32.977191881036816, 0.0 ], [ -68.880610888554571, -32.977145872982284, 0.0 ], [ -68.880596704606191, -32.977112315140566, 0.0 ] ] ] ] } },
{ "type": "Feature", "properties": { "LAYER": "PARCELARIO_BASE_CATASTRO", "MAP_NAME": "1016_2026.dwg", "ccpp1": "1016 3049" }, "geometry": { "type": "MultiPolygon", "coordinates": [ [ [ [ -68.880596704606191, -32.977112315140566, 0.0 ], [ -68.88057506751224, -32.977054136122419, 0.0 ], [ -68.880560582253224, -32.977008407117637, 0.0 ], [ -68.880548447182093, -32.976962769625047, 0.0 ], [ -68.880538984568517, -32.976920200397743, 0.0 ], [ -68.880505792192466, -32.976863362831629, 0.0 ], [ -68.880454715032357, -32.976819492323692, 0.0 ], [ -68.880402759551401, -32.976794733855286, 0.0 ], [ -68.880349716232274, -32.976782599640323, 0.0 ], [ -68.880293342036225, -32.976781283266696, 0.0 ], [ -68.880324204541211, -32.977213854829643, 0.0 ], [ -68.880596704606191, -32.977112315140566, 0.0 ] ] ] ] } },
{ "type": "Feature", "properties": { "LAYER": "PARCELARIO_BASE_CATASTRO", "MAP_NAME": "1016_2026.dwg", "ccpp1": "1016 3050" }, "geometry": { "type": "MultiPolygon", "coordinates": [ [ [ [ -68.880293342036225, -32.976781283266696, 0.0 ], [ -68.880273441240959, -32.976783518388999, 0.0 ], [ -68.880242084662981, -32.976791783776612, 0.0 ], [ -68.88017655468856, -32.976836895969313, 0.0 ], [ -68.880163047450537, -32.976856900295289, 0.0 ], [ -68.880137421267122, -32.97690105800104, 0.0 ], [ -68.880116607848024, -32.976945310489093, 0.0 ], [ -68.880100499979221, -32.976989837994829, 0.0 ], [ -68.880088780187052, -32.977034460781091, 0.0 ], [ -68.88008101616947, -32.977079266798583, 0.0 ], [ -68.880077425094456, -32.977124258059931, 0.0 ], [ -68.880078947126933, -32.977185394293848, 0.0 ], [ -68.880078159864667, -32.977214608855462, 0.0 ], [ -68.88007606326039, -32.977259602452484, 0.0 ], [ -68.880072469224217, -32.977307568350156, 0.0 ], [ -68.880324204541211, -32.977213854829643, 0.0 ], [ -68.880293342036225, -32.976781283266696, 0.0 ] ] ] ] } },
{ "type": "Feature", "properties": { "LAYER": "PARCELARIO_BASE_CATASTRO", "MAP_NAME": "1016_2026.dwg", "ccpp1": "1016 3067" }, "geometry": { "type": "MultiPolygon", "coordinates": [ [ [ [ -68.880596704606191, -32.977112315140566, 0.0 ], [ -68.880324204541211, -32.977213854829643, 0.0 ], [ -68.880394711920559, -32.977523022609553, 0.0 ], [ -68.880700417683855, -32.977310968592008, 0.0 ], [ -68.880683446245783, -32.977284261764048, 0.0 ], [ -68.880656551135885, -32.977237979907422, 0.0 ], [ -68.880632435091087, -32.977191881036816, 0.0 ], [ -68.880610888554571, -32.977145872982284, 0.0 ], [ -68.880596704606191, -32.977112315140566, 0.0 ] ] ] ] } },
{ "type": "Feature", "properties": { "LAYER": "PARCELARIO_BASE_CATASTRO", "MAP_NAME": "1016_2026.dwg", "ccpp1": "1016 3066" }, "geometry": { "type": "MultiPolygon", "coordinates": [ [ [ [ -68.880816925790896, -32.97746265485906, 0.0 ], [ -68.880783388113983, -32.977423668492001, 0.0 ], [ -68.880746758285483, -32.97737710685881, 0.0 ], [ -68.880713550717488, -32.977330547581708, 0.0 ], [ -68.880700417683855, -32.977310968592008, 0.0 ], [ -68.880394711920559, -32.977523022609553, 0.0 ], [ -68.880252298783944, -32.97762171020652, 0.0 ], [ -68.880487272318305, -32.977741680121802, 0.0 ], [ -68.880816925790896, -32.97746265485906, 0.0 ] ] ] ] } },
{ "type": "Feature", "properties": { "LAYER": "PARCELARIO_BASE_CATASTRO", "MAP_NAME": "1016_2026.dwg", "ccpp1": "1016 3065" }, "geometry": { "type": "MultiPolygon", "coordinates": [ [ [ [ -68.880959448520457, -32.977599759508188, 0.0 ], [ -68.880918737041824, -32.977564554295462, 0.0 ], [ -68.880868842532479, -32.977517438140893, 0.0 ], [ -68.880816925790896, -32.97746265485906, 0.0 ], [ -68.880487272318305, -32.977741680121802, 0.0 ], [ -68.880671080413094, -32.977885768428941, 0.0 ], [ -68.880959448520457, -32.977599759508188, 0.0 ] ] ] ] } },
{ "type": "Feature", "properties": { "LAYER": "PARCELARIO_BASE_CATASTRO", "MAP_NAME": "1016_2026.dwg", "ccpp1": "1016 3064" }, "geometry": { "type": "MultiPolygon", "coordinates": [ [ [ [ -68.881122431737452, -32.97771659297738, 0.0 ], [ -68.881037032366294, -32.977659614783512, 0.0 ], [ -68.880974515040748, -32.977611946541089, 0.0 ], [ -68.880959448520457, -32.977599759508188, 0.0 ], [ -68.880671080413094, -32.977885768428941, 0.0 ], [ -68.880838537497112, -32.978017035211849, 0.0 ], [ -68.881122431737452, -32.97771659297738, 0.0 ] ] ] ] } },
{ "type": "Feature", "properties": { "LAYER": "PARCELARIO_BASE_CATASTRO", "MAP_NAME": "1016_2026.dwg", "ccpp1": "1016 3063" }, "geometry": { "type": "MultiPolygon", "coordinates": [ [ [ [ -68.881122431737452, -32.97771659297738, 0.0 ], [ -68.880838537497112, -32.978017035211849, 0.0 ], [ -68.880928302213107, -32.978087272387626, 0.0 ], [ -68.880972396708472, -32.978072167109282, 0.0 ], [ -68.881026867864719, -32.978058062646717, 0.0 ], [ -68.881080796876631, -32.978048556209025, 0.0 ], [ -68.881134719836822, -32.978043558139234, 0.0 ], [ -68.881183845759409, -32.978026653314302, 0.0 ], [ -68.881240494806619, -32.977983879228745, 0.0 ], [ -68.881267727454897, -32.977939812097588, 0.0 ], [ -68.881277200348549, -32.977895096000942, 0.0 ], [ -68.881271377345215, -32.977849645822353, 0.0 ], [ -68.881247371003099, -32.977803547178681, 0.0 ], [ -68.881201852067093, -32.97776247747305, 0.0 ], [ -68.881122431737452, -32.97771659297738, 0.0 ] ] ] ] } },
{ "type": "Feature", "properties": { "LAYER": "PARCELARIO_BASE_CATASTRO", "MAP_NAME": "1016_2026.dwg", "ccpp1": "1016 3062" }, "geometry": { "type": "MultiPolygon", "coordinates": [ [ [ [ -68.880671080413094, -32.977885768428941, 0.0 ], [ -68.880487272318305, -32.977741680121802, 0.0 ], [ -68.880407350673224, -32.977906884156063, 0.0 ], [ -68.880381818544436, -32.977959698116557, 0.0 ], [ -68.880754641842515, -32.978192693347026, 0.0 ], [ -68.880800588235758, -32.978153693591196, 0.0 ], [ -68.880862792698025, -32.978116693925195, 0.0 ], [ -68.880928302213107, -32.978087272387626, 0.0 ], [ -68.880838537497112, -32.978017035211849, 0.0 ], [ -68.880671080413094, -32.977885768428941, 0.0 ] ] ] ] } },
{ "type": "Feature", "properties": { "LAYER": "PARCELARIO_BASE_CATASTRO", "MAP_NAME": "1016_2026.dwg", "ccpp1": "1016 3061" }, "geometry": { "type": "MultiPolygon", "coordinates": [ [ [ [ -68.880381818544436, -32.977959698116557, 0.0 ], [ -68.880326678518301, -32.97807388897062, 0.0 ], [ -68.880247721885283, -32.978237018152008, 0.0 ], [ -68.880624578405346, -32.978334584490838, 0.0 ], [ -68.880635295355859, -32.978320438368712, 0.0 ], [ -68.88067151415558, -32.978276741532426, 0.0 ], [ -68.880712116673294, -32.978233229208477, 0.0 ], [ -68.880754641842515, -32.978192693347026, 0.0 ], [ -68.880381818544436, -32.977959698116557, 0.0 ] ] ] ] } },
{ "type": "Feature", "properties": { "LAYER": "PARCELARIO_BASE_CATASTRO", "MAP_NAME": "1016_2026.dwg", "ccpp1": "1016 3060" }, "geometry": { "type": "MultiPolygon", "coordinates": [ [ [ [ -68.880247721885283, -32.978237018152008, 0.0 ], [ -68.880162227609915, -32.978487154863728, 0.0 ], [ -68.880519710622011, -32.978515181645982, 0.0 ], [ -68.880549536544109, -32.978452362226889, 0.0 ], [ -68.880556722237174, -32.978438934077616, 0.0 ], [ -68.880574629147389, -32.978408203937661, 0.0 ], [ -68.880603142673849, -32.978364229249493, 0.0 ], [ -68.880624578405346, -32.978334584490838, 0.0 ], [ -68.880247721885283, -32.978237018152008, 0.0 ] ] ] ] } },
{ "type": "Feature", "properties": { "LAYER": "PARCELARIO_BASE_CATASTRO", "MAP_NAME": "1016_2026.dwg", "ccpp1": "1016 3059" }, "geometry": { "type": "MultiPolygon", "coordinates": [ [ [ [ -68.880519710622011, -32.978515181645982, 0.0 ], [ -68.880162227609915, -32.978487154863728, 0.0 ], [ -68.880138459428267, -32.978737801604275, 0.0 ], [ -68.880453803577922, -32.978758305088107, 0.0 ], [ -68.880459312847393, -32.97871953815244, 0.0 ], [ -68.88046793158847, -32.9786747311379, 0.0 ], [ -68.880479117702436, -32.978630018550817, 0.0 ], [ -68.880492765158095, -32.978585487751971, 0.0 ], [ -68.880508869914294, -32.978540959302478, 0.0 ], [ -68.880519710622011, -32.978515181645982, 0.0 ] ] ] ] } },
{ "type": "Feature", "properties": { "LAYER": "PARCELARIO_BASE_CATASTRO", "MAP_NAME": "1016_2026.dwg", "ccpp1": "1016 3058" }, "geometry": { "type": "MultiPolygon", "coordinates": [ [ [ [ -68.880453803577922, -32.978758305088107, 0.0 ], [ -68.880138459428267, -32.978737801604275, 0.0 ], [ -68.880180083905827, -32.979126110945927, 0.0 ], [ -68.880216134729466, -32.979126416033353, 0.0 ], [ -68.880270171066442, -32.979117992066314, 0.0 ], [ -68.880324972698304, -32.979096584628323, 0.0 ], [ -68.880380977853989, -32.979054529864435, 0.0 ], [ -68.880398765571243, -32.979032996767046, 0.0 ], [ -68.880422253717128, -32.978988836976278, 0.0 ], [ -68.880431727562353, -32.978946196618537, 0.0 ], [ -68.880436069118858, -32.978899131314549, 0.0 ], [ -68.880441158749193, -32.97885423255979, 0.0 ], [ -68.880449456449966, -32.978809517211445, 0.0 ], [ -68.880452287881994, -32.978771648490557, 0.0 ], [ -68.880453803577922, -32.978758305088107, 0.0 ] ] ] ] } },
{ "type": "Feature", "properties": { "LAYER": "PARCELARIO_BASE_CATASTRO", "MAP_NAME": "1016_2026.dwg", "ccpp1": "1016 3057" }, "geometry": { "type": "MultiPolygon", "coordinates": [ [ [ [ -68.879801289804618, -32.978717818229036, 0.0 ], [ -68.87980778782358, -32.978738293504321, 0.0 ], [ -68.87982527041963, -32.978784115635854, 0.0 ], [ -68.879846711033593, -32.978830123711944, 0.0 ], [ -68.879872643505294, -32.978876314637347, 0.0 ], [ -68.879903283937381, -32.978922691322175, 0.0 ], [ -68.879939806978129, -32.978969253088785, 0.0 ], [ -68.879982748358529, -32.9790161834879, 0.0 ], [ -68.880033607003625, -32.97906339107972, 0.0 ], [ -68.880070260066077, -32.979093001362756, 0.0 ], [ -68.88010992525949, -32.979111073032541, 0.0 ], [ -68.880180083905827, -32.979126110945927, 0.0 ], [ -68.880138459428267, -32.978737801604275, 0.0 ], [ -68.879801289804618, -32.978717818229036, 0.0 ] ] ] ] } },
{ "type": "Feature", "properties": { "LAYER": "PARCELARIO_BASE_CATASTRO", "MAP_NAME": "1016_2026.dwg", "ccpp1": "1016 3056" }, "geometry": { "type": "MultiPolygon", "coordinates": [ [ [ [ -68.879785169710942, -32.978457576263956, 0.0 ], [ -68.879782420975175, -32.97851158420886, 0.0 ], [ -68.879781719078579, -32.978556667498502, 0.0 ], [ -68.879782512630527, -32.978601842395278, 0.0 ], [ -68.87978490449008, -32.97865251997564, 0.0 ], [ -68.879794050475866, -32.97869256424125, 0.0 ], [ -68.879801289804618, -32.978717818229036, 0.0 ], [ -68.880138459428267, -32.978737801604275, 0.0 ], [ -68.880162227609915, -32.978487154863728, 0.0 ], [ -68.879785169710942, -32.978457576263956, 0.0 ] ] ] ] } },
{ "type": "Feature", "properties": { "LAYER": "PARCELARIO_BASE_CATASTRO", "MAP_NAME": "1016_2026.dwg", "ccpp1": "1016 3055" }, "geometry": { "type": "MultiPolygon", "coordinates": [ [ [ [ -68.880247721885283, -32.978237018152008, 0.0 ], [ -68.879839077307551, -32.978149790308635, 0.0 ], [ -68.879836178376763, -32.978157541961892, 0.0 ], [ -68.879825854424439, -32.978197387157181, 0.0 ], [ -68.879815308840463, -32.978242100304904, 0.0 ], [ -68.879806691954684, -32.978286905475564, 0.0 ], [ -68.879806364174527, -32.978288797785041, 0.0 ], [ -68.879798926612025, -32.97833171236659, 0.0 ], [ -68.879792661109548, -32.978376519798765, 0.0 ], [ -68.879787894132889, -32.978421509910305, 0.0 ], [ -68.879785169710942, -32.978457576263956, 0.0 ], [ -68.880162227609915, -32.978487154863728, 0.0 ], [ -68.880247721885283, -32.978237018152008, 0.0 ] ] ] ] } },
{ "type": "Feature", "properties": { "LAYER": "PARCELARIO_BASE_CATASTRO", "MAP_NAME": "1016_2026.dwg", "ccpp1": "1016 3054" }, "geometry": { "type": "MultiPolygon", "coordinates": [ [ [ [ -68.879921225567159, -32.977922011335643, 0.0 ], [ -68.879902110911161, -32.977974743003188, 0.0 ], [ -68.879886110794672, -32.978019270577185, 0.0 ], [ -68.879870003803006, -32.9780637096814, 0.0 ], [ -68.879854002584423, -32.97810823724955, 0.0 ], [ -68.879839077307551, -32.978149790308635, 0.0 ], [ -68.880247721885283, -32.978237018152008, 0.0 ], [ -68.880326678518301, -32.97807388897062, 0.0 ], [ -68.879921225567159, -32.977922011335643, 0.0 ] ] ] ] } },
{ "type": "Feature", "properties": { "LAYER": "PARCELARIO_BASE_CATASTRO", "MAP_NAME": "1016_2026.dwg", "ccpp1": "1016 3053" }, "geometry": { "type": "MultiPolygon", "coordinates": [ [ [ [ -68.879992963144161, -32.977717308896352, 0.0 ], [ -68.879981791144942, -32.977752283322062, 0.0 ], [ -68.879966645866261, -32.977796811729554, 0.0 ], [ -68.879948928913024, -32.977845214884276, 0.0 ], [ -68.879934326002953, -32.977885776419171, 0.0 ], [ -68.879921225567159, -32.977922011335643, 0.0 ], [ -68.880326678518301, -32.97807388897062, 0.0 ], [ -68.880381818544436, -32.977959698116557, 0.0 ], [ -68.880407350673224, -32.977906884156063, 0.0 ], [ -68.879992963144161, -32.977717308896352, 0.0 ] ] ] ] } },
{ "type": "Feature", "properties": { "LAYER": "PARCELARIO_BASE_CATASTRO", "MAP_NAME": "1016_2026.dwg", "ccpp1": "1016 3052" }, "geometry": { "type": "MultiPolygon", "coordinates": [ [ [ [ -68.880043410608451, -32.977515017790495, 0.0 ], [ -68.880031135613805, -32.97757379730318, 0.0 ], [ -68.880020378513521, -32.977618420101784, 0.0 ], [ -68.880008655266963, -32.977663132138801, 0.0 ], [ -68.879992963144161, -32.977717308896352, 0.0 ], [ -68.880407350673224, -32.977906884156063, 0.0 ], [ -68.880487272318305, -32.977741680121802, 0.0 ], [ -68.880252298783944, -32.97762171020652, 0.0 ], [ -68.880043410608451, -32.977515017790495, 0.0 ] ] ] ] } },
{ "type": "Feature", "properties": { "LAYER": "PARCELARIO_BASE_CATASTRO", "MAP_NAME": "1016_2026.dwg", "ccpp1": "1016 3051" }, "geometry": { "type": "MultiPolygon", "coordinates": [ [ [ [ -68.880072469224217, -32.977307568350156, 0.0 ], [ -68.880068454247251, -32.977349582758556, 0.0 ], [ -68.88006304465317, -32.977394481201515, 0.0 ], [ -68.880056671182103, -32.977439378718202, 0.0 ], [ -68.880049230184611, -32.97748418594265, 0.0 ], [ -68.880043410608451, -32.977515017790495, 0.0 ], [ -68.880252298783944, -32.97762171020652, 0.0 ], [ -68.880394711920559, -32.977523022609553, 0.0 ], [ -68.880324204541211, -32.977213854829643, 0.0 ], [ -68.880072469224217, -32.977307568350156, 0.0 ] ] ] ] } },
{ "type": "Feature", "properties": { "LAYER": "PARCELARIO_BASE_CATASTRO", "MAP_NAME": "1016_2026.dwg", "ccpp1": "1016 3153" }, "geometry": { "type": "MultiPolygon", "coordinates": [ [ [ [ -68.879832773150397, -32.979088804781846, 0.0 ], [ -68.879340867936193, -32.979099867473955, 0.0 ], [ -68.879444374203004, -32.979294462345052, 0.0 ], [ -68.880096537760508, -32.97927967779956, 0.0 ], [ -68.880056881027969, -32.979255294379605, 0.0 ], [ -68.879996375000033, -32.979222953432185, 0.0 ], [ -68.879988356276627, -32.979218617666362, 0.0 ], [ -68.879960669386506, -32.979203892783836, 0.0 ], [ -68.879892492845684, -32.979147922220605, 0.0 ], [ -68.87984356081337, -32.979100807495264, 0.0 ], [ -68.879832773150397, -32.979088804781846, 0.0 ] ] ] ] } },
{ "type": "Feature", "properties": { "LAYER": "PARCELARIO_BASE_CATASTRO", "MAP_NAME": "1016_2026.dwg", "ccpp1": "1016 3176" }, "geometry": { "type": "MultiPolygon", "coordinates": [ [ [ [ -68.879105414949308, -32.978312013002672, 0.0 ], [ -68.879088337612998, -32.978360867489371, 0.0 ], [ -68.879093096444805, -32.978479895569357, 0.0 ], [ -68.879098685443793, -32.978617768645975, 0.0 ], [ -68.879099821458468, -32.978646893986593, 0.0 ], [ -68.879130740351741, -32.9786455713961, 0.0 ], [ -68.879612065846047, -32.978623588108142, 0.0 ], [ -68.879611143011616, -32.978594912915355, 0.0 ], [ -68.879610562435815, -32.97854973822286, 0.0 ], [ -68.879611479447576, -32.978504655141613, 0.0 ], [ -68.879613792784625, -32.978456237192603, 0.0 ], [ -68.879614666726098, -32.978442893181168, 0.0 ], [ -68.879616736678074, -32.978414582445907, 0.0 ], [ -68.879621505880706, -32.978369592343107, 0.0 ], [ -68.879623493626141, -32.97832459775546, 0.0 ], [ -68.879633171405274, -32.978287998902324, 0.0 ], [ -68.879138793418875, -32.978310512455039, 0.0 ], [ -68.879105414949308, -32.978312013002672, 0.0 ] ] ] ] } },
{ "type": "Feature", "properties": { "LAYER": "PARCELARIO_BASE_CATASTRO", "MAP_NAME": "1016_2026.dwg", "ccpp1": "1016 3033" }, "geometry": { "type": "MultiPolygon", "coordinates": [ [ [ [ -68.879671163094272, -32.978119059901168, 0.0 ], [ -68.87919989734003, -32.978140332711554, 0.0 ], [ -68.879165343238412, -32.978141832138149, 0.0 ], [ -68.879105414949308, -32.978312013002672, 0.0 ], [ -68.879138793418875, -32.978310512455039, 0.0 ], [ -68.879633171405274, -32.978287998902324, 0.0 ], [ -68.879642977225686, -32.978235079775459, 0.0 ], [ -68.879652774043549, -32.97819036592081, 0.0 ], [ -68.879663852458862, -32.978145652398297, 0.0 ], [ -68.879671163094272, -32.978119059901168, 0.0 ] ] ] ] } },
{ "type": "Feature", "properties": { "LAYER": "PARCELARIO_BASE_CATASTRO", "MAP_NAME": "1016_2026.dwg", "ccpp1": "1016 3032" }, "geometry": { "type": "MultiPolygon", "coordinates": [ [ [ [ -68.879732586675544, -32.977948970366214, 0.0 ], [ -68.879260679599156, -32.977970513293975, 0.0 ], [ -68.87922505351635, -32.977972101868772, 0.0 ], [ -68.879165343238412, -32.978141832138149, 0.0 ], [ -68.87919989734003, -32.978140332711554, 0.0 ], [ -68.879671163094272, -32.978119059901168, 0.0 ], [ -68.879693608531383, -32.978056595145205, 0.0 ], [ -68.879709821638727, -32.978012067801423, 0.0 ], [ -68.879725821721294, -32.9779676295163, 0.0 ], [ -68.879732586675544, -32.977948970366214, 0.0 ] ] ] ] } },
{ "type": "Feature", "properties": { "LAYER": "PARCELARIO_BASE_CATASTRO", "MAP_NAME": "1016_2026.dwg", "ccpp1": "1016 3031" }, "geometry": { "type": "MultiPolygon", "coordinates": [ [ [ [ -68.879284871981099, -32.97780210116666, 0.0 ], [ -68.87922505351635, -32.977972101868772, 0.0 ], [ -68.879260679599156, -32.977970513293975, 0.0 ], [ -68.879732586675544, -32.977948970366214, 0.0 ], [ -68.879741822980989, -32.977923100160304, 0.0 ], [ -68.879758034847541, -32.977878662976032, 0.0 ], [ -68.879779384627739, -32.977834411071193, 0.0 ], [ -68.879794330006618, -32.977778791837594, 0.0 ], [ -68.879321672617394, -32.977800513709653, 0.0 ], [ -68.879284871981099, -32.97780210116666, 0.0 ] ] ] ] } },
{ "type": "Feature", "properties": { "LAYER": "PARCELARIO_BASE_CATASTRO", "MAP_NAME": "1016_2026.dwg", "ccpp1": "1016 3030" }, "geometry": { "type": "MultiPolygon", "coordinates": [ [ [ [ -68.879847622161947, -32.977609146150684, 0.0 ], [ -68.879382669925207, -32.977630333758853, 0.0 ], [ -68.87934458336008, -32.977632010159596, 0.0 ], [ -68.879284871981099, -32.97780210116666, 0.0 ], [ -68.879321672617394, -32.977800513709653, 0.0 ], [ -68.879794330006618, -32.977778791837594, 0.0 ], [ -68.879806143771674, -32.977745531237446, 0.0 ], [ -68.879820967118633, -32.977701001637641, 0.0 ], [ -68.879834613688971, -32.977656471805155, 0.0 ], [ -68.879847622161947, -32.977609146150684, 0.0 ] ] ] ] } },
{ "type": "Feature", "properties": { "LAYER": "PARCELARIO_BASE_CATASTRO", "MAP_NAME": "1016_2026.dwg", "ccpp1": "1016 3084" }, "geometry": { "type": "MultiPolygon", "coordinates": [ [ [ [ -68.879847622161947, -32.977609146150684, 0.0 ], [ -68.879858055943728, -32.977567137024685, 0.0 ], [ -68.87986827942089, -32.97752242355854, 0.0 ], [ -68.879878838049422, -32.977468781983582, 0.0 ], [ -68.879849774405031, -32.977441793809838, 0.0 ], [ -68.879443664734765, -32.977460244840529, 0.0 ], [ -68.879404508341324, -32.977462010394895, 0.0 ], [ -68.87934458336008, -32.977632010159596, 0.0 ], [ -68.879382669925207, -32.977630333758853, 0.0 ], [ -68.879847622161947, -32.977609146150684, 0.0 ] ] ] ] } },
{ "type": "Feature", "properties": { "LAYER": "PARCELARIO_BASE_CATASTRO", "MAP_NAME": "1016_2026.dwg", "ccpp1": "1016 3041" }, "geometry": { "type": "MultiPolygon", "coordinates": [ [ [ [ -68.879652550366899, -32.976783458118781, 0.0 ], [ -68.87967345830792, -32.977141360280889, 0.0 ], [ -68.87967607090367, -32.977186176269306, 0.0 ], [ -68.87954159791208, -32.97718757859186, 0.0 ], [ -68.879500733974794, -32.977187990010407, 0.0 ], [ -68.879468945605083, -32.977278487955878, 0.0 ], [ -68.879509492626013, -32.977276724624474, 0.0 ], [ -68.879875590518864, -32.97725994718818, 0.0 ], [ -68.879905900004729, -32.977234278472345, 0.0 ], [ -68.879907671021797, -32.977188834626951, 0.0 ], [ -68.879906379115539, -32.977117419465976, 0.0 ], [ -68.879909864368017, -32.977072429009553, 0.0 ], [ -68.879916449702975, -32.977027530799802, 0.0 ], [ -68.879926460202626, -32.976982817120145, 0.0 ], [ -68.87994601271869, -32.976920980701045, 0.0 ], [ -68.879670403111703, -32.976791860940935, 0.0 ], [ -68.879652550366899, -32.976783458118781, 0.0 ] ] ] ] } },
{ "type": "Feature", "properties": { "LAYER": "PARCELARIO_BASE_CATASTRO", "MAP_NAME": "1016_2026.dwg", "ccpp1": "1016 74" }, "geometry": { "type": "MultiPolygon", "coordinates": [ [ [ [ -68.891134705419645, -33.000329034204022, 0.0 ], [ -68.891164437479077, -33.000792271964983, 0.0 ], [ -68.891449826406088, -33.000779217104558, 0.0 ], [ -68.891418566252895, -33.000320049148293, 0.0 ], [ -68.891134705419645, -33.000329034204022, 0.0 ] ] ] ] } },
{ "type": "Feature", "properties": { "LAYER": "PARCELARIO_BASE_CATASTRO", "MAP_NAME": "1016_2026.dwg", "ccpp1": "1016 3203" }, "geometry": { "type": "MultiPolygon", "coordinates": [ [ [ [ -68.891645560848389, -32.999306185943119, 0.0 ], [ -68.89137395370291, -32.999315601462264, 0.0 ], [ -68.891069918409428, -32.999329673211236, 0.0 ], [ -68.891114823124184, -33.000022031241961, 0.0 ], [ -68.891121021039481, -33.000115115794259, 0.0 ], [ -68.891134705419645, -33.000329034204022, 0.0 ], [ -68.891418566252895, -33.000320049148293, 0.0 ], [ -68.891449826406088, -33.000779217104558, 0.0 ], [ -68.891451966975069, -33.000810313270833, 0.0 ], [ -68.891748378541422, -33.000799966028417, 0.0 ], [ -68.891698981584383, -33.000096367718051, 0.0 ], [ -68.891645560848389, -32.999306185943119, 0.0 ] ] ] ] } },
{ "type": "Feature", "properties": { "LAYER": "PARCELARIO_BASE_CATASTRO", "MAP_NAME": "1016_2026.dwg", "ccpp1": "1016 2990" }, "geometry": { "type": "MultiPolygon", "coordinates": [ [ [ [ -68.894241123848403, -32.998979896656721, 0.0 ], [ -68.893863206606454, -32.998993413073762, 0.0 ], [ -68.893729579569381, -32.9989981152547, 0.0 ], [ -68.89382248678254, -32.99922966458238, 0.0 ], [ -68.894051235395665, -32.999221659972378, 0.0 ], [ -68.8941045674393, -32.999219884735759, 0.0 ], [ -68.894386243438063, -32.999210205798825, 0.0 ], [ -68.894272326596777, -32.999040612227326, 0.0 ], [ -68.894241123848403, -32.998979896656721, 0.0 ] ] ] ] } },
{ "type": "Feature", "properties": { "LAYER": "PARCELARIO_BASE_CATASTRO", "MAP_NAME": "1016_2026.dwg", "ccpp1": "1016 8" }, "geometry": { "type": "MultiPolygon", "coordinates": [ [ [ [ -68.88170366453781, -32.983769120646542, 0.0 ], [ -68.881842787400004, -32.984056082622715, 0.0 ], [ -68.881847694592054, -32.984065915561843, 0.0 ], [ -68.882182717005165, -32.984025841408965, 0.0 ], [ -68.88219031420256, -32.984024946898025, 0.0 ], [ -68.882313686076898, -32.984010548909197, 0.0 ], [ -68.882417262539533, -32.98399838365188, 0.0 ], [ -68.882438129081621, -32.983995969667738, 0.0 ], [ -68.882380008183645, -32.98385534144596, 0.0 ], [ -68.882369556828749, -32.983830263133697, 0.0 ], [ -68.882253743690896, -32.983551349554666, 0.0 ], [ -68.882215564820868, -32.983460331471932, 0.0 ], [ -68.882206463772107, -32.983465823127005, 0.0 ], [ -68.881731503276086, -32.983752285626096, 0.0 ], [ -68.88170366453781, -32.983769120646542, 0.0 ] ] ] ] } },
{ "type": "Feature", "properties": { "LAYER": "PARCELARIO_BASE_CATASTRO", "MAP_NAME": "1016_2026.dwg", "ccpp1": "1016 2870" }, "geometry": { "type": "MultiPolygon", "coordinates": [ [ [ [ -68.881847694592054, -32.984065915561843, 0.0 ], [ -68.881842787400004, -32.984056082622715, 0.0 ], [ -68.88170366453781, -32.983769120646542, 0.0 ], [ -68.88126787349691, -32.984042183453802, 0.0 ], [ -68.881308419813678, -32.984122383924884, 0.0 ], [ -68.881312474544643, -32.984130412717604, 0.0 ], [ -68.881742513653094, -32.984078529666235, 0.0 ], [ -68.881847694592054, -32.984065915561843, 0.0 ] ] ] ] } },
{ "type": "Feature", "properties": { "LAYER": "PARCELARIO_BASE_CATASTRO", "MAP_NAME": "1016_2026.dwg", "ccpp1": "1016 2874" }, "geometry": { "type": "MultiPolygon", "coordinates": [ [ [ [ -68.887410373002595, -33.012004963068307, 0.0 ], [ -68.887074925046761, -33.011999661156807, 0.0 ], [ -68.887074079590917, -33.012357375419434, 0.0 ], [ -68.887096725261472, -33.012383265848463, 0.0 ], [ -68.887454114185857, -33.012162487190174, 0.0 ], [ -68.887411493405821, -33.012113684390549, 0.0 ], [ -68.887410373002595, -33.012004963068307, 0.0 ] ] ] ] } },
{ "type": "Feature", "properties": { "LAYER": "PARCELARIO_BASE_CATASTRO", "MAP_NAME": "1016_2026.dwg", "ccpp1": "1016 2874" }, "geometry": { "type": "MultiPolygon", "coordinates": [ [ [ [ -68.887410373002595, -33.012004963068307, 0.0 ], [ -68.887074925046761, -33.011999661156807, 0.0 ], [ -68.887074079590917, -33.012357375419434, 0.0 ], [ -68.887096725261472, -33.012383265848463, 0.0 ], [ -68.887454114185857, -33.012162487190174, 0.0 ], [ -68.887411493405821, -33.012113684390549, 0.0 ], [ -68.887410373002595, -33.012004963068307, 0.0 ] ] ] ] } },
{ "type": "Feature", "properties": { "LAYER": "PARCELARIO_BASE_CATASTRO", "MAP_NAME": "1016_2026.dwg", "ccpp1": "1016 1044" }, "geometry": { "type": "MultiPolygon", "coordinates": [ [ [ [ -68.888060568945193, -32.992983984969207, 0.0 ], [ -68.887874504572423, -32.992989937701047, 0.0 ], [ -68.887792226890056, -32.992993556155, 0.0 ], [ -68.887724176286852, -32.992996557978188, 0.0 ], [ -68.887654307807665, -32.992999555423566, 0.0 ], [ -68.887656212270755, -32.993016509572413, 0.0 ], [ -68.887662983796403, -32.993077560120739, 0.0 ], [ -68.887667322157768, -32.993116699524009, 0.0 ], [ -68.887676984580324, -32.993213367121072, 0.0 ], [ -68.887682941431152, -32.993258727748866, 0.0 ], [ -68.887689962886711, -32.993315088894732, 0.0 ], [ -68.887695192235171, -32.993334209156643, 0.0 ], [ -68.888090839460574, -32.993333240739432, 0.0 ], [ -68.888095119460928, -32.993333154407807, 0.0 ], [ -68.88811789710816, -32.99333310268635, 0.0 ], [ -68.888060568945193, -32.992983984969207, 0.0 ] ] ] ] } },
{ "type": "Feature", "properties": { "LAYER": "PARCELARIO_BASE_CATASTRO", "MAP_NAME": "1016_2026.dwg", "ccpp1": "1016 3201" }, "geometry": { "type": "MultiPolygon", "coordinates": [ [ [ [ -68.880307615906645, -32.985133824192019, 0.0 ], [ -68.880078327274177, -32.985136766390973, 0.0 ], [ -68.879864564659869, -32.985138901677885, 0.0 ], [ -68.879727297487449, -32.985143006529341, 0.0 ], [ -68.879513302838021, -32.985159208075281, 0.0 ], [ -68.87956244755982, -32.985210381547837, 0.0 ], [ -68.879629922420335, -32.985272659708009, 0.0 ], [ -68.880366388328767, -32.985208404228445, 0.0 ], [ -68.880332163481967, -32.985166046652971, 0.0 ], [ -68.880307615906645, -32.985133824192019, 0.0 ] ] ] ] } },
{ "type": "Feature", "properties": { "LAYER": "PARCELARIO_BASE_CATASTRO", "MAP_NAME": "1016_2026.dwg", "ccpp1": "1016 3103" }, "geometry": { "type": "MultiPolygon", "coordinates": [ [ [ [ -68.885698330128051, -32.987311612077889, 0.0 ], [ -68.885622447017369, -32.987334354147855, 0.0 ], [ -68.885522589995844, -32.987364197451996, 0.0 ], [ -68.885420914449682, -32.987394579112596, 0.0 ], [ -68.885372217480835, -32.987408147053081, 0.0 ], [ -68.885421018773926, -32.987644257475878, 0.0 ], [ -68.885757127495793, -32.987594891090701, 0.0 ], [ -68.885698330128051, -32.987311612077889, 0.0 ] ] ] ] } },
{ "type": "Feature", "properties": { "LAYER": "PARCELARIO_BASE_CATASTRO", "MAP_NAME": "1016_2026.dwg", "ccpp1": "1016 184" }, "geometry": { "type": "MultiPolygon", "coordinates": [ [ [ [ -68.8878113281324, -32.983695889135596, 0.0 ], [ -68.888161372209552, -32.984045603600542, 0.0 ], [ -68.888251993497647, -32.984127286643172, 0.0 ], [ -68.888276363036496, -32.984145792860069, 0.0 ], [ -68.88831143993815, -32.984157365724123, 0.0 ], [ -68.888411851654297, -32.984110748540552, 0.0 ], [ -68.888823831578321, -32.983959002821756, 0.0 ], [ -68.888994643295476, -32.983909382117233, 0.0 ], [ -68.888912720246495, -32.983801468499195, 0.0 ], [ -68.88890122691717, -32.983797886225972, 0.0 ], [ -68.888850744942445, -32.983872944843149, 0.0 ], [ -68.888673000398228, -32.983788029873601, 0.0 ], [ -68.88885414740713, -32.983516145956997, 0.0 ], [ -68.888845145585066, -32.983513141692313, 0.0 ], [ -68.888722268319754, -32.983474079735949, 0.0 ], [ -68.888713497790008, -32.98347226856275, 0.0 ], [ -68.888653397535506, -32.983451927217423, 0.0 ], [ -68.888602389467025, -32.983432856304468, 0.0 ], [ -68.888545074845354, -32.983409361516387, 0.0 ], [ -68.888432805830618, -32.983357234401076, 0.0 ], [ -68.888260536815494, -32.983460232417961, 0.0 ], [ -68.8878113281324, -32.983695889135596, 0.0 ] ] ] ] } },
{ "type": "Feature", "properties": { "LAYER": "PARCELARIO_BASE_CATASTRO", "MAP_NAME": "1016_2026.dwg", "ccpp1": "1016 3085" }, "geometry": { "type": "MultiPolygon", "coordinates": [ [ [ [ -68.892424759783765, -33.00315434904374, 0.0 ], [ -68.892159215109885, -33.003142372902893, 0.0 ], [ -68.892182474769001, -33.003397359884644, 0.0 ], [ -68.892224484347693, -33.003399273448842, 0.0 ], [ -68.89244820944802, -33.003409474998236, 0.0 ], [ -68.892424759783765, -33.00315434904374, 0.0 ] ] ] ] } },
{ "type": "Feature", "properties": { "LAYER": "PARCELARIO_BASE_CATASTRO", "MAP_NAME": "1016_2026.dwg", "ccpp1": "1016 2734" }, "geometry": { "type": "MultiPolygon", "coordinates": [ [ [ [ -68.89352876805701, -32.998055120728864, 0.0 ], [ -68.89384384425108, -32.998474208540259, 0.0 ], [ -68.893953598018939, -32.998634091530143, 0.0 ], [ -68.894117623176001, -32.998760186849694, 0.0 ], [ -68.894230542699333, -32.998860208165297, 0.0 ], [ -68.894233536503847, -32.998965281265903, 0.0 ], [ -68.894241123848403, -32.998979896656721, 0.0 ], [ -68.894272326596777, -32.999040612227326, 0.0 ], [ -68.894386243438063, -32.999210205798825, 0.0 ], [ -68.89441776073356, -32.99920911978824, 0.0 ], [ -68.894371260938257, -32.998918131080622, 0.0 ], [ -68.894344836010518, -32.99873611071736, 0.0 ], [ -68.894282178870483, -32.998350264523573, 0.0 ], [ -68.894235785155146, -32.998039585067644, 0.0 ], [ -68.89352876805701, -32.998055120728864, 0.0 ] ] ] ] } },
{ "type": "Feature", "properties": { "LAYER": "PARCELARIO_BASE_CATASTRO", "MAP_NAME": "1016_2026.dwg", "ccpp1": "1016 213" }, "geometry": { "type": "MultiPolygon", "coordinates": [ [ [ [ -68.886317371150938, -32.981616168396521, 0.0 ], [ -68.886245033399675, -32.981629537540051, 0.0 ], [ -68.886298877114598, -32.981772142015124, 0.0 ], [ -68.886713143127182, -32.981695234709221, 0.0 ], [ -68.886658407381006, -32.981552819854876, 0.0 ], [ -68.886317371150938, -32.981616168396521, 0.0 ] ] ] ] } },
{ "type": "Feature", "properties": { "LAYER": "PARCELARIO_BASE_CATASTRO", "MAP_NAME": "1016_2026.dwg", "ccpp1": "1016 3227" }, "geometry": { "type": "MultiPolygon", "coordinates": [ [ [ [ -68.886166382006664, -32.981644163237092, 0.0 ], [ -68.886003728714144, -32.981674401445119, 0.0 ], [ -68.885917800651228, -32.981690372861074, 0.0 ], [ -68.886095039137146, -32.981882502091416, 0.0 ], [ -68.886294494104447, -32.982103414852197, 0.0 ], [ -68.886420878114649, -32.982075126979744, 0.0 ], [ -68.886435754169199, -32.98207180700205, 0.0 ], [ -68.886355126719522, -32.98194424076695, 0.0 ], [ -68.886279339242364, -32.981824331434048, 0.0 ], [ -68.886729720738984, -32.981738365328589, 0.0 ], [ -68.886713143127182, -32.981695234709221, 0.0 ], [ -68.886298877114598, -32.981772142015124, 0.0 ], [ -68.886245033399675, -32.981629537540051, 0.0 ], [ -68.886166382006664, -32.981644163237092, 0.0 ] ] ] ] } },
{ "type": "Feature", "properties": { "LAYER": "PARCELARIO_BASE_CATASTRO", "MAP_NAME": "1016_2026.dwg", "ccpp1": "1016 654" }, "geometry": { "type": "MultiPolygon", "coordinates": [ [ [ [ -68.880470813126436, -32.972670105942655, 0.0 ], [ -68.880464923581698, -32.972674608706896, 0.0 ], [ -68.880434224377311, -32.972673226801561, 0.0 ], [ -68.880596206444579, -32.972812961852462, 0.0 ], [ -68.880624414282522, -32.972837424348427, 0.0 ], [ -68.880648348331761, -32.972858095697411, 0.0 ], [ -68.880725386260963, -32.972924532949335, 0.0 ], [ -68.88074478645072, -32.972943117068638, 0.0 ], [ -68.881004879929336, -32.9727874844843, 0.0 ], [ -68.880943339551607, -32.972727813958095, 0.0 ], [ -68.880930379568284, -32.972715262839117, 0.0 ], [ -68.880772293216296, -32.972526860143255, 0.0 ], [ -68.880746074009053, -32.972495262779624, 0.0 ], [ -68.880727782330624, -32.972464604416736, 0.0 ], [ -68.88070147941157, -32.972485752549979, 0.0 ], [ -68.880682096385499, -32.972501423269634, 0.0 ], [ -68.880662606380554, -32.972517093884022, 0.0 ], [ -68.880512682848661, -32.972637775687993, 0.0 ], [ -68.880470813126436, -32.972670105942655, 0.0 ] ] ] ] } },
{ "type": "Feature", "properties": { "LAYER": "PARCELARIO_BASE_CATASTRO", "MAP_NAME": "1016_2026.dwg", "ccpp1": "1016 316" }, "geometry": { "type": "MultiPolygon", "coordinates": [ [ [ [ -68.881790103459451, -32.975480365200028, 0.0 ], [ -68.881695955789169, -32.9754871288199, 0.0 ], [ -68.881738826827942, -32.975587075540382, 0.0 ], [ -68.881794601199687, -32.975717691569166, 0.0 ], [ -68.88182030252527, -32.9757776775945, 0.0 ], [ -68.881871980559609, -32.975771234390798, 0.0 ], [ -68.882211685605427, -32.975729086123067, 0.0 ], [ -68.882048696943627, -32.975455452825564, 0.0 ], [ -68.881790103459451, -32.975480365200028, 0.0 ] ] ] ] } },
{ "type": "Feature", "properties": { "LAYER": "PARCELARIO_BASE_CATASTRO", "MAP_NAME": "1016_2026.dwg", "ccpp1": "1016 1181" }, "geometry": { "type": "MultiPolygon", "coordinates": [ [ [ [ -68.881276968709031, -32.975539479495431, 0.0 ], [ -68.88140773415239, -32.975828952762541, 0.0 ], [ -68.881459840270566, -32.975822419968054, 0.0 ], [ -68.88182030252527, -32.9757776775945, 0.0 ], [ -68.881794601199687, -32.975717691569166, 0.0 ], [ -68.881738826827942, -32.975587075540382, 0.0 ], [ -68.881570853141582, -32.975603236774404, 0.0 ], [ -68.881531602360681, -32.975516097283574, 0.0 ], [ -68.881276968709031, -32.975539479495431, 0.0 ] ] ] ] } },
{ "type": "Feature", "properties": { "LAYER": "PARCELARIO_BASE_CATASTRO", "MAP_NAME": "1016_2026.dwg", "ccpp1": "1016 1180" }, "geometry": { "type": "MultiPolygon", "coordinates": [ [ [ [ -68.881087745511778, -32.975120486345411, 0.0 ], [ -68.881276968709031, -32.975539479495431, 0.0 ], [ -68.881531602360681, -32.975516097283574, 0.0 ], [ -68.881342381184794, -32.975097129765238, 0.0 ], [ -68.881322380775714, -32.975098961910319, 0.0 ], [ -68.881087745511778, -32.975120486345411, 0.0 ] ] ] ] } },
{ "type": "Feature", "properties": { "LAYER": "PARCELARIO_BASE_CATASTRO", "MAP_NAME": "1016_2026.dwg", "ccpp1": "1016 1065" }, "geometry": { "type": "MultiPolygon", "coordinates": [ [ [ [ -68.881395453839133, -32.975092268727273, 0.0 ], [ -68.88156749673162, -32.97547303103385, 0.0 ], [ -68.88168432899252, -32.97546196094013, 0.0 ], [ -68.881695955789169, -32.9754871288199, 0.0 ], [ -68.881790103459451, -32.975480365200028, 0.0 ], [ -68.8816165982755, -32.975072371082355, 0.0 ], [ -68.881395453839133, -32.975092268727273, 0.0 ] ] ] ] } },
{ "type": "Feature", "properties": { "LAYER": "PARCELARIO_BASE_CATASTRO", "MAP_NAME": "1016_2026.dwg", "ccpp1": "1016 1066" }, "geometry": { "type": "MultiPolygon", "coordinates": [ [ [ [ -68.8816165982755, -32.975072371082355, 0.0 ], [ -68.881790103459451, -32.975480365200028, 0.0 ], [ -68.882048696943627, -32.975455452825564, 0.0 ], [ -68.882034714071494, -32.975432176280542, 0.0 ], [ -68.881863187689319, -32.975144107787692, 0.0 ], [ -68.881854092636146, -32.975145722207948, 0.0 ], [ -68.881844891327844, -32.975146795519102, 0.0 ], [ -68.881835583764584, -32.975147327721146, 0.0 ], [ -68.881826276921743, -32.97514731891529, 0.0 ], [ -68.881817077774699, -32.975146769202773, 0.0 ], [ -68.881807879228319, -32.975145768650208, 0.0 ], [ -68.881798788498159, -32.975144137023165, 0.0 ], [ -68.881789805464265, -32.975141964489453, 0.0 ], [ -68.881781036981891, -32.975139341318311, 0.0 ], [ -68.881772590146483, -32.975136177443119, 0.0 ], [ -68.881764357982931, -32.975132472762709, 0.0 ], [ -68.88175644722628, -32.975128407714124, 0.0 ], [ -68.881748965092044, -32.97512380206296, 0.0 ], [ -68.881741804364808, -32.975118836043734, 0.0 ], [ -68.881735072139918, -32.975113419589988, 0.0 ], [ -68.881728768297251, -32.975107642869602, 0.0 ], [ -68.881722999811899, -32.975101505983943, 0.0 ], [ -68.881717766683863, -32.975095008933117, 0.0 ], [ -68.881713068792862, -32.975088241885068, 0.0 ], [ -68.88170890613884, -32.97508120483981, 0.0 ], [ -68.881705278601459, -32.975073987965303, 0.0 ], [ -68.881701760804717, -32.975064697330993, 0.0 ], [ -68.881638958840711, -32.97507031841198, 0.0 ], [ -68.8816165982755, -32.975072371082355, 0.0 ] ] ] ] } },
{ "type": "Feature", "properties": { "LAYER": "PARCELARIO_BASE_CATASTRO", "MAP_NAME": "1016_2026.dwg", "ccpp1": "1016 1040" }, "geometry": { "type": "MultiPolygon", "coordinates": [ [ [ [ -68.880137482723072, -32.975207654950502, 0.0 ], [ -68.880794123566361, -32.975905101532973, 0.0 ], [ -68.88140773415239, -32.975828952762541, 0.0 ], [ -68.881276968709031, -32.975539479495431, 0.0 ], [ -68.881087745511778, -32.975120486345411, 0.0 ], [ -68.880137482723072, -32.975207654950502, 0.0 ] ] ] ] } },
{ "type": "Feature", "properties": { "LAYER": "PARCELARIO_BASE_CATASTRO", "MAP_NAME": "1016_2026.dwg", "ccpp1": "1016 1084" }, "geometry": { "type": "MultiPolygon", "coordinates": [ [ [ [ -68.881939916422695, -32.975088929911188, 0.0 ], [ -68.881934605416788, -32.975095123939454, 0.0 ], [ -68.881925821456406, -32.97510413243365, 0.0 ], [ -68.881916396483234, -32.975112509145227, 0.0 ], [ -68.881906223402112, -32.975120344140834, 0.0 ], [ -68.881891627878275, -32.975129847569519, 0.0 ], [ -68.882067885000708, -32.975425805681013, 0.0 ], [ -68.882318591958992, -32.975378343305017, 0.0 ], [ -68.882128179388204, -32.97505319833401, 0.0 ], [ -68.881939916422695, -32.975088929911188, 0.0 ] ] ] ] } },
{ "type": "Feature", "properties": { "LAYER": "PARCELARIO_BASE_CATASTRO", "MAP_NAME": "1016_2026.dwg", "ccpp1": "1016 1166" }, "geometry": { "type": "MultiPolygon", "coordinates": [ [ [ [ -68.882256634930187, -32.974988939561698, 0.0 ], [ -68.881966552018298, -32.97504402888903, 0.0 ], [ -68.881961937455912, -32.975055025021831, 0.0 ], [ -68.881956360716202, -32.97506556940511, 0.0 ], [ -68.881949928534098, -32.975075842475604, 0.0 ], [ -68.881939916422695, -32.975088929911188, 0.0 ], [ -68.882128179388204, -32.97505319833401, 0.0 ], [ -68.882318591958992, -32.975378343305017, 0.0 ], [ -68.88249267527307, -32.97567579103935, 0.0 ], [ -68.882764355686703, -32.975624019439877, 0.0 ], [ -68.88268088196061, -32.975486795561125, 0.0 ], [ -68.882365670085079, -32.97496821350331, 0.0 ], [ -68.882256634930187, -32.974988939561698, 0.0 ] ] ] ] } },
{ "type": "Feature", "properties": { "LAYER": "PARCELARIO_BASE_CATASTRO", "MAP_NAME": "1016_2026.dwg", "ccpp1": "1016 2776" }, "geometry": { "type": "MultiPolygon", "coordinates": [ [ [ [ -68.880828621462683, -32.974693490519307, 0.0 ], [ -68.880785807673192, -32.974696927438842, 0.0 ], [ -68.880619220299494, -32.974710298923021, 0.0 ], [ -68.880655503789484, -32.97501428987681, 0.0 ], [ -68.880891514358026, -32.974992928063784, 0.0 ], [ -68.880850212377439, -32.974691753745176, 0.0 ], [ -68.880828621462683, -32.974693490519307, 0.0 ] ] ] ] } },
{ "type": "Feature", "properties": { "LAYER": "PARCELARIO_BASE_CATASTRO", "MAP_NAME": "1016_2026.dwg", "ccpp1": "1016 1045" }, "geometry": { "type": "MultiPolygon", "coordinates": [ [ [ [ -68.880508622331334, -32.974541038011672, 0.0 ], [ -68.880357232060547, -32.97455676264358, 0.0 ], [ -68.880417885006608, -32.975034260215189, 0.0 ], [ -68.880655503789484, -32.97501428987681, 0.0 ], [ -68.880619220299494, -32.974710298923021, 0.0 ], [ -68.880593999848813, -32.974532283204312, 0.0 ], [ -68.880520177152349, -32.974539876882311, 0.0 ], [ -68.880508622331334, -32.974541038011672, 0.0 ] ] ] ] } },
{ "type": "Feature", "properties": { "LAYER": "PARCELARIO_BASE_CATASTRO", "MAP_NAME": "1016_2026.dwg", "ccpp1": "1016 2658" }, "geometry": { "type": "MultiPolygon", "coordinates": [ [ [ [ -68.880253773129567, -32.974567483649771, 0.0 ], [ -68.880165506624735, -32.974576686292387, 0.0 ], [ -68.880183688055467, -32.974738284769089, 0.0 ], [ -68.880219522566762, -32.975056792460521, 0.0 ], [ -68.880417885006608, -32.975034260215189, 0.0 ], [ -68.880357232060547, -32.97455676264358, 0.0 ], [ -68.880253773129567, -32.974567483649771, 0.0 ] ] ] ] } },
{ "type": "Feature", "properties": { "LAYER": "PARCELARIO_BASE_CATASTRO", "MAP_NAME": "1016_2026.dwg", "ccpp1": "1016 1046" }, "geometry": { "type": "MultiPolygon", "coordinates": [ [ [ [ -68.881135593198692, -32.974488196428339, 0.0 ], [ -68.881012532058548, -32.974496795786713, 0.0 ], [ -68.881017950069918, -32.974524106520938, 0.0 ], [ -68.881048050417618, -32.974675842834792, 0.0 ], [ -68.881078940747997, -32.974673227624791, 0.0 ], [ -68.881124753821425, -32.974971817440689, 0.0 ], [ -68.881343544567386, -32.974951918038251, 0.0 ], [ -68.881282352665963, -32.974473789215132, 0.0 ], [ -68.881135593198692, -32.974488196428339, 0.0 ] ] ] ] } },
{ "type": "Feature", "properties": { "LAYER": "PARCELARIO_BASE_CATASTRO", "MAP_NAME": "1016_2026.dwg", "ccpp1": "1016 646" }, "geometry": { "type": "MultiPolygon", "coordinates": [ [ [ [ -68.879635884587856, -32.974648581892751, 0.0 ], [ -68.879755923402655, -32.974638869210473, 0.0 ], [ -68.880062011206164, -32.974614367332975, 0.0 ], [ -68.880047390187897, -32.974588835750652, 0.0 ], [ -68.880043118642675, -32.974583331400737, 0.0 ], [ -68.880016208371018, -32.974548320371717, 0.0 ], [ -68.879821322995696, -32.974294851110841, 0.0 ], [ -68.879306939165787, -32.974253959826669, 0.0 ], [ -68.879294934514519, -32.974271260479604, 0.0 ], [ -68.879472255854679, -32.974459702492084, 0.0 ], [ -68.87961730000066, -32.974627194167851, 0.0 ], [ -68.879625844755438, -32.974636940546318, 0.0 ], [ -68.879635884587856, -32.974648581892751, 0.0 ] ] ] ] } },
{ "type": "Feature", "properties": { "LAYER": "PARCELARIO_BASE_CATASTRO", "MAP_NAME": "1016_2026.dwg", "ccpp1": "1016 621" }, "geometry": { "type": "MultiPolygon", "coordinates": [ [ [ [ -68.880449237204459, -32.97431339717199, 0.0 ], [ -68.880508622331334, -32.974541038011672, 0.0 ], [ -68.880520177152349, -32.974539876882311, 0.0 ], [ -68.880593999848813, -32.974532283204312, 0.0 ], [ -68.880780618195587, -32.974513105121673, 0.0 ], [ -68.880770693755252, -32.974479972436484, 0.0 ], [ -68.880756670265939, -32.974433153745814, 0.0 ], [ -68.880712644522077, -32.974286237963206, 0.0 ], [ -68.880679156880475, -32.974289722526031, 0.0 ], [ -68.880449237204459, -32.97431339717199, 0.0 ] ] ] ] } },
{ "type": "Feature", "properties": { "LAYER": "PARCELARIO_BASE_CATASTRO", "MAP_NAME": "1016_2026.dwg", "ccpp1": "1016 702" }, "geometry": { "type": "MultiPolygon", "coordinates": [ [ [ [ -68.881127791297629, -32.974141823984731, 0.0 ], [ -68.881147736858736, -32.97418557444491, 0.0 ], [ -68.881142864690858, -32.9742291209499, 0.0 ], [ -68.881106539944, -32.974274260540746, 0.0 ], [ -68.88104982635987, -32.974287100562087, 0.0 ], [ -68.880987677514511, -32.974284696987532, 0.0 ], [ -68.881130777523879, -32.974481569907795, 0.0 ], [ -68.881135593198692, -32.974488196428339, 0.0 ], [ -68.881282352665963, -32.974473789215132, 0.0 ], [ -68.881344619960629, -32.974467716964512, 0.0 ], [ -68.881570365877579, -32.974445479401197, 0.0 ], [ -68.881580743713982, -32.974444497393591, 0.0 ], [ -68.881621506236812, -32.974440568644781, 0.0 ], [ -68.881683242461136, -32.974431610346109, 0.0 ], [ -68.881669054674703, -32.974401751299055, 0.0 ], [ -68.881522695745261, -32.974094680690193, 0.0 ], [ -68.881429804537362, -32.97412290528797, 0.0 ], [ -68.881391188433824, -32.974041717423781, 0.0 ], [ -68.881152436255832, -32.974111280488316, 0.0 ], [ -68.881127791297629, -32.974141823984731, 0.0 ] ] ] ] } },
{ "type": "Feature", "properties": { "LAYER": "PARCELARIO_BASE_CATASTRO", "MAP_NAME": "1016_2026.dwg", "ccpp1": "1016 219" }, "geometry": { "type": "MultiPolygon", "coordinates": [ [ [ [ -68.880155794552252, -32.975769359674025, 0.0 ], [ -68.879613680222562, -32.975793929330123, 0.0 ], [ -68.879738811001175, -32.976365539863771, 0.0 ], [ -68.879984340967042, -32.976346550263656, 0.0 ], [ -68.880344139341631, -32.976318674732809, 0.0 ], [ -68.880495418039487, -32.976307008478493, 0.0 ], [ -68.880655582046188, -32.976294650103135, 0.0 ], [ -68.880632186586524, -32.976269740484476, 0.0 ], [ -68.880155794552252, -32.975769359674025, 0.0 ] ] ] ] } },
{ "type": "Feature", "properties": { "LAYER": "PARCELARIO_BASE_CATASTRO", "MAP_NAME": "1016_2026.dwg", "ccpp1": "1016 1152" }, "geometry": { "type": "MultiPolygon", "coordinates": [ [ [ [ -68.879563303058461, -32.975551956485084, 0.0 ], [ -68.879574038091192, -32.975603182245457, 0.0 ], [ -68.879607729300034, -32.975765429613446, 0.0 ], [ -68.879613680222562, -32.975793929330123, 0.0 ], [ -68.880155794552252, -32.975769359674025, 0.0 ], [ -68.88008493256028, -32.975694926522515, 0.0 ], [ -68.879971496862552, -32.975568760925491, 0.0 ], [ -68.879957267854948, -32.975553058022236, 0.0 ], [ -68.879758211074801, -32.975552595129002, 0.0 ], [ -68.879563303058461, -32.975551956485084, 0.0 ] ] ] ] } },
{ "type": "Feature", "properties": { "LAYER": "PARCELARIO_BASE_CATASTRO", "MAP_NAME": "1016_2026.dwg", "ccpp1": "1016 2618" }, "geometry": { "type": "MultiPolygon", "coordinates": [ [ [ [ -68.882365670085079, -32.97496821350331, 0.0 ], [ -68.88268088196061, -32.975486795561125, 0.0 ], [ -68.883076802648148, -32.975240647589658, 0.0 ], [ -68.882756606178646, -32.974769219688, 0.0 ], [ -68.882735573144245, -32.974738182153125, 0.0 ], [ -68.882365670085079, -32.97496821350331, 0.0 ] ] ] ] } },
{ "type": "Feature", "properties": { "LAYER": "PARCELARIO_BASE_CATASTRO", "MAP_NAME": "1016_2026.dwg", "ccpp1": "1016 616" }, "geometry": { "type": "MultiPolygon", "coordinates": [ [ [ [ -68.880674246114935, -32.97388450285991, 0.0 ], [ -68.880930266554245, -32.973860582178752, 0.0 ], [ -68.881104589696989, -32.973813680554073, 0.0 ], [ -68.88108910317537, -32.973795271538322, 0.0 ], [ -68.880993480506675, -32.973626926968741, 0.0 ], [ -68.880912051749291, -32.973643259929119, 0.0 ], [ -68.880814548577561, -32.973601058463927, 0.0 ], [ -68.880747408341193, -32.973571960277866, 0.0 ], [ -68.880674246114935, -32.97388450285991, 0.0 ] ] ] ] } },
{ "type": "Feature", "properties": { "LAYER": "PARCELARIO_BASE_CATASTRO", "MAP_NAME": "1016_2026.dwg", "ccpp1": "1016 700" }, "geometry": { "type": "MultiPolygon", "coordinates": [ [ [ [ -68.880993480506675, -32.973626926968741, 0.0 ], [ -68.88108910317537, -32.973795271538322, 0.0 ], [ -68.881104589696989, -32.973813680554073, 0.0 ], [ -68.881177216070611, -32.973900130614851, 0.0 ], [ -68.881308894549093, -32.973824875374277, 0.0 ], [ -68.881364563621389, -32.97379291862552, 0.0 ], [ -68.881375697310503, -32.973786617440638, 0.0 ], [ -68.881606722507001, -32.973654740529646, 0.0 ], [ -68.881580858648761, -32.973556793556881, 0.0 ], [ -68.881537587552799, -32.973516988431648, 0.0 ], [ -68.880993480506675, -32.973626926968741, 0.0 ] ] ] ] } },
{ "type": "Feature", "properties": { "LAYER": "PARCELARIO_BASE_CATASTRO", "MAP_NAME": "1016_2026.dwg", "ccpp1": "1016 647" }, "geometry": { "type": "MultiPolygon", "coordinates": [ [ [ [ -68.881606722507001, -32.973654740529646, 0.0 ], [ -68.881375697310503, -32.973786617440638, 0.0 ], [ -68.881364563621389, -32.97379291862552, 0.0 ], [ -68.881308894549093, -32.973824875374277, 0.0 ], [ -68.881177216070611, -32.973900130614851, 0.0 ], [ -68.881401676091144, -32.974038571503279, 0.0 ], [ -68.881749349060868, -32.973952700559373, 0.0 ], [ -68.881861922675824, -32.973924855014012, 0.0 ], [ -68.88189135005328, -32.973917669405992, 0.0 ], [ -68.881931692584075, -32.973907608734081, 0.0 ], [ -68.882048760417817, -32.973878685252465, 0.0 ], [ -68.882088246764425, -32.973868894225291, 0.0 ], [ -68.882096700439519, -32.973866828341997, 0.0 ], [ -68.881999388323322, -32.973760789037101, 0.0 ], [ -68.881905814988698, -32.973658900918302, 0.0 ], [ -68.88187269068203, -32.973630737176016, 0.0 ], [ -68.881732580091068, -32.973692459829486, 0.0 ], [ -68.881606722507001, -32.973654740529646, 0.0 ] ] ] ] } },
{ "type": "Feature", "properties": { "LAYER": "PARCELARIO_BASE_CATASTRO", "MAP_NAME": "1016_2026.dwg", "ccpp1": "1016 607" }, "geometry": { "type": "MultiPolygon", "coordinates": [ [ [ [ -68.880674246114935, -32.97388450285991, 0.0 ], [ -68.880674721290887, -32.97416754065636, 0.0 ], [ -68.880896606830134, -32.974151792716398, 0.0 ], [ -68.880909043772675, -32.974051267260336, 0.0 ], [ -68.880930266554245, -32.973860582178752, 0.0 ], [ -68.880674246114935, -32.97388450285991, 0.0 ] ] ] ] } },
{ "type": "Feature", "properties": { "LAYER": "PARCELARIO_BASE_CATASTRO", "MAP_NAME": "1016_2026.dwg", "ccpp1": "1016 615" }, "geometry": { "type": "MultiPolygon", "coordinates": [ [ [ [ -68.880443299542733, -32.973877158725244, 0.0 ], [ -68.880674246114935, -32.97388450285991, 0.0 ], [ -68.880747408341193, -32.973571960277866, 0.0 ], [ -68.88060253934951, -32.97351249132317, 0.0 ], [ -68.880591629293477, -32.973511579212833, 0.0 ], [ -68.880580609352123, -32.973512831028614, 0.0 ], [ -68.880570228579998, -32.973516067150669, 0.0 ], [ -68.880561021964027, -32.973521197922842, 0.0 ], [ -68.880553417760936, -32.973527953250908, 0.0 ], [ -68.88046834441208, -32.973788096713733, 0.0 ], [ -68.88045351075364, -32.973841011131981, 0.0 ], [ -68.880443299542733, -32.973877158725244, 0.0 ] ] ] ] } },
{ "type": "Feature", "properties": { "LAYER": "PARCELARIO_BASE_CATASTRO", "MAP_NAME": "1016_2026.dwg", "ccpp1": "1016 609" }, "geometry": { "type": "MultiPolygon", "coordinates": [ [ [ [ -68.879936603613174, -32.973769282570181, 0.0 ], [ -68.880066731909679, -32.97381268823672, 0.0 ], [ -68.880062915067569, -32.974183094701232, 0.0 ], [ -68.880096823400081, -32.974184930619067, 0.0 ], [ -68.880119714138772, -32.974186214944915, 0.0 ], [ -68.880231600952072, -32.974192273377746, 0.0 ], [ -68.880278612194758, -32.974155529909204, 0.0 ], [ -68.880285493310581, -32.973891885283436, 0.0 ], [ -68.880298315135249, -32.97382373056567, 0.0 ], [ -68.880148619439211, -32.973773724100617, 0.0 ], [ -68.879987162195235, -32.973719738762711, 0.0 ], [ -68.879966097934144, -32.973712685416004, 0.0 ], [ -68.879936603613174, -32.973769282570181, 0.0 ] ] ] ] } },
{ "type": "Feature", "properties": { "LAYER": "PARCELARIO_BASE_CATASTRO", "MAP_NAME": "1016_2026.dwg", "ccpp1": "1016 614" }, "geometry": { "type": "MultiPolygon", "coordinates": [ [ [ [ -68.87979486390914, -32.974163811554249, 0.0 ], [ -68.879840644390399, -32.974167101655418, 0.0 ], [ -68.879895516812454, -32.974171031659367, 0.0 ], [ -68.880062915067569, -32.974183094701232, 0.0 ], [ -68.880066731909679, -32.97381268823672, 0.0 ], [ -68.879936603613174, -32.973769282570181, 0.0 ], [ -68.879860993344096, -32.973754422309931, 0.0 ], [ -68.879828090690708, -32.973957989995867, 0.0 ], [ -68.879802307651786, -32.974117652705317, 0.0 ], [ -68.87979486390914, -32.974163811554249, 0.0 ] ] ] ] } },
{ "type": "Feature", "properties": { "LAYER": "PARCELARIO_BASE_CATASTRO", "MAP_NAME": "1016_2026.dwg", "ccpp1": "1016 703" }, "geometry": { "type": "MultiPolygon", "coordinates": [ [ [ [ -68.880055541114373, -32.973544608022536, 0.0 ], [ -68.880020474296117, -32.973608593622643, 0.0 ], [ -68.879966097934144, -32.973712685416004, 0.0 ], [ -68.879987162195235, -32.973719738762711, 0.0 ], [ -68.880148619439211, -32.973773724100617, 0.0 ], [ -68.880298315135249, -32.97382373056567, 0.0 ], [ -68.880320224946487, -32.973759101106687, 0.0 ], [ -68.880330105788332, -32.973729986310367, 0.0 ], [ -68.880341919806042, -32.973695192781207, 0.0 ], [ -68.880405613787659, -32.9735032861104, 0.0 ], [ -68.880409259991083, -32.973496527001465, 0.0 ], [ -68.880409804821781, -32.973489133746803, 0.0 ], [ -68.880407675079553, -32.973481918267147, 0.0 ], [ -68.880402762698097, -32.973475691970933, 0.0 ], [ -68.880395922612536, -32.973471086852584, 0.0 ], [ -68.880235751513339, -32.973415570209518, 0.0 ], [ -68.880225486476135, -32.973412314317585, 0.0 ], [ -68.880215114588282, -32.973408968154338, 0.0 ], [ -68.880204742822954, -32.973405531822337, 0.0 ], [ -68.880194478153271, -32.973402005424198, 0.0 ], [ -68.880184320457488, -32.973398479127837, 0.0 ], [ -68.880174056032956, -32.973394772392233, 0.0 ], [ -68.880163898582367, -32.97339106575847, 0.0 ], [ -68.880153848227465, -32.973387269058605, 0.0 ], [ -68.88014369102217, -32.973383382087363, 0.0 ], [ -68.880055541114373, -32.973544608022536, 0.0 ] ] ] ] } },
{ "type": "Feature", "properties": { "LAYER": "PARCELARIO_BASE_CATASTRO", "MAP_NAME": "1016_2026.dwg", "ccpp1": "1016 817" }, "geometry": { "type": "MultiPolygon", "coordinates": [ [ [ [ -68.881098391930792, -32.973090166575062, 0.0 ], [ -68.881446144710523, -32.973403989681096, 0.0 ], [ -68.881614924812254, -32.973359989093979, 0.0 ], [ -68.88139293599626, -32.973134448624528, 0.0 ], [ -68.881334166429099, -32.973105440753727, 0.0 ], [ -68.881320456208613, -32.973098673240941, 0.0 ], [ -68.881206252639402, -32.972986305494608, 0.0 ], [ -68.881198126092386, -32.97297818715213, 0.0 ], [ -68.881098391930792, -32.973090166575062, 0.0 ] ] ] ] } },
{ "type": "Feature", "properties": { "LAYER": "PARCELARIO_BASE_CATASTRO", "MAP_NAME": "1016_2026.dwg", "ccpp1": "1016 606" }, "geometry": { "type": "MultiPolygon", "coordinates": [ [ [ [ -68.88099963285147, -32.973187183463914, 0.0 ], [ -68.880957858648728, -32.973227989762762, 0.0 ], [ -68.881220590811466, -32.973462947228448, 0.0 ], [ -68.881446144710523, -32.973403989681096, 0.0 ], [ -68.881098391930792, -32.973090166575062, 0.0 ], [ -68.881028018371552, -32.973159078087285, 0.0 ], [ -68.88099963285147, -32.973187183463914, 0.0 ] ] ] ] } },
{ "type": "Feature", "properties": { "LAYER": "PARCELARIO_BASE_CATASTRO", "MAP_NAME": "1016_2026.dwg", "ccpp1": "1016 3419" }, "geometry": { "type": "MultiPolygon", "coordinates": [ [ [ [ -68.880359021305154, -32.972912370527901, 0.0 ], [ -68.880323998694791, -32.973023243628546, 0.0 ], [ -68.880510026552059, -32.973180494416255, 0.0 ], [ -68.880472088212414, -32.973232394887155, 0.0 ], [ -68.880466622635154, -32.97323978343303, 0.0 ], [ -68.880465281144197, -32.973282702120805, 0.0 ], [ -68.880463621890939, -32.973323276135972, 0.0 ], [ -68.880487040317675, -32.973332111568325, 0.0 ], [ -68.880490040349613, -32.973246748779744, 0.0 ], [ -68.880725386260963, -32.972924532949335, 0.0 ], [ -68.880648348331761, -32.972858095697411, 0.0 ], [ -68.880624414282522, -32.972837424348427, 0.0 ], [ -68.880596206444579, -32.972812961852462, 0.0 ], [ -68.880434224377311, -32.972673226801561, 0.0 ], [ -68.880359021305154, -32.972912370527901, 0.0 ] ] ] ] } },
{ "type": "Feature", "properties": { "LAYER": "PARCELARIO_BASE_CATASTRO", "MAP_NAME": "1016_2026.dwg", "ccpp1": "1016 2750" }, "geometry": { "type": "MultiPolygon", "coordinates": [ [ [ [ -68.880241597782629, -32.973284651870543, 0.0 ], [ -68.880463621890939, -32.973323276135972, 0.0 ], [ -68.880465281144197, -32.973282702120805, 0.0 ], [ -68.880466622635154, -32.97323978343303, 0.0 ], [ -68.880472088212414, -32.973232394887155, 0.0 ], [ -68.880510026552059, -32.973180494416255, 0.0 ], [ -68.880323998694791, -32.973023243628546, 0.0 ], [ -68.880241597782629, -32.973284651870543, 0.0 ] ] ] ] } },
{ "type": "Feature", "properties": { "LAYER": "PARCELARIO_BASE_CATASTRO", "MAP_NAME": "1016_2026.dwg", "ccpp1": "1016 617" }, "geometry": { "type": "MultiPolygon", "coordinates": [ [ [ [ -68.879781757695639, -32.973020288337651, 0.0 ], [ -68.879807933382125, -32.973044388388914, 0.0 ], [ -68.879982763217484, -32.97317575096514, 0.0 ], [ -68.880045963157855, -32.973033075721467, 0.0 ], [ -68.880056697229534, -32.973005855291113, 0.0 ], [ -68.880094988797154, -32.972930150928683, 0.0 ], [ -68.880120948991177, -32.972876255377273, 0.0 ], [ -68.880223502498566, -32.972663106414551, 0.0 ], [ -68.880131302568316, -32.972655534015146, 0.0 ], [ -68.880001441738742, -32.972652884610355, 0.0 ], [ -68.879925005732844, -32.972774628136833, 0.0 ], [ -68.8798845831829, -32.972844018638646, 0.0 ], [ -68.87984416069169, -32.972913318958547, 0.0 ], [ -68.879815425260233, -32.972962613212786, 0.0 ], [ -68.879781757695639, -32.973020288337651, 0.0 ] ] ] ] } },
{ "type": "Feature", "properties": { "LAYER": "PARCELARIO_BASE_CATASTRO", "MAP_NAME": "1016_2026.dwg", "ccpp1": "1016 628" }, "geometry": { "type": "MultiPolygon", "coordinates": [ [ [ [ -68.879579123760635, -32.974144127440539, 0.0 ], [ -68.879659343367464, -32.974152229712743, 0.0 ], [ -68.879722449592421, -32.974158512093886, 0.0 ], [ -68.879742986523922, -32.974160064725943, 0.0 ], [ -68.87975464559095, -32.974160887463533, 0.0 ], [ -68.87979486390914, -32.974163811554249, 0.0 ], [ -68.879802307651786, -32.974117652705317, 0.0 ], [ -68.879828090690708, -32.973957989995867, 0.0 ], [ -68.879860993344096, -32.973754422309931, 0.0 ], [ -68.879819712557037, -32.973746267474219, 0.0 ], [ -68.879807841673085, -32.973743911682867, 0.0 ], [ -68.87979789582424, -32.973741918415087, 0.0 ], [ -68.87968667308985, -32.973719900497812, 0.0 ], [ -68.879625047394271, -32.973963024208693, 0.0 ], [ -68.879579123760635, -32.974144127440539, 0.0 ] ] ] ] } },
{ "type": "Feature", "properties": { "LAYER": "PARCELARIO_BASE_CATASTRO", "MAP_NAME": "1016_2026.dwg", "ccpp1": "1016 914" }, "geometry": { "type": "MultiPolygon", "coordinates": [ [ [ [ -68.879357183632564, -32.974121190917622, 0.0 ], [ -68.879383280988577, -32.974124372003715, 0.0 ], [ -68.879579123760635, -32.974144127440539, 0.0 ], [ -68.879625047394271, -32.973963024208693, 0.0 ], [ -68.87968667308985, -32.973719900497812, 0.0 ], [ -68.879649456348389, -32.97371247086474, 0.0 ], [ -68.87956689204556, -32.973698234901214, 0.0 ], [ -68.879521332007116, -32.973690346344434, 0.0 ], [ -68.879357183632564, -32.974121190917622, 0.0 ] ] ] ] } },
{ "type": "Feature", "properties": { "LAYER": "PARCELARIO_BASE_CATASTRO", "MAP_NAME": "1016_2026.dwg", "ccpp1": "1016 634" }, "geometry": { "type": "MultiPolygon", "coordinates": [ [ [ [ -68.879127017554211, -32.974093366147741, 0.0 ], [ -68.879163806519259, -32.974097650462703, 0.0 ], [ -68.879357183632564, -32.974121190917622, 0.0 ], [ -68.879521332007116, -32.973690346344434, 0.0 ], [ -68.879366256681877, -32.973663597096106, 0.0 ], [ -68.879326578499416, -32.973656976501339, 0.0 ], [ -68.879127017554211, -32.974093366147741, 0.0 ] ] ] ] } },
{ "type": "Feature", "properties": { "LAYER": "PARCELARIO_BASE_CATASTRO", "MAP_NAME": "1016_2026.dwg", "ccpp1": "1016 610" }, "geometry": { "type": "MultiPolygon", "coordinates": [ [ [ [ -68.878972985610503, -32.973925515329682, 0.0 ], [ -68.879104472720599, -32.974070632812385, 0.0 ], [ -68.879110561019473, -32.974077401305181, 0.0 ], [ -68.879127017554211, -32.974093366147741, 0.0 ], [ -68.879326578499416, -32.973656976501339, 0.0 ], [ -68.879262623252274, -32.973646004363374, 0.0 ], [ -68.879138022347917, -32.973628932263999, 0.0 ], [ -68.878972985610503, -32.973925515329682, 0.0 ] ] ] ] } },
{ "type": "Feature", "properties": { "LAYER": "PARCELARIO_BASE_CATASTRO", "MAP_NAME": "1016_2026.dwg", "ccpp1": "1016 811" }, "geometry": { "type": "MultiPolygon", "coordinates": [ [ [ [ -68.879530344373237, -32.973513174914771, 0.0 ], [ -68.87956689204556, -32.973698234901214, 0.0 ], [ -68.879649456348389, -32.97371247086474, 0.0 ], [ -68.87968667308985, -32.973719900497812, 0.0 ], [ -68.87979789582424, -32.973741918415087, 0.0 ], [ -68.879807841673085, -32.973743911682867, 0.0 ], [ -68.879819712557037, -32.973746267474219, 0.0 ], [ -68.879860993344096, -32.973754422309931, 0.0 ], [ -68.879936603613174, -32.973769282570181, 0.0 ], [ -68.879966097934144, -32.973712685416004, 0.0 ], [ -68.880020474296117, -32.973608593622643, 0.0 ], [ -68.880055541114373, -32.973544608022536, 0.0 ], [ -68.879629041744849, -32.97338423966233, 0.0 ], [ -68.879613839271613, -32.973472138813712, 0.0 ], [ -68.879530344373237, -32.973513174914771, 0.0 ] ] ] ] } },
{ "type": "Feature", "properties": { "LAYER": "PARCELARIO_BASE_CATASTRO", "MAP_NAME": "1016_2026.dwg", "ccpp1": "1016 633" }, "geometry": { "type": "MultiPolygon", "coordinates": [ [ [ [ -68.879629041744849, -32.97338423966233, 0.0 ], [ -68.880055541114373, -32.973544608022536, 0.0 ], [ -68.88014369102217, -32.973383382087363, 0.0 ], [ -68.880133747763878, -32.973379495320671, 0.0 ], [ -68.880123697777023, -32.973375428114714, 0.0 ], [ -68.880113647791092, -32.973371360907933, 0.0 ], [ -68.880103811874022, -32.973367203737865, 0.0 ], [ -68.880093868984829, -32.9733630464643, 0.0 ], [ -68.88008403331331, -32.973358708956887, 0.0 ], [ -68.880074197642756, -32.973354371448693, 0.0 ], [ -68.88006446906806, -32.973349943874545, 0.0 ], [ -68.880054740616231, -32.97334542613175, 0.0 ], [ -68.880045119138401, -32.973340908490975, 0.0 ], [ -68.880035497905354, -32.973336210513658, 0.0 ], [ -68.880025876673329, -32.973331512535601, 0.0 ], [ -68.880016362537248, -32.973326724491677, 0.0 ], [ -68.88000695537518, -32.973321936549794, 0.0 ], [ -68.879997441363102, -32.973317058336555, 0.0 ], [ -68.879988141419972, -32.973312090160249, 0.0 ], [ -68.87997873462686, -32.973307031712565, 0.0 ], [ -68.879969541902753, -32.973301883301907, 0.0 ], [ -68.879960242206735, -32.973296734787745, 0.0 ], [ -68.879951049606746, -32.973291496207828, 0.0 ], [ -68.879941964102784, -32.973286167562179, 0.0 ], [ -68.879932878599917, -32.973280838915862, 0.0 ], [ -68.879923900193106, -32.973275420203827, 0.0 ], [ -68.879915028882337, -32.973269911426122, 0.0 ], [ -68.879906050599743, -32.97326440254492, 0.0 ], [ -68.879897179535263, -32.973258713430162, 0.0 ], [ -68.879888308349891, -32.973253114482652, 0.0 ], [ -68.879879651355552, -32.973247335404508, 0.0 ], [ -68.879870887389444, -32.97324155622286, 0.0 ], [ -68.879862337492341, -32.9732356870785, 0.0 ], [ -68.87985378771846, -32.97322972776567, 0.0 ], [ -68.879845344918593, -32.973223768555158, 0.0 ], [ -68.879836902241976, -32.973217719176183, 0.0 ], [ -68.879828352715734, -32.973211579525831, 0.0 ], [ -68.879820124109273, -32.973205440183662, 0.0 ], [ -68.879811788653214, -32.973199210570137, 0.0 ], [ -68.879803560293297, -32.973192890891113, 0.0 ], [ -68.879754297131228, -32.973154972908461, 0.0 ], [ -68.879750133012308, -32.973149198146778, 0.0 ], [ -68.879744684242993, -32.9731441434921, 0.0 ], [ -68.879738271252918, -32.973140169924854, 0.0 ], [ -68.879730786824766, -32.973137457677659, 0.0 ], [ -68.879722979767749, -32.973136007471417, 0.0 ], [ -68.879714849714844, -32.973136089809771, 0.0 ], [ -68.879707038868986, -32.973137434807185, 0.0 ], [ -68.87969965395817, -32.973140222902458, 0.0 ], [ -68.879693230212709, -32.973144184107291, 0.0 ], [ -68.879671896411736, -32.973178247062599, 0.0 ], [ -68.879666750100256, -32.973186808065144, 0.0 ], [ -68.879661496814933, -32.973195368964397, 0.0 ], [ -68.879656457474297, -32.973203930069538, 0.0 ], [ -68.879651418010397, -32.973212581342374, 0.0 ], [ -68.879646378667829, -32.973221142447066, 0.0 ], [ -68.879626755418428, -32.973255928386621, 0.0 ], [ -68.879584178761561, -32.973335776197743, 0.0 ], [ -68.879629041744849, -32.97338423966233, 0.0 ] ] ] ] } },
{ "type": "Feature", "properties": { "LAYER": "PARCELARIO_BASE_CATASTRO", "MAP_NAME": "1016_2026.dwg", "ccpp1": "1016 223" }, "geometry": { "type": "MultiPolygon", "coordinates": [ [ [ [ -68.87912692071879, -32.973376000273532, 0.0 ], [ -68.879132005437171, -32.973491239902771, 0.0 ], [ -68.879138022347917, -32.973628932263999, 0.0 ], [ -68.879262623252274, -32.973646004363374, 0.0 ], [ -68.879326578499416, -32.973656976501339, 0.0 ], [ -68.879366256681877, -32.973663597096106, 0.0 ], [ -68.879521332007116, -32.973690346344434, 0.0 ], [ -68.87956689204556, -32.973698234901214, 0.0 ], [ -68.879530344373237, -32.973513174914771, 0.0 ], [ -68.879429301598734, -32.973478543066328, 0.0 ], [ -68.879404031669921, -32.97341765526641, 0.0 ], [ -68.879423528944315, -32.973318218781728, 0.0 ], [ -68.879230342596529, -32.973312982718376, 0.0 ], [ -68.879124015258867, -32.973310084650166, 0.0 ], [ -68.87912692071879, -32.973376000273532, 0.0 ] ] ] ] } },
{ "type": "Feature", "properties": { "LAYER": "PARCELARIO_BASE_CATASTRO", "MAP_NAME": "1016_2026.dwg", "ccpp1": "1016 612" }, "geometry": { "type": "MultiPolygon", "coordinates": [ [ [ [ -68.879043648652797, -32.972625631647944, 0.0 ], [ -68.879361646060801, -32.97249122819106, 0.0 ], [ -68.879216559409173, -32.972279283291449, 0.0 ], [ -68.879017071771671, -32.972346806398264, 0.0 ], [ -68.878986414260893, -32.972393393563472, 0.0 ], [ -68.879033424558543, -32.972592439916411, 0.0 ], [ -68.879043648652797, -32.972625631647944, 0.0 ] ] ] ] } },
{ "type": "Feature", "properties": { "LAYER": "PARCELARIO_BASE_CATASTRO", "MAP_NAME": "1016_2026.dwg", "ccpp1": "1016 649" }, "geometry": { "type": "MultiPolygon", "coordinates": [ [ [ [ -68.879920675832793, -32.972238392968165, 0.0 ], [ -68.879961781508499, -32.972316970631191, 0.0 ], [ -68.88002110445899, -32.972430459001117, 0.0 ], [ -68.880097820512333, -32.972576154021944, 0.0 ], [ -68.880131302568316, -32.972655534015146, 0.0 ], [ -68.880223502498566, -32.972663106414551, 0.0 ], [ -68.880342661387942, -32.972669261888569, 0.0 ], [ -68.880120488144115, -32.972226789131589, 0.0 ], [ -68.879920675832793, -32.972238392968165, 0.0 ] ] ] ] } },
{ "type": "Feature", "properties": { "LAYER": "PARCELARIO_BASE_CATASTRO", "MAP_NAME": "1016_2026.dwg", "ccpp1": "1016 717" }, "geometry": { "type": "MultiPolygon", "coordinates": [ [ [ [ -68.879216559409173, -32.972279283291449, 0.0 ], [ -68.879361646060801, -32.97249122819106, 0.0 ], [ -68.879439933908571, -32.97258156196969, 0.0 ], [ -68.879519932025048, -32.972594172518569, 0.0 ], [ -68.879606133324842, -32.972607690676078, 0.0 ], [ -68.879491822453303, -32.972418858774247, 0.0 ], [ -68.879400825523831, -32.972268582580199, 0.0 ], [ -68.879216559409173, -32.972279283291449, 0.0 ] ] ] ] } },
{ "type": "Feature", "properties": { "LAYER": "PARCELARIO_BASE_CATASTRO", "MAP_NAME": "1016_2026.dwg", "ccpp1": "1016 317" }, "geometry": { "type": "MultiPolygon", "coordinates": [ [ [ [ -68.879973228727991, -32.971208816559496, 0.0 ], [ -68.879679843017428, -32.971341081287463, 0.0 ], [ -68.879613054215753, -32.971369870700435, 0.0 ], [ -68.879986364331089, -32.972095000584162, 0.0 ], [ -68.880063070587298, -32.972089393681649, 0.0 ], [ -68.880251585053671, -32.972066852223769, 0.0 ], [ -68.880255134945003, -32.972052158239187, 0.0 ], [ -68.880258357350741, -32.97204233301386, 0.0 ], [ -68.880263394620471, -32.972035214569082, 0.0 ], [ -68.88027046592822, -32.972026925889644, 0.0 ], [ -68.880281499556645, -32.972015394958945, 0.0 ], [ -68.880289640940163, -32.972006836800006, 0.0 ], [ -68.880300668117528, -32.972000084766741, 0.0 ], [ -68.880312656698038, -32.971994325502088, 0.0 ], [ -68.880328815823702, -32.971989562080637, 0.0 ], [ -68.880344224932145, -32.971985699618784, 0.0 ], [ -68.880361770549428, -32.971984003234247, 0.0 ], [ -68.880376528346545, -32.971987173250582, 0.0 ], [ -68.880391179051784, -32.971990433330632, 0.0 ], [ -68.880409570354658, -32.971996221695392, 0.0 ], [ -68.880424641779868, -32.972004802087881, 0.0 ], [ -68.880436610672291, -32.972013650012656, 0.0 ], [ -68.880455309778824, -32.972029176812086, 0.0 ], [ -68.880392476659978, -32.971900717386781, 0.0 ], [ -68.880316308691718, -32.971745284909318, 0.0 ], [ -68.880101135549452, -32.971310198115233, 0.0 ], [ -68.880031240720342, -32.971183715412394, 0.0 ], [ -68.879973228727991, -32.971208816559496, 0.0 ] ] ] ] } },
{ "type": "Feature", "properties": { "LAYER": "PARCELARIO_BASE_CATASTRO", "MAP_NAME": "1016_2026.dwg", "ccpp1": "1016 613" }, "geometry": { "type": "MultiPolygon", "coordinates": [ [ [ [ -68.879279421930647, -32.972856870210862, 0.0 ], [ -68.879447705038515, -32.972924388258818, 0.0 ], [ -68.879738109078232, -32.972628376131453, 0.0 ], [ -68.879606133324842, -32.972607690676078, 0.0 ], [ -68.879519932025048, -32.972594172518569, 0.0 ], [ -68.879279421930647, -32.972856870210862, 0.0 ] ] ] ] } },
{ "type": "Feature", "properties": { "LAYER": "PARCELARIO_BASE_CATASTRO", "MAP_NAME": "1016_2026.dwg", "ccpp1": "1016 1171" }, "geometry": { "type": "MultiPolygon", "coordinates": [ [ [ [ -68.877260262471168, -32.971523330693138, 0.0 ], [ -68.877422180032823, -32.971627182938597, 0.0 ], [ -68.877439101117687, -32.971612952995763, 0.0 ], [ -68.877492934878532, -32.97159316884413, 0.0 ], [ -68.877526754856817, -32.971580758824018, 0.0 ], [ -68.877505717312332, -32.971554859969189, 0.0 ], [ -68.877635683748622, -32.971479697061476, 0.0 ], [ -68.877563251513109, -32.971390600477008, 0.0 ], [ -68.87729162824202, -32.971509590149694, 0.0 ], [ -68.877260262471168, -32.971523330693138, 0.0 ] ] ] ] } },
{ "type": "Feature", "properties": { "LAYER": "PARCELARIO_BASE_CATASTRO", "MAP_NAME": "1016_2026.dwg", "ccpp1": "1016 1172" }, "geometry": { "type": "MultiPolygon", "coordinates": [ [ [ [ -68.877045563281143, -32.971431388880433, 0.0 ], [ -68.877199437272793, -32.971549930885587, 0.0 ], [ -68.877260262471168, -32.971523330693138, 0.0 ], [ -68.87729162824202, -32.971509590149694, 0.0 ], [ -68.877563251513109, -32.971390600477008, 0.0 ], [ -68.87780236836511, -32.971285969229399, 0.0 ], [ -68.877567931509986, -32.971177357668111, 0.0 ], [ -68.877045563281143, -32.971431388880433, 0.0 ] ] ] ] } },
{ "type": "Feature", "properties": { "LAYER": "PARCELARIO_BASE_CATASTRO", "MAP_NAME": "1016_2026.dwg", "ccpp1": "1016 1173" }, "geometry": { "type": "MultiPolygon", "coordinates": [ [ [ [ -68.876456172958683, -32.97118717325845, 0.0 ], [ -68.8765232490058, -32.971260095358005, 0.0 ], [ -68.876705251884033, -32.971458103812971, 0.0 ], [ -68.876804784238715, -32.971422495487609, 0.0 ], [ -68.876965802211899, -32.971248810241676, 0.0 ], [ -68.876861399270581, -32.971171433350541, 0.0 ], [ -68.876456172958683, -32.97118717325845, 0.0 ] ] ] ] } },
{ "type": "Feature", "properties": { "LAYER": "PARCELARIO_BASE_CATASTRO", "MAP_NAME": "1016_2026.dwg", "ccpp1": "1016 2863" }, "geometry": { "type": "MultiPolygon", "coordinates": [ [ [ [ -68.876456172958683, -32.97118717325845, 0.0 ], [ -68.876861399270581, -32.971171433350541, 0.0 ], [ -68.876528636206729, -32.970924765766469, 0.0 ], [ -68.876357374951127, -32.971079685366753, 0.0 ], [ -68.876456172958683, -32.97118717325845, 0.0 ] ] ] ] } },
{ "type": "Feature", "properties": { "LAYER": "PARCELARIO_BASE_CATASTRO", "MAP_NAME": "1016_2026.dwg", "ccpp1": "1016 1055" }, "geometry": { "type": "MultiPolygon", "coordinates": [ [ [ [ -68.876922017917167, -32.971504213132967, 0.0 ], [ -68.876895574617095, -32.971519695973249, 0.0 ], [ -68.876870201641623, -32.97153472902292, 0.0 ], [ -68.876828555822769, -32.971559303831604, 0.0 ], [ -68.876808750191955, -32.97157082580582, 0.0 ], [ -68.877005280420008, -32.971784717715686, 0.0 ], [ -68.877362672337398, -32.971665653320407, 0.0 ], [ -68.877199437272793, -32.971549930885587, 0.0 ], [ -68.877045563281143, -32.971431388880433, 0.0 ], [ -68.876922017917167, -32.971504213132967, 0.0 ] ] ] ] } },
{ "type": "Feature", "properties": { "LAYER": "PARCELARIO_BASE_CATASTRO", "MAP_NAME": "1016_2026.dwg", "ccpp1": "1016 828" }, "geometry": { "type": "MultiPolygon", "coordinates": [ [ [ [ -68.878297856550745, -32.971753974251456, 0.0 ], [ -68.87827631899772, -32.971780462662998, 0.0 ], [ -68.878234630519486, -32.971836326203174, 0.0 ], [ -68.878039344343151, -32.972116017206474, 0.0 ], [ -68.877965517205752, -32.972205932777904, 0.0 ], [ -68.877987577892455, -32.972265916063677, 0.0 ], [ -68.878095080702749, -32.97234663124523, 0.0 ], [ -68.878108438431809, -32.972356652932142, 0.0 ], [ -68.878197772819178, -32.972425267777702, 0.0 ], [ -68.87824222958487, -32.972457050266684, 0.0 ], [ -68.878283752509901, -32.972444106544614, 0.0 ], [ -68.878378035192952, -32.972414713448877, 0.0 ], [ -68.878398689788895, -32.972408151294857, 0.0 ], [ -68.878571202505157, -32.97235421832513, 0.0 ], [ -68.878755925931657, -32.972288484959947, 0.0 ], [ -68.878620017618502, -32.971780526647983, 0.0 ], [ -68.878574892694687, -32.97161177840615, 0.0 ], [ -68.878297856550745, -32.971753974251456, 0.0 ] ] ] ] } },
{ "type": "Feature", "properties": { "LAYER": "PARCELARIO_BASE_CATASTRO", "MAP_NAME": "1016_2026.dwg", "ccpp1": "1016 816" }, "geometry": { "type": "MultiPolygon", "coordinates": [ [ [ [ -68.877740997226198, -32.971962980890581, 0.0 ], [ -68.877764075465194, -32.971983020780058, 0.0 ], [ -68.877710514727568, -32.972037429834799, 0.0 ], [ -68.877661238875447, -32.972087424830157, 0.0 ], [ -68.877341160870102, -32.972178451104533, 0.0 ], [ -68.877616263953598, -32.972431642262649, 0.0 ], [ -68.87790532238219, -32.97233941278396, 0.0 ], [ -68.87808235477641, -32.972499633947749, 0.0 ], [ -68.87824222958487, -32.972457050266684, 0.0 ], [ -68.878197772819178, -32.972425267777702, 0.0 ], [ -68.878108438431809, -32.972356652932142, 0.0 ], [ -68.878095080702749, -32.97234663124523, 0.0 ], [ -68.877987577892455, -32.972265916063677, 0.0 ], [ -68.877965517205752, -32.972205932777904, 0.0 ], [ -68.878039344343151, -32.972116017206474, 0.0 ], [ -68.87785651052306, -32.971974545248464, 0.0 ], [ -68.877794782803491, -32.971921585992838, 0.0 ], [ -68.877776483230249, -32.971906029430997, 0.0 ], [ -68.877740997226198, -32.971962980890581, 0.0 ] ] ] ] } },
{ "type": "Feature", "properties": { "LAYER": "PARCELARIO_BASE_CATASTRO", "MAP_NAME": "1016_2026.dwg", "ccpp1": "1016 1061" }, "geometry": { "type": "MultiPolygon", "coordinates": [ [ [ [ -68.881282352665963, -32.974473789215132, 0.0 ], [ -68.881343544567386, -32.974951918038251, 0.0 ], [ -68.881684943291475, -32.974921043801217, 0.0 ], [ -68.881683550128329, -32.974521778629367, 0.0 ], [ -68.881683242461136, -32.974431610346109, 0.0 ], [ -68.881621506236812, -32.974440568644781, 0.0 ], [ -68.881580743713982, -32.974444497393591, 0.0 ], [ -68.881570365877579, -32.974445479401197, 0.0 ], [ -68.881344619960629, -32.974467716964512, 0.0 ], [ -68.881282352665963, -32.974473789215132, 0.0 ] ] ] ] } },
{ "type": "Feature", "properties": { "LAYER": "PARCELARIO_BASE_CATASTRO", "MAP_NAME": "1016_2026.dwg", "ccpp1": "1016 1037" }, "geometry": { "type": "MultiPolygon", "coordinates": [ [ [ [ -68.880047390187897, -32.974588835750652, 0.0 ], [ -68.880062011206164, -32.974614367332975, 0.0 ], [ -68.879755923402655, -32.974638869210473, 0.0 ], [ -68.879719457073804, -32.974708894621557, 0.0 ], [ -68.879813122536277, -32.974820702926372, 0.0 ], [ -68.880183688055467, -32.974738284769089, 0.0 ], [ -68.880165506624735, -32.974576686292387, 0.0 ], [ -68.880047390187897, -32.974588835750652, 0.0 ] ] ] ] } },
{ "type": "Feature", "properties": { "LAYER": "PARCELARIO_BASE_CATASTRO", "MAP_NAME": "1016_2026.dwg", "ccpp1": "1016 2829" }, "geometry": { "type": "MultiPolygon", "coordinates": [ [ [ [ -68.879813122536277, -32.974820702926372, 0.0 ], [ -68.880027368729046, -32.975076264643441, 0.0 ], [ -68.880219522566762, -32.975056792460521, 0.0 ], [ -68.880183688055467, -32.974738284769089, 0.0 ], [ -68.879813122536277, -32.974820702926372, 0.0 ] ] ] ] } },
{ "type": "Feature", "properties": { "LAYER": "PARCELARIO_BASE_CATASTRO", "MAP_NAME": "1016_2026.dwg", "ccpp1": "1016 392" }, "geometry": { "type": "MultiPolygon", "coordinates": [ [ [ [ -68.878872800878483, -32.974911715519205, 0.0 ], [ -68.878874079780786, -32.975229472325744, 0.0 ], [ -68.879159635887234, -32.975277269272134, 0.0 ], [ -68.879547436834656, -32.975342026531479, 0.0 ], [ -68.879806223819017, -32.975385283271855, 0.0 ], [ -68.879584296935633, -32.975139001986328, 0.0 ], [ -68.879458783424965, -32.975006240202795, 0.0 ], [ -68.879420749140081, -32.974971849486899, 0.0 ], [ -68.879147392943679, -32.974921180468449, 0.0 ], [ -68.879076913095403, -32.974908128059106, 0.0 ], [ -68.879077072449903, -32.974948974309129, 0.0 ], [ -68.878872800878483, -32.974911715519205, 0.0 ] ] ] ] } },
{ "type": "Feature", "properties": { "LAYER": "PARCELARIO_BASE_CATASTRO", "MAP_NAME": "1016_2026.dwg", "ccpp1": "1016 2604" }, "geometry": { "type": "MultiPolygon", "coordinates": [ [ [ [ -68.881981896955807, -32.974445327947812, 0.0 ], [ -68.882015387542936, -32.974600538703761, 0.0 ], [ -68.882052918356166, -32.974774508204177, 0.0 ], [ -68.882256634930187, -32.974988939561698, 0.0 ], [ -68.882365670085079, -32.97496821350331, 0.0 ], [ -68.882735573144245, -32.974738182153125, 0.0 ], [ -68.882484447597051, -32.974376282299026, 0.0 ], [ -68.882304725840712, -32.974460510306798, 0.0 ], [ -68.881981896955807, -32.974445327947812, 0.0 ] ] ] ] } },
{ "type": "Feature", "properties": { "LAYER": "PARCELARIO_BASE_CATASTRO", "MAP_NAME": "1016_2026.dwg", "ccpp1": "1016 224" }, "geometry": { "type": "MultiPolygon", "coordinates": [ [ [ [ -68.880487040317675, -32.973332111568325, 0.0 ], [ -68.880737013581211, -32.973426419192741, 0.0 ], [ -68.880957858648728, -32.973227989762762, 0.0 ], [ -68.88099963285147, -32.973187183463914, 0.0 ], [ -68.880945680765123, -32.973135555945277, 0.0 ], [ -68.88074488474065, -32.972943210035538, 0.0 ], [ -68.880725386260963, -32.972924532949335, 0.0 ], [ -68.880490040349613, -32.973246748779744, 0.0 ], [ -68.880487040317675, -32.973332111568325, 0.0 ] ] ] ] } },
{ "type": "Feature", "properties": { "LAYER": "PARCELARIO_BASE_CATASTRO", "MAP_NAME": "1016_2026.dwg", "ccpp1": "1016 3042" }, "geometry": { "type": "MultiPolygon", "coordinates": [ [ [ [ -68.881003241062416, -32.976856446735297, 0.0 ], [ -68.880776460749615, -32.976611239597901, 0.0 ], [ -68.880622755520719, -32.976755542742197, 0.0 ], [ -68.880650847956119, -32.976786407934739, 0.0 ], [ -68.880682022963526, -32.976832784954475, 0.0 ], [ -68.880706125016459, -32.976888441607969, 0.0 ], [ -68.880713885041317, -32.976924335866357, 0.0 ], [ -68.880725698190432, -32.976969973035821, 0.0 ], [ -68.880739971710639, -32.977015703623003, 0.0 ], [ -68.880745298446513, -32.977030586421918, 0.0 ], [ -68.881003241062416, -32.976856446735297, 0.0 ] ] ] ] } },
{ "type": "Feature", "properties": { "LAYER": "PARCELARIO_BASE_CATASTRO", "MAP_NAME": "1016_2026.dwg", "ccpp1": "1016 3040" }, "geometry": { "type": "MultiPolygon", "coordinates": [ [ [ [ -68.880033741828868, -32.976757137856886, 0.0 ], [ -68.879653075635119, -32.976396995148022, 0.0 ], [ -68.879628717211233, -32.976373977941364, 0.0 ], [ -68.879652550366899, -32.976783458118781, 0.0 ], [ -68.879670403111703, -32.976791860940935, 0.0 ], [ -68.87994601271869, -32.976920980701045, 0.0 ], [ -68.879956746347418, -32.976893670128554, 0.0 ], [ -68.879977453927708, -32.97684941666347, 0.0 ], [ -68.880001905567227, -32.976805256960048, 0.0 ], [ -68.880033741828868, -32.976757137856886, 0.0 ] ] ] ] } },
{ "type": "Feature", "properties": { "LAYER": "PARCELARIO_BASE_CATASTRO", "MAP_NAME": "1016_2026.dwg", "ccpp1": "1016 3039" }, "geometry": { "type": "MultiPolygon", "coordinates": [ [ [ [ -68.879984340967042, -32.976346550263656, 0.0 ], [ -68.879730033686769, -32.976366230938531, 0.0 ], [ -68.879652039502787, -32.976372197058481, 0.0 ], [ -68.879628717211233, -32.976373977941364, 0.0 ], [ -68.879653075635119, -32.976396995148022, 0.0 ], [ -68.880033741828868, -32.976757137856886, 0.0 ], [ -68.880086335699005, -32.976707595990248, 0.0 ], [ -68.88014179479957, -32.976673565739617, 0.0 ], [ -68.880203445836159, -32.976649730383009, 0.0 ], [ -68.879984340967042, -32.976346550263656, 0.0 ] ] ] ] } },
{ "type": "Feature", "properties": { "LAYER": "PARCELARIO_BASE_CATASTRO", "MAP_NAME": "1016_2026.dwg", "ccpp1": "1016 3038" }, "geometry": { "type": "MultiPolygon", "coordinates": [ [ [ [ -68.880344139341631, -32.976318674732809, 0.0 ], [ -68.879984340967042, -32.976346550263656, 0.0 ], [ -68.880203445836159, -32.976649730383009, 0.0 ], [ -68.880250742209398, -32.976640488442101, 0.0 ], [ -68.880304555217634, -32.976636302134743, 0.0 ], [ -68.880358042351645, -32.976638157646924, 0.0 ], [ -68.880417188356688, -32.976647321257737, 0.0 ], [ -68.880344139341631, -32.976318674732809, 0.0 ] ] ] ] } },
{ "type": "Feature", "properties": { "LAYER": "PARCELARIO_BASE_CATASTRO", "MAP_NAME": "1016_2026.dwg", "ccpp1": "1016 3037" }, "geometry": { "type": "MultiPolygon", "coordinates": [ [ [ [ -68.880495418039487, -32.976307008478493, 0.0 ], [ -68.880344139341631, -32.976318674732809, 0.0 ], [ -68.880417188356688, -32.976647321257737, 0.0 ], [ -68.880463811184313, -32.976659990306864, 0.0 ], [ -68.880516200199423, -32.976681320077631, 0.0 ], [ -68.880568043185562, -32.976710946559713, 0.0 ], [ -68.880583753890065, -32.976722052241762, 0.0 ], [ -68.880741637746539, -32.976573696478461, 0.0 ], [ -68.880495418039487, -32.976307008478493, 0.0 ] ] ] ] } },
{ "type": "Feature", "properties": { "LAYER": "PARCELARIO_BASE_CATASTRO", "MAP_NAME": "1016_2026.dwg", "ccpp1": "1016 2964" }, "geometry": { "type": "MultiPolygon", "coordinates": [ [ [ [ -68.882067885000708, -32.975425805681013, 0.0 ], [ -68.882034714071494, -32.975432176280542, 0.0 ], [ -68.882048696943627, -32.975455452825564, 0.0 ], [ -68.882211685605427, -32.975729086123067, 0.0 ], [ -68.88249267527307, -32.97567579103935, 0.0 ], [ -68.882318591958992, -32.975378343305017, 0.0 ], [ -68.882067885000708, -32.975425805681013, 0.0 ] ] ] ] } },
{ "type": "Feature", "properties": { "LAYER": "PARCELARIO_BASE_CATASTRO", "MAP_NAME": "1016_2026.dwg", "ccpp1": "1016 3301" }, "geometry": { "type": "MultiPolygon", "coordinates": [ [ [ [ -68.880766269394911, -32.974280869171295, 0.0 ], [ -68.880828361975475, -32.974488444658, 0.0 ], [ -68.88089166589117, -32.974507079651779, 0.0 ], [ -68.881012532058548, -32.974496795786713, 0.0 ], [ -68.881135593198692, -32.974488196428339, 0.0 ], [ -68.881130777523879, -32.974481569907795, 0.0 ], [ -68.880987677514511, -32.974284696987532, 0.0 ], [ -68.880974954483378, -32.974279545287338, 0.0 ], [ -68.880958492439078, -32.974270602966406, 0.0 ], [ -68.880945340910216, -32.974265901694743, 0.0 ], [ -68.880930901337365, -32.974264445241531, 0.0 ], [ -68.880766269394911, -32.974280869171295, 0.0 ] ] ] ] } },
{ "type": "Feature", "properties": { "LAYER": "PARCELARIO_BASE_CATASTRO", "MAP_NAME": "1016_2026.dwg", "ccpp1": "1016 894" }, "geometry": { "type": "MultiPolygon", "coordinates": [ [ [ [ -68.879400825523831, -32.972268582580199, 0.0 ], [ -68.879491822453303, -32.972418858774247, 0.0 ], [ -68.879606133324842, -32.972607690676078, 0.0 ], [ -68.879738109078232, -32.972628376131453, 0.0 ], [ -68.879799605123978, -32.972637993139863, 0.0 ], [ -68.879871368315676, -32.972649243017912, 0.0 ], [ -68.879911367615691, -32.972655412908814, 0.0 ], [ -68.879897285239622, -32.972627357114831, 0.0 ], [ -68.879880215830525, -32.972593257189288, 0.0 ], [ -68.879851624703392, -32.972536063165705, 0.0 ], [ -68.879824953735834, -32.972482838375484, 0.0 ], [ -68.879708625996784, -32.972250707846946, 0.0 ], [ -68.879400825523831, -32.972268582580199, 0.0 ] ] ] ] } },
{ "type": "Feature", "properties": { "LAYER": "PARCELARIO_BASE_CATASTRO", "MAP_NAME": "1016_2026.dwg", "ccpp1": "1016 2696" }, "geometry": { "type": "MultiPolygon", "coordinates": [ [ [ [ -68.877005280420008, -32.971784717715686, 0.0 ], [ -68.877208434089269, -32.972005648927869, 0.0 ], [ -68.877359194939842, -32.971823387144539, 0.0 ], [ -68.877452362490772, -32.971904088806561, 0.0 ], [ -68.877558295055465, -32.971804196361752, 0.0 ], [ -68.877534677449759, -32.971787492121855, 0.0 ], [ -68.877372696410461, -32.971672759386273, 0.0 ], [ -68.877362672337398, -32.971665653320407, 0.0 ], [ -68.877005280420008, -32.971784717715686, 0.0 ] ] ] ] } },
{ "type": "Feature", "properties": { "LAYER": "PARCELARIO_BASE_CATASTRO", "MAP_NAME": "1016_2026.dwg", "ccpp1": "1016 80" }, "geometry": { "type": "MultiPolygon", "coordinates": [ [ [ [ -68.888675972954147, -32.998138949889267, 0.0 ], [ -68.888699761528656, -32.998242357335499, 0.0 ], [ -68.888710395309062, -32.998343947893517, 0.0 ], [ -68.888599019630234, -32.998351762578068, 0.0 ], [ -68.888588535960224, -32.99835220225799, 0.0 ], [ -68.888359580333869, -32.998361155159245, 0.0 ], [ -68.88835477633836, -32.998709151115428, 0.0 ], [ -68.888632608417382, -32.998698085023399, 0.0 ], [ -68.888660083430821, -32.998909647342288, 0.0 ], [ -68.889314538720129, -32.998883508098316, 0.0 ], [ -68.889775006144205, -32.998865127254476, 0.0 ], [ -68.889658168095963, -32.998494940835201, 0.0 ], [ -68.889360850546197, -32.998523009285755, 0.0 ], [ -68.889192165515539, -32.998131209253089, 0.0 ], [ -68.888675972954147, -32.998138949889267, 0.0 ] ] ] ] } },
{ "type": "Feature", "properties": { "LAYER": "PARCELARIO_BASE_CATASTRO", "MAP_NAME": "1016_2026.dwg", "ccpp1": "1016 873" }, "geometry": { "type": "MultiPolygon", "coordinates": [ [ [ [ -68.886795033061475, -32.988574211116095, 0.0 ], [ -68.886539314382233, -32.988587855840514, 0.0 ], [ -68.886261896427214, -32.988587503367825, 0.0 ], [ -68.886287732937618, -32.98887940545108, 0.0 ], [ -68.886290475646987, -32.988909884661602, 0.0 ], [ -68.886298384656669, -32.988999882021758, 0.0 ], [ -68.88666291378415, -32.988983364674745, 0.0 ], [ -68.886675752433604, -32.988982836222355, 0.0 ], [ -68.88702743968301, -32.988966756994301, 0.0 ], [ -68.886976091530073, -32.988879876239565, 0.0 ], [ -68.886874358623203, -32.988701785678899, 0.0 ], [ -68.886795033061475, -32.988574211116095, 0.0 ] ] ] ] } },
{ "type": "Feature", "properties": { "LAYER": "PARCELARIO_BASE_CATASTRO", "MAP_NAME": "1016_2026.dwg", "ccpp1": "1016 494" }, "geometry": { "type": "MultiPolygon", "coordinates": [ [ [ [ -68.889314538720129, -32.998883508098316, 0.0 ], [ -68.889480083688525, -32.999400917683779, 0.0 ], [ -68.889673110248154, -32.999392421498577, 0.0 ], [ -68.889885909882125, -32.999389309234452, 0.0 ], [ -68.889941651126151, -32.999386393673944, 0.0 ], [ -68.889868471488526, -32.999157498988723, 0.0 ], [ -68.889775006144205, -32.998865127254476, 0.0 ], [ -68.889314538720129, -32.998883508098316, 0.0 ] ] ] ] } },
{ "type": "Feature", "properties": { "LAYER": "PARCELARIO_BASE_CATASTRO", "MAP_NAME": "1016_2026.dwg", "ccpp1": "1016 440" }, "geometry": { "type": "MultiPolygon", "coordinates": [ [ [ [ -68.887890930344696, -32.994518564024837, 0.0 ], [ -68.887902883571201, -32.994565641400129, 0.0 ], [ -68.887935718952747, -32.994563419388399, 0.0 ], [ -68.887985777357116, -32.994559952276411, 0.0 ], [ -68.888049522635782, -32.994560194293477, 0.0 ], [ -68.888062472080719, -32.994559834412939, 0.0 ], [ -68.888042779309558, -32.994444312820399, 0.0 ], [ -68.888006716213724, -32.994232756941443, 0.0 ], [ -68.887994033523128, -32.99415835719978, 0.0 ], [ -68.88799275709188, -32.994146453014558, 0.0 ], [ -68.887989453051645, -32.994126073048378, 0.0 ], [ -68.88798753456372, -32.994115069964217, 0.0 ], [ -68.887979760409763, -32.994060600787066, 0.0 ], [ -68.887979441991007, -32.994057715134424, 0.0 ], [ -68.887973052526789, -32.994009922314859, 0.0 ], [ -68.887969004209495, -32.993984128911777, 0.0 ], [ -68.887962505475599, -32.993942376328533, 0.0 ], [ -68.887947804888896, -32.993848497638922, 0.0 ], [ -68.887947059645384, -32.993842996739168, 0.0 ], [ -68.887945782355402, -32.993832627206721, 0.0 ], [ -68.887940779057345, -32.993796283321643, 0.0 ], [ -68.888071160774956, -32.993783968848426, 0.0 ], [ -68.888059651083722, -32.993716963011153, 0.0 ], [ -68.888008916613558, -32.993444514509164, 0.0 ], [ -68.887892010660323, -32.993449199304436, 0.0 ], [ -68.887738428392439, -32.993455355918442, 0.0 ], [ -68.887730681385321, -32.993455666343088, 0.0 ], [ -68.887757377033282, -32.993649394059197, 0.0 ], [ -68.887792472040317, -32.993904070067288, 0.0 ], [ -68.887800139910738, -32.993958718595557, 0.0 ], [ -68.887828038182363, -32.994161170186821, 0.0 ], [ -68.887827925370956, -32.994172531217586, 0.0 ], [ -68.887858941212571, -32.994352533835617, 0.0 ], [ -68.887859687778516, -32.994356142116345, 0.0 ], [ -68.887890930344696, -32.994518564024837, 0.0 ] ] ] ] } },
{ "type": "Feature", "properties": { "LAYER": "PARCELARIO_BASE_CATASTRO", "MAP_NAME": "1016_2026.dwg", "ccpp1": "1016 3325" }, "geometry": { "type": "MultiPolygon", "coordinates": [ [ [ [ -68.881120984494331, -32.982528104533387, 0.0 ], [ -68.881125680539583, -32.982537306126957, 0.0 ], [ -68.881128347892528, -32.982542718738522, 0.0 ], [ -68.881130055288551, -32.982545966407272, 0.0 ], [ -68.881164945135069, -32.982615339610483, 0.0 ], [ -68.881115518534244, -32.982616013908718, 0.0 ], [ -68.881065770031171, -32.982616597712983, 0.0 ], [ -68.880801839790792, -32.98261967866982, 0.0 ], [ -68.880537697893288, -32.982620235969293, 0.0 ], [ -68.880649746863128, -32.982830166450285, 0.0 ], [ -68.880654763586122, -32.982839548703311, 0.0 ], [ -68.88065839101148, -32.982846224592315, 0.0 ], [ -68.880663940254578, -32.982856599200431, 0.0 ], [ -68.880760729665056, -32.983037752343499, 0.0 ], [ -68.88100245597164, -32.982999934788147, 0.0 ], [ -68.881138670585642, -32.982980409723474, 0.0 ], [ -68.881384031507451, -32.982945299022596, 0.0 ], [ -68.881307502851357, -32.982732067658375, 0.0 ], [ -68.881292686930792, -32.982691026291825, 0.0 ], [ -68.881286078991408, -32.982673073898511, 0.0 ], [ -68.881259963195021, -32.98260181644909, 0.0 ], [ -68.881239392233837, -32.98254589100214, 0.0 ], [ -68.881219350127139, -32.982491319474157, 0.0 ], [ -68.88115919593892, -32.982514615722188, 0.0 ], [ -68.881120984494331, -32.982528104533387, 0.0 ] ] ] ] } },
{ "type": "Feature", "properties": { "LAYER": "PARCELARIO_BASE_CATASTRO", "MAP_NAME": "1016_2026.dwg", "ccpp1": "1016 515" }, "geometry": { "type": "MultiPolygon", "coordinates": [ [ [ [ -68.887401979834337, -32.987043164133546, 0.0 ], [ -68.88713988900686, -32.987122442012883, 0.0 ], [ -68.887030613311396, -32.987156514095709, 0.0 ], [ -68.886715627893082, -32.987254411561231, 0.0 ], [ -68.886755612375623, -32.987360670021914, 0.0 ], [ -68.886765743494962, -32.98738646810542, 0.0 ], [ -68.886773314736161, -32.987404418365557, 0.0 ], [ -68.886790914071369, -32.987445912417698, 0.0 ], [ -68.886805528468727, -32.987480642978845, 0.0 ], [ -68.88682579300324, -32.987528811859555, 0.0 ], [ -68.886869630967468, -32.987632999010664, 0.0 ], [ -68.886965207848263, -32.987602612454097, 0.0 ], [ -68.887014335214147, -32.987585346500197, 0.0 ], [ -68.887062928640304, -32.98756979142901, 0.0 ], [ -68.887113236801412, -32.987550271407102, 0.0 ], [ -68.887581177937747, -32.987393455334896, 0.0 ], [ -68.887401979834337, -32.987043164133546, 0.0 ] ] ] ] } },
{ "type": "Feature", "properties": { "LAYER": "PARCELARIO_BASE_CATASTRO", "MAP_NAME": "1016_2026.dwg", "ccpp1": "1016 575" }, "geometry": { "type": "MultiPolygon", "coordinates": [ [ [ [ -68.885427943111893, -32.985274791384349, 0.0 ], [ -68.885368112106249, -32.98529493226723, 0.0 ], [ -68.88511412764862, -32.985380175259934, 0.0 ], [ -68.885287206316136, -32.985561847644234, 0.0 ], [ -68.885386590228521, -32.985648233128629, 0.0 ], [ -68.885561685478947, -32.985596191048316, 0.0 ], [ -68.88563296443246, -32.98557515797922, 0.0 ], [ -68.885666997429411, -32.985565090346832, 0.0 ], [ -68.885710704797233, -32.985552118237202, 0.0 ], [ -68.88567812217093, -32.985520159980481, 0.0 ], [ -68.885427943111893, -32.985274791384349, 0.0 ] ] ] ] } },
{ "type": "Feature", "properties": { "LAYER": "PARCELARIO_BASE_CATASTRO", "MAP_NAME": "1016_2026.dwg", "ccpp1": "1016 3414" }, "geometry": { "type": "MultiPolygon", "coordinates": [ [ [ [ -68.886474174308475, -32.988026455920284, 0.0 ], [ -68.886500575052565, -32.988460648877215, 0.0 ], [ -68.886696886962127, -32.988454941010254, 0.0 ], [ -68.886652553289551, -32.988013018130587, 0.0 ], [ -68.886474174308475, -32.988026455920284, 0.0 ] ] ] ] } },
{ "type": "Feature", "properties": { "LAYER": "PARCELARIO_BASE_CATASTRO", "MAP_NAME": "1016_2026.dwg", "ccpp1": "1016 3357" }, "geometry": { "type": "MultiPolygon", "coordinates": [ [ [ [ -68.887001734613733, -32.98798532670051, 0.0 ], [ -68.886982794651516, -32.987988194929102, 0.0 ], [ -68.886818494306084, -32.988000573400505, 0.0 ], [ -68.886899800805693, -32.988419103570905, 0.0 ], [ -68.886936455755972, -32.988416276006582, 0.0 ], [ -68.88722738625593, -32.988390492326474, 0.0 ], [ -68.887199418255406, -32.988341231839613, 0.0 ], [ -68.887194079671204, -32.988331759397937, 0.0 ], [ -68.887104627982637, -32.988175049872666, 0.0 ], [ -68.887065771617856, -32.988106485403229, 0.0 ], [ -68.887061930239483, -32.988100080014952, 0.0 ], [ -68.887001734613733, -32.98798532670051, 0.0 ] ] ] ] } },
{ "type": "Feature", "properties": { "LAYER": "PARCELARIO_BASE_CATASTRO", "MAP_NAME": "1016_2026.dwg", "ccpp1": "1016 3291" }, "geometry": { "type": "MultiPolygon", "coordinates": [ [ [ [ -68.887988577682208, -32.991186203685722, 0.0 ], [ -68.887762613664407, -32.9911894145229, 0.0 ], [ -68.88752690801789, -32.991197486137011, 0.0 ], [ -68.88728135638074, -32.991206631332766, 0.0 ], [ -68.887341246247018, -32.991367822377811, 0.0 ], [ -68.887503369442598, -32.991366801781545, 0.0 ], [ -68.887562427694661, -32.991366588081128, 0.0 ], [ -68.887614211143443, -32.991366547238854, 0.0 ], [ -68.887769237909112, -32.991366784963375, 0.0 ], [ -68.887924264677352, -32.991367021593689, 0.0 ], [ -68.887996061027692, -32.991360597546148, 0.0 ], [ -68.888051273267266, -32.991355782510588, 0.0 ], [ -68.888073421325956, -32.99135399630616, 0.0 ], [ -68.887988577682208, -32.991186203685722, 0.0 ] ] ] ] } },
{ "type": "Feature", "properties": { "LAYER": "PARCELARIO_BASE_CATASTRO", "MAP_NAME": "1016_2026.dwg", "ccpp1": "1016 2777" }, "geometry": { "type": "MultiPolygon", "coordinates": [ [ [ [ -68.893733690822472, -32.999771904138434, 0.0 ], [ -68.893794579009608, -33.00021118866556, 0.0 ], [ -68.89386318309964, -33.000704851674385, 0.0 ], [ -68.894471659208705, -33.000683853499694, 0.0 ], [ -68.894340588337201, -33.000284434378948, 0.0 ], [ -68.894293722990497, -33.000035027992759, 0.0 ], [ -68.894267222168637, -32.999753219052309, 0.0 ], [ -68.893733690822472, -32.999771904138434, 0.0 ] ] ] ] } },
{ "type": "Feature", "properties": { "LAYER": "PARCELARIO_BASE_CATASTRO", "MAP_NAME": "1016_2026.dwg", "ccpp1": "1016 3175" }, "geometry": { "type": "MultiPolygon", "coordinates": [ [ [ [ -68.893794579009608, -33.00021118866556, 0.0 ], [ -68.893570296600984, -33.000219004551475, 0.0 ], [ -68.893634205835866, -33.000712934184413, 0.0 ], [ -68.89386318309964, -33.000704851674385, 0.0 ], [ -68.893794579009608, -33.00021118866556, 0.0 ] ] ] ] } },
{ "type": "Feature", "properties": { "LAYER": "PARCELARIO_BASE_CATASTRO", "MAP_NAME": "1016_2026.dwg", "ccpp1": "1016 2782" }, "geometry": { "type": "MultiPolygon", "coordinates": [ [ [ [ -68.891595834352941, -32.995145508669459, 0.0 ], [ -68.89113819119882, -32.995140257655663, 0.0 ], [ -68.891183059221504, -32.995274570005598, 0.0 ], [ -68.891216729469079, -32.995299311609109, 0.0 ], [ -68.89163865256937, -32.99530290200876, 0.0 ], [ -68.891595834352941, -32.995145508669459, 0.0 ] ] ] ] } },
{ "type": "Feature", "properties": { "LAYER": "PARCELARIO_BASE_CATASTRO", "MAP_NAME": "1016_2026.dwg", "ccpp1": "1016 3087" }, "geometry": { "type": "MultiPolygon", "coordinates": [ [ [ [ -68.877616263953598, -32.972431642262649, 0.0 ], [ -68.877741095731039, -32.972590279889936, 0.0 ], [ -68.878053568776537, -32.972507270126428, 0.0 ], [ -68.87808235477641, -32.972499633947749, 0.0 ], [ -68.87790532238219, -32.97233941278396, 0.0 ], [ -68.877616263953598, -32.972431642262649, 0.0 ] ] ] ] } },
{ "type": "Feature", "properties": { "LAYER": "PARCELARIO_BASE_CATASTRO", "MAP_NAME": "1016_2026.dwg", "ccpp1": "1016 3088" }, "geometry": { "type": "MultiPolygon", "coordinates": [ [ [ [ -68.878630829816984, -32.972478527810303, 0.0 ], [ -68.87866163987438, -32.972633466396836, 0.0 ], [ -68.878665145421266, -32.97265141323728, 0.0 ], [ -68.878668647517543, -32.972671884778627, 0.0 ], [ -68.878671505439669, -32.972694068886277, 0.0 ], [ -68.878672564436528, -32.972701914532195, 0.0 ], [ -68.878672013425344, -32.972713726006681, 0.0 ], [ -68.878669856966923, -32.972726167097619, 0.0 ], [ -68.878652925454944, -32.972826237142087, 0.0 ], [ -68.878609887399648, -32.973164686025711, 0.0 ], [ -68.878992970655361, -32.973233495285562, 0.0 ], [ -68.879025909945597, -32.973239658619349, 0.0 ], [ -68.879073622191115, -32.973237991632224, 0.0 ], [ -68.879055777258344, -32.97322363764016, 0.0 ], [ -68.87905679101506, -32.973186218899073, 0.0 ], [ -68.879050524476483, -32.973153301508106, 0.0 ], [ -68.879049715396306, -32.973119036881677, 0.0 ], [ -68.879058004895668, -32.973080453001543, 0.0 ], [ -68.87904703672875, -32.973043744000591, 0.0 ], [ -68.879046790166996, -32.97298919211616, 0.0 ], [ -68.879061179793965, -32.972948630446155, 0.0 ], [ -68.879067079135609, -32.97293700448509, 0.0 ], [ -68.878976405659401, -32.972908153060679, 0.0 ], [ -68.878921255710949, -32.97287302425238, 0.0 ], [ -68.87890987634691, -32.972824142158053, 0.0 ], [ -68.878876555584995, -32.9727057192476, 0.0 ], [ -68.878849497640829, -32.972622918767172, 0.0 ], [ -68.878818721459837, -32.972521269556935, 0.0 ], [ -68.878809991990963, -32.972490333457259, 0.0 ], [ -68.878799651421815, -32.972464174698302, 0.0 ], [ -68.87879228649048, -32.972452355540916, 0.0 ], [ -68.878779566066996, -32.972445580594346, 0.0 ], [ -68.878768655914996, -32.972444848660743, 0.0 ], [ -68.878741696030318, -32.972446986521668, 0.0 ], [ -68.87864249494136, -32.972474752088679, 0.0 ], [ -68.878630829816984, -32.972478527810303, 0.0 ] ] ] ] } },
{ "type": "Feature", "properties": { "LAYER": "PARCELARIO_BASE_CATASTRO", "MAP_NAME": "1016_2026.dwg", "ccpp1": "1016 3092" }, "geometry": { "type": "MultiPolygon", "coordinates": [ [ [ [ -68.87847329880104, -32.972840669708908, 0.0 ], [ -68.87846292136571, -32.972841471123147, 0.0 ], [ -68.878437566063099, -32.972843520311528, 0.0 ], [ -68.878321488382667, -32.972852604415621, 0.0 ], [ -68.878257084055534, -32.97285759106267, 0.0 ], [ -68.878015816107435, -32.972873835660728, 0.0 ], [ -68.87808333908886, -32.972951106145821, 0.0 ], [ -68.878184377915147, -32.97306571810384, 0.0 ], [ -68.878197729574012, -32.973080248174661, 0.0 ], [ -68.878609887399648, -32.973164686025711, 0.0 ], [ -68.878652925454944, -32.972826237142087, 0.0 ], [ -68.87847329880104, -32.972840669708908, 0.0 ] ] ] ] } },
{ "type": "Feature", "properties": { "LAYER": "PARCELARIO_BASE_CATASTRO", "MAP_NAME": "1016_2026.dwg", "ccpp1": "1016 3089" }, "geometry": { "type": "MultiPolygon", "coordinates": [ [ [ [ -68.878403305961058, -32.972552334447066, 0.0 ], [ -68.878453825234928, -32.972765901477608, 0.0 ], [ -68.878457868941112, -32.972781414310845, 0.0 ], [ -68.87847329880104, -32.972840669708908, 0.0 ], [ -68.878652925454944, -32.972826237142087, 0.0 ], [ -68.878669856966923, -32.972726167097619, 0.0 ], [ -68.878672013425344, -32.972713726006681, 0.0 ], [ -68.878672564436528, -32.972701914532195, 0.0 ], [ -68.878671505439669, -32.972694068886277, 0.0 ], [ -68.878668647517543, -32.972671884778627, 0.0 ], [ -68.878665145421266, -32.97265141323728, 0.0 ], [ -68.87866163987438, -32.972633466396836, 0.0 ], [ -68.878630829816984, -32.972478527810303, 0.0 ], [ -68.878455637653758, -32.972536064974157, 0.0 ], [ -68.878403305961058, -32.972552334447066, 0.0 ] ] ] ] } },
{ "type": "Feature", "properties": { "LAYER": "PARCELARIO_BASE_CATASTRO", "MAP_NAME": "1016_2026.dwg", "ccpp1": "1016 3090" }, "geometry": { "type": "MultiPolygon", "coordinates": [ [ [ [ -68.878164773128617, -32.972619186992283, 0.0 ], [ -68.878257084055534, -32.97285759106267, 0.0 ], [ -68.878321488382667, -32.972852604415621, 0.0 ], [ -68.878437566063099, -32.972843520311528, 0.0 ], [ -68.87846292136571, -32.972841471123147, 0.0 ], [ -68.87847329880104, -32.972840669708908, 0.0 ], [ -68.878457868941112, -32.972781414310845, 0.0 ], [ -68.878453825234928, -32.972765901477608, 0.0 ], [ -68.878403305961058, -32.972552334447066, 0.0 ], [ -68.87825840826666, -32.972594121421011, 0.0 ], [ -68.878164773128617, -32.972619186992283, 0.0 ] ] ] ] } },
{ "type": "Feature", "properties": { "LAYER": "PARCELARIO_BASE_CATASTRO", "MAP_NAME": "1016_2026.dwg", "ccpp1": "1016 3091" }, "geometry": { "type": "MultiPolygon", "coordinates": [ [ [ [ -68.878015816107435, -32.972873835660728, 0.0 ], [ -68.878257084055534, -32.97285759106267, 0.0 ], [ -68.878164773128617, -32.972619186992283, 0.0 ], [ -68.878112765346643, -32.972633202458709, 0.0 ], [ -68.877919065480398, -32.972691351980622, 0.0 ], [ -68.87790071739964, -32.972731909650335, 0.0 ], [ -68.877901132137794, -32.972741467865035, 0.0 ], [ -68.878015816107435, -32.972873835660728, 0.0 ] ] ] ] } },
{ "type": "Feature", "properties": { "LAYER": "PARCELARIO_BASE_CATASTRO", "MAP_NAME": "1016_2026.dwg", "ccpp1": "1016 718" }, "geometry": { "type": "MultiPolygon", "coordinates": [ [ [ [ -68.879069108104702, -32.971605134623985, 0.0 ], [ -68.879051019449847, -32.971612871559252, 0.0 ], [ -68.879276848067406, -32.972142972365909, 0.0 ], [ -68.879553845076927, -32.972119200100593, 0.0 ], [ -68.879375241898614, -32.971854023911135, 0.0 ], [ -68.87917657038183, -32.971558621754376, 0.0 ], [ -68.879069108104702, -32.971605134623985, 0.0 ] ] ] ] } },
{ "type": "Feature", "properties": { "LAYER": "PARCELARIO_BASE_CATASTRO", "MAP_NAME": "1016_2026.dwg", "ccpp1": "1016 3121" }, "geometry": { "type": "MultiPolygon", "coordinates": [ [ [ [ -68.885263095063607, -32.985840088838849, 0.0 ], [ -68.885362532037078, -32.985967591820213, 0.0 ], [ -68.885609189505658, -32.98584149739559, 0.0 ], [ -68.885386590228521, -32.985648233128629, 0.0 ], [ -68.885287206316136, -32.985561847644234, 0.0 ], [ -68.88511412764862, -32.985380175259934, 0.0 ], [ -68.885074275154466, -32.985338567607748, 0.0 ], [ -68.885028523896025, -32.985290801458277, 0.0 ], [ -68.884800320515851, -32.985359131321559, 0.0 ], [ -68.884831026445639, -32.985390078197035, 0.0 ], [ -68.885097181002735, -32.985658331050281, 0.0 ], [ -68.885134470011891, -32.985695966245473, 0.0 ], [ -68.885210331183032, -32.985772681368402, 0.0 ], [ -68.885263095063607, -32.985840088838849, 0.0 ] ] ] ] } },
{ "type": "Feature", "properties": { "LAYER": "PARCELARIO_BASE_CATASTRO", "MAP_NAME": "1016_2026.dwg", "ccpp1": "1016 939" }, "geometry": { "type": "MultiPolygon", "coordinates": [ [ [ [ -68.886912760384803, -32.982769054579812, 0.0 ], [ -68.887275452550156, -32.983143159007504, 0.0 ], [ -68.887464889775117, -32.982848030071885, 0.0 ], [ -68.887293111292237, -32.982752627215682, 0.0 ], [ -68.88717167381607, -32.982676415863743, 0.0 ], [ -68.887110226348, -32.982622530105324, 0.0 ], [ -68.886912760384803, -32.982769054579812, 0.0 ] ] ] ] } },
{ "type": "Feature", "properties": { "LAYER": "PARCELARIO_BASE_CATASTRO", "MAP_NAME": "1016_2026.dwg", "ccpp1": "1016 3286" }, "geometry": { "type": "MultiPolygon", "coordinates": [ [ [ [ -68.8791382456957, -32.979493131879536, 0.0 ], [ -68.879068887346932, -32.979520330611614, 0.0 ], [ -68.879014054691595, -32.979563288499477, 0.0 ], [ -68.878982435661115, -32.979607079469616, 0.0 ], [ -68.878961371142779, -32.9796776614333, 0.0 ], [ -68.878968023215009, -32.979741957602009, 0.0 ], [ -68.878988606823114, -32.979787873016242, 0.0 ], [ -68.879028126023996, -32.979834619183642, 0.0 ], [ -68.879077718799479, -32.979868662319056, 0.0 ], [ -68.879121344062682, -32.979884754441166, 0.0 ], [ -68.879108523096349, -32.980107188966073, 0.0 ], [ -68.879127244679097, -32.980107297255849, 0.0 ], [ -68.879126994620506, -32.980111804507487, 0.0 ], [ -68.879126236951024, -32.980125329861842, 0.0 ], [ -68.879124657427511, -32.980152376901607, 0.0 ], [ -68.879159490389327, -32.980152503484987, 0.0 ], [ -68.879173737968287, -32.979903652040697, 0.0 ], [ -68.879220678325311, -32.979920739182447, 0.0 ], [ -68.879272960018568, -32.979943512048521, 0.0 ], [ -68.87932501866392, -32.979973770416947, 0.0 ], [ -68.879364241213821, -32.980002843280175, 0.0 ], [ -68.879436288323546, -32.980046464857921, 0.0 ], [ -68.879532623416253, -32.980084609583166, 0.0 ], [ -68.879633998880877, -32.980115364422062, 0.0 ], [ -68.879743510118999, -32.98014234266622, 0.0 ], [ -68.879849392030934, -32.980162643094083, 0.0 ], [ -68.879955710429286, -32.980177443609421, 0.0 ], [ -68.880070808031476, -32.980187294132328, 0.0 ], [ -68.880169116568581, -32.980191175555142, 0.0 ], [ -68.880275562706302, -32.980189867424151, 0.0 ], [ -68.880284764330383, -32.980189754518726, 0.0 ], [ -68.880383730401348, -32.980183628666872, 0.0 ], [ -68.880491581536987, -32.980171741395175, 0.0 ], [ -68.880517690307414, -32.980167798989761, 0.0 ], [ -68.880549620944237, -32.980178995929336, 0.0 ], [ -68.88053994313664, -32.980167279270916, 0.0 ], [ -68.88050812527176, -32.980120811456047, 0.0 ], [ -68.880491902999381, -32.980091942202137, 0.0 ], [ -68.880482942287813, -32.980074441052359, 0.0 ], [ -68.880463104325671, -32.980028706033302, 0.0 ], [ -68.880456085211677, -32.980007326814729, 0.0 ], [ -68.88043635489862, -32.980032557646176, 0.0 ], [ -68.88039216465873, -32.980037744167333, 0.0 ], [ -68.880284532404715, -32.980045304405465, 0.0 ], [ -68.880177335973272, -32.980047004054875, 0.0 ], [ -68.880070470546571, -32.980042841212693, 0.0 ], [ -68.879963929720816, -32.980032820381986, 0.0 ], [ -68.879885529863458, -32.980021562376024, 0.0 ], [ -68.879804779309538, -32.980006606977497, 0.0 ], [ -68.87969911708899, -32.979981437656086, 0.0 ], [ -68.879593891540367, -32.979949867646354, 0.0 ], [ -68.879541608171351, -32.979928265292394, 0.0 ], [ -68.879501637921848, -32.97989910159513, 0.0 ], [ -68.879464472967541, -32.979852448919594, 0.0 ], [ -68.879446777458682, -32.979806625638176, 0.0 ], [ -68.879446440365541, -32.979738996673561, 0.0 ], [ -68.879451669472317, -32.979671375786346, 0.0 ], [ -68.879439962533326, -32.979625739520714, 0.0 ], [ -68.879418299274576, -32.979586134891051, 0.0 ], [ -68.879363812274121, -32.979532340388211, 0.0 ], [ -68.87929838676898, -32.979499635483549, 0.0 ], [ -68.8792455561927, -32.979487320672696, 0.0 ], [ -68.879192174837542, -32.979485104113294, 0.0 ], [ -68.8791382456957, -32.979493131879536, 0.0 ] ] ] ] } },
{ "type": "Feature", "properties": { "LAYER": "PARCELARIO_BASE_CATASTRO", "MAP_NAME": "1016_2026.dwg", "ccpp1": "1016 3447" }, "geometry": { "type": "MultiPolygon", "coordinates": [ [ [ [ -68.881945088411911, -32.977874185312054, 0.0 ], [ -68.881791835191223, -32.978159964692004, 0.0 ], [ -68.881958592181576, -32.978175814347026, 0.0 ], [ -68.881915367050837, -32.978499930821243, 0.0 ], [ -68.882585816831153, -32.97856594282797, 0.0 ], [ -68.881945088411911, -32.977874185312054, 0.0 ] ] ] ] } },
{ "type": "Feature", "properties": { "LAYER": "PARCELARIO_BASE_CATASTRO", "MAP_NAME": "1016_2026.dwg", "ccpp1": "1016 2764" }, "geometry": { "type": "MultiPolygon", "coordinates": [ [ [ [ -68.889131196095747, -33.003868603611998, 0.0 ], [ -68.888671814394243, -33.003868230851857, 0.0 ], [ -68.88865854095009, -33.004076020107718, 0.0 ], [ -68.889127422352331, -33.004083777062959, 0.0 ], [ -68.889131196095747, -33.003868603611998, 0.0 ] ] ] ] } },
{ "type": "Feature", "properties": { "LAYER": "PARCELARIO_BASE_CATASTRO", "MAP_NAME": "1016_2026.dwg", "ccpp1": "1016 3141" }, "geometry": { "type": "MultiPolygon", "coordinates": [ [ [ [ -68.888123432252897, -32.985415903660595, 0.0 ], [ -68.888246481573816, -32.985569127854276, 0.0 ], [ -68.888353616994195, -32.985702680205669, 0.0 ], [ -68.888387848656421, -32.985745383638111, 0.0 ], [ -68.888743226727627, -32.985634603177175, 0.0 ], [ -68.888762598429452, -32.985629122000361, 0.0 ], [ -68.888763888051173, -32.985624524589333, 0.0 ], [ -68.888618583517655, -32.985473624519017, 0.0 ], [ -68.888519117073244, -32.985367131393055, 0.0 ], [ -68.888489945735643, -32.98533996212079, 0.0 ], [ -68.888439646823471, -32.98528787051125, 0.0 ], [ -68.888123432252897, -32.985415903660595, 0.0 ] ] ] ] } },
{ "type": "Feature", "properties": { "LAYER": "PARCELARIO_BASE_CATASTRO", "MAP_NAME": "1016_2026.dwg", "ccpp1": "1016 3146" }, "geometry": { "type": "MultiPolygon", "coordinates": [ [ [ [ -68.886693023879133, -32.99003314785034, 0.0 ], [ -68.886503109920227, -32.990038828159058, 0.0 ], [ -68.886551471756448, -32.990120115977248, 0.0 ], [ -68.886718872600184, -32.99040151476305, 0.0 ], [ -68.886908142691524, -32.990394571195559, 0.0 ], [ -68.886797540851774, -32.990208716348718, 0.0 ], [ -68.886693023879133, -32.99003314785034, 0.0 ] ] ] ] } },
{ "type": "Feature", "properties": { "LAYER": "PARCELARIO_BASE_CATASTRO", "MAP_NAME": "1016_2026.dwg", "ccpp1": "1016 3259" }, "geometry": { "type": "MultiPolygon", "coordinates": [ [ [ [ -68.885573224096859, -32.983464054733055, 0.0 ], [ -68.885678810211431, -32.983633310864299, 0.0 ], [ -68.886137375088396, -32.983521569119027, 0.0 ], [ -68.886220657541855, -32.983731201459861, 0.0 ], [ -68.886272132833298, -32.983718534681749, 0.0 ], [ -68.886129132791638, -32.983359166567979, 0.0 ], [ -68.886090537939467, -32.983260800601357, 0.0 ], [ -68.886020681113095, -32.983254829061103, 0.0 ], [ -68.885868890392587, -32.983241702643774, 0.0 ], [ -68.885710025906107, -32.98323767652299, 0.0 ], [ -68.885451673803317, -32.983231203795654, 0.0 ], [ -68.885545476579779, -32.98341082755752, 0.0 ], [ -68.885573224096859, -32.983464054733055, 0.0 ] ] ] ] } },
{ "type": "Feature", "properties": { "LAYER": "PARCELARIO_BASE_CATASTRO", "MAP_NAME": "1016_2026.dwg", "ccpp1": "1016 3149" }, "geometry": { "type": "MultiPolygon", "coordinates": [ [ [ [ -68.886256694836291, -32.983872630579185, 0.0 ], [ -68.886086847653118, -32.983914150849159, 0.0 ], [ -68.886375887710955, -32.984302283091921, 0.0 ], [ -68.886544337785551, -32.984256897743265, 0.0 ], [ -68.886256694836291, -32.983872630579185, 0.0 ] ] ] ] } },
{ "type": "Feature", "properties": { "LAYER": "PARCELARIO_BASE_CATASTRO", "MAP_NAME": "1016_2026.dwg", "ccpp1": "1016 3156" }, "geometry": { "type": "MultiPolygon", "coordinates": [ [ [ [ -68.884645552747557, -32.988136583744627, 0.0 ], [ -68.885036856409911, -32.988527731852699, 0.0 ], [ -68.885099342475712, -32.988523733620056, 0.0 ], [ -68.885130688962292, -32.988521986155327, 0.0 ], [ -68.885102563058112, -32.988103278739402, 0.0 ], [ -68.885092611976319, -32.988103990023134, 0.0 ], [ -68.885047673288284, -32.988107554471071, 0.0 ], [ -68.884959932743982, -32.988114504049776, 0.0 ], [ -68.884822336148346, -32.988123390379279, 0.0 ], [ -68.884780073265944, -32.988126145688803, 0.0 ], [ -68.884645552747557, -32.988136583744627, 0.0 ] ] ] ] } },
{ "type": "Feature", "properties": { "LAYER": "PARCELARIO_BASE_CATASTRO", "MAP_NAME": "1016_2026.dwg", "ccpp1": "1016 3170" }, "geometry": { "type": "MultiPolygon", "coordinates": [ [ [ [ -68.887901443754899, -32.985247170960491, 0.0 ], [ -68.887533376567873, -32.985365399896047, 0.0 ], [ -68.887700478896704, -32.985539134199463, 0.0 ], [ -68.887772503845881, -32.985518281816439, 0.0 ], [ -68.887860477157076, -32.985492573749887, 0.0 ], [ -68.887980771463575, -32.985457520770879, 0.0 ], [ -68.887988690327418, -32.985455273678383, 0.0 ], [ -68.88790447740115, -32.985300914620382, 0.0 ], [ -68.887915419179208, -32.98527793164201, 0.0 ], [ -68.887901443754899, -32.985247170960491, 0.0 ] ] ] ] } },
{ "type": "Feature", "properties": { "LAYER": "PARCELARIO_BASE_CATASTRO", "MAP_NAME": "1016_2026.dwg", "ccpp1": "1016 3365" }, "geometry": { "type": "MultiPolygon", "coordinates": [ [ [ [ -68.887904758497172, -32.991562491381373, 0.0 ], [ -68.887931273660087, -32.99174565309989, 0.0 ], [ -68.887931806287597, -32.991748358610444, 0.0 ], [ -68.887934560998886, -32.991769009497681, 0.0 ], [ -68.887946757253815, -32.991855493118564, 0.0 ], [ -68.888027747172373, -32.991855751520838, 0.0 ], [ -68.888008214239207, -32.991721766366609, 0.0 ], [ -68.888034666323421, -32.991702572636939, 0.0 ], [ -68.888383364635672, -32.991695317057584, 0.0 ], [ -68.888375301494264, -32.991641749303056, 0.0 ], [ -68.888365647061718, -32.991577357289437, 0.0 ], [ -68.888298134698431, -32.991578645819743, 0.0 ], [ -68.888007465473024, -32.991564032541625, 0.0 ], [ -68.887985170246495, -32.991563697856641, 0.0 ], [ -68.887904758497172, -32.991562491381373, 0.0 ] ] ] ] } },
{ "type": "Feature", "properties": { "LAYER": "PARCELARIO_BASE_CATASTRO", "MAP_NAME": "1016_2026.dwg", "ccpp1": "1016 3168" }, "geometry": { "type": "MultiPolygon", "coordinates": [ [ [ [ -68.8929484702482, -32.989942425263543, 0.0 ], [ -68.892950536719979, -32.9900014508654, 0.0 ], [ -68.892958063319128, -32.990227793774494, 0.0 ], [ -68.892962794583724, -32.990378478104823, 0.0 ], [ -68.893091382005053, -32.990375632569076, 0.0 ], [ -68.893077666757506, -32.989966318617441, 0.0 ], [ -68.893076843474361, -32.989939228805532, 0.0 ], [ -68.8929484702482, -32.989942425263543, 0.0 ] ] ] ] } },
{ "type": "Feature", "properties": { "LAYER": "PARCELARIO_BASE_CATASTRO", "MAP_NAME": "1016_2026.dwg", "ccpp1": "1016 3165" }, "geometry": { "type": "MultiPolygon", "coordinates": [ [ [ [ -68.893333587760225, -32.989932835491686, 0.0 ], [ -68.893344198647185, -32.990258120316625, 0.0 ], [ -68.893433308496611, -32.990256136067259, 0.0 ], [ -68.8937222458826, -32.990249758607156, 0.0 ], [ -68.893413072168372, -32.989930857460024, 0.0 ], [ -68.893333587760225, -32.989932835491686, 0.0 ] ] ] ] } },
{ "type": "Feature", "properties": { "LAYER": "PARCELARIO_BASE_CATASTRO", "MAP_NAME": "1016_2026.dwg", "ccpp1": "1016 3169" }, "geometry": { "type": "MultiPolygon", "coordinates": [ [ [ [ -68.8937222458826, -32.990249758607156, 0.0 ], [ -68.893433308496611, -32.990256136067259, 0.0 ], [ -68.893344198647185, -32.990258120316625, 0.0 ], [ -68.893347801559884, -32.990369848484079, 0.0 ], [ -68.893816775107638, -32.990359328861999, 0.0 ], [ -68.893828219463273, -32.990359070795456, 0.0 ], [ -68.8937222458826, -32.990249758607156, 0.0 ] ] ] ] } },
{ "type": "Feature", "properties": { "LAYER": "PARCELARIO_BASE_CATASTRO", "MAP_NAME": "1016_2026.dwg", "ccpp1": "1016 3177" }, "geometry": { "type": "MultiPolygon", "coordinates": [ [ [ [ -68.892335384091155, -33.002189290248808, 0.0 ], [ -68.892391888883111, -33.002796352663005, 0.0 ], [ -68.892397607129567, -33.002859183667425, 0.0 ], [ -68.892424759783765, -33.00315434904374, 0.0 ], [ -68.89244820944802, -33.003409474998236, 0.0 ], [ -68.892484977829085, -33.003411294693294, 0.0 ], [ -68.892750259651976, -33.003424534065466, 0.0 ], [ -68.892937418632641, -33.00343387828498, 0.0 ], [ -68.892965127714234, -33.003435612524768, 0.0 ], [ -68.892948073735297, -33.00324945232461, 0.0 ], [ -68.89290397740875, -33.002765853813678, 0.0 ], [ -68.892849417158075, -33.002173438315687, 0.0 ], [ -68.892624774407025, -33.002180395592958, 0.0 ], [ -68.892400229070162, -33.00218729394097, 0.0 ], [ -68.892335384091155, -33.002189290248808, 0.0 ] ] ] ] } },
{ "type": "Feature", "properties": { "LAYER": "PARCELARIO_BASE_CATASTRO", "MAP_NAME": "1016_2026.dwg", "ccpp1": "1016 3186" }, "geometry": { "type": "MultiPolygon", "coordinates": [ [ [ [ -68.887383433485354, -32.985413320612153, 0.0 ], [ -68.887511747024988, -32.98554833547059, 0.0 ], [ -68.887598180547414, -32.985639398061878, 0.0 ], [ -68.887751496621561, -32.985800764181306, 0.0 ], [ -68.887855947590836, -32.985911190098243, 0.0 ], [ -68.888015270985747, -32.985861525270877, 0.0 ], [ -68.887925812763285, -32.985768373772302, 0.0 ], [ -68.887825379411439, -32.985666299259009, 0.0 ], [ -68.887797708940326, -32.985635976202047, 0.0 ], [ -68.887779761945211, -32.985615491073631, 0.0 ], [ -68.887760638933983, -32.985595185221229, 0.0 ], [ -68.887700478896704, -32.985539134199463, 0.0 ], [ -68.887533376567873, -32.985365399896047, 0.0 ], [ -68.887383433485354, -32.985413320612153, 0.0 ] ] ] ] } },
{ "type": "Feature", "properties": { "LAYER": "PARCELARIO_BASE_CATASTRO", "MAP_NAME": "1016_2026.dwg", "ccpp1": "1016 3185" }, "geometry": { "type": "MultiPolygon", "coordinates": [ [ [ [ -68.88707477116732, -32.985089413243166, 0.0 ], [ -68.887107038381401, -32.985123166996424, 0.0 ], [ -68.888073319330758, -32.984811301376773, 0.0 ], [ -68.887999485477579, -32.984708767528112, 0.0 ], [ -68.887997135367272, -32.984705068538318, 0.0 ], [ -68.887966308173318, -32.984656784853399, 0.0 ], [ -68.887673380386417, -32.984756490799249, 0.0 ], [ -68.886984245586206, -32.984994628955995, 0.0 ], [ -68.887004366865725, -32.985015678818399, 0.0 ], [ -68.88707477116732, -32.985089413243166, 0.0 ] ] ] ] } },
{ "type": "Feature", "properties": { "LAYER": "PARCELARIO_BASE_CATASTRO", "MAP_NAME": "1016_2026.dwg", "ccpp1": "1016 2128" }, "geometry": { "type": "MultiPolygon", "coordinates": [ [ [ [ -68.887422869304871, -32.990812543752398, 0.0 ], [ -68.887358993936289, -32.990814917969715, 0.0 ], [ -68.887359931455819, -32.990834936960503, 0.0 ], [ -68.887373682447063, -32.991127188487042, 0.0 ], [ -68.88741926198017, -32.991124798669247, 0.0 ], [ -68.887435846699418, -32.991124362782912, 0.0 ], [ -68.887422869304871, -32.990812543752398, 0.0 ] ] ] ] } },
{ "type": "Feature", "properties": { "LAYER": "PARCELARIO_BASE_CATASTRO", "MAP_NAME": "1016_2026.dwg", "ccpp1": "1016 3179" }, "geometry": { "type": "MultiPolygon", "coordinates": [ [ [ [ -68.885426903164088, -32.980161757813718, 0.0 ], [ -68.885449074663313, -32.980389902972647, 0.0 ], [ -68.885711873871429, -32.980371779256394, 0.0 ], [ -68.885689567847905, -32.980142071409475, 0.0 ], [ -68.885426903164088, -32.980161757813718, 0.0 ] ] ] ] } },
{ "type": "Feature", "properties": { "LAYER": "PARCELARIO_BASE_CATASTRO", "MAP_NAME": "1016_2026.dwg", "ccpp1": "1016 765" }, "geometry": { "type": "MultiPolygon", "coordinates": [ [ [ [ -68.890464761741214, -32.987014015847748, 0.0 ], [ -68.890397441831183, -32.987034691768848, 0.0 ], [ -68.890389199578991, -32.987038831352123, 0.0 ], [ -68.890277662960372, -32.987087149907971, 0.0 ], [ -68.890444567648402, -32.98750407465112, 0.0 ], [ -68.890531255666147, -32.98747701467444, 0.0 ], [ -68.890566253420104, -32.987465594940275, 0.0 ], [ -68.890642563909566, -32.987439789041922, 0.0 ], [ -68.890612053891843, -32.987370959765791, 0.0 ], [ -68.890596046399153, -32.987338572790414, 0.0 ], [ -68.8905923162378, -32.987328560894447, 0.0 ], [ -68.890464761741214, -32.987014015847748, 0.0 ] ] ] ] } },
{ "type": "Feature", "properties": { "LAYER": "PARCELARIO_BASE_CATASTRO", "MAP_NAME": "1016_2026.dwg", "ccpp1": "1016 2683" }, "geometry": { "type": "MultiPolygon", "coordinates": [ [ [ [ -68.890464761741214, -32.987014015847748, 0.0 ], [ -68.8905923162378, -32.987328560894447, 0.0 ], [ -68.890704475966956, -32.987294761427044, 0.0 ], [ -68.89075916288219, -32.987278221108127, 0.0 ], [ -68.89081566938043, -32.987261052083184, 0.0 ], [ -68.890842853829568, -32.987252871480287, 0.0 ], [ -68.890582057480572, -32.986977786462205, 0.0 ], [ -68.890569429742243, -32.986981922214554, 0.0 ], [ -68.890464761741214, -32.987014015847748, 0.0 ] ] ] ] } },
{ "type": "Feature", "properties": { "LAYER": "PARCELARIO_BASE_CATASTRO", "MAP_NAME": "1016_2026.dwg", "ccpp1": "1016 2767" }, "geometry": { "type": "MultiPolygon", "coordinates": [ [ [ [ -68.889425343064644, -32.985305560834327, 0.0 ], [ -68.889486706215322, -32.985372205913151, 0.0 ], [ -68.889975767208838, -32.985227334098944, 0.0 ], [ -68.889969079839872, -32.985195947992366, 0.0 ], [ -68.889953030424422, -32.985121108962431, 0.0 ], [ -68.889425343064644, -32.985305560834327, 0.0 ] ] ] ] } },
{ "type": "Feature", "properties": { "LAYER": "PARCELARIO_BASE_CATASTRO", "MAP_NAME": "1016_2026.dwg", "ccpp1": "1016 3048" }, "geometry": { "type": "MultiPolygon", "coordinates": [ [ [ [ -68.881444580908521, -32.977844943099555, 0.0 ], [ -68.881448034808784, -32.977902113755441, 0.0 ], [ -68.881441982936821, -32.977947011645334, 0.0 ], [ -68.881427373248826, -32.977991541639653, 0.0 ], [ -68.881418576762428, -32.978010468555105, 0.0 ], [ -68.881742542333413, -32.978142425445142, 0.0 ], [ -68.88190780751674, -32.97783393426063, 0.0 ], [ -68.881444580908521, -32.977844943099555, 0.0 ] ] ] ] } },
{ "type": "Feature", "properties": { "LAYER": "PARCELARIO_BASE_CATASTRO", "MAP_NAME": "1016_2026.dwg", "ccpp1": "1016 3199" }, "geometry": { "type": "MultiPolygon", "coordinates": [ [ [ [ -68.880956771181872, -32.983748585662987, 0.0 ], [ -68.880584432336335, -32.983900137747888, 0.0 ], [ -68.88066386610781, -32.984021042213726, 0.0 ], [ -68.880685755524041, -32.984052802214336, 0.0 ], [ -68.880700490719377, -32.984074277142938, 0.0 ], [ -68.880711914714368, -32.984090969108919, 0.0 ], [ -68.880715011245016, -32.984095480459459, 0.0 ], [ -68.880751208943494, -32.984147993622621, 0.0 ], [ -68.880812348523946, -32.984109641389864, 0.0 ], [ -68.88104941209545, -32.983960911040874, 0.0 ], [ -68.881057015566299, -32.983956140288797, 0.0 ], [ -68.880956771181872, -32.983748585662987, 0.0 ] ] ] ] } },
{ "type": "Feature", "properties": { "LAYER": "PARCELARIO_BASE_CATASTRO", "MAP_NAME": "1016_2026.dwg", "ccpp1": "1016 3154" }, "geometry": { "type": "MultiPolygon", "coordinates": [ [ [ [ -68.880096537760508, -32.97927967779956, 0.0 ], [ -68.879444374203004, -32.979294462345052, 0.0 ], [ -68.879551717777034, -32.979496545664681, 0.0 ], [ -68.879557598723196, -32.979496380919272, 0.0 ], [ -68.879856406825439, -32.979488006311598, 0.0 ], [ -68.880301030738934, -32.979475450891165, 0.0 ], [ -68.880228726189443, -32.979387197343449, 0.0 ], [ -68.880217721584273, -32.979376546072785, 0.0 ], [ -68.880202656017204, -32.979361924418853, 0.0 ], [ -68.880151578984083, -32.979318593007051, 0.0 ], [ -68.880100173109923, -32.979281935487883, 0.0 ], [ -68.880096537760508, -32.97927967779956, 0.0 ] ] ] ] } },
{ "type": "Feature", "properties": { "LAYER": "PARCELARIO_BASE_CATASTRO", "MAP_NAME": "1016_2026.dwg", "ccpp1": "1016 3284" }, "geometry": { "type": "MultiPolygon", "coordinates": [ [ [ [ -68.878803854682715, -32.978888348224451, 0.0 ], [ -68.878832876207923, -32.979672397257097, 0.0 ], [ -68.878961371142779, -32.9796776614333, 0.0 ], [ -68.878982435661115, -32.979607079469616, 0.0 ], [ -68.879014054691595, -32.979563288499477, 0.0 ], [ -68.879068887346932, -32.979520330611614, 0.0 ], [ -68.8791382456957, -32.979493131879536, 0.0 ], [ -68.879123480864507, -32.979104795922488, 0.0 ], [ -68.879109984671871, -32.978881523474506, 0.0 ], [ -68.878803854682715, -32.978888348224451, 0.0 ] ] ] ] } },
{ "type": "Feature", "properties": { "LAYER": "PARCELARIO_BASE_CATASTRO", "MAP_NAME": "1016_2026.dwg", "ccpp1": "1016 3152" }, "geometry": { "type": "MultiPolygon", "coordinates": [ [ [ [ -68.87968030548376, -32.978868463401298, 0.0 ], [ -68.879115122004009, -32.97888140581901, 0.0 ], [ -68.879109984671871, -32.978881523474506, 0.0 ], [ -68.879123480864507, -32.979104795922488, 0.0 ], [ -68.879340867936193, -32.979099867473955, 0.0 ], [ -68.879832773150397, -32.979088804781846, 0.0 ], [ -68.879801046191147, -32.979053969431035, 0.0 ], [ -68.879786524112518, -32.979035469225337, 0.0 ], [ -68.879764202374929, -32.979007314442669, 0.0 ], [ -68.879732065460274, -32.978960847017063, 0.0 ], [ -68.879704313313141, -32.978914653408665, 0.0 ], [ -68.87968030548376, -32.978868463401298, 0.0 ] ] ] ] } },
{ "type": "Feature", "properties": { "LAYER": "PARCELARIO_BASE_CATASTRO", "MAP_NAME": "1016_2026.dwg", "ccpp1": "1016 3405" }, "geometry": { "type": "MultiPolygon", "coordinates": [ [ [ [ -68.879612065846047, -32.978623588108142, 0.0 ], [ -68.879130740351741, -32.9786455713961, 0.0 ], [ -68.879099821458468, -32.978646893986593, 0.0 ], [ -68.879100030133671, -32.978650771409505, 0.0 ], [ -68.878795358913663, -32.978658781679002, 0.0 ], [ -68.878803854682715, -32.978888348224451, 0.0 ], [ -68.879109984671871, -32.978881523474506, 0.0 ], [ -68.879115122004009, -32.97888140581901, 0.0 ], [ -68.87968030548376, -32.978868463401298, 0.0 ], [ -68.879668788918323, -32.978842573208823, 0.0 ], [ -68.879659935689531, -32.978822547398465, 0.0 ], [ -68.87964277517996, -32.97877672555461, 0.0 ], [ -68.879628823951208, -32.978730996969311, 0.0 ], [ -68.879614465315782, -32.97866858602098, 0.0 ], [ -68.879612065846047, -32.978623588108142, 0.0 ] ] ] ] } },
{ "type": "Feature", "properties": { "LAYER": "PARCELARIO_BASE_CATASTRO", "MAP_NAME": "1016_2026.dwg", "ccpp1": "1016 3157" }, "geometry": { "type": "MultiPolygon", "coordinates": [ [ [ [ -68.888436414812418, -32.990689432212484, 0.0 ], [ -68.888496912392199, -32.990819694816992, 0.0 ], [ -68.888837901575201, -32.990823452284161, 0.0 ], [ -68.888815078785356, -32.990678259155459, 0.0 ], [ -68.888436414812418, -32.990689432212484, 0.0 ] ] ] ] } },
{ "type": "Feature", "properties": { "LAYER": "PARCELARIO_BASE_CATASTRO", "MAP_NAME": "1016_2026.dwg", "ccpp1": "1016 3118" }, "geometry": { "type": "MultiPolygon", "coordinates": [ [ [ [ -68.89368648680545, -32.989767563162076, 0.0 ], [ -68.893859660752682, -32.989658134085332, 0.0 ], [ -68.893832116633476, -32.989631220830759, 0.0 ], [ -68.893772839470842, -32.989544519170344, 0.0 ], [ -68.893480101078026, -32.989549770017774, 0.0 ], [ -68.89368648680545, -32.989767563162076, 0.0 ] ] ] ] } },
{ "type": "Feature", "properties": { "LAYER": "PARCELARIO_BASE_CATASTRO", "MAP_NAME": "1016_2026.dwg", "ccpp1": "1016 3148" }, "geometry": { "type": "MultiPolygon", "coordinates": [ [ [ [ -68.886163953310515, -32.983446675574349, 0.0 ], [ -68.886272132833298, -32.983718534681749, 0.0 ], [ -68.886681039781891, -32.983618738934325, 0.0 ], [ -68.886599448948814, -32.983506941470573, 0.0 ], [ -68.886516625680301, -32.983393604567958, 0.0 ], [ -68.886163953310515, -32.983446675574349, 0.0 ] ] ] ] } },
{ "type": "Feature", "properties": { "LAYER": "PARCELARIO_BASE_CATASTRO", "MAP_NAME": "1016_2026.dwg", "ccpp1": "1016 3218" }, "geometry": { "type": "MultiPolygon", "coordinates": [ [ [ [ -68.886137375088396, -32.983521569119027, 0.0 ], [ -68.885678810211431, -32.983633310864299, 0.0 ], [ -68.885685846127274, -32.983651982053289, 0.0 ], [ -68.885758451474601, -32.983844202524971, 0.0 ], [ -68.886220657541855, -32.983731201459861, 0.0 ], [ -68.886137375088396, -32.983521569119027, 0.0 ] ] ] ] } },
{ "type": "Feature", "properties": { "LAYER": "PARCELARIO_BASE_CATASTRO", "MAP_NAME": "1016_2026.dwg", "ccpp1": "1016 3261" }, "geometry": { "type": "MultiPolygon", "coordinates": [ [ [ [ -68.885685846127274, -32.983651982053289, 0.0 ], [ -68.885223427364423, -32.983764619371321, 0.0 ], [ -68.885296032520344, -32.983957110610632, 0.0 ], [ -68.885758451474601, -32.983844202524971, 0.0 ], [ -68.885685846127274, -32.983651982053289, 0.0 ] ] ] ] } },
{ "type": "Feature", "properties": { "LAYER": "PARCELARIO_BASE_CATASTRO", "MAP_NAME": "1016_2026.dwg", "ccpp1": "1016 3258" }, "geometry": { "type": "MultiPolygon", "coordinates": [ [ [ [ -68.884601831028675, -32.983456737286119, 0.0 ], [ -68.884726211180251, -32.983897964169181, 0.0 ], [ -68.88473461545351, -32.983932957056417, 0.0 ], [ -68.884742825358771, -32.983954514752575, 0.0 ], [ -68.884757766471722, -32.983982933220851, 0.0 ], [ -68.884762356070169, -32.983990422290283, 0.0 ], [ -68.88479535509542, -32.984036349981288, 0.0 ], [ -68.884821838883241, -32.984073073631073, 0.0 ], [ -68.885296032520344, -32.983957110610632, 0.0 ], [ -68.885223427364423, -32.983764619371321, 0.0 ], [ -68.885216391537156, -32.983745948156781, 0.0 ], [ -68.885147731521613, -32.983564011937212, 0.0 ], [ -68.885125236217633, -32.983504118881228, 0.0 ], [ -68.885063594247384, -32.983519119292772, 0.0 ], [ -68.885010435055449, -32.983509421490155, 0.0 ], [ -68.884601831028675, -32.983456737286119, 0.0 ] ] ] ] } },
{ "type": "Feature", "properties": { "LAYER": "PARCELARIO_BASE_CATASTRO", "MAP_NAME": "1016_2026.dwg", "ccpp1": "1016 123" }, "geometry": { "type": "MultiPolygon", "coordinates": [ [ [ [ -68.885604802744851, -32.988073004371273, 0.0 ], [ -68.88563944604654, -32.988502244738321, 0.0 ], [ -68.885741515321996, -32.988499365346023, 0.0 ], [ -68.885907355422376, -32.988491767967069, 0.0 ], [ -68.885872396635335, -32.988058921573298, 0.0 ], [ -68.885604802744851, -32.988073004371273, 0.0 ] ] ] ] } },
{ "type": "Feature", "properties": { "LAYER": "PARCELARIO_BASE_CATASTRO", "MAP_NAME": "1016_2026.dwg", "ccpp1": "1016 3210" }, "geometry": { "type": "MultiPolygon", "coordinates": [ [ [ [ -68.885522095288437, -32.988077345893181, 0.0 ], [ -68.885360958589558, -32.988087112008998, 0.0 ], [ -68.885395071946178, -32.988509908564289, 0.0 ], [ -68.885539622627903, -32.988505036839761, 0.0 ], [ -68.88563944604654, -32.988502244738321, 0.0 ], [ -68.885604802744851, -32.988073004371273, 0.0 ], [ -68.885522095288437, -32.988077345893181, 0.0 ] ] ] ] } },
{ "type": "Feature", "properties": { "LAYER": "PARCELARIO_BASE_CATASTRO", "MAP_NAME": "1016_2026.dwg", "ccpp1": "1016 3211" }, "geometry": { "type": "MultiPolygon", "coordinates": [ [ [ [ -68.885102563058112, -32.988103278739402, 0.0 ], [ -68.885130688962292, -32.988521986155327, 0.0 ], [ -68.885274280807408, -32.988513981426806, 0.0 ], [ -68.885395071946178, -32.988509908564289, 0.0 ], [ -68.885360958589558, -32.988087112008998, 0.0 ], [ -68.885194259538451, -32.988097594145202, 0.0 ], [ -68.885102563058112, -32.988103278739402, 0.0 ] ] ] ] } },
{ "type": "Feature", "properties": { "LAYER": "PARCELARIO_BASE_CATASTRO", "MAP_NAME": "1016_2026.dwg", "ccpp1": "1016 3243" }, "geometry": { "type": "MultiPolygon", "coordinates": [ [ [ [ -68.891072771619179, -32.991436950535267, 0.0 ], [ -68.891030933369365, -32.991443040928154, 0.0 ], [ -68.89095485082882, -32.991457393232011, 0.0 ], [ -68.890878876215467, -32.991471837554919, 0.0 ], [ -68.890822481699999, -32.991482784214575, 0.0 ], [ -68.89080257941167, -32.991486371717471, 0.0 ], [ -68.890847468682651, -32.991778840327349, 0.0 ], [ -68.890862539611149, -32.991875698176266, 0.0 ], [ -68.890989550899022, -32.99185733646231, 0.0 ], [ -68.890970447902887, -32.99173378364889, 0.0 ], [ -68.891121320850942, -32.991712110935715, 0.0 ], [ -68.891072771619179, -32.991436950535267, 0.0 ] ] ] ] } },
{ "type": "Feature", "properties": { "LAYER": "PARCELARIO_BASE_CATASTRO", "MAP_NAME": "1016_2026.dwg", "ccpp1": "1016 3260" }, "geometry": { "type": "MultiPolygon", "coordinates": [ [ [ [ -68.885573224096859, -32.983464054733055, 0.0 ], [ -68.885147731521613, -32.983564011937212, 0.0 ], [ -68.885216391537156, -32.983745948156781, 0.0 ], [ -68.885223427364423, -32.983764619371321, 0.0 ], [ -68.885685846127274, -32.983651982053289, 0.0 ], [ -68.885678810211431, -32.983633310864299, 0.0 ], [ -68.885573224096859, -32.983464054733055, 0.0 ] ] ] ] } },
{ "type": "Feature", "properties": { "LAYER": "PARCELARIO_BASE_CATASTRO", "MAP_NAME": "1016_2026.dwg", "ccpp1": "1016 3221" }, "geometry": { "type": "MultiPolygon", "coordinates": [ [ [ [ -68.884814395517552, -32.983218161808985, 0.0 ], [ -68.884795246740651, -32.983217790686702, 0.0 ], [ -68.884532400304693, -32.983210510318976, 0.0 ], [ -68.884601831028675, -32.983456737286119, 0.0 ], [ -68.885010435055449, -32.983509421490155, 0.0 ], [ -68.885063594247384, -32.983519119292772, 0.0 ], [ -68.885125236217633, -32.983504118881228, 0.0 ], [ -68.885086427458248, -32.983401560506984, 0.0 ], [ -68.885054898150585, -32.983377363795583, 0.0 ], [ -68.884999040738649, -32.983388402113874, 0.0 ], [ -68.884980284061442, -32.983413992513327, 0.0 ], [ -68.884803948599043, -32.983353954900878, 0.0 ], [ -68.884814395517552, -32.983218161808985, 0.0 ] ] ] ] } },
{ "type": "Feature", "properties": { "LAYER": "PARCELARIO_BASE_CATASTRO", "MAP_NAME": "1016_2026.dwg", "ccpp1": "1016 3193" }, "geometry": { "type": "MultiPolygon", "coordinates": [ [ [ [ -68.889232338137305, -33.002687428601568, 0.0 ], [ -68.888795383702742, -33.002727430707168, 0.0 ], [ -68.888856889156742, -33.003423708196337, 0.0 ], [ -68.888883003783477, -33.003422825259292, 0.0 ], [ -68.88894968334148, -33.003422968448369, 0.0 ], [ -68.889048582418809, -33.00341709630851, 0.0 ], [ -68.889036744975243, -33.003284653951745, 0.0 ], [ -68.889035709624451, -33.003255193478068, 0.0 ], [ -68.889154406392166, -33.003253519019196, 0.0 ], [ -68.889131261955683, -33.002990404775453, 0.0 ], [ -68.889240336618201, -33.002979770752013, 0.0 ], [ -68.88926495203539, -33.002978791728744, 0.0 ], [ -68.889232338137305, -33.002687428601568, 0.0 ] ] ] ] } },
{ "type": "Feature", "properties": { "LAYER": "PARCELARIO_BASE_CATASTRO", "MAP_NAME": "1016_2026.dwg", "ccpp1": "1016 3194" }, "geometry": { "type": "MultiPolygon", "coordinates": [ [ [ [ -68.889888751825879, -33.0029539739444, 0.0 ], [ -68.88926495203539, -33.002978791728744, 0.0 ], [ -68.889240336618201, -33.002979770752013, 0.0 ], [ -68.889131261955683, -33.002990404775453, 0.0 ], [ -68.889154406392166, -33.003253519019196, 0.0 ], [ -68.889822700589221, -33.003244080377591, 0.0 ], [ -68.889914172472331, -33.003242915859431, 0.0 ], [ -68.889888751825879, -33.0029539739444, 0.0 ] ] ] ] } },
{ "type": "Feature", "properties": { "LAYER": "PARCELARIO_BASE_CATASTRO", "MAP_NAME": "1016_2026.dwg", "ccpp1": "1016 3195" }, "geometry": { "type": "MultiPolygon", "coordinates": [ [ [ [ -68.890356851408242, -33.002817415060392, 0.0 ], [ -68.889918440268175, -33.002818785708151, 0.0 ], [ -68.889933279354082, -33.002952206252552, 0.0 ], [ -68.889888751825879, -33.0029539739444, 0.0 ], [ -68.889914172472331, -33.003242915859431, 0.0 ], [ -68.890403401852325, -33.003236683835105, 0.0 ], [ -68.890378675624376, -33.003012267457009, 0.0 ], [ -68.890356851408242, -33.002817415060392, 0.0 ] ] ] ] } },
{ "type": "Feature", "properties": { "LAYER": "PARCELARIO_BASE_CATASTRO", "MAP_NAME": "1016_2026.dwg", "ccpp1": "1016 3196" }, "geometry": { "type": "MultiPolygon", "coordinates": [ [ [ [ -68.890331086721204, -33.002587517359459, 0.0 ], [ -68.890015650763743, -33.002598435064911, 0.0 ], [ -68.889700219015765, -33.002609348370221, 0.0 ], [ -68.889384891945909, -33.002620352942124, 0.0 ], [ -68.889408216504208, -33.002828828459435, 0.0 ], [ -68.889440514374613, -33.002852456630976, 0.0 ], [ -68.889665071625132, -33.002843536652676, 0.0 ], [ -68.889746498415249, -33.002768202336732, 0.0 ], [ -68.889867447684239, -33.002763434636449, 0.0 ], [ -68.889918440268175, -33.002818785708151, 0.0 ], [ -68.890356851408242, -33.002817415060392, 0.0 ], [ -68.890331086721204, -33.002587517359459, 0.0 ] ] ] ] } },
{ "type": "Feature", "properties": { "LAYER": "PARCELARIO_BASE_CATASTRO", "MAP_NAME": "1016_2026.dwg", "ccpp1": "1016 3270" }, "geometry": { "type": "MultiPolygon", "coordinates": [ [ [ [ -68.89349030755163, -32.999241319828506, 0.0 ], [ -68.893463681597353, -32.999242246575591, 0.0 ], [ -68.893511739368819, -32.999634234611264, 0.0 ], [ -68.893799786205321, -32.999624115202181, 0.0 ], [ -68.893757485299076, -32.999231938313997, 0.0 ], [ -68.89349030755163, -32.999241319828506, 0.0 ] ] ] ] } },
{ "type": "Feature", "properties": { "LAYER": "PARCELARIO_BASE_CATASTRO", "MAP_NAME": "1016_2026.dwg", "ccpp1": "1016 3271" }, "geometry": { "type": "MultiPolygon", "coordinates": [ [ [ [ -68.89382248678254, -32.99922966458238, 0.0 ], [ -68.893757485299076, -32.999231938313997, 0.0 ], [ -68.893799786205321, -32.999624115202181, 0.0 ], [ -68.89408777189152, -32.999614073522373, 0.0 ], [ -68.894051235395665, -32.999221659972378, 0.0 ], [ -68.89382248678254, -32.99922966458238, 0.0 ] ] ] ] } },
{ "type": "Feature", "properties": { "LAYER": "PARCELARIO_BASE_CATASTRO", "MAP_NAME": "1016_2026.dwg", "ccpp1": "1016 2708" }, "geometry": { "type": "MultiPolygon", "coordinates": [ [ [ [ -68.892034078520012, -32.999292689917802, 0.0 ], [ -68.891982948588677, -32.999294429206387, 0.0 ], [ -68.892036914930202, -32.999686534718649, 0.0 ], [ -68.892381680656868, -32.999674170146903, 0.0 ], [ -68.892371176623712, -32.999602253299237, 0.0 ], [ -68.892324489496389, -32.999282333404416, 0.0 ], [ -68.892034078520012, -32.999292689917802, 0.0 ] ] ] ] } },
{ "type": "Feature", "properties": { "LAYER": "PARCELARIO_BASE_CATASTRO", "MAP_NAME": "1016_2026.dwg", "ccpp1": "1016 3273" }, "geometry": { "type": "MultiPolygon", "coordinates": [ [ [ [ -68.893304354222096, -33.000007650933547, 0.0 ], [ -68.893273651009622, -32.999788262152663, 0.0 ], [ -68.892813529577239, -32.999804726602555, 0.0 ], [ -68.892843924431233, -33.000024214414388, 0.0 ], [ -68.893304354222096, -33.000007650933547, 0.0 ] ] ] ] } },
{ "type": "Feature", "properties": { "LAYER": "PARCELARIO_BASE_CATASTRO", "MAP_NAME": "1016_2026.dwg", "ccpp1": "1016 3272" }, "geometry": { "type": "MultiPolygon", "coordinates": [ [ [ [ -68.893273651009622, -32.999788262152663, 0.0 ], [ -68.893304354222096, -33.000007650933547, 0.0 ], [ -68.893335097842368, -33.000227376059129, 0.0 ], [ -68.893409961116262, -33.000224700706212, 0.0 ], [ -68.893564842291696, -33.000219199171994, 0.0 ], [ -68.89350400322229, -32.999780054336462, 0.0 ], [ -68.893273651009622, -32.999788262152663, 0.0 ] ] ] ] } },
{ "type": "Feature", "properties": { "LAYER": "PARCELARIO_BASE_CATASTRO", "MAP_NAME": "1016_2026.dwg", "ccpp1": "1016 3274" }, "geometry": { "type": "MultiPolygon", "coordinates": [ [ [ [ -68.89350400322229, -32.999780054336462, 0.0 ], [ -68.893564842291696, -33.000219199171994, 0.0 ], [ -68.893570296600984, -33.000219004551475, 0.0 ], [ -68.893794579009608, -33.00021118866556, 0.0 ], [ -68.893733690822472, -32.999771904138434, 0.0 ], [ -68.89350400322229, -32.999780054336462, 0.0 ] ] ] ] } },
{ "type": "Feature", "properties": { "LAYER": "PARCELARIO_BASE_CATASTRO", "MAP_NAME": "1016_2026.dwg", "ccpp1": "1016 1256" }, "geometry": { "type": "MultiPolygon", "coordinates": [ [ [ [ -68.892750259651976, -33.003424534065466, 0.0 ], [ -68.892484977829085, -33.003411294693294, 0.0 ], [ -68.892467755169307, -33.003832482400249, 0.0 ], [ -68.892510659379766, -33.003833665379808, 0.0 ], [ -68.892520305480431, -33.003592570978419, 0.0 ], [ -68.892743415377282, -33.003598698599596, 0.0 ], [ -68.892750259651976, -33.003424534065466, 0.0 ] ] ] ] } },
{ "type": "Feature", "properties": { "LAYER": "PARCELARIO_BASE_CATASTRO", "MAP_NAME": "1016_2026.dwg", "ccpp1": "1016 3242" }, "geometry": { "type": "MultiPolygon", "coordinates": [ [ [ [ -68.886236063608877, -32.98281851827636, 0.0 ], [ -68.886219801063021, -32.98306942803363, 0.0 ], [ -68.886389683004822, -32.98307312089166, 0.0 ], [ -68.886697418272291, -32.983080127908821, 0.0 ], [ -68.886404421447793, -32.982760516863415, 0.0 ], [ -68.886322258298733, -32.982761431237734, 0.0 ], [ -68.886308744402825, -32.982787838123308, 0.0 ], [ -68.886236063608877, -32.98281851827636, 0.0 ] ] ] ] } },
{ "type": "Feature", "properties": { "LAYER": "PARCELARIO_BASE_CATASTRO", "MAP_NAME": "1016_2026.dwg", "ccpp1": "1016 3265" }, "geometry": { "type": "MultiPolygon", "coordinates": [ [ [ [ -68.885571131877441, -32.992022992048511, 0.0 ], [ -68.885833437173375, -32.992003057132862, 0.0 ], [ -68.885830370915031, -32.991987914263269, 0.0 ], [ -68.885808751252654, -32.991742904218853, 0.0 ], [ -68.88550266628441, -32.991772832812693, 0.0 ], [ -68.885571131877441, -32.992022992048511, 0.0 ] ] ] ] } },
{ "type": "Feature", "properties": { "LAYER": "PARCELARIO_BASE_CATASTRO", "MAP_NAME": "1016_2026.dwg", "ccpp1": "1016 3283" }, "geometry": { "type": "MultiPolygon", "coordinates": [ [ [ [ -68.880285786730184, -32.980448452629716, 0.0 ], [ -68.880285907762797, -32.980451517552794, 0.0 ], [ -68.880293975281347, -32.98065683940262, 0.0 ], [ -68.880506965630119, -32.980662456163614, 0.0 ], [ -68.880781682358986, -32.980669753624412, 0.0 ], [ -68.88085656425045, -32.98067226052315, 0.0 ], [ -68.880851781291327, -32.980649804152449, 0.0 ], [ -68.880850504048993, -32.980644933867161, 0.0 ], [ -68.880835072573291, -32.980585497593943, 0.0 ], [ -68.880820049683592, -32.980539677061593, 0.0 ], [ -68.880801818429717, -32.980493853464822, 0.0 ], [ -68.880789901774264, -32.9804699358736, 0.0 ], [ -68.880285786730184, -32.980448452629716, 0.0 ] ] ] ] } },
{ "type": "Feature", "properties": { "LAYER": "PARCELARIO_BASE_CATASTRO", "MAP_NAME": "1016_2026.dwg", "ccpp1": "1016 3282" }, "geometry": { "type": "MultiPolygon", "coordinates": [ [ [ [ -68.880275562706302, -32.980189867424151, 0.0 ], [ -68.880285786730184, -32.980448452629716, 0.0 ], [ -68.880789901774264, -32.9804699358736, 0.0 ], [ -68.880773864614682, -32.980437741442145, 0.0 ], [ -68.880755833086653, -32.980401747231959, 0.0 ], [ -68.880729574282526, -32.980358891499193, 0.0 ], [ -68.880701764574482, -32.980353995869109, 0.0 ], [ -68.88066866336807, -32.980307885738632, 0.0 ], [ -68.880641430738422, -32.980274046748583, 0.0 ], [ -68.880578606527223, -32.98021393305789, 0.0 ], [ -68.880549620944237, -32.980178995929336, 0.0 ], [ -68.880517690307414, -32.980167798989761, 0.0 ], [ -68.880491581536987, -32.980171741395175, 0.0 ], [ -68.880383730401348, -32.980183628666872, 0.0 ], [ -68.880284764330383, -32.980189754518726, 0.0 ], [ -68.880275562706302, -32.980189867424151, 0.0 ] ] ] ] } },
{ "type": "Feature", "properties": { "LAYER": "PARCELARIO_BASE_CATASTRO", "MAP_NAME": "1016_2026.dwg", "ccpp1": "1016 3308" }, "geometry": { "type": "MultiPolygon", "coordinates": [ [ [ [ -68.880070808031476, -32.980187294132328, 0.0 ], [ -68.880045624775818, -32.980376262777376, 0.0 ], [ -68.880060123286498, -32.980650571068693, 0.0 ], [ -68.880079272303419, -32.980651130465894, 0.0 ], [ -68.880293975281347, -32.98065683940262, 0.0 ], [ -68.880285907762797, -32.980451517552794, 0.0 ], [ -68.880285786730184, -32.980448452629716, 0.0 ], [ -68.880275562706302, -32.980189867424151, 0.0 ], [ -68.880169116568581, -32.980191175555142, 0.0 ], [ -68.880070808031476, -32.980187294132328, 0.0 ] ] ] ] } },
{ "type": "Feature", "properties": { "LAYER": "PARCELARIO_BASE_CATASTRO", "MAP_NAME": "1016_2026.dwg", "ccpp1": "1016 3307" }, "geometry": { "type": "MultiPolygon", "coordinates": [ [ [ [ -68.879633998880877, -32.980115364422062, 0.0 ], [ -68.879624504394229, -32.98041094369804, 0.0 ], [ -68.879742654889696, -32.980406264203431, 0.0 ], [ -68.879740736054316, -32.980372811866715, 0.0 ], [ -68.880045624775818, -32.980376262777376, 0.0 ], [ -68.880070808031476, -32.980187294132328, 0.0 ], [ -68.879955710429286, -32.980177443609421, 0.0 ], [ -68.879849392030934, -32.980162643094083, 0.0 ], [ -68.879743510118999, -32.98014234266622, 0.0 ], [ -68.879633998880877, -32.980115364422062, 0.0 ] ] ] ] } },
{ "type": "Feature", "properties": { "LAYER": "PARCELARIO_BASE_CATASTRO", "MAP_NAME": "1016_2026.dwg", "ccpp1": "1016 3306" }, "geometry": { "type": "MultiPolygon", "coordinates": [ [ [ [ -68.879364241213821, -32.980002843280175, 0.0 ], [ -68.879340241956172, -32.980422204549534, 0.0 ], [ -68.879624504394229, -32.98041094369804, 0.0 ], [ -68.879633998880877, -32.980115364422062, 0.0 ], [ -68.879532623416253, -32.980084609583166, 0.0 ], [ -68.879436288323546, -32.980046464857921, 0.0 ], [ -68.879364241213821, -32.980002843280175, 0.0 ] ] ] ] } },
{ "type": "Feature", "properties": { "LAYER": "PARCELARIO_BASE_CATASTRO", "MAP_NAME": "1016_2026.dwg", "ccpp1": "1016 3285" }, "geometry": { "type": "MultiPolygon", "coordinates": [ [ [ [ -68.879124657427511, -32.980152376901607, 0.0 ], [ -68.879124400944889, -32.980156887753701, 0.0 ], [ -68.879116284823169, -32.980299369533292, 0.0 ], [ -68.879195234219267, -32.980300776808257, 0.0 ], [ -68.879199267538795, -32.980402040167178, 0.0 ], [ -68.87920050455655, -32.980427739216005, 0.0 ], [ -68.879340241956172, -32.980422204549534, 0.0 ], [ -68.879364241213821, -32.980002843280175, 0.0 ], [ -68.87932501866392, -32.979973770416947, 0.0 ], [ -68.879272960018568, -32.979943512048521, 0.0 ], [ -68.879220678325311, -32.979920739182447, 0.0 ], [ -68.879173737968287, -32.979903652040697, 0.0 ], [ -68.879159490389327, -32.980152503484987, 0.0 ], [ -68.879124657427511, -32.980152376901607, 0.0 ] ] ] ] } },
{ "type": "Feature", "properties": { "LAYER": "PARCELARIO_BASE_CATASTRO", "MAP_NAME": "1016_2026.dwg", "ccpp1": "1016 3305" }, "geometry": { "type": "MultiPolygon", "coordinates": [ [ [ [ -68.878961371142779, -32.9796776614333, 0.0 ], [ -68.878832876207923, -32.979672397257097, 0.0 ], [ -68.878841723348202, -32.97991144007139, 0.0 ], [ -68.878842387797505, -32.979929385933332, 0.0 ], [ -68.878854768439453, -32.980105860146509, 0.0 ], [ -68.878886112730015, -32.980105980716758, 0.0 ], [ -68.879108523096349, -32.980107188966073, 0.0 ], [ -68.879121344062682, -32.979884754441166, 0.0 ], [ -68.879077718799479, -32.979868662319056, 0.0 ], [ -68.879028126023996, -32.979834619183642, 0.0 ], [ -68.878988606823114, -32.979787873016242, 0.0 ], [ -68.878968023215009, -32.979741957602009, 0.0 ], [ -68.878961371142779, -32.9796776614333, 0.0 ] ] ] ] } },
{ "type": "Feature", "properties": { "LAYER": "PARCELARIO_BASE_CATASTRO", "MAP_NAME": "1016_2026.dwg", "ccpp1": "1016 3279" }, "geometry": { "type": "MultiPolygon", "coordinates": [ [ [ [ -68.879856406825439, -32.979488006311598, 0.0 ], [ -68.879867377236806, -32.979689002952092, 0.0 ], [ -68.880392027843982, -32.979664714874346, 0.0 ], [ -68.880377326159092, -32.979618983856369, 0.0 ], [ -68.88035791758648, -32.979573069794633, 0.0 ], [ -68.880337325900697, -32.979532653937149, 0.0 ], [ -68.880328469118723, -32.97951668572901, 0.0 ], [ -68.880305303020137, -32.979480595458988, 0.0 ], [ -68.880301030738934, -32.979475450891165, 0.0 ], [ -68.879856406825439, -32.979488006311598, 0.0 ] ] ] ] } },
{ "type": "Feature", "properties": { "LAYER": "PARCELARIO_BASE_CATASTRO", "MAP_NAME": "1016_2026.dwg", "ccpp1": "1016 3280" }, "geometry": { "type": "MultiPolygon", "coordinates": [ [ [ [ -68.879867377236806, -32.979689002952092, 0.0 ], [ -68.879869478623149, -32.979727505771017, 0.0 ], [ -68.879877368510279, -32.979872056130709, 0.0 ], [ -68.880422485200569, -32.979846524359019, 0.0 ], [ -68.880415913523123, -32.979801163606204, 0.0 ], [ -68.880410936963827, -32.979762925842067, 0.0 ], [ -68.880402878362702, -32.979710350230931, 0.0 ], [ -68.880394368653938, -32.979674184747353, 0.0 ], [ -68.880392027843982, -32.979664714874346, 0.0 ], [ -68.879867377236806, -32.979689002952092, 0.0 ] ] ] ] } },
{ "type": "Feature", "properties": { "LAYER": "PARCELARIO_BASE_CATASTRO", "MAP_NAME": "1016_2026.dwg", "ccpp1": "1016 3281" }, "geometry": { "type": "MultiPolygon", "coordinates": [ [ [ [ -68.879877368510279, -32.979872056130709, 0.0 ], [ -68.879885529863458, -32.980021562376024, 0.0 ], [ -68.879963929720816, -32.980032820381986, 0.0 ], [ -68.880070470546571, -32.980042841212693, 0.0 ], [ -68.880177335973272, -32.980047004054875, 0.0 ], [ -68.880284532404715, -32.980045304405465, 0.0 ], [ -68.88039216465873, -32.980037744167333, 0.0 ], [ -68.88043635489862, -32.980032557646176, 0.0 ], [ -68.880456085211677, -32.980007326814729, 0.0 ], [ -68.880447974619059, -32.979982975518148, 0.0 ], [ -68.880437231975947, -32.97993742863526, 0.0 ], [ -68.880434154926405, -32.979918580595779, 0.0 ], [ -68.880429697577611, -32.979891976794192, 0.0 ], [ -68.880424182091161, -32.979856714957897, 0.0 ], [ -68.880422485200569, -32.979846524359019, 0.0 ], [ -68.879877368510279, -32.979872056130709, 0.0 ] ] ] ] } },
{ "type": "Feature", "properties": { "LAYER": "PARCELARIO_BASE_CATASTRO", "MAP_NAME": "1016_2026.dwg", "ccpp1": "1016 3335" }, "geometry": { "type": "MultiPolygon", "coordinates": [ [ [ [ -68.891503807937852, -33.004826755717559, 0.0 ], [ -68.892045495259694, -33.004841672881618, 0.0 ], [ -68.892027759108515, -33.004664331299658, 0.0 ], [ -68.891486020447189, -33.00464940680147, 0.0 ], [ -68.891503807937852, -33.004826755717559, 0.0 ] ] ] ] } },
{ "type": "Feature", "properties": { "LAYER": "PARCELARIO_BASE_CATASTRO", "MAP_NAME": "1016_2026.dwg", "ccpp1": "1016 3334" }, "geometry": { "type": "MultiPolygon", "coordinates": [ [ [ [ -68.891486020447189, -33.00464940680147, 0.0 ], [ -68.892027759108515, -33.004664331299658, 0.0 ], [ -68.892010071730326, -33.004487418048377, 0.0 ], [ -68.891468276378788, -33.004472484408254, 0.0 ], [ -68.891486020447189, -33.00464940680147, 0.0 ] ] ] ] } },
{ "type": "Feature", "properties": { "LAYER": "PARCELARIO_BASE_CATASTRO", "MAP_NAME": "1016_2026.dwg", "ccpp1": "1016 3424" }, "geometry": { "type": "MultiPolygon", "coordinates": [ [ [ [ -68.889772308530354, -32.992220116109493, 0.0 ], [ -68.889757127114819, -32.992126960521283, 0.0 ], [ -68.889969969183483, -32.992102325085071, 0.0 ], [ -68.889961083850054, -32.992052641137299, 0.0 ], [ -68.889950783337824, -32.991990593942802, 0.0 ], [ -68.889942170754352, -32.991947033525108, 0.0 ], [ -68.88993399871184, -32.991895086090693, 0.0 ], [ -68.889928902840296, -32.99186379248728, 0.0 ], [ -68.889924125272074, -32.991834663190147, 0.0 ], [ -68.889923700873524, -32.991831776546256, 0.0 ], [ -68.88991394137139, -32.991764049255103, 0.0 ], [ -68.889893789200045, -32.991624986498202, 0.0 ], [ -68.889884878535, -32.991563032490831, 0.0 ], [ -68.889882225670078, -32.991546166977585, 0.0 ], [ -68.889587687205434, -32.991552285335757, 0.0 ], [ -68.889589169971387, -32.991562747008203, 0.0 ], [ -68.889629365516171, -32.991845019334399, 0.0 ], [ -68.889636257643744, -32.991894440058907, 0.0 ], [ -68.889669558112672, -32.992129004819752, 0.0 ], [ -68.889671573476804, -32.992143975348242, 0.0 ], [ -68.889682191933687, -32.992207465528871, 0.0 ], [ -68.889685732337853, -32.992228962730579, 0.0 ], [ -68.889772308530354, -32.992220116109493, 0.0 ] ] ] ] } },
{ "type": "Feature", "properties": { "LAYER": "PARCELARIO_BASE_CATASTRO", "MAP_NAME": "1016_2026.dwg", "ccpp1": "1016 3337" }, "geometry": { "type": "MultiPolygon", "coordinates": [ [ [ [ -68.886163953310515, -32.983446675574349, 0.0 ], [ -68.886516625680301, -32.983393604567958, 0.0 ], [ -68.886454316392104, -32.983308343799209, 0.0 ], [ -68.886090537939467, -32.983260800601357, 0.0 ], [ -68.886129132791638, -32.983359166567979, 0.0 ], [ -68.886163953310515, -32.983446675574349, 0.0 ] ] ] ] } },
{ "type": "Feature", "properties": { "LAYER": "PARCELARIO_BASE_CATASTRO", "MAP_NAME": "1016_2026.dwg", "ccpp1": "1016 3331" }, "geometry": { "type": "MultiPolygon", "coordinates": [ [ [ [ -68.892965127714234, -33.003435612524768, 0.0 ], [ -68.892937418632641, -33.00343387828498, 0.0 ], [ -68.892750259651976, -33.003424534065466, 0.0 ], [ -68.892743415377282, -33.003598698599596, 0.0 ], [ -68.892733733471005, -33.003839816431523, 0.0 ], [ -68.893004951768503, -33.003847422185032, 0.0 ], [ -68.893021189330312, -33.003438813739578, 0.0 ], [ -68.892965127714234, -33.003435612524768, 0.0 ] ] ] ] } },
{ "type": "Feature", "properties": { "LAYER": "PARCELARIO_BASE_CATASTRO", "MAP_NAME": "1016_2026.dwg", "ccpp1": "1016 3205" }, "geometry": { "type": "MultiPolygon", "coordinates": [ [ [ [ -68.887383433485354, -32.985413320612153, 0.0 ], [ -68.887380975977251, -32.985410792794582, 0.0 ], [ -68.887338560734023, -32.985366119649321, 0.0 ], [ -68.886933697108418, -32.985495218508234, 0.0 ], [ -68.887109004614175, -32.98567473717921, 0.0 ], [ -68.887321560467427, -32.985607760433233, 0.0 ], [ -68.887325198970373, -32.985607042373687, 0.0 ], [ -68.887511747024988, -32.98554833547059, 0.0 ], [ -68.887383433485354, -32.985413320612153, 0.0 ] ] ] ] } },
{ "type": "Feature", "properties": { "LAYER": "PARCELARIO_BASE_CATASTRO", "MAP_NAME": "1016_2026.dwg", "ccpp1": "1016 458" }, "geometry": { "type": "MultiPolygon", "coordinates": [ [ [ [ -68.886450417605559, -32.985005062202426, 0.0 ], [ -68.886538344232221, -32.985095202670507, 0.0 ], [ -68.886950304511487, -32.984959091941576, 0.0 ], [ -68.886864651091955, -32.984843775350754, 0.0 ], [ -68.886802203070033, -32.984759698551898, 0.0 ], [ -68.886344709719793, -32.984896691583586, 0.0 ], [ -68.886450417605559, -32.985005062202426, 0.0 ] ] ] ] } },
{ "type": "Feature", "properties": { "LAYER": "PARCELARIO_BASE_CATASTRO", "MAP_NAME": "1016_2026.dwg", "ccpp1": "1016 3351" }, "geometry": { "type": "MultiPolygon", "coordinates": [ [ [ [ -68.883522992088544, -32.981269726025744, 0.0 ], [ -68.88334178134653, -32.981268948536659, 0.0 ], [ -68.883363047086434, -32.981550694377979, 0.0 ], [ -68.883405940854274, -32.981622339460685, 0.0 ], [ -68.883794917298005, -32.981479005908248, 0.0 ], [ -68.883679417288803, -32.98126973686292, 0.0 ], [ -68.883522992088544, -32.981269726025744, 0.0 ] ] ] ] } },
{ "type": "Feature", "properties": { "LAYER": "PARCELARIO_BASE_CATASTRO", "MAP_NAME": "1016_2026.dwg", "ccpp1": "1016 3352" }, "geometry": { "type": "MultiPolygon", "coordinates": [ [ [ [ -68.885254917443461, -32.984303090008886, 0.0 ], [ -68.885586585054043, -32.984263964831172, 0.0 ], [ -68.885557874666972, -32.984080347749497, 0.0 ], [ -68.885510191389557, -32.984055144503358, 0.0 ], [ -68.885136381386616, -32.984146497423644, 0.0 ], [ -68.885254917443461, -32.984303090008886, 0.0 ] ] ] ] } },
{ "type": "Feature", "properties": { "LAYER": "PARCELARIO_BASE_CATASTRO", "MAP_NAME": "1016_2026.dwg", "ccpp1": "1016 3353" }, "geometry": { "type": "MultiPolygon", "coordinates": [ [ [ [ -68.885354238380586, -32.984527307859246, 0.0 ], [ -68.885627694693909, -32.984526875145548, 0.0 ], [ -68.885586585054043, -32.984263964831172, 0.0 ], [ -68.885254917443461, -32.984303090008886, 0.0 ], [ -68.885307688204605, -32.984372803073661, 0.0 ], [ -68.885329154552522, -32.984401316731194, 0.0 ], [ -68.885354238380586, -32.984527307859246, 0.0 ] ] ] ] } },
{ "type": "Feature", "properties": { "LAYER": "PARCELARIO_BASE_CATASTRO", "MAP_NAME": "1016_2026.dwg", "ccpp1": "1016 3354" }, "geometry": { "type": "MultiPolygon", "coordinates": [ [ [ [ -68.885290828124184, -32.984740174692078, 0.0 ], [ -68.885654183385398, -32.984696278809302, 0.0 ], [ -68.885627694693909, -32.984526875145548, 0.0 ], [ -68.885354238380586, -32.984527307859246, 0.0 ], [ -68.885246084196041, -32.984566408990112, 0.0 ], [ -68.885290828124184, -32.984740174692078, 0.0 ] ] ] ] } },
{ "type": "Feature", "properties": { "LAYER": "PARCELARIO_BASE_CATASTRO", "MAP_NAME": "1016_2026.dwg", "ccpp1": "1016 3355" }, "geometry": { "type": "MultiPolygon", "coordinates": [ [ [ [ -68.885333923276704, -32.984907535138987, 0.0 ], [ -68.885344439116849, -32.984948373154197, 0.0 ], [ -68.885652718167705, -32.984865185290694, 0.0 ], [ -68.885675849367715, -32.984834840644062, 0.0 ], [ -68.88566896480846, -32.984790807184261, 0.0 ], [ -68.885663841709061, -32.984758045416029, 0.0 ], [ -68.885654183385398, -32.984696278809302, 0.0 ], [ -68.885290828124184, -32.984740174692078, 0.0 ], [ -68.885333923276704, -32.984907535138987, 0.0 ] ] ] ] } },
{ "type": "Feature", "properties": { "LAYER": "PARCELARIO_BASE_CATASTRO", "MAP_NAME": "1016_2026.dwg", "ccpp1": "1016 3228" }, "geometry": { "type": "MultiPolygon", "coordinates": [ [ [ [ -68.888426530496417, -33.014736435882924, 0.0 ], [ -68.888536988567594, -33.014741935601499, 0.0 ], [ -68.888682401423466, -33.014693818590878, 0.0 ], [ -68.888802444196514, -33.014360140224611, 0.0 ], [ -68.888648365677412, -33.014304033237245, 0.0 ], [ -68.888479903591588, -33.014631331239329, 0.0 ], [ -68.888426530496417, -33.014736435882924, 0.0 ] ] ] ] } },
{ "type": "Feature", "properties": { "LAYER": "PARCELARIO_BASE_CATASTRO", "MAP_NAME": "1016_2026.dwg", "ccpp1": "1016 3216" }, "geometry": { "type": "MultiPolygon", "coordinates": [ [ [ [ -68.890867617550285, -32.987467773854554, 0.0 ], [ -68.890974090545811, -32.987703130020286, 0.0 ], [ -68.891205156160439, -32.987628686132645, 0.0 ], [ -68.891008136699028, -32.987425705261828, 0.0 ], [ -68.890867617550285, -32.987467773854554, 0.0 ] ] ] ] } },
{ "type": "Feature", "properties": { "LAYER": "PARCELARIO_BASE_CATASTRO", "MAP_NAME": "1016_2026.dwg", "ccpp1": "1016 120" }, "geometry": { "type": "MultiPolygon", "coordinates": [ [ [ [ -68.885075346297228, -32.987641224855231, 0.0 ], [ -68.884922919900021, -32.987700050611558, 0.0 ], [ -68.884836003740176, -32.987733239694997, 0.0 ], [ -68.884660238562148, -32.987803226213074, 0.0 ], [ -68.884555441758479, -32.987846407208899, 0.0 ], [ -68.884523850331703, -32.987869641290445, 0.0 ], [ -68.88447929247377, -32.987908642733949, 0.0 ], [ -68.884437846118644, -32.987940883554209, 0.0 ], [ -68.884520661575849, -32.988017876009479, 0.0 ], [ -68.884532994482882, -32.988029327003296, 0.0 ], [ -68.884690978888258, -32.988021457978746, 0.0 ], [ -68.885257694849187, -32.987818625485829, 0.0 ], [ -68.885163069790366, -32.987728050598037, 0.0 ], [ -68.885093079075858, -32.987660898658049, 0.0 ], [ -68.885075346297228, -32.987641224855231, 0.0 ] ] ] ] } },
{ "type": "Feature", "properties": { "LAYER": "PARCELARIO_BASE_CATASTRO", "MAP_NAME": "1016_2026.dwg", "ccpp1": "1016 3374" }, "geometry": { "type": "MultiPolygon", "coordinates": [ [ [ [ -68.892688471809493, -33.000106894453111, 0.0 ], [ -68.892420813791233, -33.000113861277207, 0.0 ], [ -68.892500617664609, -33.000753368196705, 0.0 ], [ -68.892780432927879, -33.000743349553616, 0.0 ], [ -68.892688471809493, -33.000106894453111, 0.0 ] ] ] ] } },
{ "type": "Feature", "properties": { "LAYER": "PARCELARIO_BASE_CATASTRO", "MAP_NAME": "1016_2026.dwg", "ccpp1": "1016 2767" }, "geometry": { "type": "MultiPolygon", "coordinates": [ [ [ [ -68.891242739029579, -32.984207284003929, 0.0 ], [ -68.891522363497543, -32.984357056198093, 0.0 ], [ -68.892558207605177, -32.984222706250236, 0.0 ], [ -68.892410400280724, -32.983389518033015, 0.0 ], [ -68.89112040510453, -32.983536545765439, 0.0 ], [ -68.891242739029579, -32.984207284003929, 0.0 ] ] ] ] } },
{ "type": "Feature", "properties": { "LAYER": "PARCELARIO_BASE_CATASTRO", "MAP_NAME": "1016_2026.dwg", "ccpp1": "1016 3372" }, "geometry": { "type": "MultiPolygon", "coordinates": [ [ [ [ -68.887673380386417, -32.984756490799249, 0.0 ], [ -68.887966296855069, -32.984656788705884, 0.0 ], [ -68.887830386296955, -32.984450736586616, 0.0 ], [ -68.887523690077856, -32.984574375415356, 0.0 ], [ -68.887673380386417, -32.984756490799249, 0.0 ] ] ] ] } },
{ "type": "Feature", "properties": { "LAYER": "PARCELARIO_BASE_CATASTRO", "MAP_NAME": "1016_2026.dwg", "ccpp1": "1016 3373" }, "geometry": { "type": "MultiPolygon", "coordinates": [ [ [ [ -68.888008214239207, -32.991721766366609, 0.0 ], [ -68.888027747172373, -32.991855751520838, 0.0 ], [ -68.88808247873115, -32.992231178836981, 0.0 ], [ -68.888458698730844, -32.992195651274947, 0.0 ], [ -68.888383364635672, -32.991695317057584, 0.0 ], [ -68.888034666323421, -32.991702572636939, 0.0 ], [ -68.888008214239207, -32.991721766366609, 0.0 ] ] ] ] } },
{ "type": "Feature", "properties": { "LAYER": "PARCELARIO_BASE_CATASTRO", "MAP_NAME": "1016_2026.dwg", "ccpp1": "1016 3367" }, "geometry": { "type": "MultiPolygon", "coordinates": [ [ [ [ -68.890097924309259, -33.000974103802967, 0.0 ], [ -68.890159060447957, -33.001328070013244, 0.0 ], [ -68.889918188488821, -33.00133701978271, 0.0 ], [ -68.889974649290195, -33.001697651637478, 0.0 ], [ -68.890060373391435, -33.001692945570532, 0.0 ], [ -68.890258365380788, -33.001683019197209, 0.0 ], [ -68.890128773566289, -33.000972957875874, 0.0 ], [ -68.890097924309259, -33.000974103802967, 0.0 ] ] ] ] } },
{ "type": "Feature", "properties": { "LAYER": "PARCELARIO_BASE_CATASTRO", "MAP_NAME": "1016_2026.dwg", "ccpp1": "1016 3347" }, "geometry": { "type": "MultiPolygon", "coordinates": [ [ [ [ -68.889911475780949, -32.99320919171322, 0.0 ], [ -68.890152836705568, -32.993201773006149, 0.0 ], [ -68.890129592808847, -32.993079124746544, 0.0 ], [ -68.890112060309377, -32.992981543320262, 0.0 ], [ -68.890089875402438, -32.992841848559884, 0.0 ], [ -68.890079352984429, -32.99277913394701, 0.0 ], [ -68.889867410376823, -32.992803653140385, 0.0 ], [ -68.889898392744115, -32.992993751347548, 0.0 ], [ -68.889876769846495, -32.992996254269755, 0.0 ], [ -68.889911475780949, -32.99320919171322, 0.0 ] ] ] ] } },
{ "type": "Feature", "properties": { "LAYER": "PARCELARIO_BASE_CATASTRO", "MAP_NAME": "1016_2026.dwg", "ccpp1": "1016 3369" }, "geometry": { "type": "MultiPolygon", "coordinates": [ [ [ [ -68.893747392591706, -32.989831836108166, 0.0 ], [ -68.893760540872407, -32.98982298650774, 0.0 ], [ -68.893742248295396, -32.989802427114064, 0.0 ], [ -68.893844969763023, -32.989737516136358, 0.0 ], [ -68.893805046649163, -32.989692644453349, 0.0 ], [ -68.89368648680545, -32.989767563162076, 0.0 ], [ -68.893747392591706, -32.989831836108166, 0.0 ] ] ] ] } },
{ "type": "Feature", "properties": { "LAYER": "PARCELARIO_BASE_CATASTRO", "MAP_NAME": "1016_2026.dwg", "ccpp1": "1016 3375" }, "geometry": { "type": "MultiPolygon", "coordinates": [ [ [ [ -68.892870559073373, -32.98609646509486, 0.0 ], [ -68.893044285771367, -32.986117971171993, 0.0 ], [ -68.893081298349372, -32.986122511260803, 0.0 ], [ -68.893169933588027, -32.986170917082866, 0.0 ], [ -68.893252996183435, -32.986227072512001, 0.0 ], [ -68.893336271018015, -32.986284760919979, 0.0 ], [ -68.893201974603258, -32.986305925741753, 0.0 ], [ -68.893146270314702, -32.98627531119083, 0.0 ], [ -68.893079833939964, -32.986272278783936, 0.0 ], [ -68.893020638648423, -32.986297565245856, 0.0 ], [ -68.892984312907728, -32.986344421393696, 0.0 ], [ -68.892816977383063, -32.986348515760959, 0.0 ], [ -68.892624498830514, -32.986353129293128, 0.0 ], [ -68.892432020258767, -32.986357742528547, 0.0 ], [ -68.892239327799899, -32.986362265114856, 0.0 ], [ -68.892006727082702, -32.986367925077595, 0.0 ], [ -68.89179499094621, -32.986373006679401, 0.0 ], [ -68.891774661390969, -32.986373494902928, 0.0 ], [ -68.891647554975322, -32.986376450381236, 0.0 ], [ -68.891608452398472, -32.986331152192989, 0.0 ], [ -68.891547817684369, -32.986308287083602, 0.0 ], [ -68.891481798595493, -32.986314000468774, 0.0 ], [ -68.891428049976511, -32.986346865006219, 0.0 ], [ -68.89141957725829, -32.98636281644378, 0.0 ], [ -68.891400812013913, -32.986398146817031, 0.0 ], [ -68.891407591181334, -32.986453786264704, 0.0 ], [ -68.891446586720363, -32.986499084421858, 0.0 ], [ -68.891507435516431, -32.98652194976583, 0.0 ], [ -68.891573767899018, -32.986522638555471, 0.0 ], [ -68.891747095406359, -32.986518370713853, 0.0 ], [ -68.892081125458105, -32.986510003733969, 0.0 ], [ -68.892112122089486, -32.986534826672461, 0.0 ], [ -68.892117700976968, -32.986698035264141, 0.0 ], [ -68.892123174101144, -32.986860251913868, 0.0 ], [ -68.892205892146009, -32.986935793818049, 0.0 ], [ -68.89237384929524, -32.986949373700966, 0.0 ], [ -68.892682056412497, -32.98697407444822, 0.0 ], [ -68.892721840476796, -32.986987363304273, 0.0 ], [ -68.892840614106646, -32.98706338659742, 0.0 ], [ -68.89287300701946, -32.987084062823641, 0.0 ], [ -68.892914927906631, -32.98709987815031, 0.0 ], [ -68.892992717657918, -32.98709309208234, 0.0 ], [ -68.893173656384235, -32.987077287302952, 0.0 ], [ -68.893352989985715, -32.987061661226043, 0.0 ], [ -68.893561748910443, -32.987043354942273, 0.0 ], [ -68.893802821948029, -32.987022280592996, 0.0 ], [ -68.894032017632298, -32.987002367880926, 0.0 ], [ -68.894181604833392, -32.986989240065299, 0.0 ], [ -68.894224601182813, -32.987000547472789, 0.0 ], [ -68.894340113691115, -32.987031031826341, 0.0 ], [ -68.89440683514799, -32.987064720865057, 0.0 ], [ -68.894544555229103, -32.987134266475138, 0.0 ], [ -68.89468216853669, -32.987203811842811, 0.0 ], [ -68.894808982499555, -32.987267937891815, 0.0 ], [ -68.89494882410736, -32.987353444546308, 0.0 ], [ -68.895084389368577, -32.987436422751337, 0.0 ], [ -68.895214823190472, -32.987516150460856, 0.0 ], [ -68.895347075124022, -32.98759669106753, 0.0 ], [ -68.895485634841648, -32.987681384532799, 0.0 ], [ -68.895729076786608, -32.987830545290755, 0.0 ], [ -68.895747998957347, -32.987843455088047, 0.0 ], [ -68.895774937903766, -32.987862773489141, 0.0 ], [ -68.895786566820718, -32.987890915553628, 0.0 ], [ -68.895780219936924, -32.987920214796397, 0.0 ], [ -68.895757083352564, -32.987942827605011, 0.0 ], [ -68.895723797693009, -32.98795262810453, 0.0 ], [ -68.895688700395652, -32.987956295670379, 0.0 ], [ -68.895556132012686, -32.987962045763389, 0.0 ], [ -68.895443365612209, -32.987960418537455, 0.0 ], [ -68.895323235801115, -32.987942735166214, 0.0 ], [ -68.895279612454573, -32.987918263111268, 0.0 ], [ -68.895137088370518, -32.987838254817653, 0.0 ], [ -68.894988872696615, -32.987776275137513, 0.0 ], [ -68.894835404649825, -32.987722766632423, 0.0 ], [ -68.894670707513384, -32.987665281082954, 0.0 ], [ -68.894532319262296, -32.987617014657559, 0.0 ], [ -68.894393931269562, -32.987568657911005, 0.0 ], [ -68.894255624611645, -32.987520409281103, 0.0 ], [ -68.894115658306958, -32.987471582016504, 0.0 ], [ -68.894106887916834, -32.987469230215865, 0.0 ], [ -68.89386121256706, -32.987401395767122, 0.0 ], [ -68.893609783191764, -32.987403526161067, 0.0 ], [ -68.892424570314546, -32.98773667263972, 0.0 ], [ -68.892592842862285, -32.987844477864613, 0.0 ], [ -68.892787272292438, -32.987998831913131, 0.0 ], [ -68.892995702072525, -32.987900547449726, 0.0 ], [ -68.893668947313685, -32.98758319085109, 0.0 ], [ -68.89383028968463, -32.987582426459326, 0.0 ], [ -68.894046240836275, -32.987634636716898, 0.0 ], [ -68.894372529309663, -32.98775159030987, 0.0 ], [ -68.894495943838564, -32.987795786708944, 0.0 ], [ -68.894638715533674, -32.98784694224242, 0.0 ], [ -68.894873032574907, -32.987930905635302, 0.0 ], [ -68.894902224251879, -32.987945086555406, 0.0 ], [ -68.894919099827987, -32.987969536235518, 0.0 ], [ -68.894918852300066, -32.987997848720568, 0.0 ], [ -68.894902132678965, -32.988022360294252, 0.0 ], [ -68.894873121397012, -32.988036492219322, 0.0 ], [ -68.894598170202926, -32.98811353424707, 0.0 ], [ -68.894555485233681, -32.988109801328612, 0.0 ], [ -68.894486409029156, -32.988076200552072, 0.0 ], [ -68.894351998553915, -32.988011436580955, 0.0 ], [ -68.894305484328612, -32.987988945432164, 0.0 ], [ -68.894088097499818, -32.987883805900559, 0.0 ], [ -68.894009396053733, -32.987847221157011, 0.0 ], [ -68.893959261465326, -32.987810390123272, 0.0 ], [ -68.893886623748145, -32.987802934655569, 0.0 ], [ -68.893852053078291, -32.987813545074495, 0.0 ], [ -68.893830968281137, -32.98781992906369, 0.0 ], [ -68.893788227442101, -32.987862992930928, 0.0 ], [ -68.89378337105434, -32.98788717992268, 0.0 ], [ -68.893777034111579, -32.987918346446733, 0.0 ], [ -68.893799759955698, -32.987971113947502, 0.0 ], [ -68.893850858564392, -32.988007044185785, 0.0 ], [ -68.893916325583561, -32.988016567442088, 0.0 ], [ -68.893978831260583, -32.987997324617794, 0.0 ], [ -68.894101051269814, -32.988056398080239, 0.0 ], [ -68.89425203543432, -32.988129381628738, 0.0 ], [ -68.894518288255568, -32.988259538644087, 0.0 ], [ -68.894563541402533, -32.988263003240405, 0.0 ], [ -68.89477769418643, -32.98820953403898, 0.0 ], [ -68.894958348509434, -32.988164512068401, 0.0 ], [ -68.894998689436065, -32.988160037607287, 0.0 ], [ -68.895204352672721, -32.988137668428458, 0.0 ], [ -68.895401451325966, -32.988116079803284, 0.0 ], [ -68.895522157028694, -32.988102859465059, 0.0 ], [ -68.895592229685647, -32.988108328144818, 0.0 ], [ -68.895776451252033, -32.98812272675702, 0.0 ], [ -68.895969556600292, -32.988137818676201, 0.0 ], [ -68.89601320066005, -32.98814123001096, 0.0 ], [ -68.896082213294818, -32.988138311926448, 0.0 ], [ -68.896140025774457, -32.988106440620534, 0.0 ], [ -68.896171328022945, -32.988054439824431, 0.0 ], [ -68.896166487309884, -32.987985367253565, 0.0 ], [ -68.896089026465745, -32.987893602148802, 0.0 ], [ -68.895949758585445, -32.987773382644832, 0.0 ], [ -68.894809402025714, -32.987094635686155, 0.0 ], [ -68.894376448734846, -32.986886162867862, 0.0 ], [ -68.894063071185073, -32.986711422647545, 0.0 ], [ -68.893856212627483, -32.986572929528357, 0.0 ], [ -68.893808525641603, -32.986547732158407, 0.0 ], [ -68.893869309158021, -32.986625688841869, 0.0 ], [ -68.893928279680438, -32.986698865059836, 0.0 ], [ -68.894023253213462, -32.986815983543011, 0.0 ], [ -68.893937096186093, -32.986841518055222, 0.0 ], [ -68.893947446443818, -32.986864699978085, 0.0 ], [ -68.893652449825652, -32.986890450783307, 0.0 ], [ -68.893418340758757, -32.986910886087351, 0.0 ], [ -68.89325386771182, -32.986925242777026, 0.0 ], [ -68.893218129435638, -32.986928368094517, 0.0 ], [ -68.893182712233937, -32.986931403508606, 0.0 ], [ -68.892969138534554, -32.986950065703709, 0.0 ], [ -68.892928817216401, -32.986938669989982, 0.0 ], [ -68.89279144191363, -32.986850728656833, 0.0 ], [ -68.892749631644733, -32.986832028012785, 0.0 ], [ -68.892640940083893, -32.986823999841555, 0.0 ], [ -68.892480149446243, -32.986812049509723, 0.0 ], [ -68.892321712507595, -32.986800191168378, 0.0 ], [ -68.892291465525773, -32.986774647586827, 0.0 ], [ -68.892283523576438, -32.986530736757814, 0.0 ], [ -68.89231276331472, -32.986504613306337, 0.0 ], [ -68.892473251535392, -32.986500784222656, 0.0 ], [ -68.892633739742848, -32.986496954932669, 0.0 ], [ -68.89278331463035, -32.986493476737742, 0.0 ], [ -68.892933103484481, -32.986489998547107, 0.0 ], [ -68.893066629685265, -32.98648677675471, 0.0 ], [ -68.893132752424023, -32.98648385782333, 0.0 ], [ -68.893192054579956, -32.986458751736201, 0.0 ], [ -68.893228058857389, -32.986412255925202, 0.0 ], [ -68.893308927771528, -32.986424497704576, 0.0 ], [ -68.893352246471153, -32.986430775224989, 0.0 ], [ -68.893414079604, -32.986439735699719, 0.0 ], [ -68.893678723039983, -32.986479184319528, 0.0 ], [ -68.893626117802583, -32.986451367824728, 0.0 ], [ -68.893278529126931, -32.986169206585082, 0.0 ], [ -68.89319303515191, -32.986088703776446, 0.0 ], [ -68.892870559073373, -32.98609646509486, 0.0 ] ] ] ] } },
{ "type": "Feature", "properties": { "LAYER": "PARCELARIO_BASE_CATASTRO", "MAP_NAME": "1016_2026.dwg", "ccpp1": "1016 3192" }, "geometry": { "type": "MultiPolygon", "coordinates": [ [ [ [ -68.884952139564874, -32.984672143272974, 0.0 ], [ -68.885076347905724, -32.985020715743559, 0.0 ], [ -68.885344439116849, -32.984948373154197, 0.0 ], [ -68.885335543926985, -32.984913828898357, 0.0 ], [ -68.885246084196041, -32.984566408990112, 0.0 ], [ -68.885200751976257, -32.984582797885587, 0.0 ], [ -68.884952139564874, -32.984672143272974, 0.0 ] ] ] ] } },
{ "type": "Feature", "properties": { "LAYER": "PARCELARIO_BASE_CATASTRO", "MAP_NAME": "1016_2026.dwg", "ccpp1": "1016 3391" }, "geometry": { "type": "MultiPolygon", "coordinates": [ [ [ [ -68.88468856164063, -32.98467682876818, 0.0 ], [ -68.884834366526121, -32.985086012175799, 0.0 ], [ -68.885021878657966, -32.985035413814536, 0.0 ], [ -68.884877098844612, -32.984629109554241, 0.0 ], [ -68.88468856164063, -32.98467682876818, 0.0 ] ] ] ] } },
{ "type": "Feature", "properties": { "LAYER": "PARCELARIO_BASE_CATASTRO", "MAP_NAME": "1016_2026.dwg", "ccpp1": "1016 3392" }, "geometry": { "type": "MultiPolygon", "coordinates": [ [ [ [ -68.884834366526121, -32.985086012175799, 0.0 ], [ -68.88468856164063, -32.98467682876818, 0.0 ], [ -68.884504942604252, -32.98472330285864, 0.0 ], [ -68.884651745810245, -32.985135290308321, 0.0 ], [ -68.884834366526121, -32.985086012175799, 0.0 ] ] ] ] } },
{ "type": "Feature", "properties": { "LAYER": "PARCELARIO_BASE_CATASTRO", "MAP_NAME": "1016_2026.dwg", "ccpp1": "1016 3393" }, "geometry": { "type": "MultiPolygon", "coordinates": [ [ [ [ -68.884320196248666, -32.984770061952091, 0.0 ], [ -68.884469022983126, -32.985184595671647, 0.0 ], [ -68.884651745810245, -32.985135290308321, 0.0 ], [ -68.884504942604252, -32.98472330285864, 0.0 ], [ -68.884320196248666, -32.984770061952091, 0.0 ] ] ] ] } },
{ "type": "Feature", "properties": { "LAYER": "PARCELARIO_BASE_CATASTRO", "MAP_NAME": "1016_2026.dwg", "ccpp1": "1016 3394" }, "geometry": { "type": "MultiPolygon", "coordinates": [ [ [ [ -68.884469022983126, -32.985184595671647, 0.0 ], [ -68.884320196248666, -32.984770061952091, 0.0 ], [ -68.884135449699059, -32.984816820771407, 0.0 ], [ -68.88428426177029, -32.985234450738432, 0.0 ], [ -68.884469022983126, -32.985184595671647, 0.0 ] ] ] ] } },
{ "type": "Feature", "properties": { "LAYER": "PARCELARIO_BASE_CATASTRO", "MAP_NAME": "1016_2026.dwg", "ccpp1": "1016 3399" }, "geometry": { "type": "MultiPolygon", "coordinates": [ [ [ [ -68.88444199070095, -32.984546633866906, 0.0 ], [ -68.884504942604252, -32.98472330285864, 0.0 ], [ -68.884877098844612, -32.984629109554241, 0.0 ], [ -68.885021878657966, -32.985035413814536, 0.0 ], [ -68.885076347905724, -32.985020715743559, 0.0 ], [ -68.884952139564874, -32.984672143272974, 0.0 ], [ -68.884867689618446, -32.984435145259603, 0.0 ], [ -68.884802998371498, -32.98445222316397, 0.0 ], [ -68.884621649367219, -32.984501008501233, 0.0 ], [ -68.884580339454004, -32.984511879734022, 0.0 ], [ -68.884555429156876, -32.984518328249443, 0.0 ], [ -68.88445673058682, -32.984542871527459, 0.0 ], [ -68.88444199070095, -32.984546633866906, 0.0 ] ] ] ] } },
{ "type": "Feature", "properties": { "LAYER": "PARCELARIO_BASE_CATASTRO", "MAP_NAME": "1016_2026.dwg", "ccpp1": "1016 3398" }, "geometry": { "type": "MultiPolygon", "coordinates": [ [ [ [ -68.88402303242303, -32.984655538775712, 0.0 ], [ -68.884057943116886, -32.984750011461649, 0.0 ], [ -68.884107201669153, -32.984737544319344, 0.0 ], [ -68.884135449699059, -32.984816820771407, 0.0 ], [ -68.884320196248666, -32.984770061952091, 0.0 ], [ -68.884504942604252, -32.98472330285864, 0.0 ], [ -68.88444199070095, -32.984546633866906, 0.0 ], [ -68.884236380047398, -32.9845975760607, 0.0 ], [ -68.884182976624402, -32.984611348109809, 0.0 ], [ -68.884080051545283, -32.984639784876798, 0.0 ], [ -68.88402303242303, -32.984655538775712, 0.0 ] ] ] ] } },
{ "type": "Feature", "properties": { "LAYER": "PARCELARIO_BASE_CATASTRO", "MAP_NAME": "1016_2026.dwg", "ccpp1": "1016 3397" }, "geometry": { "type": "MultiPolygon", "coordinates": [ [ [ [ -68.884057943116886, -32.984750011461649, 0.0 ], [ -68.88402303242303, -32.984655538775712, 0.0 ], [ -68.883992154689963, -32.984664070014887, 0.0 ], [ -68.883920485961028, -32.984682553123427, 0.0 ], [ -68.883865113280493, -32.984695612441179, 0.0 ], [ -68.883693063251542, -32.984740047045236, 0.0 ], [ -68.883675977987195, -32.984744132038685, 0.0 ], [ -68.883639033785556, -32.98475270442345, 0.0 ], [ -68.883577665219093, -32.984768452089568, 0.0 ], [ -68.883681530090399, -32.984923298669372, 0.0 ], [ -68.884083161225163, -32.984821653484467, 0.0 ], [ -68.884057943116886, -32.984750011461649, 0.0 ] ] ] ] } },
{ "type": "Feature", "properties": { "LAYER": "PARCELARIO_BASE_CATASTRO", "MAP_NAME": "1016_2026.dwg", "ccpp1": "1016 3396" }, "geometry": { "type": "MultiPolygon", "coordinates": [ [ [ [ -68.88381407600248, -32.98510594092177, 0.0 ], [ -68.884151873715439, -32.985019663225529, 0.0 ], [ -68.884083161225163, -32.984821653484467, 0.0 ], [ -68.883681530090399, -32.984923298669372, 0.0 ], [ -68.883708998295177, -32.98496415573301, 0.0 ], [ -68.88372757858788, -32.984992034898355, 0.0 ], [ -68.883775556972822, -32.985055222145768, 0.0 ], [ -68.883803404606923, -32.985091744550843, 0.0 ], [ -68.88381407600248, -32.98510594092177, 0.0 ] ] ] ] } },
{ "type": "Feature", "properties": { "LAYER": "PARCELARIO_BASE_CATASTRO", "MAP_NAME": "1016_2026.dwg", "ccpp1": "1016 3395" }, "geometry": { "type": "MultiPolygon", "coordinates": [ [ [ [ -68.88381407600248, -32.98510594092177, 0.0 ], [ -68.88385712458772, -32.985163209259994, 0.0 ], [ -68.883905396207325, -32.985228626733146, 0.0 ], [ -68.883911603793152, -32.985237360096626, 0.0 ], [ -68.883932374009959, -32.985266637999771, 0.0 ], [ -68.883950070658017, -32.985291347484171, 0.0 ], [ -68.883989708192757, -32.985343036723719, 0.0 ], [ -68.884090631818353, -32.985316949699495, 0.0 ], [ -68.884074738100466, -32.985290987186751, 0.0 ], [ -68.884233307179898, -32.985248200019143, 0.0 ], [ -68.884151873715439, -32.985019663225529, 0.0 ], [ -68.88381407600248, -32.98510594092177, 0.0 ] ] ] ] } },
{ "type": "Feature", "properties": { "LAYER": "PARCELARIO_BASE_CATASTRO", "MAP_NAME": "1016_2026.dwg", "ccpp1": "1016 3363" }, "geometry": { "type": "MultiPolygon", "coordinates": [ [ [ [ -68.888143264299103, -32.989100848282163, 0.0 ], [ -68.887754018044674, -32.989104744096132, 0.0 ], [ -68.887789629738393, -32.989160979140316, 0.0 ], [ -68.88785145977711, -32.989192052770896, 0.0 ], [ -68.887878953986132, -32.989191735726124, 0.0 ], [ -68.887912732786432, -32.989246549295046, 0.0 ], [ -68.888230830161476, -32.989238260219608, 0.0 ], [ -68.888143264299103, -32.989100848282163, 0.0 ] ] ] ] } },
{ "type": "Feature", "properties": { "LAYER": "PARCELARIO_BASE_CATASTRO", "MAP_NAME": "1016_2026.dwg", "ccpp1": "1016 3250" }, "geometry": { "type": "MultiPolygon", "coordinates": [ [ [ [ -68.885660366990649, -32.980701743050062, 0.0 ], [ -68.885769311581342, -32.980862536386105, 0.0 ], [ -68.886256475567677, -32.980829964270633, 0.0 ], [ -68.886156964927451, -32.980668297214258, 0.0 ], [ -68.885660366990649, -32.980701743050062, 0.0 ] ] ] ] } },
{ "type": "Feature", "properties": { "LAYER": "PARCELARIO_BASE_CATASTRO", "MAP_NAME": "1016_2026.dwg", "ccpp1": "1016 3251" }, "geometry": { "type": "MultiPolygon", "coordinates": [ [ [ [ -68.885769311581342, -32.980862536386105, 0.0 ], [ -68.885874509665769, -32.981017800710596, 0.0 ], [ -68.886363985044511, -32.981004626307637, 0.0 ], [ -68.886256475567677, -32.980829964270633, 0.0 ], [ -68.885769311581342, -32.980862536386105, 0.0 ] ] ] ] } },
{ "type": "Feature", "properties": { "LAYER": "PARCELARIO_BASE_CATASTRO", "MAP_NAME": "1016_2026.dwg", "ccpp1": "1016 3252" }, "geometry": { "type": "MultiPolygon", "coordinates": [ [ [ [ -68.885874509665769, -32.981017800710596, 0.0 ], [ -68.885973119790251, -32.981163340631525, 0.0 ], [ -68.886414778789543, -32.981157031927332, 0.0 ], [ -68.88644593538794, -32.981137764331038, 0.0 ], [ -68.886363985044511, -32.981004626307637, 0.0 ], [ -68.885874509665769, -32.981017800710596, 0.0 ] ] ] ] } },
{ "type": "Feature", "properties": { "LAYER": "PARCELARIO_BASE_CATASTRO", "MAP_NAME": "1016_2026.dwg", "ccpp1": "1016 3390" }, "geometry": { "type": "MultiPolygon", "coordinates": [ [ [ [ -68.882374171524646, -32.984222052042853, 0.0 ], [ -68.882232362545665, -32.984262943855754, 0.0 ], [ -68.882203359338916, -32.984271211942087, 0.0 ], [ -68.882167719515706, -32.984281277116501, 0.0 ], [ -68.88200289943407, -32.984328006961199, 0.0 ], [ -68.881934832500079, -32.984347326908683, 0.0 ], [ -68.881857989294105, -32.984369164117581, 0.0 ], [ -68.881824275268045, -32.984379139946157, 0.0 ], [ -68.881863195227709, -32.98447601974631, 0.0 ], [ -68.881879617107117, -32.984516610812385, 0.0 ], [ -68.881890600096909, -32.984544122394162, 0.0 ], [ -68.881897851407416, -32.984561984289385, 0.0 ], [ -68.881918613892452, -32.98455587251069, 0.0 ], [ -68.882060668643035, -32.984514056166816, 0.0 ], [ -68.882033256765794, -32.984447913798213, 0.0 ], [ -68.881981746100379, -32.984463077343847, 0.0 ], [ -68.881940681734392, -32.984363991850685, 0.0 ], [ -68.882395019221903, -32.984233084780065, 0.0 ], [ -68.882416486512909, -32.98428598032551, 0.0 ], [ -68.882543022651859, -32.984249502983793, 0.0 ], [ -68.88254284989064, -32.984249082639096, 0.0 ], [ -68.882520002818708, -32.984193455534317, 0.0 ], [ -68.8825150161897, -32.984181339496914, 0.0 ], [ -68.882495431158205, -32.984187091811897, 0.0 ], [ -68.882484300421766, -32.984190237212431, 0.0 ], [ -68.882460647410127, -32.984197067707825, 0.0 ], [ -68.882374171524646, -32.984222052042853, 0.0 ] ] ] ] } },
{ "type": "Feature", "properties": { "LAYER": "PARCELARIO_BASE_CATASTRO", "MAP_NAME": "1016_2026.dwg", "ccpp1": "1016 3389" }, "geometry": { "type": "MultiPolygon", "coordinates": [ [ [ [ -68.888870901941999, -32.988983193897447, 0.0 ], [ -68.8886201153135, -32.98899296554729, 0.0 ], [ -68.8886930032658, -32.989175916446229, 0.0 ], [ -68.88892592930361, -32.989165995315908, 0.0 ], [ -68.888920737730302, -32.9889804811543, 0.0 ], [ -68.888870901941999, -32.988983193897447, 0.0 ] ] ] ] } },
{ "type": "Feature", "properties": { "LAYER": "PARCELARIO_BASE_CATASTRO", "MAP_NAME": "1016_2026.dwg", "ccpp1": "1016 3444" }, "geometry": { "type": "MultiPolygon", "coordinates": [ [ [ [ -68.892640644641475, -33.009620696168675, 0.0 ], [ -68.892809880393173, -33.009625577594015, 0.0 ], [ -68.893149611499425, -33.005832219183269, 0.0 ], [ -68.893171097203634, -33.0055463725691, 0.0 ], [ -68.892685567553968, -33.005529758913752, 0.0 ], [ -68.891956304605941, -33.005527127065903, 0.0 ], [ -68.891887885165531, -33.007742010181794, 0.0 ], [ -68.892800341570492, -33.007764145170597, 0.0 ], [ -68.892760958014165, -33.008223117225235, 0.0 ], [ -68.892742306496984, -33.008440480655707, 0.0 ], [ -68.892725508861943, -33.008636246041434, 0.0 ], [ -68.892710814820603, -33.008807481352498, 0.0 ], [ -68.892694184204004, -33.009001301952772, 0.0 ], [ -68.892677809697503, -33.009192129203797, 0.0 ], [ -68.892656611190787, -33.009439180751883, 0.0 ], [ -68.892640644641475, -33.009620696168675, 0.0 ] ] ] ] } },
{ "type": "Feature", "properties": { "LAYER": "PARCELARIO_BASE_CATASTRO", "MAP_NAME": "1016_2026.dwg", "ccpp1": "1016 3430" }, "geometry": { "type": "MultiPolygon", "coordinates": [ [ [ [ -68.887621871048765, -33.005957082447992, 0.0 ], [ -68.887571343287917, -33.00761690580719, 0.0 ], [ -68.891887885165531, -33.007742010181794, 0.0 ], [ -68.891956304605941, -33.005527127065903, 0.0 ], [ -68.889439648673388, -33.005521500314323, 0.0 ], [ -68.889430932500133, -33.005808885432771, 0.0 ], [ -68.889377559537749, -33.005851339522621, 0.0 ], [ -68.887827965609318, -33.005817407127012, 0.0 ], [ -68.887621871048765, -33.005957082447992, 0.0 ] ] ] ] } },
{ "type": "Feature", "properties": { "LAYER": "PARCELARIO_BASE_CATASTRO", "MAP_NAME": "1016_2026.dwg", "ccpp1": "1016 3425" }, "geometry": { "type": "MultiPolygon", "coordinates": [ [ [ [ -68.889867410376823, -32.992803653140385, 0.0 ], [ -68.890079352984429, -32.99277913394701, 0.0 ], [ -68.890073413629253, -32.992743726158984, 0.0 ], [ -68.890039531262687, -32.992545950355208, 0.0 ], [ -68.890005434832545, -32.992348352879688, 0.0 ], [ -68.890002995352077, -32.992331940201119, 0.0 ], [ -68.889989300556977, -32.992245993766268, 0.0 ], [ -68.889982477463533, -32.99219391295626, 0.0 ], [ -68.889969969183483, -32.992102325085071, 0.0 ], [ -68.889757127114819, -32.992126960521283, 0.0 ], [ -68.889772121622315, -32.992218968304527, 0.0 ], [ -68.889867410376823, -32.992803653140385, 0.0 ] ] ] ] } },
{ "type": "Feature", "properties": { "LAYER": "PARCELARIO_BASE_CATASTRO", "MAP_NAME": "1016_2026.dwg", "ccpp1": "1016 3425" }, "geometry": { "type": "MultiPolygon", "coordinates": [ [ [ [ -68.88977212147698, -32.992218968321339, 0.0 ], [ -68.889826105998651, -32.992550213447259, 0.0 ], [ -68.890036112306618, -32.992526136676155, 0.0 ], [ -68.890022483028773, -32.992447151619345, 0.0 ], [ -68.890002947088036, -32.992331942687962, 0.0 ], [ -68.889989300556977, -32.992245993766268, 0.0 ], [ -68.88997565437802, -32.992141832145421, 0.0 ], [ -68.889969969183483, -32.992102325085071, 0.0 ], [ -68.88975712686215, -32.9921269589708, 0.0 ], [ -68.88977212147698, -32.992218968321339, 0.0 ] ] ] ] } },
{ "type": "Feature", "properties": { "LAYER": "PARCELARIO_BASE_CATASTRO", "MAP_NAME": "1016_2026.dwg", "ccpp1": "1016 400" }, "geometry": { "type": "MultiPolygon", "coordinates": [ [ [ [ -68.888660083430821, -32.998909647342288, 0.0 ], [ -68.8883708831615, -32.998921104576155, 0.0 ], [ -68.888351841915068, -32.998921858482674, 0.0 ], [ -68.888349778688024, -32.998970436260578, 0.0 ], [ -68.888678351470759, -32.998956263174513, 0.0 ], [ -68.888734297507256, -32.998969029390672, 0.0 ], [ -68.888771205546817, -32.999159057229434, 0.0 ], [ -68.888790087544791, -32.999257134969518, 0.0 ], [ -68.888810894723619, -32.999364495375175, 0.0 ], [ -68.888820281836729, -32.999413444025592, 0.0 ], [ -68.88882284211607, -32.999426514301732, 0.0 ], [ -68.889193145733458, -32.999413553706695, 0.0 ], [ -68.889480083688525, -32.999400917683779, 0.0 ], [ -68.889314538720129, -32.998883508098316, 0.0 ], [ -68.888660083430821, -32.998909647342288, 0.0 ] ] ] ] } },
{ "type": "Feature", "properties": { "LAYER": "PARCELARIO_BASE_CATASTRO", "MAP_NAME": "1016_2026.dwg", "ccpp1": "1016 673" }, "geometry": { "type": "MultiPolygon", "coordinates": [ [ [ [ -68.884606417388568, -32.982068599861577, 0.0 ], [ -68.884607105809181, -32.982069848421233, 0.0 ], [ -68.884765878202131, -32.982359711657104, 0.0 ], [ -68.885000582615731, -32.982367868181619, 0.0 ], [ -68.884794971057758, -32.981996499094471, 0.0 ], [ -68.884741218479505, -32.982017053506858, 0.0 ], [ -68.884606417388568, -32.982068599861577, 0.0 ] ] ] ] } },
{ "type": "Feature", "properties": { "LAYER": "PARCELARIO_BASE_CATASTRO", "MAP_NAME": "1016_2026.dwg", "ccpp1": "1016 3420" }, "geometry": { "type": "MultiPolygon", "coordinates": [ [ [ [ -68.893270011955934, -32.998981998705979, 0.0 ], [ -68.893256470622205, -32.998948199506131, 0.0 ], [ -68.893165401601138, -32.998720894611772, 0.0 ], [ -68.89256247109526, -32.998740737970152, 0.0 ], [ -68.892647877462821, -32.999005659081938, 0.0 ], [ -68.893270011955934, -32.998981998705979, 0.0 ] ] ] ] } },
{ "type": "Feature", "properties": { "LAYER": "PARCELARIO_BASE_CATASTRO", "MAP_NAME": "1016_2026.dwg", "ccpp1": "1016 3294" }, "geometry": { "type": "MultiPolygon", "coordinates": [ [ [ [ -68.889812959132172, -33.014018161219717, 0.0 ], [ -68.889549688727627, -33.013972600461138, 0.0 ], [ -68.889524633153641, -33.014077797366269, 0.0 ], [ -68.889789196463767, -33.014120097061323, 0.0 ], [ -68.889812959132172, -33.014018161219717, 0.0 ] ] ] ] } },
{ "type": "Feature", "properties": { "LAYER": "PARCELARIO_BASE_CATASTRO", "MAP_NAME": "1016_2026.dwg", "ccpp1": "1016 3294" }, "geometry": { "type": "MultiPolygon", "coordinates": [ [ [ [ -68.889812959132172, -33.014018161219717, 0.0 ], [ -68.889549688727627, -33.013972600461138, 0.0 ], [ -68.889524633153641, -33.014077797366269, 0.0 ], [ -68.889789196463767, -33.014120097061323, 0.0 ], [ -68.889812959132172, -33.014018161219717, 0.0 ] ] ] ] } },
{ "type": "Feature", "properties": { "LAYER": "PARCELARIO_BASE_CATASTRO", "MAP_NAME": "1016_2026.dwg", "ccpp1": "1016 3437" }, "geometry": { "type": "MultiPolygon", "coordinates": [ [ [ [ -68.891265767699664, -32.989846427297508, 0.0 ], [ -68.891245509086502, -32.989400603491276, 0.0 ], [ -68.89102277136395, -32.989409562969747, 0.0 ], [ -68.891040510100325, -32.989852443836661, 0.0 ], [ -68.891265767699664, -32.989846427297508, 0.0 ] ] ] ] } },
{ "type": "Feature", "properties": { "LAYER": "PARCELARIO_BASE_CATASTRO", "MAP_NAME": "1016_2026.dwg", "ccpp1": "1016 3423" }, "geometry": { "type": "MultiPolygon", "coordinates": [ [ [ [ -68.890524049124778, -32.995911841998584, 0.0 ], [ -68.890566452021446, -32.996061182443732, 0.0 ], [ -68.89079797048548, -32.996066201914999, 0.0 ], [ -68.890848228447084, -32.996067244921214, 0.0 ], [ -68.891156204158776, -32.99607405635728, 0.0 ], [ -68.891118942298263, -32.995896292524449, 0.0 ], [ -68.890524049124778, -32.995911841998584, 0.0 ] ] ] ] } },
{ "type": "Feature", "properties": { "LAYER": "PARCELARIO_BASE_CATASTRO", "MAP_NAME": "1016_2026.dwg", "ccpp1": "1016 3455" }, "geometry": { "type": "MultiPolygon", "coordinates": [ [ [ [ -68.879744287314651, -32.980434760636193, 0.0 ], [ -68.879531979925972, -32.980439587130832, 0.0 ], [ -68.879201451321407, -32.980447397636212, 0.0 ], [ -68.879215929518821, -32.980735501687676, 0.0 ], [ -68.879508785757324, -32.980730540079534, 0.0 ], [ -68.879517042170733, -32.981076697535912, 0.0 ], [ -68.879780636180286, -32.981079956865244, 0.0 ], [ -68.879744287314651, -32.980434760636193, 0.0 ] ] ] ] } },
{ "type": "Feature", "properties": { "LAYER": "PARCELARIO_BASE_CATASTRO", "MAP_NAME": "1016_2026.dwg", "ccpp1": "1016 3412" }, "geometry": { "type": "MultiPolygon", "coordinates": [ [ [ [ -68.893358793902181, -32.993224112061284, 0.0 ], [ -68.893219722850233, -32.993624281129286, 0.0 ], [ -68.89304816945014, -32.993608017673253, 0.0 ], [ -68.893011130088922, -32.994153487921722, 0.0 ], [ -68.893114352790946, -32.994154052416405, 0.0 ], [ -68.893183626267614, -32.993921701687832, 0.0 ], [ -68.893282032629358, -32.993591635800378, 0.0 ], [ -68.893407750999685, -32.99322276690981, 0.0 ], [ -68.893358793902181, -32.993224112061284, 0.0 ] ] ] ] } },
{ "type": "Feature", "properties": { "LAYER": "PARCELARIO_BASE_CATASTRO", "MAP_NAME": "1016_2026.dwg", "ccpp1": "1016 3445" }, "geometry": { "type": "MultiPolygon", "coordinates": [ [ [ [ -68.889771673800354, -32.994641422211124, 0.0 ], [ -68.890243377939981, -32.994602217144759, 0.0 ], [ -68.890202210025706, -32.994491163941305, 0.0 ], [ -68.890194642986145, -32.99447223274327, 0.0 ], [ -68.889392416800149, -32.994507234642363, 0.0 ], [ -68.889547094151865, -32.994871393044804, 0.0 ], [ -68.889871983159452, -32.99487568528685, 0.0 ], [ -68.889859377181097, -32.994846728529545, 0.0 ], [ -68.889771673800354, -32.994641422211124, 0.0 ] ] ] ] } },
{ "type": "Feature", "properties": { "LAYER": "PARCELARIO_BASE_CATASTRO", "MAP_NAME": "1016_2026.dwg", "ccpp1": "1016 3407" }, "geometry": { "type": "MultiPolygon", "coordinates": [ [ [ [ -68.888045672093298, -33.00354971296526, 0.0 ], [ -68.888036096028202, -33.003265748628479, 0.0 ], [ -68.887649297379596, -33.003264683385311, 0.0 ], [ -68.887622685948202, -33.003313080326642, 0.0 ], [ -68.887556701441838, -33.00345511600252, 0.0 ], [ -68.887511933848884, -33.00355895864179, 0.0 ], [ -68.888045672093298, -33.00354971296526, 0.0 ] ] ] ] } },
{ "type": "Feature", "properties": { "LAYER": "PARCELARIO_BASE_CATASTRO", "MAP_NAME": "1016_2026.dwg", "ccpp1": "1016 3409" }, "geometry": { "type": "MultiPolygon", "coordinates": [ [ [ [ -68.88849801267213, -33.003541875587224, 0.0 ], [ -68.889054340088876, -33.003532058781055, 0.0 ], [ -68.889048582418809, -33.00341709630851, 0.0 ], [ -68.88894968334148, -33.003422968448369, 0.0 ], [ -68.888883003783477, -33.003422825259292, 0.0 ], [ -68.888856889156742, -33.003423708196337, 0.0 ], [ -68.888843131506547, -33.00326796841496, 0.0 ], [ -68.888465769946876, -33.003266931235899, 0.0 ], [ -68.88849801267213, -33.003541875587224, 0.0 ] ] ] ] } },
{ "type": "Feature", "properties": { "LAYER": "PARCELARIO_BASE_CATASTRO", "MAP_NAME": "1016_2026.dwg", "ccpp1": "1016 3410" }, "geometry": { "type": "MultiPolygon", "coordinates": [ [ [ [ -68.888817587301148, -33.002978789938162, 0.0 ], [ -68.888510956777566, -33.002970855834761, 0.0 ], [ -68.888432202956366, -33.002980690387098, 0.0 ], [ -68.88843314945052, -33.002988766642183, 0.0 ], [ -68.888465769946876, -33.003266931235899, 0.0 ], [ -68.888843131506547, -33.00326796841496, 0.0 ], [ -68.888817587301148, -33.002978789938162, 0.0 ] ] ] ] } },
{ "type": "Feature", "properties": { "LAYER": "PARCELARIO_BASE_CATASTRO", "MAP_NAME": "1016_2026.dwg", "ccpp1": "1016 3411" }, "geometry": { "type": "MultiPolygon", "coordinates": [ [ [ [ -68.888500108865088, -33.002327235275111, 0.0 ], [ -68.888516232547886, -33.002475514959535, 0.0 ], [ -68.888421992357593, -33.002479847174641, 0.0 ], [ -68.88845973427479, -33.00288200131542, 0.0 ], [ -68.888502520905845, -33.00288096924762, 0.0 ], [ -68.888510956777566, -33.002970855834761, 0.0 ], [ -68.888817587301148, -33.002978789938162, 0.0 ], [ -68.888809194994352, -33.002883782792786, 0.0 ], [ -68.888795383702742, -33.002727430707168, 0.0 ], [ -68.888632273659667, -33.002728287968218, 0.0 ], [ -68.888575767057958, -33.002396857209021, 0.0 ], [ -68.88855628730137, -33.00239684072271, 0.0 ], [ -68.888551724910982, -33.002325001026499, 0.0 ], [ -68.888500108865088, -33.002327235275111, 0.0 ] ] ] ] } },
{ "type": "Feature", "properties": { "LAYER": "PARCELARIO_BASE_CATASTRO", "MAP_NAME": "1016_2026.dwg", "ccpp1": "1016 679" }, "geometry": { "type": "MultiPolygon", "coordinates": [ [ [ [ -68.893235128670895, -33.002179454746702, 0.0 ], [ -68.892945446680628, -33.002187136009709, 0.0 ], [ -68.892965956173441, -33.002436750146181, 0.0 ], [ -68.893255664597973, -33.002429120255002, 0.0 ], [ -68.893247320278491, -33.002327677271424, 0.0 ], [ -68.893235128670895, -33.002179454746702, 0.0 ] ] ] ] } },
{ "type": "Feature", "properties": { "LAYER": "PARCELARIO_BASE_CATASTRO", "MAP_NAME": "1016_2026.dwg", "ccpp1": "1016 3290" }, "geometry": { "type": "MultiPolygon", "coordinates": [ [ [ [ -68.892986457688252, -33.002686861987762, 0.0 ], [ -68.893006802109639, -33.002936894333935, 0.0 ], [ -68.893296406196697, -33.002929289508245, 0.0 ], [ -68.893276187284201, -33.002679212231484, 0.0 ], [ -68.892986457688252, -33.002686861987762, 0.0 ] ] ] ] } },
{ "type": "Feature", "properties": { "LAYER": "PARCELARIO_BASE_CATASTRO", "MAP_NAME": "1016_2026.dwg", "ccpp1": "1016 3327" }, "geometry": { "type": "MultiPolygon", "coordinates": [ [ [ [ -68.891499402396903, -33.002621594245355, 0.0 ], [ -68.891276996112524, -33.002611430350093, 0.0 ], [ -68.891300312685956, -33.002822191261139, 0.0 ], [ -68.891322410827115, -33.003023987539834, 0.0 ], [ -68.89149278744604, -33.003031755807591, 0.0 ], [ -68.891488890561703, -33.002986864288168, 0.0 ], [ -68.891531613639401, -33.002988811165913, 0.0 ], [ -68.891499402396903, -33.002621594245355, 0.0 ] ] ] ] } },
{ "type": "Feature", "properties": { "LAYER": "PARCELARIO_BASE_CATASTRO", "MAP_NAME": "1016_2026.dwg", "ccpp1": "1016 3326" }, "geometry": { "type": "MultiPolygon", "coordinates": [ [ [ [ -68.891276996112524, -33.002611430350093, 0.0 ], [ -68.891499402396903, -33.002621594245355, 0.0 ], [ -68.891463825954972, -33.002216009624767, 0.0 ], [ -68.891233423690778, -33.002223072100094, 0.0 ], [ -68.891276942123341, -33.002610953316491, 0.0 ], [ -68.891276996112524, -33.002611430350093, 0.0 ] ] ] ] } },
{ "type": "Feature", "properties": { "LAYER": "PARCELARIO_BASE_CATASTRO", "MAP_NAME": "1016_2026.dwg", "ccpp1": "1016 3348" }, "geometry": { "type": "MultiPolygon", "coordinates": [ [ [ [ -68.889826105998651, -32.992550213447259, 0.0 ], [ -68.889867410376823, -32.992803653140385, 0.0 ], [ -68.890079353891878, -32.992779133842028, 0.0 ], [ -68.890075606742201, -32.99275679689606, 0.0 ], [ -68.890041724365801, -32.99255902109325, 0.0 ], [ -68.890036112306618, -32.992526136676155, 0.0 ], [ -68.889826105998651, -32.992550213447259, 0.0 ] ] ] ] } },
{ "type": "Feature", "properties": { "LAYER": "PARCELARIO_BASE_CATASTRO", "MAP_NAME": "1016_2026.dwg", "ccpp1": "1016 3240" }, "geometry": { "type": "MultiPolygon", "coordinates": [ [ [ [ -68.892630967194506, -33.001626302025372, 0.0 ], [ -68.89266105712349, -33.001772539192054, 0.0 ], [ -68.892728303944168, -33.001771562770749, 0.0 ], [ -68.893194528185589, -33.001773209530064, 0.0 ], [ -68.893181182724391, -33.001594303764179, 0.0 ], [ -68.892625612753477, -33.001599632151894, 0.0 ], [ -68.892630967194506, -33.001626302025372, 0.0 ] ] ] ] } },
{ "type": "Feature", "properties": { "LAYER": "PARCELARIO_BASE_CATASTRO", "MAP_NAME": "1016_2026.dwg", "ccpp1": "1016 3730" }, "geometry": { "type": "MultiPolygon", "coordinates": [ [ [ [ -68.891626916759421, -33.009461282996568, 0.0 ], [ -68.891555958068395, -33.010482290188548, 0.0 ], [ -68.89239852138806, -33.010480219776781, 0.0 ], [ -68.892500906302942, -33.010453976382536, 0.0 ], [ -68.892559066976517, -33.009717005509984, 0.0 ], [ -68.89252121157412, -33.009704876314046, 0.0 ], [ -68.892445115927302, -33.009670492636808, 0.0 ], [ -68.892375405672681, -33.009621317191638, 0.0 ], [ -68.89231563441281, -33.009562091790571, 0.0 ], [ -68.892248321878768, -33.009501606544397, 0.0 ], [ -68.892152656066131, -33.009474360793256, 0.0 ], [ -68.891626916759421, -33.009461282996568, 0.0 ] ] ] ] } },
{ "type": "Feature", "properties": { "LAYER": "PARCELARIO_BASE_CATASTRO", "MAP_NAME": "1016_2026.dwg", "ccpp1": "1016 3744" }, "geometry": { "type": "MultiPolygon", "coordinates": [ [ [ [ -68.887858230529261, -33.009281178594492, 0.0 ], [ -68.887892866490418, -33.0092599842773, 0.0 ], [ -68.887777429443588, -33.009199621180827, 0.0 ], [ -68.887593701045802, -33.00913464000778, 0.0 ], [ -68.887405954807562, -33.009103880933196, 0.0 ], [ -68.887218652924886, -33.009073194356162, 0.0 ], [ -68.887032342017179, -33.009047011466947, 0.0 ], [ -68.886602331570899, -33.009020682369716, 0.0 ], [ -68.886293863129509, -33.009135477654524, 0.0 ], [ -68.88621543543816, -33.009200594859308, 0.0 ], [ -68.886218801671575, -33.009548670073912, 0.0 ], [ -68.887845766963082, -33.009596220437217, 0.0 ], [ -68.887858230529261, -33.009281178594492, 0.0 ] ] ] ] } },
{ "type": "Feature", "properties": { "LAYER": "PARCELARIO_BASE_CATASTRO", "MAP_NAME": "1016_2026.dwg", "ccpp1": "1016 3441" }, "geometry": { "type": "MultiPolygon", "coordinates": [ [ [ [ -68.890927391956623, -33.00968622703185, 0.0 ], [ -68.890856761079348, -33.010476686020262, 0.0 ], [ -68.891555958068395, -33.010482290188548, 0.0 ], [ -68.891626916759421, -33.009461282996568, 0.0 ], [ -68.890948988844499, -33.009444384825585, 0.0 ], [ -68.89093819041554, -33.009565305930401, 0.0 ], [ -68.890927391956623, -33.00968622703185, 0.0 ] ] ] ] } },
{ "type": "Feature", "properties": { "LAYER": "PARCELARIO_BASE_CATASTRO", "MAP_NAME": "1016_2026.dwg", "ccpp1": "1016 3441" }, "geometry": { "type": "MultiPolygon", "coordinates": [ [ [ [ -68.891555958068395, -33.010482290188548, 0.0 ], [ -68.891626916759421, -33.009461282996568, 0.0 ], [ -68.890948988844499, -33.009444384825585, 0.0 ], [ -68.89093819041554, -33.009565305930401, 0.0 ], [ -68.890927391956623, -33.00968622703185, 0.0 ], [ -68.890873508844365, -33.010289567599798, 0.0 ], [ -68.890856761079348, -33.010476686020262, 0.0 ], [ -68.891555958068395, -33.010482290188548, 0.0 ] ] ] ] } },
{ "type": "Feature", "properties": { "LAYER": "PARCELARIO_BASE_CATASTRO", "MAP_NAME": "1016_2026.dwg", "ccpp1": "1016 3406" }, "geometry": { "type": "MultiPolygon", "coordinates": [ [ [ [ -68.886887289021658, -32.989171892329978, 0.0 ], [ -68.886700295868636, -32.989179928063749, 0.0 ], [ -68.886739200495967, -32.989447902910591, 0.0 ], [ -68.886926145644892, -32.989438577874168, 0.0 ], [ -68.886887289021658, -32.989171892329978, 0.0 ] ] ] ] } },
{ "type": "Feature", "properties": { "LAYER": "PARCELARIO_BASE_CATASTRO", "MAP_NAME": "1016_2026.dwg", "ccpp1": "1016 3413" }, "geometry": { "type": "MultiPolygon", "coordinates": [ [ [ [ -68.886652553283824, -32.988013018131021, 0.0 ], [ -68.886696886962127, -32.988454941010254, 0.0 ], [ -68.886787911131918, -32.988452294192747, 0.0 ], [ -68.886798641828662, -32.988428409455352, 0.0 ], [ -68.886899881973591, -32.988419521385651, 0.0 ], [ -68.886818494478703, -32.988000574289089, 0.0 ], [ -68.886652553283824, -32.988013018131021, 0.0 ] ] ] ] } },
{ "type": "Feature", "properties": { "LAYER": "PARCELARIO_BASE_CATASTRO", "MAP_NAME": "1016_2026.dwg", "ccpp1": "1016 3415" }, "geometry": { "type": "MultiPolygon", "coordinates": [ [ [ [ -68.886281004868025, -32.988038751013043, 0.0 ], [ -68.886312010722264, -32.98846613085486, 0.0 ], [ -68.886500575052565, -32.988460648877215, 0.0 ], [ -68.886474174308475, -32.988026455920284, 0.0 ], [ -68.886396461221864, -32.988034890557927, 0.0 ], [ -68.886281004868025, -32.988038751013043, 0.0 ] ] ] ] } },
{ "type": "Feature", "properties": { "LAYER": "PARCELARIO_BASE_CATASTRO", "MAP_NAME": "1016_2026.dwg", "ccpp1": "1016 3293" }, "geometry": { "type": "MultiPolygon", "coordinates": [ [ [ [ -68.889789196463767, -33.014120097061323, 0.0 ], [ -68.889524633153641, -33.014077797366269, 0.0 ], [ -68.889498933585273, -33.014184437274871, 0.0 ], [ -68.88976359599593, -33.01422990920171, 0.0 ], [ -68.889789196463767, -33.014120097061323, 0.0 ] ] ] ] } },
{ "type": "Feature", "properties": { "LAYER": "PARCELARIO_BASE_CATASTRO", "MAP_NAME": "1016_2026.dwg", "ccpp1": "1016 3293" }, "geometry": { "type": "MultiPolygon", "coordinates": [ [ [ [ -68.889789196463767, -33.014120097061323, 0.0 ], [ -68.889524633153641, -33.014077797366269, 0.0 ], [ -68.889498933585273, -33.014184437274871, 0.0 ], [ -68.88976359599593, -33.01422990920171, 0.0 ], [ -68.889789196463767, -33.014120097061323, 0.0 ] ] ] ] } },
{ "type": "Feature", "properties": { "LAYER": "PARCELARIO_BASE_CATASTRO", "MAP_NAME": "1016_2026.dwg", "ccpp1": "1016 3300" }, "geometry": { "type": "MultiPolygon", "coordinates": [ [ [ [ -68.887338086932814, -33.012906859979559, 0.0 ], [ -68.887116008465611, -33.012654361805758, 0.0 ], [ -68.887113416663297, -33.012655015880789, 0.0 ], [ -68.88711065571691, -33.012655710378134, 0.0 ], [ -68.887086573145368, -33.012661371849241, 0.0 ], [ -68.887074905532941, -33.012664067219106, 0.0 ], [ -68.887075168343159, -33.012990231956714, 0.0 ], [ -68.887204428737647, -33.012989067553349, 0.0 ], [ -68.887284537531926, -33.012939995958483, 0.0 ], [ -68.887326733555767, -33.012914063126942, 0.0 ], [ -68.887338086932814, -33.012906859979559, 0.0 ] ] ] ] } },
{ "type": "Feature", "properties": { "LAYER": "PARCELARIO_BASE_CATASTRO", "MAP_NAME": "1016_2026.dwg", "ccpp1": "1016 3300" }, "geometry": { "type": "MultiPolygon", "coordinates": [ [ [ [ -68.887338086932814, -33.012906859979559, 0.0 ], [ -68.887116008465611, -33.012654361805758, 0.0 ], [ -68.887113416663297, -33.012655015880789, 0.0 ], [ -68.88711065571691, -33.012655710378134, 0.0 ], [ -68.887086573145368, -33.012661371849241, 0.0 ], [ -68.887074905532941, -33.012664067219106, 0.0 ], [ -68.887075168343159, -33.012990231956714, 0.0 ], [ -68.887204428737647, -33.012989067553349, 0.0 ], [ -68.887284537531926, -33.012939995958483, 0.0 ], [ -68.887326733555767, -33.012914063126942, 0.0 ], [ -68.887338086932814, -33.012906859979559, 0.0 ] ] ] ] } },
{ "type": "Feature", "properties": { "LAYER": "PARCELARIO_BASE_CATASTRO", "MAP_NAME": "1016_2026.dwg", "ccpp1": "1016 3346" }, "geometry": { "type": "MultiPolygon", "coordinates": [ [ [ [ -68.888473693187407, -33.005340050331498, 0.0 ], [ -68.888758832489529, -33.005340905264696, 0.0 ], [ -68.888775250688909, -33.005185352006571, 0.0 ], [ -68.888817155428768, -33.004737451322995, 0.0 ], [ -68.888824657047692, -33.00465714485297, 0.0 ], [ -68.888825747133041, -33.004645485354267, 0.0 ], [ -68.888831411869816, -33.004582688689716, 0.0 ], [ -68.888834938671167, -33.00454707564176, 0.0 ], [ -68.888552060196488, -33.004546796369581, 0.0 ], [ -68.888549128406396, -33.004578039518719, 0.0 ], [ -68.888509166771726, -33.004923020096534, 0.0 ], [ -68.888473693187407, -33.005340050331498, 0.0 ] ] ] ] } },
{ "type": "Feature", "properties": { "LAYER": "PARCELARIO_BASE_CATASTRO", "MAP_NAME": "1016_2026.dwg", "ccpp1": "1016 3239" }, "geometry": { "type": "MultiPolygon", "coordinates": [ [ [ [ -68.894305653746457, -33.000851990205113, 0.0 ], [ -68.894357321604318, -33.001346854916925, 0.0 ], [ -68.894522633231063, -33.00134524544471, 0.0 ], [ -68.894569880583063, -33.001344768694139, 0.0 ], [ -68.894518141903859, -33.000849972536287, 0.0 ], [ -68.894482246199289, -33.000850324512875, 0.0 ], [ -68.894305653746457, -33.000851990205113, 0.0 ] ] ] ] } },
{ "type": "Feature", "properties": { "LAYER": "PARCELARIO_BASE_CATASTRO", "MAP_NAME": "1016_2026.dwg", "ccpp1": "1016 3238" }, "geometry": { "type": "MultiPolygon", "coordinates": [ [ [ [ -68.894142966962875, -33.001349005077593, 0.0 ], [ -68.894357321604318, -33.001346854916925, 0.0 ], [ -68.894305653746457, -33.000851990205113, 0.0 ], [ -68.894091613790295, -33.000854173005926, 0.0 ], [ -68.894142966962875, -33.001349005077593, 0.0 ] ] ] ] } },
{ "type": "Feature", "properties": { "LAYER": "PARCELARIO_BASE_CATASTRO", "MAP_NAME": "1016_2026.dwg", "ccpp1": "1016 3237" }, "geometry": { "type": "MultiPolygon", "coordinates": [ [ [ [ -68.893851485813272, -33.001350390516905, 0.0 ], [ -68.894142966962875, -33.001349005077593, 0.0 ], [ -68.894091613790295, -33.000854173005926, 0.0 ], [ -68.893800550570489, -33.000857304328136, 0.0 ], [ -68.893851485813272, -33.001350390516905, 0.0 ] ] ] ] } },
{ "type": "Feature", "properties": { "LAYER": "PARCELARIO_BASE_CATASTRO", "MAP_NAME": "1016_2026.dwg", "ccpp1": "1016 952" }, "geometry": { "type": "MultiPolygon", "coordinates": [ [ [ [ -68.891660358229799, -32.997674331897919, 0.0 ], [ -68.891676511026347, -32.997820827799067, 0.0 ], [ -68.891649679478149, -32.997827463398259, 0.0 ], [ -68.89166377229823, -32.997924196680259, 0.0 ], [ -68.892072391249911, -32.997926159179443, 0.0 ], [ -68.892022016196421, -32.997675992314342, 0.0 ], [ -68.891660358229799, -32.997674331897919, 0.0 ] ] ] ] } },
{ "type": "Feature", "properties": { "LAYER": "PARCELARIO_BASE_CATASTRO", "MAP_NAME": "1016_2026.dwg", "ccpp1": "1016 3422" }, "geometry": { "type": "MultiPolygon", "coordinates": [ [ [ [ -68.89291944163088, -32.993652289573873, 0.0 ], [ -68.892843448972428, -32.993655573870733, 0.0 ], [ -68.892858261734744, -32.993723804811324, 0.0 ], [ -68.892979706649513, -32.993705081240087, 0.0 ], [ -68.893003895198277, -32.993685044159712, 0.0 ], [ -68.893014368615084, -32.993530297361119, 0.0 ], [ -68.892888650806441, -32.993536071438527, 0.0 ], [ -68.89291944163088, -32.993652289573873, 0.0 ] ] ] ] } },
{ "type": "Feature", "properties": { "LAYER": "PARCELARIO_BASE_CATASTRO", "MAP_NAME": "1016_2026.dwg", "ccpp1": "1016 3418" }, "geometry": { "type": "MultiPolygon", "coordinates": [ [ [ [ -68.890272646738808, -32.994852409603155, 0.0 ], [ -68.889960517922049, -32.994900750172171, 0.0 ], [ -68.889984018484299, -32.994961275667535, 0.0 ], [ -68.890308154882931, -32.994940233494532, 0.0 ], [ -68.890272646738808, -32.994852409603155, 0.0 ] ] ] ] } },
{ "type": "Feature", "properties": { "LAYER": "PARCELARIO_BASE_CATASTRO", "MAP_NAME": "1016_2026.dwg", "ccpp1": "1016 3241" }, "geometry": { "type": "MultiPolygon", "coordinates": [ [ [ [ -68.888593949371923, -32.984509563070262, 0.0 ], [ -68.888796118247043, -32.984441749493904, 0.0 ], [ -68.888632549590525, -32.984207515340287, 0.0 ], [ -68.888612685833252, -32.984179094747503, 0.0 ], [ -68.889411668454244, -32.983939036846635, 0.0 ], [ -68.889370080529659, -32.983890419367334, 0.0 ], [ -68.888279695621975, -32.984218020297568, 0.0 ], [ -68.888360766096639, -32.984293239597257, 0.0 ], [ -68.888565978186477, -32.984483640101132, 0.0 ], [ -68.888593949371923, -32.984509563070262, 0.0 ] ] ] ] } },
{ "type": "Feature", "properties": { "LAYER": "PARCELARIO_BASE_CATASTRO", "MAP_NAME": "1016_2026.dwg", "ccpp1": "1016 138" }, "geometry": { "type": "MultiPolygon", "coordinates": [ [ [ [ -68.885710704797233, -32.985552118237202, 0.0 ], [ -68.885666997429411, -32.985565090346832, 0.0 ], [ -68.88563296443246, -32.98557515797922, 0.0 ], [ -68.885561685478947, -32.985596191048316, 0.0 ], [ -68.885386590228521, -32.985648233128629, 0.0 ], [ -68.885609189505658, -32.98584149739559, 0.0 ], [ -68.885626287349083, -32.985856390749618, 0.0 ], [ -68.885702481735692, -32.98592237590556, 0.0 ], [ -68.885748114220235, -32.985961553209549, 0.0 ], [ -68.885785148364803, -32.985947340571393, 0.0 ], [ -68.886029064316503, -32.985872729542955, 0.0 ], [ -68.886040902750565, -32.985869258065712, 0.0 ], [ -68.885986441559709, -32.98582255551505, 0.0 ], [ -68.885710704797233, -32.985552118237202, 0.0 ] ] ] ] } },
{ "type": "Feature", "properties": { "LAYER": "PARCELARIO_BASE_CATASTRO", "MAP_NAME": "1016_2026.dwg", "ccpp1": "1016 3435" }, "geometry": { "type": "MultiPolygon", "coordinates": [ [ [ [ -68.892267482775821, -32.995728995869371, 0.0 ], [ -68.892299442238993, -32.995848722333761, 0.0 ], [ -68.892951281764724, -32.995858384664182, 0.0 ], [ -68.892914745114695, -32.995738462649584, 0.0 ], [ -68.892267482775821, -32.995728995869371, 0.0 ] ] ] ] } },
{ "type": "Feature", "properties": { "LAYER": "PARCELARIO_BASE_CATASTRO", "MAP_NAME": "1016_2026.dwg", "ccpp1": "1016 3434" }, "geometry": { "type": "MultiPolygon", "coordinates": [ [ [ [ -68.89223528857471, -32.995608389694702, 0.0 ], [ -68.892267482775139, -32.995728995866862, 0.0 ], [ -68.892914745114695, -32.995738462649584, 0.0 ], [ -68.89287803600476, -32.995617755522311, 0.0 ], [ -68.89223528857471, -32.995608389694702, 0.0 ] ] ] ] } },
{ "type": "Feature", "properties": { "LAYER": "PARCELARIO_BASE_CATASTRO", "MAP_NAME": "1016_2026.dwg", "ccpp1": "1016 3436" }, "geometry": { "type": "MultiPolygon", "coordinates": [ [ [ [ -68.892299442238993, -32.995848722333761, 0.0 ], [ -68.892342388930032, -32.996008260706375, 0.0 ], [ -68.892998796070884, -32.996013868003232, 0.0 ], [ -68.892951281764752, -32.995858384664317, 0.0 ], [ -68.892299442238993, -32.995848722333761, 0.0 ] ] ] ] } },
{ "type": "Feature", "properties": { "LAYER": "PARCELARIO_BASE_CATASTRO", "MAP_NAME": "1016_2026.dwg", "ccpp1": "1016 3731" }, "geometry": { "type": "MultiPolygon", "coordinates": [ [ [ [ -68.890522198669217, -33.009675232842461, 0.0 ], [ -68.89063778404838, -33.009678231244365, 0.0 ], [ -68.890778467337739, -33.00968187906799, 0.0 ], [ -68.890805074119314, -33.009465463386668, 0.0 ], [ -68.89080829334921, -33.009439274347955, 0.0 ], [ -68.890777070393511, -33.009438206498807, 0.0 ], [ -68.890534022127028, -33.009429891143149, 0.0 ], [ -68.890522198669217, -33.009675232842461, 0.0 ] ] ] ] } },
{ "type": "Feature", "properties": { "LAYER": "PARCELARIO_BASE_CATASTRO", "MAP_NAME": "1016_2026.dwg", "ccpp1": "1016 3732" }, "geometry": { "type": "MultiPolygon", "coordinates": [ [ [ [ -68.890301005426068, -33.009668997427532, 0.0 ], [ -68.89038027083545, -33.009671551176751, 0.0 ], [ -68.890511328228939, -33.009674951002268, 0.0 ], [ -68.890522198669217, -33.009675232842461, 0.0 ], [ -68.890534022127028, -33.009429891143149, 0.0 ], [ -68.890312893210108, -33.009422326737287, 0.0 ], [ -68.890301005426068, -33.009668997427532, 0.0 ] ] ] ] } },
{ "type": "Feature", "properties": { "LAYER": "PARCELARIO_BASE_CATASTRO", "MAP_NAME": "1016_2026.dwg", "ccpp1": "1016 3733" }, "geometry": { "type": "MultiPolygon", "coordinates": [ [ [ [ -68.890079851742328, -33.009661954656437, 0.0 ], [ -68.89012712685674, -33.009663394775352, 0.0 ], [ -68.890301005426068, -33.009668997427532, 0.0 ], [ -68.890312893210108, -33.009422326737287, 0.0 ], [ -68.890091765403355, -33.009414761039039, 0.0 ], [ -68.890079851742328, -33.009661954656437, 0.0 ] ] ] ] } },
{ "type": "Feature", "properties": { "LAYER": "PARCELARIO_BASE_CATASTRO", "MAP_NAME": "1016_2026.dwg", "ccpp1": "1016 3734" }, "geometry": { "type": "MultiPolygon", "coordinates": [ [ [ [ -68.889858682715769, -33.009655230672969, 0.0 ], [ -68.889869630155388, -33.009655551409928, 0.0 ], [ -68.890079851742328, -33.009661954656437, 0.0 ], [ -68.890091765403355, -33.009414761039039, 0.0 ], [ -68.889870637635539, -33.009407194949091, 0.0 ], [ -68.889858682715769, -33.009655230672969, 0.0 ] ] ] ] } },
{ "type": "Feature", "properties": { "LAYER": "PARCELARIO_BASE_CATASTRO", "MAP_NAME": "1016_2026.dwg", "ccpp1": "1016 3735" }, "geometry": { "type": "MultiPolygon", "coordinates": [ [ [ [ -68.889637501648906, -33.009648749739249, 0.0 ], [ -68.889743171715821, -33.009651846600228, 0.0 ], [ -68.889858682715769, -33.009655230672969, 0.0 ], [ -68.889870637635539, -33.009407194949091, 0.0 ], [ -68.889649508836484, -33.009399628466596, 0.0 ], [ -68.889637501648906, -33.009648749739249, 0.0 ] ] ] ] } },
{ "type": "Feature", "properties": { "LAYER": "PARCELARIO_BASE_CATASTRO", "MAP_NAME": "1016_2026.dwg", "ccpp1": "1016 3736" }, "geometry": { "type": "MultiPolygon", "coordinates": [ [ [ [ -68.889416320616675, -33.009642267511971, 0.0 ], [ -68.889486922484878, -33.009644337167025, 0.0 ], [ -68.889611469647292, -33.009647987347279, 0.0 ], [ -68.889637501648906, -33.009648749739249, 0.0 ], [ -68.889649508836484, -33.009399628466596, 0.0 ], [ -68.889428381145365, -33.009392062495046, 0.0 ], [ -68.889416320616675, -33.009642267511971, 0.0 ] ] ] ] } },
{ "type": "Feature", "properties": { "LAYER": "PARCELARIO_BASE_CATASTRO", "MAP_NAME": "1016_2026.dwg", "ccpp1": "1016 3737" }, "geometry": { "type": "MultiPolygon", "coordinates": [ [ [ [ -68.88919513962135, -33.0096357821878, 0.0 ], [ -68.889228769540168, -33.00963676871293, 0.0 ], [ -68.889355861450184, -33.009640494442095, 0.0 ], [ -68.889416320616675, -33.009642267511971, 0.0 ], [ -68.889428381145365, -33.009392062495046, 0.0 ], [ -68.889207252424143, -33.00938449522922, 0.0 ], [ -68.88919513962135, -33.0096357821878, 0.0 ] ] ] ] } },
{ "type": "Feature", "properties": { "LAYER": "PARCELARIO_BASE_CATASTRO", "MAP_NAME": "1016_2026.dwg", "ccpp1": "1016 3738" }, "geometry": { "type": "MultiPolygon", "coordinates": [ [ [ [ -68.888973958659548, -33.009629296471829, 0.0 ], [ -68.889102094993405, -33.009633054045274, 0.0 ], [ -68.88919513962135, -33.0096357821878, 0.0 ], [ -68.889207252424143, -33.00938449522922, 0.0 ], [ -68.888986124812035, -33.009376927572674, 0.0 ], [ -68.888973958659548, -33.009629296471829, 0.0 ] ] ] ] } },
{ "type": "Feature", "properties": { "LAYER": "PARCELARIO_BASE_CATASTRO", "MAP_NAME": "1016_2026.dwg", "ccpp1": "1016 3739" }, "geometry": { "type": "MultiPolygon", "coordinates": [ [ [ [ -68.888752777734723, -33.009622807658978, 0.0 ], [ -68.888846174411071, -33.009625548097155, 0.0 ], [ -68.888972744061363, -33.009629261127841, 0.0 ], [ -68.888973958659548, -33.009629296471829, 0.0 ], [ -68.888986124812035, -33.009376927572674, 0.0 ], [ -68.888764997238852, -33.009369359524499, 0.0 ], [ -68.888752777734723, -33.009622807658978, 0.0 ] ] ] ] } },
{ "type": "Feature", "properties": { "LAYER": "PARCELARIO_BASE_CATASTRO", "MAP_NAME": "1016_2026.dwg", "ccpp1": "1016 3740" }, "geometry": { "type": "MultiPolygon", "coordinates": [ [ [ [ -68.888531383886743, -33.009616312854021, 0.0 ], [ -68.888589719880088, -33.009618024917685, 0.0 ], [ -68.888715110225689, -33.009621702893391, 0.0 ], [ -68.888752777734723, -33.009622807658978, 0.0 ], [ -68.888764997238852, -33.009369359524499, 0.0 ], [ -68.888543654609364, -33.009361784580868, 0.0 ], [ -68.888531383886743, -33.009616312854021, 0.0 ] ] ] ] } },
{ "type": "Feature", "properties": { "LAYER": "PARCELARIO_BASE_CATASTRO", "MAP_NAME": "1016_2026.dwg", "ccpp1": "1016 3741" }, "geometry": { "type": "MultiPolygon", "coordinates": [ [ [ [ -68.888315318478206, -33.009609791767097, 0.0 ], [ -68.888458760592002, -33.009614181341753, 0.0 ], [ -68.888531383886743, -33.009616312854021, 0.0 ], [ -68.888543654609364, -33.009361784580868, 0.0 ], [ -68.888328620543646, -33.009333911873547, 0.0 ], [ -68.888315318478206, -33.009609791767097, 0.0 ] ] ] ] } },
{ "type": "Feature", "properties": { "LAYER": "PARCELARIO_BASE_CATASTRO", "MAP_NAME": "1016_2026.dwg", "ccpp1": "1016 3742" }, "geometry": { "type": "MultiPolygon", "coordinates": [ [ [ [ -68.888110414651365, -33.009603521058807, 0.0 ], [ -68.888113284733919, -33.009603609290529, 0.0 ], [ -68.888315318478206, -33.009609791767097, 0.0 ], [ -68.888328620543646, -33.009333911873547, 0.0 ], [ -68.888124865766073, -33.009303808243082, 0.0 ], [ -68.888110414651365, -33.009603521058807, 0.0 ] ] ] ] } },
{ "type": "Feature", "properties": { "LAYER": "PARCELARIO_BASE_CATASTRO", "MAP_NAME": "1016_2026.dwg", "ccpp1": "1016 3743" }, "geometry": { "type": "MultiPolygon", "coordinates": [ [ [ [ -68.888110414651365, -33.009603521058807, 0.0 ], [ -68.888124865766073, -33.009303808243082, 0.0 ], [ -68.888005939742143, -33.009284852084122, 0.0 ], [ -68.887892866490418, -33.0092599842773, 0.0 ], [ -68.887858230529261, -33.009281178594492, 0.0 ], [ -68.887845799869325, -33.009595420981043, 0.0 ], [ -68.888110414651365, -33.009603521058807, 0.0 ] ] ] ] } },
{ "type": "Feature", "properties": { "LAYER": "PARCELARIO_BASE_CATASTRO", "MAP_NAME": "1016_2026.dwg", "ccpp1": "1016 3760" }, "geometry": { "type": "MultiPolygon", "coordinates": [ [ [ [ -68.887622713287428, -33.00560237870814, 0.0 ], [ -68.887761915472041, -33.005862170045624, 0.0 ], [ -68.887827965609318, -33.005817407127012, 0.0 ], [ -68.889377559537749, -33.005851339522621, 0.0 ], [ -68.889430932500133, -33.005808885432771, 0.0 ], [ -68.889439648673388, -33.005521500314323, 0.0 ], [ -68.887890073036672, -33.005520932876472, 0.0 ], [ -68.887622713287428, -33.00560237870814, 0.0 ] ] ] ] } },
{ "type": "Feature", "properties": { "LAYER": "PARCELARIO_BASE_CATASTRO", "MAP_NAME": "1016_2026.dwg", "ccpp1": "1016 3761" }, "geometry": { "type": "MultiPolygon", "coordinates": [ [ [ [ -68.886875743316111, -33.005829924420937, 0.0 ], [ -68.886533392471264, -33.007583924525996, 0.0 ], [ -68.886623948558167, -33.007588240723685, 0.0 ], [ -68.887571343287917, -33.00761690580719, 0.0 ], [ -68.887621871048765, -33.005957082447992, 0.0 ], [ -68.887761915472041, -33.005862170045624, 0.0 ], [ -68.887746291591071, -33.005833498947588, 0.0 ], [ -68.887622713287428, -33.00560237870814, 0.0 ], [ -68.886875743316111, -33.005829924420937, 0.0 ] ] ] ] } },
{ "type": "Feature", "properties": { "LAYER": "PARCELARIO_BASE_CATASTRO", "MAP_NAME": "1016_2026.dwg", "ccpp1": "1016 3431" }, "geometry": { "type": "MultiPolygon", "coordinates": [ [ [ [ -68.895549576295991, -33.005686294231054, 0.0 ], [ -68.895541589041045, -33.006001230196382, 0.0 ], [ -68.895501301744332, -33.006032315103901, 0.0 ], [ -68.895365688350878, -33.006005610193725, 0.0 ], [ -68.895240007311088, -33.005983968264843, 0.0 ], [ -68.895106521912567, -33.005964131118077, 0.0 ], [ -68.894971837247951, -33.005951278099928, 0.0 ], [ -68.894836467958982, -33.005945457428915, 0.0 ], [ -68.894700929787689, -33.005946691178039, 0.0 ], [ -68.894565740648247, -33.00595497437407, 0.0 ], [ -68.894444789378639, -33.005973244699966, 0.0 ], [ -68.894322774036013, -33.005985499832072, 0.0 ], [ -68.894200115253298, -33.005991698646717, 0.0 ], [ -68.894077235782731, -33.005991818057247, 0.0 ], [ -68.893954559420052, -33.005985857521303, 0.0 ], [ -68.893832511003936, -33.005973839041083, 0.0 ], [ -68.893705005465179, -33.00594268043708, 0.0 ], [ -68.893682176030993, -33.005932354844511, 0.0 ], [ -68.893657599277546, -33.00592543879776, 0.0 ], [ -68.893631986596674, -33.005922131270637, 0.0 ], [ -68.893606080534397, -33.005922530276258, 0.0 ], [ -68.893580628051183, -33.005926622024447, 0.0 ], [ -68.893556367671337, -33.005934289025717, 0.0 ], [ -68.893533999520884, -33.005945309163984, 0.0 ], [ -68.893514172476813, -33.005959363800663, 0.0 ], [ -68.893494769917325, -33.005977270754059, 0.0 ], [ -68.893491781839103, -33.006031827688076, 0.0 ], [ -68.893492631214656, -33.006087289571191, 0.0 ], [ -68.893497311810748, -33.00614261586454, 0.0 ], [ -68.893510832114004, -33.006250119739789, 0.0 ], [ -68.893516311956986, -33.006358127101649, 0.0 ], [ -68.893513729351142, -33.006466210538278, 0.0 ], [ -68.893503097619998, -33.006573944469622, 0.0 ], [ -68.893484455769524, -33.00668090423779, 0.0 ], [ -68.893458449199485, -33.006797658025796, 0.0 ], [ -68.893439542827878, -33.006915377249811, 0.0 ], [ -68.893427787346411, -33.007033756288529, 0.0 ], [ -68.893410102322534, -33.007149354904207, 0.0 ], [ -68.893398268146399, -33.007265483286822, 0.0 ], [ -68.893392305427227, -33.007381930463609, 0.0 ], [ -68.893392224073224, -33.007498485451869, 0.0 ], [ -68.893398025430471, -33.007614938162483, 0.0 ], [ -68.893408370211716, -33.007730861860267, 0.0 ], [ -68.893414696369135, -33.007846988607497, 0.0 ], [ -68.8934211521225, -33.007987953910266, 0.0 ], [ -68.89338809090097, -33.008022656404286, 0.0 ], [ -68.89295350690945, -33.008035272214173, 0.0 ], [ -68.892935702226239, -33.008232403717543, 0.0 ], [ -68.893325343224703, -33.008199084980284, 0.0 ], [ -68.893357854484691, -33.008227516429365, 0.0 ], [ -68.893281359739561, -33.008520957141741, 0.0 ], [ -68.89329652439055, -33.008639605306335, 0.0 ], [ -68.893303664385428, -33.008758787613075, 0.0 ], [ -68.893302758752299, -33.008878119030172, 0.0 ], [ -68.893293808991316, -33.008997215445, 0.0 ], [ -68.893276844430417, -33.009115690062352, 0.0 ], [ -68.893251921144682, -33.009233162419982, 0.0 ], [ -68.893219117685007, -33.009349251171876, 0.0 ], [ -68.893395550949265, -33.00936145376307, 0.0 ], [ -68.89357242271177, -33.009367684685166, 0.0 ], [ -68.893749449357088, -33.00936793197296, 0.0 ], [ -68.893926345114124, -33.009362196284748, 0.0 ], [ -68.89410282527237, -33.009350486396052, 0.0 ], [ -68.89427860617883, -33.009332821905339, 0.0 ], [ -68.894407390809533, -33.009314151726834, 0.0 ], [ -68.894537276257068, -33.009302052851481, 0.0 ], [ -68.894667791623874, -33.009296569962288, 0.0 ], [ -68.89479846069122, -33.009297723394504, 0.0 ], [ -68.894928810482085, -33.009305507339512, 0.0 ], [ -68.895058366973601, -33.009319895251238, 0.0 ], [ -68.895186659385573, -33.009340832636269, 0.0 ], [ -68.895394223061814, -33.009368375292411, 0.0 ], [ -68.895602513118476, -33.009391709191796, 0.0 ], [ -68.895811442457173, -33.009419354185603, 0.0 ], [ -68.895964483297377, -33.009438967929803, 0.0 ], [ -68.896118367450001, -33.009453145087704, 0.0 ], [ -68.896272824163475, -33.009461861085988, 0.0 ], [ -68.89642757839448, -33.009465100365844, 0.0 ], [ -68.89658235722824, -33.009462857289897, 0.0 ], [ -68.896736886667028, -33.009455137041506, 0.0 ], [ -68.896868624741728, -33.009443721644381, 0.0 ], [ -68.896851922253418, -33.009331888414444, 0.0 ], [ -68.896850305174951, -33.009231727207478, 0.0 ], [ -68.896855630146305, -33.009131656492762, 0.0 ], [ -68.896867876413268, -33.009032017987138, 0.0 ], [ -68.896883779878323, -33.008877702214889, 0.0 ], [ -68.896892033215366, -33.008722962642359, 0.0 ], [ -68.896892621169542, -33.008568067957647, 0.0 ], [ -68.896885541329098, -33.008413285956443, 0.0 ], [ -68.896796396924628, -33.007777820675841, 0.0 ], [ -68.896788488436911, -33.007676831913678, 0.0 ], [ -68.896787870049508, -33.007575623758449, 0.0 ], [ -68.896794543442951, -33.007474569505163, 0.0 ], [ -68.896808483541292, -33.007374045130518, 0.0 ], [ -68.896829640666382, -33.007274417572923, 0.0 ], [ -68.896857935175078, -33.007176055548101, 0.0 ], [ -68.896891546516116, -33.007082829341698, 0.0 ], [ -68.896918027199703, -33.006987985040979, 0.0 ], [ -68.89693726978382, -33.00689190938057, 0.0 ], [ -68.896949194644137, -33.006794995428486, 0.0 ], [ -68.896957284823969, -33.006664339416339, 0.0 ], [ -68.896957228266984, -33.006533507161457, 0.0 ], [ -68.896949023522922, -33.00640285662778, 0.0 ], [ -68.896946569513091, -33.006313760045863, 0.0 ], [ -68.89695182033519, -33.006224748268878, 0.0 ], [ -68.896948642160922, -33.006160233466623, 0.0 ], [ -68.896956539419193, -33.006140230002373, 0.0 ], [ -68.896960395762918, -33.006119400874034, 0.0 ], [ -68.896960104584593, -33.006098320361353, 0.0 ], [ -68.896955673769881, -33.00607757185486, 0.0 ], [ -68.896947225718208, -33.00605772982248, 0.0 ], [ -68.896934993085964, -33.006039339067549, 0.0 ], [ -68.896919313439852, -33.006022911117697, 0.0 ], [ -68.896900621798181, -33.006008896267097, 0.0 ], [ -68.896879433506712, -33.005997685365585, 0.0 ], [ -68.896856334635999, -33.005989585465848, 0.0 ], [ -68.896831961647905, -33.005984820708399, 0.0 ], [ -68.896806989635351, -33.005983523295143, 0.0 ], [ -68.896782107713676, -33.005985729862637, 0.0 ], [ -68.896629505878451, -33.005998377627961, 0.0 ], [ -68.896432658995266, -33.006009745997702, 0.0 ], [ -68.896236355780005, -33.00602651825038, 0.0 ], [ -68.896040805962727, -33.006048676529602, 0.0 ], [ -68.895998766286468, -33.00601837767465, 0.0 ], [ -68.896011425270345, -33.005699684681979, 0.0 ], [ -68.896014315464456, -33.005632779882667, 0.0 ], [ -68.895552500276551, -33.005618615476301, 0.0 ], [ -68.895549576295991, -33.005686294231054, 0.0 ] ] ] ] } },
{ "type": "Feature", "properties": { "LAYER": "PARCELARIO_BASE_CATASTRO", "MAP_NAME": "1016_2026.dwg", "ccpp1": "1016 3528" }, "geometry": { "type": "MultiPolygon", "coordinates": [ [ [ [ -68.896175410583325, -33.005704438658064, 0.0 ], [ -68.896011425270345, -33.005699684681979, 0.0 ], [ -68.895998766286468, -33.00601837767465, 0.0 ], [ -68.896040805962727, -33.006048676529602, 0.0 ], [ -68.896176031180531, -33.006033353287023, 0.0 ], [ -68.896175410583325, -33.005704438658064, 0.0 ] ] ] ] } },
{ "type": "Feature", "properties": { "LAYER": "PARCELARIO_BASE_CATASTRO", "MAP_NAME": "1016_2026.dwg", "ccpp1": "1016 3529" }, "geometry": { "type": "MultiPolygon", "coordinates": [ [ [ [ -68.896343876363758, -33.005709323275468, 0.0 ], [ -68.896175410583325, -33.005704438658064, 0.0 ], [ -68.896176031180531, -33.006033353287023, 0.0 ], [ -68.896236355780005, -33.00602651825038, 0.0 ], [ -68.896341740567792, -33.00601751330796, 0.0 ], [ -68.896343876363758, -33.005709323275468, 0.0 ] ] ] ] } },
{ "type": "Feature", "properties": { "LAYER": "PARCELARIO_BASE_CATASTRO", "MAP_NAME": "1016_2026.dwg", "ccpp1": "1016 3530" }, "geometry": { "type": "MultiPolygon", "coordinates": [ [ [ [ -68.896508565829308, -33.005714098137176, 0.0 ], [ -68.896343876363758, -33.005709323275468, 0.0 ], [ -68.896341740567792, -33.00601751330796, 0.0 ], [ -68.896432658995266, -33.006009745997702, 0.0 ], [ -68.896505083586334, -33.006005562778633, 0.0 ], [ -68.896508565829308, -33.005714098137176, 0.0 ] ] ] ] } },
{ "type": "Feature", "properties": { "LAYER": "PARCELARIO_BASE_CATASTRO", "MAP_NAME": "1016_2026.dwg", "ccpp1": "1016 3531" }, "geometry": { "type": "MultiPolygon", "coordinates": [ [ [ [ -68.896693758169491, -33.005719465019617, 0.0 ], [ -68.896508565829308, -33.005714098137176, 0.0 ], [ -68.896505083586334, -33.006005562778633, 0.0 ], [ -68.896629505878451, -33.005998377627961, 0.0 ], [ -68.896685624419774, -33.005993726355996, 0.0 ], [ -68.896693758169491, -33.005719465019617, 0.0 ] ] ] ] } },
{ "type": "Feature", "properties": { "LAYER": "PARCELARIO_BASE_CATASTRO", "MAP_NAME": "1016_2026.dwg", "ccpp1": "1016 3532" }, "geometry": { "type": "MultiPolygon", "coordinates": [ [ [ [ -68.896972415094439, -33.005727543496832, 0.0 ], [ -68.896693758169491, -33.005719465019617, 0.0 ], [ -68.896685624419774, -33.005993726355996, 0.0 ], [ -68.896782107713676, -33.005985729862637, 0.0 ], [ -68.896806989635351, -33.005983523295143, 0.0 ], [ -68.896831961647905, -33.005984820708399, 0.0 ], [ -68.896843159034887, -33.005987010213488, 0.0 ], [ -68.896972415094439, -33.005727543496832, 0.0 ] ] ] ] } },
{ "type": "Feature", "properties": { "LAYER": "PARCELARIO_BASE_CATASTRO", "MAP_NAME": "1016_2026.dwg", "ccpp1": "1016 3533" }, "geometry": { "type": "MultiPolygon", "coordinates": [ [ [ [ -68.897343829930023, -33.005737794061474, 0.0 ], [ -68.896972415094439, -33.005727543496832, 0.0 ], [ -68.896843159034887, -33.005987010213488, 0.0 ], [ -68.896856334635999, -33.005989585465848, 0.0 ], [ -68.896879433506712, -33.005997685365585, 0.0 ], [ -68.896900621798181, -33.006008896267097, 0.0 ], [ -68.896919313439852, -33.006022911117697, 0.0 ], [ -68.896928239188625, -33.00603226164985, 0.0 ], [ -68.897349646930863, -33.005737954834792, 0.0 ], [ -68.897343829930023, -33.005737794061474, 0.0 ] ] ] ] } },
{ "type": "Feature", "properties": { "LAYER": "PARCELARIO_BASE_CATASTRO", "MAP_NAME": "1016_2026.dwg", "ccpp1": "1016 3534" }, "geometry": { "type": "MultiPolygon", "coordinates": [ [ [ [ -68.897349646930863, -33.005737954834792, 0.0 ], [ -68.896928239188625, -33.00603226164985, 0.0 ], [ -68.896934993085964, -33.006039339067549, 0.0 ], [ -68.896947225718208, -33.00605772982248, 0.0 ], [ -68.896955673769881, -33.00607757185486, 0.0 ], [ -68.896960104584593, -33.006098320361353, 0.0 ], [ -68.89696030796587, -33.006112998003609, 0.0 ], [ -68.897337216169376, -33.005989417421908, 0.0 ], [ -68.897349646930863, -33.005737954834792, 0.0 ] ] ] ] } },
{ "type": "Feature", "properties": { "LAYER": "PARCELARIO_BASE_CATASTRO", "MAP_NAME": "1016_2026.dwg", "ccpp1": "1016 3535" }, "geometry": { "type": "MultiPolygon", "coordinates": [ [ [ [ -68.897337216169376, -33.005989417421908, 0.0 ], [ -68.89696030796587, -33.006112998003609, 0.0 ], [ -68.896960395762918, -33.006119400874034, 0.0 ], [ -68.896956539419193, -33.006140230002373, 0.0 ], [ -68.896948642160922, -33.006160233466623, 0.0 ], [ -68.896951726256844, -33.006222827622402, 0.0 ], [ -68.897330435214144, -33.006223675265382, 0.0 ], [ -68.897337216169376, -33.005989417421908, 0.0 ] ] ] ] } },
{ "type": "Feature", "properties": { "LAYER": "PARCELARIO_BASE_CATASTRO", "MAP_NAME": "1016_2026.dwg", "ccpp1": "1016 3536" }, "geometry": { "type": "MultiPolygon", "coordinates": [ [ [ [ -68.897330435214144, -33.006223675265382, 0.0 ], [ -68.896951726256844, -33.006222827622402, 0.0 ], [ -68.89695182033519, -33.006224748268878, 0.0 ], [ -68.896946569513091, -33.006313760045863, 0.0 ], [ -68.896948249346664, -33.006374732730009, 0.0 ], [ -68.897325882613345, -33.006380939960373, 0.0 ], [ -68.897330435214144, -33.006223675265382, 0.0 ] ] ] ] } },
{ "type": "Feature", "properties": { "LAYER": "PARCELARIO_BASE_CATASTRO", "MAP_NAME": "1016_2026.dwg", "ccpp1": "1016 3537" }, "geometry": { "type": "MultiPolygon", "coordinates": [ [ [ [ -68.897325882613345, -33.006380939960373, 0.0 ], [ -68.896948249346664, -33.006374732730009, 0.0 ], [ -68.896949023522922, -33.00640285662778, 0.0 ], [ -68.896957228266984, -33.006533507161457, 0.0 ], [ -68.896957228861439, -33.006536677452914, 0.0 ], [ -68.897321161611217, -33.006544069009976, 0.0 ], [ -68.897325882613345, -33.006380939960373, 0.0 ] ] ] ] } },
{ "type": "Feature", "properties": { "LAYER": "PARCELARIO_BASE_CATASTRO", "MAP_NAME": "1016_2026.dwg", "ccpp1": "1016 3538" }, "geometry": { "type": "MultiPolygon", "coordinates": [ [ [ [ -68.897321161611217, -33.006544069009976, 0.0 ], [ -68.896957228861439, -33.006536677452914, 0.0 ], [ -68.896957284823969, -33.006664339416339, 0.0 ], [ -68.896954825479426, -33.00670406701002, 0.0 ], [ -68.897316341402046, -33.00671060450339, 0.0 ], [ -68.897321161611217, -33.006544069009976, 0.0 ] ] ] ] } },
{ "type": "Feature", "properties": { "LAYER": "PARCELARIO_BASE_CATASTRO", "MAP_NAME": "1016_2026.dwg", "ccpp1": "1016 3539" }, "geometry": { "type": "MultiPolygon", "coordinates": [ [ [ [ -68.897316341402046, -33.00671060450339, 0.0 ], [ -68.896954825479426, -33.00670406701002, 0.0 ], [ -68.896949194644137, -33.006794995428486, 0.0 ], [ -68.896940563760111, -33.006865140455076, 0.0 ], [ -68.897311643814916, -33.006872888693373, 0.0 ], [ -68.897316341402046, -33.00671060450339, 0.0 ] ] ] ] } },
{ "type": "Feature", "properties": { "LAYER": "PARCELARIO_BASE_CATASTRO", "MAP_NAME": "1016_2026.dwg", "ccpp1": "1016 3540" }, "geometry": { "type": "MultiPolygon", "coordinates": [ [ [ [ -68.897311643814916, -33.006872888693373, 0.0 ], [ -68.896940563760111, -33.006865140455076, 0.0 ], [ -68.89693726978382, -33.00689190938057, 0.0 ], [ -68.896918027199703, -33.006987985040979, 0.0 ], [ -68.896908862880125, -33.00702081017954, 0.0 ], [ -68.897307173625649, -33.007027313161473, 0.0 ], [ -68.897311643814916, -33.006872888693373, 0.0 ] ] ] ] } },
{ "type": "Feature", "properties": { "LAYER": "PARCELARIO_BASE_CATASTRO", "MAP_NAME": "1016_2026.dwg", "ccpp1": "1016 3541" }, "geometry": { "type": "MultiPolygon", "coordinates": [ [ [ [ -68.897307173625649, -33.007027313161473, 0.0 ], [ -68.896908862880125, -33.00702081017954, 0.0 ], [ -68.896891546516116, -33.007082829341698, 0.0 ], [ -68.896860451709543, -33.007169073249884, 0.0 ], [ -68.897302852766188, -33.007176605412113, 0.0 ], [ -68.897307173625649, -33.007027313161473, 0.0 ] ] ] ] } },
{ "type": "Feature", "properties": { "LAYER": "PARCELARIO_BASE_CATASTRO", "MAP_NAME": "1016_2026.dwg", "ccpp1": "1016 3542" }, "geometry": { "type": "MultiPolygon", "coordinates": [ [ [ [ -68.897302852766188, -33.007176605412113, 0.0 ], [ -68.896860451709543, -33.007169073249884, 0.0 ], [ -68.896857935175078, -33.007176055548101, 0.0 ], [ -68.896829640666382, -33.007274417572923, 0.0 ], [ -68.896819826102217, -33.007320631143337, 0.0 ], [ -68.897298345777699, -33.007332283170811, 0.0 ], [ -68.897302852766188, -33.007176605412113, 0.0 ] ] ] ] } },
{ "type": "Feature", "properties": { "LAYER": "PARCELARIO_BASE_CATASTRO", "MAP_NAME": "1016_2026.dwg", "ccpp1": "1016 3543" }, "geometry": { "type": "MultiPolygon", "coordinates": [ [ [ [ -68.897298345777699, -33.007332283170811, 0.0 ], [ -68.896819826102217, -33.007320631143337, 0.0 ], [ -68.896808483541292, -33.007374045130518, 0.0 ], [ -68.896796094260708, -33.0074633882098, 0.0 ], [ -68.897294354864201, -33.007470173098966, 0.0 ], [ -68.897298345777699, -33.007332283170811, 0.0 ] ] ] ] } },
{ "type": "Feature", "properties": { "LAYER": "PARCELARIO_BASE_CATASTRO", "MAP_NAME": "1016_2026.dwg", "ccpp1": "1016 3544" }, "geometry": { "type": "MultiPolygon", "coordinates": [ [ [ [ -68.897294354864201, -33.007470173098966, 0.0 ], [ -68.896796094260708, -33.0074633882098, 0.0 ], [ -68.896794543442951, -33.007474569505163, 0.0 ], [ -68.896787870049508, -33.007575623758449, 0.0 ], [ -68.896788073243201, -33.00760881729996, 0.0 ], [ -68.89729017666059, -33.007614527881834, 0.0 ], [ -68.897294354864201, -33.007470173098966, 0.0 ] ] ] ] } },
{ "type": "Feature", "properties": { "LAYER": "PARCELARIO_BASE_CATASTRO", "MAP_NAME": "1016_2026.dwg", "ccpp1": "1016 3545" }, "geometry": { "type": "MultiPolygon", "coordinates": [ [ [ [ -68.89729017666059, -33.007614527881834, 0.0 ], [ -68.896788073243201, -33.00760881729996, 0.0 ], [ -68.896788488436911, -33.007676831913678, 0.0 ], [ -68.896794130871143, -33.007748889452202, 0.0 ], [ -68.897286038606651, -33.007757468867361, 0.0 ], [ -68.89729017666059, -33.007614527881834, 0.0 ] ] ] ] } },
{ "type": "Feature", "properties": { "LAYER": "PARCELARIO_BASE_CATASTRO", "MAP_NAME": "1016_2026.dwg", "ccpp1": "1016 3546" }, "geometry": { "type": "MultiPolygon", "coordinates": [ [ [ [ -68.897286038606651, -33.007757468867361, 0.0 ], [ -68.896794130871143, -33.007748889452202, 0.0 ], [ -68.896796396924628, -33.007777820675841, 0.0 ], [ -68.896812562166829, -33.007893050107313, 0.0 ], [ -68.897281772296239, -33.007904874839916, 0.0 ], [ -68.897286038606651, -33.007757468867361, 0.0 ] ] ] ] } },
{ "type": "Feature", "properties": { "LAYER": "PARCELARIO_BASE_CATASTRO", "MAP_NAME": "1016_2026.dwg", "ccpp1": "1016 3547" }, "geometry": { "type": "MultiPolygon", "coordinates": [ [ [ [ -68.897281772296239, -33.007904874839916, 0.0 ], [ -68.896812562166829, -33.007893050107313, 0.0 ], [ -68.896831937997391, -33.008031177526284, 0.0 ], [ -68.897277673241092, -33.008046459731013, 0.0 ], [ -68.897281772296239, -33.007904874839916, 0.0 ] ] ] ] } },
{ "type": "Feature", "properties": { "LAYER": "PARCELARIO_BASE_CATASTRO", "MAP_NAME": "1016_2026.dwg", "ccpp1": "1016 3548" }, "geometry": { "type": "MultiPolygon", "coordinates": [ [ [ [ -68.897277673241092, -33.008046459731013, 0.0 ], [ -68.896831937997391, -33.008031177526284, 0.0 ], [ -68.896852540816852, -33.008178039579498, 0.0 ], [ -68.897273422501371, -33.008193332819189, 0.0 ], [ -68.897277673241092, -33.008046459731013, 0.0 ] ] ] ] } },
{ "type": "Feature", "properties": { "LAYER": "PARCELARIO_BASE_CATASTRO", "MAP_NAME": "1016_2026.dwg", "ccpp1": "1016 3549" }, "geometry": { "type": "MultiPolygon", "coordinates": [ [ [ [ -68.897273422501371, -33.008193332819189, 0.0 ], [ -68.896852540816852, -33.008178039579498, 0.0 ], [ -68.896872964326576, -33.00832363101739, 0.0 ], [ -68.897269362378808, -33.008333619323167, 0.0 ], [ -68.897273422501371, -33.008193332819189, 0.0 ] ] ] ] } },
{ "type": "Feature", "properties": { "LAYER": "PARCELARIO_BASE_CATASTRO", "MAP_NAME": "1016_2026.dwg", "ccpp1": "1016 3550" }, "geometry": { "type": "MultiPolygon", "coordinates": [ [ [ [ -68.897269362378808, -33.008333619323167, 0.0 ], [ -68.896872964326576, -33.00832363101739, 0.0 ], [ -68.896885541329098, -33.008413285956443, 0.0 ], [ -68.896887957284306, -33.0084661008718, 0.0 ], [ -68.897265229853048, -33.008476346598968, 0.0 ], [ -68.897269362378808, -33.008333619323167, 0.0 ] ] ] ] } },
{ "type": "Feature", "properties": { "LAYER": "PARCELARIO_BASE_CATASTRO", "MAP_NAME": "1016_2026.dwg", "ccpp1": "1016 3551" }, "geometry": { "type": "MultiPolygon", "coordinates": [ [ [ [ -68.897265229853048, -33.008476346598968, 0.0 ], [ -68.896887957284306, -33.0084661008718, 0.0 ], [ -68.896892621169542, -33.008568067957647, 0.0 ], [ -68.896892443790861, -33.00861474573162, 0.0 ], [ -68.897260873211238, -33.008626837110171, 0.0 ], [ -68.897265229853048, -33.008476346598968, 0.0 ] ] ] ] } },
{ "type": "Feature", "properties": { "LAYER": "PARCELARIO_BASE_CATASTRO", "MAP_NAME": "1016_2026.dwg", "ccpp1": "1016 3552" }, "geometry": { "type": "MultiPolygon", "coordinates": [ [ [ [ -68.897260873211238, -33.008626837110171, 0.0 ], [ -68.896892443790861, -33.00861474573162, 0.0 ], [ -68.896892033215366, -33.008722962642359, 0.0 ], [ -68.896889195312312, -33.008776170853992, 0.0 ], [ -68.897256293516961, -33.008785094463782, 0.0 ], [ -68.897260873211238, -33.008626837110171, 0.0 ] ] ] ] } },
{ "type": "Feature", "properties": { "LAYER": "PARCELARIO_BASE_CATASTRO", "MAP_NAME": "1016_2026.dwg", "ccpp1": "1016 3553" }, "geometry": { "type": "MultiPolygon", "coordinates": [ [ [ [ -68.897256293516961, -33.008785094463782, 0.0 ], [ -68.896889195312312, -33.008776170853992, 0.0 ], [ -68.896883779878323, -33.008877702214889, 0.0 ], [ -68.896878748958571, -33.008926523767236, 0.0 ], [ -68.897251950221602, -33.008935122418819, 0.0 ], [ -68.897256293516961, -33.008785094463782, 0.0 ] ] ] ] } },
{ "type": "Feature", "properties": { "LAYER": "PARCELARIO_BASE_CATASTRO", "MAP_NAME": "1016_2026.dwg", "ccpp1": "1016 3554" }, "geometry": { "type": "MultiPolygon", "coordinates": [ [ [ [ -68.897251950221602, -33.008935122418819, 0.0 ], [ -68.896878748958571, -33.008926523767236, 0.0 ], [ -68.896867876413268, -33.009032017987138, 0.0 ], [ -68.896862231360956, -33.00907794465305, 0.0 ], [ -68.897247534438492, -33.00908766147559, 0.0 ], [ -68.897251950221602, -33.008935122418819, 0.0 ] ] ] ] } },
{ "type": "Feature", "properties": { "LAYER": "PARCELARIO_BASE_CATASTRO", "MAP_NAME": "1016_2026.dwg", "ccpp1": "1016 3555" }, "geometry": { "type": "MultiPolygon", "coordinates": [ [ [ [ -68.897247534438492, -33.00908766147559, 0.0 ], [ -68.896862231360956, -33.00907794465305, 0.0 ], [ -68.896855630146305, -33.009131656492762, 0.0 ], [ -68.896850863152395, -33.00922125200745, 0.0 ], [ -68.897242449716643, -33.0092633324521, 0.0 ], [ -68.897247534438492, -33.00908766147559, 0.0 ] ] ] ] } },
{ "type": "Feature", "properties": { "LAYER": "PARCELARIO_BASE_CATASTRO", "MAP_NAME": "1016_2026.dwg", "ccpp1": "1016 3556" }, "geometry": { "type": "MultiPolygon", "coordinates": [ [ [ [ -68.897242449716643, -33.0092633324521, 0.0 ], [ -68.896850863152395, -33.00922125200745, 0.0 ], [ -68.896850305174951, -33.009231727207478, 0.0 ], [ -68.896851922253418, -33.009331888414444, 0.0 ], [ -68.89685342800415, -33.00934197850102, 0.0 ], [ -68.897235974792821, -33.009487018278875, 0.0 ], [ -68.897242449716643, -33.0092633324521, 0.0 ] ] ] ] } },
{ "type": "Feature", "properties": { "LAYER": "PARCELARIO_BASE_CATASTRO", "MAP_NAME": "1016_2026.dwg", "ccpp1": "1016 3557" }, "geometry": { "type": "MultiPolygon", "coordinates": [ [ [ [ -68.897235974792821, -33.009487018278875, 0.0 ], [ -68.89685342800415, -33.00934197850102, 0.0 ], [ -68.896868624741728, -33.009443721644381, 0.0 ], [ -68.896859459973598, -33.00944451566123, 0.0 ], [ -68.897228308094483, -33.009751856465357, 0.0 ], [ -68.897235974792821, -33.009487018278875, 0.0 ] ] ] ] } },
{ "type": "Feature", "properties": { "LAYER": "PARCELARIO_BASE_CATASTRO", "MAP_NAME": "1016_2026.dwg", "ccpp1": "1016 3558" }, "geometry": { "type": "MultiPolygon", "coordinates": [ [ [ [ -68.897228308094483, -33.009751856465357, 0.0 ], [ -68.896859459973598, -33.00944451566123, 0.0 ], [ -68.896736886667028, -33.009455137041506, 0.0 ], [ -68.896724215145653, -33.009455769452543, 0.0 ], [ -68.896898796104153, -33.00974345974187, 0.0 ], [ -68.897228275787938, -33.009752952875566, 0.0 ], [ -68.897228308094483, -33.009751856465357, 0.0 ] ] ] ] } },
{ "type": "Feature", "properties": { "LAYER": "PARCELARIO_BASE_CATASTRO", "MAP_NAME": "1016_2026.dwg", "ccpp1": "1016 3559" }, "geometry": { "type": "MultiPolygon", "coordinates": [ [ [ [ -68.896898796104153, -33.00974345974187, 0.0 ], [ -68.896724215145653, -33.009455769452543, 0.0 ], [ -68.896604697210449, -33.009461741489261, 0.0 ], [ -68.896619504753843, -33.009735412124328, 0.0 ], [ -68.896898796104153, -33.00974345974187, 0.0 ] ] ] ] } },
{ "type": "Feature", "properties": { "LAYER": "PARCELARIO_BASE_CATASTRO", "MAP_NAME": "1016_2026.dwg", "ccpp1": "1016 3560" }, "geometry": { "type": "MultiPolygon", "coordinates": [ [ [ [ -68.896619504753843, -33.009735412124328, 0.0 ], [ -68.896604697210449, -33.009461741489261, 0.0 ], [ -68.89658235722824, -33.009462857289897, 0.0 ], [ -68.89642757839448, -33.009465100365844, 0.0 ], [ -68.896402324124665, -33.009464571765875, 0.0 ], [ -68.89639657638638, -33.00972898860644, 0.0 ], [ -68.896619504753843, -33.009735412124328, 0.0 ] ] ] ] } },
{ "type": "Feature", "properties": { "LAYER": "PARCELARIO_BASE_CATASTRO", "MAP_NAME": "1016_2026.dwg", "ccpp1": "1016 3561" }, "geometry": { "type": "MultiPolygon", "coordinates": [ [ [ [ -68.89639657638638, -33.00972898860644, 0.0 ], [ -68.896402324124665, -33.009464571765875, 0.0 ], [ -68.896272824163475, -33.009461861085988, 0.0 ], [ -68.89619195693804, -33.009457298109425, 0.0 ], [ -68.896191671262287, -33.009723082814993, 0.0 ], [ -68.89639657638638, -33.00972898860644, 0.0 ] ] ] ] } },
{ "type": "Feature", "properties": { "LAYER": "PARCELARIO_BASE_CATASTRO", "MAP_NAME": "1016_2026.dwg", "ccpp1": "1016 3562" }, "geometry": { "type": "MultiPolygon", "coordinates": [ [ [ [ -68.895998212396748, -33.009442075256864, 0.0 ], [ -68.895994949483267, -33.00971741433473, 0.0 ], [ -68.895994644048272, -33.009719609658887, 0.0 ], [ -68.896191671262287, -33.009723082814993, 0.0 ], [ -68.89619195693804, -33.009457298109425, 0.0 ], [ -68.896118367450001, -33.009453145087704, 0.0 ], [ -68.895998212396748, -33.009442075256864, 0.0 ] ] ] ] } },
{ "type": "Feature", "properties": { "LAYER": "PARCELARIO_BASE_CATASTRO", "MAP_NAME": "1016_2026.dwg", "ccpp1": "1016 3563" }, "geometry": { "type": "MultiPolygon", "coordinates": [ [ [ [ -68.895994949483267, -33.00971741433473, 0.0 ], [ -68.895998212396748, -33.009442075256864, 0.0 ], [ -68.895964483297377, -33.009438967929803, 0.0 ], [ -68.895811442457173, -33.009419354185603, 0.0 ], [ -68.895800639730126, -33.009417925030242, 0.0 ], [ -68.89579484824803, -33.009711646244106, 0.0 ], [ -68.895994949483267, -33.00971741433473, 0.0 ] ] ] ] } },
{ "type": "Feature", "properties": { "LAYER": "PARCELARIO_BASE_CATASTRO", "MAP_NAME": "1016_2026.dwg", "ccpp1": "1016 3564" }, "geometry": { "type": "MultiPolygon", "coordinates": [ [ [ [ -68.89579484824803, -33.009711646244106, 0.0 ], [ -68.895800639730126, -33.009417925030242, 0.0 ], [ -68.895630790009392, -33.009395451345661, 0.0 ], [ -68.895614223481914, -33.009706440536533, 0.0 ], [ -68.89579484824803, -33.009711646244106, 0.0 ] ] ] ] } },
{ "type": "Feature", "properties": { "LAYER": "PARCELARIO_BASE_CATASTRO", "MAP_NAME": "1016_2026.dwg", "ccpp1": "1016 3565" }, "geometry": { "type": "MultiPolygon", "coordinates": [ [ [ [ -68.895614223481914, -33.009706440536533, 0.0 ], [ -68.895630790009392, -33.009395451345661, 0.0 ], [ -68.895602513118476, -33.009391709191796, 0.0 ], [ -68.895460684462435, -33.009375820197185, 0.0 ], [ -68.895448764679827, -33.009701671058515, 0.0 ], [ -68.895614223481914, -33.009706440536533, 0.0 ] ] ] ] } },
{ "type": "Feature", "properties": { "LAYER": "PARCELARIO_BASE_CATASTRO", "MAP_NAME": "1016_2026.dwg", "ccpp1": "1016 3566" }, "geometry": { "type": "MultiPolygon", "coordinates": [ [ [ [ -68.895448764679827, -33.009701671058515, 0.0 ], [ -68.895460684462435, -33.009375820197185, 0.0 ], [ -68.895394223061814, -33.009368375292411, 0.0 ], [ -68.895299375160732, -33.009355789539804, 0.0 ], [ -68.895281253379352, -33.009696841932083, 0.0 ], [ -68.895448764679827, -33.009701671058515, 0.0 ] ] ] ] } },
{ "type": "Feature", "properties": { "LAYER": "PARCELARIO_BASE_CATASTRO", "MAP_NAME": "1016_2026.dwg", "ccpp1": "1016 3567" }, "geometry": { "type": "MultiPolygon", "coordinates": [ [ [ [ -68.895281253379352, -33.009696841932083, 0.0 ], [ -68.895299375160732, -33.009355789539804, 0.0 ], [ -68.895186659385573, -33.009340832636269, 0.0 ], [ -68.89514535894628, -33.009334092193214, 0.0 ], [ -68.895124331071543, -33.009692319030719, 0.0 ], [ -68.895281253379352, -33.009696841932083, 0.0 ] ] ] ] } },
{ "type": "Feature", "properties": { "LAYER": "PARCELARIO_BASE_CATASTRO", "MAP_NAME": "1016_2026.dwg", "ccpp1": "1016 3568" }, "geometry": { "type": "MultiPolygon", "coordinates": [ [ [ [ -68.895124331071543, -33.009692319030719, 0.0 ], [ -68.89514535894628, -33.009334092193214, 0.0 ], [ -68.895058366973601, -33.009319895251238, 0.0 ], [ -68.894982758999546, -33.009311498383759, 0.0 ], [ -68.894966873713813, -33.009687780153435, 0.0 ], [ -68.895124331071543, -33.009692319030719, 0.0 ] ] ] ] } },
{ "type": "Feature", "properties": { "LAYER": "PARCELARIO_BASE_CATASTRO", "MAP_NAME": "1016_2026.dwg", "ccpp1": "1016 3569" }, "geometry": { "type": "MultiPolygon", "coordinates": [ [ [ [ -68.894966873713813, -33.009687780153435, 0.0 ], [ -68.894982758999546, -33.009311498383759, 0.0 ], [ -68.894928810482085, -33.009305507339512, 0.0 ], [ -68.894814688603915, -33.009298691943954, 0.0 ], [ -68.894803162512375, -33.009683059980652, 0.0 ], [ -68.894966873713813, -33.009687780153435, 0.0 ] ] ] ] } },
{ "type": "Feature", "properties": { "LAYER": "PARCELARIO_BASE_CATASTRO", "MAP_NAME": "1016_2026.dwg", "ccpp1": "1016 3570" }, "geometry": { "type": "MultiPolygon", "coordinates": [ [ [ [ -68.894803162512375, -33.009683059980652, 0.0 ], [ -68.894814688603915, -33.009298691943954, 0.0 ], [ -68.89479846069122, -33.009297723394504, 0.0 ], [ -68.894667791623874, -33.009296569962288, 0.0 ], [ -68.894657882464116, -33.009296987190872, 0.0 ], [ -68.894652140971814, -33.009678706465017, 0.0 ], [ -68.894803162512375, -33.009683059980652, 0.0 ] ] ] ] } },
{ "type": "Feature", "properties": { "LAYER": "PARCELARIO_BASE_CATASTRO", "MAP_NAME": "1016_2026.dwg", "ccpp1": "1016 3571" }, "geometry": { "type": "MultiPolygon", "coordinates": [ [ [ [ -68.894652140971814, -33.009678706465017, 0.0 ], [ -68.894657882464116, -33.009296987190872, 0.0 ], [ -68.894537276257068, -33.009302052851481, 0.0 ], [ -68.894494145934686, -33.009306071236921, 0.0 ], [ -68.894494011621561, -33.009674146587294, 0.0 ], [ -68.894652140971814, -33.009678706465017, 0.0 ] ] ] ] } },
{ "type": "Feature", "properties": { "LAYER": "PARCELARIO_BASE_CATASTRO", "MAP_NAME": "1016_2026.dwg", "ccpp1": "1016 3572" }, "geometry": { "type": "MultiPolygon", "coordinates": [ [ [ [ -68.894494011621561, -33.009674146587294, 0.0 ], [ -68.894494145934686, -33.009306071236921, 0.0 ], [ -68.894407390809533, -33.009314151726834, 0.0 ], [ -68.894332408448207, -33.009325021987003, 0.0 ], [ -68.894337531362737, -33.009669634792324, 0.0 ], [ -68.894494011621561, -33.009674146587294, 0.0 ] ] ] ] } },
{ "type": "Feature", "properties": { "LAYER": "PARCELARIO_BASE_CATASTRO", "MAP_NAME": "1016_2026.dwg", "ccpp1": "1016 3573" }, "geometry": { "type": "MultiPolygon", "coordinates": [ [ [ [ -68.894337531362737, -33.009669634792324, 0.0 ], [ -68.894332408448207, -33.009325021987003, 0.0 ], [ -68.89427860617883, -33.009332821905339, 0.0 ], [ -68.894176444426662, -33.009343087468807, 0.0 ], [ -68.894179216911041, -33.009665070752469, 0.0 ], [ -68.894337531362737, -33.009669634792324, 0.0 ] ] ] ] } },
{ "type": "Feature", "properties": { "LAYER": "PARCELARIO_BASE_CATASTRO", "MAP_NAME": "1016_2026.dwg", "ccpp1": "1016 3574" }, "geometry": { "type": "MultiPolygon", "coordinates": [ [ [ [ -68.894179216911041, -33.009665070752469, 0.0 ], [ -68.894176444426662, -33.009343087468807, 0.0 ], [ -68.89410282527237, -33.009350486396052, 0.0 ], [ -68.89400115568597, -33.009357232094224, 0.0 ], [ -68.894000096949327, -33.009659905462129, 0.0 ], [ -68.894179216911041, -33.009665070752469, 0.0 ] ] ] ] } },
{ "type": "Feature", "properties": { "LAYER": "PARCELARIO_BASE_CATASTRO", "MAP_NAME": "1016_2026.dwg", "ccpp1": "1016 3575" }, "geometry": { "type": "MultiPolygon", "coordinates": [ [ [ [ -68.894000096949327, -33.009659905462129, 0.0 ], [ -68.89400115568597, -33.009357232094224, 0.0 ], [ -68.893926345114124, -33.009362196284748, 0.0 ], [ -68.893822595939582, -33.009365559690515, 0.0 ], [ -68.893816319790972, -33.009654605210365, 0.0 ], [ -68.894000096949327, -33.009659905462129, 0.0 ] ] ] ] } },
{ "type": "Feature", "properties": { "LAYER": "PARCELARIO_BASE_CATASTRO", "MAP_NAME": "1016_2026.dwg", "ccpp1": "1016 3576" }, "geometry": { "type": "MultiPolygon", "coordinates": [ [ [ [ -68.893816319790972, -33.009654605210365, 0.0 ], [ -68.893822595939582, -33.009365559690515, 0.0 ], [ -68.893749449357088, -33.00936793197296, 0.0 ], [ -68.893639296233118, -33.009367778652738, 0.0 ], [ -68.893626054438386, -33.009649118824079, 0.0 ], [ -68.893816319790972, -33.009654605210365, 0.0 ] ] ] ] } },
{ "type": "Feature", "properties": { "LAYER": "PARCELARIO_BASE_CATASTRO", "MAP_NAME": "1016_2026.dwg", "ccpp1": "1016 3577" }, "geometry": { "type": "MultiPolygon", "coordinates": [ [ [ [ -68.893626054438386, -33.009649118824079, 0.0 ], [ -68.893639296233118, -33.009367778652738, 0.0 ], [ -68.89357242271177, -33.009367684685166, 0.0 ], [ -68.893452006256638, -33.009363443270814, 0.0 ], [ -68.893428961664696, -33.009643434262202, 0.0 ], [ -68.893626054438386, -33.009649118824079, 0.0 ] ] ] ] } },
{ "type": "Feature", "properties": { "LAYER": "PARCELARIO_BASE_CATASTRO", "MAP_NAME": "1016_2026.dwg", "ccpp1": "1016 3578" }, "geometry": { "type": "MultiPolygon", "coordinates": [ [ [ [ -68.893428961664696, -33.009643434262202, 0.0 ], [ -68.893452006256638, -33.009363443270814, 0.0 ], [ -68.893395550949265, -33.00936145376307, 0.0 ], [ -68.893319244806065, -33.009356175989211, 0.0 ], [ -68.893147121912136, -33.009635304566203, 0.0 ], [ -68.893428961664696, -33.009643434262202, 0.0 ] ] ] ] } },
{ "type": "Feature", "properties": { "LAYER": "PARCELARIO_BASE_CATASTRO", "MAP_NAME": "1016_2026.dwg", "ccpp1": "1016 3579" }, "geometry": { "type": "MultiPolygon", "coordinates": [ [ [ [ -68.893147121912136, -33.009635304566203, 0.0 ], [ -68.893319244806065, -33.009356175989211, 0.0 ], [ -68.893219117685007, -33.009349251171876, 0.0 ], [ -68.892809880393173, -33.009625577594015, 0.0 ], [ -68.893147121912136, -33.009635304566203, 0.0 ] ] ] ] } },
{ "type": "Feature", "properties": { "LAYER": "PARCELARIO_BASE_CATASTRO", "MAP_NAME": "1016_2026.dwg", "ccpp1": "1016 3580" }, "geometry": { "type": "MultiPolygon", "coordinates": [ [ [ [ -68.893252409772046, -33.009230860861472, 0.0 ], [ -68.89284067158242, -33.009284645547353, 0.0 ], [ -68.892809880393173, -33.009625577594015, 0.0 ], [ -68.893219117685007, -33.009349251171876, 0.0 ], [ -68.893251921144682, -33.009233162419982, 0.0 ], [ -68.893252409772046, -33.009230860861472, 0.0 ] ] ] ] } },
{ "type": "Feature", "properties": { "LAYER": "PARCELARIO_BASE_CATASTRO", "MAP_NAME": "1016_2026.dwg", "ccpp1": "1016 3581" }, "geometry": { "type": "MultiPolygon", "coordinates": [ [ [ [ -68.89284067158242, -33.009284645547353, 0.0 ], [ -68.893252409772046, -33.009230860861472, 0.0 ], [ -68.893276500016171, -33.009117319094692, 0.0 ], [ -68.892858197956869, -33.009090579547603, 0.0 ], [ -68.89284067158242, -33.009284645547353, 0.0 ] ] ] ] } },
{ "type": "Feature", "properties": { "LAYER": "PARCELARIO_BASE_CATASTRO", "MAP_NAME": "1016_2026.dwg", "ccpp1": "1016 3582" }, "geometry": { "type": "MultiPolygon", "coordinates": [ [ [ [ -68.892858197956869, -33.009090579547603, 0.0 ], [ -68.893276500016171, -33.009117319094692, 0.0 ], [ -68.893276844430417, -33.009115690062352, 0.0 ], [ -68.893293808991316, -33.008997215445, 0.0 ], [ -68.893295914576001, -33.00896918597013, 0.0 ], [ -68.892871774921815, -33.008940252211438, 0.0 ], [ -68.892858197956869, -33.009090579547603, 0.0 ] ] ] ] } },
{ "type": "Feature", "properties": { "LAYER": "PARCELARIO_BASE_CATASTRO", "MAP_NAME": "1016_2026.dwg", "ccpp1": "1016 3583" }, "geometry": { "type": "MultiPolygon", "coordinates": [ [ [ [ -68.892871774921815, -33.008940252211438, 0.0 ], [ -68.893295914576001, -33.00896918597013, 0.0 ], [ -68.893302758752299, -33.008878119030172, 0.0 ], [ -68.89330310463717, -33.008832604570365, 0.0 ], [ -68.892883835466492, -33.00880671095581, 0.0 ], [ -68.892871774921815, -33.008940252211438, 0.0 ] ] ] ] } },
{ "type": "Feature", "properties": { "LAYER": "PARCELARIO_BASE_CATASTRO", "MAP_NAME": "1016_2026.dwg", "ccpp1": "1016 3584" }, "geometry": { "type": "MultiPolygon", "coordinates": [ [ [ [ -68.892883835466492, -33.00880671095581, 0.0 ], [ -68.89330310463717, -33.008832604570365, 0.0 ], [ -68.893303664385428, -33.008758787613075, 0.0 ], [ -68.89329839804067, -33.008670875197879, 0.0 ], [ -68.892897911296544, -33.008650855867778, 0.0 ], [ -68.892883835466492, -33.00880671095581, 0.0 ] ] ] ] } },
{ "type": "Feature", "properties": { "LAYER": "PARCELARIO_BASE_CATASTRO", "MAP_NAME": "1016_2026.dwg", "ccpp1": "1016 3585" }, "geometry": { "type": "MultiPolygon", "coordinates": [ [ [ [ -68.892897911296544, -33.008650855867778, 0.0 ], [ -68.89329839804067, -33.008670875197879, 0.0 ], [ -68.89329652439055, -33.008639605306335, 0.0 ], [ -68.893282566214936, -33.00853039240021, 0.0 ], [ -68.892911362312987, -33.008501913381487, 0.0 ], [ -68.892897911296544, -33.008650855867778, 0.0 ] ] ] ] } },
{ "type": "Feature", "properties": { "LAYER": "PARCELARIO_BASE_CATASTRO", "MAP_NAME": "1016_2026.dwg", "ccpp1": "1016 3586" }, "geometry": { "type": "MultiPolygon", "coordinates": [ [ [ [ -68.892911362312987, -33.008501913381487, 0.0 ], [ -68.893282566214936, -33.00853039240021, 0.0 ], [ -68.893281359739561, -33.008520957141741, 0.0 ], [ -68.893318977154664, -33.008376654547646, 0.0 ], [ -68.892924129939715, -33.008360540768557, 0.0 ], [ -68.892911362312987, -33.008501913381487, 0.0 ] ] ] ] } },
{ "type": "Feature", "properties": { "LAYER": "PARCELARIO_BASE_CATASTRO", "MAP_NAME": "1016_2026.dwg", "ccpp1": "1016 3587" }, "geometry": { "type": "MultiPolygon", "coordinates": [ [ [ [ -68.892924129939715, -33.008360540768557, 0.0 ], [ -68.893318977154664, -33.008376654547646, 0.0 ], [ -68.893357854484691, -33.008227516429365, 0.0 ], [ -68.893325343224703, -33.008199084980284, 0.0 ], [ -68.892935702226239, -33.008232403717543, 0.0 ], [ -68.892924129939715, -33.008360540768557, 0.0 ] ] ] ] } },
{ "type": "Feature", "properties": { "LAYER": "PARCELARIO_BASE_CATASTRO", "MAP_NAME": "1016_2026.dwg", "ccpp1": "1016 3588" }, "geometry": { "type": "MultiPolygon", "coordinates": [ [ [ [ -68.895549576295991, -33.005686294231054, 0.0 ], [ -68.89533730238027, -33.005680139229348, 0.0 ], [ -68.895339869321674, -33.006001164929437, 0.0 ], [ -68.895365688350878, -33.006005610193725, 0.0 ], [ -68.895501301744332, -33.006032315103901, 0.0 ], [ -68.895541589041045, -33.006001230196382, 0.0 ], [ -68.895549576295991, -33.005686294231054, 0.0 ] ] ] ] } },
{ "type": "Feature", "properties": { "LAYER": "PARCELARIO_BASE_CATASTRO", "MAP_NAME": "1016_2026.dwg", "ccpp1": "1016 3589" }, "geometry": { "type": "MultiPolygon", "coordinates": [ [ [ [ -68.89533730238027, -33.005680139229348, 0.0 ], [ -68.89512399907295, -33.005673954148257, 0.0 ], [ -68.895127898189415, -33.005967307647524, 0.0 ], [ -68.895240007311088, -33.005983968264843, 0.0 ], [ -68.895339869321674, -33.006001164929437, 0.0 ], [ -68.89533730238027, -33.005680139229348, 0.0 ] ] ] ] } },
{ "type": "Feature", "properties": { "LAYER": "PARCELARIO_BASE_CATASTRO", "MAP_NAME": "1016_2026.dwg", "ccpp1": "1016 3590" }, "geometry": { "type": "MultiPolygon", "coordinates": [ [ [ [ -68.89512399907295, -33.005673954148257, 0.0 ], [ -68.89493358705667, -33.005668431767702, 0.0 ], [ -68.894937197988313, -33.00594978913864, 0.0 ], [ -68.894971837247951, -33.005951278099928, 0.0 ], [ -68.895106521912567, -33.005964131118077, 0.0 ], [ -68.895127898189415, -33.005967307647524, 0.0 ], [ -68.89512399907295, -33.005673954148257, 0.0 ] ] ] ] } },
{ "type": "Feature", "properties": { "LAYER": "PARCELARIO_BASE_CATASTRO", "MAP_NAME": "1016_2026.dwg", "ccpp1": "1016 3591" }, "geometry": { "type": "MultiPolygon", "coordinates": [ [ [ [ -68.89493358705667, -33.005668431767702, 0.0 ], [ -68.894730035491932, -33.005662528330099, 0.0 ], [ -68.894729745360664, -33.005946428748452, 0.0 ], [ -68.894836467958982, -33.005945457428915, 0.0 ], [ -68.894937197988313, -33.00594978913864, 0.0 ], [ -68.89493358705667, -33.005668431767702, 0.0 ] ] ] ] } },
{ "type": "Feature", "properties": { "LAYER": "PARCELARIO_BASE_CATASTRO", "MAP_NAME": "1016_2026.dwg", "ccpp1": "1016 3592" }, "geometry": { "type": "MultiPolygon", "coordinates": [ [ [ [ -68.894730035491932, -33.005662528330099, 0.0 ], [ -68.894544543774771, -33.005657149264998, 0.0 ], [ -68.894539559606855, -33.005958929549458, 0.0 ], [ -68.894565740648247, -33.00595497437407, 0.0 ], [ -68.894700929787689, -33.005946691178039, 0.0 ], [ -68.894729745360664, -33.005946428748452, 0.0 ], [ -68.894730035491932, -33.005662528330099, 0.0 ] ] ] ] } },
{ "type": "Feature", "properties": { "LAYER": "PARCELARIO_BASE_CATASTRO", "MAP_NAME": "1016_2026.dwg", "ccpp1": "1016 3593" }, "geometry": { "type": "MultiPolygon", "coordinates": [ [ [ [ -68.894544543774771, -33.005657149264998, 0.0 ], [ -68.894367177235466, -33.005652004022302, 0.0 ], [ -68.894360883632231, -33.005981672916761, 0.0 ], [ -68.894444789378639, -33.005973244699966, 0.0 ], [ -68.894539559606855, -33.005958929549458, 0.0 ], [ -68.894544543774771, -33.005657149264998, 0.0 ] ] ] ] } },
{ "type": "Feature", "properties": { "LAYER": "PARCELARIO_BASE_CATASTRO", "MAP_NAME": "1016_2026.dwg", "ccpp1": "1016 3594" }, "geometry": { "type": "MultiPolygon", "coordinates": [ [ [ [ -68.894367177235466, -33.005652004022302, 0.0 ], [ -68.89419919749794, -33.005647131576204, 0.0 ], [ -68.894193571425959, -33.005991705723922, 0.0 ], [ -68.894200115253298, -33.005991698646717, 0.0 ], [ -68.894322774036013, -33.005985499832072, 0.0 ], [ -68.894360883632231, -33.005981672916761, 0.0 ], [ -68.894367177235466, -33.005652004022302, 0.0 ] ] ] ] } },
{ "type": "Feature", "properties": { "LAYER": "PARCELARIO_BASE_CATASTRO", "MAP_NAME": "1016_2026.dwg", "ccpp1": "1016 3595" }, "geometry": { "type": "MultiPolygon", "coordinates": [ [ [ [ -68.89419919749794, -33.005647131576204, 0.0 ], [ -68.894026144508913, -33.005642112132662, 0.0 ], [ -68.894025637317711, -33.005989310886832, 0.0 ], [ -68.894077235782731, -33.005991818057247, 0.0 ], [ -68.894193571425959, -33.005991705723922, 0.0 ], [ -68.89419919749794, -33.005647131576204, 0.0 ] ] ] ] } },
{ "type": "Feature", "properties": { "LAYER": "PARCELARIO_BASE_CATASTRO", "MAP_NAME": "1016_2026.dwg", "ccpp1": "1016 3596" }, "geometry": { "type": "MultiPolygon", "coordinates": [ [ [ [ -68.894026144508913, -33.005642112132662, 0.0 ], [ -68.893834298721515, -33.005636546282915, 0.0 ], [ -68.893869601460693, -33.005977491709075, 0.0 ], [ -68.893954559420052, -33.005985857521303, 0.0 ], [ -68.894025637317711, -33.005989310886832, 0.0 ], [ -68.894026144508913, -33.005642112132662, 0.0 ] ] ] ] } },
{ "type": "Feature", "properties": { "LAYER": "PARCELARIO_BASE_CATASTRO", "MAP_NAME": "1016_2026.dwg", "ccpp1": "1016 3597" }, "geometry": { "type": "MultiPolygon", "coordinates": [ [ [ [ -68.893834298721515, -33.005636546282915, 0.0 ], [ -68.893600184635929, -33.005629754808687, 0.0 ], [ -68.893727870548858, -33.005948268652588, 0.0 ], [ -68.893832511003936, -33.005973839041083, 0.0 ], [ -68.893869601460693, -33.005977491709075, 0.0 ], [ -68.893834298721515, -33.005636546282915, 0.0 ] ] ] ] } },
{ "type": "Feature", "properties": { "LAYER": "PARCELARIO_BASE_CATASTRO", "MAP_NAME": "1016_2026.dwg", "ccpp1": "1016 3598" }, "geometry": { "type": "MultiPolygon", "coordinates": [ [ [ [ -68.893600184635929, -33.005629754808687, 0.0 ], [ -68.893340479530565, -33.005622220593885, 0.0 ], [ -68.893561400239619, -33.005932698252792, 0.0 ], [ -68.893580628051183, -33.005926622024447, 0.0 ], [ -68.893606080534397, -33.005922530276258, 0.0 ], [ -68.893631986596674, -33.005922131270637, 0.0 ], [ -68.893657599277546, -33.00592543879776, 0.0 ], [ -68.893682176030993, -33.005932354844511, 0.0 ], [ -68.893705005465179, -33.00594268043708, 0.0 ], [ -68.893727870548858, -33.005948268652588, 0.0 ], [ -68.893600184635929, -33.005629754808687, 0.0 ] ] ] ] } },
{ "type": "Feature", "properties": { "LAYER": "PARCELARIO_BASE_CATASTRO", "MAP_NAME": "1016_2026.dwg", "ccpp1": "1016 3599" }, "geometry": { "type": "MultiPolygon", "coordinates": [ [ [ [ -68.893340479530565, -33.005622220593885, 0.0 ], [ -68.893166855218738, -33.00561718233925, 0.0 ], [ -68.893158200502398, -33.005744656526815, 0.0 ], [ -68.893494769917325, -33.005977270754059, 0.0 ], [ -68.893514172476813, -33.005959363800663, 0.0 ], [ -68.893533999520884, -33.005945309163984, 0.0 ], [ -68.893556367671337, -33.005934289025717, 0.0 ], [ -68.893561400239619, -33.005932698252792, 0.0 ], [ -68.893340479530565, -33.005622220593885, 0.0 ] ] ] ] } },
{ "type": "Feature", "properties": { "LAYER": "PARCELARIO_BASE_CATASTRO", "MAP_NAME": "1016_2026.dwg", "ccpp1": "1016 3600" }, "geometry": { "type": "MultiPolygon", "coordinates": [ [ [ [ -68.893131934442565, -33.006059618156307, 0.0 ], [ -68.893492501259615, -33.006078775840223, 0.0 ], [ -68.893491781839103, -33.006031827688076, 0.0 ], [ -68.893494769917325, -33.005977270754059, 0.0 ], [ -68.893158200502398, -33.005744656526815, 0.0 ], [ -68.893151605930356, -33.005841801913128, 0.0 ], [ -68.893131934442565, -33.006059618156307, 0.0 ] ] ] ] } },
{ "type": "Feature", "properties": { "LAYER": "PARCELARIO_BASE_CATASTRO", "MAP_NAME": "1016_2026.dwg", "ccpp1": "1016 3601" }, "geometry": { "type": "MultiPolygon", "coordinates": [ [ [ [ -68.893492501259615, -33.006078775840223, 0.0 ], [ -68.893131934442565, -33.006059618156307, 0.0 ], [ -68.893118022146965, -33.006213666518832, 0.0 ], [ -68.893509148838163, -33.006236730226377, 0.0 ], [ -68.893497311810748, -33.00614261586454, 0.0 ], [ -68.893492631214656, -33.006087289571191, 0.0 ], [ -68.893492501259615, -33.006078775840223, 0.0 ] ] ] ] } },
{ "type": "Feature", "properties": { "LAYER": "PARCELARIO_BASE_CATASTRO", "MAP_NAME": "1016_2026.dwg", "ccpp1": "1016 3602" }, "geometry": { "type": "MultiPolygon", "coordinates": [ [ [ [ -68.893509148838163, -33.006236730226377, 0.0 ], [ -68.893118022146965, -33.006213666518832, 0.0 ], [ -68.893104976419082, -33.006358111872771, 0.0 ], [ -68.893515682081002, -33.006384487948033, 0.0 ], [ -68.893516311956986, -33.006358127101649, 0.0 ], [ -68.893510832114004, -33.006250119739789, 0.0 ], [ -68.893509148838163, -33.006236730226377, 0.0 ] ] ] ] } },
{ "type": "Feature", "properties": { "LAYER": "PARCELARIO_BASE_CATASTRO", "MAP_NAME": "1016_2026.dwg", "ccpp1": "1016 3603" }, "geometry": { "type": "MultiPolygon", "coordinates": [ [ [ [ -68.893515682081002, -33.006384487948033, 0.0 ], [ -68.893104976419082, -33.006358111872771, 0.0 ], [ -68.893091888334226, -33.006503036877007, 0.0 ], [ -68.893508015919579, -33.006524097735891, 0.0 ], [ -68.893513729351142, -33.006466210538278, 0.0 ], [ -68.893515682081002, -33.006384487948033, 0.0 ] ] ] ] } },
{ "type": "Feature", "properties": { "LAYER": "PARCELARIO_BASE_CATASTRO", "MAP_NAME": "1016_2026.dwg", "ccpp1": "1016 3604" }, "geometry": { "type": "MultiPolygon", "coordinates": [ [ [ [ -68.893508015919579, -33.006524097735891, 0.0 ], [ -68.893091888334226, -33.006503036877007, 0.0 ], [ -68.89307910823554, -33.006644553807227, 0.0 ], [ -68.893486644314066, -33.006668338553368, 0.0 ], [ -68.893503097619998, -33.006573944469622, 0.0 ], [ -68.893508015919579, -33.006524097735891, 0.0 ] ] ] ] } },
{ "type": "Feature", "properties": { "LAYER": "PARCELARIO_BASE_CATASTRO", "MAP_NAME": "1016_2026.dwg", "ccpp1": "1016 3605" }, "geometry": { "type": "MultiPolygon", "coordinates": [ [ [ [ -68.893486644314066, -33.006668338553368, 0.0 ], [ -68.89307910823554, -33.006644553807227, 0.0 ], [ -68.893066132884059, -33.006788214749641, 0.0 ], [ -68.893456039411276, -33.006812659847576, 0.0 ], [ -68.893458449199485, -33.006797658025796, 0.0 ], [ -68.893484455769524, -33.00668090423779, 0.0 ], [ -68.893486644314066, -33.006668338553368, 0.0 ] ] ] ] } },
{ "type": "Feature", "properties": { "LAYER": "PARCELARIO_BASE_CATASTRO", "MAP_NAME": "1016_2026.dwg", "ccpp1": "1016 3606" }, "geometry": { "type": "MultiPolygon", "coordinates": [ [ [ [ -68.893456039411276, -33.006812659847576, 0.0 ], [ -68.893066132884059, -33.006788214749641, 0.0 ], [ -68.893053067454233, -33.006932881879926, 0.0 ], [ -68.893435700529054, -33.006954067565175, 0.0 ], [ -68.893439542827878, -33.006915377249811, 0.0 ], [ -68.893456039411276, -33.006812659847576, 0.0 ] ] ] ] } },
{ "type": "Feature", "properties": { "LAYER": "PARCELARIO_BASE_CATASTRO", "MAP_NAME": "1016_2026.dwg", "ccpp1": "1016 3607" }, "geometry": { "type": "MultiPolygon", "coordinates": [ [ [ [ -68.893435700529054, -33.006954067565175, 0.0 ], [ -68.893053067454233, -33.006932881879926, 0.0 ], [ -68.89303957462036, -33.007082293254882, 0.0 ], [ -68.89341673367268, -33.007106008917404, 0.0 ], [ -68.893427787346411, -33.007033756288529, 0.0 ], [ -68.893435700529054, -33.006954067565175, 0.0 ] ] ] ] } },
{ "type": "Feature", "properties": { "LAYER": "PARCELARIO_BASE_CATASTRO", "MAP_NAME": "1016_2026.dwg", "ccpp1": "1016 3608" }, "geometry": { "type": "MultiPolygon", "coordinates": [ [ [ [ -68.89341673367268, -33.007106008917404, 0.0 ], [ -68.89303957462036, -33.007082293254882, 0.0 ], [ -68.893025689119966, -33.007236036838194, 0.0 ], [ -68.893399199461456, -33.007256343799348, 0.0 ], [ -68.893410102322534, -33.007149354904207, 0.0 ], [ -68.89341673367268, -33.007106008917404, 0.0 ] ] ] ] } },
{ "type": "Feature", "properties": { "LAYER": "PARCELARIO_BASE_CATASTRO", "MAP_NAME": "1016_2026.dwg", "ccpp1": "1016 3609" }, "geometry": { "type": "MultiPolygon", "coordinates": [ [ [ [ -68.893399199461456, -33.007256343799348, 0.0 ], [ -68.893025689119966, -33.007236036838194, 0.0 ], [ -68.893011897943282, -33.007388728241885, 0.0 ], [ -68.893392285847312, -33.007409771475338, 0.0 ], [ -68.893392305427227, -33.007381930463609, 0.0 ], [ -68.893398268146399, -33.007265483286822, 0.0 ], [ -68.893399199461456, -33.007256343799348, 0.0 ] ] ] ] } },
{ "type": "Feature", "properties": { "LAYER": "PARCELARIO_BASE_CATASTRO", "MAP_NAME": "1016_2026.dwg", "ccpp1": "1016 3610" }, "geometry": { "type": "MultiPolygon", "coordinates": [ [ [ [ -68.893392285847312, -33.007409771475338, 0.0 ], [ -68.893011897943282, -33.007388728241885, 0.0 ], [ -68.892998242269513, -33.007539942812279, 0.0 ], [ -68.893395639898444, -33.007567047249495, 0.0 ], [ -68.893392224073224, -33.007498485451869, 0.0 ], [ -68.893392285847312, -33.007409771475338, 0.0 ] ] ] ] } },
{ "type": "Feature", "properties": { "LAYER": "PARCELARIO_BASE_CATASTRO", "MAP_NAME": "1016_2026.dwg", "ccpp1": "1016 3611" }, "geometry": { "type": "MultiPolygon", "coordinates": [ [ [ [ -68.893395639898444, -33.007567047249495, 0.0 ], [ -68.892998242269513, -33.007539942812279, 0.0 ], [ -68.892984931482147, -33.007687325553292, 0.0 ], [ -68.893406343921072, -33.00770814783187, 0.0 ], [ -68.893398025430471, -33.007614938162483, 0.0 ], [ -68.893395639898444, -33.007567047249495, 0.0 ] ] ] ] } },
{ "type": "Feature", "properties": { "LAYER": "PARCELARIO_BASE_CATASTRO", "MAP_NAME": "1016_2026.dwg", "ccpp1": "1016 3612" }, "geometry": { "type": "MultiPolygon", "coordinates": [ [ [ [ -68.893406343921072, -33.00770814783187, 0.0 ], [ -68.892984931482147, -33.007687325553292, 0.0 ], [ -68.892968731150233, -33.007866689134111, 0.0 ], [ -68.893415045446218, -33.007864610344782, 0.0 ], [ -68.893414696369135, -33.007846988607497, 0.0 ], [ -68.893408370211716, -33.007730861860267, 0.0 ], [ -68.893406343921072, -33.00770814783187, 0.0 ] ] ] ] } },
{ "type": "Feature", "properties": { "LAYER": "PARCELARIO_BASE_CATASTRO", "MAP_NAME": "1016_2026.dwg", "ccpp1": "1016 3613" }, "geometry": { "type": "MultiPolygon", "coordinates": [ [ [ [ -68.893415045446218, -33.007864610344782, 0.0 ], [ -68.892968731150233, -33.007866689134111, 0.0 ], [ -68.892953505839287, -33.008035272213256, 0.0 ], [ -68.89338809090097, -33.008022656404286, 0.0 ], [ -68.8934211521225, -33.007987953910266, 0.0 ], [ -68.893415045446218, -33.007864610344782, 0.0 ] ] ] ] } },
{ "type": "Feature", "properties": { "LAYER": "PARCELARIO_BASE_CATASTRO", "MAP_NAME": "1016_2026.dwg", "ccpp1": "1016 3614" }, "geometry": { "type": "MultiPolygon", "coordinates": [ [ [ [ -68.896590355788334, -33.006161229281432, 0.0 ], [ -68.896581916166895, -33.006502880661472, 0.0 ], [ -68.896770379976303, -33.006506845331252, 0.0 ], [ -68.896769174380452, -33.006363146115461, 0.0 ], [ -68.896776030713696, -33.006186733561719, 0.0 ], [ -68.89674989870116, -33.006155978340132, 0.0 ], [ -68.89660849168628, -33.006159933267497, 0.0 ], [ -68.896590355788334, -33.006161229281432, 0.0 ] ] ] ] } },
{ "type": "Feature", "properties": { "LAYER": "PARCELARIO_BASE_CATASTRO", "MAP_NAME": "1016_2026.dwg", "ccpp1": "1016 3614" }, "geometry": { "type": "MultiPolygon", "coordinates": [ [ [ [ -68.895948247637335, -33.00671941080828, 0.0 ], [ -68.895893374699185, -33.006928635807277, 0.0 ], [ -68.895836244010624, -33.007137431496695, 0.0 ], [ -68.895817449367513, -33.007252853702511, 0.0 ], [ -68.895805365861477, -33.007368910874625, 0.0 ], [ -68.895800018456328, -33.007485327123128, 0.0 ], [ -68.895801422487068, -33.007601824745734, 0.0 ], [ -68.895809572956139, -33.00771812602207, 0.0 ], [ -68.895830177226756, -33.007722050177037, 0.0 ], [ -68.895849743396028, -33.00772875783575, 0.0 ], [ -68.895867746234813, -33.007738069127186, 0.0 ], [ -68.895883702331687, -33.007749733884772, 0.0 ], [ -68.895897181856952, -33.007763437967768, 0.0 ], [ -68.895907823532013, -33.007778814093918, 0.0 ], [ -68.895915339973726, -33.007795447253649, 0.0 ], [ -68.89591953051621, -33.00781289185263, 0.0 ], [ -68.896573543234268, -33.00774737961455, 0.0 ], [ -68.896612587823412, -33.007706781568032, 0.0 ], [ -68.896608203563602, -33.007605772268846, 0.0 ], [ -68.896610641534053, -33.007504718124672, 0.0 ], [ -68.896619895983079, -33.00740394283185, 0.0 ], [ -68.896635935470655, -33.007303774572591, 0.0 ], [ -68.89665871037127, -33.007204536103025, 0.0 ], [ -68.89669991056094, -33.007084453517884, 0.0 ], [ -68.896733990708384, -33.006962796111665, 0.0 ], [ -68.896760864878402, -33.006839865880337, 0.0 ], [ -68.896780468544179, -33.006715961229695, 0.0 ], [ -68.89677065318385, -33.006539641297515, 0.0 ], [ -68.896769173328181, -33.006363130786085, 0.0 ], [ -68.896776030739971, -33.006186711019851, 0.0 ], [ -68.896749897631025, -33.006155978339237, 0.0 ], [ -68.896608490615108, -33.006159934168288, 0.0 ], [ -68.896467510911521, -33.006170008059868, 0.0 ], [ -68.896327331998307, -33.006186172373759, 0.0 ], [ -68.896215548559042, -33.006198049230441, 0.0 ], [ -68.896103188644673, -33.006205060066158, 0.0 ], [ -68.895990547649888, -33.006207187091896, 0.0 ], [ -68.895962386239688, -33.006236283235339, 0.0 ], [ -68.895950513006454, -33.006248264721883, 0.0 ], [ -68.89596220198635, -33.006365891720925, 0.0 ], [ -68.89596572331196, -33.006483893318709, 0.0 ], [ -68.895961066721469, -33.006601867360175, 0.0 ], [ -68.895948247637335, -33.00671941080828, 0.0 ] ] ] ] } },
{ "type": "Feature", "properties": { "LAYER": "PARCELARIO_BASE_CATASTRO", "MAP_NAME": "1016_2026.dwg", "ccpp1": "1016 3615" }, "geometry": { "type": "MultiPolygon", "coordinates": [ [ [ [ -68.896581916166895, -33.006502880661472, 0.0 ], [ -68.896590355788334, -33.006161229281432, 0.0 ], [ -68.896467511982706, -33.00617000715912, 0.0 ], [ -68.896405902835539, -33.006177110842195, 0.0 ], [ -68.896395996017148, -33.006498968312108, 0.0 ], [ -68.896581916166895, -33.006502880661472, 0.0 ] ] ] ] } },
{ "type": "Feature", "properties": { "LAYER": "PARCELARIO_BASE_CATASTRO", "MAP_NAME": "1016_2026.dwg", "ccpp1": "1016 3616" }, "geometry": { "type": "MultiPolygon", "coordinates": [ [ [ [ -68.896207585153206, -33.006198545744404, 0.0 ], [ -68.896199593129325, -33.00649483687927, 0.0 ], [ -68.896395996017148, -33.006498968312108, 0.0 ], [ -68.896405902835539, -33.006177110842195, 0.0 ], [ -68.896327333068427, -33.006186172374619, 0.0 ], [ -68.896215549629176, -33.006198049231337, 0.0 ], [ -68.896207585153206, -33.006198545744404, 0.0 ] ] ] ] } },
{ "type": "Feature", "properties": { "LAYER": "PARCELARIO_BASE_CATASTRO", "MAP_NAME": "1016_2026.dwg", "ccpp1": "1016 3617" }, "geometry": { "type": "MultiPolygon", "coordinates": [ [ [ [ -68.896199593129325, -33.00649483687927, 0.0 ], [ -68.896207585153206, -33.006198545744404, 0.0 ], [ -68.896103189714808, -33.006205060067046, 0.0 ], [ -68.895990548720022, -33.006207187092791, 0.0 ], [ -68.895962387309837, -33.00623628323622, 0.0 ], [ -68.895950514076588, -33.006248264722778, 0.0 ], [ -68.89596220305647, -33.006365891721806, 0.0 ], [ -68.89596572438208, -33.006483893319611, 0.0 ], [ -68.895965487240858, -33.006489910002379, 0.0 ], [ -68.896199593129325, -33.00649483687927, 0.0 ] ] ] ] } },
{ "type": "Feature", "properties": { "LAYER": "PARCELARIO_BASE_CATASTRO", "MAP_NAME": "1016_2026.dwg", "ccpp1": "1016 3633" }, "geometry": { "type": "MultiPolygon", "coordinates": [ [ [ [ -68.896396433635431, -33.006654642943687, 0.0 ], [ -68.896777641580869, -33.006665143168831, 0.0 ], [ -68.896770655315706, -33.006539648512707, 0.0 ], [ -68.896770379976303, -33.006506845331252, 0.0 ], [ -68.896395996017148, -33.006498968312108, 0.0 ], [ -68.896395815820213, -33.00650481552799, 0.0 ], [ -68.896396433635431, -33.006654642943687, 0.0 ] ] ] ] } },
{ "type": "Feature", "properties": { "LAYER": "PARCELARIO_BASE_CATASTRO", "MAP_NAME": "1016_2026.dwg", "ccpp1": "1016 3619" }, "geometry": { "type": "MultiPolygon", "coordinates": [ [ [ [ -68.895956633582301, -33.006642526523137, 0.0 ], [ -68.896396433635431, -33.006654642943687, 0.0 ], [ -68.896395815820213, -33.00650481552799, 0.0 ], [ -68.896395996017148, -33.006498968312108, 0.0 ], [ -68.895965487240858, -33.006489910002379, 0.0 ], [ -68.895961067791603, -33.006601867361077, 0.0 ], [ -68.895956633582301, -33.006642526523137, 0.0 ] ] ] ] } },
{ "type": "Feature", "properties": { "LAYER": "PARCELARIO_BASE_CATASTRO", "MAP_NAME": "1016_2026.dwg", "ccpp1": "1016 3632" }, "geometry": { "type": "MultiPolygon", "coordinates": [ [ [ [ -68.896390903223704, -33.006817541349967, 0.0 ], [ -68.896763138525372, -33.006825504071109, 0.0 ], [ -68.896780469614299, -33.006715961230569, 0.0 ], [ -68.896777641580869, -33.006665143168831, 0.0 ], [ -68.896396433635431, -33.006654642943687, 0.0 ], [ -68.896396434310262, -33.006654981072522, 0.0 ], [ -68.896391027866372, -33.006817107747523, 0.0 ], [ -68.896390903223704, -33.006817541349967, 0.0 ] ] ] ] } },
{ "type": "Feature", "properties": { "LAYER": "PARCELARIO_BASE_CATASTRO", "MAP_NAME": "1016_2026.dwg", "ccpp1": "1016 3619" }, "geometry": { "type": "MultiPolygon", "coordinates": [ [ [ [ -68.895925125506636, -33.00680757538985, 0.0 ], [ -68.896390903223704, -33.006817541349967, 0.0 ], [ -68.896391027866372, -33.006817107747523, 0.0 ], [ -68.896396434310262, -33.006654981072522, 0.0 ], [ -68.896396433635431, -33.006654642943687, 0.0 ], [ -68.895956633582301, -33.006642526523137, 0.0 ], [ -68.895948248707455, -33.006719410809175, 0.0 ], [ -68.895925125506636, -33.00680757538985, 0.0 ] ] ] ] } },
{ "type": "Feature", "properties": { "LAYER": "PARCELARIO_BASE_CATASTRO", "MAP_NAME": "1016_2026.dwg", "ccpp1": "1016 3631" }, "geometry": { "type": "MultiPolygon", "coordinates": [ [ [ [ -68.896346395048184, -33.00697322013783, 0.0 ], [ -68.896728475819231, -33.006982485041966, 0.0 ], [ -68.896733991777467, -33.006962797014239, 0.0 ], [ -68.896760865948536, -33.006839865881233, 0.0 ], [ -68.896763138525372, -33.006825504071109, 0.0 ], [ -68.896390903223704, -33.006817541349967, 0.0 ], [ -68.896346395048184, -33.00697322013783, 0.0 ] ] ] ] } },
{ "type": "Feature", "properties": { "LAYER": "PARCELARIO_BASE_CATASTRO", "MAP_NAME": "1016_2026.dwg", "ccpp1": "1016 3620" }, "geometry": { "type": "MultiPolygon", "coordinates": [ [ [ [ -68.895884243604684, -33.006962010920162, 0.0 ], [ -68.896346395048184, -33.00697322013783, 0.0 ], [ -68.896390903223704, -33.006817541349967, 0.0 ], [ -68.895925125506636, -33.00680757538985, 0.0 ], [ -68.895893375769319, -33.006928635808144, 0.0 ], [ -68.895884243604684, -33.006962010920162, 0.0 ] ] ] ] } },
{ "type": "Feature", "properties": { "LAYER": "PARCELARIO_BASE_CATASTRO", "MAP_NAME": "1016_2026.dwg", "ccpp1": "1016 3630" }, "geometry": { "type": "MultiPolygon", "coordinates": [ [ [ [ -68.896300592956564, -33.00713343776647, 0.0 ], [ -68.896679794218002, -33.007143088148418, 0.0 ], [ -68.896699911631075, -33.007084453518758, 0.0 ], [ -68.896728475819231, -33.006982485041966, 0.0 ], [ -68.896346395048184, -33.00697322013783, 0.0 ], [ -68.896301186111288, -33.007131354487399, 0.0 ], [ -68.896300592956564, -33.00713343776647, 0.0 ] ] ] ] } },
{ "type": "Feature", "properties": { "LAYER": "PARCELARIO_BASE_CATASTRO", "MAP_NAME": "1016_2026.dwg", "ccpp1": "1016 3621" }, "geometry": { "type": "MultiPolygon", "coordinates": [ [ [ [ -68.895840541956801, -33.007121726996324, 0.0 ], [ -68.896300592956564, -33.00713343776647, 0.0 ], [ -68.896301186111288, -33.007131354487399, 0.0 ], [ -68.896346395048184, -33.00697322013783, 0.0 ], [ -68.895884243604684, -33.006962010920162, 0.0 ], [ -68.895840541956801, -33.007121726996324, 0.0 ] ] ] ] } },
{ "type": "Feature", "properties": { "LAYER": "PARCELARIO_BASE_CATASTRO", "MAP_NAME": "1016_2026.dwg", "ccpp1": "1016 3629" }, "geometry": { "type": "MultiPolygon", "coordinates": [ [ [ [ -68.896256348012372, -33.007288864263586, 0.0 ], [ -68.896637830690494, -33.007295517697273, 0.0 ], [ -68.896658711441418, -33.007204536103906, 0.0 ], [ -68.896679794218002, -33.007143088148418, 0.0 ], [ -68.896300592956564, -33.00713343776647, 0.0 ], [ -68.896256348012372, -33.007288864263586, 0.0 ] ] ] ] } },
{ "type": "Feature", "properties": { "LAYER": "PARCELARIO_BASE_CATASTRO", "MAP_NAME": "1016_2026.dwg", "ccpp1": "1016 3622" }, "geometry": { "type": "MultiPolygon", "coordinates": [ [ [ [ -68.895814503171124, -33.007281155734653, 0.0 ], [ -68.896256348012372, -33.007288864263586, 0.0 ], [ -68.896300592956564, -33.00713343776647, 0.0 ], [ -68.895840541956801, -33.007121726996324, 0.0 ], [ -68.895836245080787, -33.00713743149759, 0.0 ], [ -68.895817450437647, -33.007252853703406, 0.0 ], [ -68.895814503171124, -33.007281155734653, 0.0 ] ] ] ] } },
{ "type": "Feature", "properties": { "LAYER": "PARCELARIO_BASE_CATASTRO", "MAP_NAME": "1016_2026.dwg", "ccpp1": "1016 3628" }, "geometry": { "type": "MultiPolygon", "coordinates": [ [ [ [ -68.896209039322471, -33.007455058705453, 0.0 ], [ -68.896616872937912, -33.007436874020094, 0.0 ], [ -68.896619897053213, -33.007403942832745, 0.0 ], [ -68.896635936540804, -33.007303774573479, 0.0 ], [ -68.896637830690494, -33.007295517697273, 0.0 ], [ -68.896256348012372, -33.007288864263586, 0.0 ], [ -68.896209039322471, -33.007455058705453, 0.0 ] ] ] ] } },
{ "type": "Feature", "properties": { "LAYER": "PARCELARIO_BASE_CATASTRO", "MAP_NAME": "1016_2026.dwg", "ccpp1": "1016 3623" }, "geometry": { "type": "MultiPolygon", "coordinates": [ [ [ [ -68.895800573054103, -33.007473271285306, 0.0 ], [ -68.896209039322471, -33.007455058705453, 0.0 ], [ -68.896256348012372, -33.007288864263586, 0.0 ], [ -68.895814503171124, -33.007281155734653, 0.0 ], [ -68.895805365861477, -33.007368910874625, 0.0 ], [ -68.895800573054103, -33.007473271285306, 0.0 ] ] ] ] } },
{ "type": "Feature", "properties": { "LAYER": "PARCELARIO_BASE_CATASTRO", "MAP_NAME": "1016_2026.dwg", "ccpp1": "1016 3624" }, "geometry": { "type": "MultiPolygon", "coordinates": [ [ [ [ -68.89606820434571, -33.007798000127487, 0.0 ], [ -68.896024991777381, -33.007463264973595, 0.0 ], [ -68.895800573054103, -33.007473271285306, 0.0 ], [ -68.895800018456328, -33.007485327123128, 0.0 ], [ -68.895801422487068, -33.007601824745734, 0.0 ], [ -68.895809572956139, -33.00771812602207, 0.0 ], [ -68.895830177226756, -33.007722050177037, 0.0 ], [ -68.895849743396028, -33.00772875783575, 0.0 ], [ -68.895867746234813, -33.007738069127186, 0.0 ], [ -68.895883702331687, -33.007749733884772, 0.0 ], [ -68.895897181856952, -33.007763437967768, 0.0 ], [ -68.895907823532013, -33.007778814093918, 0.0 ], [ -68.895915339973726, -33.007795447253649, 0.0 ], [ -68.89591953051621, -33.00781289185263, 0.0 ], [ -68.89606820434571, -33.007798000127487, 0.0 ] ] ] ] } },
{ "type": "Feature", "properties": { "LAYER": "PARCELARIO_BASE_CATASTRO", "MAP_NAME": "1016_2026.dwg", "ccpp1": "1016 3625" }, "geometry": { "type": "MultiPolygon", "coordinates": [ [ [ [ -68.896024991777381, -33.007463264973595, 0.0 ], [ -68.89606820434571, -33.007798000127487, 0.0 ], [ -68.896247794030117, -33.007780010521664, 0.0 ], [ -68.896207356552878, -33.007460971394771, 0.0 ], [ -68.896209039322471, -33.007455058705453, 0.0 ], [ -68.896024991777381, -33.007463264973595, 0.0 ] ] ] ] } },
{ "type": "Feature", "properties": { "LAYER": "PARCELARIO_BASE_CATASTRO", "MAP_NAME": "1016_2026.dwg", "ccpp1": "1016 3626" }, "geometry": { "type": "MultiPolygon", "coordinates": [ [ [ [ -68.896428427158028, -33.007761916027043, 0.0 ], [ -68.896395013192588, -33.007446766302202, 0.0 ], [ -68.896209039322471, -33.007455058705453, 0.0 ], [ -68.896207356552878, -33.007460971394771, 0.0 ], [ -68.896247794030117, -33.007780010521664, 0.0 ], [ -68.896428427158028, -33.007761916027043, 0.0 ] ] ] ] } },
{ "type": "Feature", "properties": { "LAYER": "PARCELARIO_BASE_CATASTRO", "MAP_NAME": "1016_2026.dwg", "ccpp1": "1016 3627" }, "geometry": { "type": "MultiPolygon", "coordinates": [ [ [ [ -68.896395013192588, -33.007446766302202, 0.0 ], [ -68.896428427158028, -33.007761916027043, 0.0 ], [ -68.896573543234268, -33.00774737961455, 0.0 ], [ -68.896612588893575, -33.007706781568928, 0.0 ], [ -68.89660820463375, -33.007605772269706, 0.0 ], [ -68.896610642604202, -33.007504718125574, 0.0 ], [ -68.896616872937912, -33.007436874020094, 0.0 ], [ -68.896395013192588, -33.007446766302202, 0.0 ] ] ] ] } },
{ "type": "Feature", "properties": { "LAYER": "PARCELARIO_BASE_CATASTRO", "MAP_NAME": "1016_2026.dwg", "ccpp1": "1016 3634" }, "geometry": { "type": "MultiPolygon", "coordinates": [ [ [ [ -68.895287026929196, -33.006422869412077, 0.0 ], [ -68.895715714430651, -33.006390589424193, 0.0 ], [ -68.895713923732146, -33.006380900326882, 0.0 ], [ -68.89569442642177, -33.006317765851357, 0.0 ], [ -68.895667536525067, -33.006256588141412, 0.0 ], [ -68.895615745757993, -33.006214570046922, 0.0 ], [ -68.895470524645376, -33.006182247893371, 0.0 ], [ -68.895323645520975, -33.006155776956284, 0.0 ], [ -68.895287775366626, -33.006150802084214, 0.0 ], [ -68.895287026929196, -33.006422869412077, 0.0 ] ] ] ] } },
{ "type": "Feature", "properties": { "LAYER": "PARCELARIO_BASE_CATASTRO", "MAP_NAME": "1016_2026.dwg", "ccpp1": "1016 3634" }, "geometry": { "type": "MultiPolygon", "coordinates": [ [ [ [ -68.895615745757993, -33.006214570046922, 0.0 ], [ -68.895470524645376, -33.006182247893371, 0.0 ], [ -68.895323645520975, -33.006155776956284, 0.0 ], [ -68.895175437884731, -33.006135217918803, 0.0 ], [ -68.895026239813305, -33.006120617045958, 0.0 ], [ -68.89487638511801, -33.006112007075629, 0.0 ], [ -68.89472621511635, -33.006109407228472, 0.0 ], [ -68.894573313669994, -33.006129708353406, 0.0 ], [ -68.894419432894239, -33.006143799525134, 0.0 ], [ -68.894264926003615, -33.006151646775571, 0.0 ], [ -68.894110150471192, -33.006153235077292, 0.0 ], [ -68.89395546268949, -33.006148558420307, 0.0 ], [ -68.893801220099462, -33.006137628830771, 0.0 ], [ -68.893751898500881, -33.006170174315557, 0.0 ], [ -68.89374196002764, -33.006228352778614, 0.0 ], [ -68.893737253914594, -33.006286997352284, 0.0 ], [ -68.893737808396494, -33.006345773539628, 0.0 ], [ -68.893743620674485, -33.006404346816609, 0.0 ], [ -68.893742915073389, -33.006481426843436, 0.0 ], [ -68.893738359248047, -33.006558411621064, 0.0 ], [ -68.893729965118894, -33.006635168612803, 0.0 ], [ -68.893764395700728, -33.006688642926122, 0.0 ], [ -68.893839047370008, -33.00670993187412, 0.0 ], [ -68.893915581531019, -33.006725782569468, 0.0 ], [ -68.893993439699017, -33.006736079120103, 0.0 ], [ -68.894072055848525, -33.006740746204095, 0.0 ], [ -68.894150858551043, -33.006739751776848, 0.0 ], [ -68.894276262136898, -33.006734501194771, 0.0 ], [ -68.894401291100081, -33.006724811221709, 0.0 ], [ -68.894525726021996, -33.006710700608544, 0.0 ], [ -68.894649347478108, -33.006692193517054, 0.0 ], [ -68.894758084976246, -33.006671389811757, 0.0 ], [ -68.894868217062324, -33.006656686118788, 0.0 ], [ -68.894979261051674, -33.006648146949047, 0.0 ], [ -68.895090732153378, -33.006645808861379, 0.0 ], [ -68.895202143466619, -33.006649683167744, 0.0 ], [ -68.895313005984363, -33.006659752326371, 0.0 ], [ -68.895422837151813, -33.006675971752394, 0.0 ], [ -68.895531157653465, -33.006698271618347, 0.0 ], [ -68.895637490346559, -33.006726553246551, 0.0 ], [ -68.895696381317265, -33.006703488919193, 0.0 ], [ -68.895715237699747, -33.006640216074253, 0.0 ], [ -68.89572649439765, -33.006575671827264, 0.0 ], [ -68.895730038302688, -33.006510502587027, 0.0 ], [ -68.895725834418471, -33.006445362039727, 0.0 ], [ -68.895713923732146, -33.006380900326882, 0.0 ], [ -68.89569442642177, -33.006317765851357, 0.0 ], [ -68.895667536525067, -33.006256588141412, 0.0 ], [ -68.895615745757993, -33.006214570046922, 0.0 ] ] ] ] } },
{ "type": "Feature", "properties": { "LAYER": "PARCELARIO_BASE_CATASTRO", "MAP_NAME": "1016_2026.dwg", "ccpp1": "1016 3635" }, "geometry": { "type": "MultiPolygon", "coordinates": [ [ [ [ -68.895082223857571, -33.006399653328572, 0.0 ], [ -68.895287141128634, -33.006381464570154, 0.0 ], [ -68.895287775366626, -33.006150802084214, 0.0 ], [ -68.895175437884731, -33.006135217918803, 0.0 ], [ -68.895090059093235, -33.006126862502171, 0.0 ], [ -68.895082223857571, -33.006399653328572, 0.0 ] ] ] ] } },
{ "type": "Feature", "properties": { "LAYER": "PARCELARIO_BASE_CATASTRO", "MAP_NAME": "1016_2026.dwg", "ccpp1": "1016 3636" }, "geometry": { "type": "MultiPolygon", "coordinates": [ [ [ [ -68.8948659242307, -33.006394691565482, 0.0 ], [ -68.895082194810925, -33.006400686624268, 0.0 ], [ -68.895090059093235, -33.006126862502171, 0.0 ], [ -68.895026239813305, -33.006120617045958, 0.0 ], [ -68.894876960806272, -33.006112040922446, 0.0 ], [ -68.8948659242307, -33.006394691565482, 0.0 ] ] ] ] } },
{ "type": "Feature", "properties": { "LAYER": "PARCELARIO_BASE_CATASTRO", "MAP_NAME": "1016_2026.dwg", "ccpp1": "1016 3637" }, "geometry": { "type": "MultiPolygon", "coordinates": [ [ [ [ -68.894665809864648, -33.0064063474397, 0.0 ], [ -68.894667227927926, -33.006406229615116, 0.0 ], [ -68.894861602115469, -33.006394571609185, 0.0 ], [ -68.8948659242307, -33.006394691565482, 0.0 ], [ -68.894876960806272, -33.006112040922446, 0.0 ], [ -68.89487638511801, -33.006112007075629, 0.0 ], [ -68.89472621511635, -33.006109407228472, 0.0 ], [ -68.894670712773504, -33.006116776690881, 0.0 ], [ -68.894665809864648, -33.0064063474397, 0.0 ] ] ] ] } },
{ "type": "Feature", "properties": { "LAYER": "PARCELARIO_BASE_CATASTRO", "MAP_NAME": "1016_2026.dwg", "ccpp1": "1016 3638" }, "geometry": { "type": "MultiPolygon", "coordinates": [ [ [ [ -68.894467165501752, -33.006422752458711, 0.0 ], [ -68.894665809864648, -33.0064063474397, 0.0 ], [ -68.894670712773504, -33.006116776690881, 0.0 ], [ -68.894573313669994, -33.006129708353406, 0.0 ], [ -68.89447237466841, -33.006138950897991, 0.0 ], [ -68.894467165501752, -33.006422752458711, 0.0 ] ] ] ] } },
{ "type": "Feature", "properties": { "LAYER": "PARCELARIO_BASE_CATASTRO", "MAP_NAME": "1016_2026.dwg", "ccpp1": "1016 3652" }, "geometry": { "type": "MultiPolygon", "coordinates": [ [ [ [ -68.894278118612831, -33.006441336524645, 0.0 ], [ -68.894463760010268, -33.00642303360744, 0.0 ], [ -68.894467165501752, -33.006422752458711, 0.0 ], [ -68.89447237466841, -33.006138950897991, 0.0 ], [ -68.894419432894239, -33.006143799525134, 0.0 ], [ -68.894287130357043, -33.006150519551525, 0.0 ], [ -68.894278118612831, -33.006441336524645, 0.0 ] ] ] ] } },
{ "type": "Feature", "properties": { "LAYER": "PARCELARIO_BASE_CATASTRO", "MAP_NAME": "1016_2026.dwg", "ccpp1": "1016 3639" }, "geometry": { "type": "MultiPolygon", "coordinates": [ [ [ [ -68.894098526654403, -33.006447945058831, 0.0 ], [ -68.894276500383597, -33.006441496554046, 0.0 ], [ -68.894278118612831, -33.006441336524645, 0.0 ], [ -68.894287130357043, -33.006150519551525, 0.0 ], [ -68.894264926003615, -33.006151646775571, 0.0 ], [ -68.894110150471192, -33.006153235077292, 0.0 ], [ -68.894105831592157, -33.006153104277452, 0.0 ], [ -68.894098526654403, -33.006447945058831, 0.0 ] ] ] ] } },
{ "type": "Feature", "properties": { "LAYER": "PARCELARIO_BASE_CATASTRO", "MAP_NAME": "1016_2026.dwg", "ccpp1": "1016 3640" }, "geometry": { "type": "MultiPolygon", "coordinates": [ [ [ [ -68.893907107965902, -33.006442608707545, 0.0 ], [ -68.894097292740454, -33.006447989095804, 0.0 ], [ -68.894098526654403, -33.006447945058831, 0.0 ], [ -68.894105831592157, -33.006153104277452, 0.0 ], [ -68.89395546268949, -33.006148558420307, 0.0 ], [ -68.893919265481699, -33.006145993957496, 0.0 ], [ -68.893907107965902, -33.006442608707545, 0.0 ] ] ] ] } },
{ "type": "Feature", "properties": { "LAYER": "PARCELARIO_BASE_CATASTRO", "MAP_NAME": "1016_2026.dwg", "ccpp1": "1016 3641" }, "geometry": { "type": "MultiPolygon", "coordinates": [ [ [ [ -68.893743427406051, -33.006425413397366, 0.0 ], [ -68.893905884847157, -33.006442574306021, 0.0 ], [ -68.893907107965902, -33.006442608707545, 0.0 ], [ -68.893919265481699, -33.006145993957496, 0.0 ], [ -68.893801220099462, -33.006137628830771, 0.0 ], [ -68.893751898500881, -33.006170174315557, 0.0 ], [ -68.89374196002764, -33.006228352778614, 0.0 ], [ -68.893737253914594, -33.006286997352284, 0.0 ], [ -68.893737808396494, -33.006345773539628, 0.0 ], [ -68.893743620674485, -33.006404346816609, 0.0 ], [ -68.893743427406051, -33.006425413397366, 0.0 ] ] ] ] } },
{ "type": "Feature", "properties": { "LAYER": "PARCELARIO_BASE_CATASTRO", "MAP_NAME": "1016_2026.dwg", "ccpp1": "1016 3642" }, "geometry": { "type": "MultiPolygon", "coordinates": [ [ [ [ -68.893907107965902, -33.006442608707545, 0.0 ], [ -68.893905884847157, -33.006442574306021, 0.0 ], [ -68.893743427406051, -33.006425413397366, 0.0 ], [ -68.893742915073389, -33.006481426843436, 0.0 ], [ -68.893738360318181, -33.006558411621931, 0.0 ], [ -68.893729965118894, -33.006635168612803, 0.0 ], [ -68.893764395700728, -33.006688642926122, 0.0 ], [ -68.893839044144485, -33.006709944494844, 0.0 ], [ -68.893895668032812, -33.006721675645309, 0.0 ], [ -68.893907107965902, -33.006442608707545, 0.0 ] ] ] ] } },
{ "type": "Feature", "properties": { "LAYER": "PARCELARIO_BASE_CATASTRO", "MAP_NAME": "1016_2026.dwg", "ccpp1": "1016 3643" }, "geometry": { "type": "MultiPolygon", "coordinates": [ [ [ [ -68.894098526654403, -33.006447945058831, 0.0 ], [ -68.894097292740454, -33.006447989095804, 0.0 ], [ -68.893907107965902, -33.006442608707545, 0.0 ], [ -68.893895668032812, -33.006721675645309, 0.0 ], [ -68.89391557722891, -33.006725800599341, 0.0 ], [ -68.893993436465962, -33.006736098052549, 0.0 ], [ -68.894072053693179, -33.006740758825728, 0.0 ], [ -68.894091277887341, -33.006740513651458, 0.0 ], [ -68.894098526654403, -33.006447945058831, 0.0 ] ] ] ] } },
{ "type": "Feature", "properties": { "LAYER": "PARCELARIO_BASE_CATASTRO", "MAP_NAME": "1016_2026.dwg", "ccpp1": "1016 3644" }, "geometry": { "type": "MultiPolygon", "coordinates": [ [ [ [ -68.894278118612831, -33.006441336524645, 0.0 ], [ -68.894276500383597, -33.006441496554046, 0.0 ], [ -68.894098526654403, -33.006447945058831, 0.0 ], [ -68.894091277887341, -33.006740513651458, 0.0 ], [ -68.894150858551043, -33.006739751776848, 0.0 ], [ -68.894269025524352, -33.006734804340311, 0.0 ], [ -68.894278118612831, -33.006441336524645, 0.0 ] ] ] ] } },
{ "type": "Feature", "properties": { "LAYER": "PARCELARIO_BASE_CATASTRO", "MAP_NAME": "1016_2026.dwg", "ccpp1": "1016 3645" }, "geometry": { "type": "MultiPolygon", "coordinates": [ [ [ [ -68.894467165501752, -33.006422752458711, 0.0 ], [ -68.894463760010268, -33.00642303360744, 0.0 ], [ -68.894278118612831, -33.006441336524645, 0.0 ], [ -68.894269025524352, -33.006734804340311, 0.0 ], [ -68.894276262136898, -33.006734501194771, 0.0 ], [ -68.894401291100081, -33.006724811221709, 0.0 ], [ -68.89446174902713, -33.006717955516677, 0.0 ], [ -68.894467165501752, -33.006422752458711, 0.0 ] ] ] ] } },
{ "type": "Feature", "properties": { "LAYER": "PARCELARIO_BASE_CATASTRO", "MAP_NAME": "1016_2026.dwg", "ccpp1": "1016 3646" }, "geometry": { "type": "MultiPolygon", "coordinates": [ [ [ [ -68.894665809864648, -33.0064063474397, 0.0 ], [ -68.894467165501752, -33.006422752458711, 0.0 ], [ -68.89446174902713, -33.006717955516677, 0.0 ], [ -68.894525726021996, -33.006710700608544, 0.0 ], [ -68.894649347478108, -33.006692193517054, 0.0 ], [ -68.894661008171681, -33.006689962694068, 0.0 ], [ -68.894665809864648, -33.0064063474397, 0.0 ] ] ] ] } },
{ "type": "Feature", "properties": { "LAYER": "PARCELARIO_BASE_CATASTRO", "MAP_NAME": "1016_2026.dwg", "ccpp1": "1016 3647" }, "geometry": { "type": "MultiPolygon", "coordinates": [ [ [ [ -68.8948659242307, -33.006394691565482, 0.0 ], [ -68.894861602115469, -33.006394571609185, 0.0 ], [ -68.894667227927926, -33.006406229615116, 0.0 ], [ -68.894665809864648, -33.0064063474397, 0.0 ], [ -68.894661008171681, -33.006689962694068, 0.0 ], [ -68.894758084976246, -33.006671389811757, 0.0 ], [ -68.894855627084425, -33.006658367058073, 0.0 ], [ -68.8948659242307, -33.006394691565482, 0.0 ] ] ] ] } },
{ "type": "Feature", "properties": { "LAYER": "PARCELARIO_BASE_CATASTRO", "MAP_NAME": "1016_2026.dwg", "ccpp1": "1016 3648" }, "geometry": { "type": "MultiPolygon", "coordinates": [ [ [ [ -68.895082194810925, -33.006400686624268, 0.0 ], [ -68.8948659242307, -33.006394691565482, 0.0 ], [ -68.894855627084425, -33.006658367058073, 0.0 ], [ -68.894868217062324, -33.006656686118788, 0.0 ], [ -68.894979261051674, -33.006648146949047, 0.0 ], [ -68.895075145269871, -33.006646135692698, 0.0 ], [ -68.895082194810925, -33.006400686624268, 0.0 ] ] ] ] } },
{ "type": "Feature", "properties": { "LAYER": "PARCELARIO_BASE_CATASTRO", "MAP_NAME": "1016_2026.dwg", "ccpp1": "1016 3649" }, "geometry": { "type": "MultiPolygon", "coordinates": [ [ [ [ -68.895287141128634, -33.006381464570154, 0.0 ], [ -68.895082223857571, -33.006399653328572, 0.0 ], [ -68.895075145269871, -33.006646135692698, 0.0 ], [ -68.895090732153378, -33.006645808861379, 0.0 ], [ -68.895202143466619, -33.006649683167744, 0.0 ], [ -68.895286381771783, -33.006657334244125, 0.0 ], [ -68.895287141128634, -33.006381464570154, 0.0 ] ] ] ] } },
{ "type": "Feature", "properties": { "LAYER": "PARCELARIO_BASE_CATASTRO", "MAP_NAME": "1016_2026.dwg", "ccpp1": "1016 3651" }, "geometry": { "type": "MultiPolygon", "coordinates": [ [ [ [ -68.895286696702442, -33.006542952469715, 0.0 ], [ -68.89572769320182, -33.006553625962049, 0.0 ], [ -68.895730038302688, -33.006510502587027, 0.0 ], [ -68.895725834418471, -33.006445362039727, 0.0 ], [ -68.895715714430651, -33.006390589424193, 0.0 ], [ -68.895287026929196, -33.006422869412077, 0.0 ], [ -68.895286696702442, -33.006542952469715, 0.0 ] ] ] ] } },
{ "type": "Feature", "properties": { "LAYER": "PARCELARIO_BASE_CATASTRO", "MAP_NAME": "1016_2026.dwg", "ccpp1": "1016 3650" }, "geometry": { "type": "MultiPolygon", "coordinates": [ [ [ [ -68.89572769320182, -33.006553625962049, 0.0 ], [ -68.895286696702442, -33.006542952469715, 0.0 ], [ -68.895286381771783, -33.006657334244125, 0.0 ], [ -68.895313005984363, -33.006659752326371, 0.0 ], [ -68.895422837151813, -33.006675971752394, 0.0 ], [ -68.895531157653465, -33.006698271618347, 0.0 ], [ -68.895637490346559, -33.006726553246551, 0.0 ], [ -68.895696381317265, -33.006703488919193, 0.0 ], [ -68.895715237699747, -33.006640216074253, 0.0 ], [ -68.89572649439765, -33.006575671827264, 0.0 ], [ -68.89572769320182, -33.006553625962049, 0.0 ] ] ] ] } },
{ "type": "Feature", "properties": { "LAYER": "PARCELARIO_BASE_CATASTRO", "MAP_NAME": "1016_2026.dwg", "ccpp1": "1016 3653" }, "geometry": { "type": "MultiPolygon", "coordinates": [ [ [ [ -68.895380144280963, -33.006844475345886, 0.0 ], [ -68.895364324336171, -33.007174496016276, 0.0 ], [ -68.895598448033624, -33.007179436660444, 0.0 ], [ -68.895601463010451, -33.007158210137149, 0.0 ], [ -68.89562600286871, -33.007045130810539, 0.0 ], [ -68.895658776682595, -33.006933543419073, 0.0 ], [ -68.895643634055119, -33.006919161661806, 0.0 ], [ -68.89561285500956, -33.006888982098381, 0.0 ], [ -68.895497400780968, -33.00686391269678, 0.0 ], [ -68.89538041926842, -33.006844507134971, 0.0 ], [ -68.895380144280963, -33.006844475345886, 0.0 ] ] ] ] } },
{ "type": "Feature", "properties": { "LAYER": "PARCELARIO_BASE_CATASTRO", "MAP_NAME": "1016_2026.dwg", "ccpp1": "1016 3653" }, "geometry": { "type": "MultiPolygon", "coordinates": [ [ [ [ -68.895513115844423, -33.007825921468303, 0.0 ], [ -68.895515976501002, -33.007808547678621, 0.0 ], [ -68.895521906749622, -33.007791733693296, 0.0 ], [ -68.895530771298439, -33.0077758626107, 0.0 ], [ -68.8955423696016, -33.007761296735879, 0.0 ], [ -68.895556435872095, -33.007748366760502, 0.0 ], [ -68.895572651928887, -33.007737367265371, 0.0 ], [ -68.895590647207598, -33.007728547703827, 0.0 ], [ -68.895578027364735, -33.007502067870647, 0.0 ], [ -68.895577429765737, -33.007387115488434, 0.0 ], [ -68.895585251819298, -33.007272349580475, 0.0 ], [ -68.895601463010451, -33.007158210137149, 0.0 ], [ -68.89562600286871, -33.007045130810539, 0.0 ], [ -68.895658776682595, -33.006933543419073, 0.0 ], [ -68.895643634055119, -33.006919161661806, 0.0 ], [ -68.89561285500956, -33.006888982098381, 0.0 ], [ -68.895497400780968, -33.00686391269678, 0.0 ], [ -68.89538041926842, -33.006844507134971, 0.0 ], [ -68.895262303114336, -33.006830829757135, 0.0 ], [ -68.895143444982452, -33.006822925973594, 0.0 ], [ -68.895024245049157, -33.006820822267386, 0.0 ], [ -68.894905099231295, -33.00682452708589, 0.0 ], [ -68.89478640668284, -33.0068340263389, 0.0 ], [ -68.894744700179714, -33.006866544366687, 0.0 ], [ -68.894716445000171, -33.006959637458699, 0.0 ], [ -68.894693131581732, -33.007053697701075, 0.0 ], [ -68.894674807247284, -33.00714853848978, 0.0 ], [ -68.894662496361789, -33.007239469274495, 0.0 ], [ -68.89465685188047, -33.007330866438679, 0.0 ], [ -68.894657892429976, -33.00742238195221, 0.0 ], [ -68.894665617370322, -33.007513671374483, 0.0 ], [ -68.894679995031368, -33.007604386630902, 0.0 ], [ -68.894700972335315, -33.007694183234499, 0.0 ], [ -68.894728469442242, -33.007782722986441, 0.0 ], [ -68.894762381895546, -33.0078696694695, 0.0 ], [ -68.894804370184133, -33.007890450605075, 0.0 ], [ -68.895513115844423, -33.007825921468303, 0.0 ] ] ] ] } },
{ "type": "Feature", "properties": { "LAYER": "PARCELARIO_BASE_CATASTRO", "MAP_NAME": "1016_2026.dwg", "ccpp1": "1016 3654" }, "geometry": { "type": "MultiPolygon", "coordinates": [ [ [ [ -68.895364324336171, -33.007174496016276, 0.0 ], [ -68.895380144280963, -33.006844475345886, 0.0 ], [ -68.895262303114336, -33.006830829757135, 0.0 ], [ -68.895154601340877, -33.00682366750474, 0.0 ], [ -68.895152127287488, -33.007170016975962, 0.0 ], [ -68.895364324336171, -33.007174496016276, 0.0 ] ] ] ] } },
{ "type": "Feature", "properties": { "LAYER": "PARCELARIO_BASE_CATASTRO", "MAP_NAME": "1016_2026.dwg", "ccpp1": "1016 3655" }, "geometry": { "type": "MultiPolygon", "coordinates": [ [ [ [ -68.894937960032692, -33.006823505196834, 0.0 ], [ -68.894936117447372, -33.007165457723545, 0.0 ], [ -68.895152127287488, -33.007170016975962, 0.0 ], [ -68.895154601340877, -33.00682366750474, 0.0 ], [ -68.895143444982452, -33.006822925973594, 0.0 ], [ -68.895024245049157, -33.006820822267386, 0.0 ], [ -68.894937960032692, -33.006823505196834, 0.0 ] ] ] ] } },
{ "type": "Feature", "properties": { "LAYER": "PARCELARIO_BASE_CATASTRO", "MAP_NAME": "1016_2026.dwg", "ccpp1": "1016 3656" }, "geometry": { "type": "MultiPolygon", "coordinates": [ [ [ [ -68.894936117447372, -33.007165457723545, 0.0 ], [ -68.894937960032692, -33.006823505196834, 0.0 ], [ -68.894905099231295, -33.00682452708589, 0.0 ], [ -68.89478640668284, -33.0068340263389, 0.0 ], [ -68.894744700179714, -33.006866544366687, 0.0 ], [ -68.894716445000171, -33.006959637458699, 0.0 ], [ -68.894693131581732, -33.007053697701075, 0.0 ], [ -68.894674807247284, -33.00714853848978, 0.0 ], [ -68.894673268784231, -33.007159909121306, 0.0 ], [ -68.894936117447372, -33.007165457723545, 0.0 ] ] ] ] } },
{ "type": "Feature", "properties": { "LAYER": "PARCELARIO_BASE_CATASTRO", "MAP_NAME": "1016_2026.dwg", "ccpp1": "1016 3657" }, "geometry": { "type": "MultiPolygon", "coordinates": [ [ [ [ -68.895128573169202, -33.007344835646741, 0.0 ], [ -68.895152119682535, -33.007171017829236, 0.0 ], [ -68.895152127287488, -33.007170016975962, 0.0 ], [ -68.894673268784231, -33.007159909121306, 0.0 ], [ -68.894662496361789, -33.007239469274495, 0.0 ], [ -68.89465685188047, -33.007330866438679, 0.0 ], [ -68.894657078575307, -33.007350819803335, 0.0 ], [ -68.895128573169202, -33.007344835646741, 0.0 ] ] ] ] } },
{ "type": "Feature", "properties": { "LAYER": "PARCELARIO_BASE_CATASTRO", "MAP_NAME": "1016_2026.dwg", "ccpp1": "1016 3658" }, "geometry": { "type": "MultiPolygon", "coordinates": [ [ [ [ -68.895131491716157, -33.007520954224297, 0.0 ], [ -68.895131272281432, -33.007519192166392, 0.0 ], [ -68.895128532140006, -33.007345143083569, 0.0 ], [ -68.895128573169202, -33.007344835646741, 0.0 ], [ -68.894657078575307, -33.007350819803335, 0.0 ], [ -68.894657892429976, -33.00742238195221, 0.0 ], [ -68.894665617370322, -33.007513671374483, 0.0 ], [ -68.894669832091651, -33.007540267138971, 0.0 ], [ -68.895131491716157, -33.007520954224297, 0.0 ] ] ] ] } },
{ "type": "Feature", "properties": { "LAYER": "PARCELARIO_BASE_CATASTRO", "MAP_NAME": "1016_2026.dwg", "ccpp1": "1016 3659" }, "geometry": { "type": "MultiPolygon", "coordinates": [ [ [ [ -68.894974997047058, -33.007874915949536, 0.0 ], [ -68.894923126442109, -33.007529671326061, 0.0 ], [ -68.894669832091651, -33.007540267138971, 0.0 ], [ -68.894679995031368, -33.007604386630902, 0.0 ], [ -68.894700972335315, -33.007694183234499, 0.0 ], [ -68.894728469442242, -33.007782722986441, 0.0 ], [ -68.894762381895546, -33.0078696694695, 0.0 ], [ -68.894804370184133, -33.007890450605075, 0.0 ], [ -68.894974997047058, -33.007874915949536, 0.0 ] ] ] ] } },
{ "type": "Feature", "properties": { "LAYER": "PARCELARIO_BASE_CATASTRO", "MAP_NAME": "1016_2026.dwg", "ccpp1": "1016 3660" }, "geometry": { "type": "MultiPolygon", "coordinates": [ [ [ [ -68.894923126442109, -33.007529671326061, 0.0 ], [ -68.894974997047058, -33.007874915949536, 0.0 ], [ -68.895173258056033, -33.00785686515227, 0.0 ], [ -68.895131491716157, -33.007520954224297, 0.0 ], [ -68.894923126442109, -33.007529671326061, 0.0 ] ] ] ] } },
{ "type": "Feature", "properties": { "LAYER": "PARCELARIO_BASE_CATASTRO", "MAP_NAME": "1016_2026.dwg", "ccpp1": "1016 3661" }, "geometry": { "type": "MultiPolygon", "coordinates": [ [ [ [ -68.895369490836188, -33.007838998986735, 0.0 ], [ -68.895331714890759, -33.007512577994511, 0.0 ], [ -68.895131491716157, -33.007520954224297, 0.0 ], [ -68.895173258056033, -33.00785686515227, 0.0 ], [ -68.895369490836188, -33.007838998986735, 0.0 ] ] ] ] } },
{ "type": "Feature", "properties": { "LAYER": "PARCELARIO_BASE_CATASTRO", "MAP_NAME": "1016_2026.dwg", "ccpp1": "1016 3662" }, "geometry": { "type": "MultiPolygon", "coordinates": [ [ [ [ -68.895331714890759, -33.007512577994511, 0.0 ], [ -68.895369490836188, -33.007838998986735, 0.0 ], [ -68.895513115844423, -33.007825921468303, 0.0 ], [ -68.895515976501002, -33.007808547678621, 0.0 ], [ -68.895521906749622, -33.007791733693296, 0.0 ], [ -68.895530771298439, -33.0077758626107, 0.0 ], [ -68.8955423696016, -33.007761296735879, 0.0 ], [ -68.895556435872095, -33.007748366760502, 0.0 ], [ -68.895572651928887, -33.007737367265371, 0.0 ], [ -68.895590647207598, -33.007728547703827, 0.0 ], [ -68.89557803889619, -33.0075022716589, 0.0 ], [ -68.895331714890759, -33.007512577994511, 0.0 ] ] ] ] } },
{ "type": "Feature", "properties": { "LAYER": "PARCELARIO_BASE_CATASTRO", "MAP_NAME": "1016_2026.dwg", "ccpp1": "1016 3663" }, "geometry": { "type": "MultiPolygon", "coordinates": [ [ [ [ -68.895128573169202, -33.007344835646741, 0.0 ], [ -68.895128532140006, -33.007345143083569, 0.0 ], [ -68.895131272281432, -33.007519192166392, 0.0 ], [ -68.895131491716157, -33.007520954224297, 0.0 ], [ -68.89557803889619, -33.0075022716589, 0.0 ], [ -68.895578027364735, -33.007502067870647, 0.0 ], [ -68.895577429765737, -33.007387115488434, 0.0 ], [ -68.895580702124306, -33.007339095898971, 0.0 ], [ -68.895128573169202, -33.007344835646741, 0.0 ] ] ] ] } },
{ "type": "Feature", "properties": { "LAYER": "PARCELARIO_BASE_CATASTRO", "MAP_NAME": "1016_2026.dwg", "ccpp1": "1016 3664" }, "geometry": { "type": "MultiPolygon", "coordinates": [ [ [ [ -68.895152127287488, -33.007170016975962, 0.0 ], [ -68.895152119682535, -33.007171017829236, 0.0 ], [ -68.895128573169202, -33.007344835646741, 0.0 ], [ -68.895580702124306, -33.007339095898971, 0.0 ], [ -68.895585251819298, -33.007272349580475, 0.0 ], [ -68.895598448033624, -33.007179436660444, 0.0 ], [ -68.895152127287488, -33.007170016975962, 0.0 ] ] ] ] } },
{ "type": "Feature", "properties": { "LAYER": "PARCELARIO_BASE_CATASTRO", "MAP_NAME": "1016_2026.dwg", "ccpp1": "1016 3681" }, "geometry": { "type": "MultiPolygon", "coordinates": [ [ [ [ -68.894282244252892, -33.006890542091092, 0.0 ], [ -68.894267883498472, -33.00718972655433, 0.0 ], [ -68.89448402429494, -33.007193969684046, 0.0 ], [ -68.894490377378389, -33.007140323567121, 0.0 ], [ -68.894512063624632, -33.007026257419348, 0.0 ], [ -68.894541748627205, -33.006913477500667, 0.0 ], [ -68.894497420769056, -33.006880762426299, 0.0 ], [ -68.894485372202311, -33.006871690404978, 0.0 ], [ -68.894359262120446, -33.006885938417675, 0.0 ], [ -68.894282244252892, -33.006890542091092, 0.0 ] ] ] ] } },
{ "type": "Feature", "properties": { "LAYER": "PARCELARIO_BASE_CATASTRO", "MAP_NAME": "1016_2026.dwg", "ccpp1": "1016 3681" }, "geometry": { "type": "MultiPolygon", "coordinates": [ [ [ [ -68.894485372202311, -33.006871690404978, 0.0 ], [ -68.894359262120446, -33.006885938417675, 0.0 ], [ -68.8942323412939, -33.006893524939841, 0.0 ], [ -68.894105107400762, -33.006894419734309, 0.0 ], [ -68.893978055946874, -33.006888619614301, 0.0 ], [ -68.893851681336528, -33.006876147542656, 0.0 ], [ -68.893726476871834, -33.006857052631865, 0.0 ], [ -68.89368139931328, -33.00688220615605, 0.0 ], [ -68.893653134532542, -33.007014469579012, 0.0 ], [ -68.893631582650372, -33.007147626863102, 0.0 ], [ -68.893616778230893, -33.007281436392347, 0.0 ], [ -68.893608750489321, -33.007415655643307, 0.0 ], [ -68.893607512590407, -33.007550041176216, 0.0 ], [ -68.893613069137757, -33.007684349542892, 0.0 ], [ -68.893617231204743, -33.007751876845418, 0.0 ], [ -68.893623420475038, -33.007820906262282, 0.0 ], [ -68.893624518830208, -33.007890125199999, 0.0 ], [ -68.893627616130829, -33.007960315141226, 0.0 ], [ -68.893658776855389, -33.008003028799358, 0.0 ], [ -68.893946803501038, -33.00796900747244, 0.0 ], [ -68.894235841717318, -33.007941740786791, 0.0 ], [ -68.894525665743501, -33.007921249283292, 0.0 ], [ -68.894540150351659, -33.007909440558763, 0.0 ], [ -68.89455283341043, -33.007896240829162, 0.0 ], [ -68.894563528481569, -33.007881845601077, 0.0 ], [ -68.894484711042111, -33.007601362502591, 0.0 ], [ -68.894473927342915, -33.007486199532835, 0.0 ], [ -68.894471276083181, -33.007370700798724, 0.0 ], [ -68.894476765307019, -33.007255273864743, 0.0 ], [ -68.894490377378389, -33.007140323567121, 0.0 ], [ -68.894512063624632, -33.007026257419348, 0.0 ], [ -68.894541748627205, -33.006913477500667, 0.0 ], [ -68.894497420769056, -33.006880762426299, 0.0 ], [ -68.894485372202311, -33.006871690404978, 0.0 ] ] ] ] } },
{ "type": "Feature", "properties": { "LAYER": "PARCELARIO_BASE_CATASTRO", "MAP_NAME": "1016_2026.dwg", "ccpp1": "1016 3682" }, "geometry": { "type": "MultiPolygon", "coordinates": [ [ [ [ -68.894267883498472, -33.00718972655433, 0.0 ], [ -68.894282244252892, -33.006890542091092, 0.0 ], [ -68.8942323412939, -33.006893524939841, 0.0 ], [ -68.894105107400762, -33.006894419734309, 0.0 ], [ -68.894059026623012, -33.006892314896852, 0.0 ], [ -68.89404706632061, -33.007185391618734, 0.0 ], [ -68.894267883498472, -33.00718972655433, 0.0 ] ] ] ] } },
{ "type": "Feature", "properties": { "LAYER": "PARCELARIO_BASE_CATASTRO", "MAP_NAME": "1016_2026.dwg", "ccpp1": "1016 3683" }, "geometry": { "type": "MultiPolygon", "coordinates": [ [ [ [ -68.893852293381585, -33.006876208475362, 0.0 ], [ -68.893837353748381, -33.007181274024042, 0.0 ], [ -68.89404706632061, -33.007185391618734, 0.0 ], [ -68.894059026623012, -33.006892314896852, 0.0 ], [ -68.893978055946874, -33.006888619614301, 0.0 ], [ -68.893852293381585, -33.006876208475362, 0.0 ] ] ] ] } },
{ "type": "Feature", "properties": { "LAYER": "PARCELARIO_BASE_CATASTRO", "MAP_NAME": "1016_2026.dwg", "ccpp1": "1016 3684" }, "geometry": { "type": "MultiPolygon", "coordinates": [ [ [ [ -68.893837353748381, -33.007181274024042, 0.0 ], [ -68.893852293381585, -33.006876208475362, 0.0 ], [ -68.893851681336528, -33.006876147542656, 0.0 ], [ -68.893726476871834, -33.006857052631865, 0.0 ], [ -68.89368139931328, -33.00688220615605, 0.0 ], [ -68.893653134532542, -33.007014469579012, 0.0 ], [ -68.893631582650372, -33.007147626863102, 0.0 ], [ -68.893628314299974, -33.007177168372436, 0.0 ], [ -68.893837353748381, -33.007181274024042, 0.0 ] ] ] ] } },
{ "type": "Feature", "properties": { "LAYER": "PARCELARIO_BASE_CATASTRO", "MAP_NAME": "1016_2026.dwg", "ccpp1": "1016 3685" }, "geometry": { "type": "MultiPolygon", "coordinates": [ [ [ [ -68.894035432987977, -33.007340090296246, 0.0 ], [ -68.894035429991007, -33.007339911761974, 0.0 ], [ -68.894046959390877, -33.0071880063865, 0.0 ], [ -68.89404706632061, -33.007185391618734, 0.0 ], [ -68.893628314299974, -33.007177168372436, 0.0 ], [ -68.893616778230893, -33.007281436392347, 0.0 ], [ -68.893613467108992, -33.00733679282861, 0.0 ], [ -68.894035432987977, -33.007340090296246, 0.0 ] ] ] ] } },
{ "type": "Feature", "properties": { "LAYER": "PARCELARIO_BASE_CATASTRO", "MAP_NAME": "1016_2026.dwg", "ccpp1": "1016 3686" }, "geometry": { "type": "MultiPolygon", "coordinates": [ [ [ [ -68.894038078668842, -33.007498264425216, 0.0 ], [ -68.894035432987977, -33.007340090296246, 0.0 ], [ -68.893613467108992, -33.00733679282861, 0.0 ], [ -68.893608750489321, -33.007415655643307, 0.0 ], [ -68.893607883036978, -33.007509781690239, 0.0 ], [ -68.894038078668842, -33.007498264425216, 0.0 ] ] ] ] } },
{ "type": "Feature", "properties": { "LAYER": "PARCELARIO_BASE_CATASTRO", "MAP_NAME": "1016_2026.dwg", "ccpp1": "1016 3687" }, "geometry": { "type": "MultiPolygon", "coordinates": [ [ [ [ -68.894054814622706, -33.007647776393426, 0.0 ], [ -68.894038112609607, -33.007500308551926, 0.0 ], [ -68.894038078668842, -33.007498264425216, 0.0 ], [ -68.893607883036978, -33.007509781690239, 0.0 ], [ -68.893607512590407, -33.007550041176216, 0.0 ], [ -68.893612230923637, -33.007664088185201, 0.0 ], [ -68.894054814622706, -33.007647776393426, 0.0 ] ] ] ] } },
{ "type": "Feature", "properties": { "LAYER": "PARCELARIO_BASE_CATASTRO", "MAP_NAME": "1016_2026.dwg", "ccpp1": "1016 3692" }, "geometry": { "type": "MultiPolygon", "coordinates": [ [ [ [ -68.894038078668842, -33.007498264425216, 0.0 ], [ -68.894038112609607, -33.007500308551926, 0.0 ], [ -68.894054814622706, -33.007647776393426, 0.0 ], [ -68.894493212642587, -33.007631615484328, 0.0 ], [ -68.894484711042111, -33.007601362502591, 0.0 ], [ -68.894473964327631, -33.007486594497898, 0.0 ], [ -68.894038078668842, -33.007498264425216, 0.0 ] ] ] ] } },
{ "type": "Feature", "properties": { "LAYER": "PARCELARIO_BASE_CATASTRO", "MAP_NAME": "1016_2026.dwg", "ccpp1": "1016 3693" }, "geometry": { "type": "MultiPolygon", "coordinates": [ [ [ [ -68.894035432987977, -33.007340090296246, 0.0 ], [ -68.894038078668842, -33.007498264425216, 0.0 ], [ -68.894473964327631, -33.007486594497898, 0.0 ], [ -68.894473927342915, -33.007486199532835, 0.0 ], [ -68.894471276083181, -33.007370700798724, 0.0 ], [ -68.894472569093224, -33.007343506462327, 0.0 ], [ -68.894035432987977, -33.007340090296246, 0.0 ] ] ] ] } },
{ "type": "Feature", "properties": { "LAYER": "PARCELARIO_BASE_CATASTRO", "MAP_NAME": "1016_2026.dwg", "ccpp1": "1016 3694" }, "geometry": { "type": "MultiPolygon", "coordinates": [ [ [ [ -68.89404706632061, -33.007185391618734, 0.0 ], [ -68.894046959390877, -33.0071880063865, 0.0 ], [ -68.894035429991007, -33.007339911761974, 0.0 ], [ -68.894035432987977, -33.007340090296246, 0.0 ], [ -68.894472569093224, -33.007343506462327, 0.0 ], [ -68.894476765307019, -33.007255273864743, 0.0 ], [ -68.89448402429494, -33.007193969684046, 0.0 ], [ -68.89404706632061, -33.007185391618734, 0.0 ] ] ] ] } },
{ "type": "Feature", "properties": { "LAYER": "PARCELARIO_BASE_CATASTRO", "MAP_NAME": "1016_2026.dwg", "ccpp1": "1016 3688" }, "geometry": { "type": "MultiPolygon", "coordinates": [ [ [ [ -68.893867305821715, -33.007978398479906, 0.0 ], [ -68.893841151664304, -33.007655651339164, 0.0 ], [ -68.893612230923637, -33.007664088185201, 0.0 ], [ -68.893613069137757, -33.007684349542892, 0.0 ], [ -68.893617231204743, -33.007751876845418, 0.0 ], [ -68.893623420475038, -33.007820906262282, 0.0 ], [ -68.893624518830208, -33.007890125199999, 0.0 ], [ -68.893627616130829, -33.007960315141226, 0.0 ], [ -68.893658776855389, -33.008003028799358, 0.0 ], [ -68.893867305821715, -33.007978398479906, 0.0 ] ] ] ] } },
{ "type": "Feature", "properties": { "LAYER": "PARCELARIO_BASE_CATASTRO", "MAP_NAME": "1016_2026.dwg", "ccpp1": "1016 3689" }, "geometry": { "type": "MultiPolygon", "coordinates": [ [ [ [ -68.893841151664304, -33.007655651339164, 0.0 ], [ -68.893867305821715, -33.007978398479906, 0.0 ], [ -68.893946803501038, -33.00796900747244, 0.0 ], [ -68.894092383803951, -33.00795527412604, 0.0 ], [ -68.894054922648849, -33.007648720539109, 0.0 ], [ -68.894054814622706, -33.007647776393426, 0.0 ], [ -68.893841151664304, -33.007655651339164, 0.0 ] ] ] ] } },
{ "type": "Feature", "properties": { "LAYER": "PARCELARIO_BASE_CATASTRO", "MAP_NAME": "1016_2026.dwg", "ccpp1": "1016 3690" }, "geometry": { "type": "MultiPolygon", "coordinates": [ [ [ [ -68.894312476218602, -33.007936322606504, 0.0 ], [ -68.894274364675098, -33.007639683354384, 0.0 ], [ -68.894054814622706, -33.007647776393426, 0.0 ], [ -68.894054922648849, -33.007648720539109, 0.0 ], [ -68.894092383803951, -33.00795527412604, 0.0 ], [ -68.894235841717318, -33.007941740786791, 0.0 ], [ -68.894312476218602, -33.007936322606504, 0.0 ] ] ] ] } },
{ "type": "Feature", "properties": { "LAYER": "PARCELARIO_BASE_CATASTRO", "MAP_NAME": "1016_2026.dwg", "ccpp1": "1016 3691" }, "geometry": { "type": "MultiPolygon", "coordinates": [ [ [ [ -68.894274364675098, -33.007639683354384, 0.0 ], [ -68.894312476218602, -33.007936322606504, 0.0 ], [ -68.894525665743501, -33.007921249283292, 0.0 ], [ -68.894540150351659, -33.007909440558763, 0.0 ], [ -68.89455283341043, -33.007896240829162, 0.0 ], [ -68.894563528481569, -33.007881845601077, 0.0 ], [ -68.894493212642587, -33.007631615484328, 0.0 ], [ -68.894274364675098, -33.007639683354384, 0.0 ] ] ] ] } },
{ "type": "Feature", "properties": { "LAYER": "PARCELARIO_BASE_CATASTRO", "MAP_NAME": "1016_2026.dwg", "ccpp1": "1016 3695" }, "geometry": { "type": "MultiPolygon", "coordinates": [ [ [ [ -68.896399164706111, -33.007937969990806, 0.0 ], [ -68.896436452714994, -33.008222991623242, 0.0 ], [ -68.896690046707363, -33.008203796806818, 0.0 ], [ -68.896685698689652, -33.008173495117106, 0.0 ], [ -68.896675192969667, -33.008063386464585, 0.0 ], [ -68.896669935598666, -33.007953011651196, 0.0 ], [ -68.896631075407214, -33.007918941236376, 0.0 ], [ -68.896399164706111, -33.007937969990806, 0.0 ] ] ] ] } },
{ "type": "Feature", "properties": { "LAYER": "PARCELARIO_BASE_CATASTRO", "MAP_NAME": "1016_2026.dwg", "ccpp1": "1016 3695" }, "geometry": { "type": "MultiPolygon", "coordinates": [ [ [ [ -68.89592179881096, -33.009287536597647, 0.0 ], [ -68.896101394991518, -33.009304029073505, 0.0 ], [ -68.896281685131612, -33.009313758402982, 0.0 ], [ -68.896462311778322, -33.009316704449695, 0.0 ], [ -68.896642913181864, -33.009312860600872, 0.0 ], [ -68.896679916362615, -33.009277017189959, 0.0 ], [ -68.896715785476601, -33.009026950155345, 0.0 ], [ -68.896732361946349, -33.008903273880378, 0.0 ], [ -68.896741363355773, -33.008779044017956, 0.0 ], [ -68.896742764742555, -33.008654586955423, 0.0 ], [ -68.896736563611753, -33.008530234507546, 0.0 ], [ -68.896722774592931, -33.008406316698391, 0.0 ], [ -68.896701435862752, -33.008283159963575, 0.0 ], [ -68.896685698689652, -33.008173495117106, 0.0 ], [ -68.896675192969667, -33.008063386464585, 0.0 ], [ -68.896669935598666, -33.007953011651196, 0.0 ], [ -68.896631075407214, -33.007918941236376, 0.0 ], [ -68.895947035520038, -33.007975067554163, 0.0 ], [ -68.89589078842377, -33.008028835339736, 0.0 ], [ -68.895927802114173, -33.008208920829858, 0.0 ], [ -68.89595667512036, -33.008390059889031, 0.0 ], [ -68.895977362751623, -33.008571992803084, 0.0 ], [ -68.895989838514225, -33.008754455363118, 0.0 ], [ -68.895981708072043, -33.008854208121768, 0.0 ], [ -68.895967780012057, -33.008953504307399, 0.0 ], [ -68.895948090980028, -33.009052105906356, 0.0 ], [ -68.89592268618361, -33.009149774911435, 0.0 ], [ -68.895891629018777, -33.009246277838116, 0.0 ], [ -68.895891284353098, -33.009247250458081, 0.0 ], [ -68.8959019587477, -33.009261342623226, 0.0 ], [ -68.895919761481423, -33.009287310381858, 0.0 ], [ -68.89592179881096, -33.009287536597647, 0.0 ] ] ] ] } },
{ "type": "Feature", "properties": { "LAYER": "PARCELARIO_BASE_CATASTRO", "MAP_NAME": "1016_2026.dwg", "ccpp1": "1016 3696" }, "geometry": { "type": "MultiPolygon", "coordinates": [ [ [ [ -68.896163617189288, -33.007957296448609, 0.0 ], [ -68.89619744823348, -33.008241080881653, 0.0 ], [ -68.896436452714994, -33.008222991623242, 0.0 ], [ -68.896399164706111, -33.007937969990806, 0.0 ], [ -68.896163617189288, -33.007957296448609, 0.0 ] ] ] ] } },
{ "type": "Feature", "properties": { "LAYER": "PARCELARIO_BASE_CATASTRO", "MAP_NAME": "1016_2026.dwg", "ccpp1": "1016 3697" }, "geometry": { "type": "MultiPolygon", "coordinates": [ [ [ [ -68.89619744823348, -33.008241080881653, 0.0 ], [ -68.896163617189288, -33.007957296448609, 0.0 ], [ -68.895947035520038, -33.007975067554163, 0.0 ], [ -68.89589078842377, -33.008028835339736, 0.0 ], [ -68.895927802114173, -33.008208920829858, 0.0 ], [ -68.895936080817961, -33.008260862420826, 0.0 ], [ -68.89619744823348, -33.008241080881653, 0.0 ] ] ] ] } },
{ "type": "Feature", "properties": { "LAYER": "PARCELARIO_BASE_CATASTRO", "MAP_NAME": "1016_2026.dwg", "ccpp1": "1016 3698" }, "geometry": { "type": "MultiPolygon", "coordinates": [ [ [ [ -68.89633101978626, -33.008397153742457, 0.0 ], [ -68.896303527977054, -33.008233051266544, 0.0 ], [ -68.895936080817961, -33.008260862420826, 0.0 ], [ -68.89595667512036, -33.008390059889031, 0.0 ], [ -68.895958540404806, -33.00840646291546, 0.0 ], [ -68.89633101978626, -33.008397153742457, 0.0 ] ] ] ] } },
{ "type": "Feature", "properties": { "LAYER": "PARCELARIO_BASE_CATASTRO", "MAP_NAME": "1016_2026.dwg", "ccpp1": "1016 3699" }, "geometry": { "type": "MultiPolygon", "coordinates": [ [ [ [ -68.896350616796767, -33.008545088928827, 0.0 ], [ -68.896331798770333, -33.008401803426715, 0.0 ], [ -68.89633101978626, -33.008397153742457, 0.0 ], [ -68.895958540404806, -33.00840646291546, 0.0 ], [ -68.895974428707618, -33.008546188923034, 0.0 ], [ -68.896350616796767, -33.008545088928827, 0.0 ] ] ] ] } },
{ "type": "Feature", "properties": { "LAYER": "PARCELARIO_BASE_CATASTRO", "MAP_NAME": "1016_2026.dwg", "ccpp1": "1016 3700" }, "geometry": { "type": "MultiPolygon", "coordinates": [ [ [ [ -68.896359245379713, -33.00869522951659, 0.0 ], [ -68.896359329777056, -33.008693523617232, 0.0 ], [ -68.896350616796767, -33.008545088928827, 0.0 ], [ -68.895974428707618, -33.008546188923034, 0.0 ], [ -68.895977362751623, -33.008571992803084, 0.0 ], [ -68.89598586368875, -33.008696321054401, 0.0 ], [ -68.896359245379713, -33.00869522951659, 0.0 ] ] ] ] } },
{ "type": "Feature", "properties": { "LAYER": "PARCELARIO_BASE_CATASTRO", "MAP_NAME": "1016_2026.dwg", "ccpp1": "1016 3701" }, "geometry": { "type": "MultiPolygon", "coordinates": [ [ [ [ -68.896351306926917, -33.008847126333286, 0.0 ], [ -68.896351848140725, -33.008843712138926, 0.0 ], [ -68.896359245379713, -33.00869522951659, 0.0 ], [ -68.89598586368875, -33.008696321054401, 0.0 ], [ -68.895989838514225, -33.008754455363118, 0.0 ], [ -68.895982196689431, -33.008848206077616, 0.0 ], [ -68.896351306926917, -33.008847126333286, 0.0 ] ] ] ] } },
{ "type": "Feature", "properties": { "LAYER": "PARCELARIO_BASE_CATASTRO", "MAP_NAME": "1016_2026.dwg", "ccpp1": "1016 3702" }, "geometry": { "type": "MultiPolygon", "coordinates": [ [ [ [ -68.89632740473418, -33.008998197479116, 0.0 ], [ -68.896351306926917, -33.008847126333286, 0.0 ], [ -68.895982196689431, -33.008848206077616, 0.0 ], [ -68.895981708072043, -33.008854208121768, 0.0 ], [ -68.895967780012057, -33.008953504307399, 0.0 ], [ -68.895958494203299, -33.009000004970261, 0.0 ], [ -68.89632740473418, -33.008998197479116, 0.0 ] ] ] ] } },
{ "type": "Feature", "properties": { "LAYER": "PARCELARIO_BASE_CATASTRO", "MAP_NAME": "1016_2026.dwg", "ccpp1": "1016 3707" }, "geometry": { "type": "MultiPolygon", "coordinates": [ [ [ [ -68.896351306926917, -33.008847126333286, 0.0 ], [ -68.89632740473418, -33.008998197479116, 0.0 ], [ -68.896719897480025, -33.008996272258571, 0.0 ], [ -68.896732361946349, -33.008903273880378, 0.0 ], [ -68.896736512423317, -33.008845998401107, 0.0 ], [ -68.896351306926917, -33.008847126333286, 0.0 ] ] ] ] } },
{ "type": "Feature", "properties": { "LAYER": "PARCELARIO_BASE_CATASTRO", "MAP_NAME": "1016_2026.dwg", "ccpp1": "1016 3708" }, "geometry": { "type": "MultiPolygon", "coordinates": [ [ [ [ -68.896359245379713, -33.00869522951659, 0.0 ], [ -68.896351848140725, -33.008843712138926, 0.0 ], [ -68.896351306926917, -33.008847126333286, 0.0 ], [ -68.896736512423317, -33.008845998401107, 0.0 ], [ -68.896741363355773, -33.008779044017956, 0.0 ], [ -68.896742319523028, -33.00869410791114, 0.0 ], [ -68.896359245379713, -33.00869522951659, 0.0 ] ] ] ] } },
{ "type": "Feature", "properties": { "LAYER": "PARCELARIO_BASE_CATASTRO", "MAP_NAME": "1016_2026.dwg", "ccpp1": "1016 3709" }, "geometry": { "type": "MultiPolygon", "coordinates": [ [ [ [ -68.896350616796767, -33.008545088928827, 0.0 ], [ -68.896359329777056, -33.008693523617232, 0.0 ], [ -68.896359245379713, -33.00869522951659, 0.0 ], [ -68.896742319523028, -33.00869410791114, 0.0 ], [ -68.896742764742555, -33.008654586955423, 0.0 ], [ -68.896737247502855, -33.008543957667889, 0.0 ], [ -68.896350616796767, -33.008545088928827, 0.0 ] ] ] ] } },
{ "type": "Feature", "properties": { "LAYER": "PARCELARIO_BASE_CATASTRO", "MAP_NAME": "1016_2026.dwg", "ccpp1": "1016 3710" }, "geometry": { "type": "MultiPolygon", "coordinates": [ [ [ [ -68.89633101978626, -33.008397153742457, 0.0 ], [ -68.896331798770333, -33.008401803426715, 0.0 ], [ -68.896350616796767, -33.008545088928827, 0.0 ], [ -68.896737247502855, -33.008543957667889, 0.0 ], [ -68.896736563611753, -33.008530234507546, 0.0 ], [ -68.896722774592931, -33.008406316698391, 0.0 ], [ -68.896719504792188, -33.008387443734414, 0.0 ], [ -68.89633101978626, -33.008397153742457, 0.0 ] ] ] ] } },
{ "type": "Feature", "properties": { "LAYER": "PARCELARIO_BASE_CATASTRO", "MAP_NAME": "1016_2026.dwg", "ccpp1": "1016 3711" }, "geometry": { "type": "MultiPolygon", "coordinates": [ [ [ [ -68.896303527977054, -33.008233051266544, 0.0 ], [ -68.89633101978626, -33.008397153742457, 0.0 ], [ -68.896719504792188, -33.008387443734414, 0.0 ], [ -68.896701435862752, -33.008283159963575, 0.0 ], [ -68.896690046707363, -33.008203796806818, 0.0 ], [ -68.896303527977054, -33.008233051266544, 0.0 ] ] ] ] } },
{ "type": "Feature", "properties": { "LAYER": "PARCELARIO_BASE_CATASTRO", "MAP_NAME": "1016_2026.dwg", "ccpp1": "1016 3703" }, "geometry": { "type": "MultiPolygon", "coordinates": [ [ [ [ -68.896145148090994, -33.009306390903568, 0.0 ], [ -68.896143882656489, -33.008999097178162, 0.0 ], [ -68.895958494203299, -33.009000004970261, 0.0 ], [ -68.895948090980028, -33.009052105906356, 0.0 ], [ -68.89592268618361, -33.009149774911435, 0.0 ], [ -68.895891629018777, -33.009246277838116, 0.0 ], [ -68.8959019587477, -33.009261342623226, 0.0 ], [ -68.89592179881096, -33.009287536597647, 0.0 ], [ -68.896101394991518, -33.009304029073505, 0.0 ], [ -68.896145148090994, -33.009306390903568, 0.0 ] ] ] ] } },
{ "type": "Feature", "properties": { "LAYER": "PARCELARIO_BASE_CATASTRO", "MAP_NAME": "1016_2026.dwg", "ccpp1": "1016 3704" }, "geometry": { "type": "MultiPolygon", "coordinates": [ [ [ [ -68.896143882656489, -33.008999097178162, 0.0 ], [ -68.896145148090994, -33.009306390903568, 0.0 ], [ -68.896281685131612, -33.009313758402982, 0.0 ], [ -68.896325722688559, -33.009314475750784, 0.0 ], [ -68.896326186441286, -33.009005898576042, 0.0 ], [ -68.89632740473418, -33.008998197479116, 0.0 ], [ -68.896143882656489, -33.008999097178162, 0.0 ] ] ] ] } },
{ "type": "Feature", "properties": { "LAYER": "PARCELARIO_BASE_CATASTRO", "MAP_NAME": "1016_2026.dwg", "ccpp1": "1016 3705" }, "geometry": { "type": "MultiPolygon", "coordinates": [ [ [ [ -68.89649294175841, -33.009316052694153, 0.0 ], [ -68.896501897800306, -33.00899734141975, 0.0 ], [ -68.89632740473418, -33.008998197479116, 0.0 ], [ -68.896326186441286, -33.009005898576042, 0.0 ], [ -68.896325722688559, -33.009314475750784, 0.0 ], [ -68.896462311778322, -33.009316704449695, 0.0 ], [ -68.89649294175841, -33.009316052694153, 0.0 ] ] ] ] } },
{ "type": "Feature", "properties": { "LAYER": "PARCELARIO_BASE_CATASTRO", "MAP_NAME": "1016_2026.dwg", "ccpp1": "1016 3706" }, "geometry": { "type": "MultiPolygon", "coordinates": [ [ [ [ -68.896501897800306, -33.00899734141975, 0.0 ], [ -68.89649294175841, -33.009316052694153, 0.0 ], [ -68.896642913181864, -33.009312860600872, 0.0 ], [ -68.896679916362615, -33.009277017189959, 0.0 ], [ -68.896715785476601, -33.009026950155345, 0.0 ], [ -68.896719897480025, -33.008996272258571, 0.0 ], [ -68.896501897800306, -33.00899734141975, 0.0 ] ] ] ] } },
{ "type": "Feature", "properties": { "LAYER": "PARCELARIO_BASE_CATASTRO", "MAP_NAME": "1016_2026.dwg", "ccpp1": "1016 3712" }, "geometry": { "type": "MultiPolygon", "coordinates": [ [ [ [ -68.895449521577078, -33.008027003116943, 0.0 ], [ -68.895477641092626, -33.008316229073614, 0.0 ], [ -68.895773735528167, -33.008309864667012, 0.0 ], [ -68.895759001479647, -33.008233590478049, 0.0 ], [ -68.895731424542333, -33.008112767311601, 0.0 ], [ -68.895693958987891, -33.008108752410052, 0.0 ], [ -68.895657795467869, -33.008099575593199, 0.0 ], [ -68.895623928931357, -33.008085489261539, 0.0 ], [ -68.895593292096635, -33.008066881917387, 0.0 ], [ -68.895566726575794, -33.008044261910328, 0.0 ], [ -68.89554496361373, -33.008018255617479, 0.0 ], [ -68.895449521577078, -33.008027003116943, 0.0 ] ] ] ] } },
{ "type": "Feature", "properties": { "LAYER": "PARCELARIO_BASE_CATASTRO", "MAP_NAME": "1016_2026.dwg", "ccpp1": "1016 3712" }, "geometry": { "type": "MultiPolygon", "coordinates": [ [ [ [ -68.895740240932184, -33.009216599084361, 0.0 ], [ -68.895773431346441, -33.009113506731381, 0.0 ], [ -68.895798610187754, -33.009008816223663, 0.0 ], [ -68.895815667805252, -33.008902971098671, 0.0 ], [ -68.895824535216732, -33.008796414024616, 0.0 ], [ -68.895825172322546, -33.008689598512404, 0.0 ], [ -68.895817578625639, -33.008582972694278, 0.0 ], [ -68.89580178573118, -33.008476986531115, 0.0 ], [ -68.895782461953885, -33.008355029650282, 0.0 ], [ -68.895759001479647, -33.008233590478049, 0.0 ], [ -68.895731423472185, -33.00811276731072, 0.0 ], [ -68.895693957917743, -33.008108752409136, 0.0 ], [ -68.895657794397721, -33.008099575592311, 0.0 ], [ -68.895623927861209, -33.008085489260637, 0.0 ], [ -68.895593291026486, -33.008066881916484, 0.0 ], [ -68.895566725505645, -33.008044261909447, 0.0 ], [ -68.895544962543596, -33.008018255616584, 0.0 ], [ -68.894969507012831, -33.008070997743694, 0.0 ], [ -68.894933984364556, -33.008105348726325, 0.0 ], [ -68.894969221087507, -33.008204795285465, 0.0 ], [ -68.894997226011967, -33.008305861470518, 0.0 ], [ -68.895017896821045, -33.008408174808331, 0.0 ], [ -68.895031155819609, -33.008511354730246, 0.0 ], [ -68.895036954202439, -33.008615023395585, 0.0 ], [ -68.895035273134496, -33.008718797577586, 0.0 ], [ -68.895026116252893, -33.00882229496866, 0.0 ], [ -68.895009517160474, -33.00892513238356, 0.0 ], [ -68.894985538350923, -33.009026930266685, 0.0 ], [ -68.894954267996624, -33.009127314492787, 0.0 ], [ -68.894969286155018, -33.009146712242575, 0.0 ], [ -68.894988712678042, -33.009170328128448, 0.0 ], [ -68.895166259610676, -33.009180944910881, 0.0 ], [ -68.89534320384567, -33.009197200011393, 0.0 ], [ -68.895519295024741, -33.009219070681134, 0.0 ], [ -68.895694280660152, -33.009246524252326, 0.0 ], [ -68.895740240932184, -33.009216599084361, 0.0 ] ] ] ] } },
{ "type": "Feature", "properties": { "LAYER": "PARCELARIO_BASE_CATASTRO", "MAP_NAME": "1016_2026.dwg", "ccpp1": "1016 3713" }, "geometry": { "type": "MultiPolygon", "coordinates": [ [ [ [ -68.895231280364754, -33.008047005941343, 0.0 ], [ -68.895256278431873, -33.008320986507115, 0.0 ], [ -68.895477641092626, -33.008316229073614, 0.0 ], [ -68.895449521577078, -33.008027003116943, 0.0 ], [ -68.895231280364754, -33.008047005941343, 0.0 ] ] ] ] } },
{ "type": "Feature", "properties": { "LAYER": "PARCELARIO_BASE_CATASTRO", "MAP_NAME": "1016_2026.dwg", "ccpp1": "1016 3714" }, "geometry": { "type": "MultiPolygon", "coordinates": [ [ [ [ -68.895256278431873, -33.008320986507115, 0.0 ], [ -68.895231280364754, -33.008047005941343, 0.0 ], [ -68.894969507012831, -33.008070997743694, 0.0 ], [ -68.894933984364556, -33.008105348726325, 0.0 ], [ -68.894969221087507, -33.008204795285465, 0.0 ], [ -68.894997226011967, -33.008305861470518, 0.0 ], [ -68.89500138804155, -33.008326464642913, 0.0 ], [ -68.895256278431873, -33.008320986507115, 0.0 ] ] ] ] } },
{ "type": "Feature", "properties": { "LAYER": "PARCELARIO_BASE_CATASTRO", "MAP_NAME": "1016_2026.dwg", "ccpp1": "1016 3715" }, "geometry": { "type": "MultiPolygon", "coordinates": [ [ [ [ -68.895415460719292, -33.008462351163992, 0.0 ], [ -68.895415457566301, -33.008462302470882, 0.0 ], [ -68.895389092178277, -33.008318132271235, 0.0 ], [ -68.89500138804155, -33.008326464642913, 0.0 ], [ -68.895017896821045, -33.008408174808331, 0.0 ], [ -68.89502602356886, -33.00847142063126, 0.0 ], [ -68.895415460719292, -33.008462351163992, 0.0 ] ] ] ] } },
{ "type": "Feature", "properties": { "LAYER": "PARCELARIO_BASE_CATASTRO", "MAP_NAME": "1016_2026.dwg", "ccpp1": "1016 3716" }, "geometry": { "type": "MultiPolygon", "coordinates": [ [ [ [ -68.895428176853358, -33.008606989612346, 0.0 ], [ -68.895415460719292, -33.008462351163992, 0.0 ], [ -68.89502602356886, -33.00847142063126, 0.0 ], [ -68.895031155819609, -33.008511354730246, 0.0 ], [ -68.895036735183439, -33.008611102727841, 0.0 ], [ -68.895428176853358, -33.008606989612346, 0.0 ] ] ] ] } },
{ "type": "Feature", "properties": { "LAYER": "PARCELARIO_BASE_CATASTRO", "MAP_NAME": "1016_2026.dwg", "ccpp1": "1016 3717" }, "geometry": { "type": "MultiPolygon", "coordinates": [ [ [ [ -68.895432734179195, -33.008748870210958, 0.0 ], [ -68.895432831362896, -33.008747226538595, 0.0 ], [ -68.895428205366656, -33.008607312435949, 0.0 ], [ -68.895428176853358, -33.008606989612346, 0.0 ], [ -68.895036735183439, -33.008611102727841, 0.0 ], [ -68.895036954202439, -33.008615023395585, 0.0 ], [ -68.895035273134496, -33.008718797577586, 0.0 ], [ -68.895032369440202, -33.008751620619066, 0.0 ], [ -68.895432734179195, -33.008748870210958, 0.0 ] ] ] ] } },
{ "type": "Feature", "properties": { "LAYER": "PARCELARIO_BASE_CATASTRO", "MAP_NAME": "1016_2026.dwg", "ccpp1": "1016 3718" }, "geometry": { "type": "MultiPolygon", "coordinates": [ [ [ [ -68.895423246295678, -33.008908347853541, 0.0 ], [ -68.895423363756038, -33.008907659072179, 0.0 ], [ -68.895432734179195, -33.008748870210958, 0.0 ], [ -68.895032369440202, -33.008751620619066, 0.0 ], [ -68.895026116252893, -33.00882229496866, 0.0 ], [ -68.895014410539972, -33.008894814968741, 0.0 ], [ -68.895423246295678, -33.008908347853541, 0.0 ] ] ] ] } },
{ "type": "Feature", "properties": { "LAYER": "PARCELARIO_BASE_CATASTRO", "MAP_NAME": "1016_2026.dwg", "ccpp1": "1016 3723" }, "geometry": { "type": "MultiPolygon", "coordinates": [ [ [ [ -68.895432734179195, -33.008748870210958, 0.0 ], [ -68.895423363756038, -33.008907659072179, 0.0 ], [ -68.895423246295678, -33.008908347853541, 0.0 ], [ -68.895812723716432, -33.00892124018597, 0.0 ], [ -68.895815667805252, -33.008902971098671, 0.0 ], [ -68.895824535216732, -33.008796414024616, 0.0 ], [ -68.895824835065, -33.008746172936213, 0.0 ], [ -68.895432734179195, -33.008748870210958, 0.0 ] ] ] ] } },
{ "type": "Feature", "properties": { "LAYER": "PARCELARIO_BASE_CATASTRO", "MAP_NAME": "1016_2026.dwg", "ccpp1": "1016 3724" }, "geometry": { "type": "MultiPolygon", "coordinates": [ [ [ [ -68.895428176853358, -33.008606989612346, 0.0 ], [ -68.895428205366656, -33.008607312435949, 0.0 ], [ -68.895432831362896, -33.008747226538595, 0.0 ], [ -68.895432734179195, -33.008748870210958, 0.0 ], [ -68.895824835065, -33.008746172936213, 0.0 ], [ -68.895825172322546, -33.008689598512404, 0.0 ], [ -68.895818995650956, -33.008602881962865, 0.0 ], [ -68.895428176853358, -33.008606989612346, 0.0 ] ] ] ] } },
{ "type": "Feature", "properties": { "LAYER": "PARCELARIO_BASE_CATASTRO", "MAP_NAME": "1016_2026.dwg", "ccpp1": "1016 3725" }, "geometry": { "type": "MultiPolygon", "coordinates": [ [ [ [ -68.895415460719292, -33.008462351163992, 0.0 ], [ -68.895428176853358, -33.008606989612346, 0.0 ], [ -68.895818995650956, -33.008602881962865, 0.0 ], [ -68.895817578625639, -33.008582972694278, 0.0 ], [ -68.89580178573118, -33.008476986531115, 0.0 ], [ -68.895798053961798, -33.008453439775359, 0.0 ], [ -68.895415460719292, -33.008462351163992, 0.0 ] ] ] ] } },
{ "type": "Feature", "properties": { "LAYER": "PARCELARIO_BASE_CATASTRO", "MAP_NAME": "1016_2026.dwg", "ccpp1": "1016 3726" }, "geometry": { "type": "MultiPolygon", "coordinates": [ [ [ [ -68.895389092178277, -33.008318132271235, 0.0 ], [ -68.895415457566301, -33.008462302470882, 0.0 ], [ -68.895415460719292, -33.008462351163992, 0.0 ], [ -68.895798053961798, -33.008453439775359, 0.0 ], [ -68.895782461953885, -33.008355029650282, 0.0 ], [ -68.895773735528167, -33.008309864667012, 0.0 ], [ -68.895389092178277, -33.008318132271235, 0.0 ] ] ] ] } },
{ "type": "Feature", "properties": { "LAYER": "PARCELARIO_BASE_CATASTRO", "MAP_NAME": "1016_2026.dwg", "ccpp1": "1016 3719" }, "geometry": { "type": "MultiPolygon", "coordinates": [ [ [ [ -68.895192104479023, -33.009183319985574, 0.0 ], [ -68.895233096834133, -33.008902053409066, 0.0 ], [ -68.895014410539972, -33.008894814968741, 0.0 ], [ -68.895009517160474, -33.00892513238356, 0.0 ], [ -68.894985538350923, -33.009026930266685, 0.0 ], [ -68.894954267996624, -33.009127314492787, 0.0 ], [ -68.894969286155018, -33.009146712242575, 0.0 ], [ -68.894988712678042, -33.009170328128448, 0.0 ], [ -68.895166259610676, -33.009180944910881, 0.0 ], [ -68.895192104479023, -33.009183319985574, 0.0 ] ] ] ] } },
{ "type": "Feature", "properties": { "LAYER": "PARCELARIO_BASE_CATASTRO", "MAP_NAME": "1016_2026.dwg", "ccpp1": "1016 3720" }, "geometry": { "type": "MultiPolygon", "coordinates": [ [ [ [ -68.895233096834133, -33.008902053409066, 0.0 ], [ -68.895192104479023, -33.009183319985574, 0.0 ], [ -68.89534320384567, -33.009197200011393, 0.0 ], [ -68.895373648769834, -33.009200981911619, 0.0 ], [ -68.895423246295678, -33.008908347853541, 0.0 ], [ -68.895233096834133, -33.008902053409066, 0.0 ] ] ] ] } },
{ "type": "Feature", "properties": { "LAYER": "PARCELARIO_BASE_CATASTRO", "MAP_NAME": "1016_2026.dwg", "ccpp1": "1016 3721" }, "geometry": { "type": "MultiPolygon", "coordinates": [ [ [ [ -68.895546656216538, -33.009223363912795, 0.0 ], [ -68.895603360205897, -33.008914309914438, 0.0 ], [ -68.895423246295678, -33.008908347853541, 0.0 ], [ -68.895373648769834, -33.009200981911619, 0.0 ], [ -68.895519295024741, -33.009219070681134, 0.0 ], [ -68.895546656216538, -33.009223363912795, 0.0 ] ] ] ] } },
{ "type": "Feature", "properties": { "LAYER": "PARCELARIO_BASE_CATASTRO", "MAP_NAME": "1016_2026.dwg", "ccpp1": "1016 3722" }, "geometry": { "type": "MultiPolygon", "coordinates": [ [ [ [ -68.895603360205897, -33.008914309914438, 0.0 ], [ -68.895546656216538, -33.009223363912795, 0.0 ], [ -68.895694280660152, -33.009246524252326, 0.0 ], [ -68.895740240932184, -33.009216599084361, 0.0 ], [ -68.895773431346441, -33.009113506731381, 0.0 ], [ -68.895798610187754, -33.009008816223663, 0.0 ], [ -68.895812723716432, -33.00892124018597, 0.0 ], [ -68.895603360205897, -33.008914309914438, 0.0 ] ] ] ] } },
{ "type": "Feature", "properties": { "LAYER": "PARCELARIO_BASE_CATASTRO", "MAP_NAME": "1016_2026.dwg", "ccpp1": "1016 3667" }, "geometry": { "type": "MultiPolygon", "coordinates": [ [ [ [ -68.894658307488555, -33.008468622235242, 0.0 ], [ -68.89465770213728, -33.008787908499599, 0.0 ], [ -68.894657693487062, -33.008787983331366, 0.0 ], [ -68.894862362780259, -33.008795016730993, 0.0 ], [ -68.894862686036902, -33.008793155044145, 0.0 ], [ -68.894874679813853, -33.008724175276406, 0.0 ], [ -68.894880509061565, -33.008654631277082, 0.0 ], [ -68.894880140154342, -33.008584915247333, 0.0 ], [ -68.89487357585304, -33.008515418516495, 0.0 ], [ -68.894860852094212, -33.008446531539221, 0.0 ], [ -68.894819094926419, -33.008427348387293, 0.0 ], [ -68.894692459519206, -33.00846128887359, 0.0 ], [ -68.894658307488555, -33.008468622235242, 0.0 ] ] ] ] } },
{ "type": "Feature", "properties": { "LAYER": "PARCELARIO_BASE_CATASTRO", "MAP_NAME": "1016_2026.dwg", "ccpp1": "1016 3667" }, "geometry": { "type": "MultiPolygon", "coordinates": [ [ [ [ -68.89480340095669, -33.00911620594119, 0.0 ], [ -68.894834630355206, -33.008954887417175, 0.0 ], [ -68.894862686036902, -33.008793155044145, 0.0 ], [ -68.894874679813853, -33.008724175276406, 0.0 ], [ -68.894880509061565, -33.008654631277082, 0.0 ], [ -68.894880140154342, -33.008584915247333, 0.0 ], [ -68.89487357585304, -33.008515418516495, 0.0 ], [ -68.894860852094212, -33.008446531539221, 0.0 ], [ -68.894819094926419, -33.008427348387293, 0.0 ], [ -68.894692459519206, -33.00846128887359, 0.0 ], [ -68.89456368690881, -33.008488937340019, 0.0 ], [ -68.894433217067245, -33.00851019947622, 0.0 ], [ -68.8943014952943, -33.00852500171677, 0.0 ], [ -68.894168972213848, -33.008533293945909, 0.0 ], [ -68.894036100564009, -33.008535048593608, 0.0 ], [ -68.893903333059612, -33.008530257928442, 0.0 ], [ -68.893771126664703, -33.008518940373207, 0.0 ], [ -68.893639929759857, -33.008501132378754, 0.0 ], [ -68.893510192834697, -33.008476895646361, 0.0 ], [ -68.893470182288411, -33.008506799827202, 0.0 ], [ -68.893466667600933, -33.008704664927208, 0.0 ], [ -68.893470789573982, -33.008902522111555, 0.0 ], [ -68.893472875304511, -33.008973750813198, 0.0 ], [ -68.893466825855853, -33.009044818384858, 0.0 ], [ -68.893452698718534, -33.009115066651631, 0.0 ], [ -68.893430623074067, -33.00918384651505, 0.0 ], [ -68.893449305673059, -33.009200140403401, 0.0 ], [ -68.893469474743711, -33.009216429245775, 0.0 ], [ -68.893692976896418, -33.009210741769401, 0.0 ], [ -68.893916144897531, -33.009198990745787, 0.0 ], [ -68.894138748604377, -33.009181185899877, 0.0 ], [ -68.894295559149541, -33.00916376497721, 0.0 ], [ -68.894453145848757, -33.00915234245624, 0.0 ], [ -68.894611183375275, -33.009146942404684, 0.0 ], [ -68.894769349629442, -33.009147575369418, 0.0 ], [ -68.89480340095669, -33.00911620594119, 0.0 ] ] ] ] } },
{ "type": "Feature", "properties": { "LAYER": "PARCELARIO_BASE_CATASTRO", "MAP_NAME": "1016_2026.dwg", "ccpp1": "1016 3668" }, "geometry": { "type": "MultiPolygon", "coordinates": [ [ [ [ -68.894458871549418, -33.008506018461659, 0.0 ], [ -68.894443194994651, -33.008825717569309, 0.0 ], [ -68.894655677387874, -33.008787914905945, 0.0 ], [ -68.894657693487062, -33.008787983331366, 0.0 ], [ -68.89465770213728, -33.008787908499599, 0.0 ], [ -68.894658307488555, -33.008468622235242, 0.0 ], [ -68.89456368690881, -33.008488937340019, 0.0 ], [ -68.894458871549418, -33.008506018461659, 0.0 ] ] ] ] } },
{ "type": "Feature", "properties": { "LAYER": "PARCELARIO_BASE_CATASTRO", "MAP_NAME": "1016_2026.dwg", "ccpp1": "1016 3669" }, "geometry": { "type": "MultiPolygon", "coordinates": [ [ [ [ -68.894268258037684, -33.008527081685017, 0.0 ], [ -68.894239057024706, -33.008846908166831, 0.0 ], [ -68.894441152697581, -33.008826080119, 0.0 ], [ -68.894443194994651, -33.008825717569309, 0.0 ], [ -68.894458871549418, -33.008506018461659, 0.0 ], [ -68.894433217067245, -33.00851019947622, 0.0 ], [ -68.8943014952943, -33.00852500171677, 0.0 ], [ -68.894268258037684, -33.008527081685017, 0.0 ] ] ] ] } },
{ "type": "Feature", "properties": { "LAYER": "PARCELARIO_BASE_CATASTRO", "MAP_NAME": "1016_2026.dwg", "ccpp1": "1016 3670" }, "geometry": { "type": "MultiPolygon", "coordinates": [ [ [ [ -68.894068181151255, -33.008534624082813, 0.0 ], [ -68.894048938856272, -33.008857586880659, 0.0 ], [ -68.894236684188101, -33.008847152313649, 0.0 ], [ -68.894239057024706, -33.008846908166831, 0.0 ], [ -68.894268258037684, -33.008527081685017, 0.0 ], [ -68.894168972213848, -33.008533293945909, 0.0 ], [ -68.894068181151255, -33.008534624082813, 0.0 ] ] ] ] } },
{ "type": "Feature", "properties": { "LAYER": "PARCELARIO_BASE_CATASTRO", "MAP_NAME": "1016_2026.dwg", "ccpp1": "1016 3671" }, "geometry": { "type": "MultiPolygon", "coordinates": [ [ [ [ -68.893886006863895, -33.00852877437211, 0.0 ], [ -68.89386199482702, -33.008860150222951, 0.0 ], [ -68.894042299139741, -33.008857956341657, 0.0 ], [ -68.894048938856272, -33.008857586880659, 0.0 ], [ -68.894068181151255, -33.008534624082813, 0.0 ], [ -68.894036100564009, -33.008535048593608, 0.0 ], [ -68.893903333059612, -33.008530257928442, 0.0 ], [ -68.893886006863895, -33.00852877437211, 0.0 ] ] ] ] } },
{ "type": "Feature", "properties": { "LAYER": "PARCELARIO_BASE_CATASTRO", "MAP_NAME": "1016_2026.dwg", "ccpp1": "1016 3672" }, "geometry": { "type": "MultiPolygon", "coordinates": [ [ [ [ -68.89370642699096, -33.008510157983011, 0.0 ], [ -68.89368137944281, -33.008855805532704, 0.0 ], [ -68.893858006280752, -33.008860199128677, 0.0 ], [ -68.89386199482702, -33.008860150222951, 0.0 ], [ -68.893886006863895, -33.00852877437211, 0.0 ], [ -68.893771126664703, -33.008518940373207, 0.0 ], [ -68.89370642699096, -33.008510157983011, 0.0 ] ] ] ] } },
{ "type": "Feature", "properties": { "LAYER": "PARCELARIO_BASE_CATASTRO", "MAP_NAME": "1016_2026.dwg", "ccpp1": "1016 3673" }, "geometry": { "type": "MultiPolygon", "coordinates": [ [ [ [ -68.89368137944281, -33.008855805532704, 0.0 ], [ -68.89370642699096, -33.008510157983011, 0.0 ], [ -68.893639929759857, -33.008501132378754, 0.0 ], [ -68.893510192834697, -33.008476895646361, 0.0 ], [ -68.893470182288411, -33.008506799827202, 0.0 ], [ -68.893466667600933, -33.008704664927208, 0.0 ], [ -68.893469615933839, -33.008846168219904, 0.0 ], [ -68.893673686289944, -33.008855614136614, 0.0 ], [ -68.89368137944281, -33.008855805532704, 0.0 ] ] ] ] } },
{ "type": "Feature", "properties": { "LAYER": "PARCELARIO_BASE_CATASTRO", "MAP_NAME": "1016_2026.dwg", "ccpp1": "1016 3674" }, "geometry": { "type": "MultiPolygon", "coordinates": [ [ [ [ -68.893655590625016, -33.009211692750007, 0.0 ], [ -68.89368137944281, -33.008855805532704, 0.0 ], [ -68.893673686289944, -33.008855614136614, 0.0 ], [ -68.893469615933839, -33.008846168219904, 0.0 ], [ -68.893470789573982, -33.008902522111555, 0.0 ], [ -68.893472875304511, -33.008973750813198, 0.0 ], [ -68.893466825855853, -33.009044818384858, 0.0 ], [ -68.893452697647291, -33.009115067552429, 0.0 ], [ -68.893430622003905, -33.009183846514134, 0.0 ], [ -68.89344930460291, -33.009200140402442, 0.0 ], [ -68.893469473673548, -33.00921642924483, 0.0 ], [ -68.893655590625016, -33.009211692750007, 0.0 ] ] ] ] } },
{ "type": "Feature", "properties": { "LAYER": "PARCELARIO_BASE_CATASTRO", "MAP_NAME": "1016_2026.dwg", "ccpp1": "1016 3675" }, "geometry": { "type": "MultiPolygon", "coordinates": [ [ [ [ -68.89368137944281, -33.008855805532704, 0.0 ], [ -68.893655590625016, -33.009211692750007, 0.0 ], [ -68.893692975826269, -33.009210741768477, 0.0 ], [ -68.893837140373279, -33.009203150631329, 0.0 ], [ -68.89386199482702, -33.008860150222951, 0.0 ], [ -68.893858006280752, -33.008860199128677, 0.0 ], [ -68.89368137944281, -33.008855805532704, 0.0 ] ] ] ] } },
{ "type": "Feature", "properties": { "LAYER": "PARCELARIO_BASE_CATASTRO", "MAP_NAME": "1016_2026.dwg", "ccpp1": "1016 3676" }, "geometry": { "type": "MultiPolygon", "coordinates": [ [ [ [ -68.89386199482702, -33.008860150222951, 0.0 ], [ -68.893837140373279, -33.009203150631329, 0.0 ], [ -68.893916144897531, -33.009198990745787, 0.0 ], [ -68.894033682671022, -33.009189589629983, 0.0 ], [ -68.894048410275914, -33.008866471538489, 0.0 ], [ -68.894048938856272, -33.008857586880659, 0.0 ], [ -68.894042299139741, -33.008857956341657, 0.0 ], [ -68.89386199482702, -33.008860150222951, 0.0 ] ] ] ] } },
{ "type": "Feature", "properties": { "LAYER": "PARCELARIO_BASE_CATASTRO", "MAP_NAME": "1016_2026.dwg", "ccpp1": "1016 3677" }, "geometry": { "type": "MultiPolygon", "coordinates": [ [ [ [ -68.894048938856272, -33.008857586880659, 0.0 ], [ -68.894048410275914, -33.008866471538489, 0.0 ], [ -68.894033682671022, -33.009189589629983, 0.0 ], [ -68.894138748604377, -33.009181185899877, 0.0 ], [ -68.894228955080337, -33.009171163607768, 0.0 ], [ -68.894238723057356, -33.008850559667991, 0.0 ], [ -68.894239057024706, -33.008846908166831, 0.0 ], [ -68.894236684188101, -33.008847152313649, 0.0 ], [ -68.894048938856272, -33.008857586880659, 0.0 ] ] ] ] } },
{ "type": "Feature", "properties": { "LAYER": "PARCELARIO_BASE_CATASTRO", "MAP_NAME": "1016_2026.dwg", "ccpp1": "1016 3678" }, "geometry": { "type": "MultiPolygon", "coordinates": [ [ [ [ -68.894239057024706, -33.008846908166831, 0.0 ], [ -68.894238723057356, -33.008850559667991, 0.0 ], [ -68.894228955080337, -33.009171163607768, 0.0 ], [ -68.894295559149541, -33.00916376497721, 0.0 ], [ -68.894428882066777, -33.009154101844253, 0.0 ], [ -68.894443178516951, -33.008826074618725, 0.0 ], [ -68.894443194994651, -33.008825717569309, 0.0 ], [ -68.894441152697581, -33.008826080119, 0.0 ], [ -68.894239057024706, -33.008846908166831, 0.0 ] ] ] ] } },
{ "type": "Feature", "properties": { "LAYER": "PARCELARIO_BASE_CATASTRO", "MAP_NAME": "1016_2026.dwg", "ccpp1": "1016 3679" }, "geometry": { "type": "MultiPolygon", "coordinates": [ [ [ [ -68.894443194994651, -33.008825717569309, 0.0 ], [ -68.894443178516951, -33.008826074618725, 0.0 ], [ -68.894428882066777, -33.009154101844253, 0.0 ], [ -68.894453145848757, -33.00915234245624, 0.0 ], [ -68.894611183375275, -33.009146942404684, 0.0 ], [ -68.894618005637199, -33.009146969804604, 0.0 ], [ -68.894657693487062, -33.008787983331366, 0.0 ], [ -68.894655677387874, -33.008787914905945, 0.0 ], [ -68.894443194994651, -33.008825717569309, 0.0 ] ] ] ] } },
{ "type": "Feature", "properties": { "LAYER": "PARCELARIO_BASE_CATASTRO", "MAP_NAME": "1016_2026.dwg", "ccpp1": "1016 3680" }, "geometry": { "type": "MultiPolygon", "coordinates": [ [ [ [ -68.894657693487062, -33.008787983331366, 0.0 ], [ -68.894618005637199, -33.009146969804604, 0.0 ], [ -68.894769349629442, -33.009147575369418, 0.0 ], [ -68.89480340095669, -33.00911620594119, 0.0 ], [ -68.894834630355206, -33.008954887417175, 0.0 ], [ -68.894862362780259, -33.008795016730993, 0.0 ], [ -68.894657693487062, -33.008787983331366, 0.0 ] ] ] ] } },
{ "type": "Feature", "properties": { "LAYER": "PARCELARIO_BASE_CATASTRO", "MAP_NAME": "1016_2026.dwg", "ccpp1": "1016 3440" }, "geometry": { "type": "MultiPolygon", "coordinates": [ [ [ [ -68.892597847935406, -33.009613847623399, 0.0 ], [ -68.892613544121843, -33.009438987575152, 0.0 ], [ -68.892175430969019, -33.00933390469558, 0.0 ], [ -68.892216792057766, -33.009382978011757, 0.0 ], [ -68.892249370254845, -33.009425071981603, 0.0 ], [ -68.892280935768056, -33.009478006808948, 0.0 ], [ -68.892324387044724, -33.009504162215677, 0.0 ], [ -68.892394403393453, -33.009542445497011, 0.0 ], [ -68.89245274358268, -33.009566295486536, 0.0 ], [ -68.892513143967733, -33.009588307805814, 0.0 ], [ -68.892597847935406, -33.009613847623399, 0.0 ] ] ] ] } },
{ "type": "Feature", "properties": { "LAYER": "PARCELARIO_BASE_CATASTRO", "MAP_NAME": "1016_2026.dwg", "ccpp1": "1016 3527" }, "geometry": { "type": "MultiPolygon", "coordinates": [ [ [ [ -68.888654407965049, -33.008045074407804, 0.0 ], [ -68.888663899598825, -33.007648615393812, 0.0 ], [ -68.886623948558167, -33.007588240723685, 0.0 ], [ -68.886677872075168, -33.007636790796504, 0.0 ], [ -68.886955660803523, -33.007899930573778, 0.0 ], [ -68.886949289406175, -33.007965152885731, 0.0 ], [ -68.887015934042893, -33.008043207222364, 0.0 ], [ -68.88705352939985, -33.008044962542591, 0.0 ], [ -68.887078963522939, -33.008046753738043, 0.0 ], [ -68.887102205388729, -33.0080532082128, 0.0 ], [ -68.887122130850074, -33.008059671406066, 0.0 ], [ -68.887143184630389, -33.008071720592085, 0.0 ], [ -68.887159826890098, -33.008086577209788, 0.0 ], [ -68.887188653247094, -33.008106987434026, 0.0 ], [ -68.887221960653775, -33.008142288356403, 0.0 ], [ -68.887242054329747, -33.008190668755425, 0.0 ], [ -68.887291000410073, -33.008265979387289, 0.0 ], [ -68.887309887962999, -33.008289211868586, 0.0 ], [ -68.887332057654646, -33.008304052714216, 0.0 ], [ -68.887348678199714, -33.008313320704481, 0.0 ], [ -68.887371928490239, -33.008321637095499, 0.0 ], [ -68.887394075337482, -33.008330889327169, 0.0 ], [ -68.887428400134098, -33.008343832273887, 0.0 ], [ -68.887478196330363, -33.008355798217245, 0.0 ], [ -68.88752170179734, -33.008362158168538, 0.0 ], [ -68.887577726445983, -33.008363898377013, 0.0 ], [ -68.887631890583236, -33.008361880507117, 0.0 ], [ -68.887681623414622, -33.008358011995945, 0.0 ], [ -68.887733538101344, -33.008346686770885, 0.0 ], [ -68.887777729009713, -33.008339108254063, 0.0 ], [ -68.887832955921496, -33.008326841009762, 0.0 ], [ -68.887915772884298, -33.008302385328008, 0.0 ], [ -68.887993027018894, -33.008269562464832, 0.0 ], [ -68.888090125531036, -33.008222711952513, 0.0 ], [ -68.888144180267474, -33.008193680477, 0.0 ], [ -68.888212571717375, -33.008156225745104, 0.0 ], [ -68.888260029961401, -33.00813652876424, 0.0 ], [ -68.888328464055078, -33.00810931974123, 0.0 ], [ -68.888396926176867, -33.008089563050632, 0.0 ], [ -68.888469803930988, -33.008067930275033, 0.0 ], [ -68.888582506735133, -33.008052704246182, 0.0 ], [ -68.888653228690032, -33.008045049912333, 0.0 ], [ -68.888654407965049, -33.008045074407804, 0.0 ] ] ] ] } },
{ "type": "Feature", "properties": { "LAYER": "PARCELARIO_BASE_CATASTRO", "MAP_NAME": "1016_2026.dwg", "ccpp1": "1016 3487" }, "geometry": { "type": "MultiPolygon", "coordinates": [ [ [ [ -68.892005212850734, -33.007780741038886, 0.0 ], [ -68.891992100703447, -33.008126387787598, 0.0 ], [ -68.892174686651416, -33.008130857447384, 0.0 ], [ -68.892176295872403, -33.008131093272951, 0.0 ], [ -68.892186329333299, -33.007785631393745, 0.0 ], [ -68.892005212850734, -33.007780741038886, 0.0 ] ] ] ] } },
{ "type": "Feature", "properties": { "LAYER": "PARCELARIO_BASE_CATASTRO", "MAP_NAME": "1016_2026.dwg", "ccpp1": "1016 3488" }, "geometry": { "type": "MultiPolygon", "coordinates": [ [ [ [ -68.891811049582472, -33.007775499182756, 0.0 ], [ -68.891801502790614, -33.008121721564621, 0.0 ], [ -68.891992100703447, -33.008126387787598, 0.0 ], [ -68.892005212850734, -33.007780741038886, 0.0 ], [ -68.891811049582472, -33.007775499182756, 0.0 ] ] ] ] } },
{ "type": "Feature", "properties": { "LAYER": "PARCELARIO_BASE_CATASTRO", "MAP_NAME": "1016_2026.dwg", "ccpp1": "1016 3489" }, "geometry": { "type": "MultiPolygon", "coordinates": [ [ [ [ -68.891618890659856, -33.007770309258717, 0.0 ], [ -68.891614762678856, -33.008117149469548, 0.0 ], [ -68.891801502790614, -33.008121721564621, 0.0 ], [ -68.891811049582472, -33.007775499182756, 0.0 ], [ -68.891618890659856, -33.007770309258717, 0.0 ] ] ] ] } },
{ "type": "Feature", "properties": { "LAYER": "PARCELARIO_BASE_CATASTRO", "MAP_NAME": "1016_2026.dwg", "ccpp1": "1016 3490" }, "geometry": { "type": "MultiPolygon", "coordinates": [ [ [ [ -68.891420150571662, -33.007764942898, 0.0 ], [ -68.891412793719923, -33.008112204981892, 0.0 ], [ -68.891614762678856, -33.008117149469548, 0.0 ], [ -68.891618890659856, -33.007770309258717, 0.0 ], [ -68.891420150571662, -33.007764942898, 0.0 ] ] ] ] } },
{ "type": "Feature", "properties": { "LAYER": "PARCELARIO_BASE_CATASTRO", "MAP_NAME": "1016_2026.dwg", "ccpp1": "1016 3491" }, "geometry": { "type": "MultiPolygon", "coordinates": [ [ [ [ -68.89123367077606, -33.007759907900507, 0.0 ], [ -68.891221722878697, -33.008107525740577, 0.0 ], [ -68.891412793719923, -33.008112204981892, 0.0 ], [ -68.891420150571662, -33.007764942898, 0.0 ], [ -68.89123367077606, -33.007759907900507, 0.0 ] ] ] ] } },
{ "type": "Feature", "properties": { "LAYER": "PARCELARIO_BASE_CATASTRO", "MAP_NAME": "1016_2026.dwg", "ccpp1": "1016 3492" }, "geometry": { "type": "MultiPolygon", "coordinates": [ [ [ [ -68.891037069890217, -33.007754597795987, 0.0 ], [ -68.891024656180846, -33.008102700311213, 0.0 ], [ -68.891221722878697, -33.008107525740577, 0.0 ], [ -68.89123367077606, -33.007759907900507, 0.0 ], [ -68.891037069890217, -33.007754597795987, 0.0 ] ] ] ] } },
{ "type": "Feature", "properties": { "LAYER": "PARCELARIO_BASE_CATASTRO", "MAP_NAME": "1016_2026.dwg", "ccpp1": "1016 3493" }, "geometry": { "type": "MultiPolygon", "coordinates": [ [ [ [ -68.890844553644129, -33.007749397351404, 0.0 ], [ -68.890832348324537, -33.008097990540378, 0.0 ], [ -68.891024656180846, -33.008102700311213, 0.0 ], [ -68.891037069890217, -33.007754597795987, 0.0 ], [ -68.890844553644129, -33.007749397351404, 0.0 ] ] ] ] } },
{ "type": "Feature", "properties": { "LAYER": "PARCELARIO_BASE_CATASTRO", "MAP_NAME": "1016_2026.dwg", "ccpp1": "1016 3494" }, "geometry": { "type": "MultiPolygon", "coordinates": [ [ [ [ -68.890650011699151, -33.007744143439957, 0.0 ], [ -68.890635894847875, -33.008093180362117, 0.0 ], [ -68.890832348324537, -33.008097990540378, 0.0 ], [ -68.890844553644129, -33.007749397351404, 0.0 ], [ -68.890650011699151, -33.007744143439957, 0.0 ] ] ] ] } },
{ "type": "Feature", "properties": { "LAYER": "PARCELARIO_BASE_CATASTRO", "MAP_NAME": "1016_2026.dwg", "ccpp1": "1016 3495" }, "geometry": { "type": "MultiPolygon", "coordinates": [ [ [ [ -68.890461655021426, -33.007739055151262, 0.0 ], [ -68.890446076130715, -33.008088530785891, 0.0 ], [ -68.890635894847875, -33.008093180362117, 0.0 ], [ -68.890650011699151, -33.007744143439957, 0.0 ], [ -68.890461655021426, -33.007739055151262, 0.0 ] ] ] ] } },
{ "type": "Feature", "properties": { "LAYER": "PARCELARIO_BASE_CATASTRO", "MAP_NAME": "1016_2026.dwg", "ccpp1": "1016 3496" }, "geometry": { "type": "MultiPolygon", "coordinates": [ [ [ [ -68.890269796962684, -33.007733872431423, 0.0 ], [ -68.890257936449046, -33.008083922972538, 0.0 ], [ -68.890446076130715, -33.008088530785891, 0.0 ], [ -68.890461655021426, -33.007739055151262, 0.0 ], [ -68.890269796962684, -33.007733872431423, 0.0 ] ] ] ] } },
{ "type": "Feature", "properties": { "LAYER": "PARCELARIO_BASE_CATASTRO", "MAP_NAME": "1016_2026.dwg", "ccpp1": "1016 3497" }, "geometry": { "type": "MultiPolygon", "coordinates": [ [ [ [ -68.890080893502741, -33.007728769562469, 0.0 ], [ -68.8900674575099, -33.008079256911685, 0.0 ], [ -68.890257936449046, -33.008083922972538, 0.0 ], [ -68.890269796962684, -33.007733872431423, 0.0 ], [ -68.890080893502741, -33.007728769562469, 0.0 ] ] ] ] } },
{ "type": "Feature", "properties": { "LAYER": "PARCELARIO_BASE_CATASTRO", "MAP_NAME": "1016_2026.dwg", "ccpp1": "1016 3498" }, "geometry": { "type": "MultiPolygon", "coordinates": [ [ [ [ -68.88989266958535, -33.007723685040617, 0.0 ], [ -68.889877297487303, -33.008074598054947, 0.0 ], [ -68.8900674575099, -33.008079256911685, 0.0 ], [ -68.890080893502741, -33.007728769562469, 0.0 ], [ -68.88989266958535, -33.007723685040617, 0.0 ] ] ] ] } },
{ "type": "Feature", "properties": { "LAYER": "PARCELARIO_BASE_CATASTRO", "MAP_NAME": "1016_2026.dwg", "ccpp1": "1016 3499" }, "geometry": { "type": "MultiPolygon", "coordinates": [ [ [ [ -68.889696470156338, -33.007718384900748, 0.0 ], [ -68.889689088309893, -33.008069987519654, 0.0 ], [ -68.889877297487303, -33.008074598054947, 0.0 ], [ -68.88989266958535, -33.007723685040617, 0.0 ], [ -68.889696470156338, -33.007718384900748, 0.0 ] ] ] ] } },
{ "type": "Feature", "properties": { "LAYER": "PARCELARIO_BASE_CATASTRO", "MAP_NAME": "1016_2026.dwg", "ccpp1": "1016 3500" }, "geometry": { "type": "MultiPolygon", "coordinates": [ [ [ [ -68.889504015069747, -33.007713184246263, 0.0 ], [ -68.889490973069911, -33.008065134397391, 0.0 ], [ -68.889689088309893, -33.008069987519654, 0.0 ], [ -68.889696470156338, -33.007718384900748, 0.0 ], [ -68.889504015069747, -33.007713184246263, 0.0 ] ] ] ] } },
{ "type": "Feature", "properties": { "LAYER": "PARCELARIO_BASE_CATASTRO", "MAP_NAME": "1016_2026.dwg", "ccpp1": "1016 3501" }, "geometry": { "type": "MultiPolygon", "coordinates": [ [ [ [ -68.889309387681678, -33.007707925464992, 0.0 ], [ -68.88929486325523, -33.008060328724738, 0.0 ], [ -68.889490973069911, -33.008065134397391, 0.0 ], [ -68.889504015069747, -33.007713184246263, 0.0 ], [ -68.889309387681678, -33.007707925464992, 0.0 ] ] ] ] } },
{ "type": "Feature", "properties": { "LAYER": "PARCELARIO_BASE_CATASTRO", "MAP_NAME": "1016_2026.dwg", "ccpp1": "1016 3502" }, "geometry": { "type": "MultiPolygon", "coordinates": [ [ [ [ -68.889103198847579, -33.007702354048597, 0.0 ], [ -68.88909321346182, -33.008055387980775, 0.0 ], [ -68.88929486325523, -33.008060328724738, 0.0 ], [ -68.889309387681678, -33.007707925464992, 0.0 ], [ -68.889103198847579, -33.007702354048597, 0.0 ] ] ] ] } },
{ "type": "Feature", "properties": { "LAYER": "PARCELARIO_BASE_CATASTRO", "MAP_NAME": "1016_2026.dwg", "ccpp1": "1016 3503" }, "geometry": { "type": "MultiPolygon", "coordinates": [ [ [ [ -68.888892224510016, -33.007696651797708, 0.0 ], [ -68.888881664034429, -33.008050203663601, 0.0 ], [ -68.88909321346182, -33.008055387980775, 0.0 ], [ -68.889103198847579, -33.007702354048597, 0.0 ], [ -68.888892224510016, -33.007696651797708, 0.0 ] ] ] ] } },
{ "type": "Feature", "properties": { "LAYER": "PARCELARIO_BASE_CATASTRO", "MAP_NAME": "1016_2026.dwg", "ccpp1": "1016 3504" }, "geometry": { "type": "MultiPolygon", "coordinates": [ [ [ [ -68.888663899598825, -33.007648615393812, 0.0 ], [ -68.888654407965049, -33.008045074407804, 0.0 ], [ -68.888771530740811, -33.008047505146841, 0.0 ], [ -68.888881664034429, -33.008050203663601, 0.0 ], [ -68.888892224510016, -33.007696651797708, 0.0 ], [ -68.88889238074556, -33.007696656445148, 0.0 ], [ -68.888891746480837, -33.007655421371503, 0.0 ], [ -68.888663899598825, -33.007648615393812, 0.0 ] ] ] ] } },
{ "type": "Feature", "properties": { "LAYER": "PARCELARIO_BASE_CATASTRO", "MAP_NAME": "1016_2026.dwg", "ccpp1": "1016 3481" }, "geometry": { "type": "MultiPolygon", "coordinates": [ [ [ [ -68.892224625929146, -33.008237958708136, 0.0 ], [ -68.892195344001422, -33.008264266906352, 0.0 ], [ -68.89220280729586, -33.008418449050843, 0.0 ], [ -68.89221240882074, -33.008418809518119, 0.0 ], [ -68.892428320727149, -33.008426915240442, 0.0 ], [ -68.892689656346874, -33.008436299463966, 0.0 ], [ -68.89269715610493, -33.008228637203331, 0.0 ], [ -68.892224625929146, -33.008237958708136, 0.0 ] ] ] ] } },
{ "type": "Feature", "properties": { "LAYER": "PARCELARIO_BASE_CATASTRO", "MAP_NAME": "1016_2026.dwg", "ccpp1": "1016 3482" }, "geometry": { "type": "MultiPolygon", "coordinates": [ [ [ [ -68.892238348430965, -33.008607672385928, 0.0 ], [ -68.892682436667727, -33.008636052536843, 0.0 ], [ -68.892689656346874, -33.008436299463966, 0.0 ], [ -68.89220280729586, -33.008418449050843, 0.0 ], [ -68.892206431460508, -33.008531838677079, 0.0 ], [ -68.892226424771493, -33.008577533052524, 0.0 ], [ -68.892238348430965, -33.008607672385928, 0.0 ] ] ] ] } },
{ "type": "Feature", "properties": { "LAYER": "PARCELARIO_BASE_CATASTRO", "MAP_NAME": "1016_2026.dwg", "ccpp1": "1016 3483" }, "geometry": { "type": "MultiPolygon", "coordinates": [ [ [ [ -68.892261374240235, -33.008780824702022, 0.0 ], [ -68.8926677480585, -33.008807288195094, 0.0 ], [ -68.892682442183002, -33.008636052889301, 0.0 ], [ -68.892238348430965, -33.008607672385928, 0.0 ], [ -68.892243715081179, -33.00862894933811, 0.0 ], [ -68.892261966019873, -33.008766756376282, 0.0 ], [ -68.892261374240235, -33.008780824702022, 0.0 ] ] ] ] } },
{ "type": "Feature", "properties": { "LAYER": "PARCELARIO_BASE_CATASTRO", "MAP_NAME": "1016_2026.dwg", "ccpp1": "1016 3484" }, "geometry": { "type": "MultiPolygon", "coordinates": [ [ [ [ -68.892274244446227, -33.008976749967516, 0.0 ], [ -68.892651117347768, -33.009001108789462, 0.0 ], [ -68.8926677480585, -33.008807288195094, 0.0 ], [ -68.892261374240235, -33.008780824702022, 0.0 ], [ -68.892253904468163, -33.00895866464748, 0.0 ], [ -68.892274244446227, -33.008976749967516, 0.0 ] ] ] ] } },
{ "type": "Feature", "properties": { "LAYER": "PARCELARIO_BASE_CATASTRO", "MAP_NAME": "1016_2026.dwg", "ccpp1": "1016 3485" }, "geometry": { "type": "MultiPolygon", "coordinates": [ [ [ [ -68.892276864848924, -33.009167250920363, 0.0 ], [ -68.892634742748569, -33.009191936034625, 0.0 ], [ -68.892651117347768, -33.009001108789462, 0.0 ], [ -68.892274244446227, -33.008976749967516, 0.0 ], [ -68.892289410442416, -33.008990233178693, 0.0 ], [ -68.892276864848924, -33.009167250920363, 0.0 ] ] ] ] } },
{ "type": "Feature", "properties": { "LAYER": "PARCELARIO_BASE_CATASTRO", "MAP_NAME": "1016_2026.dwg", "ccpp1": "1016 3486" }, "geometry": { "type": "MultiPolygon", "coordinates": [ [ [ [ -68.892183567622851, -33.009161359977604, 0.0 ], [ -68.892175430969019, -33.00933390469558, 0.0 ], [ -68.892613544121843, -33.009438987575152, 0.0 ], [ -68.892634741660956, -33.009191950460476, 0.0 ], [ -68.892276864848924, -33.009167250920363, 0.0 ], [ -68.892183567622851, -33.009161359977604, 0.0 ] ] ] ] } },
{ "type": "Feature", "properties": { "LAYER": "PARCELARIO_BASE_CATASTRO", "MAP_NAME": "1016_2026.dwg", "ccpp1": "1016 3469" }, "geometry": { "type": "MultiPolygon", "coordinates": [ [ [ [ -68.891797395737896, -33.008239342562135, 0.0 ], [ -68.891793781232806, -33.008550086438682, 0.0 ], [ -68.892051863005008, -33.008554810149327, 0.0 ], [ -68.892051286610069, -33.008552708747814, 0.0 ], [ -68.892041281125614, -33.008267703123643, 0.0 ], [ -68.892012446234176, -33.008245431150868, 0.0 ], [ -68.891797395737896, -33.008239342562135, 0.0 ] ] ] ] } },
{ "type": "Feature", "properties": { "LAYER": "PARCELARIO_BASE_CATASTRO", "MAP_NAME": "1016_2026.dwg", "ccpp1": "1016 3470" }, "geometry": { "type": "MultiPolygon", "coordinates": [ [ [ [ -68.891793781232806, -33.008550086438682, 0.0 ], [ -68.891797395737896, -33.008239342562135, 0.0 ], [ -68.891583828452752, -33.008233295466553, 0.0 ], [ -68.891581397061245, -33.008543819453536, 0.0 ], [ -68.891582203170927, -33.008546213199452, 0.0 ], [ -68.891793781232806, -33.008550086438682, 0.0 ] ] ] ] } },
{ "type": "Feature", "properties": { "LAYER": "PARCELARIO_BASE_CATASTRO", "MAP_NAME": "1016_2026.dwg", "ccpp1": "1016 3471" }, "geometry": { "type": "MultiPolygon", "coordinates": [ [ [ [ -68.891364637740438, -33.008227088925345, 0.0 ], [ -68.891359340372446, -33.008542303632098, 0.0 ], [ -68.891581995248487, -33.008545593568016, 0.0 ], [ -68.891581397061245, -33.008543819453536, 0.0 ], [ -68.891583828452752, -33.008233295466553, 0.0 ], [ -68.891364637740438, -33.008227088925345, 0.0 ] ] ] ] } },
{ "type": "Feature", "properties": { "LAYER": "PARCELARIO_BASE_CATASTRO", "MAP_NAME": "1016_2026.dwg", "ccpp1": "1016 3472" }, "geometry": { "type": "MultiPolygon", "coordinates": [ [ [ [ -68.891359340372446, -33.008542303632098, 0.0 ], [ -68.891364637740438, -33.008227088925345, 0.0 ], [ -68.891197325733913, -33.008224518600663, 0.0 ], [ -68.891167098654947, -33.008247677023881, 0.0 ], [ -68.891134561070245, -33.008402397746543, 0.0 ], [ -68.89114380353854, -33.008541289924501, 0.0 ], [ -68.891359340372446, -33.008542303632098, 0.0 ] ] ] ] } },
{ "type": "Feature", "properties": { "LAYER": "PARCELARIO_BASE_CATASTRO", "MAP_NAME": "1016_2026.dwg", "ccpp1": "1016 3473" }, "geometry": { "type": "MultiPolygon", "coordinates": [ [ [ [ -68.891215611343327, -33.008759852745769, 0.0 ], [ -68.891645575815403, -33.008766674589047, 0.0 ], [ -68.89163171763002, -33.008695483425377, 0.0 ], [ -68.891581995248487, -33.008545593568016, 0.0 ], [ -68.891359340372446, -33.008542303632098, 0.0 ], [ -68.89114380353854, -33.008541289924501, 0.0 ], [ -68.891143981120692, -33.008543955430994, 0.0 ], [ -68.891215611343327, -33.008759852745769, 0.0 ] ] ] ] } },
{ "type": "Feature", "properties": { "LAYER": "PARCELARIO_BASE_CATASTRO", "MAP_NAME": "1016_2026.dwg", "ccpp1": "1016 3474" }, "geometry": { "type": "MultiPolygon", "coordinates": [ [ [ [ -68.891645575815403, -33.008766674589047, 0.0 ], [ -68.891215611343327, -33.008759852745769, 0.0 ], [ -68.891244271095786, -33.008946602904132, 0.0 ], [ -68.891287656802518, -33.0089830007431, 0.0 ], [ -68.891658471571759, -33.008987853152377, 0.0 ], [ -68.891659993417605, -33.008840736267658, 0.0 ], [ -68.891645575815403, -33.008766674589047, 0.0 ] ] ] ] } },
{ "type": "Feature", "properties": { "LAYER": "PARCELARIO_BASE_CATASTRO", "MAP_NAME": "1016_2026.dwg", "ccpp1": "1016 3475" }, "geometry": { "type": "MultiPolygon", "coordinates": [ [ [ [ -68.891283956797722, -33.009129045433895, 0.0 ], [ -68.891644614682122, -33.009136991702277, 0.0 ], [ -68.891689774716184, -33.009138581776277, 0.0 ], [ -68.891696500977162, -33.008988620117108, 0.0 ], [ -68.891287656802518, -33.0089830007431, 0.0 ], [ -68.891283956797722, -33.009129045433895, 0.0 ] ] ] ] } },
{ "type": "Feature", "properties": { "LAYER": "PARCELARIO_BASE_CATASTRO", "MAP_NAME": "1016_2026.dwg", "ccpp1": "1016 3476" }, "geometry": { "type": "MultiPolygon", "coordinates": [ [ [ [ -68.891138621052747, -33.009140402504137, 0.0 ], [ -68.891132835384155, -33.009291395563295, 0.0 ], [ -68.891634007443685, -33.009305704826026, 0.0 ], [ -68.891644614682122, -33.009136991702277, 0.0 ], [ -68.891283956797722, -33.009129045433895, 0.0 ], [ -68.891283518287381, -33.009147154293238, 0.0 ], [ -68.891138621052747, -33.009140402504137, 0.0 ] ] ] ] } },
{ "type": "Feature", "properties": { "LAYER": "PARCELARIO_BASE_CATASTRO", "MAP_NAME": "1016_2026.dwg", "ccpp1": "1016 3477" }, "geometry": { "type": "MultiPolygon", "coordinates": [ [ [ [ -68.892045394824805, -33.009147013928377, 0.0 ], [ -68.891689774716184, -33.009138581776277, 0.0 ], [ -68.891644614682122, -33.009136991702277, 0.0 ], [ -68.891634007443685, -33.009305704826026, 0.0 ], [ -68.891912875429995, -33.009313664947662, 0.0 ], [ -68.892069868109829, -33.009315073954205, 0.0 ], [ -68.892175430969019, -33.00933390469558, 0.0 ], [ -68.892183567622851, -33.009161359977604, 0.0 ], [ -68.892044883969902, -33.00915260206844, 0.0 ], [ -68.892045394824805, -33.009147013928377, 0.0 ] ] ] ] } },
{ "type": "Feature", "properties": { "LAYER": "PARCELARIO_BASE_CATASTRO", "MAP_NAME": "1016_2026.dwg", "ccpp1": "1016 3478" }, "geometry": { "type": "MultiPolygon", "coordinates": [ [ [ [ -68.892059211791988, -33.008995833906532, 0.0 ], [ -68.891696500977162, -33.008988620117108, 0.0 ], [ -68.891689774716184, -33.009138581776277, 0.0 ], [ -68.892045394824805, -33.009147013928377, 0.0 ], [ -68.892059211791988, -33.008995833906532, 0.0 ] ] ] ] } },
{ "type": "Feature", "properties": { "LAYER": "PARCELARIO_BASE_CATASTRO", "MAP_NAME": "1016_2026.dwg", "ccpp1": "1016 3479" }, "geometry": { "type": "MultiPolygon", "coordinates": [ [ [ [ -68.892091722706667, -33.008700165787367, 0.0 ], [ -68.89163171763002, -33.008695483425377, 0.0 ], [ -68.891659993417605, -33.008840736267658, 0.0 ], [ -68.891658471571759, -33.008987853152377, 0.0 ], [ -68.891701499579028, -33.008988721834847, 0.0 ], [ -68.892059211791988, -33.008995833906532, 0.0 ], [ -68.892062804089591, -33.00897494159495, 0.0 ], [ -68.892103725547813, -33.008941917056539, 0.0 ], [ -68.892105534487087, -33.008843174379308, 0.0 ], [ -68.892091722706667, -33.008700165787367, 0.0 ] ] ] ] } },
{ "type": "Feature", "properties": { "LAYER": "PARCELARIO_BASE_CATASTRO", "MAP_NAME": "1016_2026.dwg", "ccpp1": "1016 3480" }, "geometry": { "type": "MultiPolygon", "coordinates": [ [ [ [ -68.892051863005008, -33.008554810149327, 0.0 ], [ -68.891582203170927, -33.008546213199452, 0.0 ], [ -68.89163171763002, -33.008695483425377, 0.0 ], [ -68.892091722706667, -33.008700165787367, 0.0 ], [ -68.892091683597258, -33.008699766311523, 0.0 ], [ -68.892051863005008, -33.008554810149327, 0.0 ] ] ] ] } },
{ "type": "Feature", "properties": { "LAYER": "PARCELARIO_BASE_CATASTRO", "MAP_NAME": "1016_2026.dwg", "ccpp1": "1016 3458" }, "geometry": { "type": "MultiPolygon", "coordinates": [ [ [ [ -68.890744942522048, -33.008202592374161, 0.0 ], [ -68.890733557662301, -33.00852158785856, 0.0 ], [ -68.890969962637499, -33.008525960307985, 0.0 ], [ -68.890967163093947, -33.008380719640314, 0.0 ], [ -68.890990593991276, -33.008240765857899, 0.0 ], [ -68.890959842060838, -33.008211210039491, 0.0 ], [ -68.890744942522048, -33.008202592374161, 0.0 ] ] ] ] } },
{ "type": "Feature", "properties": { "LAYER": "PARCELARIO_BASE_CATASTRO", "MAP_NAME": "1016_2026.dwg", "ccpp1": "1016 3459" }, "geometry": { "type": "MultiPolygon", "coordinates": [ [ [ [ -68.890733557662301, -33.00852158785856, 0.0 ], [ -68.890744942522048, -33.008202592374161, 0.0 ], [ -68.890743122282615, -33.008202519548682, 0.0 ], [ -68.89052863655084, -33.008199411108386, 0.0 ], [ -68.890528588394019, -33.008199411066151, 0.0 ], [ -68.890519331192195, -33.008517624840472, 0.0 ], [ -68.890733557662301, -33.00852158785856, 0.0 ] ] ] ] } },
{ "type": "Feature", "properties": { "LAYER": "PARCELARIO_BASE_CATASTRO", "MAP_NAME": "1016_2026.dwg", "ccpp1": "1016 3460" }, "geometry": { "type": "MultiPolygon", "coordinates": [ [ [ [ -68.890314640045133, -33.008194451590413, 0.0 ], [ -68.890308629755808, -33.008513726767987, 0.0 ], [ -68.890519331192195, -33.008517624840472, 0.0 ], [ -68.890528588394019, -33.008199411066151, 0.0 ], [ -68.890314640045133, -33.008194451590413, 0.0 ] ] ] ] } },
{ "type": "Feature", "properties": { "LAYER": "PARCELARIO_BASE_CATASTRO", "MAP_NAME": "1016_2026.dwg", "ccpp1": "1016 3461" }, "geometry": { "type": "MultiPolygon", "coordinates": [ [ [ [ -68.890308629755808, -33.008513726767987, 0.0 ], [ -68.890314640045133, -33.008194451590413, 0.0 ], [ -68.890314144578554, -33.008194440334961, 0.0 ], [ -68.890197216281209, -33.008199823327658, 0.0 ], [ -68.890148119323612, -33.008238218542424, 0.0 ], [ -68.890109536179111, -33.008459027363408, 0.0 ], [ -68.89010755128659, -33.008514922259415, 0.0 ], [ -68.890107714125776, -33.008515643742847, 0.0 ], [ -68.890308629755808, -33.008513726767987, 0.0 ] ] ] ] } },
{ "type": "Feature", "properties": { "LAYER": "PARCELARIO_BASE_CATASTRO", "MAP_NAME": "1016_2026.dwg", "ccpp1": "1016 3462" }, "geometry": { "type": "MultiPolygon", "coordinates": [ [ [ [ -68.890519331192195, -33.008517624840472, 0.0 ], [ -68.890308629755808, -33.008513726767987, 0.0 ], [ -68.89010755128659, -33.008514922259415, 0.0 ], [ -68.890152417678991, -33.008713408715444, 0.0 ], [ -68.890153163373398, -33.008717891598486, 0.0 ], [ -68.890567829111561, -33.008722537866511, 0.0 ], [ -68.890519292115982, -33.008518936743471, 0.0 ], [ -68.890519331192195, -33.008517624840472, 0.0 ] ] ] ] } },
{ "type": "Feature", "properties": { "LAYER": "PARCELARIO_BASE_CATASTRO", "MAP_NAME": "1016_2026.dwg", "ccpp1": "1016 3463" }, "geometry": { "type": "MultiPolygon", "coordinates": [ [ [ [ -68.890188646819254, -33.008927587517277, 0.0 ], [ -68.890221248104694, -33.008963952795284, 0.0 ], [ -68.890226101800309, -33.009098305741894, 0.0 ], [ -68.89061010910126, -33.009109056296396, 0.0 ], [ -68.890613840544816, -33.008934106656966, 0.0 ], [ -68.890613545787829, -33.00893274757437, 0.0 ], [ -68.890568776641331, -33.008726515084327, 0.0 ], [ -68.890567829111561, -33.008722537866511, 0.0 ], [ -68.890153163373398, -33.008717891598486, 0.0 ], [ -68.890187931869988, -33.008926789807603, 0.0 ], [ -68.890188646819254, -33.008927587517277, 0.0 ] ] ] ] } },
{ "type": "Feature", "properties": { "LAYER": "PARCELARIO_BASE_CATASTRO", "MAP_NAME": "1016_2026.dwg", "ccpp1": "1016 3464" }, "geometry": { "type": "MultiPolygon", "coordinates": [ [ [ [ -68.890074648553707, -33.009104780836537, 0.0 ], [ -68.890073927905078, -33.009256097498529, 0.0 ], [ -68.890280877255151, -33.00926061843338, 0.0 ], [ -68.890606617343693, -33.009272748728428, 0.0 ], [ -68.89061010910126, -33.009109056296396, 0.0 ], [ -68.890226101800309, -33.009098305741894, 0.0 ], [ -68.890226127655197, -33.009099031613005, 0.0 ], [ -68.890226784894523, -33.009108406004536, 0.0 ], [ -68.890074648553707, -33.009104780836537, 0.0 ] ] ] ] } },
{ "type": "Feature", "properties": { "LAYER": "PARCELARIO_BASE_CATASTRO", "MAP_NAME": "1016_2026.dwg", "ccpp1": "1016 3465" }, "geometry": { "type": "MultiPolygon", "coordinates": [ [ [ [ -68.89061010910126, -33.009109056296396, 0.0 ], [ -68.890606617343693, -33.009272748728428, 0.0 ], [ -68.891023914549024, -33.009288286220944, 0.0 ], [ -68.891132835384155, -33.009291395563295, 0.0 ], [ -68.891138621052747, -33.009140402504137, 0.0 ], [ -68.89102772214261, -33.009136909129978, 0.0 ], [ -68.891028435360056, -33.009119977197258, 0.0 ], [ -68.89061010910126, -33.009109056296396, 0.0 ] ] ] ] } },
{ "type": "Feature", "properties": { "LAYER": "PARCELARIO_BASE_CATASTRO", "MAP_NAME": "1016_2026.dwg", "ccpp1": "1016 3466" }, "geometry": { "type": "MultiPolygon", "coordinates": [ [ [ [ -68.891063315117876, -33.0089389720318, 0.0 ], [ -68.890613545787829, -33.00893274757437, 0.0 ], [ -68.890613840544816, -33.008934106656966, 0.0 ], [ -68.89061010910126, -33.009109056296396, 0.0 ], [ -68.891028435360056, -33.009119977197258, 0.0 ], [ -68.891033771614573, -33.008993443485743, 0.0 ], [ -68.891063315117876, -33.0089389720318, 0.0 ] ] ] ] } },
{ "type": "Feature", "properties": { "LAYER": "PARCELARIO_BASE_CATASTRO", "MAP_NAME": "1016_2026.dwg", "ccpp1": "1016 3467" }, "geometry": { "type": "MultiPolygon", "coordinates": [ [ [ [ -68.890613545787829, -33.00893274757437, 0.0 ], [ -68.891063315117876, -33.0089389720318, 0.0 ], [ -68.891024667213131, -33.008732809966631, 0.0 ], [ -68.890567829111561, -33.008722537866511, 0.0 ], [ -68.890568776641331, -33.008726515084327, 0.0 ], [ -68.890613545787829, -33.00893274757437, 0.0 ] ] ] ] } },
{ "type": "Feature", "properties": { "LAYER": "PARCELARIO_BASE_CATASTRO", "MAP_NAME": "1016_2026.dwg", "ccpp1": "1016 3468" }, "geometry": { "type": "MultiPolygon", "coordinates": [ [ [ [ -68.890969962637499, -33.008525960307985, 0.0 ], [ -68.890519331192195, -33.008517624840472, 0.0 ], [ -68.890519292115982, -33.008518936743471, 0.0 ], [ -68.890567829111561, -33.008722537866511, 0.0 ], [ -68.891024667213131, -33.008732809966631, 0.0 ], [ -68.890969963631122, -33.008526022524407, 0.0 ], [ -68.890969962637499, -33.008525960307985, 0.0 ] ] ] ] } },
{ "type": "Feature", "properties": { "LAYER": "PARCELARIO_BASE_CATASTRO", "MAP_NAME": "1016_2026.dwg", "ccpp1": "1016 3505" }, "geometry": { "type": "MultiPolygon", "coordinates": [ [ [ [ -68.889710615314755, -33.008187373217197, 0.0 ], [ -68.889697756789346, -33.008534379641659, 0.0 ], [ -68.889952729963653, -33.00854052778844, 0.0 ], [ -68.889938976244153, -33.008467342924419, 0.0 ], [ -68.889973787781372, -33.008230815536542, 0.0 ], [ -68.889944893810963, -33.008193639246066, 0.0 ], [ -68.889710615314755, -33.008187373217197, 0.0 ] ] ] ] } },
{ "type": "Feature", "properties": { "LAYER": "PARCELARIO_BASE_CATASTRO", "MAP_NAME": "1016_2026.dwg", "ccpp1": "1016 3506" }, "geometry": { "type": "MultiPolygon", "coordinates": [ [ [ [ -68.889697756789346, -33.008534379641659, 0.0 ], [ -68.889710615314755, -33.008187373217197, 0.0 ], [ -68.889517494601279, -33.008182207159862, 0.0 ], [ -68.889504916533085, -33.008528546572443, 0.0 ], [ -68.889504942902477, -33.008528854968695, 0.0 ], [ -68.889697756789346, -33.008534379641659, 0.0 ] ] ] ] } },
{ "type": "Feature", "properties": { "LAYER": "PARCELARIO_BASE_CATASTRO", "MAP_NAME": "1016_2026.dwg", "ccpp1": "1016 3507" }, "geometry": { "type": "MultiPolygon", "coordinates": [ [ [ [ -68.889297263584268, -33.008176316162661, 0.0 ], [ -68.889287016583893, -33.008522609831076, 0.0 ], [ -68.889504942902477, -33.008528854968695, 0.0 ], [ -68.889504916533085, -33.008528546572443, 0.0 ], [ -68.889517494601279, -33.008182207159862, 0.0 ], [ -68.889297263584268, -33.008176316162661, 0.0 ] ] ] ] } },
{ "type": "Feature", "properties": { "LAYER": "PARCELARIO_BASE_CATASTRO", "MAP_NAME": "1016_2026.dwg", "ccpp1": "1016 3508" }, "geometry": { "type": "MultiPolygon", "coordinates": [ [ [ [ -68.889088801733408, -33.008170740902372, 0.0 ], [ -68.889078796264016, -33.008516643440622, 0.0 ], [ -68.889287016583893, -33.008522609831076, 0.0 ], [ -68.889297263584268, -33.008176316162661, 0.0 ], [ -68.889088801733408, -33.008170740902372, 0.0 ] ] ] ] } },
{ "type": "Feature", "properties": { "LAYER": "PARCELARIO_BASE_CATASTRO", "MAP_NAME": "1016_2026.dwg", "ccpp1": "1016 3509" }, "geometry": { "type": "MultiPolygon", "coordinates": [ [ [ [ -68.889078796264016, -33.008516643440622, 0.0 ], [ -68.889088801733408, -33.008170740902372, 0.0 ], [ -68.888863143274335, -33.008164602667932, 0.0 ], [ -68.888816794802366, -33.008185227788665, 0.0 ], [ -68.888817253652391, -33.008298867215515, 0.0 ], [ -68.88888862976124, -33.008453288530923, 0.0 ], [ -68.888928865529749, -33.00851214872057, 0.0 ], [ -68.889078796264016, -33.008516643440622, 0.0 ] ] ] ] } },
{ "type": "Feature", "properties": { "LAYER": "PARCELARIO_BASE_CATASTRO", "MAP_NAME": "1016_2026.dwg", "ccpp1": "1016 3510" }, "geometry": { "type": "MultiPolygon", "coordinates": [ [ [ [ -68.889552605720993, -33.009068774188741, 0.0 ], [ -68.889504942902477, -33.008528854968695, 0.0 ], [ -68.888928865529749, -33.00851214872057, 0.0 ], [ -68.888933113749431, -33.008518365041901, 0.0 ], [ -68.889090956595084, -33.008730290826641, 0.0 ], [ -68.889148993686845, -33.008866121116881, 0.0 ], [ -68.889184543398073, -33.008908866831241, 0.0 ], [ -68.889169837442736, -33.009059306368286, 0.0 ], [ -68.889552605720993, -33.009068774188741, 0.0 ] ] ] ] } },
{ "type": "Feature", "properties": { "LAYER": "PARCELARIO_BASE_CATASTRO", "MAP_NAME": "1016_2026.dwg", "ccpp1": "1016 3511" }, "geometry": { "type": "MultiPolygon", "coordinates": [ [ [ [ -68.889023286445834, -33.009054798531452, 0.0 ], [ -68.889014065817634, -33.009224920176145, 0.0 ], [ -68.889550420605303, -33.009244661998636, 0.0 ], [ -68.889552605720993, -33.009068774188741, 0.0 ], [ -68.889169837442736, -33.009059306368286, 0.0 ], [ -68.889023286445834, -33.009054798531452, 0.0 ] ] ] ] } },
{ "type": "Feature", "properties": { "LAYER": "PARCELARIO_BASE_CATASTRO", "MAP_NAME": "1016_2026.dwg", "ccpp1": "1016 3512" }, "geometry": { "type": "MultiPolygon", "coordinates": [ [ [ [ -68.890073927905078, -33.009256097498529, 0.0 ], [ -68.890074648553707, -33.009104780836537, 0.0 ], [ -68.88997524052958, -33.009101782648862, 0.0 ], [ -68.889975767988588, -33.009081202381438, 0.0 ], [ -68.889552605720993, -33.009068774188741, 0.0 ], [ -68.889550420605303, -33.009244661998636, 0.0 ], [ -68.890073927905078, -33.009256097498529, 0.0 ] ] ] ] } },
{ "type": "Feature", "properties": { "LAYER": "PARCELARIO_BASE_CATASTRO", "MAP_NAME": "1016_2026.dwg", "ccpp1": "1016 3513" }, "geometry": { "type": "MultiPolygon", "coordinates": [ [ [ [ -68.889504942902477, -33.008528854968695, 0.0 ], [ -68.889552605720993, -33.009068774188741, 0.0 ], [ -68.889975767988588, -33.009081202381438, 0.0 ], [ -68.889978940680408, -33.008957356505704, 0.0 ], [ -68.890022988352158, -33.008914382716448, 0.0 ], [ -68.889952729963653, -33.00854052778844, 0.0 ], [ -68.889697756789346, -33.008534379641659, 0.0 ], [ -68.889504942902477, -33.008528854968695, 0.0 ] ] ] ] } },
{ "type": "Feature", "properties": { "LAYER": "PARCELARIO_BASE_CATASTRO", "MAP_NAME": "1016_2026.dwg", "ccpp1": "1016 3514" }, "geometry": { "type": "MultiPolygon", "coordinates": [ [ [ [ -68.888332296870928, -33.00848198382095, 0.0 ], [ -68.888693621516381, -33.0084926803016, 0.0 ], [ -68.888624532235596, -33.008317289756633, 0.0 ], [ -68.888623976723295, -33.008179431249367, 0.0 ], [ -68.888586153920301, -33.008155930499768, 0.0 ], [ -68.888427179738457, -33.008176269157374, 0.0 ], [ -68.888232931023907, -33.008256931461453, 0.0 ], [ -68.88821367982959, -33.008266431403946, 0.0 ], [ -68.888332296870928, -33.00848198382095, 0.0 ] ] ] ] } },
{ "type": "Feature", "properties": { "LAYER": "PARCELARIO_BASE_CATASTRO", "MAP_NAME": "1016_2026.dwg", "ccpp1": "1016 3515" }, "geometry": { "type": "MultiPolygon", "coordinates": [ [ [ [ -68.887998190843845, -33.008651486137289, 0.0 ], [ -68.88838389022682, -33.008574532811004, 0.0 ], [ -68.88821367982959, -33.008266431403946, 0.0 ], [ -68.888069636269719, -33.00833750670855, 0.0 ], [ -68.887970305913726, -33.0083787756354, 0.0 ], [ -68.887924000773964, -33.008410578528569, 0.0 ], [ -68.88791973593824, -33.008449712808293, 0.0 ], [ -68.887998190843845, -33.008651486137289, 0.0 ] ] ] ] } },
{ "type": "Feature", "properties": { "LAYER": "PARCELARIO_BASE_CATASTRO", "MAP_NAME": "1016_2026.dwg", "ccpp1": "1016 3517" }, "geometry": { "type": "MultiPolygon", "coordinates": [ [ [ [ -68.888527279736465, -33.00883379604214, 0.0 ], [ -68.888136720669053, -33.008820156866918, 0.0 ], [ -68.888129968065329, -33.008942143839924, 0.0 ], [ -68.888128681825961, -33.008971738366299, 0.0 ], [ -68.888524932849592, -33.008995451655316, 0.0 ], [ -68.888531187589109, -33.00884089751775, 0.0 ], [ -68.888527279736465, -33.00883379604214, 0.0 ] ] ] ] } },
{ "type": "Feature", "properties": { "LAYER": "PARCELARIO_BASE_CATASTRO", "MAP_NAME": "1016_2026.dwg", "ccpp1": "1016 3518" }, "geometry": { "type": "MultiPolygon", "coordinates": [ [ [ [ -68.887955898572343, -33.008940664959994, 0.0 ], [ -68.887950873582625, -33.009136632297931, 0.0 ], [ -68.888102584082972, -33.00916812864304, 0.0 ], [ -68.88828176834987, -33.009189971717888, 0.0 ], [ -68.888516372965995, -33.009206989589323, 0.0 ], [ -68.888524932849592, -33.008995451655316, 0.0 ], [ -68.888128681825961, -33.008971738366299, 0.0 ], [ -68.888129968065329, -33.008942143839924, 0.0 ], [ -68.887955898572343, -33.008940664959994, 0.0 ] ] ] ] } },
{ "type": "Feature", "properties": { "LAYER": "PARCELARIO_BASE_CATASTRO", "MAP_NAME": "1016_2026.dwg", "ccpp1": "1016 3519" }, "geometry": { "type": "MultiPolygon", "coordinates": [ [ [ [ -68.888923831470805, -33.009019322934115, 0.0 ], [ -68.888524932849592, -33.008995451655316, 0.0 ], [ -68.888516372965995, -33.009206989589323, 0.0 ], [ -68.888559235564117, -33.009210098967969, 0.0 ], [ -68.888870361326056, -33.009218599618663, 0.0 ], [ -68.889014065817634, -33.009224920176145, 0.0 ], [ -68.889023286445834, -33.009054798531452, 0.0 ], [ -68.8889243359246, -33.009051441047035, 0.0 ], [ -68.888923831470805, -33.009019322934115, 0.0 ] ] ] ] } },
{ "type": "Feature", "properties": { "LAYER": "PARCELARIO_BASE_CATASTRO", "MAP_NAME": "1016_2026.dwg", "ccpp1": "1016 3520" }, "geometry": { "type": "MultiPolygon", "coordinates": [ [ [ [ -68.888920771038954, -33.008847535789094, 0.0 ], [ -68.888527279736465, -33.00883379604214, 0.0 ], [ -68.888531187589109, -33.00884089751775, 0.0 ], [ -68.888524932849592, -33.008995451655316, 0.0 ], [ -68.888923831470805, -33.009019322934115, 0.0 ], [ -68.888920771038954, -33.008847535789094, 0.0 ] ] ] ] } },
{ "type": "Feature", "properties": { "LAYER": "PARCELARIO_BASE_CATASTRO", "MAP_NAME": "1016_2026.dwg", "ccpp1": "1016 3521" }, "geometry": { "type": "MultiPolygon", "coordinates": [ [ [ [ -68.888863280342463, -33.008681638622562, 0.0 ], [ -68.888434490838591, -33.008665179258536, 0.0 ], [ -68.888527279736465, -33.00883379604214, 0.0 ], [ -68.888920771038954, -33.008847535789094, 0.0 ], [ -68.88892077107964, -33.008847503328788, 0.0 ], [ -68.888944585606922, -33.008825952844468, 0.0 ], [ -68.888921244559867, -33.008759192794166, 0.0 ], [ -68.888863280342463, -33.008681638622562, 0.0 ] ] ] ] } },
{ "type": "Feature", "properties": { "LAYER": "PARCELARIO_BASE_CATASTRO", "MAP_NAME": "1016_2026.dwg", "ccpp1": "1016 3751" }, "geometry": { "type": "MultiPolygon", "coordinates": [ [ [ [ -68.888693621516381, -33.0084926803016, 0.0 ], [ -68.888332296870928, -33.00848198382095, 0.0 ], [ -68.88838389022682, -33.008574532811004, 0.0 ], [ -68.887998190843845, -33.008651486137289, 0.0 ], [ -68.888029631600432, -33.008726396653543, 0.0 ], [ -68.888048249012272, -33.008740906876767, 0.0 ], [ -68.888106988974044, -33.008766322761424, 0.0 ], [ -68.888119872953894, -33.008779620491474, 0.0 ], [ -68.88813672802037, -33.008820024063887, 0.0 ], [ -68.888527279736465, -33.00883379604214, 0.0 ], [ -68.888434490838591, -33.008665179258536, 0.0 ], [ -68.888863280342463, -33.008681638622562, 0.0 ], [ -68.888745549439861, -33.008593518539826, 0.0 ], [ -68.888693621516381, -33.0084926803016, 0.0 ] ] ] ] } },
{ "type": "Feature", "properties": { "LAYER": "PARCELARIO_BASE_CATASTRO", "MAP_NAME": "1016_2026.dwg", "ccpp1": "1016 3523" }, "geometry": { "type": "MultiPolygon", "coordinates": [ [ [ [ -68.88751004965772, -33.008452277410413, 0.0 ], [ -68.887504341246469, -33.00875591675252, 0.0 ], [ -68.887893544589446, -33.008779271335321, 0.0 ], [ -68.887894066306927, -33.008698473604767, 0.0 ], [ -68.887765087572973, -33.008450088687468, 0.0 ], [ -68.887718114689022, -33.008431946218813, 0.0 ], [ -68.887636336532751, -33.008439631547184, 0.0 ], [ -68.887574487043366, -33.008454712277747, 0.0 ], [ -68.887521414859435, -33.008453000876713, 0.0 ], [ -68.88751004965772, -33.008452277410413, 0.0 ] ] ] ] } },
{ "type": "Feature", "properties": { "LAYER": "PARCELARIO_BASE_CATASTRO", "MAP_NAME": "1016_2026.dwg", "ccpp1": "1016 3524" }, "geometry": { "type": "MultiPolygon", "coordinates": [ [ [ [ -68.88711112642379, -33.008694494018499, 0.0 ], [ -68.887428101443447, -33.008742071328193, 0.0 ], [ -68.887504379125673, -33.008753897034602, 0.0 ], [ -68.88751004965772, -33.008452277410413, 0.0 ], [ -68.88743737379184, -33.008447652125732, 0.0 ], [ -68.887309005667205, -33.008416347363564, 0.0 ], [ -68.887222751559591, -33.008411004585263, 0.0 ], [ -68.887174221737908, -33.008439087583433, 0.0 ], [ -68.887152373810054, -33.008504353618065, 0.0 ], [ -68.88711112642379, -33.008694494018499, 0.0 ] ] ] ] } },
{ "type": "Feature", "properties": { "LAYER": "PARCELARIO_BASE_CATASTRO", "MAP_NAME": "1016_2026.dwg", "ccpp1": "1016 3525" }, "geometry": { "type": "MultiPolygon", "coordinates": [ [ [ [ -68.887388552276931, -33.008921740389916, 0.0 ], [ -68.887428101443447, -33.008742071328193, 0.0 ], [ -68.88711112642379, -33.008694494018499, 0.0 ], [ -68.886839047933464, -33.008665461689418, 0.0 ], [ -68.886686867150587, -33.008760906602447, 0.0 ], [ -68.886731365244046, -33.008829709626916, 0.0 ], [ -68.886747882046464, -33.008847329817982, 0.0 ], [ -68.886822102278003, -33.008850409630099, 0.0 ], [ -68.887063211240445, -33.008875804575126, 0.0 ], [ -68.887249036937973, -33.008899492754715, 0.0 ], [ -68.887388552276931, -33.008921740389916, 0.0 ] ] ] ] } },
{ "type": "Feature", "properties": { "LAYER": "PARCELARIO_BASE_CATASTRO", "MAP_NAME": "1016_2026.dwg", "ccpp1": "1016 3526" }, "geometry": { "type": "MultiPolygon", "coordinates": [ [ [ [ -68.887428101443447, -33.008742071328193, 0.0 ], [ -68.887388552276931, -33.008921740389916, 0.0 ], [ -68.887432673569265, -33.008928776282126, 0.0 ], [ -68.887580912062987, -33.008952571629386, 0.0 ], [ -68.887793488001861, -33.009030208662367, 0.0 ], [ -68.887887333292625, -33.009083012118275, 0.0 ], [ -68.887893738487378, -33.008909385921314, 0.0 ], [ -68.887893544589446, -33.008779271335321, 0.0 ], [ -68.887504341246469, -33.00875591675252, 0.0 ], [ -68.887504379125673, -33.008753897034602, 0.0 ], [ -68.887428101443447, -33.008742071328193, 0.0 ] ] ] ] } },
{ "type": "Feature", "properties": { "LAYER": "PARCELARIO_BASE_CATASTRO", "MAP_NAME": "1016_2026.dwg", "ccpp1": "1016 3388" }, "geometry": { "type": "MultiPolygon", "coordinates": [ [ [ [ -68.885063981748416, -33.020068551436225, 0.0 ], [ -68.884889255755013, -33.020938433010848, 0.0 ], [ -68.884874763497265, -33.020995492854269, 0.0 ], [ -68.884931149623142, -33.020987907682638, 0.0 ], [ -68.885424365286099, -33.020939825283087, 0.0 ], [ -68.885809001933012, -33.020953381907646, 0.0 ], [ -68.88583033293051, -33.020955203867757, 0.0 ], [ -68.885929814850428, -33.020179672747659, 0.0 ], [ -68.885901741320907, -33.020176069245785, 0.0 ], [ -68.885901793257247, -33.020175632883351, 0.0 ], [ -68.885063981748416, -33.020068551436225, 0.0 ] ] ] ] } },
{ "type": "Feature", "properties": { "LAYER": "PARCELARIO_BASE_CATASTRO", "MAP_NAME": "1016_2026.dwg", "ccpp1": "1016 3454" }, "geometry": { "type": "MultiPolygon", "coordinates": [ [ [ [ -68.889106978062728, -32.989758040853893, 0.0 ], [ -68.888885102012168, -32.989764914775684, 0.0 ], [ -68.888941836467495, -32.990083067206015, 0.0 ], [ -68.88920464775201, -32.990074440404285, 0.0 ], [ -68.889163488980273, -32.989802804733486, 0.0 ], [ -68.889116429057665, -32.989808970450433, 0.0 ], [ -68.889106978062728, -32.989758040853893, 0.0 ] ] ] ] } },
{ "type": "Feature", "properties": { "LAYER": "PARCELARIO_BASE_CATASTRO", "MAP_NAME": "1016_2026.dwg", "ccpp1": "1016 3764" }, "geometry": { "type": "MultiPolygon", "coordinates": [ [ [ [ -68.889064303746935, -32.983728206609847, 0.0 ], [ -68.889074678867459, -32.983730199519449, 0.0 ], [ -68.889128122349149, -32.98359851172512, 0.0 ], [ -68.888943210256215, -32.983545869712444, 0.0 ], [ -68.88885414740713, -32.983516145956997, 0.0 ], [ -68.888673000398228, -32.983788029873601, 0.0 ], [ -68.888850546606378, -32.983872850091082, 0.0 ], [ -68.88890122691717, -32.983797886225972, 0.0 ], [ -68.888912720246495, -32.983801468499195, 0.0 ], [ -68.889064303746935, -32.983728206609847, 0.0 ] ] ] ] } },
{ "type": "Feature", "properties": { "LAYER": "PARCELARIO_BASE_CATASTRO", "MAP_NAME": "1016_2026.dwg", "ccpp1": "1016 3749" }, "geometry": { "type": "MultiPolygon", "coordinates": [ [ [ [ -68.886544337785551, -32.984256897743265, 0.0 ], [ -68.885801236510474, -32.984457108773022, 0.0 ], [ -68.885874113117779, -32.984909932723326, 0.0 ], [ -68.886834157796429, -32.984644069229532, 0.0 ], [ -68.886544337785551, -32.984256897743265, 0.0 ] ] ] ] } },
{ "type": "Feature", "properties": { "LAYER": "PARCELARIO_BASE_CATASTRO", "MAP_NAME": "1016_2026.dwg", "ccpp1": "1016 3750" }, "geometry": { "type": "MultiPolygon", "coordinates": [ [ [ [ -68.886773736224228, -32.983746234719867, 0.0 ], [ -68.886256694836291, -32.983872630579185, 0.0 ], [ -68.886834157796429, -32.984644069229532, 0.0 ], [ -68.887336666489347, -32.984504906790576, 0.0 ], [ -68.887303131538516, -32.98445942922659, 0.0 ], [ -68.887130548852681, -32.984226089359353, 0.0 ], [ -68.887026418443213, -32.984086319772885, 0.0 ], [ -68.8869677864202, -32.984007727803629, 0.0 ], [ -68.886860564473096, -32.983861372120565, 0.0 ], [ -68.886805239601401, -32.98378954475691, 0.0 ], [ -68.886773736224228, -32.983746234719867, 0.0 ] ] ] ] } },
{ "type": "Feature", "properties": { "LAYER": "PARCELARIO_BASE_CATASTRO", "MAP_NAME": "1016_2026.dwg", "ccpp1": "1016 3769" }, "geometry": { "type": "MultiPolygon", "coordinates": [ [ [ [ -68.886086847653118, -32.983914150849159, 0.0 ], [ -68.885918027821717, -32.983955419708288, 0.0 ], [ -68.886211411791791, -32.984346597422935, 0.0 ], [ -68.886375887710955, -32.984302283091921, 0.0 ], [ -68.886086847653118, -32.983914150849159, 0.0 ] ] ] ] } },
{ "type": "Feature", "properties": { "LAYER": "PARCELARIO_BASE_CATASTRO", "MAP_NAME": "1016_2026.dwg", "ccpp1": "1016 3770" }, "geometry": { "type": "MultiPolygon", "coordinates": [ [ [ [ -68.885918027821717, -32.983955419708288, 0.0 ], [ -68.88572797349039, -32.984001879128407, 0.0 ], [ -68.885769112367925, -32.984257501664928, 0.0 ], [ -68.886083422233284, -32.984175945587012, 0.0 ], [ -68.885918027821717, -32.983955419708288, 0.0 ] ] ] ] } },
{ "type": "Feature", "properties": { "LAYER": "PARCELARIO_BASE_CATASTRO", "MAP_NAME": "1016_2026.dwg", "ccpp1": "1016 3771" }, "geometry": { "type": "MultiPolygon", "coordinates": [ [ [ [ -68.88608342223327, -32.984175945587012, 0.0 ], [ -68.885769112367925, -32.984257501664928, 0.0 ], [ -68.885801236510474, -32.984457108773022, 0.0 ], [ -68.886211411791791, -32.984346597422935, 0.0 ], [ -68.88608342223327, -32.984175945587012, 0.0 ] ] ] ] } },
{ "type": "Feature", "properties": { "LAYER": "PARCELARIO_BASE_CATASTRO", "MAP_NAME": "1016_2026.dwg", "ccpp1": "1016 3729" }, "geometry": { "type": "MultiPolygon", "coordinates": [ [ [ [ -68.885617303519382, -32.982060787196396, 0.0 ], [ -68.885444747288659, -32.982057558807682, 0.0 ], [ -68.885616555555004, -32.982389454763755, 0.0 ], [ -68.885813136598586, -32.982396194249702, 0.0 ], [ -68.885675561075118, -32.982061877094637, 0.0 ], [ -68.885617303519382, -32.982060787196396, 0.0 ] ] ] ] } },
{ "type": "Feature", "properties": { "LAYER": "PARCELARIO_BASE_CATASTRO", "MAP_NAME": "1016_2026.dwg", "ccpp1": "1016 3779" }, "geometry": { "type": "MultiPolygon", "coordinates": [ [ [ [ -68.881557085241695, -32.986424439336396, 0.0 ], [ -68.881498135011327, -32.986369481828284, 0.0 ], [ -68.881227598740935, -32.986582741287314, 0.0 ], [ -68.881262561429864, -32.986600538499395, 0.0 ], [ -68.881295371006459, -32.986625906849511, 0.0 ], [ -68.881311653371654, -32.986610954469462, 0.0 ], [ -68.881557085241695, -32.986424439336396, 0.0 ] ] ] ] } },
{ "type": "Feature", "properties": { "LAYER": "PARCELARIO_BASE_CATASTRO", "MAP_NAME": "1016_2026.dwg", "ccpp1": "1016 3254" }, "geometry": { "type": "MultiPolygon", "coordinates": [ [ [ [ -68.89254478329299, -32.99085498666178, 0.0 ], [ -68.892551765550991, -32.991002608126529, 0.0 ], [ -68.892552600988708, -32.991018658707908, 0.0 ], [ -68.89287502066307, -32.991021057391976, 0.0 ], [ -68.893164167459801, -32.991023244639607, 0.0 ], [ -68.893158059581737, -32.990859483024174, 0.0 ], [ -68.89254478329299, -32.99085498666178, 0.0 ] ] ] ] } },
{ "type": "Feature", "properties": { "LAYER": "PARCELARIO_BASE_CATASTRO", "MAP_NAME": "1016_2026.dwg", "ccpp1": "1016 3780" }, "geometry": { "type": "MultiPolygon", "coordinates": [ [ [ [ -68.890405470617296, -32.999020125643455, 0.0 ], [ -68.890202598548129, -32.999065100921861, 0.0 ], [ -68.890302737017564, -32.99936740116744, 0.0 ], [ -68.890489855287854, -32.999357510847624, 0.0 ], [ -68.890641133155853, -32.99934956443095, 0.0 ], [ -68.890526004173907, -32.998995598763528, 0.0 ], [ -68.890405470617296, -32.999020125643455, 0.0 ] ] ] ] } }
]
}
