{
"type": "FeatureCollection",
"name": "parcelas con derecho 2º vistalba_2026",
"crs": { "type": "name", "properties": { "name": "urn:ogc:def:crs:OGC:1.3:CRS84" } },
"features": [
{ "type": "Feature", "properties": { "LAYER": "PARCELARIO_BASE_CATASTRO", "MAP_NAME": "1010_2025.dwg", "ccpp1": "1010 273", "LAYER_2": "PADRONES_2_VISTALBA" }, "geometry": { "type": "MultiPolygon", "coordinates": [ [ [ [ 2508381.030000001192093, 6345394.070000001229346, 0.0 ], [ 2508508.110000000800937, 6345386.00999999884516, 0.0 ], [ 2508485.660000000149012, 6345347.53000000026077, 0.0 ], [ 2508450.259999999776483, 6345349.900000001303852, 0.0 ], [ 2508414.740000000223517, 6345352.290000000968575, 0.0 ], [ 2508358.2157, 6345356.062599999830127, 0.0 ], [ 2508381.030000001192093, 6345394.070000001229346, 0.0 ] ] ] ] } },
{ "type": "Feature", "properties": { "LAYER": "PARCELARIO_BASE_CATASTRO", "MAP_NAME": "1010_2025.dwg", "ccpp1": "1010 272", "LAYER_2": "PADRONES_2_VISTALBA" }, "geometry": { "type": "MultiPolygon", "coordinates": [ [ [ [ 2508473.359999999869615, 6345427.530000001192093, 0.0 ], [ 2508491.629999999888241, 6345426.320000000298023, 0.0 ], [ 2508519.089999999850988, 6345424.5, 0.0 ], [ 2508530.140000000130385, 6345423.78000000026077, 0.0 ], [ 2508525.700000000186265, 6345416.160000000149012, 0.0 ], [ 2508508.110000000800937, 6345386.00999999884516, 0.0 ], [ 2508381.030000001192093, 6345394.070000001229346, 0.0 ], [ 2508406.114399999845773, 6345431.957100000232458, 0.0 ], [ 2508473.359999999869615, 6345427.530000001192093, 0.0 ] ] ] ] } },
{ "type": "Feature", "properties": { "LAYER": "PARCELARIO_BASE_CATASTRO", "MAP_NAME": "1010_2025.dwg", "ccpp1": "1010 173", "LAYER_2": "PADRONES_2_VISTALBA" }, "geometry": { "type": "MultiPolygon", "coordinates": [ [ [ [ 2508470.275600001215935, 6345528.832899998873472, 0.0 ], [ 2508526.049999999813735, 6345523.54, 0.0 ], [ 2508514.890000000130385, 6345504.42, 0.0 ], [ 2508486.13090000115335, 6345506.27379999961704, 0.0 ], [ 2508477.049999999813735, 6345506.860000000335276, 0.0 ], [ 2508456.58, 6345508.150000000372529, 0.0 ], [ 2508470.275600001215935, 6345528.832899998873472, 0.0 ] ] ] ] } },
{ "type": "Feature", "properties": { "LAYER": "PARCELARIO_BASE_CATASTRO", "MAP_NAME": "1010_2025.dwg", "ccpp1": "1010 174", "LAYER_2": "PADRONES_2_VISTALBA" }, "geometry": { "type": "MultiPolygon", "coordinates": [ [ [ [ 2508484.366400000173599, 6345550.112399999052286, 0.0 ], [ 2508505.1228, 6345581.458200000226498, 0.0 ], [ 2508557.23, 6345576.67, 0.0 ], [ 2508538.819999999832362, 6345545.440000001341105, 0.0 ], [ 2508484.366400000173599, 6345550.112399999052286, 0.0 ] ] ] ] } },
{ "type": "Feature", "properties": { "LAYER": "PARCELARIO_BASE_CATASTRO", "MAP_NAME": "1010_2025.dwg", "ccpp1": "1010 24", "LAYER_2": "PADRONES_2_VISTALBA" }, "geometry": { "type": "MultiPolygon", "coordinates": [ [ [ [ 2508484.366400000173599, 6345550.112399999052286, 0.0 ], [ 2508538.819999999832362, 6345545.440000001341105, 0.0 ], [ 2508526.049999999813735, 6345523.54, 0.0 ], [ 2508470.275600001215935, 6345528.832899998873472, 0.0 ], [ 2508484.366400000173599, 6345550.112399999052286, 0.0 ] ] ] ] } },
{ "type": "Feature", "properties": { "LAYER": "PARCELARIO_BASE_CATASTRO", "MAP_NAME": "1010_2025.dwg", "ccpp1": "1010 293", "LAYER_2": "PADRONES_2_VISTALBA" }, "geometry": { "type": "MultiPolygon", "coordinates": [ [ [ [ 2508639.830299999099225, 6345611.817099998705089, 0.0 ], [ 2508666.3602, 6345610.534199999645352, 0.0 ], [ 2508649.180000000167638, 6345581.320000000298023, 0.0 ], [ 2508551.200000000186265, 6345414.620000000111759, 0.0 ], [ 2508525.700000000186265, 6345416.160000000149012, 0.0 ], [ 2508530.140000000130385, 6345423.78000000026077, 0.0 ], [ 2508555.730000000912696, 6345467.650000000372529, 0.0 ], [ 2508574.950000000186265, 6345500.570000000298023, 0.0 ], [ 2508614.1735, 6345567.8246, 0.0 ], [ 2508639.830299999099225, 6345611.817099998705089, 0.0 ] ] ] ] } },
{ "type": "Feature", "properties": { "LAYER": "PARCELARIO_BASE_CATASTRO", "MAP_NAME": "1010_2025.dwg", "ccpp1": "1010 293", "LAYER_2": "PADRONES_2_VISTALBA" }, "geometry": { "type": "MultiPolygon", "coordinates": [ [ [ [ 2508602.3046460961923, 6345501.567790408618748, 0.0 ], [ 2508551.200000000186265, 6345414.620000000111759, 0.0 ], [ 2508525.700000000186265, 6345416.160000000149012, 0.0 ], [ 2508587.859392841812223, 6345522.705068225972354, 0.0 ], [ 2508603.481800000183284, 6345513.820299999788404, 0.0 ], [ 2508603.4619, 6345513.786399999633431, 0.0 ], [ 2508601.03940000012517, 6345513.193699999712408, 0.0 ], [ 2508602.3046460961923, 6345501.567790408618748, 0.0 ] ] ] ] } },
{ "type": "Feature", "properties": { "LAYER": "PARCELARIO_BASE_CATASTRO", "MAP_NAME": "1010_2025.dwg", "ccpp1": "1010 286", "LAYER_2": "PADRONES_2_VISTALBA" }, "geometry": { "type": "MultiPolygon", "coordinates": [ [ [ [ 2508652.450000000186265, 6345406.009999999776483, 0.0 ], [ 2508650.378200000151992, 6345402.47059999871999, 0.0 ], [ 2508598.642899999860674, 6345406.872199999168515, 0.0 ], [ 2508600.799999999813735, 6345410.400000000372529, 0.0 ], [ 2508716.990300000179559, 6345608.086000001057982, 0.0 ], [ 2508743.600399999879301, 6345606.799200001172721, 0.0 ], [ 2508728.96, 6345577.469999998807907, 0.0 ], [ 2508750.79, 6345576.400000001303852, 0.0 ], [ 2508742.569999999832362, 6345559.940000001341105, 0.0 ], [ 2508699.779999999795109, 6345486.849999999627471, 0.0 ], [ 2508676.610000000800937, 6345447.280000001192093, 0.0 ], [ 2508658.230000000912696, 6345415.889999999664724, 0.0 ], [ 2508652.450000000186265, 6345406.009999999776483, 0.0 ] ] ] ] } },
{ "type": "Feature", "properties": { "LAYER": "PARCELARIO_BASE_CATASTRO", "MAP_NAME": "1010_2025.dwg", "ccpp1": "1010 285", "LAYER_2": "PADRONES_2_VISTALBA" }, "geometry": { "type": "MultiPolygon", "coordinates": [ [ [ [ 2508716.990300000179559, 6345608.086000001057982, 0.0 ], [ 2508600.799999999813735, 6345410.400000000372529, 0.0 ], [ 2508598.642899999860674, 6345406.872199999168515, 0.0 ], [ 2508549.12209999980405, 6345411.085400001145899, 0.0 ], [ 2508551.200000000186265, 6345414.620000000111759, 0.0 ], [ 2508649.180000000167638, 6345581.320000000298023, 0.0 ], [ 2508651.150599999818951, 6345584.671, 0.0 ], [ 2508673.718900000210851, 6345583.579800001345575, 0.0 ], [ 2508692.8394, 6345582.655299998819828, 0.0 ], [ 2508708.0408, 6345608.51869999896735, 0.0 ], [ 2508716.990300000179559, 6345608.086000001057982, 0.0 ] ] ] ] } },
{ "type": "Feature", "properties": { "LAYER": "PARCELARIO_BASE_CATASTRO", "MAP_NAME": "1010_2025.dwg", "ccpp1": "1010 183", "LAYER_2": "PADRONES_2_VISTALBA" }, "geometry": { "type": "MultiPolygon", "coordinates": [ [ [ [ 2508658.230000000912696, 6345415.889999999664724, 0.0 ], [ 2508693.009999999776483, 6345412.400000000372529, 0.0 ], [ 2508677.140000000130385, 6345383.879999999888241, 0.0 ], [ 2508657.299999999813735, 6345348.219999998807907, 0.0 ], [ 2508621.25, 6345352.71000000089407, 0.0 ], [ 2508652.450000000186265, 6345406.009999999776483, 0.0 ], [ 2508658.230000000912696, 6345415.889999999664724, 0.0 ] ] ] ] } },
{ "type": "Feature", "properties": { "LAYER": "PARCELARIO_BASE_CATASTRO", "MAP_NAME": "1010_2025.dwg", "ccpp1": "1010 83", "LAYER_2": "PADRONES_2_VISTALBA" }, "geometry": { "type": "MultiPolygon", "coordinates": [ [ [ [ 2508803.880100000184029, 6345603.71129999961704, 0.0 ], [ 2508837.990099255926907, 6345600.899994812905788, 0.0 ], [ 2508768.663050664123148, 6345475.128404282964766, 0.0 ], [ 2508731.0186, 6345478.3958, 0.0 ], [ 2508803.880100000184029, 6345603.71129999961704, 0.0 ] ] ] ] } },
{ "type": "Feature", "properties": { "LAYER": "PARCELARIO_BASE_CATASTRO", "MAP_NAME": "1010_2025.dwg", "ccpp1": "1010 136", "LAYER_2": "PADRONES_2_VISTALBA" }, "geometry": { "type": "MultiPolygon", "coordinates": [ [ [ [ 2508765.196399999782443, 6345537.184899999760091, 0.0 ], [ 2508730.986500000115484, 6345540.154199999757111, 0.0 ], [ 2508742.569999999832362, 6345559.940000001341105, 0.0 ], [ 2508753.40000000083819, 6345559.0, 0.0 ], [ 2508762.3898, 6345558.21750000026077, 0.0 ], [ 2508763.279999999795109, 6345558.139999998733401, 0.0 ], [ 2508776.71, 6345556.980000001378357, 0.0 ], [ 2508765.196399999782443, 6345537.184899999760091, 0.0 ] ] ] ] } },
{ "type": "Feature", "properties": { "LAYER": "PARCELARIO_BASE_CATASTRO", "MAP_NAME": "1010_2025.dwg", "ccpp1": "1010 87", "LAYER_2": "PADRONES_2_VISTALBA" }, "geometry": { "type": "MultiPolygon", "coordinates": [ [ [ [ 2508621.25, 6345352.71000000089407, 0.0 ], [ 2508657.299999999813735, 6345348.219999998807907, 0.0 ], [ 2508631.140000000130385, 6345302.160000000149012, 0.0 ], [ 2508602.609999999869615, 6345320.870000001043081, 0.0 ], [ 2508621.25, 6345352.71000000089407, 0.0 ] ] ] ] } },
{ "type": "Feature", "properties": { "LAYER": "PARCELARIO_BASE_CATASTRO", "MAP_NAME": "1010_2025.dwg", "ccpp1": "1010 15", "LAYER_2": "PADRONES_2_VISTALBA" }, "geometry": { "type": "MultiPolygon", "coordinates": [ [ [ [ 2508891.75, 6345598.089999999850988, 0.0 ], [ 2508931.190000000875443, 6345596.019999999552965, 0.0 ], [ 2508926.640000000130385, 6345576.5, 0.0 ], [ 2508918.450000000186265, 6345578.679999999701977, 0.0 ], [ 2508917.070000001229346, 6345572.75, 0.0 ], [ 2508915.21, 6345573.24000000115484, 0.0 ], [ 2508849.35, 6345461.46999999973923, 0.0 ], [ 2508834.910000000149012, 6345436.969999998807907, 0.0 ], [ 2508821.609999999869615, 6345414.400000001303852, 0.0 ], [ 2508808.319999999832362, 6345391.839999998919666, 0.0 ], [ 2508807.299999999813735, 6345390.120000001043081, 0.0 ], [ 2508780.549999999813735, 6345405.58, 0.0 ], [ 2508891.75, 6345598.089999999850988, 0.0 ] ] ] ] } },
{ "type": "Feature", "properties": { "LAYER": "PARCELARIO_BASE_CATASTRO", "MAP_NAME": "1010_2025.dwg", "ccpp1": "1010 345", "LAYER_2": "PADRONES_2_VISTALBA" }, "geometry": { "type": "MultiPolygon", "coordinates": [ [ [ [ 2508759.779999999795109, 6345387.870000000111759, 0.0 ], [ 2508745.4, 6345362.950000000186265, 0.0 ], [ 2508703.5252, 6345366.258899999782443, 0.0 ], [ 2508712.299999999813735, 6345380.820000000298023, 0.0 ], [ 2508718.33, 6345391.129999999888241, 0.0 ], [ 2508759.779999999795109, 6345387.870000000111759, 0.0 ] ] ] ] } },
{ "type": "Feature", "properties": { "LAYER": "PARCELARIO_BASE_CATASTRO", "MAP_NAME": "1010_2025.dwg", "ccpp1": "1010 947", "LAYER_2": "PADRONES_2_VISTALBA" }, "geometry": { "type": "MultiPolygon", "coordinates": [ [ [ [ 2508931.190000000875443, 6345596.019999999552965, 0.0 ], [ 2508953.260300000198185, 6345594.866399999707937, 0.0 ], [ 2508931.440000000875443, 6345555.150000000372529, 0.0 ], [ 2508940.509999999776483, 6345549.749999999068677, 0.0 ], [ 2508888.890000000130385, 6345462.950000000186265, 0.0 ], [ 2508861.839999999850988, 6345461.929999998770654, 0.0 ], [ 2508849.35, 6345461.46999999973923, 0.0 ], [ 2508915.21, 6345573.24000000115484, 0.0 ], [ 2508917.070000001229346, 6345572.75, 0.0 ], [ 2508918.450000000186265, 6345578.679999999701977, 0.0 ], [ 2508926.640000000130385, 6345576.5, 0.0 ], [ 2508931.190000000875443, 6345596.019999999552965, 0.0 ] ] ] ] } },
{ "type": "Feature", "properties": { "LAYER": "PARCELARIO_BASE_CATASTRO", "MAP_NAME": "1010_2025.dwg", "ccpp1": "1010 186", "LAYER_2": "PADRONES_2_VISTALBA" }, "geometry": { "type": "MultiPolygon", "coordinates": [ [ [ [ 2508966.950000000186265, 6345594.150899999774992, 0.0 ], [ 2508990.6601, 6345592.911600000225008, 0.0 ], [ 2508965.970000000204891, 6345553.03999999910593, 0.0 ], [ 2508886.976991514209658, 6345420.505005241371691, 0.0 ], [ 2508837.299999999813735, 6345336.469999998807907, 0.0 ], [ 2508815.25, 6345339.33, 0.0 ], [ 2508888.890000000130385, 6345462.950000000186265, 0.0 ], [ 2508940.509999999776483, 6345549.749999999068677, 0.0 ], [ 2508966.950000000186265, 6345594.150899999774992, 0.0 ] ] ] ] } },
{ "type": "Feature", "properties": { "LAYER": "PARCELARIO_BASE_CATASTRO", "MAP_NAME": "1010_2025.dwg", "ccpp1": "1919 180", "LAYER_2": "PADRONES_2_VISTALBA" }, "geometry": { "type": "MultiPolygon", "coordinates": [ [ [ [ 2509185.200300000142306, 6345576.241999998688698, 0.0 ], [ 2509198.6102, 6345573.880999999120831, 0.0 ], [ 2509153.610000000800937, 6345498.269999998621643, 0.0 ], [ 2509140.089999999850988, 6345499.599999998696148, 0.0 ], [ 2509185.200300000142306, 6345576.241999998688698, 0.0 ] ] ] ] } },
{ "type": "Feature", "properties": { "LAYER": "PARCELARIO_BASE_CATASTRO", "MAP_NAME": "1010_2025.dwg", "ccpp1": "1010 390", "LAYER_2": "PADRONES_2_VISTALBA" }, "geometry": { "type": "MultiPolygon", "coordinates": [ [ [ [ 2508641.5006, 6345867.837000001221895, 0.0 ], [ 2508636.319999999832362, 6345811.759999999776483, 0.0 ], [ 2508585.089999999850988, 6345816.730000000447035, 0.0 ], [ 2508585.879999999888241, 6345827.21, 0.0 ], [ 2508588.089999999850988, 6345872.559999999590218, 0.0 ], [ 2508589.629999999888241, 6345872.42, 0.0 ], [ 2508641.5006, 6345867.837000001221895, 0.0 ] ] ] ] } },
{ "type": "Feature", "properties": { "LAYER": "PARCELARIO_BASE_CATASTRO", "MAP_NAME": "1010_2025.dwg", "ccpp1": "1010 391", "LAYER_2": "PADRONES_2_VISTALBA" }, "geometry": { "type": "MultiPolygon", "coordinates": [ [ [ [ 2508663.1206, 6345865.926699999719858, 0.0 ], [ 2508656.940000000875443, 6345809.75999999884516, 0.0 ], [ 2508636.319999999832362, 6345811.759999999776483, 0.0 ], [ 2508641.5006, 6345867.837000001221895, 0.0 ], [ 2508663.1206, 6345865.926699999719858, 0.0 ] ] ] ] } },
{ "type": "Feature", "properties": { "LAYER": "PARCELARIO_BASE_CATASTRO", "MAP_NAME": "1010_2025.dwg", "ccpp1": "1010 601", "LAYER_2": "PADRONES_2_VISTALBA" }, "geometry": { "type": "MultiPolygon", "coordinates": [ [ [ [ 2508584.6511, 6345810.8799, 0.0 ], [ 2508630.570000001229346, 6345806.450000000186265, 0.0 ], [ 2508625.509999999776483, 6345774.379999999888241, 0.0 ], [ 2508625.220000000204891, 6345772.700000000186265, 0.0 ], [ 2508581.876300000119954, 6345773.899500001221895, 0.0 ], [ 2508584.6511, 6345810.8799, 0.0 ] ] ] ] } },
{ "type": "Feature", "properties": { "LAYER": "PARCELARIO_BASE_CATASTRO", "MAP_NAME": "1010_2025.dwg", "ccpp1": "1010 190", "LAYER_2": "PADRONES_2_VISTALBA" }, "geometry": { "type": "MultiPolygon", "coordinates": [ [ [ [ 2508625.220000000204891, 6345772.700000000186265, 0.0 ], [ 2508621.509999999776483, 6345750.900000000372529, 0.0 ], [ 2508609.200000000186265, 6345751.46, 0.0 ], [ 2508580.28940000012517, 6345752.75, 0.0 ], [ 2508581.876300000119954, 6345773.899500001221895, 0.0 ], [ 2508625.220000000204891, 6345772.700000000186265, 0.0 ] ] ] ] } },
{ "type": "Feature", "properties": { "LAYER": "PARCELARIO_BASE_CATASTRO", "MAP_NAME": "1010_2025.dwg", "ccpp1": "1010 1119", "LAYER_2": "PADRONES_2_VISTALBA" }, "geometry": { "type": "MultiPolygon", "coordinates": [ [ [ [ 2508670.201100000180304, 6345725.33739999961108, 0.0 ], [ 2508712.850399999879301, 6345723.447999998927116, 0.0 ], [ 2508709.879999999888241, 6345681.449999999254942, 0.0 ], [ 2508725.089999999850988, 6345680.219999998807907, 0.0 ], [ 2508723.8925, 6345657.438099998980761, 0.0 ], [ 2508708.192300000227988, 6345658.415199999697506, 0.0 ], [ 2508706.821899999864399, 6345634.310499999672174, 0.0 ], [ 2508699.950199999846518, 6345634.694899999536574, 0.0 ], [ 2508701.990000000223517, 6345678.999999999068677, 0.0 ], [ 2508665.569999999832362, 6345681.189999998547137, 0.0 ], [ 2508667.44, 6345710.230000000447035, 0.0 ], [ 2508668.0258, 6345723.520099999383092, 0.0 ], [ 2508670.201100000180304, 6345725.33739999961108, 0.0 ] ] ] ] } },
{ "type": "Feature", "properties": { "LAYER": "PARCELARIO_BASE_CATASTRO", "MAP_NAME": "1010_2025.dwg", "ccpp1": "1010 841", "LAYER_2": "PADRONES_2_VISTALBA" }, "geometry": { "type": "MultiPolygon", "coordinates": [ [ [ [ 2508776.025899999774992, 6345690.739699999801815, 0.0 ], [ 2508820.73, 6345687.799999999813735, 0.0 ], [ 2508819.990000000223517, 6345673.860000000335276, 0.0 ], [ 2508804.860000000800937, 6345674.769999998621643, 0.0 ], [ 2508789.730000000912696, 6345675.67, 0.0 ], [ 2508775.1987, 6345676.519500000402331, 0.0 ], [ 2508776.025899999774992, 6345690.739699999801815, 0.0 ] ] ] ] } },
{ "type": "Feature", "properties": { "LAYER": "PARCELARIO_BASE_CATASTRO", "MAP_NAME": "1010_2025.dwg", "ccpp1": "1010 536", "LAYER_2": "PADRONES_2_VISTALBA" }, "geometry": { "type": "MultiPolygon", "coordinates": [ [ [ [ 2508778.369700000155717, 6345939.02589999884367, 0.0 ], [ 2508792.859999999869615, 6345937.710199998691678, 0.0 ], [ 2508785.089999999850988, 6345876.04, 0.0 ], [ 2508769.180000000167638, 6345877.559999998658895, 0.0 ], [ 2508774.9803, 6345939.333599998615682, 0.0 ], [ 2508778.369700000155717, 6345939.02589999884367, 0.0 ] ] ] ] } },
{ "type": "Feature", "properties": { "LAYER": "PARCELARIO_BASE_CATASTRO", "MAP_NAME": "1010_2025.dwg", "ccpp1": "1010 975", "LAYER_2": "PADRONES_2_VISTALBA" }, "geometry": { "type": "MultiPolygon", "coordinates": [ [ [ [ 2508751.529800000134856, 6345941.463700000196695, 0.0 ], [ 2508759.6, 6345940.730000001378357, 0.0 ], [ 2508752.5, 6345879.150000000372529, 0.0 ], [ 2508735.779999999795109, 6345880.75, 0.0 ], [ 2508741.890000000130385, 6345942.339999999850988, 0.0 ], [ 2508751.529800000134856, 6345941.463700000196695, 0.0 ] ] ] ] } },
{ "type": "Feature", "properties": { "LAYER": "PARCELARIO_BASE_CATASTRO", "MAP_NAME": "1010_2025.dwg", "ccpp1": "1010 1388", "LAYER_2": "PADRONES_2_VISTALBA" }, "geometry": { "type": "MultiPolygon", "coordinates": [ [ [ [ 2508691.4509, 6345946.919599999673665, 0.0 ], [ 2508696.73, 6345946.440000000409782, 0.0 ], [ 2508724.599599999841303, 6345943.909799998626113, 0.0 ], [ 2508725.360100001096725, 6345943.840699999593198, 0.0 ], [ 2508718.589999999850988, 6345882.400000000372529, 0.0 ], [ 2508701.839999999850988, 6345884.0, 0.0 ], [ 2508684.96, 6345885.610000000335276, 0.0 ], [ 2508691.4509, 6345946.919599999673665, 0.0 ] ] ] ] } },
{ "type": "Feature", "properties": { "LAYER": "PARCELARIO_BASE_CATASTRO", "MAP_NAME": "1010_2025.dwg", "ccpp1": "1010 748", "LAYER_2": "PADRONES_2_VISTALBA" }, "geometry": { "type": "MultiPolygon", "coordinates": [ [ [ [ 2508669.0603, 6345948.95380000025034, 0.0 ], [ 2508691.4509, 6345946.919599999673665, 0.0 ], [ 2508684.96, 6345885.610000000335276, 0.0 ], [ 2508662.40000000083819, 6345887.769999998621643, 0.0 ], [ 2508669.0603, 6345948.95380000025034, 0.0 ] ] ] ] } },
{ "type": "Feature", "properties": { "LAYER": "PARCELARIO_BASE_CATASTRO", "MAP_NAME": "1010_2025.dwg", "ccpp1": "1010 747", "LAYER_2": "PADRONES_2_VISTALBA" }, "geometry": { "type": "MultiPolygon", "coordinates": [ [ [ [ 2508648.830200000200421, 6345950.79179999884218, 0.0 ], [ 2508669.0603, 6345948.95380000025034, 0.0 ], [ 2508662.40000000083819, 6345887.769999998621643, 0.0 ], [ 2508641.360000000800937, 6345889.780000001192093, 0.0 ], [ 2508648.830200000200421, 6345950.79179999884218, 0.0 ] ] ] ] } },
{ "type": "Feature", "properties": { "LAYER": "PARCELARIO_BASE_CATASTRO", "MAP_NAME": "1010_2025.dwg", "ccpp1": "1010 334", "LAYER_2": "PADRONES_2_VISTALBA" }, "geometry": { "type": "MultiPolygon", "coordinates": [ [ [ [ 2508586.660000000149012, 6345956.440000001341105, 0.0 ], [ 2508629.120199999772012, 6345952.582399999722838, 0.0 ], [ 2508622.569999999832362, 6345891.579999999143183, 0.0 ], [ 2508590.320000001229346, 6345894.659999998286366, 0.0 ], [ 2508588.77, 6345896.299999999813735, 0.0 ], [ 2508586.660000000149012, 6345956.440000001341105, 0.0 ] ] ] ] } },
{ "type": "Feature", "properties": { "LAYER": "PARCELARIO_BASE_CATASTRO", "MAP_NAME": "1010_2025.dwg", "ccpp1": "1010 573", "LAYER_2": "PADRONES_2_VISTALBA" }, "geometry": { "type": "MultiPolygon", "coordinates": [ [ [ [ 2508700.319999999832362, 6345862.639999998733401, 0.0 ], [ 2508694.070000001229346, 6345792.440000000409782, 0.0 ], [ 2508679.879999999888241, 6345793.309999999590218, 0.0 ], [ 2508673.890000000130385, 6345793.679999999701977, 0.0 ], [ 2508679.840800000820309, 6345864.449400001205504, 0.0 ], [ 2508700.319999999832362, 6345862.639999998733401, 0.0 ] ] ] ] } },
{ "type": "Feature", "properties": { "LAYER": "PARCELARIO_BASE_CATASTRO", "MAP_NAME": "1010_2025.dwg", "ccpp1": "1010 606", "LAYER_2": "PADRONES_2_VISTALBA" }, "geometry": { "type": "MultiPolygon", "coordinates": [ [ [ [ 2508721.629999999888241, 6345860.759999999776483, 0.0 ], [ 2508714.96, 6345791.150000001303852, 0.0 ], [ 2508707.29, 6345791.619999999180436, 0.0 ], [ 2508694.070000001229346, 6345792.440000000409782, 0.0 ], [ 2508700.319999999832362, 6345862.639999998733401, 0.0 ], [ 2508721.629999999888241, 6345860.759999999776483, 0.0 ] ] ] ] } },
{ "type": "Feature", "properties": { "LAYER": "PARCELARIO_BASE_CATASTRO", "MAP_NAME": "1010_2025.dwg", "ccpp1": "1010 607", "LAYER_2": "PADRONES_2_VISTALBA" }, "geometry": { "type": "MultiPolygon", "coordinates": [ [ [ [ 2508735.46, 6345859.54, 0.0 ], [ 2508730.069999999832362, 6345790.21999999973923, 0.0 ], [ 2508721.27, 6345790.75999999884516, 0.0 ], [ 2508714.96, 6345791.150000001303852, 0.0 ], [ 2508721.629999999888241, 6345860.759999999776483, 0.0 ], [ 2508735.46, 6345859.54, 0.0 ] ] ] ] } },
{ "type": "Feature", "properties": { "LAYER": "PARCELARIO_BASE_CATASTRO", "MAP_NAME": "1010_2025.dwg", "ccpp1": "1010 609", "LAYER_2": "PADRONES_2_VISTALBA" }, "geometry": { "type": "MultiPolygon", "coordinates": [ [ [ [ 2508754.950000000186265, 6345857.820000000298023, 0.0 ], [ 2508749.25, 6345789.04, 0.0 ], [ 2508735.180000000167638, 6345789.910000000149012, 0.0 ], [ 2508730.069999999832362, 6345790.21999999973923, 0.0 ], [ 2508735.46, 6345859.54, 0.0 ], [ 2508754.950000000186265, 6345857.820000000298023, 0.0 ] ] ] ] } },
{ "type": "Feature", "properties": { "LAYER": "PARCELARIO_BASE_CATASTRO", "MAP_NAME": "1010_2025.dwg", "ccpp1": "1010 608", "LAYER_2": "PADRONES_2_VISTALBA" }, "geometry": { "type": "MultiPolygon", "coordinates": [ [ [ [ 2508775.170400000177324, 6345856.034300001338124, 0.0 ], [ 2508768.19, 6345787.870000000111759, 0.0 ], [ 2508763.77, 6345788.150000000372529, 0.0 ], [ 2508749.25, 6345789.04, 0.0 ], [ 2508754.950000000186265, 6345857.820000000298023, 0.0 ], [ 2508775.170400000177324, 6345856.034300001338124, 0.0 ] ] ] ] } },
{ "type": "Feature", "properties": { "LAYER": "PARCELARIO_BASE_CATASTRO", "MAP_NAME": "1010_2025.dwg", "ccpp1": "1010 574", "LAYER_2": "PADRONES_2_VISTALBA" }, "geometry": { "type": "MultiPolygon", "coordinates": [ [ [ [ 2508794.940700000151992, 6345854.28830000013113, 0.0 ], [ 2508788.629999999888241, 6345786.620000000111759, 0.0 ], [ 2508776.79, 6345787.349999998696148, 0.0 ], [ 2508768.19, 6345787.870000000111759, 0.0 ], [ 2508775.170400000177324, 6345856.034300001338124, 0.0 ], [ 2508794.940700000151992, 6345854.28830000013113, 0.0 ] ] ] ] } },
{ "type": "Feature", "properties": { "LAYER": "PARCELARIO_BASE_CATASTRO", "MAP_NAME": "1010_2025.dwg", "ccpp1": "1010 575", "LAYER_2": "PADRONES_2_VISTALBA" }, "geometry": { "type": "MultiPolygon", "coordinates": [ [ [ [ 2508809.350500000175089, 6345853.015800001099706, 0.0 ], [ 2508803.069999999832362, 6345785.730000001378357, 0.0 ], [ 2508791.089999999850988, 6345786.46999999973923, 0.0 ], [ 2508788.629999999888241, 6345786.620000000111759, 0.0 ], [ 2508794.940700000151992, 6345854.28830000013113, 0.0 ], [ 2508809.350500000175089, 6345853.015800001099706, 0.0 ] ] ] ] } },
{ "type": "Feature", "properties": { "LAYER": "PARCELARIO_BASE_CATASTRO", "MAP_NAME": "1010_2025.dwg", "ccpp1": "1010 703", "LAYER_2": "PADRONES_2_VISTALBA" }, "geometry": { "type": "MultiPolygon", "coordinates": [ [ [ [ 2508585.222800000105053, 6345997.06010000128299, 0.0 ], [ 2508640.299999999813735, 6345992.419999998994172, 0.0 ], [ 2508641.009999999776483, 6345972.249999999068677, 0.0 ], [ 2508585.941399999894202, 6345976.750099999830127, 0.0 ], [ 2508585.222800000105053, 6345997.06010000128299, 0.0 ] ] ] ] } },
{ "type": "Feature", "properties": { "LAYER": "PARCELARIO_BASE_CATASTRO", "MAP_NAME": "1010_2025.dwg", "ccpp1": "1010 810", "LAYER_2": "PADRONES_2_VISTALBA" }, "geometry": { "type": "MultiPolygon", "coordinates": [ [ [ [ 2508575.854299999773502, 6346229.040199998766184, 0.0 ], [ 2508574.90000000083819, 6346247.749999999068677, 0.0 ], [ 2508631.430000000167638, 6346242.919999998994172, 0.0 ], [ 2508632.069999999832362, 6346224.240000000223517, 0.0 ], [ 2508575.854299999773502, 6346229.040199998766184, 0.0 ] ] ] ] } },
{ "type": "Feature", "properties": { "LAYER": "PARCELARIO_BASE_CATASTRO", "MAP_NAME": "1010_2025.dwg", "ccpp1": "1010 630", "LAYER_2": "PADRONES_2_VISTALBA" }, "geometry": { "type": "MultiPolygon", "coordinates": [ [ [ [ 2508581.589999999850988, 6346099.740000000223517, 0.0 ], [ 2508636.79, 6346095.110000001266599, 0.0 ], [ 2508637.570000001229346, 6346071.910000000149012, 0.0 ], [ 2508582.4027, 6346076.770100000314415, 0.0 ], [ 2508581.589999999850988, 6346099.740000000223517, 0.0 ] ] ] ] } },
{ "type": "Feature", "properties": { "LAYER": "PARCELARIO_BASE_CATASTRO", "MAP_NAME": "1010_2025.dwg", "ccpp1": "1010 631", "LAYER_2": "PADRONES_2_VISTALBA" }, "geometry": { "type": "MultiPolygon", "coordinates": [ [ [ [ 2508582.4027, 6346076.770100000314415, 0.0 ], [ 2508637.570000001229346, 6346071.910000000149012, 0.0 ], [ 2508637.65000000083819, 6346070.099999998696148, 0.0 ], [ 2508638.25, 6346052.379999998956919, 0.0 ], [ 2508583.1011, 6346057.03000000026077, 0.0 ], [ 2508582.4027, 6346076.770100000314415, 0.0 ] ] ] ] } },
{ "type": "Feature", "properties": { "LAYER": "PARCELARIO_BASE_CATASTRO", "MAP_NAME": "1010_2025.dwg", "ccpp1": "1010 632", "LAYER_2": "PADRONES_2_VISTALBA" }, "geometry": { "type": "MultiPolygon", "coordinates": [ [ [ [ 2508583.1011, 6346057.03000000026077, 0.0 ], [ 2508638.25, 6346052.379999998956919, 0.0 ], [ 2508638.509999999776483, 6346044.92, 0.0 ], [ 2508638.930000000167638, 6346032.67, 0.0 ], [ 2508583.816800000146031, 6346036.800200001336634, 0.0 ], [ 2508583.1011, 6346057.03000000026077, 0.0 ] ] ] ] } },
{ "type": "Feature", "properties": { "LAYER": "PARCELARIO_BASE_CATASTRO", "MAP_NAME": "1010_2025.dwg", "ccpp1": "1010 633", "LAYER_2": "PADRONES_2_VISTALBA" }, "geometry": { "type": "MultiPolygon", "coordinates": [ [ [ [ 2508583.816800000146031, 6346036.800200001336634, 0.0 ], [ 2508638.930000000167638, 6346032.67, 0.0 ], [ 2508639.359999999869615, 6346019.75, 0.0 ], [ 2508639.609999999869615, 6346012.509999999776483, 0.0 ], [ 2508584.5131, 6346017.1201, 0.0 ], [ 2508583.816800000146031, 6346036.800200001336634, 0.0 ] ] ] ] } },
{ "type": "Feature", "properties": { "LAYER": "PARCELARIO_BASE_CATASTRO", "MAP_NAME": "1010_2025.dwg", "ccpp1": "1010 634", "LAYER_2": "PADRONES_2_VISTALBA" }, "geometry": { "type": "MultiPolygon", "coordinates": [ [ [ [ 2508584.5131, 6346017.1201, 0.0 ], [ 2508639.609999999869615, 6346012.509999999776483, 0.0 ], [ 2508640.240000000223517, 6345994.58, 0.0 ], [ 2508640.299999999813735, 6345992.419999998994172, 0.0 ], [ 2508585.222800000105053, 6345997.06010000128299, 0.0 ], [ 2508584.5131, 6346017.1201, 0.0 ] ] ] ] } },
{ "type": "Feature", "properties": { "LAYER": "PARCELARIO_BASE_CATASTRO", "MAP_NAME": "1010_2025.dwg", "ccpp1": "1010 225", "LAYER_2": "PADRONES_2_VISTALBA" }, "geometry": { "type": "MultiPolygon", "coordinates": [ [ [ [ 2508555.948921522125602, 6346493.345064958557487, 0.0 ], [ 2508675.565599999856204, 6346495.1114999987185, 0.0 ], [ 2508678.04, 6346455.940000001341105, 0.0 ], [ 2508615.020399999804795, 6346456.738199998624623, 0.0 ], [ 2508596.3884, 6346456.901700000278652, 0.0 ], [ 2508578.744, 6346457.120299999602139, 0.0 ], [ 2508561.174885895103216, 6346457.360381915234029, 0.0 ], [ 2508556.460143905133009, 6346489.210817667655647, 0.0 ], [ 2508555.948921522125602, 6346493.345064958557487, 0.0 ] ] ] ] } },
{ "type": "Feature", "properties": { "LAYER": "PARCELARIO_BASE_CATASTRO", "MAP_NAME": "1010_2025.dwg", "ccpp1": "1010 290", "LAYER_2": "PADRONES_2_VISTALBA" }, "geometry": { "type": "MultiPolygon", "coordinates": [ [ [ [ 2508619.3745, 6346456.667399999685585, 0.0 ], [ 2508620.63450026512146, 6346422.455592793412507, 0.0 ], [ 2508614.46, 6346422.53000000026077, 0.0 ], [ 2508570.940000000875443, 6346423.070000001229346, 0.0 ], [ 2508566.864226911216974, 6346423.121746186167002, 0.0 ], [ 2508561.174885895103216, 6346457.360381915234029, 0.0 ], [ 2508619.3745, 6346456.667399999685585, 0.0 ] ] ] ] } },
{ "type": "Feature", "properties": { "LAYER": "PARCELARIO_BASE_CATASTRO", "MAP_NAME": "1010_2025.dwg", "ccpp1": "1010 151", "LAYER_2": "PADRONES_2_VISTALBA" }, "geometry": { "type": "MultiPolygon", "coordinates": [ [ [ [ 2508506.214000000152737, 6347082.237599999643862, 0.0 ], [ 2508710.090300001204014, 6347105.9381, 0.0 ], [ 2508714.7818, 6347051.887600000947714, 0.0 ], [ 2508717.597766520921141, 6347026.146847787313163, 0.0 ], [ 2508719.77773796999827, 6347007.088233417831361, 0.0 ], [ 2508720.109999999869615, 6347004.183400001376867, 0.0 ], [ 2508727.861709273885936, 6346874.206607328727841, 0.0 ], [ 2508526.671400000806898, 6346847.145799999125302, 0.0 ], [ 2508521.475533845834434, 6346907.056371297687292, 0.0 ], [ 2508594.778700000140816, 6346912.854600000195205, 0.0 ], [ 2508595.6236, 6346903.0609, 0.0 ], [ 2508616.6782, 6346904.6299, 0.0 ], [ 2508620.815700000151992, 6346947.553899999707937, 0.0 ], [ 2508618.215900000184774, 6346991.20920000039041, 0.0 ], [ 2508514.881957416888326, 6346983.035648130811751, 0.0 ], [ 2508506.214000000152737, 6347082.237599999643862, 0.0 ] ] ] ] } },
{ "type": "Feature", "properties": { "LAYER": "PARCELARIO_BASE_CATASTRO", "MAP_NAME": "1010_2025.dwg", "ccpp1": "1010 525", "LAYER_2": "PADRONES_2_VISTALBA" }, "geometry": { "type": "MultiPolygon", "coordinates": [ [ [ [ 2508567.370199999772012, 6347171.423600000329316, 0.0 ], [ 2508562.713099999818951, 6347171.016900000162423, 0.0 ], [ 2508560.704100000206381, 6347170.841400001198053, 0.0 ], [ 2508537.827, 6347168.843200000934303, 0.0 ], [ 2508532.225, 6347168.353900000452995, 0.0 ], [ 2508506.01130000082776, 6347166.064299998804927, 0.0 ], [ 2508498.97580000013113, 6347165.449799999594688, 0.0 ], [ 2508497.014899999834597, 6347191.499699999578297, 0.0 ], [ 2508502.00400000018999, 6347191.88499999884516, 0.0 ], [ 2508504.217000000178814, 6347192.05589999910444, 0.0 ], [ 2508507.273900000844151, 6347192.292000000365078, 0.0 ], [ 2508512.2739, 6347192.678100000135601, 0.0 ], [ 2508515.104499999899417, 6347192.896700001321733, 0.0 ], [ 2508517.2739, 6347193.0642, 0.0 ], [ 2508520.104499999899417, 6347193.282800000160933, 0.0 ], [ 2508525.785000000149012, 6347193.721400000154972, 0.0 ], [ 2508556.527600000146776, 6347196.095400000922382, 0.0 ], [ 2508559.707100000232458, 6347196.340900000184774, 0.0 ], [ 2508565.1722, 6347196.762900000438094, 0.0 ], [ 2508566.879600000102073, 6347177.079499999061227, 0.0 ], [ 2508567.370199999772012, 6347171.423600000329316, 0.0 ] ] ] ] } },
{ "type": "Feature", "properties": { "LAYER": "PARCELARIO_BASE_CATASTRO", "MAP_NAME": "1010_2025.dwg", "ccpp1": "1010 515", "LAYER_2": "PADRONES_2_VISTALBA" }, "geometry": { "type": "MultiPolygon", "coordinates": [ [ [ [ 2508565.1722, 6347196.762900000438094, 0.0 ], [ 2508559.707100000232458, 6347196.340900000184774, 0.0 ], [ 2508556.527600000146776, 6347196.095400000922382, 0.0 ], [ 2508525.785000000149012, 6347193.721400000154972, 0.0 ], [ 2508520.104499999899417, 6347193.282800000160933, 0.0 ], [ 2508517.2739, 6347193.0642, 0.0 ], [ 2508515.104499999899417, 6347192.896700001321733, 0.0 ], [ 2508512.2739, 6347192.678100000135601, 0.0 ], [ 2508507.273900000844151, 6347192.292000000365078, 0.0 ], [ 2508504.217000000178814, 6347192.05589999910444, 0.0 ], [ 2508502.00400000018999, 6347191.88499999884516, 0.0 ], [ 2508497.014899999834597, 6347191.499699999578297, 0.0 ], [ 2508495.01189999980852, 6347218.109699998982251, 0.0 ], [ 2508499.410000000149012, 6347218.409599998965859, 0.0 ], [ 2508502.558600000105798, 6347218.62430000025779, 0.0 ], [ 2508508.444500000216067, 6347219.025700000114739, 0.0 ], [ 2508544.654399999883026, 6347221.494900001212955, 0.0 ], [ 2508550.2226, 6347221.874599998816848, 0.0 ], [ 2508555.2226, 6347222.215499999001622, 0.0 ], [ 2508555.984199999831617, 6347222.2675, 0.0 ], [ 2508556.69150000018999, 6347222.315700000151992, 0.0 ], [ 2508562.918800000101328, 6347222.740299999713898, 0.0 ], [ 2508563.3525, 6347217.740299999713898, 0.0 ], [ 2508563.786299999803305, 6347212.740299999713898, 0.0 ], [ 2508564.220000000204891, 6347207.740299999713898, 0.0 ], [ 2508564.653700000140816, 6347202.740299999713898, 0.0 ], [ 2508565.1722, 6347196.762900000438094, 0.0 ] ] ] ] } },
{ "type": "Feature", "properties": { "LAYER": "PARCELARIO_BASE_CATASTRO", "MAP_NAME": "1010_2025.dwg", "ccpp1": "1010 658", "LAYER_2": "PADRONES_2_VISTALBA" }, "geometry": { "type": "MultiPolygon", "coordinates": [ [ [ [ 2508562.918800000101328, 6347222.740299999713898, 0.0 ], [ 2508556.69150000018999, 6347222.315700000151992, 0.0 ], [ 2508555.984199999831617, 6347222.2675, 0.0 ], [ 2508555.2226, 6347222.215499999001622, 0.0 ], [ 2508550.2226, 6347221.874599998816848, 0.0 ], [ 2508544.654399999883026, 6347221.494900001212955, 0.0 ], [ 2508508.444500000216067, 6347219.025700000114739, 0.0 ], [ 2508502.558600000105798, 6347218.62430000025779, 0.0 ], [ 2508499.410000000149012, 6347218.409599998965859, 0.0 ], [ 2508495.01189999980852, 6347218.109699998982251, 0.0 ], [ 2508493.105599999893457, 6347243.433500000275671, 0.0 ], [ 2508499.695500000845641, 6347243.954400000162423, 0.0 ], [ 2508547.5057, 6347247.733900001272559, 0.0 ], [ 2508550.8303, 6347247.9967, 0.0 ], [ 2508552.5995, 6347248.136599999852479, 0.0 ], [ 2508555.8303, 6347248.392000000923872, 0.0 ], [ 2508560.660500001162291, 6347248.773799998685718, 0.0 ], [ 2508560.951900000218302, 6347245.4145, 0.0 ], [ 2508562.918800000101328, 6347222.740299999713898, 0.0 ] ] ] ] } },
{ "type": "Feature", "properties": { "LAYER": "PARCELARIO_BASE_CATASTRO", "MAP_NAME": "1010_2025.dwg", "ccpp1": "1010 754", "LAYER_2": "PADRONES_2_VISTALBA" }, "geometry": { "type": "MultiPolygon", "coordinates": [ [ [ [ 2508520.735100000165403, 6347319.182900000363588, 0.0 ], [ 2508487.582299999892712, 6347316.307099998928607, 0.0 ], [ 2508487.474299999885261, 6347317.722699998877943, 0.0 ], [ 2508485.42989999987185, 6347344.509100000374019, 0.0 ], [ 2508489.0408, 6347344.777499999850988, 0.0 ], [ 2508496.980200000107288, 6347345.367600000463426, 0.0 ], [ 2508501.980200000107288, 6347345.739299999549985, 0.0 ], [ 2508508.061600000131875, 6347346.1913, 0.0 ], [ 2508518.669000000227243, 6347346.979700000956655, 0.0 ], [ 2508520.735100000165403, 6347319.182900000363588, 0.0 ] ] ] ] } },
{ "type": "Feature", "properties": { "LAYER": "PARCELARIO_BASE_CATASTRO", "MAP_NAME": "1010_2025.dwg", "ccpp1": "1010 1", "LAYER_2": "PADRONES_2_VISTALBA" }, "geometry": { "type": "MultiPolygon", "coordinates": [ [ [ [ 2509086.286900000181049, 6347554.933600000105798, 0.0 ], [ 2509104.8767, 6347214.751199999824166, 0.0 ], [ 2509106.5472, 6347187.1996, 0.0 ], [ 2509080.4824, 6347184.246299998834729, 0.0 ], [ 2509056.8416, 6347181.712299999780953, 0.0 ], [ 2509034.9506, 6347179.365799999795854, 0.0 ], [ 2509013.062300000805408, 6347177.019600000232458, 0.0 ], [ 2508991.163499999791384, 6347174.6722, 0.0 ], [ 2508969.282500000204891, 6347172.3268, 0.0 ], [ 2508947.3843, 6347169.979500001296401, 0.0 ], [ 2508925.503399999812245, 6347167.634100001305342, 0.0 ], [ 2508903.6050999998115, 6347165.286799999885261, 0.0 ], [ 2508881.706199999898672, 6347162.939399999566376, 0.0 ], [ 2508859.826000000815839, 6347160.594100000336766, 0.0 ], [ 2508837.9271, 6347158.246700000949204, 0.0 ], [ 2508816.046800000127405, 6347155.901399999856949, 0.0 ], [ 2508794.911799999885261, 6347153.635900000110269, 0.0 ], [ 2508773.037600000854582, 6347151.291199999861419, 0.0 ], [ 2508751.387500000186265, 6347148.970499999821186, 0.0 ], [ 2508725.854600001126528, 6347146.2336, 0.0 ], [ 2508674.908100000116974, 6347140.772599998861551, 0.0 ], [ 2508502.712299999780953, 6347122.314899999648333, 0.0 ], [ 2508502.4197, 6347125.663599998690188, 0.0 ], [ 2508500.912899999879301, 6347142.9084, 0.0 ], [ 2508501.716399999801069, 6347142.990899998694658, 0.0 ], [ 2508512.4542, 6347144.0927, 0.0 ], [ 2508512.0644, 6347147.190499999560416, 0.0 ], [ 2508513.886, 6347147.3876, 0.0 ], [ 2508513.342500001192093, 6347151.752399999648333, 0.0 ], [ 2508518.6225, 6347152.3235999988392, 0.0 ], [ 2508519.535000000149012, 6347144.8701, 0.0 ], [ 2508567.5121, 6347149.94550000037998, 0.0 ], [ 2508569.2177, 6347150.125900000333786, 0.0 ], [ 2508568.235100000165403, 6347161.453099999576807, 0.0 ], [ 2508567.8564, 6347165.8191, 0.0 ], [ 2508567.370199999772012, 6347171.423600000329316, 0.0 ], [ 2508566.879600000102073, 6347177.079499999061227, 0.0 ], [ 2508565.1722, 6347196.762900000438094, 0.0 ], [ 2508564.653700000140816, 6347202.740299999713898, 0.0 ], [ 2508564.220000000204891, 6347207.740299999713898, 0.0 ], [ 2508563.786299999803305, 6347212.740299999713898, 0.0 ], [ 2508563.3525, 6347217.740299999713898, 0.0 ], [ 2508562.918800000101328, 6347222.740299999713898, 0.0 ], [ 2508560.951900000218302, 6347245.4145, 0.0 ], [ 2508560.660500001162291, 6347248.773799998685718, 0.0 ], [ 2508560.260700000915676, 6347253.38260000012815, 0.0 ], [ 2508558.8569, 6347269.565899998880923, 0.0 ], [ 2508558.355000000912696, 6347275.352699998766184, 0.0 ], [ 2508556.775100000202656, 6347293.565900001674891, 0.0 ], [ 2508556.1839, 6347300.380599999800324, 0.0 ], [ 2508554.529399999883026, 6347319.454599999822676, 0.0 ], [ 2508551.9273, 6347349.4517, 0.0 ], [ 2508550.18459999980405, 6347349.322200000286102, 0.0 ], [ 2508543.269799999892712, 6347348.808199999853969, 0.0 ], [ 2508538.269799999892712, 6347348.436599999666214, 0.0 ], [ 2508518.669000000227243, 6347346.979700000956655, 0.0 ], [ 2508508.061600000131875, 6347346.1913, 0.0 ], [ 2508501.980200000107288, 6347345.739299999549985, 0.0 ], [ 2508496.980200000107288, 6347345.367600000463426, 0.0 ], [ 2508489.0408, 6347344.777499999850988, 0.0 ], [ 2508485.42989999987185, 6347344.509100000374019, 0.0 ], [ 2508483.931299999821931, 6347364.143799999728799, 0.0 ], [ 2508527.6667, 6347367.834099999628961, 0.0 ], [ 2508534.434400000143796, 6347368.4051, 0.0 ], [ 2508539.434400000143796, 6347368.827000001445413, 0.0 ], [ 2508550.2237, 6347369.737400000914931, 0.0 ], [ 2508548.105700000189245, 6347396.655500000342727, 0.0 ], [ 2508546.082700000144541, 6347422.365799999795854, 0.0 ], [ 2508542.6955, 6347465.413800001144409, 0.0 ], [ 2508540.349400000181049, 6347495.230799999088049, 0.0 ], [ 2508620.639600000809878, 6347502.3909, 0.0 ], [ 2508651.42, 6347505.864099999889731, 0.0 ], [ 2508681.080200000200421, 6347509.21100000012666, 0.0 ], [ 2508711.7409, 6347512.6705, 0.0 ], [ 2508741.0222, 6347515.974600001238286, 0.0 ], [ 2508769.9934, 6347519.243700000457466, 0.0 ], [ 2508798.316399999894202, 6347522.439600001089275, 0.0 ], [ 2508827.0877, 6347525.686099999584258, 0.0 ], [ 2508852.962900000158697, 6347528.6058, 0.0 ], [ 2508881.424700000789016, 6347531.81730000115931, 0.0 ], [ 2508908.677999999839813, 6347534.8926, 0.0 ], [ 2508961.646300000138581, 6347540.869400001130998, 0.0 ], [ 2508987.431400000117719, 6347543.778900000266731, 0.0 ], [ 2509013.146300000138581, 6347546.680599998682737, 0.0 ], [ 2509038.650700000114739, 6347549.558500000275671, 0.0 ], [ 2509063.536999999079853, 6347552.366399999707937, 0.0 ], [ 2509086.286900000181049, 6347554.933600000105798, 0.0 ] ] ] ] } },
{ "type": "Feature", "properties": { "LAYER": "PARCELARIO_BASE_CATASTRO", "MAP_NAME": "1010_2025.dwg", "ccpp1": "1010 2464", "LAYER_2": "PADRONES_2_VISTALBA" }, "geometry": { "type": "MultiPolygon", "coordinates": [ [ [ [ 2508546.082903435919434, 6347422.363214536570013, 0.0 ], [ 2508479.7966, 6347415.892199999652803, 0.0 ], [ 2508476.675499999895692, 6347453.401600001379848, 0.0 ], [ 2508476.496300000231713, 6347455.555599998682737, 0.0 ], [ 2508476.0989, 6347460.175599999725819, 0.0 ], [ 2508473.721700000111014, 6347487.812699998728931, 0.0 ], [ 2508508.055499999783933, 6347491.636400000192225, 0.0 ], [ 2508525.10080000013113, 6347493.533599998801947, 0.0 ], [ 2508540.349400000181049, 6347495.230799999088049, 0.0 ], [ 2508542.6955, 6347465.413800001144409, 0.0 ], [ 2508546.082903435919434, 6347422.363214536570013, 0.0 ] ] ] ] } },
{ "type": "Feature", "properties": { "LAYER": "PARCELARIO_BASE_CATASTRO", "MAP_NAME": "1010_2025.dwg", "ccpp1": "1010 139", "LAYER_2": "PADRONES_2_VISTALBA" }, "geometry": { "type": "MultiPolygon", "coordinates": [ [ [ [ 2508525.10080000013113, 6347493.533599998801947, 0.0 ], [ 2508508.055499999783933, 6347491.636400000192225, 0.0 ], [ 2508473.721700000111014, 6347487.812699998728931, 0.0 ], [ 2508466.979499999899417, 6347566.195899999700487, 0.0 ], [ 2508469.0968, 6347566.408800000324845, 0.0 ], [ 2508508.374900000169873, 6347570.3509, 0.0 ], [ 2508511.3893, 6347568.513600000180304, 0.0 ], [ 2508525.10080000013113, 6347493.533599998801947, 0.0 ] ] ] ] } },
{ "type": "Feature", "properties": { "LAYER": "PARCELARIO_BASE_CATASTRO", "MAP_NAME": "1010_2025.dwg", "ccpp1": "1010 231", "LAYER_2": "PADRONES_2_VISTALBA" }, "geometry": { "type": "MultiPolygon", "coordinates": [ [ [ [ 2509079.317100000102073, 6347663.8876, 0.0 ], [ 2509077.09830000018701, 6347663.582999999634922, 0.0 ], [ 2509055.834300000220537, 6347660.66399999987334, 0.0 ], [ 2509051.230000000912696, 6347660.032000000588596, 0.0 ], [ 2509050.9156, 6347659.988800001330674, 0.0 ], [ 2509029.100500000175089, 6347656.994199999608099, 0.0 ], [ 2509024.016200000885874, 6347656.29619999974966, 0.0 ], [ 2509007.4126, 6347654.016999999061227, 0.0 ], [ 2508985.599, 6347651.022599999792874, 0.0 ], [ 2508963.841399999801069, 6347648.035899999551475, 0.0 ], [ 2508962.733300000894815, 6347647.8838, 0.0 ], [ 2508942.0195, 6347645.236600001342595, 0.0 ], [ 2508923.7516, 6347642.9019, 0.0 ], [ 2508920.1837, 6347642.445899999700487, 0.0 ], [ 2508898.352800000924617, 6347639.655899999663234, 0.0 ], [ 2508876.591300000902265, 6347636.874800000339746, 0.0 ], [ 2508854.7325, 6347634.08119999896735, 0.0 ], [ 2508833.1428, 6347631.321999998763204, 0.0 ], [ 2508832.809900000225753, 6347631.279499998316169, 0.0 ], [ 2508811.2467, 6347628.528, 0.0 ], [ 2508789.498999999836087, 6347625.744300001300871, 0.0 ], [ 2508789.1585, 6347625.700799999758601, 0.0 ], [ 2508787.410500000230968, 6347625.477400001138449, 0.0 ], [ 2508781.858099999837577, 6347624.767799999564886, 0.0 ], [ 2508776.858099999837577, 6347624.1288, 0.0 ], [ 2508741.7484, 6347619.641699998639524, 0.0 ], [ 2508741.403, 6347619.597699998877943, 0.0 ], [ 2508717.6157, 6347616.5576, 0.0 ], [ 2508717.322199999820441, 6347616.520100000314415, 0.0 ], [ 2508670.193599999882281, 6347610.497399998828769, 0.0 ], [ 2508668.9668, 6347610.34080000128597, 0.0 ], [ 2508657.7124, 6347608.901900000870228, 0.0 ], [ 2508646.270700000226498, 6347607.488900000229478, 0.0 ], [ 2508644.965799999888986, 6347607.327600001357496, 0.0 ], [ 2508622.917700000107288, 6347604.604699999094009, 0.0 ], [ 2508622.058400000911206, 6347604.4989, 0.0 ], [ 2508621.732900000177324, 6347604.4589, 0.0 ], [ 2508598.889, 6347601.6371, 0.0 ], [ 2508598.594500000122935, 6347601.60080000013113, 0.0 ], [ 2508576.916400000918657, 6347598.923499998636544, 0.0 ], [ 2508574.859899999108166, 6347598.669499999843538, 0.0 ], [ 2508574.556100000161678, 6347598.632000000216067, 0.0 ], [ 2508569.6831, 6347598.0302, 0.0 ], [ 2508525.423599999863654, 6347592.563999999314547, 0.0 ], [ 2508518.640699999872595, 6347591.726099998690188, 0.0 ], [ 2508516.603500000201166, 6347591.474299998953938, 0.0 ], [ 2508465.349700000137091, 6347585.142300000414252, 0.0 ], [ 2508463.586299999151379, 6347605.643199998885393, 0.0 ], [ 2508466.451900000218302, 6347605.968999998643994, 0.0 ], [ 2508516.307300000917166, 6347611.5954, 0.0 ], [ 2508513.870000000111759, 6347635.925300001166761, 0.0 ], [ 2508499.614500000141561, 6347634.1398, 0.0 ], [ 2508492.186799999792129, 6347633.209499998949468, 0.0 ], [ 2508467.455299999099225, 6347630.112000000663102, 0.0 ], [ 2508461.565700000151992, 6347629.369199998676777, 0.0 ], [ 2508455.3884, 6347714.664699998684227, 0.0 ], [ 2508455.228900000918657, 6347716.867700000293553, 0.0 ], [ 2508455.189799999818206, 6347717.4084, 0.0 ], [ 2508492.260600000154227, 6347721.437800000421703, 0.0 ], [ 2508529.070500000845641, 6347725.438699999824166, 0.0 ], [ 2508548.5499, 6347727.555999998934567, 0.0 ], [ 2508567.480000000912696, 6347729.6135, 0.0 ], [ 2508586.2906, 6347731.658099999651313, 0.0 ], [ 2508606.279999999795109, 6347734.073699998669326, 0.0 ], [ 2508624.810100000817329, 6347736.312999999150634, 0.0 ], [ 2508643.85, 6347738.613900000229478, 0.0 ], [ 2508663.9106, 6347741.038099998608232, 0.0 ], [ 2508682.309500000905246, 6347743.111199998296797, 0.0 ], [ 2508698.620500000193715, 6347744.949, 0.0 ], [ 2508736.150700000114739, 6347749.177599999122322, 0.0 ], [ 2508772.589999999850988, 6347753.283300001174212, 0.0 ], [ 2508808.109899999108166, 6347757.285500001162291, 0.0 ], [ 2508828.6307, 6347759.597599999047816, 0.0 ], [ 2508869.920400000177324, 6347764.249800000339746, 0.0 ], [ 2508890.4797, 6347766.5663, 0.0 ], [ 2508911.0203, 6347768.880699999630451, 0.0 ], [ 2508931.549999999813735, 6347771.193799998611212, 0.0 ], [ 2508952.6206, 6347773.567900000140071, 0.0 ], [ 2508972.460099999792874, 6347775.803299999795854, 0.0 ], [ 2508993.529699999839067, 6347778.177299999631941, 0.0 ], [ 2509013.880400000140071, 6347780.470200000330806, 0.0 ], [ 2509033.8098, 6347782.715699999593198, 0.0 ], [ 2509067.1116, 6347786.467899999581277, 0.0 ], [ 2509072.260599999222904, 6347787.048100000247359, 0.0 ], [ 2509079.317100000102073, 6347663.8876, 0.0 ] ] ] ] } },
{ "type": "Feature", "properties": { "LAYER": "PARCELARIO_BASE_CATASTRO", "MAP_NAME": "1010_2025.dwg", "ccpp1": "1010 245", "LAYER_2": "PADRONES_2_VISTALBA" }, "geometry": { "type": "MultiPolygon", "coordinates": [ [ [ [ 2508516.258100000210106, 6347859.025899999774992, 0.0 ], [ 2508516.30599999986589, 6347858.542299999855459, 0.0 ], [ 2508521.870699999853969, 6347802.397199998609722, 0.0 ], [ 2508488.131028545089066, 6347798.803881518542767, 0.0 ], [ 2508485.481762124225497, 6347831.576513396576047, 0.0 ], [ 2508445.966495086904615, 6347827.137558152899146, 0.0 ], [ 2508443.932099999859929, 6347851.892799998633564, 0.0 ], [ 2508450.841099999845028, 6347852.574199999682605, 0.0 ], [ 2508516.258100000210106, 6347859.025899999774992, 0.0 ] ] ] ] } },
{ "type": "Feature", "properties": { "LAYER": "PARCELARIO_BASE_CATASTRO", "MAP_NAME": "1010_2025.dwg", "ccpp1": "1010 415", "LAYER_2": "PADRONES_2_VISTALBA" }, "geometry": { "type": "MultiPolygon", "coordinates": [ [ [ [ 2508526.510600000154227, 6347753.258100000210106, 0.0 ], [ 2508490.3106, 6347749.4381, 0.0 ], [ 2508452.28940000012517, 6347745.409, 0.0 ], [ 2508450.0406, 6347774.628100000321865, 0.0 ], [ 2508523.810100000817329, 6347782.343100000172853, 0.0 ], [ 2508526.510600000154227, 6347753.258100000210106, 0.0 ] ] ] ] } },
{ "type": "Feature", "properties": { "LAYER": "PARCELARIO_BASE_CATASTRO", "MAP_NAME": "1010_2025.dwg", "ccpp1": "1010 521", "LAYER_2": "PADRONES_2_VISTALBA" }, "geometry": { "type": "MultiPolygon", "coordinates": [ [ [ [ 2508455.189799999818206, 6347717.4084, 0.0 ], [ 2508454.4506, 6347717.328099998645484, 0.0 ], [ 2508452.28940000012517, 6347745.409, 0.0 ], [ 2508490.3106, 6347749.4381, 0.0 ], [ 2508492.23119999980554, 6347721.860299999825656, 0.0 ], [ 2508492.260600000154227, 6347721.437800000421703, 0.0 ], [ 2508455.189799999818206, 6347717.4084, 0.0 ] ] ] ] } },
{ "type": "Feature", "properties": { "LAYER": "PARCELARIO_BASE_CATASTRO", "MAP_NAME": "1010_2025.dwg", "ccpp1": "1010 271", "LAYER_2": "PADRONES_2_VISTALBA" }, "geometry": { "type": "MultiPolygon", "coordinates": [ [ [ [ 2508544.7807, 6347804.837099999189377, 0.0 ], [ 2508521.870699999853969, 6347802.397199998609722, 0.0 ], [ 2508516.30599999986589, 6347858.542299999855459, 0.0 ], [ 2508516.258100000210106, 6347859.025899999774992, 0.0 ], [ 2508539.477, 6347861.554399999789894, 0.0 ], [ 2508539.5206, 6347861.087700000964105, 0.0 ], [ 2508544.7807, 6347804.837099999189377, 0.0 ] ] ] ] } },
{ "type": "Feature", "properties": { "LAYER": "PARCELARIO_BASE_CATASTRO", "MAP_NAME": "1010_2025.dwg", "ccpp1": "1010 284", "LAYER_2": "PADRONES_2_VISTALBA" }, "geometry": { "type": "MultiPolygon", "coordinates": [ [ [ [ 2508625.0499, 6347813.385800000280142, 0.0 ], [ 2508604.1702, 6347811.162100001238286, 0.0 ], [ 2508599.009500000160187, 6347867.457999998703599, 0.0 ], [ 2508598.956900000106543, 6347868.031899999827147, 0.0 ], [ 2508619.824, 6347870.3043, 0.0 ], [ 2508619.880100000184029, 6347869.692899999208748, 0.0 ], [ 2508625.0499, 6347813.385800000280142, 0.0 ] ] ] ] } },
{ "type": "Feature", "properties": { "LAYER": "PARCELARIO_BASE_CATASTRO", "MAP_NAME": "1010_2025.dwg", "ccpp1": "1010 268", "LAYER_2": "PADRONES_2_VISTALBA" }, "geometry": { "type": "MultiPolygon", "coordinates": [ [ [ [ 2508604.1702, 6347811.162100001238286, 0.0 ], [ 2508583.4202, 6347808.952200000174344, 0.0 ], [ 2508578.410199999809265, 6347865.252100000157952, 0.0 ], [ 2508578.3624, 6347865.789099999703467, 0.0 ], [ 2508598.956900000106543, 6347868.031899999827147, 0.0 ], [ 2508599.009500000160187, 6347867.457999998703599, 0.0 ], [ 2508604.1702, 6347811.162100001238286, 0.0 ] ] ] ] } },
{ "type": "Feature", "properties": { "LAYER": "PARCELARIO_BASE_CATASTRO", "MAP_NAME": "1010_2025.dwg", "ccpp1": "1010 267", "LAYER_2": "PADRONES_2_VISTALBA" }, "geometry": { "type": "MultiPolygon", "coordinates": [ [ [ [ 2508583.4202, 6347808.952200000174344, 0.0 ], [ 2508563.590400000102818, 6347806.840300001204014, 0.0 ], [ 2508557.4803, 6347863.010900000110269, 0.0 ], [ 2508557.426099999807775, 6347863.509100001305342, 0.0 ], [ 2508578.3624, 6347865.789099999703467, 0.0 ], [ 2508578.410199999809265, 6347865.252100000157952, 0.0 ], [ 2508583.4202, 6347808.952200000174344, 0.0 ] ] ] ] } },
{ "type": "Feature", "properties": { "LAYER": "PARCELARIO_BASE_CATASTRO", "MAP_NAME": "1010_2025.dwg", "ccpp1": "1010 613", "LAYER_2": "PADRONES_2_VISTALBA" }, "geometry": { "type": "MultiPolygon", "coordinates": [ [ [ [ 2508563.590400000102818, 6347806.840300001204014, 0.0 ], [ 2508544.7807, 6347804.837099999189377, 0.0 ], [ 2508539.5206, 6347861.087700000964105, 0.0 ], [ 2508539.477, 6347861.554399999789894, 0.0 ], [ 2508557.426099999807775, 6347863.509100001305342, 0.0 ], [ 2508557.4803, 6347863.010900000110269, 0.0 ], [ 2508563.590400000102818, 6347806.840300001204014, 0.0 ] ] ] ] } },
{ "type": "Feature", "properties": { "LAYER": "PARCELARIO_BASE_CATASTRO", "MAP_NAME": "1010_2025.dwg", "ccpp1": "1010 275", "LAYER_2": "PADRONES_2_VISTALBA" }, "geometry": { "type": "MultiPolygon", "coordinates": [ [ [ [ 2508666.900600001215935, 6347874.727999999187887, 0.0 ], [ 2508673.6398, 6347818.18470000103116, 0.0 ], [ 2508662.130599999800324, 6347816.968100000172853, 0.0 ], [ 2508655.2006, 6347821.948099999688566, 0.0 ], [ 2508645.270600000862032, 6347820.8881, 0.0 ], [ 2508639.830500000156462, 6347871.829199998639524, 0.0 ], [ 2508639.7615, 6347872.475499999709427, 0.0 ], [ 2508666.817900000140071, 6347875.422000001184642, 0.0 ], [ 2508666.900600001215935, 6347874.727999999187887, 0.0 ] ] ] ] } },
{ "type": "Feature", "properties": { "LAYER": "PARCELARIO_BASE_CATASTRO", "MAP_NAME": "1010_2025.dwg", "ccpp1": "1010 274", "LAYER_2": "PADRONES_2_VISTALBA" }, "geometry": { "type": "MultiPolygon", "coordinates": [ [ [ [ 2508727.75, 6347823.904500001110137, 0.0 ], [ 2508706.730100001208484, 6347821.6826, 0.0 ], [ 2508700.360299999825656, 6347878.311000000685453, 0.0 ], [ 2508700.2711, 6347879.1036, 0.0 ], [ 2508722.0022, 6347881.513799999840558, 0.0 ], [ 2508722.089599999133497, 6347880.637799999676645, 0.0 ], [ 2508727.75, 6347823.904500001110137, 0.0 ] ] ] ] } },
{ "type": "Feature", "properties": { "LAYER": "PARCELARIO_BASE_CATASTRO", "MAP_NAME": "1010_2025.dwg", "ccpp1": "1010 289", "LAYER_2": "PADRONES_2_VISTALBA" }, "geometry": { "type": "MultiPolygon", "coordinates": [ [ [ [ 2508749.10020000115037, 6347826.161399998702109, 0.0 ], [ 2508727.75, 6347823.904500001110137, 0.0 ], [ 2508722.089599999133497, 6347880.637799999676645, 0.0 ], [ 2508722.0022, 6347881.513799999840558, 0.0 ], [ 2508742.805499999783933, 6347883.821000000461936, 0.0 ], [ 2508742.909599999897182, 6347882.8673, 0.0 ], [ 2508749.10020000115037, 6347826.161399998702109, 0.0 ] ] ] ] } },
{ "type": "Feature", "properties": { "LAYER": "PARCELARIO_BASE_CATASTRO", "MAP_NAME": "1010_2025.dwg", "ccpp1": "1010 263", "LAYER_2": "PADRONES_2_VISTALBA" }, "geometry": { "type": "MultiPolygon", "coordinates": [ [ [ [ 2508769.730200000107288, 6347828.3421, 0.0 ], [ 2508749.10020000115037, 6347826.161399998702109, 0.0 ], [ 2508742.909599999897182, 6347882.8673, 0.0 ], [ 2508742.805499999783933, 6347883.821000000461936, 0.0 ], [ 2508763.733300000894815, 6347886.142099999822676, 0.0 ], [ 2508763.8405, 6347885.108699998818338, 0.0 ], [ 2508769.730200000107288, 6347828.3421, 0.0 ] ] ] ] } },
{ "type": "Feature", "properties": { "LAYER": "PARCELARIO_BASE_CATASTRO", "MAP_NAME": "1010_2025.dwg", "ccpp1": "1010 262", "LAYER_2": "PADRONES_2_VISTALBA" }, "geometry": { "type": "MultiPolygon", "coordinates": [ [ [ [ 2508794.9506, 6347831.008100000210106, 0.0 ], [ 2508769.730200000107288, 6347828.3421, 0.0 ], [ 2508763.8405, 6347885.108699998818338, 0.0 ], [ 2508763.733300000894815, 6347886.142099999822676, 0.0 ], [ 2508804.558800000231713, 6347890.6699, 0.0 ], [ 2508804.680199999827892, 6347889.48200000077486, 0.0 ], [ 2508809.860599999781698, 6347838.8081, 0.0 ], [ 2508799.9106, 6347837.788099998608232, 0.0 ], [ 2508794.9506, 6347831.008100000210106, 0.0 ] ] ] ] } },
{ "type": "Feature", "properties": { "LAYER": "PARCELARIO_BASE_CATASTRO", "MAP_NAME": "1010_2025.dwg", "ccpp1": "1010 265", "LAYER_2": "PADRONES_2_VISTALBA" }, "geometry": { "type": "MultiPolygon", "coordinates": [ [ [ [ 2508826.0504, 6347891.770399999804795, 0.0 ], [ 2508831.889600000809878, 6347834.9074, 0.0 ], [ 2508826.980600000824779, 6347834.388099999167025, 0.0 ], [ 2508819.8106, 6347839.828099998645484, 0.0 ], [ 2508809.860599999781698, 6347838.8081, 0.0 ], [ 2508804.680199999827892, 6347889.48200000077486, 0.0 ], [ 2508804.558800000231713, 6347890.6699, 0.0 ], [ 2508825.920100000221282, 6347893.03899999987334, 0.0 ], [ 2508826.0504, 6347891.770399999804795, 0.0 ] ] ] ] } },
{ "type": "Feature", "properties": { "LAYER": "PARCELARIO_BASE_CATASTRO", "MAP_NAME": "1010_2025.dwg", "ccpp1": "1010 598", "LAYER_2": "PADRONES_2_VISTALBA" }, "geometry": { "type": "MultiPolygon", "coordinates": [ [ [ [ 2508852.170100000221282, 6347837.052799999713898, 0.0 ], [ 2508831.889600000809878, 6347834.9074, 0.0 ], [ 2508826.0504, 6347891.770399999804795, 0.0 ], [ 2508825.920100000221282, 6347893.03899999987334, 0.0 ], [ 2508845.761800000909716, 6347895.239599999040365, 0.0 ], [ 2508845.90970000019297, 6347893.897000000812113, 0.0 ], [ 2508852.170100000221282, 6347837.052799999713898, 0.0 ] ] ] ] } },
{ "type": "Feature", "properties": { "LAYER": "PARCELARIO_BASE_CATASTRO", "MAP_NAME": "1010_2025.dwg", "ccpp1": "1010 304", "LAYER_2": "PADRONES_2_VISTALBA" }, "geometry": { "type": "MultiPolygon", "coordinates": [ [ [ [ 2508872.310100000817329, 6347839.183299999684095, 0.0 ], [ 2508852.170100000221282, 6347837.052799999713898, 0.0 ], [ 2508845.90970000019297, 6347893.897000000812113, 0.0 ], [ 2508845.761800000909716, 6347895.239599999040365, 0.0 ], [ 2508866.2111, 6347897.5077, 0.0 ], [ 2508866.3597, 6347896.086799999698997, 0.0 ], [ 2508872.310100000817329, 6347839.183299999684095, 0.0 ] ] ] ] } },
{ "type": "Feature", "properties": { "LAYER": "PARCELARIO_BASE_CATASTRO", "MAP_NAME": "1010_2025.dwg", "ccpp1": "1010 303", "LAYER_2": "PADRONES_2_VISTALBA" }, "geometry": { "type": "MultiPolygon", "coordinates": [ [ [ [ 2508892.720199999865144, 6347841.34250000026077, 0.0 ], [ 2508872.310100000817329, 6347839.183299999684095, 0.0 ], [ 2508866.3597, 6347896.086799999698997, 0.0 ], [ 2508866.2111, 6347897.5077, 0.0 ], [ 2508867.236699999775738, 6347897.621399999596179, 0.0 ], [ 2508887.403300000820309, 6347899.857999999076128, 0.0 ], [ 2508887.539900000207126, 6347898.354899998754263, 0.0 ], [ 2508892.720199999865144, 6347841.34250000026077, 0.0 ] ] ] ] } },
{ "type": "Feature", "properties": { "LAYER": "PARCELARIO_BASE_CATASTRO", "MAP_NAME": "1010_2025.dwg", "ccpp1": "1010 296", "LAYER_2": "PADRONES_2_VISTALBA" }, "geometry": { "type": "MultiPolygon", "coordinates": [ [ [ [ 2508913.610100000165403, 6347843.552299998700619, 0.0 ], [ 2508892.720199999865144, 6347841.34250000026077, 0.0 ], [ 2508887.539900000207126, 6347898.354899998754263, 0.0 ], [ 2508887.403300000820309, 6347899.857999999076128, 0.0 ], [ 2508907.033299999777228, 6347902.0351, 0.0 ], [ 2508907.2103, 6347900.46129999961704, 0.0 ], [ 2508913.610100000165403, 6347843.552299998700619, 0.0 ] ] ] ] } },
{ "type": "Feature", "properties": { "LAYER": "PARCELARIO_BASE_CATASTRO", "MAP_NAME": "1010_2025.dwg", "ccpp1": "1010 1349", "LAYER_2": "PADRONES_2_VISTALBA" }, "geometry": { "type": "MultiPolygon", "coordinates": [ [ [ [ 2508955.989699999801815, 6347848.035500001162291, 0.0 ], [ 2508913.610100000165403, 6347843.552299998700619, 0.0 ], [ 2508907.2103, 6347900.46129999961704, 0.0 ], [ 2508907.033299999777228, 6347902.0351, 0.0 ], [ 2508948.498800001107156, 6347906.63399999961257, 0.0 ], [ 2508948.719699999783188, 6347904.9062, 0.0 ], [ 2508955.989699999801815, 6347848.035500001162291, 0.0 ] ] ] ] } },
{ "type": "Feature", "properties": { "LAYER": "PARCELARIO_BASE_CATASTRO", "MAP_NAME": "1010_2025.dwg", "ccpp1": "1010 308", "LAYER_2": "PADRONES_2_VISTALBA" }, "geometry": { "type": "MultiPolygon", "coordinates": [ [ [ [ 2508974.94040000019595, 6347850.040300000458956, 0.0 ], [ 2508955.989699999801815, 6347848.035500001162291, 0.0 ], [ 2508948.719699999783188, 6347904.9062, 0.0 ], [ 2508948.498800001107156, 6347906.63399999961257, 0.0 ], [ 2508969.255100000184029, 6347908.936099999584258, 0.0 ], [ 2508969.430000000167638, 6347907.123999998904765, 0.0 ], [ 2508974.94040000019595, 6347850.040300000458956, 0.0 ] ] ] ] } },
{ "type": "Feature", "properties": { "LAYER": "PARCELARIO_BASE_CATASTRO", "MAP_NAME": "1010_2025.dwg", "ccpp1": "1010 306", "LAYER_2": "PADRONES_2_VISTALBA" }, "geometry": { "type": "MultiPolygon", "coordinates": [ [ [ [ 2508990.530500000808388, 6347851.689500000327826, 0.0 ], [ 2508974.94040000019595, 6347850.040300000458956, 0.0 ], [ 2508969.430000000167638, 6347907.123999998904765, 0.0 ], [ 2508969.255100000184029, 6347908.936099999584258, 0.0 ], [ 2508984.746500000823289, 6347910.654199998825788, 0.0 ], [ 2508984.930000000167638, 6347908.783800001256168, 0.0 ], [ 2508990.530500000808388, 6347851.689500000327826, 0.0 ] ] ] ] } },
{ "type": "Feature", "properties": { "LAYER": "PARCELARIO_BASE_CATASTRO", "MAP_NAME": "1010_2025.dwg", "ccpp1": "1010 827", "LAYER_2": "PADRONES_2_VISTALBA" }, "geometry": { "type": "MultiPolygon", "coordinates": [ [ [ [ 2508998.9306, 6347852.578099998645484, 0.0 ], [ 2508990.530500000808388, 6347851.689500000327826, 0.0 ], [ 2508984.930000000167638, 6347908.783800001256168, 0.0 ], [ 2508984.746500000823289, 6347910.654199998825788, 0.0 ], [ 2508999.9934, 6347912.345200001262128, 0.0 ], [ 2509000.210400000214577, 6347910.420099998824298, 0.0 ], [ 2509005.8906, 6347860.028099999763072, 0.0 ], [ 2508998.9306, 6347852.578099998645484, 0.0 ] ] ] ] } },
{ "type": "Feature", "properties": { "LAYER": "PARCELARIO_BASE_CATASTRO", "MAP_NAME": "1010_2025.dwg", "ccpp1": "1010 373", "LAYER_2": "PADRONES_2_VISTALBA" }, "geometry": { "type": "MultiPolygon", "coordinates": [ [ [ [ 2509062.4331, 6347847.9282, 0.0 ], [ 2509033.323100000154227, 6347846.198400000110269, 0.0 ], [ 2509032.2006, 6347856.15809999871999, 0.0 ], [ 2509048.7506, 6347857.148100000806153, 0.0 ], [ 2509047.4471, 6347868.697700000368059, 0.0 ], [ 2509042.230399999767542, 6347914.919700000435114, 0.0 ], [ 2509041.995199999772012, 6347917.003600000403821, 0.0 ], [ 2509059.15000000083819, 6347918.9062, 0.0 ], [ 2509063.6848, 6347919.409099999815226, 0.0 ], [ 2509063.880599999800324, 6347917.238099998794496, 0.0 ], [ 2509068.3194, 6347848.278, 0.0 ], [ 2509062.4331, 6347847.9282, 0.0 ] ] ] ] } },
{ "type": "Feature", "properties": { "LAYER": "PARCELARIO_BASE_CATASTRO", "MAP_NAME": "1010_2025.dwg", "ccpp1": "1010 256", "LAYER_2": "PADRONES_2_VISTALBA" }, "geometry": { "type": "MultiPolygon", "coordinates": [ [ [ [ 2508586.2906, 6347731.658099999651313, 0.0 ], [ 2508567.480000000912696, 6347729.6135, 0.0 ], [ 2508567.303299999795854, 6347731.326000000350177, 0.0 ], [ 2508561.630599999800324, 6347786.298399998806417, 0.0 ], [ 2508580.610100000165403, 6347788.283299998380244, 0.0 ], [ 2508586.080900000873953, 6347733.748200000263751, 0.0 ], [ 2508586.2906, 6347731.658099999651313, 0.0 ] ] ] ] } },
{ "type": "Feature", "properties": { "LAYER": "PARCELARIO_BASE_CATASTRO", "MAP_NAME": "1010_2025.dwg", "ccpp1": "1010 257", "LAYER_2": "PADRONES_2_VISTALBA" }, "geometry": { "type": "MultiPolygon", "coordinates": [ [ [ [ 2508606.279999999795109, 6347734.073699998669326, 0.0 ], [ 2508586.2906, 6347731.658099999651313, 0.0 ], [ 2508586.080900000873953, 6347733.748200000263751, 0.0 ], [ 2508580.610100000165403, 6347788.283299998380244, 0.0 ], [ 2508600.590100000146776, 6347790.372899999842048, 0.0 ], [ 2508606.052500000223517, 6347736.324300000444055, 0.0 ], [ 2508606.279999999795109, 6347734.073699998669326, 0.0 ] ] ] ] } },
{ "type": "Feature", "properties": { "LAYER": "PARCELARIO_BASE_CATASTRO", "MAP_NAME": "1010_2025.dwg", "ccpp1": "1010 258", "LAYER_2": "PADRONES_2_VISTALBA" }, "geometry": { "type": "MultiPolygon", "coordinates": [ [ [ [ 2508624.810100000817329, 6347736.312999999150634, 0.0 ], [ 2508606.279999999795109, 6347734.073699998669326, 0.0 ], [ 2508606.052500000223517, 6347736.324300000444055, 0.0 ], [ 2508600.590100000146776, 6347790.372899999842048, 0.0 ], [ 2508618.540399999823421, 6347792.250099999830127, 0.0 ], [ 2508624.541500001214445, 6347738.709300000220537, 0.0 ], [ 2508624.810100000817329, 6347736.312999999150634, 0.0 ] ] ] ] } },
{ "type": "Feature", "properties": { "LAYER": "PARCELARIO_BASE_CATASTRO", "MAP_NAME": "1010_2025.dwg", "ccpp1": "1010 270", "LAYER_2": "PADRONES_2_VISTALBA" }, "geometry": { "type": "MultiPolygon", "coordinates": [ [ [ [ 2508663.9106, 6347741.038099998608232, 0.0 ], [ 2508643.85, 6347738.613900000229478, 0.0 ], [ 2508643.5844, 6347741.165799998678267, 0.0 ], [ 2508638.6806, 6347788.288099998608232, 0.0 ], [ 2508658.480600000824779, 6347790.418100000359118, 0.0 ], [ 2508663.612499999813735, 6347743.749200001358986, 0.0 ], [ 2508663.9106, 6347741.038099998608232, 0.0 ] ] ] ] } },
{ "type": "Feature", "properties": { "LAYER": "PARCELARIO_BASE_CATASTRO", "MAP_NAME": "1010_2025.dwg", "ccpp1": "1010 259", "LAYER_2": "PADRONES_2_VISTALBA" }, "geometry": { "type": "MultiPolygon", "coordinates": [ [ [ [ 2508772.589999999850988, 6347753.283300001174212, 0.0 ], [ 2508736.150700000114739, 6347749.177599999122322, 0.0 ], [ 2508735.723799999803305, 6347753.050900000147521, 0.0 ], [ 2508730.1003, 6347804.07079999987036, 0.0 ], [ 2508766.229600000195205, 6347807.947300000116229, 0.0 ], [ 2508772.0715, 6347757.739500000141561, 0.0 ], [ 2508772.589999999850988, 6347753.283300001174212, 0.0 ] ] ] ] } },
{ "type": "Feature", "properties": { "LAYER": "PARCELARIO_BASE_CATASTRO", "MAP_NAME": "1010_2025.dwg", "ccpp1": "1010 266", "LAYER_2": "PADRONES_2_VISTALBA" }, "geometry": { "type": "MultiPolygon", "coordinates": [ [ [ [ 2508808.109899999108166, 6347757.285500001162291, 0.0 ], [ 2508772.589999999850988, 6347753.283300001174212, 0.0 ], [ 2508772.0715, 6347757.739500000141561, 0.0 ], [ 2508766.229600000195205, 6347807.947300000116229, 0.0 ], [ 2508797.1806, 6347811.2681, 0.0 ], [ 2508803.5006, 6347805.9781, 0.0 ], [ 2508807.637900000903755, 6347762.271899999119341, 0.0 ], [ 2508808.109899999108166, 6347757.285500001162291, 0.0 ] ] ] ] } },
{ "type": "Feature", "properties": { "LAYER": "PARCELARIO_BASE_CATASTRO", "MAP_NAME": "1010_2025.dwg", "ccpp1": "1010 294", "LAYER_2": "PADRONES_2_VISTALBA" }, "geometry": { "type": "MultiPolygon", "coordinates": [ [ [ [ 2508828.6307, 6347759.597599999047816, 0.0 ], [ 2508808.109899999108166, 6347757.285500001162291, 0.0 ], [ 2508807.637900000903755, 6347762.271899999119341, 0.0 ], [ 2508803.5006, 6347805.9781, 0.0 ], [ 2508823.1606, 6347808.088100000284612, 0.0 ], [ 2508828.0899, 6347764.39159999974072, 0.0 ], [ 2508828.6307, 6347759.597599999047816, 0.0 ] ] ] ] } },
{ "type": "Feature", "properties": { "LAYER": "PARCELARIO_BASE_CATASTRO", "MAP_NAME": "1010_2025.dwg", "ccpp1": "1010 277", "LAYER_2": "PADRONES_2_VISTALBA" }, "geometry": { "type": "MultiPolygon", "coordinates": [ [ [ [ 2508869.920400000177324, 6347764.249800000339746, 0.0 ], [ 2508828.6307, 6347759.597599999047816, 0.0 ], [ 2508828.0899, 6347764.39159999974072, 0.0 ], [ 2508823.1606, 6347808.088100000284612, 0.0 ], [ 2508829.20060000102967, 6347814.708100001327693, 0.0 ], [ 2508863.769600000232458, 6347818.417600000277162, 0.0 ], [ 2508869.35080000013113, 6347769.265800000168383, 0.0 ], [ 2508869.920400000177324, 6347764.249800000339746, 0.0 ] ] ] ] } },
{ "type": "Feature", "properties": { "LAYER": "PARCELARIO_BASE_CATASTRO", "MAP_NAME": "1010_2025.dwg", "ccpp1": "1010 276", "LAYER_2": "PADRONES_2_VISTALBA" }, "geometry": { "type": "MultiPolygon", "coordinates": [ [ [ [ 2508890.4797, 6347766.5663, 0.0 ], [ 2508869.920400000177324, 6347764.249800000339746, 0.0 ], [ 2508869.35080000013113, 6347769.265800000168383, 0.0 ], [ 2508863.769600000232458, 6347818.417600000277162, 0.0 ], [ 2508884.7999, 6347820.6744, 0.0 ], [ 2508889.941000000108033, 6347771.698200000450015, 0.0 ], [ 2508890.4797, 6347766.5663, 0.0 ] ] ] ] } },
{ "type": "Feature", "properties": { "LAYER": "PARCELARIO_BASE_CATASTRO", "MAP_NAME": "1010_2025.dwg", "ccpp1": "1010 291", "LAYER_2": "PADRONES_2_VISTALBA" }, "geometry": { "type": "MultiPolygon", "coordinates": [ [ [ [ 2508911.0203, 6347768.880699999630451, 0.0 ], [ 2508890.4797, 6347766.5663, 0.0 ], [ 2508889.941000000108033, 6347771.698200000450015, 0.0 ], [ 2508884.7999, 6347820.6744, 0.0 ], [ 2508905.71059999987483, 6347822.918200001120567, 0.0 ], [ 2508910.50480000115931, 6347774.1274000024423, 0.0 ], [ 2508911.0203, 6347768.880699999630451, 0.0 ] ] ] ] } },
{ "type": "Feature", "properties": { "LAYER": "PARCELARIO_BASE_CATASTRO", "MAP_NAME": "1010_2025.dwg", "ccpp1": "1010 299", "LAYER_2": "PADRONES_2_VISTALBA" }, "geometry": { "type": "MultiPolygon", "coordinates": [ [ [ [ 2508931.549999999813735, 6347771.193799998611212, 0.0 ], [ 2508911.0203, 6347768.880699999630451, 0.0 ], [ 2508910.50480000115931, 6347774.1274000024423, 0.0 ], [ 2508905.71059999987483, 6347822.918200001120567, 0.0 ], [ 2508926.2897, 6347825.126500000245869, 0.0 ], [ 2508931.0274, 6347776.551699998788536, 0.0 ], [ 2508931.549999999813735, 6347771.193799998611212, 0.0 ] ] ] ] } },
{ "type": "Feature", "properties": { "LAYER": "PARCELARIO_BASE_CATASTRO", "MAP_NAME": "1010_2025.dwg", "ccpp1": "1010 281", "LAYER_2": "PADRONES_2_VISTALBA" }, "geometry": { "type": "MultiPolygon", "coordinates": [ [ [ [ 2508952.6206, 6347773.567900000140071, 0.0 ], [ 2508931.549999999813735, 6347771.193799998611212, 0.0 ], [ 2508931.0274, 6347776.551699998788536, 0.0 ], [ 2508926.2897, 6347825.126500000245869, 0.0 ], [ 2508947.4496, 6347827.397199998609722, 0.0 ], [ 2508952.0949, 6347779.040500000119209, 0.0 ], [ 2508952.6206, 6347773.567900000140071, 0.0 ] ] ] ] } },
{ "type": "Feature", "properties": { "LAYER": "PARCELARIO_BASE_CATASTRO", "MAP_NAME": "1010_2025.dwg", "ccpp1": "1010 301", "LAYER_2": "PADRONES_2_VISTALBA" }, "geometry": { "type": "MultiPolygon", "coordinates": [ [ [ [ 2508972.460099999792874, 6347775.803299999795854, 0.0 ], [ 2508952.6206, 6347773.567900000140071, 0.0 ], [ 2508952.0949, 6347779.040500000119209, 0.0 ], [ 2508947.4496, 6347827.397199998609722, 0.0 ], [ 2508967.420400000177324, 6347829.540199999697506, 0.0 ], [ 2508971.9367, 6347781.384399999864399, 0.0 ], [ 2508972.460099999792874, 6347775.803299999795854, 0.0 ] ] ] ] } },
{ "type": "Feature", "properties": { "LAYER": "PARCELARIO_BASE_CATASTRO", "MAP_NAME": "1010_2025.dwg", "ccpp1": "1010 302", "LAYER_2": "PADRONES_2_VISTALBA" }, "geometry": { "type": "MultiPolygon", "coordinates": [ [ [ [ 2508993.529699999839067, 6347778.177299999631941, 0.0 ], [ 2508972.460099999792874, 6347775.803299999795854, 0.0 ], [ 2508971.9367, 6347781.384399999864399, 0.0 ], [ 2508967.420400000177324, 6347829.540199999697506, 0.0 ], [ 2508988.06969999987632, 6347831.756, 0.0 ], [ 2508992.949899999890476, 6347783.86670000012964, 0.0 ], [ 2508993.529699999839067, 6347778.177299999631941, 0.0 ] ] ] ] } },
{ "type": "Feature", "properties": { "LAYER": "PARCELARIO_BASE_CATASTRO", "MAP_NAME": "1010_2025.dwg", "ccpp1": "1010 300", "LAYER_2": "PADRONES_2_VISTALBA" }, "geometry": { "type": "MultiPolygon", "coordinates": [ [ [ [ 2509033.8098, 6347782.715699999593198, 0.0 ], [ 2509013.880400000140071, 6347780.470200000330806, 0.0 ], [ 2509013.3712, 6347786.192300000227988, 0.0 ], [ 2509009.6606, 6347827.8881, 0.0 ], [ 2509028.590600000228733, 6347829.89809999987483, 0.0 ], [ 2509033.209300000220537, 6347788.1447, 0.0 ], [ 2509033.8098, 6347782.715699999593198, 0.0 ] ] ] ] } },
{ "type": "Feature", "properties": { "LAYER": "PARCELARIO_BASE_CATASTRO", "MAP_NAME": "1010_2025.dwg", "ccpp1": "1010 295", "LAYER_2": "PADRONES_2_VISTALBA" }, "geometry": { "type": "MultiPolygon", "coordinates": [ [ [ [ 2509067.1116, 6347786.467899999581277, 0.0 ], [ 2509033.8098, 6347782.715699999593198, 0.0 ], [ 2509033.209300000220537, 6347788.1447, 0.0 ], [ 2509028.590600000228733, 6347829.89809999987483, 0.0 ], [ 2509034.5606, 6347835.218100000172853, 0.0 ], [ 2509033.323100000154227, 6347846.198400000110269, 0.0 ], [ 2509062.4331, 6347847.9282, 0.0 ], [ 2509068.3194, 6347848.278, 0.0 ], [ 2509072.260599999222904, 6347787.048100000247359, 0.0 ], [ 2509067.589499999769032, 6347786.52180000115186, 0.0 ], [ 2509067.1116, 6347786.467899999581277, 0.0 ] ] ] ] } },
{ "type": "Feature", "properties": { "LAYER": "PARCELARIO_BASE_CATASTRO", "MAP_NAME": "1010_2025.dwg", "ccpp1": "1010 961", "LAYER_2": "PADRONES_2_VISTALBA" }, "geometry": { "type": "MultiPolygon", "coordinates": [ [ [ [ 2508655.280000001192093, 6345794.829999999143183, 0.0 ], [ 2508673.890000000130385, 6345793.679999999701977, 0.0 ], [ 2508670.890500000212342, 6345746.417100000195205, 0.0 ], [ 2508652.8901, 6345747.383500000461936, 0.0 ], [ 2508654.17, 6345784.740000000223517, 0.0 ], [ 2508655.280000001192093, 6345794.829999999143183, 0.0 ] ] ] ] } },
{ "type": "Feature", "properties": { "LAYER": "PARCELARIO_BASE_CATASTRO", "MAP_NAME": "1010_2025.dwg", "ccpp1": "1010 962", "LAYER_2": "PADRONES_2_VISTALBA" }, "geometry": { "type": "MultiPolygon", "coordinates": [ [ [ [ 2508694.070000001229346, 6345792.440000000409782, 0.0 ], [ 2508691.2801, 6345745.3224, 0.0 ], [ 2508676.880299999844283, 6345746.095499999821186, 0.0 ], [ 2508670.890500000212342, 6345746.417100000195205, 0.0 ], [ 2508673.890000000130385, 6345793.679999999701977, 0.0 ], [ 2508679.879999999888241, 6345793.309999999590218, 0.0 ], [ 2508694.070000001229346, 6345792.440000000409782, 0.0 ] ] ] ] } },
{ "type": "Feature", "properties": { "LAYER": "PARCELARIO_BASE_CATASTRO", "MAP_NAME": "1010_2025.dwg", "ccpp1": "1010 1364", "LAYER_2": "PADRONES_2_VISTALBA" }, "geometry": { "type": "MultiPolygon", "coordinates": [ [ [ [ 2508707.29, 6345791.619999999180436, 0.0 ], [ 2508714.96, 6345791.150000001303852, 0.0 ], [ 2508721.27, 6345790.75999999884516, 0.0 ], [ 2508730.069999999832362, 6345790.21999999973923, 0.0 ], [ 2508735.180000000167638, 6345789.910000000149012, 0.0 ], [ 2508732.840100000146776, 6345743.091100001707673, 0.0 ], [ 2508704.890100000891834, 6345744.591699998825788, 0.0 ], [ 2508707.29, 6345791.619999999180436, 0.0 ] ] ] ] } },
{ "type": "Feature", "properties": { "LAYER": "PARCELARIO_BASE_CATASTRO", "MAP_NAME": "1010_2025.dwg", "ccpp1": "1010 318", "LAYER_2": "PADRONES_2_VISTALBA" }, "geometry": { "type": "MultiPolygon", "coordinates": [ [ [ [ 2508448.698100000154227, 6347881.955900001339614, 0.0 ], [ 2508513.66399999987334, 6347886.90639999974519, 0.0 ], [ 2508516.258100000210106, 6347859.025899999774992, 0.0 ], [ 2508450.841099999845028, 6347852.574199999682605, 0.0 ], [ 2508448.698100000154227, 6347881.955900001339614, 0.0 ] ] ] ] } },
{ "type": "Feature", "properties": { "LAYER": "PARCELARIO_BASE_CATASTRO", "MAP_NAME": "1010_2025.dwg", "ccpp1": "1010 416", "LAYER_2": "PADRONES_2_VISTALBA" }, "geometry": { "type": "MultiPolygon", "coordinates": [ [ [ [ 2508446.1639, 6347906.996299999766052, 0.0 ], [ 2508511.34720000019297, 6347911.806699998676777, 0.0 ], [ 2508513.66399999987334, 6347886.90639999974519, 0.0 ], [ 2508448.698100000154227, 6347881.955900001339614, 0.0 ], [ 2508446.1639, 6347906.996299999766052, 0.0 ] ] ] ] } },
{ "type": "Feature", "properties": { "LAYER": "PARCELARIO_BASE_CATASTRO", "MAP_NAME": "1010_2025.dwg", "ccpp1": "1010 317", "LAYER_2": "PADRONES_2_VISTALBA" }, "geometry": { "type": "MultiPolygon", "coordinates": [ [ [ [ 2508509.5403, 6347931.226099999621511, 0.0 ], [ 2508511.34720000019297, 6347911.806699998676777, 0.0 ], [ 2508446.1639, 6347906.996299999766052, 0.0 ], [ 2508444.151999999769032, 6347926.876299999654293, 0.0 ], [ 2508509.5403, 6347931.226099999621511, 0.0 ] ] ] ] } },
{ "type": "Feature", "properties": { "LAYER": "PARCELARIO_BASE_CATASTRO", "MAP_NAME": "1010_2025.dwg", "ccpp1": "1010 324", "LAYER_2": "PADRONES_2_VISTALBA" }, "geometry": { "type": "MultiPolygon", "coordinates": [ [ [ [ 2508442.124800000805408, 6347946.906299998983741, 0.0 ], [ 2508440.128100000787526, 6347966.635900000110269, 0.0 ], [ 2508505.878099999856204, 6347970.585900000296533, 0.0 ], [ 2508507.7157, 6347950.8366, 0.0 ], [ 2508442.124800000805408, 6347946.906299998983741, 0.0 ] ] ] ] } },
{ "type": "Feature", "properties": { "LAYER": "PARCELARIO_BASE_CATASTRO", "MAP_NAME": "1010_2025.dwg", "ccpp1": "1010 311", "LAYER_2": "PADRONES_2_VISTALBA" }, "geometry": { "type": "MultiPolygon", "coordinates": [ [ [ [ 2508442.124800000805408, 6347946.906299998983741, 0.0 ], [ 2508507.7157, 6347950.8366, 0.0 ], [ 2508509.5403, 6347931.226099999621511, 0.0 ], [ 2508444.151999999769032, 6347926.876299999654293, 0.0 ], [ 2508442.124800000805408, 6347946.906299998983741, 0.0 ] ] ] ] } },
{ "type": "Feature", "properties": { "LAYER": "PARCELARIO_BASE_CATASTRO", "MAP_NAME": "1010_2025.dwg", "ccpp1": "1010 321", "LAYER_2": "PADRONES_2_VISTALBA" }, "geometry": { "type": "MultiPolygon", "coordinates": [ [ [ [ 2508435.246100000105798, 6348051.2335, 0.0 ], [ 2508500.661000000778586, 6348055.983199998736382, 0.0 ], [ 2508502.613599999807775, 6348034.963499999605119, 0.0 ], [ 2508437.0016, 6348029.573200000450015, 0.0 ], [ 2508435.246100000105798, 6348051.2335, 0.0 ] ] ] ] } },
{ "type": "Feature", "properties": { "LAYER": "PARCELARIO_BASE_CATASTRO", "MAP_NAME": "1010_2025.dwg", "ccpp1": "1010 320", "LAYER_2": "PADRONES_2_VISTALBA" }, "geometry": { "type": "MultiPolygon", "coordinates": [ [ [ [ 2508498.8227, 6348075.773400000296533, 0.0 ], [ 2508500.661000000778586, 6348055.983199998736382, 0.0 ], [ 2508435.246100000105798, 6348051.2335, 0.0 ], [ 2508433.6722, 6348070.65330000128597, 0.0 ], [ 2508498.8227, 6348075.773400000296533, 0.0 ] ] ] ] } },
{ "type": "Feature", "properties": { "LAYER": "PARCELARIO_BASE_CATASTRO", "MAP_NAME": "1010_2025.dwg", "ccpp1": "1010 319", "LAYER_2": "PADRONES_2_VISTALBA" }, "geometry": { "type": "MultiPolygon", "coordinates": [ [ [ [ 2508498.8227, 6348075.773400000296533, 0.0 ], [ 2508433.6722, 6348070.65330000128597, 0.0 ], [ 2508432.076400000136346, 6348090.342799998819828, 0.0 ], [ 2508496.906400000210851, 6348096.402800000272691, 0.0 ], [ 2508498.8227, 6348075.773400000296533, 0.0 ] ] ] ] } },
{ "type": "Feature", "properties": { "LAYER": "PARCELARIO_BASE_CATASTRO", "MAP_NAME": "1010_2025.dwg", "ccpp1": "1010 313", "LAYER_2": "PADRONES_2_VISTALBA" }, "geometry": { "type": "MultiPolygon", "coordinates": [ [ [ [ 2508487.388900000136346, 6348212.16509999986738, 0.0 ], [ 2508423.538000000175089, 6348208.650600001215935, 0.0 ], [ 2508423.31900000013411, 6348211.361399999819696, 0.0 ], [ 2508422.629999999888241, 6348219.889999999664724, 0.0 ], [ 2508428.67, 6348230.42, 0.0 ], [ 2508484.9967, 6348238.39299999922514, 0.0 ], [ 2508486.220000000204891, 6348225.0, 0.0 ], [ 2508487.090600000228733, 6348215.440100000239909, 0.0 ], [ 2508487.388900000136346, 6348212.16509999986738, 0.0 ] ] ] ] } },
{ "type": "Feature", "properties": { "LAYER": "PARCELARIO_BASE_CATASTRO", "MAP_NAME": "1010_2025.dwg", "ccpp1": "1010 315", "LAYER_2": "PADRONES_2_VISTALBA" }, "geometry": { "type": "MultiPolygon", "coordinates": [ [ [ [ 2508492.087600000202656, 6348160.5702, 0.0 ], [ 2508427.711299999151379, 6348156.996000000275671, 0.0 ], [ 2508427.4734, 6348159.9403, 0.0 ], [ 2508425.667400000151247, 6348182.293499999679625, 0.0 ], [ 2508489.745900000911206, 6348186.284, 0.0 ], [ 2508491.696100001223385, 6348164.869599999859929, 0.0 ], [ 2508492.087600000202656, 6348160.5702, 0.0 ] ] ] ] } },
{ "type": "Feature", "properties": { "LAYER": "PARCELARIO_BASE_CATASTRO", "MAP_NAME": "1010_2025.dwg", "ccpp1": "1010 316", "LAYER_2": "PADRONES_2_VISTALBA" }, "geometry": { "type": "MultiPolygon", "coordinates": [ [ [ [ 2508494.219200000166893, 6348135.445600000210106, 0.0 ], [ 2508429.888600000180304, 6348130.3388, 0.0 ], [ 2508429.666799999773502, 6348132.790500000119209, 0.0 ], [ 2508427.711299999151379, 6348156.996000000275671, 0.0 ], [ 2508492.087600000202656, 6348160.5702, 0.0 ], [ 2508494.1467, 6348137.96059999987483, 0.0 ], [ 2508494.219200000166893, 6348135.445600000210106, 0.0 ] ] ] ] } },
{ "type": "Feature", "properties": { "LAYER": "PARCELARIO_BASE_CATASTRO", "MAP_NAME": "1010_2025.dwg", "ccpp1": "1010 312", "LAYER_2": "PADRONES_2_VISTALBA" }, "geometry": { "type": "MultiPolygon", "coordinates": [ [ [ [ 2508494.778, 6348116.07050000037998, 0.0 ], [ 2508431.6203, 6348111.202000001445413, 0.0 ], [ 2508429.888600000180304, 6348130.3388, 0.0 ], [ 2508494.219200000166893, 6348135.445600000210106, 0.0 ], [ 2508495.5296, 6348116.128399999812245, 0.0 ], [ 2508494.778, 6348116.07050000037998, 0.0 ] ] ] ] } },
{ "type": "Feature", "properties": { "LAYER": "PARCELARIO_BASE_CATASTRO", "MAP_NAME": "1010_2025.dwg", "ccpp1": "1010 141", "LAYER_2": "PADRONES_2_VISTALBA" }, "geometry": { "type": "MultiPolygon", "coordinates": [ [ [ [ 2509070.796900000888854, 6348410.927299999631941, 0.0 ], [ 2509070.857200000900775, 6348410.1716, 0.0 ], [ 2509202.7552, 6348412.031000000424683, 0.0 ], [ 2509402.165699999779463, 6348421.696499998681247, 0.0 ], [ 2509434.7634, 6348423.250900000333786, 0.0 ], [ 2509466.590900000184774, 6348424.335799999535084, 0.0 ], [ 2509486.5855, 6348425.017400001175702, 0.0 ], [ 2509498.6044, 6348425.427099999040365, 0.0 ], [ 2509514.033200000878423, 6348425.952999998815358, 0.0 ], [ 2509529.973600000143051, 6348426.496299999766052, 0.0 ], [ 2509570.859999999869615, 6348427.889999999664724, 0.0 ], [ 2509578.225999999791384, 6348121.099999999627471, 0.0 ], [ 2509194.1146, 6348107.069500001147389, 0.0 ], [ 2509053.033600000198931, 6348096.969399999827147, 0.0 ], [ 2509040.545899999793619, 6348318.76799999922514, 0.0 ], [ 2509040.300100000109524, 6348326.397699999623001, 0.0 ], [ 2509038.1571, 6348369.272099999710917, 0.0 ], [ 2509037.0894, 6348409.69550000037998, 0.0 ], [ 2509035.1414, 6348443.760900001041591, 0.0 ], [ 2509068.728000000119209, 6348445.535000000149012, 0.0 ], [ 2509069.9074, 6348422.08420000039041, 0.0 ], [ 2509070.796900000888854, 6348410.927299999631941, 0.0 ] ] ] ] } },
{ "type": "Feature", "properties": { "LAYER": "PARCELARIO_BASE_CATASTRO", "MAP_NAME": "1010_2025.dwg", "ccpp1": "1010 127", "LAYER_2": "PADRONES_2_VISTALBA" }, "geometry": { "type": "MultiPolygon", "coordinates": [ [ [ [ 2509037.440000000875443, 6348509.759999999776483, 0.0 ], [ 2509033.496100000105798, 6348509.697599998675287, 0.0 ], [ 2509032.0713, 6348565.735399999655783, 0.0 ], [ 2509035.2497, 6348568.166899998672307, 0.0 ], [ 2509053.1201, 6348568.658300000242889, 0.0 ], [ 2509055.8599, 6348510.051499999128282, 0.0 ], [ 2509037.440000000875443, 6348509.759999999776483, 0.0 ] ] ] ] } },
{ "type": "Feature", "properties": { "LAYER": "PARCELARIO_BASE_CATASTRO", "MAP_NAME": "1010_2025.dwg", "ccpp1": "1010 480", "LAYER_2": "PADRONES_2_VISTALBA" }, "geometry": { "type": "MultiPolygon", "coordinates": [ [ [ [ 2509038.616899999789894, 6348477.940100000239909, 0.0 ], [ 2509034.290200000163168, 6348477.872000001370907, 0.0 ], [ 2509033.496100000105798, 6348509.697599998675287, 0.0 ], [ 2509037.440000000875443, 6348509.759999999776483, 0.0 ], [ 2509055.8599, 6348510.051499999128282, 0.0 ], [ 2509072.06, 6348510.307799998670816, 0.0 ], [ 2509088.0, 6348510.559999999590218, 0.0 ], [ 2509089.46, 6348478.740000000223517, 0.0 ], [ 2509038.616899999789894, 6348477.940100000239909, 0.0 ] ] ] ] } },
{ "type": "Feature", "properties": { "LAYER": "PARCELARIO_BASE_CATASTRO", "MAP_NAME": "1010_2025.dwg", "ccpp1": "1010 437", "LAYER_2": "PADRONES_2_VISTALBA" }, "geometry": { "type": "MultiPolygon", "coordinates": [ [ [ [ 2509117.25290000019595, 6348570.423399998806417, 0.0 ], [ 2509148.524300000164658, 6348571.286299999803305, 0.0 ], [ 2509150.549999999813735, 6348521.410000000149012, 0.0 ], [ 2509119.569999999832362, 6348520.570000000298023, 0.0 ], [ 2509117.25290000019595, 6348570.423399998806417, 0.0 ] ] ] ] } },
{ "type": "Feature", "properties": { "LAYER": "PARCELARIO_BASE_CATASTRO", "MAP_NAME": "1010_2025.dwg", "ccpp1": "1010 249", "LAYER_2": "PADRONES_2_VISTALBA" }, "geometry": { "type": "MultiPolygon", "coordinates": [ [ [ [ 2509085.241600001230836, 6348569.541599999181926, 0.0 ], [ 2509117.25290000019595, 6348570.423399998806417, 0.0 ], [ 2509119.569999999832362, 6348520.570000000298023, 0.0 ], [ 2509087.570000001229346, 6348519.71, 0.0 ], [ 2509085.241600001230836, 6348569.541599999181926, 0.0 ] ] ] ] } },
{ "type": "Feature", "properties": { "LAYER": "PARCELARIO_BASE_CATASTRO", "MAP_NAME": "1010_2025.dwg", "ccpp1": "1010 481", "LAYER_2": "PADRONES_2_VISTALBA" }, "geometry": { "type": "MultiPolygon", "coordinates": [ [ [ [ 2509087.570000001229346, 6348519.71, 0.0 ], [ 2509119.569999999832362, 6348520.570000000298023, 0.0 ], [ 2509121.65, 6348475.049999998882413, 0.0 ], [ 2509089.46, 6348478.740000000223517, 0.0 ], [ 2509088.0, 6348510.559999999590218, 0.0 ], [ 2509087.570000001229346, 6348519.71, 0.0 ] ] ] ] } },
{ "type": "Feature", "properties": { "LAYER": "PARCELARIO_BASE_CATASTRO", "MAP_NAME": "1010_2025.dwg", "ccpp1": "1010 482", "LAYER_2": "PADRONES_2_VISTALBA" }, "geometry": { "type": "MultiPolygon", "coordinates": [ [ [ [ 2509119.569999999832362, 6348520.570000000298023, 0.0 ], [ 2509150.549999999813735, 6348521.410000000149012, 0.0 ], [ 2509152.52, 6348471.67, 0.0 ], [ 2509121.65, 6348475.049999998882413, 0.0 ], [ 2509119.569999999832362, 6348520.570000000298023, 0.0 ] ] ] ] } },
{ "type": "Feature", "properties": { "LAYER": "PARCELARIO_BASE_CATASTRO", "MAP_NAME": "1010_2025.dwg", "ccpp1": "1010 307", "LAYER_2": "PADRONES_2_VISTALBA" }, "geometry": { "type": "MultiPolygon", "coordinates": [ [ [ [ 2509148.525, 6348571.286299999803305, 0.0 ], [ 2509181.238299999851733, 6348572.189799998886883, 0.0 ], [ 2509183.549999999813735, 6348522.299999998882413, 0.0 ], [ 2509185.819999999832362, 6348472.799999998882413, 0.0 ], [ 2509152.52, 6348471.67, 0.0 ], [ 2509150.549999999813735, 6348521.410000000149012, 0.0 ], [ 2509148.525, 6348571.286299999803305, 0.0 ] ] ] ] } },
{ "type": "Feature", "properties": { "LAYER": "PARCELARIO_BASE_CATASTRO", "MAP_NAME": "1010_2025.dwg", "ccpp1": "1010 484", "LAYER_2": "PADRONES_2_VISTALBA" }, "geometry": { "type": "MultiPolygon", "coordinates": [ [ [ [ 2509181.239099999889731, 6348572.1903, 0.0 ], [ 2509213.234400000888854, 6348573.074199998751283, 0.0 ], [ 2509215.549999999813735, 6348523.160000000149012, 0.0 ], [ 2509183.549999999813735, 6348522.299999998882413, 0.0 ], [ 2509181.239099999889731, 6348572.1903, 0.0 ] ] ] ] } },
{ "type": "Feature", "properties": { "LAYER": "PARCELARIO_BASE_CATASTRO", "MAP_NAME": "1010_2025.dwg", "ccpp1": "1010 348", "LAYER_2": "PADRONES_2_VISTALBA" }, "geometry": { "type": "MultiPolygon", "coordinates": [ [ [ [ 2509213.234400000888854, 6348573.074199998751283, 0.0 ], [ 2509245.250700000207871, 6348573.959500000812113, 0.0 ], [ 2509247.549999999813735, 6348524.019999999552965, 0.0 ], [ 2509215.549999999813735, 6348523.160000000149012, 0.0 ], [ 2509213.234400000888854, 6348573.074199998751283, 0.0 ] ] ] ] } },
{ "type": "Feature", "properties": { "LAYER": "PARCELARIO_BASE_CATASTRO", "MAP_NAME": "1010_2025.dwg", "ccpp1": "1010 1474", "LAYER_2": "PADRONES_2_VISTALBA" }, "geometry": { "type": "MultiPolygon", "coordinates": [ [ [ [ 2509261.244099999777973, 6348574.402200000360608, 0.0 ], [ 2509277.247899999842048, 6348574.845200000330806, 0.0 ], [ 2509279.54, 6348524.889999999664724, 0.0 ], [ 2509263.530000001192093, 6348524.450000001117587, 0.0 ], [ 2509261.244099999777973, 6348574.402200000360608, 0.0 ] ] ] ] } },
{ "type": "Feature", "properties": { "LAYER": "PARCELARIO_BASE_CATASTRO", "MAP_NAME": "1010_2025.dwg", "ccpp1": "1010 488", "LAYER_2": "PADRONES_2_VISTALBA" }, "geometry": { "type": "MultiPolygon", "coordinates": [ [ [ [ 2509277.247899999842048, 6348574.845899999141693, 0.0 ], [ 2509304.58490000013262, 6348575.601300000213087, 0.0 ], [ 2509306.860000000800937, 6348525.620000000111759, 0.0 ], [ 2509279.54, 6348524.889999999664724, 0.0 ], [ 2509277.247899999842048, 6348574.845899999141693, 0.0 ] ] ] ] } },
{ "type": "Feature", "properties": { "LAYER": "PARCELARIO_BASE_CATASTRO", "MAP_NAME": "1010_2025.dwg", "ccpp1": "1010 490", "LAYER_2": "PADRONES_2_VISTALBA" }, "geometry": { "type": "MultiPolygon", "coordinates": [ [ [ [ 2509304.58490000013262, 6348575.601300000213087, 0.0 ], [ 2509319.7999, 6348576.022300001233816, 0.0 ], [ 2509322.08, 6348526.03000000026077, 0.0 ], [ 2509306.860000000800937, 6348525.620000000111759, 0.0 ], [ 2509304.58490000013262, 6348575.601300000213087, 0.0 ] ] ] ] } },
{ "type": "Feature", "properties": { "LAYER": "PARCELARIO_BASE_CATASTRO", "MAP_NAME": "1010_2025.dwg", "ccpp1": "1010 485", "LAYER_2": "PADRONES_2_VISTALBA" }, "geometry": { "type": "MultiPolygon", "coordinates": [ [ [ [ 2509183.549999999813735, 6348522.299999998882413, 0.0 ], [ 2509215.549999999813735, 6348523.160000000149012, 0.0 ], [ 2509217.799999999813735, 6348473.889999999664724, 0.0 ], [ 2509185.819999999832362, 6348472.799999998882413, 0.0 ], [ 2509183.549999999813735, 6348522.299999998882413, 0.0 ] ] ] ] } },
{ "type": "Feature", "properties": { "LAYER": "PARCELARIO_BASE_CATASTRO", "MAP_NAME": "1010_2025.dwg", "ccpp1": "1010 479", "LAYER_2": "PADRONES_2_VISTALBA" }, "geometry": { "type": "MultiPolygon", "coordinates": [ [ [ [ 2509215.549999999813735, 6348523.160000000149012, 0.0 ], [ 2509247.549999999813735, 6348524.019999999552965, 0.0 ], [ 2509249.79, 6348474.980000000447035, 0.0 ], [ 2509217.799999999813735, 6348473.889999999664724, 0.0 ], [ 2509215.549999999813735, 6348523.160000000149012, 0.0 ] ] ] ] } },
{ "type": "Feature", "properties": { "LAYER": "PARCELARIO_BASE_CATASTRO", "MAP_NAME": "1010_2025.dwg", "ccpp1": "1010 487", "LAYER_2": "PADRONES_2_VISTALBA" }, "geometry": { "type": "MultiPolygon", "coordinates": [ [ [ [ 2509279.54, 6348524.889999999664724, 0.0 ], [ 2509281.779999999795109, 6348476.059999999590218, 0.0 ], [ 2509249.79, 6348474.980000000447035, 0.0 ], [ 2509247.549999999813735, 6348524.019999999552965, 0.0 ], [ 2509263.530000001192093, 6348524.450000001117587, 0.0 ], [ 2509279.54, 6348524.889999999664724, 0.0 ] ] ] ] } },
{ "type": "Feature", "properties": { "LAYER": "PARCELARIO_BASE_CATASTRO", "MAP_NAME": "1010_2025.dwg", "ccpp1": "1010 489", "LAYER_2": "PADRONES_2_VISTALBA" }, "geometry": { "type": "MultiPolygon", "coordinates": [ [ [ [ 2509279.54, 6348524.889999999664724, 0.0 ], [ 2509306.860000000800937, 6348525.620000000111759, 0.0 ], [ 2509309.109999999869615, 6348476.990000000223517, 0.0 ], [ 2509281.779999999795109, 6348476.059999999590218, 0.0 ], [ 2509279.54, 6348524.889999999664724, 0.0 ] ] ] ] } },
{ "type": "Feature", "properties": { "LAYER": "PARCELARIO_BASE_CATASTRO", "MAP_NAME": "1010_2025.dwg", "ccpp1": "1010 491", "LAYER_2": "PADRONES_2_VISTALBA" }, "geometry": { "type": "MultiPolygon", "coordinates": [ [ [ [ 2509322.08, 6348526.03000000026077, 0.0 ], [ 2509338.089999999850988, 6348526.46999999973923, 0.0 ], [ 2509339.21, 6348502.0, 0.0 ], [ 2509340.319999999832362, 6348478.030000001192093, 0.0 ], [ 2509309.109999999869615, 6348476.990000000223517, 0.0 ], [ 2509306.860000000800937, 6348525.620000000111759, 0.0 ], [ 2509322.08, 6348526.03000000026077, 0.0 ] ] ] ] } },
{ "type": "Feature", "properties": { "LAYER": "PARCELARIO_BASE_CATASTRO", "MAP_NAME": "1010_2025.dwg", "ccpp1": "1010 495", "LAYER_2": "PADRONES_2_VISTALBA" }, "geometry": { "type": "MultiPolygon", "coordinates": [ [ [ [ 2509368.839999999850988, 6348502.809999999590218, 0.0 ], [ 2509369.569999999832362, 6348476.780000001192093, 0.0 ], [ 2509340.319999999832362, 6348478.030000001192093, 0.0 ], [ 2509339.21, 6348502.0, 0.0 ], [ 2509368.839999999850988, 6348502.809999999590218, 0.0 ] ] ] ] } },
{ "type": "Feature", "properties": { "LAYER": "PARCELARIO_BASE_CATASTRO", "MAP_NAME": "1010_2025.dwg", "ccpp1": "1010 494", "LAYER_2": "PADRONES_2_VISTALBA" }, "geometry": { "type": "MultiPolygon", "coordinates": [ [ [ [ 2509368.594699999783188, 6348577.372999999672174, 0.0 ], [ 2509409.8372, 6348578.516199998557568, 0.0 ], [ 2509405.814499999862164, 6348552.120000000111759, 0.0 ], [ 2509369.79, 6348550.909099999815226, 0.0 ], [ 2509368.594699999783188, 6348577.372999999672174, 0.0 ] ] ] ] } },
{ "type": "Feature", "properties": { "LAYER": "PARCELARIO_BASE_CATASTRO", "MAP_NAME": "1010_2025.dwg", "ccpp1": "1010 1745", "LAYER_2": "PADRONES_2_VISTALBA" }, "geometry": { "type": "MultiPolygon", "coordinates": [ [ [ [ 2509426.202200000174344, 6348578.9687, 0.0 ], [ 2509462.133100000210106, 6348579.966799999587238, 0.0 ], [ 2509463.311800001189113, 6348553.191100001335144, 0.0 ], [ 2509422.094500000122935, 6348552.070600000210106, 0.0 ], [ 2509426.202200000174344, 6348578.9687, 0.0 ] ] ] ] } },
{ "type": "Feature", "properties": { "LAYER": "PARCELARIO_BASE_CATASTRO", "MAP_NAME": "1010_2025.dwg", "ccpp1": "1010 392", "LAYER_2": "PADRONES_2_VISTALBA" }, "geometry": { "type": "MultiPolygon", "coordinates": [ [ [ [ 2509496.6316, 6348580.926199999637902, 0.0 ], [ 2509531.779699999839067, 6348581.904699999839067, 0.0 ], [ 2509533.96, 6348532.150000001303852, 0.0 ], [ 2509508.98, 6348531.46999999973923, 0.0 ], [ 2509498.839999999850988, 6348531.200000000186265, 0.0 ], [ 2509496.6316, 6348580.926199999637902, 0.0 ] ] ] ] } },
{ "type": "Feature", "properties": { "LAYER": "PARCELARIO_BASE_CATASTRO", "MAP_NAME": "1010_2025.dwg", "ccpp1": "1010 498", "LAYER_2": "PADRONES_2_VISTALBA" }, "geometry": { "type": "MultiPolygon", "coordinates": [ [ [ [ 2509531.779699999839067, 6348581.905299999751151, 0.0 ], [ 2509566.724000000860542, 6348582.8547, 0.0 ], [ 2509567.9972, 6348533.042600000277162, 0.0 ], [ 2509537.96, 6348532.259999999776483, 0.0 ], [ 2509533.96, 6348532.150000001303852, 0.0 ], [ 2509531.779699999839067, 6348581.905299999751151, 0.0 ] ] ] ] } },
{ "type": "Feature", "properties": { "LAYER": "PARCELARIO_BASE_CATASTRO", "MAP_NAME": "1010_2025.dwg", "ccpp1": "1010 510", "LAYER_2": "PADRONES_2_VISTALBA" }, "geometry": { "type": "MultiPolygon", "coordinates": [ [ [ [ 2509418.570000001229346, 6348529.03000000026077, 0.0 ], [ 2509448.589999999850988, 6348529.839999999850988, 0.0 ], [ 2509449.720000000204891, 6348488.450000001117587, 0.0 ], [ 2509412.720000000204891, 6348490.690000001341105, 0.0 ], [ 2509418.570000001229346, 6348529.03000000026077, 0.0 ] ] ] ] } },
{ "type": "Feature", "properties": { "LAYER": "PARCELARIO_BASE_CATASTRO", "MAP_NAME": "1010_2025.dwg", "ccpp1": "1010 496", "LAYER_2": "PADRONES_2_VISTALBA" }, "geometry": { "type": "MultiPolygon", "coordinates": [ [ [ [ 2509478.25, 6348530.639999998733401, 0.0 ], [ 2509479.440000000875443, 6348486.940000000409782, 0.0 ], [ 2509449.720000000204891, 6348488.450000001117587, 0.0 ], [ 2509448.589999999850988, 6348529.839999999850988, 0.0 ], [ 2509464.339999999850988, 6348530.259999999776483, 0.0 ], [ 2509478.25, 6348530.639999998733401, 0.0 ] ] ] ] } },
{ "type": "Feature", "properties": { "LAYER": "PARCELARIO_BASE_CATASTRO", "MAP_NAME": "1010_2025.dwg", "ccpp1": "1010 432", "LAYER_2": "PADRONES_2_VISTALBA" }, "geometry": { "type": "MultiPolygon", "coordinates": [ [ [ [ 2509533.96, 6348532.150000001303852, 0.0 ], [ 2509537.96, 6348532.259999999776483, 0.0 ], [ 2509539.04, 6348492.549999998882413, 0.0 ], [ 2509527.04, 6348492.21999999973923, 0.0 ], [ 2509527.15, 6348488.230000000447035, 0.0 ], [ 2509510.160000000149012, 6348487.769999999552965, 0.0 ], [ 2509508.98, 6348531.46999999973923, 0.0 ], [ 2509533.96, 6348532.150000001303852, 0.0 ] ] ] ] } },
{ "type": "Feature", "properties": { "LAYER": "PARCELARIO_BASE_CATASTRO", "MAP_NAME": "1010_2025.dwg", "ccpp1": "1010 210", "LAYER_2": "PADRONES_2_VISTALBA" }, "geometry": { "type": "MultiPolygon", "coordinates": [ [ [ [ 2509537.96, 6348532.259999999776483, 0.0 ], [ 2509567.9972, 6348533.042600000277162, 0.0 ], [ 2509569.412, 6348481.356700000353158, 0.0 ], [ 2509551.360000000800937, 6348480.880000000819564, 0.0 ], [ 2509551.04, 6348492.879999999888241, 0.0 ], [ 2509539.04, 6348492.549999998882413, 0.0 ], [ 2509537.96, 6348532.259999999776483, 0.0 ] ] ] ] } },
{ "type": "Feature", "properties": { "LAYER": "PARCELARIO_BASE_CATASTRO", "MAP_NAME": "1010_2025.dwg", "ccpp1": "1010 507", "LAYER_2": "PADRONES_2_VISTALBA" }, "geometry": { "type": "MultiPolygon", "coordinates": [ [ [ [ 2509432.799999999813735, 6348473.480000001378357, 0.0 ], [ 2509464.629999999888241, 6348471.480000000447035, 0.0 ], [ 2509466.590900000184774, 6348424.335799999535084, 0.0 ], [ 2509434.7634, 6348423.250900000333786, 0.0 ], [ 2509432.799999999813735, 6348473.480000001378357, 0.0 ] ] ] ] } },
{ "type": "Feature", "properties": { "LAYER": "PARCELARIO_BASE_CATASTRO", "MAP_NAME": "1010_2025.dwg", "ccpp1": "1010 511", "LAYER_2": "PADRONES_2_VISTALBA" }, "geometry": { "type": "MultiPolygon", "coordinates": [ [ [ [ 2509432.799999999813735, 6348473.480000001378357, 0.0 ], [ 2509434.7634, 6348423.250900000333786, 0.0 ], [ 2509402.165, 6348421.696499998681247, 0.0 ], [ 2509407.859999999869615, 6348459.009999999776483, 0.0 ], [ 2509410.299999999813735, 6348474.92, 0.0 ], [ 2509432.799999999813735, 6348473.480000001378357, 0.0 ] ] ] ] } },
{ "type": "Feature", "properties": { "LAYER": "PARCELARIO_BASE_CATASTRO", "MAP_NAME": "1010_2025.dwg", "ccpp1": "1010 506", "LAYER_2": "PADRONES_2_VISTALBA" }, "geometry": { "type": "MultiPolygon", "coordinates": [ [ [ [ 2509369.13219999987632, 6348420.095300000160933, 0.0 ], [ 2509331.6623, 6348418.2791, 0.0 ], [ 2509331.661100000143051, 6348421.012500000186265, 0.0 ], [ 2509331.641900001093745, 6348463.923699998296797, 0.0 ], [ 2509367.009999999776483, 6348461.29, 0.0 ], [ 2509369.0296, 6348422.086900001391768, 0.0 ], [ 2509369.13219999987632, 6348420.095300000160933, 0.0 ] ] ] ] } },
{ "type": "Feature", "properties": { "LAYER": "PARCELARIO_BASE_CATASTRO", "MAP_NAME": "1010_2025.dwg", "ccpp1": "1010 343", "LAYER_2": "PADRONES_2_VISTALBA" }, "geometry": { "type": "MultiPolygon", "coordinates": [ [ [ [ 2509331.6623, 6348418.2791, 0.0 ], [ 2509301.623200001195073, 6348416.823099998757243, 0.0 ], [ 2509301.6329, 6348420.14909999910742, 0.0 ], [ 2509301.757000000216067, 6348462.574500000104308, 0.0 ], [ 2509331.641900001093745, 6348463.923699998296797, 0.0 ], [ 2509331.661100000143051, 6348421.012500000186265, 0.0 ], [ 2509331.6623, 6348418.2791, 0.0 ] ] ] ] } },
{ "type": "Feature", "properties": { "LAYER": "PARCELARIO_BASE_CATASTRO", "MAP_NAME": "1010_2025.dwg", "ccpp1": "1010 505", "LAYER_2": "PADRONES_2_VISTALBA" }, "geometry": { "type": "MultiPolygon", "coordinates": [ [ [ [ 2509301.623200001195073, 6348416.823099998757243, 0.0 ], [ 2509267.699, 6348415.178799998946488, 0.0 ], [ 2509267.664100000169128, 6348419.172500000335276, 0.0 ], [ 2509267.298100001178682, 6348461.018799999728799, 0.0 ], [ 2509301.757000000216067, 6348462.574500000104308, 0.0 ], [ 2509301.6329, 6348420.14909999910742, 0.0 ], [ 2509301.623200001195073, 6348416.823099998757243, 0.0 ] ] ] ] } },
{ "type": "Feature", "properties": { "LAYER": "PARCELARIO_BASE_CATASTRO", "MAP_NAME": "1010_2025.dwg", "ccpp1": "1010 504", "LAYER_2": "PADRONES_2_VISTALBA" }, "geometry": { "type": "MultiPolygon", "coordinates": [ [ [ [ 2509267.699, 6348415.178799998946488, 0.0 ], [ 2509249.912021037191153, 6348414.31670839432627, 0.0 ], [ 2509249.884620558004826, 6348418.309718010015786, 0.0 ], [ 2509249.597030552104115, 6348460.21955761872232, 0.0 ], [ 2509267.298100001178682, 6348461.018799999728799, 0.0 ], [ 2509267.664100000169128, 6348419.172500000335276, 0.0 ], [ 2509267.699, 6348415.178799998946488, 0.0 ] ] ] ] } },
{ "type": "Feature", "properties": { "LAYER": "PARCELARIO_BASE_CATASTRO", "MAP_NAME": "1010_2025.dwg", "ccpp1": "1010 503", "LAYER_2": "PADRONES_2_VISTALBA" }, "geometry": { "type": "MultiPolygon", "coordinates": [ [ [ [ 2509233.855000000912696, 6348413.5384, 0.0 ], [ 2509202.866400000173599, 6348412.036399999633431, 0.0 ], [ 2509202.7889, 6348417.307199999690056, 0.0 ], [ 2509202.189399999100715, 6348458.079300001263618, 0.0 ], [ 2509233.537200000137091, 6348459.4945, 0.0 ], [ 2509233.822800000198185, 6348418.199500001035631, 0.0 ], [ 2509233.855000000912696, 6348413.5384, 0.0 ] ] ] ] } },
{ "type": "Feature", "properties": { "LAYER": "PARCELARIO_BASE_CATASTRO", "MAP_NAME": "1010_2025.dwg", "ccpp1": "1010 502", "LAYER_2": "PADRONES_2_VISTALBA" }, "geometry": { "type": "MultiPolygon", "coordinates": [ [ [ [ 2509202.7552, 6348412.031000000424683, 0.0 ], [ 2509168.596400000154972, 6348411.549499999731779, 0.0 ], [ 2509168.563500000163913, 6348415.255399999208748, 0.0 ], [ 2509166.851700000930578, 6348455.746500000357628, 0.0 ], [ 2509202.189399999100715, 6348458.079300001263618, 0.0 ], [ 2509202.7889, 6348417.307199999690056, 0.0 ], [ 2509202.866400000173599, 6348412.036399999633431, 0.0 ], [ 2509202.7552, 6348412.031000000424683, 0.0 ] ] ] ] } },
{ "type": "Feature", "properties": { "LAYER": "PARCELARIO_BASE_CATASTRO", "MAP_NAME": "1010_2025.dwg", "ccpp1": "1010 501", "LAYER_2": "PADRONES_2_VISTALBA" }, "geometry": { "type": "MultiPolygon", "coordinates": [ [ [ [ 2509168.563500000163913, 6348415.255399999208748, 0.0 ], [ 2509168.485400000121444, 6348414.1744, 0.0 ], [ 2509168.596400000154972, 6348411.549499999731779, 0.0 ], [ 2509135.9624, 6348411.0894, 0.0 ], [ 2509135.9216, 6348412.815399998798966, 0.0 ], [ 2509134.881, 6348456.848999999463558, 0.0 ], [ 2509166.851700000930578, 6348455.746500000357628, 0.0 ], [ 2509168.563500000163913, 6348415.255399999208748, 0.0 ] ] ] ] } },
{ "type": "Feature", "properties": { "LAYER": "PARCELARIO_BASE_CATASTRO", "MAP_NAME": "1010_2025.dwg", "ccpp1": "1010 500", "LAYER_2": "PADRONES_2_VISTALBA" }, "geometry": { "type": "MultiPolygon", "coordinates": [ [ [ [ 2509135.9624, 6348411.0894, 0.0 ], [ 2509103.4605, 6348410.631200001575053, 0.0 ], [ 2509103.4419, 6348411.86629999987781, 0.0 ], [ 2509102.689900000113994, 6348461.699699999764562, 0.0 ], [ 2509134.881, 6348456.848999999463558, 0.0 ], [ 2509135.9216, 6348412.815399998798966, 0.0 ], [ 2509135.9624, 6348411.0894, 0.0 ] ] ] ] } },
{ "type": "Feature", "properties": { "LAYER": "PARCELARIO_BASE_CATASTRO", "MAP_NAME": "1010_2025.dwg", "ccpp1": "1010 755", "LAYER_2": "PADRONES_2_VISTALBA" }, "geometry": { "type": "MultiPolygon", "coordinates": [ [ [ [ 2509102.689900000113994, 6348461.699699999764562, 0.0 ], [ 2509103.4419, 6348411.86629999987781, 0.0 ], [ 2509103.4605, 6348410.631200001575053, 0.0 ], [ 2509070.857200000900775, 6348410.1716, 0.0 ], [ 2509070.796900000888854, 6348410.927299999631941, 0.0 ], [ 2509069.9074, 6348422.08420000039041, 0.0 ], [ 2509083.728000000119209, 6348422.012000001035631, 0.0 ], [ 2509081.771199999842793, 6348466.57799999974668, 0.0 ], [ 2509091.861399999819696, 6348463.865299999713898, 0.0 ], [ 2509102.689900000113994, 6348461.699699999764562, 0.0 ] ] ] ] } },
{ "type": "Feature", "properties": { "LAYER": "PARCELARIO_BASE_CATASTRO", "MAP_NAME": "1010_2025.dwg", "ccpp1": "1010 2451", "LAYER_2": "PADRONES_2_VISTALBA" }, "geometry": { "type": "MultiPolygon", "coordinates": [ [ [ [ 2508504.410000000149012, 6348393.320000000298023, 0.0 ], [ 2508511.220000000204891, 6348263.0197, 0.0 ], [ 2508502.379800000227988, 6348262.103699999861419, 0.0 ], [ 2508500.990000000223517, 6348288.929999998770654, 0.0 ], [ 2508463.799999999813735, 6348287.759999999776483, 0.0 ], [ 2508465.329800000879914, 6348258.264499999582767, 0.0 ], [ 2508411.339999999850988, 6348252.67, 0.0 ], [ 2508406.4644, 6348345.1903, 0.0 ], [ 2508460.589999999850988, 6348349.110000000335276, 0.0 ], [ 2508458.44, 6348389.99000000115484, 0.0 ], [ 2508504.410000000149012, 6348393.320000000298023, 0.0 ] ] ] ] } },
{ "type": "Feature", "properties": { "LAYER": "PARCELARIO_BASE_CATASTRO", "MAP_NAME": "1010_2025.dwg", "ccpp1": "1010 958", "LAYER_2": "PADRONES_2_VISTALBA" }, "geometry": { "type": "MultiPolygon", "coordinates": [ [ [ [ 2508463.799999999813735, 6348287.759999999776483, 0.0 ], [ 2508500.990000000223517, 6348288.929999998770654, 0.0 ], [ 2508502.379800000227988, 6348262.103699999861419, 0.0 ], [ 2508465.329800000879914, 6348258.264499999582767, 0.0 ], [ 2508463.799999999813735, 6348287.759999999776483, 0.0 ] ] ] ] } },
{ "type": "Feature", "properties": { "LAYER": "PARCELARIO_BASE_CATASTRO", "MAP_NAME": "1010_2025.dwg", "ccpp1": "1010 954", "LAYER_2": "PADRONES_2_VISTALBA" }, "geometry": { "type": "MultiPolygon", "coordinates": [ [ [ [ 2508553.759999999776483, 6348396.889999999664724, 0.0 ], [ 2508560.360000000800937, 6348376.509999999776483, 0.0 ], [ 2508566.529999999795109, 6348357.530000001192093, 0.0 ], [ 2508575.049999999813735, 6348331.259999999776483, 0.0 ], [ 2508576.109999999869615, 6348327.980000000447035, 0.0 ], [ 2508560.680000000167638, 6348326.92, 0.0 ], [ 2508515.819999999832362, 6348323.75999999884516, 0.0 ], [ 2508516.109999999869615, 6348318.21, 0.0 ], [ 2508518.939499999862164, 6348263.8196, 0.0 ], [ 2508511.220000000204891, 6348263.0197, 0.0 ], [ 2508504.410000000149012, 6348393.320000000298023, 0.0 ], [ 2508510.490000000223517, 6348393.75, 0.0 ], [ 2508553.759999999776483, 6348396.889999999664724, 0.0 ] ] ] ] } },
{ "type": "Feature", "properties": { "LAYER": "PARCELARIO_BASE_CATASTRO", "MAP_NAME": "1010_2025.dwg", "ccpp1": "1010 623", "LAYER_2": "PADRONES_2_VISTALBA" }, "geometry": { "type": "MultiPolygon", "coordinates": [ [ [ [ 2508448.52, 6348452.28000000026077, 0.0 ], [ 2508449.509999999776483, 6348431.5, 0.0 ], [ 2508402.095800001174212, 6348428.090400000102818, 0.0 ], [ 2508401.024899999145418, 6348448.520399998873472, 0.0 ], [ 2508448.52, 6348452.28000000026077, 0.0 ] ] ] ] } },
{ "type": "Feature", "properties": { "LAYER": "PARCELARIO_BASE_CATASTRO", "MAP_NAME": "1010_2025.dwg", "ccpp1": "1010 709", "LAYER_2": "PADRONES_2_VISTALBA" }, "geometry": { "type": "MultiPolygon", "coordinates": [ [ [ [ 2508449.509999999776483, 6348431.5, 0.0 ], [ 2508494.859999999869615, 6348434.75999999884516, 0.0 ], [ 2508495.470000000204891, 6348414.120000000111759, 0.0 ], [ 2508494.470000000204891, 6348414.04, 0.0 ], [ 2508450.509999999776483, 6348410.440000001341105, 0.0 ], [ 2508449.509999999776483, 6348431.5, 0.0 ] ] ] ] } },
{ "type": "Feature", "properties": { "LAYER": "PARCELARIO_BASE_CATASTRO", "MAP_NAME": "1010_2025.dwg", "ccpp1": "1010 710", "LAYER_2": "PADRONES_2_VISTALBA" }, "geometry": { "type": "MultiPolygon", "coordinates": [ [ [ [ 2508494.470000000204891, 6348414.04, 0.0 ], [ 2508495.21, 6348399.089999999850988, 0.0 ], [ 2508510.190000000875443, 6348399.83, 0.0 ], [ 2508510.490000000223517, 6348393.75, 0.0 ], [ 2508504.410000000149012, 6348393.320000000298023, 0.0 ], [ 2508458.44, 6348389.99000000115484, 0.0 ], [ 2508451.509999999776483, 6348389.480000000447035, 0.0 ], [ 2508450.509999999776483, 6348410.440000001341105, 0.0 ], [ 2508494.470000000204891, 6348414.04, 0.0 ] ] ] ] } },
{ "type": "Feature", "properties": { "LAYER": "PARCELARIO_BASE_CATASTRO", "MAP_NAME": "1010_2025.dwg", "ccpp1": "1010 619", "LAYER_2": "PADRONES_2_VISTALBA" }, "geometry": { "type": "MultiPolygon", "coordinates": [ [ [ [ 2508447.7958, 6348482.399699999019504, 0.0 ], [ 2508492.799999999813735, 6348485.870000001043081, 0.0 ], [ 2508493.480000000912696, 6348463.070000000298023, 0.0 ], [ 2508448.94, 6348460.499999999068677, 0.0 ], [ 2508447.7958, 6348482.399699999019504, 0.0 ] ] ] ] } },
{ "type": "Feature", "properties": { "LAYER": "PARCELARIO_BASE_CATASTRO", "MAP_NAME": "1010_2025.dwg", "ccpp1": "1010 620", "LAYER_2": "PADRONES_2_VISTALBA" }, "geometry": { "type": "MultiPolygon", "coordinates": [ [ [ [ 2508446.7078, 6348503.369, 0.0 ], [ 2508492.1716, 6348506.8799, 0.0 ], [ 2508492.799999999813735, 6348485.870000001043081, 0.0 ], [ 2508447.7958, 6348482.399699999019504, 0.0 ], [ 2508446.7078, 6348503.369, 0.0 ] ] ] ] } },
{ "type": "Feature", "properties": { "LAYER": "PARCELARIO_BASE_CATASTRO", "MAP_NAME": "1010_2025.dwg", "ccpp1": "1010 621", "LAYER_2": "PADRONES_2_VISTALBA" }, "geometry": { "type": "MultiPolygon", "coordinates": [ [ [ [ 2508476.431900001130998, 6348531.208799999207258, 0.0 ], [ 2508505.371600000187755, 6348533.689299998804927, 0.0 ], [ 2508505.577600000891834, 6348527.079599999822676, 0.0 ], [ 2508490.583599999081343, 6348526.629200001247227, 0.0 ], [ 2508491.03470000019297, 6348511.639699998311698, 0.0 ], [ 2508492.034300000872463, 6348511.669800000265241, 0.0 ], [ 2508492.1716, 6348506.8799, 0.0 ], [ 2508446.7078, 6348503.369, 0.0 ], [ 2508445.3925, 6348528.5482, 0.0 ], [ 2508476.431900001130998, 6348531.208799999207258, 0.0 ] ] ] ] } },
{ "type": "Feature", "properties": { "LAYER": "PARCELARIO_BASE_CATASTRO", "MAP_NAME": "1010_2025.dwg", "ccpp1": "1010 203", "LAYER_2": "PADRONES_2_VISTALBA" }, "geometry": { "type": "MultiPolygon", "coordinates": [ [ [ [ 2508436.4158, 6348562.846800000406802, 0.0 ], [ 2508466.076400000136346, 6348565.687400000169873, 0.0 ], [ 2508470.071899999864399, 6348560.73759999871254, 0.0 ], [ 2508474.540399999823421, 6348561.157700000330806, 0.0 ], [ 2508476.431900001130998, 6348531.208799999207258, 0.0 ], [ 2508445.3925, 6348528.5482, 0.0 ], [ 2508438.6247, 6348527.967999999411404, 0.0 ], [ 2508436.4158, 6348562.846800000406802, 0.0 ] ] ] ] } },
{ "type": "Feature", "properties": { "LAYER": "PARCELARIO_BASE_CATASTRO", "MAP_NAME": "1010_2025.dwg", "ccpp1": "1010 280", "LAYER_2": "PADRONES_2_VISTALBA" }, "geometry": { "type": "MultiPolygon", "coordinates": [ [ [ [ 2508486.347500000149012, 6348621.243700001388788, 0.0 ], [ 2508493.00760000012815, 6348599.886699999682605, 0.0 ], [ 2508501.1675999998115, 6348573.717899998649955, 0.0 ], [ 2508473.9068, 6348571.147300000302494, 0.0 ], [ 2508473.283299999777228, 6348581.196999998763204, 0.0 ], [ 2508468.794800001196563, 6348580.906899999827147, 0.0 ], [ 2508466.5957, 6348617.3777, 0.0 ], [ 2508485.7996, 6348623.023199999704957, 0.0 ], [ 2508486.347500000149012, 6348621.243700001388788, 0.0 ] ] ] ] } },
{ "type": "Feature", "properties": { "LAYER": "PARCELARIO_BASE_CATASTRO", "MAP_NAME": "1010_2025.dwg", "ccpp1": "1010 1338", "LAYER_2": "PADRONES_2_VISTALBA" }, "geometry": { "type": "MultiPolygon", "coordinates": [ [ [ [ 2508560.680000000167638, 6348326.92, 0.0 ], [ 2508561.02, 6348321.349999998696148, 0.0 ], [ 2508564.2497, 6348268.514700000174344, 0.0 ], [ 2508518.939499999862164, 6348263.8196, 0.0 ], [ 2508516.109999999869615, 6348318.21, 0.0 ], [ 2508515.819999999832362, 6348323.75999999884516, 0.0 ], [ 2508560.680000000167638, 6348326.92, 0.0 ] ] ] ] } },
{ "type": "Feature", "properties": { "LAYER": "PARCELARIO_BASE_CATASTRO", "MAP_NAME": "1010_2025.dwg", "ccpp1": "1010 834", "LAYER_2": "PADRONES_2_VISTALBA" }, "geometry": { "type": "MultiPolygon", "coordinates": [ [ [ [ 2508576.109999999869615, 6348327.980000000447035, 0.0 ], [ 2508577.879999999888241, 6348322.54, 0.0 ], [ 2508581.240000000223517, 6348312.179999999701977, 0.0 ], [ 2508594.410000000149012, 6348271.639999999664724, 0.0 ], [ 2508564.2497, 6348268.514700000174344, 0.0 ], [ 2508561.02, 6348321.349999998696148, 0.0 ], [ 2508560.680000000167638, 6348326.92, 0.0 ], [ 2508576.109999999869615, 6348327.980000000447035, 0.0 ] ] ] ] } },
{ "type": "Feature", "properties": { "LAYER": "PARCELARIO_BASE_CATASTRO", "MAP_NAME": "1010_2025.dwg", "ccpp1": "1010 1030", "LAYER_2": "PADRONES_2_VISTALBA" }, "geometry": { "type": "MultiPolygon", "coordinates": [ [ [ [ 2508730.549999999813735, 6348442.660000000149012, 0.0 ], [ 2508761.960400000214577, 6348450.872899999842048, 0.0 ], [ 2508770.730000000912696, 6348419.820000000298023, 0.0 ], [ 2508712.970000000204891, 6348404.230000000447035, 0.0 ], [ 2508704.200000000186265, 6348435.820000000298023, 0.0 ], [ 2508730.549999999813735, 6348442.660000000149012, 0.0 ] ] ] ] } },
{ "type": "Feature", "properties": { "LAYER": "PARCELARIO_BASE_CATASTRO", "MAP_NAME": "1010_2025.dwg", "ccpp1": "1010 692", "LAYER_2": "PADRONES_2_VISTALBA" }, "geometry": { "type": "MultiPolygon", "coordinates": [ [ [ [ 2508722.52, 6348474.030000001192093, 0.0 ], [ 2508752.54, 6348484.230000000447035, 0.0 ], [ 2508761.960400000214577, 6348450.872899999842048, 0.0 ], [ 2508730.549999999813735, 6348442.660000000149012, 0.0 ], [ 2508722.52, 6348474.030000001192093, 0.0 ] ] ] ] } },
{ "type": "Feature", "properties": { "LAYER": "PARCELARIO_BASE_CATASTRO", "MAP_NAME": "1010_2025.dwg", "ccpp1": "1010 693", "LAYER_2": "PADRONES_2_VISTALBA" }, "geometry": { "type": "MultiPolygon", "coordinates": [ [ [ [ 2508691.65, 6348460.219999998807907, 0.0 ], [ 2508692.049999999813735, 6348460.269999998621643, 0.0 ], [ 2508692.450000000186265, 6348460.33, 0.0 ], [ 2508692.839999999850988, 6348460.410000000149012, 0.0 ], [ 2508693.44, 6348460.549999998882413, 0.0 ], [ 2508693.819999999832362, 6348460.660000000149012, 0.0 ], [ 2508694.21, 6348460.79, 0.0 ], [ 2508694.589999999850988, 6348460.929999998770654, 0.0 ], [ 2508694.970000000204891, 6348461.08, 0.0 ], [ 2508695.339999999850988, 6348461.240000000223517, 0.0 ], [ 2508695.700000000186265, 6348461.419999998994172, 0.0 ], [ 2508696.049999999813735, 6348461.610000001266599, 0.0 ], [ 2508696.570000001229346, 6348461.92, 0.0 ], [ 2508696.92, 6348462.139999999664724, 0.0 ], [ 2508697.25, 6348462.370000000111759, 0.0 ], [ 2508697.570000001229346, 6348462.620000000111759, 0.0 ], [ 2508698.049999999813735, 6348463.0, 0.0 ], [ 2508698.490000000223517, 6348463.410000000149012, 0.0 ], [ 2508698.779999999795109, 6348463.700000000186265, 0.0 ], [ 2508699.049999999813735, 6348463.989999998360872, 0.0 ], [ 2508699.450000000186265, 6348464.46, 0.0 ], [ 2508699.700000000186265, 6348464.769999998621643, 0.0 ], [ 2508699.94, 6348465.099999998696148, 0.0 ], [ 2508700.17, 6348465.440000000409782, 0.0 ], [ 2508700.379999999888241, 6348465.78000000026077, 0.0 ], [ 2508700.569999999832362, 6348466.129999999888241, 0.0 ], [ 2508700.860000000800937, 6348466.67, 0.0 ], [ 2508722.52, 6348474.030000001192093, 0.0 ], [ 2508730.549999999813735, 6348442.660000000149012, 0.0 ], [ 2508704.200000000186265, 6348435.820000000298023, 0.0 ], [ 2508695.140000000130385, 6348433.389999999664724, 0.0 ], [ 2508691.65, 6348460.219999998807907, 0.0 ] ] ] ] } },
{ "type": "Feature", "properties": { "LAYER": "PARCELARIO_BASE_CATASTRO", "MAP_NAME": "1010_2025.dwg", "ccpp1": "1010 798", "LAYER_2": "PADRONES_2_VISTALBA" }, "geometry": { "type": "MultiPolygon", "coordinates": [ [ [ [ 2508679.839999999850988, 6348467.04, 0.0 ], [ 2508680.009999999776483, 6348466.67, 0.0 ], [ 2508680.190000000875443, 6348466.309999999590218, 0.0 ], [ 2508680.49000000115484, 6348465.78000000026077, 0.0 ], [ 2508680.71, 6348465.440000000409782, 0.0 ], [ 2508680.930000000167638, 6348465.099999998696148, 0.0 ], [ 2508681.17, 6348464.78000000026077, 0.0 ], [ 2508681.549999999813735, 6348464.299999999813735, 0.0 ], [ 2508681.819999999832362, 6348463.989999998360872, 0.0 ], [ 2508682.089999999850988, 6348463.700000000186265, 0.0 ], [ 2508682.379999999888241, 6348463.410000000149012, 0.0 ], [ 2508682.820000001229346, 6348463.0, 0.0 ], [ 2508683.140000000130385, 6348462.74000000115484, 0.0 ], [ 2508683.46, 6348462.49000000115484, 0.0 ], [ 2508683.780000001192093, 6348462.249999999068677, 0.0 ], [ 2508684.109999999869615, 6348462.03000000026077, 0.0 ], [ 2508684.46, 6348461.809999998658895, 0.0 ], [ 2508684.990000000223517, 6348461.519999998621643, 0.0 ], [ 2508685.339999999850988, 6348461.33, 0.0 ], [ 2508685.720000000204891, 6348461.160000000149012, 0.0 ], [ 2508686.089999999850988, 6348461.0, 0.0 ], [ 2508686.470000000204891, 6348460.860000000335276, 0.0 ], [ 2508687.049999999813735, 6348460.660000000149012, 0.0 ], [ 2508687.430000000167638, 6348460.549999998882413, 0.0 ], [ 2508687.819999999832362, 6348460.450000000186265, 0.0 ], [ 2508688.42, 6348460.33, 0.0 ], [ 2508688.820000001229346, 6348460.269999998621643, 0.0 ], [ 2508689.220000000204891, 6348460.219999998807907, 0.0 ], [ 2508689.629999999888241, 6348460.190000000409782, 0.0 ], [ 2508690.029999999795109, 6348460.160000001080334, 0.0 ], [ 2508690.44, 6348460.160000001080334, 0.0 ], [ 2508690.839999999850988, 6348460.160000001080334, 0.0 ], [ 2508691.25, 6348460.190000000409782, 0.0 ], [ 2508691.65, 6348460.219999998807907, 0.0 ], [ 2508695.140000000130385, 6348433.389999999664724, 0.0 ], [ 2508666.779999999795109, 6348425.96999999973923, 0.0 ], [ 2508662.549999999813735, 6348442.589999998919666, 0.0 ], [ 2508658.180000000167638, 6348459.78000000026077, 0.0 ], [ 2508679.839999999850988, 6348467.04, 0.0 ] ] ] ] } },
{ "type": "Feature", "properties": { "LAYER": "PARCELARIO_BASE_CATASTRO", "MAP_NAME": "1010_2025.dwg", "ccpp1": "1010 568", "LAYER_2": "PADRONES_2_VISTALBA" }, "geometry": { "type": "MultiPolygon", "coordinates": [ [ [ [ 2508677.46, 6348505.690000000409782, 0.0 ], [ 2508683.950000000186265, 6348481.379999999888241, 0.0 ], [ 2508683.610000000800937, 6348481.139999999664724, 0.0 ], [ 2508683.129999999888241, 6348480.769999999552965, 0.0 ], [ 2508682.67, 6348480.379999998956919, 0.0 ], [ 2508682.360000000800937, 6348480.099999999627471, 0.0 ], [ 2508682.089999999850988, 6348479.809999999590218, 0.0 ], [ 2508681.799999999813735, 6348479.519999998621643, 0.0 ], [ 2508681.54, 6348479.21, 0.0 ], [ 2508681.29, 6348478.900000001303852, 0.0 ], [ 2508681.049999999813735, 6348478.570000001229346, 0.0 ], [ 2508680.799999999813735, 6348478.240000000223517, 0.0 ], [ 2508680.589999999850988, 6348477.900000000372529, 0.0 ], [ 2508680.390000000130385, 6348477.549999999813735, 0.0 ], [ 2508680.190000000875443, 6348477.200000001117587, 0.0 ], [ 2508680.009999999776483, 6348476.839999999850988, 0.0 ], [ 2508679.839999999850988, 6348476.46999999973923, 0.0 ], [ 2508679.680000000167638, 6348476.099999999627471, 0.0 ], [ 2508679.529999999795109, 6348475.71999999973923, 0.0 ], [ 2508679.40000000083819, 6348475.339999999850988, 0.0 ], [ 2508679.279999999795109, 6348474.950000000186265, 0.0 ], [ 2508679.180000000167638, 6348474.559999998658895, 0.0 ], [ 2508679.049999999813735, 6348473.96999999973923, 0.0 ], [ 2508678.98, 6348473.570000001229346, 0.0 ], [ 2508678.92, 6348473.17, 0.0 ], [ 2508678.879999999888241, 6348472.769999998621643, 0.0 ], [ 2508678.839999999850988, 6348472.360000000335276, 0.0 ], [ 2508678.839999999850988, 6348471.96, 0.0 ], [ 2508678.839999999850988, 6348471.549999999813735, 0.0 ], [ 2508678.839999999850988, 6348471.150000000372529, 0.0 ], [ 2508678.879999999888241, 6348470.740000000223517, 0.0 ], [ 2508678.92, 6348470.339999999850988, 0.0 ], [ 2508678.98, 6348469.940000001341105, 0.0 ], [ 2508679.049999999813735, 6348469.53999999910593, 0.0 ], [ 2508679.180000000167638, 6348468.949999998323619, 0.0 ], [ 2508679.339999999850988, 6348468.360000000335276, 0.0 ], [ 2508679.470000000204891, 6348467.980000000447035, 0.0 ], [ 2508679.610000000800937, 6348467.599999999627471, 0.0 ], [ 2508679.839999999850988, 6348467.04, 0.0 ], [ 2508658.180000000167638, 6348459.78000000026077, 0.0 ], [ 2508657.27, 6348463.42, 0.0 ], [ 2508651.9, 6348484.50999999884516, 0.0 ], [ 2508649.42, 6348494.21999999973923, 0.0 ], [ 2508677.46, 6348505.690000000409782, 0.0 ] ] ] ] } },
{ "type": "Feature", "properties": { "LAYER": "PARCELARIO_BASE_CATASTRO", "MAP_NAME": "1010_2025.dwg", "ccpp1": "1010 690", "LAYER_2": "PADRONES_2_VISTALBA" }, "geometry": { "type": "MultiPolygon", "coordinates": [ [ [ [ 2508696.731100000906736, 6348513.4529, 0.0 ], [ 2508711.596299999859184, 6348519.7389000011608, 0.0 ], [ 2508718.99000000115484, 6348489.349999999627471, 0.0 ], [ 2508696.570000001229346, 6348481.610000001266599, 0.0 ], [ 2508696.23, 6348481.809999999590218, 0.0 ], [ 2508695.859999999869615, 6348482.009999999776483, 0.0 ], [ 2508695.509999999776483, 6348482.190000001341105, 0.0 ], [ 2508694.96, 6348482.440000000409782, 0.0 ], [ 2508694.569999999832362, 6348482.599999998696148, 0.0 ], [ 2508694.009999999776483, 6348482.799999999813735, 0.0 ], [ 2508693.610000000800937, 6348482.92, 0.0 ], [ 2508693.230000000912696, 6348483.019999998621643, 0.0 ], [ 2508692.839999999850988, 6348483.110000000335276, 0.0 ], [ 2508692.440000000875443, 6348483.190000000409782, 0.0 ], [ 2508692.04, 6348483.250000000931323, 0.0 ], [ 2508691.640000000130385, 6348483.299999999813735, 0.0 ], [ 2508691.240000000223517, 6348483.33, 0.0 ], [ 2508690.819999999832362, 6348483.349999999627471, 0.0 ], [ 2508690.430000000167638, 6348483.360000000335276, 0.0 ], [ 2508690.019999999087304, 6348483.349999999627471, 0.0 ], [ 2508689.610000000800937, 6348483.33, 0.0 ], [ 2508689.21, 6348483.299999999813735, 0.0 ], [ 2508688.799999999813735, 6348483.250000000931323, 0.0 ], [ 2508688.410000000149012, 6348483.179999998770654, 0.0 ], [ 2508687.82079999987036, 6348483.0603, 0.0 ], [ 2508687.231500000227243, 6348482.910500000230968, 0.0 ], [ 2508686.841399999801069, 6348482.790500001050532, 0.0 ], [ 2508686.460900001227856, 6348482.660400001332164, 0.0 ], [ 2508686.069999999832362, 6348482.509999999776483, 0.0 ], [ 2508685.71, 6348482.349999999627471, 0.0 ], [ 2508685.339999999850988, 6348482.179999998770654, 0.0 ], [ 2508684.98, 6348482.0, 0.0 ], [ 2508684.629999999888241, 6348481.799999999813735, 0.0 ], [ 2508684.280000001192093, 6348481.589999999850988, 0.0 ], [ 2508683.950000000186265, 6348481.379999999888241, 0.0 ], [ 2508677.46, 6348505.690000000409782, 0.0 ], [ 2508680.357100000139326, 6348506.827600000426173, 0.0 ], [ 2508696.731100000906736, 6348513.4529, 0.0 ] ] ] ] } },
{ "type": "Feature", "properties": { "LAYER": "PARCELARIO_BASE_CATASTRO", "MAP_NAME": "1010_2025.dwg", "ccpp1": "1010 571", "LAYER_2": "PADRONES_2_VISTALBA" }, "geometry": { "type": "MultiPolygon", "coordinates": [ [ [ [ 2508632.180000000167638, 6348562.019999998621643, 0.0 ], [ 2508657.527300000190735, 6348576.322900000959635, 0.0 ], [ 2508664.049999999813735, 6348552.400000000372529, 0.0 ], [ 2508663.5, 6348551.980000000447035, 0.0 ], [ 2508663.180000000167638, 6348551.71, 0.0 ], [ 2508662.860000000800937, 6348551.429999999701977, 0.0 ], [ 2508662.549999999813735, 6348551.139999998733401, 0.0 ], [ 2508662.27, 6348550.839999999850988, 0.0 ], [ 2508661.990000000223517, 6348550.530000001192093, 0.0 ], [ 2508661.720000000204891, 6348550.21, 0.0 ], [ 2508661.46, 6348549.879999999888241, 0.0 ], [ 2508661.21, 6348549.549999999813735, 0.0 ], [ 2508660.980000000912696, 6348549.199999998323619, 0.0 ], [ 2508660.759999999776483, 6348548.839999998919666, 0.0 ], [ 2508660.549999999813735, 6348548.480000000447035, 0.0 ], [ 2508660.339999999850988, 6348548.110000000335276, 0.0 ], [ 2508660.160000000149012, 6348547.740000000223517, 0.0 ], [ 2508659.990000000223517, 6348547.360000001266599, 0.0 ], [ 2508659.819999999832362, 6348546.96999999973923, 0.0 ], [ 2508659.690000000875443, 6348546.570000000298023, 0.0 ], [ 2508659.549999999813735, 6348546.179999998770654, 0.0 ], [ 2508659.440000000875443, 6348545.769999998621643, 0.0 ], [ 2508659.339999999850988, 6348545.370000000111759, 0.0 ], [ 2508659.25, 6348544.96, 0.0 ], [ 2508659.180000000167638, 6348544.549999999813735, 0.0 ], [ 2508659.109999999869615, 6348544.129999999888241, 0.0 ], [ 2508659.070000001229346, 6348543.71999999973923, 0.0 ], [ 2508659.04, 6348543.299999999813735, 0.0 ], [ 2508659.029999999795109, 6348542.879999999888241, 0.0 ], [ 2508659.029999999795109, 6348542.459999999031425, 0.0 ], [ 2508659.04, 6348542.03999999910593, 0.0 ], [ 2508659.070000001229346, 6348541.629999998956919, 0.0 ], [ 2508659.109999999869615, 6348541.21, 0.0 ], [ 2508659.17, 6348540.790000000968575, 0.0 ], [ 2508659.240000000223517, 6348540.380000000819564, 0.0 ], [ 2508659.319999999832362, 6348539.96999999973923, 0.0 ], [ 2508659.42, 6348539.559999999590218, 0.0 ], [ 2508659.54, 6348539.160000000149012, 0.0 ], [ 2508659.67, 6348538.759999999776483, 0.0 ], [ 2508659.799999999813735, 6348538.369999999180436, 0.0 ], [ 2508659.96, 6348537.980000001378357, 0.0 ], [ 2508660.129999999888241, 6348537.599999999627471, 0.0 ], [ 2508660.320000001229346, 6348537.219999998807907, 0.0 ], [ 2508660.509999999776483, 6348536.849999999627471, 0.0 ], [ 2508660.720000000204891, 6348536.490000000223517, 0.0 ], [ 2508642.029999999795109, 6348523.269999998621643, 0.0 ], [ 2508640.839999999850988, 6348527.950000000186265, 0.0 ], [ 2508632.180000000167638, 6348562.019999998621643, 0.0 ] ] ] ] } },
{ "type": "Feature", "properties": { "LAYER": "PARCELARIO_BASE_CATASTRO", "MAP_NAME": "1010_2025.dwg", "ccpp1": "1010 569", "LAYER_2": "PADRONES_2_VISTALBA" }, "geometry": { "type": "MultiPolygon", "coordinates": [ [ [ [ 2508690.5036, 6348593.458999998867512, 0.0 ], [ 2508718.3638, 6348608.57880000025034, 0.0 ], [ 2508727.835700000170618, 6348577.641800001263618, 0.0 ], [ 2508699.1565, 6348562.8997, 0.0 ], [ 2508690.5036, 6348593.458999998867512, 0.0 ] ] ] ] } },
{ "type": "Feature", "properties": { "LAYER": "PARCELARIO_BASE_CATASTRO", "MAP_NAME": "1010_2025.dwg", "ccpp1": "1010 77", "LAYER_2": "PADRONES_2_VISTALBA" }, "geometry": { "type": "MultiPolygon", "coordinates": [ [ [ [ 2508776.852099999785423, 6348398.16260000038892, 0.0 ], [ 2508680.4468, 6348372.141900000162423, 0.0 ], [ 2508680.160000000149012, 6348373.269999998621643, 0.0 ], [ 2508674.910000000149012, 6348393.950000001117587, 0.0 ], [ 2508712.970000000204891, 6348404.230000000447035, 0.0 ], [ 2508770.730000000912696, 6348419.820000000298023, 0.0 ], [ 2508776.852099999785423, 6348398.16260000038892, 0.0 ] ] ] ] } },
{ "type": "Feature", "properties": { "LAYER": "PARCELARIO_BASE_CATASTRO", "MAP_NAME": "1010_2025.dwg", "ccpp1": "1010 923", "LAYER_2": "PADRONES_2_VISTALBA" }, "geometry": { "type": "MultiPolygon", "coordinates": [ [ [ [ 2508943.140000000130385, 6348381.03000000026077, 0.0 ], [ 2508964.589999999850988, 6348384.059999998658895, 0.0 ], [ 2508973.639099999796599, 6348329.2955, 0.0 ], [ 2508952.239200000185519, 6348325.8849, 0.0 ], [ 2508943.140000000130385, 6348381.03000000026077, 0.0 ] ] ] ] } },
{ "type": "Feature", "properties": { "LAYER": "PARCELARIO_BASE_CATASTRO", "MAP_NAME": "1010_2025.dwg", "ccpp1": "1010 924", "LAYER_2": "PADRONES_2_VISTALBA" }, "geometry": { "type": "MultiPolygon", "coordinates": [ [ [ [ 2508989.509999999776483, 6348387.579999999143183, 0.0 ], [ 2508993.33, 6348364.25999999884516, 0.0 ], [ 2508998.4095, 6348333.243300000205636, 0.0 ], [ 2508973.639099999796599, 6348329.2955, 0.0 ], [ 2508964.589999999850988, 6348384.059999998658895, 0.0 ], [ 2508989.509999999776483, 6348387.579999999143183, 0.0 ] ] ] ] } },
{ "type": "Feature", "properties": { "LAYER": "PARCELARIO_BASE_CATASTRO", "MAP_NAME": "1010_2025.dwg", "ccpp1": "1010 867", "LAYER_2": "PADRONES_2_VISTALBA" }, "geometry": { "type": "MultiPolygon", "coordinates": [ [ [ [ 2508934.450000000186265, 6348433.50999999884516, 0.0 ], [ 2508938.509999999776483, 6348409.0, 0.0 ], [ 2508942.609999999869615, 6348384.200000000186265, 0.0 ], [ 2508938.660000000149012, 6348383.549999999813735, 0.0 ], [ 2508917.79, 6348380.089999999850988, 0.0 ], [ 2508909.52, 6348429.309999999590218, 0.0 ], [ 2508934.450000000186265, 6348433.50999999884516, 0.0 ] ] ] ] } },
{ "type": "Feature", "properties": { "LAYER": "PARCELARIO_BASE_CATASTRO", "MAP_NAME": "1010_2025.dwg", "ccpp1": "1010 846", "LAYER_2": "PADRONES_2_VISTALBA" }, "geometry": { "type": "MultiPolygon", "coordinates": [ [ [ [ 2509026.5644, 6348397.852199998684227, 0.0 ], [ 2508976.301700000185519, 6348390.762199999764562, 0.0 ], [ 2508972.2843, 6348414.67439999897033, 0.0 ], [ 2509024.995500000193715, 6348423.530299999751151, 0.0 ], [ 2509026.5644, 6348397.852199998684227, 0.0 ] ] ] ] } },
{ "type": "Feature", "properties": { "LAYER": "PARCELARIO_BASE_CATASTRO", "MAP_NAME": "1010_2025.dwg", "ccpp1": "1010 844", "LAYER_2": "PADRONES_2_VISTALBA" }, "geometry": { "type": "MultiPolygon", "coordinates": [ [ [ [ 2508960.860000000800937, 6348437.96, 0.0 ], [ 2509023.470000000204891, 6348448.5, 0.0 ], [ 2509024.995500000193715, 6348423.530299999751151, 0.0 ], [ 2508938.509999999776483, 6348409.0, 0.0 ], [ 2508934.450000000186265, 6348433.50999999884516, 0.0 ], [ 2508960.860000000800937, 6348437.96, 0.0 ] ] ] ] } },
{ "type": "Feature", "properties": { "LAYER": "PARCELARIO_BASE_CATASTRO", "MAP_NAME": "1010_2025.dwg", "ccpp1": "1010 864", "LAYER_2": "PADRONES_2_VISTALBA" }, "geometry": { "type": "MultiPolygon", "coordinates": [ [ [ [ 2508956.569999999832362, 6348461.71, 0.0 ], [ 2508957.44, 6348456.929999999701977, 0.0 ], [ 2508960.860000000800937, 6348437.96, 0.0 ], [ 2508934.450000000186265, 6348433.50999999884516, 0.0 ], [ 2508909.52, 6348429.309999999590218, 0.0 ], [ 2508905.54, 6348453.070000000298023, 0.0 ], [ 2508926.96, 6348456.690000000409782, 0.0 ], [ 2508956.569999999832362, 6348461.71, 0.0 ] ] ] ] } },
{ "type": "Feature", "properties": { "LAYER": "PARCELARIO_BASE_CATASTRO", "MAP_NAME": "1010_2025.dwg", "ccpp1": "1010 531", "LAYER_2": "PADRONES_2_VISTALBA" }, "geometry": { "type": "MultiPolygon", "coordinates": [ [ [ [ 2509021.206600000150502, 6348467.720800000242889, 0.0 ], [ 2509023.470000000204891, 6348448.5, 0.0 ], [ 2508960.860000000800937, 6348437.96, 0.0 ], [ 2508957.44, 6348456.929999999701977, 0.0 ], [ 2509021.206600000150502, 6348467.720800000242889, 0.0 ] ] ] ] } },
{ "type": "Feature", "properties": { "LAYER": "PARCELARIO_BASE_CATASTRO", "MAP_NAME": "1010_2025.dwg", "ccpp1": "1010 209", "LAYER_2": "PADRONES_2_VISTALBA" }, "geometry": { "type": "MultiPolygon", "coordinates": [ [ [ [ 2508812.982299999799579, 6348440.775500001385808, 0.0 ], [ 2508786.05654306197539, 6348436.42220476269722, 0.0 ], [ 2508780.5951, 6348455.68099999986589, 0.0 ], [ 2508807.82576908916235, 6348460.861417180858552, 0.0 ], [ 2508812.982299999799579, 6348440.775500001385808, 0.0 ] ] ] ] } },
{ "type": "Feature", "properties": { "LAYER": "PARCELARIO_BASE_CATASTRO", "MAP_NAME": "1010_2025.dwg", "ccpp1": "1010 154", "LAYER_2": "PADRONES_2_VISTALBA" }, "geometry": { "type": "MultiPolygon", "coordinates": [ [ [ [ 2509016.826299999840558, 6348534.944599999114871, 0.0 ], [ 2508968.339999999850988, 6348523.489999998360872, 0.0 ], [ 2508920.930000000167638, 6348512.29, 0.0 ], [ 2508902.879999999888241, 6348508.03000000026077, 0.0 ], [ 2508873.320000001229346, 6348501.049999999813735, 0.0 ], [ 2508841.19, 6348493.46000000089407, 0.0 ], [ 2508834.658414488192648, 6348518.016292567364872, 0.0 ], [ 2508849.312814144883305, 6348521.674513931386173, 0.0 ], [ 2508869.913167444989085, 6348526.817041384056211, 0.0 ], [ 2508959.603904569055885, 6348549.113928097300231, 0.0 ], [ 2509016.078799999784678, 6348563.171199998818338, 0.0 ], [ 2509016.826299999840558, 6348534.944599999114871, 0.0 ] ] ] ] } },
{ "type": "Feature", "properties": { "LAYER": "PARCELARIO_BASE_CATASTRO", "MAP_NAME": "1010_2025.dwg", "ccpp1": "1010 731", "LAYER_2": "PADRONES_2_VISTALBA" }, "geometry": { "type": "MultiPolygon", "coordinates": [ [ [ [ 2508913.859999999869615, 6348479.679999999701977, 0.0 ], [ 2508925.44, 6348481.650000000372529, 0.0 ], [ 2508926.96, 6348456.690000000409782, 0.0 ], [ 2508905.54, 6348453.070000000298023, 0.0 ], [ 2508854.240000000223517, 6348444.370000001043081, 0.0 ], [ 2508847.819999999832362, 6348468.46999999973923, 0.0 ], [ 2508880.25, 6348473.96999999973923, 0.0 ], [ 2508913.859999999869615, 6348479.679999999701977, 0.0 ] ] ] ] } },
{ "type": "Feature", "properties": { "LAYER": "PARCELARIO_BASE_CATASTRO", "MAP_NAME": "1010_2025.dwg", "ccpp1": "1010 734", "LAYER_2": "PADRONES_2_VISTALBA" }, "geometry": { "type": "MultiPolygon", "coordinates": [ [ [ [ 2508902.879999999888241, 6348508.03000000026077, 0.0 ], [ 2508920.930000000167638, 6348512.29, 0.0 ], [ 2508930.879999999888241, 6348486.620000000111759, 0.0 ], [ 2508912.390000000130385, 6348483.49000000115484, 0.0 ], [ 2508902.879999999888241, 6348508.03000000026077, 0.0 ] ] ] ] } },
{ "type": "Feature", "properties": { "LAYER": "PARCELARIO_BASE_CATASTRO", "MAP_NAME": "1010_2025.dwg", "ccpp1": "1010 826", "LAYER_2": "PADRONES_2_VISTALBA" }, "geometry": { "type": "MultiPolygon", "coordinates": [ [ [ [ 2508920.930000000167638, 6348512.29, 0.0 ], [ 2508968.339999999850988, 6348523.489999998360872, 0.0 ], [ 2508972.54, 6348493.690000000409782, 0.0 ], [ 2508930.879999999888241, 6348486.620000000111759, 0.0 ], [ 2508920.930000000167638, 6348512.29, 0.0 ] ] ] ] } },
{ "type": "Feature", "properties": { "LAYER": "PARCELARIO_BASE_CATASTRO", "MAP_NAME": "1010_2025.dwg", "ccpp1": "1010 732", "LAYER_2": "PADRONES_2_VISTALBA" }, "geometry": { "type": "MultiPolygon", "coordinates": [ [ [ [ 2508968.339999999850988, 6348523.489999998360872, 0.0 ], [ 2509016.826299999840558, 6348534.945099999196827, 0.0 ], [ 2509017.6944, 6348501.360100000165403, 0.0 ], [ 2508972.54, 6348493.690000000409782, 0.0 ], [ 2508968.339999999850988, 6348523.489999998360872, 0.0 ] ] ] ] } },
{ "type": "Feature", "properties": { "LAYER": "PARCELARIO_BASE_CATASTRO", "MAP_NAME": "1010_2025.dwg", "ccpp1": "1010 365", "LAYER_2": "PADRONES_2_VISTALBA" }, "geometry": { "type": "MultiPolygon", "coordinates": [ [ [ [ 2508925.44, 6348481.650000000372529, 0.0 ], [ 2508986.549999999813735, 6348492.019999999552965, 0.0 ], [ 2509017.798599999863654, 6348497.310200000181794, 0.0 ], [ 2509017.819999999832362, 6348496.480000001378357, 0.0 ], [ 2509020.637800000142306, 6348472.550900001078844, 0.0 ], [ 2508988.640000000130385, 6348467.139999999664724, 0.0 ], [ 2508956.569999999832362, 6348461.71, 0.0 ], [ 2508926.96, 6348456.690000000409782, 0.0 ], [ 2508925.44, 6348481.650000000372529, 0.0 ] ] ] ] } },
{ "type": "Feature", "properties": { "LAYER": "PARCELARIO_BASE_CATASTRO", "MAP_NAME": "1010_2025.dwg", "ccpp1": "1010 93", "LAYER_2": "PADRONES_2_VISTALBA" }, "geometry": { "type": "MultiPolygon", "coordinates": [ [ [ [ 2508768.005599999800324, 6348500.0756, 0.0 ], [ 2508810.6585, 6348511.579300001263618, 0.0 ], [ 2508834.658414488192648, 6348518.016292567364872, 0.0 ], [ 2508841.19, 6348493.46000000089407, 0.0 ], [ 2508774.07010000012815, 6348478.690000000409782, 0.0 ], [ 2508768.005599999800324, 6348500.0756, 0.0 ] ] ] ] } },
{ "type": "Feature", "properties": { "LAYER": "PARCELARIO_BASE_CATASTRO", "MAP_NAME": "1010_2025.dwg", "ccpp1": "1010 2458", "LAYER_2": "PADRONES_2_VISTALBA" }, "geometry": { "type": "MultiPolygon", "coordinates": [ [ [ [ 2508905.54, 6348453.070000000298023, 0.0 ], [ 2508909.52, 6348429.309999999590218, 0.0 ], [ 2508916.67658676719293, 6348386.71662627812475, 0.0 ], [ 2508891.347270620986819, 6348382.917447423562407, 0.0 ], [ 2508893.368397053796798, 6348367.55715657863766, 0.0 ], [ 2508874.069999999832362, 6348364.769999998621643, 0.0 ], [ 2508853.629999999888241, 6348361.829999999143183, 0.0 ], [ 2508833.049999999813735, 6348358.880000000819564, 0.0 ], [ 2508847.037899999879301, 6348310.007500000298023, 0.0 ], [ 2508822.92, 6348306.429999999701977, 0.0 ], [ 2508805.40682997694239, 6348368.186973102390766, 0.0 ], [ 2508846.248440090101212, 6348374.813492107205093, 0.0 ], [ 2508843.516285398975015, 6348392.503859809599817, 0.0 ], [ 2508840.786673518829048, 6348409.364334861747921, 0.0 ], [ 2508838.222275306005031, 6348425.522102708928287, 0.0 ], [ 2508835.657157133799046, 6348441.224023194983602, 0.0 ], [ 2508854.240000000223517, 6348444.370000001043081, 0.0 ], [ 2508905.54, 6348453.070000000298023, 0.0 ] ] ] ] } },
{ "type": "Feature", "properties": { "LAYER": "PARCELARIO_BASE_CATASTRO", "MAP_NAME": "1010_2025.dwg", "ccpp1": "1010 80", "LAYER_2": "PADRONES_2_VISTALBA" }, "geometry": { "type": "MultiPolygon", "coordinates": [ [ [ [ 2508840.88222893094644, 6348630.710381618700922, 0.0 ], [ 2508843.4477, 6348631.527900001034141, 0.0 ], [ 2509012.1699, 6348687.021499998867512, 0.0 ], [ 2509015.8073, 6348587.631400000303984, 0.0 ], [ 2509009.6338, 6348587.468299999833107, 0.0 ], [ 2509002.344099999871105, 6348585.681300000287592, 0.0 ], [ 2508995.843599999789149, 6348582.699500000104308, 0.0 ], [ 2508990.040200000163168, 6348578.623800000175834, 0.0 ], [ 2508984.932, 6348573.468399999663234, 0.0 ], [ 2508980.803299999795854, 6348567.206799999810755, 0.0 ], [ 2508979.420899999793619, 6348566.4918, 0.0 ], [ 2508973.4899, 6348587.651800000108778, 0.0 ], [ 2508950.602, 6348581.236399999819696, 0.0 ], [ 2508959.603904569055885, 6348549.113928097300231, 0.0 ], [ 2508869.913167444989085, 6348526.817041384056211, 0.0 ], [ 2508840.88222893094644, 6348630.710381618700922, 0.0 ] ] ] ] } },
{ "type": "Feature", "properties": { "LAYER": "PARCELARIO_BASE_CATASTRO", "MAP_NAME": "1010_2025.dwg", "ccpp1": "1010 124", "LAYER_2": "PADRONES_2_VISTALBA" }, "geometry": { "type": "MultiPolygon", "coordinates": [ [ [ [ 2509851.604389369953424, 6348772.612672012299299, 0.0 ], [ 2509854.536675196141005, 6348727.497561176307499, 0.0 ], [ 2509873.593212549109012, 6348727.742571075446904, 0.0 ], [ 2509875.579799822065979, 6348699.095308589749038, 0.0 ], [ 2509963.222699999809265, 6348702.241499998606741, 0.0 ], [ 2509965.2023, 6348696.330799999646842, 0.0 ], [ 2509986.468500000890344, 6348632.832600001245737, 0.0 ], [ 2509990.50400000018999, 6348623.193199998699129, 0.0 ], [ 2509993.693700000178069, 6348615.573900000192225, 0.0 ], [ 2509989.0858, 6348615.502800000831485, 0.0 ], [ 2509988.761400000192225, 6348615.4978, 0.0 ], [ 2509760.62040000082925, 6348606.837500000372529, 0.0 ], [ 2509756.3462, 6348677.708800001069903, 0.0 ], [ 2509725.5587, 6348676.531100001186132, 0.0 ], [ 2509722.793, 6348722.177400000393391, 0.0 ], [ 2509573.9021, 6348716.4775, 0.0 ], [ 2509571.567100000102073, 6348797.778, 0.0 ], [ 2509604.5535, 6348798.7242, 0.0 ], [ 2509605.500900000799447, 6348765.739, 0.0 ], [ 2509758.5378, 6348770.1343, 0.0 ], [ 2509764.145500000100583, 6348770.295400001108646, 0.0 ], [ 2509783.197411596775055, 6348770.858820628374815, 0.0 ], [ 2509782.250700000207871, 6348803.819000001065433, 0.0 ], [ 2509830.700800000224262, 6348805.208199998363853, 0.0 ], [ 2509830.540399999823421, 6348772.00870000012219, 0.0 ], [ 2509851.604389369953424, 6348772.612672012299299, 0.0 ] ] ] ] } },
{ "type": "Feature", "properties": { "LAYER": "PARCELARIO_BASE_CATASTRO", "MAP_NAME": "1010_2025.dwg", "ccpp1": "1010 124", "LAYER_2": "PADRONES_2_VISTALBA" }, "geometry": { "type": "MultiPolygon", "coordinates": [ [ [ [ 2509767.724871838930994, 6348748.49510158598423, 0.0 ], [ 2509768.384743667207658, 6348726.605045185424387, 0.0 ], [ 2509802.81948567321524, 6348727.618065861053765, 0.0 ], [ 2509803.740454191807657, 6348696.41479444783181, 0.0 ], [ 2509755.84816297609359, 6348694.3029252178967, 0.0 ], [ 2509756.3462, 6348677.708800001069903, 0.0 ], [ 2509725.558690768200904, 6348676.531252367421985, 0.0 ], [ 2509722.793, 6348722.177400000393391, 0.0 ], [ 2509573.9021, 6348716.4775, 0.0 ], [ 2509571.567100000102073, 6348797.778, 0.0 ], [ 2509604.555114039219916, 6348798.723868417553604, 0.0 ], [ 2509605.500906360801309, 6348765.738778579048812, 0.0 ], [ 2509758.5378, 6348770.1343, 0.0 ], [ 2509767.065103011205792, 6348770.381741182878613, 0.0 ], [ 2509767.724871838930994, 6348748.49510158598423, 0.0 ] ] ] ] } },
{ "type": "Feature", "properties": { "LAYER": "PARCELARIO_BASE_CATASTRO", "MAP_NAME": "1010_2025.dwg", "ccpp1": "1010 820", "LAYER_2": "PADRONES_2_VISTALBA" }, "geometry": { "type": "MultiPolygon", "coordinates": [ [ [ [ 2509812.072800000198185, 6348864.423800000920892, 0.0 ], [ 2509814.4605, 6348820.127899998798966, 0.0 ], [ 2509748.120699999853969, 6348818.333999999798834, 0.0 ], [ 2509745.55420000012964, 6348862.2007, 0.0 ], [ 2509765.4104, 6348863.02170000039041, 0.0 ], [ 2509795.422300000209361, 6348863.9962, 0.0 ], [ 2509812.072800000198185, 6348864.423800000920892, 0.0 ] ] ] ] } },
{ "type": "Feature", "properties": { "LAYER": "PARCELARIO_BASE_CATASTRO", "MAP_NAME": "1010_2025.dwg", "ccpp1": "1010 667", "LAYER_2": "PADRONES_2_VISTALBA" }, "geometry": { "type": "MultiPolygon", "coordinates": [ [ [ [ 2509761.0792, 6349061.981599999591708, 0.0 ], [ 2509797.087359772995114, 6349059.060935092158616, 0.0 ], [ 2509798.353199999779463, 6349033.7517, 0.0 ], [ 2509763.048899999819696, 6349031.594499998725951, 0.0 ], [ 2509761.0792, 6349061.981599999591708, 0.0 ] ] ] ] } },
{ "type": "Feature", "properties": { "LAYER": "PARCELARIO_BASE_CATASTRO", "MAP_NAME": "1010_2025.dwg", "ccpp1": "1010 666", "LAYER_2": "PADRONES_2_VISTALBA" }, "geometry": { "type": "MultiPolygon", "coordinates": [ [ [ [ 2509733.749299999792129, 6349074.0949, 0.0 ], [ 2509760.936600000131875, 6349071.980999998748302, 0.0 ], [ 2509761.0792, 6349061.981599999591708, 0.0 ], [ 2509763.048899999819696, 6349031.594499998725951, 0.0 ], [ 2509736.474299999885261, 6349029.897000000812113, 0.0 ], [ 2509733.749299999792129, 6349074.0949, 0.0 ] ] ] ] } },
{ "type": "Feature", "properties": { "LAYER": "PARCELARIO_BASE_CATASTRO", "MAP_NAME": "1010_2025.dwg", "ccpp1": "1010 745", "LAYER_2": "PADRONES_2_VISTALBA" }, "geometry": { "type": "MultiPolygon", "coordinates": [ [ [ [ 2509760.330699999816716, 6349131.026399999856949, 0.0 ], [ 2509760.879600000102073, 6349076.49349999986589, 0.0 ], [ 2509760.936600000131875, 6349071.980999998748302, 0.0 ], [ 2509733.749299999792129, 6349074.0949, 0.0 ], [ 2509730.720499999821186, 6349123.224399999715388, 0.0 ], [ 2509760.330699999816716, 6349131.026399999856949, 0.0 ] ] ] ] } },
{ "type": "Feature", "properties": { "LAYER": "PARCELARIO_BASE_CATASTRO", "MAP_NAME": "1010_2025.dwg", "ccpp1": "1010 1732", "LAYER_2": "PADRONES_2_VISTALBA" }, "geometry": { "type": "MultiPolygon", "coordinates": [ [ [ [ 2509796.041000000201166, 6349132.747700000181794, 0.0 ], [ 2509788.677699999883771, 6349073.864199999719858, 0.0 ], [ 2509760.879600000102073, 6349076.49349999986589, 0.0 ], [ 2509760.330699999816716, 6349131.026399999856949, 0.0 ], [ 2509796.041000000201166, 6349132.747700000181794, 0.0 ] ] ] ] } },
{ "type": "Feature", "properties": { "LAYER": "PARCELARIO_BASE_CATASTRO", "MAP_NAME": "1010_2025.dwg", "ccpp1": "1010 1733", "LAYER_2": "PADRONES_2_VISTALBA" }, "geometry": { "type": "MultiPolygon", "coordinates": [ [ [ [ 2509816.0173, 6349125.939899999648333, 0.0 ], [ 2509811.54, 6349091.0165, 0.0 ], [ 2509807.607900000177324, 6349058.216099998913705, 0.0 ], [ 2509806.849700000137091, 6349058.269100001081824, 0.0 ], [ 2509761.0792, 6349061.981599999591708, 0.0 ], [ 2509760.936600000131875, 6349071.980999998748302, 0.0 ], [ 2509760.879600000102073, 6349076.49349999986589, 0.0 ], [ 2509788.677699999883771, 6349073.864199999719858, 0.0 ], [ 2509796.041000000201166, 6349132.747700000181794, 0.0 ], [ 2509816.0173, 6349125.939899999648333, 0.0 ] ] ] ] } },
{ "type": "Feature", "properties": { "LAYER": "PARCELARIO_BASE_CATASTRO", "MAP_NAME": "1010_2025.dwg", "ccpp1": "1010 646", "LAYER_2": "PADRONES_2_VISTALBA" }, "geometry": { "type": "MultiPolygon", "coordinates": [ [ [ [ 2509811.54, 6349091.0165, 0.0 ], [ 2509825.709200000856072, 6349088.610600000247359, 0.0 ], [ 2509823.3991, 6349069.329400000162423, 0.0 ], [ 2509823.623199999798089, 6349058.082100000232458, 0.0 ], [ 2509807.607900000177324, 6349058.216099998913705, 0.0 ], [ 2509811.54, 6349091.0165, 0.0 ] ] ] ] } },
{ "type": "Feature", "properties": { "LAYER": "PARCELARIO_BASE_CATASTRO", "MAP_NAME": "1010_2025.dwg", "ccpp1": "1010 668", "LAYER_2": "PADRONES_2_VISTALBA" }, "geometry": { "type": "MultiPolygon", "coordinates": [ [ [ [ 2509829.906099999789149, 6349122.4264000011608, 0.0 ], [ 2509825.709200000856072, 6349088.610600000247359, 0.0 ], [ 2509811.54, 6349091.0165, 0.0 ], [ 2509816.0173, 6349125.939899999648333, 0.0 ], [ 2509829.906099999789149, 6349122.4264000011608, 0.0 ] ] ] ] } },
{ "type": "Feature", "properties": { "LAYER": "PARCELARIO_BASE_CATASTRO", "MAP_NAME": "1010_2025.dwg", "ccpp1": "1010 769", "LAYER_2": "PADRONES_2_VISTALBA" }, "geometry": { "type": "MultiPolygon", "coordinates": [ [ [ [ 2509729.302199999801815, 6349260.260800000280142, 0.0 ], [ 2509792.168700001202524, 6349275.0948, 0.0 ], [ 2509792.930499999783933, 6349261.103500000201166, 0.0 ], [ 2509797.940999999176711, 6349261.397800001315773, 0.0 ], [ 2509798.703499999828637, 6349247.5110999988392, 0.0 ], [ 2509730.154699999839067, 6349242.453700001351535, 0.0 ], [ 2509729.302199999801815, 6349260.260800000280142, 0.0 ] ] ] ] } },
{ "type": "Feature", "properties": { "LAYER": "PARCELARIO_BASE_CATASTRO", "MAP_NAME": "1010_2025.dwg", "ccpp1": "1010 660", "LAYER_2": "PADRONES_2_VISTALBA" }, "geometry": { "type": "MultiPolygon", "coordinates": [ [ [ [ 2509854.425299999769777, 6349172.5493, 0.0 ], [ 2509846.428100000135601, 6349140.881000000983477, 0.0 ], [ 2509813.0249, 6349143.89259999897331, 0.0 ], [ 2509811.91080000018701, 6349169.58600000012666, 0.0 ], [ 2509854.425299999769777, 6349172.5493, 0.0 ] ] ] ] } },
{ "type": "Feature", "properties": { "LAYER": "PARCELARIO_BASE_CATASTRO", "MAP_NAME": "1010_2025.dwg", "ccpp1": "1010 1423", "LAYER_2": "PADRONES_2_VISTALBA" }, "geometry": { "type": "MultiPolygon", "coordinates": [ [ [ [ 2509863.9065, 6349260.481499999761581, 0.0 ], [ 2509863.6217, 6349256.943900001235306, 0.0 ], [ 2509862.1102, 6349238.0175, 0.0 ], [ 2509861.1779, 6349221.521499998867512, 0.0 ], [ 2509809.784899999853224, 6349217.973600000143051, 0.0 ], [ 2509808.0304, 6349256.675699998624623, 0.0 ], [ 2509863.9065, 6349260.481499999761581, 0.0 ] ] ] ] } },
{ "type": "Feature", "properties": { "LAYER": "PARCELARIO_BASE_CATASTRO", "MAP_NAME": "1010_2025.dwg", "ccpp1": "1010 1423", "LAYER_2": "PADRONES_2_VISTALBA" }, "geometry": { "type": "MultiPolygon", "coordinates": [ [ [ [ 2509808.303296303842217, 6349250.655945044010878, 0.0 ], [ 2509829.032217802945524, 6349252.247126870788634, 0.0 ], [ 2509836.377895938232541, 6349242.338791448622942, 0.0 ], [ 2509840.426205954980105, 6349235.119257179088891, 0.0 ], [ 2509840.804233698174357, 6349230.783078287728131, 0.0 ], [ 2509840.037506822030991, 6349220.062079437077045, 0.0 ], [ 2509809.784899999853224, 6349217.973600000143051, 0.0 ], [ 2509808.303296303842217, 6349250.655945044010878, 0.0 ] ] ] ] } },
{ "type": "Feature", "properties": { "LAYER": "PARCELARIO_BASE_CATASTRO", "MAP_NAME": "1010_2025.dwg", "ccpp1": "1010 770", "LAYER_2": "PADRONES_2_VISTALBA" }, "geometry": { "type": "MultiPolygon", "coordinates": [ [ [ [ 2509807.042899999767542, 6349278.321999998763204, 0.0 ], [ 2509866.421500000171363, 6349292.0016, 0.0 ], [ 2509863.9065, 6349260.481499999761581, 0.0 ], [ 2509808.0304, 6349256.675699998624623, 0.0 ], [ 2509807.042899999767542, 6349278.321999998763204, 0.0 ] ] ] ] } },
{ "type": "Feature", "properties": { "LAYER": "PARCELARIO_BASE_CATASTRO", "MAP_NAME": "1010_2025.dwg", "ccpp1": "1010 181", "LAYER_2": "PADRONES_2_VISTALBA" }, "geometry": { "type": "MultiPolygon", "coordinates": [ [ [ [ 2509799.795, 6349227.543800000101328, 0.0 ], [ 2509800.234199999831617, 6349219.441999998874962, 0.0 ], [ 2509804.238800000865012, 6349144.538800000213087, 0.0 ], [ 2509778.958200000226498, 6349144.768999999389052, 0.0 ], [ 2509777.5795, 6349176.252500000409782, 0.0 ], [ 2509776.43349999981001, 6349201.182099999859929, 0.0 ], [ 2509775.2689, 6349226.115199999883771, 0.0 ], [ 2509799.795, 6349227.543800000101328, 0.0 ] ] ] ] } },
{ "type": "Feature", "properties": { "LAYER": "PARCELARIO_BASE_CATASTRO", "MAP_NAME": "1010_2025.dwg", "ccpp1": "1010 558", "LAYER_2": "PADRONES_2_VISTALBA" }, "geometry": { "type": "MultiPolygon", "coordinates": [ [ [ [ 2509696.082299999892712, 6349301.713000000454485, 0.0 ], [ 2509706.787700000219047, 6349301.166600000113249, 0.0 ], [ 2509722.250700000207871, 6349300.729700000956655, 0.0 ], [ 2509729.9775, 6349300.604600000195205, 0.0 ], [ 2509741.336800000164658, 6349300.601099999621511, 0.0 ], [ 2509786.798000000882894, 6349300.5773, 0.0 ], [ 2509813.4139, 6349299.6628, 0.0 ], [ 2509840.4241, 6349298.522199998609722, 0.0 ], [ 2509840.66700000083074, 6349301.220900001004338, 0.0 ], [ 2509867.089999999850988, 6349300.446899999864399, 0.0 ], [ 2509866.897599999792874, 6349298.0482, 0.0 ], [ 2509689.595499999821186, 6349259.082600000314415, 0.0 ], [ 2509685.258500000927597, 6349286.557500001043081, 0.0 ], [ 2509698.4342, 6349288.53940000012517, 0.0 ], [ 2509696.082299999892712, 6349301.713000000454485, 0.0 ] ] ] ] } },
{ "type": "Feature", "properties": { "LAYER": "PARCELARIO_BASE_CATASTRO", "MAP_NAME": "1010_2025.dwg", "ccpp1": "1010 367", "LAYER_2": "PADRONES_2_VISTALBA" }, "geometry": { "type": "MultiPolygon", "coordinates": [ [ [ [ 2509790.817300000227988, 6349430.718099998310208, 0.0 ], [ 2509819.4679, 6349429.165, 0.0 ], [ 2509817.284399999771267, 6349397.218399999663234, 0.0 ], [ 2509790.394100000150502, 6349398.706000000238419, 0.0 ], [ 2509790.501499999780208, 6349422.371200000867248, 0.0 ], [ 2509790.590600000228733, 6349426.8306, 0.0 ], [ 2509790.817300000227988, 6349430.718099998310208, 0.0 ] ] ] ] } },
{ "type": "Feature", "properties": { "LAYER": "PARCELARIO_BASE_CATASTRO", "MAP_NAME": "1010_2025.dwg", "ccpp1": "1010 368", "LAYER_2": "PADRONES_2_VISTALBA" }, "geometry": { "type": "MultiPolygon", "coordinates": [ [ [ [ 2509790.394100000150502, 6349398.706000000238419, 0.0 ], [ 2509817.284399999771267, 6349397.218399999663234, 0.0 ], [ 2509815.0984, 6349365.269799999892712, 0.0 ], [ 2509789.2122, 6349366.7297, 0.0 ], [ 2509790.394100000150502, 6349398.706000000238419, 0.0 ] ] ] ] } },
{ "type": "Feature", "properties": { "LAYER": "PARCELARIO_BASE_CATASTRO", "MAP_NAME": "1010_2025.dwg", "ccpp1": "1010 219", "LAYER_2": "PADRONES_2_VISTALBA" }, "geometry": { "type": "MultiPolygon", "coordinates": [ [ [ [ 2509789.212900000158697, 6349366.729799999855459, 0.0 ], [ 2509815.0984, 6349365.269799999892712, 0.0 ], [ 2509812.886, 6349333.348799999803305, 0.0 ], [ 2509787.983899999875575, 6349333.718500000424683, 0.0 ], [ 2509789.212900000158697, 6349366.729799999855459, 0.0 ] ] ] ] } },
{ "type": "Feature", "properties": { "LAYER": "PARCELARIO_BASE_CATASTRO", "MAP_NAME": "1010_2025.dwg", "ccpp1": "1010 526", "LAYER_2": "PADRONES_2_VISTALBA" }, "geometry": { "type": "MultiPolygon", "coordinates": [ [ [ [ 2509812.886, 6349333.348799999803305, 0.0 ], [ 2509812.54950000019744, 6349328.215300000272691, 0.0 ], [ 2509815.536299999803305, 6349328.141099998727441, 0.0 ], [ 2509813.4139, 6349299.6628, 0.0 ], [ 2509786.798000000882894, 6349300.5773, 0.0 ], [ 2509787.983899999875575, 6349333.718500000424683, 0.0 ], [ 2509812.886, 6349333.348799999803305, 0.0 ] ] ] ] } },
{ "type": "Feature", "properties": { "LAYER": "PARCELARIO_BASE_CATASTRO", "MAP_NAME": "1010_2025.dwg", "ccpp1": "1010 604", "LAYER_2": "PADRONES_2_VISTALBA" }, "geometry": { "type": "MultiPolygon", "coordinates": [ [ [ [ 2509850.0477, 6349396.32139999885112, 0.0 ], [ 2509846.67920000012964, 6349364.445199999026954, 0.0 ], [ 2509820.846100000198931, 6349365.3799, 0.0 ], [ 2509823.041300000157207, 6349397.327700001187623, 0.0 ], [ 2509850.0477, 6349396.32139999885112, 0.0 ] ] ] ] } },
{ "type": "Feature", "properties": { "LAYER": "PARCELARIO_BASE_CATASTRO", "MAP_NAME": "1010_2025.dwg", "ccpp1": "1010 2262", "LAYER_2": "PADRONES_2_VISTALBA" }, "geometry": { "type": "MultiPolygon", "coordinates": [ [ [ [ 2509818.603800000157207, 6349333.059500001370907, 0.0 ], [ 2509843.583699999842793, 6349332.578200001269579, 0.0 ], [ 2509840.66700000083074, 6349301.220900001004338, 0.0 ], [ 2509840.4241, 6349298.522199998609722, 0.0 ], [ 2509813.4139, 6349299.6628, 0.0 ], [ 2509815.536299999803305, 6349328.141099998727441, 0.0 ], [ 2509818.283099999185652, 6349328.066399999894202, 0.0 ], [ 2509818.603800000157207, 6349333.059500001370907, 0.0 ] ] ] ] } },
{ "type": "Feature", "properties": { "LAYER": "PARCELARIO_BASE_CATASTRO", "MAP_NAME": "1010_2025.dwg", "ccpp1": "1010 40", "LAYER_2": "PADRONES_2_VISTALBA" }, "geometry": { "type": "MultiPolygon", "coordinates": [ [ [ [ 2509790.933733899146318, 6349432.663392500020564, 0.0 ], [ 2509790.8174, 6349430.718099998310208, 0.0 ], [ 2509790.5907, 6349426.8306, 0.0 ], [ 2509790.5016, 6349422.371200000867248, 0.0 ], [ 2509790.394400000106543, 6349398.706000000238419, 0.0 ], [ 2509789.212900000158697, 6349366.729799999855459, 0.0 ], [ 2509787.983899999875575, 6349333.718500000424683, 0.0 ], [ 2509786.798000000882894, 6349300.5773, 0.0 ], [ 2509741.336800000164658, 6349300.601099999621511, 0.0 ], [ 2509742.9002, 6349375.776200000196695, 0.0 ], [ 2509744.243700000923127, 6349407.523699999786913, 0.0 ], [ 2509757.21169999986887, 6349407.154299998655915, 0.0 ], [ 2509759.472800000105053, 6349421.354899999685585, 0.0 ], [ 2509761.298038574866951, 6349433.466093772090971, 0.0 ], [ 2509790.933733899146318, 6349432.663392500020564, 0.0 ] ] ] ] } },
{ "type": "Feature", "properties": { "LAYER": "PARCELARIO_BASE_CATASTRO", "MAP_NAME": "1010_2025.dwg", "ccpp1": "1010 64", "LAYER_2": "PADRONES_2_VISTALBA" }, "geometry": { "type": "MultiPolygon", "coordinates": [ [ [ [ 2509745.221679391805083, 6349433.901531979441643, 0.0 ], [ 2509744.7028, 6349422.314699999056756, 0.0 ], [ 2509744.243700000923127, 6349407.523699999786913, 0.0 ], [ 2509742.9002, 6349375.776200000196695, 0.0 ], [ 2509741.336800000164658, 6349300.601099999621511, 0.0 ], [ 2509729.9775, 6349300.604600000195205, 0.0 ], [ 2509732.9529, 6349402.327499998733401, 0.0 ], [ 2509733.972593742888421, 6349434.206220474094152, 0.0 ], [ 2509745.221679391805083, 6349433.901531979441643, 0.0 ] ] ] ] } },
{ "type": "Feature", "properties": { "LAYER": "PARCELARIO_BASE_CATASTRO", "MAP_NAME": "1010_2025.dwg", "ccpp1": "1010 61", "LAYER_2": "PADRONES_2_VISTALBA" }, "geometry": { "type": "MultiPolygon", "coordinates": [ [ [ [ 2509909.104100000113249, 6349576.857800000347197, 0.0 ], [ 2509900.171, 6349547.536899998784065, 0.0 ], [ 2509891.564900000113994, 6349519.375900000333786, 0.0 ], [ 2509878.410199999809265, 6349519.84389999974519, 0.0 ], [ 2509866.022300000768155, 6349520.272199999541044, 0.0 ], [ 2509838.963200000114739, 6349521.202200000174344, 0.0 ], [ 2509843.855399999767542, 6349537.722900000400841, 0.0 ], [ 2509847.7294, 6349550.771000000648201, 0.0 ], [ 2509856.26609021704644, 6349579.992527840659022, 0.0 ], [ 2509895.823400000110269, 6349577.528699999675155, 0.0 ], [ 2509909.104100000113249, 6349576.857800000347197, 0.0 ] ] ] ] } },
{ "type": "Feature", "properties": { "LAYER": "PARCELARIO_BASE_CATASTRO", "MAP_NAME": "1010_2025.dwg", "ccpp1": "1010 202", "LAYER_2": "PADRONES_2_VISTALBA" }, "geometry": { "type": "MultiPolygon", "coordinates": [ [ [ [ 2509741.926400000229478, 6349586.56379999872297, 0.0 ], [ 2509778.666199999861419, 6349584.4117, 0.0 ], [ 2509770.348199999891222, 6349555.854700000956655, 0.0 ], [ 2509767.283299999777228, 6349545.345800001174212, 0.0 ], [ 2509756.646000000182539, 6349547.971099998801947, 0.0 ], [ 2509732.281700000166893, 6349553.765999999828637, 0.0 ], [ 2509733.5507, 6349558.084300000220537, 0.0 ], [ 2509741.926400000229478, 6349586.56379999872297, 0.0 ] ] ] ] } },
{ "type": "Feature", "properties": { "LAYER": "PARCELARIO_BASE_CATASTRO", "MAP_NAME": "1010_2025.dwg", "ccpp1": "1010 727", "LAYER_2": "PADRONES_2_VISTALBA" }, "geometry": { "type": "MultiPolygon", "coordinates": [ [ [ [ 2509756.646000000182539, 6349547.971099998801947, 0.0 ], [ 2509753.7555, 6349536.778, 0.0 ], [ 2509759.578700000885874, 6349535.354600000195205, 0.0 ], [ 2509754.661799999885261, 6349518.437699998728931, 0.0 ], [ 2509723.5597, 6349524.120000000111759, 0.0 ], [ 2509732.281700000166893, 6349553.765999999828637, 0.0 ], [ 2509756.646000000182539, 6349547.971099998801947, 0.0 ] ] ] ] } },
{ "type": "Feature", "properties": { "LAYER": "PARCELARIO_BASE_CATASTRO", "MAP_NAME": "1010_2025.dwg", "ccpp1": "1010 530", "LAYER_2": "PADRONES_2_VISTALBA" }, "geometry": { "type": "MultiPolygon", "coordinates": [ [ [ [ 2509816.676817621104419, 6349582.267782254144549, 0.0 ], [ 2509856.26609021704644, 6349579.992527840659022, 0.0 ], [ 2509847.7294, 6349550.771000000648201, 0.0 ], [ 2509843.855399999767542, 6349537.722900000400841, 0.0 ], [ 2509834.306400000117719, 6349538.802499998360872, 0.0 ], [ 2509804.8684, 6349542.1212, 0.0 ], [ 2509806.565600000787526, 6349547.905299998819828, 0.0 ], [ 2509808.132799999788404, 6349553.208800000138581, 0.0 ], [ 2509815.820600000210106, 6349579.396000000648201, 0.0 ], [ 2509816.676817621104419, 6349582.267782254144549, 0.0 ] ] ] ] } },
{ "type": "Feature", "properties": { "LAYER": "PARCELARIO_BASE_CATASTRO", "MAP_NAME": "1010_2025.dwg", "ccpp1": "1010 529", "LAYER_2": "PADRONES_2_VISTALBA" }, "geometry": { "type": "MultiPolygon", "coordinates": [ [ [ [ 2509834.306400000117719, 6349538.802499998360872, 0.0 ], [ 2509830.981500000227243, 6349529.365600000135601, 0.0 ], [ 2509833.8383, 6349529.038800000213087, 0.0 ], [ 2509823.106000000145286, 6349492.233099999837577, 0.0 ], [ 2509790.792100000195205, 6349494.21229999884963, 0.0 ], [ 2509790.891299999784678, 6349494.56209999974817, 0.0 ], [ 2509793.7007, 6349504.164699998684227, 0.0 ], [ 2509804.8684, 6349542.1212, 0.0 ], [ 2509834.306400000117719, 6349538.802499998360872, 0.0 ] ] ] ] } },
{ "type": "Feature", "properties": { "LAYER": "PARCELARIO_BASE_CATASTRO", "MAP_NAME": "1010_2025.dwg", "ccpp1": "1010 519", "LAYER_2": "PADRONES_2_VISTALBA" }, "geometry": { "type": "MultiPolygon", "coordinates": [ [ [ [ 2509788.749100000131875, 6349487.220200001262128, 0.0 ], [ 2509802.660500001162291, 6349486.55599999986589, 0.0 ], [ 2509794.728699999861419, 6349459.6541, 0.0 ], [ 2509790.550299999769777, 6349445.495199999772012, 0.0 ], [ 2509776.706600000150502, 6349445.997400001622736, 0.0 ], [ 2509788.749100000131875, 6349487.220200001262128, 0.0 ] ] ] ] } },
{ "type": "Feature", "properties": { "LAYER": "PARCELARIO_BASE_CATASTRO", "MAP_NAME": "1010_2025.dwg", "ccpp1": "1010 469", "LAYER_2": "PADRONES_2_VISTALBA" }, "geometry": { "type": "MultiPolygon", "coordinates": [ [ [ [ 2509761.31650000018999, 6349787.886199999600649, 0.0 ], [ 2509758.7993, 6349740.150399999693036, 0.0 ], [ 2509737.8426, 6349741.5066, 0.0 ], [ 2509740.3586, 6349788.983799999579787, 0.0 ], [ 2509761.31650000018999, 6349787.886199999600649, 0.0 ] ] ] ] } },
{ "type": "Feature", "properties": { "LAYER": "PARCELARIO_BASE_CATASTRO", "MAP_NAME": "1010_2025.dwg", "ccpp1": "1010 412", "LAYER_2": "PADRONES_2_VISTALBA" }, "geometry": { "type": "MultiPolygon", "coordinates": [ [ [ [ 2509782.273699999786913, 6349786.789300001226366, 0.0 ], [ 2509779.7357, 6349738.764399999752641, 0.0 ], [ 2509758.7993, 6349740.150399999693036, 0.0 ], [ 2509761.31650000018999, 6349787.886199999600649, 0.0 ], [ 2509782.273699999786913, 6349786.789300001226366, 0.0 ] ] ] ] } },
{ "type": "Feature", "properties": { "LAYER": "PARCELARIO_BASE_CATASTRO", "MAP_NAME": "1010_2025.dwg", "ccpp1": "1010 470", "LAYER_2": "PADRONES_2_VISTALBA" }, "geometry": { "type": "MultiPolygon", "coordinates": [ [ [ [ 2509804.219, 6349785.643400000408292, 0.0 ], [ 2509801.6702, 6349737.319599999114871, 0.0 ], [ 2509779.7357, 6349738.764399999752641, 0.0 ], [ 2509782.273699999786913, 6349786.789300001226366, 0.0 ], [ 2509804.219, 6349785.643400000408292, 0.0 ] ] ] ] } },
{ "type": "Feature", "properties": { "LAYER": "PARCELARIO_BASE_CATASTRO", "MAP_NAME": "1010_2025.dwg", "ccpp1": "1010 330", "LAYER_2": "PADRONES_2_VISTALBA" }, "geometry": { "type": "MultiPolygon", "coordinates": [ [ [ [ 2509824.1648, 6349784.607099999673665, 0.0 ], [ 2509821.6151, 6349736.004200000315905, 0.0 ], [ 2509801.6702, 6349737.319599999114871, 0.0 ], [ 2509804.219, 6349785.643400000408292, 0.0 ], [ 2509824.1648, 6349784.607099999673665, 0.0 ] ] ] ] } },
{ "type": "Feature", "properties": { "LAYER": "PARCELARIO_BASE_CATASTRO", "MAP_NAME": "1010_2025.dwg", "ccpp1": "1010 453", "LAYER_2": "PADRONES_2_VISTALBA" }, "geometry": { "type": "MultiPolygon", "coordinates": [ [ [ [ 2509847.3375, 6349787.403300000354648, 0.0 ], [ 2509844.557099999859929, 6349734.501199999824166, 0.0 ], [ 2509821.6151, 6349736.004200000315905, 0.0 ], [ 2509824.1648, 6349784.607099999673665, 0.0 ], [ 2509824.394100000150502, 6349788.598099999129772, 0.0 ], [ 2509847.3375, 6349787.403300000354648, 0.0 ] ] ] ] } },
{ "type": "Feature", "properties": { "LAYER": "PARCELARIO_BASE_CATASTRO", "MAP_NAME": "1010_2025.dwg", "ccpp1": "1010 454", "LAYER_2": "PADRONES_2_VISTALBA" }, "geometry": { "type": "MultiPolygon", "coordinates": [ [ [ [ 2509872.3221, 6349786.107900000177324, 0.0 ], [ 2509869.5199000001885, 6349732.78760000038892, 0.0 ], [ 2509844.557099999859929, 6349734.501199999824166, 0.0 ], [ 2509847.3375, 6349787.403300000354648, 0.0 ], [ 2509872.3221, 6349786.107900000177324, 0.0 ] ] ] ] } },
{ "type": "Feature", "properties": { "LAYER": "PARCELARIO_BASE_CATASTRO", "MAP_NAME": "1010_2025.dwg", "ccpp1": "1010 455", "LAYER_2": "PADRONES_2_VISTALBA" }, "geometry": { "type": "MultiPolygon", "coordinates": [ [ [ [ 2509893.120699999853969, 6349785.0186, 0.0 ], [ 2509890.277200000826269, 6349731.3596, 0.0 ], [ 2509869.5199000001885, 6349732.78760000038892, 0.0 ], [ 2509872.3221, 6349786.107900000177324, 0.0 ], [ 2509893.120699999853969, 6349785.0186, 0.0 ] ] ] ] } },
{ "type": "Feature", "properties": { "LAYER": "PARCELARIO_BASE_CATASTRO", "MAP_NAME": "1010_2025.dwg", "ccpp1": "1010 456", "LAYER_2": "PADRONES_2_VISTALBA" }, "geometry": { "type": "MultiPolygon", "coordinates": [ [ [ [ 2509915.899799999780953, 6349783.829300000332296, 0.0 ], [ 2509913.034899999853224, 6349729.801199998706579, 0.0 ], [ 2509890.277200000826269, 6349731.3596, 0.0 ], [ 2509893.120699999853969, 6349785.0186, 0.0 ], [ 2509915.899799999780953, 6349783.829300000332296, 0.0 ] ] ] ] } },
{ "type": "Feature", "properties": { "LAYER": "PARCELARIO_BASE_CATASTRO", "MAP_NAME": "1010_2025.dwg", "ccpp1": "1010 464", "LAYER_2": "PADRONES_2_VISTALBA" }, "geometry": { "type": "MultiPolygon", "coordinates": [ [ [ [ 2509962.220600000116974, 6349781.407700000330806, 0.0 ], [ 2509959.324200000148267, 6349726.611399999819696, 0.0 ], [ 2509935.4443, 6349728.261400001123548, 0.0 ], [ 2509938.309900000225753, 6349782.658599998801947, 0.0 ], [ 2509962.220600000116974, 6349781.407700000330806, 0.0 ] ] ] ] } },
{ "type": "Feature", "properties": { "LAYER": "PARCELARIO_BASE_CATASTRO", "MAP_NAME": "1010_2025.dwg", "ccpp1": "1010 465", "LAYER_2": "PADRONES_2_VISTALBA" }, "geometry": { "type": "MultiPolygon", "coordinates": [ [ [ [ 2509985.902600000146776, 6349777.145499999634922, 0.0 ], [ 2509983.125200000125915, 6349724.980200000107288, 0.0 ], [ 2509959.324200000148267, 6349726.611399999819696, 0.0 ], [ 2509962.220600000116974, 6349781.407700000330806, 0.0 ], [ 2509966.109300000127405, 6349781.20920000039041, 0.0 ], [ 2509965.949500000104308, 6349778.208700000308454, 0.0 ], [ 2509985.902600000146776, 6349777.145499999634922, 0.0 ] ] ] ] } },
{ "type": "Feature", "properties": { "LAYER": "PARCELARIO_BASE_CATASTRO", "MAP_NAME": "1010_2025.dwg", "ccpp1": "1010 466", "LAYER_2": "PADRONES_2_VISTALBA" }, "geometry": { "type": "MultiPolygon", "coordinates": [ [ [ [ 2509986.392200000118464, 6349786.186499999836087, 0.0 ], [ 2510008.455200000200421, 6349785.0132, 0.0 ], [ 2510009.374900000169873, 6349784.973600000143051, 0.0 ], [ 2510011.194500000216067, 6349776.863499999046326, 0.0 ], [ 2510015.283799999859184, 6349758.683500000275671, 0.0 ], [ 2510018.4531, 6349744.713499999605119, 0.0 ], [ 2510017.0735, 6349722.641399999149144, 0.0 ], [ 2509983.125200000125915, 6349724.980200000107288, 0.0 ], [ 2509985.902600000146776, 6349777.145499999634922, 0.0 ], [ 2509986.392200000118464, 6349786.186499999836087, 0.0 ] ] ] ] } },
{ "type": "Feature", "properties": { "LAYER": "PARCELARIO_BASE_CATASTRO", "MAP_NAME": "1010_2025.dwg", "ccpp1": "1010 460", "LAYER_2": "PADRONES_2_VISTALBA" }, "geometry": { "type": "MultiPolygon", "coordinates": [ [ [ [ 2509994.687599999830127, 6349840.063400001265109, 0.0 ], [ 2509999.286799999885261, 6349821.653300000354648, 0.0 ], [ 2510008.455200000200421, 6349785.0132, 0.0 ], [ 2509986.392200000118464, 6349786.186499999836087, 0.0 ], [ 2509986.8717, 6349795.1173, 0.0 ], [ 2509977.344700001180172, 6349795.624300001189113, 0.0 ], [ 2509980.161900000181049, 6349840.81900000013411, 0.0 ], [ 2509994.687599999830127, 6349840.063400001265109, 0.0 ] ] ] ] } },
{ "type": "Feature", "properties": { "LAYER": "PARCELARIO_BASE_CATASTRO", "MAP_NAME": "1010_2025.dwg", "ccpp1": "1010 459", "LAYER_2": "PADRONES_2_VISTALBA" }, "geometry": { "type": "MultiPolygon", "coordinates": [ [ [ [ 2509965.686799999792129, 6349841.564299999736249, 0.0 ], [ 2509980.161900000181049, 6349840.81900000013411, 0.0 ], [ 2509977.344700001180172, 6349795.624300001189113, 0.0 ], [ 2509966.9084, 6349796.1809, 0.0 ], [ 2509966.748500000219792, 6349793.18030000012368, 0.0 ], [ 2509955.372599999886006, 6349793.776399999856949, 0.0 ], [ 2509958.39919999986887, 6349841.952000001445413, 0.0 ], [ 2509965.686799999792129, 6349841.564299999736249, 0.0 ] ] ] ] } },
{ "type": "Feature", "properties": { "LAYER": "PARCELARIO_BASE_CATASTRO", "MAP_NAME": "1010_2025.dwg", "ccpp1": "1010 458", "LAYER_2": "PADRONES_2_VISTALBA" }, "geometry": { "type": "MultiPolygon", "coordinates": [ [ [ [ 2509938.916300000157207, 6349842.965200000442564, 0.0 ], [ 2509958.39919999986887, 6349841.952000001445413, 0.0 ], [ 2509955.372599999886006, 6349793.776399999856949, 0.0 ], [ 2509933.611200001090765, 6349794.928100000135601, 0.0 ], [ 2509936.607200000900775, 6349843.0844, 0.0 ], [ 2509938.916300000157207, 6349842.965200000442564, 0.0 ] ] ] ] } },
{ "type": "Feature", "properties": { "LAYER": "PARCELARIO_BASE_CATASTRO", "MAP_NAME": "1010_2025.dwg", "ccpp1": "1010 457", "LAYER_2": "PADRONES_2_VISTALBA" }, "geometry": { "type": "MultiPolygon", "coordinates": [ [ [ [ 2509936.607200000900775, 6349843.0844, 0.0 ], [ 2509933.611200001090765, 6349794.928100000135601, 0.0 ], [ 2509911.890700000803918, 6349796.068999999202788, 0.0 ], [ 2509914.895899999886751, 6349844.21580000128597, 0.0 ], [ 2509936.607200000900775, 6349843.0844, 0.0 ] ] ] ] } },
{ "type": "Feature", "properties": { "LAYER": "PARCELARIO_BASE_CATASTRO", "MAP_NAME": "1010_2025.dwg", "ccpp1": "1010 461", "LAYER_2": "PADRONES_2_VISTALBA" }, "geometry": { "type": "MultiPolygon", "coordinates": [ [ [ [ 2509911.6173, 6349844.384700000286102, 0.0 ], [ 2509914.895899999886751, 6349844.21580000128597, 0.0 ], [ 2509911.890700000803918, 6349796.068999999202788, 0.0 ], [ 2509889.401600000914186, 6349797.268500000238419, 0.0 ], [ 2509892.405799999833107, 6349845.376299999654293, 0.0 ], [ 2509911.6173, 6349844.384700000286102, 0.0 ] ] ] ] } },
{ "type": "Feature", "properties": { "LAYER": "PARCELARIO_BASE_CATASTRO", "MAP_NAME": "1010_2025.dwg", "ccpp1": "1010 462", "LAYER_2": "PADRONES_2_VISTALBA" }, "geometry": { "type": "MultiPolygon", "coordinates": [ [ [ [ 2509884.159799999091774, 6349845.812699999660254, 0.0 ], [ 2509892.405799999833107, 6349845.376299999654293, 0.0 ], [ 2509889.401600000914186, 6349797.268500000238419, 0.0 ], [ 2509868.093299999833107, 6349798.397399999201298, 0.0 ], [ 2509869.5299, 6349821.56180000025779, 0.0 ], [ 2509871.0864, 6349846.496399999596179, 0.0 ], [ 2509884.159799999091774, 6349845.812699999660254, 0.0 ] ] ] ] } },
{ "type": "Feature", "properties": { "LAYER": "PARCELARIO_BASE_CATASTRO", "MAP_NAME": "1010_2025.dwg", "ccpp1": "1010 438", "LAYER_2": "PADRONES_2_VISTALBA" }, "geometry": { "type": "MultiPolygon", "coordinates": [ [ [ [ 2509941.153300000820309, 6349878.959499999880791, 0.0 ], [ 2509967.964300000108778, 6349877.568199999630451, 0.0 ], [ 2509965.686799999792129, 6349841.564299999736249, 0.0 ], [ 2509958.39919999986887, 6349841.952000001445413, 0.0 ], [ 2509938.916300000157207, 6349842.965200000442564, 0.0 ], [ 2509941.153300000820309, 6349878.959499999880791, 0.0 ] ] ] ] } },
{ "type": "Feature", "properties": { "LAYER": "PARCELARIO_BASE_CATASTRO", "MAP_NAME": "1010_2025.dwg", "ccpp1": "1010 829", "LAYER_2": "PADRONES_2_VISTALBA" }, "geometry": { "type": "MultiPolygon", "coordinates": [ [ [ [ 2509983.0203, 6349886.728799998760223, 0.0 ], [ 2509989.468400000128895, 6349860.953499999828637, 0.0 ], [ 2509994.687599999830127, 6349840.063400001265109, 0.0 ], [ 2509980.161900000181049, 6349840.81900000013411, 0.0 ], [ 2509965.686799999792129, 6349841.564299999736249, 0.0 ], [ 2509967.964300000108778, 6349877.568199999630451, 0.0 ], [ 2509968.591099999845028, 6349887.477400000207126, 0.0 ], [ 2509983.0203, 6349886.728799998760223, 0.0 ] ] ] ] } },
{ "type": "Feature", "properties": { "LAYER": "PARCELARIO_BASE_CATASTRO", "MAP_NAME": "1010_2025.dwg", "ccpp1": "1010 340", "LAYER_2": "PADRONES_2_VISTALBA" }, "geometry": { "type": "MultiPolygon", "coordinates": [ [ [ [ 2509884.149000000208616, 6349968.325799999758601, 0.0 ], [ 2509942.817100000102073, 6349965.272400001063943, 0.0 ], [ 2509940.71100000012666, 6349925.053899999707937, 0.0 ], [ 2509917.3692, 6349926.266099998727441, 0.0 ], [ 2509882.0534, 6349928.092799998819828, 0.0 ], [ 2509884.149000000208616, 6349968.325799999758601, 0.0 ] ] ] ] } },
{ "type": "Feature", "properties": { "LAYER": "PARCELARIO_BASE_CATASTRO", "MAP_NAME": "1010_2025.dwg", "ccpp1": "1010 346", "LAYER_2": "PADRONES_2_VISTALBA" }, "geometry": { "type": "MultiPolygon", "coordinates": [ [ [ [ 2509831.7983, 6349930.689600000157952, 0.0 ], [ 2509856.895200000144541, 6349929.391799997538328, 0.0 ], [ 2509861.8128, 6349929.13389999885112, 0.0 ], [ 2509859.567600000184029, 6349893.187699998728931, 0.0 ], [ 2509829.924199999775738, 6349894.722299998626113, 0.0 ], [ 2509831.7983, 6349930.689600000157952, 0.0 ] ] ] ] } },
{ "type": "Feature", "properties": { "LAYER": "PARCELARIO_BASE_CATASTRO", "MAP_NAME": "1010_2025.dwg", "ccpp1": "1010 347", "LAYER_2": "PADRONES_2_VISTALBA" }, "geometry": { "type": "MultiPolygon", "coordinates": [ [ [ [ 2509884.402695847209543, 6349927.971283320337534, 0.0 ], [ 2509910.51462534815073, 6349926.620650978758931, 0.0 ], [ 2509908.863234329968691, 6349890.644709619693458, 0.0 ], [ 2509882.158207517117262, 6349892.022329102270305, 0.0 ], [ 2509884.402695847209543, 6349927.971283320337534, 0.0 ] ] ] ] } },
{ "type": "Feature", "properties": { "LAYER": "PARCELARIO_BASE_CATASTRO", "MAP_NAME": "1010_2025.dwg", "ccpp1": "1010 232", "LAYER_2": "PADRONES_2_VISTALBA" }, "geometry": { "type": "MultiPolygon", "coordinates": [ [ [ [ 2509726.625, 6349976.50690000038594, 0.0 ], [ 2509759.561000000219792, 6349974.7961, 0.0 ], [ 2509757.448900000192225, 6349934.431099999696016, 0.0 ], [ 2509756.3895, 6349934.490599999204278, 0.0 ], [ 2509736.438800000119954, 6349935.6513, 0.0 ], [ 2509724.554, 6349936.33600000012666, 0.0 ], [ 2509726.625, 6349976.50690000038594, 0.0 ] ] ] ] } },
{ "type": "Feature", "properties": { "LAYER": "PARCELARIO_BASE_CATASTRO", "MAP_NAME": "1010_2025.dwg", "ccpp1": "1010 859", "LAYER_2": "PADRONES_2_VISTALBA" }, "geometry": { "type": "MultiPolygon", "coordinates": [ [ [ [ 2509785.1192, 6349932.842500001192093, 0.0 ], [ 2509783.692600000184029, 6349904.085300001315773, 0.0 ], [ 2509782.880900000222027, 6349904.127500000409782, 0.0 ], [ 2509761.092499999795109, 6349905.266300001181662, 0.0 ], [ 2509755.6647, 6349905.545, 0.0 ], [ 2509757.448900000192225, 6349934.431099999696016, 0.0 ], [ 2509762.966300000902265, 6349934.114099999889731, 0.0 ], [ 2509784.555100000929087, 6349932.8745, 0.0 ], [ 2509785.1192, 6349932.842500001192093, 0.0 ] ] ] ] } },
{ "type": "Feature", "properties": { "LAYER": "PARCELARIO_BASE_CATASTRO", "MAP_NAME": "1010_2025.dwg", "ccpp1": "1010 966", "LAYER_2": "PADRONES_2_VISTALBA" }, "geometry": { "type": "MultiPolygon", "coordinates": [ [ [ [ 2509757.448900000192225, 6349934.431099999696016, 0.0 ], [ 2509755.6647, 6349905.545, 0.0 ], [ 2509754.5359, 6349905.602999999187887, 0.0 ], [ 2509734.56540000019595, 6349906.653199998661876, 0.0 ], [ 2509736.438800000119954, 6349935.6513, 0.0 ], [ 2509756.3895, 6349934.490599999204278, 0.0 ], [ 2509757.448900000192225, 6349934.431099999696016, 0.0 ] ] ] ] } },
{ "type": "Feature", "properties": { "LAYER": "PARCELARIO_BASE_CATASTRO", "MAP_NAME": "1010_2025.dwg", "ccpp1": "1010 858", "LAYER_2": "PADRONES_2_VISTALBA" }, "geometry": { "type": "MultiPolygon", "coordinates": [ [ [ [ 2509812.059900000225753, 6349931.308899998664856, 0.0 ], [ 2509810.465100000146776, 6349902.692599998787045, 0.0 ], [ 2509787.483900000806898, 6349903.887900000438094, 0.0 ], [ 2509783.692600000184029, 6349904.085300001315773, 0.0 ], [ 2509785.1192, 6349932.842500001192093, 0.0 ], [ 2509788.9095, 6349932.627100001089275, 0.0 ], [ 2509796.958399999886751, 6349932.170800000429153, 0.0 ], [ 2509812.059900000225753, 6349931.308899998664856, 0.0 ] ] ] ] } },
{ "type": "Feature", "properties": { "LAYER": "PARCELARIO_BASE_CATASTRO", "MAP_NAME": "1010_2025.dwg", "ccpp1": "1010 890", "LAYER_2": "PADRONES_2_VISTALBA" }, "geometry": { "type": "MultiPolygon", "coordinates": [ [ [ [ 2509759.474700000137091, 6349897.803700000979006, 0.0 ], [ 2509810.046500000171363, 6349895.160899998620152, 0.0 ], [ 2509808.4221, 6349866.094100000336766, 0.0 ], [ 2509757.601600000169128, 6349868.725599998608232, 0.0 ], [ 2509759.474700000137091, 6349897.803700000979006, 0.0 ] ] ] ] } },
{ "type": "Feature", "properties": { "LAYER": "PARCELARIO_BASE_CATASTRO", "MAP_NAME": "1010_2025.dwg", "ccpp1": "1010 169", "LAYER_2": "PADRONES_2_VISTALBA" }, "geometry": { "type": "MultiPolygon", "coordinates": [ [ [ [ 2509833.891600000206381, 6349970.9375, 0.0 ], [ 2509858.989699999801815, 6349969.633899999782443, 0.0 ], [ 2509856.895200000144541, 6349929.391799997538328, 0.0 ], [ 2509831.7983, 6349930.689600000157952, 0.0 ], [ 2509833.891600000206381, 6349970.9375, 0.0 ] ] ] ] } },
{ "type": "Feature", "properties": { "LAYER": "PARCELARIO_BASE_CATASTRO", "MAP_NAME": "1010_2025.dwg", "ccpp1": "1010 414", "LAYER_2": "PADRONES_2_VISTALBA" }, "geometry": { "type": "MultiPolygon", "coordinates": [ [ [ [ 2509856.7144, 6349847.228999999351799, 0.0 ], [ 2509871.0864, 6349846.496399999596179, 0.0 ], [ 2509869.5299, 6349821.56180000025779, 0.0 ], [ 2509826.227, 6349823.84669999871403, 0.0 ], [ 2509827.5323, 6349848.752500000409782, 0.0 ], [ 2509856.7144, 6349847.228999999351799, 0.0 ] ] ] ] } },
{ "type": "Feature", "properties": { "LAYER": "PARCELARIO_BASE_CATASTRO", "MAP_NAME": "1010_2025.dwg", "ccpp1": "1010 413", "LAYER_2": "PADRONES_2_VISTALBA" }, "geometry": { "type": "MultiPolygon", "coordinates": [ [ [ [ 2509826.227, 6349823.84669999871403, 0.0 ], [ 2509869.5299, 6349821.56180000025779, 0.0 ], [ 2509868.093299999833107, 6349798.397399999201298, 0.0 ], [ 2509825.021499999798834, 6349800.6711, 0.0 ], [ 2509826.227, 6349823.84669999871403, 0.0 ] ] ] ] } },
{ "type": "Feature", "properties": { "LAYER": "PARCELARIO_BASE_CATASTRO", "MAP_NAME": "1010_2025.dwg", "ccpp1": "1010 38", "LAYER_2": "PADRONES_2_VISTALBA" }, "geometry": { "type": "MultiPolygon", "coordinates": [ [ [ [ 2509759.561000000219792, 6349974.7961, 0.0 ], [ 2509786.8876, 6349973.377100000157952, 0.0 ], [ 2509784.555100000929087, 6349932.8745, 0.0 ], [ 2509762.966300000902265, 6349934.113899998366833, 0.0 ], [ 2509757.448900000192225, 6349934.431099999696016, 0.0 ], [ 2509759.561000000219792, 6349974.7961, 0.0 ] ] ] ] } },
{ "type": "Feature", "properties": { "LAYER": "PARCELARIO_BASE_CATASTRO", "MAP_NAME": "1010_2025.dwg", "ccpp1": "1010 892", "LAYER_2": "PADRONES_2_VISTALBA" }, "geometry": { "type": "MultiPolygon", "coordinates": [ [ [ [ 2509759.474700000137091, 6349897.803700000979006, 0.0 ], [ 2509757.601600000169128, 6349868.725599998608232, 0.0 ], [ 2509715.3829, 6349870.91370000038296, 0.0 ], [ 2509716.936200000811368, 6349895.081600000150502, 0.0 ], [ 2509717.095600000116974, 6349897.542399999685585, 0.0 ], [ 2509717.2648, 6349900.003100000321865, 0.0 ], [ 2509759.474700000137091, 6349897.803700000979006, 0.0 ] ] ] ] } },
{ "type": "Feature", "properties": { "LAYER": "PARCELARIO_BASE_CATASTRO", "MAP_NAME": "1010_2025.dwg", "ccpp1": "1010 331", "LAYER_2": "PADRONES_2_VISTALBA" }, "geometry": { "type": "MultiPolygon", "coordinates": [ [ [ [ 2509715.3829, 6349870.91370000038296, 0.0 ], [ 2509757.601600000169128, 6349868.725599998608232, 0.0 ], [ 2509808.4221, 6349866.094100000336766, 0.0 ], [ 2509807.3363, 6349845.63910000026226, 0.0 ], [ 2509761.423599999863654, 6349848.02240000013262, 0.0 ], [ 2509738.47580000013113, 6349849.2001, 0.0 ], [ 2509714.068599999882281, 6349850.47690000012517, 0.0 ], [ 2509715.3829, 6349870.91370000038296, 0.0 ] ] ] ] } },
{ "type": "Feature", "properties": { "LAYER": "PARCELARIO_BASE_CATASTRO", "MAP_NAME": "1010_2025.dwg", "ccpp1": "1010 471", "LAYER_2": "PADRONES_2_VISTALBA" }, "geometry": { "type": "MultiPolygon", "coordinates": [ [ [ [ 2509761.423599999863654, 6349848.02240000013262, 0.0 ], [ 2509807.3363, 6349845.63910000026226, 0.0 ], [ 2509806.091300000902265, 6349821.64299999922514, 0.0 ], [ 2509760.179399999789894, 6349824.015499998815358, 0.0 ], [ 2509761.423599999863654, 6349848.02240000013262, 0.0 ] ] ] ] } },
{ "type": "Feature", "properties": { "LAYER": "PARCELARIO_BASE_CATASTRO", "MAP_NAME": "1010_2025.dwg", "ccpp1": "1010 1078", "LAYER_2": "PADRONES_2_VISTALBA" }, "geometry": { "type": "MultiPolygon", "coordinates": [ [ [ [ 2510194.608099999837577, 6347874.347400001250207, 0.0 ], [ 2510211.061799999792129, 6347877.535199999809265, 0.0 ], [ 2510227.365499999839813, 6347880.693, 0.0 ], [ 2510232.652499999850988, 6347854.194799999706447, 0.0 ], [ 2510230.421500001102686, 6347850.825400001369417, 0.0 ], [ 2510216.958500000182539, 6347848.057099999859929, 0.0 ], [ 2510200.5548, 6347844.689399999566376, 0.0 ], [ 2510194.608099999837577, 6347874.347400001250207, 0.0 ] ] ] ] } },
{ "type": "Feature", "properties": { "LAYER": "PARCELARIO_BASE_CATASTRO", "MAP_NAME": "1010_2025.dwg", "ccpp1": "1010 794", "LAYER_2": "PADRONES_2_VISTALBA" }, "geometry": { "type": "MultiPolygon", "coordinates": [ [ [ [ 2510113.782100000884384, 6347945.33839999884367, 0.0 ], [ 2510130.576000000815839, 6347945.978699998930097, 0.0 ], [ 2510131.521199999842793, 6347916.0115, 0.0 ], [ 2510114.9073, 6347915.433799998834729, 0.0 ], [ 2510113.782100000884384, 6347945.33839999884367, 0.0 ] ] ] ] } },
{ "type": "Feature", "properties": { "LAYER": "PARCELARIO_BASE_CATASTRO", "MAP_NAME": "1010_2025.dwg", "ccpp1": "1010 765", "LAYER_2": "PADRONES_2_VISTALBA" }, "geometry": { "type": "MultiPolygon", "coordinates": [ [ [ [ 2510131.521199999842793, 6347916.0115, 0.0 ], [ 2510148.2286, 6347916.588999999687076, 0.0 ], [ 2510148.622899999842048, 6347902.610500000417233, 0.0 ], [ 2510148.3936, 6347902.664099998772144, 0.0 ], [ 2510148.152800001204014, 6347902.720599999651313, 0.0 ], [ 2510147.911799999885261, 6347902.765800000168383, 0.0 ], [ 2510147.6727, 6347902.810600000433624, 0.0 ], [ 2510147.4326, 6347902.850599998608232, 0.0 ], [ 2510147.192600000184029, 6347902.890700001269579, 0.0 ], [ 2510146.952399999834597, 6347902.920099999755621, 0.0 ], [ 2510146.702500000130385, 6347902.9507, 0.0 ], [ 2510146.461900000926107, 6347902.9759, 0.0 ], [ 2510146.222399999853224, 6347903.000799998641014, 0.0 ], [ 2510145.972, 6347903.016099999658763, 0.0 ], [ 2510145.732299999799579, 6347903.030799999833107, 0.0 ], [ 2510145.482100000139326, 6347903.035999998450279, 0.0 ], [ 2510145.242200000211596, 6347903.040900000371039, 0.0 ], [ 2510145.0022, 6347903.035999998450279, 0.0 ], [ 2510144.752100000157952, 6347903.031000001356006, 0.0 ], [ 2510144.512000000104308, 6347903.021200001239777, 0.0 ], [ 2510144.262000000104308, 6347903.011, 0.0 ], [ 2510144.0219, 6347902.991100000217557, 0.0 ], [ 2510143.7818, 6347902.971099998801947, 0.0 ], [ 2510143.531899999827147, 6347902.940499998629093, 0.0 ], [ 2510143.2917, 6347902.9112, 0.0 ], [ 2510143.052400000859052, 6347902.876299999654293, 0.0 ], [ 2510142.811600000131875, 6347902.841199999675155, 0.0 ], [ 2510142.572499999776483, 6347902.796500000171363, 0.0 ], [ 2510142.331499999854714, 6347902.75129999872297, 0.0 ], [ 2510142.092500001192093, 6347902.696600000374019, 0.0 ], [ 2510141.8514, 6347902.641400001011789, 0.0 ], [ 2510141.6116, 6347902.580199999734759, 0.0 ], [ 2510141.381200000178069, 6347902.521499999798834, 0.0 ], [ 2510141.141600000206381, 6347902.4501, 0.0 ], [ 2510140.911100001074374, 6347902.38150000013411, 0.0 ], [ 2510140.681100000161678, 6347902.301599998958409, 0.0 ], [ 2510140.451000000815839, 6347902.221599999815226, 0.0 ], [ 2510140.222500000149012, 6347902.137299999594688, 0.0 ], [ 2510139.9909, 6347902.051699999719858, 0.0 ], [ 2510139.763300000224262, 6347901.955699999816716, 0.0 ], [ 2510139.540699999779463, 6347901.861800001002848, 0.0 ], [ 2510139.313500000163913, 6347901.755800001323223, 0.0 ], [ 2510139.090600000228733, 6347901.651800000108778, 0.0 ], [ 2510138.8734, 6347901.54590000025928, 0.0 ], [ 2510138.660500000230968, 6347901.441899999044836, 0.0 ], [ 2510138.4416, 6347901.319899999536574, 0.0 ], [ 2510138.2303, 6347901.201999998651445, 0.0 ], [ 2510138.0225, 6347901.078300000168383, 0.0 ], [ 2510137.810200000181794, 6347900.952100001275539, 0.0 ], [ 2510137.60149999987334, 6347900.819799998775125, 0.0 ], [ 2510137.400100000202656, 6347900.692200000397861, 0.0 ], [ 2510137.1916, 6347900.5499, 0.0 ], [ 2510136.989900000859052, 6347900.412200000137091, 0.0 ], [ 2510136.795700000133365, 6347900.267900000326335, 0.0 ], [ 2510136.5998, 6347900.1223, 0.0 ], [ 2510136.412099999841303, 6347899.969399999827147, 0.0 ], [ 2510136.219700001180172, 6347899.812400001101196, 0.0 ], [ 2510136.031700000166893, 6347899.64989999961108, 0.0 ], [ 2510135.8495, 6347899.492499998770654, 0.0 ], [ 2510135.671999999787658, 6347899.329800001345575, 0.0 ], [ 2510135.489399999845773, 6347899.16260000038892, 0.0 ], [ 2510135.3169, 6347898.9951, 0.0 ], [ 2510135.1392, 6347898.822599999606609, 0.0 ], [ 2510134.971899999771267, 6347898.640200001187623, 0.0 ], [ 2510134.809100000187755, 6347898.46269999910146, 0.0 ], [ 2510134.6491, 6347898.282800001092255, 0.0 ], [ 2510134.489, 6347898.102800001390278, 0.0 ], [ 2510134.331900000106543, 6347897.910400000400841, 0.0 ], [ 2510134.178900000173599, 6347897.722900000400841, 0.0 ], [ 2510134.026399999856949, 6347897.524799999780953, 0.0 ], [ 2510133.878699999768287, 6347897.332999998703599, 0.0 ], [ 2510133.738700000103563, 6347897.132999999448657, 0.0 ], [ 2510133.598600000143051, 6347896.933000001125038, 0.0 ], [ 2510133.464300000108778, 6347896.729299999773502, 0.0 ], [ 2510133.328499999828637, 6347896.523100000806153, 0.0 ], [ 2510133.198400001041591, 6347896.3131, 0.0 ], [ 2510133.0683, 6347896.103199999779463, 0.0 ], [ 2510132.952100000809878, 6347895.891099998727441, 0.0 ], [ 2510132.838200000114739, 6347895.683299998752773, 0.0 ], [ 2510132.722099999897182, 6347895.461199998855591, 0.0 ], [ 2510132.608099999837577, 6347895.243300000205636, 0.0 ], [ 2510132.502100000157952, 6347895.021499999798834, 0.0 ], [ 2510132.398, 6347894.803399999625981, 0.0 ], [ 2510132.303900000173599, 6347894.580900000408292, 0.0 ], [ 2510132.207899999804795, 6347894.353500000201166, 0.0 ], [ 2510132.1195, 6347894.132799998857081, 0.0 ], [ 2510132.02779999980703, 6347893.903500000946224, 0.0 ], [ 2510131.94770000083372, 6347893.673600000329316, 0.0 ], [ 2510131.867600000929087, 6347893.443599999882281, 0.0 ], [ 2510131.790699999779463, 6347893.202600000426173, 0.0 ], [ 2510131.717499999795109, 6347892.973699999041855, 0.0 ], [ 2510131.6516, 6347892.735299999825656, 0.0 ], [ 2510131.5874, 6347892.503700001165271, 0.0 ], [ 2510131.532599999103695, 6347892.264899999834597, 0.0 ], [ 2510131.4773, 6347892.02379999961704, 0.0 ], [ 2510131.432099999859929, 6347891.782899999059737, 0.0 ], [ 2510131.387200000230223, 6347891.543800000101328, 0.0 ], [ 2510131.346900001168251, 6347891.302299998700619, 0.0 ], [ 2510131.307099999859929, 6347891.063900000415742, 0.0 ], [ 2510131.271999999880791, 6347890.823200000450015, 0.0 ], [ 2510131.23700000019744, 6347890.583999999798834, 0.0 ], [ 2510131.2166, 6347890.333999998867512, 0.0 ], [ 2510131.197000000160187, 6347890.093999998643994, 0.0 ], [ 2510131.181599999777973, 6347889.8437, 0.0 ], [ 2510131.1669, 6347889.604100000113249, 0.0 ], [ 2510131.161900000181049, 6347889.364, 0.0 ], [ 2510131.1568, 6347889.114099999889731, 0.0 ], [ 2510131.1617, 6347888.874200000427663, 0.0 ], [ 2510131.1667, 6347888.624099999666214, 0.0 ], [ 2510131.1765, 6347888.384200000204146, 0.0 ], [ 2510131.186600000131875, 6347888.134199998341501, 0.0 ], [ 2510131.206600000150502, 6347887.8942, 0.0 ], [ 2510131.226600000169128, 6347887.654199999757111, 0.0 ], [ 2510131.2571, 6347887.404400000348687, 0.0 ], [ 2510131.2865, 6347887.164300000295043, 0.0 ], [ 2510131.287899999879301, 6347886.924100000411272, 0.0 ], [ 2510131.289300001226366, 6347886.683899999596179, 0.0 ], [ 2510131.2928, 6347886.066499999724329, 0.0 ], [ 2510115.345499999821186, 6347903.81489999871701, 0.0 ], [ 2510114.9073, 6347915.433799998834729, 0.0 ], [ 2510131.521199999842793, 6347916.0115, 0.0 ] ] ] ] } },
{ "type": "Feature", "properties": { "LAYER": "PARCELARIO_BASE_CATASTRO", "MAP_NAME": "1010_2025.dwg", "ccpp1": "1010 142", "LAYER_2": "PADRONES_2_VISTALBA" }, "geometry": { "type": "MultiPolygon", "coordinates": [ [ [ [ 2509816.405799999833107, 6346961.5345, 0.0 ], [ 2509796.802000000141561, 6347372.2511, 0.0 ], [ 2509793.657800000160933, 6347426.063400000333786, 0.0 ], [ 2509792.035999999847263, 6347461.2248, 0.0 ], [ 2509810.8648, 6347465.93819999974221, 0.0 ], [ 2509811.424999999813735, 6347465.960099999792874, 0.0 ], [ 2509820.9951, 6347466.333399998955429, 0.0 ], [ 2509839.1546, 6347467.041899998672307, 0.0 ], [ 2509945.114200000185519, 6347471.175699998624623, 0.0 ], [ 2510103.181100000161678, 6347481.082100000232458, 0.0 ], [ 2510106.43180000083521, 6347481.341799999587238, 0.0 ], [ 2510115.970700000878423, 6347482.103900000452995, 0.0 ], [ 2510119.880400000140071, 6347482.416199999861419, 0.0 ], [ 2510124.880400000140071, 6347482.815700000151992, 0.0 ], [ 2510133.100399999879301, 6347483.472400000318885, 0.0 ], [ 2510148.8701, 6347484.122600000351667, 0.0 ], [ 2510178.69939999980852, 6347485.8733000010252, 0.0 ], [ 2510184.115300000179559, 6347486.191200000233948, 0.0 ], [ 2510190.554700000211596, 6347486.569099999032915, 0.0 ], [ 2510199.3465, 6347487.085099999792874, 0.0 ], [ 2510205.1771, 6347487.427299998700619, 0.0 ], [ 2510205.649300000164658, 6347487.455, 0.0 ], [ 2510219.198100000154227, 6347488.250199999660254, 0.0 ], [ 2510226.3978, 6347488.672799998894334, 0.0 ], [ 2510228.148399999830872, 6347488.775500001385808, 0.0 ], [ 2510230.640800001099706, 6347488.921799999661744, 0.0 ], [ 2510269.985999999102205, 6347491.231100000441074, 0.0 ], [ 2510279.1055, 6347491.766300001181662, 0.0 ], [ 2510279.727700000163168, 6347491.802799999713898, 0.0 ], [ 2510284.9271, 6347492.107999999076128, 0.0 ], [ 2510289.9271, 6347492.401399999856949, 0.0 ], [ 2510293.4868, 6347492.610299998894334, 0.0 ], [ 2510298.4868, 6347492.903800000436604, 0.0 ], [ 2510303.776600000914186, 6347493.214300000108778, 0.0 ], [ 2510327.2261, 6347493.7346, 0.0 ], [ 2510351.095600000116974, 6347495.364799998700619, 0.0 ], [ 2510367.0647, 6347496.253600001335144, 0.0 ], [ 2510383.0444, 6347497.142900000326335, 0.0 ], [ 2510399.084499999880791, 6347498.0356, 0.0 ], [ 2510403.977900001220405, 6347498.307900000363588, 0.0 ], [ 2510408.653100000228733, 6347498.568099998869002, 0.0 ], [ 2510411.233700000215322, 6347498.71169999986887, 0.0 ], [ 2510415.114, 6347498.927699999883771, 0.0 ], [ 2510431.0937, 6347499.817000000737607, 0.0 ], [ 2510433.9731, 6347499.977300000376999, 0.0 ], [ 2510438.173400000203401, 6347500.21100000012666, 0.0 ], [ 2510443.173400000203401, 6347500.489299998618662, 0.0 ], [ 2510446.8032, 6347500.6913, 0.0 ], [ 2510457.025299999862909, 6347501.260200000368059, 0.0 ], [ 2510462.972800000105053, 6347501.591199999675155, 0.0 ], [ 2510465.5247, 6347501.733199999667704, 0.0 ], [ 2510474.3097, 6347502.222100000828505, 0.0 ], [ 2510478.7626, 6347502.4699, 0.0 ], [ 2510494.872400000225753, 6347503.366499998606741, 0.0 ], [ 2510510.9019, 6347504.258600000292063, 0.0 ], [ 2510526.731500000227243, 6347505.139600000344217, 0.0 ], [ 2510542.701299999840558, 6347506.028400000184774, 0.0 ], [ 2510548.671, 6347506.360600000247359, 0.0 ], [ 2510553.671, 6347506.638899998739362, 0.0 ], [ 2510558.671, 6347506.917100000195205, 0.0 ], [ 2510574.340600000228733, 6347507.387299998663366, 0.0 ], [ 2510583.396999999880791, 6347508.0115, 0.0 ], [ 2510588.842000000178814, 6347508.386800001375377, 0.0 ], [ 2510605.889700000174344, 6347509.561899999156594, 0.0 ], [ 2510636.879199999850243, 6347511.697999999858439, 0.0 ], [ 2510680.577500000130385, 6347279.709699999541044, 0.0 ], [ 2510694.082600000780076, 6347206.925900000147521, 0.0 ], [ 2510709.489900000859052, 6347130.937099998816848, 0.0 ], [ 2510691.651, 6347129.123800000175834, 0.0 ], [ 2510386.0068, 6347098.0554, 0.0 ], [ 2510370.151200000196695, 6347096.443699998781085, 0.0 ], [ 2510197.279900000896305, 6347078.391200000420213, 0.0 ], [ 2510048.8887, 6347062.185700000263751, 0.0 ], [ 2510044.873800000175834, 6346983.073400000110269, 0.0 ], [ 2509826.978199999779463, 6346962.5312, 0.0 ], [ 2509816.405799999833107, 6346961.5345, 0.0 ] ] ] ] } },
{ "type": "Feature", "properties": { "LAYER": "PARCELARIO_BASE_CATASTRO", "MAP_NAME": "1010_2025.dwg", "ccpp1": "1010 994", "LAYER_2": "PADRONES_2_VISTALBA" }, "geometry": { "type": "MultiPolygon", "coordinates": [ [ [ [ 2508608.0192, 6347554.489099999889731, 0.0 ], [ 2508584.215900000184774, 6347551.413800000213087, 0.0 ], [ 2508578.042299999855459, 6347597.184299999848008, 0.0 ], [ 2508577.793100000824779, 6347599.0318, 0.0 ], [ 2508598.594500000122935, 6347601.60080000013113, 0.0 ], [ 2508601.850699999835342, 6347602.002999998629093, 0.0 ], [ 2508602.075800000224262, 6347600.268899998627603, 0.0 ], [ 2508608.0192, 6347554.489099999889731, 0.0 ] ] ] ] } },
{ "type": "Feature", "properties": { "LAYER": "PARCELARIO_BASE_CATASTRO", "MAP_NAME": "1010_2025.dwg", "ccpp1": "1010 995", "LAYER_2": "PADRONES_2_VISTALBA" }, "geometry": { "type": "MultiPolygon", "coordinates": [ [ [ [ 2508631.162899999879301, 6347557.479199999012053, 0.0 ], [ 2508608.0192, 6347554.489099999889731, 0.0 ], [ 2508602.075800000224262, 6347600.268899998627603, 0.0 ], [ 2508601.850699999835342, 6347602.002999998629093, 0.0 ], [ 2508621.732900000177324, 6347604.4589, 0.0 ], [ 2508624.988400000147521, 6347604.860899998806417, 0.0 ], [ 2508625.2001, 6347603.236700000241399, 0.0 ], [ 2508631.162899999879301, 6347557.479199999012053, 0.0 ] ] ] ] } },
{ "type": "Feature", "properties": { "LAYER": "PARCELARIO_BASE_CATASTRO", "MAP_NAME": "1010_2025.dwg", "ccpp1": "1010 996", "LAYER_2": "PADRONES_2_VISTALBA" }, "geometry": { "type": "MultiPolygon", "coordinates": [ [ [ [ 2508654.267399999778718, 6347560.464200000278652, 0.0 ], [ 2508631.162899999879301, 6347557.479199999012053, 0.0 ], [ 2508625.2001, 6347603.236700000241399, 0.0 ], [ 2508624.988400000147521, 6347604.860899998806417, 0.0 ], [ 2508644.965799999888986, 6347607.327600001357496, 0.0 ], [ 2508646.270700000226498, 6347607.488900000229478, 0.0 ], [ 2508648.230700000189245, 6347607.731000000610948, 0.0 ], [ 2508648.424000000115484, 6347606.217400000430644, 0.0 ], [ 2508654.267399999778718, 6347560.464200000278652, 0.0 ] ] ] ] } },
{ "type": "Feature", "properties": { "LAYER": "PARCELARIO_BASE_CATASTRO", "MAP_NAME": "1010_2025.dwg", "ccpp1": "1010 997", "LAYER_2": "PADRONES_2_VISTALBA" }, "geometry": { "type": "MultiPolygon", "coordinates": [ [ [ [ 2508678.609300000127405, 6347563.609099999070168, 0.0 ], [ 2508654.267399999778718, 6347560.464200000278652, 0.0 ], [ 2508648.424000000115484, 6347606.217400000430644, 0.0 ], [ 2508648.230700000189245, 6347607.731000000610948, 0.0 ], [ 2508657.7124, 6347608.901900000870228, 0.0 ], [ 2508668.847, 6347610.324900000356138, 0.0 ], [ 2508670.193599999882281, 6347610.497399998828769, 0.0 ], [ 2508672.075500001199543, 6347610.737900000996888, 0.0 ], [ 2508672.277800001204014, 6347609.278800000436604, 0.0 ], [ 2508678.609300000127405, 6347563.609099999070168, 0.0 ] ] ] ] } },
{ "type": "Feature", "properties": { "LAYER": "PARCELARIO_BASE_CATASTRO", "MAP_NAME": "1010_2025.dwg", "ccpp1": "1010 1000", "LAYER_2": "PADRONES_2_VISTALBA" }, "geometry": { "type": "MultiPolygon", "coordinates": [ [ [ [ 2508751.0288, 6347572.965300001204014, 0.0 ], [ 2508726.785300000105053, 6347569.833200000226498, 0.0 ], [ 2508720.7631, 6347615.5016, 0.0 ], [ 2508720.574, 6347616.935700000263751, 0.0 ], [ 2508741.7484, 6347619.641699998639524, 0.0 ], [ 2508744.6442, 6347620.011800001375377, 0.0 ], [ 2508744.836999999824911, 6347618.591400000266731, 0.0 ], [ 2508751.0288, 6347572.965300001204014, 0.0 ] ] ] ] } },
{ "type": "Feature", "properties": { "LAYER": "PARCELARIO_BASE_CATASTRO", "MAP_NAME": "1010_2025.dwg", "ccpp1": "1010 1003", "LAYER_2": "PADRONES_2_VISTALBA" }, "geometry": { "type": "MultiPolygon", "coordinates": [ [ [ [ 2508804.9734, 6347584.9024, 0.0 ], [ 2508798.69510000012815, 6347579.1256, 0.0 ], [ 2508792.5937, 6347624.722400000318885, 0.0 ], [ 2508792.4071, 6347626.116499998606741, 0.0 ], [ 2508811.2467, 6347628.528, 0.0 ], [ 2508814.2031, 6347628.9052, 0.0 ], [ 2508814.3892, 6347627.519799999892712, 0.0 ], [ 2508819.846, 6347586.886699999682605, 0.0 ], [ 2508804.9734, 6347584.9024, 0.0 ] ] ] ] } },
{ "type": "Feature", "properties": { "LAYER": "PARCELARIO_BASE_CATASTRO", "MAP_NAME": "1010_2025.dwg", "ccpp1": "1010 1004", "LAYER_2": "PADRONES_2_VISTALBA" }, "geometry": { "type": "MultiPolygon", "coordinates": [ [ [ [ 2508836.243900000117719, 6347630.324699998833239, 0.0 ], [ 2508842.3262, 6347584.759399999864399, 0.0 ], [ 2508834.7188, 6347588.870900000445545, 0.0 ], [ 2508819.846, 6347586.886699999682605, 0.0 ], [ 2508814.3892, 6347627.519799999892712, 0.0 ], [ 2508814.2031, 6347628.9052, 0.0 ], [ 2508833.1428, 6347631.321999998763204, 0.0 ], [ 2508836.061000000219792, 6347631.694899999536574, 0.0 ], [ 2508836.243900000117719, 6347630.324699998833239, 0.0 ] ] ] ] } },
{ "type": "Feature", "properties": { "LAYER": "PARCELARIO_BASE_CATASTRO", "MAP_NAME": "1010_2025.dwg", "ccpp1": "1010 1005", "LAYER_2": "PADRONES_2_VISTALBA" }, "geometry": { "type": "MultiPolygon", "coordinates": [ [ [ [ 2508864.13090000115335, 6347587.553500001318753, 0.0 ], [ 2508842.3262, 6347584.759399999864399, 0.0 ], [ 2508836.243900000117719, 6347630.324699998833239, 0.0 ], [ 2508836.061000000219792, 6347631.694899999536574, 0.0 ], [ 2508854.847699999809265, 6347634.0959, 0.0 ], [ 2508857.86930000083521, 6347634.482099999673665, 0.0 ], [ 2508858.05060000019148, 6347633.123399998992682, 0.0 ], [ 2508864.13090000115335, 6347587.553500001318753, 0.0 ] ] ] ] } },
{ "type": "Feature", "properties": { "LAYER": "PARCELARIO_BASE_CATASTRO", "MAP_NAME": "1010_2025.dwg", "ccpp1": "1010 1181", "LAYER_2": "PADRONES_2_VISTALBA" }, "geometry": { "type": "MultiPolygon", "coordinates": [ [ [ [ 2508616.6376, 6347534.699199999682605, 0.0 ], [ 2508620.639600000809878, 6347502.3909, 0.0 ], [ 2508540.349400000181049, 6347495.230799999088049, 0.0 ], [ 2508525.10080000013113, 6347493.533599998801947, 0.0 ], [ 2508511.3893, 6347568.513600000180304, 0.0 ], [ 2508554.3084, 6347526.669099999591708, 0.0 ], [ 2508616.6376, 6347534.699199999682605, 0.0 ] ] ] ] } },
{ "type": "Feature", "properties": { "LAYER": "PARCELARIO_BASE_CATASTRO", "MAP_NAME": "1010_2025.dwg", "ccpp1": "1010 1009", "LAYER_2": "PADRONES_2_VISTALBA" }, "geometry": { "type": "MultiPolygon", "coordinates": [ [ [ [ 2508616.6376, 6347534.699199999682605, 0.0 ], [ 2508647.4528, 6347538.669300000183284, 0.0 ], [ 2508651.42, 6347505.864099999889731, 0.0 ], [ 2508620.639600000809878, 6347502.3909, 0.0 ], [ 2508616.6376, 6347534.699199999682605, 0.0 ] ] ] ] } },
{ "type": "Feature", "properties": { "LAYER": "PARCELARIO_BASE_CATASTRO", "MAP_NAME": "1010_2025.dwg", "ccpp1": "1010 1010", "LAYER_2": "PADRONES_2_VISTALBA" }, "geometry": { "type": "MultiPolygon", "coordinates": [ [ [ [ 2508647.4528, 6347538.669300000183284, 0.0 ], [ 2508677.83, 6347542.582700000144541, 0.0 ], [ 2508681.080200000200421, 6347509.21100000012666, 0.0 ], [ 2508651.42, 6347505.864099999889731, 0.0 ], [ 2508647.4528, 6347538.669300000183284, 0.0 ] ] ] ] } },
{ "type": "Feature", "properties": { "LAYER": "PARCELARIO_BASE_CATASTRO", "MAP_NAME": "1010_2025.dwg", "ccpp1": "1010 1011", "LAYER_2": "PADRONES_2_VISTALBA" }, "geometry": { "type": "MultiPolygon", "coordinates": [ [ [ [ 2508677.83, 6347542.582700000144541, 0.0 ], [ 2508708.1053, 6347546.483199999667704, 0.0 ], [ 2508711.7409, 6347512.6705, 0.0 ], [ 2508681.080200000200421, 6347509.21100000012666, 0.0 ], [ 2508677.83, 6347542.582700000144541, 0.0 ] ] ] ] } },
{ "type": "Feature", "properties": { "LAYER": "PARCELARIO_BASE_CATASTRO", "MAP_NAME": "1010_2025.dwg", "ccpp1": "1010 1012", "LAYER_2": "PADRONES_2_VISTALBA" }, "geometry": { "type": "MultiPolygon", "coordinates": [ [ [ [ 2508708.1053, 6347546.483199999667704, 0.0 ], [ 2508737.3925, 6347550.256400000303984, 0.0 ], [ 2508741.0222, 6347515.974600001238286, 0.0 ], [ 2508711.7409, 6347512.6705, 0.0 ], [ 2508708.1053, 6347546.483199999667704, 0.0 ] ] ] ] } },
{ "type": "Feature", "properties": { "LAYER": "PARCELARIO_BASE_CATASTRO", "MAP_NAME": "1010_2025.dwg", "ccpp1": "1010 1015", "LAYER_2": "PADRONES_2_VISTALBA" }, "geometry": { "type": "MultiPolygon", "coordinates": [ [ [ [ 2508794.608900000806898, 6347557.6278, 0.0 ], [ 2508807.3873, 6347554.532999999821186, 0.0 ], [ 2508824.1466, 6347556.82969999872148, 0.0 ], [ 2508827.0877, 6347525.686099999584258, 0.0 ], [ 2508798.316399999894202, 6347522.439600001089275, 0.0 ], [ 2508794.608900000806898, 6347557.6278, 0.0 ] ] ] ] } },
{ "type": "Feature", "properties": { "LAYER": "PARCELARIO_BASE_CATASTRO", "MAP_NAME": "1010_2025.dwg", "ccpp1": "1010 1013", "LAYER_2": "PADRONES_2_VISTALBA" }, "geometry": { "type": "MultiPolygon", "coordinates": [ [ [ [ 2508737.3925, 6347550.256400000303984, 0.0 ], [ 2508766.580200000200421, 6347554.016800001263618, 0.0 ], [ 2508769.9934, 6347519.243700000457466, 0.0 ], [ 2508741.0222, 6347515.974600001238286, 0.0 ], [ 2508737.3925, 6347550.256400000303984, 0.0 ] ] ] ] } },
{ "type": "Feature", "properties": { "LAYER": "PARCELARIO_BASE_CATASTRO", "MAP_NAME": "1010_2025.dwg", "ccpp1": "1010 1016", "LAYER_2": "PADRONES_2_VISTALBA" }, "geometry": { "type": "MultiPolygon", "coordinates": [ [ [ [ 2508824.1466, 6347556.82969999872148, 0.0 ], [ 2508840.0384, 6347559.0077, 0.0 ], [ 2508848.761, 6347565.406499999575317, 0.0 ], [ 2508849.479299999773502, 6347565.50040000025183, 0.0 ], [ 2508852.962900000158697, 6347528.6058, 0.0 ], [ 2508827.0877, 6347525.686099999584258, 0.0 ], [ 2508824.1466, 6347556.82969999872148, 0.0 ] ] ] ] } },
{ "type": "Feature", "properties": { "LAYER": "PARCELARIO_BASE_CATASTRO", "MAP_NAME": "1010_2025.dwg", "ccpp1": "1010 1017", "LAYER_2": "PADRONES_2_VISTALBA" }, "geometry": { "type": "MultiPolygon", "coordinates": [ [ [ [ 2508849.479299999773502, 6347565.50040000025183, 0.0 ], [ 2508877.876800000201911, 6347569.208499999716878, 0.0 ], [ 2508881.424700000789016, 6347531.81730000115931, 0.0 ], [ 2508852.962900000158697, 6347528.6058, 0.0 ], [ 2508849.479299999773502, 6347565.50040000025183, 0.0 ] ] ] ] } },
{ "type": "Feature", "properties": { "LAYER": "PARCELARIO_BASE_CATASTRO", "MAP_NAME": "1010_2025.dwg", "ccpp1": "1010 1024", "LAYER_2": "PADRONES_2_VISTALBA" }, "geometry": { "type": "MultiPolygon", "coordinates": [ [ [ [ 2509034.479299999773502, 6347589.657000000588596, 0.0 ], [ 2509050.321700000204146, 6347591.725700000301003, 0.0 ], [ 2509057.939900000113994, 6347587.52419999986887, 0.0 ], [ 2509059.80790000082925, 6347587.751899998635054, 0.0 ], [ 2509063.536999999079853, 6347552.366399999707937, 0.0 ], [ 2509038.650700000114739, 6347549.558500000275671, 0.0 ], [ 2509034.479299999773502, 6347589.657000000588596, 0.0 ] ] ] ] } },
{ "type": "Feature", "properties": { "LAYER": "PARCELARIO_BASE_CATASTRO", "MAP_NAME": "1010_2025.dwg", "ccpp1": "1010 1023", "LAYER_2": "PADRONES_2_VISTALBA" }, "geometry": { "type": "MultiPolygon", "coordinates": [ [ [ [ 2509008.898299999069422, 6347586.316700001247227, 0.0 ], [ 2509034.479299999773502, 6347589.657000000588596, 0.0 ], [ 2509038.650700000114739, 6347549.558500000275671, 0.0 ], [ 2509013.146300000138581, 6347546.680599998682737, 0.0 ], [ 2509008.898299999069422, 6347586.316700001247227, 0.0 ] ] ] ] } },
{ "type": "Feature", "properties": { "LAYER": "PARCELARIO_BASE_CATASTRO", "MAP_NAME": "1010_2025.dwg", "ccpp1": "1010 1022", "LAYER_2": "PADRONES_2_VISTALBA" }, "geometry": { "type": "MultiPolygon", "coordinates": [ [ [ [ 2508982.7982, 6347582.908599998801947, 0.0 ], [ 2509008.898299999069422, 6347586.316700001247227, 0.0 ], [ 2509013.146300000138581, 6347546.680599998682737, 0.0 ], [ 2508987.431400000117719, 6347543.778900000266731, 0.0 ], [ 2508982.7982, 6347582.908599998801947, 0.0 ] ] ] ] } },
{ "type": "Feature", "properties": { "LAYER": "PARCELARIO_BASE_CATASTRO", "MAP_NAME": "1010_2025.dwg", "ccpp1": "1010 1169", "LAYER_2": "PADRONES_2_VISTALBA" }, "geometry": { "type": "MultiPolygon", "coordinates": [ [ [ [ 2508904.6963, 6347572.71030000038445, 0.0 ], [ 2508957.7166, 6347579.633600000292063, 0.0 ], [ 2508961.646300000138581, 6347540.869400001130998, 0.0 ], [ 2508908.677999999839813, 6347534.8926, 0.0 ], [ 2508904.6963, 6347572.71030000038445, 0.0 ] ] ] ] } },
{ "type": "Feature", "properties": { "LAYER": "PARCELARIO_BASE_CATASTRO", "MAP_NAME": "1010_2025.dwg", "ccpp1": "1010 1270", "LAYER_2": "PADRONES_2_VISTALBA" }, "geometry": { "type": "MultiPolygon", "coordinates": [ [ [ [ 2508726.785300000105053, 6347569.833200000226498, 0.0 ], [ 2508678.609300000127405, 6347563.609099999070168, 0.0 ], [ 2508672.277800001204014, 6347609.278800000436604, 0.0 ], [ 2508672.075500001199543, 6347610.737900000996888, 0.0 ], [ 2508717.322199999820441, 6347616.520100000314415, 0.0 ], [ 2508720.574, 6347616.935700000263751, 0.0 ], [ 2508720.7631, 6347615.5016, 0.0 ], [ 2508726.785300000105053, 6347569.833200000226498, 0.0 ] ] ] ] } },
{ "type": "Feature", "properties": { "LAYER": "PARCELARIO_BASE_CATASTRO", "MAP_NAME": "1010_2025.dwg", "ccpp1": "1010 1456", "LAYER_2": "PADRONES_2_VISTALBA" }, "geometry": { "type": "MultiPolygon", "coordinates": [ [ [ [ 2508798.69510000012815, 6347579.1256, 0.0 ], [ 2508751.0288, 6347572.965300001204014, 0.0 ], [ 2508744.836999999824911, 6347618.591400000266731, 0.0 ], [ 2508744.6442, 6347620.011800001375377, 0.0 ], [ 2508776.858099999837577, 6347624.1288, 0.0 ], [ 2508781.858099999837577, 6347624.767799999564886, 0.0 ], [ 2508787.410500000230968, 6347625.477400001138449, 0.0 ], [ 2508789.498999999836087, 6347625.744300001300871, 0.0 ], [ 2508792.4071, 6347626.116499998606741, 0.0 ], [ 2508792.5937, 6347624.722400000318885, 0.0 ], [ 2508798.69510000012815, 6347579.1256, 0.0 ] ] ] ] } },
{ "type": "Feature", "properties": { "LAYER": "PARCELARIO_BASE_CATASTRO", "MAP_NAME": "1010_2025.dwg", "ccpp1": "1010 1175", "LAYER_2": "PADRONES_2_VISTALBA" }, "geometry": { "type": "MultiPolygon", "coordinates": [ [ [ [ 2509913.853699999861419, 6349880.369700001552701, 0.0 ], [ 2509941.153300000820309, 6349878.959499999880791, 0.0 ], [ 2509938.916300000157207, 6349842.965200000442564, 0.0 ], [ 2509936.607200000900775, 6349843.0844, 0.0 ], [ 2509914.895899999886751, 6349844.21580000128597, 0.0 ], [ 2509911.6173, 6349844.384700000286102, 0.0 ], [ 2509913.853699999861419, 6349880.369700001552701, 0.0 ] ] ] ] } },
{ "type": "Feature", "properties": { "LAYER": "PARCELARIO_BASE_CATASTRO", "MAP_NAME": "1010_2025.dwg", "ccpp1": "1010 1048", "LAYER_2": "PADRONES_2_VISTALBA" }, "geometry": { "type": "MultiPolygon", "coordinates": [ [ [ [ 2508853.629999999888241, 6348361.829999999143183, 0.0 ], [ 2508866.9882, 6348312.966699999757111, 0.0 ], [ 2508847.037899999879301, 6348310.007500000298023, 0.0 ], [ 2508833.049999999813735, 6348358.880000000819564, 0.0 ], [ 2508853.629999999888241, 6348361.829999999143183, 0.0 ] ] ] ] } },
{ "type": "Feature", "properties": { "LAYER": "PARCELARIO_BASE_CATASTRO", "MAP_NAME": "1010_2025.dwg", "ccpp1": "1010 1049", "LAYER_2": "PADRONES_2_VISTALBA" }, "geometry": { "type": "MultiPolygon", "coordinates": [ [ [ [ 2508853.629999999888241, 6348361.829999999143183, 0.0 ], [ 2508874.069999999832362, 6348364.769999998621643, 0.0 ], [ 2508886.947999999858439, 6348315.927400000393391, 0.0 ], [ 2508866.9882, 6348312.966699999757111, 0.0 ], [ 2508853.629999999888241, 6348361.829999999143183, 0.0 ] ] ] ] } },
{ "type": "Feature", "properties": { "LAYER": "PARCELARIO_BASE_CATASTRO", "MAP_NAME": "1010_2025.dwg", "ccpp1": "1010 1050", "LAYER_2": "PADRONES_2_VISTALBA" }, "geometry": { "type": "MultiPolygon", "coordinates": [ [ [ [ 2508874.069999999832362, 6348364.769999998621643, 0.0 ], [ 2508893.77, 6348367.610000000335276, 0.0 ], [ 2508906.688500000163913, 6348318.855600000359118, 0.0 ], [ 2508886.947999999858439, 6348315.927400000393391, 0.0 ], [ 2508874.069999999832362, 6348364.769999998621643, 0.0 ] ] ] ] } },
{ "type": "Feature", "properties": { "LAYER": "PARCELARIO_BASE_CATASTRO", "MAP_NAME": "1010_2025.dwg", "ccpp1": "1010 1080", "LAYER_2": "PADRONES_2_VISTALBA" }, "geometry": { "type": "MultiPolygon", "coordinates": [ [ [ [ 2508551.200000000186265, 6345414.620000000111759, 0.0 ], [ 2508495.799999999813735, 6345320.379999999888241, 0.0 ], [ 2508487.379999999888241, 6345321.809999999590218, 0.0 ], [ 2508472.160000000149012, 6345324.389999999664724, 0.0 ], [ 2508485.660000000149012, 6345347.53000000026077, 0.0 ], [ 2508508.110000000800937, 6345386.00999999884516, 0.0 ], [ 2508525.700000000186265, 6345416.160000000149012, 0.0 ], [ 2508551.200000000186265, 6345414.620000000111759, 0.0 ] ] ] ] } },
{ "type": "Feature", "properties": { "LAYER": "PARCELARIO_BASE_CATASTRO", "MAP_NAME": "1010_2025.dwg", "ccpp1": "1010 3", "LAYER_2": "PADRONES_2_VISTALBA" }, "geometry": { "type": "MultiPolygon", "coordinates": [ [ [ [ 2508676.9635, 6347121.800099999643862, 0.0 ], [ 2508504.473199999891222, 6347102.1617, 0.0 ], [ 2508502.712299999780953, 6347122.314899999648333, 0.0 ], [ 2508674.908100000116974, 6347140.772599998861551, 0.0 ], [ 2508676.07270000083372, 6347140.89740000013262, 0.0 ], [ 2508678.150700000114739, 6347121.9353, 0.0 ], [ 2508676.9635, 6347121.800099999643862, 0.0 ] ] ] ] } },
{ "type": "Feature", "properties": { "LAYER": "PARCELARIO_BASE_CATASTRO", "MAP_NAME": "1010_2025.dwg", "ccpp1": "1010 1041", "LAYER_2": "PADRONES_2_VISTALBA" }, "geometry": { "type": "MultiPolygon", "coordinates": [ [ [ [ 2508548.105700000189245, 6347396.655500000342727, 0.0 ], [ 2508481.778900001198053, 6347392.0691, 0.0 ], [ 2508479.7966, 6347415.892199999652803, 0.0 ], [ 2508546.082700000144541, 6347422.365799999795854, 0.0 ], [ 2508548.105700000189245, 6347396.655500000342727, 0.0 ] ] ] ] } },
{ "type": "Feature", "properties": { "LAYER": "PARCELARIO_BASE_CATASTRO", "MAP_NAME": "1010_2025.dwg", "ccpp1": "1010 1042", "LAYER_2": "PADRONES_2_VISTALBA" }, "geometry": { "type": "MultiPolygon", "coordinates": [ [ [ [ 2508483.931299999821931, 6347364.143799999728799, 0.0 ], [ 2508482.033600000198931, 6347389.007600001059473, 0.0 ], [ 2508481.778900001198053, 6347392.0691, 0.0 ], [ 2508548.105700000189245, 6347396.655500000342727, 0.0 ], [ 2508550.2237, 6347369.737400000914931, 0.0 ], [ 2508539.434400000143796, 6347368.827000001445413, 0.0 ], [ 2508534.434400000143796, 6347368.4051, 0.0 ], [ 2508527.6667, 6347367.834099999628961, 0.0 ], [ 2508483.931299999821931, 6347364.143799999728799, 0.0 ] ] ] ] } },
{ "type": "Feature", "properties": { "LAYER": "PARCELARIO_BASE_CATASTRO", "MAP_NAME": "1010_2025.dwg", "ccpp1": "1010 1058", "LAYER_2": "PADRONES_2_VISTALBA" }, "geometry": { "type": "MultiPolygon", "coordinates": [ [ [ [ 2509938.309900000225753, 6349782.658599998801947, 0.0 ], [ 2509935.4443, 6349728.261400001123548, 0.0 ], [ 2509913.034899999853224, 6349729.801199998706579, 0.0 ], [ 2509915.899799999780953, 6349783.829300000332296, 0.0 ], [ 2509938.309900000225753, 6349782.658599998801947, 0.0 ] ] ] ] } },
{ "type": "Feature", "properties": { "LAYER": "PARCELARIO_BASE_CATASTRO", "MAP_NAME": "1010_2025.dwg", "ccpp1": "1010 1037", "LAYER_2": "PADRONES_2_VISTALBA" }, "geometry": { "type": "MultiPolygon", "coordinates": [ [ [ [ 2510185.228500001132488, 6347823.5631, 0.0 ], [ 2510186.758899999782443, 6347824.2028, 0.0 ], [ 2510187.739200000185519, 6347824.582700000144541, 0.0 ], [ 2510188.719399999827147, 6347824.962500001303852, 0.0 ], [ 2510189.7097, 6347825.3224, 0.0 ], [ 2510190.699899999890476, 6347825.6722, 0.0 ], [ 2510191.700199999846518, 6347826.0121, 0.0 ], [ 2510192.700400000903755, 6347826.34190000128001, 0.0 ], [ 2510193.710700000170618, 6347826.651800001040101, 0.0 ], [ 2510194.71100000012666, 6347826.9616, 0.0 ], [ 2510196.741400000173599, 6347827.5313, 0.0 ], [ 2510197.761700000148267, 6347827.791199999861419, 0.0 ], [ 2510198.781899999827147, 6347828.051099999807775, 0.0 ], [ 2510199.8122, 6347828.290900000371039, 0.0 ], [ 2510200.842400000896305, 6347828.5208, 0.0 ], [ 2510201.872700001113117, 6347828.740600000135601, 0.0 ], [ 2510202.892900000791997, 6347828.940499999560416, 0.0 ], [ 2510203.943099999800324, 6347829.1403, 0.0 ], [ 2510206.8216, 6347814.6113, 0.0 ], [ 2510209.79, 6347799.642199999652803, 0.0 ], [ 2510207.519500000867993, 6347799.242499999701977, 0.0 ], [ 2510205.458999999798834, 6347798.7928, 0.0 ], [ 2510201.407999999821186, 6347797.643400000408292, 0.0 ], [ 2510199.9076, 6347797.103600000962615, 0.0 ], [ 2510196.8468, 6347795.874099999666214, 0.0 ], [ 2510185.228500001132488, 6347823.5631, 0.0 ] ] ] ] } },
{ "type": "Feature", "properties": { "LAYER": "PARCELARIO_BASE_CATASTRO", "MAP_NAME": "1010_2025.dwg", "ccpp1": "1010 848", "LAYER_2": "PADRONES_2_VISTALBA" }, "geometry": { "type": "MultiPolygon", "coordinates": [ [ [ [ 2509825.021499999798834, 6349800.6711, 0.0 ], [ 2509868.093299999833107, 6349798.397399999201298, 0.0 ], [ 2509889.401600000914186, 6349797.268500000238419, 0.0 ], [ 2509911.890700000803918, 6349796.068999999202788, 0.0 ], [ 2509933.611200001090765, 6349794.928100000135601, 0.0 ], [ 2509955.372599999886006, 6349793.776399999856949, 0.0 ], [ 2509966.748500000219792, 6349793.18030000012368, 0.0 ], [ 2509966.9084, 6349796.1809, 0.0 ], [ 2509977.344700001180172, 6349795.624300001189113, 0.0 ], [ 2509986.8717, 6349795.1173, 0.0 ], [ 2509986.392200000118464, 6349786.186499999836087, 0.0 ], [ 2509985.902600000146776, 6349777.145499999634922, 0.0 ], [ 2509965.949500000104308, 6349778.208700000308454, 0.0 ], [ 2509966.109300000127405, 6349781.20920000039041, 0.0 ], [ 2509962.220600000116974, 6349781.407700000330806, 0.0 ], [ 2509938.309900000225753, 6349782.658599998801947, 0.0 ], [ 2509915.899799999780953, 6349783.829300000332296, 0.0 ], [ 2509893.120699999853969, 6349785.0186, 0.0 ], [ 2509872.3221, 6349786.107900000177324, 0.0 ], [ 2509847.3375, 6349787.403300000354648, 0.0 ], [ 2509824.394100000150502, 6349788.598099999129772, 0.0 ], [ 2509825.021499999798834, 6349800.6711, 0.0 ] ] ] ] } },
{ "type": "Feature", "properties": { "LAYER": "PARCELARIO_BASE_CATASTRO", "MAP_NAME": "1010_2025.dwg", "ccpp1": "1010 1460", "LAYER_2": "PADRONES_2_VISTALBA" }, "geometry": { "type": "MultiPolygon", "coordinates": [ [ [ [ 2508549.25, 6348412.58, 0.0 ], [ 2508600.90000000083819, 6348425.769999999552965, 0.0 ], [ 2508610.54, 6348389.309999998658895, 0.0 ], [ 2508560.360000000800937, 6348376.509999999776483, 0.0 ], [ 2508553.759999999776483, 6348396.889999999664724, 0.0 ], [ 2508549.25, 6348412.58, 0.0 ] ] ] ] } },
{ "type": "Feature", "properties": { "LAYER": "PARCELARIO_BASE_CATASTRO", "MAP_NAME": "1010_2025.dwg", "ccpp1": "1010 1225", "LAYER_2": "PADRONES_2_VISTALBA" }, "geometry": { "type": "MultiPolygon", "coordinates": [ [ [ [ 2508541.430000000167638, 6348439.839999999850988, 0.0 ], [ 2508593.660000000149012, 6348453.169999998994172, 0.0 ], [ 2508600.90000000083819, 6348425.769999999552965, 0.0 ], [ 2508549.25, 6348412.58, 0.0 ], [ 2508545.660000000149012, 6348425.120000000111759, 0.0 ], [ 2508541.430000000167638, 6348439.839999999850988, 0.0 ] ] ] ] } },
{ "type": "Feature", "properties": { "LAYER": "PARCELARIO_BASE_CATASTRO", "MAP_NAME": "1010_2025.dwg", "ccpp1": "1010 1226", "LAYER_2": "PADRONES_2_VISTALBA" }, "geometry": { "type": "MultiPolygon", "coordinates": [ [ [ [ 2508564.299800000153482, 6348523.68059999961406, 0.0 ], [ 2508581.17, 6348533.21, 0.0 ], [ 2508586.069999999832362, 6348514.009999999776483, 0.0 ], [ 2508574.44, 6348511.049999998882413, 0.0 ], [ 2508580.360000000800937, 6348487.79, 0.0 ], [ 2508584.24000000115484, 6348488.78000000026077, 0.0 ], [ 2508593.660000000149012, 6348453.169999998994172, 0.0 ], [ 2508541.430000000167638, 6348439.839999999850988, 0.0 ], [ 2508535.71, 6348459.79, 0.0 ], [ 2508528.069999999832362, 6348486.400000000372529, 0.0 ], [ 2508524.299999999813735, 6348499.58, 0.0 ], [ 2508523.90000000083819, 6348500.860000000335276, 0.0 ], [ 2508564.299800000153482, 6348523.68059999961406, 0.0 ] ] ] ] } },
{ "type": "Feature", "properties": { "LAYER": "PARCELARIO_BASE_CATASTRO", "MAP_NAME": "1010_2025.dwg", "ccpp1": "1010 1228", "LAYER_2": "PADRONES_2_VISTALBA" }, "geometry": { "type": "MultiPolygon", "coordinates": [ [ [ [ 2508649.42, 6348494.21999999973923, 0.0 ], [ 2508651.9, 6348484.50999999884516, 0.0 ], [ 2508605.299999999813735, 6348471.990000000223517, 0.0 ], [ 2508599.740000000223517, 6348492.71999999973923, 0.0 ], [ 2508603.610000000800937, 6348493.740000000223517, 0.0 ], [ 2508646.589999999850988, 6348505.389999999664724, 0.0 ], [ 2508649.42, 6348494.21999999973923, 0.0 ] ] ] ] } },
{ "type": "Feature", "properties": { "LAYER": "PARCELARIO_BASE_CATASTRO", "MAP_NAME": "1010_2025.dwg", "ccpp1": "1010 1229", "LAYER_2": "PADRONES_2_VISTALBA" }, "geometry": { "type": "MultiPolygon", "coordinates": [ [ [ [ 2508605.299999999813735, 6348471.990000000223517, 0.0 ], [ 2508651.9, 6348484.50999999884516, 0.0 ], [ 2508657.27, 6348463.42, 0.0 ], [ 2508610.799999999813735, 6348451.549999999813735, 0.0 ], [ 2508605.299999999813735, 6348471.990000000223517, 0.0 ] ] ] ] } },
{ "type": "Feature", "properties": { "LAYER": "PARCELARIO_BASE_CATASTRO", "MAP_NAME": "1010_2025.dwg", "ccpp1": "1010 1230", "LAYER_2": "PADRONES_2_VISTALBA" }, "geometry": { "type": "MultiPolygon", "coordinates": [ [ [ [ 2508657.27, 6348463.42, 0.0 ], [ 2508658.180000000167638, 6348459.78000000026077, 0.0 ], [ 2508662.549999999813735, 6348442.589999998919666, 0.0 ], [ 2508660.610000000800937, 6348442.089999998919666, 0.0 ], [ 2508616.40000000083819, 6348430.799999999813735, 0.0 ], [ 2508610.799999999813735, 6348451.549999999813735, 0.0 ], [ 2508657.27, 6348463.42, 0.0 ] ] ] ] } },
{ "type": "Feature", "properties": { "LAYER": "PARCELARIO_BASE_CATASTRO", "MAP_NAME": "1010_2025.dwg", "ccpp1": "1010 1223", "LAYER_2": "PADRONES_2_VISTALBA" }, "geometry": { "type": "MultiPolygon", "coordinates": [ [ [ [ 2508615.629999999888241, 6348370.070000001229346, 0.0 ], [ 2508622.680000000167638, 6348343.410000000149012, 0.0 ], [ 2508575.049999999813735, 6348331.259999999776483, 0.0 ], [ 2508566.529999999795109, 6348357.530000001192093, 0.0 ], [ 2508615.629999999888241, 6348370.070000001229346, 0.0 ] ] ] ] } },
{ "type": "Feature", "properties": { "LAYER": "PARCELARIO_BASE_CATASTRO", "MAP_NAME": "1010_2025.dwg", "ccpp1": "1010 1222", "LAYER_2": "PADRONES_2_VISTALBA" }, "geometry": { "type": "MultiPolygon", "coordinates": [ [ [ [ 2508575.049999999813735, 6348331.259999999776483, 0.0 ], [ 2508622.680000000167638, 6348343.410000000149012, 0.0 ], [ 2508627.79, 6348324.059999999590218, 0.0 ], [ 2508613.110000000800937, 6348320.320000000298023, 0.0 ], [ 2508581.240000000223517, 6348312.179999999701977, 0.0 ], [ 2508577.879999999888241, 6348322.54, 0.0 ], [ 2508576.109999999869615, 6348327.980000000447035, 0.0 ], [ 2508575.049999999813735, 6348331.259999999776483, 0.0 ] ] ] ] } },
{ "type": "Feature", "properties": { "LAYER": "PARCELARIO_BASE_CATASTRO", "MAP_NAME": "1010_2025.dwg", "ccpp1": "1010 1246", "LAYER_2": "PADRONES_2_VISTALBA" }, "geometry": { "type": "MultiPolygon", "coordinates": [ [ [ [ 2508640.839999999850988, 6348527.950000000186265, 0.0 ], [ 2508642.029999999795109, 6348523.269999998621643, 0.0 ], [ 2508646.589999999850988, 6348505.389999999664724, 0.0 ], [ 2508603.610000000800937, 6348493.740000000223517, 0.0 ], [ 2508597.700000000186265, 6348516.96999999973923, 0.0 ], [ 2508640.839999999850988, 6348527.950000000186265, 0.0 ] ] ] ] } },
{ "type": "Feature", "properties": { "LAYER": "PARCELARIO_BASE_CATASTRO", "MAP_NAME": "1010_2025.dwg", "ccpp1": "1010 1227", "LAYER_2": "PADRONES_2_VISTALBA" }, "geometry": { "type": "MultiPolygon", "coordinates": [ [ [ [ 2508581.17, 6348533.21, 0.0 ], [ 2508632.180000000167638, 6348562.019999998621643, 0.0 ], [ 2508640.839999999850988, 6348527.950000000186265, 0.0 ], [ 2508597.700000000186265, 6348516.96999999973923, 0.0 ], [ 2508586.069999999832362, 6348514.009999999776483, 0.0 ], [ 2508581.17, 6348533.21, 0.0 ] ] ] ] } },
{ "type": "Feature", "properties": { "LAYER": "PARCELARIO_BASE_CATASTRO", "MAP_NAME": "1010_2025.dwg", "ccpp1": "1010 1276", "LAYER_2": "PADRONES_2_VISTALBA" }, "geometry": { "type": "MultiPolygon", "coordinates": [ [ [ [ 2508637.65000000083819, 6346070.099999998696148, 0.0 ], [ 2508676.799999999813735, 6346066.669999998994172, 0.0 ], [ 2508677.54, 6346041.5, 0.0 ], [ 2508638.509999999776483, 6346044.92, 0.0 ], [ 2508638.25, 6346052.379999998956919, 0.0 ], [ 2508637.65000000083819, 6346070.099999998696148, 0.0 ] ] ] ] } },
{ "type": "Feature", "properties": { "LAYER": "PARCELARIO_BASE_CATASTRO", "MAP_NAME": "1010_2025.dwg", "ccpp1": "1010 1267", "LAYER_2": "PADRONES_2_VISTALBA" }, "geometry": { "type": "MultiPolygon", "coordinates": [ [ [ [ 2508798.759920135140419, 6345529.729855109937489, 0.0 ], [ 2508843.360000000800937, 6345526.700000000186265, 0.0 ], [ 2508830.055835069157183, 6345503.666129387915134, 0.0 ], [ 2508785.919324499089271, 6345506.434570132754743, 0.0 ], [ 2508794.80728756589815, 6345522.559014840051532, 0.0 ], [ 2508798.759920135140419, 6345529.729855109937489, 0.0 ] ] ] ] } },
{ "type": "Feature", "properties": { "LAYER": "PARCELARIO_BASE_CATASTRO", "MAP_NAME": "1010_2025.dwg", "ccpp1": "1010 1268", "LAYER_2": "PADRONES_2_VISTALBA" }, "geometry": { "type": "MultiPolygon", "coordinates": [ [ [ [ 2508803.240000000223517, 6345457.200000001117587, 0.0 ], [ 2508789.955699999816716, 6345434.200299998745322, 0.0 ], [ 2508745.809500000905246, 6345437.000300001353025, 0.0 ], [ 2508749.6954, 6345443.486799999140203, 0.0 ], [ 2508759.569999999832362, 6345459.96999999973923, 0.0 ], [ 2508803.240000000223517, 6345457.200000001117587, 0.0 ] ] ] ] } },
{ "type": "Feature", "properties": { "LAYER": "PARCELARIO_BASE_CATASTRO", "MAP_NAME": "1010_2025.dwg", "ccpp1": "1010 1245", "LAYER_2": "PADRONES_2_VISTALBA" }, "geometry": { "type": "MultiPolygon", "coordinates": [ [ [ [ 2509681.597900000866503, 6348882.213700000196695, 0.0 ], [ 2509713.5801, 6348884.256400000303984, 0.0 ], [ 2509714.8429, 6348861.173100000247359, 0.0 ], [ 2509712.824700000230223, 6348861.102199998684227, 0.0 ], [ 2509683.010600000154227, 6348860.039800000376999, 0.0 ], [ 2509681.597900000866503, 6348882.213700000196695, 0.0 ] ] ] ] } },
{ "type": "Feature", "properties": { "LAYER": "PARCELARIO_BASE_CATASTRO", "MAP_NAME": "1010_2025.dwg", "ccpp1": "1010 1243", "LAYER_2": "PADRONES_2_VISTALBA" }, "geometry": { "type": "MultiPolygon", "coordinates": [ [ [ [ 2509800.172799999825656, 6348913.912100000306964, 0.0 ], [ 2509845.860721906181425, 6348915.873398524709046, 0.0 ], [ 2509845.514523895923048, 6348865.636822490021586, 0.0 ], [ 2509836.0461, 6348865.293399999849498, 0.0 ], [ 2509812.072800000198185, 6348864.423800000920892, 0.0 ], [ 2509795.4233, 6348863.995199999772012, 0.0 ], [ 2509794.1554, 6348905.0729, 0.0 ], [ 2509800.284099999815226, 6348911.721400001086295, 0.0 ], [ 2509800.172799999825656, 6348913.912100000306964, 0.0 ] ] ] ] } },
{ "type": "Feature", "properties": { "LAYER": "PARCELARIO_BASE_CATASTRO", "MAP_NAME": "1010_2025.dwg", "ccpp1": "1010 126", "LAYER_2": "PADRONES_2_VISTALBA" }, "geometry": { "type": "MultiPolygon", "coordinates": [ [ [ [ 2508389.279999999795109, 6345309.690000000409782, 0.0 ], [ 2508383.299999999813735, 6345299.809999999590218, 0.0 ], [ 2508374.549999999813735, 6345285.360000000335276, 0.0 ], [ 2508366.089999999850988, 6345271.379999999888241, 0.0 ], [ 2508361.070000001229346, 6345263.089999998919666, 0.0 ], [ 2508311.730000000912696, 6345278.620000000111759, 0.0 ], [ 2508334.3599, 6345316.320100001059473, 0.0 ], [ 2508389.279999999795109, 6345309.690000000409782, 0.0 ] ] ] ] } },
{ "type": "Feature", "properties": { "LAYER": "PARCELARIO_BASE_CATASTRO", "MAP_NAME": "1010_2025.dwg", "ccpp1": "1010 165", "LAYER_2": "PADRONES_2_VISTALBA" }, "geometry": { "type": "MultiPolygon", "coordinates": [ [ [ [ 2508358.2157, 6345356.062599999830127, 0.0 ], [ 2508414.740000000223517, 6345352.290000000968575, 0.0 ], [ 2508389.279999999795109, 6345309.690000000409782, 0.0 ], [ 2508334.3599, 6345316.320100001059473, 0.0 ], [ 2508358.2157, 6345356.062599999830127, 0.0 ] ] ] ] } },
{ "type": "Feature", "properties": { "LAYER": "PARCELARIO_BASE_CATASTRO", "MAP_NAME": "1010_2025.dwg", "ccpp1": "1010 171", "LAYER_2": "PADRONES_2_VISTALBA" }, "geometry": { "type": "MultiPolygon", "coordinates": [ [ [ [ 2508414.740000000223517, 6345352.290000000968575, 0.0 ], [ 2508450.259999999776483, 6345349.900000001303852, 0.0 ], [ 2508411.470000000204891, 6345284.400000000372529, 0.0 ], [ 2508408.04, 6345286.28000000026077, 0.0 ], [ 2508383.299999999813735, 6345299.809999999590218, 0.0 ], [ 2508389.279999999795109, 6345309.690000000409782, 0.0 ], [ 2508414.740000000223517, 6345352.290000000968575, 0.0 ] ] ] ] } },
{ "type": "Feature", "properties": { "LAYER": "PARCELARIO_BASE_CATASTRO", "MAP_NAME": "1010_2025.dwg", "ccpp1": "1010 965", "LAYER_2": "PADRONES_2_VISTALBA" }, "geometry": { "type": "MultiPolygon", "coordinates": [ [ [ [ 2508443.267900000791997, 6345274.865399999544024, 0.0 ], [ 2508421.859800000209361, 6345238.157200000248849, 0.0 ], [ 2508392.8199, 6345240.458300000987947, 0.0 ], [ 2508400.341, 6345252.529400000348687, 0.0 ], [ 2508409.741599999833852, 6345267.627500001341105, 0.0 ], [ 2508420.3374, 6345273.60780000127852, 0.0 ], [ 2508428.279200000222772, 6345281.218899998813868, 0.0 ], [ 2508439.1847, 6345275.530399999581277, 0.0 ], [ 2508439.8366, 6345276.6552, 0.0 ], [ 2508443.267900000791997, 6345274.865399999544024, 0.0 ] ] ] ] } },
{ "type": "Feature", "properties": { "LAYER": "PARCELARIO_BASE_CATASTRO", "MAP_NAME": "1010_2025.dwg", "ccpp1": "1010 11", "LAYER_2": "PADRONES_2_VISTALBA" }, "geometry": { "type": "MultiPolygon", "coordinates": [ [ [ [ 2508472.160000000149012, 6345324.389999999664724, 0.0 ], [ 2508487.379999999888241, 6345321.809999999590218, 0.0 ], [ 2508484.42, 6345316.769999998621643, 0.0 ], [ 2508487.549999999813735, 6345316.240000000223517, 0.0 ], [ 2508440.7653, 6345236.659099999815226, 0.0 ], [ 2508421.859800000209361, 6345238.157200000248849, 0.0 ], [ 2508456.200000000186265, 6345297.04, 0.0 ], [ 2508469.109999999869615, 6345319.190000000409782, 0.0 ], [ 2508472.160000000149012, 6345324.389999999664724, 0.0 ] ] ] ] } },
{ "type": "Feature", "properties": { "LAYER": "PARCELARIO_BASE_CATASTRO", "MAP_NAME": "1010_2025.dwg", "ccpp1": "1010 88", "LAYER_2": "PADRONES_2_VISTALBA" }, "geometry": { "type": "MultiPolygon", "coordinates": [ [ [ [ 2508657.299999999813735, 6345348.219999998807907, 0.0 ], [ 2508690.190000000875443, 6345344.129999998956919, 0.0 ], [ 2508683.96, 6345333.740000000223517, 0.0 ], [ 2508678.65000000083819, 6345324.679999999701977, 0.0 ], [ 2508664.160000000149012, 6345299.950000001117587, 0.0 ], [ 2508618.820000001229346, 6345222.549999998882413, 0.0 ], [ 2508587.3616, 6345225.0428, 0.0 ], [ 2508631.140000000130385, 6345302.160000000149012, 0.0 ], [ 2508657.299999999813735, 6345348.219999998807907, 0.0 ] ] ] ] } },
{ "type": "Feature", "properties": { "LAYER": "PARCELARIO_BASE_CATASTRO", "MAP_NAME": "1010_2025.dwg", "ccpp1": "1010 21", "LAYER_2": "PADRONES_2_VISTALBA" }, "geometry": { "type": "MultiPolygon", "coordinates": [ [ [ [ 2508900.956499999854714, 6345320.91260000038892, 0.0 ], [ 2508837.0792, 6345212.3169, 0.0 ], [ 2508795.322499999776483, 6345214.274399998597801, 0.0 ], [ 2508858.29, 6345322.620000001043081, 0.0 ], [ 2508900.956499999854714, 6345320.91260000038892, 0.0 ] ] ] ] } },
{ "type": "Feature", "properties": { "LAYER": "PARCELARIO_BASE_CATASTRO", "MAP_NAME": "1010_2025.dwg", "ccpp1": "1010 1218", "LAYER_2": "PADRONES_2_VISTALBA" }, "geometry": { "type": "MultiPolygon", "coordinates": [ [ [ [ 2508602.609999999869615, 6345320.870000001043081, 0.0 ], [ 2508631.140000000130385, 6345302.160000000149012, 0.0 ], [ 2508587.3616, 6345225.0428, 0.0 ], [ 2508548.323599999770522, 6345228.1360999988392, 0.0 ], [ 2508602.609999999869615, 6345320.870000001043081, 0.0 ] ] ] ] } },
{ "type": "Feature", "properties": { "LAYER": "PARCELARIO_BASE_CATASTRO", "MAP_NAME": "1010_2025.dwg", "ccpp1": "1010 1333", "LAYER_2": "PADRONES_2_VISTALBA" }, "geometry": { "type": "MultiPolygon", "coordinates": [ [ [ [ 2508695.140000000130385, 6348433.389999999664724, 0.0 ], [ 2508704.200000000186265, 6348435.820000000298023, 0.0 ], [ 2508712.970000000204891, 6348404.230000000447035, 0.0 ], [ 2508674.910000000149012, 6348393.950000001117587, 0.0 ], [ 2508672.17, 6348404.74000000115484, 0.0 ], [ 2508671.990000000223517, 6348405.480000001378357, 0.0 ], [ 2508669.42, 6348415.559999998658895, 0.0 ], [ 2508667.470000000204891, 6348423.200000000186265, 0.0 ], [ 2508666.779999999795109, 6348425.96999999973923, 0.0 ], [ 2508695.140000000130385, 6348433.389999999664724, 0.0 ] ] ] ] } },
{ "type": "Feature", "properties": { "LAYER": "PARCELARIO_BASE_CATASTRO", "MAP_NAME": "1010_2025.dwg", "ccpp1": "1010 1311", "LAYER_2": "PADRONES_2_VISTALBA" }, "geometry": { "type": "MultiPolygon", "coordinates": [ [ [ [ 2509038.7067, 6347609.924599999561906, 0.0 ], [ 2509016.890999999828637, 6347607.129099998623133, 0.0 ], [ 2509010.808999999891967, 6347652.7292, 0.0 ], [ 2509010.579299999866635, 6347654.4517, 0.0 ], [ 2509024.014700000174344, 6347656.296, 0.0 ], [ 2509029.115500000771135, 6347656.996200000867248, 0.0 ], [ 2509032.3703, 6347657.44300000090152, 0.0 ], [ 2509032.6255, 6347655.529299998655915, 0.0 ], [ 2509038.7067, 6347609.924599999561906, 0.0 ] ] ] ] } },
{ "type": "Feature", "properties": { "LAYER": "PARCELARIO_BASE_CATASTRO", "MAP_NAME": "1010_2025.dwg", "ccpp1": "1010 1310", "LAYER_2": "PADRONES_2_VISTALBA" }, "geometry": { "type": "MultiPolygon", "coordinates": [ [ [ [ 2509016.890999999828637, 6347607.129099998623133, 0.0 ], [ 2508995.0653, 6347604.332199999131262, 0.0 ], [ 2508989.003499999176711, 6347649.930700001306832, 0.0 ], [ 2508988.7999, 6347651.461999998427927, 0.0 ], [ 2509007.497700000181794, 6347654.028699999675155, 0.0 ], [ 2509010.579299999866635, 6347654.4517, 0.0 ], [ 2509010.808999999891967, 6347652.7292, 0.0 ], [ 2509016.890999999828637, 6347607.129099998623133, 0.0 ] ] ] ] } },
{ "type": "Feature", "properties": { "LAYER": "PARCELARIO_BASE_CATASTRO", "MAP_NAME": "1010_2025.dwg", "ccpp1": "1010 1309", "LAYER_2": "PADRONES_2_VISTALBA" }, "geometry": { "type": "MultiPolygon", "coordinates": [ [ [ [ 2508995.0653, 6347604.332199999131262, 0.0 ], [ 2508973.2494, 6347601.536600000225008, 0.0 ], [ 2508967.16869999980554, 6347647.1283, 0.0 ], [ 2508966.99000000115484, 6347648.468100000172853, 0.0 ], [ 2508985.650600001215935, 6347651.029699999839067, 0.0 ], [ 2508988.7999, 6347651.461999998427927, 0.0 ], [ 2508989.003499999176711, 6347649.930700001306832, 0.0 ], [ 2508995.0653, 6347604.332199999131262, 0.0 ] ] ] ] } },
{ "type": "Feature", "properties": { "LAYER": "PARCELARIO_BASE_CATASTRO", "MAP_NAME": "1010_2025.dwg", "ccpp1": "1010 1308", "LAYER_2": "PADRONES_2_VISTALBA" }, "geometry": { "type": "MultiPolygon", "coordinates": [ [ [ [ 2508973.2494, 6347601.536600000225008, 0.0 ], [ 2508951.4139, 6347598.738400001078844, 0.0 ], [ 2508945.342300000134856, 6347644.326899999752641, 0.0 ], [ 2508945.1675999998115, 6347645.638799998909235, 0.0 ], [ 2508962.733300000894815, 6347647.8838, 0.0 ], [ 2508963.737999999895692, 6347648.02170000039041, 0.0 ], [ 2508966.99000000115484, 6347648.468100000172853, 0.0 ], [ 2508967.16869999980554, 6347647.1283, 0.0 ], [ 2508973.2494, 6347601.536600000225008, 0.0 ] ] ] ] } },
{ "type": "Feature", "properties": { "LAYER": "PARCELARIO_BASE_CATASTRO", "MAP_NAME": "1010_2025.dwg", "ccpp1": "1010 1307", "LAYER_2": "PADRONES_2_VISTALBA" }, "geometry": { "type": "MultiPolygon", "coordinates": [ [ [ [ 2508951.4139, 6347598.738400001078844, 0.0 ], [ 2508929.5981, 6347595.942899999208748, 0.0 ], [ 2508923.517300000879914, 6347641.5258, 0.0 ], [ 2508923.3407, 6347642.849399999715388, 0.0 ], [ 2508923.7516, 6347642.9019, 0.0 ], [ 2508942.126800000201911, 6347645.250199998728931, 0.0 ], [ 2508945.1675999998115, 6347645.638799998909235, 0.0 ], [ 2508945.342300000134856, 6347644.326899999752641, 0.0 ], [ 2508951.4139, 6347598.738400001078844, 0.0 ] ] ] ] } },
{ "type": "Feature", "properties": { "LAYER": "PARCELARIO_BASE_CATASTRO", "MAP_NAME": "1010_2025.dwg", "ccpp1": "1010 1306", "LAYER_2": "PADRONES_2_VISTALBA" }, "geometry": { "type": "MultiPolygon", "coordinates": [ [ [ [ 2508929.5981, 6347595.942899999208748, 0.0 ], [ 2508907.7823, 6347593.147199999541044, 0.0 ], [ 2508901.71059999987483, 6347638.727099998854101, 0.0 ], [ 2508901.532699999865144, 6347640.062300000339746, 0.0 ], [ 2508920.281000000890344, 6347642.458300000987947, 0.0 ], [ 2508923.3407, 6347642.849399999715388, 0.0 ], [ 2508923.517300000879914, 6347641.5258, 0.0 ], [ 2508929.5981, 6347595.942899999208748, 0.0 ] ] ] ] } },
{ "type": "Feature", "properties": { "LAYER": "PARCELARIO_BASE_CATASTRO", "MAP_NAME": "1010_2025.dwg", "ccpp1": "1010 1305", "LAYER_2": "PADRONES_2_VISTALBA" }, "geometry": { "type": "MultiPolygon", "coordinates": [ [ [ [ 2508907.7823, 6347593.147199999541044, 0.0 ], [ 2508885.9665, 6347590.351599999703467, 0.0 ], [ 2508879.8953, 6347635.927199999801815, 0.0 ], [ 2508879.715900000184774, 6347637.2741, 0.0 ], [ 2508898.278800000902265, 6347639.646499999798834, 0.0 ], [ 2508901.532699999865144, 6347640.062300000339746, 0.0 ], [ 2508901.71059999987483, 6347638.727099998854101, 0.0 ], [ 2508907.7823, 6347593.147199999541044, 0.0 ] ] ] ] } },
{ "type": "Feature", "properties": { "LAYER": "PARCELARIO_BASE_CATASTRO", "MAP_NAME": "1010_2025.dwg", "ccpp1": "1010 993", "LAYER_2": "PADRONES_2_VISTALBA" }, "geometry": { "type": "MultiPolygon", "coordinates": [ [ [ [ 2508885.9665, 6347590.351599999703467, 0.0 ], [ 2508864.13090000115335, 6347587.553500001318753, 0.0 ], [ 2508858.05060000019148, 6347633.123399998992682, 0.0 ], [ 2508857.86930000083521, 6347634.482099999673665, 0.0 ], [ 2508876.462600000202656, 6347636.858300001360476, 0.0 ], [ 2508879.715900000184774, 6347637.2741, 0.0 ], [ 2508879.8953, 6347635.927199999801815, 0.0 ], [ 2508885.9665, 6347590.351599999703467, 0.0 ] ] ] ] } },
{ "type": "Feature", "properties": { "LAYER": "PARCELARIO_BASE_CATASTRO", "MAP_NAME": "1010_2025.dwg", "ccpp1": "1010 990", "LAYER_2": "PADRONES_2_VISTALBA" }, "geometry": { "type": "MultiPolygon", "coordinates": [ [ [ [ 2508957.7166, 6347579.633600000292063, 0.0 ], [ 2508982.7982, 6347582.908599998801947, 0.0 ], [ 2508987.431400000117719, 6347543.778900000266731, 0.0 ], [ 2508961.646300000138581, 6347540.869400001130998, 0.0 ], [ 2508957.7166, 6347579.633600000292063, 0.0 ] ] ] ] } },
{ "type": "Feature", "properties": { "LAYER": "PARCELARIO_BASE_CATASTRO", "MAP_NAME": "1010_2025.dwg", "ccpp1": "1010 989", "LAYER_2": "PADRONES_2_VISTALBA" }, "geometry": { "type": "MultiPolygon", "coordinates": [ [ [ [ 2508766.580200000200421, 6347554.016800001263618, 0.0 ], [ 2508794.608900000806898, 6347557.6278, 0.0 ], [ 2508798.316399999894202, 6347522.439600001089275, 0.0 ], [ 2508769.9934, 6347519.243700000457466, 0.0 ], [ 2508766.580200000200421, 6347554.016800001263618, 0.0 ] ] ] ] } },
{ "type": "Feature", "properties": { "LAYER": "PARCELARIO_BASE_CATASTRO", "MAP_NAME": "1010_2025.dwg", "ccpp1": "1010 1295", "LAYER_2": "PADRONES_2_VISTALBA" }, "geometry": { "type": "MultiPolygon", "coordinates": [ [ [ [ 2508581.240000000223517, 6348312.179999999701977, 0.0 ], [ 2508613.110000000800937, 6348320.320000000298023, 0.0 ], [ 2508624.839999999850988, 6348275.929899998940527, 0.0 ], [ 2508594.410000000149012, 6348271.639999999664724, 0.0 ], [ 2508581.240000000223517, 6348312.179999999701977, 0.0 ] ] ] ] } },
{ "type": "Feature", "properties": { "LAYER": "PARCELARIO_BASE_CATASTRO", "MAP_NAME": "1010_2025.dwg", "ccpp1": "1010 1088", "LAYER_2": "PADRONES_2_VISTALBA" }, "geometry": { "type": "MultiPolygon", "coordinates": [ [ [ [ 2509398.40000000083819, 6348503.599999999627471, 0.0 ], [ 2509394.140000000130385, 6348475.730000001378357, 0.0 ], [ 2509369.569999999832362, 6348476.780000001192093, 0.0 ], [ 2509368.839999999850988, 6348502.809999999590218, 0.0 ], [ 2509397.700000000186265, 6348503.589999998919666, 0.0 ], [ 2509398.40000000083819, 6348503.599999999627471, 0.0 ] ] ] ] } },
{ "type": "Feature", "properties": { "LAYER": "PARCELARIO_BASE_CATASTRO", "MAP_NAME": "1010_2025.dwg", "ccpp1": "1010 1342", "LAYER_2": "PADRONES_2_VISTALBA" }, "geometry": { "type": "MultiPolygon", "coordinates": [ [ [ [ 2508629.3906, 6347813.848100000992417, 0.0 ], [ 2508625.0499, 6347813.385800000280142, 0.0 ], [ 2508619.880100000184029, 6347869.692899999208748, 0.0 ], [ 2508619.824, 6347870.3043, 0.0 ], [ 2508639.7615, 6347872.475499999709427, 0.0 ], [ 2508639.830500000156462, 6347871.829199998639524, 0.0 ], [ 2508645.270600000862032, 6347820.8881, 0.0 ], [ 2508635.3306, 6347819.828099998645484, 0.0 ], [ 2508629.3906, 6347813.848100000992417, 0.0 ] ] ] ] } },
{ "type": "Feature", "properties": { "LAYER": "PARCELARIO_BASE_CATASTRO", "MAP_NAME": "1010_2025.dwg", "ccpp1": "1010 963", "LAYER_2": "PADRONES_2_VISTALBA" }, "geometry": { "type": "MultiPolygon", "coordinates": [ [ [ [ 2508679.840800000820309, 6345864.449400001205504, 0.0 ], [ 2508673.890000000130385, 6345793.679999999701977, 0.0 ], [ 2508655.280000001192093, 6345794.829999999143183, 0.0 ], [ 2508656.940000000875443, 6345809.75999999884516, 0.0 ], [ 2508663.1206, 6345865.926699999719858, 0.0 ], [ 2508679.840800000820309, 6345864.449400001205504, 0.0 ] ] ] ] } },
{ "type": "Feature", "properties": { "LAYER": "PARCELARIO_BASE_CATASTRO", "MAP_NAME": "1010_2025.dwg", "ccpp1": "1010 1359", "LAYER_2": "PADRONES_2_VISTALBA" }, "geometry": { "type": "MultiPolygon", "coordinates": [ [ [ [ 2509024.299999999813735, 6345392.339999999850988, 0.0 ], [ 2509050.25, 6345389.79, 0.0 ], [ 2509086.92, 6345386.190000000409782, 0.0 ], [ 2509113.589999999850988, 6345383.58, 0.0 ], [ 2509126.529999999795109, 6345382.299999998882413, 0.0 ], [ 2509122.217400000896305, 6345375.391600001603365, 0.0 ], [ 2509113.8936, 6345362.057799999602139, 0.0 ], [ 2509103.0068, 6345344.622000001370907, 0.0 ], [ 2509093.799999999813735, 6345329.870000000111759, 0.0 ], [ 2509084.529999999795109, 6345315.03000000026077, 0.0 ], [ 2509079.140000000130385, 6345306.400000001303852, 0.0 ], [ 2509071.930000000167638, 6345294.860000000335276, 0.0 ], [ 2509063.220000000204891, 6345280.910000000149012, 0.0 ], [ 2509047.69, 6345256.03000000026077, 0.0 ], [ 2509008.109999999869615, 6345258.240000000223517, 0.0 ], [ 2508989.940000000875443, 6345259.25, 0.0 ], [ 2508957.17450000019744, 6345206.687199999578297, 0.0 ], [ 2508917.401, 6345208.551699998788536, 0.0 ], [ 2509024.299999999813735, 6345392.339999999850988, 0.0 ] ] ] ] } },
{ "type": "Feature", "properties": { "LAYER": "PARCELARIO_BASE_CATASTRO", "MAP_NAME": "1010_2025.dwg", "ccpp1": "1919 364", "LAYER_2": "PADRONES_2_VISTALBA" }, "geometry": { "type": "MultiPolygon", "coordinates": [ [ [ [ 2509226.380299999844283, 6345568.99170000012964, 0.0 ], [ 2509229.230000000912696, 6345568.490000000223517, 0.0 ], [ 2509240.259999999776483, 6345564.980000000447035, 0.0 ], [ 2509223.930000000167638, 6345538.25, 0.0 ], [ 2509221.549999999813735, 6345534.46999999973923, 0.0 ], [ 2509210.980000000912696, 6345517.549999998882413, 0.0 ], [ 2509202.6157, 6345504.152700000442564, 0.0 ], [ 2509194.2442, 6345490.743599999696016, 0.0 ], [ 2509185.877100000157952, 6345477.341799999587238, 0.0 ], [ 2509177.509999999776483, 6345463.940000001341105, 0.0 ], [ 2509169.564900000113994, 6345451.223199999891222, 0.0 ], [ 2509162.680000000167638, 6345440.200000000186265, 0.0 ], [ 2509155.796999999787658, 6345429.171900000423193, 0.0 ], [ 2509147.319999999832362, 6345415.589999998919666, 0.0 ], [ 2509138.948400000110269, 6345402.19099999871105, 0.0 ], [ 2509130.58, 6345388.790000000968575, 0.0 ], [ 2509126.529999999795109, 6345382.299999998882413, 0.0 ], [ 2509113.589999999850988, 6345383.58, 0.0 ], [ 2509157.629999999888241, 6345455.980000000447035, 0.0 ], [ 2509173.480000000912696, 6345482.050000001676381, 0.0 ], [ 2509226.380299999844283, 6345568.99170000012964, 0.0 ] ] ] ] } },
{ "type": "Feature", "properties": { "LAYER": "PARCELARIO_BASE_CATASTRO", "MAP_NAME": "1010_2025.dwg", "ccpp1": "1010 1487", "LAYER_2": "PADRONES_2_VISTALBA" }, "geometry": { "type": "MultiPolygon", "coordinates": [ [ [ [ 2509047.69, 6345256.03000000026077, 0.0 ], [ 2509045.02, 6345251.759999999776483, 0.0 ], [ 2509029.63370000012219, 6345227.137699999846518, 0.0 ], [ 2509015.15110000083223, 6345203.961799999698997, 0.0 ], [ 2508975.46, 6345205.83, 0.0 ], [ 2509008.109999999869615, 6345258.240000000223517, 0.0 ], [ 2509047.69, 6345256.03000000026077, 0.0 ] ] ] ] } },
{ "type": "Feature", "properties": { "LAYER": "PARCELARIO_BASE_CATASTRO", "MAP_NAME": "1010_2025.dwg", "ccpp1": "1010 131", "LAYER_2": "PADRONES_2_VISTALBA" }, "geometry": { "type": "MultiPolygon", "coordinates": [ [ [ [ 2508885.943031890783459, 6345239.815092263743281, 0.0 ], [ 2508870.3402, 6345241.077200000174344, 0.0 ], [ 2508854.738679779227823, 6345242.339201635681093, 0.0 ], [ 2508900.956772864796221, 6345320.913063889369369, 0.0 ], [ 2508920.556137669831514, 6345354.968982360325754, 0.0 ], [ 2508944.718188312835991, 6345340.899511835537851, 0.0 ], [ 2508885.943031890783459, 6345239.815092263743281, 0.0 ] ] ] ] } },
{ "type": "Feature", "properties": { "LAYER": "PARCELARIO_BASE_CATASTRO", "MAP_NAME": "1010_2025.dwg", "ccpp1": "1919 557", "LAYER_2": "PADRONES_2_VISTALBA" }, "geometry": { "type": "MultiPolygon", "coordinates": [ [ [ [ 2508951.05355603992939, 6345363.010855017229915, 0.0 ], [ 2508955.921708783134818, 6345360.167887420393527, 0.0 ], [ 2508944.718185675796121, 6345340.899513375014067, 0.0 ], [ 2508920.552608951926231, 6345354.9628512179479, 0.0 ], [ 2508952.458623779006302, 6345410.399494498036802, 0.0 ], [ 2509013.975620327983052, 6345374.599218955263495, 0.0 ], [ 2508993.027402915991843, 6345338.573951621539891, 0.0 ], [ 2508972.317794432863593, 6345350.615475031547248, 0.0 ], [ 2508984.402617469895631, 6345371.39955235645175, 0.0 ], [ 2508963.132678504101932, 6345383.766877803951502, 0.0 ], [ 2508951.05355603992939, 6345363.010855017229915, 0.0 ] ] ] ] } },
{ "type": "Feature", "properties": { "LAYER": "PARCELARIO_BASE_CATASTRO", "MAP_NAME": "1010_2025.dwg", "ccpp1": "1010 359", "LAYER_2": "PADRONES_2_VISTALBA" }, "geometry": { "type": "MultiPolygon", "coordinates": [ [ [ [ 2508643.85, 6347738.613900000229478, 0.0 ], [ 2508624.810100000817329, 6347736.312999999150634, 0.0 ], [ 2508624.541500001214445, 6347738.709300000220537, 0.0 ], [ 2508618.540399999823421, 6347792.250099999830127, 0.0 ], [ 2508631.6206, 6347793.618099998682737, 0.0 ], [ 2508638.6806, 6347788.288099998608232, 0.0 ], [ 2508643.5844, 6347741.165799998678267, 0.0 ], [ 2508643.85, 6347738.613900000229478, 0.0 ] ] ] ] } },
{ "type": "Feature", "properties": { "LAYER": "PARCELARIO_BASE_CATASTRO", "MAP_NAME": "1010_2025.dwg", "ccpp1": "1010 379", "LAYER_2": "PADRONES_2_VISTALBA" }, "geometry": { "type": "MultiPolygon", "coordinates": [ [ [ [ 2509806.565600000787526, 6349547.905299998819828, 0.0 ], [ 2509800.385499999858439, 6349526.884999999776483, 0.0 ], [ 2509776.3528, 6349533.9507, 0.0 ], [ 2509777.7719, 6349538.577299999073148, 0.0 ], [ 2509781.081600000150502, 6349549.338000000454485, 0.0 ], [ 2509806.565600000787526, 6349547.905299998819828, 0.0 ] ] ] ] } },
{ "type": "Feature", "properties": { "LAYER": "PARCELARIO_BASE_CATASTRO", "MAP_NAME": "1010_2025.dwg", "ccpp1": "1010 381", "LAYER_2": "PADRONES_2_VISTALBA" }, "geometry": { "type": "MultiPolygon", "coordinates": [ [ [ [ 2509782.021700000856072, 6349502.967999999411404, 0.0 ], [ 2509780.4855, 6349497.69400000013411, 0.0 ], [ 2509790.891299999784678, 6349494.56209999974817, 0.0 ], [ 2509790.792100000195205, 6349494.21229999884963, 0.0 ], [ 2509788.748999999836087, 6349487.220099999569356, 0.0 ], [ 2509776.7061, 6349445.997300000861287, 0.0 ], [ 2509745.683600000105798, 6349447.244199998676777, 0.0 ], [ 2509763.3939, 6349508.69510000012815, 0.0 ], [ 2509782.021700000856072, 6349502.967999999411404, 0.0 ] ] ] ] } },
{ "type": "Feature", "properties": { "LAYER": "PARCELARIO_BASE_CATASTRO", "MAP_NAME": "1010_2025.dwg", "ccpp1": "1010 610", "LAYER_2": "PADRONES_2_VISTALBA" }, "geometry": { "type": "MultiPolygon", "coordinates": [ [ [ [ 2509599.7511, 6348841.437499999068677, 0.0 ], [ 2509601.435699999798089, 6348814.084599998779595, 0.0 ], [ 2509569.176099999807775, 6348814.061200000345707, 0.0 ], [ 2509568.606300000101328, 6348847.19639999885112, 0.0 ], [ 2509599.7511, 6348841.437499999068677, 0.0 ] ] ] ] } },
{ "type": "Feature", "properties": { "LAYER": "PARCELARIO_BASE_CATASTRO", "MAP_NAME": "1010_2025.dwg", "ccpp1": "1010 370", "LAYER_2": "PADRONES_2_VISTALBA" }, "geometry": { "type": "MultiPolygon", "coordinates": [ [ [ [ 2509623.203000000212342, 6348864.50069999974221, 0.0 ], [ 2509623.4800999998115, 6348858.876899999566376, 0.0 ], [ 2509624.514400000218302, 6348838.087000000290573, 0.0 ], [ 2509617.8443, 6348838.233799998648465, 0.0 ], [ 2509599.7511, 6348841.437499999068677, 0.0 ], [ 2509568.606300000101328, 6348847.19639999885112, 0.0 ], [ 2509568.1294, 6348874.359799998812377, 0.0 ], [ 2509623.203000000212342, 6348864.50069999974221, 0.0 ] ] ] ] } },
{ "type": "Feature", "properties": { "LAYER": "PARCELARIO_BASE_CATASTRO", "MAP_NAME": "1010_2025.dwg", "ccpp1": "1010 369", "LAYER_2": "PADRONES_2_VISTALBA" }, "geometry": { "type": "MultiPolygon", "coordinates": [ [ [ [ 2509616.9687, 6348886.974100000225008, 0.0 ], [ 2509622.74000000115484, 6348887.453300000168383, 0.0 ], [ 2509623.031, 6348871.976899999193847, 0.0 ], [ 2509623.203000000212342, 6348864.50069999974221, 0.0 ], [ 2509568.1294, 6348874.359799998812377, 0.0 ], [ 2509567.778, 6348895.4435, 0.0 ], [ 2509616.9687, 6348886.974100000225008, 0.0 ] ] ] ] } },
{ "type": "Feature", "properties": { "LAYER": "PARCELARIO_BASE_CATASTRO", "MAP_NAME": "1010_2025.dwg", "ccpp1": "1010 903", "LAYER_2": "PADRONES_2_VISTALBA" }, "geometry": { "type": "MultiPolygon", "coordinates": [ [ [ [ 2509616.0792, 6348912.2165, 0.0 ], [ 2509616.846800000872463, 6348895.859899998642504, 0.0 ], [ 2509616.9687, 6348886.974100000225008, 0.0 ], [ 2509567.778, 6348895.4435, 0.0 ], [ 2509567.436300000175834, 6348920.0313, 0.0 ], [ 2509616.0792, 6348912.2165, 0.0 ] ] ] ] } },
{ "type": "Feature", "properties": { "LAYER": "PARCELARIO_BASE_CATASTRO", "MAP_NAME": "1010_2025.dwg", "ccpp1": "1010 243", "LAYER_2": "PADRONES_2_VISTALBA" }, "geometry": { "type": "MultiPolygon", "coordinates": [ [ [ [ 2509567.0409, 6348943.756299999542534, 0.0 ], [ 2509614.042400000151247, 6348937.463399999774992, 0.0 ], [ 2509614.873500000219792, 6348937.500599998980761, 0.0 ], [ 2509615.865471660159528, 6348916.698484510183334, 0.0 ], [ 2509567.162377012893558, 6348924.522955173626542, 0.0 ], [ 2509567.0409, 6348943.756299999542534, 0.0 ] ] ] ] } },
{ "type": "Feature", "properties": { "LAYER": "PARCELARIO_BASE_CATASTRO", "MAP_NAME": "1010_2025.dwg", "ccpp1": "1010 648", "LAYER_2": "PADRONES_2_VISTALBA" }, "geometry": { "type": "MultiPolygon", "coordinates": [ [ [ [ 2509662.342300000134856, 6348960.615500000305474, 0.0 ], [ 2509626.847699999809265, 6348959.72690000012517, 0.0 ], [ 2509626.045700000133365, 6348980.899699999019504, 0.0 ], [ 2509625.320600000210106, 6349006.1562, 0.0 ], [ 2509660.306200000923127, 6349008.518799998797476, 0.0 ], [ 2509666.294600000139326, 6349008.927299998700619, 0.0 ], [ 2509668.339700000826269, 6348960.80379999987781, 0.0 ], [ 2509662.342300000134856, 6348960.615500000305474, 0.0 ] ] ] ] } },
{ "type": "Feature", "properties": { "LAYER": "PARCELARIO_BASE_CATASTRO", "MAP_NAME": "1010_2025.dwg", "ccpp1": "1010 819", "LAYER_2": "PADRONES_2_VISTALBA" }, "geometry": { "type": "MultiPolygon", "coordinates": [ [ [ [ 2509745.55420000012964, 6348862.2007, 0.0 ], [ 2509748.120699999853969, 6348818.333999999798834, 0.0 ], [ 2509715.234800000209361, 6348817.448300000280142, 0.0 ], [ 2509712.824700000230223, 6348861.102199998684227, 0.0 ], [ 2509714.8429, 6348861.173100000247359, 0.0 ], [ 2509730.216799999121577, 6348861.643899999558926, 0.0 ], [ 2509745.55420000012964, 6348862.2007, 0.0 ] ] ] ] } },
{ "type": "Feature", "properties": { "LAYER": "PARCELARIO_BASE_CATASTRO", "MAP_NAME": "1010_2025.dwg", "ccpp1": "1010 872", "LAYER_2": "PADRONES_2_VISTALBA" }, "geometry": { "type": "MultiPolygon", "coordinates": [ [ [ [ 2509624.514400000218302, 6348838.087000000290573, 0.0 ], [ 2509625.497000000905246, 6348814.11610000114888, 0.0 ], [ 2509601.435699999798089, 6348814.084599998779595, 0.0 ], [ 2509599.7511, 6348841.437499999068677, 0.0 ], [ 2509617.8443, 6348838.233799998648465, 0.0 ], [ 2509624.514400000218302, 6348838.087000000290573, 0.0 ] ] ] ] } },
{ "type": "Feature", "properties": { "LAYER": "PARCELARIO_BASE_CATASTRO", "MAP_NAME": "1010_2025.dwg", "ccpp1": "1010 2168", "LAYER_2": "PADRONES_2_VISTALBA" }, "geometry": { "type": "MultiPolygon", "coordinates": [ [ [ [ 2509650.6834, 6349077.545600001700222, 0.0 ], [ 2509673.771799998823553, 6349079.149599997326732, 0.0 ], [ 2509674.046500000171363, 6349070.090599998831749, 0.0 ], [ 2509676.037700000219047, 6349025.707299999892712, 0.0 ], [ 2509603.8914, 6349020.721300000324845, 0.0 ], [ 2509602.646800000220537, 6349047.487099999561906, 0.0 ], [ 2509601.43290000082925, 6349074.117499999701977, 0.0 ], [ 2509613.947300000116229, 6349074.994699998758733, 0.0 ], [ 2509624.732600000221282, 6349075.743200001306832, 0.0 ], [ 2509650.6834, 6349077.545600001700222, 0.0 ] ] ] ] } },
{ "type": "Feature", "properties": { "LAYER": "PARCELARIO_BASE_CATASTRO", "MAP_NAME": "1010_2025.dwg", "ccpp1": "1010 2168", "LAYER_2": "PADRONES_2_VISTALBA" }, "geometry": { "type": "MultiPolygon", "coordinates": [ [ [ [ 2509637.8536, 6349056.923199999146163, 0.0 ], [ 2509629.792999999132007, 6349056.363199999555945, 0.0 ], [ 2509602.32920000096783, 6349054.455200000666082, 0.0 ], [ 2509601.43290000082925, 6349074.117499999701977, 0.0 ], [ 2509636.6176, 6349076.568499999120831, 0.0 ], [ 2509637.8536, 6349056.923199999146163, 0.0 ] ] ] ] } },
{ "type": "Feature", "properties": { "LAYER": "PARCELARIO_BASE_CATASTRO", "MAP_NAME": "1010_2025.dwg", "ccpp1": "1010 725", "LAYER_2": "PADRONES_2_VISTALBA" }, "geometry": { "type": "MultiPolygon", "coordinates": [ [ [ [ 2509601.43290000082925, 6349074.117499999701977, 0.0 ], [ 2509602.646800000220537, 6349047.487099999561906, 0.0 ], [ 2509563.931036150082946, 6349044.6554553527385, 0.0 ], [ 2509562.603800000157207, 6349071.333300000987947, 0.0 ], [ 2509587.691000000108033, 6349073.155900002457201, 0.0 ], [ 2509601.43290000082925, 6349074.117499999701977, 0.0 ] ] ] ] } },
{ "type": "Feature", "properties": { "LAYER": "PARCELARIO_BASE_CATASTRO", "MAP_NAME": "1010_2025.dwg", "ccpp1": "1010 726", "LAYER_2": "PADRONES_2_VISTALBA" }, "geometry": { "type": "MultiPolygon", "coordinates": [ [ [ [ 2509602.646800000220537, 6349047.487099999561906, 0.0 ], [ 2509603.8909, 6349020.721300000324845, 0.0 ], [ 2509565.259581507183611, 6349017.951295235194266, 0.0 ], [ 2509563.931036150082946, 6349044.6554553527385, 0.0 ], [ 2509602.646800000220537, 6349047.487099999561906, 0.0 ] ] ] ] } },
{ "type": "Feature", "properties": { "LAYER": "PARCELARIO_BASE_CATASTRO", "MAP_NAME": "1010_2025.dwg", "ccpp1": "1010 704", "LAYER_2": "PADRONES_2_VISTALBA" }, "geometry": { "type": "MultiPolygon", "coordinates": [ [ [ [ 2509612.278700000140816, 6349114.893500000238419, 0.0 ], [ 2509613.947300000116229, 6349074.994699998758733, 0.0 ], [ 2509601.43290000082925, 6349074.117499999701977, 0.0 ], [ 2509587.691000000108033, 6349073.156100001186132, 0.0 ], [ 2509585.655900000128895, 6349113.020899999886751, 0.0 ], [ 2509612.278700000140816, 6349114.893500000238419, 0.0 ] ] ] ] } },
{ "type": "Feature", "properties": { "LAYER": "PARCELARIO_BASE_CATASTRO", "MAP_NAME": "1010_2025.dwg", "ccpp1": "1010 724", "LAYER_2": "PADRONES_2_VISTALBA" }, "geometry": { "type": "MultiPolygon", "coordinates": [ [ [ [ 2509585.655900000128895, 6349113.020899999886751, 0.0 ], [ 2509587.691000000108033, 6349073.155900002457201, 0.0 ], [ 2509562.603800000157207, 6349071.333300000987947, 0.0 ], [ 2509560.707299999892712, 6349111.266099999658763, 0.0 ], [ 2509585.655900000128895, 6349113.020899999886751, 0.0 ] ] ] ] } },
{ "type": "Feature", "properties": { "LAYER": "PARCELARIO_BASE_CATASTRO", "MAP_NAME": "1010_2025.dwg", "ccpp1": "1010 599", "LAYER_2": "PADRONES_2_VISTALBA" }, "geometry": { "type": "MultiPolygon", "coordinates": [ [ [ [ 2509648.438800000119954, 6349117.436900001019239, 0.0 ], [ 2509650.6834, 6349077.545600001700222, 0.0 ], [ 2509624.732299999799579, 6349075.742700001224875, 0.0 ], [ 2509622.479799999855459, 6349115.610999999567866, 0.0 ], [ 2509648.438800000119954, 6349117.436900001019239, 0.0 ] ] ] ] } },
{ "type": "Feature", "properties": { "LAYER": "PARCELARIO_BASE_CATASTRO", "MAP_NAME": "1010_2025.dwg", "ccpp1": "1010 177", "LAYER_2": "PADRONES_2_VISTALBA" }, "geometry": { "type": "MultiPolygon", "coordinates": [ [ [ [ 2509728.392382938880473, 6349197.171687822788954, 0.0 ], [ 2509728.794861501082778, 6349189.64793557766825, 0.0 ], [ 2509688.909899999853224, 6349186.616699999198318, 0.0 ], [ 2509688.596100000198931, 6349195.578099999576807, 0.0 ], [ 2509687.983535297214985, 6349219.566985342651606, 0.0 ], [ 2509725.1812, 6349221.610399998724461, 0.0 ], [ 2509727.051200000103563, 6349197.034300000406802, 0.0 ], [ 2509728.392382938880473, 6349197.171687822788954, 0.0 ] ] ] ] } },
{ "type": "Feature", "properties": { "LAYER": "PARCELARIO_BASE_CATASTRO", "MAP_NAME": "1010_2025.dwg", "ccpp1": "1010 767", "LAYER_2": "PADRONES_2_VISTALBA" }, "geometry": { "type": "MultiPolygon", "coordinates": [ [ [ [ 2509684.4803, 6349250.6382, 0.0 ], [ 2509729.302199999801815, 6349260.260800000280142, 0.0 ], [ 2509730.154699999839067, 6349242.453700001351535, 0.0 ], [ 2509731.1875, 6349222.415799998678267, 0.0 ], [ 2509733.2097, 6349197.650899999774992, 0.0 ], [ 2509732.2075, 6349197.562499999068677, 0.0 ], [ 2509727.051200000103563, 6349197.034300000406802, 0.0 ], [ 2509725.1812, 6349221.610399998724461, 0.0 ], [ 2509685.416999633889645, 6349219.425995397381485, 0.0 ], [ 2509684.4803, 6349250.6382, 0.0 ] ] ] ] } },
{ "type": "Feature", "properties": { "LAYER": "PARCELARIO_BASE_CATASTRO", "MAP_NAME": "1010_2025.dwg", "ccpp1": "1010 444", "LAYER_2": "PADRONES_2_VISTALBA" }, "geometry": { "type": "MultiPolygon", "coordinates": [ [ [ [ 2509728.794861501082778, 6349189.64793557766825, 0.0 ], [ 2509729.812201853841543, 6349170.008121279068291, 0.0 ], [ 2509709.94918481586501, 6349168.355833659879863, 0.0 ], [ 2509689.608, 6349166.678399998694658, 0.0 ], [ 2509688.909899999853224, 6349186.616699999198318, 0.0 ], [ 2509728.794861501082778, 6349189.64793557766825, 0.0 ] ] ] ] } },
{ "type": "Feature", "properties": { "LAYER": "PARCELARIO_BASE_CATASTRO", "MAP_NAME": "1010_2025.dwg", "ccpp1": "1010 583", "LAYER_2": "PADRONES_2_VISTALBA" }, "geometry": { "type": "MultiPolygon", "coordinates": [ [ [ [ 2509555.0132, 6349220.0482, 0.0 ], [ 2509684.4803, 6349250.6382, 0.0 ], [ 2509685.416999633889645, 6349219.425995397381485, 0.0 ], [ 2509654.1053, 6349216.962000000290573, 0.0 ], [ 2509611.415, 6349214.17, 0.0 ], [ 2509555.421, 6349210.508000001311302, 0.0 ], [ 2509555.0132, 6349220.0482, 0.0 ] ] ] ] } },
{ "type": "Feature", "properties": { "LAYER": "PARCELARIO_BASE_CATASTRO", "MAP_NAME": "1010_2025.dwg", "ccpp1": "1010 1192", "LAYER_2": "PADRONES_2_VISTALBA" }, "geometry": { "type": "MultiPolygon", "coordinates": [ [ [ [ 2509648.923000000882894, 6349173.7319, 0.0 ], [ 2509613.546400000806898, 6349171.600399999879301, 0.0 ], [ 2509612.407800000160933, 6349194.3416, 0.0 ], [ 2509611.415, 6349214.17, 0.0 ], [ 2509654.1053, 6349216.962000000290573, 0.0 ], [ 2509656.003, 6349173.860199999064207, 0.0 ], [ 2509651.557899999897927, 6349173.921299998648465, 0.0 ], [ 2509648.923000000882894, 6349173.7319, 0.0 ] ] ] ] } },
{ "type": "Feature", "properties": { "LAYER": "PARCELARIO_BASE_CATASTRO", "MAP_NAME": "1010_2025.dwg", "ccpp1": "1010 241", "LAYER_2": "PADRONES_2_VISTALBA" }, "geometry": { "type": "MultiPolygon", "coordinates": [ [ [ [ 2509625.785300000105053, 6349132.9529, 0.0 ], [ 2509623.632300000172108, 6349172.208100001327693, 0.0 ], [ 2509647.6108, 6349173.652800000272691, 0.0 ], [ 2509648.9224, 6349173.747700000181794, 0.0 ], [ 2509648.923000000882894, 6349173.7319, 0.0 ], [ 2509649.0003, 6349171.849399999715388, 0.0 ], [ 2509650.519100000150502, 6349134.86089999973774, 0.0 ], [ 2509625.785300000105053, 6349132.9529, 0.0 ] ] ] ] } },
{ "type": "Feature", "properties": { "LAYER": "PARCELARIO_BASE_CATASTRO", "MAP_NAME": "1010_2025.dwg", "ccpp1": "1010 554", "LAYER_2": "PADRONES_2_VISTALBA" }, "geometry": { "type": "MultiPolygon", "coordinates": [ [ [ [ 2509610.2303, 6349279.163599999621511, 0.0 ], [ 2509610.838000000920147, 6349261.129300000146031, 0.0 ], [ 2509553.235999999102205, 6349249.840300000272691, 0.0 ], [ 2509552.846299999859184, 6349270.7467, 0.0 ], [ 2509610.2303, 6349279.163599999621511, 0.0 ] ] ] ] } },
{ "type": "Feature", "properties": { "LAYER": "PARCELARIO_BASE_CATASTRO", "MAP_NAME": "1010_2025.dwg", "ccpp1": "1010 559", "LAYER_2": "PADRONES_2_VISTALBA" }, "geometry": { "type": "MultiPolygon", "coordinates": [ [ [ [ 2509610.838000000920147, 6349261.129300000146031, 0.0 ], [ 2509611.501400000881404, 6349240.785699999891222, 0.0 ], [ 2509554.893999999854714, 6349228.385599999688566, 0.0 ], [ 2509554.775899999774992, 6349229.47819999884814, 0.0 ], [ 2509553.2357, 6349249.840400000102818, 0.0 ], [ 2509610.838000000920147, 6349261.129300000146031, 0.0 ] ] ] ] } },
{ "type": "Feature", "properties": { "LAYER": "PARCELARIO_BASE_CATASTRO", "MAP_NAME": "1010_2025.dwg", "ccpp1": "1010 555", "LAYER_2": "PADRONES_2_VISTALBA" }, "geometry": { "type": "MultiPolygon", "coordinates": [ [ [ [ 2509634.331600000150502, 6349282.921500000171363, 0.0 ], [ 2509635.5326, 6349246.787100001238286, 0.0 ], [ 2509611.501400000881404, 6349240.785699999891222, 0.0 ], [ 2509610.838000000920147, 6349261.129300000146031, 0.0 ], [ 2509610.2303, 6349279.163599999621511, 0.0 ], [ 2509634.331600000150502, 6349282.921500000171363, 0.0 ] ] ] ] } },
{ "type": "Feature", "properties": { "LAYER": "PARCELARIO_BASE_CATASTRO", "MAP_NAME": "1010_2025.dwg", "ccpp1": "1010 556", "LAYER_2": "PADRONES_2_VISTALBA" }, "geometry": { "type": "MultiPolygon", "coordinates": [ [ [ [ 2509660.9989, 6349287.019500001333654, 0.0 ], [ 2509661.608399999793619, 6349253.270399998873472, 0.0 ], [ 2509635.5326, 6349246.787100001238286, 0.0 ], [ 2509634.331600000150502, 6349282.921500000171363, 0.0 ], [ 2509660.9989, 6349287.019500001333654, 0.0 ] ] ] ] } },
{ "type": "Feature", "properties": { "LAYER": "PARCELARIO_BASE_CATASTRO", "MAP_NAME": "1010_2025.dwg", "ccpp1": "1010 161", "LAYER_2": "PADRONES_2_VISTALBA" }, "geometry": { "type": "MultiPolygon", "coordinates": [ [ [ [ 2509601.4189, 6349288.31969999987632, 0.0 ], [ 2509552.152199999894947, 6349279.787600001320243, 0.0 ], [ 2509549.646800000220537, 6349329.7248, 0.0 ], [ 2509600.513799999840558, 6349329.487099999561906, 0.0 ], [ 2509677.0499, 6349327.426900000311434, 0.0 ], [ 2509681.083000000100583, 6349302.1162, 0.0 ], [ 2509655.8289, 6349297.742600001394749, 0.0 ], [ 2509601.4189, 6349288.31969999987632, 0.0 ] ] ] ] } },
{ "type": "Feature", "properties": { "LAYER": "PARCELARIO_BASE_CATASTRO", "MAP_NAME": "1010_2025.dwg", "ccpp1": "1010 702", "LAYER_2": "PADRONES_2_VISTALBA" }, "geometry": { "type": "MultiPolygon", "coordinates": [ [ [ [ 2509597.942300000227988, 6349344.442000000737607, 0.0 ], [ 2509600.513799999840558, 6349329.487099999561906, 0.0 ], [ 2509549.646800000220537, 6349329.7248, 0.0 ], [ 2509542.3758, 6349383.910299999639392, 0.0 ], [ 2509590.1941, 6349385.195000000298023, 0.0 ], [ 2509590.931299999821931, 6349385.214800000190735, 0.0 ], [ 2509597.942300000227988, 6349344.442000000737607, 0.0 ] ] ] ] } },
{ "type": "Feature", "properties": { "LAYER": "PARCELARIO_BASE_CATASTRO", "MAP_NAME": "1010_2025.dwg", "ccpp1": "1010 132", "LAYER_2": "PADRONES_2_VISTALBA" }, "geometry": { "type": "MultiPolygon", "coordinates": [ [ [ [ 2509580.345600000116974, 6349438.3596, 0.0 ], [ 2509581.612200000789016, 6349438.340699998661876, 0.0 ], [ 2509587.2199, 6349406.798499999567866, 0.0 ], [ 2509590.931299999821931, 6349385.214800000190735, 0.0 ], [ 2509590.1941, 6349385.195000000298023, 0.0 ], [ 2509542.3758, 6349383.910299999639392, 0.0 ], [ 2509538.4748, 6349410.284000000916421, 0.0 ], [ 2509533.1675999998115, 6349435.170699998736382, 0.0 ], [ 2509535.89740000013262, 6349438.972900001332164, 0.0 ], [ 2509565.998000000137836, 6349438.574099998921156, 0.0 ], [ 2509580.345600000116974, 6349438.3596, 0.0 ] ] ] ] } },
{ "type": "Feature", "properties": { "LAYER": "PARCELARIO_BASE_CATASTRO", "MAP_NAME": "1010_2025.dwg", "ccpp1": "1010 134", "LAYER_2": "PADRONES_2_VISTALBA" }, "geometry": { "type": "MultiPolygon", "coordinates": [ [ [ [ 2509619.190099999774247, 6349406.299700000323355, 0.0 ], [ 2509643.357548630796373, 6349405.947699292562902, 0.0 ], [ 2509648.621249178890139, 6349374.279874353669584, 0.0 ], [ 2509626.500499953981489, 6349374.004480404779315, 0.0 ], [ 2509623.453099953010678, 6349376.61498040240258, 0.0 ], [ 2509619.190099999774247, 6349406.299700000323355, 0.0 ] ] ] ] } },
{ "type": "Feature", "properties": { "LAYER": "PARCELARIO_BASE_CATASTRO", "MAP_NAME": "1010_2025.dwg", "ccpp1": "1010 133", "LAYER_2": "PADRONES_2_VISTALBA" }, "geometry": { "type": "MultiPolygon", "coordinates": [ [ [ [ 2509660.5553611041978, 6349436.194771967828274, 0.0 ], [ 2509670.033200000878423, 6349377.963000001385808, 0.0 ], [ 2509651.500899999868125, 6349378.643299999646842, 0.0 ], [ 2509642.154853702988476, 6349436.693161177448928, 0.0 ], [ 2509660.5553611041978, 6349436.194771967828274, 0.0 ] ] ] ] } },
{ "type": "Feature", "properties": { "LAYER": "PARCELARIO_BASE_CATASTRO", "MAP_NAME": "1010_2025.dwg", "ccpp1": "1010 63", "LAYER_2": "PADRONES_2_VISTALBA" }, "geometry": { "type": "MultiPolygon", "coordinates": [ [ [ [ 2509733.972593742888421, 6349434.206220474094152, 0.0 ], [ 2509732.9529, 6349402.327499998733401, 0.0 ], [ 2509729.9775, 6349300.604600000195205, 0.0 ], [ 2509722.250700000207871, 6349300.729700000956655, 0.0 ], [ 2509724.033100000116974, 6349359.728400001302361, 0.0 ], [ 2509724.245800000149757, 6349371.561999998986721, 0.0 ], [ 2509726.148727721069008, 6349434.418134761042893, 0.0 ], [ 2509733.972593742888421, 6349434.206220474094152, 0.0 ] ] ] ] } },
{ "type": "Feature", "properties": { "LAYER": "PARCELARIO_BASE_CATASTRO", "MAP_NAME": "1010_2025.dwg", "ccpp1": "1010 65", "LAYER_2": "PADRONES_2_VISTALBA" }, "geometry": { "type": "MultiPolygon", "coordinates": [ [ [ [ 2509726.148727721069008, 6349434.418134761042893, 0.0 ], [ 2509724.245800000149757, 6349371.561999998986721, 0.0 ], [ 2509724.033100000116974, 6349359.728400001302361, 0.0 ], [ 2509722.250700000207871, 6349300.729700000956655, 0.0 ], [ 2509706.787700000219047, 6349301.166600000113249, 0.0 ], [ 2509709.4983, 6349385.452399999834597, 0.0 ], [ 2509709.4814, 6349408.6617, 0.0 ], [ 2509710.667409556917846, 6349434.837455909699202, 0.0 ], [ 2509718.316674114204943, 6349434.630270812660456, 0.0 ], [ 2509726.148727721069008, 6349434.418134761042893, 0.0 ] ] ] ] } },
{ "type": "Feature", "properties": { "LAYER": "PARCELARIO_BASE_CATASTRO", "MAP_NAME": "1010_2025.dwg", "ccpp1": "1010 55", "LAYER_2": "PADRONES_2_VISTALBA" }, "geometry": { "type": "MultiPolygon", "coordinates": [ [ [ [ 2509710.667409556917846, 6349434.837455909699202, 0.0 ], [ 2509709.4814, 6349408.6617, 0.0 ], [ 2509709.4983, 6349385.452399999834597, 0.0 ], [ 2509706.787700000219047, 6349301.166600000113249, 0.0 ], [ 2509696.082299999892712, 6349301.713000000454485, 0.0 ], [ 2509681.083000000100583, 6349302.1162, 0.0 ], [ 2509676.7898, 6349329.059500000439584, 0.0 ], [ 2509670.033200000878423, 6349377.963000001385808, 0.0 ], [ 2509660.5553611041978, 6349436.194771967828274, 0.0 ], [ 2509710.667409556917846, 6349434.837455909699202, 0.0 ] ] ] ] } },
{ "type": "Feature", "properties": { "LAYER": "PARCELARIO_BASE_CATASTRO", "MAP_NAME": "1010_2025.dwg", "ccpp1": "1010 418", "LAYER_2": "PADRONES_2_VISTALBA" }, "geometry": { "type": "MultiPolygon", "coordinates": [ [ [ [ 2509560.926400000229478, 6349503.392000000923872, 0.0 ], [ 2509583.706799999810755, 6349502.612800001166761, 0.0 ], [ 2509574.682899999897927, 6349453.7347999997437, 0.0 ], [ 2509572.923700000159442, 6349453.726099998690188, 0.0 ], [ 2509551.735400000121444, 6349453.1892, 0.0 ], [ 2509560.926400000229478, 6349503.392000000923872, 0.0 ] ] ] ] } },
{ "type": "Feature", "properties": { "LAYER": "PARCELARIO_BASE_CATASTRO", "MAP_NAME": "1010_2025.dwg", "ccpp1": "1010 333", "LAYER_2": "PADRONES_2_VISTALBA" }, "geometry": { "type": "MultiPolygon", "coordinates": [ [ [ [ 2509583.706799999810755, 6349502.612800001166761, 0.0 ], [ 2509613.547600000165403, 6349501.185400001704693, 0.0 ], [ 2509611.80959999980405, 6349491.757000000216067, 0.0 ], [ 2509604.561800001189113, 6349452.676000000908971, 0.0 ], [ 2509574.683199999853969, 6349453.734099999070168, 0.0 ], [ 2509583.706799999810755, 6349502.612800001166761, 0.0 ] ] ] ] } },
{ "type": "Feature", "properties": { "LAYER": "PARCELARIO_BASE_CATASTRO", "MAP_NAME": "1010_2025.dwg", "ccpp1": "1010 430", "LAYER_2": "PADRONES_2_VISTALBA" }, "geometry": { "type": "MultiPolygon", "coordinates": [ [ [ [ 2509613.547600000165403, 6349501.185400001704693, 0.0 ], [ 2509629.794300000183284, 6349500.415500000119209, 0.0 ], [ 2509619.9855, 6349452.102000000886619, 0.0 ], [ 2509604.561800001189113, 6349452.676000000908971, 0.0 ], [ 2509613.547600000165403, 6349501.185400001704693, 0.0 ] ] ] ] } },
{ "type": "Feature", "properties": { "LAYER": "PARCELARIO_BASE_CATASTRO", "MAP_NAME": "1010_2025.dwg", "ccpp1": "1010 205", "LAYER_2": "PADRONES_2_VISTALBA" }, "geometry": { "type": "MultiPolygon", "coordinates": [ [ [ [ 2509718.605200000107288, 6349507.267400000244379, 0.0 ], [ 2509733.592499999795109, 6349506.62459999974817, 0.0 ], [ 2509717.497599999886006, 6349448.592199998907745, 0.0 ], [ 2509701.4753, 6349449.06290000025183, 0.0 ], [ 2509718.605200000107288, 6349507.267400000244379, 0.0 ] ] ] ] } },
{ "type": "Feature", "properties": { "LAYER": "PARCELARIO_BASE_CATASTRO", "MAP_NAME": "1010_2025.dwg", "ccpp1": "1010 48", "LAYER_2": "PADRONES_2_VISTALBA" }, "geometry": { "type": "MultiPolygon", "coordinates": [ [ [ [ 2509555.835700000170618, 6349650.056300000287592, 0.0 ], [ 2509643.416199999861419, 6349645.434399998746812, 0.0 ], [ 2509658.9879, 6349644.615399998612702, 0.0 ], [ 2509649.469200000166893, 6349597.7966, 0.0 ], [ 2509548.1543, 6349603.27409999910742, 0.0 ], [ 2509555.835700000170618, 6349650.056300000287592, 0.0 ] ] ] ] } },
{ "type": "Feature", "properties": { "LAYER": "PARCELARIO_BASE_CATASTRO", "MAP_NAME": "1010_2025.dwg", "ccpp1": "1010 446", "LAYER_2": "PADRONES_2_VISTALBA" }, "geometry": { "type": "MultiPolygon", "coordinates": [ [ [ [ 2509582.202699999790639, 6349787.94099999871105, 0.0 ], [ 2509605.408300001174212, 6349786.6436, 0.0 ], [ 2509603.3125, 6349749.534799998626113, 0.0 ], [ 2509574.439500000793487, 6349751.240799998864532, 0.0 ], [ 2509582.202699999790639, 6349787.94099999871105, 0.0 ] ] ] ] } },
{ "type": "Feature", "properties": { "LAYER": "PARCELARIO_BASE_CATASTRO", "MAP_NAME": "1010_2025.dwg", "ccpp1": "1010 449", "LAYER_2": "PADRONES_2_VISTALBA" }, "geometry": { "type": "MultiPolygon", "coordinates": [ [ [ [ 2509605.408300001174212, 6349786.6436, 0.0 ], [ 2509633.347800000105053, 6349785.067699999548495, 0.0 ], [ 2509631.231700000818819, 6349747.869800000451505, 0.0 ], [ 2509603.3125, 6349749.534799998626113, 0.0 ], [ 2509605.408300001174212, 6349786.6436, 0.0 ] ] ] ] } },
{ "type": "Feature", "properties": { "LAYER": "PARCELARIO_BASE_CATASTRO", "MAP_NAME": "1010_2025.dwg", "ccpp1": "1010 448", "LAYER_2": "PADRONES_2_VISTALBA" }, "geometry": { "type": "MultiPolygon", "coordinates": [ [ [ [ 2509633.347800000105053, 6349785.067699999548495, 0.0 ], [ 2509644.75290000019595, 6349784.4238, 0.0 ], [ 2509644.5839, 6349781.422399999573827, 0.0 ], [ 2509662.545800000894815, 6349780.442200000397861, 0.0 ], [ 2509660.668200000189245, 6349746.1266, 0.0 ], [ 2509631.231700000818819, 6349747.869800000451505, 0.0 ], [ 2509633.347800000105053, 6349785.067699999548495, 0.0 ] ] ] ] } },
{ "type": "Feature", "properties": { "LAYER": "PARCELARIO_BASE_CATASTRO", "MAP_NAME": "1010_2025.dwg", "ccpp1": "1010 450", "LAYER_2": "PADRONES_2_VISTALBA" }, "geometry": { "type": "MultiPolygon", "coordinates": [ [ [ [ 2509590.9273, 6349836.886800001375377, 0.0 ], [ 2509613.808400000911206, 6349835.688900001347065, 0.0 ], [ 2509611.702, 6349798.282100000418723, 0.0 ], [ 2509584.708800000138581, 6349799.787499999627471, 0.0 ], [ 2509586.516900000162423, 6349808.333999999798834, 0.0 ], [ 2509590.9273, 6349836.886800001375377, 0.0 ] ] ] ] } },
{ "type": "Feature", "properties": { "LAYER": "PARCELARIO_BASE_CATASTRO", "MAP_NAME": "1010_2025.dwg", "ccpp1": "1010 451", "LAYER_2": "PADRONES_2_VISTALBA" }, "geometry": { "type": "MultiPolygon", "coordinates": [ [ [ [ 2509613.808400000911206, 6349835.688900001347065, 0.0 ], [ 2509640.75870000012219, 6349834.191599999554455, 0.0 ], [ 2509638.661500000860542, 6349796.775500000454485, 0.0 ], [ 2509611.702, 6349798.282100000418723, 0.0 ], [ 2509613.808400000911206, 6349835.688900001347065, 0.0 ] ] ] ] } },
{ "type": "Feature", "properties": { "LAYER": "PARCELARIO_BASE_CATASTRO", "MAP_NAME": "1010_2025.dwg", "ccpp1": "1010 452", "LAYER_2": "PADRONES_2_VISTALBA" }, "geometry": { "type": "MultiPolygon", "coordinates": [ [ [ [ 2509640.75870000012219, 6349834.191599999554455, 0.0 ], [ 2509665.4183, 6349832.833899999037385, 0.0 ], [ 2509663.5296, 6349798.409900000318885, 0.0 ], [ 2509645.567799999844283, 6349799.400399999693036, 0.0 ], [ 2509645.3988, 6349796.399000000208616, 0.0 ], [ 2509638.661500000860542, 6349796.775500000454485, 0.0 ], [ 2509640.75870000012219, 6349834.191599999554455, 0.0 ] ] ] ] } },
{ "type": "Feature", "properties": { "LAYER": "PARCELARIO_BASE_CATASTRO", "MAP_NAME": "1010_2025.dwg", "ccpp1": "1010 332", "LAYER_2": "PADRONES_2_VISTALBA" }, "geometry": { "type": "MultiPolygon", "coordinates": [ [ [ [ 2509665.4183, 6349832.833899999037385, 0.0 ], [ 2509672.355100001208484, 6349832.447499999776483, 0.0 ], [ 2509693.4249, 6349831.298899998888373, 0.0 ], [ 2509690.028800000902265, 6349788.621899999678135, 0.0 ], [ 2509689.959200000856072, 6349787.85149999987334, 0.0 ], [ 2509663.0326, 6349789.326100000180304, 0.0 ], [ 2509663.5296, 6349798.409900000318885, 0.0 ], [ 2509665.4183, 6349832.833899999037385, 0.0 ] ] ] ] } },
{ "type": "Feature", "properties": { "LAYER": "PARCELARIO_BASE_CATASTRO", "MAP_NAME": "1010_2025.dwg", "ccpp1": "1010 447", "LAYER_2": "PADRONES_2_VISTALBA" }, "geometry": { "type": "MultiPolygon", "coordinates": [ [ [ [ 2509663.0326, 6349789.326100000180304, 0.0 ], [ 2509689.959200000856072, 6349787.85149999987334, 0.0 ], [ 2509686.534599999897182, 6349744.582499999552965, 0.0 ], [ 2509660.668200000189245, 6349746.1266, 0.0 ], [ 2509662.545800000894815, 6349780.442200000397861, 0.0 ], [ 2509663.0326, 6349789.326100000180304, 0.0 ] ] ] ] } },
{ "type": "Feature", "properties": { "LAYER": "PARCELARIO_BASE_CATASTRO", "MAP_NAME": "1010_2025.dwg", "ccpp1": "1010 473", "LAYER_2": "PADRONES_2_VISTALBA" }, "geometry": { "type": "MultiPolygon", "coordinates": [ [ [ [ 2509693.4249, 6349831.298899998888373, 0.0 ], [ 2509712.764600000809878, 6349829.939700000919402, 0.0 ], [ 2509711.1919, 6349805.530899998731911, 0.0 ], [ 2509710.247600000817329, 6349787.553899998776615, 0.0 ], [ 2509690.028800000902265, 6349788.621899999678135, 0.0 ], [ 2509693.4249, 6349831.298899998888373, 0.0 ] ] ] ] } },
{ "type": "Feature", "properties": { "LAYER": "PARCELARIO_BASE_CATASTRO", "MAP_NAME": "1010_2025.dwg", "ccpp1": "1010 467", "LAYER_2": "PADRONES_2_VISTALBA" }, "geometry": { "type": "MultiPolygon", "coordinates": [ [ [ [ 2509690.028800000902265, 6349788.621899999678135, 0.0 ], [ 2509710.247600000817329, 6349787.553899998776615, 0.0 ], [ 2509720.2316, 6349787.030299998819828, 0.0 ], [ 2509717.885900000110269, 6349742.812999999150634, 0.0 ], [ 2509686.534599999897182, 6349744.582499999552965, 0.0 ], [ 2509689.959200000856072, 6349787.85149999987334, 0.0 ], [ 2509690.028800000902265, 6349788.621899999678135, 0.0 ] ] ] ] } },
{ "type": "Feature", "properties": { "LAYER": "PARCELARIO_BASE_CATASTRO", "MAP_NAME": "1010_2025.dwg", "ccpp1": "1010 468", "LAYER_2": "PADRONES_2_VISTALBA" }, "geometry": { "type": "MultiPolygon", "coordinates": [ [ [ [ 2509740.3586, 6349788.983799999579787, 0.0 ], [ 2509737.8426, 6349741.5066, 0.0 ], [ 2509717.885900000110269, 6349742.812999999150634, 0.0 ], [ 2509720.2316, 6349787.030299998819828, 0.0 ], [ 2509730.2056, 6349786.506699999794364, 0.0 ], [ 2509730.374600000213832, 6349789.507699999026954, 0.0 ], [ 2509740.3586, 6349788.983799999579787, 0.0 ] ] ] ] } },
{ "type": "Feature", "properties": { "LAYER": "PARCELARIO_BASE_CATASTRO", "MAP_NAME": "1010_2025.dwg", "ccpp1": "1010 863", "LAYER_2": "PADRONES_2_VISTALBA" }, "geometry": { "type": "MultiPolygon", "coordinates": [ [ [ [ 2509669.94620000012219, 6349944.002399999648333, 0.0 ], [ 2509714.6099, 6349977.131500001065433, 0.0 ], [ 2509726.625, 6349976.50690000038594, 0.0 ], [ 2509724.554, 6349936.33600000012666, 0.0 ], [ 2509686.7604, 6349938.518600000999868, 0.0 ], [ 2509669.5375, 6349939.420800001360476, 0.0 ], [ 2509669.94620000012219, 6349944.002399999648333, 0.0 ] ] ] ] } },
{ "type": "Feature", "properties": { "LAYER": "PARCELARIO_BASE_CATASTRO", "MAP_NAME": "1010_2025.dwg", "ccpp1": "1010 857", "LAYER_2": "PADRONES_2_VISTALBA" }, "geometry": { "type": "MultiPolygon", "coordinates": [ [ [ [ 2509686.7604, 6349938.518600000999868, 0.0 ], [ 2509724.554, 6349936.33600000012666, 0.0 ], [ 2509736.438800000119954, 6349935.6513, 0.0 ], [ 2509734.56540000019595, 6349906.653199998661876, 0.0 ], [ 2509705.62900000018999, 6349908.1694, 0.0 ], [ 2509684.158799999859184, 6349909.278800001367927, 0.0 ], [ 2509686.7604, 6349938.518600000999868, 0.0 ] ] ] ] } },
{ "type": "Feature", "properties": { "LAYER": "PARCELARIO_BASE_CATASTRO", "MAP_NAME": "1010_2025.dwg", "ccpp1": "1010 1182", "LAYER_2": "PADRONES_2_VISTALBA" }, "geometry": { "type": "MultiPolygon", "coordinates": [ [ [ [ 2509710.065599999856204, 6349871.191000000573695, 0.0 ], [ 2509708.552500000223517, 6349847.787100001238286, 0.0 ], [ 2509673.489099999889731, 6349849.964200000278652, 0.0 ], [ 2509674.2659, 6349861.9589, 0.0 ], [ 2509679.9633, 6349861.681699999608099, 0.0 ], [ 2509680.591099999845028, 6349868.734400001354516, 0.0 ], [ 2509680.939900000113994, 6349872.69579999987036, 0.0 ], [ 2509710.065599999856204, 6349871.191000000573695, 0.0 ] ] ] ] } },
{ "type": "Feature", "properties": { "LAYER": "PARCELARIO_BASE_CATASTRO", "MAP_NAME": "1010_2025.dwg", "ccpp1": "1010 516", "LAYER_2": "PADRONES_2_VISTALBA" }, "geometry": { "type": "MultiPolygon", "coordinates": [ [ [ [ 2509680.591099999845028, 6349868.734400001354516, 0.0 ], [ 2509679.9633, 6349861.681699999608099, 0.0 ], [ 2509674.2659, 6349861.9589, 0.0 ], [ 2509673.489099999889731, 6349849.964200000278652, 0.0 ], [ 2509672.355100001208484, 6349832.447499999776483, 0.0 ], [ 2509665.4183, 6349832.833899999037385, 0.0 ], [ 2509640.75870000012219, 6349834.191599999554455, 0.0 ], [ 2509613.808400000911206, 6349835.688900001347065, 0.0 ], [ 2509590.9273, 6349836.886800001375377, 0.0 ], [ 2509595.386400000192225, 6349865.750600000843406, 0.0 ], [ 2509596.474899999797344, 6349872.795099999755621, 0.0 ], [ 2509663.3786, 6349869.5658, 0.0 ], [ 2509680.591099999845028, 6349868.734400001354516, 0.0 ] ] ] ] } },
{ "type": "Feature", "properties": { "LAYER": "PARCELARIO_BASE_CATASTRO", "MAP_NAME": "1010_2025.dwg", "ccpp1": "1010 860", "LAYER_2": "PADRONES_2_VISTALBA" }, "geometry": { "type": "MultiPolygon", "coordinates": [ [ [ [ 2509705.62900000018999, 6349908.1694, 0.0 ], [ 2509704.8224, 6349895.715300000272691, 0.0 ], [ 2509711.62900000018999, 6349895.358799998648465, 0.0 ], [ 2509710.065599999856204, 6349871.191000000573695, 0.0 ], [ 2509680.939900000113994, 6349872.69579999987036, 0.0 ], [ 2509684.158799999859184, 6349909.278800001367927, 0.0 ], [ 2509705.62900000018999, 6349908.1694, 0.0 ] ] ] ] } },
{ "type": "Feature", "properties": { "LAYER": "PARCELARIO_BASE_CATASTRO", "MAP_NAME": "1010_2025.dwg", "ccpp1": "1010 172", "LAYER_2": "PADRONES_2_VISTALBA" }, "geometry": { "type": "MultiPolygon", "coordinates": [ [ [ [ 2509672.049000000115484, 6349119.0976, 0.0 ], [ 2509673.771799998823553, 6349079.149599997326732, 0.0 ], [ 2509650.6834, 6349077.545600001700222, 0.0 ], [ 2509648.438800000119954, 6349117.436900001019239, 0.0 ], [ 2509672.049000000115484, 6349119.0976, 0.0 ] ] ] ] } },
{ "type": "Feature", "properties": { "LAYER": "PARCELARIO_BASE_CATASTRO", "MAP_NAME": "1010_2025.dwg", "ccpp1": "1010 220", "LAYER_2": "PADRONES_2_VISTALBA" }, "geometry": { "type": "MultiPolygon", "coordinates": [ [ [ [ 2509583.0929, 6349581.249099999666214, 0.0 ], [ 2509582.764899999834597, 6349553.602900000289083, 0.0 ], [ 2509578.3599, 6349553.8218, 0.0 ], [ 2509541.557200000155717, 6349554.9682, 0.0 ], [ 2509545.3213, 6349582.529799999669194, 0.0 ], [ 2509583.0929, 6349581.249099999666214, 0.0 ] ] ] ] } },
{ "type": "Feature", "properties": { "LAYER": "PARCELARIO_BASE_CATASTRO", "MAP_NAME": "1010_2025.dwg", "ccpp1": "1010 1247", "LAYER_2": "PADRONES_2_VISTALBA" }, "geometry": { "type": "MultiPolygon", "coordinates": [ [ [ [ 2509729.2618, 6348962.963899999856949, 0.0 ], [ 2509731.0608, 6348918.715499999001622, 0.0 ], [ 2509713.6916, 6348917.8383, 0.0 ], [ 2509713.367100000847131, 6348942.324099999852479, 0.0 ], [ 2509713.004800000227988, 6348962.4068, 0.0 ], [ 2509729.2618, 6348962.963899999856949, 0.0 ] ] ] ] } },
{ "type": "Feature", "properties": { "LAYER": "PARCELARIO_BASE_CATASTRO", "MAP_NAME": "1010_2025.dwg", "ccpp1": "1010 1075", "LAYER_2": "PADRONES_2_VISTALBA" }, "geometry": { "type": "MultiPolygon", "coordinates": [ [ [ [ 2508741.890000000130385, 6345942.339999999850988, 0.0 ], [ 2508735.779999999795109, 6345880.75, 0.0 ], [ 2508718.589999999850988, 6345882.400000000372529, 0.0 ], [ 2508725.360100001096725, 6345943.840699999593198, 0.0 ], [ 2508741.890000000130385, 6345942.339999999850988, 0.0 ] ] ] ] } },
{ "type": "Feature", "properties": { "LAYER": "PARCELARIO_BASE_CATASTRO", "MAP_NAME": "1010_2025.dwg", "ccpp1": "1010 1166", "LAYER_2": "PADRONES_2_VISTALBA" }, "geometry": { "type": "MultiPolygon", "coordinates": [ [ [ [ 2508529.070500000845641, 6347725.438699999824166, 0.0 ], [ 2508492.260600000154227, 6347721.437800000421703, 0.0 ], [ 2508492.23119999980554, 6347721.860299999825656, 0.0 ], [ 2508490.3106, 6347749.4381, 0.0 ], [ 2508526.510600000154227, 6347753.258100000210106, 0.0 ], [ 2508528.9836, 6347726.382999999448657, 0.0 ], [ 2508529.070500000845641, 6347725.438699999824166, 0.0 ] ] ] ] } },
{ "type": "Feature", "properties": { "LAYER": "PARCELARIO_BASE_CATASTRO", "MAP_NAME": "1010_2025.dwg", "ccpp1": "1010 1170", "LAYER_2": "PADRONES_2_VISTALBA" }, "geometry": { "type": "MultiPolygon", "coordinates": [ [ [ [ 2509572.657700000796467, 6349790.248899999074638, 0.0 ], [ 2509565.572800000198185, 6349756.308299998752773, 0.0 ], [ 2509534.128200000151992, 6349762.215400001034141, 0.0 ], [ 2509520.9699, 6349764.679999998770654, 0.0 ], [ 2509522.3267, 6349797.9786, 0.0 ], [ 2509540.283299999777228, 6349797.016900001093745, 0.0 ], [ 2509540.0153, 6349791.994199999608099, 0.0 ], [ 2509572.657700000796467, 6349790.248899999074638, 0.0 ] ] ] ] } },
{ "type": "Feature", "properties": { "LAYER": "PARCELARIO_BASE_CATASTRO", "MAP_NAME": "1010_2025.dwg", "ccpp1": "1010 1047", "LAYER_2": "PADRONES_2_VISTALBA" }, "geometry": { "type": "MultiPolygon", "coordinates": [ [ [ [ 2508545.6711, 6348675.397300000302494, 0.0 ], [ 2508551.645, 6348654.813799999654293, 0.0 ], [ 2508550.824500000104308, 6348654.043899999000132, 0.0 ], [ 2508493.00760000012815, 6348599.886699999682605, 0.0 ], [ 2508486.347500000149012, 6348621.243700001388788, 0.0 ], [ 2508545.6711, 6348675.397300000302494, 0.0 ] ] ] ] } },
{ "type": "Feature", "properties": { "LAYER": "PARCELARIO_BASE_CATASTRO", "MAP_NAME": "1010_2025.dwg", "ccpp1": "1010 1302", "LAYER_2": "PADRONES_2_VISTALBA" }, "geometry": { "type": "MultiPolygon", "coordinates": [ [ [ [ 2509028.517824632115662, 6348672.456996402703226, 0.0 ], [ 2509057.94579999987036, 6348674.0614, 0.0 ], [ 2509060.620399999897927, 6348594.28899999987334, 0.0 ], [ 2509031.821100001223385, 6348594.070899998769164, 0.0 ], [ 2509028.517824632115662, 6348672.456996402703226, 0.0 ] ] ] ] } },
{ "type": "Feature", "properties": { "LAYER": "PARCELARIO_BASE_CATASTRO", "MAP_NAME": "1010_2025.dwg", "ccpp1": "1010 595", "LAYER_2": "PADRONES_2_VISTALBA" }, "geometry": { "type": "MultiPolygon", "coordinates": [ [ [ [ 2509146.5874, 6348637.564699999056756, 0.0 ], [ 2509176.201999999117106, 6348638.1332, 0.0 ], [ 2509178.3372, 6348598.494199999608099, 0.0 ], [ 2509148.0507, 6348597.388600000180304, 0.0 ], [ 2509146.5874, 6348637.564699999056756, 0.0 ] ] ] ] } },
{ "type": "Feature", "properties": { "LAYER": "PARCELARIO_BASE_CATASTRO", "MAP_NAME": "1010_2025.dwg", "ccpp1": "1010 596", "LAYER_2": "PADRONES_2_VISTALBA" }, "geometry": { "type": "MultiPolygon", "coordinates": [ [ [ [ 2509145.444199999794364, 6348677.592199999839067, 0.0 ], [ 2509174.625700000207871, 6348678.851399999111891, 0.0 ], [ 2509176.201999999117106, 6348638.1332, 0.0 ], [ 2509146.5874, 6348637.564699999056756, 0.0 ], [ 2509145.444199999794364, 6348677.592199999839067, 0.0 ] ] ] ] } },
{ "type": "Feature", "properties": { "LAYER": "PARCELARIO_BASE_CATASTRO", "MAP_NAME": "1010_2025.dwg", "ccpp1": "1010 567", "LAYER_2": "PADRONES_2_VISTALBA" }, "geometry": { "type": "MultiPolygon", "coordinates": [ [ [ [ 2509220.6604, 6348639.782100000418723, 0.0 ], [ 2509222.75987964682281, 6348600.044573251157999, 0.0 ], [ 2509196.338200000114739, 6348599.122000000439584, 0.0 ], [ 2509193.370900000911206, 6348603.261199999600649, 0.0 ], [ 2509192.312599999830127, 6348639.6146, 0.0 ], [ 2509220.6604, 6348639.782100000418723, 0.0 ] ] ] ] } },
{ "type": "Feature", "properties": { "LAYER": "PARCELARIO_BASE_CATASTRO", "MAP_NAME": "1010_2025.dwg", "ccpp1": "1010 533", "LAYER_2": "PADRONES_2_VISTALBA" }, "geometry": { "type": "MultiPolygon", "coordinates": [ [ [ [ 2509277.721400000154972, 6348682.947000000625849, 0.0 ], [ 2509277.658799999859184, 6348684.4704, 0.0 ], [ 2509281.285078600980341, 6348602.362378190271556, 0.0 ], [ 2509251.210993853863329, 6348601.171338032931089, 0.0 ], [ 2509248.072000000160187, 6348681.446499998681247, 0.0 ], [ 2509277.721400000154972, 6348682.947000000625849, 0.0 ] ] ] ] } },
{ "type": "Feature", "properties": { "LAYER": "PARCELARIO_BASE_CATASTRO", "MAP_NAME": "1010_2025.dwg", "ccpp1": "1010 955", "LAYER_2": "PADRONES_2_VISTALBA" }, "geometry": { "type": "MultiPolygon", "coordinates": [ [ [ [ 2509306.600999999791384, 6348685.598100000992417, 0.0 ], [ 2509308.425540827214718, 6348603.437236515805125, 0.0 ], [ 2509281.285078600980341, 6348602.362378190271556, 0.0 ], [ 2509277.659099999815226, 6348684.4715, 0.0 ], [ 2509306.600999999791384, 6348685.598100000992417, 0.0 ] ] ] ] } },
{ "type": "Feature", "properties": { "LAYER": "PARCELARIO_BASE_CATASTRO", "MAP_NAME": "1010_2025.dwg", "ccpp1": "1010 476", "LAYER_2": "PADRONES_2_VISTALBA" }, "geometry": { "type": "MultiPolygon", "coordinates": [ [ [ [ 2509335.271499999798834, 6348686.55379999987781, 0.0 ], [ 2509336.1911, 6348658.527700000442564, 0.0 ], [ 2509337.445500000845641, 6348632.9161, 0.0 ], [ 2509338.445192139130086, 6348604.626120913773775, 0.0 ], [ 2509308.425540827214718, 6348603.437236515805125, 0.0 ], [ 2509306.600999999791384, 6348685.598100000992417, 0.0 ], [ 2509335.271499999798834, 6348686.55379999987781, 0.0 ] ] ] ] } },
{ "type": "Feature", "properties": { "LAYER": "PARCELARIO_BASE_CATASTRO", "MAP_NAME": "1010_2025.dwg", "ccpp1": "1010 1179", "LAYER_2": "PADRONES_2_VISTALBA" }, "geometry": { "type": "MultiPolygon", "coordinates": [ [ [ [ 2509381.637273340951651, 6348651.901294304989278, 0.0 ], [ 2509411.147800000850111, 6348652.299200000241399, 0.0 ], [ 2509412.059900000225753, 6348608.072599999606609, 0.0 ], [ 2509387.107299999799579, 6348607.045400000177324, 0.0 ], [ 2509383.13260000012815, 6348611.014300000853837, 0.0 ], [ 2509381.637273340951651, 6348651.901294304989278, 0.0 ] ] ] ] } },
{ "type": "Feature", "properties": { "LAYER": "PARCELARIO_BASE_CATASTRO", "MAP_NAME": "1010_2025.dwg", "ccpp1": "1010 1303", "LAYER_2": "PADRONES_2_VISTALBA" }, "geometry": { "type": "MultiPolygon", "coordinates": [ [ [ [ 2509086.5608, 6348675.257500000298023, 0.0 ], [ 2509089.6724, 6348595.028, 0.0 ], [ 2509060.620399999897927, 6348594.28899999987334, 0.0 ], [ 2509057.946000000927597, 6348674.0614, 0.0 ], [ 2509071.8103, 6348674.767300000414252, 0.0 ], [ 2509086.5608, 6348675.257500000298023, 0.0 ] ] ] ] } },
{ "type": "Feature", "properties": { "LAYER": "PARCELARIO_BASE_CATASTRO", "MAP_NAME": "1010_2025.dwg", "ccpp1": "1010 1304", "LAYER_2": "PADRONES_2_VISTALBA" }, "geometry": { "type": "MultiPolygon", "coordinates": [ [ [ [ 2509115.8638, 6348676.175499998964369, 0.0 ], [ 2509119.0433, 6348595.848999999463558, 0.0 ], [ 2509089.6724, 6348595.028, 0.0 ], [ 2509086.561200000811368, 6348675.2577, 0.0 ], [ 2509115.8638, 6348676.175499998964369, 0.0 ] ] ] ] } },
{ "type": "Feature", "properties": { "LAYER": "PARCELARIO_BASE_CATASTRO", "MAP_NAME": "1010_2025.dwg", "ccpp1": "1010 566", "LAYER_2": "PADRONES_2_VISTALBA" }, "geometry": { "type": "MultiPolygon", "coordinates": [ [ [ [ 2509190.023699999786913, 6348679.368300000205636, 0.0 ], [ 2509219.008, 6348680.6447, 0.0 ], [ 2509220.6604, 6348639.782100000418723, 0.0 ], [ 2509192.312599999830127, 6348639.6146, 0.0 ], [ 2509190.023699999786913, 6348679.368300000205636, 0.0 ] ] ] ] } },
{ "type": "Feature", "properties": { "LAYER": "PARCELARIO_BASE_CATASTRO", "MAP_NAME": "1010_2025.dwg", "ccpp1": "1010 576", "LAYER_2": "PADRONES_2_VISTALBA" }, "geometry": { "type": "MultiPolygon", "coordinates": [ [ [ [ 2509248.072499999776483, 6348681.446499998681247, 0.0 ], [ 2509251.210993853863329, 6348601.171338032931089, 0.0 ], [ 2509222.75987964682281, 6348600.044573251157999, 0.0 ], [ 2509220.6604, 6348639.782100000418723, 0.0 ], [ 2509219.0079, 6348680.6447, 0.0 ], [ 2509248.072499999776483, 6348681.446499998681247, 0.0 ] ] ] ] } },
{ "type": "Feature", "properties": { "LAYER": "PARCELARIO_BASE_CATASTRO", "MAP_NAME": "1010_2025.dwg", "ccpp1": "1010 941", "LAYER_2": "PADRONES_2_VISTALBA" }, "geometry": { "type": "MultiPolygon", "coordinates": [ [ [ [ 2508528.588000000920147, 6348734.158300000242889, 0.0 ], [ 2508530.5789, 6348727.280500001274049, 0.0 ], [ 2508533.137200000230223, 6348718.513500000350177, 0.0 ], [ 2508473.1977, 6348663.4814, 0.0 ], [ 2508468.3964, 6348678.886699999682605, 0.0 ], [ 2508501.313, 6348709.1223, 0.0 ], [ 2508528.588000000920147, 6348734.158300000242889, 0.0 ] ] ] ] } },
{ "type": "Feature", "properties": { "LAYER": "PARCELARIO_BASE_CATASTRO", "MAP_NAME": "1010_2025.dwg", "ccpp1": "1010 398", "LAYER_2": "PADRONES_2_VISTALBA" }, "geometry": { "type": "MultiPolygon", "coordinates": [ [ [ [ 2508522.814499999862164, 6348753.981800000183284, 0.0 ], [ 2508528.588000000920147, 6348734.158300000242889, 0.0 ], [ 2508501.313, 6348709.1223, 0.0 ], [ 2508487.955, 6348722.866899999789894, 0.0 ], [ 2508522.814499999862164, 6348753.981800000183284, 0.0 ] ] ] ] } },
{ "type": "Feature", "properties": { "LAYER": "PARCELARIO_BASE_CATASTRO", "MAP_NAME": "1010_2025.dwg", "ccpp1": "1010 399", "LAYER_2": "PADRONES_2_VISTALBA" }, "geometry": { "type": "MultiPolygon", "coordinates": [ [ [ [ 2508513.965800000820309, 6348784.441499998793006, 0.0 ], [ 2508521.0726, 6348759.929799999110401, 0.0 ], [ 2508486.362700000870973, 6348728.964999999850988, 0.0 ], [ 2508480.6809, 6348751.247999999672174, 0.0 ], [ 2508479.391200000885874, 6348756.292399999685585, 0.0 ], [ 2508494.2275, 6348770.413800000213087, 0.0 ], [ 2508513.545599999837577, 6348784.1815, 0.0 ], [ 2508513.965800000820309, 6348784.441499998793006, 0.0 ] ] ] ] } },
{ "type": "Feature", "properties": { "LAYER": "PARCELARIO_BASE_CATASTRO", "MAP_NAME": "1010_2025.dwg", "ccpp1": "1010 880", "LAYER_2": "PADRONES_2_VISTALBA" }, "geometry": { "type": "MultiPolygon", "coordinates": [ [ [ [ 2508546.5307, 6348807.987800000235438, 0.0 ], [ 2508553.1672, 6348784.0658, 0.0 ], [ 2508522.067900000140071, 6348756.500900000333786, 0.0 ], [ 2508521.0726, 6348759.929799999110401, 0.0 ], [ 2508513.965800000820309, 6348784.441499998793006, 0.0 ], [ 2508533.2327, 6348796.899600000120699, 0.0 ], [ 2508546.5307, 6348807.987800000235438, 0.0 ] ] ] ] } },
{ "type": "Feature", "properties": { "LAYER": "PARCELARIO_BASE_CATASTRO", "MAP_NAME": "1010_2025.dwg", "ccpp1": "1010 879", "LAYER_2": "PADRONES_2_VISTALBA" }, "geometry": { "type": "MultiPolygon", "coordinates": [ [ [ [ 2508553.1672, 6348784.0658, 0.0 ], [ 2508554.311300000175834, 6348779.9073, 0.0 ], [ 2508560.878099999856204, 6348756.215399999171495, 0.0 ], [ 2508530.5789, 6348727.280500001274049, 0.0 ], [ 2508528.588000000920147, 6348734.158300000242889, 0.0 ], [ 2508522.814499999862164, 6348753.981800000183284, 0.0 ], [ 2508522.276999999769032, 6348755.871100000105798, 0.0 ], [ 2508522.067900000140071, 6348756.500900000333786, 0.0 ], [ 2508553.1672, 6348784.0658, 0.0 ] ] ] ] } },
{ "type": "Feature", "properties": { "LAYER": "PARCELARIO_BASE_CATASTRO", "MAP_NAME": "1010_2025.dwg", "ccpp1": "1010 878", "LAYER_2": "PADRONES_2_VISTALBA" }, "geometry": { "type": "MultiPolygon", "coordinates": [ [ [ [ 2508560.878099999856204, 6348756.215399999171495, 0.0 ], [ 2508562.878100000787526, 6348748.947999998927116, 0.0 ], [ 2508570.271300000138581, 6348722.286999998614192, 0.0 ], [ 2508540.0959, 6348694.56120000127703, 0.0 ], [ 2508539.3791, 6348697.060499999672174, 0.0 ], [ 2508533.137200000230223, 6348718.513500000350177, 0.0 ], [ 2508530.5789, 6348727.280500001274049, 0.0 ], [ 2508560.878099999856204, 6348756.215399999171495, 0.0 ] ] ] ] } },
{ "type": "Feature", "properties": { "LAYER": "PARCELARIO_BASE_CATASTRO", "MAP_NAME": "1010_2025.dwg", "ccpp1": "1010 831", "LAYER_2": "PADRONES_2_VISTALBA" }, "geometry": { "type": "MultiPolygon", "coordinates": [ [ [ [ 2508592.1732, 6348780.811400000937283, 0.0 ], [ 2508601.327200000174344, 6348749.362800000235438, 0.0 ], [ 2508583.835400000214577, 6348731.9759, 0.0 ], [ 2508571.097299999091774, 6348719.298100000247359, 0.0 ], [ 2508570.271300000138581, 6348722.286999998614192, 0.0 ], [ 2508562.878100000787526, 6348748.947999998927116, 0.0 ], [ 2508592.1732, 6348780.811400000937283, 0.0 ] ] ] ] } },
{ "type": "Feature", "properties": { "LAYER": "PARCELARIO_BASE_CATASTRO", "MAP_NAME": "1010_2025.dwg", "ccpp1": "1010 832", "LAYER_2": "PADRONES_2_VISTALBA" }, "geometry": { "type": "MultiPolygon", "coordinates": [ [ [ [ 2508583.407800000160933, 6348810.900299999862909, 0.0 ], [ 2508584.2336, 6348808.071399999782443, 0.0 ], [ 2508592.1732, 6348780.811400000937283, 0.0 ], [ 2508562.878100000787526, 6348748.947999998927116, 0.0 ], [ 2508560.878099999856204, 6348756.215399999171495, 0.0 ], [ 2508554.311300000175834, 6348779.9073, 0.0 ], [ 2508583.407800000160933, 6348810.900299999862909, 0.0 ] ] ] ] } },
{ "type": "Feature", "properties": { "LAYER": "PARCELARIO_BASE_CATASTRO", "MAP_NAME": "1010_2025.dwg", "ccpp1": "1010 833", "LAYER_2": "PADRONES_2_VISTALBA" }, "geometry": { "type": "MultiPolygon", "coordinates": [ [ [ [ 2508576.891300001181662, 6348833.301900000311434, 0.0 ], [ 2508583.407800000160933, 6348810.900299999862909, 0.0 ], [ 2508554.311300000175834, 6348779.9073, 0.0 ], [ 2508553.1672, 6348784.0658, 0.0 ], [ 2508546.5307, 6348807.987800000235438, 0.0 ], [ 2508576.891300001181662, 6348833.301900000311434, 0.0 ] ] ] ] } },
{ "type": "Feature", "properties": { "LAYER": "PARCELARIO_BASE_CATASTRO", "MAP_NAME": "1010_2025.dwg", "ccpp1": "1010 943", "LAYER_2": "PADRONES_2_VISTALBA" }, "geometry": { "type": "MultiPolygon", "coordinates": [ [ [ [ 2508617.4167, 6348839.871600000187755, 0.0 ], [ 2508618.2215, 6348837.100200000219047, 0.0 ], [ 2508626.547600000165403, 6348809.126399998553097, 0.0 ], [ 2508599.4772, 6348784.073099998757243, 0.0 ], [ 2508593.9929, 6348803.149400001391768, 0.0 ], [ 2508597.0425, 6348805.862000000663102, 0.0 ], [ 2508593.80060000019148, 6348817.174300001002848, 0.0 ], [ 2508617.4167, 6348839.871600000187755, 0.0 ] ] ] ] } },
{ "type": "Feature", "properties": { "LAYER": "PARCELARIO_BASE_CATASTRO", "MAP_NAME": "1010_2025.dwg", "ccpp1": "1010 942", "LAYER_2": "PADRONES_2_VISTALBA" }, "geometry": { "type": "MultiPolygon", "coordinates": [ [ [ [ 2508626.547600000165403, 6348809.126399998553097, 0.0 ], [ 2508627.103199999779463, 6348807.277800000272691, 0.0 ], [ 2508635.1483, 6348780.657700000330806, 0.0 ], [ 2508607.633400000166148, 6348755.666500001214445, 0.0 ], [ 2508599.477400000207126, 6348784.073699999600649, 0.0 ], [ 2508626.547600000165403, 6348809.126399998553097, 0.0 ] ] ] ] } },
{ "type": "Feature", "properties": { "LAYER": "PARCELARIO_BASE_CATASTRO", "MAP_NAME": "1010_2025.dwg", "ccpp1": "1010 396", "LAYER_2": "PADRONES_2_VISTALBA" }, "geometry": { "type": "MultiPolygon", "coordinates": [ [ [ [ 2508635.148400001227856, 6348780.657599999569356, 0.0 ], [ 2508636.065000000875443, 6348777.550300000235438, 0.0 ], [ 2508646.753699999768287, 6348741.907100000418723, 0.0 ], [ 2508633.95990000013262, 6348730.665, 0.0 ], [ 2508612.323100000154227, 6348711.596199998632073, 0.0 ], [ 2508610.452200000174344, 6348718.003999999724329, 0.0 ], [ 2508616.8226, 6348723.7445, 0.0 ], [ 2508607.633400000166148, 6348755.666500001214445, 0.0 ], [ 2508635.148400001227856, 6348780.657599999569356, 0.0 ] ] ] ] } },
{ "type": "Feature", "properties": { "LAYER": "PARCELARIO_BASE_CATASTRO", "MAP_NAME": "1010_2025.dwg", "ccpp1": "1010 78", "LAYER_2": "PADRONES_2_VISTALBA" }, "geometry": { "type": "MultiPolygon", "coordinates": [ [ [ [ 2508570.271300000138581, 6348722.286999998614192, 0.0 ], [ 2508571.097299999091774, 6348719.298100000247359, 0.0 ], [ 2508581.267900000791997, 6348682.540300001390278, 0.0 ], [ 2508577.884999999776483, 6348679.3722, 0.0 ], [ 2508556.9572, 6348659.773199998773634, 0.0 ], [ 2508551.645, 6348654.813799999654293, 0.0 ], [ 2508545.6711, 6348675.397300000302494, 0.0 ], [ 2508540.0959, 6348694.56120000127703, 0.0 ], [ 2508570.271300000138581, 6348722.286999998614192, 0.0 ] ] ] ] } },
{ "type": "Feature", "properties": { "LAYER": "PARCELARIO_BASE_CATASTRO", "MAP_NAME": "1010_2025.dwg", "ccpp1": "1010 2068", "LAYER_2": "PADRONES_2_VISTALBA" }, "geometry": { "type": "MultiPolygon", "coordinates": [ [ [ [ 2509008.2939, 6348801.9841, 0.0 ], [ 2508885.003899999894202, 6348751.33149999845773, 0.0 ], [ 2508883.839817763771862, 6348776.916737549938262, 0.0 ], [ 2509007.324, 6348824.587399998679757, 0.0 ], [ 2509008.2939, 6348801.9841, 0.0 ] ] ] ] } },
{ "type": "Feature", "properties": { "LAYER": "PARCELARIO_BASE_CATASTRO", "MAP_NAME": "1010_2025.dwg", "ccpp1": "1010 152", "LAYER_2": "PADRONES_2_VISTALBA" }, "geometry": { "type": "MultiPolygon", "coordinates": [ [ [ [ 2508881.063842279836535, 6348835.87506976723671, 0.0 ], [ 2508882.097619790118188, 6348814.787397550418973, 0.0 ], [ 2508882.229299999773502, 6348811.677500000223517, 0.0 ], [ 2508883.677199999801815, 6348780.486200000159442, 0.0 ], [ 2508885.003500000108033, 6348751.33079999871552, 0.0 ], [ 2508818.636453852057457, 6348724.037400379776955, 0.0 ], [ 2508788.948111379984766, 6348711.756563094444573, 0.0 ], [ 2508765.953799999784678, 6348702.18059999961406, 0.0 ], [ 2508742.739900000859052, 6348692.340099999681115, 0.0 ], [ 2508719.019299999810755, 6348682.4649, 0.0 ], [ 2508704.471599999815226, 6348738.774000000208616, 0.0 ], [ 2508780.6417, 6348791.255699999630451, 0.0 ], [ 2508880.055499999783933, 6348856.506, 0.0 ], [ 2508881.063842279836535, 6348835.87506976723671, 0.0 ] ] ] ] } },
{ "type": "Feature", "properties": { "LAYER": "PARCELARIO_BASE_CATASTRO", "MAP_NAME": "1010_2025.dwg", "ccpp1": "1010 102", "LAYER_2": "PADRONES_2_VISTALBA" }, "geometry": { "type": "MultiPolygon", "coordinates": [ [ [ [ 2508758.231321613769978, 6348846.245408318936825, 0.0 ], [ 2508780.641299999784678, 6348791.255599999800324, 0.0 ], [ 2508704.471599999815226, 6348738.774000000208616, 0.0 ], [ 2508692.806400000117719, 6348783.479299999773502, 0.0 ], [ 2508717.643999999854714, 6348807.35319999884814, 0.0 ], [ 2508735.732200000900775, 6348824.566100001335144, 0.0 ], [ 2508741.3511, 6348829.890100001357496, 0.0 ], [ 2508758.231321613769978, 6348846.245408318936825, 0.0 ] ] ] ] } },
{ "type": "Feature", "properties": { "LAYER": "PARCELARIO_BASE_CATASTRO", "MAP_NAME": "1010_2025.dwg", "ccpp1": "1010 960", "LAYER_2": "PADRONES_2_VISTALBA" }, "geometry": { "type": "MultiPolygon", "coordinates": [ [ [ [ 2508717.226600000169128, 6348891.971900000236928, 0.0 ], [ 2508673.8287, 6348853.193, 0.0 ], [ 2508669.323599999770522, 6348869.665699999779463, 0.0 ], [ 2508712.4619, 6348908.323699998669326, 0.0 ], [ 2508717.226600000169128, 6348891.971900000236928, 0.0 ] ] ] ] } },
{ "type": "Feature", "properties": { "LAYER": "PARCELARIO_BASE_CATASTRO", "MAP_NAME": "1010_2025.dwg", "ccpp1": "1010 1205", "LAYER_2": "PADRONES_2_VISTALBA" }, "geometry": { "type": "MultiPolygon", "coordinates": [ [ [ [ 2508992.2272, 6349143.2763, 0.0 ], [ 2508993.845662257168442, 6349074.729554657824337, 0.0 ], [ 2508976.972291143145412, 6349058.720587808638811, 0.0 ], [ 2508943.44, 6349098.301199999637902, 0.0 ], [ 2508992.2272, 6349143.2763, 0.0 ] ] ] ] } },
{ "type": "Feature", "properties": { "LAYER": "PARCELARIO_BASE_CATASTRO", "MAP_NAME": "1010_2025.dwg", "ccpp1": "1010 1344", "LAYER_2": "PADRONES_2_VISTALBA" }, "geometry": { "type": "MultiPolygon", "coordinates": [ [ [ [ 2509117.734000000171363, 6348763.227400000207126, 0.0 ], [ 2509142.5145, 6348764.232699999585748, 0.0 ], [ 2509143.345300000160933, 6348741.894600000232458, 0.0 ], [ 2509143.9567, 6348724.817499998956919, 0.0 ], [ 2509144.003699999768287, 6348723.506799998693168, 0.0 ], [ 2509119.2371, 6348722.661899999715388, 0.0 ], [ 2509117.734000000171363, 6348763.227400000207126, 0.0 ] ] ] ] } },
{ "type": "Feature", "properties": { "LAYER": "PARCELARIO_BASE_CATASTRO", "MAP_NAME": "1010_2025.dwg", "ccpp1": "1010 937", "LAYER_2": "PADRONES_2_VISTALBA" }, "geometry": { "type": "MultiPolygon", "coordinates": [ [ [ [ 2509274.481100000906736, 6348770.055100001394749, 0.0 ], [ 2509309.151999999769032, 6348771.68030000012368, 0.0 ], [ 2509310.5384, 6348732.537899999879301, 0.0 ], [ 2509311.3188, 6348713.529199999757111, 0.0 ], [ 2509276.509600000921637, 6348712.24930000025779, 0.0 ], [ 2509275.8503, 6348731.911000001244247, 0.0 ], [ 2509275.148, 6348751.040400001220405, 0.0 ], [ 2509274.481100000906736, 6348770.055100001394749, 0.0 ] ] ] ] } },
{ "type": "Feature", "properties": { "LAYER": "PARCELARIO_BASE_CATASTRO", "MAP_NAME": "1010_2025.dwg", "ccpp1": "1010 657", "LAYER_2": "PADRONES_2_VISTALBA" }, "geometry": { "type": "MultiPolygon", "coordinates": [ [ [ [ 2509309.151999999769032, 6348771.68030000012368, 0.0 ], [ 2509335.7626, 6348772.234500001184642, 0.0 ], [ 2509336.8076, 6348733.398900001309812, 0.0 ], [ 2509310.5384, 6348732.537899999879301, 0.0 ], [ 2509309.151999999769032, 6348771.68030000012368, 0.0 ] ] ] ] } },
{ "type": "Feature", "properties": { "LAYER": "PARCELARIO_BASE_CATASTRO", "MAP_NAME": "1010_2025.dwg", "ccpp1": "1010 921", "LAYER_2": "PADRONES_2_VISTALBA" }, "geometry": { "type": "MultiPolygon", "coordinates": [ [ [ [ 2509276.508410783018917, 6348712.278053746558726, 0.0 ], [ 2509277.726037239190191, 6348682.955727702006698, 0.0 ], [ 2509248.071400839835405, 6348681.446469676680863, 0.0 ], [ 2509219.008167691994458, 6348680.644707385450602, 0.0 ], [ 2509190.023699999786913, 6348679.368300001136959, 0.0 ], [ 2509189.360169815830886, 6348708.553907195106149, 0.0 ], [ 2509237.339015678036958, 6348710.586907445453107, 0.0 ], [ 2509256.7886, 6348711.799700001254678, 0.0 ], [ 2509276.508410783018917, 6348712.278053746558726, 0.0 ] ] ] ] } },
{ "type": "Feature", "properties": { "LAYER": "PARCELARIO_BASE_CATASTRO", "MAP_NAME": "1010_2025.dwg", "ccpp1": "1010 1168", "LAYER_2": "PADRONES_2_VISTALBA" }, "geometry": { "type": "MultiPolygon", "coordinates": [ [ [ [ 2509311.3188, 6348713.529199999757111, 0.0 ], [ 2509310.5384, 6348732.537899999879301, 0.0 ], [ 2509336.807200000155717, 6348733.39879999961704, 0.0 ], [ 2509363.0869, 6348734.66260000038892, 0.0 ], [ 2509363.719699999783188, 6348714.9923, 0.0 ], [ 2509311.3188, 6348713.529199999757111, 0.0 ] ] ] ] } },
{ "type": "Feature", "properties": { "LAYER": "PARCELARIO_BASE_CATASTRO", "MAP_NAME": "1010_2025.dwg", "ccpp1": "1010 701", "LAYER_2": "PADRONES_2_VISTALBA" }, "geometry": { "type": "MultiPolygon", "coordinates": [ [ [ [ 2509378.211264453828335, 6348745.579290988855064, 0.0 ], [ 2509464.003399999812245, 6348748.514600000344217, 0.0 ], [ 2509465.276800000108778, 6348719.607900000177324, 0.0 ], [ 2509379.294849799014628, 6348715.950615837238729, 0.0 ], [ 2509378.211264453828335, 6348745.579290988855064, 0.0 ] ] ] ] } },
{ "type": "Feature", "properties": { "LAYER": "PARCELARIO_BASE_CATASTRO", "MAP_NAME": "1010_2025.dwg", "ccpp1": "1010 659", "LAYER_2": "PADRONES_2_VISTALBA" }, "geometry": { "type": "MultiPolygon", "coordinates": [ [ [ [ 2509430.109001405071467, 6348747.354930377565324, 0.0 ], [ 2509378.211264453828335, 6348745.579290988855064, 0.0 ], [ 2509377.18178230477497, 6348773.728612395934761, 0.0 ], [ 2509429.930199999827892, 6348776.0773, 0.0 ], [ 2509430.109001405071467, 6348747.354930377565324, 0.0 ] ] ] ] } },
{ "type": "Feature", "properties": { "LAYER": "PARCELARIO_BASE_CATASTRO", "MAP_NAME": "1010_2025.dwg", "ccpp1": "1010 1207", "LAYER_2": "PADRONES_2_VISTALBA" }, "geometry": { "type": "MultiPolygon", "coordinates": [ [ [ [ 2509462.886900001205504, 6348777.3903, 0.0 ], [ 2509484.392900000791997, 6348779.116600001230836, 0.0 ], [ 2509485.791499999817461, 6348720.166000000201166, 0.0 ], [ 2509465.276800000108778, 6348719.607900000177324, 0.0 ], [ 2509464.003399999812245, 6348748.514600000344217, 0.0 ], [ 2509462.886900001205504, 6348777.3903, 0.0 ] ] ] ] } },
{ "type": "Feature", "properties": { "LAYER": "PARCELARIO_BASE_CATASTRO", "MAP_NAME": "1010_2025.dwg", "ccpp1": "1010 1208", "LAYER_2": "PADRONES_2_VISTALBA" }, "geometry": { "type": "MultiPolygon", "coordinates": [ [ [ [ 2509484.392900000791997, 6348779.116899999789894, 0.0 ], [ 2509545.5515, 6348782.114500001072884, 0.0 ], [ 2509551.436800001189113, 6348778.642900001257658, 0.0 ], [ 2509552.27350000012666, 6348722.741100000217557, 0.0 ], [ 2509485.791499999817461, 6348720.166000000201166, 0.0 ], [ 2509484.392900000791997, 6348779.116899999789894, 0.0 ] ] ] ] } },
{ "type": "Feature", "properties": { "LAYER": "PARCELARIO_BASE_CATASTRO", "MAP_NAME": "1010_2025.dwg", "ccpp1": "1010 579", "LAYER_2": "PADRONES_2_VISTALBA" }, "geometry": { "type": "MultiPolygon", "coordinates": [ [ [ [ 2509485.791499999817461, 6348720.166000000201166, 0.0 ], [ 2509552.27350000012666, 6348722.741100000217557, 0.0 ], [ 2509553.223799999803305, 6348694.0760000012815, 0.0 ], [ 2509525.0444, 6348692.523699999786913, 0.0 ], [ 2509496.2791, 6348691.647099998779595, 0.0 ], [ 2509467.1905, 6348690.60149999987334, 0.0 ], [ 2509466.7289, 6348719.670699998736382, 0.0 ], [ 2509485.791499999817461, 6348720.166000000201166, 0.0 ] ] ] ] } },
{ "type": "Feature", "properties": { "LAYER": "PARCELARIO_BASE_CATASTRO", "MAP_NAME": "1010_2025.dwg", "ccpp1": "1010 934", "LAYER_2": "PADRONES_2_VISTALBA" }, "geometry": { "type": "MultiPolygon", "coordinates": [ [ [ [ 2509479.861399182118475, 6348841.71080445125699, 0.0 ], [ 2509481.370399182196707, 6348791.733804452233016, 0.0 ], [ 2509461.381386479828507, 6348791.099225129000843, 0.0 ], [ 2509459.872399182058871, 6348841.076804451644421, 0.0 ], [ 2509479.861399182118475, 6348841.71080445125699, 0.0 ] ] ] ] } },
{ "type": "Feature", "properties": { "LAYER": "PARCELARIO_BASE_CATASTRO", "MAP_NAME": "1010_2025.dwg", "ccpp1": "1010 933", "LAYER_2": "PADRONES_2_VISTALBA" }, "geometry": { "type": "MultiPolygon", "coordinates": [ [ [ [ 2509505.482302295044065, 6348821.5099669508636, 0.0 ], [ 2509485.474000000860542, 6348820.679200001060963, 0.0 ], [ 2509486.697107639163733, 6348791.902887524105608, 0.0 ], [ 2509481.370399182196707, 6348791.733804452233016, 0.0 ], [ 2509479.861399182118475, 6348841.71080445125699, 0.0 ], [ 2509499.150397806894034, 6348842.323849993757904, 0.0 ], [ 2509504.848402176052332, 6348842.50470528844744, 0.0 ], [ 2509505.482302295044065, 6348821.5099669508636, 0.0 ] ] ] ] } },
{ "type": "Feature", "properties": { "LAYER": "PARCELARIO_BASE_CATASTRO", "MAP_NAME": "1010_2025.dwg", "ccpp1": "1010 932", "LAYER_2": "PADRONES_2_VISTALBA" }, "geometry": { "type": "MultiPolygon", "coordinates": [ [ [ [ 2509504.848402176052332, 6348842.50470528844744, 0.0 ], [ 2509524.837399181909859, 6348843.138804451562464, 0.0 ], [ 2509526.34639918198809, 6348793.16180445253849, 0.0 ], [ 2509506.357392830774188, 6348792.527014790102839, 0.0 ], [ 2509504.848402176052332, 6348842.50470528844744, 0.0 ] ] ] ] } },
{ "type": "Feature", "properties": { "LAYER": "PARCELARIO_BASE_CATASTRO", "MAP_NAME": "1010_2025.dwg", "ccpp1": "1010 931", "LAYER_2": "PADRONES_2_VISTALBA" }, "geometry": { "type": "MultiPolygon", "coordinates": [ [ [ [ 2509524.839935886207968, 6348843.13923879340291, 0.0 ], [ 2509549.747399182058871, 6348843.929804452694952, 0.0 ], [ 2509550.542899999767542, 6348803.921699999831617, 0.0 ], [ 2509543.847398083191365, 6348793.717156961560249, 0.0 ], [ 2509526.34639918198809, 6348793.16180445253849, 0.0 ], [ 2509524.839935886207968, 6348843.13923879340291, 0.0 ] ] ] ] } },
{ "type": "Feature", "properties": { "LAYER": "PARCELARIO_BASE_CATASTRO", "MAP_NAME": "1010_2025.dwg", "ccpp1": "1010 234", "LAYER_2": "PADRONES_2_VISTALBA" }, "geometry": { "type": "MultiPolygon", "coordinates": [ [ [ [ 2509508.012500000186265, 6349323.546500000171363, 0.0 ], [ 2509508.6563, 6349278.0565, 0.0 ], [ 2509531.9446, 6349279.32120000012219, 0.0 ], [ 2509532.1, 6349274.118700001388788, 0.0 ], [ 2509475.985999999102205, 6349272.107900000177324, 0.0 ], [ 2509482.2105, 6349326.374099999666214, 0.0 ], [ 2509508.012500000186265, 6349323.546500000171363, 0.0 ] ] ] ] } },
{ "type": "Feature", "properties": { "LAYER": "PARCELARIO_BASE_CATASTRO", "MAP_NAME": "1010_2025.dwg", "ccpp1": "1010 518", "LAYER_2": "PADRONES_2_VISTALBA" }, "geometry": { "type": "MultiPolygon", "coordinates": [ [ [ [ 2509530.859400000888854, 6349321.244800001382828, 0.0 ], [ 2509531.9446, 6349279.32120000012219, 0.0 ], [ 2509508.6563, 6349278.0565, 0.0 ], [ 2509508.012500000186265, 6349323.546500000171363, 0.0 ], [ 2509530.859400000888854, 6349321.244800001382828, 0.0 ] ] ] ] } },
{ "type": "Feature", "properties": { "LAYER": "PARCELARIO_BASE_CATASTRO", "MAP_NAME": "1010_2025.dwg", "ccpp1": "1010 683", "LAYER_2": "PADRONES_2_VISTALBA" }, "geometry": { "type": "MultiPolygon", "coordinates": [ [ [ [ 2509482.2105, 6349326.374099999666214, 0.0 ], [ 2509475.985999999102205, 6349272.107900000177324, 0.0 ], [ 2509458.745000000111759, 6349272.201099998317659, 0.0 ], [ 2509465.165699999779463, 6349328.241899999789894, 0.0 ], [ 2509482.2105, 6349326.374099999666214, 0.0 ] ] ] ] } },
{ "type": "Feature", "properties": { "LAYER": "PARCELARIO_BASE_CATASTRO", "MAP_NAME": "1010_2025.dwg", "ccpp1": "1010 235", "LAYER_2": "PADRONES_2_VISTALBA" }, "geometry": { "type": "MultiPolygon", "coordinates": [ [ [ [ 2509442.028900001198053, 6349271.76410000026226, 0.0 ], [ 2509448.2116, 6349330.099899998866022, 0.0 ], [ 2509465.165699999779463, 6349328.241899999789894, 0.0 ], [ 2509458.745000000111759, 6349272.201099998317659, 0.0 ], [ 2509442.028900001198053, 6349271.76410000026226, 0.0 ] ] ] ] } },
{ "type": "Feature", "properties": { "LAYER": "PARCELARIO_BASE_CATASTRO", "MAP_NAME": "1010_2025.dwg", "ccpp1": "1010 1082", "LAYER_2": "PADRONES_2_VISTALBA" }, "geometry": { "type": "MultiPolygon", "coordinates": [ [ [ [ 2509472.9517, 6349218.256199999712408, 0.0 ], [ 2509533.694199999794364, 6349220.658800001256168, 0.0 ], [ 2509534.369348817039281, 6349190.251880651339889, 0.0 ], [ 2509451.663300001062453, 6349184.792100000195205, 0.0 ], [ 2509451.1094, 6349217.237700001336634, 0.0 ], [ 2509455.144400000106543, 6349217.409, 0.0 ], [ 2509472.9517, 6349218.256199999712408, 0.0 ] ] ] ] } },
{ "type": "Feature", "properties": { "LAYER": "PARCELARIO_BASE_CATASTRO", "MAP_NAME": "1010_2025.dwg", "ccpp1": "1010 230", "LAYER_2": "PADRONES_2_VISTALBA" }, "geometry": { "type": "MultiPolygon", "coordinates": [ [ [ [ 2509237.99280000012368, 6349353.5439, 0.0 ], [ 2509223.887500001117587, 6349210.773400000296533, 0.0 ], [ 2509118.228800000157207, 6349207.172600000165403, 0.0 ], [ 2509042.725500000175089, 6349204.815899999812245, 0.0 ], [ 2509044.5951, 6349208.868300000205636, 0.0 ], [ 2509068.3988, 6349245.486600000411272, 0.0 ], [ 2509070.138300000224262, 6349251.516800001263618, 0.0 ], [ 2509076.151200000196695, 6349265.769600000232458, 0.0 ], [ 2509079.32160000083968, 6349283.351599998772144, 0.0 ], [ 2509088.346899999771267, 6349314.496299998834729, 0.0 ], [ 2509096.184500000905246, 6349331.892400000244379, 0.0 ], [ 2509099.260300001129508, 6349335.707999998703599, 0.0 ], [ 2509094.681300001218915, 6349344.989400000311434, 0.0 ], [ 2509116.78186111105606, 6349368.775126712396741, 0.0 ], [ 2509237.99280000012368, 6349353.5439, 0.0 ] ] ] ] } },
{ "type": "Feature", "properties": { "LAYER": "PARCELARIO_BASE_CATASTRO", "MAP_NAME": "1010_2025.dwg", "ccpp1": "1010 364", "LAYER_2": "PADRONES_2_VISTALBA" }, "geometry": { "type": "MultiPolygon", "coordinates": [ [ [ [ 2509402.5356, 6349335.597099999897182, 0.0 ], [ 2509399.489400000777096, 6349310.7791, 0.0 ], [ 2509396.167299999855459, 6349284.935200000181794, 0.0 ], [ 2509391.425299999769777, 6349248.693499999120831, 0.0 ], [ 2509386.6858, 6349214.7807, 0.0 ], [ 2509223.887500001117587, 6349210.773400000296533, 0.0 ], [ 2509237.9931, 6349353.544599998742342, 0.0 ], [ 2509402.5356, 6349335.597099999897182, 0.0 ] ] ] ] } },
{ "type": "Feature", "properties": { "LAYER": "PARCELARIO_BASE_CATASTRO", "MAP_NAME": "1010_2025.dwg", "ccpp1": "1010 882", "LAYER_2": "PADRONES_2_VISTALBA" }, "geometry": { "type": "MultiPolygon", "coordinates": [ [ [ [ 2509440.813800000119954, 6349249.497100000269711, 0.0 ], [ 2509437.391600000206381, 6349216.655299999751151, 0.0 ], [ 2509386.6861, 6349214.7807, 0.0 ], [ 2509391.24709999980405, 6349247.418399999849498, 0.0 ], [ 2509428.204599999822676, 6349249.356100000441074, 0.0 ], [ 2509440.813800000119954, 6349249.497100000269711, 0.0 ] ] ] ] } },
{ "type": "Feature", "properties": { "LAYER": "PARCELARIO_BASE_CATASTRO", "MAP_NAME": "1010_2025.dwg", "ccpp1": "1010 883", "LAYER_2": "PADRONES_2_VISTALBA" }, "geometry": { "type": "MultiPolygon", "coordinates": [ [ [ [ 2509428.204599999822676, 6349249.356100000441074, 0.0 ], [ 2509391.24709999980405, 6349247.418399999849498, 0.0 ], [ 2509395.732478707097471, 6349281.611989787779748, 0.0 ], [ 2509430.0227, 6349278.9857, 0.0 ], [ 2509430.227700000163168, 6349278.967299999669194, 0.0 ], [ 2509428.341, 6349251.351500000804663, 0.0 ], [ 2509428.204599999822676, 6349249.356100000441074, 0.0 ] ] ] ] } },
{ "type": "Feature", "properties": { "LAYER": "PARCELARIO_BASE_CATASTRO", "MAP_NAME": "1010_2025.dwg", "ccpp1": "1010 885", "LAYER_2": "PADRONES_2_VISTALBA" }, "geometry": { "type": "MultiPolygon", "coordinates": [ [ [ [ 2509448.2116, 6349330.099899998866022, 0.0 ], [ 2509445.427400000859052, 6349303.83, 0.0 ], [ 2509442.304399999789894, 6349304.178299999795854, 0.0 ], [ 2509399.218009864911437, 6349308.66785124130547, 0.0 ], [ 2509399.489400000777096, 6349310.7791, 0.0 ], [ 2509402.5356, 6349335.597099999897182, 0.0 ], [ 2509446.6135, 6349330.251400000415742, 0.0 ], [ 2509448.2116, 6349330.099899998866022, 0.0 ] ] ] ] } },
{ "type": "Feature", "properties": { "LAYER": "PARCELARIO_BASE_CATASTRO", "MAP_NAME": "1010_2025.dwg", "ccpp1": "1010 233", "LAYER_2": "PADRONES_2_VISTALBA" }, "geometry": { "type": "MultiPolygon", "coordinates": [ [ [ [ 2509503.505400000140071, 6349243.371100000105798, 0.0 ], [ 2509474.810215150006115, 6349242.494252727366984, 0.0 ], [ 2509474.723527849186212, 6349264.939191427081823, 0.0 ], [ 2509532.3278, 6349267.732999999076128, 0.0 ], [ 2509532.99239999987185, 6349244.2483, 0.0 ], [ 2509504.261599999852479, 6349243.396200001239777, 0.0 ], [ 2509503.505400000140071, 6349243.371100000105798, 0.0 ] ] ] ] } },
{ "type": "Feature", "properties": { "LAYER": "PARCELARIO_BASE_CATASTRO", "MAP_NAME": "1010_2025.dwg", "ccpp1": "1010 787", "LAYER_2": "PADRONES_2_VISTALBA" }, "geometry": { "type": "MultiPolygon", "coordinates": [ [ [ [ 2509235.7752, 6349363.177000000141561, 0.0 ], [ 2509218.1195, 6349365.144799999892712, 0.0 ], [ 2509224.8945, 6349427.666500000283122, 0.0 ], [ 2509243.343100000172853, 6349439.06180000025779, 0.0 ], [ 2509240.849000000860542, 6349414.061099999584258, 0.0 ], [ 2509238.472, 6349391.235600001178682, 0.0 ], [ 2509235.7752, 6349363.177000000141561, 0.0 ] ] ] ] } },
{ "type": "Feature", "properties": { "LAYER": "PARCELARIO_BASE_CATASTRO", "MAP_NAME": "1010_2025.dwg", "ccpp1": "1010 1032", "LAYER_2": "PADRONES_2_VISTALBA" }, "geometry": { "type": "MultiPolygon", "coordinates": [ [ [ [ 2509268.010300000198185, 6349359.362700000405312, 0.0 ], [ 2509235.7752, 6349363.177000000141561, 0.0 ], [ 2509238.472, 6349391.235600001178682, 0.0 ], [ 2509258.699500000104308, 6349394.880699999630451, 0.0 ], [ 2509260.273, 6349388.624400001019239, 0.0 ], [ 2509268.010300000198185, 6349359.362700000405312, 0.0 ] ] ] ] } },
{ "type": "Feature", "properties": { "LAYER": "PARCELARIO_BASE_CATASTRO", "MAP_NAME": "1010_2025.dwg", "ccpp1": "1010 1033", "LAYER_2": "PADRONES_2_VISTALBA" }, "geometry": { "type": "MultiPolygon", "coordinates": [ [ [ [ 2509287.55379999987781, 6349393.476700001396239, 0.0 ], [ 2509293.7006, 6349357.400399999693036, 0.0 ], [ 2509279.432500000111759, 6349358.935700000263751, 0.0 ], [ 2509267.757799999788404, 6349360.317499999888241, 0.0 ], [ 2509260.273, 6349388.624400001019239, 0.0 ], [ 2509282.461400000844151, 6349392.551699999719858, 0.0 ], [ 2509287.55379999987781, 6349393.476700001396239, 0.0 ] ] ] ] } },
{ "type": "Feature", "properties": { "LAYER": "PARCELARIO_BASE_CATASTRO", "MAP_NAME": "1010_2025.dwg", "ccpp1": "1010 1031", "LAYER_2": "PADRONES_2_VISTALBA" }, "geometry": { "type": "MultiPolygon", "coordinates": [ [ [ [ 2509259.229799999855459, 6349394.951500000432134, 0.0 ], [ 2509238.472, 6349391.235600001178682, 0.0 ], [ 2509240.89380000019446, 6349414.5099, 0.0 ], [ 2509277.056100000161678, 6349421.037200000137091, 0.0 ], [ 2509277.0592, 6349421.0378, 0.0 ], [ 2509277.7716, 6349421.166400000452995, 0.0 ], [ 2509281.417100000195205, 6349398.923199999146163, 0.0 ], [ 2509259.229799999855459, 6349394.951500000432134, 0.0 ] ] ] ] } },
{ "type": "Feature", "properties": { "LAYER": "PARCELARIO_BASE_CATASTRO", "MAP_NAME": "1010_2025.dwg", "ccpp1": "1010 44", "LAYER_2": "PADRONES_2_VISTALBA" }, "geometry": { "type": "MultiPolygon", "coordinates": [ [ [ [ 2509240.89380000019446, 6349414.5099, 0.0 ], [ 2509243.343100000172853, 6349439.06180000025779, 0.0 ], [ 2509265.030300000216812, 6349452.396200000308454, 0.0 ], [ 2509272.57549999980256, 6349452.870799998752773, 0.0 ], [ 2509277.7716, 6349421.166400000452995, 0.0 ], [ 2509240.89380000019446, 6349414.5099, 0.0 ] ] ] ] } },
{ "type": "Feature", "properties": { "LAYER": "PARCELARIO_BASE_CATASTRO", "MAP_NAME": "1010_2025.dwg", "ccpp1": "1010 361", "LAYER_2": "PADRONES_2_VISTALBA" }, "geometry": { "type": "MultiPolygon", "coordinates": [ [ [ [ 2509305.361, 6349376.201899999752641, 0.0 ], [ 2509309.025100000202656, 6349355.674599998630583, 0.0 ], [ 2509293.7006, 6349357.400399999693036, 0.0 ], [ 2509287.55379999987781, 6349393.476700001396239, 0.0 ], [ 2509277.913199999835342, 6349451.362399999052286, 0.0 ], [ 2509293.126500001177192, 6349452.551599998958409, 0.0 ], [ 2509301.1091, 6349403.6847, 0.0 ], [ 2509305.361, 6349376.201899999752641, 0.0 ] ] ] ] } },
{ "type": "Feature", "properties": { "LAYER": "PARCELARIO_BASE_CATASTRO", "MAP_NAME": "1010_2025.dwg", "ccpp1": "1010 423", "LAYER_2": "PADRONES_2_VISTALBA" }, "geometry": { "type": "MultiPolygon", "coordinates": [ [ [ [ 2509445.4786, 6349410.35669999755919, 0.0 ], [ 2509451.162700000219047, 6349381.783300000242889, 0.0 ], [ 2509448.223199999891222, 6349381.727299999445677, 0.0 ], [ 2509393.560699999798089, 6349378.376400001347065, 0.0 ], [ 2509390.294600000139326, 6349396.602199998684227, 0.0 ], [ 2509388.5644, 6349406.257500000298023, 0.0 ], [ 2509445.4786, 6349410.35669999755919, 0.0 ] ] ] ] } },
{ "type": "Feature", "properties": { "LAYER": "PARCELARIO_BASE_CATASTRO", "MAP_NAME": "1010_2025.dwg", "ccpp1": "1010 424", "LAYER_2": "PADRONES_2_VISTALBA" }, "geometry": { "type": "MultiPolygon", "coordinates": [ [ [ [ 2509460.1245, 6349382.434100000187755, 0.0 ], [ 2509460.270200000144541, 6349381.697300000116229, 0.0 ], [ 2509467.925499999895692, 6349337.83559999987483, 0.0 ], [ 2509463.483400001190603, 6349338.514700000174344, 0.0 ], [ 2509399.448799999896437, 6349345.518699999898672, 0.0 ], [ 2509395.5652, 6349366.177699999883771, 0.0 ], [ 2509393.5609, 6349378.3766, 0.0 ], [ 2509448.22330000018701, 6349381.727099998854101, 0.0 ], [ 2509451.162700000219047, 6349381.783300000242889, 0.0 ], [ 2509460.1245, 6349382.434100000187755, 0.0 ] ] ] ] } },
{ "type": "Feature", "properties": { "LAYER": "PARCELARIO_BASE_CATASTRO", "MAP_NAME": "1010_2025.dwg", "ccpp1": "1010 184", "LAYER_2": "PADRONES_2_VISTALBA" }, "geometry": { "type": "MultiPolygon", "coordinates": [ [ [ [ 2509460.1245, 6349382.434100000187755, 0.0 ], [ 2509447.629499999806285, 6349445.543899999000132, 0.0 ], [ 2509446.11200000019744, 6349455.267900000326335, 0.0 ], [ 2509520.1735, 6349454.072100001387298, 0.0 ], [ 2509519.998999999836087, 6349445.766099999658763, 0.0 ], [ 2509521.942100000102073, 6349445.756799998693168, 0.0 ], [ 2509523.421999999787658, 6349439.377100000157952, 0.0 ], [ 2509524.0576, 6349433.682199999690056, 0.0 ], [ 2509531.56650000018999, 6349385.9605, 0.0 ], [ 2509531.306299999821931, 6349376.462100000120699, 0.0 ], [ 2509510.14740000013262, 6349377.911399998702109, 0.0 ], [ 2509489.1086, 6349379.466600000858307, 0.0 ], [ 2509460.270200000144541, 6349381.697300000116229, 0.0 ], [ 2509460.1245, 6349382.434100000187755, 0.0 ] ] ] ] } },
{ "type": "Feature", "properties": { "LAYER": "PARCELARIO_BASE_CATASTRO", "MAP_NAME": "1010_2025.dwg", "ccpp1": "1010 185", "LAYER_2": "PADRONES_2_VISTALBA" }, "geometry": { "type": "MultiPolygon", "coordinates": [ [ [ [ 2509460.270200000144541, 6349381.697300000116229, 0.0 ], [ 2509489.1086, 6349379.466600000858307, 0.0 ], [ 2509497.105200000107288, 6349378.929100001230836, 0.0 ], [ 2509505.190099999774247, 6349339.8646, 0.0 ], [ 2509539.3166, 6349336.5203, 0.0 ], [ 2509540.04, 6349330.009399999864399, 0.0 ], [ 2509467.925499999895692, 6349337.83559999987483, 0.0 ], [ 2509460.270200000144541, 6349381.697300000116229, 0.0 ] ] ] ] } },
{ "type": "Feature", "properties": { "LAYER": "PARCELARIO_BASE_CATASTRO", "MAP_NAME": "1010_2025.dwg", "ccpp1": "1010 46", "LAYER_2": "PADRONES_2_VISTALBA" }, "geometry": { "type": "MultiPolygon", "coordinates": [ [ [ [ 2509218.1195, 6349365.144799999892712, 0.0 ], [ 2509200.0767, 6349367.155799999833107, 0.0 ], [ 2509204.910300000105053, 6349407.7286, 0.0 ], [ 2509205.644299999810755, 6349415.882799999788404, 0.0 ], [ 2509224.8945, 6349427.666500000283122, 0.0 ], [ 2509218.1195, 6349365.144799999892712, 0.0 ] ] ] ] } },
{ "type": "Feature", "properties": { "LAYER": "PARCELARIO_BASE_CATASTRO", "MAP_NAME": "1010_2025.dwg", "ccpp1": "1010 45", "LAYER_2": "PADRONES_2_VISTALBA" }, "geometry": { "type": "MultiPolygon", "coordinates": [ [ [ [ 2509293.126500001177192, 6349452.551599998958409, 0.0 ], [ 2509308.29950000019744, 6349453.8119, 0.0 ], [ 2509316.003099999856204, 6349408.0154, 0.0 ], [ 2509314.45630000019446, 6349404.48589999973774, 0.0 ], [ 2509301.1091, 6349403.6847, 0.0 ], [ 2509293.126500001177192, 6349452.551599998958409, 0.0 ] ] ] ] } },
{ "type": "Feature", "properties": { "LAYER": "PARCELARIO_BASE_CATASTRO", "MAP_NAME": "1010_2025.dwg", "ccpp1": "1010 563", "LAYER_2": "PADRONES_2_VISTALBA" }, "geometry": { "type": "MultiPolygon", "coordinates": [ [ [ [ 2509546.122770412825048, 6349666.009596039541066, 0.0 ], [ 2509480.693300001788884, 6349669.688600002788007, 0.0 ], [ 2509493.7017, 6349692.3158, 0.0 ], [ 2509494.894400000106543, 6349694.390299999155104, 0.0 ], [ 2509549.4219, 6349682.526899999007583, 0.0 ], [ 2509546.122770412825048, 6349666.009596039541066, 0.0 ] ] ] ] } },
{ "type": "Feature", "properties": { "LAYER": "PARCELARIO_BASE_CATASTRO", "MAP_NAME": "1010_2025.dwg", "ccpp1": "1010 91", "LAYER_2": "PADRONES_2_VISTALBA" }, "geometry": { "type": "MultiPolygon", "coordinates": [ [ [ [ 2509512.4942, 6349724.63399999961257, 0.0 ], [ 2509556.846, 6349716.290500000119209, 0.0 ], [ 2509553.778300000820309, 6349702.651499999687076, 0.0 ], [ 2509552.614500000141561, 6349697.490099999122322, 0.0 ], [ 2509502.9808, 6349708.3585, 0.0 ], [ 2509505.692300000227988, 6349712.99760000128299, 0.0 ], [ 2509512.4942, 6349724.63399999961257, 0.0 ] ] ] ] } },
{ "type": "Feature", "properties": { "LAYER": "PARCELARIO_BASE_CATASTRO", "MAP_NAME": "1010_2025.dwg", "ccpp1": "1010 34", "LAYER_2": "PADRONES_2_VISTALBA" }, "geometry": { "type": "MultiPolygon", "coordinates": [ [ [ [ 2509536.208500000182539, 6349615.714700000360608, 0.0 ], [ 2509534.5027, 6349602.352099999785423, 0.0 ], [ 2509429.405900000128895, 6349595.57120000012219, 0.0 ], [ 2509432.546500000171363, 6349610.80559999961406, 0.0 ], [ 2509445.886299999896437, 6349608.608300001360476, 0.0 ], [ 2509456.4561, 6349627.530299999751151, 0.0 ], [ 2509460.2018, 6349634.045599998906255, 0.0 ], [ 2509539.275899999774992, 6349631.7303, 0.0 ], [ 2509537.668800000101328, 6349623.684500000439584, 0.0 ], [ 2509536.208500000182539, 6349615.714700000360608, 0.0 ] ] ] ] } },
{ "type": "Feature", "properties": { "LAYER": "PARCELARIO_BASE_CATASTRO", "MAP_NAME": "1010_2025.dwg", "ccpp1": "1010 417", "LAYER_2": "PADRONES_2_VISTALBA" }, "geometry": { "type": "MultiPolygon", "coordinates": [ [ [ [ 2509534.7467, 6349503.880599999800324, 0.0 ], [ 2509560.926400000229478, 6349503.392000000923872, 0.0 ], [ 2509551.735400000121444, 6349453.1892, 0.0 ], [ 2509535.0107, 6349452.941499999724329, 0.0 ], [ 2509528.647300000768155, 6349457.8556999983266, 0.0 ], [ 2509534.7467, 6349503.880599999800324, 0.0 ] ] ] ] } },
{ "type": "Feature", "properties": { "LAYER": "PARCELARIO_BASE_CATASTRO", "MAP_NAME": "1010_2025.dwg", "ccpp1": "1010 226", "LAYER_2": "PADRONES_2_VISTALBA" }, "geometry": { "type": "MultiPolygon", "coordinates": [ [ [ [ 2509474.586500000208616, 6349754.275999998673797, 0.0 ], [ 2509436.614400000777096, 6349698.1711, 0.0 ], [ 2509411.688500000163913, 6349736.683000001125038, 0.0 ], [ 2509459.2673, 6349767.8767, 0.0 ], [ 2509474.586500000208616, 6349754.275999998673797, 0.0 ] ] ] ] } },
{ "type": "Feature", "properties": { "LAYER": "PARCELARIO_BASE_CATASTRO", "MAP_NAME": "1010_2025.dwg", "ccpp1": "1010 326", "LAYER_2": "PADRONES_2_VISTALBA" }, "geometry": { "type": "MultiPolygon", "coordinates": [ [ [ [ 2509189.3237, 6349405.712399998679757, 0.0 ], [ 2509194.763499999884516, 6349402.919800001196563, 0.0 ], [ 2509204.910300000105053, 6349407.7286, 0.0 ], [ 2509200.0767, 6349367.155799999833107, 0.0 ], [ 2509131.924999999813735, 6349374.7516, 0.0 ], [ 2509158.4021, 6349400.914599998854101, 0.0 ], [ 2509190.3259, 6349419.505900000222027, 0.0 ], [ 2509189.3237, 6349405.712399998679757, 0.0 ] ] ] ] } },
{ "type": "Feature", "properties": { "LAYER": "PARCELARIO_BASE_CATASTRO", "MAP_NAME": "1010_2025.dwg", "ccpp1": "1010 1083", "LAYER_2": "PADRONES_2_VISTALBA" }, "geometry": { "type": "MultiPolygon", "coordinates": [ [ [ [ 2509451.663300001062453, 6349184.792100000195205, 0.0 ], [ 2509534.369348817039281, 6349190.251880651339889, 0.0 ], [ 2509534.948200000915676, 6349160.360599998384714, 0.0 ], [ 2509453.9786, 6349155.246899998746812, 0.0 ], [ 2509451.663300001062453, 6349184.792100000195205, 0.0 ] ] ] ] } },
{ "type": "Feature", "properties": { "LAYER": "PARCELARIO_BASE_CATASTRO", "MAP_NAME": "1010_2025.dwg", "ccpp1": "1010 35", "LAYER_2": "PADRONES_2_VISTALBA" }, "geometry": { "type": "MultiPolygon", "coordinates": [ [ [ [ 2509549.086399182211608, 6348864.769804452545941, 0.0 ], [ 2509549.747399182058871, 6348843.929804452694952, 0.0 ], [ 2509524.837399181909859, 6348843.138804451562464, 0.0 ], [ 2509504.848402176052332, 6348842.50470528844744, 0.0 ], [ 2509499.150397806894034, 6348842.323849993757904, 0.0 ], [ 2509498.521399181801826, 6348863.164804452098906, 0.0 ], [ 2509549.086399182211608, 6348864.769804452545941, 0.0 ] ] ] ] } },
{ "type": "Feature", "properties": { "LAYER": "PARCELARIO_BASE_CATASTRO", "MAP_NAME": "1010_2025.dwg", "ccpp1": "1010 1065", "LAYER_2": "PADRONES_2_VISTALBA" }, "geometry": { "type": "MultiPolygon", "coordinates": [ [ [ [ 2509312.721, 6349454.170599999837577, 0.0 ], [ 2509333.0252, 6349455.79619999974966, 0.0 ], [ 2509333.867500000167638, 6349451.217500001192093, 0.0 ], [ 2509338.384500000160187, 6349425.17750000115484, 0.0 ], [ 2509341.6354, 6349405.950500000268221, 0.0 ], [ 2509323.343299999833107, 6349404.964100000448525, 0.0 ], [ 2509319.6162, 6349408.490299999713898, 0.0 ], [ 2509312.721, 6349454.170599999837577, 0.0 ] ] ] ] } },
{ "type": "Feature", "properties": { "LAYER": "PARCELARIO_BASE_CATASTRO", "MAP_NAME": "1010_2025.dwg", "ccpp1": "1010 1066", "LAYER_2": "PADRONES_2_VISTALBA" }, "geometry": { "type": "MultiPolygon", "coordinates": [ [ [ [ 2509341.6354, 6349405.950500000268221, 0.0 ], [ 2509341.7835, 6349405.001199999824166, 0.0 ], [ 2509342.518999999854714, 6349400.460699999704957, 0.0 ], [ 2509342.872700000181794, 6349398.154200001619756, 0.0 ], [ 2509345.882300000172108, 6349378.7769, 0.0 ], [ 2509347.1077, 6349371.949799999594688, 0.0 ], [ 2509347.4427, 6349369.830299998633564, 0.0 ], [ 2509350.4773, 6349351.013299998827279, 0.0 ], [ 2509327.177999999839813, 6349353.627500001341105, 0.0 ], [ 2509320.1659000008367, 6349397.043200000189245, 0.0 ], [ 2509318.9518, 6349404.687699999660254, 0.0 ], [ 2509341.6354, 6349405.950500000268221, 0.0 ] ] ] ] } },
{ "type": "Feature", "properties": { "LAYER": "PARCELARIO_BASE_CATASTRO", "MAP_NAME": "1010_2025.dwg", "ccpp1": "1010 1067", "LAYER_2": "PADRONES_2_VISTALBA" }, "geometry": { "type": "MultiPolygon", "coordinates": [ [ [ [ 2509301.1091, 6349403.6847, 0.0 ], [ 2509314.45630000019446, 6349404.48589999973774, 0.0 ], [ 2509318.368800001218915, 6349378.174200000241399, 0.0 ], [ 2509305.361, 6349376.201899999752641, 0.0 ], [ 2509301.1091, 6349403.6847, 0.0 ] ] ] ] } },
{ "type": "Feature", "properties": { "LAYER": "PARCELARIO_BASE_CATASTRO", "MAP_NAME": "1010_2025.dwg", "ccpp1": "1010 1046", "LAYER_2": "PADRONES_2_VISTALBA" }, "geometry": { "type": "MultiPolygon", "coordinates": [ [ [ [ 2508539.3791, 6348697.060499999672174, 0.0 ], [ 2508540.0959, 6348694.56120000127703, 0.0 ], [ 2508545.6711, 6348675.397300000302494, 0.0 ], [ 2508486.347500000149012, 6348621.243700001388788, 0.0 ], [ 2508485.7996, 6348623.023199999704957, 0.0 ], [ 2508479.692699999082834, 6348642.597500001080334, 0.0 ], [ 2508539.3791, 6348697.060499999672174, 0.0 ] ] ] ] } },
{ "type": "Feature", "properties": { "LAYER": "PARCELARIO_BASE_CATASTRO", "MAP_NAME": "1010_2025.dwg", "ccpp1": "1010 32", "LAYER_2": "PADRONES_2_VISTALBA" }, "geometry": { "type": "MultiPolygon", "coordinates": [ [ [ [ 2509456.4561, 6349627.530299999751151, 0.0 ], [ 2509445.887000000104308, 6349608.607699998654425, 0.0 ], [ 2509432.546699999831617, 6349610.8054, 0.0 ], [ 2509383.352099999785423, 6349618.787899998947978, 0.0 ], [ 2509411.3673, 6349660.8745, 0.0 ], [ 2509424.026200000196695, 6349679.592800001613796, 0.0 ], [ 2509436.614400000777096, 6349698.1711, 0.0 ], [ 2509474.586500000208616, 6349754.275999998673797, 0.0 ], [ 2509459.2673, 6349767.8767, 0.0 ], [ 2509468.489500001072884, 6349778.204800001345575, 0.0 ], [ 2509469.253699999768287, 6349779.060700000263751, 0.0 ], [ 2509480.167700000107288, 6349768.092799998819828, 0.0 ], [ 2509500.981999999843538, 6349756.2834, 0.0 ], [ 2509523.997599999886006, 6349744.370000000111759, 0.0 ], [ 2509519.0921, 6349735.9523, 0.0 ], [ 2509512.4942, 6349724.63399999961257, 0.0 ], [ 2509505.692300000227988, 6349712.99760000128299, 0.0 ], [ 2509502.9808, 6349708.3585, 0.0 ], [ 2509498.579700000118464, 6349700.800599998794496, 0.0 ], [ 2509456.4561, 6349627.530299999751151, 0.0 ] ] ] ] } },
{ "type": "Feature", "properties": { "LAYER": "PARCELARIO_BASE_CATASTRO", "MAP_NAME": "1010_2025.dwg", "ccpp1": "1010 1488", "LAYER_2": "PADRONES_2_VISTALBA" }, "geometry": { "type": "MultiPolygon", "coordinates": [ [ [ [ 2509290.192499999888241, 6349163.3361, 0.0 ], [ 2509341.3772, 6349165.12980000115931, 0.0 ], [ 2509342.345499999821186, 6349145.191599998623133, 0.0 ], [ 2509294.9967, 6349146.666799999773502, 0.0 ], [ 2509290.192499999888241, 6349163.3361, 0.0 ] ] ] ] } },
{ "type": "Feature", "properties": { "LAYER": "PARCELARIO_BASE_CATASTRO", "MAP_NAME": "1010_2025.dwg", "ccpp1": "1010 1072", "LAYER_2": "PADRONES_2_VISTALBA" }, "geometry": { "type": "MultiPolygon", "coordinates": [ [ [ [ 2509022.5447, 6349241.8608, 0.0 ], [ 2509017.07549999980256, 6349227.289200000464916, 0.0 ], [ 2509040.171200000215322, 6349228.59669999871403, 0.0 ], [ 2509044.572199999820441, 6349223.0312, 0.0 ], [ 2509022.659599999897182, 6349191.420800000429153, 0.0 ], [ 2509010.638499999884516, 6349210.637900000438094, 0.0 ], [ 2508993.827, 6349198.254599999636412, 0.0 ], [ 2508963.8226, 6349187.843100001104176, 0.0 ], [ 2508951.5027, 6349186.274500000290573, 0.0 ], [ 2508955.410500000230968, 6349178.592199998907745, 0.0 ], [ 2508945.271199999842793, 6349174.640999998897314, 0.0 ], [ 2508934.006399999838322, 6349166.9973, 0.0 ], [ 2508911.420100000221282, 6349182.558799999766052, 0.0 ], [ 2508897.8679, 6349193.6552, 0.0 ], [ 2508902.426300000865012, 6349198.797399998642504, 0.0 ], [ 2508864.173700001090765, 6349199.815600001253188, 0.0 ], [ 2508851.7045, 6349214.065100000239909, 0.0 ], [ 2508873.6286, 6349216.34389999974519, 0.0 ], [ 2508895.8076, 6349223.378700001165271, 0.0 ], [ 2508913.6659000008367, 6349244.173499998636544, 0.0 ], [ 2508913.560500000137836, 6349257.635099999606609, 0.0 ], [ 2508872.6943, 6349297.243099998682737, 0.0 ], [ 2508892.808000000193715, 6349318.443199998699129, 0.0 ], [ 2508910.6376, 6349339.85249999910593, 0.0 ], [ 2508971.3775, 6349426.446000001393259, 0.0 ], [ 2508978.6242, 6349425.682900000363588, 0.0 ], [ 2508960.6255, 6349342.435700000263751, 0.0 ], [ 2508947.253500000108033, 6349304.586900000460446, 0.0 ], [ 2509033.5921, 6349299.879200000315905, 0.0 ], [ 2509055.826400000136346, 6349297.863900000229478, 0.0 ], [ 2509051.713700000196695, 6349290.472400000318885, 0.0 ], [ 2509048.364900000859052, 6349276.419800000265241, 0.0 ], [ 2509022.5447, 6349241.8608, 0.0 ] ] ] ] } },
{ "type": "Feature", "properties": { "LAYER": "PARCELARIO_BASE_CATASTRO", "MAP_NAME": "1010_2025.dwg", "ccpp1": "1010 856", "LAYER_2": "PADRONES_2_VISTALBA" }, "geometry": { "type": "MultiPolygon", "coordinates": [ [ [ [ 2509306.600999999791384, 6348685.598100000992417, 0.0 ], [ 2509277.6585, 6348684.4704, 0.0 ], [ 2509276.509600000921637, 6348712.24930000025779, 0.0 ], [ 2509311.3188, 6348713.529199999757111, 0.0 ], [ 2509363.719699999783188, 6348714.9923, 0.0 ], [ 2509364.441399999894202, 6348687.854000001214445, 0.0 ], [ 2509335.2714, 6348686.55379999987781, 0.0 ], [ 2509306.600999999791384, 6348685.598100000992417, 0.0 ] ] ] ] } },
{ "type": "Feature", "properties": { "LAYER": "PARCELARIO_BASE_CATASTRO", "MAP_NAME": "1010_2025.dwg", "ccpp1": "1010 397", "LAYER_2": "PADRONES_2_VISTALBA" }, "geometry": { "type": "MultiPolygon", "coordinates": [ [ [ [ 2508533.137200000230223, 6348718.513500000350177, 0.0 ], [ 2508539.3791, 6348697.060499999672174, 0.0 ], [ 2508479.692699999082834, 6348642.597500001080334, 0.0 ], [ 2508474.121499999891967, 6348660.510800000280142, 0.0 ], [ 2508473.1977, 6348663.4814, 0.0 ], [ 2508533.137200000230223, 6348718.513500000350177, 0.0 ] ] ] ] } },
{ "type": "Feature", "properties": { "LAYER": "PARCELARIO_BASE_CATASTRO", "MAP_NAME": "1010_2025.dwg", "ccpp1": "1010 696", "LAYER_2": "PADRONES_2_VISTALBA" }, "geometry": { "type": "MultiPolygon", "coordinates": [ [ [ [ 2509522.569800000172108, 6349519.2856, 0.0 ], [ 2509522.120000000111759, 6349515.9046, 0.0 ], [ 2509458.534, 6349511.537899999879301, 0.0 ], [ 2509456.44510000012815, 6349500.30900000128895, 0.0 ], [ 2509407.6927, 6349496.203200000338256, 0.0 ], [ 2509410.8906, 6349511.0417, 0.0 ], [ 2509434.736200000159442, 6349513.626500001177192, 0.0 ], [ 2509467.02779999980703, 6349515.58629999961704, 0.0 ], [ 2509493.166999999899417, 6349517.525999998673797, 0.0 ], [ 2509522.569800000172108, 6349519.2856, 0.0 ] ] ] ] } },
{ "type": "Feature", "properties": { "LAYER": "PARCELARIO_BASE_CATASTRO", "MAP_NAME": "1010_2025.dwg", "ccpp1": "1010 695", "LAYER_2": "PADRONES_2_VISTALBA" }, "geometry": { "type": "MultiPolygon", "coordinates": [ [ [ [ 2509522.120000000111759, 6349515.9046, 0.0 ], [ 2509520.641799999866635, 6349504.9551, 0.0 ], [ 2509456.44510000012815, 6349500.30900000128895, 0.0 ], [ 2509458.534, 6349511.537899999879301, 0.0 ], [ 2509522.120000000111759, 6349515.9046, 0.0 ] ] ] ] } },
{ "type": "Feature", "properties": { "LAYER": "PARCELARIO_BASE_CATASTRO", "MAP_NAME": "1010_2025.dwg", "ccpp1": "1010 655", "LAYER_2": "PADRONES_2_VISTALBA" }, "geometry": { "type": "MultiPolygon", "coordinates": [ [ [ [ 2509456.44510000012815, 6349500.30900000128895, 0.0 ], [ 2509453.546500000171363, 6349479.549800000153482, 0.0 ], [ 2509481.608099999837577, 6349481.96999999973923, 0.0 ], [ 2509518.063400000799447, 6349484.612300000153482, 0.0 ], [ 2509517.4745, 6349479.017300001345575, 0.0 ], [ 2509446.180000000167638, 6349473.2664, 0.0 ], [ 2509426.719, 6349471.496399999596179, 0.0 ], [ 2509424.691000000108033, 6349471.311700000427663, 0.0 ], [ 2509401.7346, 6349469.213199999183416, 0.0 ], [ 2509407.6927, 6349496.203200000338256, 0.0 ], [ 2509456.44510000012815, 6349500.30900000128895, 0.0 ] ] ] ] } },
{ "type": "Feature", "properties": { "LAYER": "PARCELARIO_BASE_CATASTRO", "MAP_NAME": "1010_2025.dwg", "ccpp1": "1010 1171", "LAYER_2": "PADRONES_2_VISTALBA" }, "geometry": { "type": "MultiPolygon", "coordinates": [ [ [ [ 2509522.3267, 6349797.9786, 0.0 ], [ 2509515.88689999980852, 6349810.370500001125038, 0.0 ], [ 2509520.161799999885261, 6349811.934699999168515, 0.0 ], [ 2509533.147900000214577, 6349815.6727, 0.0 ], [ 2509551.002299999818206, 6349820.262999999336898, 0.0 ], [ 2509550.1464, 6349809.457600001245737, 0.0 ], [ 2509576.3202, 6349807.838899999856949, 0.0 ], [ 2509572.657700000796467, 6349790.248899999074638, 0.0 ], [ 2509540.0153, 6349791.994199999608099, 0.0 ], [ 2509540.283299999777228, 6349797.016900001093745, 0.0 ], [ 2509522.3267, 6349797.9786, 0.0 ] ] ] ] } },
{ "type": "Feature", "properties": { "LAYER": "PARCELARIO_BASE_CATASTRO", "MAP_NAME": "1010_2025.dwg", "ccpp1": "1010 1199", "LAYER_2": "PADRONES_2_VISTALBA" }, "geometry": { "type": "MultiPolygon", "coordinates": [ [ [ [ 2508717.226600000169128, 6348891.971900000236928, 0.0 ], [ 2508721.2536, 6348878.06180000025779, 0.0 ], [ 2508678.2582, 6348837.118900000117719, 0.0 ], [ 2508673.8287, 6348853.193, 0.0 ], [ 2508717.226600000169128, 6348891.971900000236928, 0.0 ] ] ] ] } },
{ "type": "Feature", "properties": { "LAYER": "PARCELARIO_BASE_CATASTRO", "MAP_NAME": "1010_2025.dwg", "ccpp1": "1010 2263", "LAYER_2": "PADRONES_2_VISTALBA" }, "geometry": { "type": "MultiPolygon", "coordinates": [ [ [ [ 2508976.972291143145412, 6349058.720587808638811, 0.0 ], [ 2508850.331227858085185, 6348938.567207065410912, 0.0 ], [ 2508838.168099999893457, 6348981.513500000350177, 0.0 ], [ 2508833.28940000012517, 6348996.666500000283122, 0.0 ], [ 2508828.131519422866404, 6349013.542221214622259, 0.0 ], [ 2508818.281139436177909, 6349055.826359557919204, 0.0 ], [ 2508846.503399999812245, 6349086.730700000189245, 0.0 ], [ 2508859.1708, 6349099.617700001224875, 0.0 ], [ 2508871.838200000114739, 6349112.504700000397861, 0.0 ], [ 2508886.0762, 6349120.0751, 0.0 ], [ 2508909.987199999857694, 6349129.092500001192093, 0.0 ], [ 2508924.993300000205636, 6349143.9161, 0.0 ], [ 2508934.006399999838322, 6349166.997399999760091, 0.0 ], [ 2508964.679, 6349138.6754, 0.0 ], [ 2508979.0173, 6349153.567250000312924, 0.0 ], [ 2508992.226268946193159, 6349143.315732908435166, 0.0 ], [ 2508943.44, 6349098.301199999637902, 0.0 ], [ 2508976.972291143145412, 6349058.720587808638811, 0.0 ] ] ] ] } },
{ "type": "Feature", "properties": { "LAYER": "PARCELARIO_BASE_CATASTRO", "MAP_NAME": "1010_2025.dwg", "ccpp1": "1010 1402", "LAYER_2": "PADRONES_2_VISTALBA" }, "geometry": { "type": "MultiPolygon", "coordinates": [ [ [ [ 2508456.58, 6345508.150000000372529, 0.0 ], [ 2508477.049999999813735, 6345506.860000000335276, 0.0 ], [ 2508486.13090000115335, 6345506.27379999961704, 0.0 ], [ 2508484.369900001212955, 6345478.75829999987036, 0.0 ], [ 2508439.2506, 6345481.979600000195205, 0.0 ], [ 2508456.58, 6345508.150000000372529, 0.0 ] ] ] ] } },
{ "type": "Feature", "properties": { "LAYER": "PARCELARIO_BASE_CATASTRO", "MAP_NAME": "1010_2025.dwg", "ccpp1": "1010 1345", "LAYER_2": "PADRONES_2_VISTALBA" }, "geometry": { "type": "MultiPolygon", "coordinates": [ [ [ [ 2509112.6628, 6348763.159099999815226, 0.0 ], [ 2509117.734000000171363, 6348763.227400000207126, 0.0 ], [ 2509119.2371, 6348722.661899999715388, 0.0 ], [ 2509144.003699999768287, 6348723.506799998693168, 0.0 ], [ 2509144.56540000019595, 6348698.408699998632073, 0.0 ], [ 2509145.444199999794364, 6348677.592199999839067, 0.0 ], [ 2509115.8638, 6348676.175499998964369, 0.0 ], [ 2509115.2604, 6348691.659300001338124, 0.0 ], [ 2509114.791300000157207, 6348704.955, 0.0 ], [ 2509114.765199999790639, 6348705.60319999884814, 0.0 ], [ 2509114.124799999874085, 6348720.492600000463426, 0.0 ], [ 2509113.928299999795854, 6348734.604799999855459, 0.0 ], [ 2509113.9227, 6348734.9665, 0.0 ], [ 2509113.457299999892712, 6348748.836500000208616, 0.0 ], [ 2509112.6628, 6348763.159099999815226, 0.0 ] ] ] ] } },
{ "type": "Feature", "properties": { "LAYER": "PARCELARIO_BASE_CATASTRO", "MAP_NAME": "1010_2025.dwg", "ccpp1": "1010 1357", "LAYER_2": "PADRONES_2_VISTALBA" }, "geometry": { "type": "MultiPolygon", "coordinates": [ [ [ [ 2508486.362700000870973, 6348728.964999999850988, 0.0 ], [ 2508480.399500001221895, 6348723.6458, 0.0 ], [ 2508460.099, 6348705.528599999845028, 0.0 ], [ 2508455.571000000927597, 6348714.555700000375509, 0.0 ], [ 2508450.978800000157207, 6348719.793700000271201, 0.0 ], [ 2508453.2103, 6348722.9644, 0.0 ], [ 2508464.7144, 6348739.3098, 0.0 ], [ 2508477.746300000231713, 6348754.726700000464916, 0.0 ], [ 2508479.391200000885874, 6348756.292399999685585, 0.0 ], [ 2508480.6809, 6348751.247999999672174, 0.0 ], [ 2508486.362700000870973, 6348728.964999999850988, 0.0 ] ] ] ] } },
{ "type": "Feature", "properties": { "LAYER": "PARCELARIO_BASE_CATASTRO", "MAP_NAME": "1010_2025.dwg", "ccpp1": "1010 2072", "LAYER_2": "PADRONES_2_VISTALBA" }, "geometry": { "type": "MultiPolygon", "coordinates": [ [ [ [ 2509004.261516199912876, 6348910.215847847051919, 0.0 ], [ 2508881.063842279836535, 6348835.87506976723671, 0.0 ], [ 2508880.055499999783933, 6348856.506, 0.0 ], [ 2508907.63329999987036, 6348875.252899999730289, 0.0 ], [ 2508922.955566212069243, 6348885.57764676772058, 0.0 ], [ 2508930.866950000170618, 6348890.913800000213087, 0.0 ], [ 2508938.778599999845028, 6348896.249800000339746, 0.0 ], [ 2508953.82079999987036, 6348906.408800001256168, 0.0 ], [ 2509003.361, 6348938.537899998947978, 0.0 ], [ 2509004.261516199912876, 6348910.215847847051919, 0.0 ] ] ] ] } },
{ "type": "Feature", "properties": { "LAYER": "PARCELARIO_BASE_CATASTRO", "MAP_NAME": "1010_2025.dwg", "ccpp1": "1010 2071", "LAYER_2": "PADRONES_2_VISTALBA" }, "geometry": { "type": "MultiPolygon", "coordinates": [ [ [ [ 2509005.029655354097486, 6348883.238357461057603, 0.0 ], [ 2508882.09742665104568, 6348814.787282370962203, 0.0 ], [ 2508881.063842279836535, 6348835.87506976723671, 0.0 ], [ 2509004.261516199912876, 6348910.215847847051919, 0.0 ], [ 2509005.029655354097486, 6348883.238357461057603, 0.0 ] ] ] ] } },
{ "type": "Feature", "properties": { "LAYER": "PARCELARIO_BASE_CATASTRO", "MAP_NAME": "1010_2025.dwg", "ccpp1": "1010 2070", "LAYER_2": "PADRONES_2_VISTALBA" }, "geometry": { "type": "MultiPolygon", "coordinates": [ [ [ [ 2509005.970179675146937, 6348855.892279097810388, 0.0 ], [ 2508883.02592257084325, 6348794.483521397225559, 0.0 ], [ 2508882.097619790118188, 6348814.787397550418973, 0.0 ], [ 2509005.029655354097486, 6348883.238357461057603, 0.0 ], [ 2509005.970179675146937, 6348855.892279097810388, 0.0 ] ] ] ] } },
{ "type": "Feature", "properties": { "LAYER": "PARCELARIO_BASE_CATASTRO", "MAP_NAME": "1010_2025.dwg", "ccpp1": "1010 2069", "LAYER_2": "PADRONES_2_VISTALBA" }, "geometry": { "type": "MultiPolygon", "coordinates": [ [ [ [ 2509007.324, 6348824.587399998679757, 0.0 ], [ 2508883.839817763771862, 6348776.916737549938262, 0.0 ], [ 2508883.02592257084325, 6348794.483521397225559, 0.0 ], [ 2509005.970179675146937, 6348855.892279097810388, 0.0 ], [ 2509007.324, 6348824.587399998679757, 0.0 ] ] ] ] } },
{ "type": "Feature", "properties": { "LAYER": "PARCELARIO_BASE_CATASTRO", "MAP_NAME": "1010_2025.dwg", "ccpp1": "1010 1298", "LAYER_2": "PADRONES_2_VISTALBA" }, "geometry": { "type": "MultiPolygon", "coordinates": [ [ [ [ 2509373.292795905843377, 6348856.335007717832923, 0.0 ], [ 2509419.263399181887507, 6348857.795804451219738, 0.0 ], [ 2509423.261399182025343, 6348857.922804451547563, 0.0 ], [ 2509423.801399182062596, 6348840.931804452091455, 0.0 ], [ 2509373.826399127952754, 6348839.343806126154959, 0.0 ], [ 2509373.302194810006768, 6348855.837797956541181, 0.0 ], [ 2509373.292795905843377, 6348856.335007717832923, 0.0 ] ] ] ] } },
{ "type": "Feature", "properties": { "LAYER": "PARCELARIO_BASE_CATASTRO", "MAP_NAME": "1010_2025.dwg", "ccpp1": "1010 1299", "LAYER_2": "PADRONES_2_VISTALBA" }, "geometry": { "type": "MultiPolygon", "coordinates": [ [ [ [ 2509373.826399181969464, 6348839.343804452568293, 0.0 ], [ 2509423.801399182062596, 6348840.931804452091455, 0.0 ], [ 2509424.531918734777719, 6348817.943789185024798, 0.0 ], [ 2509404.49255244107917, 6348817.307020527310669, 0.0 ], [ 2509374.55739918211475, 6348816.355804450809956, 0.0 ], [ 2509374.017399182077497, 6348833.348804452456534, 0.0 ], [ 2509373.826399181969464, 6348839.343804452568293, 0.0 ] ] ] ] } },
{ "type": "Feature", "properties": { "LAYER": "PARCELARIO_BASE_CATASTRO", "MAP_NAME": "1010_2025.dwg", "ccpp1": "1010 1330", "LAYER_2": "PADRONES_2_VISTALBA" }, "geometry": { "type": "MultiPolygon", "coordinates": [ [ [ [ 2508497.968400000128895, 6347265.059899998828769, 0.0 ], [ 2508491.513600000180304, 6347264.5822, 0.0 ], [ 2508490.329599999822676, 6347280.311399999074638, 0.0 ], [ 2508489.712000001221895, 6347288.402700001373887, 0.0 ], [ 2508489.19150000018999, 6347295.223000001162291, 0.0 ], [ 2508496.683999999891967, 6347295.799800000153482, 0.0 ], [ 2508551.241100000217557, 6347300.000099999830127, 0.0 ], [ 2508556.1839, 6347300.380599999800324, 0.0 ], [ 2508556.775100000202656, 6347293.565900001674891, 0.0 ], [ 2508558.355000000912696, 6347275.352699998766184, 0.0 ], [ 2508558.8569, 6347269.565899998880923, 0.0 ], [ 2508554.035199999809265, 6347269.209099999628961, 0.0 ], [ 2508549.568700000178069, 6347268.878600000403821, 0.0 ], [ 2508497.968400000128895, 6347265.059899998828769, 0.0 ] ] ] ] } },
{ "type": "Feature", "properties": { "LAYER": "PARCELARIO_BASE_CATASTRO", "MAP_NAME": "1010_2025.dwg", "ccpp1": "1010 1279", "LAYER_2": "PADRONES_2_VISTALBA" }, "geometry": { "type": "MultiPolygon", "coordinates": [ [ [ [ 2508640.240000000223517, 6345994.58, 0.0 ], [ 2508679.0, 6345991.179999998770654, 0.0 ], [ 2508679.740000000223517, 6345965.980000000447035, 0.0 ], [ 2508641.110000000800937, 6345969.03999999910593, 0.0 ], [ 2508641.009999999776483, 6345972.249999999068677, 0.0 ], [ 2508640.299999999813735, 6345992.419999998994172, 0.0 ], [ 2508640.240000000223517, 6345994.58, 0.0 ] ] ] ] } },
{ "type": "Feature", "properties": { "LAYER": "PARCELARIO_BASE_CATASTRO", "MAP_NAME": "1010_2025.dwg", "ccpp1": "1010 1368", "LAYER_2": "PADRONES_2_VISTALBA" }, "geometry": { "type": "MultiPolygon", "coordinates": [ [ [ [ 2508673.879999999888241, 6346186.889999999664724, 0.0 ], [ 2508674.601600000169128, 6346161.900299999862909, 0.0 ], [ 2508634.160000000149012, 6346164.980000001378357, 0.0 ], [ 2508633.680000000167638, 6346178.759999999776483, 0.0 ], [ 2508633.279999999795109, 6346190.0, 0.0 ], [ 2508673.879999999888241, 6346186.889999999664724, 0.0 ] ] ] ] } },
{ "type": "Feature", "properties": { "LAYER": "PARCELARIO_BASE_CATASTRO", "MAP_NAME": "1010_2025.dwg", "ccpp1": "1010 1454", "LAYER_2": "PADRONES_2_VISTALBA" }, "geometry": { "type": "MultiPolygon", "coordinates": [ [ [ [ 2508657.73, 6346210.540000000968575, 0.0 ], [ 2508673.228000000119209, 6346209.35010000038892, 0.0 ], [ 2508673.879999999888241, 6346186.889999999664724, 0.0 ], [ 2508633.279999999795109, 6346190.0, 0.0 ], [ 2508632.799999999813735, 6346203.549999999813735, 0.0 ], [ 2508632.485299999825656, 6346212.469499999657273, 0.0 ], [ 2508657.73, 6346210.540000000968575, 0.0 ] ] ] ] } },
{ "type": "Feature", "properties": { "LAYER": "PARCELARIO_BASE_CATASTRO", "MAP_NAME": "1010_2025.dwg", "ccpp1": "1010 647", "LAYER_2": "PADRONES_2_VISTALBA" }, "geometry": { "type": "MultiPolygon", "coordinates": [ [ [ [ 2509672.282699999865144, 6349009.33669999986887, 0.0 ], [ 2509678.151800000108778, 6349009.759999999776483, 0.0 ], [ 2509708.0143, 6349011.95930000115186, 0.0 ], [ 2509709.332899999804795, 6348989.272699998691678, 0.0 ], [ 2509673.362300000153482, 6348986.626799999736249, 0.0 ], [ 2509672.282699999865144, 6349009.33669999986887, 0.0 ] ] ] ] } },
{ "type": "Feature", "properties": { "LAYER": "PARCELARIO_BASE_CATASTRO", "MAP_NAME": "1010_2025.dwg", "ccpp1": "1010 1379", "LAYER_2": "PADRONES_2_VISTALBA" }, "geometry": { "type": "MultiPolygon", "coordinates": [ [ [ [ 2509673.3621, 6348986.626799999736249, 0.0 ], [ 2509709.333000000100583, 6348989.273199998773634, 0.0 ], [ 2509710.899300000164658, 6348962.333100001327693, 0.0 ], [ 2509679.014700000174344, 6348961.223399999551475, 0.0 ], [ 2509674.503899999894202, 6348961.052699998952448, 0.0 ], [ 2509673.3621, 6348986.626799999736249, 0.0 ] ] ] ] } },
{ "type": "Feature", "properties": { "LAYER": "PARCELARIO_BASE_CATASTRO", "MAP_NAME": "1010_2025.dwg", "ccpp1": "1010 1380", "LAYER_2": "PADRONES_2_VISTALBA" }, "geometry": { "type": "MultiPolygon", "coordinates": [ [ [ [ 2509708.0143, 6349011.95930000115186, 0.0 ], [ 2509728.6011, 6349013.5049, 0.0 ], [ 2509731.843400000128895, 6348963.052799999713898, 0.0 ], [ 2509729.2618, 6348962.963899999856949, 0.0 ], [ 2509713.004800000227988, 6348962.4068, 0.0 ], [ 2509710.899400000926107, 6348962.333100001327693, 0.0 ], [ 2509709.333000000100583, 6348989.273199998773634, 0.0 ], [ 2509708.0143, 6349011.95930000115186, 0.0 ] ] ] ] } },
{ "type": "Feature", "properties": { "LAYER": "PARCELARIO_BASE_CATASTRO", "MAP_NAME": "1010_2025.dwg", "ccpp1": "1010 1381", "LAYER_2": "PADRONES_2_VISTALBA" }, "geometry": { "type": "MultiPolygon", "coordinates": [ [ [ [ 2509728.6011, 6349013.5049, 0.0 ], [ 2509755.749900000169873, 6349015.258600001223385, 0.0 ], [ 2509757.813200000207871, 6348964.006099999882281, 0.0 ], [ 2509745.0515, 6348963.509499999694526, 0.0 ], [ 2509731.842499999795109, 6348963.052799999713898, 0.0 ], [ 2509728.6011, 6349013.5049, 0.0 ] ] ] ] } },
{ "type": "Feature", "properties": { "LAYER": "PARCELARIO_BASE_CATASTRO", "MAP_NAME": "1010_2025.dwg", "ccpp1": "1010 1406", "LAYER_2": "PADRONES_2_VISTALBA" }, "geometry": { "type": "MultiPolygon", "coordinates": [ [ [ [ 2509449.4243, 6348660.624599998816848, 0.0 ], [ 2509476.210099999792874, 6348661.97580000013113, 0.0 ], [ 2509476.8032, 6348642.099299999885261, 0.0 ], [ 2509472.4932, 6348641.9008, 0.0 ], [ 2509468.591400001198053, 6348641.723199999891222, 0.0 ], [ 2509458.565600000787526, 6348641.237799998372793, 0.0 ], [ 2509459.1508, 6348610.335699999704957, 0.0 ], [ 2509450.7325, 6348609.938900000415742, 0.0 ], [ 2509449.4243, 6348660.624599998816848, 0.0 ] ] ] ] } },
{ "type": "Feature", "properties": { "LAYER": "PARCELARIO_BASE_CATASTRO", "MAP_NAME": "1010_2025.dwg", "ccpp1": "1010 1407", "LAYER_2": "PADRONES_2_VISTALBA" }, "geometry": { "type": "MultiPolygon", "coordinates": [ [ [ [ 2509476.8032, 6348642.099299999885261, 0.0 ], [ 2509497.749100000131875, 6348643.0367, 0.0 ], [ 2509498.0134, 6348632.259100001305342, 0.0 ], [ 2509498.4737, 6348612.132199998944998, 0.0 ], [ 2509473.139400000218302, 6348610.985100000165403, 0.0 ], [ 2509472.4932, 6348641.9008, 0.0 ], [ 2509476.8032, 6348642.099299999885261, 0.0 ] ] ] ] } },
{ "type": "Feature", "properties": { "LAYER": "PARCELARIO_BASE_CATASTRO", "MAP_NAME": "1010_2025.dwg", "ccpp1": "1010 1404", "LAYER_2": "PADRONES_2_VISTALBA" }, "geometry": { "type": "MultiPolygon", "coordinates": [ [ [ [ 2508420.98, 6345454.410000001080334, 0.0 ], [ 2508474.9, 6345450.860000000335276, 0.0 ], [ 2508473.359999999869615, 6345427.530000001192093, 0.0 ], [ 2508406.114399999845773, 6345431.957100000232458, 0.0 ], [ 2508420.98, 6345454.410000001080334, 0.0 ] ] ] ] } },
{ "type": "Feature", "properties": { "LAYER": "PARCELARIO_BASE_CATASTRO", "MAP_NAME": "1010_2025.dwg", "ccpp1": "1010 261", "LAYER_2": "PADRONES_2_VISTALBA" }, "geometry": { "type": "MultiPolygon", "coordinates": [ [ [ [ 2508681.2404, 6347742.990699999034405, 0.0 ], [ 2508663.9106, 6347741.038099998608232, 0.0 ], [ 2508663.612499999813735, 6347743.749200001358986, 0.0 ], [ 2508658.480600000824779, 6347790.418100000359118, 0.0 ], [ 2508664.1806, 6347796.998100001364946, 0.0 ], [ 2508676.8199, 6347798.3542, 0.0 ], [ 2508681.0008, 6347745.99210000038147, 0.0 ], [ 2508681.2404, 6347742.990699999034405, 0.0 ] ] ] ] } },
{ "type": "Feature", "properties": { "LAYER": "PARCELARIO_BASE_CATASTRO", "MAP_NAME": "1010_2025.dwg", "ccpp1": "1010 1314", "LAYER_2": "PADRONES_2_VISTALBA" }, "geometry": { "type": "MultiPolygon", "coordinates": [ [ [ [ 2509439.510499999858439, 6349143.502299998886883, 0.0 ], [ 2509439.777900000102818, 6349141.35010000038892, 0.0 ], [ 2509442.4531, 6349130.770899999886751, 0.0 ], [ 2509447.6974, 6349121.802699999883771, 0.0 ], [ 2509399.332299999892712, 6349119.66370000038296, 0.0 ], [ 2509398.28830000013113, 6349140.879700001329184, 0.0 ], [ 2509398.22759999986738, 6349141.940100000239909, 0.0 ], [ 2509439.510499999858439, 6349143.502299998886883, 0.0 ] ] ] ] } },
{ "type": "Feature", "properties": { "LAYER": "PARCELARIO_BASE_CATASTRO", "MAP_NAME": "1010_2025.dwg", "ccpp1": "1010 1315", "LAYER_2": "PADRONES_2_VISTALBA" }, "geometry": { "type": "MultiPolygon", "coordinates": [ [ [ [ 2509399.332299999892712, 6349119.66370000038296, 0.0 ], [ 2509447.6966, 6349121.802199998870492, 0.0 ], [ 2509461.7917, 6349098.211299998685718, 0.0 ], [ 2509467.635600000154227, 6349083.030500001274049, 0.0 ], [ 2509470.21100000012666, 6349062.032100000418723, 0.0 ], [ 2509443.450999999884516, 6349065.588600000366569, 0.0 ], [ 2509415.0167, 6349068.9063, 0.0 ], [ 2509381.4487, 6349070.855299999006093, 0.0 ], [ 2509365.124100000131875, 6349068.876000000163913, 0.0 ], [ 2509364.660500001162291, 6349074.1327, 0.0 ], [ 2509359.849899999797344, 6349117.791500000283122, 0.0 ], [ 2509399.332299999892712, 6349119.66370000038296, 0.0 ] ] ] ] } },
{ "type": "Feature", "properties": { "LAYER": "PARCELARIO_BASE_CATASTRO", "MAP_NAME": "1010_2025.dwg", "ccpp1": "1010 1316", "LAYER_2": "PADRONES_2_VISTALBA" }, "geometry": { "type": "MultiPolygon", "coordinates": [ [ [ [ 2509453.085900001227856, 6348998.24170000012964, 0.0 ], [ 2509473.617100000847131, 6348998.713000001385808, 0.0 ], [ 2509473.9646, 6348978.84559999871999, 0.0 ], [ 2509433.987600000109524, 6348977.8646, 0.0 ], [ 2509433.482600000221282, 6348997.141099998727441, 0.0 ], [ 2509433.4688, 6348997.653400000184774, 0.0 ], [ 2509453.085900001227856, 6348998.24170000012964, 0.0 ] ] ] ] } },
{ "type": "Feature", "properties": { "LAYER": "PARCELARIO_BASE_CATASTRO", "MAP_NAME": "1010_2025.dwg", "ccpp1": "1010 1317", "LAYER_2": "PADRONES_2_VISTALBA" }, "geometry": { "type": "MultiPolygon", "coordinates": [ [ [ [ 2509473.9646, 6348978.84559999871999, 0.0 ], [ 2509474.4879, 6348960.197700001299381, 0.0 ], [ 2509434.513499999884516, 6348958.567800000309944, 0.0 ], [ 2509433.987600000109524, 6348977.8646, 0.0 ], [ 2509473.9646, 6348978.84559999871999, 0.0 ] ] ] ] } },
{ "type": "Feature", "properties": { "LAYER": "PARCELARIO_BASE_CATASTRO", "MAP_NAME": "1010_2025.dwg", "ccpp1": "1010 1383", "LAYER_2": "PADRONES_2_VISTALBA" }, "geometry": { "type": "MultiPolygon", "coordinates": [ [ [ [ 2509713.5801, 6348884.256400000303984, 0.0 ], [ 2509681.597900000866503, 6348882.213700000196695, 0.0 ], [ 2509680.703499999828637, 6348906.0916, 0.0 ], [ 2509712.685100000817329, 6348907.355600000359118, 0.0 ], [ 2509713.5801, 6348884.256400000303984, 0.0 ] ] ] ] } },
{ "type": "Feature", "properties": { "LAYER": "PARCELARIO_BASE_CATASTRO", "MAP_NAME": "1010_2025.dwg", "ccpp1": "1010 1384", "LAYER_2": "PADRONES_2_VISTALBA" }, "geometry": { "type": "MultiPolygon", "coordinates": [ [ [ [ 2509712.685100000817329, 6348907.355600000359118, 0.0 ], [ 2509728.0263, 6348907.94620000012219, 0.0 ], [ 2509730.216799999121577, 6348861.643899999558926, 0.0 ], [ 2509714.8429, 6348861.173100000247359, 0.0 ], [ 2509713.5801, 6348884.256400000303984, 0.0 ], [ 2509712.685100000817329, 6348907.355600000359118, 0.0 ] ] ] ] } },
{ "type": "Feature", "properties": { "LAYER": "PARCELARIO_BASE_CATASTRO", "MAP_NAME": "1010_2025.dwg", "ccpp1": "1010 1376", "LAYER_2": "PADRONES_2_VISTALBA" }, "geometry": { "type": "MultiPolygon", "coordinates": [ [ [ [ 2508873.320000001229346, 6348501.049999999813735, 0.0 ], [ 2508902.879999999888241, 6348508.03000000026077, 0.0 ], [ 2508912.390000000130385, 6348483.49000000115484, 0.0 ], [ 2508891.070000001229346, 6348480.04, 0.0 ], [ 2508889.19, 6348487.360000000335276, 0.0 ], [ 2508877.390000000130385, 6348485.110000000335276, 0.0 ], [ 2508873.320000001229346, 6348501.049999999813735, 0.0 ] ] ] ] } },
{ "type": "Feature", "properties": { "LAYER": "PARCELARIO_BASE_CATASTRO", "MAP_NAME": "1010_2025.dwg", "ccpp1": "1010 477", "LAYER_2": "PADRONES_2_VISTALBA" }, "geometry": { "type": "MultiPolygon", "coordinates": [ [ [ [ 2509360.309500000905246, 6348659.417700000107288, 0.0 ], [ 2509336.1911, 6348658.527700000442564, 0.0 ], [ 2509335.271499999798834, 6348686.55379999987781, 0.0 ], [ 2509364.4419, 6348687.854099999181926, 0.0 ], [ 2509365.568599999882281, 6348659.552199999801815, 0.0 ], [ 2509360.309500000905246, 6348659.417700000107288, 0.0 ] ] ] ] } },
{ "type": "Feature", "properties": { "LAYER": "PARCELARIO_BASE_CATASTRO", "MAP_NAME": "1010_2025.dwg", "ccpp1": "1010 1429", "LAYER_2": "PADRONES_2_VISTALBA" }, "geometry": { "type": "MultiPolygon", "coordinates": [ [ [ [ 2509366.2722, 6348608.234400001354516, 0.0 ], [ 2509365.250349999871105, 6348605.687699999660254, 0.0 ], [ 2509338.445192139130086, 6348604.626120913773775, 0.0 ], [ 2509337.44620000012219, 6348632.9161, 0.0 ], [ 2509366.522599999792874, 6348632.659699999727309, 0.0 ], [ 2509366.2722, 6348608.234400001354516, 0.0 ] ] ] ] } },
{ "type": "Feature", "properties": { "LAYER": "PARCELARIO_BASE_CATASTRO", "MAP_NAME": "1010_2025.dwg", "ccpp1": "1010 1485", "LAYER_2": "PADRONES_2_VISTALBA" }, "geometry": { "type": "MultiPolygon", "coordinates": [ [ [ [ 2508989.509999999776483, 6348387.579999999143183, 0.0 ], [ 2509026.870000000111759, 6348392.849999999627471, 0.0 ], [ 2509028.31, 6348369.120000000111759, 0.0 ], [ 2508993.33, 6348364.25999999884516, 0.0 ], [ 2508989.509999999776483, 6348387.579999999143183, 0.0 ] ] ] ] } },
{ "type": "Feature", "properties": { "LAYER": "PARCELARIO_BASE_CATASTRO", "MAP_NAME": "1010_2025.dwg", "ccpp1": "1010 1486", "LAYER_2": "PADRONES_2_VISTALBA" }, "geometry": { "type": "MultiPolygon", "coordinates": [ [ [ [ 2508993.33, 6348364.25999999884516, 0.0 ], [ 2509028.31, 6348369.120000000111759, 0.0 ], [ 2509030.200000000186265, 6348338.309999999590218, 0.0 ], [ 2508998.4095, 6348333.243300000205636, 0.0 ], [ 2508993.33, 6348364.25999999884516, 0.0 ] ] ] ] } },
{ "type": "Feature", "properties": { "LAYER": "PARCELARIO_BASE_CATASTRO", "MAP_NAME": "1010_2025.dwg", "ccpp1": "1010 1432", "LAYER_2": "PADRONES_2_VISTALBA" }, "geometry": { "type": "MultiPolygon", "coordinates": [ [ [ [ 2508629.373215874191374, 6346456.556408657692373, 0.0 ], [ 2508629.7456, 6346446.550300001166761, 0.0 ], [ 2508644.7445, 6346446.364299999549985, 0.0 ], [ 2508653.92879999987781, 6346432.058799998834729, 0.0 ], [ 2508668.9276, 6346431.8728, 0.0 ], [ 2508669.300168472807854, 6346421.856302887201309, 0.0 ], [ 2508659.422465410083532, 6346421.979608767665923, 0.0 ], [ 2508620.66696567600593, 6346422.455201561562717, 0.0 ], [ 2508619.406965410802513, 6346456.667008767835796, 0.0 ], [ 2508629.373215874191374, 6346456.556408657692373, 0.0 ] ] ] ] } },
{ "type": "Feature", "properties": { "LAYER": "PARCELARIO_BASE_CATASTRO", "MAP_NAME": "1010_2025.dwg", "ccpp1": "1010 1354", "LAYER_2": "PADRONES_2_VISTALBA" }, "geometry": { "type": "MultiPolygon", "coordinates": [ [ [ [ 2508674.910000000149012, 6348393.950000001117587, 0.0 ], [ 2508680.160000000149012, 6348373.269999998621643, 0.0 ], [ 2508634.98, 6348361.730000000447035, 0.0 ], [ 2508626.549999999813735, 6348393.089999999850988, 0.0 ], [ 2508672.17, 6348404.74000000115484, 0.0 ], [ 2508674.910000000149012, 6348393.950000001117587, 0.0 ] ] ] ] } },
{ "type": "Feature", "properties": { "LAYER": "PARCELARIO_BASE_CATASTRO", "MAP_NAME": "1010_2025.dwg", "ccpp1": "1010 1433", "LAYER_2": "PADRONES_2_VISTALBA" }, "geometry": { "type": "MultiPolygon", "coordinates": [ [ [ [ 2509730.720499999821186, 6349123.224399999715388, 0.0 ], [ 2509733.749299999792129, 6349074.0949, 0.0 ], [ 2509674.046699999831617, 6349070.090599998831749, 0.0 ], [ 2509673.771799998823553, 6349079.149599997326732, 0.0 ], [ 2509672.049000000115484, 6349119.0976, 0.0 ], [ 2509730.720499999821186, 6349123.224399999715388, 0.0 ] ] ] ] } },
{ "type": "Feature", "properties": { "LAYER": "PARCELARIO_BASE_CATASTRO", "MAP_NAME": "1010_2025.dwg", "ccpp1": "1010 1461", "LAYER_2": "PADRONES_2_VISTALBA" }, "geometry": { "type": "MultiPolygon", "coordinates": [ [ [ [ 2508560.360000000800937, 6348376.509999999776483, 0.0 ], [ 2508610.54, 6348389.309999998658895, 0.0 ], [ 2508615.629999999888241, 6348370.070000001229346, 0.0 ], [ 2508566.529999999795109, 6348357.530000001192093, 0.0 ], [ 2508560.360000000800937, 6348376.509999999776483, 0.0 ] ] ] ] } },
{ "type": "Feature", "properties": { "LAYER": "PARCELARIO_BASE_CATASTRO", "MAP_NAME": "1010_2025.dwg", "ccpp1": "1010 1445", "LAYER_2": "PADRONES_2_VISTALBA" }, "geometry": { "type": "MultiPolygon", "coordinates": [ [ [ [ 2508708.114200000185519, 6348842.738099999725819, 0.0 ], [ 2508716.501921203918755, 6348811.593828764744103, 0.0 ], [ 2508691.595279708039016, 6348787.96312715113163, 0.0 ], [ 2508683.206199999898672, 6348819.021300000138581, 0.0 ], [ 2508708.114200000185519, 6348842.738099999725819, 0.0 ] ] ] ] } },
{ "type": "Feature", "properties": { "LAYER": "PARCELARIO_BASE_CATASTRO", "MAP_NAME": "1010_2025.dwg", "ccpp1": "1010 1446", "LAYER_2": "PADRONES_2_VISTALBA" }, "geometry": { "type": "MultiPolygon", "coordinates": [ [ [ [ 2508731.802699999883771, 6348865.1985, 0.0 ], [ 2508740.214900431223214, 6348834.092018117196858, 0.0 ], [ 2508740.214782579801977, 6348834.09190630260855, 0.0 ], [ 2508716.501921203918755, 6348811.593828764744103, 0.0 ], [ 2508708.114200000185519, 6348842.738099999725819, 0.0 ], [ 2508731.802699999883771, 6348865.1985, 0.0 ] ] ] ] } },
{ "type": "Feature", "properties": { "LAYER": "PARCELARIO_BASE_CATASTRO", "MAP_NAME": "1010_2025.dwg", "ccpp1": "1010 1447", "LAYER_2": "PADRONES_2_VISTALBA" }, "geometry": { "type": "MultiPolygon", "coordinates": [ [ [ [ 2508756.791400000918657, 6348889.092899999581277, 0.0 ], [ 2508765.719117282889783, 6348858.28968195989728, 0.0 ], [ 2508740.214900431223214, 6348834.092018117196858, 0.0 ], [ 2508731.802699999883771, 6348865.197599998675287, 0.0 ], [ 2508756.791400000918657, 6348889.092899999581277, 0.0 ] ] ] ] } },
{ "type": "Feature", "properties": { "LAYER": "PARCELARIO_BASE_CATASTRO", "MAP_NAME": "1010_2025.dwg", "ccpp1": "1010 1448", "LAYER_2": "PADRONES_2_VISTALBA" }, "geometry": { "type": "MultiPolygon", "coordinates": [ [ [ [ 2508779.3147, 6348910.620400000363588, 0.0 ], [ 2508787.69040000019595, 6348879.13539999909699, 0.0 ], [ 2508765.719117282889783, 6348858.28968195989728, 0.0 ], [ 2508756.790699999779463, 6348889.092400001361966, 0.0 ], [ 2508779.3147, 6348910.620400000363588, 0.0 ] ] ] ] } },
{ "type": "Feature", "properties": { "LAYER": "PARCELARIO_BASE_CATASTRO", "MAP_NAME": "1010_2025.dwg", "ccpp1": "1010 1369", "LAYER_2": "PADRONES_2_VISTALBA" }, "geometry": { "type": "MultiPolygon", "coordinates": [ [ [ [ 2508649.070000001229346, 6346261.519999998621643, 0.0 ], [ 2508655.912, 6346260.974799999035895, 0.0 ], [ 2508657.529999999795109, 6346216.08, 0.0 ], [ 2508657.73, 6346210.540000000968575, 0.0 ], [ 2508632.485299999825656, 6346212.469499999657273, 0.0 ], [ 2508632.069999999832362, 6346224.240000000223517, 0.0 ], [ 2508631.430000000167638, 6346242.919999998994172, 0.0 ], [ 2508630.720000000204891, 6346262.980000000447035, 0.0 ], [ 2508649.070000001229346, 6346261.519999998621643, 0.0 ] ] ] ] } },
{ "type": "Feature", "properties": { "LAYER": "PARCELARIO_BASE_CATASTRO", "MAP_NAME": "1010_2025.dwg", "ccpp1": "1010 1453", "LAYER_2": "PADRONES_2_VISTALBA" }, "geometry": { "type": "MultiPolygon", "coordinates": [ [ [ [ 2508655.912, 6346260.974799999035895, 0.0 ], [ 2508670.279999999795109, 6346259.83, 0.0 ], [ 2508671.7602, 6346259.7127, 0.0 ], [ 2508672.970000000204891, 6346218.240000000223517, 0.0 ], [ 2508673.067200000863522, 6346214.8902000002563, 0.0 ], [ 2508657.529999999795109, 6346216.08, 0.0 ], [ 2508655.912, 6346260.974799999035895, 0.0 ] ] ] ] } },
{ "type": "Feature", "properties": { "LAYER": "PARCELARIO_BASE_CATASTRO", "MAP_NAME": "1010_2025.dwg", "ccpp1": "1010 1470", "LAYER_2": "PADRONES_2_VISTALBA" }, "geometry": { "type": "MultiPolygon", "coordinates": [ [ [ [ 2508687.310399999842048, 6347819.629800000227988, 0.0 ], [ 2508673.6398, 6347818.18470000103116, 0.0 ], [ 2508666.900600001215935, 6347874.727999999187887, 0.0 ], [ 2508666.817900000140071, 6347875.422000001184642, 0.0 ], [ 2508680.504600000102073, 6347876.912499998696148, 0.0 ], [ 2508680.589999999850988, 6347876.193900000303984, 0.0 ], [ 2508687.310399999842048, 6347819.629800000227988, 0.0 ] ] ] ] } },
{ "type": "Feature", "properties": { "LAYER": "PARCELARIO_BASE_CATASTRO", "MAP_NAME": "1010_2025.dwg", "ccpp1": "1010 532", "LAYER_2": "PADRONES_2_VISTALBA" }, "geometry": { "type": "MultiPolygon", "coordinates": [ [ [ [ 2509498.0143, 6348632.259200001135468, 0.0 ], [ 2509522.279200000222772, 6348633.349899999797344, 0.0 ], [ 2509522.7588, 6348613.210099998861551, 0.0 ], [ 2509498.474100000225008, 6348612.132199998944998, 0.0 ], [ 2509498.0143, 6348632.259200001135468, 0.0 ] ] ] ] } },
{ "type": "Feature", "properties": { "LAYER": "PARCELARIO_BASE_CATASTRO", "MAP_NAME": "1010_2025.dwg", "ccpp1": "1010 1437", "LAYER_2": "PADRONES_2_VISTALBA" }, "geometry": { "type": "MultiPolygon", "coordinates": [ [ [ [ 2509496.926400000229478, 6348672.6672, 0.0 ], [ 2509518.66440000012517, 6348673.5088, 0.0 ], [ 2509518.683000000193715, 6348673.111499999649823, 0.0 ], [ 2509521.1562, 6348673.2072, 0.0 ], [ 2509521.737799999769777, 6348653.5521, 0.0 ], [ 2509497.51130000082776, 6348652.461699998937547, 0.0 ], [ 2509497.123000000137836, 6348666.613800000399351, 0.0 ], [ 2509496.926400000229478, 6348672.6672, 0.0 ] ] ] ] } },
{ "type": "Feature", "properties": { "LAYER": "PARCELARIO_BASE_CATASTRO", "MAP_NAME": "1010_2025.dwg", "ccpp1": "1010 1438", "LAYER_2": "PADRONES_2_VISTALBA" }, "geometry": { "type": "MultiPolygon", "coordinates": [ [ [ [ 2509525.0444, 6348692.52350000012666, 0.0 ], [ 2509525.633899999782443, 6348673.3892, 0.0 ], [ 2509521.1562, 6348673.2072, 0.0 ], [ 2509518.683000000193715, 6348673.111499999649823, 0.0 ], [ 2509518.66440000012517, 6348673.5088, 0.0 ], [ 2509496.926400000229478, 6348672.6672, 0.0 ], [ 2509496.2791, 6348691.647099998779595, 0.0 ], [ 2509525.0444, 6348692.52350000012666, 0.0 ] ] ] ] } },
{ "type": "Feature", "properties": { "LAYER": "PARCELARIO_BASE_CATASTRO", "MAP_NAME": "1010_2025.dwg", "ccpp1": "1010 1471", "LAYER_2": "PADRONES_2_VISTALBA" }, "geometry": { "type": "MultiPolygon", "coordinates": [ [ [ [ 2509284.181100000161678, 6348982.92439999897033, 0.0 ], [ 2509261.916600000113249, 6348981.4232, 0.0 ], [ 2509239.021999999880791, 6348980.260099998675287, 0.0 ], [ 2509242.931400000117719, 6349019.5241, 0.0 ], [ 2509257.470800001174212, 6349020.613300000317395, 0.0 ], [ 2509275.7344, 6349024.357200001366436, 0.0 ], [ 2509284.181100000161678, 6348982.92439999897033, 0.0 ] ] ] ] } },
{ "type": "Feature", "properties": { "LAYER": "PARCELARIO_BASE_CATASTRO", "MAP_NAME": "1010_2025.dwg", "ccpp1": "1010 1422", "LAYER_2": "PADRONES_2_VISTALBA" }, "geometry": { "type": "MultiPolygon", "coordinates": [ [ [ [ 2509031.821100001223385, 6348594.070899998769164, 0.0 ], [ 2509060.620399999897927, 6348594.28899999987334, 0.0 ], [ 2509089.6724, 6348595.028, 0.0 ], [ 2509119.0433, 6348595.848999999463558, 0.0 ], [ 2509148.0507, 6348597.388600000180304, 0.0 ], [ 2509178.3372, 6348598.494199999608099, 0.0 ], [ 2509196.338200000114739, 6348599.122000000439584, 0.0 ], [ 2509365.250349999871105, 6348605.687699999660254, 0.0 ], [ 2509387.107299999799579, 6348607.045400000177324, 0.0 ], [ 2509551.777600000146776, 6348614.487299998290837, 0.0 ], [ 2509555.768699999898672, 6348618.857599998824298, 0.0 ], [ 2509566.701666105072945, 6348583.540986865758896, 0.0 ], [ 2509426.202200000174344, 6348578.9687, 0.0 ], [ 2509409.8372, 6348578.516199998557568, 0.0 ], [ 2509035.2497, 6348568.166899998672307, 0.0 ], [ 2509032.0713, 6348565.735399999655783, 0.0 ], [ 2509031.821100001223385, 6348594.070899998769164, 0.0 ] ] ] ] } },
{ "type": "Feature", "properties": { "LAYER": "PARCELARIO_BASE_CATASTRO", "MAP_NAME": "1010_2025.dwg", "ccpp1": "1010 1346", "LAYER_2": "PADRONES_2_VISTALBA" }, "geometry": { "type": "MultiPolygon", "coordinates": [ [ [ [ 2509429.406100001186132, 6349595.57120000012219, 0.0 ], [ 2509534.5027, 6349602.352099999785423, 0.0 ], [ 2509530.846300000790507, 6349576.1847, 0.0 ], [ 2509475.916400000918657, 6349573.416899999603629, 0.0 ], [ 2509424.188500000163913, 6349570.525799999013543, 0.0 ], [ 2509425.5853, 6349577.170599999837577, 0.0 ], [ 2509427.9232, 6349588.312999999150634, 0.0 ], [ 2509429.406100001186132, 6349595.57120000012219, 0.0 ] ] ] ] } },
{ "type": "Feature", "properties": { "LAYER": "PARCELARIO_BASE_CATASTRO", "MAP_NAME": "1010_2025.dwg", "ccpp1": "1010 1706", "LAYER_2": "PADRONES_2_VISTALBA" }, "geometry": { "type": "MultiPolygon", "coordinates": [ [ [ [ 2509496.3068, 6349539.43059999961406, 0.0 ], [ 2509493.166999999899417, 6349517.525999998673797, 0.0 ], [ 2509467.02779999980703, 6349515.58629999961704, 0.0 ], [ 2509469.032199999783188, 6349537.8915, 0.0 ], [ 2509496.3068, 6349539.43059999961406, 0.0 ] ] ] ] } },
{ "type": "Feature", "properties": { "LAYER": "PARCELARIO_BASE_CATASTRO", "MAP_NAME": "1010_2025.dwg", "ccpp1": "1010 31", "LAYER_2": "PADRONES_2_VISTALBA" }, "geometry": { "type": "MultiPolygon", "coordinates": [ [ [ [ 2510022.702069382183254, 6346715.827851169742644, 0.0 ], [ 2509769.944999951869249, 6346690.206680351868272, 0.0 ], [ 2509664.596829686779529, 6346345.631997146643698, 0.0 ], [ 2509531.6733, 6346364.029500001110137, 0.0 ], [ 2509442.757699954789132, 6346377.086680348962545, 0.0 ], [ 2509364.60529995476827, 6346388.153080347925425, 0.0 ], [ 2509360.206199952866882, 6346388.830080347135663, 0.0 ], [ 2509359.14639995386824, 6346388.98378034774214, 0.0 ], [ 2509358.761499954853207, 6346389.039580347947776, 0.0 ], [ 2509353.214899954851717, 6346389.844180347397923, 0.0 ], [ 2509349.170599952805787, 6346390.430780348367989, 0.0 ], [ 2509323.221499954815954, 6346393.808080348186195, 0.0 ], [ 2509320.284399954136461, 6346394.193080348894, 0.0 ], [ 2509310.921399955172092, 6346395.420380349270999, 0.0 ], [ 2509302.987399954814464, 6346396.455380349420011, 0.0 ], [ 2509298.121699953917414, 6346397.090080348774791, 0.0 ], [ 2509272.782899953890592, 6346400.395480346865952, 0.0 ], [ 2509268.403199953958392, 6346400.966780347749591, 0.0 ], [ 2509264.009999999776483, 6346401.410000001080334, 0.0 ], [ 2509251.720000000204891, 6346403.269999998621643, 0.0 ], [ 2509203.331199999898672, 6346409.6891999989748, 0.0 ], [ 2509189.529999999795109, 6346411.519999999552965, 0.0 ], [ 2509162.04, 6346415.17, 0.0 ], [ 2509150.821099999826401, 6346416.99100000038743, 0.0 ], [ 2509147.395700000226498, 6346509.5016999989748, 0.0 ], [ 2509147.322100000921637, 6346511.178100000135601, 0.0 ], [ 2509136.025100000202656, 6346774.2177, 0.0 ], [ 2509135.513600000180304, 6346785.470700000412762, 0.0 ], [ 2509132.3915, 6346837.327399999834597, 0.0 ], [ 2509497.6776, 6346873.339900000952184, 0.0 ], [ 2509818.307200000155717, 6346904.11629999987781, 0.0 ], [ 2509818.433000000193715, 6346901.580500000156462, 0.0 ], [ 2509818.829, 6346890.836500000208616, 0.0 ], [ 2509813.11670000012964, 6346804.514999999664724, 0.0 ], [ 2509824.080200000200421, 6346805.562699999660254, 0.0 ], [ 2510030.3621, 6346825.266599998809397, 0.0 ], [ 2510029.2371, 6346808.948699998669326, 0.0 ], [ 2510025.4687, 6346755.250099999830127, 0.0 ], [ 2510025.11780000012368, 6346750.250099999830127, 0.0 ], [ 2510024.8443, 6346746.35329999960959, 0.0 ], [ 2510022.702069382183254, 6346715.827851169742644, 0.0 ] ] ] ] } },
{ "type": "Feature", "properties": { "LAYER": "PARCELARIO_BASE_CATASTRO", "MAP_NAME": "1010_2025.dwg", "ccpp1": "1919 170", "LAYER_2": "PADRONES_2_VISTALBA" }, "geometry": { "type": "MultiPolygon", "coordinates": [ [ [ [ 2509308.049999999813735, 6345505.089999999850988, 0.0 ], [ 2509252.819999999832362, 6345412.610000001266599, 0.0 ], [ 2509252.40000000083819, 6345412.839999999850988, 0.0 ], [ 2509230.339999999850988, 6345377.309999998658895, 0.0 ], [ 2509218.77, 6345383.480000000447035, 0.0 ], [ 2509220.984000001102686, 6345387.187599999830127, 0.0 ], [ 2509228.871100000105798, 6345400.389899998903275, 0.0 ], [ 2509236.578799999784678, 6345413.291600000113249, 0.0 ], [ 2509244.7177, 6345426.915400000289083, 0.0 ], [ 2509252.551700000185519, 6345440.034300001338124, 0.0 ], [ 2509260.759999999776483, 6345453.78000000026077, 0.0 ], [ 2509270.160000000149012, 6345469.519999999552965, 0.0 ], [ 2509278.470000000204891, 6345483.440000000409782, 0.0 ], [ 2509295.25, 6345511.549999999813735, 0.0 ], [ 2509308.049999999813735, 6345505.089999999850988, 0.0 ] ] ] ] } },
{ "type": "Feature", "properties": { "LAYER": "PARCELARIO_BASE_CATASTRO", "MAP_NAME": "1010_2025.dwg", "ccpp1": "1919 350", "LAYER_2": "PADRONES_2_VISTALBA" }, "geometry": { "type": "MultiPolygon", "coordinates": [ [ [ [ 2509322.304700000211596, 6345528.958800001069903, 0.0 ], [ 2509331.04, 6345524.339999999850988, 0.0 ], [ 2509312.140000000130385, 6345492.490000000223517, 0.0 ], [ 2509261.879999999888241, 6345407.769999998621643, 0.0 ], [ 2509252.819999999832362, 6345412.610000001266599, 0.0 ], [ 2509308.049999999813735, 6345505.089999999850988, 0.0 ], [ 2509322.304700000211596, 6345528.958800001069903, 0.0 ] ] ] ] } },
{ "type": "Feature", "properties": { "LAYER": "PARCELARIO_BASE_CATASTRO", "MAP_NAME": "1010_2025.dwg", "ccpp1": "1010 2179", "LAYER_2": "PADRONES_2_VISTALBA" }, "geometry": { "type": "MultiPolygon", "coordinates": [ [ [ [ 2510030.3621, 6346825.266599998809397, 0.0 ], [ 2510032.885799999814481, 6346825.492000000551343, 0.0 ], [ 2510429.509999999776483, 6346864.112999999895692, 0.0 ], [ 2510450.936200000811368, 6346866.199399998411536, 0.0 ], [ 2510667.002400000113994, 6346887.865199999883771, 0.0 ], [ 2510668.9956, 6346888.065100000239909, 0.0 ], [ 2510704.934299999848008, 6346889.529500000178814, 0.0 ], [ 2510751.01020000083372, 6346884.146599999628961, 0.0 ], [ 2510756.277499999850988, 6346883.299599999561906, 0.0 ], [ 2510758.976600000169128, 6346870.616999998688698, 0.0 ], [ 2510763.2971, 6346868.3915, 0.0 ], [ 2510738.2116, 6346836.28110000025481, 0.0 ], [ 2510707.2796, 6346796.686900001019239, 0.0 ], [ 2510629.7039, 6346699.889999999664724, 0.0 ], [ 2510545.120800000149757, 6346595.306599999777973, 0.0 ], [ 2510514.969200000166893, 6346556.441899999044836, 0.0 ], [ 2510486.7596, 6346532.618700000457466, 0.0 ], [ 2510471.2804, 6346519.546499998308718, 0.0 ], [ 2510412.710700000170618, 6346462.1074, 0.0 ], [ 2510359.112199999857694, 6346408.977099999785423, 0.0 ], [ 2510334.389700000174344, 6346372.48689999897033, 0.0 ], [ 2510302.134, 6346329.856100001372397, 0.0 ], [ 2510273.7078, 6346297.2363, 0.0 ], [ 2510254.5916, 6346275.299999999813735, 0.0 ], [ 2510246.52779999980703, 6346266.0466, 0.0 ], [ 2510009.150400000158697, 6346299.876599999144673, 0.0 ], [ 2510004.150400000158697, 6346300.589200000278652, 0.0 ], [ 2509999.150400000158697, 6346301.301799999549985, 0.0 ], [ 2509994.150400000158697, 6346302.014399998821318, 0.0 ], [ 2509989.150400000158697, 6346302.727000000886619, 0.0 ], [ 2509984.2418, 6346303.4265, 0.0 ], [ 2509943.893199999816716, 6346309.176799999549985, 0.0 ], [ 2509774.126199999824166, 6346331.324099999852479, 0.0 ], [ 2509775.341099999845028, 6346342.880499999038875, 0.0 ], [ 2509782.176587861962616, 6346407.901998832821846, 0.0 ], [ 2509785.939643561840057, 6346408.264107667841017, 0.0 ], [ 2510002.580699999816716, 6346429.110899998806417, 0.0 ], [ 2510024.8443, 6346746.35329999960959, 0.0 ], [ 2510025.11780000012368, 6346750.250099999830127, 0.0 ], [ 2510025.4687, 6346755.250099999830127, 0.0 ], [ 2510029.2371, 6346808.948699998669326, 0.0 ], [ 2510030.3621, 6346825.266599998809397, 0.0 ] ] ] ] } },
{ "type": "Feature", "properties": { "LAYER": "PARCELARIO_BASE_CATASTRO", "MAP_NAME": "1010_2025.dwg", "ccpp1": "1919 349", "LAYER_2": "PADRONES_2_VISTALBA" }, "geometry": { "type": "MultiPolygon", "coordinates": [ [ [ [ 2509240.259999999776483, 6345564.980000000447035, 0.0 ], [ 2509251.569999999832362, 6345560.900000000372529, 0.0 ], [ 2509232.94, 6345530.410000000149012, 0.0 ], [ 2509221.549999999813735, 6345534.46999999973923, 0.0 ], [ 2509223.930000000167638, 6345538.25, 0.0 ], [ 2509240.259999999776483, 6345564.980000000447035, 0.0 ] ] ] ] } },
{ "type": "Feature", "properties": { "LAYER": "PARCELARIO_BASE_CATASTRO", "MAP_NAME": "1010_2025.dwg", "ccpp1": "1010 1472", "LAYER_2": "PADRONES_2_VISTALBA" }, "geometry": { "type": "MultiPolygon", "coordinates": [ [ [ [ 2508480.399500001221895, 6348723.6458, 0.0 ], [ 2508484.143000000156462, 6348719.457499999552965, 0.0 ], [ 2508487.955, 6348722.866899999789894, 0.0 ], [ 2508501.313, 6348709.1223, 0.0 ], [ 2508468.3964, 6348678.886699999682605, 0.0 ], [ 2508460.099, 6348705.528599999845028, 0.0 ], [ 2508480.399500001221895, 6348723.6458, 0.0 ] ] ] ] } },
{ "type": "Feature", "properties": { "LAYER": "PARCELARIO_BASE_CATASTRO", "MAP_NAME": "1010_2025.dwg", "ccpp1": "1010 1468", "LAYER_2": "PADRONES_2_VISTALBA" }, "geometry": { "type": "MultiPolygon", "coordinates": [ [ [ [ 2508745.973600000143051, 6345285.691599998623133, 0.0 ], [ 2508715.8169, 6345287.5938, 0.0 ], [ 2508739.480000000912696, 6345328.570000000298023, 0.0 ], [ 2508763.120000000111759, 6345314.900000000372529, 0.0 ], [ 2508757.92, 6345306.04, 0.0 ], [ 2508745.973600000143051, 6345285.691599998623133, 0.0 ] ] ] ] } },
{ "type": "Feature", "properties": { "LAYER": "PARCELARIO_BASE_CATASTRO", "MAP_NAME": "1010_2025.dwg", "ccpp1": "1010 486", "LAYER_2": "PADRONES_2_VISTALBA" }, "geometry": { "type": "MultiPolygon", "coordinates": [ [ [ [ 2509245.2508, 6348573.959300000220537, 0.0 ], [ 2509261.244099999777973, 6348574.402200000360608, 0.0 ], [ 2509263.530000001192093, 6348524.450000001117587, 0.0 ], [ 2509247.549999999813735, 6348524.019999999552965, 0.0 ], [ 2509245.2508, 6348573.959300000220537, 0.0 ] ] ] ] } },
{ "type": "Feature", "properties": { "LAYER": "PARCELARIO_BASE_CATASTRO", "MAP_NAME": "1010_2025.dwg", "ccpp1": "1010 1400", "LAYER_2": "PADRONES_2_VISTALBA" }, "geometry": { "type": "MultiPolygon", "coordinates": [ [ [ [ 2509099.58320000115782, 6347123.2308, 0.0 ], [ 2509100.1244, 6347118.320799998939037, 0.0 ], [ 2509112.036100000143051, 6347119.032200001180172, 0.0 ], [ 2509112.297500000800937, 6347115.047799999825656, 0.0 ], [ 2509100.125099999830127, 6347114.32079999987036, 0.0 ], [ 2509100.125399999786168, 6347112.968800000846386, 0.0 ], [ 2509100.125700000207871, 6347111.320799998939037, 0.0 ], [ 2509092.530900000128895, 6347104.970200000330806, 0.0 ], [ 2509070.605000000912696, 6347103.1667, 0.0 ], [ 2509070.405900000128895, 6347105.585, 0.0 ], [ 2509070.358900000806898, 6347106.156600000336766, 0.0 ], [ 2508802.77309999987483, 6347078.456200000829995, 0.0 ], [ 2508780.840900000184774, 6347076.232999999076128, 0.0 ], [ 2508780.174800000153482, 6347076.165499999187887, 0.0 ], [ 2508765.2412, 6347074.651700000278652, 0.0 ], [ 2508758.735400000121444, 6347078.644699999131262, 0.0 ], [ 2508755.551200000103563, 6347080.568199998699129, 0.0 ], [ 2508736.203300000168383, 6347092.473899999633431, 0.0 ], [ 2508735.2042, 6347093.087100001052022, 0.0 ], [ 2508710.090300001204014, 6347105.9381, 0.0 ], [ 2508506.214000000152737, 6347082.237599999643862, 0.0 ], [ 2508506.020899999886751, 6347084.447800000198185, 0.0 ], [ 2508505.809900000225753, 6347086.862700000405312, 0.0 ], [ 2508504.633100000210106, 6347100.331600000150502, 0.0 ], [ 2508504.473199999891222, 6347102.1617, 0.0 ], [ 2508676.9635, 6347121.800099999643862, 0.0 ], [ 2508713.9002, 6347126.005400000140071, 0.0 ], [ 2508729.2094, 6347116.0844, 0.0 ], [ 2508757.054700001142919, 6347098.03940000012517, 0.0 ], [ 2508757.0567, 6347098.021799998357892, 0.0 ], [ 2508757.694800000172108, 6347097.624599998816848, 0.0 ], [ 2508764.767, 6347093.222499998286366, 0.0 ], [ 2508779.3586, 6347094.485600000247359, 0.0 ], [ 2508801.282500000204891, 6347096.383500001393259, 0.0 ], [ 2509069.4235, 6347124.739400001242757, 0.0 ], [ 2509069.17750000115484, 6347127.729299999773502, 0.0 ], [ 2509092.001300000119954, 6347129.596800000406802, 0.0 ], [ 2509099.58320000115782, 6347123.2308, 0.0 ] ] ] ] } },
{ "type": "Feature", "properties": { "LAYER": "PARCELARIO_BASE_CATASTRO", "MAP_NAME": "1010_2025.dwg", "ccpp1": "1010 1462", "LAYER_2": "PADRONES_2_VISTALBA" }, "geometry": { "type": "MultiPolygon", "coordinates": [ [ [ [ 2509211.092300000134856, 6348767.395899999886751, 0.0 ], [ 2509239.574899999890476, 6348768.588200000114739, 0.0 ], [ 2509240.280300000216812, 6348749.593299998901784, 0.0 ], [ 2509211.8309, 6348748.416000001132488, 0.0 ], [ 2509211.092300000134856, 6348767.395899999886751, 0.0 ] ] ] ] } },
{ "type": "Feature", "properties": { "LAYER": "PARCELARIO_BASE_CATASTRO", "MAP_NAME": "1010_2025.dwg", "ccpp1": "1010 1463", "LAYER_2": "PADRONES_2_VISTALBA" }, "geometry": { "type": "MultiPolygon", "coordinates": [ [ [ [ 2509245.572000000160187, 6348768.839999998919666, 0.0 ], [ 2509274.481100000906736, 6348770.055100001394749, 0.0 ], [ 2509275.148, 6348751.040400001220405, 0.0 ], [ 2509246.278, 6348749.842199999839067, 0.0 ], [ 2509245.572000000160187, 6348768.839999998919666, 0.0 ] ] ] ] } },
{ "type": "Feature", "properties": { "LAYER": "PARCELARIO_BASE_CATASTRO", "MAP_NAME": "1010_2025.dwg", "ccpp1": "1010 1465", "LAYER_2": "PADRONES_2_VISTALBA" }, "geometry": { "type": "MultiPolygon", "coordinates": [ [ [ [ 2509246.278, 6348749.842199999839067, 0.0 ], [ 2509275.148, 6348751.040400001220405, 0.0 ], [ 2509275.8503, 6348731.911000001244247, 0.0 ], [ 2509246.986099999863654, 6348730.829299997538328, 0.0 ], [ 2509246.278, 6348749.842199999839067, 0.0 ] ] ] ] } },
{ "type": "Feature", "properties": { "LAYER": "PARCELARIO_BASE_CATASTRO", "MAP_NAME": "1010_2025.dwg", "ccpp1": "1010 1464", "LAYER_2": "PADRONES_2_VISTALBA" }, "geometry": { "type": "MultiPolygon", "coordinates": [ [ [ [ 2509211.8309, 6348748.416000001132488, 0.0 ], [ 2509240.280300000216812, 6348749.593299998901784, 0.0 ], [ 2509240.987800001166761, 6348730.583200000226498, 0.0 ], [ 2509236.555499999783933, 6348730.607200001366436, 0.0 ], [ 2509212.566800000146031, 6348729.578300000168383, 0.0 ], [ 2509211.8309, 6348748.416000001132488, 0.0 ] ] ] ] } },
{ "type": "Feature", "properties": { "LAYER": "PARCELARIO_BASE_CATASTRO", "MAP_NAME": "1010_2025.dwg", "ccpp1": "1010 1466", "LAYER_2": "PADRONES_2_VISTALBA" }, "geometry": { "type": "MultiPolygon", "coordinates": [ [ [ [ 2509275.8503, 6348731.911000001244247, 0.0 ], [ 2509276.509600000921637, 6348712.24930000025779, 0.0 ], [ 2509256.7886, 6348711.799700001254678, 0.0 ], [ 2509237.3405, 6348710.587000000290573, 0.0 ], [ 2509236.555499999783933, 6348730.607200001366436, 0.0 ], [ 2509240.987800001166761, 6348730.583200000226498, 0.0 ], [ 2509246.986099999863654, 6348730.829299997538328, 0.0 ], [ 2509275.8503, 6348731.911000001244247, 0.0 ] ] ] ] } },
{ "type": "Feature", "properties": { "LAYER": "PARCELARIO_BASE_CATASTRO", "MAP_NAME": "1010_2025.dwg", "ccpp1": "1010 1467", "LAYER_2": "PADRONES_2_VISTALBA" }, "geometry": { "type": "MultiPolygon", "coordinates": [ [ [ [ 2509239.574899999890476, 6348768.588200000114739, 0.0 ], [ 2509245.572000000160187, 6348768.839999998919666, 0.0 ], [ 2509246.278, 6348749.842199999839067, 0.0 ], [ 2509246.986099999863654, 6348730.829299997538328, 0.0 ], [ 2509240.987800001166761, 6348730.583200000226498, 0.0 ], [ 2509240.280300000216812, 6348749.593299998901784, 0.0 ], [ 2509239.574899999890476, 6348768.588200000114739, 0.0 ] ] ] ] } },
{ "type": "Feature", "properties": { "LAYER": "PARCELARIO_BASE_CATASTRO", "MAP_NAME": "1010_2025.dwg", "ccpp1": "1010 1434", "LAYER_2": "PADRONES_2_VISTALBA" }, "geometry": { "type": "MultiPolygon", "coordinates": [ [ [ [ 2509053.1201, 6348568.658300000242889, 0.0 ], [ 2509069.3108, 6348569.10329999960959, 0.0 ], [ 2509072.06, 6348510.307799998670816, 0.0 ], [ 2509055.8599, 6348510.051499999128282, 0.0 ], [ 2509053.1201, 6348568.658300000242889, 0.0 ] ] ] ] } },
{ "type": "Feature", "properties": { "LAYER": "PARCELARIO_BASE_CATASTRO", "MAP_NAME": "1010_2025.dwg", "ccpp1": "1010 1435", "LAYER_2": "PADRONES_2_VISTALBA" }, "geometry": { "type": "MultiPolygon", "coordinates": [ [ [ [ 2509069.3108, 6348569.10329999960959, 0.0 ], [ 2509085.241600001230836, 6348569.541599999181926, 0.0 ], [ 2509087.570000001229346, 6348519.71, 0.0 ], [ 2509088.0, 6348510.559999999590218, 0.0 ], [ 2509072.06, 6348510.307799998670816, 0.0 ], [ 2509069.3108, 6348569.10329999960959, 0.0 ] ] ] ] } },
{ "type": "Feature", "properties": { "LAYER": "PARCELARIO_BASE_CATASTRO", "MAP_NAME": "1010_2025.dwg", "ccpp1": "1010 1490", "LAYER_2": "PADRONES_2_VISTALBA" }, "geometry": { "type": "MultiPolygon", "coordinates": [ [ [ [ 2509101.521800000220537, 6349040.293799999170005, 0.0 ], [ 2509127.158600000198931, 6349067.126799999736249, 0.0 ], [ 2509142.028899999801069, 6349053.062999999150634, 0.0 ], [ 2509117.131, 6349025.956299998797476, 0.0 ], [ 2509101.521800000220537, 6349040.293799999170005, 0.0 ] ] ] ] } },
{ "type": "Feature", "properties": { "LAYER": "PARCELARIO_BASE_CATASTRO", "MAP_NAME": "1010_2025.dwg", "ccpp1": "1010 1492", "LAYER_2": "PADRONES_2_VISTALBA" }, "geometry": { "type": "MultiPolygon", "coordinates": [ [ [ [ 2509112.614900000859052, 6349080.854299999773502, 0.0 ], [ 2509114.2769, 6349079.253399999812245, 0.0 ], [ 2509127.158600000198931, 6349067.126799999736249, 0.0 ], [ 2509101.521800000220537, 6349040.293799999170005, 0.0 ], [ 2509086.887399999890476, 6349053.6195, 0.0 ], [ 2509112.614900000859052, 6349080.854299999773502, 0.0 ] ] ] ] } },
{ "type": "Feature", "properties": { "LAYER": "PARCELARIO_BASE_CATASTRO", "MAP_NAME": "1010_2025.dwg", "ccpp1": "1010 1489", "LAYER_2": "PADRONES_2_VISTALBA" }, "geometry": { "type": "MultiPolygon", "coordinates": [ [ [ [ 2509289.25400000018999, 6349182.406100001186132, 0.0 ], [ 2509340.380599999800324, 6349185.380400000140071, 0.0 ], [ 2509341.3772, 6349165.12980000115931, 0.0 ], [ 2509290.192499999888241, 6349163.3361, 0.0 ], [ 2509289.25400000018999, 6349182.406100001186132, 0.0 ] ] ] ] } },
{ "type": "Feature", "properties": { "LAYER": "PARCELARIO_BASE_CATASTRO", "MAP_NAME": "1010_2025.dwg", "ccpp1": "1010 1480", "LAYER_2": "PADRONES_2_VISTALBA" }, "geometry": { "type": "MultiPolygon", "coordinates": [ [ [ [ 2509331.545394715853035, 6348879.020945002324879, 0.0 ], [ 2509372.524393803905696, 6348880.322973718866706, 0.0 ], [ 2509373.292795905843377, 6348856.335007717832923, 0.0 ], [ 2509373.302194810006768, 6348855.837797956541181, 0.0 ], [ 2509332.323399181943387, 6348854.536804451607168, 0.0 ], [ 2509331.545394715853035, 6348879.020945002324879, 0.0 ] ] ] ] } },
{ "type": "Feature", "properties": { "LAYER": "PARCELARIO_BASE_CATASTRO", "MAP_NAME": "1010_2025.dwg", "ccpp1": "1010 1478", "LAYER_2": "PADRONES_2_VISTALBA" }, "geometry": { "type": "MultiPolygon", "coordinates": [ [ [ [ 2509374.0169299361296, 6348833.348789552226663, 0.0 ], [ 2509374.55739918211475, 6348816.355804450809956, 0.0 ], [ 2509374.731664055027068, 6348810.859812861308455, 0.0 ], [ 2509329.754753344226629, 6348809.431815695948899, 0.0 ], [ 2509329.040076767094433, 6348831.92079421505332, 0.0 ], [ 2509374.0169299361296, 6348833.348789552226663, 0.0 ] ] ] ] } },
{ "type": "Feature", "properties": { "LAYER": "PARCELARIO_BASE_CATASTRO", "MAP_NAME": "1010_2025.dwg", "ccpp1": "1010 1483", "LAYER_2": "PADRONES_2_VISTALBA" }, "geometry": { "type": "MultiPolygon", "coordinates": [ [ [ [ 2508807.299999999813735, 6345390.120000001043081, 0.0 ], [ 2508795.15, 6345369.429999998770654, 0.0 ], [ 2508780.240000000223517, 6345344.04, 0.0 ], [ 2508763.120000000111759, 6345314.900000000372529, 0.0 ], [ 2508739.480000000912696, 6345328.570000000298023, 0.0 ], [ 2508676.692799999844283, 6345219.844799999147654, 0.0 ], [ 2508673.379999999888241, 6345220.0, 0.0 ], [ 2508769.860000000800937, 6345387.070000001229346, 0.0 ], [ 2508780.549999999813735, 6345405.58, 0.0 ], [ 2508807.299999999813735, 6345390.120000001043081, 0.0 ] ] ] ] } },
{ "type": "Feature", "properties": { "LAYER": "PARCELARIO_BASE_CATASTRO", "MAP_NAME": "1010_2025.dwg", "ccpp1": "1919 245", "LAYER_2": "PADRONES_2_VISTALBA" }, "geometry": { "type": "MultiPolygon", "coordinates": [ [ [ [ 2509016.519999999087304, 6345591.559999999590218, 0.0 ], [ 2509045.2506, 6345589.6787, 0.0 ], [ 2509034.42, 6345571.360000000335276, 0.0 ], [ 2508972.29, 6345466.339999999850988, 0.0 ], [ 2508943.569999999832362, 6345468.059999998658895, 0.0 ], [ 2508986.109999999869615, 6345540.58, 0.0 ], [ 2509009.009999999776483, 6345579.579999999143183, 0.0 ], [ 2509016.519999999087304, 6345591.559999999590218, 0.0 ] ] ] ] } },
{ "type": "Feature", "properties": { "LAYER": "PARCELARIO_BASE_CATASTRO", "MAP_NAME": "1010_2025.dwg", "ccpp1": "1010 1451", "LAYER_2": "PADRONES_2_VISTALBA" }, "geometry": { "type": "MultiPolygon", "coordinates": [ [ [ [ 2508745.809500000905246, 6345437.000300001353025, 0.0 ], [ 2508789.955699999816716, 6345434.200299998745322, 0.0 ], [ 2508776.6708, 6345411.1996, 0.0 ], [ 2508732.049100000876933, 6345414.030599998310208, 0.0 ], [ 2508732.551400000229478, 6345414.86909999884665, 0.0 ], [ 2508745.809500000905246, 6345437.000300001353025, 0.0 ] ] ] ] } },
{ "type": "Feature", "properties": { "LAYER": "PARCELARIO_BASE_CATASTRO", "MAP_NAME": "1010_2025.dwg", "ccpp1": "1010 1452", "LAYER_2": "PADRONES_2_VISTALBA" }, "geometry": { "type": "MultiPolygon", "coordinates": [ [ [ [ 2508732.049022804014385, 6345414.030504897236824, 0.0 ], [ 2508776.6708, 6345411.1996, 0.0 ], [ 2508763.04, 6345387.599999999627471, 0.0 ], [ 2508759.779999999795109, 6345387.870000000111759, 0.0 ], [ 2508718.33, 6345391.129999999888241, 0.0 ], [ 2508732.049022804014385, 6345414.030504897236824, 0.0 ] ] ] ] } },
{ "type": "Feature", "properties": { "LAYER": "PARCELARIO_BASE_CATASTRO", "MAP_NAME": "1010_2025.dwg", "ccpp1": "1010 1484", "LAYER_2": "PADRONES_2_VISTALBA" }, "geometry": { "type": "MultiPolygon", "coordinates": [ [ [ [ 2510068.521000000182539, 6347902.061700000427663, 0.0 ], [ 2510079.31650000018999, 6347902.470200000330806, 0.0 ], [ 2510091.29950000019744, 6347902.918399998918176, 0.0 ], [ 2510121.680700000841171, 6347875.828300000168383, 0.0 ], [ 2510108.3621, 6347862.414900000207126, 0.0 ], [ 2510088.7643, 6347878.2604, 0.0 ], [ 2510069.182200000155717, 6347894.0926, 0.0 ], [ 2510068.521000000182539, 6347902.061700000427663, 0.0 ] ] ] ] } },
{ "type": "Feature", "properties": { "LAYER": "PARCELARIO_BASE_CATASTRO", "MAP_NAME": "1010_2025.dwg", "ccpp1": "1010 1493", "LAYER_2": "PADRONES_2_VISTALBA" }, "geometry": { "type": "MultiPolygon", "coordinates": [ [ [ [ 2509097.622400000225753, 6349094.597199998795986, 0.0 ], [ 2509097.788199999835342, 6349094.455500001087785, 0.0 ], [ 2509112.614900000859052, 6349080.854299999773502, 0.0 ], [ 2509086.887399999890476, 6349053.6195, 0.0 ], [ 2509069.6869, 6349061.540400001220405, 0.0 ], [ 2509069.958200000226498, 6349062.135599998757243, 0.0 ], [ 2509054.842029391787946, 6349068.872133812867105, 0.0 ], [ 2509071.222, 6349087.716099999845028, 0.0 ], [ 2509081.736600000876933, 6349077.308400000445545, 0.0 ], [ 2509097.622400000225753, 6349094.597199998795986, 0.0 ] ] ] ] } },
{ "type": "Feature", "properties": { "LAYER": "PARCELARIO_BASE_CATASTRO", "MAP_NAME": "1010_2025.dwg", "ccpp1": "1010 1494", "LAYER_2": "PADRONES_2_VISTALBA" }, "geometry": { "type": "MultiPolygon", "coordinates": [ [ [ [ 2509340.380599999800324, 6349185.380400000140071, 0.0 ], [ 2509289.25400000018999, 6349182.406100001186132, 0.0 ], [ 2509289.2059, 6349183.456299998797476, 0.0 ], [ 2509288.284900000784546, 6349203.583700000308454, 0.0 ], [ 2509339.339499999769032, 6349205.434399998746812, 0.0 ], [ 2509340.380599999800324, 6349185.380400000140071, 0.0 ] ] ] ] } },
{ "type": "Feature", "properties": { "LAYER": "PARCELARIO_BASE_CATASTRO", "MAP_NAME": "1010_2025.dwg", "ccpp1": "1010 1587", "LAYER_2": "PADRONES_2_VISTALBA" }, "geometry": { "type": "MultiPolygon", "coordinates": [ [ [ [ 2509069.958200000226498, 6349062.135599998757243, 0.0 ], [ 2509065.871900000143796, 6349052.649500000290573, 0.0 ], [ 2509066.135600000154227, 6349048.233199999667704, 0.0 ], [ 2509025.199799999129027, 6349045.799200000241399, 0.0 ], [ 2509024.4605, 6349053.177899999544024, 0.0 ], [ 2509025.3248, 6349061.491600000299513, 0.0 ], [ 2509028.7281, 6349069.448200000450015, 0.0 ], [ 2509032.5241, 6349077.579400000162423, 0.0 ], [ 2509033.0524, 6349078.582700000144541, 0.0 ], [ 2509069.958200000226498, 6349062.135599998757243, 0.0 ] ] ] ] } },
{ "type": "Feature", "properties": { "LAYER": "PARCELARIO_BASE_CATASTRO", "MAP_NAME": "1010_2025.dwg", "ccpp1": "1010 1586", "LAYER_2": "PADRONES_2_VISTALBA" }, "geometry": { "type": "MultiPolygon", "coordinates": [ [ [ [ 2509066.135600000154227, 6349048.233199999667704, 0.0 ], [ 2509066.253899999894202, 6349027.823300000280142, 0.0 ], [ 2509026.797600000165403, 6349025.844200000166893, 0.0 ], [ 2509025.199799999129027, 6349045.799200000241399, 0.0 ], [ 2509066.135600000154227, 6349048.233199999667704, 0.0 ] ] ] ] } },
{ "type": "Feature", "properties": { "LAYER": "PARCELARIO_BASE_CATASTRO", "MAP_NAME": "1010_2025.dwg", "ccpp1": "1010 1584", "LAYER_2": "PADRONES_2_VISTALBA" }, "geometry": { "type": "MultiPolygon", "coordinates": [ [ [ [ 2509028.0324, 6349006.460900000296533, 0.0 ], [ 2509066.758899999782443, 6349007.809100001119077, 0.0 ], [ 2509067.208500000182539, 6348987.965300000272691, 0.0 ], [ 2509028.617100000847131, 6348986.762500000186265, 0.0 ], [ 2509028.0324, 6349006.460900000296533, 0.0 ] ] ] ] } },
{ "type": "Feature", "properties": { "LAYER": "PARCELARIO_BASE_CATASTRO", "MAP_NAME": "1010_2025.dwg", "ccpp1": "1010 1583", "LAYER_2": "PADRONES_2_VISTALBA" }, "geometry": { "type": "MultiPolygon", "coordinates": [ [ [ [ 2509028.617100000847131, 6348986.762500000186265, 0.0 ], [ 2509067.208500000182539, 6348987.965300000272691, 0.0 ], [ 2509067.612799999769777, 6348967.696700000204146, 0.0 ], [ 2509029.1453, 6348966.380300001241267, 0.0 ], [ 2509028.617100000847131, 6348986.762500000186265, 0.0 ] ] ] ] } },
{ "type": "Feature", "properties": { "LAYER": "PARCELARIO_BASE_CATASTRO", "MAP_NAME": "1010_2025.dwg", "ccpp1": "1010 1582", "LAYER_2": "PADRONES_2_VISTALBA" }, "geometry": { "type": "MultiPolygon", "coordinates": [ [ [ [ 2509067.612799999769777, 6348967.696700000204146, 0.0 ], [ 2509073.485100000165403, 6348967.831299999728799, 0.0 ], [ 2509074.274499999824911, 6348947.7972, 0.0 ], [ 2509060.973799999803305, 6348947.275100000202656, 0.0 ], [ 2509045.3432, 6348946.671799998730421, 0.0 ], [ 2509029.578199999872595, 6348946.088899999856949, 0.0 ], [ 2509029.1453, 6348966.380300001241267, 0.0 ], [ 2509067.612799999769777, 6348967.696700000204146, 0.0 ] ] ] ] } },
{ "type": "Feature", "properties": { "LAYER": "PARCELARIO_BASE_CATASTRO", "MAP_NAME": "1010_2025.dwg", "ccpp1": "1010 1576", "LAYER_2": "PADRONES_2_VISTALBA" }, "geometry": { "type": "MultiPolygon", "coordinates": [ [ [ [ 2509073.485100000165403, 6348967.831299999728799, 0.0 ], [ 2509107.579800000879914, 6348969.416899998672307, 0.0 ], [ 2509107.712799999862909, 6348966.972, 0.0 ], [ 2509108.373500000219792, 6348949.140599999576807, 0.0 ], [ 2509093.3051, 6348948.547399999573827, 0.0 ], [ 2509077.274600000120699, 6348947.915199999697506, 0.0 ], [ 2509074.27500000083819, 6348947.7972, 0.0 ], [ 2509073.485100000165403, 6348967.831299999728799, 0.0 ] ] ] ] } },
{ "type": "Feature", "properties": { "LAYER": "PARCELARIO_BASE_CATASTRO", "MAP_NAME": "1010_2025.dwg", "ccpp1": "1010 1575", "LAYER_2": "PADRONES_2_VISTALBA" }, "geometry": { "type": "MultiPolygon", "coordinates": [ [ [ [ 2509067.208500000182539, 6348987.965300000272691, 0.0 ], [ 2509107.0178, 6348989.118700001388788, 0.0 ], [ 2509107.5781, 6348969.416500000283122, 0.0 ], [ 2509073.485100000165403, 6348967.831299999728799, 0.0 ], [ 2509067.612799999769777, 6348967.696700000204146, 0.0 ], [ 2509067.208500000182539, 6348987.965300000272691, 0.0 ] ] ] ] } },
{ "type": "Feature", "properties": { "LAYER": "PARCELARIO_BASE_CATASTRO", "MAP_NAME": "1010_2025.dwg", "ccpp1": "1010 1501", "LAYER_2": "PADRONES_2_VISTALBA" }, "geometry": { "type": "MultiPolygon", "coordinates": [ [ [ [ 2509066.253899999894202, 6349027.823300000280142, 0.0 ], [ 2509110.0499, 6349006.9655, 0.0 ], [ 2509107.0178, 6348989.118700001388788, 0.0 ], [ 2509067.208500000182539, 6348987.965300000272691, 0.0 ], [ 2509066.758899999782443, 6349007.809100001119077, 0.0 ], [ 2509066.253899999894202, 6349027.823300000280142, 0.0 ] ] ] ] } },
{ "type": "Feature", "properties": { "LAYER": "PARCELARIO_BASE_CATASTRO", "MAP_NAME": "1010_2025.dwg", "ccpp1": "1010 1574", "LAYER_2": "PADRONES_2_VISTALBA" }, "geometry": { "type": "MultiPolygon", "coordinates": [ [ [ [ 2509086.887399999890476, 6349053.6195, 0.0 ], [ 2509101.521800000220537, 6349040.293799999170005, 0.0 ], [ 2509117.131, 6349025.956299998797476, 0.0 ], [ 2509110.0499, 6349006.9655, 0.0 ], [ 2509066.253899999894202, 6349027.823300000280142, 0.0 ], [ 2509066.135600000154227, 6349048.233199999667704, 0.0 ], [ 2509065.871900000143796, 6349052.649500000290573, 0.0 ], [ 2509069.6869, 6349061.540400001220405, 0.0 ], [ 2509086.887399999890476, 6349053.6195, 0.0 ] ] ] ] } },
{ "type": "Feature", "properties": { "LAYER": "PARCELARIO_BASE_CATASTRO", "MAP_NAME": "1010_2025.dwg", "ccpp1": "1010 1581", "LAYER_2": "PADRONES_2_VISTALBA" }, "geometry": { "type": "MultiPolygon", "coordinates": [ [ [ [ 2509029.578199999872595, 6348946.088899999856949, 0.0 ], [ 2509045.3432, 6348946.671799998730421, 0.0 ], [ 2509046.8745, 6348905.301400000229478, 0.0 ], [ 2509030.925499999895692, 6348904.8964, 0.0 ], [ 2509029.578199999872595, 6348946.088899999856949, 0.0 ] ] ] ] } },
{ "type": "Feature", "properties": { "LAYER": "PARCELARIO_BASE_CATASTRO", "MAP_NAME": "1010_2025.dwg", "ccpp1": "1010 1580", "LAYER_2": "PADRONES_2_VISTALBA" }, "geometry": { "type": "MultiPolygon", "coordinates": [ [ [ [ 2509045.3432, 6348946.671799998730421, 0.0 ], [ 2509060.973799999803305, 6348947.275100000202656, 0.0 ], [ 2509062.515500000212342, 6348905.789599998854101, 0.0 ], [ 2509046.8745, 6348905.301400000229478, 0.0 ], [ 2509045.3432, 6348946.671799998730421, 0.0 ] ] ] ] } },
{ "type": "Feature", "properties": { "LAYER": "PARCELARIO_BASE_CATASTRO", "MAP_NAME": "1010_2025.dwg", "ccpp1": "1010 1579", "LAYER_2": "PADRONES_2_VISTALBA" }, "geometry": { "type": "MultiPolygon", "coordinates": [ [ [ [ 2509074.2749, 6348947.7972, 0.0 ], [ 2509077.274499999824911, 6348947.91509999986738, 0.0 ], [ 2509078.8103, 6348906.345499998889863, 0.0 ], [ 2509062.516100000124425, 6348905.789599998854101, 0.0 ], [ 2509060.9739, 6348947.275100000202656, 0.0 ], [ 2509074.2749, 6348947.7972, 0.0 ] ] ] ] } },
{ "type": "Feature", "properties": { "LAYER": "PARCELARIO_BASE_CATASTRO", "MAP_NAME": "1010_2025.dwg", "ccpp1": "1010 1578", "LAYER_2": "PADRONES_2_VISTALBA" }, "geometry": { "type": "MultiPolygon", "coordinates": [ [ [ [ 2509077.274600000120699, 6348947.915199999697506, 0.0 ], [ 2509093.3051, 6348948.547399999573827, 0.0 ], [ 2509094.9452, 6348906.952200000174344, 0.0 ], [ 2509078.810699999798089, 6348906.345800001174212, 0.0 ], [ 2509077.274600000120699, 6348947.915199999697506, 0.0 ] ] ] ] } },
{ "type": "Feature", "properties": { "LAYER": "PARCELARIO_BASE_CATASTRO", "MAP_NAME": "1010_2025.dwg", "ccpp1": "1010 1577", "LAYER_2": "PADRONES_2_VISTALBA" }, "geometry": { "type": "MultiPolygon", "coordinates": [ [ [ [ 2509108.373500000219792, 6348949.140599999576807, 0.0 ], [ 2509110.57120000012219, 6348907.821100000292063, 0.0 ], [ 2509094.9452, 6348906.952200000174344, 0.0 ], [ 2509093.3051, 6348948.547399999573827, 0.0 ], [ 2509108.373500000219792, 6348949.140599999576807, 0.0 ] ] ] ] } },
{ "type": "Feature", "properties": { "LAYER": "PARCELARIO_BASE_CATASTRO", "MAP_NAME": "1010_2025.dwg", "ccpp1": "1010 1573", "LAYER_2": "PADRONES_2_VISTALBA" }, "geometry": { "type": "MultiPolygon", "coordinates": [ [ [ [ 2509131.0682, 6349018.587000000290573, 0.0 ], [ 2509149.171500000171363, 6349000.550699999555945, 0.0 ], [ 2509172.927500000223517, 6348989.1716, 0.0 ], [ 2509169.354600000195205, 6348977.657200000248849, 0.0 ], [ 2509122.8194, 6348982.194500000216067, 0.0 ], [ 2509122.7031, 6348987.291600000113249, 0.0 ], [ 2509125.8841, 6349003.454699999652803, 0.0 ], [ 2509131.0682, 6349018.587000000290573, 0.0 ] ] ] ] } },
{ "type": "Feature", "properties": { "LAYER": "PARCELARIO_BASE_CATASTRO", "MAP_NAME": "1010_2025.dwg", "ccpp1": "1010 1572", "LAYER_2": "PADRONES_2_VISTALBA" }, "geometry": { "type": "MultiPolygon", "coordinates": [ [ [ [ 2509169.354600000195205, 6348977.657200000248849, 0.0 ], [ 2509169.2358, 6348977.248200000263751, 0.0 ], [ 2509169.8097, 6348959.7851, 0.0 ], [ 2509124.359300000127405, 6348958.475200000219047, 0.0 ], [ 2509122.8194, 6348982.194500000216067, 0.0 ], [ 2509169.354600000195205, 6348977.657200000248849, 0.0 ] ] ] ] } },
{ "type": "Feature", "properties": { "LAYER": "PARCELARIO_BASE_CATASTRO", "MAP_NAME": "1010_2025.dwg", "ccpp1": "1010 1571", "LAYER_2": "PADRONES_2_VISTALBA" }, "geometry": { "type": "MultiPolygon", "coordinates": [ [ [ [ 2509169.8097, 6348959.7851, 0.0 ], [ 2509170.250099999830127, 6348943.9183, 0.0 ], [ 2509170.322499999776483, 6348939.681900000199676, 0.0 ], [ 2509125.383899999782443, 6348938.132199998944998, 0.0 ], [ 2509124.359400000888854, 6348958.47620000038296, 0.0 ], [ 2509169.8097, 6348959.7851, 0.0 ] ] ] ] } },
{ "type": "Feature", "properties": { "LAYER": "PARCELARIO_BASE_CATASTRO", "MAP_NAME": "1010_2025.dwg", "ccpp1": "1010 1570", "LAYER_2": "PADRONES_2_VISTALBA" }, "geometry": { "type": "MultiPolygon", "coordinates": [ [ [ [ 2509170.322499999776483, 6348939.681900000199676, 0.0 ], [ 2509170.7484, 6348920.701899999752641, 0.0 ], [ 2509170.841399999801069, 6348918.86629999987781, 0.0 ], [ 2509126.3901, 6348917.88289999961853, 0.0 ], [ 2509125.383899999782443, 6348938.132199998944998, 0.0 ], [ 2509170.322499999776483, 6348939.681900000199676, 0.0 ] ] ] ] } },
{ "type": "Feature", "properties": { "LAYER": "PARCELARIO_BASE_CATASTRO", "MAP_NAME": "1010_2025.dwg", "ccpp1": "1010 1569", "LAYER_2": "PADRONES_2_VISTALBA" }, "geometry": { "type": "MultiPolygon", "coordinates": [ [ [ [ 2509171.3668, 6348900.461199998855591, 0.0 ], [ 2509171.249600000213832, 6348900.4572, 0.0 ], [ 2509127.468100000172853, 6348898.740600000135601, 0.0 ], [ 2509126.3901, 6348917.88289999961853, 0.0 ], [ 2509170.841399999801069, 6348918.86629999987781, 0.0 ], [ 2509171.3668, 6348900.461199998855591, 0.0 ] ] ] ] } },
{ "type": "Feature", "properties": { "LAYER": "PARCELARIO_BASE_CATASTRO", "MAP_NAME": "1010_2025.dwg", "ccpp1": "1010 1568", "LAYER_2": "PADRONES_2_VISTALBA" }, "geometry": { "type": "MultiPolygon", "coordinates": [ [ [ [ 2509218.037899999879301, 6348902.026100001297891, 0.0 ], [ 2509171.249600000213832, 6348900.4572, 0.0 ], [ 2509170.7484, 6348920.701899999752641, 0.0 ], [ 2509217.548600000794977, 6348921.057099999859929, 0.0 ], [ 2509218.037899999879301, 6348902.026100001297891, 0.0 ] ] ] ] } },
{ "type": "Feature", "properties": { "LAYER": "PARCELARIO_BASE_CATASTRO", "MAP_NAME": "1010_2025.dwg", "ccpp1": "1010 1567", "LAYER_2": "PADRONES_2_VISTALBA" }, "geometry": { "type": "MultiPolygon", "coordinates": [ [ [ [ 2509170.2508, 6348943.9181999983266, 0.0 ], [ 2509221.0537, 6348944.65440000128001, 0.0 ], [ 2509220.973600001074374, 6348943.6266, 0.0 ], [ 2509217.0362, 6348940.939299999736249, 0.0 ], [ 2509217.548600000794977, 6348921.057099999859929, 0.0 ], [ 2509170.7484, 6348920.701899999752641, 0.0 ], [ 2509170.3229, 6348939.681900000199676, 0.0 ], [ 2509170.2508, 6348943.9181999983266, 0.0 ] ] ] ] } },
{ "type": "Feature", "properties": { "LAYER": "PARCELARIO_BASE_CATASTRO", "MAP_NAME": "1010_2025.dwg", "ccpp1": "1010 1566", "LAYER_2": "PADRONES_2_VISTALBA" }, "geometry": { "type": "MultiPolygon", "coordinates": [ [ [ [ 2509222.5718, 6348964.151200000196695, 0.0 ], [ 2509169.7467, 6348962.229500000365078, 0.0 ], [ 2509169.235500000882894, 6348977.248200000263751, 0.0 ], [ 2509169.354600000195205, 6348977.657200000248849, 0.0 ], [ 2509172.927500000223517, 6348989.1716, 0.0 ], [ 2509197.636099999770522, 6348982.223600001074374, 0.0 ], [ 2509223.749900000169873, 6348979.3295, 0.0 ], [ 2509222.5718, 6348964.151200000196695, 0.0 ] ] ] ] } },
{ "type": "Feature", "properties": { "LAYER": "PARCELARIO_BASE_CATASTRO", "MAP_NAME": "1010_2025.dwg", "ccpp1": "1010 1562", "LAYER_2": "PADRONES_2_VISTALBA" }, "geometry": { "type": "MultiPolygon", "coordinates": [ [ [ [ 2509149.562599999830127, 6349001.153999999165535, 0.0 ], [ 2509149.171500000171363, 6349000.550699999555945, 0.0 ], [ 2509131.0682, 6349018.587000000290573, 0.0 ], [ 2509152.483700000215322, 6349041.540699999779463, 0.0 ], [ 2509156.212299999780953, 6349041.6968, 0.0 ], [ 2509170.932300000917166, 6349034.11360000167042, 0.0 ], [ 2509149.562599999830127, 6349001.153999999165535, 0.0 ] ] ] ] } },
{ "type": "Feature", "properties": { "LAYER": "PARCELARIO_BASE_CATASTRO", "MAP_NAME": "1010_2025.dwg", "ccpp1": "1010 1563", "LAYER_2": "PADRONES_2_VISTALBA" }, "geometry": { "type": "MultiPolygon", "coordinates": [ [ [ [ 2509188.430800000205636, 6349025.147699999623001, 0.0 ], [ 2509172.927500000223517, 6348989.1716, 0.0 ], [ 2509149.171500000171363, 6349000.550699999555945, 0.0 ], [ 2509170.932300000917166, 6349034.11360000167042, 0.0 ], [ 2509188.430800000205636, 6349025.147699999623001, 0.0 ] ] ] ] } },
{ "type": "Feature", "properties": { "LAYER": "PARCELARIO_BASE_CATASTRO", "MAP_NAME": "1010_2025.dwg", "ccpp1": "1010 1564", "LAYER_2": "PADRONES_2_VISTALBA" }, "geometry": { "type": "MultiPolygon", "coordinates": [ [ [ [ 2509206.574500000104308, 6349022.079800000414252, 0.0 ], [ 2509197.63630000082776, 6348982.2237, 0.0 ], [ 2509172.927500000223517, 6348989.1716, 0.0 ], [ 2509188.430800000205636, 6349025.147699999623001, 0.0 ], [ 2509206.3007, 6349022.097799999639392, 0.0 ], [ 2509206.574500000104308, 6349022.079800000414252, 0.0 ] ] ] ] } },
{ "type": "Feature", "properties": { "LAYER": "PARCELARIO_BASE_CATASTRO", "MAP_NAME": "1010_2025.dwg", "ccpp1": "1010 1565", "LAYER_2": "PADRONES_2_VISTALBA" }, "geometry": { "type": "MultiPolygon", "coordinates": [ [ [ [ 2509197.636099999770522, 6348982.223600001074374, 0.0 ], [ 2509206.574500000104308, 6349022.079800000414252, 0.0 ], [ 2509226.6044, 6349020.731599998660386, 0.0 ], [ 2509223.749900000169873, 6348979.3295, 0.0 ], [ 2509197.636099999770522, 6348982.223600001074374, 0.0 ] ] ] ] } },
{ "type": "Feature", "properties": { "LAYER": "PARCELARIO_BASE_CATASTRO", "MAP_NAME": "1010_2025.dwg", "ccpp1": "1010 1553", "LAYER_2": "PADRONES_2_VISTALBA" }, "geometry": { "type": "MultiPolygon", "coordinates": [ [ [ [ 2509294.826900000218302, 6349028.306699998676777, 0.0 ], [ 2509301.4498, 6348989.647099998779595, 0.0 ], [ 2509284.181100000161678, 6348982.92439999897033, 0.0 ], [ 2509275.7344, 6349024.357200001366436, 0.0 ], [ 2509294.826900000218302, 6349028.306699998676777, 0.0 ] ] ] ] } },
{ "type": "Feature", "properties": { "LAYER": "PARCELARIO_BASE_CATASTRO", "MAP_NAME": "1010_2025.dwg", "ccpp1": "1010 1559", "LAYER_2": "PADRONES_2_VISTALBA" }, "geometry": { "type": "MultiPolygon", "coordinates": [ [ [ [ 2509301.4498, 6348989.647099998779595, 0.0 ], [ 2509322.421900000888854, 6348963.072599999606609, 0.0 ], [ 2509318.1387, 6348956.326500000432134, 0.0 ], [ 2509316.817100000102073, 6348947.540400001220405, 0.0 ], [ 2509284.9131, 6348942.444199999794364, 0.0 ], [ 2509284.3429, 6348962.646099999547005, 0.0 ], [ 2509284.181100000161678, 6348982.92439999897033, 0.0 ], [ 2509301.4498, 6348989.647099998779595, 0.0 ] ] ] ] } },
{ "type": "Feature", "properties": { "LAYER": "PARCELARIO_BASE_CATASTRO", "MAP_NAME": "1010_2025.dwg", "ccpp1": "1010 1557", "LAYER_2": "PADRONES_2_VISTALBA" }, "geometry": { "type": "MultiPolygon", "coordinates": [ [ [ [ 2509341.800299999769777, 6348948.121600000187755, 0.0 ], [ 2509342.665500000119209, 6348907.150100000202656, 0.0 ], [ 2509313.131, 6348906.221699999645352, 0.0 ], [ 2509312.7971, 6348915.503399998880923, 0.0 ], [ 2509323.28940000012517, 6348939.187300000339746, 0.0 ], [ 2509328.6445, 6348937.317499999888241, 0.0 ], [ 2509334.91080000018701, 6348938.845200000330806, 0.0 ], [ 2509339.007899999152869, 6348942.870699999853969, 0.0 ], [ 2509341.800299999769777, 6348948.121600000187755, 0.0 ] ] ] ] } },
{ "type": "Feature", "properties": { "LAYER": "PARCELARIO_BASE_CATASTRO", "MAP_NAME": "1010_2025.dwg", "ccpp1": "1010 1556", "LAYER_2": "PADRONES_2_VISTALBA" }, "geometry": { "type": "MultiPolygon", "coordinates": [ [ [ [ 2509360.453799999784678, 6348957.115399999544024, 0.0 ], [ 2509361.31650000018999, 6348907.7226, 0.0 ], [ 2509342.665500000119209, 6348907.150100000202656, 0.0 ], [ 2509341.800299999769777, 6348948.121600000187755, 0.0 ], [ 2509341.6741, 6348954.3277000002563, 0.0 ], [ 2509360.453799999784678, 6348957.115399999544024, 0.0 ] ] ] ] } },
{ "type": "Feature", "properties": { "LAYER": "PARCELARIO_BASE_CATASTRO", "MAP_NAME": "1010_2025.dwg", "ccpp1": "1010 1555", "LAYER_2": "PADRONES_2_VISTALBA" }, "geometry": { "type": "MultiPolygon", "coordinates": [ [ [ [ 2509378.73810000019148, 6348959.880199998617172, 0.0 ], [ 2509378.862800001166761, 6348956.635300001129508, 0.0 ], [ 2509380.624299999792129, 6348908.30420000012964, 0.0 ], [ 2509361.5216, 6348907.731599998660386, 0.0 ], [ 2509361.316100000869483, 6348907.722500000149012, 0.0 ], [ 2509360.453700000885874, 6348957.115399999544024, 0.0 ], [ 2509378.73810000019148, 6348959.880199998617172, 0.0 ] ] ] ] } },
{ "type": "Feature", "properties": { "LAYER": "PARCELARIO_BASE_CATASTRO", "MAP_NAME": "1010_2025.dwg", "ccpp1": "1010 2234", "LAYER_2": "PADRONES_2_VISTALBA" }, "geometry": { "type": "MultiPolygon", "coordinates": [ [ [ [ 2509239.021999999880791, 6348980.260099998675287, 0.0 ], [ 2509261.916600000113249, 6348981.4232, 0.0 ], [ 2509284.181100000161678, 6348982.92439999897033, 0.0 ], [ 2509284.333162685856223, 6348963.866471832618117, 0.0 ], [ 2509237.861489500850439, 6348961.796535462141037, 0.0 ], [ 2509239.021999999880791, 6348980.260099998675287, 0.0 ] ] ] ] } },
{ "type": "Feature", "properties": { "LAYER": "PARCELARIO_BASE_CATASTRO", "MAP_NAME": "1010_2025.dwg", "ccpp1": "1010 1558", "LAYER_2": "PADRONES_2_VISTALBA" }, "geometry": { "type": "MultiPolygon", "coordinates": [ [ [ [ 2509284.9131, 6348942.444199999794364, 0.0 ], [ 2509316.8163, 6348947.539800000376999, 0.0 ], [ 2509319.525299999862909, 6348943.280600000172853, 0.0 ], [ 2509323.28899999987334, 6348939.18680000025779, 0.0 ], [ 2509312.797300000209361, 6348915.503399998880923, 0.0 ], [ 2509313.1313, 6348906.221800000406802, 0.0 ], [ 2509242.581799999810755, 6348903.834599998779595, 0.0 ], [ 2509242.571100001223385, 6348941.6743, 0.0 ], [ 2509284.9131, 6348942.444199999794364, 0.0 ] ] ] ] } },
{ "type": "Feature", "properties": { "LAYER": "PARCELARIO_BASE_CATASTRO", "MAP_NAME": "1010_2025.dwg", "ccpp1": "1010 1554", "LAYER_2": "PADRONES_2_VISTALBA" }, "geometry": { "type": "MultiPolygon", "coordinates": [ [ [ [ 2509324.251447319053113, 6349034.240711215883493, 0.0 ], [ 2509366.486, 6349042.758100000210106, 0.0 ], [ 2509371.900299999862909, 6349023.835699998773634, 0.0 ], [ 2509375.778400000184774, 6349006.262699998915195, 0.0 ], [ 2509378.508500000927597, 6348974.426900000311434, 0.0 ], [ 2509338.197999999858439, 6348969.2719, 0.0 ], [ 2509336.280239113140851, 6348968.518310727551579, 0.0 ], [ 2509330.252371152862906, 6349001.453119056299329, 0.0 ], [ 2509324.251447319053113, 6349034.240711215883493, 0.0 ] ] ] ] } },
{ "type": "Feature", "properties": { "LAYER": "PARCELARIO_BASE_CATASTRO", "MAP_NAME": "1010_2025.dwg", "ccpp1": "1010 1552", "LAYER_2": "PADRONES_2_VISTALBA" }, "geometry": { "type": "MultiPolygon", "coordinates": [ [ [ [ 2509433.482600000221282, 6348997.141099998727441, 0.0 ], [ 2509433.987600000109524, 6348977.8646, 0.0 ], [ 2509394.1064, 6348976.159099999815226, 0.0 ], [ 2509393.7601, 6348995.67339999973774, 0.0 ], [ 2509414.0537, 6348995.249699999578297, 0.0 ], [ 2509433.482600000221282, 6348997.141099998727441, 0.0 ] ] ] ] } },
{ "type": "Feature", "properties": { "LAYER": "PARCELARIO_BASE_CATASTRO", "MAP_NAME": "1010_2025.dwg", "ccpp1": "1010 1550", "LAYER_2": "PADRONES_2_VISTALBA" }, "geometry": { "type": "MultiPolygon", "coordinates": [ [ [ [ 2509434.513499999884516, 6348958.567800000309944, 0.0 ], [ 2509434.7517, 6348940.435600001364946, 0.0 ], [ 2509394.262500000186265, 6348939.225200000219047, 0.0 ], [ 2509394.262699999846518, 6348957.2292, 0.0 ], [ 2509434.513499999884516, 6348958.567800000309944, 0.0 ] ] ] ] } },
{ "type": "Feature", "properties": { "LAYER": "PARCELARIO_BASE_CATASTRO", "MAP_NAME": "1010_2025.dwg", "ccpp1": "1010 1549", "LAYER_2": "PADRONES_2_VISTALBA" }, "geometry": { "type": "MultiPolygon", "coordinates": [ [ [ [ 2509434.7517, 6348940.435600001364946, 0.0 ], [ 2509435.541600000113249, 6348921.960400000214577, 0.0 ], [ 2509394.475700001232326, 6348920.285699999891222, 0.0 ], [ 2509394.262500000186265, 6348939.225200000219047, 0.0 ], [ 2509434.7517, 6348940.435600001364946, 0.0 ] ] ] ] } },
{ "type": "Feature", "properties": { "LAYER": "PARCELARIO_BASE_CATASTRO", "MAP_NAME": "1010_2025.dwg", "ccpp1": "1010 1547", "LAYER_2": "PADRONES_2_VISTALBA" }, "geometry": { "type": "MultiPolygon", "coordinates": [ [ [ [ 2509474.4879, 6348960.197700001299381, 0.0 ], [ 2509474.9531, 6348941.579900000244379, 0.0 ], [ 2509434.7517, 6348940.435600001364946, 0.0 ], [ 2509434.513499999884516, 6348958.567800000309944, 0.0 ], [ 2509474.4879, 6348960.197700001299381, 0.0 ] ] ] ] } },
{ "type": "Feature", "properties": { "LAYER": "PARCELARIO_BASE_CATASTRO", "MAP_NAME": "1010_2025.dwg", "ccpp1": "1010 1548", "LAYER_2": "PADRONES_2_VISTALBA" }, "geometry": { "type": "MultiPolygon", "coordinates": [ [ [ [ 2509434.7517, 6348940.435600001364946, 0.0 ], [ 2509474.9531, 6348941.579900000244379, 0.0 ], [ 2509474.877400000113994, 6348922.994800000451505, 0.0 ], [ 2509435.541600000113249, 6348921.960400000214577, 0.0 ], [ 2509434.7517, 6348940.435600001364946, 0.0 ] ] ] ] } },
{ "type": "Feature", "properties": { "LAYER": "PARCELARIO_BASE_CATASTRO", "MAP_NAME": "1010_2025.dwg", "ccpp1": "1010 1539", "LAYER_2": "PADRONES_2_VISTALBA" }, "geometry": { "type": "MultiPolygon", "coordinates": [ [ [ [ 2509542.702, 6348984.6069, 0.0 ], [ 2509543.8029, 6348965.537200000137091, 0.0 ], [ 2509493.921500000171363, 6348963.286999999545515, 0.0 ], [ 2509493.2133, 6348982.2555, 0.0 ], [ 2509542.702, 6348984.6069, 0.0 ] ] ] ] } },
{ "type": "Feature", "properties": { "LAYER": "PARCELARIO_BASE_CATASTRO", "MAP_NAME": "1010_2025.dwg", "ccpp1": "1010 1540", "LAYER_2": "PADRONES_2_VISTALBA" }, "geometry": { "type": "MultiPolygon", "coordinates": [ [ [ [ 2509543.8029, 6348965.537200000137091, 0.0 ], [ 2509544.907800000160933, 6348946.802199999801815, 0.0 ], [ 2509494.584799999836832, 6348945.2489, 0.0 ], [ 2509493.921500000171363, 6348963.286999999545515, 0.0 ], [ 2509543.8029, 6348965.537200000137091, 0.0 ] ] ] ] } },
{ "type": "Feature", "properties": { "LAYER": "PARCELARIO_BASE_CATASTRO", "MAP_NAME": "1010_2025.dwg", "ccpp1": "1010 1883", "LAYER_2": "PADRONES_2_VISTALBA" }, "geometry": { "type": "MultiPolygon", "coordinates": [ [ [ [ 2509495.371965330094099, 6348907.442149643786252, 0.0 ], [ 2509494.978900000918657, 6348927.948099999688566, 0.0 ], [ 2509494.58490000013262, 6348945.2489, 0.0 ], [ 2509544.907800000160933, 6348946.802199999801815, 0.0 ], [ 2509546.041300000157207, 6348928.034199999645352, 0.0 ], [ 2509547.899000001139939, 6348909.73759999871254, 0.0 ], [ 2509547.965900000184774, 6348909.365500000305474, 0.0 ], [ 2509495.371965330094099, 6348907.442149643786252, 0.0 ] ] ] ] } },
{ "type": "Feature", "properties": { "LAYER": "PARCELARIO_BASE_CATASTRO", "MAP_NAME": "1010_2025.dwg", "ccpp1": "1010 1543", "LAYER_2": "PADRONES_2_VISTALBA" }, "geometry": { "type": "MultiPolygon", "coordinates": [ [ [ [ 2509414.0537, 6348995.249699999578297, 0.0 ], [ 2509393.7601, 6348995.67339999973774, 0.0 ], [ 2509390.820000001229346, 6349013.401600001379848, 0.0 ], [ 2509386.784, 6349030.788999998942018, 0.0 ], [ 2509382.255599999800324, 6349046.6946, 0.0 ], [ 2509411.0866, 6349044.697200000286102, 0.0 ], [ 2509414.0537, 6348995.249699999578297, 0.0 ] ] ] ] } },
{ "type": "Feature", "properties": { "LAYER": "PARCELARIO_BASE_CATASTRO", "MAP_NAME": "1010_2025.dwg", "ccpp1": "1010 1544", "LAYER_2": "PADRONES_2_VISTALBA" }, "geometry": { "type": "MultiPolygon", "coordinates": [ [ [ [ 2509433.482600000221282, 6348997.141099998727441, 0.0 ], [ 2509414.0537, 6348995.249699999578297, 0.0 ], [ 2509411.0866, 6349044.697200000286102, 0.0 ], [ 2509432.284799999091774, 6349040.0537, 0.0 ], [ 2509432.93180000083521, 6349016.883399999700487, 0.0 ], [ 2509433.4688, 6348997.653400000184774, 0.0 ], [ 2509433.482600000221282, 6348997.141099998727441, 0.0 ] ] ] ] } },
{ "type": "Feature", "properties": { "LAYER": "PARCELARIO_BASE_CATASTRO", "MAP_NAME": "1010_2025.dwg", "ccpp1": "1010 1545", "LAYER_2": "PADRONES_2_VISTALBA" }, "geometry": { "type": "MultiPolygon", "coordinates": [ [ [ [ 2509450.466400001198053, 6349033.7072, 0.0 ], [ 2509453.085900001227856, 6348998.24170000012964, 0.0 ], [ 2509433.4688, 6348997.653400000184774, 0.0 ], [ 2509432.284799999091774, 6349040.0537, 0.0 ], [ 2509450.466400001198053, 6349033.7072, 0.0 ] ] ] ] } },
{ "type": "Feature", "properties": { "LAYER": "PARCELARIO_BASE_CATASTRO", "MAP_NAME": "1010_2025.dwg", "ccpp1": "1010 1546", "LAYER_2": "PADRONES_2_VISTALBA" }, "geometry": { "type": "MultiPolygon", "coordinates": [ [ [ [ 2509472.4622, 6349031.118400000967085, 0.0 ], [ 2509473.617100000847131, 6348998.713000001385808, 0.0 ], [ 2509453.085900001227856, 6348998.24170000012964, 0.0 ], [ 2509450.466400001198053, 6349033.7072, 0.0 ], [ 2509472.4622, 6349031.118400000967085, 0.0 ] ] ] ] } },
{ "type": "Feature", "properties": { "LAYER": "PARCELARIO_BASE_CATASTRO", "MAP_NAME": "1010_2025.dwg", "ccpp1": "1010 1497", "LAYER_2": "PADRONES_2_VISTALBA" }, "geometry": { "type": "MultiPolygon", "coordinates": [ [ [ [ 2509435.591300000902265, 6349179.038499998860061, 0.0 ], [ 2509395.252599999774247, 6349177.532100001350045, 0.0 ], [ 2509395.2133, 6349178.1842, 0.0 ], [ 2509392.537099999841303, 6349197.716699999757111, 0.0 ], [ 2509392.821099999826401, 6349197.722900001332164, 0.0 ], [ 2509433.519799999892712, 6349198.686499999836087, 0.0 ], [ 2509435.591300000902265, 6349179.038499998860061, 0.0 ] ] ] ] } },
{ "type": "Feature", "properties": { "LAYER": "PARCELARIO_BASE_CATASTRO", "MAP_NAME": "1010_2025.dwg", "ccpp1": "1010 1498", "LAYER_2": "PADRONES_2_VISTALBA" }, "geometry": { "type": "MultiPolygon", "coordinates": [ [ [ [ 2509395.252599999774247, 6349177.532100001350045, 0.0 ], [ 2509435.591300000902265, 6349179.038499998860061, 0.0 ], [ 2509437.011, 6349160.617199998348951, 0.0 ], [ 2509397.346800000872463, 6349159.356499999761581, 0.0 ], [ 2509395.252599999774247, 6349177.532100001350045, 0.0 ] ] ] ] } },
{ "type": "Feature", "properties": { "LAYER": "PARCELARIO_BASE_CATASTRO", "MAP_NAME": "1010_2025.dwg", "ccpp1": "1010 1533", "LAYER_2": "PADRONES_2_VISTALBA" }, "geometry": { "type": "MultiPolygon", "coordinates": [ [ [ [ 2509397.346800000872463, 6349159.356499999761581, 0.0 ], [ 2509437.011, 6349160.617199998348951, 0.0 ], [ 2509437.147100000176579, 6349158.057099998928607, 0.0 ], [ 2509439.510499999858439, 6349143.502299998886883, 0.0 ], [ 2509398.2281, 6349141.940100000239909, 0.0 ], [ 2509397.346800000872463, 6349159.356499999761581, 0.0 ] ] ] ] } },
{ "type": "Feature", "properties": { "LAYER": "PARCELARIO_BASE_CATASTRO", "MAP_NAME": "1010_2025.dwg", "ccpp1": "1010 1534", "LAYER_2": "PADRONES_2_VISTALBA" }, "geometry": { "type": "MultiPolygon", "coordinates": [ [ [ [ 2509358.2601, 6349140.757799998857081, 0.0 ], [ 2509398.28830000013113, 6349140.879700001329184, 0.0 ], [ 2509399.332299999892712, 6349119.66370000038296, 0.0 ], [ 2509359.849899999797344, 6349117.791500000283122, 0.0 ], [ 2509359.5417, 6349120.9786, 0.0 ], [ 2509358.2601, 6349140.757799998857081, 0.0 ] ] ] ] } },
{ "type": "Feature", "properties": { "LAYER": "PARCELARIO_BASE_CATASTRO", "MAP_NAME": "1010_2025.dwg", "ccpp1": "1010 1535", "LAYER_2": "PADRONES_2_VISTALBA" }, "geometry": { "type": "MultiPolygon", "coordinates": [ [ [ [ 2509357.229499999899417, 6349159.2072, 0.0 ], [ 2509397.346800000872463, 6349159.356499999761581, 0.0 ], [ 2509398.227400001138449, 6349141.93989999871701, 0.0 ], [ 2509398.2878, 6349140.879099999554455, 0.0 ], [ 2509358.2601, 6349140.757799998857081, 0.0 ], [ 2509357.229499999899417, 6349159.2072, 0.0 ] ] ] ] } },
{ "type": "Feature", "properties": { "LAYER": "PARCELARIO_BASE_CATASTRO", "MAP_NAME": "1010_2025.dwg", "ccpp1": "1010 1499", "LAYER_2": "PADRONES_2_VISTALBA" }, "geometry": { "type": "MultiPolygon", "coordinates": [ [ [ [ 2509395.2133, 6349178.1842, 0.0 ], [ 2509395.252599999774247, 6349177.532100001350045, 0.0 ], [ 2509397.346800000872463, 6349159.356499999761581, 0.0 ], [ 2509357.229499999899417, 6349159.2072, 0.0 ], [ 2509355.661999999079853, 6349178.185200001113117, 0.0 ], [ 2509395.2133, 6349178.1842, 0.0 ] ] ] ] } },
{ "type": "Feature", "properties": { "LAYER": "PARCELARIO_BASE_CATASTRO", "MAP_NAME": "1010_2025.dwg", "ccpp1": "1010 1496", "LAYER_2": "PADRONES_2_VISTALBA" }, "geometry": { "type": "MultiPolygon", "coordinates": [ [ [ [ 2509392.537099999841303, 6349197.716699999757111, 0.0 ], [ 2509395.2133, 6349178.1842, 0.0 ], [ 2509355.661999999079853, 6349178.185200001113117, 0.0 ], [ 2509354.3295, 6349197.213999999687076, 0.0 ], [ 2509392.537099999841303, 6349197.716699999757111, 0.0 ] ] ] ] } },
{ "type": "Feature", "properties": { "LAYER": "PARCELARIO_BASE_CATASTRO", "MAP_NAME": "1010_2025.dwg", "ccpp1": "1010 1520", "LAYER_2": "PADRONES_2_VISTALBA" }, "geometry": { "type": "MultiPolygon", "coordinates": [ [ [ [ 2509294.9967, 6349146.666799999773502, 0.0 ], [ 2509342.345499999821186, 6349145.191599998623133, 0.0 ], [ 2509342.892, 6349129.606200000271201, 0.0 ], [ 2509343.009200000204146, 6349128.020700000226498, 0.0 ], [ 2509300.303999999072403, 6349119.541299999691546, 0.0 ], [ 2509294.9967, 6349146.666799999773502, 0.0 ] ] ] ] } },
{ "type": "Feature", "properties": { "LAYER": "PARCELARIO_BASE_CATASTRO", "MAP_NAME": "1010_2025.dwg", "ccpp1": "1010 1500", "LAYER_2": "PADRONES_2_VISTALBA" }, "geometry": { "type": "MultiPolygon", "coordinates": [ [ [ [ 2509343.009200000204146, 6349128.020700000226498, 0.0 ], [ 2509344.029699999839067, 6349108.088899999856949, 0.0 ], [ 2509344.235299999825656, 6349106.46750000026077, 0.0 ], [ 2509327.6025, 6349103.1173, 0.0 ], [ 2509307.9392, 6349099.046400000341237, 0.0 ], [ 2509304.9032, 6349098.446700001135468, 0.0 ], [ 2509300.303999999072403, 6349119.541299999691546, 0.0 ], [ 2509343.009200000204146, 6349128.020700000226498, 0.0 ] ] ] ] } },
{ "type": "Feature", "properties": { "LAYER": "PARCELARIO_BASE_CATASTRO", "MAP_NAME": "1010_2025.dwg", "ccpp1": "1010 1529", "LAYER_2": "PADRONES_2_VISTALBA" }, "geometry": { "type": "MultiPolygon", "coordinates": [ [ [ [ 2509263.765800000168383, 6349128.832600000314415, 0.0 ], [ 2509300.303999999072403, 6349119.541299999691546, 0.0 ], [ 2509304.9032, 6349098.446700001135468, 0.0 ], [ 2509290.367999999783933, 6349095.623499999754131, 0.0 ], [ 2509272.532100000884384, 6349092.166000000201166, 0.0 ], [ 2509255.278699999209493, 6349119.3032, 0.0 ], [ 2509260.764099999796599, 6349123.032800000160933, 0.0 ], [ 2509263.765800000168383, 6349128.832600000314415, 0.0 ] ] ] ] } },
{ "type": "Feature", "properties": { "LAYER": "PARCELARIO_BASE_CATASTRO", "MAP_NAME": "1010_2025.dwg", "ccpp1": "1010 1530", "LAYER_2": "PADRONES_2_VISTALBA" }, "geometry": { "type": "MultiPolygon", "coordinates": [ [ [ [ 2509294.9967, 6349146.666799999773502, 0.0 ], [ 2509300.303999999072403, 6349119.541299999691546, 0.0 ], [ 2509263.765800000168383, 6349128.832600000314415, 0.0 ], [ 2509262.405499999877065, 6349136.01410000026226, 0.0 ], [ 2509258.96, 6349139.913500001654029, 0.0 ], [ 2509251.6573, 6349142.490299998782575, 0.0 ], [ 2509294.9967, 6349146.666799999773502, 0.0 ] ] ] ] } },
{ "type": "Feature", "properties": { "LAYER": "PARCELARIO_BASE_CATASTRO", "MAP_NAME": "1010_2025.dwg", "ccpp1": "1010 1531", "LAYER_2": "PADRONES_2_VISTALBA" }, "geometry": { "type": "MultiPolygon", "coordinates": [ [ [ [ 2509240.580699999816716, 6349161.838000001385808, 0.0 ], [ 2509290.192499999888241, 6349163.3361, 0.0 ], [ 2509294.9967, 6349146.666799999773502, 0.0 ], [ 2509251.6573, 6349142.490299998782575, 0.0 ], [ 2509240.840799999888986, 6349141.1793, 0.0 ], [ 2509237.7599, 6349143.191200000233948, 0.0 ], [ 2509240.580699999816716, 6349161.838000001385808, 0.0 ] ] ] ] } },
{ "type": "Feature", "properties": { "LAYER": "PARCELARIO_BASE_CATASTRO", "MAP_NAME": "1010_2025.dwg", "ccpp1": "1010 1532", "LAYER_2": "PADRONES_2_VISTALBA" }, "geometry": { "type": "MultiPolygon", "coordinates": [ [ [ [ 2509289.25400000018999, 6349182.406100001186132, 0.0 ], [ 2509290.192499999888241, 6349163.3361, 0.0 ], [ 2509240.580699999816716, 6349161.838000001385808, 0.0 ], [ 2509240.6798, 6349162.60020000115037, 0.0 ], [ 2509239.540399999823421, 6349181.699900000356138, 0.0 ], [ 2509289.2059, 6349183.456299998797476, 0.0 ], [ 2509289.25400000018999, 6349182.406100001186132, 0.0 ] ] ] ] } },
{ "type": "Feature", "properties": { "LAYER": "PARCELARIO_BASE_CATASTRO", "MAP_NAME": "1010_2025.dwg", "ccpp1": "1010 1519", "LAYER_2": "PADRONES_2_VISTALBA" }, "geometry": { "type": "MultiPolygon", "coordinates": [ [ [ [ 2509289.205699999816716, 6349183.455299999564886, 0.0 ], [ 2509239.540399999823421, 6349181.699900000356138, 0.0 ], [ 2509238.612499999813735, 6349201.78309999871999, 0.0 ], [ 2509288.284900000784546, 6349203.583700000308454, 0.0 ], [ 2509289.205699999816716, 6349183.455299999564886, 0.0 ] ] ] ] } },
{ "type": "Feature", "properties": { "LAYER": "PARCELARIO_BASE_CATASTRO", "MAP_NAME": "1010_2025.dwg", "ccpp1": "1010 1616", "LAYER_2": "PADRONES_2_VISTALBA" }, "geometry": { "type": "MultiPolygon", "coordinates": [ [ [ [ 2509225.599400000181049, 6349081.797399999573827, 0.0 ], [ 2509218.971599999815226, 6349046.647199999541044, 0.0 ], [ 2509207.669600000139326, 6349047.5038, 0.0 ], [ 2509197.530600000172853, 6349049.808500000275671, 0.0 ], [ 2509191.9824, 6349051.054100000299513, 0.0 ], [ 2509170.69510000012815, 6349062.171299998648465, 0.0 ], [ 2509200.034899999853224, 6349093.640599999576807, 0.0 ], [ 2509210.971800000872463, 6349088.587899998761714, 0.0 ], [ 2509225.599400000181049, 6349081.797399999573827, 0.0 ] ] ] ] } },
{ "type": "Feature", "properties": { "LAYER": "PARCELARIO_BASE_CATASTRO", "MAP_NAME": "1010_2025.dwg", "ccpp1": "1010 1528", "LAYER_2": "PADRONES_2_VISTALBA" }, "geometry": { "type": "MultiPolygon", "coordinates": [ [ [ [ 2509238.3183, 6349116.448200001381338, 0.0 ], [ 2509225.599400000181049, 6349081.797399999573827, 0.0 ], [ 2509210.971800000872463, 6349088.587899998761714, 0.0 ], [ 2509200.034899999853224, 6349093.640599999576807, 0.0 ], [ 2509225.8794, 6349122.391599998809397, 0.0 ], [ 2509231.5631, 6349118.543100001290441, 0.0 ], [ 2509238.118300000205636, 6349116.4348, 0.0 ], [ 2509238.3183, 6349116.448200001381338, 0.0 ] ] ] ] } },
{ "type": "Feature", "properties": { "LAYER": "PARCELARIO_BASE_CATASTRO", "MAP_NAME": "1010_2025.dwg", "ccpp1": "1010 1524", "LAYER_2": "PADRONES_2_VISTALBA" }, "geometry": { "type": "MultiPolygon", "coordinates": [ [ [ [ 2509272.532100000884384, 6349092.166000000201166, 0.0 ], [ 2509290.367999999783933, 6349095.623499999754131, 0.0 ], [ 2509296.2618, 6349053.553800000809133, 0.0 ], [ 2509278.8339, 6349049.646099999547005, 0.0 ], [ 2509272.532100000884384, 6349092.166000000201166, 0.0 ] ] ] ] } },
{ "type": "Feature", "properties": { "LAYER": "PARCELARIO_BASE_CATASTRO", "MAP_NAME": "1010_2025.dwg", "ccpp1": "1010 1523", "LAYER_2": "PADRONES_2_VISTALBA" }, "geometry": { "type": "MultiPolygon", "coordinates": [ [ [ [ 2509304.9032, 6349098.446700001135468, 0.0 ], [ 2509307.9392, 6349099.046400000341237, 0.0 ], [ 2509315.101600000169128, 6349057.7078, 0.0 ], [ 2509296.2618, 6349053.552899999544024, 0.0 ], [ 2509290.367999999783933, 6349095.623499999754131, 0.0 ], [ 2509304.9032, 6349098.446700001135468, 0.0 ] ] ] ] } },
{ "type": "Feature", "properties": { "LAYER": "PARCELARIO_BASE_CATASTRO", "MAP_NAME": "1010_2025.dwg", "ccpp1": "1010 1522", "LAYER_2": "PADRONES_2_VISTALBA" }, "geometry": { "type": "MultiPolygon", "coordinates": [ [ [ [ 2509307.9392, 6349099.046400000341237, 0.0 ], [ 2509327.6025, 6349103.1173, 0.0 ], [ 2509333.639599999878556, 6349061.569699998944998, 0.0 ], [ 2509315.101600000169128, 6349057.7078, 0.0 ], [ 2509307.9392, 6349099.046400000341237, 0.0 ] ] ] ] } },
{ "type": "Feature", "properties": { "LAYER": "PARCELARIO_BASE_CATASTRO", "MAP_NAME": "1010_2025.dwg", "ccpp1": "1010 1521", "LAYER_2": "PADRONES_2_VISTALBA" }, "geometry": { "type": "MultiPolygon", "coordinates": [ [ [ [ 2509327.6025, 6349103.1173, 0.0 ], [ 2509344.235299999825656, 6349106.46750000026077, 0.0 ], [ 2509349.860900000203401, 6349065.140700000338256, 0.0 ], [ 2509333.639599999878556, 6349061.569699998944998, 0.0 ], [ 2509327.6025, 6349103.1173, 0.0 ] ] ] ] } },
{ "type": "Feature", "properties": { "LAYER": "PARCELARIO_BASE_CATASTRO", "MAP_NAME": "1010_2025.dwg", "ccpp1": "1010 1508", "LAYER_2": "PADRONES_2_VISTALBA" }, "geometry": { "type": "MultiPolygon", "coordinates": [ [ [ [ 2509127.907100000884384, 6349179.38399999961257, 0.0 ], [ 2509141.6996, 6349186.0543, 0.0 ], [ 2509154.828300000168383, 6349187.090599999763072, 0.0 ], [ 2509157.0757, 6349149.528800000436604, 0.0 ], [ 2509148.696700000204146, 6349149.330299999564886, 0.0 ], [ 2509127.907100000884384, 6349179.38399999961257, 0.0 ] ] ] ] } },
{ "type": "Feature", "properties": { "LAYER": "PARCELARIO_BASE_CATASTRO", "MAP_NAME": "1010_2025.dwg", "ccpp1": "1010 1509", "LAYER_2": "PADRONES_2_VISTALBA" }, "geometry": { "type": "MultiPolygon", "coordinates": [ [ [ [ 2509154.828300000168383, 6349187.089999999850988, 0.0 ], [ 2509180.02240000013262, 6349188.008100001141429, 0.0 ], [ 2509180.703000000212342, 6349149.889600000344217, 0.0 ], [ 2509157.0757, 6349149.528800000436604, 0.0 ], [ 2509154.828300000168383, 6349187.089999999850988, 0.0 ] ] ] ] } },
{ "type": "Feature", "properties": { "LAYER": "PARCELARIO_BASE_CATASTRO", "MAP_NAME": "1010_2025.dwg", "ccpp1": "1010 1510", "LAYER_2": "PADRONES_2_VISTALBA" }, "geometry": { "type": "MultiPolygon", "coordinates": [ [ [ [ 2509180.02240000013262, 6349188.008100001141429, 0.0 ], [ 2509200.9687, 6349188.845099999569356, 0.0 ], [ 2509203.048700000159442, 6349150.617999999783933, 0.0 ], [ 2509180.703000000212342, 6349149.889600000344217, 0.0 ], [ 2509180.02240000013262, 6349188.008100001141429, 0.0 ] ] ] ] } },
{ "type": "Feature", "properties": { "LAYER": "PARCELARIO_BASE_CATASTRO", "MAP_NAME": "1010_2025.dwg", "ccpp1": "1010 1511", "LAYER_2": "PADRONES_2_VISTALBA" }, "geometry": { "type": "MultiPolygon", "coordinates": [ [ [ [ 2509200.9687, 6349188.845099999569356, 0.0 ], [ 2509222.7681, 6349190.649500000290573, 0.0 ], [ 2509223.8939, 6349151.1119, 0.0 ], [ 2509203.048700000159442, 6349150.617999999783933, 0.0 ], [ 2509200.9687, 6349188.845099999569356, 0.0 ] ] ] ] } },
{ "type": "Feature", "properties": { "LAYER": "PARCELARIO_BASE_CATASTRO", "MAP_NAME": "1010_2025.dwg", "ccpp1": "1010 1512", "LAYER_2": "PADRONES_2_VISTALBA" }, "geometry": { "type": "MultiPolygon", "coordinates": [ [ [ [ 2509223.894100000150502, 6349151.1119, 0.0 ], [ 2509213.377599999774247, 6349132.3059, 0.0 ], [ 2509201.480100001208484, 6349118.510800000280142, 0.0 ], [ 2509180.815000000875443, 6349140.7242, 0.0 ], [ 2509180.703000000212342, 6349149.889600000344217, 0.0 ], [ 2509203.048700000159442, 6349150.617999999783933, 0.0 ], [ 2509223.894100000150502, 6349151.1119, 0.0 ] ] ] ] } },
{ "type": "Feature", "properties": { "LAYER": "PARCELARIO_BASE_CATASTRO", "MAP_NAME": "1010_2025.dwg", "ccpp1": "1010 2178", "LAYER_2": "PADRONES_2_VISTALBA" }, "geometry": { "type": "MultiPolygon", "coordinates": [ [ [ [ 2509174.567965937778354, 6349115.881542522460222, 0.0 ], [ 2509187.2201, 6349102.98280000127852, 0.0 ], [ 2509158.260600000154227, 6349071.86079999897629, 0.0 ], [ 2509144.520399999804795, 6349084.435700000263751, 0.0 ], [ 2509129.407300001010299, 6349097.354600001126528, 0.0 ], [ 2509159.94150000018999, 6349130.6771, 0.0 ], [ 2509174.567965937778354, 6349115.881542522460222, 0.0 ] ] ] ] } },
{ "type": "Feature", "properties": { "LAYER": "PARCELARIO_BASE_CATASTRO", "MAP_NAME": "1010_2025.dwg", "ccpp1": "1010 1516", "LAYER_2": "PADRONES_2_VISTALBA" }, "geometry": { "type": "MultiPolygon", "coordinates": [ [ [ [ 2509148.696700000204146, 6349149.330299999564886, 0.0 ], [ 2509159.94150000018999, 6349130.6771, 0.0 ], [ 2509129.407300001010299, 6349097.354600001126528, 0.0 ], [ 2509114.466300000902265, 6349110.714300000108778, 0.0 ], [ 2509135.0943, 6349133.985100000165403, 0.0 ], [ 2509148.696700000204146, 6349149.330299999564886, 0.0 ] ] ] ] } },
{ "type": "Feature", "properties": { "LAYER": "PARCELARIO_BASE_CATASTRO", "MAP_NAME": "1010_2025.dwg", "ccpp1": "1010 1517", "LAYER_2": "PADRONES_2_VISTALBA" }, "geometry": { "type": "MultiPolygon", "coordinates": [ [ [ [ 2509107.7653, 6349159.6074, 0.0 ], [ 2509135.0943, 6349133.985100000165403, 0.0 ], [ 2509114.466300000902265, 6349110.714300000108778, 0.0 ], [ 2509093.370500000193715, 6349131.105499998666346, 0.0 ], [ 2509093.176700000185519, 6349131.557199998758733, 0.0 ], [ 2509092.9931, 6349132.018400000408292, 0.0 ], [ 2509092.830200000200421, 6349132.489500000141561, 0.0 ], [ 2509092.688699999824166, 6349132.9605, 0.0 ], [ 2509092.567900000140071, 6349133.4309, 0.0 ], [ 2509092.457599999848753, 6349133.9117, 0.0 ], [ 2509092.3684, 6349134.392099998891354, 0.0 ], [ 2509092.29, 6349134.88260000012815, 0.0 ], [ 2509092.232600000221282, 6349135.3629, 0.0 ], [ 2509092.195900000166148, 6349135.852999999187887, 0.0 ], [ 2509092.1806, 6349136.3432, 0.0 ], [ 2509092.175900000147521, 6349136.833399999886751, 0.0 ], [ 2509092.19230000115931, 6349137.313299998641014, 0.0 ], [ 2509092.219200000166893, 6349137.8032, 0.0 ], [ 2509092.277600000146776, 6349138.293399999849498, 0.0 ], [ 2509092.346900001168251, 6349138.773400000296533, 0.0 ], [ 2509092.4268, 6349139.253299999050796, 0.0 ], [ 2509092.538199999835342, 6349139.733099998906255, 0.0 ], [ 2509092.660500000230968, 6349140.203200001269579, 0.0 ], [ 2509092.793399999849498, 6349140.673100000247359, 0.0 ], [ 2509092.957700000144541, 6349141.142699999734759, 0.0 ], [ 2509093.122400000225753, 6349141.602900000289083, 0.0 ], [ 2509093.318, 6349142.052999999374151, 0.0 ], [ 2509093.524000000208616, 6349142.493099998682737, 0.0 ], [ 2509093.740199999883771, 6349142.933500001206994, 0.0 ], [ 2509093.977400000207126, 6349143.363800001330674, 0.0 ], [ 2509094.235100000165403, 6349143.794300000183284, 0.0 ], [ 2509094.503399999812245, 6349144.204599998891354, 0.0 ], [ 2509094.781700000166893, 6349144.605700001120567, 0.0 ], [ 2509095.080800000112504, 6349145.006299999542534, 0.0 ], [ 2509095.3903, 6349145.397599999792874, 0.0 ], [ 2509107.7653, 6349159.6074, 0.0 ] ] ] ] } },
{ "type": "Feature", "properties": { "LAYER": "PARCELARIO_BASE_CATASTRO", "MAP_NAME": "1010_2025.dwg", "ccpp1": "1010 1518", "LAYER_2": "PADRONES_2_VISTALBA" }, "geometry": { "type": "MultiPolygon", "coordinates": [ [ [ [ 2509107.7653, 6349159.6074, 0.0 ], [ 2509115.3893, 6349168.045699998736382, 0.0 ], [ 2509127.907100000884384, 6349179.38399999961257, 0.0 ], [ 2509148.696700000204146, 6349149.330299999564886, 0.0 ], [ 2509135.0943, 6349133.985100000165403, 0.0 ], [ 2509107.7653, 6349159.6074, 0.0 ] ] ] ] } },
{ "type": "Feature", "properties": { "LAYER": "PARCELARIO_BASE_CATASTRO", "MAP_NAME": "1010_2025.dwg", "ccpp1": "1010 1495", "LAYER_2": "PADRONES_2_VISTALBA" }, "geometry": { "type": "MultiPolygon", "coordinates": [ [ [ [ 2509884.22676461096853, 6349430.136492632329464, 0.0 ], [ 2509879.8564, 6349395.68510000128299, 0.0 ], [ 2509873.9578, 6349352.898900000378489, 0.0 ], [ 2509871.467999999877065, 6349332.714499999769032, 0.0 ], [ 2509867.089999999850988, 6349300.446899999864399, 0.0 ], [ 2509840.66700000083074, 6349301.220900001004338, 0.0 ], [ 2509843.583699999842793, 6349332.578200001269579, 0.0 ], [ 2509846.106699999887496, 6349359.21229999884963, 0.0 ], [ 2509846.67920000012964, 6349364.445199999026954, 0.0 ], [ 2509850.0477, 6349396.32139999885112, 0.0 ], [ 2509853.3344, 6349427.59559999871999, 0.0 ], [ 2509853.706720185000449, 6349430.963147052563727, 0.0 ], [ 2509884.22676461096853, 6349430.136492632329464, 0.0 ] ] ] ] } },
{ "type": "Feature", "properties": { "LAYER": "PARCELARIO_BASE_CATASTRO", "MAP_NAME": "1010_2025.dwg", "ccpp1": "1010 1496", "LAYER_2": "PADRONES_2_VISTALBA" }, "geometry": { "type": "MultiPolygon", "coordinates": [ [ [ [ 2510095.5041, 6348037.683799998834729, 0.0 ], [ 2510057.112965391948819, 6348026.829728437587619, 0.0 ], [ 2510054.5175, 6348050.238599998876452, 0.0 ], [ 2510107.958999999798834, 6348050.048600001260638, 0.0 ], [ 2510107.409099999815226, 6348049.630900000222027, 0.0 ], [ 2510107.139, 6348049.5609, 0.0 ], [ 2510106.868900000117719, 6348049.49100000038743, 0.0 ], [ 2510106.5989, 6348049.411000000312924, 0.0 ], [ 2510106.328799999784678, 6348049.331100000999868, 0.0 ], [ 2510106.06969999987632, 6348049.247999998740852, 0.0 ], [ 2510105.798600000794977, 6348049.1612, 0.0 ], [ 2510105.5386, 6348049.06120000127703, 0.0 ], [ 2510105.2785, 6348048.961299998685718, 0.0 ], [ 2510105.020100000780076, 6348048.85700000077486, 0.0 ], [ 2510104.75829999987036, 6348048.751299999654293, 0.0 ], [ 2510104.5101, 6348048.637299998663366, 0.0 ], [ 2510104.2582, 6348048.521399999037385, 0.0 ], [ 2510104.001000000163913, 6348048.395499999634922, 0.0 ], [ 2510103.748000000137836, 6348048.271499999798834, 0.0 ], [ 2510103.5068, 6348048.143699999898672, 0.0 ], [ 2510103.257799999788404, 6348048.011599999852479, 0.0 ], [ 2510103.0178, 6348047.8717, 0.0 ], [ 2510102.777700000908226, 6348047.73170000128448, 0.0 ], [ 2510102.53899999987334, 6348047.579500000923872, 0.0 ], [ 2510102.307500000111759, 6348047.431800000369549, 0.0 ], [ 2510102.077399999834597, 6348047.2719, 0.0 ], [ 2510101.8473, 6348047.1119, 0.0 ], [ 2510101.6214, 6348046.946399999782443, 0.0 ], [ 2510101.3972, 6348046.781999998725951, 0.0 ], [ 2510101.1771, 6348046.612099998630583, 0.0 ], [ 2510100.957000000867993, 6348046.442099999636412, 0.0 ], [ 2510100.744800000917166, 6348046.264700000174344, 0.0 ], [ 2510100.526800000108778, 6348046.0822, 0.0 ], [ 2510100.324500000104308, 6348045.894799999892712, 0.0 ], [ 2510100.11670000012964, 6348045.702300000935793, 0.0 ], [ 2510099.919099999126047, 6348045.509800000116229, 0.0 ], [ 2510099.7165, 6348045.312400000169873, 0.0 ], [ 2510099.526399999856949, 6348045.112499999813735, 0.0 ], [ 2510099.3363, 6348044.912499998696148, 0.0 ], [ 2510099.146300000138581, 6348044.702600000426173, 0.0 ], [ 2510098.956199999898672, 6348044.492600000463426, 0.0 ], [ 2510098.781599999871105, 6348044.27830000128597, 0.0 ], [ 2510098.606000000145286, 6348044.062699998728931, 0.0 ], [ 2510098.432200000155717, 6348043.838000001385808, 0.0 ], [ 2510098.2659, 6348043.6228, 0.0 ], [ 2510098.099100000225008, 6348043.390499998815358, 0.0 ], [ 2510097.935699999798089, 6348043.162899998947978, 0.0 ], [ 2510097.779, 6348042.93059999961406, 0.0 ], [ 2510097.6255, 6348042.702999998815358, 0.0 ], [ 2510097.4792, 6348042.460799999535084, 0.0 ], [ 2510097.335400001145899, 6348042.2231, 0.0 ], [ 2510097.195299999788404, 6348041.983099999837577, 0.0 ], [ 2510097.055200001224875, 6348041.743200000375509, 0.0 ], [ 2510096.925100000109524, 6348041.493200001306832, 0.0 ], [ 2510096.795100000221282, 6348041.243300000205636, 0.0 ], [ 2510096.674999999813735, 6348040.993300001136959, 0.0 ], [ 2510096.55489999987185, 6348040.7434, 0.0 ], [ 2510096.4408, 6348040.4907, 0.0 ], [ 2510096.3248, 6348040.23340000025928, 0.0 ], [ 2510096.224700000137091, 6348039.973500000312924, 0.0 ], [ 2510096.124600000213832, 6348039.713499999605119, 0.0 ], [ 2510096.030600000172853, 6348039.451399999670684, 0.0 ], [ 2510095.934500000905246, 6348039.183600000105798, 0.0 ], [ 2510095.850399999879301, 6348038.921799999661744, 0.0 ], [ 2510095.7643, 6348038.653699999675155, 0.0 ], [ 2510095.688900000881404, 6348038.382399999536574, 0.0 ], [ 2510095.614200000185519, 6348038.113800001330674, 0.0 ], [ 2510095.5041, 6348037.683799998834729, 0.0 ] ] ] ] } },
{ "type": "Feature", "properties": { "LAYER": "PARCELARIO_BASE_CATASTRO", "MAP_NAME": "1010_2025.dwg", "ccpp1": "1010 1497", "LAYER_2": "PADRONES_2_VISTALBA" }, "geometry": { "type": "MultiPolygon", "coordinates": [ [ [ [ 2510095.5041, 6348037.683799998834729, 0.0 ], [ 2510094.9934, 6348034.734199999831617, 0.0 ], [ 2510095.302699999883771, 6348030.194699998944998, 0.0 ], [ 2510096.672300000209361, 6348026.374900000169873, 0.0 ], [ 2510097.082299999892712, 6348025.774899998679757, 0.0 ], [ 2510058.783364913892001, 6348011.764157542958856, 0.0 ], [ 2510057.112965391948819, 6348026.829728437587619, 0.0 ], [ 2510095.5041, 6348037.683799998834729, 0.0 ] ] ] ] } },
{ "type": "Feature", "properties": { "LAYER": "PARCELARIO_BASE_CATASTRO", "MAP_NAME": "1010_2025.dwg", "ccpp1": "1010 1498", "LAYER_2": "PADRONES_2_VISTALBA" }, "geometry": { "type": "MultiPolygon", "coordinates": [ [ [ [ 2510097.082299999892712, 6348025.774899998679757, 0.0 ], [ 2510099.4222, 6348022.40500000026077, 0.0 ], [ 2510102.3325, 6348020.034799998626113, 0.0 ], [ 2510106.032999999821186, 6348018.364499999210238, 0.0 ], [ 2510106.583100000862032, 6348018.244400000199676, 0.0 ], [ 2510099.818, 6347998.4375, 0.0 ], [ 2510086.025100001133978, 6348000.739199999719858, 0.0 ], [ 2510072.041999999899417, 6348003.071000000461936, 0.0 ], [ 2510059.528008984867483, 6348005.048106742091477, 0.0 ], [ 2510058.783364913892001, 6348011.764157542958856, 0.0 ], [ 2510097.082299999892712, 6348025.774899998679757, 0.0 ] ] ] ] } },
{ "type": "Feature", "properties": { "LAYER": "PARCELARIO_BASE_CATASTRO", "MAP_NAME": "1010_2025.dwg", "ccpp1": "1010 1502", "LAYER_2": "PADRONES_2_VISTALBA" }, "geometry": { "type": "MultiPolygon", "coordinates": [ [ [ [ 2509642.154853702988476, 6349436.693161177448928, 0.0 ], [ 2509651.500899999868125, 6349378.643299999646842, 0.0 ], [ 2509670.033200000878423, 6349377.963000001385808, 0.0 ], [ 2509677.0499, 6349327.426900000311434, 0.0 ], [ 2509656.316199999768287, 6349327.985000001266599, 0.0 ], [ 2509638.229487364180386, 6349436.799482168629766, 0.0 ], [ 2509642.154853702988476, 6349436.693161177448928, 0.0 ] ] ] ] } },
{ "type": "Feature", "properties": { "LAYER": "PARCELARIO_BASE_CATASTRO", "MAP_NAME": "1010_2025.dwg", "ccpp1": "1010 1634", "LAYER_2": "PADRONES_2_VISTALBA" }, "geometry": { "type": "MultiPolygon", "coordinates": [ [ [ [ 2508728.369364217855036, 6345407.888203104957938, 0.0 ], [ 2508718.33, 6345391.129999999888241, 0.0 ], [ 2508709.709800000768155, 6345376.521599999628961, 0.0 ], [ 2508674.739399999845773, 6345379.565100000239909, 0.0 ], [ 2508692.240980304777622, 6345411.017993592657149, 0.0 ], [ 2508728.369364217855036, 6345407.888203104957938, 0.0 ] ] ] ] } },
{ "type": "Feature", "properties": { "LAYER": "PARCELARIO_BASE_CATASTRO", "MAP_NAME": "1010_2025.dwg", "ccpp1": "1010 1507", "LAYER_2": "PADRONES_2_VISTALBA" }, "geometry": { "type": "MultiPolygon", "coordinates": [ [ [ [ 2509118.228800000157207, 6349207.172600000165403, 0.0 ], [ 2509006.1576, 6349075.295199999585748, 0.0 ], [ 2509005.427000000141561, 6349088.3437, 0.0 ], [ 2509003.079100000206381, 6349096.930100000463426, 0.0 ], [ 2509001.611099999863654, 6349133.533099999651313, 0.0 ], [ 2508994.767700000200421, 6349150.077100000344217, 0.0 ], [ 2508998.2467, 6349158.745500000193715, 0.0 ], [ 2509010.863900000229478, 6349180.342299999669194, 0.0 ], [ 2509035.4443, 6349189.94400000013411, 0.0 ], [ 2509042.725500000175089, 6349204.815899999812245, 0.0 ], [ 2509118.228800000157207, 6349207.172600000165403, 0.0 ] ] ] ] } },
{ "type": "Feature", "properties": { "LAYER": "PARCELARIO_BASE_CATASTRO", "MAP_NAME": "1010_2025.dwg", "ccpp1": "1010 1513", "LAYER_2": "PADRONES_2_VISTALBA" }, "geometry": { "type": "MultiPolygon", "coordinates": [ [ [ [ 2509157.0757, 6349149.528800000436604, 0.0 ], [ 2509180.703000000212342, 6349149.889600000344217, 0.0 ], [ 2509180.815000000875443, 6349140.7242, 0.0 ], [ 2509201.480100001208484, 6349118.510800000280142, 0.0 ], [ 2509187.2201, 6349102.98280000127852, 0.0 ], [ 2509174.568400000222027, 6349115.881099999882281, 0.0 ], [ 2509159.94150000018999, 6349130.6771, 0.0 ], [ 2509148.696700000204146, 6349149.330299999564886, 0.0 ], [ 2509157.0757, 6349149.528800000436604, 0.0 ] ] ] ] } },
{ "type": "Feature", "properties": { "LAYER": "PARCELARIO_BASE_CATASTRO", "MAP_NAME": "1010_2025.dwg", "ccpp1": "1010 1806", "LAYER_2": "PADRONES_2_VISTALBA" }, "geometry": { "type": "MultiPolygon", "coordinates": [ [ [ [ 2509532.6636, 6349061.062300001271069, 0.0 ], [ 2509517.7475, 6349058.37430000025779, 0.0 ], [ 2509488.1009, 6349060.173399998806417, 0.0 ], [ 2509488.524300000164658, 6349077.3185, 0.0 ], [ 2509486.626000001095235, 6349085.566599998623133, 0.0 ], [ 2509480.904200000222772, 6349100.813500000163913, 0.0 ], [ 2509536.574300000909716, 6349104.402499999850988, 0.0 ], [ 2509537.646300000138581, 6349082.890599999576807, 0.0 ], [ 2509538.029, 6349066.960699999704957, 0.0 ], [ 2509532.6636, 6349061.062300001271069, 0.0 ] ] ] ] } },
{ "type": "Feature", "properties": { "LAYER": "PARCELARIO_BASE_CATASTRO", "MAP_NAME": "1010_2025.dwg", "ccpp1": "1010 1895", "LAYER_2": "PADRONES_2_VISTALBA" }, "geometry": { "type": "MultiPolygon", "coordinates": [ [ [ [ 2509985.252599999774247, 6349597.1902, 0.0 ], [ 2509979.153700000140816, 6349573.536299999803305, 0.0 ], [ 2509977.565600000787526, 6349573.561499999836087, 0.0 ], [ 2509976.117500000167638, 6349573.585, 0.0 ], [ 2509962.714499999769032, 6349573.808199999853969, 0.0 ], [ 2509954.2204, 6349544.182, 0.0 ], [ 2509951.582299999892712, 6349535.009900000877678, 0.0 ], [ 2509924.832899999804795, 6349441.7056, 0.0 ], [ 2509906.812981954775751, 6349442.011769630946219, 0.0 ], [ 2509914.670459805987775, 6349468.868501774035394, 0.0 ], [ 2509922.976428344845772, 6349497.108693557791412, 0.0 ], [ 2509943.805046570021659, 6349567.925741624087095, 0.0 ], [ 2509939.556474565062672, 6349574.8399404771626, 0.0 ], [ 2509895.823400000110269, 6349577.528699999675155, 0.0 ], [ 2509856.26609021704644, 6349579.992527840659022, 0.0 ], [ 2509816.676817621104419, 6349582.267782254144549, 0.0 ], [ 2509778.666199999861419, 6349584.4117, 0.0 ], [ 2509741.926400000229478, 6349586.56379999872297, 0.0 ], [ 2509733.5507, 6349558.084300000220537, 0.0 ], [ 2509732.281700000166893, 6349553.765999999828637, 0.0 ], [ 2509723.5597, 6349524.120000000111759, 0.0 ], [ 2509718.605200000107288, 6349507.267400000244379, 0.0 ], [ 2509701.4753, 6349449.06290000025183, 0.0 ], [ 2509619.9855, 6349452.102000000886619, 0.0 ], [ 2509629.07380000082776, 6349496.849399999715388, 0.0 ], [ 2509629.794300000183284, 6349500.415500000119209, 0.0 ], [ 2509640.025376406032592, 6349550.765462605282664, 0.0 ], [ 2509642.518199999816716, 6349563.483300000429153, 0.0 ], [ 2509649.469200000166893, 6349597.7966, 0.0 ], [ 2509658.9879, 6349644.615399998612702, 0.0 ], [ 2509643.416199999861419, 6349645.434399998746812, 0.0 ], [ 2509646.9468, 6349663.577100000344217, 0.0 ], [ 2509650.1683, 6349680.118300000205636, 0.0 ], [ 2509652.6719, 6349692.986499999649823, 0.0 ], [ 2509565.045299999881536, 6349700.5768, 0.0 ], [ 2509573.753600000869483, 6349747.998100000433624, 0.0 ], [ 2509574.439500000793487, 6349751.240799998864532, 0.0 ], [ 2509603.3125, 6349749.534799998626113, 0.0 ], [ 2509631.231700000818819, 6349747.869800000451505, 0.0 ], [ 2509660.668200000189245, 6349746.1266, 0.0 ], [ 2509686.534599999897182, 6349744.582499999552965, 0.0 ], [ 2509717.885900000110269, 6349742.812999999150634, 0.0 ], [ 2509737.8426, 6349741.5066, 0.0 ], [ 2509758.7993, 6349740.150399999693036, 0.0 ], [ 2509779.7357, 6349738.764399999752641, 0.0 ], [ 2509801.6702, 6349737.319599999114871, 0.0 ], [ 2509821.6151, 6349736.004200000315905, 0.0 ], [ 2509844.557099999859929, 6349734.501199999824166, 0.0 ], [ 2509869.5199000001885, 6349732.78760000038892, 0.0 ], [ 2509890.277200000826269, 6349731.3596, 0.0 ], [ 2509913.034899999853224, 6349729.801199998706579, 0.0 ], [ 2509935.4443, 6349728.261400001123548, 0.0 ], [ 2509959.324200000148267, 6349726.611399999819696, 0.0 ], [ 2509983.125200000125915, 6349724.980200000107288, 0.0 ], [ 2510017.0735, 6349722.641399999149144, 0.0 ], [ 2510017.573200000915676, 6349722.611600000411272, 0.0 ], [ 2510014.864099999889731, 6349712.0899, 0.0 ], [ 2510000.4984, 6349656.320899999700487, 0.0 ], [ 2510000.058500001206994, 6349654.680700000375509, 0.0 ], [ 2509992.840900000184774, 6349626.605600000359118, 0.0 ], [ 2509985.252599999774247, 6349597.1902, 0.0 ] ] ] ] } },
{ "type": "Feature", "properties": { "LAYER": "PARCELARIO_BASE_CATASTRO", "MAP_NAME": "1010_2025.dwg", "ccpp1": "1010 1895", "LAYER_2": "PADRONES_2_VISTALBA" }, "geometry": { "type": "MultiPolygon", "coordinates": [ [ [ [ 2509865.509066707920283, 6349632.806939591653645, 0.0 ], [ 2509866.351966707967222, 6349632.68713959120214, 0.0 ], [ 2509867.163166707847267, 6349632.427139589563012, 0.0 ], [ 2509867.918666709214449, 6349632.034439590759575, 0.0 ], [ 2509868.596966709010303, 6349631.520239591598511, 0.0 ], [ 2509869.178066708147526, 6349630.899839591234922, 0.0 ], [ 2509869.645066707860678, 6349630.19123959261924, 0.0 ], [ 2509869.984666707925498, 6349629.414739592000842, 0.0 ], [ 2509870.1865667081438, 6349628.593039591796696, 0.0 ], [ 2509870.245266708079726, 6349627.750239592045546, 0.0 ], [ 2509870.158966707997024, 6349626.910439591854811, 0.0 ], [ 2509861.155266708228737, 6349579.711539591662586, 0.0 ], [ 2509741.926400000229478, 6349586.56379999872297, 0.0 ], [ 2509703.591792076826096, 6349456.254281741566956, 0.0 ], [ 2509661.658608125057071, 6349457.378414443694055, 0.0 ], [ 2509661.791166708804667, 6349458.690339587628841, 0.0 ], [ 2509663.508666709065437, 6349458.619939588941634, 0.0 ], [ 2509665.567066709045321, 6349458.873839589767158, 0.0 ], [ 2509667.555166708771139, 6349459.473939587362111, 0.0 ], [ 2509669.414266708772629, 6349460.402539590373635, 0.0 ], [ 2509671.089166707824916, 6349461.632239588536322, 0.0 ], [ 2509672.530666708946228, 6349463.126539590768516, 0.0 ], [ 2509673.6959667080082, 6349464.841539587825537, 0.0 ], [ 2509674.550566708203405, 6349466.726139588281512, 0.0 ], [ 2509675.0692667090334, 6349468.72473958786577, 0.0 ], [ 2509675.236766709014773, 6349470.778139589354396, 0.0 ], [ 2509675.048066709190607, 6349472.825639589689672, 0.0 ], [ 2509674.508666708134115, 6349474.806639588437974, 0.0 ], [ 2509673.634566709864885, 6349476.662539589218795, 0.0 ], [ 2509672.451566709205508, 6349478.338239588774741, 0.0 ], [ 2509704.321266707964242, 6349637.500839591026306, 0.0 ], [ 2509704.520066708792001, 6349638.267939592711627, 0.0 ], [ 2509704.839266709052026, 6349638.991639591753483, 0.0 ], [ 2509705.270766708999872, 6349639.6539395917207, 0.0 ], [ 2509705.803566710092127, 6349640.237439594231546, 0.0 ], [ 2509706.424066708888859, 6349640.727639593183994, 0.0 ], [ 2509707.116466708015651, 6349641.111839592456818, 0.0 ], [ 2509707.863066708203405, 6349641.380339591763914, 0.0 ], [ 2509708.644766708835959, 6349641.526239591650665, 0.0 ], [ 2509709.441466709133238, 6349641.545739594846964, 0.0 ], [ 2509865.509066707920283, 6349632.806939591653645, 0.0 ] ] ] ] } },
{ "type": "Feature", "properties": { "LAYER": "PARCELARIO_BASE_CATASTRO", "MAP_NAME": "1010_2025.dwg", "ccpp1": "1010 1593", "LAYER_2": "PADRONES_2_VISTALBA" }, "geometry": { "type": "MultiPolygon", "coordinates": [ [ [ [ 2508648.370800000149757, 6348869.6387, 0.0 ], [ 2508656.958500000182539, 6348838.938500001095235, 0.0 ], [ 2508627.1033, 6348807.277800000272691, 0.0 ], [ 2508626.547600000165403, 6348809.126399998553097, 0.0 ], [ 2508618.221599999815226, 6348837.100200000219047, 0.0 ], [ 2508648.370800000149757, 6348869.6387, 0.0 ] ] ] ] } },
{ "type": "Feature", "properties": { "LAYER": "PARCELARIO_BASE_CATASTRO", "MAP_NAME": "1010_2025.dwg", "ccpp1": "1010 1594", "LAYER_2": "PADRONES_2_VISTALBA" }, "geometry": { "type": "MultiPolygon", "coordinates": [ [ [ [ 2508656.958500000182539, 6348838.938500001095235, 0.0 ], [ 2508665.5153, 6348808.272900001145899, 0.0 ], [ 2508636.065000000875443, 6348777.550300000235438, 0.0 ], [ 2508635.148400001227856, 6348780.657599999569356, 0.0 ], [ 2508627.1033, 6348807.277800000272691, 0.0 ], [ 2508656.958500000182539, 6348838.938500001095235, 0.0 ] ] ] ] } },
{ "type": "Feature", "properties": { "LAYER": "PARCELARIO_BASE_CATASTRO", "MAP_NAME": "1010_2025.dwg", "ccpp1": "1010 1595", "LAYER_2": "PADRONES_2_VISTALBA" }, "geometry": { "type": "MultiPolygon", "coordinates": [ [ [ [ 2508665.5153, 6348808.272900001145899, 0.0 ], [ 2508676.441199999768287, 6348768.646499998867512, 0.0 ], [ 2508656.391200000885874, 6348750.456299999728799, 0.0 ], [ 2508646.753699999768287, 6348741.907100000418723, 0.0 ], [ 2508636.065000000875443, 6348777.550300000235438, 0.0 ], [ 2508665.5153, 6348808.272900001145899, 0.0 ] ] ] ] } },
{ "type": "Feature", "properties": { "LAYER": "PARCELARIO_BASE_CATASTRO", "MAP_NAME": "1010_2025.dwg", "ccpp1": "1010 945", "LAYER_2": "PADRONES_2_VISTALBA" }, "geometry": { "type": "MultiPolygon", "coordinates": [ [ [ [ 2508639.5935, 6348900.180499999783933, 0.0 ], [ 2508648.370800000149757, 6348869.6387, 0.0 ], [ 2508618.221599999815226, 6348837.100200000219047, 0.0 ], [ 2508617.4167, 6348839.871600000187755, 0.0 ], [ 2508609.2528, 6348866.920199998654425, 0.0 ], [ 2508610.8892, 6348868.6743, 0.0 ], [ 2508639.5935, 6348900.180499999783933, 0.0 ] ] ] ] } },
{ "type": "Feature", "properties": { "LAYER": "PARCELARIO_BASE_CATASTRO", "MAP_NAME": "1010_2025.dwg", "ccpp1": "1010 1598", "LAYER_2": "PADRONES_2_VISTALBA" }, "geometry": { "type": "MultiPolygon", "coordinates": [ [ [ [ 2509541.2157, 6349016.17339999973774, 0.0 ], [ 2509542.702099999878556, 6348984.6075, 0.0 ], [ 2509493.2133, 6348982.2555, 0.0 ], [ 2509492.5302, 6349002.057400000281632, 0.0 ], [ 2509491.658799999859184, 6349025.598799998871982, 0.0 ], [ 2509494.3207, 6349028.537899998947978, 0.0 ], [ 2509517.7568, 6349028.292999998666346, 0.0 ], [ 2509529.541799999773502, 6349020.920699999667704, 0.0 ], [ 2509535.6151, 6349021.28770000115037, 0.0 ], [ 2509541.2157, 6349016.17339999973774, 0.0 ] ] ] ] } },
{ "type": "Feature", "properties": { "LAYER": "PARCELARIO_BASE_CATASTRO", "MAP_NAME": "1010_2025.dwg", "ccpp1": "1010 1271", "LAYER_2": "PADRONES_2_VISTALBA" }, "geometry": { "type": "MultiPolygon", "coordinates": [ [ [ [ 2508439.196399999782443, 6348002.49280000012368, 0.0 ], [ 2508504.937800000887364, 6348009.942900000140071, 0.0 ], [ 2508506.7464, 6347990.472799998708069, 0.0 ], [ 2508440.946399999782443, 6347985.092799999751151, 0.0 ], [ 2508439.196399999782443, 6348002.49280000012368, 0.0 ] ] ] ] } },
{ "type": "Feature", "properties": { "LAYER": "PARCELARIO_BASE_CATASTRO", "MAP_NAME": "1010_2025.dwg", "ccpp1": "1010 1590", "LAYER_2": "PADRONES_2_VISTALBA" }, "geometry": { "type": "MultiPolygon", "coordinates": [ [ [ [ 2509424.188500000163913, 6349570.525799999013543, 0.0 ], [ 2509475.916400000918657, 6349573.416899999603629, 0.0 ], [ 2509476.241599999833852, 6349568.744800001382828, 0.0 ], [ 2509444.4317, 6349567.021599998697639, 0.0 ], [ 2509446.417899999767542, 6349542.93400000128895, 0.0 ], [ 2509440.495900000911206, 6349542.608799999579787, 0.0 ], [ 2509417.980399999767542, 6349541.4309, 0.0 ], [ 2509419.2527, 6349547.1881, 0.0 ], [ 2509423.596599999815226, 6349567.71, 0.0 ], [ 2509424.188500000163913, 6349570.525799999013543, 0.0 ] ] ] ] } },
{ "type": "Feature", "properties": { "LAYER": "PARCELARIO_BASE_CATASTRO", "MAP_NAME": "1010_2025.dwg", "ccpp1": "1010 1589", "LAYER_2": "PADRONES_2_VISTALBA" }, "geometry": { "type": "MultiPolygon", "coordinates": [ [ [ [ 2509476.241599999833852, 6349568.744800001382828, 0.0 ], [ 2509486.3744, 6349569.286899999715388, 0.0 ], [ 2509487.952600000891834, 6349545.338000000454485, 0.0 ], [ 2509446.4178, 6349542.934100001119077, 0.0 ], [ 2509444.4317, 6349567.021599998697639, 0.0 ], [ 2509476.241599999833852, 6349568.744800001382828, 0.0 ] ] ] ] } },
{ "type": "Feature", "properties": { "LAYER": "PARCELARIO_BASE_CATASTRO", "MAP_NAME": "1010_2025.dwg", "ccpp1": "1010 1597", "LAYER_2": "PADRONES_2_VISTALBA" }, "geometry": { "type": "MultiPolygon", "coordinates": [ [ [ [ 2509686.7604, 6349938.518600000999868, 0.0 ], [ 2509684.158799999859184, 6349909.278800001367927, 0.0 ], [ 2509680.939900000113994, 6349872.69579999987036, 0.0 ], [ 2509680.591099999845028, 6349868.734400001354516, 0.0 ], [ 2509663.3786, 6349869.5658, 0.0 ], [ 2509596.474899999797344, 6349872.795099999755621, 0.0 ], [ 2509599.385600000154227, 6349891.633999998681247, 0.0 ], [ 2509670.354900000151247, 6349948.494, 0.0 ], [ 2509669.94620000012219, 6349944.002399999648333, 0.0 ], [ 2509669.5375, 6349939.420800001360476, 0.0 ], [ 2509686.7604, 6349938.518600000999868, 0.0 ] ] ] ] } },
{ "type": "Feature", "properties": { "LAYER": "1010_AUXILIAR", "MAP_NAME": "1010_2025.dwg", "ccpp1": "1010 2151", "LAYER_2": "PADRONES_2_VISTALBA" }, "geometry": { "type": "MultiPolygon", "coordinates": [ [ [ [ 2509790.185637482907623, 6349717.46738391276449, 0.0 ], [ 2509795.338607516139746, 6349721.312038500793278, 0.0 ], [ 2509856.167198445182294, 6349717.301957457326353, 0.0 ], [ 2509850.3336126729846, 6349689.094212993979454, 0.0 ], [ 2509883.014918407890946, 6349687.610834493301809, 0.0 ], [ 2509875.705565630923957, 6349652.11462642531842, 0.0 ], [ 2509870.405684357043356, 6349647.985437091439962, 0.0 ], [ 2509783.093672276940197, 6349653.191790423355997, 0.0 ], [ 2509778.512509549036622, 6349659.026459087617695, 0.0 ], [ 2509790.185637482907623, 6349717.46738391276449, 0.0 ] ] ] ] } },
{ "type": "Feature", "properties": { "LAYER": "PARCELARIO_BASE_CATASTRO", "MAP_NAME": "1010_2025.dwg", "ccpp1": "1010 2151", "LAYER_2": "PADRONES_2_VISTALBA" }, "geometry": { "type": "MultiPolygon", "coordinates": [ [ [ [ 2509790.185637482907623, 6349717.46738391276449, 0.0 ], [ 2509795.338607516139746, 6349721.312038500793278, 0.0 ], [ 2509856.167198445182294, 6349717.301957457326353, 0.0 ], [ 2509850.3336126729846, 6349689.094212993979454, 0.0 ], [ 2509883.014918407890946, 6349687.610834493301809, 0.0 ], [ 2509875.705565630923957, 6349652.11462642531842, 0.0 ], [ 2509870.405684357043356, 6349647.985437091439962, 0.0 ], [ 2509783.093672276940197, 6349653.191790423355997, 0.0 ], [ 2509778.512509549036622, 6349659.026459087617695, 0.0 ], [ 2509790.185637482907623, 6349717.46738391276449, 0.0 ] ] ] ] } },
{ "type": "Feature", "properties": { "LAYER": "PARCELARIO_BASE_CATASTRO", "MAP_NAME": "1010_2025.dwg", "ccpp1": "1010 1641", "LAYER_2": "PADRONES_2_VISTALBA" }, "geometry": { "type": "MultiPolygon", "coordinates": [ [ [ [ 2509690.6176, 6349137.8454, 0.0 ], [ 2509661.135900000110269, 6349135.6782, 0.0 ], [ 2509659.094399999827147, 6349171.572999998927116, 0.0 ], [ 2509660.4397, 6349172.988599998876452, 0.0 ], [ 2509660.598799999803305, 6349174.3695, 0.0 ], [ 2509661.536600000225008, 6349186.113099999725819, 0.0 ], [ 2509662.214800000190735, 6349192.759600001387298, 0.0 ], [ 2509663.157500000204891, 6349193.252299999818206, 0.0 ], [ 2509663.1743, 6349193.335400000214577, 0.0 ], [ 2509665.0041, 6349194.2374, 0.0 ], [ 2509665.0466, 6349194.239799999631941, 0.0 ], [ 2509665.199, 6349194.319500001147389, 0.0 ], [ 2509676.959600000176579, 6349194.916799999773502, 0.0 ], [ 2509688.596100000198931, 6349195.578099999576807, 0.0 ], [ 2509690.6176, 6349137.8454, 0.0 ] ] ] ] } },
{ "type": "Feature", "properties": { "LAYER": "PARCELARIO_BASE_CATASTRO", "MAP_NAME": "1010_2025.dwg", "ccpp1": "1010 1655", "LAYER_2": "PADRONES_2_VISTALBA" }, "geometry": { "type": "MultiPolygon", "coordinates": [ [ [ [ 2509065.6733, 6348761.306300000287592, 0.0 ], [ 2509066.452500000130385, 6348739.925099999643862, 0.0 ], [ 2509025.750257459934801, 6348738.130839122459292, 0.0 ], [ 2509025.094764992129058, 6348759.271838035434484, 0.0 ], [ 2509065.6733, 6348761.306300000287592, 0.0 ] ] ] ] } },
{ "type": "Feature", "properties": { "LAYER": "PARCELARIO_BASE_CATASTRO", "MAP_NAME": "1010_2025.dwg", "ccpp1": "1010 1658", "LAYER_2": "PADRONES_2_VISTALBA" }, "geometry": { "type": "MultiPolygon", "coordinates": [ [ [ [ 2509026.659961939789355, 6348716.543724797666073, 0.0 ], [ 2509063.213200000114739, 6348718.2144, 0.0 ], [ 2509064.029200000222772, 6348694.16679999884218, 0.0 ], [ 2509027.684366674162447, 6348692.234795264899731, 0.0 ], [ 2509026.659961939789355, 6348716.543724797666073, 0.0 ] ] ] ] } },
{ "type": "Feature", "properties": { "LAYER": "PARCELARIO_BASE_CATASTRO", "MAP_NAME": "1010_2025.dwg", "ccpp1": "1010 1669", "LAYER_2": "PADRONES_2_VISTALBA" }, "geometry": { "type": "MultiPolygon", "coordinates": [ [ [ [ 2509883.479100000113249, 6348867.013899998739362, 0.0 ], [ 2509892.6497, 6348842.476299998350441, 0.0 ], [ 2509861.386400000192225, 6348841.3256, 0.0 ], [ 2509860.1209, 6348866.166600000113249, 0.0 ], [ 2509883.479100000113249, 6348867.013899998739362, 0.0 ] ] ] ] } },
{ "type": "Feature", "properties": { "LAYER": "PARCELARIO_BASE_CATASTRO", "MAP_NAME": "1010_2025.dwg", "ccpp1": "1010 1670", "LAYER_2": "PADRONES_2_VISTALBA" }, "geometry": { "type": "MultiPolygon", "coordinates": [ [ [ [ 2509892.6497, 6348842.476299998350441, 0.0 ], [ 2509898.804099999833852, 6348825.998800000175834, 0.0 ], [ 2509896.590200000908226, 6348822.676400000229478, 0.0 ], [ 2509862.4128, 6348821.528599999845028, 0.0 ], [ 2509861.386400000192225, 6348841.3256, 0.0 ], [ 2509892.6497, 6348842.476299998350441, 0.0 ] ] ] ] } },
{ "type": "Feature", "properties": { "LAYER": "PARCELARIO_BASE_CATASTRO", "MAP_NAME": "1010_2025.dwg", "ccpp1": "1010 1668", "LAYER_2": "PADRONES_2_VISTALBA" }, "geometry": { "type": "MultiPolygon", "coordinates": [ [ [ [ 2509860.1209, 6348866.166600000113249, 0.0 ], [ 2509861.386400000192225, 6348841.3256, 0.0 ], [ 2509862.4128, 6348821.528599999845028, 0.0 ], [ 2509838.4249, 6348820.831200000829995, 0.0 ], [ 2509836.0461, 6348865.293399999849498, 0.0 ], [ 2509860.1209, 6348866.166600000113249, 0.0 ] ] ] ] } },
{ "type": "Feature", "properties": { "LAYER": "PARCELARIO_BASE_CATASTRO", "MAP_NAME": "1010_2025.dwg", "ccpp1": "1010 1244", "LAYER_2": "PADRONES_2_VISTALBA" }, "geometry": { "type": "MultiPolygon", "coordinates": [ [ [ [ 2509836.0461, 6348865.293399999849498, 0.0 ], [ 2509838.423899999819696, 6348820.832100000232458, 0.0 ], [ 2509814.4605, 6348820.127899998798966, 0.0 ], [ 2509812.072800000198185, 6348864.423800000920892, 0.0 ], [ 2509836.0461, 6348865.293399999849498, 0.0 ] ] ] ] } },
{ "type": "Feature", "properties": { "LAYER": "PARCELARIO_BASE_CATASTRO", "MAP_NAME": "1010_2025.dwg", "ccpp1": "1010 1693", "LAYER_2": "PADRONES_2_VISTALBA" }, "geometry": { "type": "MultiPolygon", "coordinates": [ [ [ [ 2508763.04, 6345387.599999999627471, 0.0 ], [ 2508769.860000000800937, 6345387.070000001229346, 0.0 ], [ 2508673.379999999888241, 6345220.0, 0.0 ], [ 2508663.140699999872595, 6345220.4786, 0.0 ], [ 2508707.069999999832362, 6345296.570000000298023, 0.0 ], [ 2508721.359999999869615, 6345321.309999998658895, 0.0 ], [ 2508678.65000000083819, 6345324.679999999701977, 0.0 ], [ 2508683.96, 6345333.740000000223517, 0.0 ], [ 2508690.190000000875443, 6345344.129999998956919, 0.0 ], [ 2508703.5252, 6345366.258899999782443, 0.0 ], [ 2508745.4, 6345362.950000000186265, 0.0 ], [ 2508759.779999999795109, 6345387.870000000111759, 0.0 ], [ 2508763.04, 6345387.599999999627471, 0.0 ] ] ] ] } },
{ "type": "Feature", "properties": { "LAYER": "PARCELARIO_BASE_CATASTRO", "MAP_NAME": "1010_2025.dwg", "ccpp1": "1010 1650", "LAYER_2": "PADRONES_2_VISTALBA" }, "geometry": { "type": "MultiPolygon", "coordinates": [ [ [ [ 2509525.0444, 6348692.523699999786913, 0.0 ], [ 2509553.224600000772625, 6348694.075799999758601, 0.0 ], [ 2509554.579, 6348654.445299999788404, 0.0 ], [ 2509526.2327, 6348653.258299998939037, 0.0 ], [ 2509525.633899999782443, 6348673.3892, 0.0 ], [ 2509525.0444, 6348692.523699999786913, 0.0 ] ] ] ] } },
{ "type": "Feature", "properties": { "LAYER": "PARCELARIO_BASE_CATASTRO", "MAP_NAME": "1010_2025.dwg", "ccpp1": "1010 1649", "LAYER_2": "PADRONES_2_VISTALBA" }, "geometry": { "type": "MultiPolygon", "coordinates": [ [ [ [ 2509526.2327, 6348653.258299998939037, 0.0 ], [ 2509554.579, 6348654.4452, 0.0 ], [ 2509555.768699999898672, 6348618.857599998824298, 0.0 ], [ 2509551.777600000146776, 6348614.487299998290837, 0.0 ], [ 2509527.2527, 6348613.4079, 0.0 ], [ 2509526.2327, 6348653.258299998939037, 0.0 ] ] ] ] } },
{ "type": "Feature", "properties": { "LAYER": "PARCELARIO_BASE_CATASTRO", "MAP_NAME": "1010_2025.dwg", "ccpp1": "1010 1643", "LAYER_2": "PADRONES_2_VISTALBA" }, "geometry": { "type": "MultiPolygon", "coordinates": [ [ [ [ 2508634.98, 6348361.730000000447035, 0.0 ], [ 2508680.160000000149012, 6348373.269999998621643, 0.0 ], [ 2508685.54, 6348352.139999998733401, 0.0 ], [ 2508640.680000000167638, 6348340.570000000298023, 0.0 ], [ 2508634.98, 6348361.730000000447035, 0.0 ] ] ] ] } },
{ "type": "Feature", "properties": { "LAYER": "PARCELARIO_BASE_CATASTRO", "MAP_NAME": "1010_2025.dwg", "ccpp1": "1010 1667", "LAYER_2": "PADRONES_2_VISTALBA" }, "geometry": { "type": "MultiPolygon", "coordinates": [ [ [ [ 2508660.720000000204891, 6348536.490000000223517, 0.0 ], [ 2508660.940000000875443, 6348536.129999999888241, 0.0 ], [ 2508661.17, 6348535.78000000026077, 0.0 ], [ 2508661.42, 6348535.440000000409782, 0.0 ], [ 2508661.680000000167638, 6348535.110000000335276, 0.0 ], [ 2508661.94, 6348534.79, 0.0 ], [ 2508662.220000000204891, 6348534.480000000447035, 0.0 ], [ 2508662.509999999776483, 6348534.179999999701977, 0.0 ], [ 2508662.799999999813735, 6348533.889999998733401, 0.0 ], [ 2508663.109999999869615, 6348533.599999998696148, 0.0 ], [ 2508663.440000000875443, 6348533.33, 0.0 ], [ 2508663.77, 6348533.070000001229346, 0.0 ], [ 2508664.110000000800937, 6348532.83, 0.0 ], [ 2508664.46, 6348532.589999998919666, 0.0 ], [ 2508664.799999999813735, 6348532.370000000111759, 0.0 ], [ 2508665.17, 6348532.160000001080334, 0.0 ], [ 2508665.54, 6348531.96, 0.0 ], [ 2508665.92, 6348531.78000000026077, 0.0 ], [ 2508666.299999999813735, 6348531.599999999627471, 0.0 ], [ 2508666.69, 6348531.450000000186265, 0.0 ], [ 2508667.069999999832362, 6348531.299999998882413, 0.0 ], [ 2508667.480000000912696, 6348531.17, 0.0 ], [ 2508667.879999999888241, 6348531.049999999813735, 0.0 ], [ 2508668.29, 6348530.950000000186265, 0.0 ], [ 2508668.700000000186265, 6348530.860000001266599, 0.0 ], [ 2508669.109999999869615, 6348530.78999999910593, 0.0 ], [ 2508669.52, 6348530.730000001378357, 0.0 ], [ 2508669.940000000875443, 6348530.679999999701977, 0.0 ], [ 2508670.359999999869615, 6348530.650000000372529, 0.0 ], [ 2508670.77, 6348530.639999998733401, 0.0 ], [ 2508671.190000000875443, 6348530.639999998733401, 0.0 ], [ 2508671.617999999783933, 6348530.644399999640882, 0.0 ], [ 2508672.0474, 6348530.667899998836219, 0.0 ], [ 2508672.47690000012517, 6348530.701299998909235, 0.0 ], [ 2508672.896300000138581, 6348530.754800000227988, 0.0 ], [ 2508673.315700000151992, 6348530.818500000983477, 0.0 ], [ 2508673.7352, 6348530.892099999822676, 0.0 ], [ 2508674.154800000134856, 6348530.9858, 0.0 ], [ 2508674.769000000786036, 6348531.156499998643994, 0.0 ], [ 2508680.357100000139326, 6348506.827600000426173, 0.0 ], [ 2508677.46, 6348505.690000000409782, 0.0 ], [ 2508649.42, 6348494.21999999973923, 0.0 ], [ 2508646.589999999850988, 6348505.389999999664724, 0.0 ], [ 2508642.029999999795109, 6348523.269999998621643, 0.0 ], [ 2508660.720000000204891, 6348536.490000000223517, 0.0 ] ] ] ] } },
{ "type": "Feature", "properties": { "LAYER": "PARCELARIO_BASE_CATASTRO", "MAP_NAME": "1010_2025.dwg", "ccpp1": "1010 1638", "LAYER_2": "PADRONES_2_VISTALBA" }, "geometry": { "type": "MultiPolygon", "coordinates": [ [ [ [ 2509708.552500000223517, 6349847.787100001238286, 0.0 ], [ 2509713.876800000201911, 6349847.4567, 0.0 ], [ 2509712.764600000809878, 6349829.939700000919402, 0.0 ], [ 2509693.4249, 6349831.298899998888373, 0.0 ], [ 2509672.355100001208484, 6349832.447499999776483, 0.0 ], [ 2509673.489099999889731, 6349849.964200000278652, 0.0 ], [ 2509708.552500000223517, 6349847.787100001238286, 0.0 ] ] ] ] } },
{ "type": "Feature", "properties": { "LAYER": "PARCELARIO_BASE_CATASTRO", "MAP_NAME": "1010_2025.dwg", "ccpp1": "1010 1639", "LAYER_2": "PADRONES_2_VISTALBA" }, "geometry": { "type": "MultiPolygon", "coordinates": [ [ [ [ 2509716.936200000811368, 6349895.081600000150502, 0.0 ], [ 2509715.3829, 6349870.91370000038296, 0.0 ], [ 2509714.068599999882281, 6349850.47690000012517, 0.0 ], [ 2509713.876800000201911, 6349847.4567, 0.0 ], [ 2509708.552500000223517, 6349847.787100001238286, 0.0 ], [ 2509710.065599999856204, 6349871.191000000573695, 0.0 ], [ 2509711.62900000018999, 6349895.358799998648465, 0.0 ], [ 2509716.936200000811368, 6349895.081600000150502, 0.0 ] ] ] ] } },
{ "type": "Feature", "properties": { "LAYER": "PARCELARIO_BASE_CATASTRO", "MAP_NAME": "1010_2025.dwg", "ccpp1": "1010 1648", "LAYER_2": "PADRONES_2_VISTALBA" }, "geometry": { "type": "MultiPolygon", "coordinates": [ [ [ [ 2509793.7007, 6349504.164699998684227, 0.0 ], [ 2509790.891299999784678, 6349494.56209999974817, 0.0 ], [ 2509780.485599999781698, 6349497.69400000013411, 0.0 ], [ 2509782.021800000220537, 6349502.967999999411404, 0.0 ], [ 2509783.290699999779463, 6349507.322499999776483, 0.0 ], [ 2509793.7007, 6349504.164699998684227, 0.0 ] ] ] ] } },
{ "type": "Feature", "properties": { "LAYER": "PARCELARIO_BASE_CATASTRO", "MAP_NAME": "1010_2025.dwg", "ccpp1": "1010 1636", "LAYER_2": "PADRONES_2_VISTALBA" }, "geometry": { "type": "MultiPolygon", "coordinates": [ [ [ [ 2509498.839999999850988, 6348531.200000000186265, 0.0 ], [ 2509508.98, 6348531.46999999973923, 0.0 ], [ 2509510.160000000149012, 6348487.769999999552965, 0.0 ], [ 2509494.42, 6348487.339999999850988, 0.0 ], [ 2509493.23, 6348531.04, 0.0 ], [ 2509498.839999999850988, 6348531.200000000186265, 0.0 ] ] ] ] } },
{ "type": "Feature", "properties": { "LAYER": "PARCELARIO_BASE_CATASTRO", "MAP_NAME": "1010_2025.dwg", "ccpp1": "1010 1647", "LAYER_2": "PADRONES_2_VISTALBA" }, "geometry": { "type": "MultiPolygon", "coordinates": [ [ [ [ 2508823.29058626294136, 6347098.710854241624475, 0.0 ], [ 2508801.282500000204891, 6347096.383500001393259, 0.0 ], [ 2508801.2187, 6347096.956600000150502, 0.0 ], [ 2508801.0968, 6347098.052199999801815, 0.0 ], [ 2508800.757000000216067, 6347101.105499999597669, 0.0 ], [ 2508794.911799999885261, 6347153.635900000110269, 0.0 ], [ 2508816.046800000127405, 6347155.901399999856949, 0.0 ], [ 2508818.5609, 6347156.170899998396635, 0.0 ], [ 2508822.94579999987036, 6347102.8991, 0.0 ], [ 2508823.29058626294136, 6347098.710854241624475, 0.0 ] ] ] ] } },
{ "type": "Feature", "properties": { "LAYER": "PARCELARIO_BASE_CATASTRO", "MAP_NAME": "1010_2025.dwg", "ccpp1": "1010 1674", "LAYER_2": "PADRONES_2_VISTALBA" }, "geometry": { "type": "MultiPolygon", "coordinates": [ [ [ [ 2508845.167498799040914, 6347101.024336863309145, 0.0 ], [ 2508823.29058626294136, 6347098.710854241624475, 0.0 ], [ 2508822.94579999987036, 6347102.8991, 0.0 ], [ 2508818.5609, 6347156.170899998396635, 0.0 ], [ 2508837.9271, 6347158.246700000949204, 0.0 ], [ 2508840.435600000899285, 6347158.515599999576807, 0.0 ], [ 2508845.041199999861419, 6347102.558299999684095, 0.0 ], [ 2508845.167498799040914, 6347101.024336863309145, 0.0 ] ] ] ] } },
{ "type": "Feature", "properties": { "LAYER": "PARCELARIO_BASE_CATASTRO", "MAP_NAME": "1010_2025.dwg", "ccpp1": "1010 1675", "LAYER_2": "PADRONES_2_VISTALBA" }, "geometry": { "type": "MultiPolygon", "coordinates": [ [ [ [ 2508867.042991175781935, 6347103.337669307366014, 0.0 ], [ 2508845.167498799040914, 6347101.024336863309145, 0.0 ], [ 2508845.041199999861419, 6347102.558299999684095, 0.0 ], [ 2508840.435600000899285, 6347158.515599999576807, 0.0 ], [ 2508859.826000000815839, 6347160.594100000336766, 0.0 ], [ 2508862.3103, 6347160.860399999655783, 0.0 ], [ 2508866.9317, 6347104.72410000115633, 0.0 ], [ 2508867.042991175781935, 6347103.337669307366014, 0.0 ] ] ] ] } },
{ "type": "Feature", "properties": { "LAYER": "PARCELARIO_BASE_CATASTRO", "MAP_NAME": "1010_2025.dwg", "ccpp1": "1010 1676", "LAYER_2": "PADRONES_2_VISTALBA" }, "geometry": { "type": "MultiPolygon", "coordinates": [ [ [ [ 2508889.875555330887437, 6347105.752212049439549, 0.0 ], [ 2508867.042991175781935, 6347103.337669307366014, 0.0 ], [ 2508866.9317, 6347104.72410000115633, 0.0 ], [ 2508862.3103, 6347160.860399999655783, 0.0 ], [ 2508881.706199999898672, 6347162.939399999566376, 0.0 ], [ 2508884.185, 6347163.205100000835955, 0.0 ], [ 2508889.625200000125915, 6347108.28899999987334, 0.0 ], [ 2508889.8177, 6347106.346199998632073, 0.0 ], [ 2508889.875555330887437, 6347105.752212049439549, 0.0 ] ] ] ] } },
{ "type": "Feature", "properties": { "LAYER": "PARCELARIO_BASE_CATASTRO", "MAP_NAME": "1010_2025.dwg", "ccpp1": "1010 1677", "LAYER_2": "PADRONES_2_VISTALBA" }, "geometry": { "type": "MultiPolygon", "coordinates": [ [ [ [ 2508911.756203082855791, 6347108.066089672036469, 0.0 ], [ 2508889.875555330887437, 6347105.752212049439549, 0.0 ], [ 2508889.8177, 6347106.346199998632073, 0.0 ], [ 2508889.625200000125915, 6347108.28899999987334, 0.0 ], [ 2508884.185, 6347163.205100000835955, 0.0 ], [ 2508903.6050999998115, 6347165.286799999885261, 0.0 ], [ 2508906.0696, 6347165.551, 0.0 ], [ 2508911.5587, 6347110.06209999974817, 0.0 ], [ 2508911.756203082855791, 6347108.066089672036469, 0.0 ] ] ] ] } },
{ "type": "Feature", "properties": { "LAYER": "PARCELARIO_BASE_CATASTRO", "MAP_NAME": "1010_2025.dwg", "ccpp1": "1010 1678", "LAYER_2": "PADRONES_2_VISTALBA" }, "geometry": { "type": "MultiPolygon", "coordinates": [ [ [ [ 2508930.234088306780905, 6347110.020125292241573, 0.0 ], [ 2508911.756203082855791, 6347108.066089672036469, 0.0 ], [ 2508911.5587, 6347110.06209999974817, 0.0 ], [ 2508906.0696, 6347165.551, 0.0 ], [ 2508925.503399999812245, 6347167.634100001305342, 0.0 ], [ 2508929.997899999842048, 6347112.945700000971556, 0.0 ], [ 2508930.111600000876933, 6347111.561800001189113, 0.0 ], [ 2508930.234088306780905, 6347110.020125292241573, 0.0 ] ] ] ] } },
{ "type": "Feature", "properties": { "LAYER": "PARCELARIO_BASE_CATASTRO", "MAP_NAME": "1010_2025.dwg", "ccpp1": "1010 1679", "LAYER_2": "PADRONES_2_VISTALBA" }, "geometry": { "type": "MultiPolygon", "coordinates": [ [ [ [ 2508952.131300985813141, 6347112.335754657164216, 0.0 ], [ 2508930.234088306780905, 6347110.020125292241573, 0.0 ], [ 2508930.111600000876933, 6347111.561800001189113, 0.0 ], [ 2508929.997899999842048, 6347112.945700000971556, 0.0 ], [ 2508925.503399999812245, 6347167.634100001305342, 0.0 ], [ 2508947.3843, 6347169.979500001296401, 0.0 ], [ 2508951.8575, 6347115.659799998626113, 0.0 ], [ 2508952.049000000115484, 6347113.335099999792874, 0.0 ], [ 2508952.131300985813141, 6347112.335754657164216, 0.0 ] ] ] ] } },
{ "type": "Feature", "properties": { "LAYER": "PARCELARIO_BASE_CATASTRO", "MAP_NAME": "1010_2025.dwg", "ccpp1": "1010 1680", "LAYER_2": "PADRONES_2_VISTALBA" }, "geometry": { "type": "MultiPolygon", "coordinates": [ [ [ [ 2508974.023178964853287, 6347114.650819875299931, 0.0 ], [ 2508952.131300985813141, 6347112.335754657164216, 0.0 ], [ 2508952.049000000115484, 6347113.335099999792874, 0.0 ], [ 2508951.8575, 6347115.659799998626113, 0.0 ], [ 2508947.3843, 6347169.979500001296401, 0.0 ], [ 2508969.282500000204891, 6347172.3268, 0.0 ], [ 2508973.717199999839067, 6347118.373800000175834, 0.0 ], [ 2508973.985599999781698, 6347115.108300000429153, 0.0 ], [ 2508974.023178964853287, 6347114.650819875299931, 0.0 ] ] ] ] } },
{ "type": "Feature", "properties": { "LAYER": "PARCELARIO_BASE_CATASTRO", "MAP_NAME": "1010_2025.dwg", "ccpp1": "1010 1681", "LAYER_2": "PADRONES_2_VISTALBA" }, "geometry": { "type": "MultiPolygon", "coordinates": [ [ [ [ 2508995.914394265972078, 6347116.965815015137196, 0.0 ], [ 2508974.023178964853287, 6347114.650819875299931, 0.0 ], [ 2508973.985599999781698, 6347115.108300000429153, 0.0 ], [ 2508973.717199999839067, 6347118.373800000175834, 0.0 ], [ 2508969.282500000204891, 6347172.3268, 0.0 ], [ 2508991.163499999791384, 6347174.6722, 0.0 ], [ 2508995.576900000218302, 6347121.087899998761714, 0.0 ], [ 2508995.914394265972078, 6347116.965815015137196, 0.0 ] ] ] ] } },
{ "type": "Feature", "properties": { "LAYER": "PARCELARIO_BASE_CATASTRO", "MAP_NAME": "1010_2025.dwg", "ccpp1": "1010 1682", "LAYER_2": "PADRONES_2_VISTALBA" }, "geometry": { "type": "MultiPolygon", "coordinates": [ [ [ [ 2509017.818864549975842, 6347119.282211869955063, 0.0 ], [ 2508995.914394265972078, 6347116.965815015137196, 0.0 ], [ 2508995.576900000218302, 6347121.087899998761714, 0.0 ], [ 2508991.163499999791384, 6347174.6722, 0.0 ], [ 2509013.062300000805408, 6347177.019600000232458, 0.0 ], [ 2509017.446399999782443, 6347123.8032, 0.0 ], [ 2509017.818864549975842, 6347119.282211869955063, 0.0 ] ] ] ] } },
{ "type": "Feature", "properties": { "LAYER": "PARCELARIO_BASE_CATASTRO", "MAP_NAME": "1010_2025.dwg", "ccpp1": "1010 1683", "LAYER_2": "PADRONES_2_VISTALBA" }, "geometry": { "type": "MultiPolygon", "coordinates": [ [ [ [ 2509039.694154934957623, 6347121.595522951334715, 0.0 ], [ 2509017.818864549975842, 6347119.282211869955063, 0.0 ], [ 2509017.446399999782443, 6347123.8032, 0.0 ], [ 2509013.062300000805408, 6347177.019600000232458, 0.0 ], [ 2509034.9506, 6347179.365799999795854, 0.0 ], [ 2509039.296200000215322, 6347126.516099998727441, 0.0 ], [ 2509039.694154934957623, 6347121.595522951334715, 0.0 ] ] ] ] } },
{ "type": "Feature", "properties": { "LAYER": "PARCELARIO_BASE_CATASTRO", "MAP_NAME": "1010_2025.dwg", "ccpp1": "1010 1684", "LAYER_2": "PADRONES_2_VISTALBA" }, "geometry": { "type": "MultiPolygon", "coordinates": [ [ [ [ 2509061.604111566208303, 6347123.9124999884516, 0.0 ], [ 2509039.694154934957623, 6347121.595522951334715, 0.0 ], [ 2509039.296200000215322, 6347126.516099998727441, 0.0 ], [ 2509034.9506, 6347179.365799999795854, 0.0 ], [ 2509056.8416, 6347181.712299999780953, 0.0 ], [ 2509061.1658, 6347129.2314, 0.0 ], [ 2509061.604111566208303, 6347123.9124999884516, 0.0 ] ] ] ] } },
{ "type": "Feature", "properties": { "LAYER": "PARCELARIO_BASE_CATASTRO", "MAP_NAME": "1010_2025.dwg", "ccpp1": "1010 1685", "LAYER_2": "PADRONES_2_VISTALBA" }, "geometry": { "type": "MultiPolygon", "coordinates": [ [ [ [ 2509069.4235, 6347124.739400001242757, 0.0 ], [ 2509061.604111566208303, 6347123.9124999884516, 0.0 ], [ 2509061.5746, 6347124.27070000115782, 0.0 ], [ 2509061.1658, 6347129.2314, 0.0 ], [ 2509056.8416, 6347181.712299999780953, 0.0 ], [ 2509078.739699999801815, 6347184.059500000439584, 0.0 ], [ 2509080.4824, 6347184.246299998834729, 0.0 ], [ 2509085.024000000208616, 6347129.032800000160933, 0.0 ], [ 2509069.17750000115484, 6347127.729299999773502, 0.0 ], [ 2509069.4235, 6347124.739400001242757, 0.0 ] ] ] ] } },
{ "type": "Feature", "properties": { "LAYER": "PARCELARIO_BASE_CATASTRO", "MAP_NAME": "1010_2025.dwg", "ccpp1": "1010 1686", "LAYER_2": "PADRONES_2_VISTALBA" }, "geometry": { "type": "MultiPolygon", "coordinates": [ [ [ [ 2509106.5472, 6347187.1996, 0.0 ], [ 2509112.036100000143051, 6347119.032200001180172, 0.0 ], [ 2509102.046900000888854, 6347118.435600000433624, 0.0 ], [ 2509101.9893, 6347118.432199999690056, 0.0 ], [ 2509100.1244, 6347118.320799998939037, 0.0 ], [ 2509099.58320000115782, 6347123.2308, 0.0 ], [ 2509094.083399999886751, 6347127.826100001111627, 0.0 ], [ 2509092.001300000119954, 6347129.596800000406802, 0.0 ], [ 2509085.024000000208616, 6347129.032800000160933, 0.0 ], [ 2509080.4824, 6347184.246299998834729, 0.0 ], [ 2509106.5472, 6347187.1996, 0.0 ] ] ] ] } },
{ "type": "Feature", "properties": { "LAYER": "PARCELARIO_BASE_CATASTRO", "MAP_NAME": "1010_2025.dwg", "ccpp1": "1010 1242", "LAYER_2": "PADRONES_2_VISTALBA" }, "geometry": { "type": "MultiPolygon", "coordinates": [ [ [ [ 2509813.613400000147521, 6348965.366000001318753, 0.0 ], [ 2509814.799699999857694, 6348934.530600001104176, 0.0 ], [ 2509809.015000000130385, 6348924.65749999973923, 0.0 ], [ 2509797.665200000163168, 6348922.8004, 0.0 ], [ 2509793.052999999839813, 6348927.03999999910593, 0.0 ], [ 2509790.8454, 6348964.861399998888373, 0.0 ], [ 2509808.896499999798834, 6348965.294300001114607, 0.0 ], [ 2509813.613400000147521, 6348965.366000001318753, 0.0 ] ] ] ] } },
{ "type": "Feature", "properties": { "LAYER": "PARCELARIO_BASE_CATASTRO", "MAP_NAME": "1010_2025.dwg", "ccpp1": "1010 1810", "LAYER_2": "PADRONES_2_VISTALBA" }, "geometry": { "type": "MultiPolygon", "coordinates": [ [ [ [ 2509814.591, 6348941.316200000233948, 0.0 ], [ 2509856.126499999780208, 6348941.4517, 0.0 ], [ 2509865.16509999986738, 6348916.702100000344217, 0.0 ], [ 2509800.172799999825656, 6348913.912100000306964, 0.0 ], [ 2509799.822300000116229, 6348920.817200000397861, 0.0 ], [ 2509797.665200000163168, 6348922.8004, 0.0 ], [ 2509809.015000000130385, 6348924.65749999973923, 0.0 ], [ 2509814.799699999857694, 6348934.530600001104176, 0.0 ], [ 2509814.591, 6348941.316200000233948, 0.0 ] ] ] ] } },
{ "type": "Feature", "properties": { "LAYER": "PARCELARIO_BASE_CATASTRO", "MAP_NAME": "1010_2025.dwg", "ccpp1": "1010 1702", "LAYER_2": "PADRONES_2_VISTALBA" }, "geometry": { "type": "MultiPolygon", "coordinates": [ [ [ [ 2508708.80530000012368, 6345439.8344, 0.0 ], [ 2508696.240000000223517, 6345418.019999998621643, 0.0 ], [ 2508693.009999999776483, 6345412.400000000372529, 0.0 ], [ 2508658.230000000912696, 6345415.889999999664724, 0.0 ], [ 2508674.158900000154972, 6345443.09389999974519, 0.0 ], [ 2508708.80530000012368, 6345439.8344, 0.0 ] ] ] ] } },
{ "type": "Feature", "properties": { "LAYER": "PARCELARIO_BASE_CATASTRO", "MAP_NAME": "1010_2025.dwg", "ccpp1": "1010 1613", "LAYER_2": "PADRONES_2_VISTALBA" }, "geometry": { "type": "MultiPolygon", "coordinates": [ [ [ [ 2508712.4619, 6348908.323699998669326, 0.0 ], [ 2508736.352400000207126, 6348929.765700001269579, 0.0 ], [ 2508745.6327, 6348901.444799999706447, 0.0 ], [ 2508721.2536, 6348878.06180000025779, 0.0 ], [ 2508717.226600000169128, 6348891.971900000236928, 0.0 ], [ 2508712.4619, 6348908.323699998669326, 0.0 ] ] ] ] } },
{ "type": "Feature", "properties": { "LAYER": "PARCELARIO_BASE_CATASTRO", "MAP_NAME": "1010_2025.dwg", "ccpp1": "1010 1618", "LAYER_2": "PADRONES_2_VISTALBA" }, "geometry": { "type": "MultiPolygon", "coordinates": [ [ [ [ 2508768.6631, 6345475.128399998880923, 0.0 ], [ 2508759.569999999832362, 6345459.96999999973923, 0.0 ], [ 2508743.9156, 6345433.838700000196695, 0.0 ], [ 2508707.238736575003713, 6345437.114823929034173, 0.0 ], [ 2508731.0186, 6345478.3958, 0.0 ], [ 2508768.6631, 6345475.128399998880923, 0.0 ] ] ] ] } },
{ "type": "Feature", "properties": { "LAYER": "PARCELARIO_BASE_CATASTRO", "MAP_NAME": "1010_2025.dwg", "ccpp1": "1010 1633", "LAYER_2": "PADRONES_2_VISTALBA" }, "geometry": { "type": "MultiPolygon", "coordinates": [ [ [ [ 2508743.9156, 6345433.838700000196695, 0.0 ], [ 2508728.369364217855036, 6345407.888203104957938, 0.0 ], [ 2508692.240980304777622, 6345411.017993592657149, 0.0 ], [ 2508707.238736575003713, 6345437.114823929034173, 0.0 ], [ 2508743.9156, 6345433.838700000196695, 0.0 ] ] ] ] } },
{ "type": "Feature", "properties": { "LAYER": "PARCELARIO_BASE_CATASTRO", "MAP_NAME": "1010_2025.dwg", "ccpp1": "1010 1635", "LAYER_2": "PADRONES_2_VISTALBA" }, "geometry": { "type": "MultiPolygon", "coordinates": [ [ [ [ 2508709.709800000768155, 6345376.521599999628961, 0.0 ], [ 2508703.5252, 6345366.258899999782443, 0.0 ], [ 2508690.190000000875443, 6345344.129999998956919, 0.0 ], [ 2508657.299999999813735, 6345348.219999998807907, 0.0 ], [ 2508674.739399999845773, 6345379.565100000239909, 0.0 ], [ 2508709.709800000768155, 6345376.521599999628961, 0.0 ] ] ] ] } },
{ "type": "Feature", "properties": { "LAYER": "PARCELARIO_BASE_CATASTRO", "MAP_NAME": "1010_2025.dwg", "ccpp1": "1010 149", "LAYER_2": "PADRONES_2_VISTALBA" }, "geometry": { "type": "MultiPolygon", "coordinates": [ [ [ [ 2510261.026200001128018, 6347539.10630000103265, 0.0 ], [ 2510262.2557, 6347532.716599998995662, 0.0 ], [ 2510264.075000000186265, 6347523.237000000663102, 0.0 ], [ 2510227.307500000111759, 6347520.671499998308718, 0.0 ], [ 2510227.3594, 6347520.931099999696016, 0.0 ], [ 2510227.407500000204891, 6347521.171400001272559, 0.0 ], [ 2510227.4476, 6347521.411399999633431, 0.0 ], [ 2510227.487600000109524, 6347521.651399999856949, 0.0 ], [ 2510227.5176, 6347521.8914, 0.0 ], [ 2510227.5477, 6347522.131400000303984, 0.0 ], [ 2510227.573299999814481, 6347522.381799998693168, 0.0 ], [ 2510227.597699999809265, 6347522.621299998834729, 0.0 ], [ 2510227.612499999813735, 6347522.861600000411272, 0.0 ], [ 2510227.6278, 6347523.111300000920892, 0.0 ], [ 2510227.6327, 6347523.3514, 0.0 ], [ 2510227.637900000903755, 6347523.60120000038296, 0.0 ], [ 2510227.637900000903755, 6347523.841199999675155, 0.0 ], [ 2510227.637900000903755, 6347524.091199999675155, 0.0 ], [ 2510227.62790000019595, 6347524.33119999896735, 0.0 ], [ 2510227.617999999783933, 6347524.57120000012219, 0.0 ], [ 2510227.5976, 6347524.821200001053512, 0.0 ], [ 2510227.578000000212342, 6347525.061200000345707, 0.0 ], [ 2510227.553600000217557, 6347525.300599999725819, 0.0 ], [ 2510227.528100000228733, 6347525.551099999807775, 0.0 ], [ 2510227.492999999783933, 6347525.79179999884218, 0.0 ], [ 2510227.458100000862032, 6347526.031100001186132, 0.0 ], [ 2510227.412899999879301, 6347526.272000000812113, 0.0 ], [ 2510227.368200000841171, 6347526.5110999988392, 0.0 ], [ 2510227.313400000799447, 6347526.75, 0.0 ], [ 2510227.2582, 6347526.99110000114888, 0.0 ], [ 2510227.19939999980852, 6347527.221300000324845, 0.0 ], [ 2510227.1382, 6347527.461000001057982, 0.0 ], [ 2510227.066800000146031, 6347527.700599999167025, 0.0 ], [ 2510226.998199999798089, 6347527.93099999986589, 0.0 ], [ 2510226.9238, 6347528.1595, 0.0 ], [ 2510226.84830000018701, 6347528.390999998897314, 0.0 ], [ 2510226.762699999846518, 6347528.622600000351667, 0.0 ], [ 2510226.678299999795854, 6347528.850999998860061, 0.0 ], [ 2510226.582299999892712, 6347529.078499999828637, 0.0 ], [ 2510226.488299999851733, 6347529.301, 0.0 ], [ 2510226.386400000192225, 6347529.5302, 0.0 ], [ 2510226.28830000013113, 6347529.751000000163913, 0.0 ], [ 2510226.178299999795854, 6347529.971, 0.0 ], [ 2510226.068300000857562, 6347530.19099999871105, 0.0 ], [ 2510225.9545, 6347530.398900000378489, 0.0 ], [ 2510225.8383, 6347530.610999998636544, 0.0 ], [ 2510225.7124, 6347530.827600000426173, 0.0 ], [ 2510225.5883, 6347531.041000000201166, 0.0 ], [ 2510225.468100000172853, 6347531.2467, 0.0 ], [ 2510225.343600001186132, 6347531.459899999201298, 0.0 ], [ 2510225.22220000019297, 6347531.667600001208484, 0.0 ], [ 2510224.9932, 6347532.135300000198185, 0.0 ], [ 2510231.669799999799579, 6347533.430100001394749, 0.0 ], [ 2510261.026200001128018, 6347539.10630000103265, 0.0 ] ] ] ] } },
{ "type": "Feature", "properties": { "LAYER": "PARCELARIO_BASE_CATASTRO", "MAP_NAME": "1010_2025.dwg", "ccpp1": "1010 1727", "LAYER_2": "PADRONES_2_VISTALBA" }, "geometry": { "type": "MultiPolygon", "coordinates": [ [ [ [ 2509307.690412399824709, 6348874.104290775954723, 0.0 ], [ 2509308.336399182211608, 6348853.774804452434182, 0.0 ], [ 2509270.463375561870635, 6348852.571734417229891, 0.0 ], [ 2509270.358629014808685, 6348855.869188662618399, 0.0 ], [ 2509269.817591275088489, 6348872.901227172464132, 0.0 ], [ 2509307.690412399824709, 6348874.104290775954723, 0.0 ] ] ] ] } },
{ "type": "Feature", "properties": { "LAYER": "PARCELARIO_BASE_CATASTRO", "MAP_NAME": "1010_2025.dwg", "ccpp1": "1010 1671", "LAYER_2": "PADRONES_2_VISTALBA" }, "geometry": { "type": "MultiPolygon", "coordinates": [ [ [ [ 2509374.55739918211475, 6348816.355804450809956, 0.0 ], [ 2509404.49255244107917, 6348817.307020527310669, 0.0 ], [ 2509405.3736, 6348795.4403, 0.0 ], [ 2509425.218873546924442, 6348796.32761109713465, 0.0 ], [ 2509425.331399181857705, 6348792.78680445253849, 0.0 ], [ 2509422.5923991817981, 6348789.867804452776909, 0.0 ], [ 2509375.446399182081223, 6348788.370804451406002, 0.0 ], [ 2509374.731664055027068, 6348810.859812861308455, 0.0 ], [ 2509374.55739918211475, 6348816.355804450809956, 0.0 ] ] ] ] } },
{ "type": "Feature", "properties": { "LAYER": "PARCELARIO_BASE_CATASTRO", "MAP_NAME": "1010_2025.dwg", "ccpp1": "1010 1916", "LAYER_2": "PADRONES_2_VISTALBA" }, "geometry": { "type": "MultiPolygon", "coordinates": [ [ [ [ 2509459.954700000118464, 6349132.378700001165271, 0.0 ], [ 2509535.286799999885261, 6349137.53760000038892, 0.0 ], [ 2509535.93349999981001, 6349120.8953, 0.0 ], [ 2509470.64919999986887, 6349116.898199999704957, 0.0 ], [ 2509459.954700000118464, 6349132.378700001165271, 0.0 ] ] ] ] } },
{ "type": "Feature", "properties": { "LAYER": "PARCELARIO_BASE_CATASTRO", "MAP_NAME": "1010_2025.dwg", "ccpp1": "1010 1039", "LAYER_2": "PADRONES_2_VISTALBA" }, "geometry": { "type": "MultiPolygon", "coordinates": [ [ [ [ 2509597.62708613788709, 6349004.234493591822684, 0.0 ], [ 2509598.232434170786291, 6348981.513484667986631, 0.0 ], [ 2509566.387745851185173, 6348982.215518645010889, 0.0 ], [ 2509566.110125638078898, 6348998.562435350380838, 0.0 ], [ 2509566.051008836831897, 6349002.043368579819798, 0.0 ], [ 2509597.62708613788709, 6349004.234493591822684, 0.0 ] ] ] ] } },
{ "type": "Feature", "properties": { "LAYER": "PARCELARIO_BASE_CATASTRO", "MAP_NAME": "1010_2025.dwg", "ccpp1": "1010 1770", "LAYER_2": "PADRONES_2_VISTALBA" }, "geometry": { "type": "MultiPolygon", "coordinates": [ [ [ [ 2509566.387745851185173, 6348982.215518645010889, 0.0 ], [ 2509626.045700000133365, 6348980.899500000290573, 0.0 ], [ 2509626.847699999809265, 6348959.72690000012517, 0.0 ], [ 2509626.80790000082925, 6348958.924800000153482, 0.0 ], [ 2509566.707000000867993, 6348963.417100000195205, 0.0 ], [ 2509566.387745851185173, 6348982.215518645010889, 0.0 ] ] ] ] } },
{ "type": "Feature", "properties": { "LAYER": "PARCELARIO_BASE_CATASTRO", "MAP_NAME": "1010_2025.dwg", "ccpp1": "1010 1771", "LAYER_2": "PADRONES_2_VISTALBA" }, "geometry": { "type": "MultiPolygon", "coordinates": [ [ [ [ 2509627.5499, 6348938.2736, 0.0 ], [ 2509614.873500000219792, 6348937.500599998980761, 0.0 ], [ 2509614.042400000151247, 6348937.463399999774992, 0.0 ], [ 2509567.0409, 6348943.756299999542534, 0.0 ], [ 2509566.707000000867993, 6348963.417100000195205, 0.0 ], [ 2509626.80790000082925, 6348958.924800000153482, 0.0 ], [ 2509627.5499, 6348938.2736, 0.0 ] ] ] ] } },
{ "type": "Feature", "properties": { "LAYER": "PARCELARIO_BASE_CATASTRO", "MAP_NAME": "1010_2025.dwg", "ccpp1": "1010 1765", "LAYER_2": "PADRONES_2_VISTALBA" }, "geometry": { "type": "MultiPolygon", "coordinates": [ [ [ [ 2508537.3002, 6345502.98280000127852, 0.0 ], [ 2508574.950000000186265, 6345500.570000000298023, 0.0 ], [ 2508555.730000000912696, 6345467.650000000372529, 0.0 ], [ 2508534.980399999767542, 6345469.135200000368059, 0.0 ], [ 2508535.8004, 6345481.099999998696148, 0.0 ], [ 2508537.3002, 6345502.98280000127852, 0.0 ] ] ] ] } },
{ "type": "Feature", "properties": { "LAYER": "PARCELARIO_BASE_CATASTRO", "MAP_NAME": "1010_2025.dwg", "ccpp1": "1010 1387", "LAYER_2": "PADRONES_2_VISTALBA" }, "geometry": { "type": "MultiPolygon", "coordinates": [ [ [ [ 2509858.989699999801815, 6349969.633899999782443, 0.0 ], [ 2509884.149000000208616, 6349968.325799999758601, 0.0 ], [ 2509882.0534, 6349928.092799998819828, 0.0 ], [ 2509861.8128, 6349929.13389999885112, 0.0 ], [ 2509856.895200000144541, 6349929.391799997538328, 0.0 ], [ 2509858.989699999801815, 6349969.633899999782443, 0.0 ] ] ] ] } },
{ "type": "Feature", "properties": { "LAYER": "PARCELARIO_BASE_CATASTRO", "MAP_NAME": "1010_2025.dwg", "ccpp1": "1010 1645", "LAYER_2": "PADRONES_2_VISTALBA" }, "geometry": { "type": "MultiPolygon", "coordinates": [ [ [ [ 2508779.3586, 6347094.485600000247359, 0.0 ], [ 2508764.767, 6347093.222499998286366, 0.0 ], [ 2508757.694800000172108, 6347097.624599998816848, 0.0 ], [ 2508757.054700001142919, 6347098.03940000012517, 0.0 ], [ 2508751.387500000186265, 6347148.970499999821186, 0.0 ], [ 2508773.037600000854582, 6347151.291199999861419, 0.0 ], [ 2508778.8193, 6347099.3322, 0.0 ], [ 2508779.3586, 6347094.485600000247359, 0.0 ] ] ] ] } },
{ "type": "Feature", "properties": { "LAYER": "PARCELARIO_BASE_CATASTRO", "MAP_NAME": "1010_2025.dwg", "ccpp1": "1010 1646", "LAYER_2": "PADRONES_2_VISTALBA" }, "geometry": { "type": "MultiPolygon", "coordinates": [ [ [ [ 2508801.282500000204891, 6347096.383500001393259, 0.0 ], [ 2508779.3586, 6347094.485600000247359, 0.0 ], [ 2508778.8193, 6347099.3322, 0.0 ], [ 2508773.037600000854582, 6347151.291199999861419, 0.0 ], [ 2508794.911799999885261, 6347153.635900000110269, 0.0 ], [ 2508800.757000000216067, 6347101.105499999597669, 0.0 ], [ 2508801.2187, 6347096.956600000150502, 0.0 ], [ 2508801.282500000204891, 6347096.383500001393259, 0.0 ] ] ] ] } },
{ "type": "Feature", "properties": { "LAYER": "PARCELARIO_BASE_CATASTRO", "MAP_NAME": "1010_2025.dwg", "ccpp1": "1010 1644", "LAYER_2": "PADRONES_2_VISTALBA" }, "geometry": { "type": "MultiPolygon", "coordinates": [ [ [ [ 2508757.054700001142919, 6347098.03940000012517, 0.0 ], [ 2508729.2094, 6347116.0844, 0.0 ], [ 2508725.854600001126528, 6347146.2336, 0.0 ], [ 2508751.387500000186265, 6347148.970499999821186, 0.0 ], [ 2508757.054700001142919, 6347098.03940000012517, 0.0 ] ] ] ] } },
{ "type": "Feature", "properties": { "LAYER": "PARCELARIO_BASE_CATASTRO", "MAP_NAME": "1010_2025.dwg", "ccpp1": "1010 1398", "LAYER_2": "PADRONES_2_VISTALBA" }, "geometry": { "type": "MultiPolygon", "coordinates": [ [ [ [ 2508678.150700000114739, 6347121.9353, 0.0 ], [ 2508676.07270000083372, 6347140.89740000013262, 0.0 ], [ 2508725.854600001126528, 6347146.2336, 0.0 ], [ 2508729.2094, 6347116.0844, 0.0 ], [ 2508713.9002, 6347126.005400000140071, 0.0 ], [ 2508678.150700000114739, 6347121.9353, 0.0 ] ] ] ] } },
{ "type": "Feature", "properties": { "LAYER": "PARCELARIO_BASE_CATASTRO", "MAP_NAME": "1010_2025.dwg", "ccpp1": "1010 1712", "LAYER_2": "PADRONES_2_VISTALBA" }, "geometry": { "type": "MultiPolygon", "coordinates": [ [ [ [ 2508608.990799999795854, 6348708.47719999961555, 0.0 ], [ 2508617.131200000178069, 6348677.524500000290573, 0.0 ], [ 2508600.388499999884516, 6348665.766699998639524, 0.0 ], [ 2508595.251800000201911, 6348667.146499999798834, 0.0 ], [ 2508590.24129999987781, 6348663.49650000128895, 0.0 ], [ 2508583.8701, 6348659.0263, 0.0 ], [ 2508577.884999999776483, 6348679.3722, 0.0 ], [ 2508581.267900000791997, 6348682.540300001390278, 0.0 ], [ 2508594.794300000183284, 6348695.188500000163913, 0.0 ], [ 2508608.990799999795854, 6348708.47719999961555, 0.0 ] ] ] ] } },
{ "type": "Feature", "properties": { "LAYER": "PARCELARIO_BASE_CATASTRO", "MAP_NAME": "1010_2025.dwg", "ccpp1": "1010 1710", "LAYER_2": "PADRONES_2_VISTALBA" }, "geometry": { "type": "MultiPolygon", "coordinates": [ [ [ [ 2508646.753699999768287, 6348741.907100000418723, 0.0 ], [ 2508656.391200000885874, 6348750.4561, 0.0 ], [ 2508667.088700000196695, 6348710.373800001107156, 0.0 ], [ 2508643.5727, 6348695.139000001363456, 0.0 ], [ 2508633.95990000013262, 6348730.665, 0.0 ], [ 2508646.753699999768287, 6348741.907100000418723, 0.0 ] ] ] ] } },
{ "type": "Feature", "properties": { "LAYER": "PARCELARIO_BASE_CATASTRO", "MAP_NAME": "1010_2025.dwg", "ccpp1": "1010 1709", "LAYER_2": "PADRONES_2_VISTALBA" }, "geometry": { "type": "MultiPolygon", "coordinates": [ [ [ [ 2508656.391200000885874, 6348750.456299999728799, 0.0 ], [ 2508676.441199999768287, 6348768.646499998867512, 0.0 ], [ 2508688.1343, 6348724.130599998869002, 0.0 ], [ 2508667.08860000083223, 6348710.373800001107156, 0.0 ], [ 2508656.391200000885874, 6348750.456299999728799, 0.0 ] ] ] ] } },
{ "type": "Feature", "properties": { "LAYER": "PARCELARIO_BASE_CATASTRO", "MAP_NAME": "1010_2025.dwg", "ccpp1": "1010 1713", "LAYER_2": "PADRONES_2_VISTALBA" }, "geometry": { "type": "MultiPolygon", "coordinates": [ [ [ [ 2508586.840900000184774, 6348648.938500000163913, 0.0 ], [ 2508558.991400000173599, 6348626.499899998307228, 0.0 ], [ 2508550.824500000104308, 6348654.043899999000132, 0.0 ], [ 2508551.645, 6348654.813799999654293, 0.0 ], [ 2508556.9572, 6348659.773199998773634, 0.0 ], [ 2508577.884999999776483, 6348679.3722, 0.0 ], [ 2508583.8701, 6348659.0263, 0.0 ], [ 2508586.840900000184774, 6348648.938500000163913, 0.0 ] ] ] ] } },
{ "type": "Feature", "properties": { "LAYER": "PARCELARIO_BASE_CATASTRO", "MAP_NAME": "1010_2025.dwg", "ccpp1": "1010 1720", "LAYER_2": "PADRONES_2_VISTALBA" }, "geometry": { "type": "MultiPolygon", "coordinates": [ [ [ [ 2508558.991400000173599, 6348626.499899998307228, 0.0 ], [ 2508586.840900000184774, 6348648.938500000163913, 0.0 ], [ 2508589.8333, 6348638.777499999850988, 0.0 ], [ 2508596.340799999888986, 6348616.6815, 0.0 ], [ 2508585.994700000155717, 6348610.766800001263618, 0.0 ], [ 2508566.896499999798834, 6348599.848500001244247, 0.0 ], [ 2508558.991400000173599, 6348626.499899998307228, 0.0 ] ] ] ] } },
{ "type": "Feature", "properties": { "LAYER": "PARCELARIO_BASE_CATASTRO", "MAP_NAME": "1010_2025.dwg", "ccpp1": "1010 1721", "LAYER_2": "PADRONES_2_VISTALBA" }, "geometry": { "type": "MultiPolygon", "coordinates": [ [ [ [ 2508637.2991, 6348640.171299998648465, 0.0 ], [ 2508634.7327, 6348638.691200000233948, 0.0 ], [ 2508627.702099999878556, 6348634.649299999698997, 0.0 ], [ 2508615.628500000108033, 6348627.7083, 0.0 ], [ 2508596.340799999888986, 6348616.6815, 0.0 ], [ 2508589.8333, 6348638.777499999850988, 0.0 ], [ 2508596.672500000800937, 6348642.0176, 0.0 ], [ 2508601.682500000111759, 6348645.25760000012815, 0.0 ], [ 2508605.214700000826269, 6348650.487499999813735, 0.0 ], [ 2508629.2697, 6348667.410199999809265, 0.0 ], [ 2508637.2991, 6348640.171299998648465, 0.0 ] ] ] ] } },
{ "type": "Feature", "properties": { "LAYER": "PARCELARIO_BASE_CATASTRO", "MAP_NAME": "1010_2025.dwg", "ccpp1": "1010 1722", "LAYER_2": "PADRONES_2_VISTALBA" }, "geometry": { "type": "MultiPolygon", "coordinates": [ [ [ [ 2508671.913000000175089, 6348658.400600001215935, 0.0 ], [ 2508652.6154, 6348648.335199999623001, 0.0 ], [ 2508637.299199999775738, 6348640.171299998648465, 0.0 ], [ 2508629.270899999886751, 6348667.410699999891222, 0.0 ], [ 2508663.058000000193715, 6348689.34499999973923, 0.0 ], [ 2508671.913000000175089, 6348658.400600001215935, 0.0 ] ] ] ] } },
{ "type": "Feature", "properties": { "LAYER": "PARCELARIO_BASE_CATASTRO", "MAP_NAME": "1010_2025.dwg", "ccpp1": "1010 1723", "LAYER_2": "PADRONES_2_VISTALBA" }, "geometry": { "type": "MultiPolygon", "coordinates": [ [ [ [ 2508671.913000000175089, 6348658.400600001215935, 0.0 ], [ 2508663.058000000193715, 6348689.34499999973923, 0.0 ], [ 2508692.2113, 6348708.106800001114607, 0.0 ], [ 2508699.262399999890476, 6348680.722099999897182, 0.0 ], [ 2508701.196099999826401, 6348673.245900000445545, 0.0 ], [ 2508671.913000000175089, 6348658.400600001215935, 0.0 ] ] ] ] } },
{ "type": "Feature", "properties": { "LAYER": "PARCELARIO_BASE_CATASTRO", "MAP_NAME": "1010_2025.dwg", "ccpp1": "1010 508", "LAYER_2": "PADRONES_2_VISTALBA" }, "geometry": { "type": "MultiPolygon", "coordinates": [ [ [ [ 2509514.033200000878423, 6348425.952999998815358, 0.0 ], [ 2509498.6044, 6348425.427099999040365, 0.0 ], [ 2509496.680000000167638, 6348471.099999999627471, 0.0 ], [ 2509512.6505, 6348471.679700001142919, 0.0 ], [ 2509514.033200000878423, 6348425.952999998815358, 0.0 ] ] ] ] } },
{ "type": "Feature", "properties": { "LAYER": "PARCELARIO_BASE_CATASTRO", "MAP_NAME": "1010_2025.dwg", "ccpp1": "1010 1838", "LAYER_2": "PADRONES_2_VISTALBA" }, "geometry": { "type": "MultiPolygon", "coordinates": [ [ [ [ 2509383.352400000207126, 6349618.787499998696148, 0.0 ], [ 2509432.546500000171363, 6349610.80559999961406, 0.0 ], [ 2509429.406100001186132, 6349595.57120000012219, 0.0 ], [ 2509427.9232, 6349588.312999999150634, 0.0 ], [ 2509378.978000000119209, 6349598.454900000244379, 0.0 ], [ 2509383.352400000207126, 6349618.787499998696148, 0.0 ] ] ] ] } },
{ "type": "Feature", "properties": { "LAYER": "PARCELARIO_BASE_CATASTRO", "MAP_NAME": "1010_2025.dwg", "ccpp1": "1010 1780", "LAYER_2": "PADRONES_2_VISTALBA" }, "geometry": { "type": "MultiPolygon", "coordinates": [ [ [ [ 2508855.214800000190735, 6348840.201799998991191, 0.0 ], [ 2508825.5521, 6348820.732699999585748, 0.0 ], [ 2508815.384999999776483, 6348841.302000001072884, 0.0 ], [ 2508817.9687, 6348843.518400000408292, 0.0 ], [ 2508819.830999999772757, 6348847.985500000417233, 0.0 ], [ 2508840.1256, 6348863.462100000120699, 0.0 ], [ 2508855.214800000190735, 6348840.201799998991191, 0.0 ] ] ] ] } },
{ "type": "Feature", "properties": { "LAYER": "PARCELARIO_BASE_CATASTRO", "MAP_NAME": "1010_2025.dwg", "ccpp1": "1010 1777", "LAYER_2": "PADRONES_2_VISTALBA" }, "geometry": { "type": "MultiPolygon", "coordinates": [ [ [ [ 2508939.498500000219792, 6348977.2369, 0.0 ], [ 2508923.256699999794364, 6349001.864900001324713, 0.0 ], [ 2508940.24129999987781, 6349017.696899999864399, 0.0 ], [ 2508943.030799999833107, 6349020.658699998632073, 0.0 ], [ 2508954.8202, 6348996.964800001122057, 0.0 ], [ 2508954.857299999799579, 6348996.917000000365078, 0.0 ], [ 2508952.723199999891222, 6348995.624099999666214, 0.0 ], [ 2508952.719600000884384, 6348995.618700000457466, 0.0 ], [ 2508949.60080000013113, 6348993.724600001238286, 0.0 ], [ 2508939.498500000219792, 6348977.2369, 0.0 ] ] ] ] } },
{ "type": "Feature", "properties": { "LAYER": "PARCELARIO_BASE_CATASTRO", "MAP_NAME": "1010_2025.dwg", "ccpp1": "1010 1698", "LAYER_2": "PADRONES_2_VISTALBA" }, "geometry": { "type": "MultiPolygon", "coordinates": [ [ [ [ 2509856.126499999780208, 6348941.4517, 0.0 ], [ 2509814.591, 6348941.316200000233948, 0.0 ], [ 2509813.613400000147521, 6348965.366000001318753, 0.0 ], [ 2509847.0263, 6348966.337000000290573, 0.0 ], [ 2509856.126499999780208, 6348941.4517, 0.0 ] ] ] ] } },
{ "type": "Feature", "properties": { "LAYER": "PARCELARIO_BASE_CATASTRO", "MAP_NAME": "1010_2025.dwg", "ccpp1": "1010 288", "LAYER_2": "PADRONES_2_VISTALBA" }, "geometry": { "type": "MultiPolygon", "coordinates": [ [ [ [ 2508517.161456473171711, 6345284.773323643021286, 0.0 ], [ 2508485.739462476223707, 6345303.259190963581204, 0.0 ], [ 2508495.799999999813735, 6345320.379999999888241, 0.0 ], [ 2508499.728000000119209, 6345327.061899999156594, 0.0 ], [ 2508531.158299999777228, 6345308.592899998649955, 0.0 ], [ 2508517.161456473171711, 6345284.773323643021286, 0.0 ] ] ] ] } },
{ "type": "Feature", "properties": { "LAYER": "PARCELARIO_BASE_CATASTRO", "MAP_NAME": "1010_2025.dwg", "ccpp1": "1010 1878", "LAYER_2": "PADRONES_2_VISTALBA" }, "geometry": { "type": "MultiPolygon", "coordinates": [ [ [ [ 2508531.158299999777228, 6345308.592899998649955, 0.0 ], [ 2508499.728000000119209, 6345327.061899999156594, 0.0 ], [ 2508513.598600000143051, 6345350.656899998895824, 0.0 ], [ 2508545.024600000120699, 6345332.190399998798966, 0.0 ], [ 2508531.158299999777228, 6345308.592899998649955, 0.0 ] ] ] ] } },
{ "type": "Feature", "properties": { "LAYER": "PARCELARIO_BASE_CATASTRO", "MAP_NAME": "1010_2025.dwg", "ccpp1": "1010 1880", "LAYER_2": "PADRONES_2_VISTALBA" }, "geometry": { "type": "MultiPolygon", "coordinates": [ [ [ [ 2508567.258500000927597, 6345370.027999999001622, 0.0 ], [ 2508558.885799999814481, 6345355.779299999587238, 0.0 ], [ 2508527.464100000914186, 6345374.243300000205636, 0.0 ], [ 2508535.8394, 6345388.490399998612702, 0.0 ], [ 2508567.258500000927597, 6345370.027999999001622, 0.0 ] ] ] ] } },
{ "type": "Feature", "properties": { "LAYER": "PARCELARIO_BASE_CATASTRO", "MAP_NAME": "1010_2025.dwg", "ccpp1": "1010 1881", "LAYER_2": "PADRONES_2_VISTALBA" }, "geometry": { "type": "MultiPolygon", "coordinates": [ [ [ [ 2508650.378200000151992, 6345402.47059999871999, 0.0 ], [ 2508621.25, 6345352.71000000089407, 0.0 ], [ 2508602.609999999869615, 6345320.870000001043081, 0.0 ], [ 2508548.323599999770522, 6345228.1360999988392, 0.0 ], [ 2508504.5269, 6345231.606599999591708, 0.0 ], [ 2508582.579899999778718, 6345364.436700000427663, 0.0 ], [ 2508588.09830000018701, 6345365.942200000397861, 0.0 ], [ 2508600.223499999847263, 6345386.654, 0.0 ], [ 2508586.936799999792129, 6345387.727400000207126, 0.0 ], [ 2508598.642899999860674, 6345406.872199999168515, 0.0 ], [ 2508650.378200000151992, 6345402.47059999871999, 0.0 ] ] ] ] } },
{ "type": "Feature", "properties": { "LAYER": "PARCELARIO_BASE_CATASTRO", "MAP_NAME": "1010_2025.dwg", "ccpp1": "1010 1793", "LAYER_2": "PADRONES_2_VISTALBA" }, "geometry": { "type": "MultiPolygon", "coordinates": [ [ [ [ 2508782.836299999151379, 6348376.9929, 0.0 ], [ 2508685.875200000125915, 6348350.822100001387298, 0.0 ], [ 2508685.5398, 6348352.139900001697242, 0.0 ], [ 2508680.4468, 6348372.141900000162423, 0.0 ], [ 2508776.852099999785423, 6348398.16260000038892, 0.0 ], [ 2508782.836299999151379, 6348376.9929, 0.0 ] ] ] ] } },
{ "type": "Feature", "properties": { "LAYER": "PARCELARIO_BASE_CATASTRO", "MAP_NAME": "1010_2025.dwg", "ccpp1": "1010 1795", "LAYER_2": "PADRONES_2_VISTALBA" }, "geometry": { "type": "MultiPolygon", "coordinates": [ [ [ [ 2508789.1044, 6348354.818999999202788, 0.0 ], [ 2508804.25, 6348301.240000000223517, 0.0 ], [ 2508774.643499999772757, 6348297.060999998822808, 0.0 ], [ 2508768.022100000176579, 6348325.3361, 0.0 ], [ 2508735.5131, 6348320.8854, 0.0 ], [ 2508734.4304, 6348320.737200000323355, 0.0 ], [ 2508723.556400000117719, 6348345.5641, 0.0 ], [ 2508725.608300000894815, 6348345.853799999691546, 0.0 ], [ 2508789.1044, 6348354.818999999202788, 0.0 ] ] ] ] } },
{ "type": "Feature", "properties": { "LAYER": "PARCELARIO_BASE_CATASTRO", "MAP_NAME": "1010_2025.dwg", "ccpp1": "1010 2013", "LAYER_2": "PADRONES_2_VISTALBA" }, "geometry": { "type": "MultiPolygon", "coordinates": [ [ [ [ 2508746.537899999879301, 6348293.09389999974519, 0.0 ], [ 2508724.9304, 6348290.043999999761581, 0.0 ], [ 2508702.160000000149012, 6348286.830000001005828, 0.0 ], [ 2508685.8753, 6348350.822100001387298, 0.0 ], [ 2508702.3492, 6348355.2686, 0.0 ], [ 2508717.5132, 6348359.361499999649823, 0.0 ], [ 2508746.537899999879301, 6348293.09389999974519, 0.0 ] ] ] ] } },
{ "type": "Feature", "properties": { "LAYER": "PARCELARIO_BASE_CATASTRO", "MAP_NAME": "1010_2025.dwg", "ccpp1": "1010 1703", "LAYER_2": "PADRONES_2_VISTALBA" }, "geometry": { "type": "MultiPolygon", "coordinates": [ [ [ [ 2509806.849700000137091, 6349058.269100001081824, 0.0 ], [ 2509807.607900000177324, 6349058.216099998913705, 0.0 ], [ 2509823.623199999798089, 6349058.082100000232458, 0.0 ], [ 2509824.1113, 6349035.567800000309944, 0.0 ], [ 2509798.353199999779463, 6349033.7517, 0.0 ], [ 2509797.087359772995114, 6349059.060935092158616, 0.0 ], [ 2509806.849700000137091, 6349058.269100001081824, 0.0 ] ] ] ] } },
{ "type": "Feature", "properties": { "LAYER": "PARCELARIO_BASE_CATASTRO", "MAP_NAME": "1010_2025.dwg", "ccpp1": "1010 1819", "LAYER_2": "PADRONES_2_VISTALBA" }, "geometry": { "type": "MultiPolygon", "coordinates": [ [ [ [ 2509169.7467, 6348962.229500000365078, 0.0 ], [ 2509222.5718, 6348964.151200000196695, 0.0 ], [ 2509221.0537, 6348944.65440000128001, 0.0 ], [ 2509170.2508, 6348943.9181999983266, 0.0 ], [ 2509169.810500000137836, 6348959.786500000394881, 0.0 ], [ 2509169.7467, 6348962.229500000365078, 0.0 ] ] ] ] } },
{ "type": "Feature", "properties": { "LAYER": "PARCELARIO_BASE_CATASTRO", "MAP_NAME": "1010_2025.dwg", "ccpp1": "1010 143", "LAYER_2": "PADRONES_2_VISTALBA" }, "geometry": { "type": "MultiPolygon", "coordinates": [ [ [ [ 2510660.4244, 6346974.2823, 0.0 ], [ 2510657.801, 6346973.885499999858439, 0.0 ], [ 2510667.002400000113994, 6346887.865199999883771, 0.0 ], [ 2510450.936200000811368, 6346866.199399998411536, 0.0 ], [ 2510429.509999999776483, 6346864.112999999895692, 0.0 ], [ 2510032.885799999814481, 6346825.492000000551343, 0.0 ], [ 2510030.3621, 6346825.266599998809397, 0.0 ], [ 2509824.080200000200421, 6346805.562699999660254, 0.0 ], [ 2509813.11670000012964, 6346804.514999999664724, 0.0 ], [ 2509818.829, 6346890.836500000208616, 0.0 ], [ 2509818.433000000193715, 6346901.580500000156462, 0.0 ], [ 2509818.307200000155717, 6346904.11629999987781, 0.0 ], [ 2509817.0852, 6346933.508500001393259, 0.0 ], [ 2509816.405799999833107, 6346961.5345, 0.0 ], [ 2509816.803500000853091, 6346961.572000000625849, 0.0 ], [ 2509826.978199999779463, 6346962.5312, 0.0 ], [ 2510044.873800000175834, 6346983.073400000110269, 0.0 ], [ 2510048.8887, 6347062.185700000263751, 0.0 ], [ 2510197.279900000896305, 6347078.391200000420213, 0.0 ], [ 2510370.151200000196695, 6347096.443699998781085, 0.0 ], [ 2510386.0068, 6347098.0554, 0.0 ], [ 2510691.651, 6347129.123800000175834, 0.0 ], [ 2510709.489900000859052, 6347130.937099998816848, 0.0 ], [ 2510738.0249, 6346990.203099999576807, 0.0 ], [ 2510738.71100000012666, 6346986.121299999766052, 0.0 ], [ 2510660.419600000139326, 6346974.330699999816716, 0.0 ], [ 2510660.4244, 6346974.2823, 0.0 ] ] ] ] } },
{ "type": "Feature", "properties": { "LAYER": "PARCELARIO_BASE_CATASTRO", "MAP_NAME": "1010_2025.dwg", "ccpp1": "1919 284", "LAYER_2": "PADRONES_2_VISTALBA" }, "geometry": { "type": "MultiPolygon", "coordinates": [ [ [ [ 2508980.4474, 6345459.0362, 0.0 ], [ 2508900.956499999854714, 6345320.91260000038892, 0.0 ], [ 2508858.29, 6345322.620000001043081, 0.0 ], [ 2508864.660000000149012, 6345333.58, 0.0 ], [ 2508939.700000000186265, 6345461.46999999973923, 0.0 ], [ 2508980.4474, 6345459.0362, 0.0 ] ] ] ] } },
{ "type": "Feature", "properties": { "LAYER": "PARCELARIO_BASE_CATASTRO", "MAP_NAME": "1010_2025.dwg", "ccpp1": "1919 179", "LAYER_2": "PADRONES_2_VISTALBA" }, "geometry": { "type": "MultiPolygon", "coordinates": [ [ [ [ 2509162.901, 6345581.204300000332296, 0.0 ], [ 2509178.44040000019595, 6345577.6716, 0.0 ], [ 2509132.910000000149012, 6345500.299999999813735, 0.0 ], [ 2509116.25, 6345501.940000000409782, 0.0 ], [ 2509162.901, 6345581.204300000332296, 0.0 ] ] ] ] } },
{ "type": "Feature", "properties": { "LAYER": "PARCELARIO_BASE_CATASTRO", "MAP_NAME": "1010_2025.dwg", "ccpp1": "1919 119", "LAYER_2": "PADRONES_2_VISTALBA" }, "geometry": { "type": "MultiPolygon", "coordinates": [ [ [ [ 2509198.6102, 6345573.880999999120831, 0.0 ], [ 2509226.380299999844283, 6345568.99170000012964, 0.0 ], [ 2509173.480000000912696, 6345482.050000001676381, 0.0 ], [ 2509144.390000000130385, 6345482.780000001192093, 0.0 ], [ 2509153.610000000800937, 6345498.269999998621643, 0.0 ], [ 2509198.6102, 6345573.880999999120831, 0.0 ] ] ] ] } },
{ "type": "Feature", "properties": { "LAYER": "PARCELARIO_BASE_CATASTRO", "MAP_NAME": "1010_2025.dwg", "ccpp1": "1919 411", "LAYER_2": "PADRONES_2_VISTALBA" }, "geometry": { "type": "MultiPolygon", "coordinates": [ [ [ [ 2509144.390000000130385, 6345482.780000001192093, 0.0 ], [ 2509173.480000000912696, 6345482.050000001676381, 0.0 ], [ 2509157.629999999888241, 6345455.980000000447035, 0.0 ], [ 2509132.069999999832362, 6345462.08, 0.0 ], [ 2509144.390000000130385, 6345482.780000001192093, 0.0 ] ] ] ] } },
{ "type": "Feature", "properties": { "LAYER": "PARCELARIO_BASE_CATASTRO", "MAP_NAME": "1010_2025.dwg", "ccpp1": "1919 363", "LAYER_2": "PADRONES_2_VISTALBA" }, "geometry": { "type": "MultiPolygon", "coordinates": [ [ [ [ 2509178.44040000019595, 6345577.6716, 0.0 ], [ 2509183.109999999869615, 6345576.610000001266599, 0.0 ], [ 2509185.200300000142306, 6345576.241999998688698, 0.0 ], [ 2509140.089999999850988, 6345499.599999998696148, 0.0 ], [ 2509153.610000000800937, 6345498.269999998621643, 0.0 ], [ 2509144.390000000130385, 6345482.780000001192093, 0.0 ], [ 2509132.069999999832362, 6345462.08, 0.0 ], [ 2509157.629999999888241, 6345455.980000000447035, 0.0 ], [ 2509113.589999999850988, 6345383.58, 0.0 ], [ 2509086.92, 6345386.190000000409782, 0.0 ], [ 2509050.25, 6345389.79, 0.0 ], [ 2509078.070000001229346, 6345437.059999999590218, 0.0 ], [ 2509116.25, 6345501.940000000409782, 0.0 ], [ 2509132.910000000149012, 6345500.299999999813735, 0.0 ], [ 2509178.44040000019595, 6345577.6716, 0.0 ] ] ] ] } },
{ "type": "Feature", "properties": { "LAYER": "PARCELARIO_BASE_CATASTRO", "MAP_NAME": "1010_2025.dwg", "ccpp1": "1010 1694", "LAYER_2": "PADRONES_2_VISTALBA" }, "geometry": { "type": "MultiPolygon", "coordinates": [ [ [ [ 2508678.65000000083819, 6345324.679999999701977, 0.0 ], [ 2508721.359999999869615, 6345321.309999998658895, 0.0 ], [ 2508707.069999999832362, 6345296.570000000298023, 0.0 ], [ 2508664.160000000149012, 6345299.950000001117587, 0.0 ], [ 2508678.65000000083819, 6345324.679999999701977, 0.0 ] ] ] ] } },
{ "type": "Feature", "properties": { "LAYER": "PARCELARIO_BASE_CATASTRO", "MAP_NAME": "1010_2025.dwg", "ccpp1": "1010 1266", "LAYER_2": "PADRONES_2_VISTALBA" }, "geometry": { "type": "MultiPolygon", "coordinates": [ [ [ [ 2508693.8607, 6345273.689699999056756, 0.0 ], [ 2508688.8363, 6345274.0855, 0.0 ], [ 2508650.7656, 6345277.08430000115186, 0.0 ], [ 2508664.160000000149012, 6345299.950000001117587, 0.0 ], [ 2508707.069999999832362, 6345296.570000000298023, 0.0 ], [ 2508693.8607, 6345273.689699999056756, 0.0 ] ] ] ] } },
{ "type": "Feature", "properties": { "LAYER": "PARCELARIO_BASE_CATASTRO", "MAP_NAME": "1010_2025.dwg", "ccpp1": "1010 1767", "LAYER_2": "PADRONES_2_VISTALBA" }, "geometry": { "type": "MultiPolygon", "coordinates": [ [ [ [ 2508673.936800001189113, 6345248.277599998749793, 0.0 ], [ 2508635.657300001010299, 6345251.292899999767542, 0.0 ], [ 2508650.7656, 6345277.08430000115186, 0.0 ], [ 2508688.8363, 6345274.0855, 0.0 ], [ 2508673.936800001189113, 6345248.277599998749793, 0.0 ] ] ] ] } },
{ "type": "Feature", "properties": { "LAYER": "PARCELARIO_BASE_CATASTRO", "MAP_NAME": "1010_2025.dwg", "ccpp1": "1010 1768", "LAYER_2": "PADRONES_2_VISTALBA" }, "geometry": { "type": "MultiPolygon", "coordinates": [ [ [ [ 2508673.936800001189113, 6345248.277599998749793, 0.0 ], [ 2508658.0258, 6345220.7177, 0.0 ], [ 2508618.820000001229346, 6345222.549999998882413, 0.0 ], [ 2508635.657300001010299, 6345251.292899999767542, 0.0 ], [ 2508673.936800001189113, 6345248.277599998749793, 0.0 ] ] ] ] } },
{ "type": "Feature", "properties": { "LAYER": "PARCELARIO_BASE_CATASTRO", "MAP_NAME": "1010_2025.dwg", "ccpp1": "1010 1842", "LAYER_2": "PADRONES_2_VISTALBA" }, "geometry": { "type": "MultiPolygon", "coordinates": [ [ [ [ 2508698.719500000122935, 6345252.987099999561906, 0.0 ], [ 2508711.956799999810755, 6345275.909400001168251, 0.0 ], [ 2508718.6847, 6345275.505599999800324, 0.0 ], [ 2508725.696700000204146, 6345286.970599999651313, 0.0 ], [ 2508745.973600000143051, 6345285.691599998623133, 0.0 ], [ 2508744.910000000149012, 6345283.880000000819564, 0.0 ], [ 2508731.819999999832362, 6345261.620000000111759, 0.0 ], [ 2508726.025299999862909, 6345251.747600000351667, 0.0 ], [ 2508698.719500000122935, 6345252.987099999561906, 0.0 ] ] ] ] } },
{ "type": "Feature", "properties": { "LAYER": "PARCELARIO_BASE_CATASTRO", "MAP_NAME": "1010_2025.dwg", "ccpp1": "1010 1843", "LAYER_2": "PADRONES_2_VISTALBA" }, "geometry": { "type": "MultiPolygon", "coordinates": [ [ [ [ 2508726.025299999862909, 6345251.747600000351667, 0.0 ], [ 2508718.859999999869615, 6345239.54, 0.0 ], [ 2508706.46, 6345218.440000000409782, 0.0 ], [ 2508679.7053, 6345219.702600001357496, 0.0 ], [ 2508698.719500000122935, 6345252.987099999561906, 0.0 ], [ 2508726.025299999862909, 6345251.747600000351667, 0.0 ] ] ] ] } },
{ "type": "Feature", "properties": { "LAYER": "PARCELARIO_BASE_CATASTRO", "MAP_NAME": "1010_2025.dwg", "ccpp1": "1010 1701", "LAYER_2": "PADRONES_2_VISTALBA" }, "geometry": { "type": "MultiPolygon", "coordinates": [ [ [ [ 2509763.0874, 6348909.310200000181794, 0.0 ], [ 2509778.5576, 6348909.909099999815226, 0.0 ], [ 2509785.042400000151247, 6348904.73369999974966, 0.0 ], [ 2509794.154699999839067, 6348905.073200000450015, 0.0 ], [ 2509795.422300000209361, 6348863.9962, 0.0 ], [ 2509765.411299999803305, 6348863.02170000039041, 0.0 ], [ 2509763.0874, 6348909.310200000181794, 0.0 ] ] ] ] } },
{ "type": "Feature", "properties": { "LAYER": "PARCELARIO_BASE_CATASTRO", "MAP_NAME": "1010_2025.dwg", "ccpp1": "1010 1715", "LAYER_2": "PADRONES_2_VISTALBA" }, "geometry": { "type": "MultiPolygon", "coordinates": [ [ [ [ 2509113.457299999892712, 6348748.836500000208616, 0.0 ], [ 2509113.922799999825656, 6348734.9666, 0.0 ], [ 2509074.700000000186265, 6348733.275899999774992, 0.0 ], [ 2509074.187100000213832, 6348747.275899999774992, 0.0 ], [ 2509113.457299999892712, 6348748.836500000208616, 0.0 ] ] ] ] } },
{ "type": "Feature", "properties": { "LAYER": "PARCELARIO_BASE_CATASTRO", "MAP_NAME": "1010_2025.dwg", "ccpp1": "1010 1741", "LAYER_2": "PADRONES_2_VISTALBA" }, "geometry": { "type": "MultiPolygon", "coordinates": [ [ [ [ 2508631.130599999800324, 6348575.5017, 0.0 ], [ 2508624.1168, 6348571.49239999987185, 0.0 ], [ 2508608.619599999859929, 6348623.701299999840558, 0.0 ], [ 2508615.63329999987036, 6348627.71100000012666, 0.0 ], [ 2508627.702099999878556, 6348634.649299999698997, 0.0 ], [ 2508643.1938, 6348582.3975, 0.0 ], [ 2508631.130599999800324, 6348575.5017, 0.0 ] ] ] ] } },
{ "type": "Feature", "properties": { "LAYER": "PARCELARIO_BASE_CATASTRO", "MAP_NAME": "1010_2025.dwg", "ccpp1": "1010 1950", "LAYER_2": "PADRONES_2_VISTALBA" }, "geometry": { "type": "MultiPolygon", "coordinates": [ [ [ [ 2508601.4871, 6348558.556500000879169, 0.0 ], [ 2508597.579100000206381, 6348556.322599999606609, 0.0 ], [ 2508582.086800000164658, 6348608.532700000330806, 0.0 ], [ 2508585.994700000155717, 6348610.766800001263618, 0.0 ], [ 2508608.619599999859929, 6348623.701299999840558, 0.0 ], [ 2508624.1168, 6348571.49239999987185, 0.0 ], [ 2508601.4871, 6348558.556500000879169, 0.0 ] ] ] ] } },
{ "type": "Feature", "properties": { "LAYER": "PARCELARIO_BASE_CATASTRO", "MAP_NAME": "1010_2025.dwg", "ccpp1": "1010 1951", "LAYER_2": "PADRONES_2_VISTALBA" }, "geometry": { "type": "MultiPolygon", "coordinates": [ [ [ [ 2508582.390000000130385, 6348547.639999999664724, 0.0 ], [ 2508578.450800000224262, 6348545.3882, 0.0 ], [ 2508574.933999999891967, 6348557.2473, 0.0 ], [ 2508563.010499999858439, 6348597.4534, 0.0 ], [ 2508562.9268, 6348597.579099998809397, 0.0 ], [ 2508566.896499999798834, 6348599.848500001244247, 0.0 ], [ 2508582.086800000164658, 6348608.532700000330806, 0.0 ], [ 2508597.579100000206381, 6348556.322599999606609, 0.0 ], [ 2508582.390000000130385, 6348547.639999999664724, 0.0 ] ] ] ] } },
{ "type": "Feature", "properties": { "LAYER": "PARCELARIO_BASE_CATASTRO", "MAP_NAME": "1010_2025.dwg", "ccpp1": "1010 1818", "LAYER_2": "PADRONES_2_VISTALBA" }, "geometry": { "type": "MultiPolygon", "coordinates": [ [ [ [ 2509071.222, 6349087.716099999845028, 0.0 ], [ 2509054.842000000178814, 6349068.872100000269711, 0.0 ], [ 2509033.0524, 6349078.582700000144541, 0.0 ], [ 2509035.324900000821799, 6349083.3260000012815, 0.0 ], [ 2509052.2489, 6349103.724799999035895, 0.0 ], [ 2509071.222, 6349087.716099999845028, 0.0 ] ] ] ] } },
{ "type": "Feature", "properties": { "LAYER": "PARCELARIO_BASE_CATASTRO", "MAP_NAME": "1010_2025.dwg", "ccpp1": "1010 1775", "LAYER_2": "PADRONES_2_VISTALBA" }, "geometry": { "type": "MultiPolygon", "coordinates": [ [ [ [ 2509052.2489, 6349103.724799999035895, 0.0 ], [ 2509059.8953, 6349112.938400001265109, 0.0 ], [ 2509064.496799999848008, 6349115.414200000464916, 0.0 ], [ 2509069.718000000808388, 6349115.675300001166761, 0.0 ], [ 2509076.015500000212342, 6349113.3277000002563, 0.0 ], [ 2509079.158299999777228, 6349110.874200000427663, 0.0 ], [ 2509097.622400000225753, 6349094.597199998795986, 0.0 ], [ 2509081.736600000876933, 6349077.308400000445545, 0.0 ], [ 2509071.222, 6349087.716099999845028, 0.0 ], [ 2509052.2489, 6349103.724799999035895, 0.0 ] ] ] ] } },
{ "type": "Feature", "properties": { "LAYER": "PARCELARIO_BASE_CATASTRO", "MAP_NAME": "1010_2025.dwg", "ccpp1": "1010 1787", "LAYER_2": "PADRONES_2_VISTALBA" }, "geometry": { "type": "MultiPolygon", "coordinates": [ [ [ [ 2509072.644650881178677, 6348796.467466427944601, 0.0 ], [ 2509105.458142184186727, 6348797.509149924851954, 0.0 ], [ 2509106.040034180041403, 6348779.818705800920725, 0.0 ], [ 2509075.225535856094211, 6348778.840481504797935, 0.0 ], [ 2509073.160792411770672, 6348780.775941227562726, 0.0 ], [ 2509072.644650881178677, 6348796.467466427944601, 0.0 ] ] ] ] } },
{ "type": "Feature", "properties": { "LAYER": "PARCELARIO_BASE_CATASTRO", "MAP_NAME": "1010_2025.dwg", "ccpp1": "1010 1786", "LAYER_2": "PADRONES_2_VISTALBA" }, "geometry": { "type": "MultiPolygon", "coordinates": [ [ [ [ 2509105.458142184186727, 6348797.509149924851954, 0.0 ], [ 2509138.271633489057422, 6348798.55083342269063, 0.0 ], [ 2509138.787775019183755, 6348782.85930822789669, 0.0 ], [ 2509136.854532505851239, 6348780.796930096112192, 0.0 ], [ 2509106.040034180041403, 6348779.818705800920725, 0.0 ], [ 2509105.458142184186727, 6348797.509149924851954, 0.0 ] ] ] ] } },
{ "type": "Feature", "properties": { "LAYER": "PARCELARIO_BASE_CATASTRO", "MAP_NAME": "1010_2025.dwg", "ccpp1": "1010 1785", "LAYER_2": "PADRONES_2_VISTALBA" }, "geometry": { "type": "MultiPolygon", "coordinates": [ [ [ [ 2509154.263587824068964, 6348799.05850737914443, 0.0 ], [ 2509187.077079128939658, 6348800.100190877914429, 0.0 ], [ 2509187.658971123863012, 6348782.409746752120554, 0.0 ], [ 2509156.844472798984498, 6348781.431522455997765, 0.0 ], [ 2509154.779729355126619, 6348783.366982181556523, 0.0 ], [ 2509154.263587824068964, 6348799.05850737914443, 0.0 ] ] ] ] } },
{ "type": "Feature", "properties": { "LAYER": "PARCELARIO_BASE_CATASTRO", "MAP_NAME": "1010_2025.dwg", "ccpp1": "1010 1784", "LAYER_2": "PADRONES_2_VISTALBA" }, "geometry": { "type": "MultiPolygon", "coordinates": [ [ [ [ 2509220.632860977202654, 6348785.457529724575579, 0.0 ], [ 2509218.697327200789005, 6348783.395077543333173, 0.0 ], [ 2509187.658971123863012, 6348782.409746752120554, 0.0 ], [ 2509187.077079128939658, 6348800.100190877914429, 0.0 ], [ 2509220.134706234093755, 6348801.149624610319734, 0.0 ], [ 2509220.632860977202654, 6348785.457529724575579, 0.0 ] ] ] ] } },
{ "type": "Feature", "properties": { "LAYER": "PARCELARIO_BASE_CATASTRO", "MAP_NAME": "1010_2025.dwg", "ccpp1": "1010 1729", "LAYER_2": "PADRONES_2_VISTALBA" }, "geometry": { "type": "MultiPolygon", "coordinates": [ [ [ [ 2509235.565086026210338, 6348819.346814011223614, 0.0 ], [ 2509271.482574345078319, 6348820.487035712227225, 0.0 ], [ 2509271.892110702116042, 6348807.594702200032771, 0.0 ], [ 2509272.044547008816153, 6348802.795959238894284, 0.0 ], [ 2509236.126699971035123, 6348801.655726147815585, 0.0 ], [ 2509235.565086026210338, 6348819.346814011223614, 0.0 ] ] ] ] } },
{ "type": "Feature", "properties": { "LAYER": "PARCELARIO_BASE_CATASTRO", "MAP_NAME": "1010_2025.dwg", "ccpp1": "1010 1867", "LAYER_2": "PADRONES_2_VISTALBA" }, "geometry": { "type": "MultiPolygon", "coordinates": [ [ [ [ 2509237.678333659190685, 6348878.843823888339102, 0.0 ], [ 2509269.596632183063775, 6348879.857088969089091, 0.0 ], [ 2509269.817591275088489, 6348872.901227172464132, 0.0 ], [ 2509270.358629014808685, 6348855.869188662618399, 0.0 ], [ 2509238.439844094216824, 6348854.855908142402768, 0.0 ], [ 2509237.678333659190685, 6348878.843823888339102, 0.0 ] ] ] ] } },
{ "type": "Feature", "properties": { "LAYER": "PARCELARIO_BASE_CATASTRO", "MAP_NAME": "1010_2025.dwg", "ccpp1": "1010 1868", "LAYER_2": "PADRONES_2_VISTALBA" }, "geometry": { "type": "MultiPolygon", "coordinates": [ [ [ [ 2509225.083182451780885, 6348897.557739398442209, 0.0 ], [ 2509254.213230894878507, 6348898.623019822873175, 0.0 ], [ 2509254.873927664943039, 6348879.39354644715786, 0.0 ], [ 2509237.678333659190685, 6348878.843823888339102, 0.0 ], [ 2509225.684375786222517, 6348878.463068672455847, 0.0 ], [ 2509225.083182451780885, 6348897.557739398442209, 0.0 ] ] ] ] } },
{ "type": "Feature", "properties": { "LAYER": "PARCELARIO_BASE_CATASTRO", "MAP_NAME": "1010_2025.dwg", "ccpp1": "1010 1869", "LAYER_2": "PADRONES_2_VISTALBA" }, "geometry": { "type": "MultiPolygon", "coordinates": [ [ [ [ 2509183.936651273164898, 6348896.053018447943032, 0.0 ], [ 2509225.083182451780885, 6348897.557739398442209, 0.0 ], [ 2509225.684375786222517, 6348878.463068672455847, 0.0 ], [ 2509213.690417911857367, 6348878.082313453778625, 0.0 ], [ 2509184.542448754888028, 6348877.156994103454053, 0.0 ], [ 2509183.936651273164898, 6348896.053018447943032, 0.0 ] ] ] ] } },
{ "type": "Feature", "properties": { "LAYER": "PARCELARIO_BASE_CATASTRO", "MAP_NAME": "1010_2025.dwg", "ccpp1": "1010 1870", "LAYER_2": "PADRONES_2_VISTALBA" }, "geometry": { "type": "MultiPolygon", "coordinates": [ [ [ [ 2509184.542448754888028, 6348877.156994103454053, 0.0 ], [ 2509213.690417911857367, 6348878.082313453778625, 0.0 ], [ 2509214.451928346883506, 6348854.094397708773613, 0.0 ], [ 2509185.331454851198941, 6348853.169951222836971, 0.0 ], [ 2509184.542448754888028, 6348877.156994103454053, 0.0 ] ] ] ] } },
{ "type": "Feature", "properties": { "LAYER": "PARCELARIO_BASE_CATASTRO", "MAP_NAME": "1010_2025.dwg", "ccpp1": "1010 1871", "LAYER_2": "PADRONES_2_VISTALBA" }, "geometry": { "type": "MultiPolygon", "coordinates": [ [ [ [ 2509185.331454851198941, 6348853.169951222836971, 0.0 ], [ 2509214.451928346883506, 6348854.094397708773613, 0.0 ], [ 2509218.449914305005223, 6348854.221316114068031, 0.0 ], [ 2509219.011528249830008, 6348836.53022825345397, 0.0 ], [ 2509185.913346847053617, 6348835.479507097043097, 0.0 ], [ 2509185.331454851198941, 6348853.169951222836971, 0.0 ] ] ] ] } },
{ "type": "Feature", "properties": { "LAYER": "PARCELARIO_BASE_CATASTRO", "MAP_NAME": "1010_2025.dwg", "ccpp1": "1010 1872", "LAYER_2": "PADRONES_2_VISTALBA" }, "geometry": { "type": "MultiPolygon", "coordinates": [ [ [ [ 2509185.913346847053617, 6348835.479507097043097, 0.0 ], [ 2509219.011528249830008, 6348836.53022825345397, 0.0 ], [ 2509219.573142196051776, 6348818.839140387251973, 0.0 ], [ 2509186.495186163112521, 6348817.790664488449693, 0.0 ], [ 2509185.913346847053617, 6348835.479507097043097, 0.0 ] ] ] ] } },
{ "type": "Feature", "properties": { "LAYER": "PARCELARIO_BASE_CATASTRO", "MAP_NAME": "1010_2025.dwg", "ccpp1": "1010 1873", "LAYER_2": "PADRONES_2_VISTALBA" }, "geometry": { "type": "MultiPolygon", "coordinates": [ [ [ [ 2509186.495186163112521, 6348817.790664488449693, 0.0 ], [ 2509219.573142196051776, 6348818.839140387251973, 0.0 ], [ 2509220.134706234093755, 6348801.149624610319734, 0.0 ], [ 2509187.077079128939658, 6348800.100190877914429, 0.0 ], [ 2509186.495186163112521, 6348817.790664488449693, 0.0 ] ] ] ] } },
{ "type": "Feature", "properties": { "LAYER": "PARCELARIO_BASE_CATASTRO", "MAP_NAME": "1010_2025.dwg", "ccpp1": "1010 1860", "LAYER_2": "PADRONES_2_VISTALBA" }, "geometry": { "type": "MultiPolygon", "coordinates": [ [ [ [ 2509020.934760922100395, 6348871.963172234594822, 0.0 ], [ 2509050.120077585801482, 6348872.889677205123007, 0.0 ], [ 2509050.909083682112396, 6348848.902634323574603, 0.0 ], [ 2509021.723767017945647, 6348847.976129352115095, 0.0 ], [ 2509020.934760922100395, 6348871.963172234594822, 0.0 ] ] ] ] } },
{ "type": "Feature", "properties": { "LAYER": "PARCELARIO_BASE_CATASTRO", "MAP_NAME": "1010_2025.dwg", "ccpp1": "1010 1789", "LAYER_2": "PADRONES_2_VISTALBA" }, "geometry": { "type": "MultiPolygon", "coordinates": [ [ [ [ 2509072.062810595147312, 6348814.156338522210717, 0.0 ], [ 2509104.876301898155361, 6348815.198022020980716, 0.0 ], [ 2509105.458142184186727, 6348797.509149924851954, 0.0 ], [ 2509072.644650881178677, 6348796.467466427944601, 0.0 ], [ 2509072.062810595147312, 6348814.156338522210717, 0.0 ] ] ] ] } },
{ "type": "Feature", "properties": { "LAYER": "PARCELARIO_BASE_CATASTRO", "MAP_NAME": "1010_2025.dwg", "ccpp1": "1010 1855", "LAYER_2": "PADRONES_2_VISTALBA" }, "geometry": { "type": "MultiPolygon", "coordinates": [ [ [ [ 2509104.876301898155361, 6348815.198022020980716, 0.0 ], [ 2509072.062810595147312, 6348814.156338522210717, 0.0 ], [ 2509071.480918598826975, 6348831.846782645210624, 0.0 ], [ 2509104.294409901835024, 6348832.888466143980622, 0.0 ], [ 2509104.876301898155361, 6348815.198022020980716, 0.0 ] ] ] ] } },
{ "type": "Feature", "properties": { "LAYER": "PARCELARIO_BASE_CATASTRO", "MAP_NAME": "1010_2025.dwg", "ccpp1": "1010 1856", "LAYER_2": "PADRONES_2_VISTALBA" }, "geometry": { "type": "MultiPolygon", "coordinates": [ [ [ [ 2509104.294409901835024, 6348832.888466143980622, 0.0 ], [ 2509071.480918598826975, 6348831.846782645210624, 0.0 ], [ 2509070.899026602972299, 6348849.537226770073175, 0.0 ], [ 2509074.925457424949855, 6348849.66504817456007, 0.0 ], [ 2509103.712517906911671, 6348850.578910268843174, 0.0 ], [ 2509104.294409901835024, 6348832.888466143980622, 0.0 ] ] ] ] } },
{ "type": "Feature", "properties": { "LAYER": "PARCELARIO_BASE_CATASTRO", "MAP_NAME": "1010_2025.dwg", "ccpp1": "1010 1858", "LAYER_2": "PADRONES_2_VISTALBA" }, "geometry": { "type": "MultiPolygon", "coordinates": [ [ [ [ 2509102.923511811066419, 6348874.565953150391579, 0.0 ], [ 2509074.108009091112763, 6348873.651188139803708, 0.0 ], [ 2509061.929136366117746, 6348873.264562691561878, 0.0 ], [ 2509060.6143, 6348891.714300000108778, 0.0 ], [ 2509102.315149520989507, 6348893.06113641615957, 0.0 ], [ 2509102.923511811066419, 6348874.565953150391579, 0.0 ] ] ] ] } },
{ "type": "Feature", "properties": { "LAYER": "PARCELARIO_BASE_CATASTRO", "MAP_NAME": "1010_2025.dwg", "ccpp1": "1010 1859", "LAYER_2": "PADRONES_2_VISTALBA" }, "geometry": { "type": "MultiPolygon", "coordinates": [ [ [ [ 2509050.120077585801482, 6348872.889677205123007, 0.0 ], [ 2509020.934760922100395, 6348871.963172234594822, 0.0 ], [ 2509020.326193805783987, 6348890.464582536369562, 0.0 ], [ 2509060.613599999807775, 6348891.714200000278652, 0.0 ], [ 2509061.929136366117746, 6348873.264562691561878, 0.0 ], [ 2509050.120077585801482, 6348872.889677205123007, 0.0 ] ] ] ] } },
{ "type": "Feature", "properties": { "LAYER": "PARCELARIO_BASE_CATASTRO", "MAP_NAME": "1010_2025.dwg", "ccpp1": "1010 1861", "LAYER_2": "PADRONES_2_VISTALBA" }, "geometry": { "type": "MultiPolygon", "coordinates": [ [ [ [ 2509055.488964261952788, 6348831.339108688756824, 0.0 ], [ 2509022.305659013800323, 6348830.285685230046511, 0.0 ], [ 2509021.723767017945647, 6348847.976129352115095, 0.0 ], [ 2509050.909083682112396, 6348848.902634323574603, 0.0 ], [ 2509054.907072266098112, 6348849.029552812688053, 0.0 ], [ 2509055.488964261952788, 6348831.339108688756824, 0.0 ] ] ] ] } },
{ "type": "Feature", "properties": { "LAYER": "PARCELARIO_BASE_CATASTRO", "MAP_NAME": "1010_2025.dwg", "ccpp1": "1010 1862", "LAYER_2": "PADRONES_2_VISTALBA" }, "geometry": { "type": "MultiPolygon", "coordinates": [ [ [ [ 2509056.070856256876141, 6348813.64866456668824, 0.0 ], [ 2509022.88755101012066, 6348812.595241107046604, 0.0 ], [ 2509022.305659013800323, 6348830.285685230046511, 0.0 ], [ 2509055.488964261952788, 6348831.339108688756824, 0.0 ], [ 2509056.070856256876141, 6348813.64866456668824, 0.0 ] ] ] ] } },
{ "type": "Feature", "properties": { "LAYER": "PARCELARIO_BASE_CATASTRO", "MAP_NAME": "1010_2025.dwg", "ccpp1": "1010 1863", "LAYER_2": "PADRONES_2_VISTALBA" }, "geometry": { "type": "MultiPolygon", "coordinates": [ [ [ [ 2509056.652696544770151, 6348795.959792470559478, 0.0 ], [ 2509023.469391297083348, 6348794.906369012780488, 0.0 ], [ 2509022.88755101012066, 6348812.595241107046604, 0.0 ], [ 2509056.070856256876141, 6348813.64866456668824, 0.0 ], [ 2509056.652696544770151, 6348795.959792470559478, 0.0 ] ] ] ] } },
{ "type": "Feature", "properties": { "LAYER": "PARCELARIO_BASE_CATASTRO", "MAP_NAME": "1010_2025.dwg", "ccpp1": "1010 1864", "LAYER_2": "PADRONES_2_VISTALBA" }, "geometry": { "type": "MultiPolygon", "coordinates": [ [ [ [ 2509023.469391297083348, 6348794.906369012780488, 0.0 ], [ 2509056.652696544770151, 6348795.959792470559478, 0.0 ], [ 2509057.168838075827807, 6348780.268267272040248, 0.0 ], [ 2509055.235595561098307, 6348778.205889142118394, 0.0 ], [ 2509024.051283292006701, 6348777.215924887917936, 0.0 ], [ 2509023.469391297083348, 6348794.906369012780488, 0.0 ] ] ] ] } },
{ "type": "Feature", "properties": { "LAYER": "PARCELARIO_BASE_CATASTRO", "MAP_NAME": "1010_2025.dwg", "ccpp1": "1010 1876", "LAYER_2": "PADRONES_2_VISTALBA" }, "geometry": { "type": "MultiPolygon", "coordinates": [ [ [ [ 2508557.97220000019297, 6348547.670199998654425, 0.0 ], [ 2508553.80530000012368, 6348545.317400000989437, 0.0 ], [ 2508541.535000000149012, 6348586.698400001041591, 0.0 ], [ 2508545.762000000104308, 6348588.848399998620152, 0.0 ], [ 2508562.9268, 6348597.579099998809397, 0.0 ], [ 2508563.010499999858439, 6348597.4534, 0.0 ], [ 2508574.933999999891967, 6348557.2473, 0.0 ], [ 2508557.97220000019297, 6348547.670199998654425, 0.0 ] ] ] ] } },
{ "type": "Feature", "properties": { "LAYER": "PARCELARIO_BASE_CATASTRO", "MAP_NAME": "1010_2025.dwg", "ccpp1": "1010 1742", "LAYER_2": "PADRONES_2_VISTALBA" }, "geometry": { "type": "MultiPolygon", "coordinates": [ [ [ [ 2508527.999299999792129, 6348589.0548, 0.0 ], [ 2508502.097825597971678, 6348570.735780636779964, 0.0 ], [ 2508493.00760000012815, 6348599.886699999682605, 0.0 ], [ 2508527.657380117103457, 6348632.34321482013911, 0.0 ], [ 2508537.610900000203401, 6348597.9216, 0.0 ], [ 2508536.14740000013262, 6348597.906600000336766, 0.0 ], [ 2508534.7059, 6348597.653900000266731, 0.0 ], [ 2508533.3246, 6348597.170199999585748, 0.0 ], [ 2508532.040399999823421, 6348596.468399999663234, 0.0 ], [ 2508530.8873, 6348595.567000000737607, 0.0 ], [ 2508529.8961, 6348594.490299999713898, 0.0 ], [ 2508529.0932, 6348593.266699999570847, 0.0 ], [ 2508528.499900000169873, 6348591.92879999987781, 0.0 ], [ 2508528.132000000216067, 6348590.512299999594688, 0.0 ], [ 2508527.999299999792129, 6348589.0548, 0.0 ] ] ] ] } },
{ "type": "Feature", "properties": { "LAYER": "PARCELARIO_BASE_CATASTRO", "MAP_NAME": "1010_2025.dwg", "ccpp1": "1010 1241", "LAYER_2": "PADRONES_2_VISTALBA" }, "geometry": { "type": "MultiPolygon", "coordinates": [ [ [ [ 2509679.881099999882281, 6348941.434399999678135, 0.0 ], [ 2509713.367100000847131, 6348942.324099999852479, 0.0 ], [ 2509713.6916, 6348917.8383, 0.0 ], [ 2509680.309600001201034, 6348916.114699999801815, 0.0 ], [ 2509679.881099999882281, 6348941.434399999678135, 0.0 ] ] ] ] } },
{ "type": "Feature", "properties": { "LAYER": "PARCELARIO_BASE_CATASTRO", "MAP_NAME": "1010_2025.dwg", "ccpp1": "1010 1601", "LAYER_2": "PADRONES_2_VISTALBA" }, "geometry": { "type": "MultiPolygon", "coordinates": [ [ [ [ 2508431.738599999807775, 6345470.6409, 0.0 ], [ 2508475.990000000223517, 6345467.400000001303852, 0.0 ], [ 2508474.9, 6345450.860000000335276, 0.0 ], [ 2508420.98, 6345454.410000001080334, 0.0 ], [ 2508431.738599999807775, 6345470.6409, 0.0 ] ] ] ] } },
{ "type": "Feature", "properties": { "LAYER": "PARCELARIO_BASE_CATASTRO", "MAP_NAME": "1010_2025.dwg", "ccpp1": "1010 1600", "LAYER_2": "PADRONES_2_VISTALBA" }, "geometry": { "type": "MultiPolygon", "coordinates": [ [ [ [ 2508475.990000000223517, 6345467.400000001303852, 0.0 ], [ 2508494.549999999813735, 6345466.03999999910593, 0.0 ], [ 2508491.629999999888241, 6345426.320000000298023, 0.0 ], [ 2508473.359999999869615, 6345427.530000001192093, 0.0 ], [ 2508474.9, 6345450.860000000335276, 0.0 ], [ 2508475.990000000223517, 6345467.400000001303852, 0.0 ] ] ] ] } },
{ "type": "Feature", "properties": { "LAYER": "PARCELARIO_BASE_CATASTRO", "MAP_NAME": "1010_2025.dwg", "ccpp1": "1010 1799", "LAYER_2": "PADRONES_2_VISTALBA" }, "geometry": { "type": "MultiPolygon", "coordinates": [ [ [ [ 2508818.7876, 6348869.0482, 0.0 ], [ 2508805.307365096174181, 6348891.408321345224977, 0.0 ], [ 2508813.510600000154227, 6348899.278600001707673, 0.0 ], [ 2508818.5178, 6348903.961199999786913, 0.0 ], [ 2508834.00829999987036, 6348881.450799998827279, 0.0 ], [ 2508818.7876, 6348869.0482, 0.0 ] ] ] ] } },
{ "type": "Feature", "properties": { "LAYER": "PARCELARIO_BASE_CATASTRO", "MAP_NAME": "1010_2025.dwg", "ccpp1": "1010 1824", "LAYER_2": "PADRONES_2_VISTALBA" }, "geometry": { "type": "MultiPolygon", "coordinates": [ [ [ [ 2508887.720499999821186, 6348923.51630000025034, 0.0 ], [ 2508869.3898, 6348951.521000000648201, 0.0 ], [ 2508890.2031, 6348970.960900000296533, 0.0 ], [ 2508910.134800000116229, 6348941.170999999158084, 0.0 ], [ 2508887.720499999821186, 6348923.51630000025034, 0.0 ] ] ] ] } },
{ "type": "Feature", "properties": { "LAYER": "PARCELARIO_BASE_CATASTRO", "MAP_NAME": "1010_2025.dwg", "ccpp1": "1010 1828", "LAYER_2": "PADRONES_2_VISTALBA" }, "geometry": { "type": "MultiPolygon", "coordinates": [ [ [ [ 2508983.688699999824166, 6349014.383399999700487, 0.0 ], [ 2508983.6436, 6349014.426300000399351, 0.0 ], [ 2508968.18099999986589, 6349045.502399999648333, 0.0 ], [ 2508993.980700000189245, 6349069.010300000198185, 0.0 ], [ 2508999.0389, 6349023.752899998798966, 0.0 ], [ 2508995.180800000205636, 6349021.4156, 0.0 ], [ 2508995.056599999777973, 6349021.346800000406802, 0.0 ], [ 2508995.058300000149757, 6349021.271200000308454, 0.0 ], [ 2508983.688699999824166, 6349014.383399999700487, 0.0 ] ] ] ] } },
{ "type": "Feature", "properties": { "LAYER": "PARCELARIO_BASE_CATASTRO", "MAP_NAME": "1010_2025.dwg", "ccpp1": "1010 1449", "LAYER_2": "PADRONES_2_VISTALBA" }, "geometry": { "type": "MultiPolygon", "coordinates": [ [ [ [ 2508804.804399999789894, 6348926.747499999590218, 0.0 ], [ 2508812.457563844975084, 6348902.633769252337515, 0.0 ], [ 2508787.69040000019595, 6348879.13539999909699, 0.0 ], [ 2508779.3147, 6348910.620400000363588, 0.0 ], [ 2508800.630800000857562, 6348931.236100001260638, 0.0 ], [ 2508804.804399999789894, 6348926.747499999590218, 0.0 ] ] ] ] } },
{ "type": "Feature", "properties": { "LAYER": "PARCELARIO_BASE_CATASTRO", "MAP_NAME": "1010_2025.dwg", "ccpp1": "1010 1854", "LAYER_2": "PADRONES_2_VISTALBA" }, "geometry": { "type": "MultiPolygon", "coordinates": [ [ [ [ 2509104.876301898155361, 6348815.198022020980716, 0.0 ], [ 2509137.689793202094734, 6348816.239705519750714, 0.0 ], [ 2509138.271633489057422, 6348798.55083342269063, 0.0 ], [ 2509105.458142184186727, 6348797.509149924851954, 0.0 ], [ 2509104.876301898155361, 6348815.198022020980716, 0.0 ] ] ] ] } },
{ "type": "Feature", "properties": { "LAYER": "PARCELARIO_BASE_CATASTRO", "MAP_NAME": "1010_2025.dwg", "ccpp1": "1010 1851", "LAYER_2": "PADRONES_2_VISTALBA" }, "geometry": { "type": "MultiPolygon", "coordinates": [ [ [ [ 2509102.923511811066419, 6348874.565953150391579, 0.0 ], [ 2509131.739014530088753, 6348875.480718159116805, 0.0 ], [ 2509132.528020625934005, 6348851.4936752775684, 0.0 ], [ 2509103.712517906911671, 6348850.578910268843174, 0.0 ], [ 2509102.923511811066419, 6348874.565953150391579, 0.0 ] ] ] ] } },
{ "type": "Feature", "properties": { "LAYER": "PARCELARIO_BASE_CATASTRO", "MAP_NAME": "1010_2025.dwg", "ccpp1": "1010 1848", "LAYER_2": "PADRONES_2_VISTALBA" }, "geometry": { "type": "MultiPolygon", "coordinates": [ [ [ [ 2509155.726946035865694, 6348876.242229092866182, 0.0 ], [ 2509184.542448754888028, 6348877.156994103454053, 0.0 ], [ 2509185.331454851198941, 6348853.169951222836971, 0.0 ], [ 2509156.515952130779624, 6348852.255186214111745, 0.0 ], [ 2509155.726946035865694, 6348876.242229092866182, 0.0 ] ] ] ] } },
{ "type": "Feature", "properties": { "LAYER": "PARCELARIO_BASE_CATASTRO", "MAP_NAME": "1010_2025.dwg", "ccpp1": "1010 1853", "LAYER_2": "PADRONES_2_VISTALBA" }, "geometry": { "type": "MultiPolygon", "coordinates": [ [ [ [ 2509104.294409901835024, 6348832.888466143980622, 0.0 ], [ 2509137.107901205774397, 6348833.930149642750621, 0.0 ], [ 2509137.689793202094734, 6348816.239705519750714, 0.0 ], [ 2509104.876301898155361, 6348815.198022020980716, 0.0 ], [ 2509104.294409901835024, 6348832.888466143980622, 0.0 ] ] ] ] } },
{ "type": "Feature", "properties": { "LAYER": "PARCELARIO_BASE_CATASTRO", "MAP_NAME": "1010_2025.dwg", "ccpp1": "1010 1852", "LAYER_2": "PADRONES_2_VISTALBA" }, "geometry": { "type": "MultiPolygon", "coordinates": [ [ [ [ 2509103.712517906911671, 6348850.578910268843174, 0.0 ], [ 2509132.528020625934005, 6348851.4936752775684, 0.0 ], [ 2509136.526009210851043, 6348851.620593767613173, 0.0 ], [ 2509137.107901205774397, 6348833.930149642750621, 0.0 ], [ 2509104.294409901835024, 6348832.888466143980622, 0.0 ], [ 2509103.712517906911671, 6348850.578910268843174, 0.0 ] ] ] ] } },
{ "type": "Feature", "properties": { "LAYER": "PARCELARIO_BASE_CATASTRO", "MAP_NAME": "1010_2025.dwg", "ccpp1": "1010 1850", "LAYER_2": "PADRONES_2_VISTALBA" }, "geometry": { "type": "MultiPolygon", "coordinates": [ [ [ [ 2509131.739014530088753, 6348875.480718159116805, 0.0 ], [ 2509102.923511811066419, 6348874.565953150391579, 0.0 ], [ 2509102.315149520989507, 6348893.06113641615957, 0.0 ], [ 2509126.567499999888241, 6348893.959499998949468, 0.0 ], [ 2509126.7371, 6348893.966099999845028, 0.0 ], [ 2509143.120030677877367, 6348894.560362265445292, 0.0 ], [ 2509143.732980282977223, 6348875.861473626457155, 0.0 ], [ 2509131.739014530088753, 6348875.480718159116805, 0.0 ] ] ] ] } },
{ "type": "Feature", "properties": { "LAYER": "PARCELARIO_BASE_CATASTRO", "MAP_NAME": "1010_2025.dwg", "ccpp1": "1010 1849", "LAYER_2": "PADRONES_2_VISTALBA" }, "geometry": { "type": "MultiPolygon", "coordinates": [ [ [ [ 2509183.936651273164898, 6348896.053018447943032, 0.0 ], [ 2509184.542448754888028, 6348877.156994103454053, 0.0 ], [ 2509155.726946035865694, 6348876.242229092866182, 0.0 ], [ 2509143.732980282977223, 6348875.86147362459451, 0.0 ], [ 2509143.120030677877367, 6348894.560362265445292, 0.0 ], [ 2509171.517399999778718, 6348895.616600000299513, 0.0 ], [ 2509171.33750000083819, 6348895.603499998338521, 0.0 ], [ 2509171.618700000923127, 6348895.613699999637902, 0.0 ], [ 2509183.936651273164898, 6348896.053018447943032, 0.0 ] ] ] ] } },
{ "type": "Feature", "properties": { "LAYER": "PARCELARIO_BASE_CATASTRO", "MAP_NAME": "1010_2025.dwg", "ccpp1": "1010 1788", "LAYER_2": "PADRONES_2_VISTALBA" }, "geometry": { "type": "MultiPolygon", "coordinates": [ [ [ [ 2509153.681747538037598, 6348816.747379475273192, 0.0 ], [ 2509186.495186163112521, 6348817.790664488449693, 0.0 ], [ 2509187.077079128939658, 6348800.100190877914429, 0.0 ], [ 2509154.263587824068964, 6348799.05850737914443, 0.0 ], [ 2509153.681747538037598, 6348816.747379475273192, 0.0 ] ] ] ] } },
{ "type": "Feature", "properties": { "LAYER": "PARCELARIO_BASE_CATASTRO", "MAP_NAME": "1010_2025.dwg", "ccpp1": "1010 2011", "LAYER_2": "PADRONES_2_VISTALBA" }, "geometry": { "type": "MultiPolygon", "coordinates": [ [ [ [ 2509015.864200000185519, 6348583.6316, 0.0 ], [ 2509016.078799999784678, 6348563.171199998818338, 0.0 ], [ 2508963.675482676830143, 6348550.127813985571265, 0.0 ], [ 2508959.603904569055885, 6348549.113928097300231, 0.0 ], [ 2508956.165399999823421, 6348561.387799999676645, 0.0 ], [ 2508955.2292, 6348564.727699999697506, 0.0 ], [ 2508961.601600000169128, 6348566.198900000192225, 0.0 ], [ 2508974.49349999986589, 6348564.0483, 0.0 ], [ 2508979.420899999793619, 6348566.4918, 0.0 ], [ 2508980.803299999795854, 6348567.206799999810755, 0.0 ], [ 2508980.8314, 6348567.2495, 0.0 ], [ 2508984.932, 6348573.468399999663234, 0.0 ], [ 2508990.040200000163168, 6348578.623800000175834, 0.0 ], [ 2508995.843599999789149, 6348582.699500000104308, 0.0 ], [ 2509002.344099999871105, 6348585.681300000287592, 0.0 ], [ 2509009.6338, 6348587.468299999833107, 0.0 ], [ 2509015.8073, 6348587.631400000303984, 0.0 ], [ 2509015.864200000185519, 6348583.6316, 0.0 ] ] ] ] } },
{ "type": "Feature", "properties": { "LAYER": "PARCELARIO_BASE_CATASTRO", "MAP_NAME": "1010_2025.dwg", "ccpp1": "1010 1772", "LAYER_2": "PADRONES_2_VISTALBA" }, "geometry": { "type": "MultiPolygon", "coordinates": [ [ [ [ 2508691.976700000930578, 6348326.846199998632073, 0.0 ], [ 2508661.5466, 6348319.102300000376999, 0.0 ], [ 2508662.0768, 6348317.018700000829995, 0.0 ], [ 2508647.986600000876933, 6348313.433100000955164, 0.0 ], [ 2508640.680000000167638, 6348340.570000000298023, 0.0 ], [ 2508685.54, 6348352.139999998733401, 0.0 ], [ 2508691.976700000930578, 6348326.846199998632073, 0.0 ] ] ] ] } },
{ "type": "Feature", "properties": { "LAYER": "PARCELARIO_BASE_CATASTRO", "MAP_NAME": "1010_2025.dwg", "ccpp1": "1010 1773", "LAYER_2": "PADRONES_2_VISTALBA" }, "geometry": { "type": "MultiPolygon", "coordinates": [ [ [ [ 2508647.986600000876933, 6348313.433100000955164, 0.0 ], [ 2508662.0768, 6348317.018700000829995, 0.0 ], [ 2508661.5466, 6348319.102300000376999, 0.0 ], [ 2508691.976700000930578, 6348326.846199998632073, 0.0 ], [ 2508702.160000000149012, 6348286.830000001005828, 0.0 ], [ 2508656.868600000161678, 6348280.44510000012815, 0.0 ], [ 2508647.986600000876933, 6348313.433100000955164, 0.0 ] ] ] ] } },
{ "type": "Feature", "properties": { "LAYER": "PARCELARIO_BASE_CATASTRO", "MAP_NAME": "1010_2025.dwg", "ccpp1": "1010 1875", "LAYER_2": "PADRONES_2_VISTALBA" }, "geometry": { "type": "MultiPolygon", "coordinates": [ [ [ [ 2508883.341300000902265, 6348858.7396, 0.0 ], [ 2508865.173400000203401, 6348882.563500000163913, 0.0 ], [ 2508877.719, 6348892.130599998869002, 0.0 ], [ 2508895.249499270226806, 6348866.834611598402262, 0.0 ], [ 2508883.341300000902265, 6348858.7396, 0.0 ] ] ] ] } },
{ "type": "Feature", "properties": { "LAYER": "PARCELARIO_BASE_CATASTRO", "MAP_NAME": "1010_2025.dwg", "ccpp1": "1010 1897", "LAYER_2": "PADRONES_2_VISTALBA" }, "geometry": { "type": "MultiPolygon", "coordinates": [ [ [ [ 2508774.643499999772757, 6348297.060999998822808, 0.0 ], [ 2508746.537899999879301, 6348293.09389999974519, 0.0 ], [ 2508734.4304, 6348320.737200000323355, 0.0 ], [ 2508735.5131, 6348320.8854, 0.0 ], [ 2508768.022100000176579, 6348325.3361, 0.0 ], [ 2508774.643499999772757, 6348297.060999998822808, 0.0 ] ] ] ] } },
{ "type": "Feature", "properties": { "LAYER": "PARCELARIO_BASE_CATASTRO", "MAP_NAME": "1010_2025.dwg", "ccpp1": "1010 1607", "LAYER_2": "PADRONES_2_VISTALBA" }, "geometry": { "type": "MultiPolygon", "coordinates": [ [ [ [ 2508822.6467, 6348944.126299999654293, 0.0 ], [ 2508850.331227858085185, 6348938.567207065410912, 0.0 ], [ 2508812.457563844975084, 6348902.633769252337515, 0.0 ], [ 2508804.804399999789894, 6348926.747499999590218, 0.0 ], [ 2508822.6467, 6348944.126299999654293, 0.0 ] ] ] ] } },
{ "type": "Feature", "properties": { "LAYER": "PARCELARIO_BASE_CATASTRO", "MAP_NAME": "1010_2025.dwg", "ccpp1": "1010 1609", "LAYER_2": "PADRONES_2_VISTALBA" }, "geometry": { "type": "MultiPolygon", "coordinates": [ [ [ [ 2508828.144600001163781, 6349013.554899998940527, 0.0 ], [ 2508833.28940000012517, 6348996.666500000283122, 0.0 ], [ 2508838.168099999893457, 6348981.513500000350177, 0.0 ], [ 2508814.274500001221895, 6348952.33420000039041, 0.0 ], [ 2508805.997700001113117, 6348960.3437, 0.0 ], [ 2508801.208200000226498, 6348987.445899998769164, 0.0 ], [ 2508828.144600001163781, 6349013.554899998940527, 0.0 ] ] ] ] } },
{ "type": "Feature", "properties": { "LAYER": "PARCELARIO_BASE_CATASTRO", "MAP_NAME": "1010_2025.dwg", "ccpp1": "1010 1917", "LAYER_2": "PADRONES_2_VISTALBA" }, "geometry": { "type": "MultiPolygon", "coordinates": [ [ [ [ 2509470.649300000164658, 6349116.897699999623001, 0.0 ], [ 2509535.93349999981001, 6349120.895200000144541, 0.0 ], [ 2509536.649000001139939, 6349110.4984, 0.0 ], [ 2509536.574300000909716, 6349104.402499999850988, 0.0 ], [ 2509480.904200000222772, 6349100.813500000163913, 0.0 ], [ 2509477.370500000193715, 6349106.367499999701977, 0.0 ], [ 2509470.649300000164658, 6349116.897699999623001, 0.0 ] ] ] ] } },
{ "type": "Feature", "properties": { "LAYER": "PARCELARIO_BASE_CATASTRO", "MAP_NAME": "1010_2025.dwg", "ccpp1": "1010 1874", "LAYER_2": "PADRONES_2_VISTALBA" }, "geometry": { "type": "MultiPolygon", "coordinates": [ [ [ [ 2509430.109001405071467, 6348747.354930377565324, 0.0 ], [ 2509429.930199999827892, 6348776.0773, 0.0 ], [ 2509462.886900001205504, 6348777.3903, 0.0 ], [ 2509464.003399999812245, 6348748.514600000344217, 0.0 ], [ 2509430.109001405071467, 6348747.354930377565324, 0.0 ] ] ] ] } },
{ "type": "Feature", "properties": { "LAYER": "PARCELARIO_BASE_CATASTRO", "MAP_NAME": "1010_2025.dwg", "ccpp1": "1010 1841", "LAYER_2": "PADRONES_2_VISTALBA" }, "geometry": { "type": "MultiPolygon", "coordinates": [ [ [ [ 2508810.6585, 6348511.579300001263618, 0.0 ], [ 2508768.005599999800324, 6348500.0756, 0.0 ], [ 2508767.630599999800324, 6348501.396000000648201, 0.0 ], [ 2508767.629999999888241, 6348501.400000001303852, 0.0 ], [ 2508762.0236, 6348522.284099999815226, 0.0 ], [ 2508804.323300001211464, 6348534.433000001125038, 0.0 ], [ 2508810.5261, 6348512.056800000369549, 0.0 ], [ 2508810.6585, 6348511.579300001263618, 0.0 ] ] ] ] } },
{ "type": "Feature", "properties": { "LAYER": "PARCELARIO_BASE_CATASTRO", "MAP_NAME": "1010_2025.dwg", "ccpp1": "1010 1918", "LAYER_2": "PADRONES_2_VISTALBA" }, "geometry": { "type": "MultiPolygon", "coordinates": [ [ [ [ 2508753.095525692217052, 6348654.190135929733515, 0.0 ], [ 2508728.955745297018439, 6348645.414353722706437, 0.0 ], [ 2508719.019299999810755, 6348682.4649, 0.0 ], [ 2508742.739900000859052, 6348692.340099999681115, 0.0 ], [ 2508753.095525692217052, 6348654.190135929733515, 0.0 ] ] ] ] } },
{ "type": "Feature", "properties": { "LAYER": "PARCELARIO_BASE_CATASTRO", "MAP_NAME": "1010_2025.dwg", "ccpp1": "1010 1919", "LAYER_2": "PADRONES_2_VISTALBA" }, "geometry": { "type": "MultiPolygon", "coordinates": [ [ [ [ 2508777.275675081182271, 6348662.980593892745674, 0.0 ], [ 2508753.095525692217052, 6348654.190135929733515, 0.0 ], [ 2508742.739900000859052, 6348692.340099999681115, 0.0 ], [ 2508765.954400000162423, 6348702.18099999986589, 0.0 ], [ 2508777.275675081182271, 6348662.980593892745674, 0.0 ] ] ] ] } },
{ "type": "Feature", "properties": { "LAYER": "PARCELARIO_BASE_CATASTRO", "MAP_NAME": "1010_2025.dwg", "ccpp1": "1010 1920", "LAYER_2": "PADRONES_2_VISTALBA" }, "geometry": { "type": "MultiPolygon", "coordinates": [ [ [ [ 2508801.296217831782997, 6348671.71302841603756, 0.0 ], [ 2508777.275675081182271, 6348662.980593892745674, 0.0 ], [ 2508765.953799999784678, 6348702.18059999961406, 0.0 ], [ 2508788.948200000915676, 6348711.75660000089556, 0.0 ], [ 2508801.296217831782997, 6348671.71302841603756, 0.0 ] ] ] ] } },
{ "type": "Feature", "properties": { "LAYER": "PARCELARIO_BASE_CATASTRO", "MAP_NAME": "1010_2025.dwg", "ccpp1": "1010 1921", "LAYER_2": "PADRONES_2_VISTALBA" }, "geometry": { "type": "MultiPolygon", "coordinates": [ [ [ [ 2508801.296217831782997, 6348671.71302841603756, 0.0 ], [ 2508788.948100000154227, 6348711.75660000089556, 0.0 ], [ 2508818.638000417966396, 6348724.031633962877095, 0.0 ], [ 2508828.862858215812594, 6348685.942965981550515, 0.0 ], [ 2508806.307119992095977, 6348677.74304689001292, 0.0 ], [ 2508807.335536531172693, 6348673.908563947305083, 0.0 ], [ 2508801.296217831782997, 6348671.71302841603756, 0.0 ] ] ] ] } },
{ "type": "Feature", "properties": { "LAYER": "PARCELARIO_BASE_CATASTRO", "MAP_NAME": "1010_2025.dwg", "ccpp1": "1010 81", "LAYER_2": "PADRONES_2_VISTALBA" }, "geometry": { "type": "MultiPolygon", "coordinates": [ [ [ [ 2508731.956452797167003, 6348634.28832402639091, 0.0 ], [ 2508810.31248283199966, 6348662.773896097205579, 0.0 ], [ 2508811.34089936921373, 6348658.939413155429065, 0.0 ], [ 2508833.896637593861669, 6348667.139332249760628, 0.0 ], [ 2508843.4477, 6348631.527900001034141, 0.0 ], [ 2508828.9863, 6348626.919599999673665, 0.0 ], [ 2508741.784400001168251, 6348597.6754, 0.0 ], [ 2508731.956452797167003, 6348634.28832402639091, 0.0 ] ] ] ] } },
{ "type": "Feature", "properties": { "LAYER": "PARCELARIO_BASE_CATASTRO", "MAP_NAME": "1010_2025.dwg", "ccpp1": "1010 1691", "LAYER_2": "PADRONES_2_VISTALBA" }, "geometry": { "type": "MultiPolygon", "coordinates": [ [ [ [ 2509010.8185, 6348744.038499999791384, 0.0 ], [ 2508829.412516876123846, 6348683.858515348285437, 0.0 ], [ 2508828.862858215812594, 6348685.942965981550515, 0.0 ], [ 2508818.638000417966396, 6348724.031633962877095, 0.0 ], [ 2508818.636453852057457, 6348724.037400379776955, 0.0 ], [ 2508885.003899999894202, 6348751.33149999845773, 0.0 ], [ 2509008.293800000101328, 6348801.984799998812377, 0.0 ], [ 2509010.8185, 6348744.038499999791384, 0.0 ] ] ] ] } },
{ "type": "Feature", "properties": { "LAYER": "PARCELARIO_BASE_CATASTRO", "MAP_NAME": "1010_2025.dwg", "ccpp1": "1010 1812", "LAYER_2": "PADRONES_2_VISTALBA" }, "geometry": { "type": "MultiPolygon", "coordinates": [ [ [ [ 2508569.3882, 6345597.294700001366436, 0.0 ], [ 2508531.049699999857694, 6345600.817699999548495, 0.0 ], [ 2508520.2604, 6345604.318699999712408, 0.0 ], [ 2508525.360000000800937, 6345612.019999998621643, 0.0 ], [ 2508535.549999999813735, 6345613.839999998919666, 0.0 ], [ 2508579.229900000151247, 6345613.989799999631941, 0.0 ], [ 2508569.3882, 6345597.294700001366436, 0.0 ] ] ] ] } },
{ "type": "Feature", "properties": { "LAYER": "PARCELARIO_BASE_CATASTRO", "MAP_NAME": "1010_2025.dwg", "ccpp1": "1010 1811", "LAYER_2": "PADRONES_2_VISTALBA" }, "geometry": { "type": "MultiPolygon", "coordinates": [ [ [ [ 2508569.3882, 6345597.294700001366436, 0.0 ], [ 2508557.23, 6345576.67, 0.0 ], [ 2508505.1228, 6345581.458200000226498, 0.0 ], [ 2508520.2604, 6345604.318699999712408, 0.0 ], [ 2508531.049699999857694, 6345600.817699999548495, 0.0 ], [ 2508569.3882, 6345597.294700001366436, 0.0 ] ] ] ] } },
{ "type": "Feature", "properties": { "LAYER": "PARCELARIO_BASE_CATASTRO", "MAP_NAME": "1010_2025.dwg", "ccpp1": "1010 1813", "LAYER_2": "PADRONES_2_VISTALBA" }, "geometry": { "type": "MultiPolygon", "coordinates": [ [ [ [ 2508602.0493, 6345579.137999999336898, 0.0 ], [ 2508585.983099999837577, 6345594.167299999855459, 0.0 ], [ 2508590.455900000873953, 6345614.02829999756068, 0.0 ], [ 2508621.621600000187755, 6345612.697599999606609, 0.0 ], [ 2508602.0493, 6345579.137999999336898, 0.0 ] ] ] ] } },
{ "type": "Feature", "properties": { "LAYER": "PARCELARIO_BASE_CATASTRO", "MAP_NAME": "1010_2025.dwg", "ccpp1": "1010 1814", "LAYER_2": "PADRONES_2_VISTALBA" }, "geometry": { "type": "MultiPolygon", "coordinates": [ [ [ [ 2508614.1628, 6345567.806300000287592, 0.0 ], [ 2508602.0493, 6345579.137999999336898, 0.0 ], [ 2508621.621600000187755, 6345612.697599999606609, 0.0 ], [ 2508639.830299999099225, 6345611.817099998705089, 0.0 ], [ 2508614.1628, 6345567.806300000287592, 0.0 ] ] ] ] } },
{ "type": "Feature", "properties": { "LAYER": "PARCELARIO_BASE_CATASTRO", "MAP_NAME": "1010_2025.dwg", "ccpp1": "1010 1628", "LAYER_2": "PADRONES_2_VISTALBA" }, "geometry": { "type": "MultiPolygon", "coordinates": [ [ [ [ 2509371.792559237219393, 6348902.922873872332275, 0.0 ], [ 2509429.785683840978891, 6348905.043671594932675, 0.0 ], [ 2509430.495349332224578, 6348882.164802867919207, 0.0 ], [ 2509418.501399181783199, 6348881.783804452046752, 0.0 ], [ 2509372.524393803905696, 6348880.322973718866706, 0.0 ], [ 2509371.792559237219393, 6348902.922873872332275, 0.0 ] ] ] ] } },
{ "type": "Feature", "properties": { "LAYER": "PARCELARIO_BASE_CATASTRO", "MAP_NAME": "1010_2025.dwg", "ccpp1": "1010 1627", "LAYER_2": "PADRONES_2_VISTALBA" }, "geometry": { "type": "MultiPolygon", "coordinates": [ [ [ [ 2509495.371965330094099, 6348907.442149643786252, 0.0 ], [ 2509497.155988418962806, 6348907.507391034625471, 0.0 ], [ 2509498.089409903157502, 6348875.423823836259544, 0.0 ], [ 2509442.785035490989685, 6348873.239080367609859, 0.0 ], [ 2509442.489399182144552, 6348882.54580445215106, 0.0 ], [ 2509430.495349332224578, 6348882.164802867919207, 0.0 ], [ 2509429.785683840978891, 6348905.043671594932675, 0.0 ], [ 2509495.371965330094099, 6348907.442149643786252, 0.0 ] ] ] ] } },
{ "type": "Feature", "properties": { "LAYER": "PARCELARIO_BASE_CATASTRO", "MAP_NAME": "1010_2025.dwg", "ccpp1": "1010 645", "LAYER_2": "PADRONES_2_VISTALBA" }, "geometry": { "type": "MultiPolygon", "coordinates": [ [ [ [ 2509712.531400000210851, 6349028.237099999561906, 0.0 ], [ 2509709.803100000135601, 6349072.488800000399351, 0.0 ], [ 2509733.749299999792129, 6349074.0949, 0.0 ], [ 2509736.474100000225008, 6349029.897000000812113, 0.0 ], [ 2509712.531400000210851, 6349028.237099999561906, 0.0 ] ] ] ] } },
{ "type": "Feature", "properties": { "LAYER": "PARCELARIO_BASE_CATASTRO", "MAP_NAME": "1010_2025.dwg", "ccpp1": "1010 1924", "LAYER_2": "PADRONES_2_VISTALBA" }, "geometry": { "type": "MultiPolygon", "coordinates": [ [ [ [ 2509676.037691053934395, 6349025.707499381154776, 0.0 ], [ 2509674.046500000171363, 6349070.090599998831749, 0.0 ], [ 2509691.8437, 6349071.284300000406802, 0.0 ], [ 2509694.574500000104308, 6349026.992200000211596, 0.0 ], [ 2509676.037691053934395, 6349025.707499381154776, 0.0 ] ] ] ] } },
{ "type": "Feature", "properties": { "LAYER": "PARCELARIO_BASE_CATASTRO", "MAP_NAME": "1010_2025.dwg", "ccpp1": "1010 1925", "LAYER_2": "PADRONES_2_VISTALBA" }, "geometry": { "type": "MultiPolygon", "coordinates": [ [ [ [ 2509694.574500000104308, 6349026.992200000211596, 0.0 ], [ 2509691.8437, 6349071.284300000406802, 0.0 ], [ 2509709.803100000135601, 6349072.488800000399351, 0.0 ], [ 2509712.531400000210851, 6349028.237099999561906, 0.0 ], [ 2509694.574500000104308, 6349026.992200000211596, 0.0 ] ] ] ] } },
{ "type": "Feature", "properties": { "LAYER": "PARCELARIO_BASE_CATASTRO", "MAP_NAME": "1010_2025.dwg", "ccpp1": "1010 1809", "LAYER_2": "PADRONES_2_VISTALBA" }, "geometry": { "type": "MultiPolygon", "coordinates": [ [ [ [ 2509189.135900000110269, 6348720.524600000120699, 0.0 ], [ 2509212.881399999838322, 6348721.536100001074374, 0.0 ], [ 2509212.567100000102073, 6348729.578300000168383, 0.0 ], [ 2509236.5565, 6348730.607300000265241, 0.0 ], [ 2509237.341200000140816, 6348710.587000000290573, 0.0 ], [ 2509189.360000000800937, 6348708.553899998776615, 0.0 ], [ 2509189.135900000110269, 6348720.524600000120699, 0.0 ] ] ] ] } },
{ "type": "Feature", "properties": { "LAYER": "PARCELARIO_BASE_CATASTRO", "MAP_NAME": "1010_2025.dwg", "ccpp1": "1010 1808", "LAYER_2": "PADRONES_2_VISTALBA" }, "geometry": { "type": "MultiPolygon", "coordinates": [ [ [ [ 2509212.567100000102073, 6348729.578300000168383, 0.0 ], [ 2509212.881399999838322, 6348721.536100001074374, 0.0 ], [ 2509189.135900000110269, 6348720.524600000120699, 0.0 ], [ 2509189.012900000903755, 6348728.088600000366569, 0.0 ], [ 2509188.711199999786913, 6348743.414099999703467, 0.0 ], [ 2509211.987499999813735, 6348744.418100001290441, 0.0 ], [ 2509212.567100000102073, 6348729.578300000168383, 0.0 ] ] ] ] } },
{ "type": "Feature", "properties": { "LAYER": "PARCELARIO_BASE_CATASTRO", "MAP_NAME": "1010_2025.dwg", "ccpp1": "1010 1840", "LAYER_2": "PADRONES_2_VISTALBA" }, "geometry": { "type": "MultiPolygon", "coordinates": [ [ [ [ 2508795.374900000169873, 6348566.713800000958145, 0.0 ], [ 2508782.963899999856949, 6348611.485500001348555, 0.0 ], [ 2508803.086652412079275, 6348618.23390154633671, 0.0 ], [ 2508816.120080451015383, 6348574.176634166389704, 0.0 ], [ 2508804.514584119897336, 6348570.587269837036729, 0.0 ], [ 2508804.810056515038013, 6348569.631918561644852, 0.0 ], [ 2508795.374900000169873, 6348566.713800000958145, 0.0 ] ] ] ] } },
{ "type": "Feature", "properties": { "LAYER": "PARCELARIO_BASE_CATASTRO", "MAP_NAME": "1010_2025.dwg", "ccpp1": "1010 1840", "LAYER_2": "PADRONES_2_VISTALBA" }, "geometry": { "type": "MultiPolygon", "coordinates": [ [ [ [ 2508795.374900000169873, 6348566.713800000958145, 0.0 ], [ 2508782.963899999856949, 6348611.485500001348555, 0.0 ], [ 2508803.086652412079275, 6348618.23390154633671, 0.0 ], [ 2508816.120080451015383, 6348574.176634166389704, 0.0 ], [ 2508804.514584119897336, 6348570.587269837036729, 0.0 ], [ 2508804.810056515038013, 6348569.631918561644852, 0.0 ], [ 2508795.374900000169873, 6348566.713800000958145, 0.0 ] ] ] ] } },
{ "type": "Feature", "properties": { "LAYER": "PARCELARIO_BASE_CATASTRO", "MAP_NAME": "1010_2025.dwg", "ccpp1": "1010 1931", "LAYER_2": "PADRONES_2_VISTALBA" }, "geometry": { "type": "MultiPolygon", "coordinates": [ [ [ [ 2508832.874624476768076, 6348517.537864069454372, 0.0 ], [ 2508803.086668047122657, 6348618.233848694711924, 0.0 ], [ 2508820.891600000206381, 6348624.205, 0.0 ], [ 2508828.9863, 6348626.919599999673665, 0.0 ], [ 2508840.88222893094644, 6348630.710381618700922, 0.0 ], [ 2508869.913167444989085, 6348526.817041384056211, 0.0 ], [ 2508834.658414488192648, 6348518.016292567364872, 0.0 ], [ 2508832.874624476768076, 6348517.537864069454372, 0.0 ] ] ] ] } },
{ "type": "Feature", "properties": { "LAYER": "PARCELARIO_BASE_CATASTRO", "MAP_NAME": "1010_2025.dwg", "ccpp1": "1010 1932", "LAYER_2": "PADRONES_2_VISTALBA" }, "geometry": { "type": "MultiPolygon", "coordinates": [ [ [ [ 2508819.524198939092457, 6348562.669593829661608, 0.0 ], [ 2508832.874624476768076, 6348517.537864070385695, 0.0 ], [ 2508810.6585, 6348511.579300001263618, 0.0 ], [ 2508804.323300001211464, 6348534.433000001125038, 0.0 ], [ 2508798.0611, 6348557.0236, 0.0 ], [ 2508807.764511211775243, 6348560.079276365227997, 0.0 ], [ 2508808.059983608778566, 6348559.12392508238554, 0.0 ], [ 2508819.524198939092457, 6348562.669593829661608, 0.0 ] ] ] ] } },
{ "type": "Feature", "properties": { "LAYER": "PARCELARIO_BASE_CATASTRO", "MAP_NAME": "1010_2025.dwg", "ccpp1": "1010 1886", "LAYER_2": "PADRONES_2_VISTALBA" }, "geometry": { "type": "MultiPolygon", "coordinates": [ [ [ [ 2508804.323300001211464, 6348534.433000001125038, 0.0 ], [ 2508762.0236, 6348522.284099999815226, 0.0 ], [ 2508761.6108, 6348523.8218, 0.0 ], [ 2508756.214599999133497, 6348543.922899998724461, 0.0 ], [ 2508798.0611, 6348557.0236, 0.0 ], [ 2508804.285199999809265, 6348534.570299999788404, 0.0 ], [ 2508804.323300001211464, 6348534.433000001125038, 0.0 ] ] ] ] } },
{ "type": "Feature", "properties": { "LAYER": "PARCELARIO_BASE_CATASTRO", "MAP_NAME": "1010_2025.dwg", "ccpp1": "1010 1835", "LAYER_2": "PADRONES_2_VISTALBA" }, "geometry": { "type": "MultiPolygon", "coordinates": [ [ [ [ 2509423.596599999815226, 6349567.71, 0.0 ], [ 2509419.2527, 6349547.1881, 0.0 ], [ 2509370.074, 6349557.1201, 0.0 ], [ 2509374.574500000104308, 6349577.672699999064207, 0.0 ], [ 2509423.596599999815226, 6349567.71, 0.0 ] ] ] ] } },
{ "type": "Feature", "properties": { "LAYER": "PARCELARIO_BASE_CATASTRO", "MAP_NAME": "1010_2025.dwg", "ccpp1": "1010 1610", "LAYER_2": "PADRONES_2_VISTALBA" }, "geometry": { "type": "MultiPolygon", "coordinates": [ [ [ [ 2508801.208699999842793, 6348987.446600000374019, 0.0 ], [ 2508805.997700001113117, 6348960.3437, 0.0 ], [ 2508788.679100001230836, 6348944.269600000232458, 0.0 ], [ 2508771.896700000856072, 6348961.311000000685453, 0.0 ], [ 2508801.208699999842793, 6348987.446600000374019, 0.0 ] ] ] ] } },
{ "type": "Feature", "properties": { "LAYER": "PARCELARIO_BASE_CATASTRO", "MAP_NAME": "1010_2025.dwg", "ccpp1": "1010 1611", "LAYER_2": "PADRONES_2_VISTALBA" }, "geometry": { "type": "MultiPolygon", "coordinates": [ [ [ [ 2508771.896700000856072, 6348961.311000000685453, 0.0 ], [ 2508788.6787, 6348944.270399998873472, 0.0 ], [ 2508789.540699999779463, 6348943.285699998959899, 0.0 ], [ 2508765.882799999788404, 6348920.86610000114888, 0.0 ], [ 2508754.066199999768287, 6348945.557799999602139, 0.0 ], [ 2508771.896700000856072, 6348961.311000000685453, 0.0 ] ] ] ] } },
{ "type": "Feature", "properties": { "LAYER": "PARCELARIO_BASE_CATASTRO", "MAP_NAME": "1010_2025.dwg", "ccpp1": "1010 1821", "LAYER_2": "PADRONES_2_VISTALBA" }, "geometry": { "type": "MultiPolygon", "coordinates": [ [ [ [ 2508919.9104, 6348924.305499998852611, 0.0 ], [ 2508934.27350000012666, 6348935.25870000012219, 0.0 ], [ 2508953.82079999987036, 6348906.408800001256168, 0.0 ], [ 2508938.778800000902265, 6348896.249800000339746, 0.0 ], [ 2508919.9104, 6348924.305499998852611, 0.0 ] ] ] ] } },
{ "type": "Feature", "properties": { "LAYER": "PARCELARIO_BASE_CATASTRO", "MAP_NAME": "1010_2025.dwg", "ccpp1": "1010 1888", "LAYER_2": "PADRONES_2_VISTALBA" }, "geometry": { "type": "MultiPolygon", "coordinates": [ [ [ [ 2508904.9995, 6348912.934600000269711, 0.0 ], [ 2508919.9104, 6348924.305499998852611, 0.0 ], [ 2508938.7785, 6348896.249699999578297, 0.0 ], [ 2508922.955399999860674, 6348885.5779, 0.0 ], [ 2508904.9995, 6348912.934600000269711, 0.0 ] ] ] ] } },
{ "type": "Feature", "properties": { "LAYER": "PARCELARIO_BASE_CATASTRO", "MAP_NAME": "1010_2025.dwg", "ccpp1": "1010 1889", "LAYER_2": "PADRONES_2_VISTALBA" }, "geometry": { "type": "MultiPolygon", "coordinates": [ [ [ [ 2508889.6329, 6348901.216, 0.0 ], [ 2508904.9995, 6348912.934500000439584, 0.0 ], [ 2508922.955200000200421, 6348885.577399998903275, 0.0 ], [ 2508907.63329999987036, 6348875.252899999730289, 0.0 ], [ 2508889.6329, 6348901.216, 0.0 ] ] ] ] } },
{ "type": "Feature", "properties": { "LAYER": "PARCELARIO_BASE_CATASTRO", "MAP_NAME": "1010_2025.dwg", "ccpp1": "1010 1929", "LAYER_2": "PADRONES_2_VISTALBA" }, "geometry": { "type": "MultiPolygon", "coordinates": [ [ [ [ 2508443.267900000791997, 6345274.865399999544024, 0.0 ], [ 2508439.8366, 6345276.6552, 0.0 ], [ 2508439.1847, 6345275.530399999581277, 0.0 ], [ 2508428.279200000222772, 6345281.218899998813868, 0.0 ], [ 2508420.3374, 6345273.60780000127852, 0.0 ], [ 2508409.741599999833852, 6345267.627500001341105, 0.0 ], [ 2508416.480000000912696, 6345278.450000001117587, 0.0 ], [ 2508419.690000000875443, 6345282.620000000111759, 0.0 ], [ 2508431.5, 6345301.259999999776483, 0.0 ], [ 2508456.200000000186265, 6345297.04, 0.0 ], [ 2508443.267900000791997, 6345274.865399999544024, 0.0 ] ] ] ] } },
{ "type": "Feature", "properties": { "LAYER": "PARCELARIO_BASE_CATASTRO", "MAP_NAME": "1010_2025.dwg", "ccpp1": "1010 1930", "LAYER_2": "PADRONES_2_VISTALBA" }, "geometry": { "type": "MultiPolygon", "coordinates": [ [ [ [ 2508488.131028545089066, 6347798.803881520405412, 0.0 ], [ 2508448.6406, 6347794.598100000992417, 0.0 ], [ 2508445.966495086904615, 6347827.137558152899146, 0.0 ], [ 2508485.481826690025628, 6347831.575819465331733, 0.0 ], [ 2508488.131028545089066, 6347798.803881520405412, 0.0 ] ] ] ] } },
{ "type": "Feature", "properties": { "LAYER": "PARCELARIO_BASE_CATASTRO", "MAP_NAME": "1010_2025.dwg", "ccpp1": "1010 1930", "LAYER_2": "PADRONES_2_VISTALBA" }, "geometry": { "type": "MultiPolygon", "coordinates": [ [ [ [ 2508445.966495086904615, 6347827.137558152899146, 0.0 ], [ 2508485.481762124225497, 6347831.576513396576047, 0.0 ], [ 2508488.131028545089066, 6347798.803881518542767, 0.0 ], [ 2508448.6406, 6347794.598100000992417, 0.0 ], [ 2508445.966495086904615, 6347827.137558152899146, 0.0 ] ] ] ] } },
{ "type": "Feature", "properties": { "LAYER": "PARCELARIO_BASE_CATASTRO", "MAP_NAME": "1010_2025.dwg", "ccpp1": "1010 247", "LAYER_2": "PADRONES_2_VISTALBA" }, "geometry": { "type": "MultiPolygon", "coordinates": [ [ [ [ 2508567.480000000912696, 6347729.6135, 0.0 ], [ 2508548.5499, 6347727.555999998934567, 0.0 ], [ 2508548.4268, 6347728.891099999658763, 0.0 ], [ 2508543.310099999886006, 6347784.382399999536574, 0.0 ], [ 2508561.630599999800324, 6347786.298399998806417, 0.0 ], [ 2508567.303299999795854, 6347731.326000000350177, 0.0 ], [ 2508567.480000000912696, 6347729.6135, 0.0 ] ] ] ] } },
{ "type": "Feature", "properties": { "LAYER": "PARCELARIO_BASE_CATASTRO", "MAP_NAME": "1010_2025.dwg", "ccpp1": "1010 1695", "LAYER_2": "PADRONES_2_VISTALBA" }, "geometry": { "type": "MultiPolygon", "coordinates": [ [ [ [ 2508548.5499, 6347727.555999998934567, 0.0 ], [ 2508529.070500000845641, 6347725.438699999824166, 0.0 ], [ 2508528.9836, 6347726.382999999448657, 0.0 ], [ 2508526.510600000154227, 6347753.258100000210106, 0.0 ], [ 2508523.810100000817329, 6347782.343100000172853, 0.0 ], [ 2508543.310099999886006, 6347784.382399999536574, 0.0 ], [ 2508548.4268, 6347728.891099999658763, 0.0 ], [ 2508548.5499, 6347727.555999998934567, 0.0 ] ] ] ] } },
{ "type": "Feature", "properties": { "LAYER": "PARCELARIO_BASE_CATASTRO", "MAP_NAME": "1010_2025.dwg", "ccpp1": "1010 1904", "LAYER_2": "PADRONES_2_VISTALBA" }, "geometry": { "type": "MultiPolygon", "coordinates": [ [ [ [ 2509575.154900000896305, 6349533.2922, 0.0 ], [ 2509578.3599, 6349553.8218, 0.0 ], [ 2509618.8396, 6349551.808199999853969, 0.0 ], [ 2509616.827699999790639, 6349538.875400001183152, 0.0 ], [ 2509610.0258, 6349540.288099999539554, 0.0 ], [ 2509603.438900000881404, 6349537.772999999113381, 0.0 ], [ 2509599.261400000192225, 6349532.106000000610948, 0.0 ], [ 2509575.154900000896305, 6349533.2922, 0.0 ] ] ] ] } },
{ "type": "Feature", "properties": { "LAYER": "PARCELARIO_BASE_CATASTRO", "MAP_NAME": "1010_2025.dwg", "ccpp1": "1010 1905", "LAYER_2": "PADRONES_2_VISTALBA" }, "geometry": { "type": "MultiPolygon", "coordinates": [ [ [ [ 2509618.8396, 6349551.808199999853969, 0.0 ], [ 2509640.024798084050417, 6349550.765491262078285, 0.0 ], [ 2509639.1277, 6349546.737899999134243, 0.0 ], [ 2509629.794300000183284, 6349500.415500000119209, 0.0 ], [ 2509614.7793, 6349501.126799998804927, 0.0 ], [ 2509615.515800000168383, 6349516.205199999734759, 0.0 ], [ 2509621.125700000207871, 6349520.469499998725951, 0.0 ], [ 2509623.529699999839067, 6349527.075500000268221, 0.0 ], [ 2509621.965799999888986, 6349533.928299998864532, 0.0 ], [ 2509616.827699999790639, 6349538.875400001183152, 0.0 ], [ 2509618.8396, 6349551.808199999853969, 0.0 ] ] ] ] } },
{ "type": "Feature", "properties": { "LAYER": "PARCELARIO_BASE_CATASTRO", "MAP_NAME": "1010_2025.dwg", "ccpp1": "1010 1906", "LAYER_2": "PADRONES_2_VISTALBA" }, "geometry": { "type": "MultiPolygon", "coordinates": [ [ [ [ 2509570.437870404217392, 6349503.066661650314927, 0.0 ], [ 2509574.0682, 6349526.329599998891354, 0.0 ], [ 2509598.8204, 6349525.08669999986887, 0.0 ], [ 2509602.257000000216067, 6349518.946699998341501, 0.0 ], [ 2509608.48119999980554, 6349515.6365, 0.0 ], [ 2509615.515800000168383, 6349516.205199999734759, 0.0 ], [ 2509614.7793, 6349501.126799998804927, 0.0 ], [ 2509613.547600000165403, 6349501.185400001704693, 0.0 ], [ 2509583.706799999810755, 6349502.612800001166761, 0.0 ], [ 2509570.437870404217392, 6349503.066661650314927, 0.0 ] ] ] ] } },
{ "type": "Feature", "properties": { "LAYER": "PARCELARIO_BASE_CATASTRO", "MAP_NAME": "1010_2025.dwg", "ccpp1": "1010 1907", "LAYER_2": "PADRONES_2_VISTALBA" }, "geometry": { "type": "MultiPolygon", "coordinates": [ [ [ [ 2509574.0682, 6349526.329599998891354, 0.0 ], [ 2509570.437870404217392, 6349503.066661650314927, 0.0 ], [ 2509560.926400000229478, 6349503.392000000923872, 0.0 ], [ 2509534.7467, 6349503.880599999800324, 0.0 ], [ 2509537.80489999987185, 6349527.185600001364946, 0.0 ], [ 2509574.0682, 6349526.329599998891354, 0.0 ] ] ] ] } },
{ "type": "Feature", "properties": { "LAYER": "PARCELARIO_BASE_CATASTRO", "MAP_NAME": "1010_2025.dwg", "ccpp1": "1010 1923", "LAYER_2": "PADRONES_2_VISTALBA" }, "geometry": { "type": "MultiPolygon", "coordinates": [ [ [ [ 2508939.498500000219792, 6348977.2369, 0.0 ], [ 2508929.8333, 6348961.462500000372529, 0.0 ], [ 2508910.8284, 6348990.2801, 0.0 ], [ 2508923.256699999794364, 6349001.864900001324713, 0.0 ], [ 2508939.498500000219792, 6348977.2369, 0.0 ] ] ] ] } },
{ "type": "Feature", "properties": { "LAYER": "PARCELARIO_BASE_CATASTRO", "MAP_NAME": "1010_2025.dwg", "ccpp1": "1010 128", "LAYER_2": "PADRONES_2_VISTALBA" }, "geometry": { "type": "MultiPolygon", "coordinates": [ [ [ [ 2508453.134800000116229, 6348660.6097, 0.0 ], [ 2508441.606999999843538, 6348657.2193, 0.0 ], [ 2508442.1949, 6348655.319799999706447, 0.0 ], [ 2508389.425900000147521, 6348639.7982, 0.0 ], [ 2508387.336400000844151, 6348671.4298, 0.0 ], [ 2508435.400700000114739, 6348696.418399999849498, 0.0 ], [ 2508439.8892, 6348703.153699998743832, 0.0 ], [ 2508453.134800000116229, 6348660.6097, 0.0 ] ] ] ] } },
{ "type": "Feature", "properties": { "LAYER": "PARCELARIO_BASE_CATASTRO", "MAP_NAME": "1010_2025.dwg", "ccpp1": "1010 1892", "LAYER_2": "PADRONES_2_VISTALBA" }, "geometry": { "type": "MultiPolygon", "coordinates": [ [ [ [ 2508453.134800000116229, 6348660.6097, 0.0 ], [ 2508439.8892, 6348703.153699998743832, 0.0 ], [ 2508450.978800000157207, 6348719.793700000271201, 0.0 ], [ 2508455.571000000927597, 6348714.555700000375509, 0.0 ], [ 2508460.099, 6348705.528599999845028, 0.0 ], [ 2508468.3964, 6348678.886699999682605, 0.0 ], [ 2508473.1977, 6348663.4814, 0.0 ], [ 2508474.121499999891967, 6348660.510800000280142, 0.0 ], [ 2508454.9241, 6348654.863100001588464, 0.0 ], [ 2508453.134800000116229, 6348660.6097, 0.0 ] ] ] ] } },
{ "type": "Feature", "properties": { "LAYER": "PARCELARIO_BASE_CATASTRO", "MAP_NAME": "1010_2025.dwg", "ccpp1": "1010 1687", "LAYER_2": "PADRONES_2_VISTALBA" }, "geometry": { "type": "MultiPolygon", "coordinates": [ [ [ [ 2508474.121499999891967, 6348660.510800000280142, 0.0 ], [ 2508479.692699999082834, 6348642.597500001080334, 0.0 ], [ 2508485.7996, 6348623.023199999704957, 0.0 ], [ 2508466.5957, 6348617.3777, 0.0 ], [ 2508456.791300000157207, 6348648.8657, 0.0 ], [ 2508454.9241, 6348654.863100001588464, 0.0 ], [ 2508474.121499999891967, 6348660.510800000280142, 0.0 ] ] ] ] } },
{ "type": "Feature", "properties": { "LAYER": "PARCELARIO_BASE_CATASTRO", "MAP_NAME": "1010_2025.dwg", "ccpp1": "1010 1688", "LAYER_2": "PADRONES_2_VISTALBA" }, "geometry": { "type": "MultiPolygon", "coordinates": [ [ [ [ 2508456.791300000157207, 6348648.8657, 0.0 ], [ 2508466.5957, 6348617.3777, 0.0 ], [ 2508433.912099999841303, 6348607.770499999634922, 0.0 ], [ 2508392.3512, 6348595.538499998860061, 0.0 ], [ 2508389.9874, 6348631.300300001166761, 0.0 ], [ 2508444.665500000119209, 6348647.3821, 0.0 ], [ 2508445.2634, 6348645.4726, 0.0 ], [ 2508456.791300000157207, 6348648.8657, 0.0 ] ] ] ] } },
{ "type": "Feature", "properties": { "LAYER": "PARCELARIO_BASE_CATASTRO", "MAP_NAME": "1010_2025.dwg", "ccpp1": "1010 1761", "LAYER_2": "PADRONES_2_VISTALBA" }, "geometry": { "type": "MultiPolygon", "coordinates": [ [ [ [ 2508953.82079999987036, 6348906.408800001256168, 0.0 ], [ 2508931.749299999792129, 6348938.9841, 0.0 ], [ 2508943.730399999767542, 6348962.398699999786913, 0.0 ], [ 2508972.278800000902265, 6348918.379700001329184, 0.0 ], [ 2508953.82079999987036, 6348906.408800001256168, 0.0 ] ] ] ] } },
{ "type": "Feature", "properties": { "LAYER": "PARCELARIO_BASE_CATASTRO", "MAP_NAME": "1010_2025.dwg", "ccpp1": "1010 1943", "LAYER_2": "PADRONES_2_VISTALBA" }, "geometry": { "type": "MultiPolygon", "coordinates": [ [ [ [ 2509497.699214220046997, 6348890.406707130372524, 0.0 ], [ 2509548.490799999795854, 6348891.873599998652935, 0.0 ], [ 2509549.086399182211608, 6348864.769804452545941, 0.0 ], [ 2509498.521399181801826, 6348863.164804452098906, 0.0 ], [ 2509497.883355841040611, 6348884.305442394688725, 0.0 ], [ 2509497.699214220046997, 6348890.406707130372524, 0.0 ] ] ] ] } },
{ "type": "Feature", "properties": { "LAYER": "PARCELARIO_BASE_CATASTRO", "MAP_NAME": "1010_2025.dwg", "ccpp1": "1010 1758", "LAYER_2": "PADRONES_2_VISTALBA" }, "geometry": { "type": "MultiPolygon", "coordinates": [ [ [ [ 2509441.77419999986887, 6348609.5115, 0.0 ], [ 2509412.059900000225753, 6348608.072599999606609, 0.0 ], [ 2509411.147800000850111, 6348652.299200000241399, 0.0 ], [ 2509410.5778, 6348670.4435, 0.0 ], [ 2509409.753399999812245, 6348689.0768, 0.0 ], [ 2509439.617699999827892, 6348689.881400000303984, 0.0 ], [ 2509440.806400000117719, 6348689.918200000189245, 0.0 ], [ 2509441.27350000012666, 6348667.454400001093745, 0.0 ], [ 2509441.36629999987781, 6348664.431300001218915, 0.0 ], [ 2509442.742999999783933, 6348609.557799999602139, 0.0 ], [ 2509441.77419999986887, 6348609.5115, 0.0 ] ] ] ] } },
{ "type": "Feature", "properties": { "LAYER": "PARCELARIO_BASE_CATASTRO", "MAP_NAME": "1010_2025.dwg", "ccpp1": "1010 1894", "LAYER_2": "PADRONES_2_VISTALBA" }, "geometry": { "type": "MultiPolygon", "coordinates": [ [ [ [ 2509514.033200000878423, 6348425.952999998815358, 0.0 ], [ 2509512.6505, 6348471.679700001142919, 0.0 ], [ 2509528.640000000130385, 6348472.259999999776483, 0.0 ], [ 2509528.75, 6348468.240000000223517, 0.0 ], [ 2509529.973600000143051, 6348426.496299999766052, 0.0 ], [ 2509514.033200000878423, 6348425.952999998815358, 0.0 ] ] ] ] } },
{ "type": "Feature", "properties": { "LAYER": "PARCELARIO_BASE_CATASTRO", "MAP_NAME": "1010_2025.dwg", "ccpp1": "1010 1972", "LAYER_2": "PADRONES_2_VISTALBA" }, "geometry": { "type": "MultiPolygon", "coordinates": [ [ [ [ 2508659.771300000138581, 6346658.943, 0.0 ], [ 2508613.578700000885874, 6346653.402599999681115, 0.0 ], [ 2508607.776600000914186, 6346700.087600001133978, 0.0 ], [ 2508655.173700000159442, 6346705.7626, 0.0 ], [ 2508659.771300000138581, 6346658.943, 0.0 ] ] ] ] } },
{ "type": "Feature", "properties": { "LAYER": "PARCELARIO_BASE_CATASTRO", "MAP_NAME": "1010_2025.dwg", "ccpp1": "1010 253", "LAYER_2": "PADRONES_2_VISTALBA" }, "geometry": { "type": "MultiPolygon", "coordinates": [ [ [ [ 2509405.749100000131875, 6349445.2242, 0.0 ], [ 2509412.4824, 6349407.980199999175966, 0.0 ], [ 2509388.5644, 6349406.257500000298023, 0.0 ], [ 2509385.472099999897182, 6349423.513799998909235, 0.0 ], [ 2509381.24709999980405, 6349447.090900000184774, 0.0 ], [ 2509380.196899999864399, 6349452.951500000432134, 0.0 ], [ 2509405.749100000131875, 6349445.2242, 0.0 ] ] ] ] } },
{ "type": "Feature", "properties": { "LAYER": "PARCELARIO_BASE_CATASTRO", "MAP_NAME": "1010_2025.dwg", "ccpp1": "1010 1935", "LAYER_2": "PADRONES_2_VISTALBA" }, "geometry": { "type": "MultiPolygon", "coordinates": [ [ [ [ 2509412.4824, 6349407.980199999175966, 0.0 ], [ 2509405.749100000131875, 6349445.2242, 0.0 ], [ 2509411.379700000863522, 6349443.521399999037385, 0.0 ], [ 2509439.155799999833107, 6349445.071099998429418, 0.0 ], [ 2509445.4786, 6349410.35669999755919, 0.0 ], [ 2509412.4824, 6349407.980199999175966, 0.0 ] ] ] ] } },
{ "type": "Feature", "properties": { "LAYER": "PARCELARIO_BASE_CATASTRO", "MAP_NAME": "1010_2025.dwg", "ccpp1": "1010 1893", "LAYER_2": "PADRONES_2_VISTALBA" }, "geometry": { "type": "MultiPolygon", "coordinates": [ [ [ [ 2508769.732800000812858, 6348818.014399998821318, 0.0 ], [ 2508800.117, 6348843.955900000408292, 0.0 ], [ 2508801.841799999121577, 6348841.695899999700487, 0.0 ], [ 2508805.6258, 6348839.628100001253188, 0.0 ], [ 2508810.0236, 6348839.1864, 0.0 ], [ 2508814.397900000214577, 6348840.455299998633564, 0.0 ], [ 2508815.384999999776483, 6348841.302000001072884, 0.0 ], [ 2508825.5521, 6348820.732699999585748, 0.0 ], [ 2508780.6417, 6348791.255699999630451, 0.0 ], [ 2508769.732800000812858, 6348818.014399998821318, 0.0 ] ] ] ] } },
{ "type": "Feature", "properties": { "LAYER": "PARCELARIO_BASE_CATASTRO", "MAP_NAME": "1010_2025.dwg", "ccpp1": "1010 1798", "LAYER_2": "PADRONES_2_VISTALBA" }, "geometry": { "type": "MultiPolygon", "coordinates": [ [ [ [ 2508800.117, 6348843.955900000408292, 0.0 ], [ 2508769.732800000812858, 6348818.014399998821318, 0.0 ], [ 2508758.231321613769978, 6348846.245408318936825, 0.0 ], [ 2508787.28996836906299, 6348874.12313633132726, 0.0 ], [ 2508801.327099999878556, 6348857.910299998708069, 0.0 ], [ 2508799.0674, 6348853.680200001224875, 0.0 ], [ 2508798.3254, 6348849.221699999645352, 0.0 ], [ 2508799.2801, 6348845.052400000393391, 0.0 ], [ 2508800.117, 6348843.955900000408292, 0.0 ] ] ] ] } },
{ "type": "Feature", "properties": { "LAYER": "PARCELARIO_BASE_CATASTRO", "MAP_NAME": "1010_2025.dwg", "ccpp1": "1010 1938", "LAYER_2": "PADRONES_2_VISTALBA" }, "geometry": { "type": "MultiPolygon", "coordinates": [ [ [ [ 2508852.961703826207668, 6345211.57251329254359, 0.0 ], [ 2508837.0792, 6345212.3169, 0.0 ], [ 2508854.738700000103563, 6345242.339200000278652, 0.0 ], [ 2508870.317799999844283, 6345241.079, 0.0 ], [ 2508852.961703826207668, 6345211.57251329254359, 0.0 ] ] ] ] } },
{ "type": "Feature", "properties": { "LAYER": "PARCELARIO_BASE_CATASTRO", "MAP_NAME": "1010_2025.dwg", "ccpp1": "1010 1939", "LAYER_2": "PADRONES_2_VISTALBA" }, "geometry": { "type": "MultiPolygon", "coordinates": [ [ [ [ 2508868.889804373029619, 6345210.82582888007164, 0.0 ], [ 2508852.961703826207668, 6345211.57251329254359, 0.0 ], [ 2508870.317799999844283, 6345241.079, 0.0 ], [ 2508885.941699999850243, 6345239.8152, 0.0 ], [ 2508868.889804373029619, 6345210.82582888007164, 0.0 ] ] ] ] } },
{ "type": "Feature", "properties": { "LAYER": "PARCELARIO_BASE_CATASTRO", "MAP_NAME": "1010_2025.dwg", "ccpp1": "1010 1940", "LAYER_2": "PADRONES_2_VISTALBA" }, "geometry": { "type": "MultiPolygon", "coordinates": [ [ [ [ 2508901.710917958058417, 6345209.287226476706564, 0.0 ], [ 2508885.703666875138879, 6345210.037621337920427, 0.0 ], [ 2508902.256099999882281, 6345238.495500000193715, 0.0 ], [ 2508917.80530000012368, 6345237.237800001166761, 0.0 ], [ 2508901.710917958058417, 6345209.287226476706564, 0.0 ] ] ] ] } },
{ "type": "Feature", "properties": { "LAYER": "PARCELARIO_BASE_CATASTRO", "MAP_NAME": "1010_2025.dwg", "ccpp1": "1010 1941", "LAYER_2": "PADRONES_2_VISTALBA" }, "geometry": { "type": "MultiPolygon", "coordinates": [ [ [ [ 2508917.401, 6345208.551699998788536, 0.0 ], [ 2508901.710917958058417, 6345209.287226476706564, 0.0 ], [ 2508917.80530000012368, 6345237.237800001166761, 0.0 ], [ 2508933.35450000083074, 6345235.980100000277162, 0.0 ], [ 2508917.401, 6345208.551699998788536, 0.0 ] ] ] ] } },
{ "type": "Feature", "properties": { "LAYER": "PARCELARIO_BASE_CATASTRO", "MAP_NAME": "1010_2025.dwg", "ccpp1": "1010 1944", "LAYER_2": "PADRONES_2_VISTALBA" }, "geometry": { "type": "MultiPolygon", "coordinates": [ [ [ [ 2509548.490799999795854, 6348891.873599998652935, 0.0 ], [ 2509497.699214220046997, 6348890.406707130372524, 0.0 ], [ 2509497.155988418962806, 6348907.507391034625471, 0.0 ], [ 2509547.965900000184774, 6348909.365500000305474, 0.0 ], [ 2509548.490799999795854, 6348891.873599998652935, 0.0 ] ] ] ] } },
{ "type": "Feature", "properties": { "LAYER": "PARCELARIO_BASE_CATASTRO", "MAP_NAME": "1010_2025.dwg", "ccpp1": "1010 1831", "LAYER_2": "PADRONES_2_VISTALBA" }, "geometry": { "type": "MultiPolygon", "coordinates": [ [ [ [ 2509343.676200000103563, 6349562.902499999850988, 0.0 ], [ 2509350.730599999893457, 6349547.116800000891089, 0.0 ], [ 2509345.35190000012517, 6349523.53249999973923, 0.0 ], [ 2509339.147100000176579, 6349522.529, 0.0 ], [ 2509307.300900000147521, 6349517.120199999772012, 0.0 ], [ 2509334.540300000924617, 6349551.429999998770654, 0.0 ], [ 2509343.676200000103563, 6349562.902499999850988, 0.0 ] ] ] ] } },
{ "type": "Feature", "properties": { "LAYER": "PARCELARIO_BASE_CATASTRO", "MAP_NAME": "1010_2025.dwg", "ccpp1": "1010 1759", "LAYER_2": "PADRONES_2_VISTALBA" }, "geometry": { "type": "MultiPolygon", "coordinates": [ [ [ [ 2509439.191399999894202, 6348714.4989, 0.0 ], [ 2509409.180000000167638, 6348712.70380000025034, 0.0 ], [ 2509379.461876284796745, 6348711.383579627610743, 0.0 ], [ 2509379.294849799014628, 6348715.950615837238729, 0.0 ], [ 2509438.985600001178682, 6348718.498599999584258, 0.0 ], [ 2509439.191399999894202, 6348714.4989, 0.0 ] ] ] ] } },
{ "type": "Feature", "properties": { "LAYER": "PARCELARIO_BASE_CATASTRO", "MAP_NAME": "1010_2025.dwg", "ccpp1": "1010 1756", "LAYER_2": "PADRONES_2_VISTALBA" }, "geometry": { "type": "MultiPolygon", "coordinates": [ [ [ [ 2509439.191399999894202, 6348714.4989, 0.0 ], [ 2509439.6171, 6348689.881199999712408, 0.0 ], [ 2509409.753399999812245, 6348689.0768, 0.0 ], [ 2509409.6614, 6348689.068400000222027, 0.0 ], [ 2509409.180000000167638, 6348712.70380000025034, 0.0 ], [ 2509439.191399999894202, 6348714.4989, 0.0 ] ] ] ] } },
{ "type": "Feature", "properties": { "LAYER": "PARCELARIO_BASE_CATASTRO", "MAP_NAME": "1010_2025.dwg", "ccpp1": "1010 1755", "LAYER_2": "PADRONES_2_VISTALBA" }, "geometry": { "type": "MultiPolygon", "coordinates": [ [ [ [ 2509409.6612, 6348689.068400000222027, 0.0 ], [ 2509380.318754632025957, 6348687.953796000219882, 0.0 ], [ 2509379.461876284796745, 6348711.383579627610743, 0.0 ], [ 2509409.1801, 6348712.70380000025034, 0.0 ], [ 2509409.6612, 6348689.068400000222027, 0.0 ] ] ] ] } },
{ "type": "Feature", "properties": { "LAYER": "PARCELARIO_BASE_CATASTRO", "MAP_NAME": "1010_2025.dwg", "ccpp1": "1010 1757", "LAYER_2": "PADRONES_2_VISTALBA" }, "geometry": { "type": "MultiPolygon", "coordinates": [ [ [ [ 2509439.191399999894202, 6348714.4989, 0.0 ], [ 2509438.985600001178682, 6348718.498599999584258, 0.0 ], [ 2509466.7289, 6348719.670699998736382, 0.0 ], [ 2509467.1905, 6348690.60149999987334, 0.0 ], [ 2509462.414100000169128, 6348690.463200000114739, 0.0 ], [ 2509440.805700000841171, 6348689.917999998666346, 0.0 ], [ 2509439.6171, 6348689.881199999712408, 0.0 ], [ 2509439.191399999894202, 6348714.4989, 0.0 ] ] ] ] } },
{ "type": "Feature", "properties": { "LAYER": "PARCELARIO_BASE_CATASTRO", "MAP_NAME": "1010_2025.dwg", "ccpp1": "1010 1963", "LAYER_2": "PADRONES_2_VISTALBA" }, "geometry": { "type": "MultiPolygon", "coordinates": [ [ [ [ 2509000.987220359034836, 6347039.693284325301647, 0.0 ], [ 2508829.135484397877008, 6347017.967602058313787, 0.0 ], [ 2508822.811980288941413, 6347080.534173862077296, 0.0 ], [ 2508994.511043211910874, 6347098.304853112436831, 0.0 ], [ 2509000.987220359034836, 6347039.693284325301647, 0.0 ] ] ] ] } },
{ "type": "Feature", "properties": { "LAYER": "PARCELARIO_BASE_CATASTRO", "MAP_NAME": "1010_2025.dwg", "ccpp1": "1010 2463", "LAYER_2": "PADRONES_2_VISTALBA" }, "geometry": { "type": "MultiPolygon", "coordinates": [ [ [ [ 2508755.551200000103563, 6347080.568199998699129, 0.0 ], [ 2508759.810086417011917, 6347077.967818009667099, 0.0 ], [ 2508765.435003125108778, 6347009.913885903544724, 0.0 ], [ 2508720.109999999869615, 6347004.183400001376867, 0.0 ], [ 2508717.597766521852463, 6347026.146847783587873, 0.0 ], [ 2508759.116083193104714, 6347029.452210737392306, 0.0 ], [ 2508755.551200000103563, 6347080.568199998699129, 0.0 ] ] ] ] } },
{ "type": "Feature", "properties": { "LAYER": "PARCELARIO_BASE_CATASTRO", "MAP_NAME": "1010_2025.dwg", "ccpp1": "1010 1900", "LAYER_2": "PADRONES_2_VISTALBA" }, "geometry": { "type": "MultiPolygon", "coordinates": [ [ [ [ 2508785.803781141992658, 6347029.891527773812413, 0.0 ], [ 2508783.026607097126544, 6347076.45459608361125, 0.0 ], [ 2508800.954897780902684, 6347078.271937293000519, 0.0 ], [ 2508804.6074, 6347031.012999999336898, 0.0 ], [ 2508785.803781141992658, 6347029.891527773812413, 0.0 ] ] ] ] } },
{ "type": "Feature", "properties": { "LAYER": "PARCELARIO_BASE_CATASTRO", "MAP_NAME": "1010_2025.dwg", "ccpp1": "1010 2267", "LAYER_2": "PADRONES_2_VISTALBA" }, "geometry": { "type": "MultiPolygon", "coordinates": [ [ [ [ 2508755.551200000103563, 6347080.568199998699129, 0.0 ], [ 2508758.1085, 6347043.8997, 0.0 ], [ 2508759.116083193104714, 6347029.452210737392306, 0.0 ], [ 2508717.597766521852463, 6347026.146847783587873, 0.0 ], [ 2508714.7818, 6347051.887600000947714, 0.0 ], [ 2508735.5543, 6347053.680599998682737, 0.0 ], [ 2508733.356798287946731, 6347094.032431446015835, 0.0 ], [ 2508736.203300000168383, 6347092.473899999633431, 0.0 ], [ 2508755.551200000103563, 6347080.568199998699129, 0.0 ] ] ] ] } },
{ "type": "Feature", "properties": { "LAYER": "PARCELARIO_BASE_CATASTRO", "MAP_NAME": "1010_2025.dwg", "ccpp1": "1010 1903", "LAYER_2": "PADRONES_2_VISTALBA" }, "geometry": { "type": "MultiPolygon", "coordinates": [ [ [ [ 2508733.356798287946731, 6347094.032431446015835, 0.0 ], [ 2508735.5543, 6347053.680599998682737, 0.0 ], [ 2508714.7818, 6347051.887600000947714, 0.0 ], [ 2508710.090300001204014, 6347105.9381, 0.0 ], [ 2508733.356798287946731, 6347094.032431446015835, 0.0 ] ] ] ] } },
{ "type": "Feature", "properties": { "LAYER": "PARCELARIO_BASE_CATASTRO", "MAP_NAME": "1010_2025.dwg", "ccpp1": "1010 26", "LAYER_2": "PADRONES_2_VISTALBA" }, "geometry": { "type": "MultiPolygon", "coordinates": [ [ [ [ 2508596.936199999880046, 6345538.268600000999868, 0.0 ], [ 2508565.018000000156462, 6345556.724699999205768, 0.0 ], [ 2508573.1601, 6345571.647999999113381, 0.0 ], [ 2508590.455900000873953, 6345614.02829999756068, 0.0 ], [ 2508585.983099999837577, 6345594.167299999855459, 0.0 ], [ 2508602.0493, 6345579.137999999336898, 0.0 ], [ 2508614.1628, 6345567.806300000287592, 0.0 ], [ 2508596.936199999880046, 6345538.268600000999868, 0.0 ] ] ] ] } },
{ "type": "Feature", "properties": { "LAYER": "PARCELARIO_BASE_CATASTRO", "MAP_NAME": "1010_2025.dwg", "ccpp1": "1010 1969", "LAYER_2": "PADRONES_2_VISTALBA" }, "geometry": { "type": "MultiPolygon", "coordinates": [ [ [ [ 2508596.936199999880046, 6345538.268600000999868, 0.0 ], [ 2508574.950000000186265, 6345500.570000000298023, 0.0 ], [ 2508537.3002, 6345502.98280000127852, 0.0 ], [ 2508514.890000000130385, 6345504.42, 0.0 ], [ 2508526.049999999813735, 6345523.54, 0.0 ], [ 2508538.819999999832362, 6345545.440000001341105, 0.0 ], [ 2508557.23, 6345576.67, 0.0 ], [ 2508569.29950000019744, 6345597.144299999810755, 0.0 ], [ 2508579.229900000151247, 6345613.989799999631941, 0.0 ], [ 2508590.455900000873953, 6345614.02829999756068, 0.0 ], [ 2508573.1601, 6345571.647999999113381, 0.0 ], [ 2508565.018000000156462, 6345556.724699999205768, 0.0 ], [ 2508596.936199999880046, 6345538.268600000999868, 0.0 ] ] ] ] } },
{ "type": "Feature", "properties": { "LAYER": "PARCELARIO_BASE_CATASTRO", "MAP_NAME": "1010_2025.dwg", "ccpp1": "1010 1830", "LAYER_2": "PADRONES_2_VISTALBA" }, "geometry": { "type": "MultiPolygon", "coordinates": [ [ [ [ 2509307.300900000147521, 6349517.120199999772012, 0.0 ], [ 2509339.147100000176579, 6349522.529, 0.0 ], [ 2509345.35190000012517, 6349523.53249999973923, 0.0 ], [ 2509358.064000001177192, 6349490.639600000344217, 0.0 ], [ 2509321.8725, 6349486.9857, 0.0 ], [ 2509307.300900000147521, 6349517.120199999772012, 0.0 ] ] ] ] } },
{ "type": "Feature", "properties": { "LAYER": "PARCELARIO_BASE_CATASTRO", "MAP_NAME": "1010_2025.dwg", "ccpp1": "1010 1957", "LAYER_2": "PADRONES_2_VISTALBA" }, "geometry": { "type": "MultiPolygon", "coordinates": [ [ [ [ 2509863.860100000165403, 6349882.952799999155104, 0.0 ], [ 2509861.9857, 6349846.960300001315773, 0.0 ], [ 2509856.7144, 6349847.228999999351799, 0.0 ], [ 2509827.5323, 6349848.752500000409782, 0.0 ], [ 2509829.405900000128895, 6349884.7303, 0.0 ], [ 2509858.958999999798834, 6349883.205699999816716, 0.0 ], [ 2509863.860100000165403, 6349882.952799999155104, 0.0 ] ] ] ] } },
{ "type": "Feature", "properties": { "LAYER": "PARCELARIO_BASE_CATASTRO", "MAP_NAME": "1010_2025.dwg", "ccpp1": "1010 1959", "LAYER_2": "PADRONES_2_VISTALBA" }, "geometry": { "type": "MultiPolygon", "coordinates": [ [ [ [ 2509889.9479, 6349845.506400001235306, 0.0 ], [ 2509891.822800000198185, 6349881.508600000292063, 0.0 ], [ 2509913.853699999861419, 6349880.369700001552701, 0.0 ], [ 2509911.6173, 6349844.384700000286102, 0.0 ], [ 2509892.405799999833107, 6349845.376299999654293, 0.0 ], [ 2509889.9479, 6349845.506400001235306, 0.0 ] ] ] ] } },
{ "type": "Feature", "properties": { "LAYER": "PARCELARIO_BASE_CATASTRO", "MAP_NAME": "1010_2025.dwg", "ccpp1": "1010 1958", "LAYER_2": "PADRONES_2_VISTALBA" }, "geometry": { "type": "MultiPolygon", "coordinates": [ [ [ [ 2509891.822800000198185, 6349881.508600000292063, 0.0 ], [ 2509889.9479, 6349845.506400001235306, 0.0 ], [ 2509884.159799999091774, 6349845.812699999660254, 0.0 ], [ 2509871.0864, 6349846.496399999596179, 0.0 ], [ 2509861.9857, 6349846.960300001315773, 0.0 ], [ 2509863.860100000165403, 6349882.952799999155104, 0.0 ], [ 2509886.405499999877065, 6349881.788599998690188, 0.0 ], [ 2509891.822800000198185, 6349881.508600000292063, 0.0 ] ] ] ] } },
{ "type": "Feature", "properties": { "LAYER": "PARCELARIO_BASE_CATASTRO", "MAP_NAME": "1010_2025.dwg", "ccpp1": "1010 1975", "LAYER_2": "PADRONES_2_VISTALBA" }, "geometry": { "type": "MultiPolygon", "coordinates": [ [ [ [ 2508686.8152, 6346729.692800001241267, 0.0 ], [ 2508709.899500001221895, 6346732.456799999810755, 0.0 ], [ 2508712.136400000192225, 6346732.724600000306964, 0.0 ], [ 2508799.285699999891222, 6346743.159199999645352, 0.0 ], [ 2508855.706600000150502, 6346749.9145, 0.0 ], [ 2508861.774500001221895, 6346751.138399999588728, 0.0 ], [ 2508867.649799999780953, 6346753.072800001129508, 0.0 ], [ 2508873.250099999830127, 6346755.6902, 0.0 ], [ 2508874.832599999848753, 6346756.67469999846071, 0.0 ], [ 2508878.49599999981001, 6346758.953700000420213, 0.0 ], [ 2508883.313000001013279, 6346762.817000000737607, 0.0 ], [ 2508887.633, 6346767.225199998356402, 0.0 ], [ 2508891.3947, 6346772.116000001318753, 0.0 ], [ 2508894.544700000900775, 6346777.419800000265241, 0.0 ], [ 2508897.037600000854582, 6346783.061599999666214, 0.0 ], [ 2508896.6404, 6346786.250600000843406, 0.0 ], [ 2508893.299199999775738, 6346813.124800000339746, 0.0 ], [ 2508889.9619, 6346839.96750000026077, 0.0 ], [ 2508886.624600000213832, 6346866.810499998740852, 0.0 ], [ 2508883.9087, 6346888.658699999563396, 0.0 ], [ 2508883.75, 6346889.430700001306832, 0.0 ], [ 2508883.471700000111014, 6346890.168700000271201, 0.0 ], [ 2508883.0696, 6346890.858300000429153, 0.0 ], [ 2508882.586800000164658, 6346891.4709, 0.0 ], [ 2508882.002100000157952, 6346892.0027, 0.0 ], [ 2508881.341099999845028, 6346892.436700001358986, 0.0 ], [ 2508880.62040000082925, 6346892.762000000104308, 0.0 ], [ 2508879.857799999881536, 6346892.970800000242889, 0.0 ], [ 2508879.072199999820441, 6346893.057599999010563, 0.0 ], [ 2508878.283100000116974, 6346893.020499999634922, 0.0 ], [ 2508838.5386, 6346887.997899998910725, 0.0 ], [ 2508727.861709273885936, 6346874.206607328727841, 0.0 ], [ 2508720.109999999869615, 6347004.183400001376867, 0.0 ], [ 2509068.563808153849095, 6347048.238766740076244, 0.0 ], [ 2509091.388717554043978, 6347051.048245299607515, 0.0 ], [ 2509116.359767059795558, 6347053.269835499115288, 0.0 ], [ 2509128.754121858160943, 6346886.809115471318364, 0.0 ], [ 2509129.122183469124138, 6346881.824300289154053, 0.0 ], [ 2509087.4002, 6346879.209099998697639, 0.0 ], [ 2509087.535199999809265, 6346878.688999999314547, 0.0 ], [ 2509087.804399999789894, 6346877.404699998907745, 0.0 ], [ 2509087.89740000013262, 6346876.655399999581277, 0.0 ], [ 2509087.9378, 6346875.563699999824166, 0.0 ], [ 2509087.89850000012666, 6346874.591, 0.0 ], [ 2509087.787899999879301, 6346873.72510000038892, 0.0 ], [ 2509087.545700000133365, 6346872.557999999262393, 0.0 ], [ 2509087.357900000177324, 6346871.93159999884665, 0.0 ], [ 2509086.849400000181049, 6346870.616000001318753, 0.0 ], [ 2509086.6579, 6346870.224899998866022, 0.0 ], [ 2509085.7615, 6346868.72719999961555, 0.0 ], [ 2509084.5167, 6346867.228099999018013, 0.0 ], [ 2509089.644100000150502, 6346790.0093, 0.0 ], [ 2509048.343999999109656, 6346785.064399998635054, 0.0 ], [ 2508972.612999999895692, 6346775.998999999836087, 0.0 ], [ 2508967.961199999786913, 6346773.554499998688698, 0.0 ], [ 2508963.613700000103563, 6346770.60149999987334, 0.0 ], [ 2508959.628699999768287, 6346767.178899998776615, 0.0 ], [ 2508956.056599999777973, 6346763.330199998803437, 0.0 ], [ 2508952.942799999844283, 6346759.103999999351799, 0.0 ], [ 2508946.6324, 6346747.1404, 0.0 ], [ 2508922.422300000209361, 6346707.36079999897629, 0.0 ], [ 2508920.813200000207871, 6346705.582700000144541, 0.0 ], [ 2508915.358300000894815, 6346700.3235, 0.0 ], [ 2508909.387200000230223, 6346695.653699999675155, 0.0 ], [ 2508902.9633, 6346691.622899999842048, 0.0 ], [ 2508896.154800000134856, 6346688.273900000378489, 0.0 ], [ 2508889.033900000154972, 6346685.642300000414252, 0.0 ], [ 2508881.676300000865012, 6346683.756, 0.0 ], [ 2508874.160000000149012, 6346682.635099998675287, 0.0 ], [ 2508629.754300000146031, 6346653.371899998746812, 0.0 ], [ 2508613.8196, 6346651.463999999687076, 0.0 ], [ 2508613.578700000885874, 6346653.402599999681115, 0.0 ], [ 2508819.5874, 6346678.111700001172721, 0.0 ], [ 2508842.636099999770522, 6346680.874800000339746, 0.0 ], [ 2508866.7434, 6346683.761199998669326, 0.0 ], [ 2508875.31969999987632, 6346684.788099999539554, 0.0 ], [ 2508881.854799999855459, 6346685.855100000277162, 0.0 ], [ 2508888.261, 6346687.518500000238419, 0.0 ], [ 2508894.4838, 6346689.764000000432134, 0.0 ], [ 2508896.31, 6346690.582000000402331, 0.0 ], [ 2508900.3065, 6346692.4309, 0.0 ], [ 2508905.8651, 6346695.606200000271201, 0.0 ], [ 2508911.1149, 6346699.264700000174344, 0.0 ], [ 2508916.0142, 6346703.377000001259148, 0.0 ], [ 2508920.5238, 6346707.910299999639392, 0.0 ], [ 2508920.487600000109524, 6346708.201500000432134, 0.0 ], [ 2508918.2659, 6346726.07120000012219, 0.0 ], [ 2508911.7478, 6346723.587500000372529, 0.0 ], [ 2508904.997000000905246, 6346721.817000000737607, 0.0 ], [ 2508898.091700000222772, 6346720.7802, 0.0 ], [ 2508891.665300000924617, 6346720.498499998822808, 0.0 ], [ 2508891.1118, 6346720.489, 0.0 ], [ 2508884.13799999980256, 6346720.946899998933077, 0.0 ], [ 2508877.251000000163913, 6346722.1486, 0.0 ], [ 2508870.530600000172853, 6346724.0801, 0.0 ], [ 2508864.0545, 6346726.719200001098216, 0.0 ], [ 2508861.032000000122935, 6346728.293499999679625, 0.0 ], [ 2508857.897599999792874, 6346730.035100000910461, 0.0 ], [ 2508850.9457, 6346729.2028, 0.0 ], [ 2508838.230899999849498, 6346727.6804, 0.0 ], [ 2508814.783800000790507, 6346724.873200001195073, 0.0 ], [ 2508689.2826, 6346709.8465, 0.0 ], [ 2508607.776600000914186, 6346700.087600001133978, 0.0 ], [ 2508541.218299999833107, 6346692.11849999986589, 0.0 ], [ 2508545.276399999856949, 6346643.25719999987632, 0.0 ], [ 2508543.380856181960553, 6346642.920113063417375, 0.0 ], [ 2508537.59103524684906, 6346711.825924851000309, 0.0 ], [ 2508539.5619, 6346712.061899999156594, 0.0 ], [ 2508686.8152, 6346729.692800001241267, 0.0 ] ] ] ] } },
{ "type": "Feature", "properties": { "LAYER": "PARCELARIO_BASE_CATASTRO", "MAP_NAME": "1010_2025.dwg", "ccpp1": "1010 1975", "LAYER_2": "PADRONES_2_VISTALBA" }, "geometry": { "type": "MultiPolygon", "coordinates": [ [ [ [ 2508896.422499957028776, 6346986.286680360324681, 0.0 ], [ 2508872.663899955805391, 6346983.181380360387266, 0.0 ], [ 2508870.639599957037717, 6347006.677080360241234, 0.0 ], [ 2508870.63949995720759, 6347007.315180359408259, 0.0 ], [ 2508870.744999956805259, 6347007.944380359724164, 0.0 ], [ 2508870.953299955930561, 6347008.547580360434949, 0.0 ], [ 2508871.258599956985563, 6347009.107880358584225, 0.0 ], [ 2508871.652399955783039, 6347009.609880358912051, 0.0 ], [ 2508872.123899957165122, 6347010.039780359715223, 0.0 ], [ 2508872.659999956842512, 6347010.385680360719562, 0.0 ], [ 2508873.246099956799299, 6347010.638080360367894, 0.0 ], [ 2508873.865799956955016, 6347010.78988035954535, 0.0 ], [ 2508874.502199958078563, 6347010.837080359458923, 0.0 ], [ 2508875.137499956879765, 6347010.778180360794067, 0.0 ], [ 2508893.814599956851453, 6347013.248280360363424, 0.0 ], [ 2508896.422499957028776, 6346986.286680360324681, 0.0 ] ] ] ] } },
{ "type": "Feature", "properties": { "LAYER": "PARCELARIO_BASE_CATASTRO", "MAP_NAME": "1010_2025.dwg", "ccpp1": "1010 1973", "LAYER_2": "PADRONES_2_VISTALBA" }, "geometry": { "type": "MultiPolygon", "coordinates": [ [ [ [ 2508723.542068623937666, 6346980.619054987095296, 0.0 ], [ 2508722.349022150970995, 6347001.34457993786782, 0.0 ], [ 2508761.874100000131875, 6347006.339800000190735, 0.0 ], [ 2508762.367, 6347001.310700001195073, 0.0 ], [ 2508761.094500000122935, 6346999.749699999578297, 0.0 ], [ 2508760.102900001220405, 6346997.997299998998642, 0.0 ], [ 2508759.420400000177324, 6346996.103199999779463, 0.0 ], [ 2508759.066199999768287, 6346994.120599999092519, 0.0 ], [ 2508759.050200000870973, 6346992.105700000189245, 0.0 ], [ 2508759.373000000137836, 6346990.115299999713898, 0.0 ], [ 2508760.025299999862909, 6346988.205500000156462, 0.0 ], [ 2508760.988900000229478, 6346986.430300001055002, 0.0 ], [ 2508762.236500000115484, 6346984.839800001122057, 0.0 ], [ 2508763.742500000167638, 6346983.35259999986738, 0.0 ], [ 2508743.642284311819822, 6346981.985827492550015, 0.0 ], [ 2508723.542068623937666, 6346980.619054987095296, 0.0 ] ] ] ] } },
{ "type": "Feature", "properties": { "LAYER": "PARCELARIO_BASE_CATASTRO", "MAP_NAME": "1010_2025.dwg", "ccpp1": "1010 1976", "LAYER_2": "PADRONES_2_VISTALBA" }, "geometry": { "type": "MultiPolygon", "coordinates": [ [ [ [ 2509115.138300000224262, 6347022.608400001190603, 0.0 ], [ 2509074.924699999857694, 6347019.656000002287328, 0.0 ], [ 2509073.684400000143796, 6347038.702300002798438, 0.0 ], [ 2509113.837899999227375, 6347041.553900003433228, 0.0 ], [ 2509115.138300000224262, 6347022.608400001190603, 0.0 ] ] ] ] } },
{ "type": "Feature", "properties": { "LAYER": "PARCELARIO_BASE_CATASTRO", "MAP_NAME": "1010_2025.dwg", "ccpp1": "1010 1979", "LAYER_2": "PADRONES_2_VISTALBA" }, "geometry": { "type": "MultiPolygon", "coordinates": [ [ [ [ 2508879.857799999881536, 6346892.970800000242889, 0.0 ], [ 2508880.62040000082925, 6346892.762000000104308, 0.0 ], [ 2508881.341099999845028, 6346892.436700001358986, 0.0 ], [ 2508882.002100000157952, 6346892.0027, 0.0 ], [ 2508882.586800000164658, 6346891.4709, 0.0 ], [ 2508883.0696, 6346890.858300000429153, 0.0 ], [ 2508883.471700000111014, 6346890.168700000271201, 0.0 ], [ 2508883.75, 6346889.430700001306832, 0.0 ], [ 2508883.9087, 6346888.658699999563396, 0.0 ], [ 2508886.624600000213832, 6346866.810499998740852, 0.0 ], [ 2508841.875399999786168, 6346861.1563, 0.0 ], [ 2508838.5386, 6346887.997899998910725, 0.0 ], [ 2508878.283100000116974, 6346893.020499999634922, 0.0 ], [ 2508879.072199999820441, 6346893.057599999010563, 0.0 ], [ 2508879.857799999881536, 6346892.970800000242889, 0.0 ] ] ] ] } },
{ "type": "Feature", "properties": { "LAYER": "RELLENO", "MAP_NAME": "1010_2025.dwg", "ccpp1": "1010 2037", "LAYER_2": "PADRONES_2_VISTALBA" }, "geometry": { "type": "MultiPolygon", "coordinates": [ [ [ [ 2508978.7146, 6346794.4973, 0.0 ], [ 2508976.842800000216812, 6346793.881199999712408, 0.0 ], [ 2508976.5891, 6346793.801300000399351, 0.0 ], [ 2508970.5197, 6346792.264499999582767, 0.0 ], [ 2508964.223199999891222, 6346791.118900000117719, 0.0 ], [ 2508958.8994, 6346790.531499999575317, 0.0 ], [ 2508957.8616, 6346790.415900000371039, 0.0 ], [ 2508956.8248, 6346790.291799999773502, 0.0 ], [ 2508936.920299999881536, 6346787.908599999733269, 0.0 ], [ 2508921.9923, 6346786.1212, 0.0 ], [ 2508921.20630000019446, 6346786.089100000448525, 0.0 ], [ 2508920.4244, 6346786.17989999987185, 0.0 ], [ 2508919.666000000201166, 6346786.3915, 0.0 ], [ 2508918.9496, 6346786.71860000025481, 0.0 ], [ 2508918.293, 6346787.153099999763072, 0.0 ], [ 2508917.7122, 6346787.684399999678135, 0.0 ], [ 2508917.221700000111014, 6346788.2994, 0.0 ], [ 2508916.833500000182539, 6346788.982900000177324, 0.0 ], [ 2508916.557099999859929, 6346789.718100000172853, 0.0 ], [ 2508916.399300000164658, 6346790.487000000663102, 0.0 ], [ 2508912.353500000201166, 6346823.0291, 0.0 ], [ 2508908.303600000217557, 6346855.603199999779463, 0.0 ], [ 2508908.2719, 6346856.470200000330806, 0.0 ], [ 2508908.391100000124425, 6346857.32909999974072, 0.0 ], [ 2508908.657699999865144, 6346858.153900000266731, 0.0 ], [ 2508909.063500000163913, 6346858.919800000265241, 0.0 ], [ 2508909.596400000154972, 6346859.603699999861419, 0.0 ], [ 2508910.240300000179559, 6346860.184999999590218, 0.0 ], [ 2508910.97580000013113, 6346860.646200000308454, 0.0 ], [ 2508911.7807, 6346860.973299999721348, 0.0 ], [ 2508912.6308, 6346861.156600000336766, 0.0 ], [ 2508927.5789, 6346863.043999999761581, 0.0 ], [ 2508947.4676, 6346865.55530000012368, 0.0 ], [ 2508967.35619999980554, 6346868.066499999724329, 0.0 ], [ 2508975.7856, 6346869.130900000222027, 0.0 ], [ 2508976.031099999789149, 6346869.150399999693036, 0.0 ], [ 2508979.299999999813735, 6346869.301199999637902, 0.0 ], [ 2508979.955500000156462, 6346869.283599999733269, 0.0 ], [ 2508982.7996, 6346868.9589, 0.0 ], [ 2508983.848199999891222, 6346868.75829999987036, 0.0 ], [ 2508986.2031, 6346868.079400000162423, 0.0 ], [ 2508987.6124, 6346867.574199999682605, 0.0 ], [ 2508989.100699999835342, 6346866.941700000315905, 0.0 ], [ 2508989.4699, 6346866.774799999780953, 0.0 ], [ 2508994.0365, 6346864.5789, 0.0 ], [ 2508994.5935, 6346864.340900000184774, 0.0 ], [ 2508998.788499999791384, 6346862.825500000268221, 0.0 ], [ 2508999.946899999864399, 6346862.468999999575317, 0.0 ], [ 2509003.685, 6346861.535699999891222, 0.0 ], [ 2509005.470000000204891, 6346861.1903, 0.0 ], [ 2509008.677699999883771, 6346860.697100000455976, 0.0 ], [ 2509011.0949, 6346860.495500000193715, 0.0 ], [ 2509013.254199999850243, 6346860.392699999734759, 0.0 ], [ 2509014.400899999774992, 6346860.372700000181794, 0.0 ], [ 2509016.760300000198185, 6346860.398299999535084, 0.0 ], [ 2509017.838099999818951, 6346860.460199999623001, 0.0 ], [ 2509022.402300000190735, 6346860.9062, 0.0 ], [ 2509028.749299999792129, 6346861.707600000314415, 0.0 ], [ 2509048.6379, 6346864.2188, 0.0 ], [ 2509063.263499999884516, 6346866.065499999560416, 0.0 ], [ 2509064.081199999898672, 6346866.101599999703467, 0.0 ], [ 2509064.894299999810755, 6346866.004599999636412, 0.0 ], [ 2509065.681299999821931, 6346865.777099999599159, 0.0 ], [ 2509066.421200000215322, 6346865.425099999643862, 0.0 ], [ 2509067.094200000166893, 6346864.958100000396371, 0.0 ], [ 2509067.6823, 6346864.388399999588728, 0.0 ], [ 2509068.17, 6346863.7314, 0.0 ], [ 2509068.544300000183284, 6346863.004300000146031, 0.0 ], [ 2509068.795, 6346862.226800000295043, 0.0 ], [ 2509068.915699999779463, 6346861.4194, 0.0 ], [ 2509070.642700000200421, 6346835.451500000432134, 0.0 ], [ 2509072.409899999853224, 6346808.878899999894202, 0.0 ], [ 2509072.3949000001885, 6346808.039599999785423, 0.0 ], [ 2509072.239, 6346807.215200000442564, 0.0 ], [ 2509071.9468, 6346806.428999999538064, 0.0 ], [ 2509071.526500000152737, 6346805.703099999576807, 0.0 ], [ 2509070.9899, 6346805.0581, 0.0 ], [ 2509070.3522, 6346804.5121, 0.0 ], [ 2509069.631399999838322, 6346804.080500000156462, 0.0 ], [ 2509068.847800000105053, 6346803.775500000454485, 0.0 ], [ 2509068.02350000012666, 6346803.6058, 0.0 ], [ 2509056.347500000149012, 6346802.2078, 0.0 ], [ 2509052.818700000178069, 6346801.785299999639392, 0.0 ], [ 2509043.779200000222772, 6346803.5877, 0.0 ], [ 2509035.853800000157207, 6346804.535199999809265, 0.0 ], [ 2509034.625, 6346804.648400000296533, 0.0 ], [ 2509025.417299999855459, 6346804.96030000038445, 0.0 ], [ 2509016.2177, 6346804.5214, 0.0 ], [ 2509015.666199999861419, 6346804.458399999886751, 0.0 ], [ 2509007.663800000213087, 6346803.376899999566376, 0.0 ], [ 2508999.232600000221282, 6346801.549800000153482, 0.0 ], [ 2508995.9479, 6346800.613599999807775, 0.0 ], [ 2508990.9789, 6346799.0521, 0.0 ], [ 2508982.9561, 6346795.900000000372529, 0.0 ], [ 2508978.7146, 6346794.4973, 0.0 ] ] ] ] } },
{ "type": "Feature", "properties": { "LAYER": "PARCELARIO_BASE_CATASTRO", "MAP_NAME": "1010_2025.dwg", "ccpp1": "1010 2037", "LAYER_2": "PADRONES_2_VISTALBA" }, "geometry": { "type": "MultiPolygon", "coordinates": [ [ [ [ 2508952.162099999841303, 6346827.7955, 0.0 ], [ 2508932.25760000012815, 6346825.4123, 0.0 ], [ 2508927.5789, 6346863.043999999761581, 0.0 ], [ 2508947.4676, 6346865.55530000012368, 0.0 ], [ 2508952.162099999841303, 6346827.7955, 0.0 ] ] ] ] } },
{ "type": "Feature", "properties": { "LAYER": "PARCELARIO_BASE_CATASTRO", "MAP_NAME": "1010_2025.dwg", "ccpp1": "1010 1953", "LAYER_2": "PADRONES_2_VISTALBA" }, "geometry": { "type": "MultiPolygon", "coordinates": [ [ [ [ 2508537.59103524684906, 6346711.825924851000309, 0.0 ], [ 2508528.894088367931545, 6346815.400974640622735, 0.0 ], [ 2508619.044600000139326, 6346826.3722, 0.0 ], [ 2508616.395200000144541, 6346848.141599998809397, 0.0 ], [ 2508779.174199999775738, 6346867.952000001445413, 0.0 ], [ 2508793.112300000153482, 6346742.56319999974221, 0.0 ], [ 2508613.18855, 6346720.877350000664592, 0.0 ], [ 2508583.188552528154105, 6346717.285396846011281, 0.0 ], [ 2508537.59103524684906, 6346711.825924851000309, 0.0 ] ] ] ] } },
{ "type": "Feature", "properties": { "LAYER": "PARCELARIO_BASE_CATASTRO", "MAP_NAME": "1010_2025.dwg", "ccpp1": "1010 1740", "LAYER_2": "PADRONES_2_VISTALBA" }, "geometry": { "type": "MultiPolygon", "coordinates": [ [ [ [ 2508650.230200000107288, 6348586.419700001366436, 0.0 ], [ 2508643.1938, 6348582.3975, 0.0 ], [ 2508627.702099999878556, 6348634.649299999698997, 0.0 ], [ 2508634.7327, 6348638.691200000233948, 0.0 ], [ 2508637.299700000789016, 6348640.1716, 0.0 ], [ 2508646.945000001229346, 6348645.31290000025183, 0.0 ], [ 2508662.221100000198931, 6348592.869099999777973, 0.0 ], [ 2508650.230200000107288, 6348586.419700001366436, 0.0 ] ] ] ] } },
{ "type": "Feature", "properties": { "LAYER": "PARCELARIO_BASE_CATASTRO", "MAP_NAME": "1010_2025.dwg", "ccpp1": "1010 1739", "LAYER_2": "PADRONES_2_VISTALBA" }, "geometry": { "type": "MultiPolygon", "coordinates": [ [ [ [ 2508667.845799999777228, 6348595.894299999810755, 0.0 ], [ 2508662.221100000198931, 6348592.869099999777973, 0.0 ], [ 2508654.52779999980703, 6348619.280600001104176, 0.0 ], [ 2508660.222500000149012, 6348622.219399999827147, 0.0 ], [ 2508708.0055, 6348646.877899998798966, 0.0 ], [ 2508714.963700001128018, 6348620.8257, 0.0 ], [ 2508667.845799999777228, 6348595.894299999810755, 0.0 ] ] ] ] } },
{ "type": "Feature", "properties": { "LAYER": "PARCELARIO_BASE_CATASTRO", "MAP_NAME": "1010_2025.dwg", "ccpp1": "1010 1936", "LAYER_2": "PADRONES_2_VISTALBA" }, "geometry": { "type": "MultiPolygon", "coordinates": [ [ [ [ 2509549.4219, 6349682.526899999007583, 0.0 ], [ 2509494.894400000106543, 6349694.390299999155104, 0.0 ], [ 2509502.9808, 6349708.3585, 0.0 ], [ 2509552.614500000141561, 6349697.490099999122322, 0.0 ], [ 2509550.825000000186265, 6349689.551799999549985, 0.0 ], [ 2509549.4219, 6349682.526899999007583, 0.0 ] ] ] ] } },
{ "type": "Feature", "properties": { "LAYER": "PARCELARIO_BASE_CATASTRO", "MAP_NAME": "1010_2025.dwg", "ccpp1": "1010 1993", "LAYER_2": "PADRONES_2_VISTALBA" }, "geometry": { "type": "MultiPolygon", "coordinates": [ [ [ [ 2508979.420899999793619, 6348566.4918, 0.0 ], [ 2508974.49349999986589, 6348564.0483, 0.0 ], [ 2508961.601600000169128, 6348566.198900000192225, 0.0 ], [ 2508955.2292, 6348564.727699999697506, 0.0 ], [ 2508950.602, 6348581.236399999819696, 0.0 ], [ 2508973.4899, 6348587.651800000108778, 0.0 ], [ 2508979.420899999793619, 6348566.4918, 0.0 ] ] ] ] } },
{ "type": "Feature", "properties": { "LAYER": "PARCELARIO_BASE_CATASTRO", "MAP_NAME": "1010_2025.dwg", "ccpp1": "1010 371", "LAYER_2": "PADRONES_2_VISTALBA" }, "geometry": { "type": "MultiPolygon", "coordinates": [ [ [ [ 2508908.0343, 6345407.50239999871701, 0.0 ], [ 2508902.180000000167638, 6345397.525000000372529, 0.0 ], [ 2508864.660000000149012, 6345333.58, 0.0 ], [ 2508858.29, 6345322.620000001043081, 0.0 ], [ 2508795.322499999776483, 6345214.274399998597801, 0.0 ], [ 2508767.534099999815226, 6345215.577000001445413, 0.0 ], [ 2508783.950000001117587, 6345243.860000000335276, 0.0 ], [ 2508792.549999999813735, 6345258.929999998770654, 0.0 ], [ 2508806.299999999813735, 6345282.78999999910593, 0.0 ], [ 2508818.299999999813735, 6345303.580000001005828, 0.0 ], [ 2508836.04, 6345334.339999999850988, 0.0 ], [ 2508837.299999999813735, 6345336.469999998807907, 0.0 ], [ 2508886.977, 6345420.504999999888241, 0.0 ], [ 2508908.0343, 6345407.50239999871701, 0.0 ] ] ] ] } },
{ "type": "Feature", "properties": { "LAYER": "PARCELARIO_BASE_CATASTRO", "MAP_NAME": "1010_2025.dwg", "ccpp1": "1010 2244", "LAYER_2": "PADRONES_2_VISTALBA" }, "geometry": { "type": "MultiPolygon", "coordinates": [ [ [ [ 2509644.44238052284345, 6349572.981409595347941, 0.0 ], [ 2509592.3857, 6349579.978299998678267, 0.0 ], [ 2509580.4981, 6349594.218500001356006, 0.0 ], [ 2509547.1639, 6349596.020700000226498, 0.0 ], [ 2509548.154399999883026, 6349603.273900001309812, 0.0 ], [ 2509649.469200000166893, 6349597.7966, 0.0 ], [ 2509644.44238052284345, 6349572.981409595347941, 0.0 ] ] ] ] } },
{ "type": "Feature", "properties": { "LAYER": "PARCELARIO_BASE_CATASTRO", "MAP_NAME": "1010_2025.dwg", "ccpp1": "1010 2061", "LAYER_2": "PADRONES_2_VISTALBA" }, "geometry": { "type": "MultiPolygon", "coordinates": [ [ [ [ 2508613.578700000885874, 6346653.402599999681115, 0.0 ], [ 2508613.8196, 6346651.463999999687076, 0.0 ], [ 2508545.276399999856949, 6346643.25719999987632, 0.0 ], [ 2508541.218299999833107, 6346692.11849999986589, 0.0 ], [ 2508607.776600000914186, 6346700.087600001133978, 0.0 ], [ 2508613.578700000885874, 6346653.402599999681115, 0.0 ] ] ] ] } },
{ "type": "Feature", "properties": { "LAYER": "PARCELARIO_BASE_CATASTRO", "MAP_NAME": "1010_2025.dwg", "ccpp1": "1010 1981", "LAYER_2": "PADRONES_2_VISTALBA" }, "geometry": { "type": "MultiPolygon", "coordinates": [ [ [ [ 2509132.3915, 6346837.327399999834597, 0.0 ], [ 2509134.91898445179686, 6346795.34700124245137, 0.0 ], [ 2509089.644100000150502, 6346790.0093, 0.0 ], [ 2509084.5167, 6346867.228099999018013, 0.0 ], [ 2509085.7615, 6346868.72719999961555, 0.0 ], [ 2509086.6579, 6346870.224899998866022, 0.0 ], [ 2509086.849400000181049, 6346870.616000001318753, 0.0 ], [ 2509087.357900000177324, 6346871.93159999884665, 0.0 ], [ 2509087.545700000133365, 6346872.557999999262393, 0.0 ], [ 2509087.787899999879301, 6346873.72510000038892, 0.0 ], [ 2509087.89850000012666, 6346874.591, 0.0 ], [ 2509087.9378, 6346875.563699999824166, 0.0 ], [ 2509087.89740000013262, 6346876.655399999581277, 0.0 ], [ 2509087.804399999789894, 6346877.404699998907745, 0.0 ], [ 2509087.535199999809265, 6346878.688999999314547, 0.0 ], [ 2509087.4002, 6346879.209099998697639, 0.0 ], [ 2509129.122183469124138, 6346881.824300289154053, 0.0 ], [ 2509132.3915, 6346837.327399999834597, 0.0 ] ] ] ] } },
{ "type": "Feature", "properties": { "LAYER": "PARCELARIO_BASE_CATASTRO", "MAP_NAME": "1010_2025.dwg", "ccpp1": "1010 1782", "LAYER_2": "PADRONES_2_VISTALBA" }, "geometry": { "type": "MultiPolygon", "coordinates": [ [ [ [ 2508486.13090000115335, 6345506.27379999961704, 0.0 ], [ 2508514.890000000130385, 6345504.42, 0.0 ], [ 2508537.3002, 6345502.98280000127852, 0.0 ], [ 2508535.8004, 6345481.099999998696148, 0.0 ], [ 2508523.839999999850988, 6345481.96, 0.0 ], [ 2508523.42, 6345475.969999998807907, 0.0 ], [ 2508484.369900001212955, 6345478.75829999987036, 0.0 ], [ 2508486.13090000115335, 6345506.27379999961704, 0.0 ] ] ] ] } },
{ "type": "Feature", "properties": { "LAYER": "PARCELARIO_BASE_CATASTRO", "MAP_NAME": "1010_2025.dwg", "ccpp1": "1010 1481", "LAYER_2": "PADRONES_2_VISTALBA" }, "geometry": { "type": "MultiPolygon", "coordinates": [ [ [ [ 2509331.545394715853035, 6348879.020945002324879, 0.0 ], [ 2509319.551896948833019, 6348878.639874727465212, 0.0 ], [ 2509318.852057918906212, 6348900.98684963863343, 0.0 ], [ 2509371.792559237219393, 6348902.922873872332275, 0.0 ], [ 2509372.524393803905696, 6348880.322973718866706, 0.0 ], [ 2509331.545394715853035, 6348879.020945002324879, 0.0 ] ] ] ] } },
{ "type": "Feature", "properties": { "LAYER": "PARCELARIO_BASE_CATASTRO", "MAP_NAME": "1010_2025.dwg", "ccpp1": "1010 1728", "LAYER_2": "PADRONES_2_VISTALBA" }, "geometry": { "type": "MultiPolygon", "coordinates": [ [ [ [ 2509270.463375561870635, 6348852.571734417229891, 0.0 ], [ 2509308.336399182211608, 6348853.774804452434182, 0.0 ], [ 2509312.334399181883782, 6348853.901804452762008, 0.0 ], [ 2509313.049067472107708, 6348831.413086692802608, 0.0 ], [ 2509271.17772814584896, 6348830.08369005471468, 0.0 ], [ 2509270.920601679943502, 6348838.178112187422812, 0.0 ], [ 2509270.463375561870635, 6348852.571734417229891, 0.0 ] ] ] ] } },
{ "type": "Feature", "properties": { "LAYER": "PARCELARIO_BASE_CATASTRO", "MAP_NAME": "1010_2025.dwg", "ccpp1": "1010 1743", "LAYER_2": "PADRONES_2_VISTALBA" }, "geometry": { "type": "MultiPolygon", "coordinates": [ [ [ [ 2509271.17772814584896, 6348830.08369005471468, 0.0 ], [ 2509313.049067472107708, 6348831.413086692802608, 0.0 ], [ 2509313.763744048774242, 6348808.924108172766864, 0.0 ], [ 2509271.892110703047365, 6348807.594702200032771, 0.0 ], [ 2509271.892110702116042, 6348807.594702200032771, 0.0 ], [ 2509271.482574345078319, 6348820.487035712227225, 0.0 ], [ 2509271.17772814584896, 6348830.08369005471468, 0.0 ] ] ] ] } },
{ "type": "Feature", "properties": { "LAYER": "PARCELARIO_BASE_CATASTRO", "MAP_NAME": "1010_2025.dwg", "ccpp1": "1010 2454", "LAYER_2": "PADRONES_2_VISTALBA" }, "geometry": { "type": "MultiPolygon", "coordinates": [ [ [ [ 2509307.690412399824709, 6348874.104290775954723, 0.0 ], [ 2509269.817591275088489, 6348872.901227172464132, 0.0 ], [ 2509269.596632183063775, 6348879.857088969089091, 0.0 ], [ 2509254.873927664943039, 6348879.39354644715786, 0.0 ], [ 2509254.213230894878507, 6348898.623019822873175, 0.0 ], [ 2509268.983357770834118, 6348899.163160598836839, 0.0 ], [ 2509318.852057918906212, 6348900.98684963863343, 0.0 ], [ 2509319.552346596028656, 6348878.639889013953507, 0.0 ], [ 2509307.558399181813002, 6348878.258804452605546, 0.0 ], [ 2509307.690412399824709, 6348874.104290775954723, 0.0 ] ] ] ] } },
{ "type": "Feature", "properties": { "LAYER": "PARCELARIO_BASE_CATASTRO", "MAP_NAME": "1010_2025.dwg", "ccpp1": "1010 1744", "LAYER_2": "PADRONES_2_VISTALBA" }, "geometry": { "type": "MultiPolygon", "coordinates": [ [ [ [ 2509271.892110702116042, 6348807.594702200032771, 0.0 ], [ 2509271.892110703047365, 6348807.594702200032771, 0.0 ], [ 2509313.763744048774242, 6348808.924108172766864, 0.0 ], [ 2509314.301400000229478, 6348790.673399998806417, 0.0 ], [ 2509314.478399182204157, 6348786.435804452747107, 0.0 ], [ 2509272.606469735037535, 6348785.106454844586551, 0.0 ], [ 2509272.044547008816153, 6348802.795959238894284, 0.0 ], [ 2509271.892110702116042, 6348807.594702200032771, 0.0 ] ] ] ] } },
{ "type": "Feature", "properties": { "LAYER": "PARCELARIO_BASE_CATASTRO", "MAP_NAME": "1010_2025.dwg", "ccpp1": "1010 2001", "LAYER_2": "PADRONES_2_VISTALBA" }, "geometry": { "type": "MultiPolygon", "coordinates": [ [ [ [ 2509045.6494, 6347610.814299999736249, 0.0 ], [ 2509038.7067, 6347609.924599999561906, 0.0 ], [ 2509032.6255, 6347655.529299998655915, 0.0 ], [ 2509032.3703, 6347657.44300000090152, 0.0 ], [ 2509050.9156, 6347659.988800001330674, 0.0 ], [ 2509054.190600000787526, 6347660.438400001265109, 0.0 ], [ 2509054.470200000796467, 6347658.333100000396371, 0.0 ], [ 2509059.867999999783933, 6347617.692599999718368, 0.0 ], [ 2509051.95630000019446, 6347616.731399999000132, 0.0 ], [ 2509045.6494, 6347610.814299999736249, 0.0 ] ] ] ] } },
{ "type": "Feature", "properties": { "LAYER": "PARCELARIO_BASE_CATASTRO", "MAP_NAME": "1010_2025.dwg", "ccpp1": "1010 1995", "LAYER_2": "PADRONES_2_VISTALBA" }, "geometry": { "type": "MultiPolygon", "coordinates": [ [ [ [ 2509758.5378, 6348770.1343, 0.0 ], [ 2509757.590600000228733, 6348803.1119, 0.0 ], [ 2509782.250700000207871, 6348803.819000001065433, 0.0 ], [ 2509783.197411596775055, 6348770.858820628374815, 0.0 ], [ 2509764.145500000100583, 6348770.295400001108646, 0.0 ], [ 2509758.5378, 6348770.1343, 0.0 ] ] ] ] } },
{ "type": "Feature", "properties": { "LAYER": "PARCELARIO_BASE_CATASTRO", "MAP_NAME": "1010_2025.dwg", "ccpp1": "1010 2149", "LAYER_2": "PADRONES_2_VISTALBA" }, "geometry": { "type": "MultiPolygon", "coordinates": [ [ [ [ 2509867.855000331997871, 6348773.078668766655028, 0.0 ], [ 2509868.015400331933051, 6348806.278268768452108, 0.0 ], [ 2509886.707800331991166, 6348806.814168768934906, 0.0 ], [ 2509886.547400332987309, 6348773.614668766967952, 0.0 ], [ 2509867.855000331997871, 6348773.078668766655028, 0.0 ] ] ] ] } },
{ "type": "Feature", "properties": { "LAYER": "PARCELARIO_BASE_CATASTRO", "MAP_NAME": "1010_2025.dwg", "ccpp1": "1010 1997", "LAYER_2": "PADRONES_2_VISTALBA" }, "geometry": { "type": "MultiPolygon", "coordinates": [ [ [ [ 2509963.222699999809265, 6348702.241499998606741, 0.0 ], [ 2509875.579799822065979, 6348699.095308589749038, 0.0 ], [ 2509873.593212549109012, 6348727.742571075446904, 0.0 ], [ 2509854.536675196141005, 6348727.497561176307499, 0.0 ], [ 2509851.604389369953424, 6348772.612672012299299, 0.0 ], [ 2509886.5474, 6348773.614599999040365, 0.0 ], [ 2509886.7078, 6348806.814100001007318, 0.0 ], [ 2509907.4896, 6348807.410000000149012, 0.0 ], [ 2509912.087100000120699, 6348807.574699999764562, 0.0 ], [ 2509918.313500000163913, 6348807.877500000409782, 0.0 ], [ 2509926.654200000222772, 6348808.28309999871999, 0.0 ], [ 2509935.951299999840558, 6348783.6705, 0.0 ], [ 2509963.222699999809265, 6348702.241499998606741, 0.0 ] ] ] ] } },
{ "type": "Feature", "properties": { "LAYER": "PARCELARIO_BASE_CATASTRO", "MAP_NAME": "1010_2025.dwg", "ccpp1": "1010 1999", "LAYER_2": "PADRONES_2_VISTALBA" }, "geometry": { "type": "MultiPolygon", "coordinates": [ [ [ [ 2509577.250899999868125, 6348599.876899999566376, 0.0 ], [ 2509573.9021, 6348716.4775, 0.0 ], [ 2509722.793, 6348722.177400000393391, 0.0 ], [ 2509725.5587, 6348676.531100001186132, 0.0 ], [ 2509725.9748, 6348669.66370000038296, 0.0 ], [ 2509693.656400000210851, 6348667.2292, 0.0 ], [ 2509693.9583, 6348659.334999999031425, 0.0 ], [ 2509690.8207, 6348604.187999999150634, 0.0 ], [ 2509690.166600000113249, 6348604.163200000301003, 0.0 ], [ 2509577.250899999868125, 6348599.876899999566376, 0.0 ] ] ] ] } },
{ "type": "Feature", "properties": { "LAYER": "PARCELARIO_BASE_CATASTRO", "MAP_NAME": "1010_2025.dwg", "ccpp1": "1010 1998", "LAYER_2": "PADRONES_2_VISTALBA" }, "geometry": { "type": "MultiPolygon", "coordinates": [ [ [ [ 2509690.8207, 6348604.187999999150634, 0.0 ], [ 2509693.9583, 6348659.334999999031425, 0.0 ], [ 2509693.656400000210851, 6348667.2292, 0.0 ], [ 2509725.9748, 6348669.66370000038296, 0.0 ], [ 2509725.5587, 6348676.531100001186132, 0.0 ], [ 2509756.3462, 6348677.708800001069903, 0.0 ], [ 2509760.62040000082925, 6348606.837500000372529, 0.0 ], [ 2509751.00400000018999, 6348606.472500001080334, 0.0 ], [ 2509749.973499999847263, 6348606.433400000445545, 0.0 ], [ 2509700.159399999771267, 6348604.542500001378357, 0.0 ], [ 2509690.8207, 6348604.187999999150634, 0.0 ] ] ] ] } },
{ "type": "Feature", "properties": { "LAYER": "PARCELARIO_BASE_CATASTRO", "MAP_NAME": "1010_2025.dwg", "ccpp1": "1010 1994", "LAYER_2": "PADRONES_2_VISTALBA" }, "geometry": { "type": "MultiPolygon", "coordinates": [ [ [ [ 2509604.5535, 6348798.7242, 0.0 ], [ 2509757.590600000228733, 6348803.1119, 0.0 ], [ 2509758.5378, 6348770.1343, 0.0 ], [ 2509605.500900000799447, 6348765.739, 0.0 ], [ 2509604.5535, 6348798.7242, 0.0 ] ] ] ] } },
{ "type": "Feature", "properties": { "LAYER": "PARCELARIO_BASE_CATASTRO", "MAP_NAME": "1010_2025.dwg", "ccpp1": "1010 1994", "LAYER_2": "PADRONES_2_VISTALBA" }, "geometry": { "type": "MultiPolygon", "coordinates": [ [ [ [ 2509621.7442, 6348766.20549999922514, 0.0 ], [ 2509605.500900002196431, 6348765.739, 0.0 ], [ 2509604.553500000853091, 6348798.724199999123812, 0.0 ], [ 2509620.796800000127405, 6348799.189799998886883, 0.0 ], [ 2509621.7442, 6348766.20549999922514, 0.0 ] ] ] ] } },
{ "type": "Feature", "properties": { "LAYER": "PARCELARIO_BASE_CATASTRO", "MAP_NAME": "1010_2025.dwg", "ccpp1": "1010 2002", "LAYER_2": "PADRONES_2_VISTALBA" }, "geometry": { "type": "MultiPolygon", "coordinates": [ [ [ [ 2509636.937900001183152, 6348766.641899997368455, 0.0 ], [ 2509621.7442, 6348766.20549999922514, 0.0 ], [ 2509620.796800000127405, 6348799.189799998886883, 0.0 ], [ 2509635.990599999204278, 6348799.62540000025183, 0.0 ], [ 2509636.937900001183152, 6348766.641899997368455, 0.0 ] ] ] ] } },
{ "type": "Feature", "properties": { "LAYER": "PARCELARIO_BASE_CATASTRO", "MAP_NAME": "1010_2025.dwg", "ccpp1": "1010 2003", "LAYER_2": "PADRONES_2_VISTALBA" }, "geometry": { "type": "MultiPolygon", "coordinates": [ [ [ [ 2509652.1316, 6348767.078300000168383, 0.0 ], [ 2509636.937900001183152, 6348766.641899997368455, 0.0 ], [ 2509635.990599999204278, 6348799.62540000025183, 0.0 ], [ 2509651.184399999212474, 6348800.060999999754131, 0.0 ], [ 2509652.1316, 6348767.078300000168383, 0.0 ] ] ] ] } },
{ "type": "Feature", "properties": { "LAYER": "PARCELARIO_BASE_CATASTRO", "MAP_NAME": "1010_2025.dwg", "ccpp1": "1010 2004", "LAYER_2": "PADRONES_2_VISTALBA" }, "geometry": { "type": "MultiPolygon", "coordinates": [ [ [ [ 2509667.325300000142306, 6348767.514700001105666, 0.0 ], [ 2509652.1316, 6348767.078300000168383, 0.0 ], [ 2509651.184399999212474, 6348800.060999999754131, 0.0 ], [ 2509666.378199999220669, 6348800.496599998325109, 0.0 ], [ 2509667.325300000142306, 6348767.514700001105666, 0.0 ] ] ] ] } },
{ "type": "Feature", "properties": { "LAYER": "PARCELARIO_BASE_CATASTRO", "MAP_NAME": "1010_2025.dwg", "ccpp1": "1010 2005", "LAYER_2": "PADRONES_2_VISTALBA" }, "geometry": { "type": "MultiPolygon", "coordinates": [ [ [ [ 2509682.518999999854714, 6348767.95099999755621, 0.0 ], [ 2509667.325300000142306, 6348767.514700001105666, 0.0 ], [ 2509666.378199999220669, 6348800.496599998325109, 0.0 ], [ 2509681.572000000160187, 6348800.932199997827411, 0.0 ], [ 2509682.518999999854714, 6348767.95099999755621, 0.0 ] ] ] ] } },
{ "type": "Feature", "properties": { "LAYER": "PARCELARIO_BASE_CATASTRO", "MAP_NAME": "1010_2025.dwg", "ccpp1": "1010 2006", "LAYER_2": "PADRONES_2_VISTALBA" }, "geometry": { "type": "MultiPolygon", "coordinates": [ [ [ [ 2509697.71269999910146, 6348768.387399999424815, 0.0 ], [ 2509682.518999999854714, 6348767.95099999755621, 0.0 ], [ 2509681.572000000160187, 6348800.932199997827411, 0.0 ], [ 2509696.765799998771399, 6348801.367899999022484, 0.0 ], [ 2509697.71269999910146, 6348768.387399999424815, 0.0 ] ] ] ] } },
{ "type": "Feature", "properties": { "LAYER": "PARCELARIO_BASE_CATASTRO", "MAP_NAME": "1010_2025.dwg", "ccpp1": "1010 2008", "LAYER_2": "PADRONES_2_VISTALBA" }, "geometry": { "type": "MultiPolygon", "coordinates": [ [ [ [ 2509728.000199999194592, 6348769.257299997843802, 0.0 ], [ 2509712.906399998813868, 6348768.82379999756813, 0.0 ], [ 2509711.959600000176579, 6348801.803500001318753, 0.0 ], [ 2509727.05339999916032, 6348802.236299999058247, 0.0 ], [ 2509728.000199999194592, 6348769.257299997843802, 0.0 ] ] ] ] } },
{ "type": "Feature", "properties": { "LAYER": "PARCELARIO_BASE_CATASTRO", "MAP_NAME": "1010_2025.dwg", "ccpp1": "1010 2009", "LAYER_2": "PADRONES_2_VISTALBA" }, "geometry": { "type": "MultiPolygon", "coordinates": [ [ [ [ 2509743.243899999186397, 6348769.695099997334182, 0.0 ], [ 2509728.000199999194592, 6348769.257299997843802, 0.0 ], [ 2509727.05339999916032, 6348802.236299999058247, 0.0 ], [ 2509742.2971, 6348802.67339999973774, 0.0 ], [ 2509743.243899999186397, 6348769.695099997334182, 0.0 ] ] ] ] } },
{ "type": "Feature", "properties": { "LAYER": "PARCELARIO_BASE_CATASTRO", "MAP_NAME": "1010_2025.dwg", "ccpp1": "1010 2010", "LAYER_2": "PADRONES_2_VISTALBA" }, "geometry": { "type": "MultiPolygon", "coordinates": [ [ [ [ 2509743.243899999186397, 6348769.695099997334182, 0.0 ], [ 2509742.2971, 6348802.67339999973774, 0.0 ], [ 2509757.590599998831749, 6348803.111900000832975, 0.0 ], [ 2509758.5378, 6348770.1343, 0.0 ], [ 2509743.243899999186397, 6348769.695099997334182, 0.0 ] ] ] ] } },
{ "type": "Feature", "properties": { "LAYER": "PARCELARIO_BASE_CATASTRO", "MAP_NAME": "1010_2025.dwg", "ccpp1": "1010 1603", "LAYER_2": "PADRONES_2_VISTALBA" }, "geometry": { "type": "MultiPolygon", "coordinates": [ [ [ [ 2510095.1354, 6347584.645600001327693, 0.0 ], [ 2510096.5556, 6347564.526100001297891, 0.0 ], [ 2510097.733799999114126, 6347550.737000000663102, 0.0 ], [ 2510099.156400000210851, 6347534.087600000202656, 0.0 ], [ 2510099.903199999127537, 6347525.347699999809265, 0.0 ], [ 2510100.011, 6347524.08669999986887, 0.0 ], [ 2510100.503899999894202, 6347518.317599998787045, 0.0 ], [ 2510100.8542, 6347514.218100000172853, 0.0 ], [ 2510101.96419999981299, 6347501.228199999779463, 0.0 ], [ 2510103.4663, 6347483.648199998773634, 0.0 ], [ 2510103.181100000161678, 6347481.082100000232458, 0.0 ], [ 2509945.114200000185519, 6347471.175699998624623, 0.0 ], [ 2509839.1546, 6347467.041899998672307, 0.0 ], [ 2509820.9951, 6347466.333399998955429, 0.0 ], [ 2509811.424999999813735, 6347465.960099999792874, 0.0 ], [ 2509810.8648, 6347465.93819999974221, 0.0 ], [ 2509792.035999999847263, 6347461.2248, 0.0 ], [ 2509792.075300000142306, 6347463.729399999603629, 0.0 ], [ 2509776.9202, 6347553.223500000312924, 0.0 ], [ 2509764.475688972044736, 6347553.815013314597309, 0.0 ], [ 2509631.014899999834597, 6347560.158699998632073, 0.0 ], [ 2509651.703799999784678, 6346898.103900000452995, 0.0 ], [ 2509735.593556954991072, 6346906.201934757642448, 0.0 ], [ 2509735.905900000128895, 6346896.206799998879433, 0.0 ], [ 2509497.6776, 6346873.339900000952184, 0.0 ], [ 2509177.4929, 6346841.773799998685718, 0.0 ], [ 2509186.777300000190735, 6346852.4386, 0.0 ], [ 2509180.4249, 6346916.735600000247359, 0.0 ], [ 2509127.355700000189245, 6346911.812599999830127, 0.0 ], [ 2509126.910999999847263, 6346911.771300000138581, 0.0 ], [ 2509121.753399999812245, 6346981.6233, 0.0 ], [ 2509116.35149999987334, 6347053.269100000150502, 0.0 ], [ 2509114.647800000850111, 6347079.232800000347197, 0.0 ], [ 2509154.125200000125915, 6347085.676999999210238, 0.0 ], [ 2509149.749299999792129, 6347115.356200000271201, 0.0 ], [ 2509112.5619, 6347111.019600000232458, 0.0 ], [ 2509112.444999999832362, 6347112.800499999895692, 0.0 ], [ 2509112.036100000143051, 6347119.032200001180172, 0.0 ], [ 2509110.453600000124425, 6347141.037899999879301, 0.0 ], [ 2509106.5472, 6347187.1996, 0.0 ], [ 2509104.8767, 6347214.751199999824166, 0.0 ], [ 2509086.286900000181049, 6347554.933600000105798, 0.0 ], [ 2509083.508000000845641, 6347590.770200000144541, 0.0 ], [ 2509083.409099999815226, 6347592.346599999815226, 0.0 ], [ 2509083.3632, 6347593.162899998947978, 0.0 ], [ 2509082.7475, 6347603.951299998909235, 0.0 ], [ 2509081.8111, 6347620.35840000025928, 0.0 ], [ 2509079.317100000102073, 6347663.8876, 0.0 ], [ 2509072.260599999222904, 6347787.048100000247359, 0.0 ], [ 2509068.3194, 6347848.278, 0.0 ], [ 2509063.880599999800324, 6347917.238099998794496, 0.0 ], [ 2509063.6848, 6347919.409099999815226, 0.0 ], [ 2509053.033600000198931, 6348096.969399999827147, 0.0 ], [ 2509071.096299999859184, 6348098.262500000186265, 0.0 ], [ 2509105.453600000124425, 6347614.181800000369549, 0.0 ], [ 2509770.354900000151247, 6347582.576399999670684, 0.0 ], [ 2509606.215400000102818, 6348077.015800001099706, 0.0 ], [ 2509603.2933, 6348131.347299998626113, 0.0 ], [ 2510038.902340997941792, 6348145.816535002551973, 0.0 ], [ 2510044.9534, 6348053.158900000154972, 0.0 ], [ 2510054.5175, 6348050.238599998876452, 0.0 ], [ 2510062.468500000890344, 6347978.5274, 0.0 ], [ 2510062.706499999854714, 6347975.795699999667704, 0.0 ], [ 2510063.142099999822676, 6347970.795699999667704, 0.0 ], [ 2510063.5219, 6347966.4359, 0.0 ], [ 2510065.062100000213832, 6347946.44639999885112, 0.0 ], [ 2510068.529800000134856, 6347904.72719999961555, 0.0 ], [ 2510069.192300000227988, 6347896.75760000012815, 0.0 ], [ 2510072.672500000800937, 6347854.8892, 0.0 ], [ 2510072.912700000219047, 6347851.99959999974817, 0.0 ], [ 2510073.009999999776483, 6347850.828599999658763, 0.0 ], [ 2510074.393000000156462, 6347834.1892, 0.0 ], [ 2510074.8958, 6347828.141099998727441, 0.0 ], [ 2510074.9816, 6347827.107999999076128, 0.0 ], [ 2510075.371300000231713, 6347822.420399998314679, 0.0 ], [ 2510075.786900000181049, 6347817.420400000177324, 0.0 ], [ 2510076.683800000231713, 6347806.629999999888241, 0.0 ], [ 2510076.7939, 6347805.305599998682737, 0.0 ], [ 2510077.155900000128895, 6347800.950500001199543, 0.0 ], [ 2510078.547300000209361, 6347784.211199998855591, 0.0 ], [ 2510079.0028, 6347778.730600000359118, 0.0 ], [ 2510079.922900000121444, 6347767.660899999551475, 0.0 ], [ 2510081.2944, 6347751.161500000394881, 0.0 ], [ 2510082.676599999889731, 6347734.532300001010299, 0.0 ], [ 2510083.099700000137091, 6347729.442099999636412, 0.0 ], [ 2510083.5153, 6347724.442099999636412, 0.0 ], [ 2510083.878700001165271, 6347720.070899999700487, 0.0 ], [ 2510084.062300000805408, 6347717.861999998800457, 0.0 ], [ 2510085.447000000160187, 6347701.203099999576807, 0.0 ], [ 2510085.831900000106543, 6347696.572499999776483, 0.0 ], [ 2510086.8235, 6347684.64299999922514, 0.0 ], [ 2510088.2407, 6347667.5932, 0.0 ], [ 2510089.594700001180172, 6347651.303899999707937, 0.0 ], [ 2510090.9745, 6347634.704300000332296, 0.0 ], [ 2510091.442499999888241, 6347629.074199999682605, 0.0 ], [ 2510092.335099999792874, 6347618.334699998609722, 0.0 ], [ 2510092.87790000019595, 6347611.805100000463426, 0.0 ], [ 2510093.261900001205504, 6347607.185300000943244, 0.0 ], [ 2510093.677500000223517, 6347602.185300000943244, 0.0 ], [ 2510093.7253, 6347601.609899999573827, 0.0 ], [ 2510095.1354, 6347584.645600001327693, 0.0 ] ] ] ] } },
{ "type": "Feature", "properties": { "LAYER": "PARCELARIO_BASE_CATASTRO", "MAP_NAME": "1010_2025.dwg", "ccpp1": "1010 1989", "LAYER_2": "PADRONES_2_VISTALBA" }, "geometry": { "type": "MultiPolygon", "coordinates": [ [ [ [ 2509735.905900000128895, 6346896.206799998879433, 0.0 ], [ 2509714.290566888172179, 6347556.200415833853185, 0.0 ], [ 2509764.475688972044736, 6347553.815013314597309, 0.0 ], [ 2509776.9202, 6347553.223500000312924, 0.0 ], [ 2509792.075300000142306, 6347463.729399999603629, 0.0 ], [ 2509792.035999999847263, 6347461.2248, 0.0 ], [ 2509792.529546176083386, 6347450.524482754990458, 0.0 ], [ 2509793.657800000160933, 6347426.063400000333786, 0.0 ], [ 2509796.802000000141561, 6347372.2511, 0.0 ], [ 2509816.405799999833107, 6346961.5345, 0.0 ], [ 2509817.0852, 6346933.508500001393259, 0.0 ], [ 2509818.307200000155717, 6346904.11629999987781, 0.0 ], [ 2509735.905900000128895, 6346896.206799998879433, 0.0 ] ] ] ] } },
{ "type": "Feature", "properties": { "LAYER": "PARCELARIO_BASE_CATASTRO", "MAP_NAME": "1010_2025.dwg", "ccpp1": "1010 1988", "LAYER_2": "PADRONES_2_VISTALBA" }, "geometry": { "type": "MultiPolygon", "coordinates": [ [ [ [ 2509770.354900000151247, 6347582.576399999670684, 0.0 ], [ 2509105.453600000124425, 6347614.181800000369549, 0.0 ], [ 2509071.096299999859184, 6348098.262500000186265, 0.0 ], [ 2509194.1146, 6348107.069500001147389, 0.0 ], [ 2509578.225999999791384, 6348121.099999999627471, 0.0 ], [ 2509570.859999999869615, 6348427.889999999664724, 0.0 ], [ 2509569.389100001193583, 6348481.370299999602139, 0.0 ], [ 2509568.263900000136346, 6348535.535899998620152, 0.0 ], [ 2509566.724000000860542, 6348582.8547, 0.0 ], [ 2509592.207485076971352, 6348583.757041643373668, 0.0 ], [ 2509603.2933, 6348131.347299998626113, 0.0 ], [ 2509606.215400000102818, 6348077.015800001099706, 0.0 ], [ 2509770.354900000151247, 6347582.576399999670684, 0.0 ] ] ] ] } },
{ "type": "Feature", "properties": { "LAYER": "PARCELARIO_BASE_CATASTRO", "MAP_NAME": "1010_2025.dwg", "ccpp1": "1010 75", "LAYER_2": "PADRONES_2_VISTALBA" }, "geometry": { "type": "MultiPolygon", "coordinates": [ [ [ [ 2508660.222500000149012, 6348622.219399999827147, 0.0 ], [ 2508654.52779999980703, 6348619.280600001104176, 0.0 ], [ 2508646.945000001229346, 6348645.31290000025183, 0.0 ], [ 2508652.615600000135601, 6348648.33559999987483, 0.0 ], [ 2508671.913000000175089, 6348658.400600001215935, 0.0 ], [ 2508701.196099999826401, 6348673.245900000445545, 0.0 ], [ 2508708.0055, 6348646.877899998798966, 0.0 ], [ 2508660.222500000149012, 6348622.219399999827147, 0.0 ] ] ] ] } },
{ "type": "Feature", "properties": { "LAYER": "PARCELARIO_BASE_CATASTRO", "MAP_NAME": "1010_2025.dwg", "ccpp1": "1010 122", "LAYER_2": "PADRONES_2_VISTALBA" }, "geometry": { "type": "MultiPolygon", "coordinates": [ [ [ [ 2508899.950000000186265, 6345654.150000000372529, 0.0 ], [ 2508929.395399999804795, 6345652.79969999846071, 0.0 ], [ 2508927.640000000130385, 6345621.969999998807907, 0.0 ], [ 2508897.760600000154227, 6345623.639000000432134, 0.0 ], [ 2508899.950000000186265, 6345654.150000000372529, 0.0 ] ] ] ] } },
{ "type": "Feature", "properties": { "LAYER": "PARCELARIO_BASE_CATASTRO", "MAP_NAME": "1010_2025.dwg", "ccpp1": "1010 375", "LAYER_2": "PADRONES_2_VISTALBA" }, "geometry": { "type": "MultiPolygon", "coordinates": [ [ [ [ 2508996.7801, 6345875.9907, 0.0 ], [ 2508997.0, 6345878.349999999627471, 0.0 ], [ 2509040.730000000912696, 6345875.150000000372529, 0.0 ], [ 2509040.490000000223517, 6345872.820000001229346, 0.0 ], [ 2509039.029999999795109, 6345858.769999998621643, 0.0 ], [ 2509037.589999999850988, 6345844.929999998770654, 0.0 ], [ 2508994.311600000131875, 6345850.039800001308322, 0.0 ], [ 2508996.7801, 6345875.9907, 0.0 ] ] ] ] } },
{ "type": "Feature", "properties": { "LAYER": "PARCELARIO_BASE_CATASTRO", "MAP_NAME": "1010_2025.dwg", "ccpp1": "1010 434", "LAYER_2": "PADRONES_2_VISTALBA" }, "geometry": { "type": "MultiPolygon", "coordinates": [ [ [ [ 2508998.609999999869615, 6345919.03000000026077, 0.0 ], [ 2509025.329100000206381, 6345916.5822, 0.0 ], [ 2509044.8503, 6345914.793800000101328, 0.0 ], [ 2509043.779999999795109, 6345904.519999999552965, 0.0 ], [ 2509042.25, 6345889.769999999552965, 0.0 ], [ 2509040.730000000912696, 6345875.150000000372529, 0.0 ], [ 2508997.0, 6345878.349999999627471, 0.0 ], [ 2508996.7801, 6345875.9907, 0.0 ], [ 2508985.96, 6345876.780000001192093, 0.0 ], [ 2508998.609999999869615, 6345919.03000000026077, 0.0 ] ] ] ] } },
{ "type": "Feature", "properties": { "LAYER": "PARCELARIO_BASE_CATASTRO", "MAP_NAME": "1010_2025.dwg", "ccpp1": "1010 809", "LAYER_2": "PADRONES_2_VISTALBA" }, "geometry": { "type": "MultiPolygon", "coordinates": [ [ [ [ 2508991.01880000019446, 6345919.719100001268089, 0.0 ], [ 2508998.609999999869615, 6345919.03000000026077, 0.0 ], [ 2508985.96, 6345876.780000001192093, 0.0 ], [ 2508980.570000001229346, 6345858.820000001229346, 0.0 ], [ 2508978.660000000149012, 6345857.519999999552965, 0.0 ], [ 2508971.15, 6345858.25, 0.0 ], [ 2508976.1806, 6345921.066100000403821, 0.0 ], [ 2508985.5, 6345920.21999999973923, 0.0 ], [ 2508991.01880000019446, 6345919.719100001268089, 0.0 ] ] ] ] } },
{ "type": "Feature", "properties": { "LAYER": "PARCELARIO_BASE_CATASTRO", "MAP_NAME": "1010_2025.dwg", "ccpp1": "1010 588", "LAYER_2": "PADRONES_2_VISTALBA" }, "geometry": { "type": "MultiPolygon", "coordinates": [ [ [ [ 2508960.100599999073893, 6345922.526100000366569, 0.0 ], [ 2508954.720000000204891, 6345859.820000001229346, 0.0 ], [ 2508938.779999999795109, 6345861.339999998919666, 0.0 ], [ 2508944.190099999774247, 6345923.97059999871999, 0.0 ], [ 2508960.100599999073893, 6345922.526100000366569, 0.0 ] ] ] ] } },
{ "type": "Feature", "properties": { "LAYER": "PARCELARIO_BASE_CATASTRO", "MAP_NAME": "1010_2025.dwg", "ccpp1": "1010 542", "LAYER_2": "PADRONES_2_VISTALBA" }, "geometry": { "type": "MultiPolygon", "coordinates": [ [ [ [ 2508911.310500000137836, 6345926.95579999871552, 0.0 ], [ 2508906.379999999888241, 6345874.480000000447035, 0.0 ], [ 2508905.450000000186265, 6345864.53000000026077, 0.0 ], [ 2508890.740000000223517, 6345865.940000001341105, 0.0 ], [ 2508895.59029999980703, 6345928.383100000210106, 0.0 ], [ 2508911.310500000137836, 6345926.95579999871552, 0.0 ] ] ] ] } },
{ "type": "Feature", "properties": { "LAYER": "PARCELARIO_BASE_CATASTRO", "MAP_NAME": "1010_2025.dwg", "ccpp1": "1010 541", "LAYER_2": "PADRONES_2_VISTALBA" }, "geometry": { "type": "MultiPolygon", "coordinates": [ [ [ [ 2508885.6099, 6345929.289300000295043, 0.0 ], [ 2508895.59029999980703, 6345928.383100000210106, 0.0 ], [ 2508890.740000000223517, 6345865.940000001341105, 0.0 ], [ 2508867.110000000800937, 6345868.190000000409782, 0.0 ], [ 2508873.490000000223517, 6345930.389700001105666, 0.0 ], [ 2508885.6099, 6345929.289300000295043, 0.0 ] ] ] ] } },
{ "type": "Feature", "properties": { "LAYER": "PARCELARIO_BASE_CATASTRO", "MAP_NAME": "1010_2025.dwg", "ccpp1": "1010 537", "LAYER_2": "PADRONES_2_VISTALBA" }, "geometry": { "type": "MultiPolygon", "coordinates": [ [ [ [ 2508805.119700000155717, 6345936.597199999727309, 0.0 ], [ 2508816.449899999890476, 6345935.5685, 0.0 ], [ 2508809.700000000186265, 6345873.690000001341105, 0.0 ], [ 2508785.089999999850988, 6345876.04, 0.0 ], [ 2508792.859999999869615, 6345937.710199998691678, 0.0 ], [ 2508805.119700000155717, 6345936.597199999727309, 0.0 ] ] ] ] } },
{ "type": "Feature", "properties": { "LAYER": "PARCELARIO_BASE_CATASTRO", "MAP_NAME": "1010_2025.dwg", "ccpp1": "1010 1401", "LAYER_2": "PADRONES_2_VISTALBA" }, "geometry": { "type": "MultiPolygon", "coordinates": [ [ [ [ 2508868.52, 6345847.790400000289083, 0.0 ], [ 2508863.339999999850988, 6345782.019999999552965, 0.0 ], [ 2508860.71, 6345782.179999999701977, 0.0 ], [ 2508847.71, 6345782.980000001378357, 0.0 ], [ 2508833.140000000130385, 6345783.879999998956919, 0.0 ], [ 2508823.049999999813735, 6345784.499999999068677, 0.0 ], [ 2508818.77, 6345784.759999999776483, 0.0 ], [ 2508805.799999999813735, 6345785.559999998658895, 0.0 ], [ 2508803.069999999832362, 6345785.730000001378357, 0.0 ], [ 2508809.350500000175089, 6345853.015800001099706, 0.0 ], [ 2508868.52, 6345847.790400000289083, 0.0 ] ] ] ] } },
{ "type": "Feature", "properties": { "LAYER": "PARCELARIO_BASE_CATASTRO", "MAP_NAME": "1010_2025.dwg", "ccpp1": "1010 408", "LAYER_2": "PADRONES_2_VISTALBA" }, "geometry": { "type": "MultiPolygon", "coordinates": [ [ [ [ 2508888.440100001171231, 6345846.031199999153614, 0.0 ], [ 2508883.299999999813735, 6345780.79, 0.0 ], [ 2508875.009999999776483, 6345781.299999998882413, 0.0 ], [ 2508863.339999999850988, 6345782.019999999552965, 0.0 ], [ 2508868.52, 6345847.790400000289083, 0.0 ], [ 2508888.440100001171231, 6345846.031199999153614, 0.0 ] ] ] ] } },
{ "type": "Feature", "properties": { "LAYER": "PARCELARIO_BASE_CATASTRO", "MAP_NAME": "1010_2025.dwg", "ccpp1": "1010 388", "LAYER_2": "PADRONES_2_VISTALBA" }, "geometry": { "type": "MultiPolygon", "coordinates": [ [ [ [ 2508906.420299999881536, 6345844.443300001323223, 0.0 ], [ 2508903.529999999795109, 6345813.360000001266599, 0.0 ], [ 2508900.430000000167638, 6345779.740000000223517, 0.0 ], [ 2508889.67, 6345780.400000001303852, 0.0 ], [ 2508883.299999999813735, 6345780.79, 0.0 ], [ 2508888.440100001171231, 6345846.031199999153614, 0.0 ], [ 2508906.420299999881536, 6345844.443300001323223, 0.0 ] ] ] ] } },
{ "type": "Feature", "properties": { "LAYER": "PARCELARIO_BASE_CATASTRO", "MAP_NAME": "1010_2025.dwg", "ccpp1": "1010 862", "LAYER_2": "PADRONES_2_VISTALBA" }, "geometry": { "type": "MultiPolygon", "coordinates": [ [ [ [ 2508938.926400000229478, 6345841.577600000426173, 0.0 ], [ 2508934.0757, 6345810.83, 0.0 ], [ 2508903.585700000170618, 6345813.360000001266599, 0.0 ], [ 2508906.475999999791384, 6345844.443300001323223, 0.0 ], [ 2508938.926400000229478, 6345841.577600000426173, 0.0 ] ] ] ] } },
{ "type": "Feature", "properties": { "LAYER": "PARCELARIO_BASE_CATASTRO", "MAP_NAME": "1010_2025.dwg", "ccpp1": "1010 520", "LAYER_2": "PADRONES_2_VISTALBA" }, "geometry": { "type": "MultiPolygon", "coordinates": [ [ [ [ 2509180.011, 6345632.4399000024423, 0.0 ], [ 2509196.4, 6345630.120000000111759, 0.0 ], [ 2509200.200000000186265, 6345629.58, 0.0 ], [ 2509197.339999999850988, 6345608.490000000223517, 0.0 ], [ 2509196.629999999888241, 6345603.139999998733401, 0.0 ], [ 2509180.430000000167638, 6345606.389999999664724, 0.0 ], [ 2509177.390000000130385, 6345610.009999999776483, 0.0 ], [ 2509180.011, 6345632.4399000024423, 0.0 ] ] ] ] } },
{ "type": "Feature", "properties": { "LAYER": "PARCELARIO_BASE_CATASTRO", "MAP_NAME": "1010_2025.dwg", "ccpp1": "1010 6", "LAYER_2": "PADRONES_2_VISTALBA" }, "geometry": { "type": "MultiPolygon", "coordinates": [ [ [ [ 2509147.395700000226498, 6346509.5016999989748, 0.0 ], [ 2509126.368799999821931, 6346508.793399998918176, 0.0 ], [ 2508755.0038, 6346495.959999999031425, 0.0 ], [ 2508724.893699999898672, 6346495.646200001239777, 0.0 ], [ 2508676.35259999986738, 6346495.114400000311434, 0.0 ], [ 2508675.565599999856204, 6346495.1114999987185, 0.0 ], [ 2508555.948921522125602, 6346493.345064958557487, 0.0 ], [ 2508545.054140760097653, 6346623.006020127795637, 0.0 ], [ 2508806.5055, 6346654.8004, 0.0 ], [ 2508807.2878, 6346654.8953, 0.0 ], [ 2508875.330299999099225, 6346663.151200000196695, 0.0 ], [ 2508883.248500000219792, 6346664.29619999974966, 0.0 ], [ 2508884.042299999855459, 6346664.29619999974966, 0.0 ], [ 2508887.0927, 6346665.193699998781085, 0.0 ], [ 2508891.0485, 6346666.117299999110401, 0.0 ], [ 2508898.6733, 6346668.601099999621511, 0.0 ], [ 2508906.066800000146031, 6346671.72929999884218, 0.0 ], [ 2508913.1746, 6346675.47929999884218, 0.0 ], [ 2508919.944800000172108, 6346679.823099998757243, 0.0 ], [ 2508926.327399999834597, 6346684.729299999773502, 0.0 ], [ 2508932.275999999139458, 6346690.161399998702109, 0.0 ], [ 2508937.7467, 6346696.08, 0.0 ], [ 2508969.627599999774247, 6346747.653400000184774, 0.0 ], [ 2508972.217199999839067, 6346750.337299999780953, 0.0 ], [ 2508975.1743, 6346752.603500000201166, 0.0 ], [ 2508978.431599999777973, 6346754.4002, 0.0 ], [ 2508981.9148, 6346755.6864, 0.0 ], [ 2509135.24599999981001, 6346774.123999998904765, 0.0 ], [ 2509136.025100000202656, 6346774.2177, 0.0 ], [ 2509147.322100000921637, 6346511.178100000135601, 0.0 ], [ 2509147.395700000226498, 6346509.5016999989748, 0.0 ] ] ] ] } },
{ "type": "Feature", "properties": { "LAYER": "PARCELARIO_BASE_CATASTRO", "MAP_NAME": "1010_2025.dwg", "ccpp1": "1010 215", "LAYER_2": "PADRONES_2_VISTALBA" }, "geometry": { "type": "MultiPolygon", "coordinates": [ [ [ [ 2508860.71, 6345782.179999999701977, 0.0 ], [ 2508863.339999999850988, 6345782.019999999552965, 0.0 ], [ 2508875.009999999776483, 6345781.299999998882413, 0.0 ], [ 2508873.130400000140071, 6345735.559100001119077, 0.0 ], [ 2508858.330200000200421, 6345736.353699999861419, 0.0 ], [ 2508860.71, 6345782.179999999701977, 0.0 ] ] ] ] } },
{ "type": "Feature", "properties": { "LAYER": "PARCELARIO_BASE_CATASTRO", "MAP_NAME": "1010_2025.dwg", "ccpp1": "1010 237", "LAYER_2": "PADRONES_2_VISTALBA" }, "geometry": { "type": "MultiPolygon", "coordinates": [ [ [ [ 2508889.67, 6345780.400000001303852, 0.0 ], [ 2508900.430000000167638, 6345779.740000000223517, 0.0 ], [ 2508903.029999999795109, 6345779.50999999884516, 0.0 ], [ 2508899.96059999987483, 6345734.118700001388788, 0.0 ], [ 2508887.450000000186265, 6345734.790300000458956, 0.0 ], [ 2508888.944800000172108, 6345765.499800001271069, 0.0 ], [ 2508889.67, 6345780.400000001303852, 0.0 ] ] ] ] } },
{ "type": "Feature", "properties": { "LAYER": "PARCELARIO_BASE_CATASTRO", "MAP_NAME": "1010_2025.dwg", "ccpp1": "1010 387", "LAYER_2": "PADRONES_2_VISTALBA" }, "geometry": { "type": "MultiPolygon", "coordinates": [ [ [ [ 2508964.789100000169128, 6345922.100400000810623, 0.0 ], [ 2508976.1806, 6345921.066100000403821, 0.0 ], [ 2508971.15, 6345858.25, 0.0 ], [ 2508954.720000000204891, 6345859.820000001229346, 0.0 ], [ 2508960.100599999073893, 6345922.526100000366569, 0.0 ], [ 2508964.789100000169128, 6345922.100400000810623, 0.0 ] ] ] ] } },
{ "type": "Feature", "properties": { "LAYER": "PARCELARIO_BASE_CATASTRO", "MAP_NAME": "1010_2025.dwg", "ccpp1": "1010 1073", "LAYER_2": "PADRONES_2_VISTALBA" }, "geometry": { "type": "MultiPolygon", "coordinates": [ [ [ [ 2508831.9397, 6345934.162100000306964, 0.0 ], [ 2508835.390800000168383, 6345933.848799999803305, 0.0 ], [ 2508828.859999999869615, 6345871.849999998696148, 0.0 ], [ 2508809.700000000186265, 6345873.690000001341105, 0.0 ], [ 2508816.449899999890476, 6345935.5685, 0.0 ], [ 2508831.9397, 6345934.162100000306964, 0.0 ] ] ] ] } },
{ "type": "Feature", "properties": { "LAYER": "PARCELARIO_BASE_CATASTRO", "MAP_NAME": "1010_2025.dwg", "ccpp1": "1010 1074", "LAYER_2": "PADRONES_2_VISTALBA" }, "geometry": { "type": "MultiPolygon", "coordinates": [ [ [ [ 2508855.160299999173731, 6345932.053799998946488, 0.0 ], [ 2508849.049999999813735, 6345869.92, 0.0 ], [ 2508828.859999999869615, 6345871.849999998696148, 0.0 ], [ 2508835.390800000168383, 6345933.848799999803305, 0.0 ], [ 2508855.160299999173731, 6345932.053799998946488, 0.0 ] ] ] ] } },
{ "type": "Feature", "properties": { "LAYER": "PARCELARIO_BASE_CATASTRO", "MAP_NAME": "1010_2025.dwg", "ccpp1": "1010 1234", "LAYER_2": "PADRONES_2_VISTALBA" }, "geometry": { "type": "MultiPolygon", "coordinates": [ [ [ [ 2508903.585700000170618, 6345813.360000001266599, 0.0 ], [ 2508934.0757, 6345810.83, 0.0 ], [ 2508933.145700000226498, 6345804.92, 0.0 ], [ 2508968.625700000207871, 6345801.03000000026077, 0.0 ], [ 2508967.9337, 6345798.068099999800324, 0.0 ], [ 2508952.045700000133365, 6345799.820000000298023, 0.0 ], [ 2508945.795700000133365, 6345792.610000001266599, 0.0 ], [ 2508943.545700000133365, 6345776.08, 0.0 ], [ 2508935.105700000189245, 6345776.799999999813735, 0.0 ], [ 2508917.2557, 6345778.309999999590218, 0.0 ], [ 2508903.085700000170618, 6345779.50999999884516, 0.0 ], [ 2508900.430000000167638, 6345779.740000000223517, 0.0 ], [ 2508903.585700000170618, 6345813.360000001266599, 0.0 ] ] ] ] } },
{ "type": "Feature", "properties": { "LAYER": "PARCELARIO_BASE_CATASTRO", "MAP_NAME": "1010_2025.dwg", "ccpp1": "1010 1441", "LAYER_2": "PADRONES_2_VISTALBA" }, "geometry": { "type": "MultiPolygon", "coordinates": [ [ [ [ 2509568.454800000879914, 6345752.7527, 0.0 ], [ 2509373.201900000218302, 6345529.196900000795722, 0.0 ], [ 2509365.145200000144541, 6345534.800300001166761, 0.0 ], [ 2509360.441200001165271, 6345528.75129999872297, 0.0 ], [ 2509347.638600000180304, 6345538.00829999987036, 0.0 ], [ 2509325.4517, 6345552.363300001248717, 0.0 ], [ 2509309.676200000103563, 6345560.338600001297891, 0.0 ], [ 2509286.691199999768287, 6345570.011300001293421, 0.0 ], [ 2509285.725999999791384, 6345570.3344, 0.0 ], [ 2509286.878899999894202, 6345577.27240000013262, 0.0 ], [ 2509290.529500000178814, 6345599.241899999789894, 0.0 ], [ 2509278.2138, 6345601.228199999779463, 0.0 ], [ 2509275.310099999886006, 6345582.431099999696016, 0.0 ], [ 2509274.045599999837577, 6345574.2451, 0.0 ], [ 2509265.2495, 6345577.190000000409782, 0.0 ], [ 2509256.001400000881404, 6345580.286299998871982, 0.0 ], [ 2509257.634699999820441, 6345592.678600000217557, 0.0 ], [ 2509304.962299999780953, 6345941.78139999974519, 0.0 ], [ 2509323.935200000181794, 6346090.595300000160933, 0.0 ], [ 2509350.0828, 6346284.325299999676645, 0.0 ], [ 2509489.157999999821186, 6346264.6552, 0.0 ], [ 2509646.3443, 6346242.423499999567866, 0.0 ], [ 2509633.6044, 6346130.188699999824166, 0.0 ], [ 2509638.048400000203401, 6346125.794200000353158, 0.0 ], [ 2509638.564300000201911, 6346125.284, 0.0 ], [ 2509588.828800001181662, 6345782.929399999789894, 0.0 ], [ 2509568.454800000879914, 6345752.7527, 0.0 ] ] ] ] } },
{ "type": "Feature", "properties": { "LAYER": "PARCELARIO_BASE_CATASTRO", "MAP_NAME": "1010_2025.dwg", "ccpp1": "1010 1391", "LAYER_2": "PADRONES_2_VISTALBA" }, "geometry": { "type": "MultiPolygon", "coordinates": [ [ [ [ 2510110.822000000160187, 6345988.6453, 0.0 ], [ 2510123.21, 6346080.610000000335276, 0.0 ], [ 2510123.830800000112504, 6346083.803899999707937, 0.0 ], [ 2510191.004999999888241, 6346059.114799999631941, 0.0 ], [ 2510110.822000000160187, 6345988.6453, 0.0 ] ] ] ] } },
{ "type": "Feature", "properties": { "LAYER": "PARCELARIO_BASE_CATASTRO", "MAP_NAME": "1010_2025.dwg", "ccpp1": "1919 423", "LAYER_2": "PADRONES_2_VISTALBA" }, "geometry": { "type": "MultiPolygon", "coordinates": [ [ [ [ 2509899.410626528784633, 6345862.615372975356877, 0.0 ], [ 2509966.227366383187473, 6345838.542204935103655, 0.0 ], [ 2509821.236600000876933, 6345703.9666, 0.0 ], [ 2509767.81540000019595, 6345665.756, 0.0 ], [ 2509719.182200000155717, 6345631.668200001120567, 0.0 ], [ 2509517.604499999899417, 6345530.8586, 0.0 ], [ 2509440.1919, 6345475.276399999856949, 0.0 ], [ 2509428.296900000888854, 6345471.669099999591708, 0.0 ], [ 2509366.0409000008367, 6345520.9978, 0.0 ], [ 2509367.992800001055002, 6345523.232599998824298, 0.0 ], [ 2509373.201900000218302, 6345529.196800000965595, 0.0 ], [ 2509568.454800000879914, 6345752.752600000239909, 0.0 ], [ 2509588.828800001181662, 6345782.9293, 0.0 ], [ 2509596.763120336923748, 6345837.545339620672166, 0.0 ], [ 2509821.161500000860542, 6345762.498499998822808, 0.0 ], [ 2509849.875399999786168, 6345787.524600000120699, 0.0 ], [ 2509854.204406436067075, 6345794.004826832562685, 0.0 ], [ 2509855.384432847145945, 6345796.222947582602501, 0.0 ], [ 2509862.193386443890631, 6345799.491939108818769, 0.0 ], [ 2509865.5767, 6345802.28760000038892, 0.0 ], [ 2509891.418700001202524, 6345826.637500001117587, 0.0 ], [ 2509895.7651, 6345832.300800000317395, 0.0 ], [ 2509897.661799999885261, 6345838.202100000344217, 0.0 ], [ 2509899.410626528784633, 6345862.615372975356877, 0.0 ] ] ] ] } },
{ "type": "Feature", "properties": { "LAYER": "PARCELARIO_BASE_CATASTRO", "MAP_NAME": "1010_2025.dwg", "ccpp1": "1919 423", "LAYER_2": "PADRONES_2_VISTALBA" }, "geometry": { "type": "MultiPolygon", "coordinates": [ [ [ [ 2509767.81540000019595, 6345665.756, 0.0 ], [ 2509719.182200000155717, 6345631.668200001120567, 0.0 ], [ 2509517.604499999899417, 6345530.8586, 0.0 ], [ 2509440.1919, 6345475.276399999856949, 0.0 ], [ 2509428.296900000888854, 6345471.669099999591708, 0.0 ], [ 2509366.045369280967861, 6345521.002917039208114, 0.0 ], [ 2509568.455097457859665, 6345752.753040573559701, 0.0 ], [ 2509588.828781490214169, 6345782.929272583685815, 0.0 ], [ 2509596.763120336923748, 6345837.545339620672166, 0.0 ], [ 2509821.161500000860542, 6345762.498499998822808, 0.0 ], [ 2509849.875399999786168, 6345787.524600000120699, 0.0 ], [ 2509854.204406436067075, 6345794.004826832562685, 0.0 ], [ 2509855.384432847145945, 6345796.222947582602501, 0.0 ], [ 2509862.193386443890631, 6345799.491939108818769, 0.0 ], [ 2509865.5767, 6345802.28760000038892, 0.0 ], [ 2509891.418700001202524, 6345826.637500001117587, 0.0 ], [ 2509895.7651, 6345832.300800000317395, 0.0 ], [ 2509897.661799999885261, 6345838.202100000344217, 0.0 ], [ 2509899.410626528784633, 6345862.615372975356877, 0.0 ], [ 2509966.227366383187473, 6345838.542204935103655, 0.0 ], [ 2509821.236600000876933, 6345703.9666, 0.0 ], [ 2509767.81540000019595, 6345665.756, 0.0 ] ] ] ] } },
{ "type": "Feature", "properties": { "LAYER": "PARCELARIO_BASE_CATASTRO", "MAP_NAME": "1010_2025.dwg", "ccpp1": "1919 85", "LAYER_2": "PADRONES_2_VISTALBA" }, "geometry": { "type": "MultiPolygon", "coordinates": [ [ [ [ 2509834.790449295192957, 6346170.471552612259984, 0.0 ], [ 2509835.981252567842603, 6346179.623123275116086, 0.0 ], [ 2509916.153184881899506, 6346153.063890879042447, 0.0 ], [ 2509902.18599328584969, 6346050.609601425938308, 0.0 ], [ 2509898.682682525832206, 6346048.470100311562419, 0.0 ], [ 2509826.06195446383208, 6346073.280590819194913, 0.0 ], [ 2509822.895634404849261, 6346079.066818496212363, 0.0 ], [ 2509834.790449295192957, 6346170.471552612259984, 0.0 ] ] ] ] } },
{ "type": "Feature", "properties": { "LAYER": "PARCELARIO_BASE_CATASTRO", "MAP_NAME": "1010_2025.dwg", "ccpp1": "1919 85", "LAYER_2": "PADRONES_2_VISTALBA" }, "geometry": { "type": "MultiPolygon", "coordinates": [ [ [ [ 2510110.822000000160187, 6345988.6453, 0.0 ], [ 2510096.873819435015321, 6345972.809153826907277, 0.0 ], [ 2509638.7146, 6346132.06010000128299, 0.0 ], [ 2509653.7785, 6346239.949300001375377, 0.0 ], [ 2509680.080800000112504, 6346231.269600000232458, 0.0 ], [ 2509699.3339, 6346224.8915, 0.0 ], [ 2509701.83559999987483, 6346224.062699998728931, 0.0 ], [ 2509709.632799999788404, 6346221.4797, 0.0 ], [ 2509717.043600000906736, 6346219.024599999189377, 0.0 ], [ 2509741.62980000115931, 6346210.879700000397861, 0.0 ], [ 2509834.598799999803305, 6346180.081099999137223, 0.0 ], [ 2509929.964499999769032, 6346148.4885, 0.0 ], [ 2510024.6675999998115, 6346117.115399999544024, 0.0 ], [ 2510080.1659, 6346098.730000001378357, 0.0 ], [ 2510123.830800000112504, 6346083.803899999707937, 0.0 ], [ 2510123.21, 6346080.610000000335276, 0.0 ], [ 2510114.785030447877944, 6346018.065618554130197, 0.0 ], [ 2510111.058500001206994, 6345990.4956, 0.0 ], [ 2510110.822000000160187, 6345988.6453, 0.0 ] ] ] ] } },
{ "type": "Feature", "properties": { "LAYER": "PARCELARIO_BASE_CATASTRO", "MAP_NAME": "1010_2025.dwg", "ccpp1": "1010 1442", "LAYER_2": "PADRONES_2_VISTALBA" }, "geometry": { "type": "MultiPolygon", "coordinates": [ [ [ [ 2509285.725999999791384, 6345570.3344, 0.0 ], [ 2509274.045599999837577, 6345574.2451, 0.0 ], [ 2509275.310099999886006, 6345582.431099999696016, 0.0 ], [ 2509278.2138, 6345601.228199999779463, 0.0 ], [ 2509290.529500000178814, 6345599.241899999789894, 0.0 ], [ 2509286.878899999894202, 6345577.27240000013262, 0.0 ], [ 2509285.725999999791384, 6345570.3344, 0.0 ] ] ] ] } },
{ "type": "Feature", "properties": { "LAYER": "PARCELARIO_BASE_CATASTRO", "MAP_NAME": "1010_2025.dwg", "ccpp1": "1919 423", "LAYER_2": "PADRONES_2_VISTALBA" }, "geometry": { "type": "MultiPolygon", "coordinates": [ [ [ [ 2509364.8788, 6346297.637199999764562, 0.0 ], [ 2509408.225, 6346291.5066, 0.0 ], [ 2509428.850399999879301, 6346288.268999999389052, 0.0 ], [ 2509472.5653, 6346282.0861, 0.0 ], [ 2509494.020700000226498, 6346279.116699999198318, 0.0 ], [ 2509538.002228919882327, 6346272.895395210944116, 0.0 ], [ 2509559.5088, 6346269.853400000371039, 0.0 ], [ 2509645.19939999980852, 6346257.732900000177324, 0.0 ], [ 2509646.3443, 6346242.423499999567866, 0.0 ], [ 2509350.0828, 6346284.325299999676645, 0.0 ], [ 2509364.8788, 6346297.637199999764562, 0.0 ] ] ] ] } },
{ "type": "Feature", "properties": { "LAYER": "PARCELARIO_BASE_CATASTRO", "MAP_NAME": "1010_2025.dwg", "ccpp1": "1010 1847", "LAYER_2": "PADRONES_2_VISTALBA" }, "geometry": { "type": "MultiPolygon", "coordinates": [ [ [ [ 2509156.515952130779624, 6348852.255186214111745, 0.0 ], [ 2509185.331454851198941, 6348853.169951222836971, 0.0 ], [ 2509185.913346847053617, 6348835.479507097043097, 0.0 ], [ 2509153.099855542182922, 6348834.437823597341776, 0.0 ], [ 2509152.517963546793908, 6348852.128267724066973, 0.0 ], [ 2509156.515952130779624, 6348852.255186214111745, 0.0 ] ] ] ] } },
{ "type": "Feature", "properties": { "LAYER": "PARCELARIO_BASE_CATASTRO", "MAP_NAME": "1010_2025.dwg", "ccpp1": "1010 1846", "LAYER_2": "PADRONES_2_VISTALBA" }, "geometry": { "type": "MultiPolygon", "coordinates": [ [ [ [ 2509153.099855542182922, 6348834.437823597341776, 0.0 ], [ 2509185.913346847053617, 6348835.479507097043097, 0.0 ], [ 2509186.495186163112521, 6348817.790664488449693, 0.0 ], [ 2509153.681747538037598, 6348816.747379475273192, 0.0 ], [ 2509153.099855542182922, 6348834.437823597341776, 0.0 ] ] ] ] } },
{ "type": "Feature", "properties": { "LAYER": "PARCELARIO_BASE_CATASTRO", "MAP_NAME": "1010_2025.dwg", "ccpp1": "1010 1626", "LAYER_2": "PADRONES_2_VISTALBA" }, "geometry": { "type": "MultiPolygon", "coordinates": [ [ [ [ 2509442.785035490989685, 6348873.239080367609859, 0.0 ], [ 2509498.089409903157502, 6348875.423823836259544, 0.0 ], [ 2509498.521399181801826, 6348863.164804452098906, 0.0 ], [ 2509498.6073715290986, 6348860.3162357872352, 0.0 ], [ 2509499.150397806894034, 6348842.323849993757904, 0.0 ], [ 2509479.861399182118475, 6348841.71080445125699, 0.0 ], [ 2509459.872399182058871, 6348841.076804451644421, 0.0 ], [ 2509439.824009902775288, 6348840.440823836252093, 0.0 ], [ 2509439.253399182111025, 6348858.43080445099622, 0.0 ], [ 2509443.251399184111506, 6348858.557804451324046, 0.0 ], [ 2509442.785035490989685, 6348873.239080367609859, 0.0 ] ] ] ] } },
{ "type": "Feature", "properties": { "LAYER": "PARCELARIO_BASE_CATASTRO", "MAP_NAME": "1010_2025.dwg", "ccpp1": "1010 2066", "LAYER_2": "PADRONES_2_VISTALBA" }, "geometry": { "type": "MultiPolygon", "coordinates": [ [ [ [ 2508567.258500000927597, 6345370.027999999001622, 0.0 ], [ 2508535.8394, 6345388.490399998612702, 0.0 ], [ 2508545.741899999789894, 6345405.335400000214577, 0.0 ], [ 2508573.650100000202656, 6345388.800800000317395, 0.0 ], [ 2508567.4167, 6345378.197300000116229, 0.0 ], [ 2508568.75480000115931, 6345372.574300000444055, 0.0 ], [ 2508567.258500000927597, 6345370.027999999001622, 0.0 ] ] ] ] } },
{ "type": "Feature", "properties": { "LAYER": "PARCELARIO_BASE_CATASTRO", "MAP_NAME": "1010_2025.dwg", "ccpp1": "1010 2067", "LAYER_2": "PADRONES_2_VISTALBA" }, "geometry": { "type": "MultiPolygon", "coordinates": [ [ [ [ 2508573.650100000202656, 6345388.800800000317395, 0.0 ], [ 2508545.741899999789894, 6345405.335400000214577, 0.0 ], [ 2508549.12209999980405, 6345411.085400001145899, 0.0 ], [ 2508598.642899999860674, 6345406.872199999168515, 0.0 ], [ 2508586.936799999792129, 6345387.727400000207126, 0.0 ], [ 2508573.650100000202656, 6345388.800800000317395, 0.0 ] ] ] ] } },
{ "type": "Feature", "properties": { "LAYER": "PARCELARIO_BASE_CATASTRO", "MAP_NAME": "1010_2025.dwg", "ccpp1": "1010 1750", "LAYER_2": "PADRONES_2_VISTALBA" }, "geometry": { "type": "MultiPolygon", "coordinates": [ [ [ [ 2508753.798700000159442, 6345517.588999998755753, 0.0 ], [ 2508719.517799999099225, 6345520.564399999566376, 0.0 ], [ 2508730.986500000115484, 6345540.154199999757111, 0.0 ], [ 2508765.196399999782443, 6345537.184899999760091, 0.0 ], [ 2508753.798700000159442, 6345517.588999998755753, 0.0 ] ] ] ] } },
{ "type": "Feature", "properties": { "LAYER": "PARCELARIO_BASE_CATASTRO", "MAP_NAME": "1010_2025.dwg", "ccpp1": "1010 1751", "LAYER_2": "PADRONES_2_VISTALBA" }, "geometry": { "type": "MultiPolygon", "coordinates": [ [ [ [ 2508742.401, 6345497.99309999961406, 0.0 ], [ 2508708.0491, 6345500.974600001238286, 0.0 ], [ 2508719.517799999099225, 6345520.564399999566376, 0.0 ], [ 2508753.798700000159442, 6345517.588999998755753, 0.0 ], [ 2508742.401, 6345497.99309999961406, 0.0 ] ] ] ] } },
{ "type": "Feature", "properties": { "LAYER": "PARCELARIO_BASE_CATASTRO", "MAP_NAME": "1010_2025.dwg", "ccpp1": "1010 2017", "LAYER_2": "PADRONES_2_VISTALBA" }, "geometry": { "type": "MultiPolygon", "coordinates": [ [ [ [ 2509022.0477, 6347042.356499999761581, 0.0 ], [ 2509016.1486, 6347100.544800000265241, 0.0 ], [ 2509038.031700000166893, 6347102.8100999975577, 0.0 ], [ 2509043.8805, 6347045.11739999987185, 0.0 ], [ 2509042.67989999987185, 6347044.965599999763072, 0.0 ], [ 2509022.0477, 6347042.356499999761581, 0.0 ] ] ] ] } },
{ "type": "Feature", "properties": { "LAYER": "PARCELARIO_BASE_CATASTRO", "MAP_NAME": "1010_2025.dwg", "ccpp1": "1010 2144", "LAYER_2": "PADRONES_2_VISTALBA" }, "geometry": { "type": "MultiPolygon", "coordinates": [ [ [ [ 2508394.778400000184774, 6348558.856100001372397, 0.0 ], [ 2508436.4158, 6348562.846800000406802, 0.0 ], [ 2508438.6247, 6348527.967999999411404, 0.0 ], [ 2508397.067900000140071, 6348524.4073, 0.0 ], [ 2508394.778400000184774, 6348558.856100001372397, 0.0 ] ] ] ] } },
{ "type": "Feature", "properties": { "LAYER": "PARCELARIO_BASE_CATASTRO", "MAP_NAME": "1010_2025.dwg", "ccpp1": "1010 2143", "LAYER_2": "PADRONES_2_VISTALBA" }, "geometry": { "type": "MultiPolygon", "coordinates": [ [ [ [ 2508473.9068, 6348571.147300000302494, 0.0 ], [ 2508501.1675999998115, 6348573.717899998649955, 0.0 ], [ 2508513.4386, 6348534.37950000166893, 0.0 ], [ 2508505.371600000187755, 6348533.689299998804927, 0.0 ], [ 2508476.431900001130998, 6348531.208799999207258, 0.0 ], [ 2508474.540399999823421, 6348561.157700000330806, 0.0 ], [ 2508473.9068, 6348571.147300000302494, 0.0 ] ] ] ] } },
{ "type": "Feature", "properties": { "LAYER": "PARCELARIO_BASE_CATASTRO", "MAP_NAME": "1010_2025.dwg", "ccpp1": "1010 1692", "LAYER_2": "PADRONES_2_VISTALBA" }, "geometry": { "type": "MultiPolygon", "coordinates": [ [ [ [ 2508843.4477, 6348631.527900001034141, 0.0 ], [ 2508829.412516876123846, 6348683.858515348285437, 0.0 ], [ 2509010.8185, 6348744.038499999791384, 0.0 ], [ 2509012.1699, 6348687.021499998867512, 0.0 ], [ 2508843.4477, 6348631.527900001034141, 0.0 ] ] ] ] } },
{ "type": "Feature", "properties": { "LAYER": "PARCELARIO_BASE_CATASTRO", "MAP_NAME": "1010_2025.dwg", "ccpp1": "1010 2229", "LAYER_2": "PADRONES_2_VISTALBA" }, "geometry": { "type": "MultiPolygon", "coordinates": [ [ [ [ 2509763.591899999883026, 6349015.741100000217557, 0.0 ], [ 2509787.076900000218302, 6349017.092799998819828, 0.0 ], [ 2509788.8832, 6348985.1447, 0.0 ], [ 2509789.86310000019148, 6348964.8459, 0.0 ], [ 2509767.934400000143796, 6348964.263399998657405, 0.0 ], [ 2509761.5842, 6348964.117200000211596, 0.0 ], [ 2509759.217499999795109, 6349015.472799999639392, 0.0 ], [ 2509763.591899999883026, 6349015.741100000217557, 0.0 ] ] ] ] } },
{ "type": "Feature", "properties": { "LAYER": "PARCELARIO_BASE_CATASTRO", "MAP_NAME": "1010_2025.dwg", "ccpp1": "1010 54", "LAYER_2": "PADRONES_2_VISTALBA" }, "geometry": { "type": "MultiPolygon", "coordinates": [ [ [ [ 2509557.951500000897795, 6349661.9369, 0.0 ], [ 2509596.821899999864399, 6349659.9512, 0.0 ], [ 2509598.4677, 6349668.387600000947714, 0.0 ], [ 2509646.9468, 6349663.577100000344217, 0.0 ], [ 2509643.416199999861419, 6349645.434399998746812, 0.0 ], [ 2509555.835700000170618, 6349650.056300000287592, 0.0 ], [ 2509556.399600000120699, 6349653.4814, 0.0 ], [ 2509557.951500000897795, 6349661.9369, 0.0 ] ] ] ] } },
{ "type": "Feature", "properties": { "LAYER": "PARCELARIO_BASE_CATASTRO", "MAP_NAME": "1010_2025.dwg", "ccpp1": "1010 2162", "LAYER_2": "PADRONES_2_VISTALBA" }, "geometry": { "type": "MultiPolygon", "coordinates": [ [ [ [ 2509650.1683, 6349680.118300000205636, 0.0 ], [ 2509646.9468, 6349663.577100000344217, 0.0 ], [ 2509598.4677, 6349668.387600000947714, 0.0 ], [ 2509596.821899999864399, 6349659.9512, 0.0 ], [ 2509557.951500000897795, 6349661.9369, 0.0 ], [ 2509560.780600001104176, 6349677.347400001250207, 0.0 ], [ 2509599.833999999798834, 6349675.492600000463426, 0.0 ], [ 2509601.4995, 6349684.068699999712408, 0.0 ], [ 2509650.1683, 6349680.118300000205636, 0.0 ] ] ] ] } },
{ "type": "Feature", "properties": { "LAYER": "PARCELARIO_BASE_CATASTRO", "MAP_NAME": "1010_2025.dwg", "ccpp1": "1010 1832", "LAYER_2": "PADRONES_2_VISTALBA" }, "geometry": { "type": "MultiPolygon", "coordinates": [ [ [ [ 2509279.1028, 6349481.0642, 0.0 ], [ 2509296.94579999987036, 6349503.941599999554455, 0.0 ], [ 2509313.844500000122935, 6349470.066700000315905, 0.0 ], [ 2509286.1453, 6349467.502399999648333, 0.0 ], [ 2509279.1028, 6349481.0642, 0.0 ] ] ] ] } },
{ "type": "Feature", "properties": { "LAYER": "PARCELARIO_BASE_CATASTRO", "MAP_NAME": "1010_2025.dwg", "ccpp1": "1010 1837", "LAYER_2": "PADRONES_2_VISTALBA" }, "geometry": { "type": "MultiPolygon", "coordinates": [ [ [ [ 2509419.2527, 6349547.1881, 0.0 ], [ 2509417.980399999767542, 6349541.4309, 0.0 ], [ 2509414.416499999817461, 6349526.554100000299513, 0.0 ], [ 2509414.287100000772625, 6349526.075899999588728, 0.0 ], [ 2509365.746300000231713, 6349536.918399999849498, 0.0 ], [ 2509370.074, 6349557.1201, 0.0 ], [ 2509419.2527, 6349547.1881, 0.0 ] ] ] ] } },
{ "type": "Feature", "properties": { "LAYER": "PARCELARIO_BASE_CATASTRO", "MAP_NAME": "1010_2025.dwg", "ccpp1": "1010 1836", "LAYER_2": "PADRONES_2_VISTALBA" }, "geometry": { "type": "MultiPolygon", "coordinates": [ [ [ [ 2509414.287100000772625, 6349526.075899999588728, 0.0 ], [ 2509411.98119999980554, 6349515.627299998886883, 0.0 ], [ 2509411.927699999883771, 6349515.639199999161065, 0.0 ], [ 2509363.4528, 6349526.467199998907745, 0.0 ], [ 2509365.746300000231713, 6349536.918499999679625, 0.0 ], [ 2509414.287100000772625, 6349526.075899999588728, 0.0 ] ] ] ] } },
{ "type": "Feature", "properties": { "LAYER": "PARCELARIO_BASE_CATASTRO", "MAP_NAME": "1010_2025.dwg", "ccpp1": "1010 1834", "LAYER_2": "PADRONES_2_VISTALBA" }, "geometry": { "type": "MultiPolygon", "coordinates": [ [ [ [ 2509378.978000000119209, 6349598.454900000244379, 0.0 ], [ 2509427.9232, 6349588.312999999150634, 0.0 ], [ 2509425.5853, 6349577.170599999837577, 0.0 ], [ 2509424.188500000163913, 6349570.525799999013543, 0.0 ], [ 2509423.596599999815226, 6349567.71, 0.0 ], [ 2509374.574, 6349577.672600000165403, 0.0 ], [ 2509378.978000000119209, 6349598.454900000244379, 0.0 ] ] ] ] } },
{ "type": "Feature", "properties": { "LAYER": "PARCELARIO_BASE_CATASTRO", "MAP_NAME": "1010_2025.dwg", "ccpp1": "1010 1898", "LAYER_2": "PADRONES_2_VISTALBA" }, "geometry": { "type": "MultiPolygon", "coordinates": [ [ [ [ 2509506.677000000141561, 6349815.623599999584258, 0.0 ], [ 2509510.0318, 6349809.360299999825656, 0.0 ], [ 2509512.993900000117719, 6349809.870400000363588, 0.0 ], [ 2509515.88689999980852, 6349810.370500001125038, 0.0 ], [ 2509522.3267, 6349797.9786, 0.0 ], [ 2509520.9699, 6349764.679999998770654, 0.0 ], [ 2509534.128200000151992, 6349762.215400001034141, 0.0 ], [ 2509525.885900000110269, 6349747.692800000309944, 0.0 ], [ 2509523.997599999886006, 6349744.370000000111759, 0.0 ], [ 2509500.981999999843538, 6349756.2834, 0.0 ], [ 2509480.167700000107288, 6349768.092799998819828, 0.0 ], [ 2509469.253699999768287, 6349779.060700000263751, 0.0 ], [ 2509468.1823, 6349780.1415, 0.0 ], [ 2509505.006, 6349814.303100000135601, 0.0 ], [ 2509506.677000000141561, 6349815.623599999584258, 0.0 ] ] ] ] } },
{ "type": "Feature", "properties": { "LAYER": "PARCELARIO_BASE_CATASTRO", "MAP_NAME": "1010_2025.dwg", "ccpp1": "1010 2019", "LAYER_2": "PADRONES_2_VISTALBA" }, "geometry": { "type": "MultiPolygon", "coordinates": [ [ [ [ 2509774.126199999824166, 6346331.324099999852479, 0.0 ], [ 2509664.596829686779529, 6346345.631997146643698, 0.0 ], [ 2509769.944999951869249, 6346690.206680351868272, 0.0 ], [ 2510022.702069382183254, 6346715.827851169742644, 0.0 ], [ 2510002.900699952151626, 6346432.675680348649621, 0.0 ], [ 2510002.580699999816716, 6346429.110899998806417, 0.0 ], [ 2509782.176587861962616, 6346407.901998832821846, 0.0 ], [ 2509775.416599953081459, 6346342.961180344223976, 0.0 ], [ 2509774.126199999824166, 6346331.324099999852479, 0.0 ] ] ] ] } },
{ "type": "Feature", "properties": { "LAYER": "PARCELARIO_BASE_CATASTRO", "MAP_NAME": "1010_2025.dwg", "ccpp1": "1010 2152", "LAYER_2": "PADRONES_2_VISTALBA" }, "geometry": { "type": "MultiPolygon", "coordinates": [ [ [ [ 2509995.888470949139446, 6349702.904744540341198, 0.0 ], [ 2509967.654270947910845, 6349592.837044539861381, 0.0 ], [ 2509962.511870948132128, 6349589.088244535960257, 0.0 ], [ 2509924.238570949062705, 6349591.383244536817074, 0.0 ], [ 2509928.08737094886601, 6349608.804744536988437, 0.0 ], [ 2509884.05957094905898, 6349611.444744536653161, 0.0 ], [ 2509888.262695740908384, 6349632.999127415008843, 0.0 ], [ 2509932.864169660024345, 6349630.315410118550062, 0.0 ], [ 2509937.852481474168599, 6349652.55303346645087, 0.0 ], [ 2509892.538472425192595, 6349654.926082312129438, 0.0 ], [ 2509903.372170947957784, 6349710.483244537375867, 0.0 ], [ 2509908.604070947971195, 6349714.51574453804642, 0.0 ], [ 2509991.369570949114859, 6349709.13654453959316, 0.0 ], [ 2509995.888470949139446, 6349702.904744540341198, 0.0 ] ] ] ] } },
{ "type": "Feature", "properties": { "LAYER": "PARCELARIO_BASE_CATASTRO", "MAP_NAME": "1010_2025.dwg", "ccpp1": "1010 2158", "LAYER_2": "PADRONES_2_VISTALBA" }, "geometry": { "type": "MultiPolygon", "coordinates": [ [ [ [ 2509768.942007736768574, 6349694.770488721318543, 0.0 ], [ 2509762.009207737166435, 6349658.821488720364869, 0.0 ], [ 2509761.803507735952735, 6349658.059488719329238, 0.0 ], [ 2509761.478807737119496, 6349657.34128872025758, 0.0 ], [ 2509761.043007737025619, 6349656.684688719920814, 0.0 ], [ 2509760.507007737178355, 6349656.106288718990982, 0.0 ], [ 2509759.884407736826688, 6349655.620988720096648, 0.0 ], [ 2509759.191007738001645, 6349655.24088872037828, 0.0 ], [ 2509758.444307737052441, 6349654.975588720291853, 0.0 ], [ 2509757.663507737219334, 6349654.832088719122112, 0.0 ], [ 2509756.868007737211883, 6349654.813788721337914, 0.0 ], [ 2509736.282607736065984, 6349655.971188719384372, 0.0 ], [ 2509743.775098519865423, 6349696.093406181782484, 0.0 ], [ 2509768.942007736768574, 6349694.770488721318543, 0.0 ] ] ] ] } },
{ "type": "Feature", "properties": { "LAYER": "PARCELARIO_BASE_CATASTRO", "MAP_NAME": "1010_2025.dwg", "ccpp1": "1010 2157", "LAYER_2": "PADRONES_2_VISTALBA" }, "geometry": { "type": "MultiPolygon", "coordinates": [ [ [ [ 2509737.520507737062871, 6349725.411188721656799, 0.0 ], [ 2509768.853007736150175, 6349723.325788721442223, 0.0 ], [ 2509769.690507736988366, 6349723.197788720019162, 0.0 ], [ 2509770.493907736148685, 6349722.929888721555471, 0.0 ], [ 2509771.240007737185806, 6349722.529888721182942, 0.0 ], [ 2509771.907607736997306, 6349722.009188720025122, 0.0 ], [ 2509772.477507736999542, 6349721.382688719779253, 0.0 ], [ 2509772.93310773698613, 6349720.668688721954823, 0.0 ], [ 2509773.261607736814767, 6349719.887488719075918, 0.0 ], [ 2509773.453207735903561, 6349719.061688721179962, 0.0 ], [ 2509773.502607737202197, 6349718.215088721364737, 0.0 ], [ 2509773.408507736865431, 6349717.371988719329238, 0.0 ], [ 2509768.942007736768574, 6349694.770488721318543, 0.0 ], [ 2509718.968613306991756, 6349697.39737768471241, 0.0 ], [ 2509711.005152650177479, 6349657.365916836075485, 0.0 ], [ 2509668.553007736802101, 6349659.708288720808923, 0.0 ], [ 2509667.700907737016678, 6349659.824588721618056, 0.0 ], [ 2509666.88000773685053, 6349660.085588716901839, 0.0 ], [ 2509666.114307736046612, 6349660.483988716267049, 0.0 ], [ 2509665.42660773685202, 6349661.007788720540702, 0.0 ], [ 2509664.837407737970352, 6349661.641688721254468, 0.0 ], [ 2509664.36410773685202, 6349662.366688720881939, 0.0 ], [ 2509664.021007736213505, 6349663.16108872089535, 0.0 ], [ 2509663.818007736001164, 6349664.001588721759617, 0.0 ], [ 2509663.761307736858726, 6349664.862988721579313, 0.0 ], [ 2509663.852507737930864, 6349665.719888719730079, 0.0 ], [ 2509670.89760773582384, 6349699.569588718935847, 0.0 ], [ 2509701.547107737977058, 6349698.093388722278178, 0.0 ], [ 2509707.273407735861838, 6349727.207688722759485, 0.0 ], [ 2509737.520507737062871, 6349725.411188721656799, 0.0 ] ] ] ] } },
{ "type": "Feature", "properties": { "LAYER": "PARCELARIO_BASE_CATASTRO", "MAP_NAME": "1010_2025.dwg", "ccpp1": "1010 2156", "LAYER_2": "PADRONES_2_VISTALBA" }, "geometry": { "type": "MultiPolygon", "coordinates": [ [ [ [ 2509707.273407735861838, 6349727.207688722759485, 0.0 ], [ 2509701.547107737977058, 6349698.093388722278178, 0.0 ], [ 2509670.89760773582384, 6349699.569588718935847, 0.0 ], [ 2509676.577107735909522, 6349724.76398872025311, 0.0 ], [ 2509676.811007737182081, 6349725.520288719795644, 0.0 ], [ 2509677.159807736985385, 6349726.231588722206652, 0.0 ], [ 2509677.614807737059891, 6349726.880388719961047, 0.0 ], [ 2509678.164907737169415, 6349727.450688721612096, 0.0 ], [ 2509678.796407736837864, 6349727.928288722410798, 0.0 ], [ 2509679.493607737123966, 6349728.301388721913099, 0.0 ], [ 2509680.239307737909257, 6349728.560788720846176, 0.0 ], [ 2509681.015207735821605, 6349728.700088721700013, 0.0 ], [ 2509681.801907735876739, 6349728.71568872127682, 0.0 ], [ 2509707.273407735861838, 6349727.207688722759485, 0.0 ] ] ] ] } },
{ "type": "Feature", "properties": { "LAYER": "PARCELARIO_BASE_CATASTRO", "MAP_NAME": "1010_2025.dwg", "ccpp1": "1010 2150", "LAYER_2": "PADRONES_2_VISTALBA" }, "geometry": { "type": "MultiPolygon", "coordinates": [ [ [ [ 2509579.896186590194702, 6349750.918384342454374, 0.0 ], [ 2509664.427195786032826, 6349745.902205982245505, 0.0 ], [ 2509661.223414453212172, 6349730.883244918659329, 0.0 ], [ 2509655.762047411873937, 6349726.403949983417988, 0.0 ], [ 2509595.618704011198133, 6349731.867535829544067, 0.0 ], [ 2509589.899756484199315, 6349732.845774747431278, 0.0 ], [ 2509585.520305220037699, 6349735.2141522327438, 0.0 ], [ 2509581.65620925789699, 6349739.539007551036775, 0.0 ], [ 2509579.801357692107558, 6349743.657867541536689, 0.0 ], [ 2509579.492280540056527, 6349747.931212651543319, 0.0 ], [ 2509579.896186590194702, 6349750.918384342454374, 0.0 ] ] ] ] } },
{ "type": "Feature", "properties": { "LAYER": "PARCELARIO_BASE_CATASTRO", "MAP_NAME": "1010_2025.dwg", "ccpp1": "1010 2154", "LAYER_2": "PADRONES_2_VISTALBA" }, "geometry": { "type": "MultiPolygon", "coordinates": [ [ [ [ 2509570.051268521230668, 6349700.143178212456405, 0.0 ], [ 2509570.416819269768894, 6349702.968033888377249, 0.0 ], [ 2509571.553535271901637, 6349708.030959503725171, 0.0 ], [ 2509573.632057256996632, 6349712.022864122875035, 0.0 ], [ 2509577.921437939163297, 6349715.219272752292454, 0.0 ], [ 2509581.85111927613616, 6349716.84198081959039, 0.0 ], [ 2509586.268075658008456, 6349717.231447137892246, 0.0 ], [ 2509651.362871955148876, 6349711.190601130947471, 0.0 ], [ 2509655.512045679148287, 6349705.225837339647114, 0.0 ], [ 2509652.6719, 6349692.986499999649823, 0.0 ], [ 2509570.051268521230668, 6349700.143178212456405, 0.0 ] ] ] ] } },
{ "type": "Feature", "properties": { "LAYER": "PARCELARIO_BASE_CATASTRO", "MAP_NAME": "1010_2025.dwg", "ccpp1": "1010 2153", "LAYER_2": "PADRONES_2_VISTALBA" }, "geometry": { "type": "MultiPolygon", "coordinates": [ [ [ [ 2509683.284066710155457, 6349642.956339592114091, 0.0 ], [ 2509684.125666709151119, 6349642.840539592318237, 0.0 ], [ 2509684.937366708181798, 6349642.583739590831101, 0.0 ], [ 2509685.695666708983481, 6349642.193639590404928, 0.0 ], [ 2509686.378466709051281, 6349641.681439593434334, 0.0 ], [ 2509686.966366709209979, 6349641.062139589339495, 0.0 ], [ 2509687.441966710146517, 6349640.353439592756331, 0.0 ], [ 2509687.791766707785428, 6349639.575939593836665, 0.0 ], [ 2509688.00566670903936, 6349638.752139592543244, 0.0 ], [ 2509688.077366708777845, 6349637.9056395906955, 0.0 ], [ 2509688.005066709127277, 6349637.060839590616524, 0.0 ], [ 2509656.529666710179299, 6349480.475839586928487, 0.0 ], [ 2509654.907366708852351, 6349479.177439589984715, 0.0 ], [ 2509653.530066709034145, 6349477.624839588068426, 0.0 ], [ 2509652.438466709107161, 6349475.863939587958157, 0.0 ], [ 2509651.664866709150374, 6349473.946939589455724, 0.0 ], [ 2509651.232066708151251, 6349471.930239588953555, 0.0 ], [ 2509651.152966709807515, 6349469.873739588074386, 0.0 ], [ 2509651.429766708984971, 6349467.837839589454234, 0.0 ], [ 2509652.054266709834337, 6349465.883039588108659, 0.0 ], [ 2509653.008066708222032, 6349464.06693958863616, 0.0 ], [ 2509654.262866707984358, 6349462.443239589221776, 0.0 ], [ 2509655.781566708814353, 6349461.06003958825022, 0.0 ], [ 2509657.519166708923876, 6349459.958139589987695, 0.0 ], [ 2509659.424266709014773, 6349459.170339588075876, 0.0 ], [ 2509661.44066670909524, 6349458.719839588738978, 0.0 ], [ 2509661.791166708804667, 6349458.690339587628841, 0.0 ], [ 2509661.658608125057071, 6349457.378414443694055, 0.0 ], [ 2509621.29216670896858, 6349458.53553958889097, 0.0 ], [ 2509658.9879, 6349644.615399998612702, 0.0 ], [ 2509683.284066710155457, 6349642.956339592114091, 0.0 ] ] ] ] } },
{ "type": "Feature", "properties": { "LAYER": "PARCELARIO_BASE_CATASTRO", "MAP_NAME": "1010_2025.dwg", "ccpp1": "1010 2159", "LAYER_2": "PADRONES_2_VISTALBA" }, "geometry": { "type": "MultiPolygon", "coordinates": [ [ [ [ 2509909.104100000113249, 6349576.857800000347197, 0.0 ], [ 2509939.556474565062672, 6349574.8399404771626, 0.0 ], [ 2509943.805046570021659, 6349567.925741624087095, 0.0 ], [ 2509922.976428344845772, 6349497.108693557791412, 0.0 ], [ 2509885.368092983961105, 6349499.147035522386432, 0.0 ], [ 2509909.104100000113249, 6349576.857800000347197, 0.0 ] ] ] ] } },
{ "type": "Feature", "properties": { "LAYER": "PARCELARIO_BASE_CATASTRO", "MAP_NAME": "1010_2025.dwg", "ccpp1": "1010 2160", "LAYER_2": "PADRONES_2_VISTALBA" }, "geometry": { "type": "MultiPolygon", "coordinates": [ [ [ [ 2509914.670459806919098, 6349468.868501774035394, 0.0 ], [ 2509876.744112002197653, 6349470.994901357218623, 0.0 ], [ 2509885.368093166965991, 6349499.147036119364202, 0.0 ], [ 2509922.976428344845772, 6349497.108693557791412, 0.0 ], [ 2509914.670459806919098, 6349468.868501774035394, 0.0 ] ] ] ] } },
{ "type": "Feature", "properties": { "LAYER": "PARCELARIO_BASE_CATASTRO", "MAP_NAME": "1010_2025.dwg", "ccpp1": "1010 2161", "LAYER_2": "PADRONES_2_VISTALBA" }, "geometry": { "type": "MultiPolygon", "coordinates": [ [ [ [ 2509906.771599419880658, 6349442.012472745962441, 0.0 ], [ 2509868.21100000012666, 6349443.139399999752641, 0.0 ], [ 2509876.744112002197653, 6349470.994901357218623, 0.0 ], [ 2509914.670459805987775, 6349468.868501774035394, 0.0 ], [ 2509906.771599419880658, 6349442.012472745962441, 0.0 ] ] ] ] } },
{ "type": "Feature", "properties": { "LAYER": "PARCELARIO_BASE_CATASTRO", "MAP_NAME": "1010_2025.dwg", "ccpp1": "1010 2056", "LAYER_2": "PADRONES_2_VISTALBA" }, "geometry": { "type": "MultiPolygon", "coordinates": [ [ [ [ 2508842.636099999770522, 6346680.874800000339746, 0.0 ], [ 2508819.5874, 6346678.111700001172721, 0.0 ], [ 2508814.783800000790507, 6346724.873200001195073, 0.0 ], [ 2508838.230899999849498, 6346727.6804, 0.0 ], [ 2508842.636099999770522, 6346680.874800000339746, 0.0 ] ] ] ] } },
{ "type": "Feature", "properties": { "LAYER": "PARCELARIO_BASE_CATASTRO", "MAP_NAME": "1010_2025.dwg", "ccpp1": "1010 2057", "LAYER_2": "PADRONES_2_VISTALBA" }, "geometry": { "type": "MultiPolygon", "coordinates": [ [ [ [ 2508861.032000000122935, 6346728.293499999679625, 0.0 ], [ 2508866.7434, 6346683.761199998669326, 0.0 ], [ 2508842.636099999770522, 6346680.874800000339746, 0.0 ], [ 2508838.230899999849498, 6346727.6804, 0.0 ], [ 2508850.9457, 6346729.2028, 0.0 ], [ 2508857.897599999792874, 6346730.035100000910461, 0.0 ], [ 2508861.032000000122935, 6346728.293499999679625, 0.0 ] ] ] ] } },
{ "type": "Feature", "properties": { "LAYER": "PARCELARIO_BASE_CATASTRO", "MAP_NAME": "1010_2025.dwg", "ccpp1": "1010 2058", "LAYER_2": "PADRONES_2_VISTALBA" }, "geometry": { "type": "MultiPolygon", "coordinates": [ [ [ [ 2508864.0545, 6346726.719200001098216, 0.0 ], [ 2508870.530600000172853, 6346724.0801, 0.0 ], [ 2508877.251000000163913, 6346722.1486, 0.0 ], [ 2508884.13799999980256, 6346720.946899998933077, 0.0 ], [ 2508891.1118, 6346720.489, 0.0 ], [ 2508891.665300000924617, 6346720.498499998822808, 0.0 ], [ 2508896.31, 6346690.582000000402331, 0.0 ], [ 2508894.4838, 6346689.764000000432134, 0.0 ], [ 2508888.261, 6346687.518500000238419, 0.0 ], [ 2508881.854799999855459, 6346685.855100000277162, 0.0 ], [ 2508875.31969999987632, 6346684.788099999539554, 0.0 ], [ 2508866.7434, 6346683.761199998669326, 0.0 ], [ 2508861.032000000122935, 6346728.293499999679625, 0.0 ], [ 2508864.0545, 6346726.719200001098216, 0.0 ] ] ] ] } },
{ "type": "Feature", "properties": { "LAYER": "PARCELARIO_BASE_CATASTRO", "MAP_NAME": "1010_2025.dwg", "ccpp1": "1010 2059", "LAYER_2": "PADRONES_2_VISTALBA" }, "geometry": { "type": "MultiPolygon", "coordinates": [ [ [ [ 2508920.487600000109524, 6346708.201500000432134, 0.0 ], [ 2508920.5238, 6346707.910299999639392, 0.0 ], [ 2508916.0142, 6346703.377000001259148, 0.0 ], [ 2508911.1149, 6346699.264700000174344, 0.0 ], [ 2508905.8651, 6346695.606200000271201, 0.0 ], [ 2508900.3065, 6346692.4309, 0.0 ], [ 2508896.31, 6346690.582000000402331, 0.0 ], [ 2508891.665300000924617, 6346720.498499998822808, 0.0 ], [ 2508898.091700000222772, 6346720.7802, 0.0 ], [ 2508904.997000000905246, 6346721.817000000737607, 0.0 ], [ 2508911.7478, 6346723.587500000372529, 0.0 ], [ 2508918.2659, 6346726.07120000012219, 0.0 ], [ 2508920.487600000109524, 6346708.201500000432134, 0.0 ] ] ] ] } },
{ "type": "Feature", "properties": { "LAYER": "PARCELARIO_BASE_CATASTRO", "MAP_NAME": "1010_2025.dwg", "ccpp1": "1010 2052", "LAYER_2": "PADRONES_2_VISTALBA" }, "geometry": { "type": "MultiPolygon", "coordinates": [ [ [ [ 2508889.9619, 6346839.96750000026077, 0.0 ], [ 2508845.212600000202656, 6346834.313699999824166, 0.0 ], [ 2508841.875399999786168, 6346861.1563, 0.0 ], [ 2508886.624600000213832, 6346866.810499998740852, 0.0 ], [ 2508889.9619, 6346839.96750000026077, 0.0 ] ] ] ] } },
{ "type": "Feature", "properties": { "LAYER": "PARCELARIO_BASE_CATASTRO", "MAP_NAME": "1010_2025.dwg", "ccpp1": "1010 2053", "LAYER_2": "PADRONES_2_VISTALBA" }, "geometry": { "type": "MultiPolygon", "coordinates": [ [ [ [ 2508893.299199999775738, 6346813.124800000339746, 0.0 ], [ 2508848.549999999813735, 6346807.471, 0.0 ], [ 2508845.212600000202656, 6346834.313699999824166, 0.0 ], [ 2508889.9619, 6346839.96750000026077, 0.0 ], [ 2508893.299199999775738, 6346813.124800000339746, 0.0 ] ] ] ] } },
{ "type": "Feature", "properties": { "LAYER": "PARCELARIO_BASE_CATASTRO", "MAP_NAME": "1010_2025.dwg", "ccpp1": "1010 2054", "LAYER_2": "PADRONES_2_VISTALBA" }, "geometry": { "type": "MultiPolygon", "coordinates": [ [ [ [ 2508896.6404, 6346786.250600000843406, 0.0 ], [ 2508851.850999999791384, 6346780.922500000335276, 0.0 ], [ 2508848.549999999813735, 6346807.471, 0.0 ], [ 2508893.299199999775738, 6346813.124800000339746, 0.0 ], [ 2508896.6404, 6346786.250600000843406, 0.0 ] ] ] ] } },
{ "type": "Feature", "properties": { "LAYER": "PARCELARIO_BASE_CATASTRO", "MAP_NAME": "1010_2025.dwg", "ccpp1": "1010 2055", "LAYER_2": "PADRONES_2_VISTALBA" }, "geometry": { "type": "MultiPolygon", "coordinates": [ [ [ [ 2508897.037600000854582, 6346783.061599999666214, 0.0 ], [ 2508894.544700000900775, 6346777.419800000265241, 0.0 ], [ 2508891.3947, 6346772.116000001318753, 0.0 ], [ 2508887.633, 6346767.225199998356402, 0.0 ], [ 2508883.313000001013279, 6346762.817000000737607, 0.0 ], [ 2508878.49599999981001, 6346758.953700000420213, 0.0 ], [ 2508874.832599999848753, 6346756.67469999846071, 0.0 ], [ 2508873.250099999830127, 6346755.6902, 0.0 ], [ 2508867.649799999780953, 6346753.072800001129508, 0.0 ], [ 2508861.774500001221895, 6346751.138399999588728, 0.0 ], [ 2508855.706600000150502, 6346749.9145, 0.0 ], [ 2508854.975999999791384, 6346755.790000000968575, 0.0 ], [ 2508851.850999999791384, 6346780.922500000335276, 0.0 ], [ 2508896.6404, 6346786.250600000843406, 0.0 ], [ 2508897.037600000854582, 6346783.061599999666214, 0.0 ] ] ] ] } },
{ "type": "Feature", "properties": { "LAYER": "PARCELARIO_BASE_CATASTRO", "MAP_NAME": "1010_2025.dwg", "ccpp1": "1010 1978", "LAYER_2": "PADRONES_2_VISTALBA" }, "geometry": { "type": "MultiPolygon", "coordinates": [ [ [ [ 2508932.25760000012815, 6346825.4123, 0.0 ], [ 2508912.353500000201166, 6346823.0291, 0.0 ], [ 2508908.303600000217557, 6346855.603199999779463, 0.0 ], [ 2508908.2719, 6346856.470200000330806, 0.0 ], [ 2508908.391100000124425, 6346857.32909999974072, 0.0 ], [ 2508908.657699999865144, 6346858.153900000266731, 0.0 ], [ 2508909.063500000163913, 6346858.919800000265241, 0.0 ], [ 2508909.596400000154972, 6346859.603699999861419, 0.0 ], [ 2508910.240300000179559, 6346860.184999999590218, 0.0 ], [ 2508910.97580000013113, 6346860.646200000308454, 0.0 ], [ 2508911.7807, 6346860.973299999721348, 0.0 ], [ 2508912.6308, 6346861.156600000336766, 0.0 ], [ 2508927.5789, 6346863.043999999761581, 0.0 ], [ 2508932.25760000012815, 6346825.4123, 0.0 ] ] ] ] } },
{ "type": "Feature", "properties": { "LAYER": "PARCELARIO_BASE_CATASTRO", "MAP_NAME": "1010_2025.dwg", "ccpp1": "1010 2038", "LAYER_2": "PADRONES_2_VISTALBA" }, "geometry": { "type": "MultiPolygon", "coordinates": [ [ [ [ 2508972.066699999850243, 6346830.1787, 0.0 ], [ 2508952.162099999841303, 6346827.7955, 0.0 ], [ 2508947.4676, 6346865.55530000012368, 0.0 ], [ 2508967.35619999980554, 6346868.066499999724329, 0.0 ], [ 2508972.066699999850243, 6346830.1787, 0.0 ] ] ] ] } },
{ "type": "Feature", "properties": { "LAYER": "PARCELARIO_BASE_CATASTRO", "MAP_NAME": "1010_2025.dwg", "ccpp1": "1010 2039", "LAYER_2": "PADRONES_2_VISTALBA" }, "geometry": { "type": "MultiPolygon", "coordinates": [ [ [ [ 2508979.955500000156462, 6346869.283599999733269, 0.0 ], [ 2508982.7996, 6346868.9589, 0.0 ], [ 2508983.848199999891222, 6346868.75829999987036, 0.0 ], [ 2508986.2031, 6346868.079400000162423, 0.0 ], [ 2508987.6124, 6346867.574199999682605, 0.0 ], [ 2508991.9712, 6346832.5619, 0.0 ], [ 2508972.066699999850243, 6346830.1787, 0.0 ], [ 2508967.35619999980554, 6346868.066499999724329, 0.0 ], [ 2508975.7856, 6346869.130900000222027, 0.0 ], [ 2508976.031099999789149, 6346869.150399999693036, 0.0 ], [ 2508979.299999999813735, 6346869.301199999637902, 0.0 ], [ 2508979.955500000156462, 6346869.283599999733269, 0.0 ] ] ] ] } },
{ "type": "Feature", "properties": { "LAYER": "PARCELARIO_BASE_CATASTRO", "MAP_NAME": "1010_2025.dwg", "ccpp1": "1010 2040", "LAYER_2": "PADRONES_2_VISTALBA" }, "geometry": { "type": "MultiPolygon", "coordinates": [ [ [ [ 2508989.100699999835342, 6346866.941700000315905, 0.0 ], [ 2508989.4699, 6346866.774799999780953, 0.0 ], [ 2508994.0365, 6346864.5789, 0.0 ], [ 2508994.5935, 6346864.340900000184774, 0.0 ], [ 2508998.788499999791384, 6346862.825500000268221, 0.0 ], [ 2508999.946899999864399, 6346862.468999999575317, 0.0 ], [ 2509003.685, 6346861.535699999891222, 0.0 ], [ 2509005.470000000204891, 6346861.1903, 0.0 ], [ 2509008.677699999883771, 6346860.697100000455976, 0.0 ], [ 2509011.875700000207871, 6346834.94510000012815, 0.0 ], [ 2508991.9712, 6346832.5619, 0.0 ], [ 2508987.6124, 6346867.574199999682605, 0.0 ], [ 2508989.100699999835342, 6346866.941700000315905, 0.0 ] ] ] ] } },
{ "type": "Feature", "properties": { "LAYER": "PARCELARIO_BASE_CATASTRO", "MAP_NAME": "1010_2025.dwg", "ccpp1": "1010 2041", "LAYER_2": "PADRONES_2_VISTALBA" }, "geometry": { "type": "MultiPolygon", "coordinates": [ [ [ [ 2509032.180199999827892, 6346834.1113, 0.0 ], [ 2509012.275700000114739, 6346831.7281, 0.0 ], [ 2509011.875700000207871, 6346834.94510000012815, 0.0 ], [ 2509008.677699999883771, 6346860.697100000455976, 0.0 ], [ 2509011.0949, 6346860.495500000193715, 0.0 ], [ 2509013.254199999850243, 6346860.392699999734759, 0.0 ], [ 2509014.400899999774992, 6346860.372700000181794, 0.0 ], [ 2509016.760300000198185, 6346860.398299999535084, 0.0 ], [ 2509017.838099999818951, 6346860.460199999623001, 0.0 ], [ 2509022.402300000190735, 6346860.9062, 0.0 ], [ 2509028.749299999792129, 6346861.707600000314415, 0.0 ], [ 2509032.180199999827892, 6346834.1113, 0.0 ] ] ] ] } },
{ "type": "Feature", "properties": { "LAYER": "PARCELARIO_BASE_CATASTRO", "MAP_NAME": "1010_2025.dwg", "ccpp1": "1010 2042", "LAYER_2": "PADRONES_2_VISTALBA" }, "geometry": { "type": "MultiPolygon", "coordinates": [ [ [ [ 2509052.4847, 6346833.2774, 0.0 ], [ 2509032.580200000200421, 6346830.8942, 0.0 ], [ 2509032.180199999827892, 6346834.1113, 0.0 ], [ 2509028.749299999792129, 6346861.707600000314415, 0.0 ], [ 2509048.6379, 6346864.2188, 0.0 ], [ 2509052.4847, 6346833.2774, 0.0 ] ] ] ] } },
{ "type": "Feature", "properties": { "LAYER": "PARCELARIO_BASE_CATASTRO", "MAP_NAME": "1010_2025.dwg", "ccpp1": "1010 2043", "LAYER_2": "PADRONES_2_VISTALBA" }, "geometry": { "type": "MultiPolygon", "coordinates": [ [ [ [ 2509064.894299999810755, 6346866.004599999636412, 0.0 ], [ 2509065.681299999821931, 6346865.777099999599159, 0.0 ], [ 2509066.421200000215322, 6346865.425099999643862, 0.0 ], [ 2509067.094200000166893, 6346864.958100000396371, 0.0 ], [ 2509067.6823, 6346864.388399999588728, 0.0 ], [ 2509068.17, 6346863.7314, 0.0 ], [ 2509068.544300000183284, 6346863.004300000146031, 0.0 ], [ 2509068.795, 6346862.226800000295043, 0.0 ], [ 2509068.915699999779463, 6346861.4194, 0.0 ], [ 2509070.642700000200421, 6346835.451500000432134, 0.0 ], [ 2509052.4847, 6346833.2774, 0.0 ], [ 2509048.6379, 6346864.2188, 0.0 ], [ 2509063.263499999884516, 6346866.065499999560416, 0.0 ], [ 2509064.081199999898672, 6346866.101599999703467, 0.0 ], [ 2509064.894299999810755, 6346866.004599999636412, 0.0 ] ] ] ] } },
{ "type": "Feature", "properties": { "LAYER": "PARCELARIO_BASE_CATASTRO", "MAP_NAME": "1010_2025.dwg", "ccpp1": "1010 2044", "LAYER_2": "PADRONES_2_VISTALBA" }, "geometry": { "type": "MultiPolygon", "coordinates": [ [ [ [ 2509072.409899999853224, 6346808.878899999894202, 0.0 ], [ 2509072.3949000001885, 6346808.039599999785423, 0.0 ], [ 2509072.239, 6346807.215200000442564, 0.0 ], [ 2509071.9468, 6346806.428999999538064, 0.0 ], [ 2509071.526500000152737, 6346805.703099999576807, 0.0 ], [ 2509070.9899, 6346805.0581, 0.0 ], [ 2509070.3522, 6346804.5121, 0.0 ], [ 2509069.631399999838322, 6346804.080500000156462, 0.0 ], [ 2509068.847800000105053, 6346803.775500000454485, 0.0 ], [ 2509068.02350000012666, 6346803.6058, 0.0 ], [ 2509056.347500000149012, 6346802.2078, 0.0 ], [ 2509052.4847, 6346833.2774, 0.0 ], [ 2509070.642700000200421, 6346835.451500000432134, 0.0 ], [ 2509072.409899999853224, 6346808.878899999894202, 0.0 ] ] ] ] } },
{ "type": "Feature", "properties": { "LAYER": "PARCELARIO_BASE_CATASTRO", "MAP_NAME": "1010_2025.dwg", "ccpp1": "1010 2045", "LAYER_2": "PADRONES_2_VISTALBA" }, "geometry": { "type": "MultiPolygon", "coordinates": [ [ [ [ 2509056.347500000149012, 6346802.2078, 0.0 ], [ 2509052.818700000178069, 6346801.785299999639392, 0.0 ], [ 2509043.779200000222772, 6346803.5877, 0.0 ], [ 2509035.853800000157207, 6346804.535199999809265, 0.0 ], [ 2509032.580200000200421, 6346830.8942, 0.0 ], [ 2509052.4847, 6346833.2774, 0.0 ], [ 2509056.347500000149012, 6346802.2078, 0.0 ] ] ] ] } },
{ "type": "Feature", "properties": { "LAYER": "PARCELARIO_BASE_CATASTRO", "MAP_NAME": "1010_2025.dwg", "ccpp1": "1010 2046", "LAYER_2": "PADRONES_2_VISTALBA" }, "geometry": { "type": "MultiPolygon", "coordinates": [ [ [ [ 2509032.580200000200421, 6346830.8942, 0.0 ], [ 2509035.853800000157207, 6346804.535199999809265, 0.0 ], [ 2509034.625, 6346804.648400000296533, 0.0 ], [ 2509025.417299999855459, 6346804.96030000038445, 0.0 ], [ 2509016.2177, 6346804.5214, 0.0 ], [ 2509015.666199999861419, 6346804.458399999886751, 0.0 ], [ 2509012.275700000114739, 6346831.7281, 0.0 ], [ 2509032.180199999827892, 6346834.1113, 0.0 ], [ 2509032.580200000200421, 6346830.8942, 0.0 ] ] ] ] } },
{ "type": "Feature", "properties": { "LAYER": "PARCELARIO_BASE_CATASTRO", "MAP_NAME": "1010_2025.dwg", "ccpp1": "1010 2047", "LAYER_2": "PADRONES_2_VISTALBA" }, "geometry": { "type": "MultiPolygon", "coordinates": [ [ [ [ 2509012.275700000114739, 6346831.7281, 0.0 ], [ 2509015.666199999861419, 6346804.458399999886751, 0.0 ], [ 2509007.663800000213087, 6346803.376899999566376, 0.0 ], [ 2508999.232600000221282, 6346801.549800000153482, 0.0 ], [ 2508995.9479, 6346800.613599999807775, 0.0 ], [ 2508991.9712, 6346832.5619, 0.0 ], [ 2509011.875700000207871, 6346834.94510000012815, 0.0 ], [ 2509012.275700000114739, 6346831.7281, 0.0 ] ] ] ] } },
{ "type": "Feature", "properties": { "LAYER": "PARCELARIO_BASE_CATASTRO", "MAP_NAME": "1010_2025.dwg", "ccpp1": "1010 2048", "LAYER_2": "PADRONES_2_VISTALBA" }, "geometry": { "type": "MultiPolygon", "coordinates": [ [ [ [ 2508995.9479, 6346800.613599999807775, 0.0 ], [ 2508990.9789, 6346799.0521, 0.0 ], [ 2508982.9561, 6346795.900000000372529, 0.0 ], [ 2508978.7146, 6346794.4973, 0.0 ], [ 2508976.842800000216812, 6346793.881199999712408, 0.0 ], [ 2508976.5891, 6346793.801300000399351, 0.0 ], [ 2508972.066699999850243, 6346830.1787, 0.0 ], [ 2508991.9712, 6346832.5619, 0.0 ], [ 2508995.9479, 6346800.613599999807775, 0.0 ] ] ] ] } },
{ "type": "Feature", "properties": { "LAYER": "PARCELARIO_BASE_CATASTRO", "MAP_NAME": "1010_2025.dwg", "ccpp1": "1010 2049", "LAYER_2": "PADRONES_2_VISTALBA" }, "geometry": { "type": "MultiPolygon", "coordinates": [ [ [ [ 2508976.5891, 6346793.801300000399351, 0.0 ], [ 2508970.5197, 6346792.264499999582767, 0.0 ], [ 2508964.223199999891222, 6346791.118900000117719, 0.0 ], [ 2508958.8994, 6346790.531499999575317, 0.0 ], [ 2508957.8616, 6346790.415900000371039, 0.0 ], [ 2508956.8248, 6346790.291799999773502, 0.0 ], [ 2508952.162099999841303, 6346827.7955, 0.0 ], [ 2508972.066699999850243, 6346830.1787, 0.0 ], [ 2508976.5891, 6346793.801300000399351, 0.0 ] ] ] ] } },
{ "type": "Feature", "properties": { "LAYER": "PARCELARIO_BASE_CATASTRO", "MAP_NAME": "1010_2025.dwg", "ccpp1": "1010 2050", "LAYER_2": "PADRONES_2_VISTALBA" }, "geometry": { "type": "MultiPolygon", "coordinates": [ [ [ [ 2508956.8248, 6346790.291799999773502, 0.0 ], [ 2508936.920299999881536, 6346787.908599999733269, 0.0 ], [ 2508932.25760000012815, 6346825.4123, 0.0 ], [ 2508952.162099999841303, 6346827.7955, 0.0 ], [ 2508956.8248, 6346790.291799999773502, 0.0 ] ] ] ] } },
{ "type": "Feature", "properties": { "LAYER": "PARCELARIO_BASE_CATASTRO", "MAP_NAME": "1010_2025.dwg", "ccpp1": "1010 2051", "LAYER_2": "PADRONES_2_VISTALBA" }, "geometry": { "type": "MultiPolygon", "coordinates": [ [ [ [ 2508936.920299999881536, 6346787.908599999733269, 0.0 ], [ 2508921.9923, 6346786.1212, 0.0 ], [ 2508921.20630000019446, 6346786.089100000448525, 0.0 ], [ 2508920.4244, 6346786.17989999987185, 0.0 ], [ 2508919.666000000201166, 6346786.3915, 0.0 ], [ 2508918.9496, 6346786.71860000025481, 0.0 ], [ 2508918.293, 6346787.153099999763072, 0.0 ], [ 2508917.7122, 6346787.684399999678135, 0.0 ], [ 2508917.221700000111014, 6346788.2994, 0.0 ], [ 2508916.833500000182539, 6346788.982900000177324, 0.0 ], [ 2508916.557099999859929, 6346789.718100000172853, 0.0 ], [ 2508916.399300000164658, 6346790.487000000663102, 0.0 ], [ 2508912.353500000201166, 6346823.0291, 0.0 ], [ 2508932.25760000012815, 6346825.4123, 0.0 ], [ 2508936.920299999881536, 6346787.908599999733269, 0.0 ] ] ] ] } },
{ "type": "Feature", "properties": { "LAYER": "PARCELARIO_BASE_CATASTRO", "MAP_NAME": "1010_2025.dwg", "ccpp1": "1010 2020", "LAYER_2": "PADRONES_2_VISTALBA" }, "geometry": { "type": "MultiPolygon", "coordinates": [ [ [ [ 2509065.147100000176579, 6346883.052699999883771, 0.0 ], [ 2509064.431400000117719, 6346882.619699999690056, 0.0 ], [ 2509063.65279999980703, 6346882.31180000025779, 0.0 ], [ 2509062.8331, 6346882.137799999676645, 0.0 ], [ 2509046.664299999829382, 6346880.096199999563396, 0.0 ], [ 2509026.775700000114739, 6346877.585, 0.0 ], [ 2509019.9723, 6346876.725999999791384, 0.0 ], [ 2509015.514, 6346876.349899999797344, 0.0 ], [ 2509015.239200000185519, 6346876.342999999411404, 0.0 ], [ 2509011.042299999855459, 6346876.521499999798834, 0.0 ], [ 2509010.4956, 6346876.583200000226498, 0.0 ], [ 2509009.981800000183284, 6346876.683199999853969, 0.0 ], [ 2509006.62209999980405, 6346877.226800000295043, 0.0 ], [ 2509005.82549999980256, 6346877.4457, 0.0 ], [ 2509001.675100000109524, 6346878.717799999751151, 0.0 ], [ 2509001.2911, 6346878.868900000117719, 0.0 ], [ 2509000.5364, 6346879.2171, 0.0 ], [ 2508996.9814, 6346880.878399999812245, 0.0 ], [ 2508993.2793, 6346882.541000000201166, 0.0 ], [ 2508992.6436, 6346882.792000000365078, 0.0 ], [ 2508991.224899999797344, 6346883.24349999986589, 0.0 ], [ 2508989.432899999897927, 6346883.8262, 0.0 ], [ 2508988.108899999875575, 6346884.170800000429153, 0.0 ], [ 2508985.4811, 6346884.733799999579787, 0.0 ], [ 2508983.44620000012219, 6346885.011099999770522, 0.0 ], [ 2508981.664599999785423, 6346885.182199999690056, 0.0 ], [ 2508978.718400000128895, 6346885.304999999701977, 0.0 ], [ 2508977.8248, 6346885.2851, 0.0 ], [ 2508973.9904, 6346885.030799999833107, 0.0 ], [ 2508965.38260000012815, 6346883.943900000303984, 0.0 ], [ 2508945.494, 6346881.432699999772012, 0.0 ], [ 2508925.605399999767542, 6346878.921500000171363, 0.0 ], [ 2508910.721, 6346877.042100000195205, 0.0 ], [ 2508909.932, 6346877.004999999888241, 0.0 ], [ 2508909.1464, 6346877.091900000348687, 0.0 ], [ 2508908.3262, 6346877.2714, 0.0 ], [ 2508907.663199999835342, 6346877.6261, 0.0 ], [ 2508907.002299999818206, 6346878.060100000351667, 0.0 ], [ 2508906.417700000107288, 6346878.591900000348687, 0.0 ], [ 2508905.9238, 6346879.2083, 0.0 ], [ 2508905.532800000160933, 6346879.893999999389052, 0.0 ], [ 2508905.254600000102073, 6346880.632000000216067, 0.0 ], [ 2508905.0959, 6346881.403900000266731, 0.0 ], [ 2508903.496600000187755, 6346894.267199999652803, 0.0 ], [ 2508901.618600000161678, 6346909.372899999842048, 0.0 ], [ 2508891.7818, 6346908.206199999898672, 0.0 ], [ 2508889.2371, 6346909.12569999974221, 0.0 ], [ 2508886.594200000166893, 6346909.703099999576807, 0.0 ], [ 2508883.8994, 6346909.928299999795854, 0.0 ], [ 2508883.3413, 6346909.857699999585748, 0.0 ], [ 2508882.528599999845028, 6346909.821399999782443, 0.0 ], [ 2508881.720199999865144, 6346909.916500000283122, 0.0 ], [ 2508880.937400000169873, 6346910.140700000338256, 0.0 ], [ 2508880.200800000224262, 6346910.4879, 0.0 ], [ 2508879.529800000134856, 6346910.949099999852479, 0.0 ], [ 2508878.941999999806285, 6346911.512000000104308, 0.0 ], [ 2508878.453000000212342, 6346912.161999999545515, 0.0 ], [ 2508878.0756, 6346912.881799999624491, 0.0 ], [ 2508877.81969999987632, 6346913.652499999850988, 0.0 ], [ 2508877.6922, 6346914.4539, 0.0 ], [ 2508876.1288, 6346934.864799999631941, 0.0 ], [ 2508876.135600000154227, 6346935.706199999898672, 0.0 ], [ 2508876.284, 6346936.534, 0.0 ], [ 2508876.569800000172108, 6346937.3246, 0.0 ], [ 2508876.9847, 6346938.055800000205636, 0.0 ], [ 2508877.517200000118464, 6346938.706799999810755, 0.0 ], [ 2508878.151999999769032, 6346939.259100000374019, 0.0 ], [ 2508878.871300000231713, 6346939.697000000625849, 0.0 ], [ 2508879.654500000178814, 6346940.0082, 0.0 ], [ 2508880.479499999899417, 6346940.183899999596179, 0.0 ], [ 2508897.520500000100583, 6346942.33559999987483, 0.0 ], [ 2508917.409099999815226, 6346944.846800000406802, 0.0 ], [ 2508937.2977, 6346947.358099999837577, 0.0 ], [ 2508957.186300000175834, 6346949.869300000369549, 0.0 ], [ 2508970.3059, 6346951.5258, 0.0 ], [ 2508970.551400000229478, 6346951.545300000347197, 0.0 ], [ 2508973.848600000143051, 6346951.720300000160933, 0.0 ], [ 2508977.221599999815226, 6346951.403599999845028, 0.0 ], [ 2508980.2037, 6346950.666000000201166, 0.0 ], [ 2508980.709600000176579, 6346950.539599999785423, 0.0 ], [ 2508983.990199999883771, 6346949.169800000265241, 0.0 ], [ 2508988.599, 6346946.954400000162423, 0.0 ], [ 2508989.1135, 6346946.735100000165403, 0.0 ], [ 2508993.419300000183284, 6346945.1754, 0.0 ], [ 2508994.4682, 6346944.867999999783933, 0.0 ], [ 2508998.3369, 6346943.8816, 0.0 ], [ 2508999.99239999987185, 6346943.6025, 0.0 ], [ 2509004.498699999880046, 6346942.967899999581277, 0.0 ], [ 2509005.6135, 6346942.882399999536574, 0.0 ], [ 2509010.721400000154972, 6346942.767199999652803, 0.0 ], [ 2509011.279399999883026, 6346942.7895, 0.0 ], [ 2509016.922600000165403, 6346943.301099999807775, 0.0 ], [ 2509018.579400000162423, 6346943.510300000198185, 0.0 ], [ 2509038.468100000172853, 6346946.021599999628961, 0.0 ], [ 2509057.783799999859184, 6346948.4605, 0.0 ], [ 2509058.60149999987334, 6346948.496600000187755, 0.0 ], [ 2509059.414599999785423, 6346948.399500000290573, 0.0 ], [ 2509060.201599999796599, 6346948.17200000025332, 0.0 ], [ 2509060.94150000018999, 6346947.82010000012815, 0.0 ], [ 2509061.614399999845773, 6346947.352999999187887, 0.0 ], [ 2509062.2026, 6346946.7834, 0.0 ], [ 2509062.6903, 6346946.126299999654293, 0.0 ], [ 2509063.064600000157952, 6346945.399299999698997, 0.0 ], [ 2509063.3153, 6346944.6217, 0.0 ], [ 2509063.436000000219792, 6346943.814399999566376, 0.0 ], [ 2509065.2906, 6346915.9282, 0.0 ], [ 2509067.187400000169873, 6346887.406899999827147, 0.0 ], [ 2509067.1727, 6346886.57120000012219, 0.0 ], [ 2509067.0184, 6346885.750199999660254, 0.0 ], [ 2509066.728800000157207, 6346884.966799999587238, 0.0 ], [ 2509066.312100000213832, 6346884.242999999783933, 0.0 ], [ 2509065.7799, 6346883.598899999633431, 0.0 ], [ 2509065.147100000176579, 6346883.052699999883771, 0.0 ] ] ] ] } },
{ "type": "Feature", "properties": { "LAYER": "PARCELARIO_BASE_CATASTRO", "MAP_NAME": "1010_2025.dwg", "ccpp1": "1010 2020", "LAYER_2": "PADRONES_2_VISTALBA" }, "geometry": { "type": "MultiPolygon", "coordinates": [ [ [ [ 2508901.618600000161678, 6346909.372899999842048, 0.0 ], [ 2508891.7818, 6346908.206199999898672, 0.0 ], [ 2508889.2371, 6346909.12569999974221, 0.0 ], [ 2508886.594200000166893, 6346909.703099999576807, 0.0 ], [ 2508883.8994, 6346909.928299999795854, 0.0 ], [ 2508883.3413, 6346909.857699999585748, 0.0 ], [ 2508882.528599999845028, 6346909.821399999782443, 0.0 ], [ 2508881.720199999865144, 6346909.916500000283122, 0.0 ], [ 2508880.937400000169873, 6346910.140700000338256, 0.0 ], [ 2508880.200800000224262, 6346910.4879, 0.0 ], [ 2508879.529800000134856, 6346910.949099999852479, 0.0 ], [ 2508878.941999999806285, 6346911.512000000104308, 0.0 ], [ 2508878.453000000212342, 6346912.161999999545515, 0.0 ], [ 2508878.0756, 6346912.881799999624491, 0.0 ], [ 2508877.81969999987632, 6346913.652499999850988, 0.0 ], [ 2508877.6922, 6346914.4539, 0.0 ], [ 2508876.1288, 6346934.864799999631941, 0.0 ], [ 2508876.135600000154227, 6346935.706199999898672, 0.0 ], [ 2508876.284, 6346936.534, 0.0 ], [ 2508876.569800000172108, 6346937.3246, 0.0 ], [ 2508876.9847, 6346938.055800000205636, 0.0 ], [ 2508877.517200000118464, 6346938.706799999810755, 0.0 ], [ 2508878.151999999769032, 6346939.259100000374019, 0.0 ], [ 2508878.871300000231713, 6346939.697000000625849, 0.0 ], [ 2508879.654500000178814, 6346940.0082, 0.0 ], [ 2508880.479499999899417, 6346940.183899999596179, 0.0 ], [ 2508897.520500000100583, 6346942.33559999987483, 0.0 ], [ 2508901.618600000161678, 6346909.372899999842048, 0.0 ] ] ] ] } },
{ "type": "Feature", "properties": { "LAYER": "PARCELARIO_BASE_CATASTRO", "MAP_NAME": "1010_2025.dwg", "ccpp1": "1010 2021", "LAYER_2": "PADRONES_2_VISTALBA" }, "geometry": { "type": "MultiPolygon", "coordinates": [ [ [ [ 2508921.523200000170618, 6346911.756099999882281, 0.0 ], [ 2508901.618600000161678, 6346909.372899999842048, 0.0 ], [ 2508897.520500000100583, 6346942.33559999987483, 0.0 ], [ 2508917.409099999815226, 6346944.846800000406802, 0.0 ], [ 2508921.523200000170618, 6346911.756099999882281, 0.0 ] ] ] ] } },
{ "type": "Feature", "properties": { "LAYER": "PARCELARIO_BASE_CATASTRO", "MAP_NAME": "1010_2025.dwg", "ccpp1": "1010 2022", "LAYER_2": "PADRONES_2_VISTALBA" }, "geometry": { "type": "MultiPolygon", "coordinates": [ [ [ [ 2508941.427699999883771, 6346914.1393, 0.0 ], [ 2508921.523200000170618, 6346911.756099999882281, 0.0 ], [ 2508917.409099999815226, 6346944.846800000406802, 0.0 ], [ 2508937.2977, 6346947.358099999837577, 0.0 ], [ 2508941.427699999883771, 6346914.1393, 0.0 ] ] ] ] } },
{ "type": "Feature", "properties": { "LAYER": "PARCELARIO_BASE_CATASTRO", "MAP_NAME": "1010_2025.dwg", "ccpp1": "1010 2025", "LAYER_2": "PADRONES_2_VISTALBA" }, "geometry": { "type": "MultiPolygon", "coordinates": [ [ [ [ 2508980.2037, 6346950.666000000201166, 0.0 ], [ 2508980.709600000176579, 6346950.539599999785423, 0.0 ], [ 2508983.990199999883771, 6346949.169800000265241, 0.0 ], [ 2508988.599, 6346946.954400000162423, 0.0 ], [ 2508989.1135, 6346946.735100000165403, 0.0 ], [ 2508993.419300000183284, 6346945.1754, 0.0 ], [ 2508994.4682, 6346944.867999999783933, 0.0 ], [ 2508998.3369, 6346943.8816, 0.0 ], [ 2509001.141299999784678, 6346921.2889, 0.0 ], [ 2509001.940099999774247, 6346914.863800000399351, 0.0 ], [ 2508982.0356, 6346912.480600000359118, 0.0 ], [ 2508981.2368, 6346918.9057, 0.0 ], [ 2508977.221599999815226, 6346951.403599999845028, 0.0 ], [ 2508980.2037, 6346950.666000000201166, 0.0 ] ] ] ] } },
{ "type": "Feature", "properties": { "LAYER": "PARCELARIO_BASE_CATASTRO", "MAP_NAME": "1010_2025.dwg", "ccpp1": "1010 2026", "LAYER_2": "PADRONES_2_VISTALBA" }, "geometry": { "type": "MultiPolygon", "coordinates": [ [ [ [ 2508999.99239999987185, 6346943.6025, 0.0 ], [ 2509004.498699999880046, 6346942.967899999581277, 0.0 ], [ 2509005.6135, 6346942.882399999536574, 0.0 ], [ 2509010.721400000154972, 6346942.767199999652803, 0.0 ], [ 2509011.279399999883026, 6346942.7895, 0.0 ], [ 2509016.922600000165403, 6346943.301099999807775, 0.0 ], [ 2509018.579400000162423, 6346943.510300000198185, 0.0 ], [ 2509022.643499999772757, 6346910.822000000625849, 0.0 ], [ 2509002.738900000229478, 6346908.438799999654293, 0.0 ], [ 2509001.940099999774247, 6346914.863800000399351, 0.0 ], [ 2509001.141299999784678, 6346921.2889, 0.0 ], [ 2508998.3369, 6346943.8816, 0.0 ], [ 2508999.99239999987185, 6346943.6025, 0.0 ] ] ] ] } },
{ "type": "Feature", "properties": { "LAYER": "PARCELARIO_BASE_CATASTRO", "MAP_NAME": "1010_2025.dwg", "ccpp1": "1010 2027", "LAYER_2": "PADRONES_2_VISTALBA" }, "geometry": { "type": "MultiPolygon", "coordinates": [ [ [ [ 2509042.548, 6346913.205199999734759, 0.0 ], [ 2509022.643499999772757, 6346910.822000000625849, 0.0 ], [ 2509018.579400000162423, 6346943.510300000198185, 0.0 ], [ 2509038.468100000172853, 6346946.021599999628961, 0.0 ], [ 2509042.548, 6346913.205199999734759, 0.0 ] ] ] ] } },
{ "type": "Feature", "properties": { "LAYER": "PARCELARIO_BASE_CATASTRO", "MAP_NAME": "1010_2025.dwg", "ccpp1": "1010 2028", "LAYER_2": "PADRONES_2_VISTALBA" }, "geometry": { "type": "MultiPolygon", "coordinates": [ [ [ [ 2509059.414599999785423, 6346948.399500000290573, 0.0 ], [ 2509060.201599999796599, 6346948.17200000025332, 0.0 ], [ 2509060.94150000018999, 6346947.82010000012815, 0.0 ], [ 2509061.614399999845773, 6346947.352999999187887, 0.0 ], [ 2509062.2026, 6346946.7834, 0.0 ], [ 2509062.6903, 6346946.126299999654293, 0.0 ], [ 2509063.064600000157952, 6346945.399299999698997, 0.0 ], [ 2509063.3153, 6346944.6217, 0.0 ], [ 2509063.436000000219792, 6346943.814399999566376, 0.0 ], [ 2509065.2906, 6346915.9282, 0.0 ], [ 2509042.548, 6346913.205199999734759, 0.0 ], [ 2509038.468100000172853, 6346946.021599999628961, 0.0 ], [ 2509057.783799999859184, 6346948.4605, 0.0 ], [ 2509058.60149999987334, 6346948.496600000187755, 0.0 ], [ 2509059.414599999785423, 6346948.399500000290573, 0.0 ] ] ] ] } },
{ "type": "Feature", "properties": { "LAYER": "PARCELARIO_BASE_CATASTRO", "MAP_NAME": "1010_2025.dwg", "ccpp1": "1010 2029", "LAYER_2": "PADRONES_2_VISTALBA" }, "geometry": { "type": "MultiPolygon", "coordinates": [ [ [ [ 2509067.187400000169873, 6346887.406899999827147, 0.0 ], [ 2509067.1727, 6346886.57120000012219, 0.0 ], [ 2509067.0184, 6346885.750199999660254, 0.0 ], [ 2509066.728800000157207, 6346884.966799999587238, 0.0 ], [ 2509066.312100000213832, 6346884.242999999783933, 0.0 ], [ 2509065.7799, 6346883.598899999633431, 0.0 ], [ 2509065.147100000176579, 6346883.052699999883771, 0.0 ], [ 2509064.431400000117719, 6346882.619699999690056, 0.0 ], [ 2509063.65279999980703, 6346882.31180000025779, 0.0 ], [ 2509062.8331, 6346882.137799999676645, 0.0 ], [ 2509046.664299999829382, 6346880.096199999563396, 0.0 ], [ 2509042.548, 6346913.205199999734759, 0.0 ], [ 2509065.2906, 6346915.9282, 0.0 ], [ 2509067.187400000169873, 6346887.406899999827147, 0.0 ] ] ] ] } },
{ "type": "Feature", "properties": { "LAYER": "PARCELARIO_BASE_CATASTRO", "MAP_NAME": "1010_2025.dwg", "ccpp1": "1010 2030", "LAYER_2": "PADRONES_2_VISTALBA" }, "geometry": { "type": "MultiPolygon", "coordinates": [ [ [ [ 2509046.664299999829382, 6346880.096199999563396, 0.0 ], [ 2509026.775700000114739, 6346877.585, 0.0 ], [ 2509022.643499999772757, 6346910.822000000625849, 0.0 ], [ 2509042.548, 6346913.205199999734759, 0.0 ], [ 2509046.664299999829382, 6346880.096199999563396, 0.0 ] ] ] ] } },
{ "type": "Feature", "properties": { "LAYER": "PARCELARIO_BASE_CATASTRO", "MAP_NAME": "1010_2025.dwg", "ccpp1": "1010 2031", "LAYER_2": "PADRONES_2_VISTALBA" }, "geometry": { "type": "MultiPolygon", "coordinates": [ [ [ [ 2509026.775700000114739, 6346877.585, 0.0 ], [ 2509019.9723, 6346876.725999999791384, 0.0 ], [ 2509015.514, 6346876.349899999797344, 0.0 ], [ 2509015.239200000185519, 6346876.342999999411404, 0.0 ], [ 2509011.042299999855459, 6346876.521499999798834, 0.0 ], [ 2509010.4956, 6346876.583200000226498, 0.0 ], [ 2509009.981800000183284, 6346876.683199999853969, 0.0 ], [ 2509006.62209999980405, 6346877.226800000295043, 0.0 ], [ 2509002.738900000229478, 6346908.438799999654293, 0.0 ], [ 2509022.643499999772757, 6346910.822000000625849, 0.0 ], [ 2509026.775700000114739, 6346877.585, 0.0 ] ] ] ] } },
{ "type": "Feature", "properties": { "LAYER": "PARCELARIO_BASE_CATASTRO", "MAP_NAME": "1010_2025.dwg", "ccpp1": "1010 2032", "LAYER_2": "PADRONES_2_VISTALBA" }, "geometry": { "type": "MultiPolygon", "coordinates": [ [ [ [ 2509002.738900000229478, 6346908.438799999654293, 0.0 ], [ 2509006.62209999980405, 6346877.226800000295043, 0.0 ], [ 2509005.82549999980256, 6346877.4457, 0.0 ], [ 2509001.675100000109524, 6346878.717799999751151, 0.0 ], [ 2509001.2911, 6346878.868900000117719, 0.0 ], [ 2509000.5364, 6346879.2171, 0.0 ], [ 2508996.9814, 6346880.878399999812245, 0.0 ], [ 2508993.2793, 6346882.541000000201166, 0.0 ], [ 2508992.6436, 6346882.792000000365078, 0.0 ], [ 2508991.224899999797344, 6346883.24349999986589, 0.0 ], [ 2508989.432899999897927, 6346883.8262, 0.0 ], [ 2508988.108899999875575, 6346884.170800000429153, 0.0 ], [ 2508985.4811, 6346884.733799999579787, 0.0 ], [ 2508982.0356, 6346912.480600000359118, 0.0 ], [ 2509001.940099999774247, 6346914.863800000399351, 0.0 ], [ 2509002.738900000229478, 6346908.438799999654293, 0.0 ] ] ] ] } },
{ "type": "Feature", "properties": { "LAYER": "PARCELARIO_BASE_CATASTRO", "MAP_NAME": "1010_2025.dwg", "ccpp1": "1010 2034", "LAYER_2": "PADRONES_2_VISTALBA" }, "geometry": { "type": "MultiPolygon", "coordinates": [ [ [ [ 2508965.38260000012815, 6346883.943900000303984, 0.0 ], [ 2508945.494, 6346881.432699999772012, 0.0 ], [ 2508941.427699999883771, 6346914.1393, 0.0 ], [ 2508961.3322, 6346916.5225, 0.0 ], [ 2508965.38260000012815, 6346883.943900000303984, 0.0 ] ] ] ] } },
{ "type": "Feature", "properties": { "LAYER": "PARCELARIO_BASE_CATASTRO", "MAP_NAME": "1010_2025.dwg", "ccpp1": "1010 2035", "LAYER_2": "PADRONES_2_VISTALBA" }, "geometry": { "type": "MultiPolygon", "coordinates": [ [ [ [ 2508945.494, 6346881.432699999772012, 0.0 ], [ 2508925.605399999767542, 6346878.921500000171363, 0.0 ], [ 2508921.523200000170618, 6346911.756099999882281, 0.0 ], [ 2508941.427699999883771, 6346914.1393, 0.0 ], [ 2508945.494, 6346881.432699999772012, 0.0 ] ] ] ] } },
{ "type": "Feature", "properties": { "LAYER": "PARCELARIO_BASE_CATASTRO", "MAP_NAME": "1010_2025.dwg", "ccpp1": "1010 2036", "LAYER_2": "PADRONES_2_VISTALBA" }, "geometry": { "type": "MultiPolygon", "coordinates": [ [ [ [ 2508925.605399999767542, 6346878.921500000171363, 0.0 ], [ 2508910.721, 6346877.042100000195205, 0.0 ], [ 2508909.932, 6346877.004999999888241, 0.0 ], [ 2508909.1464, 6346877.091900000348687, 0.0 ], [ 2508908.3262, 6346877.2714, 0.0 ], [ 2508907.663199999835342, 6346877.6261, 0.0 ], [ 2508907.002299999818206, 6346878.060100000351667, 0.0 ], [ 2508906.417700000107288, 6346878.591900000348687, 0.0 ], [ 2508905.9238, 6346879.2083, 0.0 ], [ 2508905.532800000160933, 6346879.893999999389052, 0.0 ], [ 2508905.254600000102073, 6346880.632000000216067, 0.0 ], [ 2508905.0959, 6346881.403900000266731, 0.0 ], [ 2508903.496600000187755, 6346894.267199999652803, 0.0 ], [ 2508901.618600000161678, 6346909.372899999842048, 0.0 ], [ 2508921.523200000170618, 6346911.756099999882281, 0.0 ], [ 2508925.605399999767542, 6346878.921500000171363, 0.0 ] ] ] ] } },
{ "type": "Feature", "properties": { "LAYER": "PARCELARIO_BASE_CATASTRO", "MAP_NAME": "1010_2025.dwg", "ccpp1": "1010 2023", "LAYER_2": "PADRONES_2_VISTALBA" }, "geometry": { "type": "MultiPolygon", "coordinates": [ [ [ [ 2508961.3322, 6346916.5225, 0.0 ], [ 2508941.427699999883771, 6346914.1393, 0.0 ], [ 2508937.2977, 6346947.358099999837577, 0.0 ], [ 2508957.186300000175834, 6346949.869300000369549, 0.0 ], [ 2508960.4866, 6346923.323699999600649, 0.0 ], [ 2508961.3322, 6346916.5225, 0.0 ] ] ] ] } },
{ "type": "Feature", "properties": { "LAYER": "PARCELARIO_BASE_CATASTRO", "MAP_NAME": "1010_2025.dwg", "ccpp1": "1010 2018", "LAYER_2": "PADRONES_2_VISTALBA" }, "geometry": { "type": "MultiPolygon", "coordinates": [ [ [ [ 2509112.5619, 6347111.019600000232458, 0.0 ], [ 2509114.647800000850111, 6347079.232800000347197, 0.0 ], [ 2509116.35149999987334, 6347053.269100000150502, 0.0 ], [ 2509113.912399999797344, 6347053.0521, 0.0 ], [ 2509089.338000000920147, 6347050.865799999795854, 0.0 ], [ 2509043.8805, 6347045.11739999987185, 0.0 ], [ 2509038.031700000166893, 6347102.8100999975577, 0.0 ], [ 2509070.358900000806898, 6347106.156600000336766, 0.0 ], [ 2509070.405900000128895, 6347105.585, 0.0 ], [ 2509070.605000000912696, 6347103.1667, 0.0 ], [ 2509092.530900000128895, 6347104.970200000330806, 0.0 ], [ 2509100.125700000207871, 6347111.320799998939037, 0.0 ], [ 2509100.125399999786168, 6347112.968800000846386, 0.0 ], [ 2509100.125099999830127, 6347114.32079999987036, 0.0 ], [ 2509110.459300000220537, 6347114.937999999150634, 0.0 ], [ 2509112.297500000800937, 6347115.047799999825656, 0.0 ], [ 2509112.444999999832362, 6347112.800499999895692, 0.0 ], [ 2509112.5619, 6347111.019600000232458, 0.0 ] ] ] ] } },
{ "type": "Feature", "properties": { "LAYER": "PARCELARIO_BASE_CATASTRO", "MAP_NAME": "1010_2025.dwg", "ccpp1": "1010 2018", "LAYER_2": "PADRONES_2_VISTALBA" }, "geometry": { "type": "MultiPolygon", "coordinates": [ [ [ [ 2509091.388836510013789, 6347051.047072112560272, 0.0 ], [ 2509085.976843218784779, 6347104.4311005147174, 0.0 ], [ 2509092.530900000128895, 6347104.970200000330806, 0.0 ], [ 2509100.125700000207871, 6347111.320799998939037, 0.0 ], [ 2509100.125099999830127, 6347114.32079999987036, 0.0 ], [ 2509112.297540725208819, 6347115.047802432440221, 0.0 ], [ 2509116.35149999987334, 6347053.269100000150502, 0.0 ], [ 2509103.874242307152599, 6347052.159040400758386, 0.0 ], [ 2509091.388836510013789, 6347051.047072112560272, 0.0 ] ] ] ] } },
{ "type": "Feature", "properties": { "LAYER": "PARCELARIO_BASE_CATASTRO", "MAP_NAME": "1010_2025.dwg", "ccpp1": "1010 2064", "LAYER_2": "PADRONES_2_VISTALBA" }, "geometry": { "type": "MultiPolygon", "coordinates": [ [ [ [ 2508980.4827, 6346925.00899999961257, 0.0 ], [ 2508960.573400000110269, 6346922.625199999660254, 0.0 ], [ 2508960.4866, 6346923.323699999600649, 0.0 ], [ 2508957.186300000175834, 6346949.869300000369549, 0.0 ], [ 2508970.3059, 6346951.5258, 0.0 ], [ 2508970.551400000229478, 6346951.545300000347197, 0.0 ], [ 2508973.848600000143051, 6346951.720300000160933, 0.0 ], [ 2508977.221599999815226, 6346951.403599999845028, 0.0 ], [ 2508980.3964, 6346925.707499999552965, 0.0 ], [ 2508980.4827, 6346925.00899999961257, 0.0 ] ] ] ] } },
{ "type": "Feature", "properties": { "LAYER": "PARCELARIO_BASE_CATASTRO", "MAP_NAME": "1010_2025.dwg", "ccpp1": "1010 20263", "LAYER_2": "PADRONES_2_VISTALBA" }, "geometry": { "type": "MultiPolygon", "coordinates": [ [ [ [ 2508960.573400000110269, 6346922.625199999660254, 0.0 ], [ 2508980.4827, 6346925.00899999961257, 0.0 ], [ 2508981.2368, 6346918.9057, 0.0 ], [ 2508982.0356, 6346912.480600000359118, 0.0 ], [ 2508985.4811, 6346884.733799999579787, 0.0 ], [ 2508983.44620000012219, 6346885.011099999770522, 0.0 ], [ 2508981.664599999785423, 6346885.182199999690056, 0.0 ], [ 2508978.718400000128895, 6346885.304999999701977, 0.0 ], [ 2508977.8248, 6346885.2851, 0.0 ], [ 2508973.9904, 6346885.030799999833107, 0.0 ], [ 2508965.38260000012815, 6346883.943900000303984, 0.0 ], [ 2508961.3322, 6346916.5225, 0.0 ], [ 2508960.573400000110269, 6346922.625199999660254, 0.0 ] ] ] ] } },
{ "type": "Feature", "properties": { "LAYER": "PARCELARIO_BASE_CATASTRO", "MAP_NAME": "1010_2025.dwg", "ccpp1": "1010 2073", "LAYER_2": "PADRONES_2_VISTALBA" }, "geometry": { "type": "MultiPolygon", "coordinates": [ [ [ [ 2509001.768804336898029, 6347067.713930216617882, 0.0 ], [ 2508998.717439802829176, 6347098.740297999233007, 0.0 ], [ 2509016.085038380231708, 6347100.571169373579323, 0.0 ], [ 2509019.304667588789016, 6347069.390295436605811, 0.0 ], [ 2509001.768804336898029, 6347067.713930216617882, 0.0 ] ] ] ] } },
{ "type": "Feature", "properties": { "LAYER": "PARCELARIO_BASE_CATASTRO", "MAP_NAME": "1010_2025.dwg", "ccpp1": "1010 2074", "LAYER_2": "PADRONES_2_VISTALBA" }, "geometry": { "type": "MultiPolygon", "coordinates": [ [ [ [ 2509022.047581063117832, 6347042.357673189602792, 0.0 ], [ 2509000.987220359034836, 6347039.693284325301647, 0.0 ], [ 2508994.511033481918275, 6347098.30485210660845, 0.0 ], [ 2508998.717439802829176, 6347098.740297999233007, 0.0 ], [ 2509001.768781670834869, 6347067.714160679839551, 0.0 ], [ 2509019.307005035225302, 6347069.390518887899816, 0.0 ], [ 2509022.047581063117832, 6347042.357673189602792, 0.0 ] ] ] ] } },
{ "type": "Feature", "properties": { "LAYER": "PARCELARIO_BASE_CATASTRO", "MAP_NAME": "1010_2025.dwg", "ccpp1": "1010 2075", "LAYER_2": "PADRONES_2_VISTALBA" }, "geometry": { "type": "MultiPolygon", "coordinates": [ [ [ [ 2508803.62006301805377, 6347043.717483215034008, 0.0 ], [ 2508800.954897780902684, 6347078.271937293000519, 0.0 ], [ 2508818.537842728197575, 6347080.088161336258054, 0.0 ], [ 2508822.146251705940813, 6347045.475306627340615, 0.0 ], [ 2508803.62006301805377, 6347043.717483215034008, 0.0 ] ] ] ] } },
{ "type": "Feature", "properties": { "LAYER": "PARCELARIO_BASE_CATASTRO", "MAP_NAME": "1010_2025.dwg", "ccpp1": "1010 2076", "LAYER_2": "PADRONES_2_VISTALBA" }, "geometry": { "type": "MultiPolygon", "coordinates": [ [ [ [ 2508805.850500000175089, 6347015.017000000923872, 0.0 ], [ 2508803.625468766782433, 6347043.717996129766107, 0.0 ], [ 2508822.146251705940813, 6347045.475306627340615, 0.0 ], [ 2508818.57057989295572, 6347080.09154290985316, 0.0 ], [ 2508822.813376872800291, 6347080.520355666056275, 0.0 ], [ 2508829.135484397877008, 6347017.967602058313787, 0.0 ], [ 2508805.850500000175089, 6347015.017000000923872, 0.0 ] ] ] ] } },
{ "type": "Feature", "properties": { "LAYER": "PARCELARIO_BASE_CATASTRO", "MAP_NAME": "1010_2025.dwg", "ccpp1": "1010 2077", "LAYER_2": "PADRONES_2_VISTALBA" }, "geometry": { "type": "MultiPolygon", "coordinates": [ [ [ [ 2509233.537199982907623, 6348459.494502422399819, 0.0 ], [ 2509249.597030552104115, 6348460.21955761872232, 0.0 ], [ 2509249.912021037191153, 6348414.31670839432627, 0.0 ], [ 2509233.85499987192452, 6348413.53841869533062, 0.0 ], [ 2509233.537199982907623, 6348459.494502422399819, 0.0 ] ] ] ] } },
{ "type": "Feature", "properties": { "LAYER": "PARCELARIO_BASE_CATASTRO", "MAP_NAME": "1010_2025.dwg", "ccpp1": "1010 2148", "LAYER_2": "PADRONES_2_VISTALBA" }, "geometry": { "type": "MultiPolygon", "coordinates": [ [ [ [ 2509867.855000331997871, 6348773.078668766655028, 0.0 ], [ 2509849.192700332030654, 6348772.543568765744567, 0.0 ], [ 2509849.353100331965834, 6348805.743168765679002, 0.0 ], [ 2509868.015400331933051, 6348806.278268768452108, 0.0 ], [ 2509867.855000331997871, 6348773.078668766655028, 0.0 ] ] ] ] } },
{ "type": "Feature", "properties": { "LAYER": "PARCELARIO_BASE_CATASTRO", "MAP_NAME": "1010_2025.dwg", "ccpp1": "1010 1996", "LAYER_2": "PADRONES_2_VISTALBA" }, "geometry": { "type": "MultiPolygon", "coordinates": [ [ [ [ 2509849.192700332030654, 6348772.543568765744567, 0.0 ], [ 2509830.540400330908597, 6348772.008768766187131, 0.0 ], [ 2509830.700800331775099, 6348805.208268767222762, 0.0 ], [ 2509849.353100331965834, 6348805.743168765679002, 0.0 ], [ 2509849.192700332030654, 6348772.543568765744567, 0.0 ] ] ] ] } },
{ "type": "Feature", "properties": { "LAYER": "PARCELARIO_BASE_CATASTRO", "MAP_NAME": "1010_2025.dwg", "ccpp1": "1010 2164", "LAYER_2": "PADRONES_2_VISTALBA" }, "geometry": { "type": "MultiPolygon", "coordinates": [ [ [ [ 2509643.599510787986219, 6346130.391195874661207, 0.0 ], [ 2509666.536700000986457, 6346122.554700000211596, 0.0 ], [ 2509659.67651758203283, 6346098.577014037407935, 0.0 ], [ 2509643.256, 6346104.357699998654425, 0.0 ], [ 2509641.045100000221282, 6346107.691100001335144, 0.0 ], [ 2509643.599510787986219, 6346130.391195874661207, 0.0 ] ] ] ] } },
{ "type": "Feature", "properties": { "LAYER": "PARCELARIO_BASE_CATASTRO", "MAP_NAME": "1010_2025.dwg", "ccpp1": "1010 2165", "LAYER_2": "PADRONES_2_VISTALBA" }, "geometry": { "type": "MultiPolygon", "coordinates": [ [ [ [ 2509666.536700000986457, 6346122.554700000211596, 0.0 ], [ 2509679.603323358111084, 6346118.090682318434119, 0.0 ], [ 2509672.667679178994149, 6346094.003600009717047, 0.0 ], [ 2509659.67651758203283, 6346098.577014037407935, 0.0 ], [ 2509666.536700000986457, 6346122.554700000211596, 0.0 ] ] ] ] } },
{ "type": "Feature", "properties": { "LAYER": "PARCELARIO_BASE_CATASTRO", "MAP_NAME": "1010_2025.dwg", "ccpp1": "1010 2166", "LAYER_2": "PADRONES_2_VISTALBA" }, "geometry": { "type": "MultiPolygon", "coordinates": [ [ [ [ 2509679.603323358111084, 6346118.090682318434119, 0.0 ], [ 2509718.0301418681629, 6346104.962361503392458, 0.0 ], [ 2509714.783360658213496, 6346082.487456566654146, 0.0 ], [ 2509711.259048575069755, 6346080.417877990752459, 0.0 ], [ 2509672.667679178994149, 6346094.003600009717047, 0.0 ], [ 2509679.603323358111084, 6346118.090682318434119, 0.0 ] ] ] ] } },
{ "type": "Feature", "properties": { "LAYER": "PARCELARIO_BASE_CATASTRO", "MAP_NAME": "1010_2025.dwg", "ccpp1": "1010 2426", "LAYER_2": "PADRONES_2_VISTALBA" }, "geometry": { "type": "MultiPolygon", "coordinates": [ [ [ [ 2509635.858051498886198, 6346106.655522896908224, 0.0 ], [ 2509643.256, 6346104.357699998654425, 0.0 ], [ 2509711.259048575069755, 6346080.417877990752459, 0.0 ], [ 2509714.783360658213496, 6346082.487456566654146, 0.0 ], [ 2509718.0301418681629, 6346104.962361503392458, 0.0 ], [ 2510096.873819435015321, 6345972.809153826907277, 0.0 ], [ 2510109.295888544991612, 6345968.225070937536657, 0.0 ], [ 2509966.227366383187473, 6345838.542204935103655, 0.0 ], [ 2509899.410626528784633, 6345862.615372975356877, 0.0 ], [ 2509897.661799999885261, 6345838.202100000344217, 0.0 ], [ 2509895.7651, 6345832.300800000317395, 0.0 ], [ 2509891.41869999980554, 6345826.637500000186265, 0.0 ], [ 2509865.5767, 6345802.28760000038892, 0.0 ], [ 2509862.193386443890631, 6345799.491939108818769, 0.0 ], [ 2509855.384432847145945, 6345796.222947582602501, 0.0 ], [ 2509854.204406436067075, 6345794.004826832562685, 0.0 ], [ 2509849.875399999786168, 6345787.524600000120699, 0.0 ], [ 2509601.748010410927236, 6345871.858859087340534, 0.0 ], [ 2509635.858051498886198, 6346106.655522896908224, 0.0 ] ] ] ] } },
{ "type": "Feature", "properties": { "LAYER": "PARCELARIO_BASE_CATASTRO", "MAP_NAME": "1010_2025.dwg", "ccpp1": "1010 283", "LAYER_2": "PADRONES_2_VISTALBA" }, "geometry": { "type": "MultiPolygon", "coordinates": [ [ [ [ 2509620.0324, 6349021.836799999698997, 0.0 ], [ 2509603.891100001055747, 6349020.7212999984622, 0.0 ], [ 2509602.32920000096783, 6349054.455200000666082, 0.0 ], [ 2509617.881699999794364, 6349055.535699998028576, 0.0 ], [ 2509620.0324, 6349021.836799999698997, 0.0 ] ] ] ] } },
{ "type": "Feature", "properties": { "LAYER": "PARCELARIO_BASE_CATASTRO", "MAP_NAME": "1010_2025.dwg", "ccpp1": "1010 2169", "LAYER_2": "PADRONES_2_VISTALBA" }, "geometry": { "type": "MultiPolygon", "coordinates": [ [ [ [ 2509622.770300150848925, 6349022.025997629389167, 0.0 ], [ 2509620.03240015078336, 6349021.836797631345689, 0.0 ], [ 2509618.575400151778013, 6349044.66649763379246, 0.0 ], [ 2509617.881700152065605, 6349055.535697629675269, 0.0 ], [ 2509629.793000150006264, 6349056.363197631202638, 0.0 ], [ 2509630.758100151084363, 6349055.879597632214427, 0.0 ], [ 2509631.64020015206188, 6349055.257197630591691, 0.0 ], [ 2509632.419400149956346, 6349054.50999762956053, 0.0 ], [ 2509633.078100150916725, 6349053.654797631315887, 0.0 ], [ 2509633.6018001511693, 6349052.710797631181777, 0.0 ], [ 2509633.978500151075423, 6349051.699097627773881, 0.0 ], [ 2509634.356800151057541, 6349045.772297631949186, 0.0 ], [ 2509635.814800151158124, 6349022.927597631700337, 0.0 ], [ 2509622.770300150848925, 6349022.025997629389167, 0.0 ] ] ] ] } },
{ "type": "Feature", "properties": { "LAYER": "PARCELARIO_BASE_CATASTRO", "MAP_NAME": "1010_2025.dwg", "ccpp1": "1010 2170", "LAYER_2": "PADRONES_2_VISTALBA" }, "geometry": { "type": "MultiPolygon", "coordinates": [ [ [ [ 2509645.914199999067932, 6349057.483200000599027, 0.0 ], [ 2509637.8536, 6349056.923199999146163, 0.0 ], [ 2509636.6176, 6349076.568499999120831, 0.0 ], [ 2509650.6834, 6349077.545600001700222, 0.0 ], [ 2509673.771799998823553, 6349079.149600000120699, 0.0 ], [ 2509674.046500000171363, 6349070.090599998831749, 0.0 ], [ 2509674.522900001145899, 6349059.470699998550117, 0.0 ], [ 2509645.914199999067932, 6349057.483200000599027, 0.0 ] ] ] ] } },
{ "type": "Feature", "properties": { "LAYER": "PARCELARIO_BASE_CATASTRO", "MAP_NAME": "1010_2025.dwg", "ccpp1": "1010 2171", "LAYER_2": "PADRONES_2_VISTALBA" }, "geometry": { "type": "MultiPolygon", "coordinates": [ [ [ [ 2509660.186600000131875, 6349024.611799999140203, 0.0 ], [ 2509644.194800000172108, 6349023.506599999032915, 0.0 ], [ 2509642.3586, 6349052.278099999763072, 0.0 ], [ 2509642.547999999020249, 6349053.358, 0.0 ], [ 2509642.917700001038611, 6349054.390199999324977, 0.0 ], [ 2509643.456900000106543, 6349055.344799999147654, 0.0 ], [ 2509644.150100001133978, 6349056.194299998693168, 0.0 ], [ 2509644.977099999785423, 6349056.91399999987334, 0.0 ], [ 2509645.914199999067932, 6349057.483200000599027, 0.0 ], [ 2509657.61189999897033, 6349058.29590000025928, 0.0 ], [ 2509658.034999999217689, 6349058.32530000153929, 0.0 ], [ 2509660.186600000131875, 6349024.611799999140203, 0.0 ] ] ] ] } },
{ "type": "Feature", "properties": { "LAYER": "PARCELARIO_BASE_CATASTRO", "MAP_NAME": "1010_2025.dwg", "ccpp1": "1010 2172", "LAYER_2": "PADRONES_2_VISTALBA" }, "geometry": { "type": "MultiPolygon", "coordinates": [ [ [ [ 2509660.186600000131875, 6349024.611799999140203, 0.0 ], [ 2509658.034999999217689, 6349058.32530000153929, 0.0 ], [ 2509674.522900001145899, 6349059.470699998550117, 0.0 ], [ 2509676.037699998822063, 6349025.707299998961389, 0.0 ], [ 2509660.186600000131875, 6349024.611799999140203, 0.0 ] ] ] ] } },
{ "type": "Feature", "properties": { "LAYER": "PARCELARIO_BASE_CATASTRO", "MAP_NAME": "1010_2025.dwg", "ccpp1": "1010 2174", "LAYER_2": "PADRONES_2_VISTALBA" }, "geometry": { "type": "MultiPolygon", "coordinates": [ [ [ [ 2509735.578598416876048, 6346906.200490782037377, 0.0 ], [ 2509651.703799999784678, 6346898.103900000452995, 0.0 ], [ 2509641.35935, 6347229.131299999542534, 0.0 ], [ 2509630.994560935068876, 6347560.159666758961976, 0.0 ], [ 2509714.290566645096987, 6347556.200423251837492, 0.0 ], [ 2509725.098233444150537, 6347226.20360791683197, 0.0 ], [ 2509735.578598416876048, 6346906.200490782037377, 0.0 ] ] ] ] } },
{ "type": "Feature", "properties": { "LAYER": "PARCELARIO_BASE_CATASTRO", "MAP_NAME": "1010_2025.dwg", "ccpp1": "1010 2176", "LAYER_2": "PADRONES_2_VISTALBA" }, "geometry": { "type": "MultiPolygon", "coordinates": [ [ [ [ 2509911.987348821014166, 6348649.65304599609226, 0.0 ], [ 2509909.966336504090577, 6348686.64590725582093, 0.0 ], [ 2509967.863329006824642, 6348688.385301880538464, 0.0 ], [ 2509986.468500000890344, 6348632.832600001245737, 0.0 ], [ 2509993.693700000178069, 6348615.573900000192225, 0.0 ], [ 2509989.0858, 6348615.502800000831485, 0.0 ], [ 2509914.008361137006432, 6348612.66018473636359, 0.0 ], [ 2509911.987348821014166, 6348649.65304599609226, 0.0 ] ] ] ] } },
{ "type": "Feature", "properties": { "LAYER": "PARCELARIO_BASE_CATASTRO", "MAP_NAME": "1010_2025.dwg", "ccpp1": "1010 509", "LAYER_2": "PADRONES_2_VISTALBA" }, "geometry": { "type": "MultiPolygon", "coordinates": [ [ [ [ 2509463.311800001189113, 6348553.191499999724329, 0.0 ], [ 2509464.299999999813735, 6348531.009999999776483, 0.0 ], [ 2509464.339999999850988, 6348530.259999999776483, 0.0 ], [ 2509448.589999999850988, 6348529.839999999850988, 0.0 ], [ 2509418.570000001229346, 6348529.03000000026077, 0.0 ], [ 2509422.094500000122935, 6348552.07120000012219, 0.0 ], [ 2509463.311800001189113, 6348553.191499999724329, 0.0 ] ] ] ] } },
{ "type": "Feature", "properties": { "LAYER": "PARCELARIO_BASE_CATASTRO", "MAP_NAME": "1010_2025.dwg", "ccpp1": "1010 1947", "LAYER_2": "PADRONES_2_VISTALBA" }, "geometry": { "type": "MultiPolygon", "coordinates": [ [ [ [ 2509613.073067844845355, 6349131.972260593436658, 0.0 ], [ 2509600.5789, 6349131.008399998769164, 0.0 ], [ 2509598.378100000787526, 6349170.686499999836087, 0.0 ], [ 2509610.90537868719548, 6349171.441305447369814, 0.0 ], [ 2509613.073067844845355, 6349131.972260593436658, 0.0 ] ] ] ] } },
{ "type": "Feature", "properties": { "LAYER": "PARCELARIO_BASE_CATASTRO", "MAP_NAME": "1010_2025.dwg", "ccpp1": "1010 1640", "LAYER_2": "PADRONES_2_VISTALBA" }, "geometry": { "type": "MultiPolygon", "coordinates": [ [ [ [ 2509687.983535297214985, 6349219.566985342651606, 0.0 ], [ 2509688.596100000198931, 6349195.578099999576807, 0.0 ], [ 2509665.199, 6349194.319500001147389, 0.0 ], [ 2509662.214800000190735, 6349192.759600001387298, 0.0 ], [ 2509661.6332, 6349187.059600000269711, 0.0 ], [ 2509660.598799999803305, 6349174.3695, 0.0 ], [ 2509660.4397, 6349172.988599998876452, 0.0 ], [ 2509659.2665, 6349174.240299998782575, 0.0 ], [ 2509656.003, 6349173.860199999064207, 0.0 ], [ 2509654.1053, 6349216.962000000290573, 0.0 ], [ 2509685.416999633889645, 6349219.425995397381485, 0.0 ], [ 2509687.983535297214985, 6349219.566985342651606, 0.0 ] ] ] ] } },
{ "type": "Feature", "properties": { "LAYER": "PARCELARIO_BASE_CATASTRO", "MAP_NAME": "1010_2025.dwg", "ccpp1": "1010 1913", "LAYER_2": "PADRONES_2_VISTALBA" }, "geometry": { "type": "MultiPolygon", "coordinates": [ [ [ [ 2509587.2199, 6349406.798499999567866, 0.0 ], [ 2509581.612200000789016, 6349438.340699998661876, 0.0 ], [ 2509605.880057986825705, 6349437.675686620175838, 0.0 ], [ 2509611.057399999815971, 6349406.451299999840558, 0.0 ], [ 2509587.2199, 6349406.798499999567866, 0.0 ] ] ] ] } },
{ "type": "Feature", "properties": { "LAYER": "PARCELARIO_BASE_CATASTRO", "MAP_NAME": "1010_2025.dwg", "ccpp1": "1010 1914", "LAYER_2": "PADRONES_2_VISTALBA" }, "geometry": { "type": "MultiPolygon", "coordinates": [ [ [ [ 2509619.190099999774247, 6349406.299700000323355, 0.0 ], [ 2509614.024088035803288, 6349437.455100492574275, 0.0 ], [ 2509638.229487364180386, 6349436.799482168629766, 0.0 ], [ 2509643.3575, 6349405.947700001299381, 0.0 ], [ 2509619.190099999774247, 6349406.299700000323355, 0.0 ] ] ] ] } },
{ "type": "Feature", "properties": { "LAYER": "PARCELARIO_BASE_CATASTRO", "MAP_NAME": "1010_2025.dwg", "ccpp1": "1010 1707", "LAYER_2": "PADRONES_2_VISTALBA" }, "geometry": { "type": "MultiPolygon", "coordinates": [ [ [ [ 2509525.80060000019148, 6349540.866299998946488, 0.0 ], [ 2509522.569800000172108, 6349519.2856, 0.0 ], [ 2509493.166999999899417, 6349517.525999998673797, 0.0 ], [ 2509496.3068, 6349539.43059999961406, 0.0 ], [ 2509525.80060000019148, 6349540.866299998946488, 0.0 ] ] ] ] } },
{ "type": "Feature", "properties": { "LAYER": "PARCELARIO_BASE_CATASTRO", "MAP_NAME": "1010_2025.dwg", "ccpp1": "1010 1705", "LAYER_2": "PADRONES_2_VISTALBA" }, "geometry": { "type": "MultiPolygon", "coordinates": [ [ [ [ 2509469.032199999783188, 6349537.891699998639524, 0.0 ], [ 2509467.02779999980703, 6349515.58629999961704, 0.0 ], [ 2509434.736200000159442, 6349513.626500001177192, 0.0 ], [ 2509438.2676, 6349530.843999999575317, 0.0 ], [ 2509450.393499999772757, 6349531.4753, 0.0 ], [ 2509451.3224, 6349536.8733, 0.0 ], [ 2509469.032199999783188, 6349537.891699998639524, 0.0 ] ] ] ] } },
{ "type": "Feature", "properties": { "LAYER": "PARCELARIO_BASE_CATASTRO", "MAP_NAME": "1010_2025.dwg", "ccpp1": "1010 1348", "LAYER_2": "PADRONES_2_VISTALBA" }, "geometry": { "type": "MultiPolygon", "coordinates": [ [ [ [ 2509417.980399999767542, 6349541.4309, 0.0 ], [ 2509440.495900000911206, 6349542.608799999579787, 0.0 ], [ 2509438.2676, 6349530.843999999575317, 0.0 ], [ 2509434.736200000159442, 6349513.626500001177192, 0.0 ], [ 2509410.8906, 6349511.0417, 0.0 ], [ 2509414.286799999885261, 6349526.075799999758601, 0.0 ], [ 2509414.416400000918657, 6349526.554100000299513, 0.0 ], [ 2509417.980399999767542, 6349541.4309, 0.0 ] ] ] ] } },
{ "type": "Feature", "properties": { "LAYER": "PARCELARIO_BASE_CATASTRO", "MAP_NAME": "1010_2025.dwg", "ccpp1": "1010 1885", "LAYER_2": "PADRONES_2_VISTALBA" }, "geometry": { "type": "MultiPolygon", "coordinates": [ [ [ [ 2508795.374900000169873, 6348566.713800000958145, 0.0 ], [ 2508753.6066, 6348553.6376, 0.0 ], [ 2508747.581799999810755, 6348576.08, 0.0 ], [ 2508789.1694, 6348589.099599998444319, 0.0 ], [ 2508795.374900000169873, 6348566.713800000958145, 0.0 ] ] ] ] } },
{ "type": "Feature", "properties": { "LAYER": "PARCELARIO_BASE_CATASTRO", "MAP_NAME": "1010_2025.dwg", "ccpp1": "1010 1884", "LAYER_2": "PADRONES_2_VISTALBA" }, "geometry": { "type": "MultiPolygon", "coordinates": [ [ [ [ 2508789.1694, 6348589.099599998444319, 0.0 ], [ 2508747.581799999810755, 6348576.08, 0.0 ], [ 2508741.784400001168251, 6348597.6754, 0.0 ], [ 2508782.963899999856949, 6348611.485500001348555, 0.0 ], [ 2508788.9342, 6348589.948099998757243, 0.0 ], [ 2508789.1694, 6348589.099599998444319, 0.0 ] ] ] ] } },
{ "type": "Feature", "properties": { "LAYER": "PARCELARIO_BASE_CATASTRO", "MAP_NAME": "1010_2025.dwg", "ccpp1": "1010 1805", "LAYER_2": "PADRONES_2_VISTALBA" }, "geometry": { "type": "MultiPolygon", "coordinates": [ [ [ [ 2508848.169300000183284, 6348892.562400000169873, 0.0 ], [ 2508834.00829999987036, 6348881.450799998827279, 0.0 ], [ 2508818.516799999866635, 6348903.960799998603761, 0.0 ], [ 2508830.706799999810755, 6348915.360999998636544, 0.0 ], [ 2508848.169300000183284, 6348892.562400000169873, 0.0 ] ] ] ] } },
{ "type": "Feature", "properties": { "LAYER": "PARCELARIO_BASE_CATASTRO", "MAP_NAME": "1010_2025.dwg", "ccpp1": "1010 1762", "LAYER_2": "PADRONES_2_VISTALBA" }, "geometry": { "type": "MultiPolygon", "coordinates": [ [ [ [ 2508977.130100000184029, 6348385.831299998797476, 0.0 ], [ 2508964.589999999850988, 6348384.059999998658895, 0.0 ], [ 2508943.140000000130385, 6348381.03000000026077, 0.0 ], [ 2508942.609999999869615, 6348384.200000000186265, 0.0 ], [ 2508938.509999999776483, 6348409.0, 0.0 ], [ 2508972.2843, 6348414.67439999897033, 0.0 ], [ 2508977.130100000184029, 6348385.831299998797476, 0.0 ] ] ] ] } },
{ "type": "Feature", "properties": { "LAYER": "PARCELARIO_BASE_CATASTRO", "MAP_NAME": "1010_2025.dwg", "ccpp1": "1010 1605", "LAYER_2": "PADRONES_2_VISTALBA" }, "geometry": { "type": "MultiPolygon", "coordinates": [ [ [ [ 2508919.240000000223517, 6348371.429999999701977, 0.0 ], [ 2508927.549999999813735, 6348321.950000000186265, 0.0 ], [ 2508906.688500000163913, 6348318.855600000359118, 0.0 ], [ 2508893.77, 6348367.610000000335276, 0.0 ], [ 2508919.240000000223517, 6348371.429999999701977, 0.0 ] ] ] ] } },
{ "type": "Feature", "properties": { "LAYER": "PARCELARIO_BASE_CATASTRO", "MAP_NAME": "1010_2025.dwg", "ccpp1": "1010 1915", "LAYER_2": "PADRONES_2_VISTALBA" }, "geometry": { "type": "MultiPolygon", "coordinates": [ [ [ [ 2509535.286900000181049, 6349137.53760000038892, 0.0 ], [ 2509459.954700000118464, 6349132.378700001165271, 0.0 ], [ 2509457.827699999790639, 6349135.416600001044571, 0.0 ], [ 2509453.978500000201166, 6349155.247000001370907, 0.0 ], [ 2509534.948200000915676, 6349160.360599998384714, 0.0 ], [ 2509535.286900000181049, 6349137.53760000038892, 0.0 ] ] ] ] } },
{ "type": "Feature", "properties": { "LAYER": "PARCELARIO_BASE_CATASTRO", "MAP_NAME": "1010_2025.dwg", "ccpp1": "1010 2180", "LAYER_2": "PADRONES_2_VISTALBA" }, "geometry": { "type": "MultiPolygon", "coordinates": [ [ [ [ 2508765.31518477993086, 6346962.819613919593394, 0.0 ], [ 2508724.725594247225672, 6346960.058925612829626, 0.0 ], [ 2508723.542068623937666, 6346980.619054987095296, 0.0 ], [ 2508763.742500000167638, 6346983.35259999986738, 0.0 ], [ 2508765.31518477993086, 6346962.819613919593394, 0.0 ] ] ] ] } },
{ "type": "Feature", "properties": { "LAYER": "PARCELARIO_BASE_CATASTRO", "MAP_NAME": "1010_2025.dwg", "ccpp1": "1010 2181", "LAYER_2": "PADRONES_2_VISTALBA" }, "geometry": { "type": "MultiPolygon", "coordinates": [ [ [ [ 2508766.851793935056776, 6346942.757705737836659, 0.0 ], [ 2508725.881928694900125, 6346939.971159547567368, 0.0 ], [ 2508724.725594247225672, 6346960.058925612829626, 0.0 ], [ 2508765.31524248002097, 6346962.818936554715037, 0.0 ], [ 2508766.851793935056776, 6346942.757705737836659, 0.0 ] ] ] ] } },
{ "type": "Feature", "properties": { "LAYER": "PARCELARIO_BASE_CATASTRO", "MAP_NAME": "1010_2025.dwg", "ccpp1": "1010 2182", "LAYER_2": "PADRONES_2_VISTALBA" }, "geometry": { "type": "MultiPolygon", "coordinates": [ [ [ [ 2508768.562601018231362, 6346922.673878854140639, 0.0 ], [ 2508727.040387689135969, 6346919.846486015245318, 0.0 ], [ 2508725.881928694900125, 6346939.971159547567368, 0.0 ], [ 2508766.851851635146886, 6346942.757028372958302, 0.0 ], [ 2508768.562601018231362, 6346922.673878854140639, 0.0 ] ] ] ] } },
{ "type": "Feature", "properties": { "LAYER": "PARCELARIO_BASE_CATASTRO", "MAP_NAME": "1010_2025.dwg", "ccpp1": "1010 2183", "LAYER_2": "PADRONES_2_VISTALBA" }, "geometry": { "type": "MultiPolygon", "coordinates": [ [ [ [ 2508769.927336737979203, 6346902.603616845794022, 0.0 ], [ 2508728.196303405798972, 6346899.765994109213352, 0.0 ], [ 2508727.040160083211958, 6346919.850439962930977, 0.0 ], [ 2508768.562601018231362, 6346922.673878854140639, 0.0 ], [ 2508769.927336737979203, 6346902.603616845794022, 0.0 ] ] ] ] } },
{ "type": "Feature", "properties": { "LAYER": "PARCELARIO_BASE_CATASTRO", "MAP_NAME": "1010_2025.dwg", "ccpp1": "1010 2184", "LAYER_2": "PADRONES_2_VISTALBA" }, "geometry": { "type": "MultiPolygon", "coordinates": [ [ [ [ 2508771.387200000230223, 6346883.543700000271201, 0.0 ], [ 2508729.554099999833852, 6346878.365399999544024, 0.0 ], [ 2508728.195876320824027, 6346899.765940145589411, 0.0 ], [ 2508769.927336737979203, 6346902.603616845794022, 0.0 ], [ 2508771.387200000230223, 6346883.543700000271201, 0.0 ] ] ] ] } },
{ "type": "Feature", "properties": { "LAYER": "PARCELARIO_BASE_CATASTRO", "MAP_NAME": "1010_2025.dwg", "ccpp1": "1010 1974", "LAYER_2": "PADRONES_2_VISTALBA" }, "geometry": { "type": "MultiPolygon", "coordinates": [ [ [ [ 2508858.512400000821799, 6346953.758899999782443, 0.0 ], [ 2508857.693400000222027, 6346951.945899999700487, 0.0 ], [ 2508857.187100000213832, 6346950.02170000039041, 0.0 ], [ 2508857.007499999832362, 6346948.039300000295043, 0.0 ], [ 2508857.159599999897182, 6346946.053399998694658, 0.0 ], [ 2508857.6392, 6346944.118700000457466, 0.0 ], [ 2508858.4331, 6346942.288500001654029, 0.0 ], [ 2508859.519299999810755, 6346940.613300001248717, 0.0 ], [ 2508860.711900000926107, 6346925.0433, 0.0 ], [ 2508861.724400000181049, 6346911.824, 0.0 ], [ 2508861.7176, 6346910.982599998824298, 0.0 ], [ 2508861.569199999794364, 6346910.154900000430644, 0.0 ], [ 2508861.2835, 6346909.364299999549985, 0.0 ], [ 2508860.868600000161678, 6346908.633100000210106, 0.0 ], [ 2508860.336199999786913, 6346907.982200000435114, 0.0 ], [ 2508859.701400000136346, 6346907.429899998940527, 0.0 ], [ 2508858.982299999799579, 6346906.991899999789894, 0.0 ], [ 2508858.199099999852479, 6346906.680700000375509, 0.0 ], [ 2508857.374200000893325, 6346906.504999999888241, 0.0 ], [ 2508791.649300000164658, 6346898.199300000444055, 0.0 ], [ 2508790.8366, 6346898.162999998778105, 0.0 ], [ 2508790.0282, 6346898.258100000210106, 0.0 ], [ 2508789.245399999897927, 6346898.482200000435114, 0.0 ], [ 2508788.5088, 6346898.8295, 0.0 ], [ 2508787.837799999862909, 6346899.2906, 0.0 ], [ 2508787.25, 6346899.8536, 0.0 ], [ 2508786.761, 6346900.503600001335144, 0.0 ], [ 2508786.383599999826401, 6346901.223399999551475, 0.0 ], [ 2508786.1277, 6346901.994099999777973, 0.0 ], [ 2508786.000200000125915, 6346902.7955, 0.0 ], [ 2508779.731800000183284, 6346984.6354, 0.0 ], [ 2508781.004300000146031, 6346986.196499998681247, 0.0 ], [ 2508781.995900000911206, 6346987.948800000362098, 0.0 ], [ 2508782.6784, 6346989.843000001274049, 0.0 ], [ 2508783.0326, 6346991.825500000268221, 0.0 ], [ 2508783.048600000794977, 6346993.840400000102818, 0.0 ], [ 2508782.7259, 6346995.830900000408292, 0.0 ], [ 2508782.0735, 6346997.7407, 0.0 ], [ 2508781.1099, 6346999.515800000168383, 0.0 ], [ 2508779.862300000153482, 6347001.106300000101328, 0.0 ], [ 2508778.366, 6347002.467199999839067, 0.0 ], [ 2508777.8076, 6347008.351599999703467, 0.0 ], [ 2508853.491400000173599, 6347017.9079, 0.0 ], [ 2508858.512400000821799, 6346953.758899999782443, 0.0 ] ] ] ] } },
{ "type": "Feature", "properties": { "LAYER": "PARCELARIO_BASE_CATASTRO", "MAP_NAME": "1010_2025.dwg", "ccpp1": "1010 1974", "LAYER_2": "PADRONES_2_VISTALBA" }, "geometry": { "type": "MultiPolygon", "coordinates": [ [ [ [ 2508815.647245969157666, 6347013.12946539092809, 0.0 ], [ 2508817.137719865888357, 6346994.527089831419289, 0.0 ], [ 2508817.346839827019721, 6346991.913102708756924, 0.0 ], [ 2508782.57229085592553, 6346989.548506317660213, 0.0 ], [ 2508782.6784, 6346989.843000001274049, 0.0 ], [ 2508783.0326, 6346991.825500000268221, 0.0 ], [ 2508783.048600000794977, 6346993.840400000102818, 0.0 ], [ 2508782.7259, 6346995.830900000408292, 0.0 ], [ 2508782.0735, 6346997.7407, 0.0 ], [ 2508781.1099, 6346999.515800000168383, 0.0 ], [ 2508779.862300000153482, 6347001.106300000101328, 0.0 ], [ 2508778.366, 6347002.467199999839067, 0.0 ], [ 2508777.8076, 6347008.351599999703467, 0.0 ], [ 2508815.647245969157666, 6347013.12946539092809, 0.0 ] ] ] ] } },
{ "type": "Feature", "properties": { "LAYER": "PARCELARIO_BASE_CATASTRO", "MAP_NAME": "1010_2025.dwg", "ccpp1": "1010 2185", "LAYER_2": "PADRONES_2_VISTALBA" }, "geometry": { "type": "MultiPolygon", "coordinates": [ [ [ [ 2508855.11928939120844, 6346997.109756892547011, 0.0 ], [ 2508817.137720181141049, 6346994.527085904031992, 0.0 ], [ 2508815.647245969157666, 6347013.12946539092809, 0.0 ], [ 2508853.491400000173599, 6347017.9079, 0.0 ], [ 2508855.11928939120844, 6346997.109756892547011, 0.0 ] ] ] ] } },
{ "type": "Feature", "properties": { "LAYER": "PARCELARIO_BASE_CATASTRO", "MAP_NAME": "1010_2025.dwg", "ccpp1": "1010 2186", "LAYER_2": "PADRONES_2_VISTALBA" }, "geometry": { "type": "MultiPolygon", "coordinates": [ [ [ [ 2508856.56830572988838, 6346978.596920982934535, 0.0 ], [ 2508818.61858052900061, 6346976.016419269144535, 0.0 ], [ 2508817.346839827019721, 6346991.913102708756924, 0.0 ], [ 2508817.13771979091689, 6346994.527090761810541, 0.0 ], [ 2508855.11928939120844, 6346997.109756892547011, 0.0 ], [ 2508856.56830572988838, 6346978.596920982934535, 0.0 ] ] ] ] } },
{ "type": "Feature", "properties": { "LAYER": "PARCELARIO_BASE_CATASTRO", "MAP_NAME": "1010_2025.dwg", "ccpp1": "1010 2187", "LAYER_2": "PADRONES_2_VISTALBA" }, "geometry": { "type": "MultiPolygon", "coordinates": [ [ [ [ 2508858.004677298013121, 6346960.245636429637671, 0.0 ], [ 2508820.086518534924835, 6346957.667281167581677, 0.0 ], [ 2508818.845408737193793, 6346973.181080106645823, 0.0 ], [ 2508818.61858052900061, 6346976.016419269144535, 0.0 ], [ 2508856.56830572988838, 6346978.596920982934535, 0.0 ], [ 2508858.004677298013121, 6346960.245636429637671, 0.0 ] ] ] ] } },
{ "type": "Feature", "properties": { "LAYER": "PARCELARIO_BASE_CATASTRO", "MAP_NAME": "1010_2025.dwg", "ccpp1": "1010 2188", "LAYER_2": "PADRONES_2_VISTALBA" }, "geometry": { "type": "MultiPolygon", "coordinates": [ [ [ [ 2508859.619612699840218, 6346939.303666641004384, 0.0 ], [ 2508821.761557104997337, 6346936.72939826734364, 0.0 ], [ 2508821.660472011193633, 6346937.99295595753938, 0.0 ], [ 2508820.271614091936499, 6346955.35359766613692, 0.0 ], [ 2508820.086518534924835, 6346957.667281167581677, 0.0 ], [ 2508858.004677298013121, 6346960.245636429637671, 0.0 ], [ 2508858.512400000821799, 6346953.758899999782443, 0.0 ], [ 2508857.693400000222027, 6346951.945899999700487, 0.0 ], [ 2508857.187100000213832, 6346950.02170000039041, 0.0 ], [ 2508857.007499999832362, 6346948.039300000295043, 0.0 ], [ 2508857.159599999897182, 6346946.053399998694658, 0.0 ], [ 2508857.6392, 6346944.118700000457466, 0.0 ], [ 2508858.4331, 6346942.288500001654029, 0.0 ], [ 2508859.519299999810755, 6346940.613300001248717, 0.0 ], [ 2508859.619612699840218, 6346939.303666641004384, 0.0 ] ] ] ] } },
{ "type": "Feature", "properties": { "LAYER": "PARCELARIO_BASE_CATASTRO", "MAP_NAME": "1010_2025.dwg", "ccpp1": "1010 2189", "LAYER_2": "PADRONES_2_VISTALBA" }, "geometry": { "type": "MultiPolygon", "coordinates": [ [ [ [ 2508861.011436961125582, 6346921.132515856064856, 0.0 ], [ 2508823.214921289123595, 6346918.56243206653744, 0.0 ], [ 2508823.142703290097415, 6346919.465152775868773, 0.0 ], [ 2508821.761557104997337, 6346936.72939826734364, 0.0 ], [ 2508859.619612699840218, 6346939.303666641004384, 0.0 ], [ 2508860.711900000926107, 6346925.0433, 0.0 ], [ 2508861.011436961125582, 6346921.132515856064856, 0.0 ] ] ] ] } },
{ "type": "Feature", "properties": { "LAYER": "PARCELARIO_BASE_CATASTRO", "MAP_NAME": "1010_2025.dwg", "ccpp1": "1010 2190", "LAYER_2": "PADRONES_2_VISTALBA" }, "geometry": { "type": "MultiPolygon", "coordinates": [ [ [ [ 2508824.51175, 6346902.352149999700487, 0.0 ], [ 2508823.214921289123595, 6346918.56243206653744, 0.0 ], [ 2508861.011436961125582, 6346921.132515856064856, 0.0 ], [ 2508861.724400000181049, 6346911.824, 0.0 ], [ 2508861.7176, 6346910.982599998824298, 0.0 ], [ 2508861.569199999794364, 6346910.154900000430644, 0.0 ], [ 2508861.2835, 6346909.364299999549985, 0.0 ], [ 2508860.868600000161678, 6346908.633100000210106, 0.0 ], [ 2508860.336199999786913, 6346907.982200000435114, 0.0 ], [ 2508859.701400000136346, 6346907.429899998940527, 0.0 ], [ 2508858.982299999799579, 6346906.991899999789894, 0.0 ], [ 2508858.199099999852479, 6346906.680700000375509, 0.0 ], [ 2508857.374200000893325, 6346906.504999999888241, 0.0 ], [ 2508824.51175, 6346902.352149999700487, 0.0 ] ] ] ] } },
{ "type": "Feature", "properties": { "LAYER": "PARCELARIO_BASE_CATASTRO", "MAP_NAME": "1010_2025.dwg", "ccpp1": "1010 2191", "LAYER_2": "PADRONES_2_VISTALBA" }, "geometry": { "type": "MultiPolygon", "coordinates": [ [ [ [ 2508784.922472210135311, 6346916.866257230751216, 0.0 ], [ 2508823.142703290097415, 6346919.465152775868773, 0.0 ], [ 2508823.214921289123595, 6346918.56243206653744, 0.0 ], [ 2508824.51175, 6346902.352149999700487, 0.0 ], [ 2508791.649300000164658, 6346898.199300000444055, 0.0 ], [ 2508790.8366, 6346898.162999998778105, 0.0 ], [ 2508790.0282, 6346898.258100000210106, 0.0 ], [ 2508789.245399999897927, 6346898.482200000435114, 0.0 ], [ 2508788.5088, 6346898.8295, 0.0 ], [ 2508787.837799999862909, 6346899.2906, 0.0 ], [ 2508787.25, 6346899.8536, 0.0 ], [ 2508786.761, 6346900.503600001335144, 0.0 ], [ 2508786.383599999826401, 6346901.223399999551475, 0.0 ], [ 2508786.1277, 6346901.994099999777973, 0.0 ], [ 2508786.000200000125915, 6346902.7955, 0.0 ], [ 2508784.922472210135311, 6346916.866257230751216, 0.0 ] ] ] ] } },
{ "type": "Feature", "properties": { "LAYER": "PARCELARIO_BASE_CATASTRO", "MAP_NAME": "1010_2025.dwg", "ccpp1": "1010 2192", "LAYER_2": "PADRONES_2_VISTALBA" }, "geometry": { "type": "MultiPolygon", "coordinates": [ [ [ [ 2508783.503036854788661, 6346935.39833040162921, 0.0 ], [ 2508821.660472009796649, 6346937.99295595753938, 0.0 ], [ 2508821.761557104997337, 6346936.72939826734364, 0.0 ], [ 2508823.142703290097415, 6346919.465152775868773, 0.0 ], [ 2508784.922472210135311, 6346916.866257230751216, 0.0 ], [ 2508783.503036854788661, 6346935.39833040162921, 0.0 ] ] ] ] } },
{ "type": "Feature", "properties": { "LAYER": "PARCELARIO_BASE_CATASTRO", "MAP_NAME": "1010_2025.dwg", "ccpp1": "1010 2193", "LAYER_2": "PADRONES_2_VISTALBA" }, "geometry": { "type": "MultiPolygon", "coordinates": [ [ [ [ 2508782.17301902314648, 6346952.762973112985492, 0.0 ], [ 2508820.271614091936499, 6346955.35359766613692, 0.0 ], [ 2508821.660472011193633, 6346937.99295595753938, 0.0 ], [ 2508783.503036854788661, 6346935.39833040162921, 0.0 ], [ 2508782.17301902314648, 6346952.762973112985492, 0.0 ] ] ] ] } },
{ "type": "Feature", "properties": { "LAYER": "PARCELARIO_BASE_CATASTRO", "MAP_NAME": "1010_2025.dwg", "ccpp1": "1010 2194", "LAYER_2": "PADRONES_2_VISTALBA" }, "geometry": { "type": "MultiPolygon", "coordinates": [ [ [ [ 2508780.807236010208726, 6346970.594564147293568, 0.0 ], [ 2508818.845408737193793, 6346973.181080106645823, 0.0 ], [ 2508820.086518534924835, 6346957.667281167581677, 0.0 ], [ 2508820.271614091936499, 6346955.35359766613692, 0.0 ], [ 2508782.17301902314648, 6346952.762973112985492, 0.0 ], [ 2508780.807236010208726, 6346970.594564147293568, 0.0 ] ] ] ] } },
{ "type": "Feature", "properties": { "LAYER": "PARCELARIO_BASE_CATASTRO", "MAP_NAME": "1010_2025.dwg", "ccpp1": "1010 2195", "LAYER_2": "PADRONES_2_VISTALBA" }, "geometry": { "type": "MultiPolygon", "coordinates": [ [ [ [ 2508782.57229085592553, 6346989.548506317660213, 0.0 ], [ 2508817.346839827019721, 6346991.913102708756924, 0.0 ], [ 2508818.61858052900061, 6346976.016419269144535, 0.0 ], [ 2508818.845408737193793, 6346973.181080106645823, 0.0 ], [ 2508780.807236010208726, 6346970.594564147293568, 0.0 ], [ 2508779.731800000183284, 6346984.6354, 0.0 ], [ 2508781.004300000146031, 6346986.196499998681247, 0.0 ], [ 2508781.995900000911206, 6346987.948800000362098, 0.0 ], [ 2508782.57229085592553, 6346989.548506317660213, 0.0 ] ] ] ] } },
{ "type": "Feature", "properties": { "LAYER": "PARCELARIO_BASE_CATASTRO", "MAP_NAME": "1010_2025.dwg", "ccpp1": "1010 2197", "LAYER_2": "PADRONES_2_VISTALBA" }, "geometry": { "type": "MultiPolygon", "coordinates": [ [ [ [ 2508916.353499955963343, 6346988.89178035967052, 0.0 ], [ 2508913.661099956836551, 6347015.873080359771848, 0.0 ], [ 2508933.569999956060201, 6347018.506180361844599, 0.0 ], [ 2508936.247799954842776, 6346991.491980359889567, 0.0 ], [ 2508916.353499955963343, 6346988.89178035967052, 0.0 ] ] ] ] } },
{ "type": "Feature", "properties": { "LAYER": "PARCELARIO_BASE_CATASTRO", "MAP_NAME": "1010_2025.dwg", "ccpp1": "1010 2198", "LAYER_2": "PADRONES_2_VISTALBA" }, "geometry": { "type": "MultiPolygon", "coordinates": [ [ [ [ 2508936.247799954842776, 6346991.491980359889567, 0.0 ], [ 2508933.569999956060201, 6347018.506180361844599, 0.0 ], [ 2508953.391299956012517, 6347021.127680359408259, 0.0 ], [ 2508956.127399956807494, 6346994.090280360542238, 0.0 ], [ 2508936.247799954842776, 6346991.491980359889567, 0.0 ] ] ] ] } },
{ "type": "Feature", "properties": { "LAYER": "PARCELARIO_BASE_CATASTRO", "MAP_NAME": "1010_2025.dwg", "ccpp1": "1010 2199", "LAYER_2": "PADRONES_2_VISTALBA" }, "geometry": { "type": "MultiPolygon", "coordinates": [ [ [ [ 2508956.127399956807494, 6346994.090280360542238, 0.0 ], [ 2508953.391299956012517, 6347021.127680359408259, 0.0 ], [ 2508973.203399956226349, 6347023.747980359010398, 0.0 ], [ 2508975.610599956009537, 6346996.636780360713601, 0.0 ], [ 2508956.127399956807494, 6346994.090280360542238, 0.0 ] ] ] ] } },
{ "type": "Feature", "properties": { "LAYER": "PARCELARIO_BASE_CATASTRO", "MAP_NAME": "1010_2025.dwg", "ccpp1": "1010 2200", "LAYER_2": "PADRONES_2_VISTALBA" }, "geometry": { "type": "MultiPolygon", "coordinates": [ [ [ [ 2508975.610599956009537, 6346996.636780360713601, 0.0 ], [ 2508973.203399956226349, 6347023.747980359010398, 0.0 ], [ 2508993.095999957062304, 6347026.378880360163748, 0.0 ], [ 2508995.225099956151098, 6346999.200480358675122, 0.0 ], [ 2508975.610599956009537, 6346996.636780360713601, 0.0 ] ] ] ] } },
{ "type": "Feature", "properties": { "LAYER": "PARCELARIO_BASE_CATASTRO", "MAP_NAME": "1010_2025.dwg", "ccpp1": "1010 2196", "LAYER_2": "PADRONES_2_VISTALBA" }, "geometry": { "type": "MultiPolygon", "coordinates": [ [ [ [ 2508896.422499957028776, 6346986.286680360324681, 0.0 ], [ 2508893.814599956851453, 6347013.248280360363424, 0.0 ], [ 2508913.661099956836551, 6347015.873080359771848, 0.0 ], [ 2508916.353499955963343, 6346988.89178035967052, 0.0 ], [ 2508896.422499957028776, 6346986.286680360324681, 0.0 ] ] ] ] } },
{ "type": "Feature", "properties": { "LAYER": "PARCELARIO_BASE_CATASTRO", "MAP_NAME": "1010_2025.dwg", "ccpp1": "1010 2201", "LAYER_2": "PADRONES_2_VISTALBA" }, "geometry": { "type": "MultiPolygon", "coordinates": [ [ [ [ 2509017.372799955774099, 6346994.478680361062288, 0.0 ], [ 2508995.77389995707199, 6346992.195380359888077, 0.0 ], [ 2508993.095999957062304, 6347026.378880360163748, 0.0 ], [ 2509014.874799956101924, 6347029.25918035954237, 0.0 ], [ 2509017.372799955774099, 6346994.478680361062288, 0.0 ] ] ] ] } },
{ "type": "Feature", "properties": { "LAYER": "PARCELARIO_BASE_CATASTRO", "MAP_NAME": "1010_2025.dwg", "ccpp1": "1010 2202", "LAYER_2": "PADRONES_2_VISTALBA" }, "geometry": { "type": "MultiPolygon", "coordinates": [ [ [ [ 2509039.242199956905097, 6346996.790580357424915, 0.0 ], [ 2509017.372799955774099, 6346994.478680361062288, 0.0 ], [ 2509014.874799956101924, 6347029.25918035954237, 0.0 ], [ 2509036.723199956119061, 6347032.148780358023942, 0.0 ], [ 2509039.242199956905097, 6346996.790580357424915, 0.0 ] ] ] ] } },
{ "type": "Feature", "properties": { "LAYER": "PARCELARIO_BASE_CATASTRO", "MAP_NAME": "1010_2025.dwg", "ccpp1": "1010 2203", "LAYER_2": "PADRONES_2_VISTALBA" }, "geometry": { "type": "MultiPolygon", "coordinates": [ [ [ [ 2509039.242199956905097, 6346996.790580357424915, 0.0 ], [ 2509036.723199956119061, 6347032.148780358023942, 0.0 ], [ 2509055.186799956019968, 6347034.590680359862745, 0.0 ], [ 2509055.837999956216663, 6347034.67968035954982, 0.0 ], [ 2509056.494999955873936, 6347034.662680359557271, 0.0 ], [ 2509057.19439995707944, 6347034.488080359064043, 0.0 ], [ 2509057.853899957146496, 6347034.197080359794199, 0.0 ], [ 2509058.454299956094474, 6347033.79818035941571, 0.0 ], [ 2509058.978199956007302, 6347033.303080358542502, 0.0 ], [ 2509059.410199955105782, 6347032.725980359129608, 0.0 ], [ 2509059.737799955066293, 6347032.083880359306931, 0.0 ], [ 2509059.951399955898523, 6347031.395480359904468, 0.0 ], [ 2509060.044899955857545, 6347030.680680358782411, 0.0 ], [ 2509060.015499955974519, 6347029.96048036031425, 0.0 ], [ 2509061.917899955995381, 6346999.187780362553895, 0.0 ], [ 2509039.242199956905097, 6346996.790580357424915, 0.0 ] ] ] ] } },
{ "type": "Feature", "properties": { "LAYER": "PARCELARIO_BASE_CATASTRO", "MAP_NAME": "1010_2025.dwg", "ccpp1": "1010 2204", "LAYER_2": "PADRONES_2_VISTALBA" }, "geometry": { "type": "MultiPolygon", "coordinates": [ [ [ [ 2509041.710099956020713, 6346962.149280358105898, 0.0 ], [ 2509039.242199956905097, 6346996.790580357424915, 0.0 ], [ 2509061.917899955995381, 6346999.187780362553895, 0.0 ], [ 2509063.785799955017865, 6346968.973880359902978, 0.0 ], [ 2509063.90419995598495, 6346968.285680360160768, 0.0 ], [ 2509063.902699956204742, 6346967.587480360642076, 0.0 ], [ 2509063.781299956142902, 6346966.899780358187854, 0.0 ], [ 2509063.543599956203252, 6346966.243180359713733, 0.0 ], [ 2509063.196699955966324, 6346965.637180359102786, 0.0 ], [ 2509062.750899957027286, 6346965.099680358543992, 0.0 ], [ 2509062.219499955885112, 6346964.646780358627439, 0.0 ], [ 2509061.618199956137687, 6346964.291780357249081, 0.0 ], [ 2509060.964799955952913, 6346964.04538036044687, 0.0 ], [ 2509060.278899956028908, 6346963.914680358953774, 0.0 ], [ 2509059.580699956044555, 6346963.903880359604955, 0.0 ], [ 2509058.890999956056476, 6346964.012980359606445, 0.0 ], [ 2509041.710099956020713, 6346962.149280358105898, 0.0 ] ] ] ] } },
{ "type": "Feature", "properties": { "LAYER": "PARCELARIO_BASE_CATASTRO", "MAP_NAME": "1010_2025.dwg", "ccpp1": "1010 2205", "LAYER_2": "PADRONES_2_VISTALBA" }, "geometry": { "type": "MultiPolygon", "coordinates": [ [ [ [ 2509041.710099956020713, 6346962.149280358105898, 0.0 ], [ 2509019.864899957086891, 6346959.779580359347165, 0.0 ], [ 2509017.372799955774099, 6346994.478680361062288, 0.0 ], [ 2509039.242199956905097, 6346996.790580357424915, 0.0 ], [ 2509041.710099956020713, 6346962.149280358105898, 0.0 ] ] ] ] } },
{ "type": "Feature", "properties": { "LAYER": "PARCELARIO_BASE_CATASTRO", "MAP_NAME": "1010_2025.dwg", "ccpp1": "1010 2206", "LAYER_2": "PADRONES_2_VISTALBA" }, "geometry": { "type": "MultiPolygon", "coordinates": [ [ [ [ 2509019.864899957086891, 6346959.779580359347165, 0.0 ], [ 2509014.947699956130236, 6346959.187180359847844, 0.0 ], [ 2509009.994899956975132, 6346959.169880357570946, 0.0 ], [ 2509005.073599955998361, 6346959.727980360388756, 0.0 ], [ 2509000.250499955844134, 6346960.853880361653864, 0.0 ], [ 2508998.170399955939502, 6346961.603080360218883, 0.0 ], [ 2508995.77389995707199, 6346992.195380359888077, 0.0 ], [ 2509017.372799955774099, 6346994.478680361062288, 0.0 ], [ 2509019.864899957086891, 6346959.779580359347165, 0.0 ] ] ] ] } },
{ "type": "Feature", "properties": { "LAYER": "PARCELARIO_BASE_CATASTRO", "MAP_NAME": "1010_2025.dwg", "ccpp1": "1010 2207", "LAYER_2": "PADRONES_2_VISTALBA" }, "geometry": { "type": "MultiPolygon", "coordinates": [ [ [ [ 2508978.177499955054373, 6346967.726880360394716, 0.0 ], [ 2508975.610599956009537, 6346996.636780360713601, 0.0 ], [ 2508995.225099956151098, 6346999.200480358675122, 0.0 ], [ 2508998.170399955939502, 6346961.603080360218883, 0.0 ], [ 2508995.590699955821037, 6346962.532280360348523, 0.0 ], [ 2508991.157499955967069, 6346964.74058036133647, 0.0 ], [ 2508986.394599956925958, 6346966.336980359628797, 0.0 ], [ 2508981.483599956147373, 6346967.393680359236896, 0.0 ], [ 2508978.177499955054373, 6346967.726880360394716, 0.0 ] ] ] ] } },
{ "type": "Feature", "properties": { "LAYER": "PARCELARIO_BASE_CATASTRO", "MAP_NAME": "1010_2025.dwg", "ccpp1": "1010 2208", "LAYER_2": "PADRONES_2_VISTALBA" }, "geometry": { "type": "MultiPolygon", "coordinates": [ [ [ [ 2508958.996499957051128, 6346965.739280359819531, 0.0 ], [ 2508956.127399956807494, 6346994.090280360542238, 0.0 ], [ 2508975.610599956009537, 6346996.636780360713601, 0.0 ], [ 2508978.177499955054373, 6346967.726880360394716, 0.0 ], [ 2508976.485499954782426, 6346967.897480359300971, 0.0 ], [ 2508971.462499956134707, 6346967.842080360278487, 0.0 ], [ 2508966.476799956988543, 6346967.228180358186364, 0.0 ], [ 2508961.590299956966192, 6346966.063480360433459, 0.0 ], [ 2508958.996499957051128, 6346965.739280359819531, 0.0 ] ] ] ] } },
{ "type": "Feature", "properties": { "LAYER": "PARCELARIO_BASE_CATASTRO", "MAP_NAME": "1010_2025.dwg", "ccpp1": "1010 2209", "LAYER_2": "PADRONES_2_VISTALBA" }, "geometry": { "type": "MultiPolygon", "coordinates": [ [ [ [ 2508939.047699957154691, 6346963.245680361054838, 0.0 ], [ 2508936.247799954842776, 6346991.491980359889567, 0.0 ], [ 2508956.127399956807494, 6346994.090280360542238, 0.0 ], [ 2508958.996499957051128, 6346965.739280359819531, 0.0 ], [ 2508939.047699957154691, 6346963.245680361054838, 0.0 ] ] ] ] } },
{ "type": "Feature", "properties": { "LAYER": "PARCELARIO_BASE_CATASTRO", "MAP_NAME": "1010_2025.dwg", "ccpp1": "1010 2210", "LAYER_2": "PADRONES_2_VISTALBA" }, "geometry": { "type": "MultiPolygon", "coordinates": [ [ [ [ 2508919.160799955949187, 6346960.759780360385776, 0.0 ], [ 2508916.353499955963343, 6346988.89178035967052, 0.0 ], [ 2508936.247799954842776, 6346991.491980359889567, 0.0 ], [ 2508939.047699957154691, 6346963.245680361054838, 0.0 ], [ 2508919.160799955949187, 6346960.759780360385776, 0.0 ] ] ] ] } },
{ "type": "Feature", "properties": { "LAYER": "PARCELARIO_BASE_CATASTRO", "MAP_NAME": "1010_2025.dwg", "ccpp1": "1010 2211", "LAYER_2": "PADRONES_2_VISTALBA" }, "geometry": { "type": "MultiPolygon", "coordinates": [ [ [ [ 2508899.133799956180155, 6346958.256380359642208, 0.0 ], [ 2508896.422499957028776, 6346986.286680360324681, 0.0 ], [ 2508916.353499955963343, 6346988.89178035967052, 0.0 ], [ 2508919.160799955949187, 6346960.759780360385776, 0.0 ], [ 2508899.133799956180155, 6346958.256380359642208, 0.0 ] ] ] ] } },
{ "type": "Feature", "properties": { "LAYER": "PARCELARIO_BASE_CATASTRO", "MAP_NAME": "1010_2025.dwg", "ccpp1": "1010 2212", "LAYER_2": "PADRONES_2_VISTALBA" }, "geometry": { "type": "MultiPolygon", "coordinates": [ [ [ [ 2508899.133799956180155, 6346958.256380359642208, 0.0 ], [ 2508880.098399957176298, 6346955.876980358734727, 0.0 ], [ 2508879.408699957188219, 6346955.742380358278751, 0.0 ], [ 2508878.706199956126511, 6346955.722880360670388, 0.0 ], [ 2508878.010099957231432, 6346955.81888036057353, 0.0 ], [ 2508877.339099957142025, 6346956.027780359610915, 0.0 ], [ 2508876.711599957197905, 6346956.34408035967499, 0.0 ], [ 2508876.144499957095832, 6346956.759080360643566, 0.0 ], [ 2508875.653099955990911, 6346957.261480362154543, 0.0 ], [ 2508875.250999956857413, 6346957.837780358269811, 0.0 ], [ 2508874.948799957055598, 6346958.47218035813421, 0.0 ], [ 2508874.754899955820292, 6346959.147680358961225, 0.0 ], [ 2508874.674499956890941, 6346959.845780357718468, 0.0 ], [ 2508872.663899955805391, 6346983.181380360387266, 0.0 ], [ 2508896.422499957028776, 6346986.286680360324681, 0.0 ], [ 2508899.133799956180155, 6346958.256380359642208, 0.0 ] ] ] ] } },
{ "type": "Feature", "properties": { "LAYER": "PARCELARIO_BASE_CATASTRO", "MAP_NAME": "1010_2025.dwg", "ccpp1": "1010 2213", "LAYER_2": "PADRONES_2_VISTALBA" }, "geometry": { "type": "MultiPolygon", "coordinates": [ [ [ [ 2509116.007799999788404, 6347009.94100000243634, 0.0 ], [ 2509075.746499998960644, 6347007.03690000064671, 0.0 ], [ 2509074.924699999857694, 6347019.656000002287328, 0.0 ], [ 2509115.138300000224262, 6347022.608400001190603, 0.0 ], [ 2509116.007799999788404, 6347009.94100000243634, 0.0 ] ] ] ] } },
{ "type": "Feature", "properties": { "LAYER": "PARCELARIO_BASE_CATASTRO", "MAP_NAME": "1010_2025.dwg", "ccpp1": "1010 2214", "LAYER_2": "PADRONES_2_VISTALBA" }, "geometry": { "type": "MultiPolygon", "coordinates": [ [ [ [ 2509116.8758, 6346997.295000003650784, 0.0 ], [ 2509076.571700000204146, 6346994.364900002256036, 0.0 ], [ 2509075.746499998960644, 6347007.03690000064671, 0.0 ], [ 2509116.007799999788404, 6347009.94100000243634, 0.0 ], [ 2509116.8758, 6346997.295000003650784, 0.0 ] ] ] ] } },
{ "type": "Feature", "properties": { "LAYER": "PARCELARIO_BASE_CATASTRO", "MAP_NAME": "1010_2025.dwg", "ccpp1": "1010 2215", "LAYER_2": "PADRONES_2_VISTALBA" }, "geometry": { "type": "MultiPolygon", "coordinates": [ [ [ [ 2509117.745300000999123, 6346984.627400000579655, 0.0 ], [ 2509077.394799999892712, 6346981.725500003434718, 0.0 ], [ 2509076.571700000204146, 6346994.364900002256036, 0.0 ], [ 2509116.8758, 6346997.295000003650784, 0.0 ], [ 2509117.745300000999123, 6346984.627400000579655, 0.0 ] ] ] ] } },
{ "type": "Feature", "properties": { "LAYER": "PARCELARIO_BASE_CATASTRO", "MAP_NAME": "1010_2025.dwg", "ccpp1": "1010 2216", "LAYER_2": "PADRONES_2_VISTALBA" }, "geometry": { "type": "MultiPolygon", "coordinates": [ [ [ [ 2509118.5858, 6346972.383100002072752, 0.0 ], [ 2509078.193299998994917, 6346969.462900001555681, 0.0 ], [ 2509077.394799999892712, 6346981.725500003434718, 0.0 ], [ 2509117.745300000999123, 6346984.627400000579655, 0.0 ], [ 2509118.5858, 6346972.383100002072752, 0.0 ] ] ] ] } },
{ "type": "Feature", "properties": { "LAYER": "PARCELARIO_BASE_CATASTRO", "MAP_NAME": "1010_2025.dwg", "ccpp1": "1010 2217", "LAYER_2": "PADRONES_2_VISTALBA" }, "geometry": { "type": "MultiPolygon", "coordinates": [ [ [ [ 2509119.5162, 6346958.828000002540648, 0.0 ], [ 2509081.47580000013113, 6346956.243400002829731, 0.0 ], [ 2509081.5162, 6346956.762100002728403, 0.0 ], [ 2509081.4729, 6346958.880100001581013, 0.0 ], [ 2509081.2256, 6346960.963100001215935, 0.0 ], [ 2509080.7719, 6346963.032300001941621, 0.0 ], [ 2509080.117500000167638, 6346965.047100002877414, 0.0 ], [ 2509079.2689, 6346966.98800000268966, 0.0 ], [ 2509078.2341, 6346968.836400002241135, 0.0 ], [ 2509078.193299998994917, 6346969.462900001555681, 0.0 ], [ 2509118.5858, 6346972.383100002072752, 0.0 ], [ 2509119.5162, 6346958.828000002540648, 0.0 ] ] ] ] } },
{ "type": "Feature", "properties": { "LAYER": "PARCELARIO_BASE_CATASTRO", "MAP_NAME": "1010_2025.dwg", "ccpp1": "1010 2218", "LAYER_2": "PADRONES_2_VISTALBA" }, "geometry": { "type": "MultiPolygon", "coordinates": [ [ [ [ 2509120.389099999796599, 6346946.11079999897629, 0.0 ], [ 2509079.354900000151247, 6346942.888800002634525, 0.0 ], [ 2509079.0485, 6346947.340900000184774, 0.0 ], [ 2509079.637200000230223, 6346948.552000002935529, 0.0 ], [ 2509080.407800000160933, 6346950.525200000964105, 0.0 ], [ 2509080.981100000906736, 6346952.56460000295192, 0.0 ], [ 2509081.3517, 6346954.65019999910146, 0.0 ], [ 2509081.47580000013113, 6346956.243400002829731, 0.0 ], [ 2509119.5162, 6346958.828000002540648, 0.0 ], [ 2509120.389099999796599, 6346946.11079999897629, 0.0 ] ] ] ] } },
{ "type": "Feature", "properties": { "LAYER": "PARCELARIO_BASE_CATASTRO", "MAP_NAME": "1010_2025.dwg", "ccpp1": "1010 2219", "LAYER_2": "PADRONES_2_VISTALBA" }, "geometry": { "type": "MultiPolygon", "coordinates": [ [ [ [ 2509121.258099998813123, 6346933.450400000438094, 0.0 ], [ 2509080.2237, 6346930.264600002206862, 0.0 ], [ 2509079.354900000151247, 6346942.888800002634525, 0.0 ], [ 2509120.389099999796599, 6346946.11079999897629, 0.0 ], [ 2509121.258099998813123, 6346933.450400000438094, 0.0 ] ] ] ] } },
{ "type": "Feature", "properties": { "LAYER": "PARCELARIO_BASE_CATASTRO", "MAP_NAME": "1010_2025.dwg", "ccpp1": "1010 2220", "LAYER_2": "PADRONES_2_VISTALBA" }, "geometry": { "type": "MultiPolygon", "coordinates": [ [ [ [ 2509122.1283, 6346920.773699999786913, 0.0 ], [ 2509081.0883, 6346917.7018, 0.0 ], [ 2509080.2237, 6346930.264600002206862, 0.0 ], [ 2509121.258099998813123, 6346933.450400000438094, 0.0 ], [ 2509122.1283, 6346920.773699999786913, 0.0 ] ] ] ] } },
{ "type": "Feature", "properties": { "LAYER": "PARCELARIO_BASE_CATASTRO", "MAP_NAME": "1010_2025.dwg", "ccpp1": "1010 2221", "LAYER_2": "PADRONES_2_VISTALBA" }, "geometry": { "type": "MultiPolygon", "coordinates": [ [ [ [ 2509122.997, 6346908.11780000012368, 0.0 ], [ 2509081.962000001221895, 6346905.007200000807643, 0.0 ], [ 2509081.0883, 6346917.7018, 0.0 ], [ 2509122.1283, 6346920.773699999786913, 0.0 ], [ 2509122.997, 6346908.11780000012368, 0.0 ] ] ] ] } },
{ "type": "Feature", "properties": { "LAYER": "PARCELARIO_BASE_CATASTRO", "MAP_NAME": "1010_2025.dwg", "ccpp1": "1010 2222", "LAYER_2": "PADRONES_2_VISTALBA" }, "geometry": { "type": "MultiPolygon", "coordinates": [ [ [ [ 2509124.312100000213832, 6346888.960199999623001, 0.0 ], [ 2509083.2725, 6346885.965400000102818, 0.0 ], [ 2509081.962000001221895, 6346905.007200000807643, 0.0 ], [ 2509122.997, 6346908.11780000012368, 0.0 ], [ 2509124.312100000213832, 6346888.960199999623001, 0.0 ] ] ] ] } },
{ "type": "Feature", "properties": { "LAYER": "PARCELARIO_BASE_CATASTRO", "MAP_NAME": "1010_2025.dwg", "ccpp1": "1010 2228", "LAYER_2": "PADRONES_2_VISTALBA" }, "geometry": { "type": "MultiPolygon", "coordinates": [ [ [ [ 2508795.758100000210106, 6346675.253600001335144, 0.0 ], [ 2508790.954, 6346722.019999998621643, 0.0 ], [ 2508814.783800000790507, 6346724.873200001195073, 0.0 ], [ 2508819.5874, 6346678.111700001172721, 0.0 ], [ 2508795.758100000210106, 6346675.253600001335144, 0.0 ] ] ] ] } },
{ "type": "Feature", "properties": { "LAYER": "PARCELARIO_BASE_CATASTRO", "MAP_NAME": "1010_2025.dwg", "ccpp1": "1010 2227", "LAYER_2": "PADRONES_2_VISTALBA" }, "geometry": { "type": "MultiPolygon", "coordinates": [ [ [ [ 2508776.893199999816716, 6346672.990899999625981, 0.0 ], [ 2508772.088700000196695, 6346719.761199998669326, 0.0 ], [ 2508790.954, 6346722.019999998621643, 0.0 ], [ 2508795.758100000210106, 6346675.253600001335144, 0.0 ], [ 2508776.893199999816716, 6346672.990899999625981, 0.0 ] ] ] ] } },
{ "type": "Feature", "properties": { "LAYER": "PARCELARIO_BASE_CATASTRO", "MAP_NAME": "1010_2025.dwg", "ccpp1": "1010 2224", "LAYER_2": "PADRONES_2_VISTALBA" }, "geometry": { "type": "MultiPolygon", "coordinates": [ [ [ [ 2508725.2632, 6346666.7983, 0.0 ], [ 2508720.4574000001885, 6346713.579199999570847, 0.0 ], [ 2508739.3227, 6346715.838000001385808, 0.0 ], [ 2508742.18459999980405, 6346687.979100001044571, 0.0 ], [ 2508744.128, 6346669.061000000685453, 0.0 ], [ 2508725.2632, 6346666.7983, 0.0 ] ] ] ] } },
{ "type": "Feature", "properties": { "LAYER": "PARCELARIO_BASE_CATASTRO", "MAP_NAME": "1010_2025.dwg", "ccpp1": "1010 2223", "LAYER_2": "PADRONES_2_VISTALBA" }, "geometry": { "type": "MultiPolygon", "coordinates": [ [ [ [ 2508706.398400001227856, 6346664.5356, 0.0 ], [ 2508701.592199999839067, 6346711.320399998687208, 0.0 ], [ 2508720.4574000001885, 6346713.579199999570847, 0.0 ], [ 2508725.2632, 6346666.7983, 0.0 ], [ 2508706.398400001227856, 6346664.5356, 0.0 ] ] ] ] } },
{ "type": "Feature", "properties": { "LAYER": "PARCELARIO_BASE_CATASTRO", "MAP_NAME": "1010_2025.dwg", "ccpp1": "1010 2225", "LAYER_2": "PADRONES_2_VISTALBA" }, "geometry": { "type": "MultiPolygon", "coordinates": [ [ [ [ 2508742.18459999980405, 6346687.979100001044571, 0.0 ], [ 2508739.3227, 6346715.838000001385808, 0.0 ], [ 2508766.131299999076873, 6346719.047899998724461, 0.0 ], [ 2508768.992500000167638, 6346691.194500000216067, 0.0 ], [ 2508742.18459999980405, 6346687.979100001044571, 0.0 ] ] ] ] } },
{ "type": "Feature", "properties": { "LAYER": "PARCELARIO_BASE_CATASTRO", "MAP_NAME": "1010_2025.dwg", "ccpp1": "1010 2226", "LAYER_2": "PADRONES_2_VISTALBA" }, "geometry": { "type": "MultiPolygon", "coordinates": [ [ [ [ 2508744.128, 6346669.061000000685453, 0.0 ], [ 2508742.18459999980405, 6346687.979100001044571, 0.0 ], [ 2508768.992500000167638, 6346691.194500000216067, 0.0 ], [ 2508766.131299999076873, 6346719.047899998724461, 0.0 ], [ 2508772.088700000196695, 6346719.761199998669326, 0.0 ], [ 2508776.893199999816716, 6346672.990899999625981, 0.0 ], [ 2508744.128, 6346669.061000000685453, 0.0 ] ] ] ] } },
{ "type": "Feature", "properties": { "LAYER": "PARCELARIO_BASE_CATASTRO", "MAP_NAME": "1010_2025.dwg", "ccpp1": "1010 2012", "LAYER_2": "PADRONES_2_VISTALBA" }, "geometry": { "type": "MultiPolygon", "coordinates": [ [ [ [ 2509644.44238052284345, 6349572.981409595347941, 0.0 ], [ 2509640.024798084050417, 6349550.765491262078285, 0.0 ], [ 2509582.764899999834597, 6349553.602900000289083, 0.0 ], [ 2509583.09289881400764, 6349581.249000038951635, 0.0 ], [ 2509545.321562231052667, 6349582.529691107571125, 0.0 ], [ 2509547.1639, 6349596.020700000226498, 0.0 ], [ 2509580.4981, 6349594.218500001356006, 0.0 ], [ 2509592.3857, 6349579.978299998678267, 0.0 ], [ 2509644.44238052284345, 6349572.981409595347941, 0.0 ] ] ] ] } },
{ "type": "Feature", "properties": { "LAYER": "PARCELARIO_BASE_CATASTRO", "MAP_NAME": "1010_2025.dwg", "ccpp1": "1010 1954", "LAYER_2": "PADRONES_2_VISTALBA" }, "geometry": { "type": "MultiPolygon", "coordinates": [ [ [ [ 2508855.706600000150502, 6346749.9145, 0.0 ], [ 2508793.112300000153482, 6346742.56319999974221, 0.0 ], [ 2508779.174199999775738, 6346867.952000001445413, 0.0 ], [ 2508616.395200000144541, 6346848.141599998809397, 0.0 ], [ 2508619.044600000139326, 6346826.3722, 0.0 ], [ 2508528.8882, 6346815.400100000202656, 0.0 ], [ 2508526.671400000806898, 6346847.145799999125302, 0.0 ], [ 2508727.861709273885936, 6346874.206607328727841, 0.0 ], [ 2508838.5386, 6346887.997899998910725, 0.0 ], [ 2508855.706600000150502, 6346749.9145, 0.0 ] ] ] ] } },
{ "type": "Feature", "properties": { "LAYER": "PARCELARIO_BASE_CATASTRO", "MAP_NAME": "1010_2025.dwg", "ccpp1": "1010 1890", "LAYER_2": "PADRONES_2_VISTALBA" }, "geometry": { "type": "MultiPolygon", "coordinates": [ [ [ [ 2508496.906400000210851, 6348096.402800000272691, 0.0 ], [ 2508432.076400000136346, 6348090.342799998819828, 0.0 ], [ 2508431.6203, 6348111.202000001445413, 0.0 ], [ 2508495.5296, 6348116.128399999812245, 0.0 ], [ 2508496.906400000210851, 6348096.402800000272691, 0.0 ] ] ] ] } },
{ "type": "Feature", "properties": { "LAYER": "PARCELARIO_BASE_CATASTRO", "MAP_NAME": "1010_2025.dwg", "ccpp1": "1010 2250", "LAYER_2": "PADRONES_2_VISTALBA" }, "geometry": { "type": "MultiPolygon", "coordinates": [ [ [ [ 2508981.915201588068157, 6346755.686448290012777, 0.0 ], [ 2509136.025100000202656, 6346774.2177, 0.0 ], [ 2509141.659243343863636, 6346643.0321806948632, 0.0 ], [ 2508985.761194549966604, 6346636.797855854965746, 0.0 ], [ 2508981.915201588068157, 6346755.686448290012777, 0.0 ] ] ] ] } },
{ "type": "Feature", "properties": { "LAYER": "PARCELARIO_BASE_CATASTRO", "MAP_NAME": "1010_2025.dwg", "ccpp1": "1010 2252", "LAYER_2": "PADRONES_2_VISTALBA" }, "geometry": { "type": "MultiPolygon", "coordinates": [ [ [ [ 2509030.075691606849432, 6346638.569981752894819, 0.0 ], [ 2509053.936514875851572, 6346639.524170240387321, 0.0 ], [ 2509054.698286387138069, 6346615.812580419704318, 0.0 ], [ 2509050.810655558016151, 6346615.824675367213786, 0.0 ], [ 2509054.602732026949525, 6346512.653132217936218, 0.0 ], [ 2509057.35145747102797, 6346510.129705186933279, 0.0 ], [ 2509057.449581164866686, 6346506.411732628941536, 0.0 ], [ 2509035.822597175836563, 6346505.664360809139907, 0.0 ], [ 2509035.598700664937496, 6346509.870600832626224, 0.0 ], [ 2509038.62966400384903, 6346512.653132217936218, 0.0 ], [ 2509035.29454899020493, 6346615.360086901113391, 0.0 ], [ 2509030.939030576962978, 6346615.199189965613186, 0.0 ], [ 2509030.075691606849432, 6346638.569981752894819, 0.0 ] ] ] ] } },
{ "type": "Feature", "properties": { "LAYER": "PARCELARIO_BASE_CATASTRO", "MAP_NAME": "1010_2025.dwg", "ccpp1": "1010 2257", "LAYER_2": "PADRONES_2_VISTALBA" }, "geometry": { "type": "MultiPolygon", "coordinates": [ [ [ [ 2508785.919324499089271, 6345506.434570132754743, 0.0 ], [ 2508830.063063601963222, 6345503.665675980038941, 0.0 ], [ 2508816.763728642836213, 6345480.627196926623583, 0.0 ], [ 2508773.08113067317754, 6345483.138997567817569, 0.0 ], [ 2508781.753277122043073, 6345498.876514095813036, 0.0 ], [ 2508785.919324499089271, 6345506.434570132754743, 0.0 ] ] ] ] } },
{ "type": "Feature", "properties": { "LAYER": "PARCELARIO_BASE_CATASTRO", "MAP_NAME": "1010_2025.dwg", "ccpp1": "1010 2258", "LAYER_2": "PADRONES_2_VISTALBA" }, "geometry": { "type": "MultiPolygon", "coordinates": [ [ [ [ 2508773.08113067317754, 6345483.138997567817569, 0.0 ], [ 2508816.763728642836213, 6345480.627196926623583, 0.0 ], [ 2508803.240000000223517, 6345457.200000001117587, 0.0 ], [ 2508759.569999999832362, 6345459.96999999973923, 0.0 ], [ 2508768.700000000186265, 6345475.190000001341105, 0.0 ], [ 2508773.08113067317754, 6345483.138997567817569, 0.0 ] ] ] ] } },
{ "type": "Feature", "properties": { "LAYER": "PARCELARIO_BASE_CATASTRO", "MAP_NAME": "1010_2025.dwg", "ccpp1": "1010 2232", "LAYER_2": "PADRONES_2_VISTALBA" }, "geometry": { "type": "MultiPolygon", "coordinates": [ [ [ [ 2508933.354509809985757, 6345235.980099206790328, 0.0 ], [ 2508917.805327509064227, 6345237.237847775220871, 0.0 ], [ 2508902.25743187405169, 6345238.495492265559733, 0.0 ], [ 2508968.679279285017401, 6345352.731075882911682, 0.0 ], [ 2508972.322394254151732, 6345350.623386031016707, 0.0 ], [ 2508993.014171528164297, 6345338.551197214983404, 0.0 ], [ 2508933.354509809985757, 6345235.980099206790328, 0.0 ] ] ] ] } },
{ "type": "Feature", "properties": { "LAYER": "PARCELARIO_BASE_CATASTRO", "MAP_NAME": "1010_2025.dwg", "ccpp1": "1919 244", "LAYER_2": "PADRONES_2_VISTALBA" }, "geometry": { "type": "MultiPolygon", "coordinates": [ [ [ [ 2509024.299367816187441, 6345392.338913105428219, 0.0 ], [ 2509013.975620327983052, 6345374.599218956194818, 0.0 ], [ 2508952.458623779006302, 6345410.399494498036802, 0.0 ], [ 2508976.102550385985523, 6345451.486577713862062, 0.0 ], [ 2508980.4474, 6345459.0362, 0.0 ], [ 2509060.320000001229346, 6345454.259999999776483, 0.0 ], [ 2509024.299367816187441, 6345392.338913105428219, 0.0 ] ] ] ] } },
{ "type": "Feature", "properties": { "LAYER": "PARCELARIO_BASE_CATASTRO", "MAP_NAME": "1010_2025.dwg", "ccpp1": "1010 2016", "LAYER_2": "PADRONES_2_VISTALBA" }, "geometry": { "type": "MultiPolygon", "coordinates": [ [ [ [ 2509072.880400000140071, 6346071.940000000409782, 0.0 ], [ 2509125.240000000223517, 6346067.799999999813735, 0.0 ], [ 2509124.680000000167638, 6346062.809999998658895, 0.0 ], [ 2509073.026399999856949, 6346066.910199999809265, 0.0 ], [ 2509072.880400000140071, 6346071.940000000409782, 0.0 ] ] ] ] } },
{ "type": "Feature", "properties": { "LAYER": "PARCELARIO_BASE_CATASTRO", "MAP_NAME": "1010_2025.dwg", "ccpp1": "1010 2015", "LAYER_2": "PADRONES_2_VISTALBA" }, "geometry": { "type": "MultiPolygon", "coordinates": [ [ [ [ 2509141.17, 6346221.78000000026077, 0.0 ], [ 2509151.839999999850988, 6346220.92, 0.0 ], [ 2509118.15, 6345908.04, 0.0 ], [ 2509108.19, 6345908.940000001341105, 0.0 ], [ 2509113.04, 6345951.75, 0.0 ], [ 2509114.114200000185519, 6345961.189500001259148, 0.0 ], [ 2509114.69, 6345966.25, 0.0 ], [ 2509113.730000000912696, 6345966.320000001229346, 0.0 ], [ 2509116.97220000019297, 6345994.8898, 0.0 ], [ 2509119.721899999771267, 6346019.119800001382828, 0.0 ], [ 2509122.146999999880791, 6346040.489199998788536, 0.0 ], [ 2509124.48, 6346061.0, 0.0 ], [ 2509124.680000000167638, 6346062.809999998658895, 0.0 ], [ 2509125.240000000223517, 6346067.799999999813735, 0.0 ], [ 2509136.440000000875443, 6346166.54, 0.0 ], [ 2509136.839999999850988, 6346171.24000000115484, 0.0 ], [ 2509137.71, 6346181.370000000111759, 0.0 ], [ 2509141.17, 6346221.78000000026077, 0.0 ] ] ] ] } },
{ "type": "Feature", "properties": { "LAYER": "PARCELARIO_BASE_CATASTRO", "MAP_NAME": "1010_2025.dwg", "ccpp1": "1010 2247", "LAYER_2": "PADRONES_2_VISTALBA" }, "geometry": { "type": "MultiPolygon", "coordinates": [ [ [ [ 2509845.860721906181425, 6348915.873398524709046, 0.0 ], [ 2509865.16509999986738, 6348916.702100000344217, 0.0 ], [ 2509883.479100000113249, 6348867.013899998739362, 0.0 ], [ 2509860.1209, 6348866.166600000113249, 0.0 ], [ 2509845.514523895923048, 6348865.636822487227619, 0.0 ], [ 2509845.860721906181425, 6348915.873398524709046, 0.0 ] ] ] ] } },
{ "type": "Feature", "properties": { "LAYER": "PARCELARIO_BASE_CATASTRO", "MAP_NAME": "1010_2025.dwg", "ccpp1": "1010 2248", "LAYER_2": "PADRONES_2_VISTALBA" }, "geometry": { "type": "MultiPolygon", "coordinates": [ [ [ [ 2509324.251447319053113, 6349034.240711215883493, 0.0 ], [ 2509329.803686505183578, 6349003.904623134993017, 0.0 ], [ 2509300.03771440917626, 6348997.889813024550676, 0.0 ], [ 2509294.826900000218302, 6349028.306699998676777, 0.0 ], [ 2509324.251447319053113, 6349034.240711215883493, 0.0 ] ] ] ] } },
{ "type": "Feature", "properties": { "LAYER": "PARCELARIO_BASE_CATASTRO", "MAP_NAME": "1010_2025.dwg", "ccpp1": "1010 2249", "LAYER_2": "PADRONES_2_VISTALBA" }, "geometry": { "type": "MultiPolygon", "coordinates": [ [ [ [ 2509928.08737094886601, 6349608.804744536988437, 0.0 ], [ 2509924.238570949062705, 6349591.383244536817074, 0.0 ], [ 2509886.358670948073268, 6349593.654544535093009, 0.0 ], [ 2509881.750370949041098, 6349599.602644539438188, 0.0 ], [ 2509884.05957094905898, 6349611.444744536653161, 0.0 ], [ 2509928.08737094886601, 6349608.804744536988437, 0.0 ] ] ] ] } },
{ "type": "Feature", "properties": { "LAYER": "PARCELARIO_BASE_CATASTRO", "MAP_NAME": "1010_2025.dwg", "ccpp1": "1010 2230", "LAYER_2": "PADRONES_2_VISTALBA" }, "geometry": { "type": "MultiPolygon", "coordinates": [ [ [ [ 2509783.197411596775055, 6348770.858820628374815, 0.0 ], [ 2509782.252340959850699, 6348803.81904705055058, 0.0 ], [ 2509796.694763774983585, 6348804.233151744119823, 0.0 ], [ 2509800.597681519109756, 6348800.670603253878653, 0.0 ], [ 2509801.480110921896994, 6348771.397601143456995, 0.0 ], [ 2509788.804788912180811, 6348771.030872081406415, 0.0 ], [ 2509783.197411596775055, 6348770.858820628374815, 0.0 ] ] ] ] } },
{ "type": "Feature", "properties": { "LAYER": "PARCELARIO_BASE_CATASTRO", "MAP_NAME": "1010_2025.dwg", "ccpp1": "1010 2231", "LAYER_2": "PADRONES_2_VISTALBA" }, "geometry": { "type": "MultiPolygon", "coordinates": [ [ [ [ 2509830.540399999823421, 6348772.00870000012219, 0.0 ], [ 2509823.304129900876433, 6348771.779251418076456, 0.0 ], [ 2509816.067859802860767, 6348771.549802836030722, 0.0 ], [ 2509815.178362580016255, 6348801.088518738746643, 0.0 ], [ 2509818.672275024000555, 6348804.863368568941951, 0.0 ], [ 2509830.700800331775099, 6348805.208268767222762, 0.0 ], [ 2509830.540399999823421, 6348772.00870000012219, 0.0 ] ] ] ] } },
{ "type": "Feature", "properties": { "LAYER": "PARCELARIO_BASE_CATASTRO", "MAP_NAME": "1010_2025.dwg", "ccpp1": "1010 2245", "LAYER_2": "PADRONES_2_VISTALBA" }, "geometry": { "type": "MultiPolygon", "coordinates": [ [ [ [ 2508659.771300000138581, 6346658.943, 0.0 ], [ 2508655.173700000159442, 6346705.7626, 0.0 ], [ 2508689.2826, 6346709.8465, 0.0 ], [ 2508701.592199999839067, 6346711.320399998687208, 0.0 ], [ 2508706.398400001227856, 6346664.5356, 0.0 ], [ 2508659.771300000138581, 6346658.943, 0.0 ] ] ] ] } },
{ "type": "Feature", "properties": { "LAYER": "PARCELARIO_BASE_CATASTRO", "MAP_NAME": "1010_2025.dwg", "ccpp1": "1010 2256", "LAYER_2": "PADRONES_2_VISTALBA" }, "geometry": { "type": "MultiPolygon", "coordinates": [ [ [ [ 2509237.861489500850439, 6348961.796535462141037, 0.0 ], [ 2509284.333162685856223, 6348963.866471832618117, 0.0 ], [ 2509284.3429, 6348962.646099999547005, 0.0 ], [ 2509284.9131, 6348942.444199999794364, 0.0 ], [ 2509242.571100001223385, 6348941.6743, 0.0 ], [ 2509236.9296, 6348946.970300000160933, 0.0 ], [ 2509237.861489500850439, 6348961.796535462141037, 0.0 ] ] ] ] } },
{ "type": "Feature", "properties": { "LAYER": "PARCELARIO_BASE_CATASTRO", "MAP_NAME": "1010_2025.dwg", "ccpp1": "1010 2238", "LAYER_2": "PADRONES_2_VISTALBA" }, "geometry": { "type": "MultiPolygon", "coordinates": [ [ [ [ 2509625.785300000105053, 6349132.9529, 0.0 ], [ 2509613.073067844845355, 6349131.972260593436658, 0.0 ], [ 2509610.905380257871002, 6349171.441276831552386, 0.0 ], [ 2509613.546400000806898, 6349171.600399999879301, 0.0 ], [ 2509623.632300000172108, 6349172.208100001327693, 0.0 ], [ 2509625.785300000105053, 6349132.9529, 0.0 ] ] ] ] } },
{ "type": "Feature", "properties": { "LAYER": "PARCELARIO_BASE_CATASTRO", "MAP_NAME": "1010_2025.dwg", "ccpp1": "1010 41", "LAYER_2": "PADRONES_2_VISTALBA" }, "geometry": { "type": "MultiPolygon", "coordinates": [ [ [ [ 2509820.846100000198931, 6349365.3799, 0.0 ], [ 2509846.67920000012964, 6349364.445199999026954, 0.0 ], [ 2509846.106699999887496, 6349359.21229999884963, 0.0 ], [ 2509843.583699999842793, 6349332.578200001269579, 0.0 ], [ 2509818.603800000157207, 6349333.059500001370907, 0.0 ], [ 2509820.846100000198931, 6349365.3799, 0.0 ] ] ] ] } },
{ "type": "Feature", "properties": { "LAYER": "PARCELARIO_BASE_CATASTRO", "MAP_NAME": "1010_2025.dwg", "ccpp1": "1010 2177", "LAYER_2": "PADRONES_2_VISTALBA" }, "geometry": { "type": "MultiPolygon", "coordinates": [ [ [ [ 2508678.04, 6346455.940000001341105, 0.0 ], [ 2508679.198599999770522, 6346424.473599999211729, 0.0 ], [ 2508679.301299838814884, 6346421.685435677878559, 0.0 ], [ 2508669.3004, 6346421.856300000101328, 0.0 ], [ 2508668.9276, 6346431.8728, 0.0 ], [ 2508653.92879999987781, 6346432.058799998834729, 0.0 ], [ 2508644.7445, 6346446.364299999549985, 0.0 ], [ 2508629.7456, 6346446.550300001166761, 0.0 ], [ 2508629.373699299059808, 6346456.543418826535344, 0.0 ], [ 2508678.04, 6346455.940000001341105, 0.0 ] ] ] ] } },
{ "type": "Feature", "properties": { "LAYER": "PARCELARIO_BASE_CATASTRO", "MAP_NAME": "1010_2025.dwg", "ccpp1": "1010 2271", "LAYER_2": "PADRONES_2_VISTALBA" }, "geometry": { "type": "MultiPolygon", "coordinates": [ [ [ [ 2509068.563808153849095, 6347048.238766740076244, 0.0 ], [ 2509062.771825490985066, 6347105.371189029887319, 0.0 ], [ 2509070.358900000806898, 6347106.156600000336766, 0.0 ], [ 2509070.605000000912696, 6347103.1667, 0.0 ], [ 2509085.976843218784779, 6347104.4311005147174, 0.0 ], [ 2509091.388717573136091, 6347051.048245302401483, 0.0 ], [ 2509068.563808153849095, 6347048.238766740076244, 0.0 ] ] ] ] } },
{ "type": "Feature", "properties": { "LAYER": "PARCELARIO_BASE_CATASTRO", "MAP_NAME": "1010_2025.dwg", "ccpp1": "1010 2273", "LAYER_2": "PADRONES_2_VISTALBA" }, "geometry": { "type": "MultiPolygon", "coordinates": [ [ [ [ 2509043.880390197038651, 6347045.118483102880418, 0.0 ], [ 2509041.158407559152693, 6347071.968183506280184, 0.0 ], [ 2509061.919892339035869, 6347074.117406046018004, 0.0 ], [ 2509058.793184963986278, 6347104.959320724010468, 0.0 ], [ 2509062.771825490985066, 6347105.371189029887319, 0.0 ], [ 2509068.563808153849095, 6347048.238766740076244, 0.0 ], [ 2509043.880390197038651, 6347045.118483102880418, 0.0 ] ] ] ] } },
{ "type": "Feature", "properties": { "LAYER": "PARCELARIO_BASE_CATASTRO", "MAP_NAME": "1010_2025.dwg", "ccpp1": "1010 2272", "LAYER_2": "PADRONES_2_VISTALBA" }, "geometry": { "type": "MultiPolygon", "coordinates": [ [ [ [ 2509041.158407559152693, 6347071.968183506280184, 0.0 ], [ 2509038.031700184103101, 6347102.810098182410002, 0.0 ], [ 2509058.793184897862375, 6347104.959321375004947, 0.0 ], [ 2509061.919892339035869, 6347074.117406046018004, 0.0 ], [ 2509041.158407559152693, 6347071.968183506280184, 0.0 ] ] ] ] } },
{ "type": "Feature", "properties": { "LAYER": "PARCELARIO_BASE_CATASTRO", "MAP_NAME": "1010_2025.dwg", "ccpp1": "1010 2279", "LAYER_2": "PADRONES_2_VISTALBA" }, "geometry": { "type": "MultiPolygon", "coordinates": [ [ [ [ 2509801.480110921896994, 6348771.397601143456995, 0.0 ], [ 2509802.139982748776674, 6348749.507544741034508, 0.0 ], [ 2509767.724924549926072, 6348748.493352993391454, 0.0 ], [ 2509767.065052723977715, 6348770.383409395813942, 0.0 ], [ 2509801.480110921896994, 6348771.397601143456995, 0.0 ] ] ] ] } },
{ "type": "Feature", "properties": { "LAYER": "PARCELARIO_BASE_CATASTRO", "MAP_NAME": "1010_2025.dwg", "ccpp1": "1010 2279", "LAYER_2": "PADRONES_2_VISTALBA" }, "geometry": { "type": "MultiPolygon", "coordinates": [ [ [ [ 2509767.065103237051517, 6348770.381741189397871, 0.0 ], [ 2509783.197408151812851, 6348770.858820526860654, 0.0 ], [ 2509801.480110921896994, 6348771.397601143456995, 0.0 ], [ 2509802.124098700936884, 6348749.507077454589307, 0.0 ], [ 2509767.724871838930994, 6348748.49510158598423, 0.0 ], [ 2509767.065103237051517, 6348770.381741189397871, 0.0 ] ] ] ] } },
{ "type": "Feature", "properties": { "LAYER": "PARCELARIO_BASE_CATASTRO", "MAP_NAME": "1010_2025.dwg", "ccpp1": "1010 2280", "LAYER_2": "PADRONES_2_VISTALBA" }, "geometry": { "type": "MultiPolygon", "coordinates": [ [ [ [ 2509768.384743667207658, 6348726.605045185424387, 0.0 ], [ 2509767.724924549926072, 6348748.493352993391454, 0.0 ], [ 2509802.139982748776674, 6348749.507544741034508, 0.0 ], [ 2509802.799854576122016, 6348727.61748834233731, 0.0 ], [ 2509768.384743667207658, 6348726.605045185424387, 0.0 ] ] ] ] } },
{ "type": "Feature", "properties": { "LAYER": "PARCELARIO_BASE_CATASTRO", "MAP_NAME": "1010_2025.dwg", "ccpp1": "1010 2280", "LAYER_2": "PADRONES_2_VISTALBA" }, "geometry": { "type": "MultiPolygon", "coordinates": [ [ [ [ 2509767.724670739844441, 6348748.501772694289684, 0.0 ], [ 2509802.124098725151271, 6348749.507076648063958, 0.0 ], [ 2509802.81948567321524, 6348727.618065861053765, 0.0 ], [ 2509768.384743667207658, 6348726.605045185424387, 0.0 ], [ 2509767.724670739844441, 6348748.501772694289684, 0.0 ] ] ] ] } },
{ "type": "Feature", "properties": { "LAYER": "PARCELARIO_BASE_CATASTRO", "MAP_NAME": "1010_2025.dwg", "ccpp1": "1010 2281", "LAYER_2": "PADRONES_2_VISTALBA" }, "geometry": { "type": "MultiPolygon", "coordinates": [ [ [ [ 2509847.372528155799955, 6348729.225039069540799, 0.0 ], [ 2509848.866671234834939, 6348698.439449637196958, 0.0 ], [ 2509818.305761944968253, 6348697.34269171115011, 0.0 ], [ 2509817.37537887506187, 6348728.206470132805407, 0.0 ], [ 2509847.372528155799955, 6348729.225039069540799, 0.0 ] ] ] ] } },
{ "type": "Feature", "properties": { "LAYER": "PARCELARIO_BASE_CATASTRO", "MAP_NAME": "1010_2025.dwg", "ccpp1": "1010 2282", "LAYER_2": "PADRONES_2_VISTALBA" }, "geometry": { "type": "MultiPolygon", "coordinates": [ [ [ [ 2509816.067859802860767, 6348771.549802836030722, 0.0 ], [ 2509830.540399999823421, 6348772.00870000012219, 0.0 ], [ 2509851.604389369953424, 6348772.612672012299299, 0.0 ], [ 2509853.000349678099155, 6348751.134921292774379, 0.0 ], [ 2509816.721339408773929, 6348749.903048471547663, 0.0 ], [ 2509816.067859802860767, 6348771.549802836030722, 0.0 ] ] ] ] } },
{ "type": "Feature", "properties": { "LAYER": "PARCELARIO_BASE_CATASTRO", "MAP_NAME": "1010_2025.dwg", "ccpp1": "1010 2283", "LAYER_2": "PADRONES_2_VISTALBA" }, "geometry": { "type": "MultiPolygon", "coordinates": [ [ [ [ 2509853.000349678099155, 6348751.134921292774379, 0.0 ], [ 2509854.408867722842842, 6348729.463961671106517, 0.0 ], [ 2509817.37537887506187, 6348728.206470132805407, 0.0 ], [ 2509816.721339408773929, 6348749.903048471547663, 0.0 ], [ 2509853.000349678099155, 6348751.134921292774379, 0.0 ] ] ] ] } },
{ "type": "Feature", "properties": { "LAYER": "PARCELARIO_BASE_CATASTRO", "MAP_NAME": "1010_2025.dwg", "ccpp1": "1010 2284", "LAYER_2": "PADRONES_2_VISTALBA" }, "geometry": { "type": "MultiPolygon", "coordinates": [ [ [ [ 2509880.395292864181101, 6348611.38419044483453, 0.0 ], [ 2509878.551107882056385, 6348649.382105425000191, 0.0 ], [ 2509899.947123576886952, 6348650.108618361875415, 0.0 ], [ 2509911.940211686771363, 6348650.515849960036576, 0.0 ], [ 2509914.008362894877791, 6348612.660152548924088, 0.0 ], [ 2509880.395292864181101, 6348611.38419044483453, 0.0 ] ] ] ] } },
{ "type": "Feature", "properties": { "LAYER": "PARCELARIO_BASE_CATASTRO", "MAP_NAME": "1010_2025.dwg", "ccpp1": "1010 2285", "LAYER_2": "PADRONES_2_VISTALBA" }, "geometry": { "type": "MultiPolygon", "coordinates": [ [ [ [ 2509898.587762517854571, 6348674.990532568655908, 0.0 ], [ 2509899.947123576886952, 6348650.108618360944092, 0.0 ], [ 2509878.551107882056385, 6348649.382105425000191, 0.0 ], [ 2509880.315820844843984, 6348611.460960930213332, 0.0 ], [ 2509776.575920845847577, 6348607.44326092954725, 0.0 ], [ 2509772.675172415096313, 6348679.028267797082663, 0.0 ], [ 2509818.795613578986377, 6348681.092748238705099, 0.0 ], [ 2509818.305761944968253, 6348697.34269171115011, 0.0 ], [ 2509848.866551054175943, 6348698.4419258646667, 0.0 ], [ 2509847.372528155799955, 6348729.225039069540799, 0.0 ], [ 2509854.408867722842842, 6348729.463961671106517, 0.0 ], [ 2509854.536675196141005, 6348727.497561176307499, 0.0 ], [ 2509873.593212549109012, 6348727.742571075446904, 0.0 ], [ 2509875.579799822065979, 6348699.095308589749038, 0.0 ], [ 2509897.228401457890868, 6348699.872446776367724, 0.0 ], [ 2509898.401557453908026, 6348678.398853247985244, 0.0 ], [ 2509898.587762517854571, 6348674.990532568655908, 0.0 ] ] ] ] } },
{ "type": "Feature", "properties": { "LAYER": "PARCELARIO_BASE_CATASTRO", "MAP_NAME": "1010_2025.dwg", "ccpp1": "1010 2246", "LAYER_2": "PADRONES_2_VISTALBA" }, "geometry": { "type": "MultiPolygon", "coordinates": [ [ [ [ 2509307.300900000147521, 6349517.120199999772012, 0.0 ], [ 2509321.8725, 6349486.9857, 0.0 ], [ 2509328.539900000207126, 6349471.323900001123548, 0.0 ], [ 2509327.704700000118464, 6349471.254800000227988, 0.0 ], [ 2509313.844500000122935, 6349470.066700000315905, 0.0 ], [ 2509296.94579999987036, 6349503.941599999554455, 0.0 ], [ 2509307.300900000147521, 6349517.120199999772012, 0.0 ] ] ] ] } },
{ "type": "Feature", "properties": { "LAYER": "PARCELARIO_BASE_CATASTRO", "MAP_NAME": "1010_2025.dwg", "ccpp1": "1010 2260", "LAYER_2": "PADRONES_2_VISTALBA" }, "geometry": { "type": "MultiPolygon", "coordinates": [ [ [ [ 2509546.122700002044439, 6349666.009600000455976, 0.0 ], [ 2509542.729200000874698, 6349649.019999999552965, 0.0 ], [ 2509469.630300000775605, 6349650.445499999448657, 0.0 ], [ 2509480.693300001788884, 6349669.688600002788007, 0.0 ], [ 2509546.122700002044439, 6349666.009600000455976, 0.0 ] ] ] ] } },
{ "type": "Feature", "properties": { "LAYER": "PARCELARIO_BASE_CATASTRO", "MAP_NAME": "1010_2025.dwg", "ccpp1": "1010 2261", "LAYER_2": "PADRONES_2_VISTALBA" }, "geometry": { "type": "MultiPolygon", "coordinates": [ [ [ [ 2509542.729200000874698, 6349649.019999999552965, 0.0 ], [ 2509539.275899999774992, 6349631.7303, 0.0 ], [ 2509460.20170000102371, 6349634.045099999755621, 0.0 ], [ 2509469.630300000775605, 6349650.445499999448657, 0.0 ], [ 2509542.729200000874698, 6349649.019999999552965, 0.0 ] ] ] ] } },
{ "type": "Feature", "properties": { "LAYER": "PARCELARIO_BASE_CATASTRO", "MAP_NAME": "1010_2025.dwg", "ccpp1": "1010 2275", "LAYER_2": "PADRONES_2_VISTALBA" }, "geometry": { "type": "MultiPolygon", "coordinates": [ [ [ [ 2508502.097825597971678, 6348570.735780636779964, 0.0 ], [ 2508527.999299999792129, 6348589.0548, 0.0 ], [ 2508528.020500000100583, 6348587.628100000321865, 0.0 ], [ 2508528.2662, 6348586.222699999809265, 0.0 ], [ 2508528.7300999998115, 6348584.873499999754131, 0.0 ], [ 2508529.4008, 6348583.614099999889731, 0.0 ], [ 2508530.261400000192225, 6348582.476099999621511, 0.0 ], [ 2508531.290500000119209, 6348581.4879, 0.0 ], [ 2508532.462299999780953, 6348580.673999999649823, 0.0 ], [ 2508533.7478, 6348580.05489999987185, 0.0 ], [ 2508535.114699999801815, 6348579.645899999886751, 0.0 ], [ 2508536.528899999801069, 6348579.457299999892712, 0.0 ], [ 2508544.252299999818206, 6348547.435600000433624, 0.0 ], [ 2508545.705800000112504, 6348544.231300000101328, 0.0 ], [ 2508547.636299999896437, 6348541.289599999785423, 0.0 ], [ 2508549.997400000225753, 6348538.68099999986589, 0.0 ], [ 2508552.7327, 6348536.467799999751151, 0.0 ], [ 2508555.77669999981299, 6348534.703099999576807, 0.0 ], [ 2508557.305749999824911, 6348533.512299999594688, 0.0 ], [ 2508560.806200000923127, 6348521.707199999131262, 0.0 ], [ 2508523.9756, 6348500.9408, 0.0 ], [ 2508502.097825597971678, 6348570.735780636779964, 0.0 ] ] ] ] } },
{ "type": "Feature", "properties": { "LAYER": "PARCELARIO_BASE_CATASTRO", "MAP_NAME": "1010_2025.dwg", "ccpp1": "1010 2269", "LAYER_2": "PADRONES_2_VISTALBA" }, "geometry": { "type": "MultiPolygon", "coordinates": [ [ [ [ 2508992.613612344954163, 6349126.910574767738581, 0.0 ], [ 2508993.14967979118228, 6349104.206505781039596, 0.0 ], [ 2508981.624172329902649, 6349103.593488900922239, 0.0 ], [ 2508981.832200337201357, 6349098.793161958456039, 0.0 ], [ 2508981.117593485862017, 6349098.080672406591475, 0.0 ], [ 2508981.083696058951318, 6349095.893899162299931, 0.0 ], [ 2508985.47680204315111, 6349089.745110161602497, 0.0 ], [ 2508985.422421839088202, 6349085.961956317536533, 0.0 ], [ 2508987.8922393838875, 6349085.909606352448463, 0.0 ], [ 2508989.761743803042918, 6349083.432099377736449, 0.0 ], [ 2508984.442265178076923, 6349079.391840328462422, 0.0 ], [ 2508982.749476526863873, 6349088.883297792635858, 0.0 ], [ 2508977.268025706987828, 6349097.206909927539527, 0.0 ], [ 2508976.632570982910693, 6349104.072092798538506, 0.0 ], [ 2508969.181947752833366, 6349115.612596483901143, 0.0 ], [ 2508992.613612344954163, 6349126.910574767738581, 0.0 ] ] ] ] } },
{ "type": "Feature", "properties": { "LAYER": "PARCELARIO_BASE_CATASTRO", "MAP_NAME": "1010_2025.dwg", "ccpp1": "1010 2439", "LAYER_2": "PADRONES_2_VISTALBA" }, "geometry": { "type": "MultiPolygon", "coordinates": [ [ [ [ 2509631.297531079035252, 6349374.064201408997178, 0.0 ], [ 2509648.621249178890139, 6349374.279874353669584, 0.0 ], [ 2509656.316198317799717, 6349327.98501012288034, 0.0 ], [ 2509639.060725148767233, 6349328.449493234045804, 0.0 ], [ 2509631.297531079035252, 6349374.064201408997178, 0.0 ] ] ] ] } },
{ "type": "Feature", "properties": { "LAYER": "PARCELARIO_BASE_CATASTRO", "MAP_NAME": "1010_2025.dwg", "ccpp1": "1010 2440", "LAYER_2": "PADRONES_2_VISTALBA" }, "geometry": { "type": "MultiPolygon", "coordinates": [ [ [ [ 2509611.504299954045564, 6349360.378580404445529, 0.0 ], [ 2509633.579499952960759, 6349360.464480404742062, 0.0 ], [ 2509639.060725148767233, 6349328.449493234045804, 0.0 ], [ 2509617.244455068837851, 6349329.036743950098753, 0.0 ], [ 2509611.504299954045564, 6349360.378580404445529, 0.0 ] ] ] ] } },
{ "type": "Feature", "properties": { "LAYER": "PARCELARIO_BASE_CATASTRO", "MAP_NAME": "1010_2025.dwg", "ccpp1": "1010 2441", "LAYER_2": "PADRONES_2_VISTALBA" }, "geometry": { "type": "MultiPolygon", "coordinates": [ [ [ [ 2509592.785191827919334, 6349374.433404947631061, 0.0 ], [ 2509608.944799953140318, 6349374.15878040343523, 0.0 ], [ 2509617.244455068837851, 6349329.036743950098753, 0.0 ], [ 2509600.513799999840558, 6349329.487099999561906, 0.0 ], [ 2509592.785191827919334, 6349374.433404947631061, 0.0 ] ] ] ] } },
{ "type": "Feature", "properties": { "LAYER": "PARCELARIO_BASE_CATASTRO", "MAP_NAME": "1010_2025.dwg", "ccpp1": "1010 2442", "LAYER_2": "PADRONES_2_VISTALBA" }, "geometry": { "type": "MultiPolygon", "coordinates": [ [ [ [ 2509587.2199, 6349406.798499999567866, 0.0 ], [ 2509611.057399999815971, 6349406.451299999840558, 0.0 ], [ 2509615.929199954029173, 6349377.113780402578413, 0.0 ], [ 2509613.333899952936918, 6349374.084180404432118, 0.0 ], [ 2509592.785191827919334, 6349374.433404947631061, 0.0 ], [ 2509587.2199, 6349406.798499999567866, 0.0 ] ] ] ] } },
{ "type": "Feature", "properties": { "LAYER": "PARCELARIO_BASE_CATASTRO", "MAP_NAME": "1010_2025.dwg", "ccpp1": "1010 2443", "LAYER_2": "PADRONES_2_VISTALBA" }, "geometry": { "type": "MultiPolygon", "coordinates": [ [ [ [ 2509605.880057986825705, 6349437.675686620175838, 0.0 ], [ 2509614.024088035803288, 6349437.455100492574275, 0.0 ], [ 2509619.190099999774247, 6349406.299700000323355, 0.0 ], [ 2509623.453099953010678, 6349376.61498040240258, 0.0 ], [ 2509626.500499953981489, 6349374.004480404779315, 0.0 ], [ 2509631.297531079035252, 6349374.064201408997178, 0.0 ], [ 2509633.579499952960759, 6349360.464480404742062, 0.0 ], [ 2509611.504299954045564, 6349360.378580404445529, 0.0 ], [ 2509608.944799953140318, 6349374.15878040343523, 0.0 ], [ 2509613.333899952936918, 6349374.084180404432118, 0.0 ], [ 2509615.929199954029173, 6349377.113780402578413, 0.0 ], [ 2509611.057399999815971, 6349406.451299999840558, 0.0 ], [ 2509605.880057986825705, 6349437.675686620175838, 0.0 ] ] ] ] } },
{ "type": "Feature", "properties": { "LAYER": "PARCELARIO_BASE_CATASTRO", "MAP_NAME": "1010_2025.dwg", "ccpp1": "1010 2445", "LAYER_2": "PADRONES_2_VISTALBA" }, "geometry": { "type": "MultiPolygon", "coordinates": [ [ [ [ 2508828.161082250066102, 6348464.730048002675176, 0.0 ], [ 2508833.294600000139326, 6348444.05619999859482, 0.0 ], [ 2508812.982299999799579, 6348440.775500001385808, 0.0 ], [ 2508807.82576908916235, 6348460.861417180858552, 0.0 ], [ 2508828.161082250066102, 6348464.730048002675176, 0.0 ] ] ] ] } },
{ "type": "Feature", "properties": { "LAYER": "PARCELARIO_BASE_CATASTRO", "MAP_NAME": "1010_2025.dwg", "ccpp1": "1010 2446", "LAYER_2": "PADRONES_2_VISTALBA" }, "geometry": { "type": "MultiPolygon", "coordinates": [ [ [ [ 2508847.819999999832362, 6348468.46999999973923, 0.0 ], [ 2508854.240000000223517, 6348444.370000001043081, 0.0 ], [ 2508834.065495615825057, 6348440.954562842845917, 0.0 ], [ 2508833.294600000139326, 6348444.05619999859482, 0.0 ], [ 2508828.161082250066102, 6348464.730048002675176, 0.0 ], [ 2508847.819999999832362, 6348468.46999999973923, 0.0 ] ] ] ] } },
{ "type": "Feature", "properties": { "LAYER": "PARCELARIO_BASE_CATASTRO", "MAP_NAME": "1010_2025.dwg", "ccpp1": "1010 2447", "LAYER_2": "PADRONES_2_VISTALBA" }, "geometry": { "type": "MultiPolygon", "coordinates": [ [ [ [ 2508834.065495615825057, 6348440.954562842845917, 0.0 ], [ 2508787.029399999883026, 6348432.991600000299513, 0.0 ], [ 2508786.05654306197539, 6348436.42220476269722, 0.0 ], [ 2508833.294600000139326, 6348444.05619999859482, 0.0 ], [ 2508834.065495615825057, 6348440.954562842845917, 0.0 ] ] ] ] } },
{ "type": "Feature", "properties": { "LAYER": "PARCELARIO_BASE_CATASTRO", "MAP_NAME": "1010_2025.dwg", "ccpp1": "1010 2438", "LAYER_2": "PADRONES_2_VISTALBA" }, "geometry": { "type": "MultiPolygon", "coordinates": [ [ [ [ 2509255.278699999209493, 6349119.3032, 0.0 ], [ 2509272.532100000884384, 6349092.166000000201166, 0.0 ], [ 2509278.8339, 6349049.646099999547005, 0.0 ], [ 2509269.967999999877065, 6349048.064399999566376, 0.0 ], [ 2509257.044300000183284, 6349045.591199999675155, 0.0 ], [ 2509236.141600000206381, 6349045.262699999846518, 0.0 ], [ 2509218.971599999815226, 6349046.647199999541044, 0.0 ], [ 2509225.599400000181049, 6349081.797399999573827, 0.0 ], [ 2509238.3183, 6349116.448200001381338, 0.0 ], [ 2509245.4224, 6349116.933799998834729, 0.0 ], [ 2509255.278699999209493, 6349119.3032, 0.0 ] ] ] ] } },
{ "type": "Feature", "properties": { "LAYER": "PARCELARIO_BASE_CATASTRO", "MAP_NAME": "1010_2025.dwg", "ccpp1": "1010 2449", "LAYER_2": "PADRONES_2_VISTALBA" }, "geometry": { "type": "MultiPolygon", "coordinates": [ [ [ [ 2509040.545899999793619, 6348318.76799999922514, 0.0 ], [ 2509063.6848, 6347919.409099999815226, 0.0 ], [ 2508516.258100000210106, 6347859.025899999774992, 0.0 ], [ 2508505.878099999856204, 6347970.585900000296533, 0.0 ], [ 2508442.601600000169128, 6347966.7845, 0.0 ], [ 2508440.946399999782443, 6347985.092799999751151, 0.0 ], [ 2508506.7464, 6347990.472799998708069, 0.0 ], [ 2508496.906400000210851, 6348096.402800000272691, 0.0 ], [ 2508495.5296, 6348116.128399999812245, 0.0 ], [ 2508494.219200000166893, 6348135.445600000210106, 0.0 ], [ 2508494.1467, 6348137.96059999987483, 0.0 ], [ 2508487.27, 6348213.469499999657273, 0.0 ], [ 2508486.681900000199676, 6348219.927500000223517, 0.0 ], [ 2508501.5984, 6348222.32249999884516, 0.0 ], [ 2508499.841099999845028, 6348240.494199998676777, 0.0 ], [ 2508863.809991201851517, 6348293.343695494346321, 0.0 ], [ 2508874.263830200769007, 6348200.285563573241234, 0.0 ], [ 2508878.468677528202534, 6348196.74867946933955, 0.0 ], [ 2508963.75313315493986, 6348207.498423882760108, 0.0 ], [ 2509023.786579153966159, 6348218.575951589271426, 0.0 ], [ 2509026.960169745143503, 6348222.494450245052576, 0.0 ], [ 2509009.845948718022555, 6348314.726995119825006, 0.0 ], [ 2509040.545899999793619, 6348318.76799999922514, 0.0 ] ] ] ] } },
{ "type": "Feature", "properties": { "LAYER": "PARCELARIO_BASE_CATASTRO", "MAP_NAME": "1010_2025.dwg", "ccpp1": "1010 2450", "LAYER_2": "PADRONES_2_VISTALBA" }, "geometry": { "type": "MultiPolygon", "coordinates": [ [ [ [ 2509899.947123576886952, 6348650.108618361875415, 0.0 ], [ 2509897.228401457890868, 6348699.872446776367724, 0.0 ], [ 2509919.401249911170453, 6348700.66840429417789, 0.0 ], [ 2509963.222699999809265, 6348702.241499998606741, 0.0 ], [ 2509967.863329006824642, 6348688.385301880538464, 0.0 ], [ 2509909.966336504090577, 6348686.64590725582093, 0.0 ], [ 2509911.940211686771363, 6348650.515849960036576, 0.0 ], [ 2509899.947123576886952, 6348650.108618361875415, 0.0 ] ] ] ] } },
{ "type": "Feature", "properties": { "LAYER": "PARCELARIO_BASE_CATASTRO", "MAP_NAME": "1010_2025.dwg", "ccpp1": "1010 2461", "LAYER_2": "PADRONES_2_VISTALBA" }, "geometry": { "type": "MultiPolygon", "coordinates": [ [ [ [ 2509300.03771440917626, 6348997.889813024550676, 0.0 ], [ 2509329.803686505183578, 6349003.904623134993017, 0.0 ], [ 2509336.280239113140851, 6348968.518310727551579, 0.0 ], [ 2509329.61458822991699, 6348965.899025379680097, 0.0 ], [ 2509322.421933243051171, 6348963.072652358561754, 0.0 ], [ 2509301.4498, 6348989.647099998779595, 0.0 ], [ 2509300.03771440917626, 6348997.889813024550676, 0.0 ] ] ] ] } },
{ "type": "Feature", "properties": { "LAYER": "PARCELARIO_BASE_CATASTRO", "MAP_NAME": "1010_2025.dwg", "ccpp1": "1010 2462", "LAYER_2": "PADRONES_2_VISTALBA" }, "geometry": { "type": "MultiPolygon", "coordinates": [ [ [ [ 2508759.810086417011917, 6347077.967818009667099, 0.0 ], [ 2508765.241199810057878, 6347074.651700117625296, 0.0 ], [ 2508783.026607097126544, 6347076.45459608361125, 0.0 ], [ 2508785.803689231164753, 6347029.891522291116416, 0.0 ], [ 2508804.610403730999678, 6347031.013179145753384, 0.0 ], [ 2508805.843239470850676, 6347015.022740017622709, 0.0 ], [ 2508765.435003125108778, 6347009.913885903544724, 0.0 ], [ 2508759.810086417011917, 6347077.967818009667099, 0.0 ] ] ] ] } },
{ "type": "Feature", "properties": { "LAYER": "PARCELARIO_BASE_CATASTRO", "MAP_NAME": "1010_2025.dwg", "ccpp1": "1010 2455", "LAYER_2": "PADRONES_2_VISTALBA" }, "geometry": { "type": "MultiPolygon", "coordinates": [ [ [ [ 2508838.222275306005031, 6348425.522102708928287, 0.0 ], [ 2508838.326302852947265, 6348424.86664711125195, 0.0 ], [ 2508840.786673518829048, 6348409.364334861747921, 0.0 ], [ 2508795.795237665995955, 6348402.080485655926168, 0.0 ], [ 2508791.299096839968115, 6348417.93529936298728, 0.0 ], [ 2508838.222275306005031, 6348425.522102708928287, 0.0 ] ] ] ] } },
{ "type": "Feature", "properties": { "LAYER": "PARCELARIO_BASE_CATASTRO", "MAP_NAME": "1010_2025.dwg", "ccpp1": "1010 79", "LAYER_2": "PADRONES_2_VISTALBA" }, "geometry": { "type": "MultiPolygon", "coordinates": [ [ [ [ 2508787.028612369205803, 6348432.99437743704766, 0.0 ], [ 2508835.657157330773771, 6348441.224023229442537, 0.0 ], [ 2508838.222316638100892, 6348425.521842285990715, 0.0 ], [ 2508791.299096839968115, 6348417.93529936298728, 0.0 ], [ 2508787.028612369205803, 6348432.99437743704766, 0.0 ] ] ] ] } },
{ "type": "Feature", "properties": { "LAYER": "PARCELARIO_BASE_CATASTRO", "MAP_NAME": "1010_2025.dwg", "ccpp1": "1010 2456", "LAYER_2": "PADRONES_2_VISTALBA" }, "geometry": { "type": "MultiPolygon", "coordinates": [ [ [ [ 2508795.795237665995955, 6348402.080485655926168, 0.0 ], [ 2508840.786673518829048, 6348409.364334861747921, 0.0 ], [ 2508843.516285398975015, 6348392.503859809599817, 0.0 ], [ 2508800.487811828963459, 6348385.532985913567245, 0.0 ], [ 2508795.795237665995955, 6348402.080485655926168, 0.0 ] ] ] ] } },
{ "type": "Feature", "properties": { "LAYER": "PARCELARIO_BASE_CATASTRO", "MAP_NAME": "1010_2025.dwg", "ccpp1": "1010 2457", "LAYER_2": "PADRONES_2_VISTALBA" }, "geometry": { "type": "MultiPolygon", "coordinates": [ [ [ [ 2508843.516285398975015, 6348392.503859809599817, 0.0 ], [ 2508846.248440090101212, 6348374.813492107205093, 0.0 ], [ 2508805.40682997694239, 6348368.186973102390766, 0.0 ], [ 2508800.487811828963459, 6348385.532985913567245, 0.0 ], [ 2508843.516285398975015, 6348392.503859809599817, 0.0 ] ] ] ] } },
{ "type": "Feature", "properties": { "LAYER": "PARCELARIO_BASE_CATASTRO", "MAP_NAME": "1010_2025.dwg", "ccpp1": "1010 2459", "LAYER_2": "PADRONES_2_VISTALBA" }, "geometry": { "type": "MultiPolygon", "coordinates": [ [ [ [ 2508916.680366044864058, 6348386.717193136923015, 0.0 ], [ 2508919.240000000223517, 6348371.429999999701977, 0.0 ], [ 2508893.369350510183722, 6348367.549910441972315, 0.0 ], [ 2508891.347270620986819, 6348382.917447423562407, 0.0 ], [ 2508916.680366044864058, 6348386.717193136923015, 0.0 ] ] ] ] } },
{ "type": "Feature", "properties": { "LAYER": "PARCELARIO_BASE_CATASTRO", "MAP_NAME": "1010_2025.dwg", "ccpp1": "1010 2298", "LAYER_2": "PADRONES_2_VISTALBA" }, "geometry": { "type": "MultiPolygon", "coordinates": [ [ [ [ 2508486.7475, 6345233.0154, 0.0 ], [ 2508463.712319024838507, 6345234.840272325091064, 0.0 ], [ 2508464.966011460870504, 6345249.32826678827405, 0.0 ], [ 2508457.716348175890744, 6345249.969509436748922, 0.0 ], [ 2508449.50011864118278, 6345235.954301106743515, 0.0 ], [ 2508446.344100000802428, 6345236.217000000178814, 0.0 ], [ 2508485.739462476223707, 6345303.259190963581204, 0.0 ], [ 2508502.522893864195794, 6345293.375226012431085, 0.0 ], [ 2508517.161456473171711, 6345284.773323643021286, 0.0 ], [ 2508486.7475, 6345233.0154, 0.0 ] ] ] ] } },
{ "type": "Feature", "properties": { "LAYER": "PARCELARIO_BASE_CATASTRO", "MAP_NAME": "1010_2025.dwg", "ccpp1": "1010 2437", "LAYER_2": "PADRONES_2_VISTALBA" }, "geometry": { "type": "MultiPolygon", "coordinates": [ [ [ [ 2508449.50011864118278, 6345235.954301106743515, 0.0 ], [ 2508457.716348175890744, 6345249.969509436748922, 0.0 ], [ 2508464.966011460870504, 6345249.32826678827405, 0.0 ], [ 2508463.712319024838507, 6345234.840272325091064, 0.0 ], [ 2508449.50011864118278, 6345235.954301106743515, 0.0 ] ] ] ] } },
{ "type": "Feature", "properties": { "LAYER": "PARCELARIO_BASE_CATASTRO", "MAP_NAME": "1010_2025.dwg", "ccpp1": "1010 2427", "LAYER_2": "PADRONES_2_VISTALBA" }, "geometry": { "type": "MultiPolygon", "coordinates": [ [ [ [ 2508623.231800000183284, 6345547.572599999606609, 0.0 ], [ 2508603.481800000183284, 6345513.820299999788404, 0.0 ], [ 2508587.859392841812223, 6345522.705068225972354, 0.0 ], [ 2508609.274938920978457, 6345559.425297702662647, 0.0 ], [ 2508622.7497, 6345551.530799999833107, 0.0 ], [ 2508623.231800000183284, 6345547.572599999606609, 0.0 ] ] ] ] } },
{ "type": "Feature", "properties": { "LAYER": "PARCELARIO_BASE_CATASTRO", "MAP_NAME": "1010_2025.dwg", "ccpp1": "1010 2428", "LAYER_2": "PADRONES_2_VISTALBA" }, "geometry": { "type": "MultiPolygon", "coordinates": [ [ [ [ 2508642.286413982044905, 6345580.015612724237144, 0.0 ], [ 2508631.3564, 6345561.457299999892712, 0.0 ], [ 2508628.907699999865144, 6345560.8344, 0.0 ], [ 2508622.7497, 6345551.530799999833107, 0.0 ], [ 2508609.274938920978457, 6345559.425297702662647, 0.0 ], [ 2508626.532069183886051, 6345589.015277585946023, 0.0 ], [ 2508642.286413982044905, 6345580.015612724237144, 0.0 ] ] ] ] } },
{ "type": "Feature", "properties": { "LAYER": "PARCELARIO_BASE_CATASTRO", "MAP_NAME": "1010_2025.dwg", "ccpp1": "1010 2429", "LAYER_2": "PADRONES_2_VISTALBA" }, "geometry": { "type": "MultiPolygon", "coordinates": [ [ [ [ 2508660.429402239155024, 6345610.820994162000716, 0.0 ], [ 2508642.286413982044905, 6345580.015612724237144, 0.0 ], [ 2508626.532069183886051, 6345589.015277585946023, 0.0 ], [ 2508639.828497434966266, 6345611.817187164910138, 0.0 ], [ 2508660.429402239155024, 6345610.820994162000716, 0.0 ] ] ] ] } },
{ "type": "Feature", "properties": { "LAYER": "PARCELARIO_BASE_CATASTRO", "MAP_NAME": "1010_2025.dwg", "ccpp1": "1010 2430", "LAYER_2": "PADRONES_2_VISTALBA" }, "geometry": { "type": "MultiPolygon", "coordinates": [ [ [ [ 2508666.3602, 6345610.534199999645352, 0.0 ], [ 2508602.3046460961923, 6345501.567790408618748, 0.0 ], [ 2508601.03940000012517, 6345513.193699999712408, 0.0 ], [ 2508603.4619, 6345513.786399999633431, 0.0 ], [ 2508623.231800000183284, 6345547.572599999606609, 0.0 ], [ 2508622.7497, 6345551.530799999833107, 0.0 ], [ 2508628.907699999865144, 6345560.8344, 0.0 ], [ 2508631.3564, 6345561.457299999892712, 0.0 ], [ 2508660.429402239155024, 6345610.820994162000716, 0.0 ], [ 2508666.3602, 6345610.534199999645352, 0.0 ] ] ] ] } },
{ "type": "Feature", "properties": { "LAYER": "PARCELARIO_BASE_CATASTRO", "MAP_NAME": "1010_2025.dwg", "ccpp1": "1010 2424", "LAYER_2": "PADRONES_2_VISTALBA" }, "geometry": { "type": "MultiPolygon", "coordinates": [ [ [ [ 2509640.004835754167289, 6346052.161680421791971, 0.0 ], [ 2509664.641664245165884, 6346043.412103548645973, 0.0 ], [ 2509664.393080538138747, 6346041.830479330383241, 0.0 ], [ 2509675.898118551820517, 6346038.039890250191092, 0.0 ], [ 2509673.880605615209788, 6346023.821676830761135, 0.0 ], [ 2509668.986091386061162, 6346025.494297357276082, 0.0 ], [ 2509670.285461612045765, 6346034.680396310985088, 0.0 ], [ 2509663.623842006083578, 6346036.894460756331682, 0.0 ], [ 2509663.901375439018011, 6346038.277468216605484, 0.0 ], [ 2509639.244318723212928, 6346046.982280787080526, 0.0 ], [ 2509640.004835754167289, 6346052.161680421791971, 0.0 ] ] ] ] } },
{ "type": "Feature", "properties": { "LAYER": "PARCELARIO_BASE_CATASTRO", "MAP_NAME": "1010_2025.dwg", "ccpp1": "1010 2425", "LAYER_2": "PADRONES_2_VISTALBA" }, "geometry": { "type": "MultiPolygon", "coordinates": [ [ [ [ 2509664.107976973988116, 6345991.26340592186898, 0.0 ], [ 2509668.820451407227665, 6345989.52436884585768, 0.0 ], [ 2509661.342221293132752, 6345939.330989478155971, 0.0 ], [ 2509656.629746859893203, 6345941.070026554167271, 0.0 ], [ 2509664.107976973988116, 6345991.26340592186898, 0.0 ] ] ] ] } },
{ "type": "Feature", "properties": { "LAYER": "PARCELARIO_BASE_CATASTRO", "MAP_NAME": "1010_2025.dwg", "ccpp1": "1010 2259", "LAYER_2": "PADRONES_2_VISTALBA" }, "geometry": { "type": "MultiPolygon", "coordinates": [ [ [ [ 2509639.244318723212928, 6346046.982280787080526, 0.0 ], [ 2509663.901375439018011, 6346038.277468216605484, 0.0 ], [ 2509663.623842006083578, 6346036.894460756331682, 0.0 ], [ 2509670.285461612045765, 6346034.680396310985088, 0.0 ], [ 2509668.986091386061162, 6346025.494297357276082, 0.0 ], [ 2509673.880605615209788, 6346023.821676830761135, 0.0 ], [ 2509668.820451407227665, 6345989.52436884585768, 0.0 ], [ 2509664.107976973988116, 6345991.26340592186898, 0.0 ], [ 2509656.629746859893203, 6345941.070026554167271, 0.0 ], [ 2509625.256154641974717, 6345952.083403996191919, 0.0 ], [ 2509639.244318723212928, 6346046.982280787080526, 0.0 ] ] ] ] } },
{ "type": "Feature", "properties": { "LAYER": "PARCELARIO_BASE_CATASTRO", "MAP_NAME": "1010_2025.dwg", "ccpp1": "1010 2266", "LAYER_2": "PADRONES_2_VISTALBA" }, "geometry": { "type": "MultiPolygon", "coordinates": [ [ [ [ 2508708.192300000227988, 6345658.415199999697506, 0.0 ], [ 2508723.8925, 6345657.438099998980761, 0.0 ], [ 2508722.630299999844283, 6345633.426099998876452, 0.0 ], [ 2508706.821899999864399, 6345634.310499999672174, 0.0 ], [ 2508708.192300000227988, 6345658.415199999697506, 0.0 ] ] ] ] } },
{ "type": "Feature", "properties": { "LAYER": "PARCELARIO_BASE_CATASTRO", "MAP_NAME": "1010_2025.dwg", "ccpp1": "1010 2297", "LAYER_2": "PADRONES_2_VISTALBA" }, "geometry": { "type": "MultiPolygon", "coordinates": [ [ [ [ 2508514.881957416888326, 6346983.035648130811751, 0.0 ], [ 2508618.215900000184774, 6346991.20920000039041, 0.0 ], [ 2508620.815700000151992, 6346947.553899999707937, 0.0 ], [ 2508616.6782, 6346904.6299, 0.0 ], [ 2508595.6236, 6346903.0609, 0.0 ], [ 2508594.778700000140816, 6346912.854600000195205, 0.0 ], [ 2508521.475533845834434, 6346907.056371297687292, 0.0 ], [ 2508514.881957416888326, 6346983.035648130811751, 0.0 ] ] ] ] } },
{ "type": "Feature", "properties": { "LAYER": "PARCELARIO_BASE_CATASTRO", "MAP_NAME": "1010_2025.dwg", "ccpp1": "1010 2473", "LAYER_2": "PADRONES_2_VISTALBA" }, "geometry": { "type": "MultiPolygon", "coordinates": [ [ [ [ 2508906.100082162767649, 6348299.536017588339746, 0.0 ], [ 2508970.562835237011313, 6348308.974969385191798, 0.0 ], [ 2508981.231174934189767, 6348252.475421979092062, 0.0 ], [ 2508912.047517342958599, 6348243.141118300147355, 0.0 ], [ 2508906.100082162767649, 6348299.536017588339746, 0.0 ] ] ] ] } },
{ "type": "Feature", "properties": { "LAYER": "PARCELARIO_BASE_CATASTRO", "MAP_NAME": "1010_2025.dwg", "ccpp1": "1010 2472", "LAYER_2": "PADRONES_2_VISTALBA" }, "geometry": { "type": "MultiPolygon", "coordinates": [ [ [ [ 2508863.809991201851517, 6348293.343695494346321, 0.0 ], [ 2508906.100082162767649, 6348299.536017588339746, 0.0 ], [ 2508912.047517342958599, 6348243.141118300147355, 0.0 ], [ 2508981.231174934189767, 6348252.475421979092062, 0.0 ], [ 2508970.562835237011313, 6348308.974969385191798, 0.0 ], [ 2509009.845948739908636, 6348314.726995122618973, 0.0 ], [ 2509026.960169745143503, 6348222.494450245052576, 0.0 ], [ 2509023.786579153966159, 6348218.575951589271426, 0.0 ], [ 2508963.75313315493986, 6348207.498423882760108, 0.0 ], [ 2508878.468677528202534, 6348196.74867946933955, 0.0 ], [ 2508874.263830200769007, 6348200.285563573241234, 0.0 ], [ 2508863.809991201851517, 6348293.343695494346321, 0.0 ] ] ] ] } },
{ "type": "Feature", "properties": { "LAYER": "PARCELARIO_BASE_CATASTRO", "MAP_NAME": "1010_2025.dwg", "ccpp1": "1010 2460", "LAYER_2": "PADRONES_2_VISTALBA" }, "geometry": { "type": "MultiPolygon", "coordinates": [ [ [ [ 2509567.162377012893558, 6348924.522955173626542, 0.0 ], [ 2509615.865471660159528, 6348916.698484510183334, 0.0 ], [ 2509615.870000001043081, 6348916.604299999773502, 0.0 ], [ 2509616.0792, 6348912.2165, 0.0 ], [ 2509567.436300000175834, 6348920.0313, 0.0 ], [ 2509567.162377012893558, 6348924.522955173626542, 0.0 ] ] ] ] } },
{ "type": "Feature", "properties": { "LAYER": "PARCELARIO_BASE_CATASTRO", "MAP_NAME": "1010_2025.dwg", "ccpp1": "1010 2305", "LAYER_2": "PADRONES_2_VISTALBA" }, "geometry": { "type": "MultiPolygon", "coordinates": [ [ [ [ 2509625.320490999147296, 6349006.156192638911307, 0.0 ], [ 2509626.045700000133365, 6348980.899699999019504, 0.0 ], [ 2509598.232434170786291, 6348981.513484667986631, 0.0 ], [ 2509597.62708613788709, 6349004.234493591822684, 0.0 ], [ 2509625.320490999147296, 6349006.156192638911307, 0.0 ] ] ] ] } },
{ "type": "Feature", "properties": { "LAYER": "1010_AUXILIAR", "MAP_NAME": "1010_2025.dwg", "ccpp1": "1010 2432", "LAYER_2": "PADRONES_2_VISTALBA" }, "geometry": { "type": "MultiPolygon", "coordinates": [ [ [ [ 2509856.167198445182294, 6349717.301957457326353, 0.0 ], [ 2509883.063484136946499, 6349715.153097509406507, 0.0 ], [ 2509887.541391102131456, 6349709.089876996353269, 0.0 ], [ 2509883.014918407890946, 6349687.610834493301809, 0.0 ], [ 2509850.3336126729846, 6349689.094212993979454, 0.0 ], [ 2509856.167198445182294, 6349717.301957457326353, 0.0 ] ] ] ] } },
{ "type": "Feature", "properties": { "LAYER": "PARCELARIO_BASE_CATASTRO", "MAP_NAME": "1010_2025.dwg", "ccpp1": "1010 2432", "LAYER_2": "PADRONES_2_VISTALBA" }, "geometry": { "type": "MultiPolygon", "coordinates": [ [ [ [ 2509856.167198445182294, 6349717.301957457326353, 0.0 ], [ 2509883.063484136946499, 6349715.153097509406507, 0.0 ], [ 2509887.541391102131456, 6349709.089876996353269, 0.0 ], [ 2509883.014918407890946, 6349687.610834493301809, 0.0 ], [ 2509850.3336126729846, 6349689.094212993979454, 0.0 ], [ 2509856.167198445182294, 6349717.301957457326353, 0.0 ] ] ] ] } },
{ "type": "Feature", "properties": { "LAYER": "PARCELARIO_BASE_CATASTRO", "MAP_NAME": "1010_2025.dwg", "ccpp1": "1010 2431", "LAYER_2": "PADRONES_2_VISTALBA" }, "geometry": { "type": "MultiPolygon", "coordinates": [ [ [ [ 2509718.968613306991756, 6349697.39737768471241, 0.0 ], [ 2509743.775098519865423, 6349696.093406181782484, 0.0 ], [ 2509736.282607735134661, 6349655.971188719384372, 0.0 ], [ 2509711.005152650177479, 6349657.365916836075485, 0.0 ], [ 2509718.968613306991756, 6349697.39737768471241, 0.0 ] ] ] ] } },
{ "type": "Feature", "properties": { "LAYER": "PARCELARIO_BASE_CATASTRO", "MAP_NAME": "1010_2025.dwg", "ccpp1": "1010 2471", "LAYER_2": "PADRONES_2_VISTALBA" }, "geometry": { "type": "MultiPolygon", "coordinates": [ [ [ [ 2509861.8128, 6349929.13389999885112, 0.0 ], [ 2509882.0534, 6349928.092799998819828, 0.0 ], [ 2509884.402695847209543, 6349927.971283320337534, 0.0 ], [ 2509882.158207517117262, 6349892.022329102270305, 0.0 ], [ 2509859.567600000184029, 6349893.187699998728931, 0.0 ], [ 2509861.8128, 6349929.13389999885112, 0.0 ] ] ] ] } },
{ "type": "Feature", "properties": { "LAYER": "PARCELARIO_BASE_CATASTRO", "MAP_NAME": "1010_2025.dwg", "ccpp1": "1010 2287", "LAYER_2": "PADRONES_2_VISTALBA" }, "geometry": { "type": "MultiPolygon", "coordinates": [ [ [ [ 2509959.530900000128895, 6349924.086000001057982, 0.0 ], [ 2509954.9964, 6349888.254700000397861, 0.0 ], [ 2509915.132500001229346, 6349890.321300000883639, 0.0 ], [ 2509908.863234465941787, 6349890.644709612242877, 0.0 ], [ 2509909.861229885835201, 6349912.386277310550213, 0.0 ], [ 2509910.51462534815073, 6349926.620650978758931, 0.0 ], [ 2509917.3692, 6349926.266099998727441, 0.0 ], [ 2509940.71100000012666, 6349925.053899999707937, 0.0 ], [ 2509959.530900000128895, 6349924.086000001057982, 0.0 ] ] ] ] } }
]
}
