{
"type": "FeatureCollection",
"name": "parcelas 1038_2026",
"crs": { "type": "name", "properties": { "name": "urn:ogc:def:crs:OGC:1.3:CRS84" } },
"features": [
{ "type": "Feature", "properties": { "LAYER": "VM_MOSAICO_PARCELARIO_RIO_", "GM_TYPE": "Unknown Area Type", "MAP_NAME": "Cl_del Oeste_modificado_2026.dwg", "CLOSED": "YES", "BORDER_STY": "Solid", "BORDER_COL": "RGB(255,255,255)", "BORDER_WID": 1, "FILL_STYLE": "No Fill" }, "geometry": { "type": "MultiPolygon", "coordinates": [ [ [ [ -68.862038445082575, -32.890016017140198, 0.0 ], [ -68.862345574436347, -32.889961983566316, 0.0 ], [ -68.862864808202062, -32.889863007243513, 0.0 ], [ -68.863200162502096, -32.889801428303706, 0.0 ], [ -68.863610020203623, -32.889730912821079, 0.0 ], [ -68.863762891654574, -32.890540347878876, 0.0 ], [ -68.863812482808541, -32.890818573802946, 0.0 ], [ -68.863874764985951, -32.891184548112697, 0.0 ], [ -68.863897734706555, -32.891329745474337, 0.0 ], [ -68.86393611314719, -32.891602548961934, 0.0 ], [ -68.863882338807485, -32.891613220572147, 0.0 ], [ -68.863403672645632, -32.891735509040096, 0.0 ], [ -68.863283646597694, -32.891739074813678, 0.0 ], [ -68.863198458254715, -32.891744932816245, 0.0 ], [ -68.863114010259196, -32.891755841044123, 0.0 ], [ -68.86303030440078, -32.891770627301625, 0.0 ], [ -68.862990212050661, -32.891779870806026, 0.0 ], [ -68.862917391969745, -32.891804677690494, 0.0 ], [ -68.862872793624007, -32.891825097193262, 0.0 ], [ -68.862804006924904, -32.891867942265698, 0.0 ], [ -68.862779181083027, -32.891887932579834, 0.0 ], [ -68.862757771058583, -32.891910631712449, 0.0 ], [ -68.862546441729435, -32.892142314673251, 0.0 ], [ -68.862465639175156, -32.892214541492422, 0.0 ], [ -68.862409796046776, -32.891834687583476, 0.0 ], [ -68.862404088499844, -32.891793473998518, 0.0 ], [ -68.862345568937826, -32.891486022929051, 0.0 ], [ -68.862326432271757, -32.891489969305937, 0.0 ], [ -68.862305441569006, -32.891379759478006, 0.0 ], [ -68.86227617318302, -32.891231759648292, 0.0 ], [ -68.862264826520885, -32.891174309392646, 0.0 ], [ -68.862253479873274, -32.891116859135487, 0.0 ], [ -68.862234921630332, -32.891023333264975, 0.0 ], [ -68.862228453119442, -32.89099050456128, 0.0 ], [ -68.862185399175502, -32.890772878912749, 0.0 ], [ -68.862168856313559, -32.890689273857596, 0.0 ], [ -68.862139800588139, -32.890542266075606, 0.0 ], [ -68.862094625815928, -32.890314178418095, 0.0 ], [ -68.86205084285497, -32.89008464956467, 0.0 ], [ -68.862038445082575, -32.890016017140198, 0.0 ] ] ] ] } },
{ "type": "Feature", "properties": { "LAYER": "VM_MOSAICO_PARCELARIO_RIO_", "GM_TYPE": "Unknown Area Type", "MAP_NAME": "Cl_del Oeste_modificado_2026.dwg", "CLOSED": "YES", "BORDER_STY": "Solid", "BORDER_COL": "RGB(255,255,255)", "BORDER_WID": 1, "FILL_STYLE": "No Fill" }, "geometry": { "type": "MultiPolygon", "coordinates": [ [ [ [ -68.873144729412857, -32.895228282704771, 0.0 ], [ -68.871694960694086, -32.894767219054629, 0.0 ], [ -68.871450265942727, -32.895377134691486, 0.0 ], [ -68.871251869717327, -32.895913797495979, 0.0 ], [ -68.871158753916561, -32.896225235862147, 0.0 ], [ -68.870922775866106, -32.897173751769429, 0.0 ], [ -68.870867135653356, -32.89743734874488, 0.0 ], [ -68.870829699725036, -32.897677069682864, 0.0 ], [ -68.870804639154343, -32.897932492807456, 0.0 ], [ -68.870698931018921, -32.898448421178422, 0.0 ], [ -68.870537725533097, -32.898907034610012, 0.0 ], [ -68.870512906491996, -32.898995645103632, 0.0 ], [ -68.870511750143663, -32.899055786673131, 0.0 ], [ -68.872376600751892, -32.899077631051902, 0.0 ], [ -68.872458744810842, -32.898384495309081, 0.0 ], [ -68.872577639771606, -32.897310702710911, 0.0 ], [ -68.872639887423773, -32.896832869911968, 0.0 ], [ -68.872745850786771, -32.89612920792117, 0.0 ], [ -68.872770711396427, -32.896009398468685, 0.0 ], [ -68.872807955176512, -32.89589997105336, 0.0 ], [ -68.873144729412857, -32.895228282704771, 0.0 ] ] ] ] } },
{ "type": "Feature", "properties": { "LAYER": "VM_MOSAICO_PARCELARIO_RIO_", "GM_TYPE": "Unknown Area Type", "MAP_NAME": "Cl_del Oeste_modificado_2026.dwg", "CLOSED": "YES", "BORDER_STY": "Solid", "BORDER_COL": "RGB(255,255,255)", "BORDER_WID": 1, "FILL_STYLE": "No Fill" }, "geometry": { "type": "MultiPolygon", "coordinates": [ [ [ [ -68.862017318841609, -32.878489523432279, 0.0 ], [ -68.862437857050168, -32.880037425593493, 0.0 ], [ -68.862099223551724, -32.880100802412464, 0.0 ], [ -68.862034304970095, -32.880342564949139, 0.0 ], [ -68.860186329478594, -32.880697853885223, 0.0 ], [ -68.859831032579933, -32.878897955972505, 0.0 ], [ -68.862017318841609, -32.878489523432279, 0.0 ] ] ] ] } },
{ "type": "Feature", "properties": { "LAYER": "VM_MOSAICO_PARCELARIO_RIO_", "GM_TYPE": "Unknown Area Type", "MAP_NAME": "Cl_del Oeste_modificado_2026.dwg", "CLOSED": "YES", "BORDER_STY": "Solid", "BORDER_COL": "RGB(255,255,255)", "BORDER_WID": 1, "FILL_STYLE": "No Fill" }, "geometry": { "type": "MultiPolygon", "coordinates": [ [ [ [ -68.871048146669125, -32.900346299532188, 0.0 ], [ -68.870875434416064, -32.900262714923883, 0.0 ], [ -68.87056706819665, -32.899970428712585, 0.0 ], [ -68.870505705974551, -32.899683717754513, 0.0 ], [ -68.870506191460478, -32.899350092739482, 0.0 ], [ -68.870511750143663, -32.899055786673131, 0.0 ], [ -68.872376626613715, -32.899077631354658, 0.0 ], [ -68.87232123179183, -32.899544830895067, 0.0 ], [ -68.872314778277072, -32.899722006507695, 0.0 ], [ -68.872351194055923, -32.900191283452315, 0.0 ], [ -68.871048146669125, -32.900346299532188, 0.0 ] ] ] ] } },
{ "type": "Feature", "properties": { "LAYER": "VM_MOSAICO_PARCELARIO_RIO_", "GM_TYPE": "Unknown Area Type", "MAP_NAME": "Cl_del Oeste_modificado_2026.dwg", "CLOSED": "YES", "BORDER_STY": "Solid", "BORDER_COL": "RGB(255,255,255)", "BORDER_WID": 1, "FILL_STYLE": "No Fill" }, "geometry": { "type": "MultiPolygon", "coordinates": [ [ [ [ -68.869225180974439, -32.900516809415166, 0.0 ], [ -68.868774791912372, -32.900571340661585, 0.0 ], [ -68.868267297163214, -32.900644925969928, 0.0 ], [ -68.867671596708107, -32.900734736493369, 0.0 ], [ -68.867254741209408, -32.900807061044311, 0.0 ], [ -68.866890598335999, -32.900866997004194, 0.0 ], [ -68.866576921038913, -32.900916345817279, 0.0 ], [ -68.866227396641264, -32.900992255360094, 0.0 ], [ -68.865942350800978, -32.901050379603717, 0.0 ], [ -68.865437421037697, -32.901191492764632, 0.0 ], [ -68.865304705457191, -32.901237516407946, 0.0 ], [ -68.865186753566462, -32.901274629095376, 0.0 ], [ -68.865058372530669, -32.901281523792804, 0.0 ], [ -68.864974271801614, -32.901269079844226, 0.0 ], [ -68.864894262481386, -32.901237073581527, 0.0 ], [ -68.864862774191167, -32.901208636310074, 0.0 ], [ -68.864089751283743, -32.900242629128044, 0.0 ], [ -68.864060340561565, -32.900183987280947, 0.0 ], [ -68.864026869664357, -32.900054468145207, 0.0 ], [ -68.863791114395596, -32.898845856114107, 0.0 ], [ -68.863782829117085, -32.898812123860587, 0.0 ], [ -68.864117505016964, -32.898796528081, 0.0 ], [ -68.864295914799868, -32.89906290089278, 0.0 ], [ -68.864474451620595, -32.899316740079684, 0.0 ], [ -68.864724448924008, -32.899600953134723, 0.0 ], [ -68.864940983234504, -32.899821109516736, 0.0 ], [ -68.865876079610288, -32.900271518574264, 0.0 ], [ -68.866151701677552, -32.900365770062926, 0.0 ], [ -68.866389422438488, -32.900431757539742, 0.0 ], [ -68.866610266487683, -32.900490513038356, 0.0 ], [ -68.866833272421445, -32.900533310529418, 0.0 ], [ -68.867126719150491, -32.900574108610307, 0.0 ], [ -68.86736238291985, -32.900586802149448, 0.0 ], [ -68.867574970104613, -32.900592347452346, 0.0 ], [ -68.867804461022629, -32.900587270319903, 0.0 ], [ -68.868090637945258, -32.900557456094809, 0.0 ], [ -68.868284356312017, -32.900529257062985, 0.0 ], [ -68.86841564992902, -32.900503426616886, 0.0 ], [ -68.868579904357901, -32.90045039962969, 0.0 ], [ -68.868788338874865, -32.900372532139556, 0.0 ], [ -68.869005224780594, -32.900289353181059, 0.0 ], [ -68.869192727253505, -32.900199109923143, 0.0 ], [ -68.869415983668716, -32.900071573740945, 0.0 ], [ -68.869641384931199, -32.89993871941865, 0.0 ], [ -68.869845744706609, -32.899795293006306, 0.0 ], [ -68.870323241677596, -32.899398864937929, 0.0 ], [ -68.870418051987514, -32.899322680203277, 0.0 ], [ -68.870434590955341, -32.89956218636496, 0.0 ], [ -68.870425842238276, -32.899771549848573, 0.0 ], [ -68.870438273696564, -32.899895815687053, 0.0 ], [ -68.870488688121043, -32.899993430830229, 0.0 ], [ -68.870618962186455, -32.900153255086551, 0.0 ], [ -68.870740890767664, -32.900245624128708, 0.0 ], [ -68.870873425044152, -32.900321593237287, 0.0 ], [ -68.870896593473674, -32.900339290294646, 0.0 ], [ -68.869225180974439, -32.900516809415166, 0.0 ] ] ] ] } },
{ "type": "Feature", "properties": { "LAYER": "VM_MOSAICO_PARCELARIO_RIO_", "GM_TYPE": "Unknown Area Type", "MAP_NAME": "Cl_del Oeste_modificado_2026.dwg", "CLOSED": "YES", "BORDER_STY": "Solid", "BORDER_COL": "RGB(255,255,255)", "BORDER_WID": 1, "FILL_STYLE": "No Fill" }, "geometry": { "type": "MultiPolygon", "coordinates": [ [ [ [ -68.863916469821376, -32.89480407307461, 0.0 ], [ -68.86389516519047, -32.894967255987531, 0.0 ], [ -68.863863405247884, -32.895118074341987, 0.0 ], [ -68.863790973978098, -32.895515731407848, 0.0 ], [ -68.863739817069259, -32.895909534318257, 0.0 ], [ -68.863686433280677, -32.896431104360921, 0.0 ], [ -68.863669022712287, -32.896703035358946, 0.0 ], [ -68.86365797945102, -32.897004638914389, 0.0 ], [ -68.863668136626501, -32.897281469073107, 0.0 ], [ -68.863701355880423, -32.897574284285653, 0.0 ], [ -68.863757769563364, -32.89779679287318, 0.0 ], [ -68.863847732957424, -32.898096793194092, 0.0 ], [ -68.863946288381101, -32.898370112742526, 0.0 ], [ -68.864040612478504, -32.898615024346952, 0.0 ], [ -68.863722846449903, -32.898616481810166, 0.0 ], [ -68.863486742858555, -32.89743104201267, 0.0 ], [ -68.863171686689725, -32.895881232032139, 0.0 ], [ -68.862919064392884, -32.894604972288718, 0.0 ], [ -68.862835057720915, -32.894189020183646, 0.0 ], [ -68.863988572967827, -32.893990916200437, 0.0 ], [ -68.863916469821376, -32.89480407307461, 0.0 ] ] ] ] } },
{ "type": "Feature", "properties": { "LAYER": "VM_MOSAICO_PARCELARIO_RIO_", "GM_TYPE": "Unknown Area Type", "MAP_NAME": "Cl_del Oeste_modificado_2026.dwg", "CLOSED": "YES", "BORDER_STY": "Solid", "BORDER_COL": "RGB(255,255,255)", "BORDER_WID": 1, "FILL_STYLE": "No Fill" }, "geometry": { "type": "MultiPolygon", "coordinates": [ [ [ [ -68.867428783030704, -32.897126724913548, 0.0 ], [ -68.86755510198752, -32.897352191322554, 0.0 ], [ -68.867748887405497, -32.897633904309203, 0.0 ], [ -68.867802568083619, -32.897760378124779, 0.0 ], [ -68.867825897187117, -32.897884926285208, 0.0 ], [ -68.86782793628285, -32.898023247805384, 0.0 ], [ -68.86781144827772, -32.898114120804458, 0.0 ], [ -68.867747932933923, -32.898276177637371, 0.0 ], [ -68.867653866700252, -32.898426209615089, 0.0 ], [ -68.867550668198575, -32.898535926271386, 0.0 ], [ -68.867428552881705, -32.898644450587625, 0.0 ], [ -68.867261997250878, -32.898737238196681, 0.0 ], [ -68.867104805159414, -32.898786483876165, 0.0 ], [ -68.866921966831953, -32.898831734626398, 0.0 ], [ -68.866741390693221, -32.898865085203269, 0.0 ], [ -68.866525658575881, -32.898892537007519, 0.0 ], [ -68.866307583832267, -32.898914034776517, 0.0 ], [ -68.866155171079001, -32.898911888004854, 0.0 ], [ -68.865941837784291, -32.898907692028672, 0.0 ], [ -68.865805905898682, -32.898891766633469, 0.0 ], [ -68.865770783021702, -32.898864047032617, 0.0 ], [ -68.865775548449818, -32.898822574379885, 0.0 ], [ -68.865780367592137, -32.89874548500454, 0.0 ], [ -68.865761791590984, -32.898589382413654, 0.0 ], [ -68.865750290427158, -32.898490544769807, 0.0 ], [ -68.865708286399041, -32.898348212876655, 0.0 ], [ -68.86566158266676, -32.898203892197756, 0.0 ], [ -68.865633603933389, -32.898116848981957, 0.0 ], [ -68.865537839091814, -32.897903315842626, 0.0 ], [ -68.865510496823731, -32.897819609535638, 0.0 ], [ -68.865439189720192, -32.897618545947481, 0.0 ], [ -68.865429685702722, -32.897542252678647, 0.0 ], [ -68.865444739399095, -32.897482576947368, 0.0 ], [ -68.865505931496529, -32.897304288335413, 0.0 ], [ -68.865537010907644, -32.897248867773484, 0.0 ], [ -68.865555277460103, -32.897184867364672, 0.0 ], [ -68.865564948538079, -32.897150613510092, 0.0 ], [ -68.865563890894236, -32.897143218507949, 0.0 ], [ -68.86557687041082, -32.897041431563174, 0.0 ], [ -68.86557917718369, -32.896929444035564, 0.0 ], [ -68.865573010021947, -32.896766772367442, 0.0 ], [ -68.865564656780421, -32.896636198541771, 0.0 ], [ -68.865554162410945, -32.896507966807235, 0.0 ], [ -68.86556072043885, -32.896411853602245, 0.0 ], [ -68.865583401192779, -32.896255705108139, 0.0 ], [ -68.865669388909055, -32.895935426694784, 0.0 ], [ -68.865734897514898, -32.895728739292835, 0.0 ], [ -68.865785302110339, -32.895615270497245, 0.0 ], [ -68.865852833359824, -32.895484507584207, 0.0 ], [ -68.866009299834516, -32.895203888724133, 0.0 ], [ -68.866142197916716, -32.894959221905779, 0.0 ], [ -68.866160411626808, -32.89492975609965, 0.0 ], [ -68.866250415005595, -32.894779901152432, 0.0 ], [ -68.866328600126607, -32.894670880116387, 0.0 ], [ -68.866458187642536, -32.894494557597234, 0.0 ], [ -68.866567846917619, -32.894421818002662, 0.0 ], [ -68.866680424986654, -32.894398223597143, 0.0 ], [ -68.867144596080237, -32.894398717607544, 0.0 ], [ -68.867151617592441, -32.894420455826939, 0.0 ], [ -68.867167273797847, -32.894886917337573, 0.0 ], [ -68.867208653515661, -32.89544817386917, 0.0 ], [ -68.867233703902286, -32.895922489983441, 0.0 ], [ -68.867286049147594, -32.89651940057427, 0.0 ], [ -68.867288793263143, -32.896679968906092, 0.0 ], [ -68.867351701504404, -32.896925025082304, 0.0 ], [ -68.867428783030704, -32.897126724913548, 0.0 ] ] ] ] } },
{ "type": "Feature", "properties": { "LAYER": "VM_MOSAICO_PARCELARIO_RIO_", "GM_TYPE": "Unknown Area Type", "MAP_NAME": "Cl_del Oeste_modificado_2026.dwg", "CLOSED": "YES", "BORDER_STY": "Solid", "BORDER_COL": "RGB(255,255,255)", "BORDER_WID": 1, "FILL_STYLE": "No Fill" }, "geometry": { "type": "MultiPolygon", "coordinates": [ [ [ [ -68.868099044499715, -32.889836988059123, 0.0 ], [ -68.867940604591439, -32.889873790218537, 0.0 ], [ -68.867768771859531, -32.889933210483925, 0.0 ], [ -68.867647344739837, -32.890018291919048, 0.0 ], [ -68.867556167852612, -32.890171573182975, 0.0 ], [ -68.867397449187379, -32.890466709075852, 0.0 ], [ -68.867323003906264, -32.89065129660387, 0.0 ], [ -68.867188402848186, -32.891041045258056, 0.0 ], [ -68.867043066894809, -32.891390206201677, 0.0 ], [ -68.866850355182876, -32.891830207039689, 0.0 ], [ -68.866684808661788, -32.892185026655248, 0.0 ], [ -68.866586783529527, -32.892341185265543, 0.0 ], [ -68.866377492615456, -32.892644831856494, 0.0 ], [ -68.865740590155667, -32.893442867970258, 0.0 ], [ -68.865365975084998, -32.893874195028914, 0.0 ], [ -68.865264688530814, -32.893993379699424, 0.0 ], [ -68.865136365389105, -32.894180612821486, 0.0 ], [ -68.864866081445285, -32.894737025200079, 0.0 ], [ -68.864758254063304, -32.894939428467779, 0.0 ], [ -68.864582492268752, -32.895325522735206, 0.0 ], [ -68.864464198187918, -32.895592295135323, 0.0 ], [ -68.864410028067311, -32.895791059285777, 0.0 ], [ -68.864372672472214, -32.895967119031205, 0.0 ], [ -68.864362267820624, -32.896131846690771, 0.0 ], [ -68.864365536549258, -32.89623121658208, 0.0 ], [ -68.864392292845523, -32.896347744073672, 0.0 ], [ -68.864415614896231, -32.896543706804948, 0.0 ], [ -68.864415459120593, -32.896645958386237, 0.0 ], [ -68.864385173248095, -32.896811566162, 0.0 ], [ -68.864327556023611, -32.897027368455142, 0.0 ], [ -68.8642326644229, -32.897365219184415, 0.0 ], [ -68.864191972729998, -32.897555521921944, 0.0 ], [ -68.864181730850049, -32.897683280379638, 0.0 ], [ -68.864198429030068, -32.89773721962284, 0.0 ], [ -68.864228688181782, -32.897799739650765, 0.0 ], [ -68.864289181957091, -32.897870858550675, 0.0 ], [ -68.86435653800649, -32.89792773815153, 0.0 ], [ -68.864420401644054, -32.897961891322886, 0.0 ], [ -68.864494530424594, -32.897993170175766, 0.0 ], [ -68.864595584824215, -32.89803024896522, 0.0 ], [ -68.864875496387626, -32.898039298161052, 0.0 ], [ -68.864956479529184, -32.897991145194474, 0.0 ], [ -68.865017249873929, -32.897880393019697, 0.0 ], [ -68.865095044113062, -32.897679490104373, 0.0 ], [ -68.86529804766306, -32.897091806541468, 0.0 ], [ -68.865321861900739, -32.896963972427521, 0.0 ], [ -68.865318604907074, -32.896856126689428, 0.0 ], [ -68.865291933229884, -32.896682792966914, 0.0 ], [ -68.86527530828721, -32.896509560228068, 0.0 ], [ -68.865272179811853, -32.896387467902301, 0.0 ], [ -68.865275622091644, -32.896302261814604, 0.0 ], [ -68.865289196552439, -32.896231223189901, 0.0 ], [ -68.865333154954271, -32.896140380086464, 0.0 ], [ -68.865387292638445, -32.896032505964484, 0.0 ], [ -68.865414402415666, -32.895916126834322, 0.0 ], [ -68.865471508593259, -32.895682650302227, 0.0 ], [ -68.865525697327527, -32.895540692243621, 0.0 ], [ -68.865627002849195, -32.895339092846044, 0.0 ], [ -68.865724913045099, -32.895191591182048, 0.0 ], [ -68.865877002273422, -32.89490772168557, 0.0 ], [ -68.865951300139969, -32.894754423680908, 0.0 ], [ -68.866079609648921, -32.894575665621431, 0.0 ], [ -68.866258510405871, -32.894371353510785, 0.0 ], [ -68.866453156947401, -32.894072109858435, 0.0 ], [ -68.866513875814391, -32.893992645514111, 0.0 ], [ -68.866755844174534, -32.893994436448295, 0.0 ], [ -68.866593793778932, -32.894152961345128, 0.0 ], [ -68.86645797550743, -32.894279774510473, 0.0 ], [ -68.866375056717501, -32.894409799983279, 0.0 ], [ -68.866276970470111, -32.89453349734061, 0.0 ], [ -68.866126059360084, -32.894745954661161, 0.0 ], [ -68.865990198275924, -32.894971141766433, 0.0 ], [ -68.865854341259322, -32.895193172800333, 0.0 ], [ -68.86569569577459, -32.895500930028035, 0.0 ], [ -68.865608802486804, -32.895713455428023, 0.0 ], [ -68.865457431953971, -32.89622743687594, 0.0 ], [ -68.865439028930012, -32.8963110939969, 0.0 ], [ -68.865427454887083, -32.896472935069497, 0.0 ], [ -68.865434779455313, -32.896647510317827, 0.0 ], [ -68.865453206584405, -32.896901446306565, 0.0 ], [ -68.865437949178514, -32.897025232046673, 0.0 ], [ -68.865403779846389, -32.897215632380913, 0.0 ], [ -68.865342026184351, -32.897411773818611, 0.0 ], [ -68.865308079649196, -32.89752535029875, 0.0 ], [ -68.865294442765986, -32.897637505943052, 0.0 ], [ -68.865326258030066, -32.897802279116668, 0.0 ], [ -68.865342965385366, -32.897850627734343, 0.0 ], [ -68.865416931175957, -32.897989838247405, 0.0 ], [ -68.865467344874176, -32.898083578164325, 0.0 ], [ -68.865534440457466, -32.898242708575864, 0.0 ], [ -68.865579740771551, -32.898396134868221, 0.0 ], [ -68.865628069095834, -32.898597083492014, 0.0 ], [ -68.865641482462152, -32.898703587570324, 0.0 ], [ -68.865648096033411, -32.898783123789961, 0.0 ], [ -68.865646308714162, -32.898834247727549, 0.0 ], [ -68.865639519384573, -32.898871119578338, 0.0 ], [ -68.865620880833646, -32.898898150267286, 0.0 ], [ -68.865592321588565, -32.898912276114167, 0.0 ], [ -68.865553520734352, -32.898913677105377, 0.0 ], [ -68.865469337370769, -32.898886626011709, 0.0 ], [ -68.865006283625405, -32.898768275991969, 0.0 ], [ -68.864576910128051, -32.898642837382553, 0.0 ], [ -68.864383339685276, -32.898575902482868, 0.0 ], [ -68.864308041346291, -32.898540294182041, 0.0 ], [ -68.864252542400976, -32.898487665379001, 0.0 ], [ -68.86419025930158, -32.898398150034993, 0.0 ], [ -68.864146663450583, -32.898320016265792, 0.0 ], [ -68.86409295442796, -32.898145300416793, 0.0 ], [ -68.86399606514442, -32.897830685350577, 0.0 ], [ -68.863937391850612, -32.897617642165088, 0.0 ], [ -68.863903993373711, -32.897441505610153, 0.0 ], [ -68.863889002907356, -32.897319400359777, 0.0 ], [ -68.863880945150683, -32.897136979535787, 0.0 ], [ -68.863877852913362, -32.896922554086025, 0.0 ], [ -68.863888334543859, -32.896708143404858, 0.0 ], [ -68.863912365514281, -32.896439826344483, 0.0 ], [ -68.863937913197915, -32.896158075722532, 0.0 ], [ -68.863958417308766, -32.895959365337461, 0.0 ], [ -68.863994115730335, -32.895749219993348, 0.0 ], [ -68.864028025804728, -32.895590198570325, 0.0 ], [ -68.864065314714367, -32.895458141370277, 0.0 ], [ -68.864168467725008, -32.895098568880648, 0.0 ], [ -68.864210790244854, -32.894959483902809, 0.0 ], [ -68.86424803529431, -32.894855829858287, 0.0 ], [ -68.864317308238739, -32.894705412784056, 0.0 ], [ -68.864361247359383, -32.894627373994609, 0.0 ], [ -68.864437212188619, -32.894503924673863, 0.0 ], [ -68.864496138872155, -32.894409581469716, 0.0 ], [ -68.86462777484374, -32.894223705137236, 0.0 ], [ -68.86478305609144, -32.894020812264486, 0.0 ], [ -68.864924837799165, -32.893839184525412, 0.0 ], [ -68.865322708735349, -32.893296524949193, 0.0 ], [ -68.865540576406147, -32.89297864266031, 0.0 ], [ -68.865734579679113, -32.892680301058626, 0.0 ], [ -68.865797051069165, -32.892572435642997, 0.0 ], [ -68.865883118370462, -32.892409231641892, 0.0 ], [ -68.865967680546021, -32.892251706620549, 0.0 ], [ -68.866094404576572, -32.891987736912974, 0.0 ], [ -68.866158559242052, -32.891825951946323, 0.0 ], [ -68.866244253613218, -32.891625507410332, 0.0 ], [ -68.866342372054518, -32.891335898778856, 0.0 ], [ -68.866388154140381, -32.891166970673666, 0.0 ], [ -68.866415412385066, -32.890949782251894, 0.0 ], [ -68.866456156576291, -32.89064802952737, 0.0 ], [ -68.866466377727846, -32.890602595174528, 0.0 ], [ -68.866494957558785, -32.890572869858573, 0.0 ], [ -68.86652204127887, -32.8905430527698, 0.0 ], [ -68.866555753289319, -32.890511800041153, 0.0 ], [ -68.866579303665176, -32.890486307290082, 0.0 ], [ -68.866602992924314, -32.890439444585994, 0.0 ], [ -68.866616529071734, -32.890392661217511, 0.0 ], [ -68.866620023590002, -32.890342891554482, 0.0 ], [ -68.866614982986533, -32.890283284346403, 0.0 ], [ -68.866603297213629, -32.890236383904785, 0.0 ], [ -68.866586466552178, -32.890199486752998, 0.0 ], [ -68.866556289633124, -32.890154009285318, 0.0 ], [ -68.866514245533622, -32.890111404557615, 0.0 ], [ -68.86644537965185, -32.890066607113582, 0.0 ], [ -68.866374683197378, -32.890031004932837, 0.0 ], [ -68.866322559224301, -32.89001102183591, 0.0 ], [ -68.866283798559749, -32.889988257761594, 0.0 ], [ -68.866267038647322, -32.889975525984283, 0.0 ], [ -68.866282248554484, -32.889881766289889, 0.0 ], [ -68.866302594536123, -32.889783864300256, 0.0 ], [ -68.866336526119639, -32.889677410753428, 0.0 ], [ -68.866368600323781, -32.889597915800401, 0.0 ], [ -68.866436204988787, -32.889485817540653, 0.0 ], [ -68.866469929341051, -32.889446088937859, 0.0 ], [ -68.866490145195172, -32.88943474920255, 0.0 ], [ -68.866544010858448, -32.889433363989689, 0.0 ], [ -68.866668717815244, -32.88944197291309, 0.0 ], [ -68.86677144518562, -32.889426483122563, 0.0 ], [ -68.866832069134816, -32.889408153175786, 0.0 ], [ -68.866905863116443, -32.889373246083764, 0.0 ], [ -68.866961489623961, -32.889337778607242, 0.0 ], [ -68.867015538466816, -32.889285267449083, 0.0 ], [ -68.867061052314625, -32.889222828582248, 0.0 ], [ -68.867079734840061, -32.889164689304828, 0.0 ], [ -68.867088117546814, -32.889133409500587, 0.0 ], [ -68.86709501669867, -32.889093652213859, 0.0 ], [ -68.867101802511527, -32.889058222927815, 0.0 ], [ -68.867093400041995, -32.889031163236908, 0.0 ], [ -68.867103490386995, -32.889001418122234, 0.0 ], [ -68.867137312651295, -32.888967370099728, 0.0 ], [ -68.867171006895958, -32.888947478497286, 0.0 ], [ -68.867192926168386, -32.888940378409089, 0.0 ], [ -68.867366021414966, -32.888893313443624, 0.0 ], [ -68.867514294286963, -32.888865067308629, 0.0 ], [ -68.867665957325599, -32.888856751980036, 0.0 ], [ -68.867854559937598, -32.888873993391584, 0.0 ], [ -68.867996007076073, -32.888908226734038, 0.0 ], [ -68.868174406606926, -32.888959540853904, 0.0 ], [ -68.868295630212558, -32.889010704349005, 0.0 ], [ -68.868423578338437, -32.889067645630718, 0.0 ], [ -68.868544768548958, -32.889141621657799, 0.0 ], [ -68.868699573298557, -32.889249716822974, 0.0 ], [ -68.868797132671745, -32.889332233865872, 0.0 ], [ -68.86894507981151, -32.889525441256119, 0.0 ], [ -68.869018878859805, -32.889704504433311, 0.0 ], [ -68.869025415477097, -32.889837961691448, 0.0 ], [ -68.869004450866399, -32.89006778101043, 0.0 ], [ -68.868776616472402, -32.890707563046689, 0.0 ], [ -68.868540208923108, -32.891288455114726, 0.0 ], [ -68.868295219574293, -32.891744273004861, 0.0 ], [ -68.868119951853927, -32.892244346814252, 0.0 ], [ -68.867840042072032, -32.892678035461245, 0.0 ], [ -68.8676749449384, -32.892947827310486, 0.0 ], [ -68.867324575812361, -32.892536555246323, 0.0 ], [ -68.867409026537644, -32.892380471838131, 0.0 ], [ -68.867496330387311, -32.892246031989998, 0.0 ], [ -68.867574017883783, -32.89210977851149, 0.0 ], [ -68.867776609711356, -32.891851568060673, 0.0 ], [ -68.867928360647667, -32.89171539263986, 0.0 ], [ -68.868066768632914, -32.891567841639677, 0.0 ], [ -68.868154538787451, -32.891405990375418, 0.0 ], [ -68.868218779344133, -32.891255565737211, 0.0 ], [ -68.868252659048665, -32.891110789738271, 0.0 ], [ -68.868310166304809, -32.890960267782418, 0.0 ], [ -68.868408180652168, -32.890736030036209, 0.0 ], [ -68.868550130004522, -32.890432309170755, 0.0 ], [ -68.86855389385812, -32.890199406112352, 0.0 ], [ -68.868422763321021, -32.889980607923327, 0.0 ], [ -68.868355488064722, -32.889943657922409, 0.0 ], [ -68.868257890536782, -32.889886748553771, 0.0 ], [ -68.868156843834043, -32.889849672695277, 0.0 ], [ -68.868099044499715, -32.889836988059123, 0.0 ] ] ] ] } },
{ "type": "Feature", "properties": { "LAYER": "VM_MOSAICO_PARCELARIO_RIO_", "GM_TYPE": "Unknown Area Type", "MAP_NAME": "Cl_del Oeste_modificado_2026.dwg", "CLOSED": "YES", "BORDER_STY": "Solid", "BORDER_COL": "RGB(255,255,255)", "BORDER_WID": 1, "FILL_STYLE": "No Fill" }, "geometry": { "type": "MultiPolygon", "coordinates": [ [ [ [ -68.865890203332683, -32.892033865038542, 0.0 ], [ -68.865683972813272, -32.892433093067069, 0.0 ], [ -68.865412915442548, -32.892870663030877, 0.0 ], [ -68.865167633785603, -32.893223771681768, 0.0 ], [ -68.864854603673081, -32.893638301979934, 0.0 ], [ -68.864651099993381, -32.893925631246567, 0.0 ], [ -68.864210261979537, -32.894465086051135, 0.0 ], [ -68.864166031115957, -32.894454127549416, 0.0 ], [ -68.864250643431063, -32.893566233849185, 0.0 ], [ -68.864269297891624, -32.89324795704232, 0.0 ], [ -68.864282755201955, -32.892973586949203, 0.0 ], [ -68.864283160089059, -32.892708039254089, 0.0 ], [ -68.864270672024588, -32.892346808084049, 0.0 ], [ -68.864244972276012, -32.892028933915313, 0.0 ], [ -68.864864948410244, -32.891893089302975, 0.0 ], [ -68.864971756444277, -32.891866875280996, 0.0 ], [ -68.865052496917343, -32.891834050691628, 0.0 ], [ -68.865094208055538, -32.891814348649383, 0.0 ], [ -68.865109838432105, -32.891796782523564, 0.0 ], [ -68.865148947472008, -32.891731001213905, 0.0 ], [ -68.865151669335916, -32.891698002235202, 0.0 ], [ -68.865115539881529, -32.891560725802215, 0.0 ], [ -68.865019638217547, -32.891231414693443, 0.0 ], [ -68.864866926353741, -32.890660569064828, 0.0 ], [ -68.865872138895639, -32.890475091202227, 0.0 ], [ -68.865884537417728, -32.890474292976869, 0.0 ], [ -68.865907366055879, -32.890502360072873, 0.0 ], [ -68.865938412956112, -32.890537739678571, 0.0 ], [ -68.865978119340582, -32.890571325173426, 0.0 ], [ -68.866027766205107, -32.890604109782508, 0.0 ], [ -68.866085004106495, -32.890634918778808, 0.0 ], [ -68.866186494318612, -32.890661356818065, 0.0 ], [ -68.866274975685272, -32.890668033814549, 0.0 ], [ -68.866219807777142, -32.890966524958593, 0.0 ], [ -68.866162277237009, -32.891201263930391, 0.0 ], [ -68.866107201112413, -32.8914382597236, 0.0 ], [ -68.86599998929249, -32.89173326857081, 0.0 ], [ -68.865890203332683, -32.892033865038542, 0.0 ] ] ] ] } },
{ "type": "Feature", "properties": { "LAYER": "VM_MOSAICO_PARCELARIO_RIO_", "GM_TYPE": "Unknown Area Type", "MAP_NAME": "Cl_del Oeste_modificado_2026.dwg", "CLOSED": "YES", "BORDER_STY": "Solid", "BORDER_COL": "RGB(255,255,255)", "BORDER_WID": 1, "FILL_STYLE": "No Fill" }, "geometry": { "type": "MultiPolygon", "coordinates": [ [ [ [ -68.865000623271371, -32.891789451137221, 0.0 ], [ -68.864809557401202, -32.891842264196782, 0.0 ], [ -68.864588254604698, -32.891889183230425, 0.0 ], [ -68.864234067146171, -32.891961385377137, 0.0 ], [ -68.864037889029007, -32.890812507228361, 0.0 ], [ -68.864177602905613, -32.89079300216877, 0.0 ], [ -68.864764714066439, -32.890687599496992, 0.0 ], [ -68.864933751784193, -32.891345566298241, 0.0 ], [ -68.864977783291678, -32.891486999101666, 0.0 ], [ -68.865017261031738, -32.891600925376139, 0.0 ], [ -68.865047363558347, -32.8916952748108, 0.0 ], [ -68.865042595587255, -32.891738460694512, 0.0 ], [ -68.865000623271371, -32.891789451137221, 0.0 ] ] ] ] } },
{ "type": "Feature", "properties": { "LAYER": "VM_MOSAICO_PARCELARIO_RIO_", "GM_TYPE": "Unknown Area Type", "MAP_NAME": "Cl_del Oeste_modificado_2026.dwg", "CLOSED": "YES", "BORDER_STY": "Solid", "BORDER_COL": "RGB(255,255,255)", "BORDER_WID": 1, "FILL_STYLE": "No Fill" }, "geometry": { "type": "MultiPolygon", "coordinates": [ [ [ [ -68.864671998067664, -32.889951448160133, 0.0 ], [ -68.864661935863907, -32.889962077235346, 0.0 ], [ -68.864652292785664, -32.889978207083765, 0.0 ], [ -68.864642851658445, -32.890002091700126, 0.0 ], [ -68.864639404036495, -32.89002030214435, 0.0 ], [ -68.86464032462203, -32.890047444065992, 0.0 ], [ -68.864645628226171, -32.890073779208912, 0.0 ], [ -68.864660192617904, -32.890124560223391, 0.0 ], [ -68.864674572476758, -32.890156134999735, 0.0 ], [ -68.864716999219866, -32.890227685066428, 0.0 ], [ -68.86480084826924, -32.890328584891201, 0.0 ], [ -68.864901252043595, -32.890507048039289, 0.0 ], [ -68.864005938806088, -32.890669283836502, 0.0 ], [ -68.863770894629937, -32.889361304310874, 0.0 ], [ -68.864033346734843, -32.889308209766398, 0.0 ], [ -68.864140237174198, -32.889296153092964, 0.0 ], [ -68.864165991363379, -32.889297443437606, 0.0 ], [ -68.864233519108311, -32.889307525546307, 0.0 ], [ -68.864339283777838, -32.889332887697243, 0.0 ], [ -68.864395368996156, -32.889347736272846, 0.0 ], [ -68.864517247957338, -32.889388534677892, 0.0 ], [ -68.864539155611624, -32.889389279763314, 0.0 ], [ -68.864590464165346, -32.88938275297788, 0.0 ], [ -68.864695336799016, -32.889362307910034, 0.0 ], [ -68.864727082694714, -32.889359096161741, 0.0 ], [ -68.864742896177802, -32.88936145766489, 0.0 ], [ -68.86476297782707, -32.889368242072379, 0.0 ], [ -68.864797787266355, -32.889388567779356, 0.0 ], [ -68.864820412493643, -32.889409421322078, 0.0 ], [ -68.864836620892973, -32.88943324350894, 0.0 ], [ -68.864887630848017, -32.889553043321321, 0.0 ], [ -68.864901785320328, -32.889592282212327, 0.0 ], [ -68.864916668481811, -32.889644325914034, 0.0 ], [ -68.864924192245908, -32.889686623392095, 0.0 ], [ -68.864924860314673, -32.889739373090997, 0.0 ], [ -68.86492000522226, -32.889769574525999, 0.0 ], [ -68.864906268218448, -32.889807340578351, 0.0 ], [ -68.864895771042498, -32.889822928508266, 0.0 ], [ -68.864887638332817, -32.889829772580406, 0.0 ], [ -68.864837148242614, -32.889860195206865, 0.0 ], [ -68.864745922546163, -32.889901844911016, 0.0 ], [ -68.864671998067664, -32.889951448160133, 0.0 ] ] ] ] } },
{ "type": "Feature", "properties": { "LAYER": "VM_MOSAICO_PARCELARIO_RIO_", "GM_TYPE": "Unknown Area Type", "MAP_NAME": "Cl_del Oeste_modificado_2026.dwg", "CLOSED": "YES", "BORDER_STY": "Solid", "BORDER_COL": "RGB(255,255,255)", "BORDER_WID": 1, "FILL_STYLE": "No Fill" }, "geometry": { "type": "MultiPolygon", "coordinates": [ [ [ [ -68.866124367507894, -32.889759598458753, 0.0 ], [ -68.866103196329718, -32.889908625467456, 0.0 ], [ -68.866107268206392, -32.889972559783125, 0.0 ], [ -68.8660777073231, -32.890015087987784, 0.0 ], [ -68.86603554614436, -32.890050479322127, 0.0 ], [ -68.865976621784981, -32.890075302882977, 0.0 ], [ -68.865942898059927, -32.890114309995248, 0.0 ], [ -68.865892251033884, -32.890178095477545, 0.0 ], [ -68.865866954164758, -32.890227751569, 0.0 ], [ -68.865854182682114, -32.890334227677663, 0.0 ], [ -68.864930864294763, -32.890501579705948, 0.0 ], [ -68.864876944899791, -32.890397105545901, 0.0 ], [ -68.864855856700004, -32.890349202922572, 0.0 ], [ -68.864846582559366, -32.890333503462173, 0.0 ], [ -68.864816932361151, -32.890293616635631, 0.0 ], [ -68.864773190294358, -32.890243615616143, 0.0 ], [ -68.864733736757955, -32.89018469247047, 0.0 ], [ -68.864712631281961, -32.890148241289445, 0.0 ], [ -68.864697084306741, -32.890111074765194, 0.0 ], [ -68.864686771369662, -32.890075717285946, 0.0 ], [ -68.864681147546165, -32.890049111290722, 0.0 ], [ -68.864679798086627, -32.890022870597114, 0.0 ], [ -68.864683031543805, -32.890004930427615, 0.0 ], [ -68.864691395025346, -32.889986905639446, 0.0 ], [ -68.86470338765146, -32.889971860360205, 0.0 ], [ -68.864724469929072, -32.889953218144925, 0.0 ], [ -68.864776244225325, -32.889921714922856, 0.0 ], [ -68.86487580968253, -32.889877639639977, 0.0 ], [ -68.864905654491082, -32.889859638045678, 0.0 ], [ -68.864923535313267, -32.889837836416284, 0.0 ], [ -68.864942498804908, -32.889806838696089, 0.0 ], [ -68.864951088134418, -32.889780789075786, 0.0 ], [ -68.864958634997052, -32.889737425844295, 0.0 ], [ -68.864958140028563, -32.889711456582553, 0.0 ], [ -68.864944609201871, -32.889613337889074, 0.0 ], [ -68.864934502306625, -32.889583030124733, 0.0 ], [ -68.864903400442785, -32.889513926927314, 0.0 ], [ -68.864884133914273, -32.88946296051752, 0.0 ], [ -68.86488424078631, -32.889462960632997, 0.0 ], [ -68.864878159480938, -32.889456101203599, 0.0 ], [ -68.864859298976867, -32.889419291792031, 0.0 ], [ -68.864848314706421, -32.889403770820017, 0.0 ], [ -68.864796032479092, -32.889347719236099, 0.0 ], [ -68.864784073918401, -32.889340402601867, 0.0 ], [ -68.86476399227378, -32.889333618197774, 0.0 ], [ -68.864718257542663, -32.889329330780484, 0.0 ], [ -68.864676357456702, -32.889333433231236, 0.0 ], [ -68.864629739235312, -32.889347900018485, 0.0 ], [ -68.864596385049879, -32.889354536430197, 0.0 ], [ -68.864549566642921, -32.889360076220278, 0.0 ], [ -68.8645249869232, -32.889359508580512, 0.0 ], [ -68.86447316927655, -32.889349443655277, 0.0 ], [ -68.86436912809927, -32.889315156736316, 0.0 ], [ -68.864308877377468, -32.889298680583735, 0.0 ], [ -68.864227041868588, -32.889280016909233, 0.0 ], [ -68.864189323541254, -32.889275106817102, 0.0 ], [ -68.864115684451193, -32.889277912239521, 0.0 ], [ -68.864001311761996, -32.889290772278201, 0.0 ], [ -68.86394658125279, -32.889298647637226, 0.0 ], [ -68.863765913321956, -32.889334067787459, 0.0 ], [ -68.863754786854841, -32.889271929090079, 0.0 ], [ -68.863575214151624, -32.888313685541803, 0.0 ], [ -68.863533335583753, -32.888164590144733, 0.0 ], [ -68.863546107624259, -32.888129077411271, 0.0 ], [ -68.863571388742315, -32.888090151892904, 0.0 ], [ -68.863588156618135, -32.888097203382401, 0.0 ], [ -68.863651224640734, -32.888157595362223, 0.0 ], [ -68.863722724618427, -32.888225119865893, 0.0 ], [ -68.863836186941029, -32.888317486556019, 0.0 ], [ -68.863966545829683, -32.888402838324104, 0.0 ], [ -68.864105224793065, -32.888498748794042, 0.0 ], [ -68.864244005426471, -32.888598265987874, 0.0 ], [ -68.864298674728488, -32.888630245220114, 0.0 ], [ -68.864445786379989, -32.888733287827172, 0.0 ], [ -68.864630875388116, -32.888811574842698, 0.0 ], [ -68.864778057711348, -32.888868540670401, 0.0 ], [ -68.865030481764791, -32.888943293114281, 0.0 ], [ -68.865261863199308, -32.889010989181116, 0.0 ], [ -68.865522757619175, -32.889068076592885, 0.0 ], [ -68.865787847149818, -32.889107404629854, 0.0 ], [ -68.865998250785239, -32.88912530341964, 0.0 ], [ -68.866145626792431, -32.889125461247424, 0.0 ], [ -68.866167392687416, -32.889149379380818, 0.0 ], [ -68.866196841295405, -32.889181330789391, 0.0 ], [ -68.866205204206338, -32.8892345395655, 0.0 ], [ -68.866280869708973, -32.889305583654526, 0.0 ], [ -68.866322785052418, -32.889362435061244, 0.0 ], [ -68.866267954735591, -32.889436856198188, 0.0 ], [ -68.866213108201208, -32.88952200742709, 0.0 ], [ -68.86616249388436, -32.889635476287395, 0.0 ], [ -68.866124367507894, -32.889759598458753, 0.0 ] ] ] ] } },
{ "type": "Feature", "properties": { "LAYER": "VM_MOSAICO_PARCELARIO_RIO_", "GM_TYPE": "Unknown Area Type", "MAP_NAME": "Cl_del Oeste_modificado_2026.dwg", "CLOSED": "YES", "BORDER_STY": "Solid", "BORDER_COL": "RGB(255,255,255)", "BORDER_WID": 1, "FILL_STYLE": "No Fill" }, "geometry": { "type": "MultiPolygon", "coordinates": [ [ [ [ -68.871229791877525, -32.892926832046413, 0.0 ], [ -68.870981029696978, -32.893263718099739, 0.0 ], [ -68.87075340940541, -32.893465732448654, 0.0 ], [ -68.870412100243641, -32.893720828406778, 0.0 ], [ -68.870121471517308, -32.893887339804344, 0.0 ], [ -68.869927680032788, -32.893975864811814, 0.0 ], [ -68.869565472834125, -32.894120930348564, 0.0 ], [ -68.869279231019661, -32.894209357880264, 0.0 ], [ -68.869001937004526, -32.894245135355163, 0.0 ], [ -68.868707285389505, -32.894237702977293, 0.0 ], [ -68.868425276862837, -32.894209003293454, 0.0 ], [ -68.868071814631975, -32.89414830773692, 0.0 ], [ -68.867663700054052, -32.894041476929118, 0.0 ], [ -68.867546037185363, -32.893963265884317, 0.0 ], [ -68.867512529293634, -32.893856740639038, 0.0 ], [ -68.867554838271019, -32.893651019485169, 0.0 ], [ -68.867664628569131, -32.893416966460684, 0.0 ], [ -68.867795190239136, -32.89322937240167, 0.0 ], [ -68.868195940310471, -32.89260528389763, 0.0 ], [ -68.868390024223771, -32.892318119204866, 0.0 ], [ -68.868529280063569, -32.892030806396853, 0.0 ], [ -68.868622328355116, -32.891768331574056, 0.0 ], [ -68.868727843846685, -32.891530666280119, 0.0 ], [ -68.868980205986801, -32.891001367366428, 0.0 ], [ -68.869119596009739, -32.890692774047899, 0.0 ], [ -68.869242166781433, -32.890338086516763, 0.0 ], [ -68.86930134048724, -32.890142932075698, 0.0 ], [ -68.869310064745122, -32.889951331656412, 0.0 ], [ -68.869293392414249, -32.889805871318593, 0.0 ], [ -68.869259915229449, -32.889678066571001, 0.0 ], [ -68.869205405121008, -32.889536083251521, 0.0 ], [ -68.869159270352043, -32.889440185130724, 0.0 ], [ -68.869079512663461, -32.889315938667167, 0.0 ], [ -68.868982869461547, -32.889191674461742, 0.0 ], [ -68.868814776602804, -32.889035325181673, 0.0 ], [ -68.868659216535022, -32.888932278838212, 0.0 ], [ -68.868440516939359, -32.888814919159643, 0.0 ], [ -68.868255403470783, -32.888750884487017, 0.0 ], [ -68.868070248310985, -32.888715162628515, 0.0 ], [ -68.867990345447012, -32.888690281777741, 0.0 ], [ -68.8679609069207, -32.888651207431145, 0.0 ], [ -68.868003045681874, -32.888629971980372, 0.0 ], [ -68.868243091996192, -32.888548621973534, 0.0 ], [ -68.868605236843464, -32.88843187317579, 0.0 ], [ -68.868904157361342, -32.888357707106366, 0.0 ], [ -68.869240878472326, -32.888304769616006, 0.0 ], [ -68.869611292252472, -32.888305156359507, 0.0 ], [ -68.869876381349485, -32.888344475733575, 0.0 ], [ -68.8702130120584, -32.888426428683069, 0.0 ], [ -68.870486406757323, -32.888487035318946, 0.0 ], [ -68.870772514241338, -32.888551261262876, 0.0 ], [ -68.870721849588904, -32.888703775213763, 0.0 ], [ -68.870708857455867, -32.888966334531993, 0.0 ], [ -68.870805308413168, -32.88915092041367, 0.0 ], [ -68.871002701076122, -32.889445706977931, 0.0 ], [ -68.871107708033293, -32.889626784840232, 0.0 ], [ -68.871170664156921, -32.889768776033968, 0.0 ], [ -68.871316984856747, -32.890277931799467, 0.0 ], [ -68.871471981563758, -32.8907749234317, 0.0 ], [ -68.871505441263039, -32.890991363859833, 0.0 ], [ -68.871467475374743, -32.891009088173149, 0.0 ], [ -68.871412694440977, -32.891051591711246, 0.0 ], [ -68.871357887784384, -32.891111858527289, 0.0 ], [ -68.871311508728041, -32.891182773954668, 0.0 ], [ -68.871311441986393, -32.891228940506167, 0.0 ], [ -68.8713239813233, -32.891278636627085, 0.0 ], [ -68.87133653605305, -32.891317692799063, 0.0 ], [ -68.871365977071804, -32.891356676171149, 0.0 ], [ -68.871408029165224, -32.891395762673753, 0.0 ], [ -68.871424793077622, -32.891406419873675, 0.0 ], [ -68.871572162616147, -32.891413694670305, 0.0 ], [ -68.87168101892459, -32.891818305332947, 0.0 ], [ -68.871639369027136, -32.89201888899229, 0.0 ], [ -68.871558970775226, -32.892334578862524, 0.0 ], [ -68.871415459479564, -32.89261476730465, 0.0 ], [ -68.871229791877525, -32.892926832046413, 0.0 ] ] ] ] } },
{ "type": "Feature", "properties": { "LAYER": "VM_MOSAICO_PARCELARIO_RIO_", "GM_TYPE": "Unknown Area Type", "MAP_NAME": "Cl_del Oeste_modificado_2026.dwg", "CLOSED": "YES", "BORDER_STY": "Solid", "BORDER_COL": "RGB(255,255,255)", "BORDER_WID": 1, "FILL_STYLE": "No Fill" }, "geometry": { "type": "MultiPolygon", "coordinates": [ [ [ [ -68.873137175854822, -32.890929550716621, 0.0 ], [ -68.873157446375757, -32.891479513123755, 0.0 ], [ -68.873123558307725, -32.891635651762101, 0.0 ], [ -68.873030650613813, -32.891883883372628, 0.0 ], [ -68.872887119309894, -32.892181836837374, 0.0 ], [ -68.872566540307119, -32.892671219297874, 0.0 ], [ -68.872478159075314, -32.892667522435971, 0.0 ], [ -68.872381431223587, -32.892596460630678, 0.0 ], [ -68.872246996720889, -32.892436723947512, 0.0 ], [ -68.871973971777862, -32.892035462447005, 0.0 ], [ -68.871839763834402, -32.891719462370418, 0.0 ], [ -68.871705612981643, -32.89136450910884, 0.0 ], [ -68.871760414493352, -32.891307758735458, 0.0 ], [ -68.871785677607875, -32.891279471517088, 0.0 ], [ -68.87181100731884, -32.891204927572161, 0.0 ], [ -68.871798513690933, -32.891123311655655, 0.0 ], [ -68.871760782499237, -32.891052309822946, 0.0 ], [ -68.871718715079169, -32.891023863384767, 0.0 ], [ -68.871676637417252, -32.891002540287282, 0.0 ], [ -68.871685356653913, -32.890810939716211, 0.0 ], [ -68.871710773119318, -32.890676162857503, 0.0 ], [ -68.871786853210878, -32.890463261254943, 0.0 ], [ -68.871909326246424, -32.890168894172859, 0.0 ], [ -68.872111734104195, -32.889878125324302, 0.0 ], [ -68.872453115235416, -32.889559094649258, 0.0 ], [ -68.872591845841242, -32.889701252560968, 0.0 ], [ -68.872726302117158, -32.889843315797002, 0.0 ], [ -68.872902679229412, -32.890116707851234, 0.0 ], [ -68.872990759353812, -32.890329686810617, 0.0 ], [ -68.873103849546126, -32.890691740754669, 0.0 ], [ -68.873137175854822, -32.890929550716621, 0.0 ] ] ] ] } },
{ "type": "Feature", "properties": { "LAYER": "VM_MOSAICO_PARCELARIO_RIO_", "GM_TYPE": "Unknown Area Type", "MAP_NAME": "Cl_del Oeste_modificado_2026.dwg", "CLOSED": "YES", "BORDER_STY": "Solid", "BORDER_COL": "RGB(255,255,255)", "BORDER_WID": 1, "FILL_STYLE": "No Fill" }, "geometry": { "type": "MultiPolygon", "coordinates": [ [ [ [ -68.874060260860873, -32.889484169793107, 0.0 ], [ -68.873962836885624, -32.889906334034585, 0.0 ], [ -68.873835986598408, -32.890353355185056, 0.0 ], [ -68.873713444199367, -32.890700923906792, 0.0 ], [ -68.873544534479976, -32.891111744377788, 0.0 ], [ -68.873455967991774, -32.891239424521309, 0.0 ], [ -68.873339149849343, -32.891317663276588, 0.0 ], [ -68.873327023447146, -32.890976991817595, 0.0 ], [ -68.873281186415397, -32.890668296247377, 0.0 ], [ -68.873188961863988, -32.890362980045268, 0.0 ], [ -68.873096763705377, -32.890114560552369, 0.0 ], [ -68.873000164705417, -32.889954772837925, 0.0 ], [ -68.872828011883541, -32.889716821707054, 0.0 ], [ -68.872697754082296, -32.889553482918863, 0.0 ], [ -68.872592652606144, -32.889436246087939, 0.0 ], [ -68.872285756886185, -32.889184000281958, 0.0 ], [ -68.871995702697461, -32.888963690855995, 0.0 ], [ -68.871760245263587, -32.888828646657267, 0.0 ], [ -68.871495281953585, -32.88870060489716, 0.0 ], [ -68.871230207319101, -32.888576169228138, 0.0 ], [ -68.871024181676248, -32.888487230410661, 0.0 ], [ -68.871011586325409, -32.888476577452479, 0.0 ], [ -68.871015893030346, -32.888380822183116, 0.0 ], [ -68.871024341047118, -32.888377224127112, 0.0 ], [ -68.87133903296963, -32.888259065917588, 0.0 ], [ -68.871545385407202, -32.888195438230163, 0.0 ], [ -68.871785447853071, -32.888099834690792, 0.0 ], [ -68.87202125532167, -32.887990069765515, 0.0 ], [ -68.872227677956531, -32.887876757774613, 0.0 ], [ -68.872497255022864, -32.887692546657703, 0.0 ], [ -68.872691136898766, -32.887529447690873, 0.0 ], [ -68.872880829283943, -32.887306111108749, 0.0 ], [ -68.872977845375871, -32.887171406669289, 0.0 ], [ -68.873074921976979, -32.886994052160716, 0.0 ], [ -68.8731804905335, -32.886706789870672, 0.0 ], [ -68.873273422775299, -32.88643718784715, 0.0 ], [ -68.873341285849705, -32.886135640439299, 0.0 ], [ -68.873400511663078, -32.885820378508946, 0.0 ], [ -68.873425737443185, -32.885816887440456, 0.0 ], [ -68.873505478899901, -32.886029857739977, 0.0 ], [ -68.873610244143535, -32.886306693105553, 0.0 ], [ -68.873706694235949, -32.886569453572456, 0.0 ], [ -68.873815685140968, -32.886881819694025, 0.0 ], [ -68.873903699018413, -32.88714087453539, 0.0 ], [ -68.873991637981405, -32.887453219249252, 0.0 ], [ -68.874091927186868, -32.887950152739606, 0.0 ], [ -68.874129389595097, -32.888287243026717, 0.0 ], [ -68.87414156883456, -32.888592478107547, 0.0 ], [ -68.874141089095488, -32.888856222592999, 0.0 ], [ -68.87412397918753, -32.88909037482729, 0.0 ], [ -68.874060260860873, -32.889484169793107, 0.0 ] ] ] ] } },
{ "type": "Feature", "properties": { "LAYER": "VM_MOSAICO_PARCELARIO_RIO_", "GM_TYPE": "Unknown Area Type", "MAP_NAME": "Cl_del Oeste_modificado_2026.dwg", "CLOSED": "YES", "BORDER_STY": "Solid", "BORDER_COL": "RGB(255,255,255)", "BORDER_WID": 1, "FILL_STYLE": "No Fill" }, "geometry": { "type": "MultiPolygon", "coordinates": [ [ [ [ -68.864632403743101, -32.898980219926031, 0.0 ], [ -68.864674418616573, -32.899044195265766, 0.0 ], [ -68.864863447257605, -32.899287405305742, 0.0 ], [ -68.865205934908104, -32.899619597092212, 0.0 ], [ -68.865602951420797, -32.89987105508397, 0.0 ], [ -68.865935183175623, -32.900061307751521, 0.0 ], [ -68.866206521261034, -32.900160874501871, 0.0 ], [ -68.866479992108722, -32.900264139870899, 0.0 ], [ -68.866682438326563, -32.900331712161758, 0.0 ], [ -68.867201793396745, -32.90040367871277, 0.0 ], [ -68.86728622234962, -32.900410711369986, 0.0 ], [ -68.867355679724326, -32.900422867724039, 0.0 ], [ -68.86772932205379, -32.900442379377566, 0.0 ], [ -68.868279494096186, -32.900348012166049, 0.0 ], [ -68.868823178207094, -32.900158597549307, 0.0 ], [ -68.869141473102417, -32.900019259211057, 0.0 ], [ -68.869565968455291, -32.899762720948544, 0.0 ], [ -68.869917558212137, -32.899511695887234, 0.0 ], [ -68.870229458570108, -32.899210314302579, 0.0 ], [ -68.870382273574876, -32.898936719524784, 0.0 ], [ -68.87054207196374, -32.898417330884115, 0.0 ], [ -68.870654211929661, -32.897969147543868, 0.0 ], [ -68.870629006089374, -32.897802828414093, 0.0 ], [ -68.870982375012616, -32.896317116662033, 0.0 ], [ -68.871513103926858, -32.894789747428923, 0.0 ], [ -68.872227184226574, -32.893209453389645, 0.0 ], [ -68.872435731802142, -32.89281490573935, 0.0 ], [ -68.872170872859726, -32.892605262490072, 0.0 ], [ -68.872091057218825, -32.892516454421589, 0.0 ], [ -68.872011129675357, -32.892431252953131, 0.0 ], [ -68.871906193841937, -32.892271455919264, 0.0 ], [ -68.871826424726521, -32.892150727840509, 0.0 ], [ -68.871670027631197, -32.892547942948895, 0.0 ], [ -68.871526648852992, -32.892810368321122, 0.0 ], [ -68.87140138483052, -32.892961813918092, 0.0 ], [ -68.871085701077916, -32.893384382201049, 0.0 ], [ -68.870707594188502, -32.893735922013995, 0.0 ], [ -68.870249941843454, -32.894031563453197, 0.0 ], [ -68.869600144545501, -32.894310231521033, 0.0 ], [ -68.869268740971378, -32.894365790358933, 0.0 ], [ -68.868758480881382, -32.894382027328767, 0.0 ], [ -68.868268635036756, -32.894324500314802, 0.0 ], [ -68.86829734515166, -32.894786041208874, 0.0 ], [ -68.868330644784479, -32.895395439185961, 0.0 ], [ -68.868262005815566, -32.895699417141437, 0.0 ], [ -68.868247805345476, -32.895761799204486, 0.0 ], [ -68.868179401469376, -32.896050989610416, 0.0 ], [ -68.868109062342469, -32.896347571789924, 0.0 ], [ -68.867866458448674, -32.896337577405653, 0.0 ], [ -68.867639799671053, -32.896328141284094, 0.0 ], [ -68.86764226980921, -32.896378096740435, 0.0 ], [ -68.867721141088822, -32.896813967444629, 0.0 ], [ -68.867820224934718, -32.897026420434571, 0.0 ], [ -68.868157297615255, -32.897624507167286, 0.0 ], [ -68.868229739651397, -32.89792944518954, 0.0 ], [ -68.868229491453945, -32.898097069242468, 0.0 ], [ -68.8681428971868, -32.898398683678764, 0.0 ], [ -68.867910447453426, -32.898744777734464, 0.0 ], [ -68.867379056925671, -32.899080816368915, 0.0 ], [ -68.867023939889563, -32.899185215663081, 0.0 ], [ -68.866670179203652, -32.899239842072667, 0.0 ], [ -68.866497642103752, -32.899257421280929, 0.0 ], [ -68.866012592882726, -32.899263845478316, 0.0 ], [ -68.865753725564886, -32.899260051224552, 0.0 ], [ -68.865475998993517, -32.899217102776475, 0.0 ], [ -68.865111985823589, -32.899124467677673, 0.0 ], [ -68.864834346135908, -32.899024801561424, 0.0 ], [ -68.864636593732385, -32.898966067919915, 0.0 ], [ -68.864632403743101, -32.898980219926031, 0.0 ] ] ] ] } },
{ "type": "Feature", "properties": { "LAYER": "VM_MOSAICO_PARCELARIO_RIO_", "GM_TYPE": "Unknown Area Type", "MAP_NAME": "Cl_del Oeste_modificado_2026.dwg", "CLOSED": "YES", "BORDER_STY": "Solid", "BORDER_COL": "RGB(255,255,255)", "BORDER_WID": 1, "FILL_STYLE": "No Fill" }, "geometry": { "type": "MultiPolygon", "coordinates": [ [ [ [ -68.868268640622617, -32.894324500970782, 0.0 ], [ -68.868182080450879, -32.894314335222198, 0.0 ], [ -68.867645584797131, -32.894148939363326, 0.0 ], [ -68.867539528850003, -32.894171189011388, 0.0 ], [ -68.867552208073178, -32.894556675467285, 0.0 ], [ -68.867639799671053, -32.896328141284094, 0.0 ], [ -68.868109062342469, -32.896347571789924, 0.0 ], [ -68.868330644784479, -32.895395439185961, 0.0 ], [ -68.868268640622617, -32.894324500970782, 0.0 ] ] ] ] } },
{ "type": "Feature", "properties": { "LAYER": "VM_MOSAICO_PARCELARIO_RIO_", "GM_TYPE": "Unknown Area Type", "MAP_NAME": "Cl_del Oeste_modificado_2026.dwg", "CLOSED": "YES", "BORDER_STY": "Solid", "BORDER_COL": "RGB(255,255,255)", "BORDER_WID": 1, "FILL_STYLE": "No Fill" }, "geometry": { "type": "MultiPolygon", "coordinates": [ [ [ [ -68.873314105873789, -32.885409479848512, 0.0 ], [ -68.872955808136695, -32.885763932449358, 0.0 ], [ -68.872837882877505, -32.885873819100034, 0.0 ], [ -68.872656640712606, -32.886019167870181, 0.0 ], [ -68.872424946123587, -32.886171498120369, 0.0 ], [ -68.872117445361567, -32.886348637158541, 0.0 ], [ -68.871906904189842, -32.886430024867572, 0.0 ], [ -68.871641651142852, -32.886507749309544, 0.0 ], [ -68.87137221933645, -32.886592682429267, 0.0 ], [ -68.87120803324558, -32.886617309999487, 0.0 ], [ -68.870959644729567, -32.88663481730142, 0.0 ], [ -68.870681856877724, -32.886659417084225, 0.0 ], [ -68.870337037487104, -32.886700898588821, 0.0 ], [ -68.870597517253344, -32.886967347979081, 0.0 ], [ -68.870622824653495, -32.886981530732648, 0.0 ], [ -68.870761668161293, -32.886967517717736, 0.0 ], [ -68.870925865346976, -32.886935767377402, 0.0 ], [ -68.871068962997043, -32.886935914982409, 0.0 ], [ -68.871195266814837, -32.886946685099041, 0.0 ], [ -68.871342455498905, -32.88700003645674, 0.0 ], [ -68.871472804456886, -32.887095930217278, 0.0 ], [ -68.871594685267326, -32.887209668655814, 0.0 ], [ -68.87166599163443, -32.887341028257083, 0.0 ], [ -68.871703787126677, -32.88744043353325, 0.0 ], [ -68.87173300765896, -32.887557503171877, 0.0 ], [ -68.871720177193723, -32.887710056352731, 0.0 ], [ -68.871686349404214, -32.887823634879979, 0.0 ], [ -68.871652521657907, -32.887937123226678, 0.0 ], [ -68.871660928661811, -32.887961928391874, 0.0 ], [ -68.871703035551619, -32.887961971595281, 0.0 ], [ -68.871900990224091, -32.887866414794395, 0.0 ], [ -68.87205682251107, -32.887781364392239, 0.0 ], [ -68.872242206508716, -32.887657390878232, 0.0 ], [ -68.872444414276799, -32.887501514337387, 0.0 ], [ -68.872579242807788, -32.887381005343343, 0.0 ], [ -68.872739525857668, -32.887171795573686, 0.0 ], [ -68.87284491335501, -32.887012213041828, 0.0 ], [ -68.872920941885909, -32.886831320645875, 0.0 ], [ -68.873009661640154, -32.886593634458819, 0.0 ], [ -68.873085825979118, -32.886316982341341, 0.0 ], [ -68.873178818719097, -32.886004820542986, 0.0 ], [ -68.873254967004769, -32.885738718082315, 0.0 ], [ -68.873360424781637, -32.885377606838212, 0.0 ], [ -68.873314105873789, -32.885409479848512, 0.0 ] ] ] ] } },
{ "type": "Feature", "properties": { "LAYER": "VM_MOSAICO_PARCELARIO_RIO_", "GM_TYPE": "Unknown Area Type", "MAP_NAME": "Cl_del Oeste_modificado_2026.dwg", "CLOSED": "YES", "BORDER_STY": "Solid", "BORDER_COL": "RGB(255,255,255)", "BORDER_WID": 1, "FILL_STYLE": "No Fill" }, "geometry": { "type": "MultiPolygon", "coordinates": [ [ [ [ -68.858215690407974, -32.871321194938858, 0.0 ], [ -68.858235140526446, -32.871450700306944, 0.0 ], [ -68.858201202511992, -32.871491056850836, 0.0 ], [ -68.858102016854374, -32.871508796126825, 0.0 ], [ -68.85809806238133, -32.871509422827152, 0.0 ], [ -68.858057826698783, -32.871349145173127, 0.0 ], [ -68.858215690407974, -32.871321194938858, 0.0 ] ] ] ] } },
{ "type": "Feature", "properties": { "LAYER": "VM_MOSAICO_PARCELARIO_RIO_", "GM_TYPE": "Unknown Area Type", "MAP_NAME": "Cl_del Oeste_modificado_2026.dwg", "CLOSED": "YES", "BORDER_STY": "Solid", "BORDER_COL": "RGB(255,255,255)", "BORDER_WID": 1, "FILL_STYLE": "No Fill" }, "geometry": { "type": "MultiPolygon", "coordinates": [ [ [ [ -68.858057826698783, -32.871349145173127, 0.0 ], [ -68.85809806238133, -32.871509422827152, 0.0 ], [ -68.857946499811291, -32.871536374677852, 0.0 ], [ -68.85790648262892, -32.871375931312613, 0.0 ], [ -68.858057826698783, -32.871349145173127, 0.0 ] ] ] ] } },
{ "type": "Feature", "properties": { "LAYER": "VM_MOSAICO_PARCELARIO_RIO_", "GM_TYPE": "Unknown Area Type", "MAP_NAME": "Cl_del Oeste_modificado_2026.dwg", "CLOSED": "YES", "BORDER_STY": "Solid", "BORDER_COL": "RGB(255,255,255)", "BORDER_WID": 1, "FILL_STYLE": "No Fill" }, "geometry": { "type": "MultiPolygon", "coordinates": [ [ [ [ -68.85802426113959, -32.871167842147166, 0.0 ], [ -68.858041303366818, -32.871259948840347, 0.0 ], [ -68.858057826698783, -32.871349145173127, 0.0 ], [ -68.85790648262892, -32.871375931312613, 0.0 ], [ -68.857836261829007, -32.871388473448228, 0.0 ], [ -68.857799936588819, -32.871191883506206, 0.0 ], [ -68.85802426113959, -32.871167842147166, 0.0 ] ] ] ] } },
{ "type": "Feature", "properties": { "LAYER": "VM_MOSAICO_PARCELARIO_RIO_", "GM_TYPE": "Unknown Area Type", "MAP_NAME": "Cl_del Oeste_modificado_2026.dwg", "CLOSED": "YES", "BORDER_STY": "Solid", "BORDER_COL": "RGB(255,255,255)", "BORDER_WID": 1, "FILL_STYLE": "No Fill" }, "geometry": { "type": "MultiPolygon", "coordinates": [ [ [ [ -68.857799936588819, -32.871191883506206, 0.0 ], [ -68.857836261829007, -32.871388473448228, 0.0 ], [ -68.857797571071757, -32.871395281447953, 0.0 ], [ -68.857753428288675, -32.871403075100019, 0.0 ], [ -68.857745485475505, -32.871359965073047, 0.0 ], [ -68.857716146277056, -32.87120086378475, 0.0 ], [ -68.857799936588819, -32.871191883506206, 0.0 ] ] ] ] } },
{ "type": "Feature", "properties": { "LAYER": "VM_MOSAICO_PARCELARIO_RIO_", "GM_TYPE": "Unknown Area Type", "MAP_NAME": "Cl_del Oeste_modificado_2026.dwg", "CLOSED": "YES", "BORDER_STY": "Solid", "BORDER_COL": "RGB(255,255,255)", "BORDER_WID": 1, "FILL_STYLE": "No Fill" }, "geometry": { "type": "MultiPolygon", "coordinates": [ [ [ [ -68.858202018540197, -32.871231464448641, 0.0 ], [ -68.858041303366818, -32.871259948840347, 0.0 ], [ -68.85802426113959, -32.871167842147166, 0.0 ], [ -68.858158050880263, -32.87115350278841, 0.0 ], [ -68.858193277601501, -32.871174102262501, 0.0 ], [ -68.858202018540197, -32.871231464448641, 0.0 ] ] ] ] } },
{ "type": "Feature", "properties": { "LAYER": "VM_MOSAICO_PARCELARIO_RIO_", "GM_TYPE": "Unknown Area Type", "MAP_NAME": "Cl_del Oeste_modificado_2026.dwg", "CLOSED": "YES", "BORDER_STY": "Solid", "BORDER_COL": "RGB(255,255,255)", "BORDER_WID": 1, "FILL_STYLE": "No Fill" }, "geometry": { "type": "MultiPolygon", "coordinates": [ [ [ [ -68.858041303366818, -32.871259948840347, 0.0 ], [ -68.858202018540197, -32.871231464448641, 0.0 ], [ -68.858215690407974, -32.871321194938858, 0.0 ], [ -68.858057826698783, -32.871349145173127, 0.0 ], [ -68.858041303366818, -32.871259948840347, 0.0 ] ] ] ] } },
{ "type": "Feature", "properties": { "LAYER": "VM_MOSAICO_PARCELARIO_RIO_", "GM_TYPE": "Unknown Area Type", "MAP_NAME": "Cl_del Oeste_modificado_2026.dwg", "CLOSED": "YES", "BORDER_STY": "Solid", "BORDER_COL": "RGB(255,255,255)", "BORDER_WID": 1, "FILL_STYLE": "No Fill" }, "geometry": { "type": "MultiPolygon", "coordinates": [ [ [ [ -68.85790648262892, -32.871375931312613, 0.0 ], [ -68.857946499811291, -32.871536374677852, 0.0 ], [ -68.857837569870142, -32.871555744663603, 0.0 ], [ -68.857797571071757, -32.871395281447953, 0.0 ], [ -68.857836261829007, -32.871388473448228, 0.0 ], [ -68.85790648262892, -32.871375931312613, 0.0 ] ] ] ] } },
{ "type": "Feature", "properties": { "LAYER": "VM_MOSAICO_PARCELARIO_RIO_", "GM_TYPE": "Unknown Area Type", "MAP_NAME": "Cl_del Oeste_modificado_2026.dwg", "CLOSED": "YES", "BORDER_STY": "Solid", "BORDER_COL": "RGB(255,255,255)", "BORDER_WID": 1, "FILL_STYLE": "No Fill" }, "geometry": { "type": "MultiPolygon", "coordinates": [ [ [ [ -68.857753428288675, -32.871403075100019, 0.0 ], [ -68.857797571071757, -32.871395281447953, 0.0 ], [ -68.857837569870142, -32.871555744663603, 0.0 ], [ -68.857783188783358, -32.871565414838258, 0.0 ], [ -68.857751985867353, -32.871570996014761, 0.0 ], [ -68.85771195854548, -32.871410420929791, 0.0 ], [ -68.857753428288675, -32.871403075100019, 0.0 ] ] ] ] } },
{ "type": "Feature", "properties": { "LAYER": "VM_MOSAICO_PARCELARIO_RIO_", "GM_TYPE": "Unknown Area Type", "MAP_NAME": "Cl_del Oeste_modificado_2026.dwg", "CLOSED": "YES", "BORDER_STY": "Solid", "BORDER_COL": "RGB(255,255,255)", "BORDER_WID": 1, "FILL_STYLE": "No Fill" }, "geometry": { "type": "MultiPolygon", "coordinates": [ [ [ [ -68.85736365735093, -32.871391352881844, 0.0 ], [ -68.857562548404161, -32.871365614313298, 0.0 ], [ -68.857565831149557, -32.871383471601241, 0.0 ], [ -68.857745485475505, -32.871359965073047, 0.0 ], [ -68.857753428288675, -32.871403075100019, 0.0 ], [ -68.85771195854548, -32.871410420929791, 0.0 ], [ -68.857751985867353, -32.871570996014761, 0.0 ], [ -68.857732098468801, -32.871574553125384, 0.0 ], [ -68.857713394293185, -32.871577868121193, 0.0 ], [ -68.857438067125216, -32.871626961190906, 0.0 ], [ -68.857402412217141, -32.871606181580333, 0.0 ], [ -68.857393941511702, -32.871559192743241, 0.0 ], [ -68.857376257310662, -32.871461338736687, 0.0 ], [ -68.85736365735093, -32.871391352881844, 0.0 ] ] ] ] } },
{ "type": "Feature", "properties": { "LAYER": "VM_MOSAICO_PARCELARIO_RIO_", "GM_TYPE": "Unknown Area Type", "MAP_NAME": "Cl_del Oeste_modificado_2026.dwg", "CLOSED": "YES", "BORDER_STY": "Solid", "BORDER_COL": "RGB(255,255,255)", "BORDER_WID": 1, "FILL_STYLE": "No Fill" }, "geometry": { "type": "MultiPolygon", "coordinates": [ [ [ [ -68.857745485475505, -32.871359965073047, 0.0 ], [ -68.857565831149557, -32.871383471601241, 0.0 ], [ -68.857562548404161, -32.871365614313298, 0.0 ], [ -68.85736365735093, -32.871391352881844, 0.0 ], [ -68.857343429806903, -32.871281051682814, 0.0 ], [ -68.857344811211036, -32.871278489740789, 0.0 ], [ -68.857349550201604, -32.871269705427423, 0.0 ], [ -68.857366472098363, -32.87123833854222, 0.0 ], [ -68.857716146277056, -32.87120086378475, 0.0 ], [ -68.857745485475505, -32.871359965073047, 0.0 ] ] ] ] } },
{ "type": "Feature", "properties": { "LAYER": "VM_MOSAICO_PARCELARIO_RIO_", "GM_TYPE": "Unknown Area Type", "MAP_NAME": "Cl_del Oeste_modificado_2026.dwg", "CLOSED": "YES", "BORDER_STY": "Solid", "BORDER_COL": "RGB(255,255,255)", "BORDER_WID": 1, "FILL_STYLE": "No Fill" }, "geometry": { "type": "MultiPolygon", "coordinates": [ [ [ [ -68.862577052879587, -32.892711426555103, 0.0 ], [ -68.862576996440012, -32.892711293944409, 0.0 ], [ -68.864022624573821, -32.89245223308901, 0.0 ], [ -68.864035864976387, -32.892854141297519, 0.0 ], [ -68.864003489811907, -32.893880442778958, 0.0 ], [ -68.863993790908864, -32.89390337215908, 0.0 ], [ -68.863080642103483, -32.894063733322099, 0.0 ], [ -68.862964995174224, -32.89406780942717, 0.0 ], [ -68.862877052026775, -32.894066329829585, 0.0 ], [ -68.862844661591382, -32.8940427899215, 0.0 ], [ -68.862577052879587, -32.892711426555103, 0.0 ] ] ] ] } },
{ "type": "Feature", "properties": { "LAYER": "VM_MOSAICO_PARCELARIO_RIO_", "GM_TYPE": "Unknown Area Type", "MAP_NAME": "Cl_del Oeste_modificado_2026.dwg", "CLOSED": "YES", "BORDER_STY": "Solid", "BORDER_COL": "RGB(255,255,255)", "BORDER_WID": 1, "FILL_STYLE": "No Fill" }, "geometry": { "type": "MultiPolygon", "coordinates": [ [ [ [ -68.860739793380375, -32.869589472848929, 0.0 ], [ -68.860572806108266, -32.868560811016287, 0.0 ], [ -68.860775533380945, -32.868536333062956, 0.0 ], [ -68.860894996636901, -32.868735020076429, 0.0 ], [ -68.861015938606627, -32.869558043002932, 0.0 ], [ -68.860739793380375, -32.869589472848929, 0.0 ] ] ] ] } },
{ "type": "Feature", "properties": { "LAYER": "VM_MOSAICO_PARCELARIO_RIO_", "GM_TYPE": "Unknown Area Type", "MAP_NAME": "Cl_del Oeste_modificado_2026.dwg", "CLOSED": "YES", "BORDER_STY": "Solid", "BORDER_COL": "RGB(255,255,255)", "BORDER_WID": 1, "FILL_STYLE": "No Fill" }, "geometry": { "type": "MultiPolygon", "coordinates": [ [ [ [ -68.858310469840362, -32.869868135860422, 0.0 ], [ -68.858140573015916, -32.868805835259671, 0.0 ], [ -68.858863638391725, -32.868720188691398, 0.0 ], [ -68.8590378146923, -32.869785017905699, 0.0 ], [ -68.858310469840362, -32.869868135860422, 0.0 ] ] ] ] } },
{ "type": "Feature", "properties": { "LAYER": "VM_MOSAICO_PARCELARIO_RIO_", "GM_TYPE": "Unknown Area Type", "MAP_NAME": "Cl_del Oeste_modificado_2026.dwg", "CLOSED": "YES", "BORDER_STY": "Solid", "BORDER_COL": "RGB(255,255,255)", "BORDER_WID": 1, "FILL_STYLE": "No Fill" }, "geometry": { "type": "MultiPolygon", "coordinates": [ [ [ [ -68.859957948564613, -32.869679211347382, 0.0 ], [ -68.859787329553271, -32.868655504652828, 0.0 ], [ -68.86005471188848, -32.868623345742236, 0.0 ], [ -68.86022244618114, -32.869648852248332, 0.0 ], [ -68.859957948564613, -32.869679211347382, 0.0 ] ] ] ] } },
{ "type": "Feature", "properties": { "LAYER": "VM_MOSAICO_PARCELARIO_RIO_", "GM_TYPE": "Unknown Area Type", "MAP_NAME": "Cl_del Oeste_modificado_2026.dwg", "CLOSED": "YES", "BORDER_STY": "Solid", "BORDER_COL": "RGB(255,255,255)", "BORDER_WID": 1, "FILL_STYLE": "No Fill" }, "geometry": { "type": "MultiPolygon", "coordinates": [ [ [ [ -68.859561255230602, -32.869724748555264, 0.0 ], [ -68.859383444540015, -32.86865703054103, 0.0 ], [ -68.859646231463884, -32.868625588694179, 0.0 ], [ -68.859830241452684, -32.869693944477753, 0.0 ], [ -68.859561255230602, -32.869724748555264, 0.0 ] ] ] ] } },
{ "type": "Feature", "properties": { "LAYER": "VM_MOSAICO_PARCELARIO_RIO_", "GM_TYPE": "Unknown Area Type", "MAP_NAME": "Cl_del Oeste_modificado_2026.dwg", "CLOSED": "YES", "BORDER_STY": "Solid", "BORDER_COL": "RGB(255,255,255)", "BORDER_WID": 1, "FILL_STYLE": "No Fill" }, "geometry": { "type": "MultiPolygon", "coordinates": [ [ [ [ -68.859163384524734, -32.869770643856555, 0.0 ], [ -68.858991239055555, -32.86870509574559, 0.0 ], [ -68.859257447214901, -32.868672486369057, 0.0 ], [ -68.859437714718183, -32.869739035114762, 0.0 ], [ -68.859163384524734, -32.869770643856555, 0.0 ] ] ] ] } },
{ "type": "Feature", "properties": { "LAYER": "VM_MOSAICO_PARCELARIO_RIO_", "GM_TYPE": "Unknown Area Type", "MAP_NAME": "Cl_del Oeste_modificado_2026.dwg", "CLOSED": "YES", "BORDER_STY": "Solid", "BORDER_COL": "RGB(255,255,255)", "BORDER_WID": 1, "FILL_STYLE": "No Fill" }, "geometry": { "type": "MultiPolygon", "coordinates": [ [ [ [ -68.860150444203882, -32.870858394251577, 0.0 ], [ -68.859976997086775, -32.869795731628571, 0.0 ], [ -68.86024170817403, -32.86976573340678, 0.0 ], [ -68.860417189524355, -32.870827767658071, 0.0 ], [ -68.860150444203882, -32.870858394251577, 0.0 ] ] ] ] } },
{ "type": "Feature", "properties": { "LAYER": "VM_MOSAICO_PARCELARIO_RIO_", "GM_TYPE": "Unknown Area Type", "MAP_NAME": "Cl_del Oeste_modificado_2026.dwg", "CLOSED": "YES", "BORDER_STY": "Solid", "BORDER_COL": "RGB(255,255,255)", "BORDER_WID": 1, "FILL_STYLE": "No Fill" }, "geometry": { "type": "MultiPolygon", "coordinates": [ [ [ [ -68.860541264433806, -32.87081356999937, 0.0 ], [ -68.860371231603565, -32.869751092053342, 0.0 ], [ -68.860635302265919, -32.869721182452679, 0.0 ], [ -68.86081057430367, -32.870782674015295, 0.0 ], [ -68.860541264433806, -32.87081356999937, 0.0 ] ] ] ] } },
{ "type": "Feature", "properties": { "LAYER": "VM_MOSAICO_PARCELARIO_RIO_", "GM_TYPE": "Unknown Area Type", "MAP_NAME": "Cl_del Oeste_modificado_2026.dwg", "CLOSED": "YES", "BORDER_STY": "Solid", "BORDER_COL": "RGB(255,255,255)", "BORDER_WID": 1, "FILL_STYLE": "No Fill" }, "geometry": { "type": "MultiPolygon", "coordinates": [ [ [ [ -68.861914127228005, -32.871874148514763, 0.0 ], [ -68.861738862798148, -32.870797239690638, 0.0 ], [ -68.862014154813082, -32.870766978912506, 0.0 ], [ -68.862186429292677, -32.871844786663388, 0.0 ], [ -68.861914127228005, -32.871874148514763, 0.0 ] ] ] ] } },
{ "type": "Feature", "properties": { "LAYER": "VM_MOSAICO_PARCELARIO_RIO_", "GM_TYPE": "Unknown Area Type", "MAP_NAME": "Cl_del Oeste_modificado_2026.dwg", "CLOSED": "YES", "BORDER_STY": "Solid", "BORDER_COL": "RGB(255,255,255)", "BORDER_WID": 1, "FILL_STYLE": "No Fill" }, "geometry": { "type": "MultiPolygon", "coordinates": [ [ [ [ -68.861117560659693, -32.871936556605725, 0.0 ], [ -68.860946646188012, -32.870885530160919, 0.0 ], [ -68.861222475739623, -32.870854190591963, 0.0 ], [ -68.861396781407464, -32.871924606858023, 0.0 ], [ -68.861117560659693, -32.871936556605725, 0.0 ] ] ] ] } },
{ "type": "Feature", "properties": { "LAYER": "VM_MOSAICO_PARCELARIO_RIO_", "GM_TYPE": "Unknown Area Type", "MAP_NAME": "Cl_del Oeste_modificado_2026.dwg", "CLOSED": "YES", "BORDER_STY": "Solid", "BORDER_COL": "RGB(255,255,255)", "BORDER_WID": 1, "FILL_STYLE": "No Fill" }, "geometry": { "type": "MultiPolygon", "coordinates": [ [ [ [ -68.860727207030791, -32.87195334046632, 0.0 ], [ -68.860560208235469, -32.870929368699805, 0.0 ], [ -68.860829411034501, -32.870898834136483, 0.0 ], [ -68.860998947887595, -32.87194165378709, 0.0 ], [ -68.860727207030791, -32.87195334046632, 0.0 ] ] ] ] } },
{ "type": "Feature", "properties": { "LAYER": "VM_MOSAICO_PARCELARIO_RIO_", "GM_TYPE": "Unknown Area Type", "MAP_NAME": "Cl_del Oeste_modificado_2026.dwg", "CLOSED": "YES", "BORDER_STY": "Solid", "BORDER_COL": "RGB(255,255,255)", "BORDER_WID": 1, "FILL_STYLE": "No Fill" }, "geometry": { "type": "MultiPolygon", "coordinates": [ [ [ [ -68.860334883208381, -32.871999246539836, 0.0 ], [ -68.860169173522465, -32.870974374010459, 0.0 ], [ -68.860321676525629, -32.870956511396358, 0.0 ], [ -68.860435919467989, -32.870943566138223, 0.0 ], [ -68.860601310143693, -32.871970061018445, 0.0 ], [ -68.860334883208381, -32.871999246539836, 0.0 ] ] ] ] } },
{ "type": "Feature", "properties": { "LAYER": "VM_MOSAICO_PARCELARIO_RIO_", "GM_TYPE": "Unknown Area Type", "MAP_NAME": "Cl_del Oeste_modificado_2026.dwg", "CLOSED": "YES", "BORDER_STY": "Solid", "BORDER_COL": "RGB(255,255,255)", "BORDER_WID": 1, "FILL_STYLE": "No Fill" }, "geometry": { "type": "MultiPolygon", "coordinates": [ [ [ [ -68.859931018149382, -32.872046399929935, 0.0 ], [ -68.859765098115858, -32.871021616814112, 0.0 ], [ -68.860041783784965, -32.870989288044591, 0.0 ], [ -68.8602085665636, -32.872011006006808, 0.0 ], [ -68.859931018149382, -32.872046399929935, 0.0 ] ] ] ] } },
{ "type": "Feature", "properties": { "LAYER": "VM_MOSAICO_PARCELARIO_RIO_", "GM_TYPE": "Unknown Area Type", "MAP_NAME": "Cl_del Oeste_modificado_2026.dwg", "CLOSED": "YES", "BORDER_STY": "Solid", "BORDER_COL": "RGB(255,255,255)", "BORDER_WID": 1, "FILL_STYLE": "No Fill" }, "geometry": { "type": "MultiPolygon", "coordinates": [ [ [ [ -68.859533896804166, -32.87208562467724, 0.0 ], [ -68.859373740918343, -32.871067339728775, 0.0 ], [ -68.859646472711106, -32.87103545823669, 0.0 ], [ -68.859810688597463, -32.872055911462596, 0.0 ], [ -68.859533896804166, -32.87208562467724, 0.0 ] ] ] ] } },
{ "type": "Feature", "properties": { "LAYER": "VM_MOSAICO_PARCELARIO_RIO_", "GM_TYPE": "Unknown Area Type", "MAP_NAME": "Cl_del Oeste_modificado_2026.dwg", "CLOSED": "YES", "BORDER_STY": "Solid", "BORDER_COL": "RGB(255,255,255)", "BORDER_WID": 1, "FILL_STYLE": "No Fill" }, "geometry": { "type": "MultiPolygon", "coordinates": [ [ [ [ -68.861520848161319, -32.871916539745449, 0.0 ], [ -68.861348580283661, -32.870840264892422, 0.0 ], [ -68.861620239111048, -32.870810362534328, 0.0 ], [ -68.861797959474103, -32.871886733216861, 0.0 ], [ -68.861520848161319, -32.871916539745449, 0.0 ] ] ] ] } },
{ "type": "Feature", "properties": { "LAYER": "VM_MOSAICO_PARCELARIO_RIO_", "GM_TYPE": "Unknown Area Type", "MAP_NAME": "Cl_del Oeste_modificado_2026.dwg", "CLOSED": "YES", "BORDER_STY": "Solid", "BORDER_COL": "RGB(255,255,255)", "BORDER_WID": 1, "FILL_STYLE": "No Fill" }, "geometry": { "type": "MultiPolygon", "coordinates": [ [ [ [ -68.860352504109017, -32.869633941002583, 0.0 ], [ -68.860184769619579, -32.868607623140505, 0.0 ], [ -68.860450977422587, -32.868575462069501, 0.0 ], [ -68.860615933905152, -32.869603670048363, 0.0 ], [ -68.860352504109017, -32.869633941002583, 0.0 ] ] ] ] } },
{ "type": "Feature", "properties": { "LAYER": "VM_MOSAICO_PARCELARIO_RIO_", "GM_TYPE": "Unknown Area Type", "MAP_NAME": "Cl_del Oeste_modificado_2026.dwg", "CLOSED": "YES", "BORDER_STY": "Solid", "BORDER_COL": "RGB(255,255,255)", "BORDER_WID": 1, "FILL_STYLE": "No Fill" }, "geometry": { "type": "MultiPolygon", "coordinates": [ [ [ [ -68.858428646267299, -32.87060261156477, 0.0 ], [ -68.859155886954653, -32.870520845366656, 0.0 ], [ -68.859226773464457, -32.870963477752923, 0.0 ], [ -68.858500483504756, -32.871049212883037, 0.0 ], [ -68.858428646267299, -32.87060261156477, 0.0 ] ] ] ] } },
{ "type": "Feature", "properties": { "LAYER": "VM_MOSAICO_PARCELARIO_RIO_", "GM_TYPE": "Unknown Area Type", "MAP_NAME": "Cl_del Oeste_modificado_2026.dwg", "CLOSED": "YES", "BORDER_STY": "Solid", "BORDER_COL": "RGB(255,255,255)", "BORDER_WID": 1, "FILL_STYLE": "No Fill" }, "geometry": { "type": "MultiPolygon", "coordinates": [ [ [ [ -68.85840134991895, -32.870432881748947, 0.0 ], [ -68.859128167051566, -32.870348500313732, 0.0 ], [ -68.859155886954653, -32.870520845366656, 0.0 ], [ -68.858428646267299, -32.87060261156477, 0.0 ], [ -68.85840134991895, -32.870432881748947, 0.0 ] ] ] ] } },
{ "type": "Feature", "properties": { "LAYER": "VM_MOSAICO_PARCELARIO_RIO_", "GM_TYPE": "Unknown Area Type", "MAP_NAME": "Cl_del Oeste_modificado_2026.dwg", "CLOSED": "YES", "BORDER_STY": "Solid", "BORDER_COL": "RGB(255,255,255)", "BORDER_WID": 1, "FILL_STYLE": "No Fill" }, "geometry": { "type": "MultiPolygon", "coordinates": [ [ [ [ -68.862746009289424, -32.870534163980295, 0.0 ], [ -68.862614650085305, -32.870630138630325, 0.0 ], [ -68.862636411127937, -32.870652975401718, 0.0 ], [ -68.862617801660505, -32.870664406487641, 0.0 ], [ -68.862623990309714, -32.870670003790728, 0.0 ], [ -68.862561960850357, -32.870706723895402, 0.0 ], [ -68.862435272932174, -32.870545811587832, 0.0 ], [ -68.862529718948366, -32.87048306819694, 0.0 ], [ -68.862506556020335, -32.87039936547577, 0.0 ], [ -68.862574793248626, -32.870355708265514, 0.0 ], [ -68.862629306567186, -32.870411223263979, 0.0 ], [ -68.862755957806598, -32.87052669082972, 0.0 ], [ -68.862746009289424, -32.870534163980295, 0.0 ] ] ] ] } },
{ "type": "Feature", "properties": { "LAYER": "VM_MOSAICO_PARCELARIO_RIO_", "GM_TYPE": "Unknown Area Type", "MAP_NAME": "Cl_del Oeste_modificado_2026.dwg", "CLOSED": "YES", "BORDER_STY": "Solid", "BORDER_COL": "RGB(255,255,255)", "BORDER_WID": 1, "FILL_STYLE": "No Fill" }, "geometry": { "type": "MultiPolygon", "coordinates": [ [ [ [ -68.859355017314442, -32.870948384268594, 0.0 ], [ -68.859182324465152, -32.869887614980534, 0.0 ], [ -68.859849289809375, -32.869810465679443, 0.0 ], [ -68.860022734787051, -32.870872857963882, 0.0 ], [ -68.859355017314442, -32.870948384268594, 0.0 ] ] ] ] } },
{ "type": "Feature", "properties": { "LAYER": "VM_MOSAICO_PARCELARIO_RIO_", "GM_TYPE": "Unknown Area Type", "MAP_NAME": "Cl_del Oeste_modificado_2026.dwg", "CLOSED": "YES", "BORDER_STY": "Solid", "BORDER_COL": "RGB(255,255,255)", "BORDER_WID": 1, "FILL_STYLE": "No Fill" }, "geometry": { "type": "MultiPolygon", "coordinates": [ [ [ [ -68.858696040331111, -32.872241024924506, 0.0 ], [ -68.858519637255952, -32.87116573347712, 0.0 ], [ -68.85924549732897, -32.871082161822002, 0.0 ], [ -68.859414541678532, -32.872154017565286, 0.0 ], [ -68.858696040331111, -32.872241024924506, 0.0 ] ] ] ] } },
{ "type": "Feature", "properties": { "LAYER": "VM_MOSAICO_PARCELARIO_RIO_", "GM_TYPE": "Unknown Area Type", "MAP_NAME": "Cl_del Oeste_modificado_2026.dwg", "CLOSED": "YES", "BORDER_STY": "Solid", "BORDER_COL": "RGB(255,255,255)", "BORDER_WID": 1, "FILL_STYLE": "No Fill" }, "geometry": { "type": "MultiPolygon", "coordinates": [ [ [ [ -68.859128167051566, -32.870348500313732, 0.0 ], [ -68.85840134991895, -32.870432881748947, 0.0 ], [ -68.858329407245336, -32.869986009703531, 0.0 ], [ -68.859056540486918, -32.869902170047553, 0.0 ], [ -68.859128167051566, -32.870348500313732, 0.0 ] ] ] ] } },
{ "type": "Feature", "properties": { "LAYER": "VM_MOSAICO_PARCELARIO_RIO_", "GM_TYPE": "Unknown Area Type", "MAP_NAME": "Cl_del Oeste_modificado_2026.dwg", "CLOSED": "YES", "BORDER_STY": "Solid", "BORDER_COL": "RGB(255,255,255)", "BORDER_WID": 1, "FILL_STYLE": "No Fill" }, "geometry": { "type": "MultiPolygon", "coordinates": [ [ [ [ -68.860927702737484, -32.870769190501029, 0.0 ], [ -68.860924528640268, -32.870749079182815, 0.0 ], [ -68.860761593200934, -32.869723759463092, 0.0 ], [ -68.860759265226704, -32.869709239586605, 0.0 ], [ -68.86079026011889, -32.869703593405134, 0.0 ], [ -68.861033170519718, -32.869675552973725, 0.0 ], [ -68.861036768903176, -32.869697648492348, 0.0 ], [ -68.861200146326951, -32.870716295813182, 0.0 ], [ -68.861203426351452, -32.870737038428359, 0.0 ], [ -68.861186647878782, -32.870739003539086, 0.0 ], [ -68.860942557506377, -32.870767493794993, 0.0 ], [ -68.860927702737484, -32.870769190501029, 0.0 ] ] ] ] } },
{ "type": "Feature", "properties": { "LAYER": "VM_MOSAICO_PARCELARIO_RIO_", "GM_TYPE": "Unknown Area Type", "MAP_NAME": "Cl_del Oeste_modificado_2026.dwg", "CLOSED": "YES", "BORDER_STY": "Solid", "BORDER_COL": "RGB(255,255,255)", "BORDER_WID": 1, "FILL_STYLE": "No Fill" }, "geometry": { "type": "MultiPolygon", "coordinates": [ [ [ [ -68.861614721831543, -32.86948387517333, 0.0 ], [ -68.861136502669908, -32.869532931242439, 0.0 ], [ -68.861011396600404, -32.868775817697149, 0.0 ], [ -68.860956243323869, -32.868652403645576, 0.0 ], [ -68.86083983478737, -32.868479033367585, 0.0 ], [ -68.860907912293385, -32.868471560088437, 0.0 ], [ -68.861614721831543, -32.86948387517333, 0.0 ] ] ] ] } },
{ "type": "Feature", "properties": { "LAYER": "VM_MOSAICO_PARCELARIO_RIO_", "GM_TYPE": "Unknown Area Type", "MAP_NAME": "Cl_del Oeste_modificado_2026.dwg", "CLOSED": "YES", "BORDER_STY": "Solid", "BORDER_COL": "RGB(255,255,255)", "BORDER_WID": 1, "FILL_STYLE": "No Fill" }, "geometry": { "type": "MultiPolygon", "coordinates": [ [ [ [ -68.861742845054451, -32.870227878929555, 0.0 ], [ -68.861757918004102, -32.870226668380937, 0.0 ], [ -68.861816907694646, -32.87021951007975, 0.0 ], [ -68.862044327516614, -32.870191912244429, 0.0 ], [ -68.862147029785177, -32.870179492807637, 0.0 ], [ -68.862435272932174, -32.870545811587832, 0.0 ], [ -68.862561960850357, -32.870706723895402, 0.0 ], [ -68.862623990309714, -32.870670003790728, 0.0 ], [ -68.862671365319457, -32.870712977373834, 0.0 ], [ -68.862777637781491, -32.870809576220253, 0.0 ], [ -68.862790865752046, -32.870823476826963, 0.0 ], [ -68.862857218574121, -32.870892800635588, 0.0 ], [ -68.862859559135842, -32.870899385572145, 0.0 ], [ -68.863027901545806, -32.871002725677059, 0.0 ], [ -68.863079673573793, -32.871035424599924, 0.0 ], [ -68.863216887305541, -32.871092472540177, 0.0 ], [ -68.863243679246935, -32.871110356287083, 0.0 ], [ -68.863404836008357, -32.870954991850482, 0.0 ], [ -68.863757959984, -32.871103348631195, 0.0 ], [ -68.863584437345509, -32.871379707444184, 0.0 ], [ -68.863503574850768, -32.871503240655883, 0.0 ], [ -68.863476268968768, -32.871541713214022, 0.0 ], [ -68.863447253354181, -32.871579551811763, 0.0 ], [ -68.863410659438202, -32.871612784387651, 0.0 ], [ -68.863380389875161, -32.871632858218398, 0.0 ], [ -68.86333826374559, -32.871650395246384, 0.0 ], [ -68.863298812780855, -32.871664688181639, 0.0 ], [ -68.862991451172462, -32.87184099116444, 0.0 ], [ -68.86273592705848, -32.87186902063852, 0.0 ], [ -68.862725133308288, -32.871870180996893, 0.0 ], [ -68.862341685621004, -32.871912135651755, 0.0 ], [ -68.862339040542537, -32.871895180885318, 0.0 ], [ -68.862142925855395, -32.870619244772612, 0.0 ], [ -68.861767173092929, -32.870663369327843, 0.0 ], [ -68.861756932754247, -32.870584099054049, 0.0 ], [ -68.861755131006774, -32.870574629269321, 0.0 ], [ -68.861752162452305, -32.870559657857747, 0.0 ], [ -68.861746553030841, -32.870525116753839, 0.0 ], [ -68.861739992554604, -32.870484443074766, 0.0 ], [ -68.861730573656857, -32.870426002851033, 0.0 ], [ -68.861728668564908, -32.870414278714811, 0.0 ], [ -68.861724119064505, -32.870385960473804, 0.0 ], [ -68.861722849330832, -32.870377933987818, 0.0 ], [ -68.861712271491683, -32.870308942653075, 0.0 ], [ -68.861700319138478, -32.870231293528157, 0.0 ], [ -68.861742845054451, -32.870227878929555, 0.0 ] ] ] ] } },
{ "type": "Feature", "properties": { "LAYER": "VM_MOSAICO_PARCELARIO_RIO_", "GM_TYPE": "Unknown Area Type", "MAP_NAME": "Cl_del Oeste_modificado_2026.dwg", "CLOSED": "YES", "BORDER_STY": "Solid", "BORDER_COL": "RGB(255,255,255)", "BORDER_WID": 1, "FILL_STYLE": "No Fill" }, "geometry": { "type": "MultiPolygon", "coordinates": [ [ [ [ -68.863404836008357, -32.870954991850482, 0.0 ], [ -68.863243679246935, -32.871110356287083, 0.0 ], [ -68.863216887305541, -32.871092472540177, 0.0 ], [ -68.863079673573793, -32.871035424599924, 0.0 ], [ -68.863027901545806, -32.871002725677059, 0.0 ], [ -68.86319964379517, -32.870858696573492, 0.0 ], [ -68.863404836008357, -32.870954991850482, 0.0 ] ] ] ] } },
{ "type": "Feature", "properties": { "LAYER": "VM_MOSAICO_PARCELARIO_RIO_", "GM_TYPE": "Unknown Area Type", "MAP_NAME": "Cl_del Oeste_modificado_2026.dwg", "CLOSED": "YES", "BORDER_STY": "Solid", "BORDER_COL": "RGB(255,255,255)", "BORDER_WID": 1, "FILL_STYLE": "No Fill" }, "geometry": { "type": "MultiPolygon", "coordinates": [ [ [ [ -68.86319964379517, -32.870858696573492, 0.0 ], [ -68.863027901545806, -32.871002725677059, 0.0 ], [ -68.862859559135842, -32.870899385572145, 0.0 ], [ -68.862857218574121, -32.870892800635588, 0.0 ], [ -68.863040458586568, -32.870776834269122, 0.0 ], [ -68.863096690167296, -32.87081038025115, 0.0 ], [ -68.86319964379517, -32.870858696573492, 0.0 ] ] ] ] } },
{ "type": "Feature", "properties": { "LAYER": "VM_MOSAICO_PARCELARIO_RIO_", "GM_TYPE": "Unknown Area Type", "MAP_NAME": "Cl_del Oeste_modificado_2026.dwg", "CLOSED": "YES", "BORDER_STY": "Solid", "BORDER_COL": "RGB(255,255,255)", "BORDER_WID": 1, "FILL_STYLE": "No Fill" }, "geometry": { "type": "MultiPolygon", "coordinates": [ [ [ [ -68.863040458586568, -32.870776834269122, 0.0 ], [ -68.862857218574121, -32.870892800635588, 0.0 ], [ -68.862790865752046, -32.870823476826963, 0.0 ], [ -68.862862427719037, -32.870771889098798, 0.0 ], [ -68.86290062003134, -32.87074208486996, 0.0 ], [ -68.862940592705854, -32.870711409739549, 0.0 ], [ -68.862959194821158, -32.870728354025957, 0.0 ], [ -68.863040458586568, -32.870776834269122, 0.0 ] ] ] ] } },
{ "type": "Feature", "properties": { "LAYER": "VM_MOSAICO_PARCELARIO_RIO_", "GM_TYPE": "Unknown Area Type", "MAP_NAME": "Cl_del Oeste_modificado_2026.dwg", "CLOSED": "YES", "BORDER_STY": "Solid", "BORDER_COL": "RGB(255,255,255)", "BORDER_WID": 1, "FILL_STYLE": "No Fill" }, "geometry": { "type": "MultiPolygon", "coordinates": [ [ [ [ -68.862940592705854, -32.870711409739549, 0.0 ], [ -68.86290062003134, -32.87074208486996, 0.0 ], [ -68.862862427719037, -32.870771889098798, 0.0 ], [ -68.862790865752046, -32.870823476826963, 0.0 ], [ -68.862777637781491, -32.870809576220253, 0.0 ], [ -68.862671365319457, -32.870712977373834, 0.0 ], [ -68.862839109193899, -32.870618967682994, 0.0 ], [ -68.862940592705854, -32.870711409739549, 0.0 ] ] ] ] } },
{ "type": "Feature", "properties": { "LAYER": "VM_MOSAICO_PARCELARIO_RIO_", "GM_TYPE": "Unknown Area Type", "MAP_NAME": "Cl_del Oeste_modificado_2026.dwg", "CLOSED": "YES", "BORDER_STY": "Solid", "BORDER_COL": "RGB(255,255,255)", "BORDER_WID": 1, "FILL_STYLE": "No Fill" }, "geometry": { "type": "MultiPolygon", "coordinates": [ [ [ [ -68.862839109193899, -32.870618967682994, 0.0 ], [ -68.862671365319457, -32.870712977373834, 0.0 ], [ -68.862623990309714, -32.870670003790728, 0.0 ], [ -68.862617801660505, -32.870664406487641, 0.0 ], [ -68.862636411127937, -32.870652975401718, 0.0 ], [ -68.862614650085305, -32.870630138630325, 0.0 ], [ -68.862746009289424, -32.870534163980295, 0.0 ], [ -68.862839109193899, -32.870618967682994, 0.0 ] ] ] ] } },
{ "type": "Feature", "properties": { "LAYER": "VM_MOSAICO_PARCELARIO_RIO_", "GM_TYPE": "Unknown Area Type", "MAP_NAME": "Cl_del Oeste_modificado_2026.dwg", "CLOSED": "YES", "BORDER_STY": "Solid", "BORDER_COL": "RGB(255,255,255)", "BORDER_WID": 1, "FILL_STYLE": "No Fill" }, "geometry": { "type": "MultiPolygon", "coordinates": [ [ [ [ -68.861466613622298, -32.870111557685838, 0.0 ], [ -68.861721063616898, -32.870084159886751, 0.0 ], [ -68.86191660852316, -32.86994037704283, 0.0 ], [ -68.8621768462082, -32.870175918882332, 0.0 ], [ -68.862147029785177, -32.870179492807637, 0.0 ], [ -68.862044327516614, -32.870191912244429, 0.0 ], [ -68.861816907694646, -32.87021951007975, 0.0 ], [ -68.861757918004102, -32.870226668380937, 0.0 ], [ -68.861742845054451, -32.870227878929555, 0.0 ], [ -68.861734494729106, -32.870173532676922, 0.0 ], [ -68.861247495357389, -32.870226008599225, 0.0 ], [ -68.861232594351264, -32.870136720690418, 0.0 ], [ -68.861466613622298, -32.870111557685838, 0.0 ] ] ] ] } },
{ "type": "Feature", "properties": { "LAYER": "VM_MOSAICO_PARCELARIO_RIO_", "GM_TYPE": "Unknown Area Type", "MAP_NAME": "Cl_del Oeste_modificado_2026.dwg", "CLOSED": "YES", "BORDER_STY": "Solid", "BORDER_COL": "RGB(255,255,255)", "BORDER_WID": 1, "FILL_STYLE": "No Fill" }, "geometry": { "type": "MultiPolygon", "coordinates": [ [ [ [ -68.8615648337164, -32.869621830673545, 0.0 ], [ -68.86191660852316, -32.86994037704283, 0.0 ], [ -68.861721063616898, -32.870084159886751, 0.0 ], [ -68.861466613622298, -32.870111557685838, 0.0 ], [ -68.861395448543448, -32.869640022357856, 0.0 ], [ -68.8615648337164, -32.869621830673545, 0.0 ] ] ] ] } },
{ "type": "Feature", "properties": { "LAYER": "VM_MOSAICO_PARCELARIO_RIO_", "GM_TYPE": "Unknown Area Type", "MAP_NAME": "Cl_del Oeste_modificado_2026.dwg", "CLOSED": "YES", "BORDER_STY": "Solid", "BORDER_COL": "RGB(255,255,255)", "BORDER_WID": 1, "FILL_STYLE": "No Fill" }, "geometry": { "type": "MultiPolygon", "coordinates": [ [ [ [ -68.861466613622298, -32.870111557685838, 0.0 ], [ -68.861232594351264, -32.870136720690418, 0.0 ], [ -68.861154031111369, -32.869665950676136, 0.0 ], [ -68.861395448543448, -32.869640022357856, 0.0 ], [ -68.861466613622298, -32.870111557685838, 0.0 ] ] ] ] } },
{ "type": "Feature", "properties": { "LAYER": "VM_MOSAICO_PARCELARIO_RIO_", "GM_TYPE": "Unknown Area Type", "MAP_NAME": "Cl_del Oeste_modificado_2026.dwg", "CLOSED": "YES", "BORDER_STY": "Solid", "BORDER_COL": "RGB(255,255,255)", "BORDER_WID": 1, "FILL_STYLE": "No Fill" }, "geometry": { "type": "MultiPolygon", "coordinates": [ [ [ [ -68.861742845054451, -32.870227878929555, 0.0 ], [ -68.861700319138478, -32.870231293528157, 0.0 ], [ -68.861712271491683, -32.870308942653075, 0.0 ], [ -68.861722849330832, -32.870377933987818, 0.0 ], [ -68.861724119064505, -32.870385960473804, 0.0 ], [ -68.861728668564908, -32.870414278714811, 0.0 ], [ -68.861730573656857, -32.870426002851033, 0.0 ], [ -68.861739992554604, -32.870484443074766, 0.0 ], [ -68.861746553030841, -32.870525116753839, 0.0 ], [ -68.861752162452305, -32.870559657857747, 0.0 ], [ -68.861755131006774, -32.870574629269321, 0.0 ], [ -68.861756932754247, -32.870584099054049, 0.0 ], [ -68.861767173092929, -32.870663369327843, 0.0 ], [ -68.861328904090527, -32.870713825499941, 0.0 ], [ -68.861247495357389, -32.870226008599225, 0.0 ], [ -68.861734494729106, -32.870173532676922, 0.0 ], [ -68.861742845054451, -32.870227878929555, 0.0 ] ] ] ] } },
{ "type": "Feature", "properties": { "LAYER": "VM_MOSAICO_PARCELARIO_RIO_", "GM_TYPE": "Unknown Area Type", "MAP_NAME": "Cl_del Oeste_modificado_2026.dwg", "CLOSED": "YES", "BORDER_STY": "Solid", "BORDER_COL": "RGB(255,255,255)", "BORDER_WID": 1, "FILL_STYLE": "No Fill" }, "geometry": { "type": "MultiPolygon", "coordinates": [ [ [ [ -68.862811443922993, -32.883581209988279, 0.0 ], [ -68.86288369050267, -32.883853690595281, 0.0 ], [ -68.862910246526667, -32.883957144763905, 0.0 ], [ -68.862931491538248, -32.88403967293231, 0.0 ], [ -68.862942007935644, -32.884080801644586, 0.0 ], [ -68.862956454264875, -32.884136902760766, 0.0 ], [ -68.862965483584091, -32.884172169740204, 0.0 ], [ -68.863163601228507, -32.884939819062382, 0.0 ], [ -68.863181978861832, -32.885011613897142, 0.0 ], [ -68.863198762844647, -32.885076644291104, 0.0 ], [ -68.86320195250066, -32.885087287752206, 0.0 ], [ -68.86324299482277, -32.885222226744972, 0.0 ], [ -68.863212637681656, -32.885226702009248, 0.0 ], [ -68.863087040306823, -32.885245227810451, 0.0 ], [ -68.862802376473866, -32.88529423573528, 0.0 ], [ -68.862522014536836, -32.885326114680744, 0.0 ], [ -68.862508454810694, -32.885318074711229, 0.0 ], [ -68.862401999608295, -32.885328055689037, 0.0 ], [ -68.862295330649602, -32.885338035439119, 0.0 ], [ -68.861162989248442, -32.885526757527188, 0.0 ], [ -68.861023128072631, -32.884896497659135, 0.0 ], [ -68.860883815225108, -32.884190136226337, 0.0 ], [ -68.860890817140515, -32.884154527154543, 0.0 ], [ -68.860910677234273, -32.884097652435543, 0.0 ], [ -68.860944463956514, -32.884018250880693, 0.0 ], [ -68.860975535703005, -32.883967250519156, 0.0 ], [ -68.860999519871399, -32.883937611487717, 0.0 ], [ -68.861040279774087, -32.883909344532285, 0.0 ], [ -68.861065724846512, -32.883902249428452, 0.0 ], [ -68.861075563577643, -32.883898383078943, 0.0 ], [ -68.861241035969726, -32.883869804579177, 0.0 ], [ -68.861405760059057, -32.883841315200208, 0.0 ], [ -68.861447664860322, -32.883832616111881, 0.0 ], [ -68.861540774801938, -32.883813243563843, 0.0 ], [ -68.861744733297627, -32.883775780239269, 0.0 ], [ -68.861941101028876, -32.883739661643489, 0.0 ], [ -68.862156068579196, -32.883700045736497, 0.0 ], [ -68.862357781834717, -32.883662940514895, 0.0 ], [ -68.862557781927734, -32.883627184722307, 0.0 ], [ -68.862750192221512, -32.883592863890875, 0.0 ], [ -68.862811443922993, -32.883581209988279, 0.0 ] ] ] ] } },
{ "type": "Feature", "properties": { "LAYER": "VM_MOSAICO_PARCELARIO_RIO_", "GM_TYPE": "Unknown Area Type", "MAP_NAME": "Cl_del Oeste_modificado_2026.dwg", "CLOSED": "YES", "BORDER_STY": "Solid", "BORDER_COL": "RGB(255,255,255)", "BORDER_WID": 1, "FILL_STYLE": "No Fill" }, "geometry": { "type": "MultiPolygon", "coordinates": [ [ [ [ -68.872497711439919, -32.876559434947936, 0.0 ], [ -68.872597981142633, -32.876533569232741, 0.0 ], [ -68.872647474169071, -32.876520726311696, 0.0 ], [ -68.872698891115789, -32.876507523749829, 0.0 ], [ -68.872728608312585, -32.876499800324112, 0.0 ], [ -68.872762767655047, -32.876598209884754, 0.0 ], [ -68.872594088151772, -32.876639784812369, 0.0 ], [ -68.872537006547532, -32.876653792181273, 0.0 ], [ -68.872531234220332, -32.876655229009259, 0.0 ], [ -68.872497711439919, -32.876559434947936, 0.0 ] ] ] ] } },
{ "type": "Feature", "properties": { "LAYER": "VM_MOSAICO_PARCELARIO_RIO_", "GM_TYPE": "Unknown Area Type", "MAP_NAME": "Cl_del Oeste_modificado_2026.dwg", "CLOSED": "YES", "BORDER_STY": "Solid", "BORDER_COL": "RGB(255,255,255)", "BORDER_WID": 1, "FILL_STYLE": "No Fill" }, "geometry": { "type": "MultiPolygon", "coordinates": [ [ [ [ -68.872537006547532, -32.876653792181273, 0.0 ], [ -68.872594088151772, -32.876639784812369, 0.0 ], [ -68.872762767655047, -32.876598209884754, 0.0 ], [ -68.872775644243717, -32.876635372772135, 0.0 ], [ -68.872797991260583, -32.87669968717784, 0.0 ], [ -68.872636899962529, -32.87674018784611, 0.0 ], [ -68.872631020775827, -32.876741623668181, 0.0 ], [ -68.872572121383456, -32.876756441628004, 0.0 ], [ -68.872563076225063, -32.876730102950923, 0.0 ], [ -68.872537006547532, -32.876653792181273, 0.0 ] ] ] ] } },
{ "type": "Feature", "properties": { "LAYER": "VM_MOSAICO_PARCELARIO_RIO_", "GM_TYPE": "Unknown Area Type", "MAP_NAME": "Cl_del Oeste_modificado_2026.dwg", "CLOSED": "YES", "BORDER_STY": "Solid", "BORDER_COL": "RGB(255,255,255)", "BORDER_WID": 1, "FILL_STYLE": "No Fill" }, "geometry": { "type": "MultiPolygon", "coordinates": [ [ [ [ -68.87242736860054, -32.876358825590124, 0.0 ], [ -68.872523685019928, -32.876334771913029, 0.0 ], [ -68.872659651810594, -32.876300815554067, 0.0 ], [ -68.872673379130973, -32.876340053215856, 0.0 ], [ -68.872693917213255, -32.876399676091296, 0.0 ], [ -68.872462699491464, -32.876459671002856, 0.0 ], [ -68.872453015451754, -32.876431798785518, 0.0 ], [ -68.87242736860054, -32.876358825590124, 0.0 ] ] ] ] } },
{ "type": "Feature", "properties": { "LAYER": "VM_MOSAICO_PARCELARIO_RIO_", "GM_TYPE": "Unknown Area Type", "MAP_NAME": "Cl_del Oeste_modificado_2026.dwg", "CLOSED": "YES", "BORDER_STY": "Solid", "BORDER_COL": "RGB(255,255,255)", "BORDER_WID": 1, "FILL_STYLE": "No Fill" }, "geometry": { "type": "MultiPolygon", "coordinates": [ [ [ [ -68.872462699491464, -32.876459671002856, 0.0 ], [ -68.872693917213255, -32.876399676091296, 0.0 ], [ -68.872698706033475, -32.876413476882689, 0.0 ], [ -68.872717221697414, -32.87646687690885, 0.0 ], [ -68.872728608312585, -32.876499800324112, 0.0 ], [ -68.872698891115789, -32.876507523749829, 0.0 ], [ -68.872647474169071, -32.876520726311696, 0.0 ], [ -68.872597981142633, -32.876533569232741, 0.0 ], [ -68.872497711439919, -32.876559434947936, 0.0 ], [ -68.872462699491464, -32.876459671002856, 0.0 ] ] ] ] } },
{ "type": "Feature", "properties": { "LAYER": "VM_MOSAICO_PARCELARIO_RIO_", "GM_TYPE": "Unknown Area Type", "MAP_NAME": "Cl_del Oeste_modificado_2026.dwg", "CLOSED": "YES", "BORDER_STY": "Solid", "BORDER_COL": "RGB(255,255,255)", "BORDER_WID": 1, "FILL_STYLE": "No Fill" }, "geometry": { "type": "MultiPolygon", "coordinates": [ [ [ [ -68.87212791070904, -32.875503620111935, 0.0 ], [ -68.872162928163306, -32.87552457610888, 0.0 ], [ -68.872409231340484, -32.875672167103346, 0.0 ], [ -68.872446278444968, -32.875694386560852, 0.0 ], [ -68.872450643640661, -32.875705481848946, 0.0 ], [ -68.872471830144079, -32.875759064077585, 0.0 ], [ -68.872487686185636, -32.875804797032032, 0.0 ], [ -68.872319756695589, -32.875845921514475, 0.0 ], [ -68.872253011281543, -32.875860832307616, 0.0 ], [ -68.872243372690079, -32.875833399243, 0.0 ], [ -68.872223897905144, -32.875777743927038, 0.0 ], [ -68.872212299442864, -32.875744459568345, 0.0 ], [ -68.872168775019091, -32.875620071486054, 0.0 ], [ -68.872141637932188, -32.875542677497677, 0.0 ], [ -68.872137487399755, -32.875530951232136, 0.0 ], [ -68.87212791070904, -32.875503620111935, 0.0 ] ] ] ] } },
{ "type": "Feature", "properties": { "LAYER": "VM_MOSAICO_PARCELARIO_RIO_", "GM_TYPE": "Unknown Area Type", "MAP_NAME": "Cl_del Oeste_modificado_2026.dwg", "CLOSED": "YES", "BORDER_STY": "Solid", "BORDER_COL": "RGB(255,255,255)", "BORDER_WID": 1, "FILL_STYLE": "No Fill" }, "geometry": { "type": "MultiPolygon", "coordinates": [ [ [ [ -68.872253011281543, -32.875860832307616, 0.0 ], [ -68.872319756695589, -32.875845921514475, 0.0 ], [ -68.872487686185636, -32.875804797032032, 0.0 ], [ -68.872510032402189, -32.875869381102817, 0.0 ], [ -68.872522802570387, -32.875906093064835, 0.0 ], [ -68.872436753293442, -32.875927194247986, 0.0 ], [ -68.872429484513432, -32.875928990223045, 0.0 ], [ -68.872394423526387, -32.875937519651877, 0.0 ], [ -68.872324087688639, -32.875954670234542, 0.0 ], [ -68.87228902655221, -32.87596328980306, 0.0 ], [ -68.872253011281543, -32.875860832307616, 0.0 ] ] ] ] } },
{ "type": "Feature", "properties": { "LAYER": "VM_MOSAICO_PARCELARIO_RIO_", "GM_TYPE": "Unknown Area Type", "MAP_NAME": "Cl_del Oeste_modificado_2026.dwg", "CLOSED": "YES", "BORDER_STY": "Solid", "BORDER_COL": "RGB(255,255,255)", "BORDER_WID": 1, "FILL_STYLE": "No Fill" }, "geometry": { "type": "MultiPolygon", "coordinates": [ [ [ [ -68.872050759791819, -32.876021473373228, 0.0 ], [ -68.872092341387727, -32.876011327659675, 0.0 ], [ -68.872173901196163, -32.875991394328366, 0.0 ], [ -68.87228902655221, -32.87596328980306, 0.0 ], [ -68.872297857935536, -32.875988816760056, 0.0 ], [ -68.872322867091398, -32.876059986848823, 0.0 ], [ -68.872250713169606, -32.876078126495614, 0.0 ], [ -68.872084491166035, -32.876119613081009, 0.0 ], [ -68.872050759791819, -32.876021473373228, 0.0 ] ] ] ] } },
{ "type": "Feature", "properties": { "LAYER": "VM_MOSAICO_PARCELARIO_RIO_", "GM_TYPE": "Unknown Area Type", "MAP_NAME": "Cl_del Oeste_modificado_2026.dwg", "CLOSED": "YES", "BORDER_STY": "Solid", "BORDER_COL": "RGB(255,255,255)", "BORDER_WID": 1, "FILL_STYLE": "No Fill" }, "geometry": { "type": "MultiPolygon", "coordinates": [ [ [ [ -68.872322867091398, -32.876059986848823, 0.0 ], [ -68.872358090890401, -32.87616083218623, 0.0 ], [ -68.87224403557714, -32.876188487019824, 0.0 ], [ -68.87215905410207, -32.876209138254175, 0.0 ], [ -68.872118648357201, -32.87621892451407, 0.0 ], [ -68.872084491166035, -32.876119613081009, 0.0 ], [ -68.872250713169606, -32.876078126495614, 0.0 ], [ -68.872322867091398, -32.876059986848823, 0.0 ] ] ] ] } },
{ "type": "Feature", "properties": { "LAYER": "VM_MOSAICO_PARCELARIO_RIO_", "GM_TYPE": "Unknown Area Type", "MAP_NAME": "Cl_del Oeste_modificado_2026.dwg", "CLOSED": "YES", "BORDER_STY": "Solid", "BORDER_COL": "RGB(255,255,255)", "BORDER_WID": 1, "FILL_STYLE": "No Fill" }, "geometry": { "type": "MultiPolygon", "coordinates": [ [ [ [ -68.87225741426893, -32.876617436495685, 0.0 ], [ -68.872297499481689, -32.876607739132304, 0.0 ], [ -68.87232315399649, -32.876601544534992, 0.0 ], [ -68.87241711353802, -32.876578918622108, 0.0 ], [ -68.872440737116207, -32.876573171874377, 0.0 ], [ -68.872497711439919, -32.876559434947936, 0.0 ], [ -68.872531234220332, -32.876655229009259, 0.0 ], [ -68.872478854771856, -32.876668160012322, 0.0 ], [ -68.872387353116665, -32.876690607238274, 0.0 ], [ -68.872291575462214, -32.876714223135302, 0.0 ], [ -68.87225741426893, -32.876617436495685, 0.0 ] ] ] ] } },
{ "type": "Feature", "properties": { "LAYER": "VM_MOSAICO_PARCELARIO_RIO_", "GM_TYPE": "Unknown Area Type", "MAP_NAME": "Cl_del Oeste_modificado_2026.dwg", "CLOSED": "YES", "BORDER_STY": "Solid", "BORDER_COL": "RGB(255,255,255)", "BORDER_WID": 1, "FILL_STYLE": "No Fill" }, "geometry": { "type": "MultiPolygon", "coordinates": [ [ [ [ -68.872531234220332, -32.876655229009259, 0.0 ], [ -68.872537006547532, -32.876653792181273, 0.0 ], [ -68.872563076225063, -32.876730102950923, 0.0 ], [ -68.872572121383456, -32.876756441628004, 0.0 ], [ -68.87252433998961, -32.876767843552656, 0.0 ], [ -68.872388690945073, -32.876800254581745, 0.0 ], [ -68.87234732311417, -32.876810131003751, 0.0 ], [ -68.872322635884927, -32.876738601480874, 0.0 ], [ -68.872291575462214, -32.876714223135302, 0.0 ], [ -68.872387353116665, -32.876690607238274, 0.0 ], [ -68.872478854771856, -32.876668160012322, 0.0 ], [ -68.872531234220332, -32.876655229009259, 0.0 ] ] ] ] } },
{ "type": "Feature", "properties": { "LAYER": "VM_MOSAICO_PARCELARIO_RIO_", "GM_TYPE": "Unknown Area Type", "MAP_NAME": "Cl_del Oeste_modificado_2026.dwg", "CLOSED": "YES", "BORDER_STY": "Solid", "BORDER_COL": "RGB(255,255,255)", "BORDER_WID": 1, "FILL_STYLE": "No Fill" }, "geometry": { "type": "MultiPolygon", "coordinates": [ [ [ [ -68.872118648357201, -32.87621892451407, 0.0 ], [ -68.87215905410207, -32.876209138254175, 0.0 ], [ -68.87224403557714, -32.876188487019824, 0.0 ], [ -68.872358090890401, -32.87616083218623, 0.0 ], [ -68.872392996267052, -32.876260234477058, 0.0 ], [ -68.872320413865921, -32.876279005813636, 0.0 ], [ -68.872154189189544, -32.876322115536205, 0.0 ], [ -68.872131098492162, -32.87625518533968, 0.0 ], [ -68.872118648357201, -32.87621892451407, 0.0 ] ] ] ] } },
{ "type": "Feature", "properties": { "LAYER": "VM_MOSAICO_PARCELARIO_RIO_", "GM_TYPE": "Unknown Area Type", "MAP_NAME": "Cl_del Oeste_modificado_2026.dwg", "CLOSED": "YES", "BORDER_STY": "Solid", "BORDER_COL": "RGB(255,255,255)", "BORDER_WID": 1, "FILL_STYLE": "No Fill" }, "geometry": { "type": "MultiPolygon", "coordinates": [ [ [ [ -68.872154189189544, -32.876322115536205, 0.0 ], [ -68.872320413865921, -32.876279005813636, 0.0 ], [ -68.872392996267052, -32.876260234477058, 0.0 ], [ -68.87242736860054, -32.876358825590124, 0.0 ], [ -68.87218728395662, -32.876417999424625, 0.0 ], [ -68.872154189189544, -32.876322115536205, 0.0 ] ] ] ] } },
{ "type": "Feature", "properties": { "LAYER": "VM_MOSAICO_PARCELARIO_RIO_", "GM_TYPE": "Unknown Area Type", "MAP_NAME": "Cl_del Oeste_modificado_2026.dwg", "CLOSED": "YES", "BORDER_STY": "Solid", "BORDER_COL": "RGB(255,255,255)", "BORDER_WID": 1, "FILL_STYLE": "No Fill" }, "geometry": { "type": "MultiPolygon", "coordinates": [ [ [ [ -68.87218728395662, -32.876417999424625, 0.0 ], [ -68.87242736860054, -32.876358825590124, 0.0 ], [ -68.872453015451754, -32.876431798785518, 0.0 ], [ -68.872462699491464, -32.876459671002856, 0.0 ], [ -68.872224455174788, -32.876523707815778, 0.0 ], [ -68.87218728395662, -32.876417999424625, 0.0 ] ] ] ] } },
{ "type": "Feature", "properties": { "LAYER": "VM_MOSAICO_PARCELARIO_RIO_", "GM_TYPE": "Unknown Area Type", "MAP_NAME": "Cl_del Oeste_modificado_2026.dwg", "CLOSED": "YES", "BORDER_STY": "Solid", "BORDER_COL": "RGB(255,255,255)", "BORDER_WID": 1, "FILL_STYLE": "No Fill" }, "geometry": { "type": "MultiPolygon", "coordinates": [ [ [ [ -68.872224455174788, -32.876523707815778, 0.0 ], [ -68.872462699491464, -32.876459671002856, 0.0 ], [ -68.872497711439919, -32.876559434947936, 0.0 ], [ -68.872440737116207, -32.876573171874377, 0.0 ], [ -68.87241711353802, -32.876578918622108, 0.0 ], [ -68.87232315399649, -32.876601544534992, 0.0 ], [ -68.872297499481689, -32.876607739132304, 0.0 ], [ -68.87225741426893, -32.876617436495685, 0.0 ], [ -68.872224455174788, -32.876523707815778, 0.0 ] ] ] ] } },
{ "type": "Feature", "properties": { "LAYER": "VM_MOSAICO_PARCELARIO_RIO_", "GM_TYPE": "Unknown Area Type", "MAP_NAME": "Cl_del Oeste_modificado_2026.dwg", "CLOSED": "YES", "BORDER_STY": "Solid", "BORDER_COL": "RGB(255,255,255)", "BORDER_WID": 1, "FILL_STYLE": "No Fill" }, "geometry": { "type": "MultiPolygon", "coordinates": [ [ [ [ -68.87212791070904, -32.875503620111935, 0.0 ], [ -68.872137487399755, -32.875530951232136, 0.0 ], [ -68.872141637932188, -32.875542677497677, 0.0 ], [ -68.872168775019091, -32.875620071486054, 0.0 ], [ -68.871932799321598, -32.875678786471724, 0.0 ], [ -68.871899765992652, -32.875582913388691, 0.0 ], [ -68.871886039227633, -32.87554286411379, 0.0 ], [ -68.87194365371964, -32.875529398600563, 0.0 ], [ -68.872034084994468, -32.875508212068404, 0.0 ], [ -68.872107198642013, -32.87549115555845, 0.0 ], [ -68.87212791070904, -32.875503620111935, 0.0 ] ] ] ] } },
{ "type": "Feature", "properties": { "LAYER": "VM_MOSAICO_PARCELARIO_RIO_", "GM_TYPE": "Unknown Area Type", "MAP_NAME": "Cl_del Oeste_modificado_2026.dwg", "CLOSED": "YES", "BORDER_STY": "Solid", "BORDER_COL": "RGB(255,255,255)", "BORDER_WID": 1, "FILL_STYLE": "No Fill" }, "geometry": { "type": "MultiPolygon", "coordinates": [ [ [ [ -68.87234732311417, -32.876810131003751, 0.0 ], [ -68.872388690945073, -32.876800254581745, 0.0 ], [ -68.87252433998961, -32.876767843552656, 0.0 ], [ -68.872572121383456, -32.876756441628004, 0.0 ], [ -68.872581271819499, -32.876783141089128, 0.0 ], [ -68.872605640282444, -32.87685430955861, 0.0 ], [ -68.872548032126105, -32.876868791588279, 0.0 ], [ -68.872382042455968, -32.876910518649183, 0.0 ], [ -68.87234732311417, -32.876810131003751, 0.0 ] ] ] ] } },
{ "type": "Feature", "properties": { "LAYER": "VM_MOSAICO_PARCELARIO_RIO_", "GM_TYPE": "Unknown Area Type", "MAP_NAME": "Cl_del Oeste_modificado_2026.dwg", "CLOSED": "YES", "BORDER_STY": "Solid", "BORDER_COL": "RGB(255,255,255)", "BORDER_WID": 1, "FILL_STYLE": "No Fill" }, "geometry": { "type": "MultiPolygon", "coordinates": [ [ [ [ -68.872382042455968, -32.876910518649183, 0.0 ], [ -68.872548032126105, -32.876868791588279, 0.0 ], [ -68.872605640282444, -32.87685430955861, 0.0 ], [ -68.872639690960057, -32.876953982309637, 0.0 ], [ -68.872456044237993, -32.8769993280196, 0.0 ], [ -68.872416172321891, -32.877009205989289, 0.0 ], [ -68.872382042455968, -32.876910518649183, 0.0 ] ] ] ] } },
{ "type": "Feature", "properties": { "LAYER": "VM_MOSAICO_PARCELARIO_RIO_", "GM_TYPE": "Unknown Area Type", "MAP_NAME": "Cl_del Oeste_modificado_2026.dwg", "CLOSED": "YES", "BORDER_STY": "Solid", "BORDER_COL": "RGB(255,255,255)", "BORDER_WID": 1, "FILL_STYLE": "No Fill" }, "geometry": { "type": "MultiPolygon", "coordinates": [ [ [ [ -68.872168775019091, -32.875620071486054, 0.0 ], [ -68.872212299442864, -32.875744459568345, 0.0 ], [ -68.872144954872553, -32.875761431866337, 0.0 ], [ -68.872038808750361, -32.875788102735882, 0.0 ], [ -68.872015398807122, -32.875794029966066, 0.0 ], [ -68.871975847951006, -32.875803907224828, 0.0 ], [ -68.871966058315621, -32.875775313503858, 0.0 ], [ -68.871932799321598, -32.875678786471724, 0.0 ], [ -68.872168775019091, -32.875620071486054, 0.0 ] ] ] ] } },
{ "type": "Feature", "properties": { "LAYER": "VM_MOSAICO_PARCELARIO_RIO_", "GM_TYPE": "Unknown Area Type", "MAP_NAME": "Cl_del Oeste_modificado_2026.dwg", "CLOSED": "YES", "BORDER_STY": "Solid", "BORDER_COL": "RGB(255,255,255)", "BORDER_WID": 1, "FILL_STYLE": "No Fill" }, "geometry": { "type": "MultiPolygon", "coordinates": [ [ [ [ -68.872605640282444, -32.87685430955861, 0.0 ], [ -68.872832150240725, -32.876798457393754, 0.0 ], [ -68.872866842036771, -32.876898310173125, 0.0 ], [ -68.872639690960057, -32.876953982309637, 0.0 ], [ -68.872605640282444, -32.87685430955861, 0.0 ] ] ] ] } },
{ "type": "Feature", "properties": { "LAYER": "VM_MOSAICO_PARCELARIO_RIO_", "GM_TYPE": "Unknown Area Type", "MAP_NAME": "Cl_del Oeste_modificado_2026.dwg", "CLOSED": "YES", "BORDER_STY": "Solid", "BORDER_COL": "RGB(255,255,255)", "BORDER_WID": 1, "FILL_STYLE": "No Fill" }, "geometry": { "type": "MultiPolygon", "coordinates": [ [ [ [ -68.872572121383456, -32.876756441628004, 0.0 ], [ -68.872631020775827, -32.876741623668181, 0.0 ], [ -68.872636899962529, -32.87674018784611, 0.0 ], [ -68.872797991260583, -32.87669968717784, 0.0 ], [ -68.872832150240725, -32.876798457393754, 0.0 ], [ -68.872605640282444, -32.87685430955861, 0.0 ], [ -68.872581271819499, -32.876783141089128, 0.0 ], [ -68.872572121383456, -32.876756441628004, 0.0 ] ] ] ] } },
{ "type": "Feature", "properties": { "LAYER": "VM_MOSAICO_PARCELARIO_RIO_", "GM_TYPE": "Unknown Area Type", "MAP_NAME": "Cl_del Oeste_modificado_2026.dwg", "CLOSED": "YES", "BORDER_STY": "Solid", "BORDER_COL": "RGB(255,255,255)", "BORDER_WID": 1, "FILL_STYLE": "No Fill" }, "geometry": { "type": "MultiPolygon", "coordinates": [ [ [ [ -68.872212299442864, -32.875744459568345, 0.0 ], [ -68.872223897905144, -32.875777743927038, 0.0 ], [ -68.872243372690079, -32.875833399243, 0.0 ], [ -68.872253011281543, -32.875860832307616, 0.0 ], [ -68.872186140148145, -32.875877703219452, 0.0 ], [ -68.872015973699035, -32.875920445351575, 0.0 ], [ -68.871975847951006, -32.875803907224828, 0.0 ], [ -68.872015398807122, -32.875794029966066, 0.0 ], [ -68.872038808750361, -32.875788102735882, 0.0 ], [ -68.872144954872553, -32.875761431866337, 0.0 ], [ -68.872212299442864, -32.875744459568345, 0.0 ] ] ] ] } },
{ "type": "Feature", "properties": { "LAYER": "VM_MOSAICO_PARCELARIO_RIO_", "GM_TYPE": "Unknown Area Type", "MAP_NAME": "Cl_del Oeste_modificado_2026.dwg", "CLOSED": "YES", "BORDER_STY": "Solid", "BORDER_COL": "RGB(255,255,255)", "BORDER_WID": 1, "FILL_STYLE": "No Fill" }, "geometry": { "type": "MultiPolygon", "coordinates": [ [ [ [ -68.872253011281543, -32.875860832307616, 0.0 ], [ -68.87228902655221, -32.87596328980306, 0.0 ], [ -68.872173901196163, -32.875991394328366, 0.0 ], [ -68.872092341387727, -32.876011327659675, 0.0 ], [ -68.872050759791819, -32.876021473373228, 0.0 ], [ -68.872015973699035, -32.875920445351575, 0.0 ], [ -68.872186140148145, -32.875877703219452, 0.0 ], [ -68.872253011281543, -32.875860832307616, 0.0 ] ] ] ] } },
{ "type": "Feature", "properties": { "LAYER": "VM_MOSAICO_PARCELARIO_RIO_", "GM_TYPE": "Unknown Area Type", "MAP_NAME": "Cl_del Oeste_modificado_2026.dwg", "CLOSED": "YES", "BORDER_STY": "Solid", "BORDER_COL": "RGB(255,255,255)", "BORDER_WID": 1, "FILL_STYLE": "No Fill" }, "geometry": { "type": "MultiPolygon", "coordinates": [ [ [ [ -68.872591439185527, -32.876104175902192, 0.0 ], [ -68.872602932177415, -32.876137369947244, 0.0 ], [ -68.872626652682044, -32.876205725376238, 0.0 ], [ -68.872392996267052, -32.876260234477058, 0.0 ], [ -68.872358090890401, -32.87616083218623, 0.0 ], [ -68.872439116109078, -32.876141168645248, 0.0 ], [ -68.872547078441656, -32.876114950135609, 0.0 ], [ -68.872591439185527, -32.876104175902192, 0.0 ] ] ] ] } },
{ "type": "Feature", "properties": { "LAYER": "VM_MOSAICO_PARCELARIO_RIO_", "GM_TYPE": "Unknown Area Type", "MAP_NAME": "Cl_del Oeste_modificado_2026.dwg", "CLOSED": "YES", "BORDER_STY": "Solid", "BORDER_COL": "RGB(255,255,255)", "BORDER_WID": 1, "FILL_STYLE": "No Fill" }, "geometry": { "type": "MultiPolygon", "coordinates": [ [ [ [ -68.872626652682044, -32.876205725376238, 0.0 ], [ -68.872659651810594, -32.876300815554067, 0.0 ], [ -68.872523685019928, -32.876334771913029, 0.0 ], [ -68.87242736860054, -32.876358825590124, 0.0 ], [ -68.872392996267052, -32.876260234477058, 0.0 ], [ -68.872626652682044, -32.876205725376238, 0.0 ] ] ] ] } },
{ "type": "Feature", "properties": { "LAYER": "VM_MOSAICO_PARCELARIO_RIO_", "GM_TYPE": "Unknown Area Type", "MAP_NAME": "Cl_del Oeste_modificado_2026.dwg", "CLOSED": "YES", "BORDER_STY": "Solid", "BORDER_COL": "RGB(255,255,255)", "BORDER_WID": 1, "FILL_STYLE": "No Fill" }, "geometry": { "type": "MultiPolygon", "coordinates": [ [ [ [ -68.87228902655221, -32.87596328980306, 0.0 ], [ -68.872324087688639, -32.875954670234542, 0.0 ], [ -68.872394423526387, -32.875937519651877, 0.0 ], [ -68.872429484513432, -32.875928990223045, 0.0 ], [ -68.872436753293442, -32.875927194247986, 0.0 ], [ -68.872522802570387, -32.875906093064835, 0.0 ], [ -68.872534827726028, -32.875940730369912, 0.0 ], [ -68.872557000713996, -32.876004700200845, 0.0 ], [ -68.872322867091398, -32.876059986848823, 0.0 ], [ -68.872297857935536, -32.875988816760056, 0.0 ], [ -68.87228902655221, -32.87596328980306, 0.0 ] ] ] ] } },
{ "type": "Feature", "properties": { "LAYER": "VM_MOSAICO_PARCELARIO_RIO_", "GM_TYPE": "Unknown Area Type", "MAP_NAME": "Cl_del Oeste_modificado_2026.dwg", "CLOSED": "YES", "BORDER_STY": "Solid", "BORDER_COL": "RGB(255,255,255)", "BORDER_WID": 1, "FILL_STYLE": "No Fill" }, "geometry": { "type": "MultiPolygon", "coordinates": [ [ [ [ -68.872322867091398, -32.876059986848823, 0.0 ], [ -68.872557000713996, -32.876004700200845, 0.0 ], [ -68.872577819051273, -32.876064758000417, 0.0 ], [ -68.872591439185527, -32.876104175902192, 0.0 ], [ -68.872547078441656, -32.876114950135609, 0.0 ], [ -68.872439116109078, -32.876141168645248, 0.0 ], [ -68.872358090890401, -32.87616083218623, 0.0 ], [ -68.872322867091398, -32.876059986848823, 0.0 ] ] ] ] } },
{ "type": "Feature", "properties": { "LAYER": "VM_MOSAICO_PARCELARIO_RIO_", "GM_TYPE": "Unknown Area Type", "MAP_NAME": "Cl_del Oeste_modificado_2026.dwg", "CLOSED": "YES", "BORDER_STY": "Solid", "BORDER_COL": "RGB(255,255,255)", "BORDER_WID": 1, "FILL_STYLE": "No Fill" }, "geometry": { "type": "MultiPolygon", "coordinates": [ [ [ [ -68.873137438202988, -32.875980303392254, 0.0 ], [ -68.87296630274291, -32.876021605828797, 0.0 ], [ -68.872876833424712, -32.876043153786235, 0.0 ], [ -68.872798480948688, -32.876062009706395, 0.0 ], [ -68.872775601575228, -32.875995711026164, 0.0 ], [ -68.872762619934889, -32.875958097181211, 0.0 ], [ -68.872680576080839, -32.875720236079047, 0.0 ], [ -68.873136268608533, -32.875976965938172, 0.0 ], [ -68.873137438202988, -32.875980303392254, 0.0 ] ] ] ] } },
{ "type": "Feature", "properties": { "LAYER": "VM_MOSAICO_PARCELARIO_RIO_", "GM_TYPE": "Unknown Area Type", "MAP_NAME": "Cl_del Oeste_modificado_2026.dwg", "CLOSED": "YES", "BORDER_STY": "Solid", "BORDER_COL": "RGB(255,255,255)", "BORDER_WID": 1, "FILL_STYLE": "No Fill" }, "geometry": { "type": "MultiPolygon", "coordinates": [ [ [ [ -68.873137438202988, -32.875980303392254, 0.0 ], [ -68.873157657615423, -32.876038753669931, 0.0 ], [ -68.873181600284255, -32.876108208385631, 0.0 ], [ -68.873153593851868, -32.876115303370476, 0.0 ], [ -68.873130290752101, -32.87612123091737, 0.0 ], [ -68.873076629601343, -32.876134791156538, 0.0 ], [ -68.873011744429178, -32.876151225399056, 0.0 ], [ -68.872965138189045, -32.876163080435497, 0.0 ], [ -68.87292526644751, -32.876173138006685, 0.0 ], [ -68.872843919321468, -32.876193793398748, 0.0 ], [ -68.872798480948688, -32.876062009706395, 0.0 ], [ -68.872876833424712, -32.876043153786235, 0.0 ], [ -68.87296630274291, -32.876021605828797, 0.0 ], [ -68.873137438202988, -32.875980303392254, 0.0 ] ] ] ] } },
{ "type": "Feature", "properties": { "LAYER": "VM_MOSAICO_PARCELARIO_RIO_", "GM_TYPE": "Unknown Area Type", "MAP_NAME": "Cl_del Oeste_modificado_2026.dwg", "CLOSED": "YES", "BORDER_STY": "Solid", "BORDER_COL": "RGB(255,255,255)", "BORDER_WID": 1, "FILL_STYLE": "No Fill" }, "geometry": { "type": "MultiPolygon", "coordinates": [ [ [ [ -68.872965138189045, -32.876163080435497, 0.0 ], [ -68.873033971829756, -32.876360204722978, 0.0 ], [ -68.872946445141309, -32.876381540998992, 0.0 ], [ -68.872904042327463, -32.876368062681216, 0.0 ], [ -68.872899998641515, -32.876356246381462, 0.0 ], [ -68.872843919321468, -32.876193793398748, 0.0 ], [ -68.87292526644751, -32.876173138006685, 0.0 ], [ -68.872965138189045, -32.876163080435497, 0.0 ] ] ] ] } },
{ "type": "Feature", "properties": { "LAYER": "VM_MOSAICO_PARCELARIO_RIO_", "GM_TYPE": "Unknown Area Type", "MAP_NAME": "Cl_del Oeste_modificado_2026.dwg", "CLOSED": "YES", "BORDER_STY": "Solid", "BORDER_COL": "RGB(255,255,255)", "BORDER_WID": 1, "FILL_STYLE": "No Fill" }, "geometry": { "type": "MultiPolygon", "coordinates": [ [ [ [ -68.873076629601343, -32.876134791156538, 0.0 ], [ -68.873121850727102, -32.876269370679601, 0.0 ], [ -68.873132278457533, -32.87630039952937, 0.0 ], [ -68.873143450167092, -32.876333503028775, 0.0 ], [ -68.873033971829756, -32.876360204722978, 0.0 ], [ -68.872965138189045, -32.876163080435497, 0.0 ], [ -68.873011744429178, -32.876151225399056, 0.0 ], [ -68.873076629601343, -32.876134791156538, 0.0 ] ] ] ] } },
{ "type": "Feature", "properties": { "LAYER": "VM_MOSAICO_PARCELARIO_RIO_", "GM_TYPE": "Unknown Area Type", "MAP_NAME": "Cl_del Oeste_modificado_2026.dwg", "CLOSED": "YES", "BORDER_STY": "Solid", "BORDER_COL": "RGB(255,255,255)", "BORDER_WID": 1, "FILL_STYLE": "No Fill" }, "geometry": { "type": "MultiPolygon", "coordinates": [ [ [ [ -68.873181600284255, -32.876108208385631, 0.0 ], [ -68.873203620589848, -32.876102641108091, 0.0 ], [ -68.873271509508498, -32.876302435127378, 0.0 ], [ -68.873143450167092, -32.876333503028775, 0.0 ], [ -68.873132278457533, -32.87630039952937, 0.0 ], [ -68.873121850727102, -32.876269370679601, 0.0 ], [ -68.873076629601343, -32.876134791156538, 0.0 ], [ -68.873130290752101, -32.87612123091737, 0.0 ], [ -68.873153593851868, -32.876115303370476, 0.0 ], [ -68.873181600284255, -32.876108208385631, 0.0 ] ] ] ] } },
{ "type": "Feature", "properties": { "LAYER": "VM_MOSAICO_PARCELARIO_RIO_", "GM_TYPE": "Unknown Area Type", "MAP_NAME": "Cl_del Oeste_modificado_2026.dwg", "CLOSED": "YES", "BORDER_STY": "Solid", "BORDER_COL": "RGB(255,255,255)", "BORDER_WID": 1, "FILL_STYLE": "No Fill" }, "geometry": { "type": "MultiPolygon", "coordinates": [ [ [ [ -68.873937390927537, -32.876560549734286, 0.0 ], [ -68.873941015373973, -32.876566684905946, 0.0 ], [ -68.873949648938151, -32.876582112573082, 0.0 ], [ -68.873958175265827, -32.876597810639716, 0.0 ], [ -68.873966167313185, -32.876613508167388, 0.0 ], [ -68.873973731681389, -32.876629385602421, 0.0 ], [ -68.873980975354598, -32.876645352883223, 0.0 ], [ -68.873988003993219, -32.876661500285735, 0.0 ], [ -68.87399449941924, -32.8766776471507, 0.0 ], [ -68.874000781006501, -32.876693883969253, 0.0 ], [ -68.874006634912504, -32.876710301597164, 0.0 ], [ -68.874012061522279, -32.876726627723286, 0.0 ], [ -68.874016316152662, -32.87674051809509, 0.0 ], [ -68.87401716730848, -32.876743133864757, 0.0 ], [ -68.874021845669162, -32.876759639575496, 0.0 ], [ -68.874026202264886, -32.876776235131381, 0.0 ], [ -68.873903915632027, -32.876806046348904, 0.0 ], [ -68.873783018312139, -32.87683567941145, 0.0 ], [ -68.873735129660929, -32.876847442367989, 0.0 ], [ -68.873648866044178, -32.876868544164608, 0.0 ], [ -68.873631307310404, -32.876817310212743, 0.0 ], [ -68.873591400333908, -32.876702212843568, 0.0 ], [ -68.873578203976734, -32.876664238192276, 0.0 ], [ -68.873573396109222, -32.876650200270163, 0.0 ], [ -68.873583881354563, -32.876647624809401, 0.0 ], [ -68.873704041004743, -32.876618110216924, 0.0 ], [ -68.873757915683541, -32.876604819531948, 0.0 ], [ -68.873829534806561, -32.876587129324932, 0.0 ], [ -68.873937390927537, -32.876560549734286, 0.0 ] ] ] ] } },
{ "type": "Feature", "properties": { "LAYER": "VM_MOSAICO_PARCELARIO_RIO_", "GM_TYPE": "Unknown Area Type", "MAP_NAME": "Cl_del Oeste_modificado_2026.dwg", "CLOSED": "YES", "BORDER_STY": "Solid", "BORDER_COL": "RGB(255,255,255)", "BORDER_WID": 1, "FILL_STYLE": "No Fill" }, "geometry": { "type": "MultiPolygon", "coordinates": [ [ [ [ -68.873303827725252, -32.876716706968601, 0.0 ], [ -68.873342351993486, -32.876827023149168, 0.0 ], [ -68.873250424244532, -32.876848569782425, 0.0 ], [ -68.873162558300407, -32.876869218772796, 0.0 ], [ -68.873085701244008, -32.876887263959667, 0.0 ], [ -68.873080273293226, -32.876872741180442, 0.0 ], [ -68.873076548975604, -32.876861736735883, 0.0 ], [ -68.873070484214693, -32.876843426195627, 0.0 ], [ -68.873063460571217, -32.87682313095533, 0.0 ], [ -68.873048669408476, -32.876779654297934, 0.0 ], [ -68.873089076633619, -32.876769686499799, 0.0 ], [ -68.873179509371255, -32.876747417113933, 0.0 ], [ -68.873303827725252, -32.876716706968601, 0.0 ] ] ] ] } },
{ "type": "Feature", "properties": { "LAYER": "VM_MOSAICO_PARCELARIO_RIO_", "GM_TYPE": "Unknown Area Type", "MAP_NAME": "Cl_del Oeste_modificado_2026.dwg", "CLOSED": "YES", "BORDER_STY": "Solid", "BORDER_COL": "RGB(255,255,255)", "BORDER_WID": 1, "FILL_STYLE": "No Fill" }, "geometry": { "type": "MultiPolygon", "coordinates": [ [ [ [ -68.873342351993486, -32.876827023149168, 0.0 ], [ -68.873380025729233, -32.876934363767049, 0.0 ], [ -68.873296648112159, -32.876954746886526, 0.0 ], [ -68.873157471404795, -32.876988868393298, 0.0 ], [ -68.873145819869478, -32.87699174199772, 0.0 ], [ -68.873124142902711, -32.876981170193481, 0.0 ], [ -68.873115707101618, -32.876977012942966, 0.0 ], [ -68.873095276361298, -32.876916759064819, 0.0 ], [ -68.873092511568998, -32.876907288473923, 0.0 ], [ -68.873085701244008, -32.876887263959667, 0.0 ], [ -68.873162558300407, -32.876869218772796, 0.0 ], [ -68.873250424244532, -32.876848569782425, 0.0 ], [ -68.873342351993486, -32.876827023149168, 0.0 ] ] ] ] } },
{ "type": "Feature", "properties": { "LAYER": "VM_MOSAICO_PARCELARIO_RIO_", "GM_TYPE": "Unknown Area Type", "MAP_NAME": "Cl_del Oeste_modificado_2026.dwg", "CLOSED": "YES", "BORDER_STY": "Solid", "BORDER_COL": "RGB(255,255,255)", "BORDER_WID": 1, "FILL_STYLE": "No Fill" }, "geometry": { "type": "MultiPolygon", "coordinates": [ [ [ [ -68.873352693643341, -32.876470052993497, 0.0 ], [ -68.873363062055347, -32.876467719988462, 0.0 ], [ -68.873402693381905, -32.876476506537045, 0.0 ], [ -68.873439464575256, -32.876467707146958, 0.0 ], [ -68.873493018119063, -32.876454777830027, 0.0 ], [ -68.873505790824865, -32.876490046981189, 0.0 ], [ -68.873513241713283, -32.876510522968644, 0.0 ], [ -68.87352037344391, -32.876530006769521, 0.0 ], [ -68.873542511868393, -32.876591074734932, 0.0 ], [ -68.873556437512363, -32.876629415313595, 0.0 ], [ -68.873564757993691, -32.876652322241782, 0.0 ], [ -68.873555030448387, -32.876654837151726, 0.0 ], [ -68.873438514559837, -32.876683571715553, 0.0 ], [ -68.873430711326137, -32.876685457377114, 0.0 ], [ -68.873410063180287, -32.876628449425581, 0.0 ], [ -68.873383027719385, -32.876553761803407, 0.0 ], [ -68.873352693643341, -32.876470052993497, 0.0 ] ] ] ] } },
{ "type": "Feature", "properties": { "LAYER": "VM_MOSAICO_PARCELARIO_RIO_", "GM_TYPE": "Unknown Area Type", "MAP_NAME": "Cl_del Oeste_modificado_2026.dwg", "CLOSED": "YES", "BORDER_STY": "Solid", "BORDER_COL": "RGB(255,255,255)", "BORDER_WID": 1, "FILL_STYLE": "No Fill" }, "geometry": { "type": "MultiPolygon", "coordinates": [ [ [ [ -68.873227417662434, -32.876498148207851, 0.0 ], [ -68.873318381679169, -32.876477772815946, 0.0 ], [ -68.873352693643341, -32.876470052993497, 0.0 ], [ -68.873383027719385, -32.876553761803407, 0.0 ], [ -68.873410063180287, -32.876628449425581, 0.0 ], [ -68.873430711326137, -32.876685457377114, 0.0 ], [ -68.873375660741161, -32.876699017238685, 0.0 ], [ -68.873303827725252, -32.876716706968601, 0.0 ], [ -68.873266580444508, -32.876610178280984, 0.0 ], [ -68.873246998891901, -32.876553892737803, 0.0 ], [ -68.873227417662434, -32.876498148207851, 0.0 ] ] ] ] } },
{ "type": "Feature", "properties": { "LAYER": "VM_MOSAICO_PARCELARIO_RIO_", "GM_TYPE": "Unknown Area Type", "MAP_NAME": "Cl_del Oeste_modificado_2026.dwg", "CLOSED": "YES", "BORDER_STY": "Solid", "BORDER_COL": "RGB(255,255,255)", "BORDER_WID": 1, "FILL_STYLE": "No Fill" }, "geometry": { "type": "MultiPolygon", "coordinates": [ [ [ [ -68.873636576558056, -32.876420299694658, 0.0 ], [ -68.873798839947383, -32.876381421967132, 0.0 ], [ -68.873811537589546, -32.8763943290014, 0.0 ], [ -68.87382391415521, -32.876407596388006, 0.0 ], [ -68.873836076756177, -32.876421043896421, 0.0 ], [ -68.873847917466236, -32.876434672319455, 0.0 ], [ -68.873859438297231, -32.876448570025261, 0.0 ], [ -68.873870745035745, -32.876462738022227, 0.0 ], [ -68.873881731080672, -32.876476995864294, 0.0 ], [ -68.873892396176558, -32.876491523889918, 0.0 ], [ -68.873902740450959, -32.876506231930037, 0.0 ], [ -68.873912764031473, -32.876521029815336, 0.0 ], [ -68.873922573519209, -32.876536097992194, 0.0 ], [ -68.873931954386435, -32.876551256807389, 0.0 ], [ -68.873937390927537, -32.876560549734286, 0.0 ], [ -68.873829534806561, -32.876587129324932, 0.0 ], [ -68.873757915683541, -32.876604819531948, 0.0 ], [ -68.873704041004743, -32.876618110216924, 0.0 ], [ -68.873692654780996, -32.87658464587463, 0.0 ], [ -68.873691696907429, -32.876581939825556, 0.0 ], [ -68.873690632816732, -32.876578782822179, 0.0 ], [ -68.873684354107439, -32.876560562264046, 0.0 ], [ -68.873658815881498, -32.876485604802475, 0.0 ], [ -68.873636576558056, -32.876420299694658, 0.0 ] ] ] ] } },
{ "type": "Feature", "properties": { "LAYER": "VM_MOSAICO_PARCELARIO_RIO_", "GM_TYPE": "Unknown Area Type", "MAP_NAME": "Cl_del Oeste_modificado_2026.dwg", "CLOSED": "YES", "BORDER_STY": "Solid", "BORDER_COL": "RGB(255,255,255)", "BORDER_WID": 1, "FILL_STYLE": "No Fill" }, "geometry": { "type": "MultiPolygon", "coordinates": [ [ [ [ -68.873493018119063, -32.876454777830027, 0.0 ], [ -68.873636576558056, -32.876420299694658, 0.0 ], [ -68.873658815881498, -32.876485604802475, 0.0 ], [ -68.873684354107439, -32.876560562264046, 0.0 ], [ -68.873690632816732, -32.876578782822179, 0.0 ], [ -68.873691696907429, -32.876581939825556, 0.0 ], [ -68.873692654780996, -32.87658464587463, 0.0 ], [ -68.873704041004743, -32.876618110216924, 0.0 ], [ -68.873583881354563, -32.876647624809401, 0.0 ], [ -68.873573396109222, -32.876650200270163, 0.0 ], [ -68.873564757993691, -32.876652322241782, 0.0 ], [ -68.873556437512363, -32.876629415313595, 0.0 ], [ -68.873542511868393, -32.876591074734932, 0.0 ], [ -68.87352037344391, -32.876530006769521, 0.0 ], [ -68.873513241713283, -32.876510522968644, 0.0 ], [ -68.873505790824865, -32.876490046981189, 0.0 ], [ -68.873493018119063, -32.876454777830027, 0.0 ] ] ] ] } },
{ "type": "Feature", "properties": { "LAYER": "VM_MOSAICO_PARCELARIO_RIO_", "GM_TYPE": "Unknown Area Type", "MAP_NAME": "Cl_del Oeste_modificado_2026.dwg", "CLOSED": "YES", "BORDER_STY": "Solid", "BORDER_COL": "RGB(255,255,255)", "BORDER_WID": 1, "FILL_STYLE": "No Fill" }, "geometry": { "type": "MultiPolygon", "coordinates": [ [ [ [ -68.873227417662434, -32.876498148207851, 0.0 ], [ -68.873246998891901, -32.876553892737803, 0.0 ], [ -68.873266580444508, -32.876610178280984, 0.0 ], [ -68.873176897277048, -32.87663145662713, 0.0 ], [ -68.873086893368281, -32.876652824752824, 0.0 ], [ -68.873078555717868, -32.876654800019601, 0.0 ], [ -68.873011746448469, -32.876670691291487, 0.0 ], [ -68.87298269766093, -32.876585091043154, 0.0 ], [ -68.872999939764597, -32.876558328240712, 0.0 ], [ -68.873227417662434, -32.876498148207851, 0.0 ] ] ] ] } },
{ "type": "Feature", "properties": { "LAYER": "VM_MOSAICO_PARCELARIO_RIO_", "GM_TYPE": "Unknown Area Type", "MAP_NAME": "Cl_del Oeste_modificado_2026.dwg", "CLOSED": "YES", "BORDER_STY": "Solid", "BORDER_COL": "RGB(255,255,255)", "BORDER_WID": 1, "FILL_STYLE": "No Fill" }, "geometry": { "type": "MultiPolygon", "coordinates": [ [ [ [ -68.873266580444508, -32.876610178280984, 0.0 ], [ -68.873303827725252, -32.876716706968601, 0.0 ], [ -68.873179509371255, -32.876747417113933, 0.0 ], [ -68.873089076633619, -32.876769686499799, 0.0 ], [ -68.873048669408476, -32.876779654297934, 0.0 ], [ -68.873011746448469, -32.876670691291487, 0.0 ], [ -68.873078555717868, -32.876654800019601, 0.0 ], [ -68.873086893368281, -32.876652824752824, 0.0 ], [ -68.873176897277048, -32.87663145662713, 0.0 ], [ -68.873266580444508, -32.876610178280984, 0.0 ] ] ] ] } },
{ "type": "Feature", "properties": { "LAYER": "VM_MOSAICO_PARCELARIO_RIO_", "GM_TYPE": "Unknown Area Type", "MAP_NAME": "Cl_del Oeste_modificado_2026.dwg", "CLOSED": "YES", "BORDER_STY": "Solid", "BORDER_COL": "RGB(255,255,255)", "BORDER_WID": 1, "FILL_STYLE": "No Fill" }, "geometry": { "type": "MultiPolygon", "coordinates": [ [ [ [ -68.873438514559837, -32.876683571715553, 0.0 ], [ -68.873451072408628, -32.87671965307986, 0.0 ], [ -68.873456606926865, -32.876735167814552, 0.0 ], [ -68.873465759591369, -32.876761236027974, 0.0 ], [ -68.873492151437006, -32.876837005011701, 0.0 ], [ -68.873514285052963, -32.876901498509405, 0.0 ], [ -68.873380025729233, -32.876934363767049, 0.0 ], [ -68.873342351993486, -32.876827023149168, 0.0 ], [ -68.873303827725252, -32.876716706968601, 0.0 ], [ -68.873375660741161, -32.876699017238685, 0.0 ], [ -68.873430711326137, -32.876685457377114, 0.0 ], [ -68.873438514559837, -32.876683571715553, 0.0 ] ] ] ] } },
{ "type": "Feature", "properties": { "LAYER": "VM_MOSAICO_PARCELARIO_RIO_", "GM_TYPE": "Unknown Area Type", "MAP_NAME": "Cl_del Oeste_modificado_2026.dwg", "CLOSED": "YES", "BORDER_STY": "Solid", "BORDER_COL": "RGB(255,255,255)", "BORDER_WID": 1, "FILL_STYLE": "No Fill" }, "geometry": { "type": "MultiPolygon", "coordinates": [ [ [ [ -68.873564757993691, -32.876652322241782, 0.0 ], [ -68.873573396109222, -32.876650200270163, 0.0 ], [ -68.873578203976734, -32.876664238192276, 0.0 ], [ -68.873591400333908, -32.876702212843568, 0.0 ], [ -68.873631307310404, -32.876817310212743, 0.0 ], [ -68.873648866044178, -32.876868544164608, 0.0 ], [ -68.873593174110198, -32.876882192741242, 0.0 ], [ -68.873514285052963, -32.876901498509405, 0.0 ], [ -68.873492151437006, -32.876837005011701, 0.0 ], [ -68.873465759591369, -32.876761236027974, 0.0 ], [ -68.873456606926865, -32.876735167814552, 0.0 ], [ -68.873451072408628, -32.87671965307986, 0.0 ], [ -68.873438514559837, -32.876683571715553, 0.0 ], [ -68.873555030448387, -32.876654837151726, 0.0 ], [ -68.873564757993691, -32.876652322241782, 0.0 ] ] ] ] } },
{ "type": "Feature", "properties": { "LAYER": "VM_MOSAICO_PARCELARIO_RIO_", "GM_TYPE": "Unknown Area Type", "MAP_NAME": "Cl_del Oeste_modificado_2026.dwg", "CLOSED": "YES", "BORDER_STY": "Solid", "BORDER_COL": "RGB(255,255,255)", "BORDER_WID": 1, "FILL_STYLE": "No Fill" }, "geometry": { "type": "MultiPolygon", "coordinates": [ [ [ [ -68.873429034863065, -32.877110965030084, 0.0 ], [ -68.873551630853271, -32.877079674912189, 0.0 ], [ -68.873674580584208, -32.877048293960094, 0.0 ], [ -68.873795688410596, -32.87701738351597, 0.0 ], [ -68.873808884784594, -32.877055448311786, 0.0 ], [ -68.873835276497815, -32.877131577897494, 0.0 ], [ -68.873868692237892, -32.877227913404013, 0.0 ], [ -68.873795148789895, -32.87724587219747, 0.0 ], [ -68.873756559839933, -32.877255300139936, 0.0 ], [ -68.873747473762222, -32.877257545203854, 0.0 ], [ -68.873625079388944, -32.87728744710769, 0.0 ], [ -68.873545870347328, -32.87730684274019, 0.0 ], [ -68.873501295275176, -32.877317707261938, 0.0 ], [ -68.873486928173108, -32.877276395153444, 0.0 ], [ -68.873485012423856, -32.877270983052689, 0.0 ], [ -68.873464899036193, -32.877213524809292, 0.0 ], [ -68.873452872835955, -32.877179248276391, 0.0 ], [ -68.873439995886656, -32.877142085461031, 0.0 ], [ -68.873429034863065, -32.877110965030084, 0.0 ] ] ] ] } },
{ "type": "Feature", "properties": { "LAYER": "VM_MOSAICO_PARCELARIO_RIO_", "GM_TYPE": "Unknown Area Type", "MAP_NAME": "Cl_del Oeste_modificado_2026.dwg", "CLOSED": "YES", "BORDER_STY": "Solid", "BORDER_COL": "RGB(255,255,255)", "BORDER_WID": 1, "FILL_STYLE": "No Fill" }, "geometry": { "type": "MultiPolygon", "coordinates": [ [ [ [ -68.873501295275176, -32.877317707261938, 0.0 ], [ -68.873537372176983, -32.877421078756726, 0.0 ], [ -68.873543864375506, -32.877439479874369, 0.0 ], [ -68.873555037787767, -32.877471591469956, 0.0 ], [ -68.873561848902611, -32.877491165110861, 0.0 ], [ -68.873573768712788, -32.877525171015954, 0.0 ], [ -68.873534110655427, -32.877534869218458, 0.0 ], [ -68.873351533045948, -32.877579315625042, 0.0 ], [ -68.873321845808263, -32.877565760155434, 0.0 ], [ -68.873292154004389, -32.877481061032952, 0.0 ], [ -68.873255863776507, -32.877377599083204, 0.0 ], [ -68.873296911454005, -32.87736754260051, 0.0 ], [ -68.873408509590575, -32.877340335173855, 0.0 ], [ -68.873475426790591, -32.877323992954629, 0.0 ], [ -68.873489857550865, -32.877320490945017, 0.0 ], [ -68.873501295275176, -32.877317707261938, 0.0 ] ] ] ] } },
{ "type": "Feature", "properties": { "LAYER": "VM_MOSAICO_PARCELARIO_RIO_", "GM_TYPE": "Unknown Area Type", "MAP_NAME": "Cl_del Oeste_modificado_2026.dwg", "CLOSED": "YES", "BORDER_STY": "Solid", "BORDER_COL": "RGB(255,255,255)", "BORDER_WID": 1, "FILL_STYLE": "No Fill" }, "geometry": { "type": "MultiPolygon", "coordinates": [ [ [ [ -68.873429034863065, -32.877110965030084, 0.0 ], [ -68.873439995886656, -32.877142085461031, 0.0 ], [ -68.873452872835955, -32.877179248276391, 0.0 ], [ -68.873464899036193, -32.877213524809292, 0.0 ], [ -68.873219374672942, -32.877273530079826, 0.0 ], [ -68.873190839887044, -32.877192144023866, 0.0 ], [ -68.873209255036812, -32.877167096504486, 0.0 ], [ -68.873429034863065, -32.877110965030084, 0.0 ] ] ] ] } },
{ "type": "Feature", "properties": { "LAYER": "VM_MOSAICO_PARCELARIO_RIO_", "GM_TYPE": "Unknown Area Type", "MAP_NAME": "Cl_del Oeste_modificado_2026.dwg", "CLOSED": "YES", "BORDER_STY": "Solid", "BORDER_COL": "RGB(255,255,255)", "BORDER_WID": 1, "FILL_STYLE": "No Fill" }, "geometry": { "type": "MultiPolygon", "coordinates": [ [ [ [ -68.873464899036193, -32.877213524809292, 0.0 ], [ -68.873485012423856, -32.877270983052689, 0.0 ], [ -68.873486928173108, -32.877276395153444, 0.0 ], [ -68.873501295275176, -32.877317707261938, 0.0 ], [ -68.873489857550865, -32.877320490945017, 0.0 ], [ -68.873475426790591, -32.877323992954629, 0.0 ], [ -68.873408509590575, -32.877340335173855, 0.0 ], [ -68.873296911454005, -32.87736754260051, 0.0 ], [ -68.873255863776507, -32.877377599083204, 0.0 ], [ -68.873219374672942, -32.877273530079826, 0.0 ], [ -68.873464899036193, -32.877213524809292, 0.0 ] ] ] ] } },
{ "type": "Feature", "properties": { "LAYER": "VM_MOSAICO_PARCELARIO_RIO_", "GM_TYPE": "Unknown Area Type", "MAP_NAME": "Cl_del Oeste_modificado_2026.dwg", "CLOSED": "YES", "BORDER_STY": "Solid", "BORDER_COL": "RGB(255,255,255)", "BORDER_WID": 1, "FILL_STYLE": "No Fill" }, "geometry": { "type": "MultiPolygon", "coordinates": [ [ [ [ -68.873625079388944, -32.87728744710769, 0.0 ], [ -68.873697766678319, -32.877495001176747, 0.0 ], [ -68.873573768712788, -32.877525171015954, 0.0 ], [ -68.873561848902611, -32.877491165110861, 0.0 ], [ -68.873555037787767, -32.877471591469956, 0.0 ], [ -68.873543864375506, -32.877439479874369, 0.0 ], [ -68.873537372176983, -32.877421078756726, 0.0 ], [ -68.873501295275176, -32.877317707261938, 0.0 ], [ -68.873545870347328, -32.87730684274019, 0.0 ], [ -68.873625079388944, -32.87728744710769, 0.0 ] ] ] ] } },
{ "type": "Feature", "properties": { "LAYER": "VM_MOSAICO_PARCELARIO_RIO_", "GM_TYPE": "Unknown Area Type", "MAP_NAME": "Cl_del Oeste_modificado_2026.dwg", "CLOSED": "YES", "BORDER_STY": "Solid", "BORDER_COL": "RGB(255,255,255)", "BORDER_WID": 1, "FILL_STYLE": "No Fill" }, "geometry": { "type": "MultiPolygon", "coordinates": [ [ [ [ -68.873747473762222, -32.877257545203854, 0.0 ], [ -68.873819912096906, -32.877465266667009, 0.0 ], [ -68.873697766678319, -32.877495001176747, 0.0 ], [ -68.873625079388944, -32.87728744710769, 0.0 ], [ -68.873747473762222, -32.877257545203854, 0.0 ] ] ] ] } },
{ "type": "Feature", "properties": { "LAYER": "VM_MOSAICO_PARCELARIO_RIO_", "GM_TYPE": "Unknown Area Type", "MAP_NAME": "Cl_del Oeste_modificado_2026.dwg", "CLOSED": "YES", "BORDER_STY": "Solid", "BORDER_COL": "RGB(255,255,255)", "BORDER_WID": 1, "FILL_STYLE": "No Fill" }, "geometry": { "type": "MultiPolygon", "coordinates": [ [ [ [ -68.873868692237892, -32.877227913404013, 0.0 ], [ -68.873940846317183, -32.877435827474343, 0.0 ], [ -68.873819912096906, -32.877465266667009, 0.0 ], [ -68.873747473762222, -32.877257545203854, 0.0 ], [ -68.873756559839933, -32.877255300139936, 0.0 ], [ -68.873795148789895, -32.87724587219747, 0.0 ], [ -68.873868692237892, -32.877227913404013, 0.0 ] ] ] ] } },
{ "type": "Feature", "properties": { "LAYER": "VM_MOSAICO_PARCELARIO_RIO_", "GM_TYPE": "Unknown Area Type", "MAP_NAME": "Cl_del Oeste_modificado_2026.dwg", "CLOSED": "YES", "BORDER_STY": "Solid", "BORDER_COL": "RGB(255,255,255)", "BORDER_WID": 1, "FILL_STYLE": "No Fill" }, "geometry": { "type": "MultiPolygon", "coordinates": [ [ [ [ -68.866198832174561, -32.873092262863942, 0.0 ], [ -68.866404841268249, -32.873150340266314, 0.0 ], [ -68.866506211226948, -32.873178917682566, 0.0 ], [ -68.866607453081912, -32.873207458812267, 0.0 ], [ -68.866708823171123, -32.873236036064398, 0.0 ], [ -68.866810227504985, -32.873264622287721, 0.0 ], [ -68.866911564613986, -32.873293190323452, 0.0 ], [ -68.867012839840612, -32.873321740177353, 0.0 ], [ -68.867114082021516, -32.873350280897156, 0.0 ], [ -68.867215515453353, -32.873378875839705, 0.0 ], [ -68.867316757764641, -32.873407416395516, 0.0 ], [ -68.867418128310803, -32.873435993073144, 0.0 ], [ -68.867519499990792, -32.873464569669729, 0.0 ], [ -68.867620838625086, -32.873493137132193, 0.0 ], [ -68.86772220936713, -32.873521713563456, 0.0 ], [ -68.867823580174459, -32.873550289912565, 0.0 ], [ -68.867924919004579, -32.87357885712882, 0.0 ], [ -68.86802641811272, -32.873607469516777, 0.0 ], [ -68.8683836923, -32.873708118856733, 0.0 ], [ -68.86848066162932, -32.874535345861517, 0.0 ], [ -68.862755340203691, -32.87547500812024, 0.0 ], [ -68.861511829342703, -32.875681166913154, 0.0 ], [ -68.86098545991193, -32.875768428758022, 0.0 ], [ -68.860271480284325, -32.87588439447029, 0.0 ], [ -68.86007951639435, -32.875916639060613, 0.0 ], [ -68.85979884160821, -32.87596176654349, 0.0 ], [ -68.859550761205085, -32.876003955310281, 0.0 ], [ -68.859302681637303, -32.876046143585263, 0.0 ], [ -68.858966082678563, -32.87396762686982, 0.0 ], [ -68.858746032919925, -32.872584717992943, 0.0 ], [ -68.858789059582762, -32.872539862195502, 0.0 ], [ -68.858887596145536, -32.872527802321216, 0.0 ], [ -68.859736792335227, -32.872432555627903, 0.0 ], [ -68.859791184761377, -32.872429461576978, 0.0 ], [ -68.859862832489725, -32.872393204482691, 0.0 ], [ -68.860312516671755, -32.87235998858462, 0.0 ], [ -68.860373724634968, -32.872371509339366, 0.0 ], [ -68.86092684033521, -32.872338678950562, 0.0 ], [ -68.861020128094353, -32.872335357093334, 0.0 ], [ -68.863024912814694, -32.872313425523707, 0.0 ], [ -68.863059184689078, -32.872331316595734, 0.0 ], [ -68.86307899008446, -32.872375522202681, 0.0 ], [ -68.863138302108709, -32.872369455587609, 0.0 ], [ -68.863150591972769, -32.872368207562786, 0.0 ], [ -68.863552502311435, -32.872549981854114, 0.0 ], [ -68.863647037134569, -32.873193084064063, 0.0 ], [ -68.865615772974309, -32.872927883839417, 0.0 ], [ -68.866198832174561, -32.873092262863942, 0.0 ] ] ] ] } },
{ "type": "Feature", "properties": { "LAYER": "VM_MOSAICO_PARCELARIO_RIO_", "GM_TYPE": "Unknown Area Type", "MAP_NAME": "Cl_del Oeste_modificado_2026.dwg", "CLOSED": "YES", "BORDER_STY": "Solid", "BORDER_COL": "RGB(255,255,255)", "BORDER_WID": 1, "FILL_STYLE": "No Fill" }, "geometry": { "type": "MultiPolygon", "coordinates": [ [ [ [ -68.863770229412523, -32.871393437135467, 0.0 ], [ -68.863920173927482, -32.871444446893946, 0.0 ], [ -68.863996527110118, -32.871470422088244, 0.0 ], [ -68.86407278742702, -32.871496364673952, 0.0 ], [ -68.864149139631849, -32.871522338872289, 0.0 ], [ -68.86422540003656, -32.871548282266708, 0.0 ], [ -68.864301753399133, -32.871574256373052, 0.0 ], [ -68.86437810680637, -32.87160023043279, 0.0 ], [ -68.864454367346241, -32.871626172785959, 0.0 ], [ -68.864530719772901, -32.871652147653116, 0.0 ], [ -68.86460707331409, -32.87167812157314, 0.0 ], [ -68.864683426899973, -32.871704095446525, 0.0 ], [ -68.864759594704609, -32.871730006855508, 0.0 ], [ -68.864835948379707, -32.871755980635839, 0.0 ], [ -68.864912301030969, -32.871781954368473, 0.0 ], [ -68.864988654795397, -32.871807928055595, 0.0 ], [ -68.865066825047847, -32.871829685528624, 0.0 ], [ -68.865145027381672, -32.871851451102586, 0.0 ], [ -68.865223292768619, -32.871873234729492, 0.0 ], [ -68.865301494110668, -32.87189500020456, 0.0 ], [ -68.865379793753164, -32.871916792787317, 0.0 ], [ -68.865457962061825, -32.871938549112052, 0.0 ], [ -68.865536131475992, -32.871960306290774, 0.0 ], [ -68.865614430166588, -32.871982097823931, 0.0 ], [ -68.865692599657478, -32.872003854904925, 0.0 ], [ -68.865770802298343, -32.872025620087847, 0.0 ], [ -68.865848971867308, -32.872047376169498, 0.0 ], [ -68.865927270710259, -32.872069168408601, 0.0 ], [ -68.866005440354598, -32.872090925294223, 0.0 ], [ -68.866083643148983, -32.87211269028171, 0.0 ], [ -68.866087446882844, -32.872104277937417, 0.0 ], [ -68.866248646803413, -32.872158612481911, 0.0 ], [ -68.866365909598457, -32.872693714919592, 0.0 ], [ -68.866397498730535, -32.872861553987342, 0.0 ], [ -68.866175536099192, -32.872881782481521, 0.0 ], [ -68.866194447671162, -32.87305265485692, 0.0 ], [ -68.866198832174561, -32.873092262863942, 0.0 ], [ -68.865615772974309, -32.872927883839417, 0.0 ], [ -68.863647037134569, -32.873193084064063, 0.0 ], [ -68.863552502311435, -32.872549981854114, 0.0 ], [ -68.863769362719466, -32.872581328473117, 0.0 ], [ -68.86373281176337, -32.87230897695521, 0.0 ], [ -68.863649113337303, -32.871845053227098, 0.0 ], [ -68.863625961099643, -32.871614553974467, 0.0 ], [ -68.863649564017066, -32.871552003005931, 0.0 ], [ -68.863751003072366, -32.87138692309366, 0.0 ], [ -68.863770229412523, -32.871393437135467, 0.0 ] ] ] ] } },
{ "type": "Feature", "properties": { "LAYER": "VM_MOSAICO_PARCELARIO_RIO_", "GM_TYPE": "Unknown Area Type", "MAP_NAME": "Cl_del Oeste_modificado_2026.dwg", "CLOSED": "YES", "BORDER_STY": "Solid", "BORDER_COL": "RGB(255,255,255)", "BORDER_WID": 1, "FILL_STYLE": "No Fill" }, "geometry": { "type": "MultiPolygon", "coordinates": [ [ [ [ -68.870254820339909, -32.881976197453191, 0.0 ], [ -68.86968744169998, -32.882076951585333, 0.0 ], [ -68.868557267337195, -32.882284137600195, 0.0 ], [ -68.868320936957787, -32.881243783292064, 0.0 ], [ -68.868308833473989, -32.881190480480875, 0.0 ], [ -68.869398286220772, -32.880979105450081, 0.0 ], [ -68.869505392496706, -32.880959021117903, 0.0 ], [ -68.869988113766752, -32.880868368045569, 0.0 ], [ -68.870135301419765, -32.881424326469379, 0.0 ], [ -68.870221808942802, -32.881823867235099, 0.0 ], [ -68.870247177438245, -32.881941023492921, 0.0 ], [ -68.870254820339909, -32.881976197453191, 0.0 ] ] ] ] } },
{ "type": "Feature", "properties": { "LAYER": "VM_MOSAICO_PARCELARIO_RIO_", "GM_TYPE": "Unknown Area Type", "MAP_NAME": "Cl_del Oeste_modificado_2026.dwg", "CLOSED": "YES", "BORDER_STY": "Solid", "BORDER_COL": "RGB(255,255,255)", "BORDER_WID": 1, "FILL_STYLE": "No Fill" }, "geometry": { "type": "MultiPolygon", "coordinates": [ [ [ [ -68.86848066162932, -32.874535345861517, 0.0 ], [ -68.868503038891731, -32.874721479060099, 0.0 ], [ -68.868547356518917, -32.875153933951538, 0.0 ], [ -68.868549172548811, -32.875171654148559, 0.0 ], [ -68.867664357062452, -32.875324742248381, 0.0 ], [ -68.867226798897434, -32.875401276021272, 0.0 ], [ -68.866789076032262, -32.875476689985511, 0.0 ], [ -68.865946355775037, -32.875621873126853, 0.0 ], [ -68.86527319339308, -32.87574323203647, 0.0 ], [ -68.864540294340415, -32.875866866143532, 0.0 ], [ -68.863937282609683, -32.87597200650611, 0.0 ], [ -68.863910744255932, -32.875976633081294, 0.0 ], [ -68.863592564349474, -32.876021998776991, 0.0 ], [ -68.862839241616385, -32.876151822317922, 0.0 ], [ -68.862085916704785, -32.876281640411776, 0.0 ], [ -68.861931213477874, -32.876333857253279, 0.0 ], [ -68.861868482260078, -32.876344921207661, 0.0 ], [ -68.861754315532508, -32.876366390646453, 0.0 ], [ -68.86079405201717, -32.876534382415898, 0.0 ], [ -68.859833785974601, -32.876702366800302, 0.0 ], [ -68.859824840947297, -32.876682699853291, 0.0 ], [ -68.85940745513075, -32.876752198334771, 0.0 ], [ -68.859302681637303, -32.876046143585263, 0.0 ], [ -68.859550761205085, -32.876003955310281, 0.0 ], [ -68.85979884160821, -32.87596176654349, 0.0 ], [ -68.86007951639435, -32.875916639060613, 0.0 ], [ -68.860271480284325, -32.87588439447029, 0.0 ], [ -68.86098545991193, -32.875768428758022, 0.0 ], [ -68.861511829342703, -32.875681166913154, 0.0 ], [ -68.862755340203691, -32.87547500812024, 0.0 ], [ -68.86848066162932, -32.874535345861517, 0.0 ] ] ] ] } },
{ "type": "Feature", "properties": { "LAYER": "VM_MOSAICO_PARCELARIO_RIO_", "GM_TYPE": "Unknown Area Type", "MAP_NAME": "Cl_del Oeste_modificado_2026.dwg", "CLOSED": "YES", "BORDER_STY": "Solid", "BORDER_COL": "RGB(255,255,255)", "BORDER_WID": 1, "FILL_STYLE": "No Fill" }, "geometry": { "type": "MultiPolygon", "coordinates": [ [ [ [ -68.862017318841609, -32.878489523432279, 0.0 ], [ -68.865626467770994, -32.877815185914422, 0.0 ], [ -68.869386879532641, -32.877804702392943, 0.0 ], [ -68.869668645712267, -32.878545711493217, 0.0 ], [ -68.86979897043615, -32.878921140204334, 0.0 ], [ -68.86983500564665, -32.879024945504732, 0.0 ], [ -68.869869547982958, -32.879124449063589, 0.0 ], [ -68.869904118058457, -32.879224035596103, 0.0 ], [ -68.869938594574506, -32.879323347905462, 0.0 ], [ -68.869970846074054, -32.879416254063656, 0.0 ], [ -68.869971776883276, -32.879419874428962, 0.0 ], [ -68.870044095497008, -32.879701131874725, 0.0 ], [ -68.870066822928251, -32.879789524148315, 0.0 ], [ -68.870089529155834, -32.879877831635433, 0.0 ], [ -68.870106074584271, -32.879942179233943, 0.0 ], [ -68.870122656165279, -32.880006666629725, 0.0 ], [ -68.870139237770175, -32.880071154022666, 0.0 ], [ -68.870154984209265, -32.880132391744503, 0.0 ], [ -68.870321736158587, -32.880100394125947, 0.0 ], [ -68.870574522723146, -32.880053755276975, 0.0 ], [ -68.871641291126124, -32.879849009698582, 0.0 ], [ -68.872116481770519, -32.881636928535947, 0.0 ], [ -68.871571975881409, -32.881737804782603, 0.0 ], [ -68.870737365281599, -32.881891035344196, 0.0 ], [ -68.870254007103398, -32.881975468943203, 0.0 ], [ -68.870246364202117, -32.881940294982883, 0.0 ], [ -68.870220995707967, -32.881823138724911, 0.0 ], [ -68.870134488189279, -32.881423597958566, 0.0 ], [ -68.869987300542533, -32.880867639533754, 0.0 ], [ -68.869504579275613, -32.880958292602941, 0.0 ], [ -68.869397473000376, -32.880978376934493, 0.0 ], [ -68.868308020260599, -32.881189751958281, 0.0 ], [ -68.868320123743814, -32.881243054769506, 0.0 ], [ -68.868556454111811, -32.88228340907925, 0.0 ], [ -68.867631835070227, -32.8824493265003, 0.0 ], [ -68.867239750069302, -32.882522124792935, 0.0 ], [ -68.866786951093729, -32.88260396249899, 0.0 ], [ -68.86675209945362, -32.882613302980801, 0.0 ], [ -68.866688612885838, -32.88261954627697, 0.0 ], [ -68.865307654500114, -32.88287079591742, 0.0 ], [ -68.864360918879669, -32.883042992448232, 0.0 ], [ -68.864237508222104, -32.882486406755461, 0.0 ], [ -68.864101640584252, -32.881884829974013, 0.0 ], [ -68.863582233270876, -32.881988860923272, 0.0 ], [ -68.863366207710186, -32.882094303536299, 0.0 ], [ -68.86237001309172, -32.882449199669523, 0.0 ], [ -68.862274126641765, -32.882053791927021, 0.0 ], [ -68.862213605556562, -32.88200827994207, 0.0 ], [ -68.862003455707821, -32.882044837327967, 0.0 ], [ -68.861832179589328, -32.881201745583482, 0.0 ], [ -68.860464482049039, -32.881453422642359, 0.0 ], [ -68.860481031374078, -32.881530806366676, 0.0 ], [ -68.86035820337834, -32.881584779275407, 0.0 ], [ -68.860186329478594, -32.880697853885223, 0.0 ], [ -68.862034304970095, -32.880342564949139, 0.0 ], [ -68.862099223551724, -32.880100802412464, 0.0 ], [ -68.862437857050168, -32.880037425593493, 0.0 ], [ -68.862017318841609, -32.878489523432279, 0.0 ] ] ] ] } },
{ "type": "Feature", "properties": { "LAYER": "VM_MOSAICO_PARCELARIO_RIO_", "GM_TYPE": "Unknown Area Type", "MAP_NAME": "Cl_del Oeste_modificado_2026.dwg", "CLOSED": "YES", "BORDER_STY": "Solid", "BORDER_COL": "RGB(255,255,255)", "BORDER_WID": 1, "FILL_STYLE": "No Fill" }, "geometry": { "type": "MultiPolygon", "coordinates": [ [ [ [ -68.868139553108819, -32.873407594833054, 0.0 ], [ -68.868353493998498, -32.873393214526331, 0.0 ], [ -68.868355072403887, -32.87340971719356, 0.0 ], [ -68.868378117021464, -32.873649322522972, 0.0 ], [ -68.868380852433688, -32.873678269787831, 0.0 ], [ -68.8683836923, -32.873708118856733, 0.0 ], [ -68.86802641811272, -32.873607469516777, 0.0 ], [ -68.868099123898574, -32.873433790611955, 0.0 ], [ -68.868139553108819, -32.873407594833054, 0.0 ] ] ] ] } },
{ "type": "Feature", "properties": { "LAYER": "VM_MOSAICO_PARCELARIO_RIO_", "GM_TYPE": "Unknown Area Type", "MAP_NAME": "Cl_del Oeste_modificado_2026.dwg", "CLOSED": "YES", "BORDER_STY": "Solid", "BORDER_COL": "RGB(255,255,255)", "BORDER_WID": 1, "FILL_STYLE": "No Fill" }, "geometry": { "type": "MultiPolygon", "coordinates": [ [ [ [ -68.863898965629204, -32.876131801781774, 0.0 ], [ -68.86391405845562, -32.876184657463213, 0.0 ], [ -68.863973044727317, -32.876392112109151, 0.0 ], [ -68.864023953807887, -32.876570974246981, 0.0 ], [ -68.864311697145496, -32.877631140232531, 0.0 ], [ -68.864326355099635, -32.877688503848752, 0.0 ], [ -68.864391468185786, -32.877943844826852, 0.0 ], [ -68.864334173224293, -32.8779562251665, 0.0 ], [ -68.864299862249865, -32.877962409633085, 0.0 ], [ -68.864268866350102, -32.877966974639214, 0.0 ], [ -68.864236800491497, -32.877972439268184, 0.0 ], [ -68.864178115507727, -32.877985359043656, 0.0 ], [ -68.864149370505004, -32.877915356403093, 0.0 ], [ -68.86345105532989, -32.878051284645025, 0.0 ], [ -68.860614377471052, -32.878601403282488, 0.0 ], [ -68.860621279842249, -32.878629183132489, 0.0 ], [ -68.859854650016771, -32.878778179843827, 0.0 ], [ -68.859806677758044, -32.878773346207126, 0.0 ], [ -68.859768537703872, -32.878565553285597, 0.0 ], [ -68.859710012340656, -32.878274329934385, 0.0 ], [ -68.859697591636703, -32.878223099812324, 0.0 ], [ -68.859607577169243, -32.877776298935864, 0.0 ], [ -68.859602805942501, -32.87775257903985, 0.0 ], [ -68.859564754810478, -32.877556056391704, 0.0 ], [ -68.859560608617358, -32.877543247687505, 0.0 ], [ -68.859529861715458, -32.877390556434683, 0.0 ], [ -68.859522226852349, -32.877353217744627, 0.0 ], [ -68.859519470602251, -32.877339238398001, 0.0 ], [ -68.859425772777968, -32.876858348270432, 0.0 ], [ -68.859423228563969, -32.876845451191329, 0.0 ], [ -68.859420116138665, -32.876824260596635, 0.0 ], [ -68.863895032623589, -32.876118272094352, 0.0 ], [ -68.863898965629204, -32.876131801781774, 0.0 ] ] ] ] } },
{ "type": "Feature", "properties": { "LAYER": "VM_MOSAICO_PARCELARIO_RIO_", "GM_TYPE": "Unknown Area Type", "MAP_NAME": "Cl_del Oeste_modificado_2026.dwg", "CLOSED": "YES", "BORDER_STY": "Solid", "BORDER_COL": "RGB(255,255,255)", "BORDER_WID": 1, "FILL_STYLE": "No Fill" }, "geometry": { "type": "MultiPolygon", "coordinates": [ [ [ [ -68.859412603884593, -32.876781063730455, 0.0 ], [ -68.859787814449831, -32.876717012884498, 0.0 ], [ -68.859840506736447, -32.876709498613373, 0.0 ], [ -68.860519008817448, -32.87659881492295, 0.0 ], [ -68.860685537084464, -32.876569787434342, 0.0 ], [ -68.862796442380684, -32.876188653755655, 0.0 ], [ -68.863332475203819, -32.87609186395143, 0.0 ], [ -68.86375969292942, -32.876018305442393, 0.0 ], [ -68.863861658826849, -32.876001826194887, 0.0 ], [ -68.863895032623589, -32.876118272094352, 0.0 ], [ -68.859420116138665, -32.876824260596635, 0.0 ], [ -68.859417308197607, -32.876805138829354, 0.0 ], [ -68.859412603884593, -32.876781063730455, 0.0 ] ] ] ] } },
{ "type": "Feature", "properties": { "LAYER": "VM_MOSAICO_PARCELARIO_RIO_", "GM_TYPE": "Unknown Area Type", "MAP_NAME": "Cl_del Oeste_modificado_2026.dwg", "CLOSED": "YES", "BORDER_STY": "Solid", "BORDER_COL": "RGB(255,255,255)", "BORDER_WID": 1, "FILL_STYLE": "No Fill" }, "geometry": { "type": "MultiPolygon", "coordinates": [ [ [ [ -68.868549172548811, -32.875171654148559, 0.0 ], [ -68.868576913337307, -32.875304088054101, 0.0 ], [ -68.864105884616819, -32.876090182748108, 0.0 ], [ -68.863895032623589, -32.876118272094352, 0.0 ], [ -68.863861658826849, -32.876001826194887, 0.0 ], [ -68.86375969292942, -32.876018305442393, 0.0 ], [ -68.863332475203819, -32.87609186395143, 0.0 ], [ -68.862796442380684, -32.876188653755655, 0.0 ], [ -68.860685537084464, -32.876569787434342, 0.0 ], [ -68.860519008817448, -32.87659881492295, 0.0 ], [ -68.859840506736447, -32.876709498613373, 0.0 ], [ -68.859787814449831, -32.876717012884498, 0.0 ], [ -68.859412603884593, -32.876781063730455, 0.0 ], [ -68.859409782138073, -32.876766628049545, 0.0 ], [ -68.85940745513075, -32.876752198334771, 0.0 ], [ -68.859824840947297, -32.876682699853291, 0.0 ], [ -68.859833785974601, -32.876702366800302, 0.0 ], [ -68.86079405201717, -32.876534382415898, 0.0 ], [ -68.861754315532508, -32.876366390646453, 0.0 ], [ -68.861868482260078, -32.876344921207661, 0.0 ], [ -68.861931213477874, -32.876333857253279, 0.0 ], [ -68.862085916704785, -32.876281640411776, 0.0 ], [ -68.862839241616385, -32.876151822317922, 0.0 ], [ -68.863592564349474, -32.876021998776991, 0.0 ], [ -68.863910744255932, -32.875976633081294, 0.0 ], [ -68.863937282609683, -32.87597200650611, 0.0 ], [ -68.864540294340415, -32.875866866143532, 0.0 ], [ -68.86527319339308, -32.87574323203647, 0.0 ], [ -68.865946355775037, -32.875621873126853, 0.0 ], [ -68.866789076032262, -32.875476689985511, 0.0 ], [ -68.867226798897434, -32.875401276021272, 0.0 ], [ -68.867664357062452, -32.875324742248381, 0.0 ], [ -68.868549172548811, -32.875171654148559, 0.0 ] ] ] ] } },
{ "type": "Feature", "properties": { "LAYER": "VM_MOSAICO_PARCELARIO_RIO_", "GM_TYPE": "Unknown Area Type", "MAP_NAME": "Cl_del Oeste_modificado_2026.dwg", "CLOSED": "YES", "BORDER_STY": "Solid", "BORDER_COL": "RGB(255,255,255)", "BORDER_WID": 1, "FILL_STYLE": "No Fill" }, "geometry": { "type": "MultiPolygon", "coordinates": [ [ [ [ -68.866087446882844, -32.872104277937417, 0.0 ], [ -68.866187840406099, -32.87188219251675, 0.0 ], [ -68.866191455130718, -32.871874400332651, 0.0 ], [ -68.866242960253729, -32.87189098347627, 0.0 ], [ -68.866248646803413, -32.872158612481911, 0.0 ], [ -68.866087446882844, -32.872104277937417, 0.0 ] ] ] ] } },
{ "type": "Feature", "properties": { "LAYER": "VM_MOSAICO_PARCELARIO_RIO_", "GM_TYPE": "Unknown Area Type", "MAP_NAME": "Cl_del Oeste_modificado_2026.dwg", "CLOSED": "YES", "BORDER_STY": "Solid", "BORDER_COL": "RGB(255,255,255)", "BORDER_WID": 1, "FILL_STYLE": "No Fill" }, "geometry": { "type": "MultiPolygon", "coordinates": [ [ [ [ -68.866191455130718, -32.871874400332651, 0.0 ], [ -68.866187840406099, -32.87188219251675, 0.0 ], [ -68.866087446882844, -32.872104277937417, 0.0 ], [ -68.866083643148983, -32.87211269028171, 0.0 ], [ -68.866005440354598, -32.872090925294223, 0.0 ], [ -68.866011269247821, -32.872078038208414, 0.0 ], [ -68.866114583028462, -32.871849649522339, 0.0 ], [ -68.86618570611526, -32.871872549315945, 0.0 ], [ -68.866191455130718, -32.871874400332651, 0.0 ] ] ] ] } },
{ "type": "Feature", "properties": { "LAYER": "VM_MOSAICO_PARCELARIO_RIO_", "GM_TYPE": "Unknown Area Type", "MAP_NAME": "Cl_del Oeste_modificado_2026.dwg", "CLOSED": "YES", "BORDER_STY": "Solid", "BORDER_COL": "RGB(255,255,255)", "BORDER_WID": 1, "FILL_STYLE": "No Fill" }, "geometry": { "type": "MultiPolygon", "coordinates": [ [ [ [ -68.866114583028462, -32.871849649522339, 0.0 ], [ -68.866011269247821, -32.872078038208414, 0.0 ], [ -68.866005440354598, -32.872090925294223, 0.0 ], [ -68.865927270710259, -32.872069168408601, 0.0 ], [ -68.865935116218679, -32.872051808377996, 0.0 ], [ -68.866037675725877, -32.871824886905024, 0.0 ], [ -68.866114583028462, -32.871849649522339, 0.0 ] ] ] ] } },
{ "type": "Feature", "properties": { "LAYER": "VM_MOSAICO_PARCELARIO_RIO_", "GM_TYPE": "Unknown Area Type", "MAP_NAME": "Cl_del Oeste_modificado_2026.dwg", "CLOSED": "YES", "BORDER_STY": "Solid", "BORDER_COL": "RGB(255,255,255)", "BORDER_WID": 1, "FILL_STYLE": "No Fill" }, "geometry": { "type": "MultiPolygon", "coordinates": [ [ [ [ -68.866037675725877, -32.871824886905024, 0.0 ], [ -68.865935116218679, -32.872051808377996, 0.0 ], [ -68.865927270710259, -32.872069168408601, 0.0 ], [ -68.865848971867308, -32.872047376169498, 0.0 ], [ -68.865858850033419, -32.872025537803573, 0.0 ], [ -68.865960803709356, -32.871800136000246, 0.0 ], [ -68.866037675725877, -32.871824886905024, 0.0 ] ] ] ] } },
{ "type": "Feature", "properties": { "LAYER": "VM_MOSAICO_PARCELARIO_RIO_", "GM_TYPE": "Unknown Area Type", "MAP_NAME": "Cl_del Oeste_modificado_2026.dwg", "CLOSED": "YES", "BORDER_STY": "Solid", "BORDER_COL": "RGB(255,255,255)", "BORDER_WID": 1, "FILL_STYLE": "No Fill" }, "geometry": { "type": "MultiPolygon", "coordinates": [ [ [ [ -68.865960803709356, -32.871800136000246, 0.0 ], [ -68.865858850033419, -32.872025537803573, 0.0 ], [ -68.865848971867308, -32.872047376169498, 0.0 ], [ -68.865770802298343, -32.872025620087847, 0.0 ], [ -68.865782693891504, -32.87199930607354, 0.0 ], [ -68.865883895424062, -32.871775373287214, 0.0 ], [ -68.865960803709356, -32.871800136000246, 0.0 ] ] ] ] } },
{ "type": "Feature", "properties": { "LAYER": "VM_MOSAICO_PARCELARIO_RIO_", "GM_TYPE": "Unknown Area Type", "MAP_NAME": "Cl_del Oeste_modificado_2026.dwg", "CLOSED": "YES", "BORDER_STY": "Solid", "BORDER_COL": "RGB(255,255,255)", "BORDER_WID": 1, "FILL_STYLE": "No Fill" }, "geometry": { "type": "MultiPolygon", "coordinates": [ [ [ [ -68.865883895424062, -32.871775373287214, 0.0 ], [ -68.865782693891504, -32.87199930607354, 0.0 ], [ -68.865770802298343, -32.872025620087847, 0.0 ], [ -68.865692599657478, -32.872003854904925, 0.0 ], [ -68.865706522843567, -32.871973068870915, 0.0 ], [ -68.865807117477175, -32.871750652144698, 0.0 ], [ -68.865883895424062, -32.871775373287214, 0.0 ] ] ] ] } },
{ "type": "Feature", "properties": { "LAYER": "VM_MOSAICO_PARCELARIO_RIO_", "GM_TYPE": "Unknown Area Type", "MAP_NAME": "Cl_del Oeste_modificado_2026.dwg", "CLOSED": "YES", "BORDER_STY": "Solid", "BORDER_COL": "RGB(255,255,255)", "BORDER_WID": 1, "FILL_STYLE": "No Fill" }, "geometry": { "type": "MultiPolygon", "coordinates": [ [ [ [ -68.865807117477175, -32.871750652144698, 0.0 ], [ -68.865706522843567, -32.871973068870915, 0.0 ], [ -68.865692599657478, -32.872003854904925, 0.0 ], [ -68.865614430166588, -32.871982097823931, 0.0 ], [ -68.865630364655971, -32.87194683614419, 0.0 ], [ -68.865730209277615, -32.87172588933722, 0.0 ], [ -68.865807117477175, -32.871750652144698, 0.0 ] ] ] ] } },
{ "type": "Feature", "properties": { "LAYER": "VM_MOSAICO_PARCELARIO_RIO_", "GM_TYPE": "Unknown Area Type", "MAP_NAME": "Cl_del Oeste_modificado_2026.dwg", "CLOSED": "YES", "BORDER_STY": "Solid", "BORDER_COL": "RGB(255,255,255)", "BORDER_WID": 1, "FILL_STYLE": "No Fill" }, "geometry": { "type": "MultiPolygon", "coordinates": [ [ [ [ -68.865730209277615, -32.87172588933722, 0.0 ], [ -68.865630364655971, -32.87194683614419, 0.0 ], [ -68.865614430166588, -32.871982097823931, 0.0 ], [ -68.865536131475992, -32.871960306290774, 0.0 ], [ -68.865554102920967, -32.871920568093664, 0.0 ], [ -68.865653337432548, -32.871701138243544, 0.0 ], [ -68.865730209277615, -32.87172588933722, 0.0 ] ] ] ] } },
{ "type": "Feature", "properties": { "LAYER": "VM_MOSAICO_PARCELARIO_RIO_", "GM_TYPE": "Unknown Area Type", "MAP_NAME": "Cl_del Oeste_modificado_2026.dwg", "CLOSED": "YES", "BORDER_STY": "Solid", "BORDER_COL": "RGB(255,255,255)", "BORDER_WID": 1, "FILL_STYLE": "No Fill" }, "geometry": { "type": "MultiPolygon", "coordinates": [ [ [ [ -68.865653337432548, -32.871701138243544, 0.0 ], [ -68.865554102920967, -32.871920568093664, 0.0 ], [ -68.865536131475992, -32.871960306290774, 0.0 ], [ -68.865457962061825, -32.871938549112052, 0.0 ], [ -68.865477941619247, -32.871894334368953, 0.0 ], [ -68.865576430385914, -32.871676376244402, 0.0 ], [ -68.865653337432548, -32.871701138243544, 0.0 ] ] ] ] } },
{ "type": "Feature", "properties": { "LAYER": "VM_MOSAICO_PARCELARIO_RIO_", "GM_TYPE": "Unknown Area Type", "MAP_NAME": "Cl_del Oeste_modificado_2026.dwg", "CLOSED": "YES", "BORDER_STY": "Solid", "BORDER_COL": "RGB(255,255,255)", "BORDER_WID": 1, "FILL_STYLE": "No Fill" }, "geometry": { "type": "MultiPolygon", "coordinates": [ [ [ [ -68.865576430385914, -32.871676376244402, 0.0 ], [ -68.865477941619247, -32.871894334368953, 0.0 ], [ -68.865457962061825, -32.871938549112052, 0.0 ], [ -68.865379793753164, -32.871916792787317, 0.0 ], [ -68.865401802790331, -32.871868107835589, 0.0 ], [ -68.865499651541739, -32.871651654912057, 0.0 ], [ -68.865576430385914, -32.871676376244402, 0.0 ] ] ] ] } },
{ "type": "Feature", "properties": { "LAYER": "VM_MOSAICO_PARCELARIO_RIO_", "GM_TYPE": "Unknown Area Type", "MAP_NAME": "Cl_del Oeste_modificado_2026.dwg", "CLOSED": "YES", "BORDER_STY": "Solid", "BORDER_COL": "RGB(255,255,255)", "BORDER_WID": 1, "FILL_STYLE": "No Fill" }, "geometry": { "type": "MultiPolygon", "coordinates": [ [ [ [ -68.865499651541739, -32.871651654912057, 0.0 ], [ -68.865401802790331, -32.871868107835589, 0.0 ], [ -68.865379793753164, -32.871916792787317, 0.0 ], [ -68.865301494110668, -32.87189500020456, 0.0 ], [ -68.865325536919229, -32.871841837837749, 0.0 ], [ -68.865422744582219, -32.871626891916783, 0.0 ], [ -68.865499651541739, -32.871651654912057, 0.0 ] ] ] ] } },
{ "type": "Feature", "properties": { "LAYER": "VM_MOSAICO_PARCELARIO_RIO_", "GM_TYPE": "Unknown Area Type", "MAP_NAME": "Cl_del Oeste_modificado_2026.dwg", "CLOSED": "YES", "BORDER_STY": "Solid", "BORDER_COL": "RGB(255,255,255)", "BORDER_WID": 1, "FILL_STYLE": "No Fill" }, "geometry": { "type": "MultiPolygon", "coordinates": [ [ [ [ -68.865422744582219, -32.871626891916783, 0.0 ], [ -68.865325536919229, -32.871841837837749, 0.0 ], [ -68.865301494110668, -32.87189500020456, 0.0 ], [ -68.865223292768619, -32.871873234729492, 0.0 ], [ -68.865249346917835, -32.871815594024241, 0.0 ], [ -68.865345837665586, -32.87160212887418, 0.0 ], [ -68.865422744582219, -32.871626891916783, 0.0 ] ] ] ] } },
{ "type": "Feature", "properties": { "LAYER": "VM_MOSAICO_PARCELARIO_RIO_", "GM_TYPE": "Unknown Area Type", "MAP_NAME": "Cl_del Oeste_modificado_2026.dwg", "CLOSED": "YES", "BORDER_STY": "Solid", "BORDER_COL": "RGB(255,255,255)", "BORDER_WID": 1, "FILL_STYLE": "No Fill" }, "geometry": { "type": "MultiPolygon", "coordinates": [ [ [ [ -68.865345837665586, -32.87160212887418, 0.0 ], [ -68.865249346917835, -32.871815594024241, 0.0 ], [ -68.865223292768619, -32.871873234729492, 0.0 ], [ -68.865145027381672, -32.871851451102586, 0.0 ], [ -68.865173116379978, -32.871789335693499, 0.0 ], [ -68.865268966034819, -32.871577377544405, 0.0 ], [ -68.865345837665586, -32.87160212887418, 0.0 ] ] ] ] } },
{ "type": "Feature", "properties": { "LAYER": "VM_MOSAICO_PARCELARIO_RIO_", "GM_TYPE": "Unknown Area Type", "MAP_NAME": "Cl_del Oeste_modificado_2026.dwg", "CLOSED": "YES", "BORDER_STY": "Solid", "BORDER_COL": "RGB(255,255,255)", "BORDER_WID": 1, "FILL_STYLE": "No Fill" }, "geometry": { "type": "MultiPolygon", "coordinates": [ [ [ [ -68.865268966034819, -32.871577377544405, 0.0 ], [ -68.865173116379978, -32.871789335693499, 0.0 ], [ -68.865145027381672, -32.871851451102586, 0.0 ], [ -68.865066825047847, -32.871829685528624, 0.0 ], [ -68.865096925401531, -32.871763090884293, 0.0 ], [ -68.865192058135477, -32.871552614406156, 0.0 ], [ -68.865268966034819, -32.871577377544405, 0.0 ] ] ] ] } },
{ "type": "Feature", "properties": { "LAYER": "VM_MOSAICO_PARCELARIO_RIO_", "GM_TYPE": "Unknown Area Type", "MAP_NAME": "Cl_del Oeste_modificado_2026.dwg", "CLOSED": "YES", "BORDER_STY": "Solid", "BORDER_COL": "RGB(255,255,255)", "BORDER_WID": 1, "FILL_STYLE": "No Fill" }, "geometry": { "type": "MultiPolygon", "coordinates": [ [ [ [ -68.865192058135477, -32.871552614406156, 0.0 ], [ -68.865096925401531, -32.871763090884293, 0.0 ], [ -68.865066825047847, -32.871829685528624, 0.0 ], [ -68.864988654795397, -32.871807928055595, 0.0 ], [ -68.865020787864793, -32.871736865021923, 0.0 ], [ -68.865115280573889, -32.87152789283909, 0.0 ], [ -68.865192058135477, -32.871552614406156, 0.0 ] ] ] ] } },
{ "type": "Feature", "properties": { "LAYER": "VM_MOSAICO_PARCELARIO_RIO_", "GM_TYPE": "Unknown Area Type", "MAP_NAME": "Cl_del Oeste_modificado_2026.dwg", "CLOSED": "YES", "BORDER_STY": "Solid", "BORDER_COL": "RGB(255,255,255)", "BORDER_WID": 1, "FILL_STYLE": "No Fill" }, "geometry": { "type": "MultiPolygon", "coordinates": [ [ [ [ -68.865115280573889, -32.87152789283909, 0.0 ], [ -68.865020787864793, -32.871736865021923, 0.0 ], [ -68.864988654795397, -32.871807928055595, 0.0 ], [ -68.864912301030969, -32.871781954368473, 0.0 ], [ -68.864944560664895, -32.871710608358761, 0.0 ], [ -68.865038409071687, -32.871503141367633, 0.0 ], [ -68.865115280573889, -32.87152789283909, 0.0 ] ] ] ] } },
{ "type": "Feature", "properties": { "LAYER": "VM_MOSAICO_PARCELARIO_RIO_", "GM_TYPE": "Unknown Area Type", "MAP_NAME": "Cl_del Oeste_modificado_2026.dwg", "CLOSED": "YES", "BORDER_STY": "Solid", "BORDER_COL": "RGB(255,255,255)", "BORDER_WID": 1, "FILL_STYLE": "No Fill" }, "geometry": { "type": "MultiPolygon", "coordinates": [ [ [ [ -68.865038409071687, -32.871503141367633, 0.0 ], [ -68.864944560664895, -32.871710608358761, 0.0 ], [ -68.864912301030969, -32.871781954368473, 0.0 ], [ -68.864835948379707, -32.871755980635839, 0.0 ], [ -68.864868422190696, -32.871684355351718, 0.0 ], [ -68.864961466056698, -32.871478367229344, 0.0 ], [ -68.865038409071687, -32.871503141367633, 0.0 ] ] ] ] } },
{ "type": "Feature", "properties": { "LAYER": "VM_MOSAICO_PARCELARIO_RIO_", "GM_TYPE": "Unknown Area Type", "MAP_NAME": "Cl_del Oeste_modificado_2026.dwg", "CLOSED": "YES", "BORDER_STY": "Solid", "BORDER_COL": "RGB(255,255,255)", "BORDER_WID": 1, "FILL_STYLE": "No Fill" }, "geometry": { "type": "MultiPolygon", "coordinates": [ [ [ [ -68.864961466056698, -32.871478367229344, 0.0 ], [ -68.864868422190696, -32.871684355351718, 0.0 ], [ -68.864835948379707, -32.871755980635839, 0.0 ], [ -68.864759594704609, -32.871730006855508, 0.0 ], [ -68.864792116012779, -32.871658097608517, 0.0 ], [ -68.864884687555033, -32.871453645519651, 0.0 ], [ -68.864961466056698, -32.871478367229344, 0.0 ] ] ] ] } },
{ "type": "Feature", "properties": { "LAYER": "VM_MOSAICO_PARCELARIO_RIO_", "GM_TYPE": "Unknown Area Type", "MAP_NAME": "Cl_del Oeste_modificado_2026.dwg", "CLOSED": "YES", "BORDER_STY": "Solid", "BORDER_COL": "RGB(255,255,255)", "BORDER_WID": 1, "FILL_STYLE": "No Fill" }, "geometry": { "type": "MultiPolygon", "coordinates": [ [ [ [ -68.864884687555033, -32.871453645519651, 0.0 ], [ -68.864792116012779, -32.871658097608517, 0.0 ], [ -68.864759594704609, -32.871730006855508, 0.0 ], [ -68.864683426899973, -32.871704095446525, 0.0 ], [ -68.864716133423855, -32.871631980833058, 0.0 ], [ -68.864807780938577, -32.871428882146361, 0.0 ], [ -68.864884687555033, -32.871453645519651, 0.0 ] ] ] ] } },
{ "type": "Feature", "properties": { "LAYER": "VM_MOSAICO_PARCELARIO_RIO_", "GM_TYPE": "Unknown Area Type", "MAP_NAME": "Cl_del Oeste_modificado_2026.dwg", "CLOSED": "YES", "BORDER_STY": "Solid", "BORDER_COL": "RGB(255,255,255)", "BORDER_WID": 1, "FILL_STYLE": "No Fill" }, "geometry": { "type": "MultiPolygon", "coordinates": [ [ [ [ -68.864807780938577, -32.871428882146361, 0.0 ], [ -68.864716133423855, -32.871631980833058, 0.0 ], [ -68.864683426899973, -32.871704095446525, 0.0 ], [ -68.86460707331409, -32.87167812157314, 0.0 ], [ -68.864639832801799, -32.871605641850387, 0.0 ], [ -68.864730909607829, -32.871404130485971, 0.0 ], [ -68.864807780938577, -32.871428882146361, 0.0 ] ] ] ] } },
{ "type": "Feature", "properties": { "LAYER": "VM_MOSAICO_PARCELARIO_RIO_", "GM_TYPE": "Unknown Area Type", "MAP_NAME": "Cl_del Oeste_modificado_2026.dwg", "CLOSED": "YES", "BORDER_STY": "Solid", "BORDER_COL": "RGB(255,255,255)", "BORDER_WID": 1, "FILL_STYLE": "No Fill" }, "geometry": { "type": "MultiPolygon", "coordinates": [ [ [ [ -68.864730909607829, -32.871404130485971, 0.0 ], [ -68.864639832801799, -32.871605641850387, 0.0 ], [ -68.86460707331409, -32.87167812157314, 0.0 ], [ -68.864530719772901, -32.871652147653116, 0.0 ], [ -68.864563605828522, -32.871579384053398, 0.0 ], [ -68.864654003075799, -32.871379367919907, 0.0 ], [ -68.864730909607829, -32.871404130485971, 0.0 ] ] ] ] } },
{ "type": "Feature", "properties": { "LAYER": "VM_MOSAICO_PARCELARIO_RIO_", "GM_TYPE": "Unknown Area Type", "MAP_NAME": "Cl_del Oeste_modificado_2026.dwg", "CLOSED": "YES", "BORDER_STY": "Solid", "BORDER_COL": "RGB(255,255,255)", "BORDER_WID": 1, "FILL_STYLE": "No Fill" }, "geometry": { "type": "MultiPolygon", "coordinates": [ [ [ [ -68.864654003075799, -32.871379367919907, 0.0 ], [ -68.864563605828522, -32.871579384053398, 0.0 ], [ -68.864530719772901, -32.871652147653116, 0.0 ], [ -68.864454367346241, -32.871626172785959, 0.0 ], [ -68.864487388511435, -32.871553129827163, 0.0 ], [ -68.864577131832178, -32.871354615263336, 0.0 ], [ -68.864654003075799, -32.871379367919907, 0.0 ] ] ] ] } },
{ "type": "Feature", "properties": { "LAYER": "VM_MOSAICO_PARCELARIO_RIO_", "GM_TYPE": "Unknown Area Type", "MAP_NAME": "Cl_del Oeste_modificado_2026.dwg", "CLOSED": "YES", "BORDER_STY": "Solid", "BORDER_COL": "RGB(255,255,255)", "BORDER_WID": 1, "FILL_STYLE": "No Fill" }, "geometry": { "type": "MultiPolygon", "coordinates": [ [ [ [ -68.864577131832178, -32.871354615263336, 0.0 ], [ -68.864487388511435, -32.871553129827163, 0.0 ], [ -68.864454367346241, -32.871626172785959, 0.0 ], [ -68.86437810680637, -32.87160023043279, 0.0 ], [ -68.864411253470365, -32.87152690449787, 0.0 ], [ -68.864500318300401, -32.871329882459293, 0.0 ], [ -68.864577131832178, -32.871354615263336, 0.0 ] ] ] ] } },
{ "type": "Feature", "properties": { "LAYER": "VM_MOSAICO_PARCELARIO_RIO_", "GM_TYPE": "Unknown Area Type", "MAP_NAME": "Cl_del Oeste_modificado_2026.dwg", "CLOSED": "YES", "BORDER_STY": "Solid", "BORDER_COL": "RGB(255,255,255)", "BORDER_WID": 1, "FILL_STYLE": "No Fill" }, "geometry": { "type": "MultiPolygon", "coordinates": [ [ [ [ -68.864500318300401, -32.871329882459293, 0.0 ], [ -68.864411253470365, -32.87152690449787, 0.0 ], [ -68.86437810680637, -32.87160023043279, 0.0 ], [ -68.864301753399133, -32.871574256373052, 0.0 ], [ -68.864335036243347, -32.871500650178824, 0.0 ], [ -68.864423447141121, -32.871305130610025, 0.0 ], [ -68.864500318300401, -32.871329882459293, 0.0 ] ] ] ] } },
{ "type": "Feature", "properties": { "LAYER": "VM_MOSAICO_PARCELARIO_RIO_", "GM_TYPE": "Unknown Area Type", "MAP_NAME": "Cl_del Oeste_modificado_2026.dwg", "CLOSED": "YES", "BORDER_STY": "Solid", "BORDER_COL": "RGB(255,255,255)", "BORDER_WID": 1, "FILL_STYLE": "No Fill" }, "geometry": { "type": "MultiPolygon", "coordinates": [ [ [ [ -68.864423447141121, -32.871305130610025, 0.0 ], [ -68.864335036243347, -32.871500650178824, 0.0 ], [ -68.864301753399133, -32.871574256373052, 0.0 ], [ -68.86422540003656, -32.871548282266708, 0.0 ], [ -68.864258809448955, -32.871474393097827, 0.0 ], [ -68.864346540781966, -32.871280366953272, 0.0 ], [ -68.864423447141121, -32.871305130610025, 0.0 ] ] ] ] } },
{ "type": "Feature", "properties": { "LAYER": "VM_MOSAICO_PARCELARIO_RIO_", "GM_TYPE": "Unknown Area Type", "MAP_NAME": "Cl_del Oeste_modificado_2026.dwg", "CLOSED": "YES", "BORDER_STY": "Solid", "BORDER_COL": "RGB(255,255,255)", "BORDER_WID": 1, "FILL_STYLE": "No Fill" }, "geometry": { "type": "MultiPolygon", "coordinates": [ [ [ [ -68.864346540781966, -32.871280366953272, 0.0 ], [ -68.864258809448955, -32.871474393097827, 0.0 ], [ -68.86422540003656, -32.871548282266708, 0.0 ], [ -68.864149139631849, -32.871522338872289, 0.0 ], [ -68.864182659592089, -32.871448162203073, 0.0 ], [ -68.864269669708449, -32.871255615009517, 0.0 ], [ -68.864346540781966, -32.871280366953272, 0.0 ] ] ] ] } },
{ "type": "Feature", "properties": { "LAYER": "VM_MOSAICO_PARCELARIO_RIO_", "GM_TYPE": "Unknown Area Type", "MAP_NAME": "Cl_del Oeste_modificado_2026.dwg", "CLOSED": "YES", "BORDER_STY": "Solid", "BORDER_COL": "RGB(255,255,255)", "BORDER_WID": 1, "FILL_STYLE": "No Fill" }, "geometry": { "type": "MultiPolygon", "coordinates": [ [ [ [ -68.864269669708449, -32.871255615009517, 0.0 ], [ -68.864182659592089, -32.871448162203073, 0.0 ], [ -68.864149139631849, -32.871522338872289, 0.0 ], [ -68.86407278742702, -32.871496364673952, 0.0 ], [ -68.864106432889201, -32.871421904127516, 0.0 ], [ -68.864192762366585, -32.871230851257081, 0.0 ], [ -68.864269669708449, -32.871255615009517, 0.0 ] ] ] ] } },
{ "type": "Feature", "properties": { "LAYER": "VM_MOSAICO_PARCELARIO_RIO_", "GM_TYPE": "Unknown Area Type", "MAP_NAME": "Cl_del Oeste_modificado_2026.dwg", "CLOSED": "YES", "BORDER_STY": "Solid", "BORDER_COL": "RGB(255,255,255)", "BORDER_WID": 1, "FILL_STYLE": "No Fill" }, "geometry": { "type": "MultiPolygon", "coordinates": [ [ [ [ -68.864192762366585, -32.871230851257081, 0.0 ], [ -68.864106432889201, -32.871421904127516, 0.0 ], [ -68.86407278742702, -32.871496364673952, 0.0 ], [ -68.863996527110118, -32.871470422088244, 0.0 ], [ -68.86403030875266, -32.871395682184783, 0.0 ], [ -68.864115985361536, -32.871206129076889, 0.0 ], [ -68.864192762366585, -32.871230851257081, 0.0 ] ] ] ] } },
{ "type": "Feature", "properties": { "LAYER": "VM_MOSAICO_PARCELARIO_RIO_", "GM_TYPE": "Unknown Area Type", "MAP_NAME": "Cl_del Oeste_modificado_2026.dwg", "CLOSED": "YES", "BORDER_STY": "Solid", "BORDER_COL": "RGB(255,255,255)", "BORDER_WID": 1, "FILL_STYLE": "No Fill" }, "geometry": { "type": "MultiPolygon", "coordinates": [ [ [ [ -68.864115985361536, -32.871206129076889, 0.0 ], [ -68.86403030875266, -32.871395682184783, 0.0 ], [ -68.863996527110118, -32.871470422088244, 0.0 ], [ -68.863920173927482, -32.871444446893946, 0.0 ], [ -68.86395408213987, -32.8713694240164, 0.0 ], [ -68.864039078104042, -32.871181366131722, 0.0 ], [ -68.864115985361536, -32.871206129076889, 0.0 ] ] ] ] } },
{ "type": "Feature", "properties": { "LAYER": "VM_MOSAICO_PARCELARIO_RIO_", "GM_TYPE": "Unknown Area Type", "MAP_NAME": "Cl_del Oeste_modificado_2026.dwg", "CLOSED": "YES", "BORDER_STY": "Solid", "BORDER_COL": "RGB(255,255,255)", "BORDER_WID": 1, "FILL_STYLE": "No Fill" }, "geometry": { "type": "MultiPolygon", "coordinates": [ [ [ [ -68.864039078104042, -32.871181366131722, 0.0 ], [ -68.86395408213987, -32.8713694240164, 0.0 ], [ -68.863920173927482, -32.871444446893946, 0.0 ], [ -68.863770229412523, -32.871393437135467, 0.0 ], [ -68.863818119142252, -32.87132258903673, 0.0 ], [ -68.86387993509905, -32.871231137925207, 0.0 ], [ -68.863936010786745, -32.871148178107852, 0.0 ], [ -68.864004822713497, -32.871170335435565, 0.0 ], [ -68.864039078104042, -32.871181366131722, 0.0 ] ] ] ] } },
{ "type": "Feature", "properties": { "LAYER": "VM_MOSAICO_PARCELARIO_RIO_", "GM_TYPE": "Unknown Area Type", "MAP_NAME": "Cl_del Oeste_modificado_2026.dwg", "CLOSED": "YES", "BORDER_STY": "Solid", "BORDER_COL": "RGB(255,255,255)", "BORDER_WID": 1, "FILL_STYLE": "No Fill" }, "geometry": { "type": "MultiPolygon", "coordinates": [ [ [ [ -68.870230456286095, -32.879843915558389, 0.0 ], [ -68.870252878974298, -32.879906918498875, 0.0 ], [ -68.870106074584271, -32.879942179233943, 0.0 ], [ -68.870089529155834, -32.879877831635433, 0.0 ], [ -68.870096661415758, -32.879876109595124, 0.0 ], [ -68.87018146392964, -32.879855600258288, 0.0 ], [ -68.870230456286095, -32.879843915558389, 0.0 ] ] ] ] } },
{ "type": "Feature", "properties": { "LAYER": "VM_MOSAICO_PARCELARIO_RIO_", "GM_TYPE": "Unknown Area Type", "MAP_NAME": "Cl_del Oeste_modificado_2026.dwg", "CLOSED": "YES", "BORDER_STY": "Solid", "BORDER_COL": "RGB(255,255,255)", "BORDER_WID": 1, "FILL_STYLE": "No Fill" }, "geometry": { "type": "MultiPolygon", "coordinates": [ [ [ [ -68.870252878974298, -32.879906918498875, 0.0 ], [ -68.870275311272138, -32.879969948495571, 0.0 ], [ -68.870122656165279, -32.880006666629725, 0.0 ], [ -68.870106074584271, -32.879942179233943, 0.0 ], [ -68.870252878974298, -32.879906918498875, 0.0 ] ] ] ] } },
{ "type": "Feature", "properties": { "LAYER": "VM_MOSAICO_PARCELARIO_RIO_", "GM_TYPE": "Unknown Area Type", "MAP_NAME": "Cl_del Oeste_modificado_2026.dwg", "CLOSED": "YES", "BORDER_STY": "Solid", "BORDER_COL": "RGB(255,255,255)", "BORDER_WID": 1, "FILL_STYLE": "No Fill" }, "geometry": { "type": "MultiPolygon", "coordinates": [ [ [ [ -68.870275311272138, -32.879969948495571, 0.0 ], [ -68.870297752113686, -32.880033003743833, 0.0 ], [ -68.870139237770175, -32.880071154022666, 0.0 ], [ -68.870122656165279, -32.880006666629725, 0.0 ], [ -68.870275311272138, -32.879969948495571, 0.0 ] ] ] ] } },
{ "type": "Feature", "properties": { "LAYER": "VM_MOSAICO_PARCELARIO_RIO_", "GM_TYPE": "Unknown Area Type", "MAP_NAME": "Cl_del Oeste_modificado_2026.dwg", "CLOSED": "YES", "BORDER_STY": "Solid", "BORDER_COL": "RGB(255,255,255)", "BORDER_WID": 1, "FILL_STYLE": "No Fill" }, "geometry": { "type": "MultiPolygon", "coordinates": [ [ [ [ -68.870297752113686, -32.880033003743833, 0.0 ], [ -68.870321736158587, -32.880100394125947, 0.0 ], [ -68.870154984209265, -32.880132391744503, 0.0 ], [ -68.870139237770175, -32.880071154022666, 0.0 ], [ -68.870297752113686, -32.880033003743833, 0.0 ] ] ] ] } },
{ "type": "Feature", "properties": { "LAYER": "VM_MOSAICO_PARCELARIO_RIO_", "GM_TYPE": "Unknown Area Type", "MAP_NAME": "Cl_del Oeste_modificado_2026.dwg", "CLOSED": "YES", "BORDER_STY": "Solid", "BORDER_COL": "RGB(255,255,255)", "BORDER_WID": 1, "FILL_STYLE": "No Fill" }, "geometry": { "type": "MultiPolygon", "coordinates": [ [ [ [ -68.869904118058457, -32.879224035596103, 0.0 ], [ -68.87000147401163, -32.879200520564851, 0.0 ], [ -68.870036818333503, -32.879299831044563, 0.0 ], [ -68.870009477184482, -32.879306378683225, 0.0 ], [ -68.869938594574506, -32.879323347905462, 0.0 ], [ -68.869904118058457, -32.879224035596103, 0.0 ] ] ] ] } },
{ "type": "Feature", "properties": { "LAYER": "VM_MOSAICO_PARCELARIO_RIO_", "GM_TYPE": "Unknown Area Type", "MAP_NAME": "Cl_del Oeste_modificado_2026.dwg", "CLOSED": "YES", "BORDER_STY": "Solid", "BORDER_COL": "RGB(255,255,255)", "BORDER_WID": 1, "FILL_STYLE": "No Fill" }, "geometry": { "type": "MultiPolygon", "coordinates": [ [ [ [ -68.869869547982958, -32.879124449063589, 0.0 ], [ -68.869966129768272, -32.879101210073827, 0.0 ], [ -68.87000147401163, -32.879200520564851, 0.0 ], [ -68.869904118058457, -32.879224035596103, 0.0 ], [ -68.869869547982958, -32.879124449063589, 0.0 ] ] ] ] } },
{ "type": "Feature", "properties": { "LAYER": "VM_MOSAICO_PARCELARIO_RIO_", "GM_TYPE": "Unknown Area Type", "MAP_NAME": "Cl_del Oeste_modificado_2026.dwg", "CLOSED": "YES", "BORDER_STY": "Solid", "BORDER_COL": "RGB(255,255,255)", "BORDER_WID": 1, "FILL_STYLE": "No Fill" }, "geometry": { "type": "MultiPolygon", "coordinates": [ [ [ [ -68.86983500564665, -32.879024945504732, 0.0 ], [ -68.869930815402881, -32.879001982558222, 0.0 ], [ -68.869966129768272, -32.879101210073827, 0.0 ], [ -68.869869547982958, -32.879124449063589, 0.0 ], [ -68.86983500564665, -32.879024945504732, 0.0 ] ] ] ] } },
{ "type": "Feature", "properties": { "LAYER": "VM_MOSAICO_PARCELARIO_RIO_", "GM_TYPE": "Unknown Area Type", "MAP_NAME": "Cl_del Oeste_modificado_2026.dwg", "CLOSED": "YES", "BORDER_STY": "Solid", "BORDER_COL": "RGB(255,255,255)", "BORDER_WID": 1, "FILL_STYLE": "No Fill" }, "geometry": { "type": "MultiPolygon", "coordinates": [ [ [ [ -68.86979897043615, -32.878921140204334, 0.0 ], [ -68.869893935641116, -32.878898354040025, 0.0 ], [ -68.869930815402881, -32.879001982558222, 0.0 ], [ -68.86983500564665, -32.879024945504732, 0.0 ], [ -68.86979897043615, -32.878921140204334, 0.0 ] ] ] ] } },
{ "type": "Feature", "properties": { "LAYER": "VM_MOSAICO_PARCELARIO_RIO_", "GM_TYPE": "Unknown Area Type", "MAP_NAME": "Cl_del Oeste_modificado_2026.dwg", "CLOSED": "YES", "BORDER_STY": "Solid", "BORDER_COL": "RGB(255,255,255)", "BORDER_WID": 1, "FILL_STYLE": "No Fill" }, "geometry": { "type": "MultiPolygon", "coordinates": [ [ [ [ -68.869893935641116, -32.878898354040025, 0.0 ], [ -68.86979897043615, -32.878921140204334, 0.0 ], [ -68.869668645712267, -32.878545711493217, 0.0 ], [ -68.869792399129466, -32.87861305262242, 0.0 ], [ -68.869893935641116, -32.878898354040025, 0.0 ] ] ] ] } },
{ "type": "Feature", "properties": { "LAYER": "VM_MOSAICO_PARCELARIO_RIO_", "GM_TYPE": "Unknown Area Type", "MAP_NAME": "Cl_del Oeste_modificado_2026.dwg", "CLOSED": "YES", "BORDER_STY": "Solid", "BORDER_COL": "RGB(255,255,255)", "BORDER_WID": 1, "FILL_STYLE": "No Fill" }, "geometry": { "type": "MultiPolygon", "coordinates": [ [ [ [ -68.870168752283945, -32.879670540635779, 0.0 ], [ -68.870199477076042, -32.879756871800524, 0.0 ], [ -68.870066822928251, -32.879789524148315, 0.0 ], [ -68.870044095497008, -32.879701131874725, 0.0 ], [ -68.870168752283945, -32.879670540635779, 0.0 ] ] ] ] } },
{ "type": "Feature", "properties": { "LAYER": "VM_MOSAICO_PARCELARIO_RIO_", "GM_TYPE": "Unknown Area Type", "MAP_NAME": "Cl_del Oeste_modificado_2026.dwg", "CLOSED": "YES", "BORDER_STY": "Solid", "BORDER_COL": "RGB(255,255,255)", "BORDER_WID": 1, "FILL_STYLE": "No Fill" }, "geometry": { "type": "MultiPolygon", "coordinates": [ [ [ [ -68.870199477076042, -32.879756871800524, 0.0 ], [ -68.870230456286095, -32.879843915558389, 0.0 ], [ -68.87018146392964, -32.879855600258288, 0.0 ], [ -68.870096661415758, -32.879876109595124, 0.0 ], [ -68.870089529155834, -32.879877831635433, 0.0 ], [ -68.870066822928251, -32.879789524148315, 0.0 ], [ -68.870199477076042, -32.879756871800524, 0.0 ] ] ] ] } },
{ "type": "Feature", "properties": { "LAYER": "VM_MOSAICO_PARCELARIO_RIO_", "GM_TYPE": "Unknown Area Type", "MAP_NAME": "Cl_del Oeste_modificado_2026.dwg", "CLOSED": "YES", "BORDER_STY": "Solid", "BORDER_COL": "RGB(255,255,255)", "BORDER_WID": 1, "FILL_STYLE": "No Fill" }, "geometry": { "type": "MultiPolygon", "coordinates": [ [ [ [ -68.869971776883276, -32.879419874428962, 0.0 ], [ -68.869970846074054, -32.879416254063656, 0.0 ], [ -68.869938594574506, -32.879323347905462, 0.0 ], [ -68.870009477184482, -32.879306378683225, 0.0 ], [ -68.870036818333503, -32.879299831044563, 0.0 ], [ -68.870084778909103, -32.879288348209144, 0.0 ], [ -68.870116661237688, -32.879383161028755, 0.0 ], [ -68.869971776883276, -32.879419874428962, 0.0 ] ] ] ] } },
{ "type": "Feature", "properties": { "LAYER": "VM_MOSAICO_PARCELARIO_RIO_", "GM_TYPE": "Unknown Area Type", "MAP_NAME": "Cl_del Oeste_modificado_2026.dwg", "CLOSED": "YES", "BORDER_STY": "Solid", "BORDER_COL": "RGB(255,255,255)", "BORDER_WID": 1, "FILL_STYLE": "No Fill" }, "geometry": { "type": "MultiPolygon", "coordinates": [ [ [ [ -68.871641291126124, -32.879849009698582, 0.0 ], [ -68.873818398827609, -32.879444454808187, 0.0 ], [ -68.873919689201415, -32.879509572661632, 0.0 ], [ -68.873739101119767, -32.881028715043627, 0.0 ], [ -68.873637357580591, -32.881281833015585, 0.0 ], [ -68.873495321617085, -32.881350127954335, 0.0 ], [ -68.873288481342911, -32.881360184354989, 0.0 ], [ -68.873105861435107, -32.881448968381449, 0.0 ], [ -68.872116481770519, -32.881636928535947, 0.0 ], [ -68.871641291126124, -32.879849009698582, 0.0 ] ] ] ] } },
{ "type": "Feature", "properties": { "LAYER": "VM_MOSAICO_PARCELARIO_RIO_", "GM_TYPE": "Unknown Area Type", "MAP_NAME": "Cl_del Oeste_modificado_2026.dwg", "CLOSED": "YES", "BORDER_STY": "Solid", "BORDER_COL": "RGB(255,255,255)", "BORDER_WID": 1, "FILL_STYLE": "No Fill" }, "geometry": { "type": "MultiPolygon", "coordinates": [ [ [ [ -68.870009746757148, -32.879567543659405, 0.0 ], [ -68.870005493283742, -32.87955100127904, 0.0 ], [ -68.869971776883276, -32.879419874428962, 0.0 ], [ -68.870116661237688, -32.879383161028755, 0.0 ], [ -68.870167722043789, -32.879535009629521, 0.0 ], [ -68.870009746757148, -32.879567543659405, 0.0 ] ] ] ] } },
{ "type": "Feature", "properties": { "LAYER": "VM_MOSAICO_PARCELARIO_RIO_", "GM_TYPE": "Unknown Area Type", "MAP_NAME": "Cl_del Oeste_modificado_2026.dwg", "CLOSED": "YES", "BORDER_STY": "Solid", "BORDER_COL": "RGB(255,255,255)", "BORDER_WID": 1, "FILL_STYLE": "No Fill" }, "geometry": { "type": "MultiPolygon", "coordinates": [ [ [ [ -68.870009746757148, -32.879567543659405, 0.0 ], [ -68.870167722043789, -32.879535009629521, 0.0 ], [ -68.870209900806117, -32.879660442896935, 0.0 ], [ -68.870168752283945, -32.879670540635779, 0.0 ], [ -68.870044095497008, -32.879701131874725, 0.0 ], [ -68.870009746757148, -32.879567543659405, 0.0 ] ] ] ] } },
{ "type": "Feature", "properties": { "LAYER": "VM_MOSAICO_PARCELARIO_RIO_", "GM_TYPE": "Unknown Area Type", "MAP_NAME": "Cl_del Oeste_modificado_2026.dwg", "CLOSED": "YES", "BORDER_STY": "Solid", "BORDER_COL": "RGB(255,255,255)", "BORDER_WID": 1, "FILL_STYLE": "No Fill" }, "geometry": { "type": "MultiPolygon", "coordinates": [ [ [ [ -68.86462912369889, -32.877819215889289, 0.0 ], [ -68.864578280444235, -32.877786953258166, 0.0 ], [ -68.864105884616819, -32.876090182748108, 0.0 ], [ -68.868576913337307, -32.875304088054101, 0.0 ], [ -68.86930874391247, -32.877599214046207, 0.0 ], [ -68.865604820006183, -32.877634181016901, 0.0 ], [ -68.86462912369889, -32.877819215889289, 0.0 ] ] ] ] } },
{ "type": "Feature", "properties": { "LAYER": "VM_MOSAICO_PARCELARIO_RIO_", "GM_TYPE": "Unknown Area Type", "MAP_NAME": "Cl_del Oeste_modificado_2026.dwg", "CLOSED": "YES", "BORDER_STY": "Solid", "BORDER_COL": "RGB(255,255,255)", "BORDER_WID": 1, "FILL_STYLE": "No Fill" }, "geometry": { "type": "MultiPolygon", "coordinates": [ [ [ [ -68.87027991948969, -32.878376239731494, 0.0 ], [ -68.87037793259482, -32.878352774677232, 0.0 ], [ -68.870405511858095, -32.878346131623687, 0.0 ], [ -68.870469775026578, -32.878536907294155, 0.0 ], [ -68.870455102822675, -32.878559253198979, 0.0 ], [ -68.870350343060991, -32.87858448134422, 0.0 ], [ -68.87027991948969, -32.878376239731494, 0.0 ] ] ] ] } },
{ "type": "Feature", "properties": { "LAYER": "VM_MOSAICO_PARCELARIO_RIO_", "GM_TYPE": "Unknown Area Type", "MAP_NAME": "Cl_del Oeste_modificado_2026.dwg", "CLOSED": "YES", "BORDER_STY": "Solid", "BORDER_COL": "RGB(255,255,255)", "BORDER_WID": 1, "FILL_STYLE": "No Fill" }, "geometry": { "type": "MultiPolygon", "coordinates": [ [ [ [ -68.8701175224612, -32.878640232267806, 0.0 ], [ -68.870002822390049, -32.878667704032893, 0.0 ], [ -68.869941006412475, -32.878484054052002, 0.0 ], [ -68.869961784187254, -32.878452516378566, 0.0 ], [ -68.870050503963384, -32.87843122762466, 0.0 ], [ -68.8701175224612, -32.878640232267806, 0.0 ] ] ] ] } },
{ "type": "Feature", "properties": { "LAYER": "VM_MOSAICO_PARCELARIO_RIO_", "GM_TYPE": "Unknown Area Type", "MAP_NAME": "Cl_del Oeste_modificado_2026.dwg", "CLOSED": "YES", "BORDER_STY": "Solid", "BORDER_COL": "RGB(255,255,255)", "BORDER_WID": 1, "FILL_STYLE": "No Fill" }, "geometry": { "type": "MultiPolygon", "coordinates": [ [ [ [ -68.870228934316017, -32.878613554082854, 0.0 ], [ -68.870265083611301, -32.878720728110615, 0.0 ], [ -68.870038933133799, -32.878774762667902, 0.0 ], [ -68.870002822390049, -32.878667704032893, 0.0 ], [ -68.8701175224612, -32.878640232267806, 0.0 ], [ -68.870228934316017, -32.878613554082854, 0.0 ] ] ] ] } },
{ "type": "Feature", "properties": { "LAYER": "VM_MOSAICO_PARCELARIO_RIO_", "GM_TYPE": "Unknown Area Type", "MAP_NAME": "Cl_del Oeste_modificado_2026.dwg", "CLOSED": "YES", "BORDER_STY": "Solid", "BORDER_COL": "RGB(255,255,255)", "BORDER_WID": 1, "FILL_STYLE": "No Fill" }, "geometry": { "type": "MultiPolygon", "coordinates": [ [ [ [ -68.870038933133799, -32.878774762667902, 0.0 ], [ -68.870265083611301, -32.878720728110615, 0.0 ], [ -68.870299023675827, -32.878821663722647, 0.0 ], [ -68.870073043659588, -32.878875888774459, 0.0 ], [ -68.870038933133799, -32.878774762667902, 0.0 ] ] ] ] } },
{ "type": "Feature", "properties": { "LAYER": "VM_MOSAICO_PARCELARIO_RIO_", "GM_TYPE": "Unknown Area Type", "MAP_NAME": "Cl_del Oeste_modificado_2026.dwg", "CLOSED": "YES", "BORDER_STY": "Solid", "BORDER_COL": "RGB(255,255,255)", "BORDER_WID": 1, "FILL_STYLE": "No Fill" }, "geometry": { "type": "MultiPolygon", "coordinates": [ [ [ [ -68.870299023675827, -32.878821663722647, 0.0 ], [ -68.870334027948815, -32.878925665283568, 0.0 ], [ -68.870107941224632, -32.878979619778548, 0.0 ], [ -68.870073043659588, -32.878875888774459, 0.0 ], [ -68.870299023675827, -32.878821663722647, 0.0 ] ] ] ] } },
{ "type": "Feature", "properties": { "LAYER": "VM_MOSAICO_PARCELARIO_RIO_", "GM_TYPE": "Unknown Area Type", "MAP_NAME": "Cl_del Oeste_modificado_2026.dwg", "CLOSED": "YES", "BORDER_STY": "Solid", "BORDER_COL": "RGB(255,255,255)", "BORDER_WID": 1, "FILL_STYLE": "No Fill" }, "geometry": { "type": "MultiPolygon", "coordinates": [ [ [ [ -68.870334027948815, -32.878925665283568, 0.0 ], [ -68.870344503848429, -32.878923151401295, 0.0 ], [ -68.870379616009657, -32.879027244130803, 0.0 ], [ -68.870143051668151, -32.879083983079383, 0.0 ], [ -68.870107941224632, -32.878979619778548, 0.0 ], [ -68.870334027948815, -32.878925665283568, 0.0 ] ] ] ] } },
{ "type": "Feature", "properties": { "LAYER": "VM_MOSAICO_PARCELARIO_RIO_", "GM_TYPE": "Unknown Area Type", "MAP_NAME": "Cl_del Oeste_modificado_2026.dwg", "CLOSED": "YES", "BORDER_STY": "Solid", "BORDER_COL": "RGB(255,255,255)", "BORDER_WID": 1, "FILL_STYLE": "No Fill" }, "geometry": { "type": "MultiPolygon", "coordinates": [ [ [ [ -68.870379616009657, -32.879027244130803, 0.0 ], [ -68.870413769253133, -32.879128720042431, 0.0 ], [ -68.870177105812218, -32.8791850964707, 0.0 ], [ -68.870143051668151, -32.879083983079383, 0.0 ], [ -68.870379616009657, -32.879027244130803, 0.0 ] ] ] ] } },
{ "type": "Feature", "properties": { "LAYER": "VM_MOSAICO_PARCELARIO_RIO_", "GM_TYPE": "Unknown Area Type", "MAP_NAME": "Cl_del Oeste_modificado_2026.dwg", "CLOSED": "YES", "BORDER_STY": "Solid", "BORDER_COL": "RGB(255,255,255)", "BORDER_WID": 1, "FILL_STYLE": "No Fill" }, "geometry": { "type": "MultiPolygon", "coordinates": [ [ [ [ -68.870177105812218, -32.8791850964707, 0.0 ], [ -68.870413769253133, -32.879128720042431, 0.0 ], [ -68.870449779686808, -32.879235415967194, 0.0 ], [ -68.870213166732071, -32.879292166717434, 0.0 ], [ -68.870177105812218, -32.8791850964707, 0.0 ] ] ] ] } },
{ "type": "Feature", "properties": { "LAYER": "VM_MOSAICO_PARCELARIO_RIO_", "GM_TYPE": "Unknown Area Type", "MAP_NAME": "Cl_del Oeste_modificado_2026.dwg", "CLOSED": "YES", "BORDER_STY": "Solid", "BORDER_COL": "RGB(255,255,255)", "BORDER_WID": 1, "FILL_STYLE": "No Fill" }, "geometry": { "type": "MultiPolygon", "coordinates": [ [ [ [ -68.870449779686808, -32.879235415967194, 0.0 ], [ -68.870486652064699, -32.879344661859882, 0.0 ], [ -68.870249917449257, -32.879401119501949, 0.0 ], [ -68.870213166732071, -32.879292166717434, 0.0 ], [ -68.870449779686808, -32.879235415967194, 0.0 ] ] ] ] } },
{ "type": "Feature", "properties": { "LAYER": "VM_MOSAICO_PARCELARIO_RIO_", "GM_TYPE": "Unknown Area Type", "MAP_NAME": "Cl_del Oeste_modificado_2026.dwg", "CLOSED": "YES", "BORDER_STY": "Solid", "BORDER_COL": "RGB(255,255,255)", "BORDER_WID": 1, "FILL_STYLE": "No Fill" }, "geometry": { "type": "MultiPolygon", "coordinates": [ [ [ [ -68.870249917449257, -32.879401119501949, 0.0 ], [ -68.870486652064699, -32.879344661859882, 0.0 ], [ -68.870519847480935, -32.879443612004231, 0.0 ], [ -68.870283388981008, -32.879500351322569, 0.0 ], [ -68.870249917449257, -32.879401119501949, 0.0 ] ] ] ] } },
{ "type": "Feature", "properties": { "LAYER": "VM_MOSAICO_PARCELARIO_RIO_", "GM_TYPE": "Unknown Area Type", "MAP_NAME": "Cl_del Oeste_modificado_2026.dwg", "CLOSED": "YES", "BORDER_STY": "Solid", "BORDER_COL": "RGB(255,255,255)", "BORDER_WID": 1, "FILL_STYLE": "No Fill" }, "geometry": { "type": "MultiPolygon", "coordinates": [ [ [ [ -68.870353505764982, -32.87970853577248, 0.0 ], [ -68.870472376065109, -32.879680077049713, 0.0 ], [ -68.870550703360877, -32.879895737711287, 0.0 ], [ -68.870452052895828, -32.879912511667449, 0.0 ], [ -68.870416386380086, -32.879895342545957, 0.0 ], [ -68.870353505764982, -32.87970853577248, 0.0 ] ] ] ] } },
{ "type": "Feature", "properties": { "LAYER": "VM_MOSAICO_PARCELARIO_RIO_", "GM_TYPE": "Unknown Area Type", "MAP_NAME": "Cl_del Oeste_modificado_2026.dwg", "CLOSED": "YES", "BORDER_STY": "Solid", "BORDER_COL": "RGB(255,255,255)", "BORDER_WID": 1, "FILL_STYLE": "No Fill" }, "geometry": { "type": "MultiPolygon", "coordinates": [ [ [ [ -68.870472376065109, -32.879680077049713, 0.0 ], [ -68.870589963705299, -32.879651796323678, 0.0 ], [ -68.870665506572593, -32.879876216690484, 0.0 ], [ -68.870550703360877, -32.879895737711287, 0.0 ], [ -68.870472376065109, -32.879680077049713, 0.0 ] ] ] ] } },
{ "type": "Feature", "properties": { "LAYER": "VM_MOSAICO_PARCELARIO_RIO_", "GM_TYPE": "Unknown Area Type", "MAP_NAME": "Cl_del Oeste_modificado_2026.dwg", "CLOSED": "YES", "BORDER_STY": "Solid", "BORDER_COL": "RGB(255,255,255)", "BORDER_WID": 1, "FILL_STYLE": "No Fill" }, "geometry": { "type": "MultiPolygon", "coordinates": [ [ [ [ -68.870701244157615, -32.87962513291685, 0.0 ], [ -68.870781564650002, -32.879856439877919, 0.0 ], [ -68.870665506572593, -32.879876216690484, 0.0 ], [ -68.870589963705299, -32.879651796323678, 0.0 ], [ -68.870701244157615, -32.87962513291685, 0.0 ] ] ] ] } },
{ "type": "Feature", "properties": { "LAYER": "VM_MOSAICO_PARCELARIO_RIO_", "GM_TYPE": "Unknown Area Type", "MAP_NAME": "Cl_del Oeste_modificado_2026.dwg", "CLOSED": "YES", "BORDER_STY": "Solid", "BORDER_COL": "RGB(255,255,255)", "BORDER_WID": 1, "FILL_STYLE": "No Fill" }, "geometry": { "type": "MultiPolygon", "coordinates": [ [ [ [ -68.870826208563116, -32.879595146376126, 0.0 ], [ -68.870897815394684, -32.879807660187026, 0.0 ], [ -68.870876929334329, -32.879840189760174, 0.0 ], [ -68.870781564650002, -32.879856439877919, 0.0 ], [ -68.870701244157615, -32.87962513291685, 0.0 ], [ -68.870826208563116, -32.879595146376126, 0.0 ] ] ] ] } },
{ "type": "Feature", "properties": { "LAYER": "VM_MOSAICO_PARCELARIO_RIO_", "GM_TYPE": "Unknown Area Type", "MAP_NAME": "Cl_del Oeste_modificado_2026.dwg", "CLOSED": "YES", "BORDER_STY": "Solid", "BORDER_COL": "RGB(255,255,255)", "BORDER_WID": 1, "FILL_STYLE": "No Fill" }, "geometry": { "type": "MultiPolygon", "coordinates": [ [ [ [ -68.870722910745044, -32.879288279019235, 0.0 ], [ -68.87075619762156, -32.8793869622953, 0.0 ], [ -68.870519847480935, -32.879443612004231, 0.0 ], [ -68.870486652064699, -32.879344661859882, 0.0 ], [ -68.870574731054887, -32.879323641681189, 0.0 ], [ -68.870671270908247, -32.879300602280267, 0.0 ], [ -68.870722910745044, -32.879288279019235, 0.0 ] ] ] ] } },
{ "type": "Feature", "properties": { "LAYER": "VM_MOSAICO_PARCELARIO_RIO_", "GM_TYPE": "Unknown Area Type", "MAP_NAME": "Cl_del Oeste_modificado_2026.dwg", "CLOSED": "YES", "BORDER_STY": "Solid", "BORDER_COL": "RGB(255,255,255)", "BORDER_WID": 1, "FILL_STYLE": "No Fill" }, "geometry": { "type": "MultiPolygon", "coordinates": [ [ [ [ -68.870615858274462, -32.878970593668313, 0.0 ], [ -68.870650125714036, -32.879072339241176, 0.0 ], [ -68.870413769253133, -32.879128720042431, 0.0 ], [ -68.870379616009657, -32.879027244130803, 0.0 ], [ -68.870615858274462, -32.878970593668313, 0.0 ] ] ] ] } },
{ "type": "Feature", "properties": { "LAYER": "VM_MOSAICO_PARCELARIO_RIO_", "GM_TYPE": "Unknown Area Type", "MAP_NAME": "Cl_del Oeste_modificado_2026.dwg", "CLOSED": "YES", "BORDER_STY": "Solid", "BORDER_COL": "RGB(255,255,255)", "BORDER_WID": 1, "FILL_STYLE": "No Fill" }, "geometry": { "type": "MultiPolygon", "coordinates": [ [ [ [ -68.870344503848429, -32.878923151401295, 0.0 ], [ -68.870580853654559, -32.878866592186135, 0.0 ], [ -68.870615858274462, -32.878970593668313, 0.0 ], [ -68.870379616009657, -32.879027244130803, 0.0 ], [ -68.870344503848429, -32.878923151401295, 0.0 ] ] ] ] } },
{ "type": "Feature", "properties": { "LAYER": "VM_MOSAICO_PARCELARIO_RIO_", "GM_TYPE": "Unknown Area Type", "MAP_NAME": "Cl_del Oeste_modificado_2026.dwg", "CLOSED": "YES", "BORDER_STY": "Solid", "BORDER_COL": "RGB(255,255,255)", "BORDER_WID": 1, "FILL_STYLE": "No Fill" }, "geometry": { "type": "MultiPolygon", "coordinates": [ [ [ [ -68.870455102822675, -32.878559253198979, 0.0 ], [ -68.870491224232438, -32.878666669689395, 0.0 ], [ -68.870265083611301, -32.878720728110615, 0.0 ], [ -68.870228934316017, -32.878613554082854, 0.0 ], [ -68.870239185691119, -32.87861109948804, 0.0 ], [ -68.870350343060991, -32.87858448134422, 0.0 ], [ -68.870455102822675, -32.878559253198979, 0.0 ] ] ] ] } },
{ "type": "Feature", "properties": { "LAYER": "VM_MOSAICO_PARCELARIO_RIO_", "GM_TYPE": "Unknown Area Type", "MAP_NAME": "Cl_del Oeste_modificado_2026.dwg", "CLOSED": "YES", "BORDER_STY": "Solid", "BORDER_COL": "RGB(255,255,255)", "BORDER_WID": 1, "FILL_STYLE": "No Fill" }, "geometry": { "type": "MultiPolygon", "coordinates": [ [ [ [ -68.870050503963384, -32.87843122762466, 0.0 ], [ -68.870169056333864, -32.878402780573701, 0.0 ], [ -68.87027991948969, -32.878376239731494, 0.0 ], [ -68.870350343060991, -32.87858448134422, 0.0 ], [ -68.870239185691119, -32.87861109948804, 0.0 ], [ -68.870228934316017, -32.878613554082854, 0.0 ], [ -68.8701175224612, -32.878640232267806, 0.0 ], [ -68.870050503963384, -32.87843122762466, 0.0 ] ] ] ] } },
{ "type": "Feature", "properties": { "LAYER": "VM_MOSAICO_PARCELARIO_RIO_", "GM_TYPE": "Unknown Area Type", "MAP_NAME": "Cl_del Oeste_modificado_2026.dwg", "CLOSED": "YES", "BORDER_STY": "Solid", "BORDER_COL": "RGB(255,255,255)", "BORDER_WID": 1, "FILL_STYLE": "No Fill" }, "geometry": { "type": "MultiPolygon", "coordinates": [ [ [ [ -68.870265083611301, -32.878720728110615, 0.0 ], [ -68.870491224232438, -32.878666669689395, 0.0 ], [ -68.870525111347277, -32.878767437471446, 0.0 ], [ -68.870554370488918, -32.878854211579302, 0.0 ], [ -68.870580853654559, -32.878866592186135, 0.0 ], [ -68.870344503848429, -32.878923151401295, 0.0 ], [ -68.870334027948815, -32.878925665283568, 0.0 ], [ -68.870299023675827, -32.878821663722647, 0.0 ], [ -68.870265083611301, -32.878720728110615, 0.0 ] ] ] ] } },
{ "type": "Feature", "properties": { "LAYER": "VM_MOSAICO_PARCELARIO_RIO_", "GM_TYPE": "Unknown Area Type", "MAP_NAME": "Cl_del Oeste_modificado_2026.dwg", "CLOSED": "YES", "BORDER_STY": "Solid", "BORDER_COL": "RGB(255,255,255)", "BORDER_WID": 1, "FILL_STYLE": "No Fill" }, "geometry": { "type": "MultiPolygon", "coordinates": [ [ [ [ -68.870519847480935, -32.879443612004231, 0.0 ], [ -68.87075619762156, -32.8793869622953, 0.0 ], [ -68.870826208563116, -32.879595146376126, 0.0 ], [ -68.870701244157615, -32.87962513291685, 0.0 ], [ -68.870589963705299, -32.879651796323678, 0.0 ], [ -68.870555809931332, -32.879550410636817, 0.0 ], [ -68.870519847480935, -32.879443612004231, 0.0 ] ] ] ] } },
{ "type": "Feature", "properties": { "LAYER": "VM_MOSAICO_PARCELARIO_RIO_", "GM_TYPE": "Unknown Area Type", "MAP_NAME": "Cl_del Oeste_modificado_2026.dwg", "CLOSED": "YES", "BORDER_STY": "Solid", "BORDER_COL": "RGB(255,255,255)", "BORDER_WID": 1, "FILL_STYLE": "No Fill" }, "geometry": { "type": "MultiPolygon", "coordinates": [ [ [ [ -68.870519847480935, -32.879443612004231, 0.0 ], [ -68.870555809931332, -32.879550410636817, 0.0 ], [ -68.870589963705299, -32.879651796323678, 0.0 ], [ -68.870472376065109, -32.879680077049713, 0.0 ], [ -68.870353505764982, -32.87970853577248, 0.0 ], [ -68.870283388981008, -32.879500351322569, 0.0 ], [ -68.870519847480935, -32.879443612004231, 0.0 ] ] ] ] } },
{ "type": "Feature", "properties": { "LAYER": "VM_MOSAICO_PARCELARIO_RIO_", "GM_TYPE": "Unknown Area Type", "MAP_NAME": "Cl_del Oeste_modificado_2026.dwg", "CLOSED": "YES", "BORDER_STY": "Solid", "BORDER_COL": "RGB(255,255,255)", "BORDER_WID": 1, "FILL_STYLE": "No Fill" }, "geometry": { "type": "MultiPolygon", "coordinates": [ [ [ [ -68.870413769253133, -32.879128720042431, 0.0 ], [ -68.870650125714036, -32.879072339241176, 0.0 ], [ -68.870685974354899, -32.879178777949299, 0.0 ], [ -68.870722910745044, -32.879288279019235, 0.0 ], [ -68.870671270908247, -32.879300602280267, 0.0 ], [ -68.870574731054887, -32.879323641681189, 0.0 ], [ -68.870486652064699, -32.879344661859882, 0.0 ], [ -68.870449779686808, -32.879235415967194, 0.0 ], [ -68.870413769253133, -32.879128720042431, 0.0 ] ] ] ] } },
{ "type": "Feature", "properties": { "LAYER": "VM_MOSAICO_PARCELARIO_RIO_", "GM_TYPE": "Unknown Area Type", "MAP_NAME": "Cl_del Oeste_modificado_2026.dwg", "CLOSED": "YES", "BORDER_STY": "Solid", "BORDER_COL": "RGB(255,255,255)", "BORDER_WID": 1, "FILL_STYLE": "No Fill" }, "geometry": { "type": "MultiPolygon", "coordinates": [ [ [ [ -68.871450989273796, -32.87785165133355, 0.0 ], [ -68.87166574186368, -32.877800116438983, 0.0 ], [ -68.871700813405596, -32.877904244844004, 0.0 ], [ -68.871474557427959, -32.877957895073457, 0.0 ], [ -68.871439658405734, -32.87785434476924, 0.0 ], [ -68.871450989273796, -32.87785165133355, 0.0 ] ] ] ] } },
{ "type": "Feature", "properties": { "LAYER": "VM_MOSAICO_PARCELARIO_RIO_", "GM_TYPE": "Unknown Area Type", "MAP_NAME": "Cl_del Oeste_modificado_2026.dwg", "CLOSED": "YES", "BORDER_STY": "Solid", "BORDER_COL": "RGB(255,255,255)", "BORDER_WID": 1, "FILL_STYLE": "No Fill" }, "geometry": { "type": "MultiPolygon", "coordinates": [ [ [ [ -68.871439658405734, -32.87785434476924, 0.0 ], [ -68.871474557427959, -32.877957895073457, 0.0 ], [ -68.871248266934842, -32.878011579121583, 0.0 ], [ -68.871213573606582, -32.877908571786882, 0.0 ], [ -68.871439658405734, -32.87785434476924, 0.0 ] ] ] ] } },
{ "type": "Feature", "properties": { "LAYER": "VM_MOSAICO_PARCELARIO_RIO_", "GM_TYPE": "Unknown Area Type", "MAP_NAME": "Cl_del Oeste_modificado_2026.dwg", "CLOSED": "YES", "BORDER_STY": "Solid", "BORDER_COL": "RGB(255,255,255)", "BORDER_WID": 1, "FILL_STYLE": "No Fill" }, "geometry": { "type": "MultiPolygon", "coordinates": [ [ [ [ -68.871248266934842, -32.878011579121583, 0.0 ], [ -68.871474557427959, -32.877957895073457, 0.0 ], [ -68.871509775543757, -32.878062528628206, 0.0 ], [ -68.871283691326482, -32.878116755770712, 0.0 ], [ -68.871248266934842, -32.878011579121583, 0.0 ] ] ] ] } },
{ "type": "Feature", "properties": { "LAYER": "VM_MOSAICO_PARCELARIO_RIO_", "GM_TYPE": "Unknown Area Type", "MAP_NAME": "Cl_del Oeste_modificado_2026.dwg", "CLOSED": "YES", "BORDER_STY": "Solid", "BORDER_COL": "RGB(255,255,255)", "BORDER_WID": 1, "FILL_STYLE": "No Fill" }, "geometry": { "type": "MultiPolygon", "coordinates": [ [ [ [ -68.871509775543757, -32.878062528628206, 0.0 ], [ -68.871544462181717, -32.878165267167219, 0.0 ], [ -68.871317945699857, -32.878218233358673, 0.0 ], [ -68.871283691326482, -32.878116755770712, 0.0 ], [ -68.871509775543757, -32.878062528628206, 0.0 ] ] ] ] } },
{ "type": "Feature", "properties": { "LAYER": "VM_MOSAICO_PARCELARIO_RIO_", "GM_TYPE": "Unknown Area Type", "MAP_NAME": "Cl_del Oeste_modificado_2026.dwg", "CLOSED": "YES", "BORDER_STY": "Solid", "BORDER_COL": "RGB(255,255,255)", "BORDER_WID": 1, "FILL_STYLE": "No Fill" }, "geometry": { "type": "MultiPolygon", "coordinates": [ [ [ [ -68.871544462181717, -32.878165267167219, 0.0 ], [ -68.87155483096943, -32.8781628432424, 0.0 ], [ -68.871587389234705, -32.878259539136394, 0.0 ], [ -68.871496397388555, -32.878281373975611, 0.0 ], [ -68.871404486192986, -32.878303429619933, 0.0 ], [ -68.871351042481621, -32.878316280604153, 0.0 ], [ -68.871317945699857, -32.878218233358673, 0.0 ], [ -68.871544462181717, -32.878165267167219, 0.0 ] ] ] ] } },
{ "type": "Feature", "properties": { "LAYER": "VM_MOSAICO_PARCELARIO_RIO_", "GM_TYPE": "Unknown Area Type", "MAP_NAME": "Cl_del Oeste_modificado_2026.dwg", "CLOSED": "YES", "BORDER_STY": "Solid", "BORDER_COL": "RGB(255,255,255)", "BORDER_WID": 1, "FILL_STYLE": "No Fill" }, "geometry": { "type": "MultiPolygon", "coordinates": [ [ [ [ -68.871587389234705, -32.878259539136394, 0.0 ], [ -68.871620161837811, -32.878356595016342, 0.0 ], [ -68.871501813452483, -32.878384743389205, 0.0 ], [ -68.871444440423502, -32.878398389276938, 0.0 ], [ -68.871383541826859, -32.878412963864292, 0.0 ], [ -68.871351042481621, -32.878316280604153, 0.0 ], [ -68.871404486192986, -32.878303429619933, 0.0 ], [ -68.871496397388555, -32.878281373975611, 0.0 ], [ -68.871587389234705, -32.878259539136394, 0.0 ] ] ] ] } },
{ "type": "Feature", "properties": { "LAYER": "VM_MOSAICO_PARCELARIO_RIO_", "GM_TYPE": "Unknown Area Type", "MAP_NAME": "Cl_del Oeste_modificado_2026.dwg", "CLOSED": "YES", "BORDER_STY": "Solid", "BORDER_COL": "RGB(255,255,255)", "BORDER_WID": 1, "FILL_STYLE": "No Fill" }, "geometry": { "type": "MultiPolygon", "coordinates": [ [ [ [ -68.871620161837811, -32.878356595016342, 0.0 ], [ -68.871651655945058, -32.878450313307845, 0.0 ], [ -68.871415200668082, -32.878507144952408, 0.0 ], [ -68.871383541826859, -32.878412963864292, 0.0 ], [ -68.871444440423502, -32.878398389276938, 0.0 ], [ -68.871501813452483, -32.878384743389205, 0.0 ], [ -68.871620161837811, -32.878356595016342, 0.0 ] ] ] ] } },
{ "type": "Feature", "properties": { "LAYER": "VM_MOSAICO_PARCELARIO_RIO_", "GM_TYPE": "Unknown Area Type", "MAP_NAME": "Cl_del Oeste_modificado_2026.dwg", "CLOSED": "YES", "BORDER_STY": "Solid", "BORDER_COL": "RGB(255,255,255)", "BORDER_WID": 1, "FILL_STYLE": "No Fill" }, "geometry": { "type": "MultiPolygon", "coordinates": [ [ [ [ -68.871651655945058, -32.878450313307845, 0.0 ], [ -68.871685597870112, -32.87855097804389, 0.0 ], [ -68.871448914444414, -32.878607272107523, 0.0 ], [ -68.871415200668082, -32.878507144952408, 0.0 ], [ -68.871651655945058, -32.878450313307845, 0.0 ] ] ] ] } },
{ "type": "Feature", "properties": { "LAYER": "VM_MOSAICO_PARCELARIO_RIO_", "GM_TYPE": "Unknown Area Type", "MAP_NAME": "Cl_del Oeste_modificado_2026.dwg", "CLOSED": "YES", "BORDER_STY": "Solid", "BORDER_COL": "RGB(255,255,255)", "BORDER_WID": 1, "FILL_STYLE": "No Fill" }, "geometry": { "type": "MultiPolygon", "coordinates": [ [ [ [ -68.871448914444414, -32.878607272107523, 0.0 ], [ -68.871685597870112, -32.87855097804389, 0.0 ], [ -68.87171592172966, -32.878641178510904, 0.0 ], [ -68.871479465986098, -32.878698010274093, 0.0 ], [ -68.871448914444414, -32.878607272107523, 0.0 ] ] ] ] } },
{ "type": "Feature", "properties": { "LAYER": "VM_MOSAICO_PARCELARIO_RIO_", "GM_TYPE": "Unknown Area Type", "MAP_NAME": "Cl_del Oeste_modificado_2026.dwg", "CLOSED": "YES", "BORDER_STY": "Solid", "BORDER_COL": "RGB(255,255,255)", "BORDER_WID": 1, "FILL_STYLE": "No Fill" }, "geometry": { "type": "MultiPolygon", "coordinates": [ [ [ [ -68.87171592172966, -32.878641178510904, 0.0 ], [ -68.871746777867401, -32.878732823126576, 0.0 ], [ -68.871510180452162, -32.878789186822402, 0.0 ], [ -68.871479465986098, -32.878698010274093, 0.0 ], [ -68.87171592172966, -32.878641178510904, 0.0 ] ] ] ] } },
{ "type": "Feature", "properties": { "LAYER": "VM_MOSAICO_PARCELARIO_RIO_", "GM_TYPE": "Unknown Area Type", "MAP_NAME": "Cl_del Oeste_modificado_2026.dwg", "CLOSED": "YES", "BORDER_STY": "Solid", "BORDER_COL": "RGB(255,255,255)", "BORDER_WID": 1, "FILL_STYLE": "No Fill" }, "geometry": { "type": "MultiPolygon", "coordinates": [ [ [ [ -68.871510180452162, -32.878789186822402, 0.0 ], [ -68.871746777867401, -32.878732823126576, 0.0 ], [ -68.871780187788417, -32.878832043675835, 0.0 ], [ -68.871543732776928, -32.878888785389485, 0.0 ], [ -68.871510180452162, -32.878789186822402, 0.0 ] ] ] ] } },
{ "type": "Feature", "properties": { "LAYER": "VM_MOSAICO_PARCELARIO_RIO_", "GM_TYPE": "Unknown Area Type", "MAP_NAME": "Cl_del Oeste_modificado_2026.dwg", "CLOSED": "YES", "BORDER_STY": "Solid", "BORDER_COL": "RGB(255,255,255)", "BORDER_WID": 1, "FILL_STYLE": "No Fill" }, "geometry": { "type": "MultiPolygon", "coordinates": [ [ [ [ -68.871780187788417, -32.878832043675835, 0.0 ], [ -68.871813491832583, -32.878930632920621, 0.0 ], [ -68.871576794648746, -32.878986930814143, 0.0 ], [ -68.871543732776928, -32.878888785389485, 0.0 ], [ -68.871780187788417, -32.878832043675835, 0.0 ] ] ] ] } },
{ "type": "Feature", "properties": { "LAYER": "VM_MOSAICO_PARCELARIO_RIO_", "GM_TYPE": "Unknown Area Type", "MAP_NAME": "Cl_del Oeste_modificado_2026.dwg", "CLOSED": "YES", "BORDER_STY": "Solid", "BORDER_COL": "RGB(255,255,255)", "BORDER_WID": 1, "FILL_STYLE": "No Fill" }, "geometry": { "type": "MultiPolygon", "coordinates": [ [ [ [ -68.871576794648746, -32.878986930814143, 0.0 ], [ -68.871813491832583, -32.878930632920621, 0.0 ], [ -68.871844455319689, -32.879022818634439, 0.0 ], [ -68.8716079987732, -32.879079560465591, 0.0 ], [ -68.871576794648746, -32.878986930814143, 0.0 ] ] ] ] } },
{ "type": "Feature", "properties": { "LAYER": "VM_MOSAICO_PARCELARIO_RIO_", "GM_TYPE": "Unknown Area Type", "MAP_NAME": "Cl_del Oeste_modificado_2026.dwg", "CLOSED": "YES", "BORDER_STY": "Solid", "BORDER_COL": "RGB(255,255,255)", "BORDER_WID": 1, "FILL_STYLE": "No Fill" }, "geometry": { "type": "MultiPolygon", "coordinates": [ [ [ [ -68.871844455319689, -32.879022818634439, 0.0 ], [ -68.871878397680121, -32.879123482408353, 0.0 ], [ -68.871641800470741, -32.879179781426537, 0.0 ], [ -68.8716079987732, -32.879079560465591, 0.0 ], [ -68.871844455319689, -32.879022818634439, 0.0 ] ] ] ] } },
{ "type": "Feature", "properties": { "LAYER": "VM_MOSAICO_PARCELARIO_RIO_", "GM_TYPE": "Unknown Area Type", "MAP_NAME": "Cl_del Oeste_modificado_2026.dwg", "CLOSED": "YES", "BORDER_STY": "Solid", "BORDER_COL": "RGB(255,255,255)", "BORDER_WID": 1, "FILL_STYLE": "No Fill" }, "geometry": { "type": "MultiPolygon", "coordinates": [ [ [ [ -68.871641800470741, -32.879179781426537, 0.0 ], [ -68.871878397680121, -32.879123482408353, 0.0 ], [ -68.871908721926701, -32.879213683722995, 0.0 ], [ -68.871672371773371, -32.87927042578243, 0.0 ], [ -68.871641800470741, -32.879179781426537, 0.0 ] ] ] ] } },
{ "type": "Feature", "properties": { "LAYER": "VM_MOSAICO_PARCELARIO_RIO_", "GM_TYPE": "Unknown Area Type", "MAP_NAME": "Cl_del Oeste_modificado_2026.dwg", "CLOSED": "YES", "BORDER_STY": "Solid", "BORDER_COL": "RGB(255,255,255)", "BORDER_WID": 1, "FILL_STYLE": "No Fill" }, "geometry": { "type": "MultiPolygon", "coordinates": [ [ [ [ -68.871908721926701, -32.879213683722995, 0.0 ], [ -68.871942557960892, -32.8793140768597, 0.0 ], [ -68.871706013603188, -32.879370453596707, 0.0 ], [ -68.871672371773371, -32.87927042578243, 0.0 ], [ -68.871908721926701, -32.879213683722995, 0.0 ] ] ] ] } },
{ "type": "Feature", "properties": { "LAYER": "VM_MOSAICO_PARCELARIO_RIO_", "GM_TYPE": "Unknown Area Type", "MAP_NAME": "Cl_del Oeste_modificado_2026.dwg", "CLOSED": "YES", "BORDER_STY": "Solid", "BORDER_COL": "RGB(255,255,255)", "BORDER_WID": 1, "FILL_STYLE": "No Fill" }, "geometry": { "type": "MultiPolygon", "coordinates": [ [ [ [ -68.871706013603188, -32.879370453596707, 0.0 ], [ -68.871942557960892, -32.8793140768597, 0.0 ], [ -68.871972988938822, -32.879404457702478, 0.0 ], [ -68.871736532527805, -32.879461199771967, 0.0 ], [ -68.871706013603188, -32.879370453596707, 0.0 ] ] ] ] } },
{ "type": "Feature", "properties": { "LAYER": "VM_MOSAICO_PARCELARIO_RIO_", "GM_TYPE": "Unknown Area Type", "MAP_NAME": "Cl_del Oeste_modificado_2026.dwg", "CLOSED": "YES", "BORDER_STY": "Solid", "BORDER_COL": "RGB(255,255,255)", "BORDER_WID": 1, "FILL_STYLE": "No Fill" }, "geometry": { "type": "MultiPolygon", "coordinates": [ [ [ [ -68.871736532527805, -32.879461199771967, 0.0 ], [ -68.871972988938822, -32.879404457702478, 0.0 ], [ -68.872013102909733, -32.879523613369479, 0.0 ], [ -68.871776566720442, -32.879579898272979, 0.0 ], [ -68.871736532527805, -32.879461199771967, 0.0 ] ] ] ] } },
{ "type": "Feature", "properties": { "LAYER": "VM_MOSAICO_PARCELARIO_RIO_", "GM_TYPE": "Unknown Area Type", "MAP_NAME": "Cl_del Oeste_modificado_2026.dwg", "CLOSED": "YES", "BORDER_STY": "Solid", "BORDER_COL": "RGB(255,255,255)", "BORDER_WID": 1, "FILL_STYLE": "No Fill" }, "geometry": { "type": "MultiPolygon", "coordinates": [ [ [ [ -68.872013102909733, -32.879523613369479, 0.0 ], [ -68.872048849443459, -32.87962949072412, 0.0 ], [ -68.871836468497236, -32.879667431147993, 0.0 ], [ -68.87179962920483, -32.87964827659097, 0.0 ], [ -68.871776566720442, -32.879579898272979, 0.0 ], [ -68.872013102909733, -32.879523613369479, 0.0 ] ] ] ] } },
{ "type": "Feature", "properties": { "LAYER": "VM_MOSAICO_PARCELARIO_RIO_", "GM_TYPE": "Unknown Area Type", "MAP_NAME": "Cl_del Oeste_modificado_2026.dwg", "CLOSED": "YES", "BORDER_STY": "Solid", "BORDER_COL": "RGB(255,255,255)", "BORDER_WID": 1, "FILL_STYLE": "No Fill" }, "geometry": { "type": "MultiPolygon", "coordinates": [ [ [ [ -68.871942557960892, -32.8793140768597, 0.0 ], [ -68.872179254716229, -32.879257779179156, 0.0 ], [ -68.872209552978475, -32.879347715294969, 0.0 ], [ -68.871972988938822, -32.879404457702478, 0.0 ], [ -68.871942557960892, -32.8793140768597, 0.0 ] ] ] ] } },
{ "type": "Feature", "properties": { "LAYER": "VM_MOSAICO_PARCELARIO_RIO_", "GM_TYPE": "Unknown Area Type", "MAP_NAME": "Cl_del Oeste_modificado_2026.dwg", "CLOSED": "YES", "BORDER_STY": "Solid", "BORDER_COL": "RGB(255,255,255)", "BORDER_WID": 1, "FILL_STYLE": "No Fill" }, "geometry": { "type": "MultiPolygon", "coordinates": [ [ [ [ -68.872145284432392, -32.879156940531388, 0.0 ], [ -68.872179254716229, -32.879257779179156, 0.0 ], [ -68.871942557960892, -32.8793140768597, 0.0 ], [ -68.871908721926701, -32.879213683722995, 0.0 ], [ -68.872145284432392, -32.879156940531388, 0.0 ] ] ] ] } },
{ "type": "Feature", "properties": { "LAYER": "VM_MOSAICO_PARCELARIO_RIO_", "GM_TYPE": "Unknown Area Type", "MAP_NAME": "Cl_del Oeste_modificado_2026.dwg", "CLOSED": "YES", "BORDER_STY": "Solid", "BORDER_COL": "RGB(255,255,255)", "BORDER_WID": 1, "FILL_STYLE": "No Fill" }, "geometry": { "type": "MultiPolygon", "coordinates": [ [ [ [ -68.871878397680121, -32.879123482408353, 0.0 ], [ -68.872115010625862, -32.879067179350976, 0.0 ], [ -68.872145284432392, -32.879156940531388, 0.0 ], [ -68.871908721926701, -32.879213683722995, 0.0 ], [ -68.871878397680121, -32.879123482408353, 0.0 ] ] ] ] } },
{ "type": "Feature", "properties": { "LAYER": "VM_MOSAICO_PARCELARIO_RIO_", "GM_TYPE": "Unknown Area Type", "MAP_NAME": "Cl_del Oeste_modificado_2026.dwg", "CLOSED": "YES", "BORDER_STY": "Solid", "BORDER_COL": "RGB(255,255,255)", "BORDER_WID": 1, "FILL_STYLE": "No Fill" }, "geometry": { "type": "MultiPolygon", "coordinates": [ [ [ [ -68.872080910497715, -32.878966076353898, 0.0 ], [ -68.872115010625862, -32.879067179350976, 0.0 ], [ -68.871878397680121, -32.879123482408353, 0.0 ], [ -68.871844455319689, -32.879022818634439, 0.0 ], [ -68.872080910497715, -32.878966076353898, 0.0 ] ] ] ] } },
{ "type": "Feature", "properties": { "LAYER": "VM_MOSAICO_PARCELARIO_RIO_", "GM_TYPE": "Unknown Area Type", "MAP_NAME": "Cl_del Oeste_modificado_2026.dwg", "CLOSED": "YES", "BORDER_STY": "Solid", "BORDER_COL": "RGB(255,255,255)", "BORDER_WID": 1, "FILL_STYLE": "No Fill" }, "geometry": { "type": "MultiPolygon", "coordinates": [ [ [ [ -68.871813491832583, -32.878930632920621, 0.0 ], [ -68.872050011306101, -32.87887435243038, 0.0 ], [ -68.872080910497715, -32.878966076353898, 0.0 ], [ -68.871844455319689, -32.879022818634439, 0.0 ], [ -68.871813491832583, -32.878930632920621, 0.0 ] ] ] ] } },
{ "type": "Feature", "properties": { "LAYER": "VM_MOSAICO_PARCELARIO_RIO_", "GM_TYPE": "Unknown Area Type", "MAP_NAME": "Cl_del Oeste_modificado_2026.dwg", "CLOSED": "YES", "BORDER_STY": "Solid", "BORDER_COL": "RGB(255,255,255)", "BORDER_WID": 1, "FILL_STYLE": "No Fill" }, "geometry": { "type": "MultiPolygon", "coordinates": [ [ [ [ -68.872016643568614, -32.878775301514999, 0.0 ], [ -68.872050011306101, -32.87887435243038, 0.0 ], [ -68.871813491832583, -32.878930632920621, 0.0 ], [ -68.871780187788417, -32.878832043675835, 0.0 ], [ -68.872016643568614, -32.878775301514999, 0.0 ] ] ] ] } },
{ "type": "Feature", "properties": { "LAYER": "VM_MOSAICO_PARCELARIO_RIO_", "GM_TYPE": "Unknown Area Type", "MAP_NAME": "Cl_del Oeste_modificado_2026.dwg", "CLOSED": "YES", "BORDER_STY": "Solid", "BORDER_COL": "RGB(255,255,255)", "BORDER_WID": 1, "FILL_STYLE": "No Fill" }, "geometry": { "type": "MultiPolygon", "coordinates": [ [ [ [ -68.871746777867401, -32.878732823126576, 0.0 ], [ -68.871983418553185, -32.878676628544945, 0.0 ], [ -68.872016643568614, -32.878775301514999, 0.0 ], [ -68.871780187788417, -32.878832043675835, 0.0 ], [ -68.871746777867401, -32.878732823126576, 0.0 ] ] ] ] } },
{ "type": "Feature", "properties": { "LAYER": "VM_MOSAICO_PARCELARIO_RIO_", "GM_TYPE": "Unknown Area Type", "MAP_NAME": "Cl_del Oeste_modificado_2026.dwg", "CLOSED": "YES", "BORDER_STY": "Solid", "BORDER_COL": "RGB(255,255,255)", "BORDER_WID": 1, "FILL_STYLE": "No Fill" }, "geometry": { "type": "MultiPolygon", "coordinates": [ [ [ [ -68.871952375974629, -32.878584436467605, 0.0 ], [ -68.871983418553185, -32.878676628544945, 0.0 ], [ -68.871746777867401, -32.878732823126576, 0.0 ], [ -68.87171592172966, -32.878641178510904, 0.0 ], [ -68.871952375974629, -32.878584436467605, 0.0 ] ] ] ] } },
{ "type": "Feature", "properties": { "LAYER": "VM_MOSAICO_PARCELARIO_RIO_", "GM_TYPE": "Unknown Area Type", "MAP_NAME": "Cl_del Oeste_modificado_2026.dwg", "CLOSED": "YES", "BORDER_STY": "Solid", "BORDER_COL": "RGB(255,255,255)", "BORDER_WID": 1, "FILL_STYLE": "No Fill" }, "geometry": { "type": "MultiPolygon", "coordinates": [ [ [ [ -68.871685597870112, -32.87855097804389, 0.0 ], [ -68.871922157036494, -32.87849468701107, 0.0 ], [ -68.871952375974629, -32.878584436467605, 0.0 ], [ -68.87171592172966, -32.878641178510904, 0.0 ], [ -68.871685597870112, -32.87855097804389, 0.0 ] ] ] ] } },
{ "type": "Feature", "properties": { "LAYER": "VM_MOSAICO_PARCELARIO_RIO_", "GM_TYPE": "Unknown Area Type", "MAP_NAME": "Cl_del Oeste_modificado_2026.dwg", "CLOSED": "YES", "BORDER_STY": "Solid", "BORDER_COL": "RGB(255,255,255)", "BORDER_WID": 1, "FILL_STYLE": "No Fill" }, "geometry": { "type": "MultiPolygon", "coordinates": [ [ [ [ -68.871888109723386, -32.87839357138315, 0.0 ], [ -68.871922157036494, -32.87849468701107, 0.0 ], [ -68.871685597870112, -32.87855097804389, 0.0 ], [ -68.871651655945058, -32.878450313307845, 0.0 ], [ -68.871888109723386, -32.87839357138315, 0.0 ] ] ] ] } },
{ "type": "Feature", "properties": { "LAYER": "VM_MOSAICO_PARCELARIO_RIO_", "GM_TYPE": "Unknown Area Type", "MAP_NAME": "Cl_del Oeste_modificado_2026.dwg", "CLOSED": "YES", "BORDER_STY": "Solid", "BORDER_COL": "RGB(255,255,255)", "BORDER_WID": 1, "FILL_STYLE": "No Fill" }, "geometry": { "type": "MultiPolygon", "coordinates": [ [ [ [ -68.871620161837811, -32.878356595016342, 0.0 ], [ -68.871856692736046, -32.878300310387679, 0.0 ], [ -68.871888109723386, -32.87839357138315, 0.0 ], [ -68.871651655945058, -32.878450313307845, 0.0 ], [ -68.871620161837811, -32.878356595016342, 0.0 ] ] ] ] } },
{ "type": "Feature", "properties": { "LAYER": "VM_MOSAICO_PARCELARIO_RIO_", "GM_TYPE": "Unknown Area Type", "MAP_NAME": "Cl_del Oeste_modificado_2026.dwg", "CLOSED": "YES", "BORDER_STY": "Solid", "BORDER_COL": "RGB(255,255,255)", "BORDER_WID": 1, "FILL_STYLE": "No Fill" }, "geometry": { "type": "MultiPolygon", "coordinates": [ [ [ [ -68.871823843616511, -32.878202796429747, 0.0 ], [ -68.871856692736046, -32.878300310387679, 0.0 ], [ -68.871620161837811, -32.878356595016342, 0.0 ], [ -68.871587389234705, -32.878259539136394, 0.0 ], [ -68.871676434465641, -32.878238171114489, 0.0 ], [ -68.87175393383329, -32.878219586441944, 0.0 ], [ -68.871823843616511, -32.878202796429747, 0.0 ] ] ] ] } },
{ "type": "Feature", "properties": { "LAYER": "VM_MOSAICO_PARCELARIO_RIO_", "GM_TYPE": "Unknown Area Type", "MAP_NAME": "Cl_del Oeste_modificado_2026.dwg", "CLOSED": "YES", "BORDER_STY": "Solid", "BORDER_COL": "RGB(255,255,255)", "BORDER_WID": 1, "FILL_STYLE": "No Fill" }, "geometry": { "type": "MultiPolygon", "coordinates": [ [ [ [ -68.87155483096943, -32.8781628432424, 0.0 ], [ -68.871791710600306, -32.878107454474183, 0.0 ], [ -68.871823843616511, -32.878202796429747, 0.0 ], [ -68.87175393383329, -32.878219586441944, 0.0 ], [ -68.871676434465641, -32.878238171114489, 0.0 ], [ -68.871587389234705, -32.878259539136394, 0.0 ], [ -68.87155483096943, -32.8781628432424, 0.0 ] ] ] ] } },
{ "type": "Feature", "properties": { "LAYER": "VM_MOSAICO_PARCELARIO_RIO_", "GM_TYPE": "Unknown Area Type", "MAP_NAME": "Cl_del Oeste_modificado_2026.dwg", "CLOSED": "YES", "BORDER_STY": "Solid", "BORDER_COL": "RGB(255,255,255)", "BORDER_WID": 1, "FILL_STYLE": "No Fill" }, "geometry": { "type": "MultiPolygon", "coordinates": [ [ [ [ -68.871735860556925, -32.878008300175317, 0.0 ], [ -68.871765013903754, -32.878094983734037, 0.0 ], [ -68.871791710600306, -32.878107454474183, 0.0 ], [ -68.87155483096943, -32.8781628432424, 0.0 ], [ -68.871544462181717, -32.878165267167219, 0.0 ], [ -68.871509775543757, -32.878062528628206, 0.0 ], [ -68.871577654159864, -32.878046277682742, 0.0 ], [ -68.871669691183101, -32.878024192283029, 0.0 ], [ -68.871735860556925, -32.878008300175317, 0.0 ] ] ] ] } },
{ "type": "Feature", "properties": { "LAYER": "VM_MOSAICO_PARCELARIO_RIO_", "GM_TYPE": "Unknown Area Type", "MAP_NAME": "Cl_del Oeste_modificado_2026.dwg", "CLOSED": "YES", "BORDER_STY": "Solid", "BORDER_COL": "RGB(255,255,255)", "BORDER_WID": 1, "FILL_STYLE": "No Fill" }, "geometry": { "type": "MultiPolygon", "coordinates": [ [ [ [ -68.871474557427959, -32.877957895073457, 0.0 ], [ -68.871700813405596, -32.877904244844004, 0.0 ], [ -68.871735860556925, -32.878008300175317, 0.0 ], [ -68.871669691183101, -32.878024192283029, 0.0 ], [ -68.871577654159864, -32.878046277682742, 0.0 ], [ -68.871509775543757, -32.878062528628206, 0.0 ], [ -68.871474557427959, -32.877957895073457, 0.0 ] ] ] ] } },
{ "type": "Feature", "properties": { "LAYER": "VM_MOSAICO_PARCELARIO_RIO_", "GM_TYPE": "Unknown Area Type", "MAP_NAME": "Cl_del Oeste_modificado_2026.dwg", "CLOSED": "YES", "BORDER_STY": "Solid", "BORDER_COL": "RGB(255,255,255)", "BORDER_WID": 1, "FILL_STYLE": "No Fill" }, "geometry": { "type": "MultiPolygon", "coordinates": [ [ [ [ -68.871615566741028, -32.877587250795649, 0.0 ], [ -68.87137905520234, -32.877643916413582, 0.0 ], [ -68.871343085575731, -32.877540449735896, 0.0 ], [ -68.871579114171112, -32.877482089406229, 0.0 ], [ -68.871615566741028, -32.877587250795649, 0.0 ] ] ] ] } },
{ "type": "Feature", "properties": { "LAYER": "VM_MOSAICO_PARCELARIO_RIO_", "GM_TYPE": "Unknown Area Type", "MAP_NAME": "Cl_del Oeste_modificado_2026.dwg", "CLOSED": "YES", "BORDER_STY": "Solid", "BORDER_COL": "RGB(255,255,255)", "BORDER_WID": 1, "FILL_STYLE": "No Fill" }, "geometry": { "type": "MultiPolygon", "coordinates": [ [ [ [ -68.871343085575731, -32.877540449735896, 0.0 ], [ -68.87137905520234, -32.877643916413582, 0.0 ], [ -68.871142320965177, -32.877700674228464, 0.0 ], [ -68.87110738056785, -32.877598729701958, 0.0 ], [ -68.871343085575731, -32.877540449735896, 0.0 ] ] ] ] } },
{ "type": "Feature", "properties": { "LAYER": "VM_MOSAICO_PARCELARIO_RIO_", "GM_TYPE": "Unknown Area Type", "MAP_NAME": "Cl_del Oeste_modificado_2026.dwg", "CLOSED": "YES", "BORDER_STY": "Solid", "BORDER_COL": "RGB(255,255,255)", "BORDER_WID": 1, "FILL_STYLE": "No Fill" }, "geometry": { "type": "MultiPolygon", "coordinates": [ [ [ [ -68.87137905520234, -32.877643916413582, 0.0 ], [ -68.871415022262042, -32.877747738344056, 0.0 ], [ -68.871177937135997, -32.877804593247205, 0.0 ], [ -68.871142320965177, -32.877700674228464, 0.0 ], [ -68.87137905520234, -32.877643916413582, 0.0 ] ] ] ] } },
{ "type": "Feature", "properties": { "LAYER": "VM_MOSAICO_PARCELARIO_RIO_", "GM_TYPE": "Unknown Area Type", "MAP_NAME": "Cl_del Oeste_modificado_2026.dwg", "CLOSED": "YES", "BORDER_STY": "Solid", "BORDER_COL": "RGB(255,255,255)", "BORDER_WID": 1, "FILL_STYLE": "No Fill" }, "geometry": { "type": "MultiPolygon", "coordinates": [ [ [ [ -68.871415022262042, -32.877747738344056, 0.0 ], [ -68.871450989273796, -32.87785165133355, 0.0 ], [ -68.871439658405734, -32.87785434476924, 0.0 ], [ -68.871213573606582, -32.877908571786882, 0.0 ], [ -68.871177937135997, -32.877804593247205, 0.0 ], [ -68.871415022262042, -32.877747738344056, 0.0 ] ] ] ] } },
{ "type": "Feature", "properties": { "LAYER": "VM_MOSAICO_PARCELARIO_RIO_", "GM_TYPE": "Unknown Area Type", "MAP_NAME": "Cl_del Oeste_modificado_2026.dwg", "CLOSED": "YES", "BORDER_STY": "Solid", "BORDER_COL": "RGB(255,255,255)", "BORDER_WID": 1, "FILL_STYLE": "No Fill" }, "geometry": { "type": "MultiPolygon", "coordinates": [ [ [ [ -68.871651524562864, -32.877690985185623, 0.0 ], [ -68.871674353939468, -32.877756844876757, 0.0 ], [ -68.871659890685223, -32.877782797915657, 0.0 ], [ -68.87166574186368, -32.877800116438983, 0.0 ], [ -68.871450989273796, -32.87785165133355, 0.0 ], [ -68.871415022262042, -32.877747738344056, 0.0 ], [ -68.871651524562864, -32.877690985185623, 0.0 ] ] ] ] } },
{ "type": "Feature", "properties": { "LAYER": "VM_MOSAICO_PARCELARIO_RIO_", "GM_TYPE": "Unknown Area Type", "MAP_NAME": "Cl_del Oeste_modificado_2026.dwg", "CLOSED": "YES", "BORDER_STY": "Solid", "BORDER_COL": "RGB(255,255,255)", "BORDER_WID": 1, "FILL_STYLE": "No Fill" }, "geometry": { "type": "MultiPolygon", "coordinates": [ [ [ [ -68.871615566741028, -32.877587250795649, 0.0 ], [ -68.871651524562864, -32.877690985185623, 0.0 ], [ -68.871415022262042, -32.877747738344056, 0.0 ], [ -68.87137905520234, -32.877643916413582, 0.0 ], [ -68.871615566741028, -32.877587250795649, 0.0 ] ] ] ] } },
{ "type": "Feature", "properties": { "LAYER": "VM_MOSAICO_PARCELARIO_RIO_", "GM_TYPE": "Unknown Area Type", "MAP_NAME": "Cl_del Oeste_modificado_2026.dwg", "CLOSED": "YES", "BORDER_STY": "Solid", "BORDER_COL": "RGB(255,255,255)", "BORDER_WID": 1, "FILL_STYLE": "No Fill" }, "geometry": { "type": "MultiPolygon", "coordinates": [ [ [ [ -68.872007874117472, -32.879508080856972, 0.0 ], [ -68.871972988938822, -32.879404457702478, 0.0 ], [ -68.872209552978475, -32.879347715294969, 0.0 ], [ -68.872244426652102, -32.879451341078131, 0.0 ], [ -68.872007874117472, -32.879508080856972, 0.0 ] ] ] ] } },
{ "type": "Feature", "properties": { "LAYER": "VM_MOSAICO_PARCELARIO_RIO_", "GM_TYPE": "Unknown Area Type", "MAP_NAME": "Cl_del Oeste_modificado_2026.dwg", "CLOSED": "YES", "BORDER_STY": "Solid", "BORDER_COL": "RGB(255,255,255)", "BORDER_WID": 1, "FILL_STYLE": "No Fill" }, "geometry": { "type": "MultiPolygon", "coordinates": [ [ [ [ -68.872007874117472, -32.879508080856972, 0.0 ], [ -68.872244426652102, -32.879451341078131, 0.0 ], [ -68.872249829981385, -32.879467397643175, 0.0 ], [ -68.872281162528949, -32.87956049883767, 0.0 ], [ -68.872259104189453, -32.879591945414482, 0.0 ], [ -68.872048849443459, -32.87962949072412, 0.0 ], [ -68.872013102909733, -32.879523613369479, 0.0 ], [ -68.872007874117472, -32.879508080856972, 0.0 ] ] ] ] } },
{ "type": "Feature", "properties": { "LAYER": "VM_MOSAICO_PARCELARIO_RIO_", "GM_TYPE": "Unknown Area Type", "MAP_NAME": "Cl_del Oeste_modificado_2026.dwg", "CLOSED": "YES", "BORDER_STY": "Solid", "BORDER_COL": "RGB(255,255,255)", "BORDER_WID": 1, "FILL_STYLE": "No Fill" }, "geometry": { "type": "MultiPolygon", "coordinates": [ [ [ [ -68.872364623535873, -32.877632403265288, 0.0 ], [ -68.872400163403242, -32.877736856565761, 0.0 ], [ -68.872434426998197, -32.877837159859943, 0.0 ], [ -68.872393057785956, -32.877847667478967, 0.0 ], [ -68.872337257544274, -32.877861766229486, 0.0 ], [ -68.872315557452211, -32.877867244411398, 0.0 ], [ -68.872270660600321, -32.877878649180794, 0.0 ], [ -68.872209836173454, -32.877894005114896, 0.0 ], [ -68.872174507172502, -32.877790905421087, 0.0 ], [ -68.872138685021653, -32.877686745721391, 0.0 ], [ -68.87219073446434, -32.877674137332953, 0.0 ], [ -68.872364623535873, -32.877632403265288, 0.0 ] ] ] ] } },
{ "type": "Feature", "properties": { "LAYER": "VM_MOSAICO_PARCELARIO_RIO_", "GM_TYPE": "Unknown Area Type", "MAP_NAME": "Cl_del Oeste_modificado_2026.dwg", "CLOSED": "YES", "BORDER_STY": "Solid", "BORDER_COL": "RGB(255,255,255)", "BORDER_WID": 1, "FILL_STYLE": "No Fill" }, "geometry": { "type": "MultiPolygon", "coordinates": [ [ [ [ -68.872693706884874, -32.87929339145407, 0.0 ], [ -68.872773880261263, -32.879273546504322, 0.0 ], [ -68.872816854314465, -32.879262860957468, 0.0 ], [ -68.87284240282915, -32.879256575078486, 0.0 ], [ -68.872899165604707, -32.879242477084986, 0.0 ], [ -68.872938824620206, -32.879232688919302, 0.0 ], [ -68.873007996171168, -32.879432755696811, 0.0 ], [ -68.872988830929231, -32.879458885348917, 0.0 ], [ -68.872891669636971, -32.879476639278074, 0.0 ], [ -68.872765219707503, -32.879499862770018, 0.0 ], [ -68.87275543022723, -32.879471449465683, 0.0 ], [ -68.872735316651983, -32.879413359939484, 0.0 ], [ -68.872693706884874, -32.87929339145407, 0.0 ] ] ] ] } },
{ "type": "Feature", "properties": { "LAYER": "VM_MOSAICO_PARCELARIO_RIO_", "GM_TYPE": "Unknown Area Type", "MAP_NAME": "Cl_del Oeste_modificado_2026.dwg", "CLOSED": "YES", "BORDER_STY": "Solid", "BORDER_COL": "RGB(255,255,255)", "BORDER_WID": 1, "FILL_STYLE": "No Fill" }, "geometry": { "type": "MultiPolygon", "coordinates": [ [ [ [ -68.872800907397149, -32.878833548429455, 0.0 ], [ -68.872835599428043, -32.878933761863699, 0.0 ], [ -68.872870079272261, -32.879033704563092, 0.0 ], [ -68.872831381134361, -32.879043403515027, 0.0 ], [ -68.87274051789457, -32.879066123046279, 0.0 ], [ -68.872689527559771, -32.879078874303516, 0.0 ], [ -68.872625068124549, -32.87909494809049, 0.0 ], [ -68.872611339852355, -32.879055349761671, 0.0 ], [ -68.872590057109036, -32.878993742412781, 0.0 ], [ -68.872567921805413, -32.878929789787776, 0.0 ], [ -68.872555365331536, -32.878893528911988, 0.0 ], [ -68.872595130959283, -32.878883831132576, 0.0 ], [ -68.872637675952546, -32.878873415717415, 0.0 ], [ -68.872781986728356, -32.878838126922361, 0.0 ], [ -68.872800907397149, -32.878833548429455, 0.0 ] ] ] ] } },
{ "type": "Feature", "properties": { "LAYER": "VM_MOSAICO_PARCELARIO_RIO_", "GM_TYPE": "Unknown Area Type", "MAP_NAME": "Cl_del Oeste_modificado_2026.dwg", "CLOSED": "YES", "BORDER_STY": "Solid", "BORDER_COL": "RGB(255,255,255)", "BORDER_WID": 1, "FILL_STYLE": "No Fill" }, "geometry": { "type": "MultiPolygon", "coordinates": [ [ [ [ -68.872209836173454, -32.877894005114896, 0.0 ], [ -68.872270660600321, -32.877878649180794, 0.0 ], [ -68.872315557452211, -32.877867244411398, 0.0 ], [ -68.872337257544274, -32.877861766229486, 0.0 ], [ -68.872393057785956, -32.877847667478967, 0.0 ], [ -68.872434426998197, -32.877837159859943, 0.0 ], [ -68.872469222637136, -32.877939086734372, 0.0 ], [ -68.872474348087792, -32.877941707773616, 0.0 ], [ -68.872394817382514, -32.877961282684737, 0.0 ], [ -68.872305131355745, -32.87798346118813, 0.0 ], [ -68.872295617475643, -32.87798588604808, 0.0 ], [ -68.872245590196471, -32.87799809799607, 0.0 ], [ -68.872244632610588, -32.877995211598105, 0.0 ], [ -68.872233565395845, -32.877963099997231, 0.0 ], [ -68.872209836173454, -32.877894005114896, 0.0 ] ] ] ] } },
{ "type": "Feature", "properties": { "LAYER": "VM_MOSAICO_PARCELARIO_RIO_", "GM_TYPE": "Unknown Area Type", "MAP_NAME": "Cl_del Oeste_modificado_2026.dwg", "CLOSED": "YES", "BORDER_STY": "Solid", "BORDER_COL": "RGB(255,255,255)", "BORDER_WID": 1, "FILL_STYLE": "No Fill" }, "geometry": { "type": "MultiPolygon", "coordinates": [ [ [ [ -68.872245590196471, -32.87799809799607, 0.0 ], [ -68.872295617475643, -32.87798588604808, 0.0 ], [ -68.872305131355745, -32.87798346118813, 0.0 ], [ -68.872394817382514, -32.877961282684737, 0.0 ], [ -68.872474348087792, -32.877941707773616, 0.0 ], [ -68.872498907543772, -32.877954266353569, 0.0 ], [ -68.872526250832976, -32.878036889368083, 0.0 ], [ -68.872483919942269, -32.878047305867241, 0.0 ], [ -68.87228038930202, -32.878097500181376, 0.0 ], [ -68.872245590196471, -32.87799809799607, 0.0 ] ] ] ] } },
{ "type": "Feature", "properties": { "LAYER": "VM_MOSAICO_PARCELARIO_RIO_", "GM_TYPE": "Unknown Area Type", "MAP_NAME": "Cl_del Oeste_modificado_2026.dwg", "CLOSED": "YES", "BORDER_STY": "Solid", "BORDER_COL": "RGB(255,255,255)", "BORDER_WID": 1, "FILL_STYLE": "No Fill" }, "geometry": { "type": "MultiPolygon", "coordinates": [ [ [ [ -68.872486726926624, -32.878695265799777, 0.0 ], [ -68.872570534052599, -32.878674703327285, 0.0 ], [ -68.872606023668169, -32.878666083219812, 0.0 ], [ -68.872691754847722, -32.878645071778799, 0.0 ], [ -68.872696030758448, -32.878643994098447, 0.0 ], [ -68.872732375607725, -32.878635105219104, 0.0 ], [ -68.872766747937845, -32.87873459699523, 0.0 ], [ -68.872691706479827, -32.878752914287119, 0.0 ], [ -68.872601165111035, -32.878774912691291, 0.0 ], [ -68.872558192593246, -32.87878541872972, 0.0 ], [ -68.872521206251548, -32.878794487243042, 0.0 ], [ -68.872511521425835, -32.878766975716914, 0.0 ], [ -68.872486726926624, -32.878695265799777, 0.0 ] ] ] ] } },
{ "type": "Feature", "properties": { "LAYER": "VM_MOSAICO_PARCELARIO_RIO_", "GM_TYPE": "Unknown Area Type", "MAP_NAME": "Cl_del Oeste_modificado_2026.dwg", "CLOSED": "YES", "BORDER_STY": "Solid", "BORDER_COL": "RGB(255,255,255)", "BORDER_WID": 1, "FILL_STYLE": "No Fill" }, "geometry": { "type": "MultiPolygon", "coordinates": [ [ [ [ -68.872766747937845, -32.87873459699523, 0.0 ], [ -68.872800907397149, -32.878833548429455, 0.0 ], [ -68.872781986728356, -32.878838126922361, 0.0 ], [ -68.872637675952546, -32.878873415717415, 0.0 ], [ -68.872595130959283, -32.878883831132576, 0.0 ], [ -68.872555365331536, -32.878893528911988, 0.0 ], [ -68.87253546483268, -32.878836069849612, 0.0 ], [ -68.872521206251548, -32.878794487243042, 0.0 ], [ -68.872558192593246, -32.87878541872972, 0.0 ], [ -68.872601165111035, -32.878774912691291, 0.0 ], [ -68.872691706479827, -32.878752914287119, 0.0 ], [ -68.872766747937845, -32.87873459699523, 0.0 ] ] ] ] } },
{ "type": "Feature", "properties": { "LAYER": "VM_MOSAICO_PARCELARIO_RIO_", "GM_TYPE": "Unknown Area Type", "MAP_NAME": "Cl_del Oeste_modificado_2026.dwg", "CLOSED": "YES", "BORDER_STY": "Solid", "BORDER_COL": "RGB(255,255,255)", "BORDER_WID": 1, "FILL_STYLE": "No Fill" }, "geometry": { "type": "MultiPolygon", "coordinates": [ [ [ [ -68.872663631049221, -32.878436210901853, 0.0 ], [ -68.872697470993828, -32.878534259448145, 0.0 ], [ -68.872621466412156, -32.878553657750842, 0.0 ], [ -68.87253380964809, -32.878576200060998, 0.0 ], [ -68.872453634745327, -32.878596766213249, 0.0 ], [ -68.872442037125126, -32.87856258019746, 0.0 ], [ -68.872419691545389, -32.878496373093562, 0.0 ], [ -68.872524145717875, -32.878470646069125, 0.0 ], [ -68.872532557421351, -32.8784685744344, 0.0 ], [ -68.872540391818006, -32.878466689763151, 0.0 ], [ -68.872587106854652, -32.878455110018521, 0.0 ], [ -68.872623865501197, -32.878445997971831, 0.0 ], [ -68.872663631049221, -32.878436210901853, 0.0 ] ] ] ] } },
{ "type": "Feature", "properties": { "LAYER": "VM_MOSAICO_PARCELARIO_RIO_", "GM_TYPE": "Unknown Area Type", "MAP_NAME": "Cl_del Oeste_modificado_2026.dwg", "CLOSED": "YES", "BORDER_STY": "Solid", "BORDER_COL": "RGB(255,255,255)", "BORDER_WID": 1, "FILL_STYLE": "No Fill" }, "geometry": { "type": "MultiPolygon", "coordinates": [ [ [ [ -68.872453634745327, -32.878596766213249, 0.0 ], [ -68.87253380964809, -32.878576200060998, 0.0 ], [ -68.872621466412156, -32.878553657750842, 0.0 ], [ -68.872697470993828, -32.878534259448145, 0.0 ], [ -68.872732375607725, -32.878635105219104, 0.0 ], [ -68.872696030758448, -32.878643994098447, 0.0 ], [ -68.872691754847722, -32.878645071778799, 0.0 ], [ -68.872606023668169, -32.878666083219812, 0.0 ], [ -68.872570534052599, -32.878674703327285, 0.0 ], [ -68.872486726926624, -32.878695265799777, 0.0 ], [ -68.872453634745327, -32.878596766213249, 0.0 ] ] ] ] } },
{ "type": "Feature", "properties": { "LAYER": "VM_MOSAICO_PARCELARIO_RIO_", "GM_TYPE": "Unknown Area Type", "MAP_NAME": "Cl_del Oeste_modificado_2026.dwg", "CLOSED": "YES", "BORDER_STY": "Solid", "BORDER_COL": "RGB(255,255,255)", "BORDER_WID": 1, "FILL_STYLE": "No Fill" }, "geometry": { "type": "MultiPolygon", "coordinates": [ [ [ [ -68.87228038930202, -32.878097500181376, 0.0 ], [ -68.872483919942269, -32.878047305867241, 0.0 ], [ -68.872526250832976, -32.878036889368083, 0.0 ], [ -68.872539550962017, -32.878076847953558, 0.0 ], [ -68.872560407566496, -32.878137373754797, 0.0 ], [ -68.872483977022128, -32.878155960017303, 0.0 ], [ -68.872393756914732, -32.878177868432417, 0.0 ], [ -68.872315188225031, -32.878197083595779, 0.0 ], [ -68.87228038930202, -32.878097500181376, 0.0 ] ] ] ] } },
{ "type": "Feature", "properties": { "LAYER": "VM_MOSAICO_PARCELARIO_RIO_", "GM_TYPE": "Unknown Area Type", "MAP_NAME": "Cl_del Oeste_modificado_2026.dwg", "CLOSED": "YES", "BORDER_STY": "Solid", "BORDER_COL": "RGB(255,255,255)", "BORDER_WID": 1, "FILL_STYLE": "No Fill" }, "geometry": { "type": "MultiPolygon", "coordinates": [ [ [ [ -68.872315188225031, -32.878197083595779, 0.0 ], [ -68.872393756914732, -32.878177868432417, 0.0 ], [ -68.872483977022128, -32.878155960017303, 0.0 ], [ -68.872560407566496, -32.878137373754797, 0.0 ], [ -68.872594887054362, -32.878237136202841, 0.0 ], [ -68.872554586353857, -32.878246833438425, 0.0 ], [ -68.872491410833703, -32.878262187112668, 0.0 ], [ -68.872433794008614, -32.878276103714377, 0.0 ], [ -68.872349880755834, -32.878296395480625, 0.0 ], [ -68.872315188225031, -32.878197083595779, 0.0 ] ] ] ] } },
{ "type": "Feature", "properties": { "LAYER": "VM_MOSAICO_PARCELARIO_RIO_", "GM_TYPE": "Unknown Area Type", "MAP_NAME": "Cl_del Oeste_modificado_2026.dwg", "CLOSED": "YES", "BORDER_STY": "Solid", "BORDER_COL": "RGB(255,255,255)", "BORDER_WID": 1, "FILL_STYLE": "No Fill" }, "geometry": { "type": "MultiPolygon", "coordinates": [ [ [ [ -68.872870079272261, -32.879033704563092, 0.0 ], [ -68.872904026398842, -32.879131844224759, 0.0 ], [ -68.872829518417291, -32.879150522817227, 0.0 ], [ -68.872738760858752, -32.879173242454137, 0.0 ], [ -68.872659015004004, -32.879193087817058, 0.0 ], [ -68.872636987014246, -32.879129495992849, 0.0 ], [ -68.872625068124549, -32.87909494809049, 0.0 ], [ -68.872689527559771, -32.879078874303516, 0.0 ], [ -68.87274051789457, -32.879066123046279, 0.0 ], [ -68.872831381134361, -32.879043403515027, 0.0 ], [ -68.872870079272261, -32.879033704563092, 0.0 ] ] ] ] } },
{ "type": "Feature", "properties": { "LAYER": "VM_MOSAICO_PARCELARIO_RIO_", "GM_TYPE": "Unknown Area Type", "MAP_NAME": "Cl_del Oeste_modificado_2026.dwg", "CLOSED": "YES", "BORDER_STY": "Solid", "BORDER_COL": "RGB(255,255,255)", "BORDER_WID": 1, "FILL_STYLE": "No Fill" }, "geometry": { "type": "MultiPolygon", "coordinates": [ [ [ [ -68.872659015004004, -32.879193087817058, 0.0 ], [ -68.872738760858752, -32.879173242454137, 0.0 ], [ -68.872829518417291, -32.879150522817227, 0.0 ], [ -68.872904026398842, -32.879131844224759, 0.0 ], [ -68.872938824620206, -32.879232688919302, 0.0 ], [ -68.872899165604707, -32.879242477084986, 0.0 ], [ -68.87284240282915, -32.879256575078486, 0.0 ], [ -68.872816854314465, -32.879262860957468, 0.0 ], [ -68.872773880261263, -32.879273546504322, 0.0 ], [ -68.872693706884874, -32.87929339145407, 0.0 ], [ -68.872659015004004, -32.879193087817058, 0.0 ] ] ] ] } },
{ "type": "Feature", "properties": { "LAYER": "VM_MOSAICO_PARCELARIO_RIO_", "GM_TYPE": "Unknown Area Type", "MAP_NAME": "Cl_del Oeste_modificado_2026.dwg", "CLOSED": "YES", "BORDER_STY": "Solid", "BORDER_COL": "RGB(255,255,255)", "BORDER_WID": 1, "FILL_STYLE": "No Fill" }, "geometry": { "type": "MultiPolygon", "coordinates": [ [ [ [ -68.872570774287411, -32.879323832780337, 0.0 ], [ -68.872693706884874, -32.87929339145407, 0.0 ], [ -68.872735316651983, -32.879413359939484, 0.0 ], [ -68.87275543022723, -32.879471449465683, 0.0 ], [ -68.872765219707503, -32.879499862770018, 0.0 ], [ -68.87264240518563, -32.879522279213219, 0.0 ], [ -68.872617286569479, -32.879452822332297, 0.0 ], [ -68.872590358982322, -32.879378044512727, 0.0 ], [ -68.872570774287411, -32.879323832780337, 0.0 ] ] ] ] } },
{ "type": "Feature", "properties": { "LAYER": "VM_MOSAICO_PARCELARIO_RIO_", "GM_TYPE": "Unknown Area Type", "MAP_NAME": "Cl_del Oeste_modificado_2026.dwg", "CLOSED": "YES", "BORDER_STY": "Solid", "BORDER_COL": "RGB(255,255,255)", "BORDER_WID": 1, "FILL_STYLE": "No Fill" }, "geometry": { "type": "MultiPolygon", "coordinates": [ [ [ [ -68.872447734618476, -32.879354363143989, 0.0 ], [ -68.872570774287411, -32.879323832780337, 0.0 ], [ -68.872590358982322, -32.879378044512727, 0.0 ], [ -68.872617286569479, -32.879452822332297, 0.0 ], [ -68.87264240518563, -32.879522279213219, 0.0 ], [ -68.872606918199992, -32.879528824535313, 0.0 ], [ -68.872542144166971, -32.879540479659305, 0.0 ], [ -68.872507444428877, -32.879519615174502, 0.0 ], [ -68.872447734618476, -32.879354363143989, 0.0 ] ] ] ] } },
{ "type": "Feature", "properties": { "LAYER": "VM_MOSAICO_PARCELARIO_RIO_", "GM_TYPE": "Unknown Area Type", "MAP_NAME": "Cl_del Oeste_modificado_2026.dwg", "CLOSED": "YES", "BORDER_STY": "Solid", "BORDER_COL": "RGB(255,255,255)", "BORDER_WID": 1, "FILL_STYLE": "No Fill" }, "geometry": { "type": "MultiPolygon", "coordinates": [ [ [ [ -68.872555365331536, -32.878893528911988, 0.0 ], [ -68.872567921805413, -32.878929789787776, 0.0 ], [ -68.872590057109036, -32.878993742412781, 0.0 ], [ -68.8723435242498, -32.879053458173317, 0.0 ], [ -68.872308966735048, -32.878953687474066, 0.0 ], [ -68.872361667061753, -32.878940757777997, 0.0 ], [ -68.872445795965291, -32.878920285887986, 0.0 ], [ -68.872555365331536, -32.878893528911988, 0.0 ] ] ] ] } },
{ "type": "Feature", "properties": { "LAYER": "VM_MOSAICO_PARCELARIO_RIO_", "GM_TYPE": "Unknown Area Type", "MAP_NAME": "Cl_del Oeste_modificado_2026.dwg", "CLOSED": "YES", "BORDER_STY": "Solid", "BORDER_COL": "RGB(255,255,255)", "BORDER_WID": 1, "FILL_STYLE": "No Fill" }, "geometry": { "type": "MultiPolygon", "coordinates": [ [ [ [ -68.8723435242498, -32.879053458173317, 0.0 ], [ -68.872590057109036, -32.878993742412781, 0.0 ], [ -68.872611339852355, -32.879055349761671, 0.0 ], [ -68.872625068124549, -32.87909494809049, 0.0 ], [ -68.87237920137602, -32.879156460771881, 0.0 ], [ -68.8723435242498, -32.879053458173317, 0.0 ] ] ] ] } },
{ "type": "Feature", "properties": { "LAYER": "VM_MOSAICO_PARCELARIO_RIO_", "GM_TYPE": "Unknown Area Type", "MAP_NAME": "Cl_del Oeste_modificado_2026.dwg", "CLOSED": "YES", "BORDER_STY": "Solid", "BORDER_COL": "RGB(255,255,255)", "BORDER_WID": 1, "FILL_STYLE": "No Fill" }, "geometry": { "type": "MultiPolygon", "coordinates": [ [ [ [ -68.872625068124549, -32.87909494809049, 0.0 ], [ -68.872636987014246, -32.879129495992849, 0.0 ], [ -68.872659015004004, -32.879193087817058, 0.0 ], [ -68.872413155619469, -32.879254508598628, 0.0 ], [ -68.87237920137602, -32.879156460771881, 0.0 ], [ -68.872625068124549, -32.87909494809049, 0.0 ] ] ] ] } },
{ "type": "Feature", "properties": { "LAYER": "VM_MOSAICO_PARCELARIO_RIO_", "GM_TYPE": "Unknown Area Type", "MAP_NAME": "Cl_del Oeste_modificado_2026.dwg", "CLOSED": "YES", "BORDER_STY": "Solid", "BORDER_COL": "RGB(255,255,255)", "BORDER_WID": 1, "FILL_STYLE": "No Fill" }, "geometry": { "type": "MultiPolygon", "coordinates": [ [ [ [ -68.872413155619469, -32.879254508598628, 0.0 ], [ -68.872659015004004, -32.879193087817058, 0.0 ], [ -68.872693706884874, -32.87929339145407, 0.0 ], [ -68.872570774287411, -32.879323832780337, 0.0 ], [ -68.872447734618476, -32.879354363143989, 0.0 ], [ -68.872413155619469, -32.879254508598628, 0.0 ] ] ] ] } },
{ "type": "Feature", "properties": { "LAYER": "VM_MOSAICO_PARCELARIO_RIO_", "GM_TYPE": "Unknown Area Type", "MAP_NAME": "Cl_del Oeste_modificado_2026.dwg", "CLOSED": "YES", "BORDER_STY": "Solid", "BORDER_COL": "RGB(255,255,255)", "BORDER_WID": 1, "FILL_STYLE": "No Fill" }, "geometry": { "type": "MultiPolygon", "coordinates": [ [ [ [ -68.872138685021653, -32.877686745721391, 0.0 ], [ -68.872174507172502, -32.877790905421087, 0.0 ], [ -68.871948103471453, -32.87784513344193, 0.0 ], [ -68.871912456843603, -32.877740951316063, 0.0 ], [ -68.872138685021653, -32.877686745721391, 0.0 ] ] ] ] } },
{ "type": "Feature", "properties": { "LAYER": "VM_MOSAICO_PARCELARIO_RIO_", "GM_TYPE": "Unknown Area Type", "MAP_NAME": "Cl_del Oeste_modificado_2026.dwg", "CLOSED": "YES", "BORDER_STY": "Solid", "BORDER_COL": "RGB(255,255,255)", "BORDER_WID": 1, "FILL_STYLE": "No Fill" }, "geometry": { "type": "MultiPolygon", "coordinates": [ [ [ [ -68.871948103471453, -32.87784513344193, 0.0 ], [ -68.872174507172502, -32.877790905421087, 0.0 ], [ -68.872209836173454, -32.877894005114896, 0.0 ], [ -68.871984281881481, -32.87795111948774, 0.0 ], [ -68.871948103471453, -32.87784513344193, 0.0 ] ] ] ] } },
{ "type": "Feature", "properties": { "LAYER": "VM_MOSAICO_PARCELARIO_RIO_", "GM_TYPE": "Unknown Area Type", "MAP_NAME": "Cl_del Oeste_modificado_2026.dwg", "CLOSED": "YES", "BORDER_STY": "Solid", "BORDER_COL": "RGB(255,255,255)", "BORDER_WID": 1, "FILL_STYLE": "No Fill" }, "geometry": { "type": "MultiPolygon", "coordinates": [ [ [ [ -68.871984281881481, -32.87795111948774, 0.0 ], [ -68.872209836173454, -32.877894005114896, 0.0 ], [ -68.872233565395845, -32.877963099997231, 0.0 ], [ -68.872244632610588, -32.877995211598105, 0.0 ], [ -68.872245590196471, -32.87799809799607, 0.0 ], [ -68.871998872388673, -32.878058887720378, 0.0 ], [ -68.872013863014857, -32.878037713258024, 0.0 ], [ -68.872007159057461, -32.87801813964456, 0.0 ], [ -68.871984281881481, -32.87795111948774, 0.0 ] ] ] ] } },
{ "type": "Feature", "properties": { "LAYER": "VM_MOSAICO_PARCELARIO_RIO_", "GM_TYPE": "Unknown Area Type", "MAP_NAME": "Cl_del Oeste_modificado_2026.dwg", "CLOSED": "YES", "BORDER_STY": "Solid", "BORDER_COL": "RGB(255,255,255)", "BORDER_WID": 1, "FILL_STYLE": "No Fill" }, "geometry": { "type": "MultiPolygon", "coordinates": [ [ [ [ -68.871998872388673, -32.878058887720378, 0.0 ], [ -68.872245590196471, -32.87799809799607, 0.0 ], [ -68.87228038930202, -32.878097500181376, 0.0 ], [ -68.872033350536981, -32.878158379814003, 0.0 ], [ -68.871998872388673, -32.878058887720378, 0.0 ] ] ] ] } },
{ "type": "Feature", "properties": { "LAYER": "VM_MOSAICO_PARCELARIO_RIO_", "GM_TYPE": "Unknown Area Type", "MAP_NAME": "Cl_del Oeste_modificado_2026.dwg", "CLOSED": "YES", "BORDER_STY": "Solid", "BORDER_COL": "RGB(255,255,255)", "BORDER_WID": 1, "FILL_STYLE": "No Fill" }, "geometry": { "type": "MultiPolygon", "coordinates": [ [ [ [ -68.872033350536981, -32.878158379814003, 0.0 ], [ -68.87228038930202, -32.878097500181376, 0.0 ], [ -68.872315188225031, -32.878197083595779, 0.0 ], [ -68.87206763087795, -32.878257263952818, 0.0 ], [ -68.872033350536981, -32.878158379814003, 0.0 ] ] ] ] } },
{ "type": "Feature", "properties": { "LAYER": "VM_MOSAICO_PARCELARIO_RIO_", "GM_TYPE": "Unknown Area Type", "MAP_NAME": "Cl_del Oeste_modificado_2026.dwg", "CLOSED": "YES", "BORDER_STY": "Solid", "BORDER_COL": "RGB(255,255,255)", "BORDER_WID": 1, "FILL_STYLE": "No Fill" }, "geometry": { "type": "MultiPolygon", "coordinates": [ [ [ [ -68.87206763087795, -32.878257263952818, 0.0 ], [ -68.872315188225031, -32.878197083595779, 0.0 ], [ -68.872349880755834, -32.878296395480625, 0.0 ], [ -68.872235715844241, -32.878324050181426, 0.0 ], [ -68.872144533649163, -32.87834604670077, 0.0 ], [ -68.872101988979139, -32.878356372681985, 0.0 ], [ -68.87206763087795, -32.878257263952818, 0.0 ] ] ] ] } },
{ "type": "Feature", "properties": { "LAYER": "VM_MOSAICO_PARCELARIO_RIO_", "GM_TYPE": "Unknown Area Type", "MAP_NAME": "Cl_del Oeste_modificado_2026.dwg", "CLOSED": "YES", "BORDER_STY": "Solid", "BORDER_COL": "RGB(255,255,255)", "BORDER_WID": 1, "FILL_STYLE": "No Fill" }, "geometry": { "type": "MultiPolygon", "coordinates": [ [ [ [ -68.872349880755834, -32.878296395480625, 0.0 ], [ -68.872384998860824, -32.878397060329185, 0.0 ], [ -68.872137331392452, -32.878458413812581, 0.0 ], [ -68.872101988979139, -32.878356372681985, 0.0 ], [ -68.872144533649163, -32.87834604670077, 0.0 ], [ -68.872235715844241, -32.878324050181426, 0.0 ], [ -68.872349880755834, -32.878296395480625, 0.0 ] ] ] ] } },
{ "type": "Feature", "properties": { "LAYER": "VM_MOSAICO_PARCELARIO_RIO_", "GM_TYPE": "Unknown Area Type", "MAP_NAME": "Cl_del Oeste_modificado_2026.dwg", "CLOSED": "YES", "BORDER_STY": "Solid", "BORDER_COL": "RGB(255,255,255)", "BORDER_WID": 1, "FILL_STYLE": "No Fill" }, "geometry": { "type": "MultiPolygon", "coordinates": [ [ [ [ -68.872137331392452, -32.878458413812581, 0.0 ], [ -68.872384998860824, -32.878397060329185, 0.0 ], [ -68.872419691545389, -32.878496373093562, 0.0 ], [ -68.87230445664683, -32.878524837387026, 0.0 ], [ -68.872239249530026, -32.878540911115408, 0.0 ], [ -68.872222894415984, -32.878544860959003, 0.0 ], [ -68.872171690587265, -32.878557612690095, 0.0 ], [ -68.872137331392452, -32.878458413812581, 0.0 ] ] ] ] } },
{ "type": "Feature", "properties": { "LAYER": "VM_MOSAICO_PARCELARIO_RIO_", "GM_TYPE": "Unknown Area Type", "MAP_NAME": "Cl_del Oeste_modificado_2026.dwg", "CLOSED": "YES", "BORDER_STY": "Solid", "BORDER_COL": "RGB(255,255,255)", "BORDER_WID": 1, "FILL_STYLE": "No Fill" }, "geometry": { "type": "MultiPolygon", "coordinates": [ [ [ [ -68.872419691545389, -32.878496373093562, 0.0 ], [ -68.872442037125126, -32.87856258019746, 0.0 ], [ -68.872453634745327, -32.878596766213249, 0.0 ], [ -68.872207126711658, -32.878659991127066, 0.0 ], [ -68.872171690587265, -32.878557612690095, 0.0 ], [ -68.872222894415984, -32.878544860959003, 0.0 ], [ -68.872239249530026, -32.878540911115408, 0.0 ], [ -68.87230445664683, -32.878524837387026, 0.0 ], [ -68.872419691545389, -32.878496373093562, 0.0 ] ] ] ] } },
{ "type": "Feature", "properties": { "LAYER": "VM_MOSAICO_PARCELARIO_RIO_", "GM_TYPE": "Unknown Area Type", "MAP_NAME": "Cl_del Oeste_modificado_2026.dwg", "CLOSED": "YES", "BORDER_STY": "Solid", "BORDER_COL": "RGB(255,255,255)", "BORDER_WID": 1, "FILL_STYLE": "No Fill" }, "geometry": { "type": "MultiPolygon", "coordinates": [ [ [ [ -68.872207126711658, -32.878659991127066, 0.0 ], [ -68.872453634745327, -32.878596766213249, 0.0 ], [ -68.872486726926624, -32.878695265799777, 0.0 ], [ -68.872240221714009, -32.87875560536078, 0.0 ], [ -68.872207126711658, -32.878659991127066, 0.0 ] ] ] ] } },
{ "type": "Feature", "properties": { "LAYER": "VM_MOSAICO_PARCELARIO_RIO_", "GM_TYPE": "Unknown Area Type", "MAP_NAME": "Cl_del Oeste_modificado_2026.dwg", "CLOSED": "YES", "BORDER_STY": "Solid", "BORDER_COL": "RGB(255,255,255)", "BORDER_WID": 1, "FILL_STYLE": "No Fill" }, "geometry": { "type": "MultiPolygon", "coordinates": [ [ [ [ -68.872240221714009, -32.87875560536078, 0.0 ], [ -68.872486726926624, -32.878695265799777, 0.0 ], [ -68.872511521425835, -32.878766975716914, 0.0 ], [ -68.872521206251548, -32.878794487243042, 0.0 ], [ -68.872274442007395, -32.878854207142673, 0.0 ], [ -68.872240221714009, -32.87875560536078, 0.0 ] ] ] ] } },
{ "type": "Feature", "properties": { "LAYER": "VM_MOSAICO_PARCELARIO_RIO_", "GM_TYPE": "Unknown Area Type", "MAP_NAME": "Cl_del Oeste_modificado_2026.dwg", "CLOSED": "YES", "BORDER_STY": "Solid", "BORDER_COL": "RGB(255,255,255)", "BORDER_WID": 1, "FILL_STYLE": "No Fill" }, "geometry": { "type": "MultiPolygon", "coordinates": [ [ [ [ -68.872521206251548, -32.878794487243042, 0.0 ], [ -68.87253546483268, -32.878836069849612, 0.0 ], [ -68.872555365331536, -32.878893528911988, 0.0 ], [ -68.872445795965291, -32.878920285887986, 0.0 ], [ -68.872361667061753, -32.878940757777997, 0.0 ], [ -68.872308966735048, -32.878953687474066, 0.0 ], [ -68.872274442007395, -32.878854207142673, 0.0 ], [ -68.872521206251548, -32.878794487243042, 0.0 ] ] ] ] } },
{ "type": "Feature", "properties": { "LAYER": "VM_MOSAICO_PARCELARIO_RIO_", "GM_TYPE": "Unknown Area Type", "MAP_NAME": "Cl_del Oeste_modificado_2026.dwg", "CLOSED": "YES", "BORDER_STY": "Solid", "BORDER_COL": "RGB(255,255,255)", "BORDER_WID": 1, "FILL_STYLE": "No Fill" }, "geometry": { "type": "MultiPolygon", "coordinates": [ [ [ [ -68.872349880755834, -32.878296395480625, 0.0 ], [ -68.872433794008614, -32.878276103714377, 0.0 ], [ -68.872491410833703, -32.878262187112668, 0.0 ], [ -68.872554586353857, -32.878246833438425, 0.0 ], [ -68.872594887054362, -32.878237136202841, 0.0 ], [ -68.872629045877034, -32.87833626712775, 0.0 ], [ -68.872553042093614, -32.878355215445332, 0.0 ], [ -68.872463461240784, -32.878377574506246, 0.0 ], [ -68.872384998860824, -32.878397060329185, 0.0 ], [ -68.872349880755834, -32.878296395480625, 0.0 ] ] ] ] } },
{ "type": "Feature", "properties": { "LAYER": "VM_MOSAICO_PARCELARIO_RIO_", "GM_TYPE": "Unknown Area Type", "MAP_NAME": "Cl_del Oeste_modificado_2026.dwg", "CLOSED": "YES", "BORDER_STY": "Solid", "BORDER_COL": "RGB(255,255,255)", "BORDER_WID": 1, "FILL_STYLE": "No Fill" }, "geometry": { "type": "MultiPolygon", "coordinates": [ [ [ [ -68.872384998860824, -32.878397060329185, 0.0 ], [ -68.872463461240784, -32.878377574506246, 0.0 ], [ -68.872553042093614, -32.878355215445332, 0.0 ], [ -68.872629045877034, -32.87833626712775, 0.0 ], [ -68.872663631049221, -32.878436210901853, 0.0 ], [ -68.872623865501197, -32.878445997971831, 0.0 ], [ -68.872587106854652, -32.878455110018521, 0.0 ], [ -68.872540391818006, -32.878466689763151, 0.0 ], [ -68.872532557421351, -32.8784685744344, 0.0 ], [ -68.872524145717875, -32.878470646069125, 0.0 ], [ -68.872419691545389, -32.878496373093562, 0.0 ], [ -68.872384998860824, -32.878397060329185, 0.0 ] ] ] ] } },
{ "type": "Feature", "properties": { "LAYER": "VM_MOSAICO_PARCELARIO_RIO_", "GM_TYPE": "Unknown Area Type", "MAP_NAME": "Cl_del Oeste_modificado_2026.dwg", "CLOSED": "YES", "BORDER_STY": "Solid", "BORDER_COL": "RGB(255,255,255)", "BORDER_WID": 1, "FILL_STYLE": "No Fill" }, "geometry": { "type": "MultiPolygon", "coordinates": [ [ [ [ -68.872364623535873, -32.877632403265288, 0.0 ], [ -68.87219073446434, -32.877674137332953, 0.0 ], [ -68.872138685021653, -32.877686745721391, 0.0 ], [ -68.871912456843603, -32.877740951316063, 0.0 ], [ -68.871780085579815, -32.877353987259056, 0.0 ], [ -68.872232145288393, -32.877244268267951, 0.0 ], [ -68.872364623535873, -32.877632403265288, 0.0 ] ] ] ] } },
{ "type": "Feature", "properties": { "LAYER": "VM_MOSAICO_PARCELARIO_RIO_", "GM_TYPE": "Unknown Area Type", "MAP_NAME": "Cl_del Oeste_modificado_2026.dwg", "CLOSED": "YES", "BORDER_STY": "Solid", "BORDER_COL": "RGB(255,255,255)", "BORDER_WID": 1, "FILL_STYLE": "No Fill" }, "geometry": { "type": "MultiPolygon", "coordinates": [ [ [ [ -68.872942197630323, -32.878594924464025, 0.0 ], [ -68.872981856222651, -32.878585227353881, 0.0 ], [ -68.873093564294649, -32.878557749819421, 0.0 ], [ -68.873175981472102, -32.878537546207603, 0.0 ], [ -68.873199179758373, -32.878604927144664, 0.0 ], [ -68.873210566950874, -32.878637760336701, 0.0 ], [ -68.873226210290852, -32.878683401891031, 0.0 ], [ -68.87324547141769, -32.878739146078019, 0.0 ], [ -68.873194481727054, -32.878751627034703, 0.0 ], [ -68.873050599076009, -32.878786646233038, 0.0 ], [ -68.873011581814183, -32.878796163676945, 0.0 ], [ -68.872976784065074, -32.878695048488112, 0.0 ], [ -68.872942197630323, -32.878594924464025, 0.0 ] ] ] ] } },
{ "type": "Feature", "properties": { "LAYER": "VM_MOSAICO_PARCELARIO_RIO_", "GM_TYPE": "Unknown Area Type", "MAP_NAME": "Cl_del Oeste_modificado_2026.dwg", "CLOSED": "YES", "BORDER_STY": "Solid", "BORDER_COL": "RGB(255,255,255)", "BORDER_WID": 1, "FILL_STYLE": "No Fill" }, "geometry": { "type": "MultiPolygon", "coordinates": [ [ [ [ -68.873011581814183, -32.878796163676945, 0.0 ], [ -68.873050599076009, -32.878786646233038, 0.0 ], [ -68.873194481727054, -32.878751627034703, 0.0 ], [ -68.87324547141769, -32.878739146078019, 0.0 ], [ -68.873256645310732, -32.878771708540953, 0.0 ], [ -68.873279950192895, -32.878839360076789, 0.0 ], [ -68.873291762701484, -32.878873726570305, 0.0 ], [ -68.873303682335106, -32.878907912832318, 0.0 ], [ -68.873314748470605, -32.878940385010701, 0.0 ], [ -68.873268141965653, -32.878951427726513, 0.0 ], [ -68.873231904155006, -32.878960137432458, 0.0 ], [ -68.873122122215349, -32.878986174332098, 0.0 ], [ -68.873080325883478, -32.8789961398248, 0.0 ], [ -68.873046278383882, -32.878897097511469, 0.0 ], [ -68.873011581814183, -32.878796163676945, 0.0 ] ] ] ] } },
{ "type": "Feature", "properties": { "LAYER": "VM_MOSAICO_PARCELARIO_RIO_", "GM_TYPE": "Unknown Area Type", "MAP_NAME": "Cl_del Oeste_modificado_2026.dwg", "CLOSED": "YES", "BORDER_STY": "Solid", "BORDER_COL": "RGB(255,255,255)", "BORDER_WID": 1, "FILL_STYLE": "No Fill" }, "geometry": { "type": "MultiPolygon", "coordinates": [ [ [ [ -68.873175981472102, -32.878537546207603, 0.0 ], [ -68.873286512393548, -32.878510428886024, 0.0 ], [ -68.873373739930003, -32.878488967645623, 0.0 ], [ -68.873412757020105, -32.878479449186187, 0.0 ], [ -68.873447557529829, -32.878579663468635, 0.0 ], [ -68.87347022468478, -32.878644969020826, 0.0 ], [ -68.873483637694761, -32.878681050334301, 0.0 ], [ -68.873327460907518, -32.878719212441858, 0.0 ], [ -68.873310678242149, -32.878723253065665, 0.0 ], [ -68.87324547141769, -32.878739146078019, 0.0 ], [ -68.873226210290852, -32.878683401891031, 0.0 ], [ -68.873210566950874, -32.878637760336701, 0.0 ], [ -68.873199179758373, -32.878604927144664, 0.0 ], [ -68.873175981472102, -32.878537546207603, 0.0 ] ] ] ] } },
{ "type": "Feature", "properties": { "LAYER": "VM_MOSAICO_PARCELARIO_RIO_", "GM_TYPE": "Unknown Area Type", "MAP_NAME": "Cl_del Oeste_modificado_2026.dwg", "CLOSED": "YES", "BORDER_STY": "Solid", "BORDER_COL": "RGB(255,255,255)", "BORDER_WID": 1, "FILL_STYLE": "No Fill" }, "geometry": { "type": "MultiPolygon", "coordinates": [ [ [ [ -68.873037002093284, -32.878133896388192, 0.0 ], [ -68.873230804855197, -32.878086846010227, 0.0 ], [ -68.87327302856319, -32.878076609488403, 0.0 ], [ -68.873308359546741, -32.878178537571074, 0.0 ], [ -68.87333390001119, -32.878252051474853, 0.0 ], [ -68.873342839717964, -32.878277668628598, 0.0 ], [ -68.873302005598376, -32.878287545903632, 0.0 ], [ -68.873289498771641, -32.878290598992962, 0.0 ], [ -68.873172127368974, -32.878318971753821, 0.0 ], [ -68.873106279663901, -32.878334864045193, 0.0 ], [ -68.873071481600121, -32.878234019383129, 0.0 ], [ -68.873048389037777, -32.878166819766399, 0.0 ], [ -68.873037002093284, -32.878133896388192, 0.0 ] ] ] ] } },
{ "type": "Feature", "properties": { "LAYER": "VM_MOSAICO_PARCELARIO_RIO_", "GM_TYPE": "Unknown Area Type", "MAP_NAME": "Cl_del Oeste_modificado_2026.dwg", "CLOSED": "YES", "BORDER_STY": "Solid", "BORDER_COL": "RGB(255,255,255)", "BORDER_WID": 1, "FILL_STYLE": "No Fill" }, "geometry": { "type": "MultiPolygon", "coordinates": [ [ [ [ -68.872967513602006, -32.877931935707778, 0.0 ], [ -68.87316247686978, -32.877886836074069, 0.0 ], [ -68.873203856430933, -32.87787726507085, 0.0 ], [ -68.873237910348792, -32.877975403866486, 0.0 ], [ -68.87327302856319, -32.878076609488403, 0.0 ], [ -68.873230804855197, -32.878086846010227, 0.0 ], [ -68.873037002093284, -32.878133896388192, 0.0 ], [ -68.873002204572728, -32.878032780294575, 0.0 ], [ -68.872980177007676, -32.877968918011369, 0.0 ], [ -68.872967513602006, -32.877931935707778, 0.0 ] ] ] ] } },
{ "type": "Feature", "properties": { "LAYER": "VM_MOSAICO_PARCELARIO_RIO_", "GM_TYPE": "Unknown Area Type", "MAP_NAME": "Cl_del Oeste_modificado_2026.dwg", "CLOSED": "YES", "BORDER_STY": "Solid", "BORDER_COL": "RGB(255,255,255)", "BORDER_WID": 1, "FILL_STYLE": "No Fill" }, "geometry": { "type": "MultiPolygon", "coordinates": [ [ [ [ -68.872931971190539, -32.877828744939428, 0.0 ], [ -68.872967513602006, -32.877931935707778, 0.0 ], [ -68.872937583388705, -32.877938847447084, 0.0 ], [ -68.872902736016599, -32.877946927286445, 0.0 ], [ -68.872793704271359, -32.877972242409328, 0.0 ], [ -68.872732774942975, -32.877986246851997, 0.0 ], [ -68.872721814540299, -32.877954045233345, 0.0 ], [ -68.872702249059685, -32.877887299084307, 0.0 ], [ -68.872794715650883, -32.877863409905267, 0.0 ], [ -68.872883119911734, -32.877840687829504, 0.0 ], [ -68.872909843838912, -32.877834132621139, 0.0 ], [ -68.872931971190539, -32.877828744939428, 0.0 ] ] ] ] } },
{ "type": "Feature", "properties": { "LAYER": "VM_MOSAICO_PARCELARIO_RIO_", "GM_TYPE": "Unknown Area Type", "MAP_NAME": "Cl_del Oeste_modificado_2026.dwg", "CLOSED": "YES", "BORDER_STY": "Solid", "BORDER_COL": "RGB(255,255,255)", "BORDER_WID": 1, "FILL_STYLE": "No Fill" }, "geometry": { "type": "MultiPolygon", "coordinates": [ [ [ [ -68.872683170204184, -32.877779166585242, 0.0 ], [ -68.872723790698757, -32.877769109856793, 0.0 ], [ -68.872906903388511, -32.877723852486461, 0.0 ], [ -68.872921589580343, -32.877766066676223, 0.0 ], [ -68.872942547492002, -32.877826120934145, 0.0 ], [ -68.872937322410806, -32.877827416770465, 0.0 ], [ -68.872931971190539, -32.877828744939428, 0.0 ], [ -68.872909843838912, -32.877834132621139, 0.0 ], [ -68.872883119911734, -32.877840687829504, 0.0 ], [ -68.872794715650883, -32.877863409905267, 0.0 ], [ -68.872702249059685, -32.877887299084307, 0.0 ], [ -68.872715947654527, -32.877872796657371, 0.0 ], [ -68.872683170204184, -32.877779166585242, 0.0 ] ] ] ] } },
{ "type": "Feature", "properties": { "LAYER": "VM_MOSAICO_PARCELARIO_RIO_", "GM_TYPE": "Unknown Area Type", "MAP_NAME": "Cl_del Oeste_modificado_2026.dwg", "CLOSED": "YES", "BORDER_STY": "Solid", "BORDER_COL": "RGB(255,255,255)", "BORDER_WID": 1, "FILL_STYLE": "No Fill" }, "geometry": { "type": "MultiPolygon", "coordinates": [ [ [ [ -68.872803114334829, -32.878190643098655, 0.0 ], [ -68.872845338140763, -32.878180406721633, 0.0 ], [ -68.872982271515511, -32.878147184987128, 0.0 ], [ -68.873037002093284, -32.878133896388192, 0.0 ], [ -68.873048389037777, -32.878166819766399, 0.0 ], [ -68.873071481600121, -32.878234019383129, 0.0 ], [ -68.873019743738624, -32.878246048663897, 0.0 ], [ -68.873002640572764, -32.878250088921398, 0.0 ], [ -68.872913062934856, -32.878271096669422, 0.0 ], [ -68.87283695408324, -32.878288871949678, 0.0 ], [ -68.872803114334829, -32.878190643098655, 0.0 ] ] ] ] } },
{ "type": "Feature", "properties": { "LAYER": "VM_MOSAICO_PARCELARIO_RIO_", "GM_TYPE": "Unknown Area Type", "MAP_NAME": "Cl_del Oeste_modificado_2026.dwg", "CLOSED": "YES", "BORDER_STY": "Solid", "BORDER_COL": "RGB(255,255,255)", "BORDER_WID": 1, "FILL_STYLE": "No Fill" }, "geometry": { "type": "MultiPolygon", "coordinates": [ [ [ [ -68.873071481600121, -32.878234019383129, 0.0 ], [ -68.873106279663901, -32.878334864045193, 0.0 ], [ -68.872913652386714, -32.878381464575007, 0.0 ], [ -68.872872283622229, -32.878391520603273, 0.0 ], [ -68.87283695408324, -32.878288871949678, 0.0 ], [ -68.872913062934856, -32.878271096669422, 0.0 ], [ -68.873002640572764, -32.878250088921398, 0.0 ], [ -68.873019743738624, -32.878246048663897, 0.0 ], [ -68.873071481600121, -32.878234019383129, 0.0 ] ] ] ] } },
{ "type": "Feature", "properties": { "LAYER": "VM_MOSAICO_PARCELARIO_RIO_", "GM_TYPE": "Unknown Area Type", "MAP_NAME": "Cl_del Oeste_modificado_2026.dwg", "CLOSED": "YES", "BORDER_STY": "Solid", "BORDER_COL": "RGB(255,255,255)", "BORDER_WID": 1, "FILL_STYLE": "No Fill" }, "geometry": { "type": "MultiPolygon", "coordinates": [ [ [ [ -68.873080325883478, -32.8789961398248, 0.0 ], [ -68.873122122215349, -32.878986174332098, 0.0 ], [ -68.873231904155006, -32.878960137432458, 0.0 ], [ -68.873268141965653, -32.878951427726513, 0.0 ], [ -68.873314748470605, -32.878940385010701, 0.0 ], [ -68.873325496771557, -32.878971684664371, 0.0 ], [ -68.873349653045295, -32.879041860887803, 0.0 ], [ -68.873316729007414, -32.879049762449284, 0.0 ], [ -68.873280918728128, -32.879058382432888, 0.0 ], [ -68.873192408553862, -32.879079661065013, 0.0 ], [ -68.873115443159705, -32.879098157899691, 0.0 ], [ -68.873080325883478, -32.8789961398248, 0.0 ] ] ] ] } },
{ "type": "Feature", "properties": { "LAYER": "VM_MOSAICO_PARCELARIO_RIO_", "GM_TYPE": "Unknown Area Type", "MAP_NAME": "Cl_del Oeste_modificado_2026.dwg", "CLOSED": "YES", "BORDER_STY": "Solid", "BORDER_COL": "RGB(255,255,255)", "BORDER_WID": 1, "FILL_STYLE": "No Fill" }, "geometry": { "type": "MultiPolygon", "coordinates": [ [ [ [ -68.873349653045295, -32.879041860887803, 0.0 ], [ -68.873357209300707, -32.87906351008651, 0.0 ], [ -68.873373385293363, -32.879110414529826, 0.0 ], [ -68.873384239853991, -32.879142165132066, 0.0 ], [ -68.873316252159853, -32.879158866888986, 0.0 ], [ -68.873308234858797, -32.87916084249435, 0.0 ], [ -68.873274027687913, -32.879169282859166, 0.0 ], [ -68.87319246508217, -32.879189307060379, 0.0 ], [ -68.873150347568355, -32.879199633829465, 0.0 ], [ -68.873115443159705, -32.879098157899691, 0.0 ], [ -68.873192408553862, -32.879079661065013, 0.0 ], [ -68.873280918728128, -32.879058382432888, 0.0 ], [ -68.873316729007414, -32.879049762449284, 0.0 ], [ -68.873349653045295, -32.879041860887803, 0.0 ] ] ] ] } },
{ "type": "Feature", "properties": { "LAYER": "VM_MOSAICO_PARCELARIO_RIO_", "GM_TYPE": "Unknown Area Type", "MAP_NAME": "Cl_del Oeste_modificado_2026.dwg", "CLOSED": "YES", "BORDER_STY": "Solid", "BORDER_COL": "RGB(255,255,255)", "BORDER_WID": 1, "FILL_STYLE": "No Fill" }, "geometry": { "type": "MultiPolygon", "coordinates": [ [ [ [ -68.872906903388511, -32.877723852486461, 0.0 ], [ -68.872974995980229, -32.877707060883864, 0.0 ], [ -68.873091619276082, -32.877678235796544, 0.0 ], [ -68.873131385627147, -32.877668358407554, 0.0 ], [ -68.873167142309072, -32.877771277929583, 0.0 ], [ -68.873090904506626, -32.877789894516006, 0.0 ], [ -68.87300059602282, -32.877811945748753, 0.0 ], [ -68.872972142581347, -32.877818894162019, 0.0 ], [ -68.872942547492002, -32.877826120934145, 0.0 ], [ -68.872921589580343, -32.877766066676223, 0.0 ], [ -68.872906903388511, -32.877723852486461, 0.0 ] ] ] ] } },
{ "type": "Feature", "properties": { "LAYER": "VM_MOSAICO_PARCELARIO_RIO_", "GM_TYPE": "Unknown Area Type", "MAP_NAME": "Cl_del Oeste_modificado_2026.dwg", "CLOSED": "YES", "BORDER_STY": "Solid", "BORDER_COL": "RGB(255,255,255)", "BORDER_WID": 1, "FILL_STYLE": "No Fill" }, "geometry": { "type": "MultiPolygon", "coordinates": [ [ [ [ -68.873167142309072, -32.877771277929583, 0.0 ], [ -68.873190021615315, -32.877837395279897, 0.0 ], [ -68.873203856430933, -32.87787726507085, 0.0 ], [ -68.87316247686978, -32.877886836074069, 0.0 ], [ -68.872967513602006, -32.877931935707778, 0.0 ], [ -68.872931971190539, -32.877828744939428, 0.0 ], [ -68.872937322410806, -32.877827416770465, 0.0 ], [ -68.872942547492002, -32.877826120934145, 0.0 ], [ -68.872972142581347, -32.877818894162019, 0.0 ], [ -68.87300059602282, -32.877811945748753, 0.0 ], [ -68.873090904506626, -32.877789894516006, 0.0 ], [ -68.873167142309072, -32.877771277929583, 0.0 ] ] ] ] } },
{ "type": "Feature", "properties": { "LAYER": "VM_MOSAICO_PARCELARIO_RIO_", "GM_TYPE": "Unknown Area Type", "MAP_NAME": "Cl_del Oeste_modificado_2026.dwg", "CLOSED": "YES", "BORDER_STY": "Solid", "BORDER_COL": "RGB(255,255,255)", "BORDER_WID": 1, "FILL_STYLE": "No Fill" }, "geometry": { "type": "MultiPolygon", "coordinates": [ [ [ [ -68.872872283622229, -32.878391520603273, 0.0 ], [ -68.872913652386714, -32.878381464575007, 0.0 ], [ -68.873106279663901, -32.878334864045193, 0.0 ], [ -68.873140676186452, -32.878434839056148, 0.0 ], [ -68.873104306412827, -32.87844405714749, 0.0 ], [ -68.873072771996888, -32.878451779716848, 0.0 ], [ -68.872983726112224, -32.87847368974775, 0.0 ], [ -68.872907081133931, -32.878492636727223, 0.0 ], [ -68.872872283622229, -32.878391520603273, 0.0 ] ] ] ] } },
{ "type": "Feature", "properties": { "LAYER": "VM_MOSAICO_PARCELARIO_RIO_", "GM_TYPE": "Unknown Area Type", "MAP_NAME": "Cl_del Oeste_modificado_2026.dwg", "CLOSED": "YES", "BORDER_STY": "Solid", "BORDER_COL": "RGB(255,255,255)", "BORDER_WID": 1, "FILL_STYLE": "No Fill" }, "geometry": { "type": "MultiPolygon", "coordinates": [ [ [ [ -68.873140676186452, -32.878434839056148, 0.0 ], [ -68.873154059449021, -32.878473684066861, 0.0 ], [ -68.873175981472102, -32.878537546207603, 0.0 ], [ -68.873093564294649, -32.878557749819421, 0.0 ], [ -68.872981856222651, -32.878585227353881, 0.0 ], [ -68.872942197630323, -32.878594924464025, 0.0 ], [ -68.872907081133931, -32.878492636727223, 0.0 ], [ -68.872983726112224, -32.87847368974775, 0.0 ], [ -68.873072771996888, -32.878451779716848, 0.0 ], [ -68.873104306412827, -32.87844405714749, 0.0 ], [ -68.873140676186452, -32.878434839056148, 0.0 ] ] ] ] } },
{ "type": "Feature", "properties": { "LAYER": "VM_MOSAICO_PARCELARIO_RIO_", "GM_TYPE": "Unknown Area Type", "MAP_NAME": "Cl_del Oeste_modificado_2026.dwg", "CLOSED": "YES", "BORDER_STY": "Solid", "BORDER_COL": "RGB(255,255,255)", "BORDER_WID": 1, "FILL_STYLE": "No Fill" }, "geometry": { "type": "MultiPolygon", "coordinates": [ [ [ [ -68.872732774942975, -32.877986246851997, 0.0 ], [ -68.872793704271359, -32.877972242409328, 0.0 ], [ -68.872902736016599, -32.877946927286445, 0.0 ], [ -68.872937583388705, -32.877938847447084, 0.0 ], [ -68.872967513602006, -32.877931935707778, 0.0 ], [ -68.872980177007676, -32.877968918011369, 0.0 ], [ -68.873002204572728, -32.878032780294575, 0.0 ], [ -68.872933256869743, -32.878049571042048, 0.0 ], [ -68.872845388637145, -32.878070941156565, 0.0 ], [ -68.872768423658925, -32.878089707388675, 0.0 ], [ -68.872732774942975, -32.877986246851997, 0.0 ] ] ] ] } },
{ "type": "Feature", "properties": { "LAYER": "VM_MOSAICO_PARCELARIO_RIO_", "GM_TYPE": "Unknown Area Type", "MAP_NAME": "Cl_del Oeste_modificado_2026.dwg", "CLOSED": "YES", "BORDER_STY": "Solid", "BORDER_COL": "RGB(255,255,255)", "BORDER_WID": 1, "FILL_STYLE": "No Fill" }, "geometry": { "type": "MultiPolygon", "coordinates": [ [ [ [ -68.873002204572728, -32.878032780294575, 0.0 ], [ -68.873037002093284, -32.878133896388192, 0.0 ], [ -68.872982271515511, -32.878147184987128, 0.0 ], [ -68.872845338140763, -32.878180406721633, 0.0 ], [ -68.872803114334829, -32.878190643098655, 0.0 ], [ -68.872768423658925, -32.878089707388675, 0.0 ], [ -68.872845388637145, -32.878070941156565, 0.0 ], [ -68.872933256869743, -32.878049571042048, 0.0 ], [ -68.873002204572728, -32.878032780294575, 0.0 ] ] ] ] } },
{ "type": "Feature", "properties": { "LAYER": "VM_MOSAICO_PARCELARIO_RIO_", "GM_TYPE": "Unknown Area Type", "MAP_NAME": "Cl_del Oeste_modificado_2026.dwg", "CLOSED": "YES", "BORDER_STY": "Solid", "BORDER_COL": "RGB(255,255,255)", "BORDER_WID": 1, "FILL_STYLE": "No Fill" }, "geometry": { "type": "MultiPolygon", "coordinates": [ [ [ [ -68.873060084515544, -32.877462969488739, 0.0 ], [ -68.87309509692389, -32.877563904552801, 0.0 ], [ -68.873018665142624, -32.877583032159592, 0.0 ], [ -68.872928230872731, -32.877605752270263, 0.0 ], [ -68.872904286091966, -32.877611769290532, 0.0 ], [ -68.872870827612431, -32.877620120139277, 0.0 ], [ -68.872848586269654, -32.877556437950439, 0.0 ], [ -68.872835190863356, -32.877518054556624, 0.0 ], [ -68.872879965872087, -32.8775072382658, 0.0 ], [ -68.872889256150572, -32.877504954699774, 0.0 ], [ -68.873060084515544, -32.877462969488739, 0.0 ] ] ] ] } },
{ "type": "Feature", "properties": { "LAYER": "VM_MOSAICO_PARCELARIO_RIO_", "GM_TYPE": "Unknown Area Type", "MAP_NAME": "Cl_del Oeste_modificado_2026.dwg", "CLOSED": "YES", "BORDER_STY": "Solid", "BORDER_COL": "RGB(255,255,255)", "BORDER_WID": 1, "FILL_STYLE": "No Fill" }, "geometry": { "type": "MultiPolygon", "coordinates": [ [ [ [ -68.872870827612431, -32.877620120139277, 0.0 ], [ -68.872904286091966, -32.877611769290532, 0.0 ], [ -68.872928230872731, -32.877605752270263, 0.0 ], [ -68.873018665142624, -32.877583032159592, 0.0 ], [ -68.87309509692389, -32.877563904552801, 0.0 ], [ -68.87311212347683, -32.877612793629915, 0.0 ], [ -68.873131385627147, -32.877668358407554, 0.0 ], [ -68.873091619276082, -32.877678235796544, 0.0 ], [ -68.872974995980229, -32.877707060883864, 0.0 ], [ -68.872906903388511, -32.877723852486461, 0.0 ], [ -68.872870827612431, -32.877620120139277, 0.0 ] ] ] ] } },
{ "type": "Feature", "properties": { "LAYER": "VM_MOSAICO_PARCELARIO_RIO_", "GM_TYPE": "Unknown Area Type", "MAP_NAME": "Cl_del Oeste_modificado_2026.dwg", "CLOSED": "YES", "BORDER_STY": "Solid", "BORDER_COL": "RGB(255,255,255)", "BORDER_WID": 1, "FILL_STYLE": "No Fill" }, "geometry": { "type": "MultiPolygon", "coordinates": [ [ [ [ -68.873314748470605, -32.878940385010701, 0.0 ], [ -68.873400800498501, -32.878920004595166, 0.0 ], [ -68.873511010097701, -32.878893697374785, 0.0 ], [ -68.87355302005254, -32.878883731953877, 0.0 ], [ -68.873567068655859, -32.878923781351517, 0.0 ], [ -68.873587605066405, -32.878984666426668, 0.0 ], [ -68.873510853684053, -32.879003072650391, 0.0 ], [ -68.873422129770631, -32.879024442300349, 0.0 ], [ -68.873349653045295, -32.879041860887803, 0.0 ], [ -68.873325496771557, -32.878971684664371, 0.0 ], [ -68.873314748470605, -32.878940385010701, 0.0 ] ] ] ] } },
{ "type": "Feature", "properties": { "LAYER": "VM_MOSAICO_PARCELARIO_RIO_", "GM_TYPE": "Unknown Area Type", "MAP_NAME": "Cl_del Oeste_modificado_2026.dwg", "CLOSED": "YES", "BORDER_STY": "Solid", "BORDER_COL": "RGB(255,255,255)", "BORDER_WID": 1, "FILL_STYLE": "No Fill" }, "geometry": { "type": "MultiPolygon", "coordinates": [ [ [ [ -68.873587605066405, -32.878984666426668, 0.0 ], [ -68.873621337711086, -32.879083887711019, 0.0 ], [ -68.873580930563989, -32.879093854774425, 0.0 ], [ -68.873474674929625, -32.879119895546971, 0.0 ], [ -68.873442178184433, -32.879127887742939, 0.0 ], [ -68.873384239853991, -32.879142165132066, 0.0 ], [ -68.873373385293363, -32.879110414529826, 0.0 ], [ -68.873357209300707, -32.87906351008651, 0.0 ], [ -68.873349653045295, -32.879041860887803, 0.0 ], [ -68.873422129770631, -32.879024442300349, 0.0 ], [ -68.873510853684053, -32.879003072650391, 0.0 ], [ -68.873587605066405, -32.878984666426668, 0.0 ] ] ] ] } },
{ "type": "Feature", "properties": { "LAYER": "VM_MOSAICO_PARCELARIO_RIO_", "GM_TYPE": "Unknown Area Type", "MAP_NAME": "Cl_del Oeste_modificado_2026.dwg", "CLOSED": "YES", "BORDER_STY": "Solid", "BORDER_COL": "RGB(255,255,255)", "BORDER_WID": 1, "FILL_STYLE": "No Fill" }, "geometry": { "type": "MultiPolygon", "coordinates": [ [ [ [ -68.873150347568355, -32.879199633829465, 0.0 ], [ -68.87319246508217, -32.879189307060379, 0.0 ], [ -68.873274027687913, -32.879169282859166, 0.0 ], [ -68.873308234858797, -32.87916084249435, 0.0 ], [ -68.87332504725633, -32.879211083854038, 0.0 ], [ -68.873350265140019, -32.879286220464415, 0.0 ], [ -68.873374633228039, -32.879358561860315, 0.0 ], [ -68.873250428805363, -32.879380976592785, 0.0 ], [ -68.873236436606248, -32.879377175299936, 0.0 ], [ -68.87320355621199, -32.879354329125654, 0.0 ], [ -68.873150347568355, -32.879199633829465, 0.0 ] ] ] ] } },
{ "type": "Feature", "properties": { "LAYER": "VM_MOSAICO_PARCELARIO_RIO_", "GM_TYPE": "Unknown Area Type", "MAP_NAME": "Cl_del Oeste_modificado_2026.dwg", "CLOSED": "YES", "BORDER_STY": "Solid", "BORDER_COL": "RGB(255,255,255)", "BORDER_WID": 1, "FILL_STYLE": "No Fill" }, "geometry": { "type": "MultiPolygon", "coordinates": [ [ [ [ -68.873384239853991, -32.879142165132066, 0.0 ], [ -68.873442178184433, -32.879127887742939, 0.0 ], [ -68.873474674929625, -32.879119895546971, 0.0 ], [ -68.873491807948753, -32.879169415854115, 0.0 ], [ -68.873517881779406, -32.879244644368221, 0.0 ], [ -68.873528310204662, -32.87927477147803, 0.0 ], [ -68.873546615201732, -32.879327539058323, 0.0 ], [ -68.873374633228039, -32.879358561860315, 0.0 ], [ -68.873350265140019, -32.879286220464415, 0.0 ], [ -68.87332504725633, -32.879211083854038, 0.0 ], [ -68.873308234858797, -32.87916084249435, 0.0 ], [ -68.873316252159853, -32.879158866888986, 0.0 ], [ -68.873384239853991, -32.879142165132066, 0.0 ] ] ] ] } },
{ "type": "Feature", "properties": { "LAYER": "VM_MOSAICO_PARCELARIO_RIO_", "GM_TYPE": "Unknown Area Type", "MAP_NAME": "Cl_del Oeste_modificado_2026.dwg", "CLOSED": "YES", "BORDER_STY": "Solid", "BORDER_COL": "RGB(255,255,255)", "BORDER_WID": 1, "FILL_STYLE": "No Fill" }, "geometry": { "type": "MultiPolygon", "coordinates": [ [ [ [ -68.873474674929625, -32.879119895546971, 0.0 ], [ -68.873580930563989, -32.879093854774425, 0.0 ], [ -68.873621337711086, -32.879083887711019, 0.0 ], [ -68.873622295481198, -32.879086683928847, 0.0 ], [ -68.873659752817517, -32.879196818555137, 0.0 ], [ -68.873644188299707, -32.8792460353012, 0.0 ], [ -68.873622825903425, -32.879313821074128, 0.0 ], [ -68.873546615201732, -32.879327539058323, 0.0 ], [ -68.873528310204662, -32.87927477147803, 0.0 ], [ -68.873517881779406, -32.879244644368221, 0.0 ], [ -68.873491807948753, -32.879169415854115, 0.0 ], [ -68.873474674929625, -32.879119895546971, 0.0 ] ] ] ] } },
{ "type": "Feature", "properties": { "LAYER": "VM_MOSAICO_PARCELARIO_RIO_", "GM_TYPE": "Unknown Area Type", "MAP_NAME": "Cl_del Oeste_modificado_2026.dwg", "CLOSED": "YES", "BORDER_STY": "Solid", "BORDER_COL": "RGB(255,255,255)", "BORDER_WID": 1, "FILL_STYLE": "No Fill" }, "geometry": { "type": "MultiPolygon", "coordinates": [ [ [ [ -68.872835190863356, -32.877518054556624, 0.0 ], [ -68.872848586269654, -32.877556437950439, 0.0 ], [ -68.872870827612431, -32.877620120139277, 0.0 ], [ -68.872812034536011, -32.8776349383173, 0.0 ], [ -68.872723310532137, -32.877657209171574, 0.0 ], [ -68.872647200362977, -32.877676246708766, 0.0 ], [ -68.872610697053773, -32.877572063004074, 0.0 ], [ -68.872675091115156, -32.877556847564961, 0.0 ], [ -68.872835190863356, -32.877518054556624, 0.0 ] ] ] ] } },
{ "type": "Feature", "properties": { "LAYER": "VM_MOSAICO_PARCELARIO_RIO_", "GM_TYPE": "Unknown Area Type", "MAP_NAME": "Cl_del Oeste_modificado_2026.dwg", "CLOSED": "YES", "BORDER_STY": "Solid", "BORDER_COL": "RGB(255,255,255)", "BORDER_WID": 1, "FILL_STYLE": "No Fill" }, "geometry": { "type": "MultiPolygon", "coordinates": [ [ [ [ -68.872647200362977, -32.877676246708766, 0.0 ], [ -68.872723310532137, -32.877657209171574, 0.0 ], [ -68.872812034536011, -32.8776349383173, 0.0 ], [ -68.872870827612431, -32.877620120139277, 0.0 ], [ -68.872906903388511, -32.877723852486461, 0.0 ], [ -68.872723790698757, -32.877769109856793, 0.0 ], [ -68.872683170204184, -32.877779166585242, 0.0 ], [ -68.872647200362977, -32.877676246708766, 0.0 ] ] ] ] } },
{ "type": "Feature", "properties": { "LAYER": "VM_MOSAICO_PARCELARIO_RIO_", "GM_TYPE": "Unknown Area Type", "MAP_NAME": "Cl_del Oeste_modificado_2026.dwg", "CLOSED": "YES", "BORDER_STY": "Solid", "BORDER_COL": "RGB(255,255,255)", "BORDER_WID": 1, "FILL_STYLE": "No Fill" }, "geometry": { "type": "MultiPolygon", "coordinates": [ [ [ [ -68.87324547141769, -32.878739146078019, 0.0 ], [ -68.873310678242149, -32.878723253065665, 0.0 ], [ -68.873327460907518, -32.878719212441858, 0.0 ], [ -68.873483637694761, -32.878681050334301, 0.0 ], [ -68.873495233553015, -32.878716769130861, 0.0 ], [ -68.873517262739483, -32.878780631318158, 0.0 ], [ -68.873440510748594, -32.878799579416835, 0.0 ], [ -68.873351785056471, -32.87882157929986, 0.0 ], [ -68.873331581592154, -32.878826518156181, 0.0 ], [ -68.873279950192895, -32.878839360076789, 0.0 ], [ -68.873256645310732, -32.878771708540953, 0.0 ], [ -68.87324547141769, -32.878739146078019, 0.0 ] ] ] ] } },
{ "type": "Feature", "properties": { "LAYER": "VM_MOSAICO_PARCELARIO_RIO_", "GM_TYPE": "Unknown Area Type", "MAP_NAME": "Cl_del Oeste_modificado_2026.dwg", "CLOSED": "YES", "BORDER_STY": "Solid", "BORDER_COL": "RGB(255,255,255)", "BORDER_WID": 1, "FILL_STYLE": "No Fill" }, "geometry": { "type": "MultiPolygon", "coordinates": [ [ [ [ -68.873517262739483, -32.878780631318158, 0.0 ], [ -68.873540249292617, -32.878846839774006, 0.0 ], [ -68.873552168890129, -32.878881116181923, 0.0 ], [ -68.87355302005254, -32.878883731953877, 0.0 ], [ -68.873511010097701, -32.878893697374785, 0.0 ], [ -68.873400800498501, -32.878920004595166, 0.0 ], [ -68.873314748470605, -32.878940385010701, 0.0 ], [ -68.873303682335106, -32.878907912832318, 0.0 ], [ -68.873291762701484, -32.878873726570305, 0.0 ], [ -68.873279950192895, -32.878839360076789, 0.0 ], [ -68.873331581592154, -32.878826518156181, 0.0 ], [ -68.873351785056471, -32.87882157929986, 0.0 ], [ -68.873440510748594, -32.878799579416835, 0.0 ], [ -68.873517262739483, -32.878780631318158, 0.0 ] ] ] ] } },
{ "type": "Feature", "properties": { "LAYER": "VM_MOSAICO_PARCELARIO_RIO_", "GM_TYPE": "Unknown Area Type", "MAP_NAME": "Cl_del Oeste_modificado_2026.dwg", "CLOSED": "YES", "BORDER_STY": "Solid", "BORDER_COL": "RGB(255,255,255)", "BORDER_WID": 1, "FILL_STYLE": "No Fill" }, "geometry": { "type": "MultiPolygon", "coordinates": [ [ [ [ -68.873106279663901, -32.878334864045193, 0.0 ], [ -68.873172127368974, -32.878318971753821, 0.0 ], [ -68.873289498771641, -32.878290598992962, 0.0 ], [ -68.873302005598376, -32.878287545903632, 0.0 ], [ -68.873342839717964, -32.878277668628598, 0.0 ], [ -68.873377213105556, -32.878376800468693, 0.0 ], [ -68.873338196057972, -32.878386318015622, 0.0 ], [ -68.873250968613647, -32.87840777923185, 0.0 ], [ -68.873140676186452, -32.878434839056148, 0.0 ], [ -68.873106279663901, -32.878334864045193, 0.0 ] ] ] ] } },
{ "type": "Feature", "properties": { "LAYER": "VM_MOSAICO_PARCELARIO_RIO_", "GM_TYPE": "Unknown Area Type", "MAP_NAME": "Cl_del Oeste_modificado_2026.dwg", "CLOSED": "YES", "BORDER_STY": "Solid", "BORDER_COL": "RGB(255,255,255)", "BORDER_WID": 1, "FILL_STYLE": "No Fill" }, "geometry": { "type": "MultiPolygon", "coordinates": [ [ [ [ -68.873140676186452, -32.878434839056148, 0.0 ], [ -68.873250968613647, -32.87840777923185, 0.0 ], [ -68.873338196057972, -32.878386318015622, 0.0 ], [ -68.873377213105556, -32.878376800468693, 0.0 ], [ -68.873412757020105, -32.878479449186187, 0.0 ], [ -68.873373739930003, -32.878488967645623, 0.0 ], [ -68.873286512393548, -32.878510428886024, 0.0 ], [ -68.873175981472102, -32.878537546207603, 0.0 ], [ -68.873154059449021, -32.878473684066861, 0.0 ], [ -68.873140676186452, -32.878434839056148, 0.0 ] ] ] ] } },
{ "type": "Feature", "properties": { "LAYER": "VM_MOSAICO_PARCELARIO_RIO_", "GM_TYPE": "Unknown Area Type", "MAP_NAME": "Cl_del Oeste_modificado_2026.dwg", "CLOSED": "YES", "BORDER_STY": "Solid", "BORDER_COL": "RGB(255,255,255)", "BORDER_WID": 1, "FILL_STYLE": "No Fill" }, "geometry": { "type": "MultiPolygon", "coordinates": [ [ [ [ -68.873060084515544, -32.877462969488739, 0.0 ], [ -68.872889256150572, -32.877504954699774, 0.0 ], [ -68.872879965872087, -32.8775072382658, 0.0 ], [ -68.872835190863356, -32.877518054556624, 0.0 ], [ -68.872675091115156, -32.877556847564961, 0.0 ], [ -68.872610697053773, -32.877572063004074, 0.0 ], [ -68.872475224948161, -32.877185277750591, 0.0 ], [ -68.872895535292699, -32.877083277648758, 0.0 ], [ -68.872924478200474, -32.877168246617373, 0.0 ], [ -68.872955157958842, -32.877160072368227, 0.0 ], [ -68.873060084515544, -32.877462969488739, 0.0 ] ] ] ] } },
{ "type": "Feature", "properties": { "LAYER": "VM_MOSAICO_PARCELARIO_RIO_", "GM_TYPE": "Unknown Area Type", "MAP_NAME": "Cl_del Oeste_modificado_2026.dwg", "CLOSED": "YES", "BORDER_STY": "Solid", "BORDER_COL": "RGB(255,255,255)", "BORDER_WID": 1, "FILL_STYLE": "No Fill" }, "geometry": { "type": "MultiPolygon", "coordinates": [ [ [ [ -68.864946913390057, -32.88317256599538, 0.0 ], [ -68.865381431291695, -32.884854336150092, 0.0 ], [ -68.86324299482277, -32.885222226744972, 0.0 ], [ -68.86320195250066, -32.885087287752206, 0.0 ], [ -68.863198762844647, -32.885076644291104, 0.0 ], [ -68.863181978861832, -32.885011613897142, 0.0 ], [ -68.863163601228507, -32.884939819062382, 0.0 ], [ -68.862965483584091, -32.884172169740204, 0.0 ], [ -68.862956454264875, -32.884136902760766, 0.0 ], [ -68.862942007935644, -32.884080801644586, 0.0 ], [ -68.862931491538248, -32.88403967293231, 0.0 ], [ -68.862910246526667, -32.883957144763905, 0.0 ], [ -68.86288369050267, -32.883853690595281, 0.0 ], [ -68.862811443922993, -32.883581209988279, 0.0 ], [ -68.863001183051338, -32.883547155446323, 0.0 ], [ -68.863270984930736, -32.88349876198496, 0.0 ], [ -68.863439343726014, -32.883468560681045, 0.0 ], [ -68.86403132549151, -32.883362362264272, 0.0 ], [ -68.864083703796069, -32.883352861251858, 0.0 ], [ -68.864298882757268, -32.88331423465003, 0.0 ], [ -68.864940499468489, -32.883173911608651, 0.0 ], [ -68.864946913390057, -32.88317256599538, 0.0 ] ] ] ] } },
{ "type": "Feature", "properties": { "LAYER": "VM_MOSAICO_PARCELARIO_RIO_", "GM_TYPE": "Unknown Area Type", "MAP_NAME": "Cl_del Oeste_modificado_2026.dwg", "CLOSED": "YES", "BORDER_STY": "Solid", "BORDER_COL": "RGB(255,255,255)", "BORDER_WID": 1, "FILL_STYLE": "No Fill" }, "geometry": { "type": "MultiPolygon", "coordinates": [ [ [ [ -68.869193316439336, -32.882358299625452, 0.0 ], [ -68.871153067602691, -32.882001542978024, 0.0 ], [ -68.871297522812426, -32.88261108655265, 0.0 ], [ -68.871319507436496, -32.882704614741129, 0.0 ], [ -68.870310867222443, -32.882889491205525, 0.0 ], [ -68.870415497586507, -32.883320158943548, 0.0 ], [ -68.870387854549321, -32.883368821717482, 0.0 ], [ -68.87008214650578, -32.883492303363077, 0.0 ], [ -68.870020955894077, -32.883244634010275, 0.0 ], [ -68.869995997016645, -32.883139651011476, 0.0 ], [ -68.869981765930731, -32.883079583467847, 0.0 ], [ -68.869978366414173, -32.883065784031601, 0.0 ], [ -68.869902686926494, -32.88307904948757, 0.0 ], [ -68.869890999562188, -32.883032690311992, 0.0 ], [ -68.869888343369979, -32.88302213683945, 0.0 ], [ -68.869881012963035, -32.882993275038608, 0.0 ], [ -68.869874318329408, -32.882967389485472, 0.0 ], [ -68.869866137088167, -32.882935010195688, 0.0 ], [ -68.869850519128448, -32.882873408314254, 0.0 ], [ -68.869758377690346, -32.882890082985362, 0.0 ], [ -68.869736388712639, -32.882799890787055, 0.0 ], [ -68.869419346835201, -32.88285618289401, 0.0 ], [ -68.869312342104095, -32.882444356300248, 0.0 ], [ -68.869221269117801, -32.882461392370949, 0.0 ], [ -68.869193316439336, -32.882358299625452, 0.0 ] ] ] ] } },
{ "type": "Feature", "properties": { "LAYER": "VM_MOSAICO_PARCELARIO_RIO_", "GM_TYPE": "Unknown Area Type", "MAP_NAME": "Cl_del Oeste_modificado_2026.dwg", "CLOSED": "YES", "BORDER_STY": "Solid", "BORDER_COL": "RGB(255,255,255)", "BORDER_WID": 1, "FILL_STYLE": "No Fill" }, "geometry": { "type": "MultiPolygon", "coordinates": [ [ [ [ -68.873450260314357, -32.882264172035015, 0.0 ], [ -68.873421814661867, -32.882427799647807, 0.0 ], [ -68.87340037302998, -32.882625068392713, 0.0 ], [ -68.873392541480158, -32.882720910437712, 0.0 ], [ -68.873398331085752, -32.882857162117389, 0.0 ], [ -68.873437600830414, -32.883045656604864, 0.0 ], [ -68.873438024314964, -32.883048452281706, 0.0 ], [ -68.873438447927697, -32.883051157789446, 0.0 ], [ -68.873636845053724, -32.883834390358622, 0.0 ], [ -68.872804834921965, -32.884095720487032, 0.0 ], [ -68.872718017113456, -32.883759329576357, 0.0 ], [ -68.872815184532499, -32.883740583945013, 0.0 ], [ -68.87279966996897, -32.883679884234724, 0.0 ], [ -68.872792974306591, -32.883654089007585, 0.0 ], [ -68.872782665977738, -32.883613771947694, 0.0 ], [ -68.872780433792528, -32.88360538393303, 0.0 ], [ -68.872808974231134, -32.883600184043587, 0.0 ], [ -68.872754883323012, -32.883389312313881, 0.0 ], [ -68.872754894404466, -32.883381557765809, 0.0 ], [ -68.872770714257854, -32.883378868780881, 0.0 ], [ -68.872763171954304, -32.883347301854783, 0.0 ], [ -68.872494651026287, -32.883400586250147, 0.0 ], [ -68.872577652065246, -32.883720141543641, 0.0 ], [ -68.872599672229185, -32.883716016188792, 0.0 ], [ -68.872615614289231, -32.883777347543834, 0.0 ], [ -68.872683919367972, -32.88376470412642, 0.0 ], [ -68.872770294287534, -32.884106568787026, 0.0 ], [ -68.872617314465572, -32.884154617569749, 0.0 ], [ -68.872592773027023, -32.884054324327636, 0.0 ], [ -68.872426881558141, -32.883412508757296, 0.0 ], [ -68.872356730345331, -32.883149141936755, 0.0 ], [ -68.872336974454981, -32.883065534833285, 0.0 ], [ -68.872276503401281, -32.882833556751585, 0.0 ], [ -68.872183507214814, -32.882480448019372, 0.0 ], [ -68.872213115577097, -32.882475518961989, 0.0 ], [ -68.872457787698124, -32.882433842682666, 0.0 ], [ -68.872503215978867, -32.882426045171783, 0.0 ], [ -68.87254180317386, -32.882419502141531, 0.0 ], [ -68.872574618436019, -32.882413855813759, 0.0 ], [ -68.872657030533404, -32.88239978406952, 0.0 ], [ -68.872940502422523, -32.882351293475416, 0.0 ], [ -68.873045575000617, -32.882333368114644, 0.0 ], [ -68.873186136151602, -32.882309256069085, 0.0 ], [ -68.8732918499405, -32.882291240981985, 0.0 ], [ -68.873450260314357, -32.882264172035015, 0.0 ] ] ] ] } },
{ "type": "Feature", "properties": { "LAYER": "VM_MOSAICO_PARCELARIO_RIO_", "GM_TYPE": "Unknown Area Type", "MAP_NAME": "Cl_del Oeste_modificado_2026.dwg", "CLOSED": "YES", "BORDER_STY": "Solid", "BORDER_COL": "RGB(255,255,255)", "BORDER_WID": 1, "FILL_STYLE": "No Fill" }, "geometry": { "type": "MultiPolygon", "coordinates": [ [ [ [ -68.872770294287534, -32.884106568787026, 0.0 ], [ -68.872683919367972, -32.88376470412642, 0.0 ], [ -68.872615614289231, -32.883777347543834, 0.0 ], [ -68.872599672229185, -32.883716016188792, 0.0 ], [ -68.872577652065246, -32.883720141543641, 0.0 ], [ -68.872494651026287, -32.883400586250147, 0.0 ], [ -68.872763171954304, -32.883347301854783, 0.0 ], [ -68.872770714257854, -32.883378868780881, 0.0 ], [ -68.872754894404466, -32.883381557765809, 0.0 ], [ -68.872754883323012, -32.883389312313881, 0.0 ], [ -68.872808974231134, -32.883600184043587, 0.0 ], [ -68.872780433792528, -32.88360538393303, 0.0 ], [ -68.872782665977738, -32.883613771947694, 0.0 ], [ -68.872792974306591, -32.883654089007585, 0.0 ], [ -68.87279966996897, -32.883679884234724, 0.0 ], [ -68.872815184532499, -32.883740583945013, 0.0 ], [ -68.872718017113456, -32.883759329576357, 0.0 ], [ -68.872804834921965, -32.884095720487032, 0.0 ], [ -68.872770294287534, -32.884106568787026, 0.0 ] ] ] ] } },
{ "type": "Feature", "properties": { "LAYER": "VM_MOSAICO_PARCELARIO_RIO_", "GM_TYPE": "Unknown Area Type", "MAP_NAME": "Cl_del Oeste_modificado_2026.dwg", "CLOSED": "YES", "BORDER_STY": "Solid", "BORDER_COL": "RGB(255,255,255)", "BORDER_WID": 1, "FILL_STYLE": "No Fill" }, "geometry": { "type": "MultiPolygon", "coordinates": [ [ [ [ -68.87148828747857, -32.881940515022251, 0.0 ], [ -68.872554665629835, -32.881798790598992, 0.0 ], [ -68.872715488985733, -32.881802653114399, 0.0 ], [ -68.872827171393425, -32.881795283569708, 0.0 ], [ -68.872885417068929, -32.881791556569851, 0.0 ], [ -68.872970148525184, -32.881799217779928, 0.0 ], [ -68.873050611007855, -32.881802997318971, 0.0 ], [ -68.873099639487904, -32.881818195518683, 0.0 ], [ -68.873180025673037, -32.881874814117275, 0.0 ], [ -68.873290917352577, -32.881972581682064, 0.0 ], [ -68.873314822573818, -32.881994426872183, 0.0 ], [ -68.873338625731691, -32.882013657044169, 0.0 ], [ -68.873360920247265, -32.882041723178659, 0.0 ], [ -68.873427073198286, -32.882188134939618, 0.0 ], [ -68.873442301430302, -32.882224850161677, 0.0 ], [ -68.873450260314357, -32.882264172035015, 0.0 ], [ -68.8732918499405, -32.882291240981985, 0.0 ], [ -68.873186136151602, -32.882309256069085, 0.0 ], [ -68.873045575000617, -32.882333368114644, 0.0 ], [ -68.872940502422523, -32.882351293475416, 0.0 ], [ -68.872657030533404, -32.88239978406952, 0.0 ], [ -68.872574618436019, -32.882413855813759, 0.0 ], [ -68.87254180317386, -32.882419502141531, 0.0 ], [ -68.872503215978867, -32.882426045171783, 0.0 ], [ -68.872457787698124, -32.882433842682666, 0.0 ], [ -68.872213115577097, -32.882475518961989, 0.0 ], [ -68.872183507214814, -32.882480448019372, 0.0 ], [ -68.872276503401281, -32.882833556751585, 0.0 ], [ -68.872336974454981, -32.883065534833285, 0.0 ], [ -68.872356730345331, -32.883149141936755, 0.0 ], [ -68.872426881558141, -32.883412508757296, 0.0 ], [ -68.872592773027023, -32.884054324327636, 0.0 ], [ -68.872617314465572, -32.884154617569749, 0.0 ], [ -68.871275366760401, -32.884544834345782, 0.0 ], [ -68.868659304293303, -32.885031884147594, 0.0 ], [ -68.867019402124072, -32.88533562665296, 0.0 ], [ -68.8664149011896, -32.883038995000554, 0.0 ], [ -68.866367405874882, -32.882858425340743, 0.0 ], [ -68.866620852309083, -32.882810908858623, 0.0 ], [ -68.869193316439336, -32.882358299625452, 0.0 ], [ -68.869221269117801, -32.882461392370949, 0.0 ], [ -68.869312342104095, -32.882444356300248, 0.0 ], [ -68.869419346835201, -32.88285618289401, 0.0 ], [ -68.869736388712639, -32.882799890787055, 0.0 ], [ -68.869758377690346, -32.882890082985362, 0.0 ], [ -68.869850519128448, -32.882873408314254, 0.0 ], [ -68.869866137088167, -32.882935010195688, 0.0 ], [ -68.869874318329408, -32.882967389485472, 0.0 ], [ -68.869881012963035, -32.882993275038608, 0.0 ], [ -68.869888343369979, -32.88302213683945, 0.0 ], [ -68.869890999562188, -32.883032690311992, 0.0 ], [ -68.869902686926494, -32.88307904948757, 0.0 ], [ -68.869978366414173, -32.883065784031601, 0.0 ], [ -68.869981765930731, -32.883079583467847, 0.0 ], [ -68.869995997016645, -32.883139651011476, 0.0 ], [ -68.870020955894077, -32.883244634010275, 0.0 ], [ -68.87008214650578, -32.883492303363077, 0.0 ], [ -68.870387854549321, -32.883368821717482, 0.0 ], [ -68.870415497586507, -32.883320158943548, 0.0 ], [ -68.870310867222443, -32.882889491205525, 0.0 ], [ -68.871319507436496, -32.882704614741129, 0.0 ], [ -68.871297522812426, -32.88261108655265, 0.0 ], [ -68.871636907865039, -32.882548140084033, 0.0 ], [ -68.871527414237804, -32.882100600338838, 0.0 ], [ -68.87148828747857, -32.881940515022251, 0.0 ] ] ] ] } },
{ "type": "Feature", "properties": { "LAYER": "VM_MOSAICO_PARCELARIO_RIO_", "GM_TYPE": "Unknown Area Type", "MAP_NAME": "Cl_del Oeste_modificado_2026.dwg", "CLOSED": "YES", "BORDER_STY": "Solid", "BORDER_COL": "RGB(255,255,255)", "BORDER_WID": 1, "FILL_STYLE": "No Fill" }, "geometry": { "type": "MultiPolygon", "coordinates": [ [ [ [ -68.871365579449801, -32.881962854564833, 0.0 ], [ -68.87148828747857, -32.881940515022251, 0.0 ], [ -68.871527414237804, -32.882100600338838, 0.0 ], [ -68.871404775472143, -32.882122930973189, 0.0 ], [ -68.871365579449801, -32.881962854564833, 0.0 ] ] ] ] } },
{ "type": "Feature", "properties": { "LAYER": "VM_MOSAICO_PARCELARIO_RIO_", "GM_TYPE": "Unknown Area Type", "MAP_NAME": "Cl_del Oeste_modificado_2026.dwg", "CLOSED": "YES", "BORDER_STY": "Solid", "BORDER_COL": "RGB(255,255,255)", "BORDER_WID": 1, "FILL_STYLE": "No Fill" }, "geometry": { "type": "MultiPolygon", "coordinates": [ [ [ [ -68.871153067602691, -32.882001542978024, 0.0 ], [ -68.871365579449801, -32.881962854564833, 0.0 ], [ -68.871404775472143, -32.882122930973189, 0.0 ], [ -68.871527414237804, -32.882100600338838, 0.0 ], [ -68.871636907865039, -32.882548140084033, 0.0 ], [ -68.871297522812426, -32.88261108655265, 0.0 ], [ -68.871153067602691, -32.882001542978024, 0.0 ] ] ] ] } },
{ "type": "Feature", "properties": { "LAYER": "VM_MOSAICO_PARCELARIO_RIO_", "GM_TYPE": "Unknown Area Type", "MAP_NAME": "Cl_del Oeste_modificado_2026.dwg", "CLOSED": "YES", "BORDER_STY": "Solid", "BORDER_COL": "RGB(255,255,255)", "BORDER_WID": 1, "FILL_STYLE": "No Fill" }, "geometry": { "type": "MultiPolygon", "coordinates": [ [ [ [ -68.870764172178639, -32.873341834063169, 0.0 ], [ -68.870793435831089, -32.873351513324799, 0.0 ], [ -68.87086296256463, -32.873374578326775, 0.0 ], [ -68.870904935577926, -32.873388508645718, 0.0 ], [ -68.87093085638385, -32.873419193002192, 0.0 ], [ -68.87091877603541, -32.873477872724287, 0.0 ], [ -68.870730081762233, -32.873417721503657, 0.0 ], [ -68.870744124883544, -32.873386447221016, 0.0 ], [ -68.870764172178639, -32.873341834063169, 0.0 ] ] ] ] } },
{ "type": "Feature", "properties": { "LAYER": "VM_MOSAICO_PARCELARIO_RIO_", "GM_TYPE": "Unknown Area Type", "MAP_NAME": "Cl_del Oeste_modificado_2026.dwg", "CLOSED": "YES", "BORDER_STY": "Solid", "BORDER_COL": "RGB(255,255,255)", "BORDER_WID": 1, "FILL_STYLE": "No Fill" }, "geometry": { "type": "MultiPolygon", "coordinates": [ [ [ [ -68.870664417551708, -32.873310170757833, 0.0 ], [ -68.870764172178639, -32.873341834063169, 0.0 ], [ -68.870744124883544, -32.873386447221016, 0.0 ], [ -68.870730081762233, -32.873417721503657, 0.0 ], [ -68.870688701205765, -32.873510191672189, 0.0 ], [ -68.870589588341446, -32.873478709310056, 0.0 ], [ -68.870601488046276, -32.8734518511286, 0.0 ], [ -68.870620677441124, -32.873408679817963, 0.0 ], [ -68.870645978394563, -32.873351809971368, 0.0 ], [ -68.870664417551708, -32.873310170757833, 0.0 ] ] ] ] } },
{ "type": "Feature", "properties": { "LAYER": "VM_MOSAICO_PARCELARIO_RIO_", "GM_TYPE": "Unknown Area Type", "MAP_NAME": "Cl_del Oeste_modificado_2026.dwg", "CLOSED": "YES", "BORDER_STY": "Solid", "BORDER_COL": "RGB(255,255,255)", "BORDER_WID": 1, "FILL_STYLE": "No Fill" }, "geometry": { "type": "MultiPolygon", "coordinates": [ [ [ [ -68.870564876701238, -32.873278507594037, 0.0 ], [ -68.870664417551708, -32.873310170757833, 0.0 ], [ -68.870645978394563, -32.873351809971368, 0.0 ], [ -68.870620677441124, -32.873408679817963, 0.0 ], [ -68.870601488046276, -32.8734518511286, 0.0 ], [ -68.870589588341446, -32.873478709310056, 0.0 ], [ -68.870532661829984, -32.873460705784979, 0.0 ], [ -68.87048908591612, -32.873446864752957, 0.0 ], [ -68.870564876701238, -32.873278507594037, 0.0 ] ] ] ] } },
{ "type": "Feature", "properties": { "LAYER": "VM_MOSAICO_PARCELARIO_RIO_", "GM_TYPE": "Unknown Area Type", "MAP_NAME": "Cl_del Oeste_modificado_2026.dwg", "CLOSED": "YES", "BORDER_STY": "Solid", "BORDER_COL": "RGB(255,255,255)", "BORDER_WID": 1, "FILL_STYLE": "No Fill" }, "geometry": { "type": "MultiPolygon", "coordinates": [ [ [ [ -68.870463841710574, -32.873246391054913, 0.0 ], [ -68.870564876701238, -32.873278507594037, 0.0 ], [ -68.87048908591612, -32.873446864752957, 0.0 ], [ -68.870389544844684, -32.873415291619438, 0.0 ], [ -68.870398228391252, -32.873395733848945, 0.0 ], [ -68.870420635803512, -32.873344811331201, 0.0 ], [ -68.870445508388414, -32.873287940179331, 0.0 ], [ -68.870463841710574, -32.873246391054913, 0.0 ] ] ] ] } },
{ "type": "Feature", "properties": { "LAYER": "VM_MOSAICO_PARCELARIO_RIO_", "GM_TYPE": "Unknown Area Type", "MAP_NAME": "Cl_del Oeste_modificado_2026.dwg", "CLOSED": "YES", "BORDER_STY": "Solid", "BORDER_COL": "RGB(255,255,255)", "BORDER_WID": 1, "FILL_STYLE": "No Fill" }, "geometry": { "type": "MultiPolygon", "coordinates": [ [ [ [ -68.870365048577511, -32.873214999014614, 0.0 ], [ -68.870463841710574, -32.873246391054913, 0.0 ], [ -68.870445508388414, -32.873287940179331, 0.0 ], [ -68.870420635803512, -32.873344811331201, 0.0 ], [ -68.870398228391252, -32.873395733848945, 0.0 ], [ -68.870389544844684, -32.873415291619438, 0.0 ], [ -68.87028882898997, -32.873383355608993, 0.0 ], [ -68.870308340146707, -32.873340185581284, 0.0 ], [ -68.870318202365226, -32.873318374802309, 0.0 ], [ -68.870347359875112, -32.873254114218064, 0.0 ], [ -68.870365048577511, -32.873214999014614, 0.0 ] ] ] ] } },
{ "type": "Feature", "properties": { "LAYER": "VM_MOSAICO_PARCELARIO_RIO_", "GM_TYPE": "Unknown Area Type", "MAP_NAME": "Cl_del Oeste_modificado_2026.dwg", "CLOSED": "YES", "BORDER_STY": "Solid", "BORDER_COL": "RGB(255,255,255)", "BORDER_WID": 1, "FILL_STYLE": "No Fill" }, "geometry": { "type": "MultiPolygon", "coordinates": [ [ [ [ -68.870266255383015, -32.873183697065585, 0.0 ], [ -68.870295092307927, -32.873192834082971, 0.0 ], [ -68.870365048577511, -32.873214999014614, 0.0 ], [ -68.870347359875112, -32.873254114218064, 0.0 ], [ -68.870318202365226, -32.873318374802309, 0.0 ], [ -68.870308340146707, -32.873340185581284, 0.0 ], [ -68.87028882898997, -32.873383355608993, 0.0 ], [ -68.870190036704457, -32.873352053601366, 0.0 ], [ -68.870194003264189, -32.873343130943354, 0.0 ], [ -68.870209975690855, -32.873307891267281, 0.0 ], [ -68.870248139119624, -32.873223623336607, 0.0 ], [ -68.870266255383015, -32.873183697065585, 0.0 ] ] ] ] } },
{ "type": "Feature", "properties": { "LAYER": "VM_MOSAICO_PARCELARIO_RIO_", "GM_TYPE": "Unknown Area Type", "MAP_NAME": "Cl_del Oeste_modificado_2026.dwg", "CLOSED": "YES", "BORDER_STY": "Solid", "BORDER_COL": "RGB(255,255,255)", "BORDER_WID": 1, "FILL_STYLE": "No Fill" }, "geometry": { "type": "MultiPolygon", "coordinates": [ [ [ [ -68.870165434032003, -32.873151040391889, 0.0 ], [ -68.870266255383015, -32.873183697065585, 0.0 ], [ -68.870248139119624, -32.873223623336607, 0.0 ], [ -68.870209975690855, -32.873307891267281, 0.0 ], [ -68.870194003264189, -32.873343130943354, 0.0 ], [ -68.870190036704457, -32.873352053601366, 0.0 ], [ -68.870089641813081, -32.873319938326304, 0.0 ], [ -68.870106579500813, -32.873282265091063, 0.0 ], [ -68.870146888216894, -32.873192408913596, 0.0 ], [ -68.870165434032003, -32.873151040391889, 0.0 ] ] ] ] } },
{ "type": "Feature", "properties": { "LAYER": "VM_MOSAICO_PARCELARIO_RIO_", "GM_TYPE": "Unknown Area Type", "MAP_NAME": "Cl_del Oeste_modificado_2026.dwg", "CLOSED": "YES", "BORDER_STY": "Solid", "BORDER_COL": "RGB(255,255,255)", "BORDER_WID": 1, "FILL_STYLE": "No Fill" }, "geometry": { "type": "MultiPolygon", "coordinates": [ [ [ [ -68.870064720544633, -32.873118473918289, 0.0 ], [ -68.870165434032003, -32.873151040391889, 0.0 ], [ -68.870146888216894, -32.873192408913596, 0.0 ], [ -68.870106579500813, -32.873282265091063, 0.0 ], [ -68.870089641813081, -32.873319938326304, 0.0 ], [ -68.869989674273384, -32.873287913584278, 0.0 ], [ -68.870008972244719, -32.873244471971226, 0.0 ], [ -68.87001368941749, -32.87323374671012, 0.0 ], [ -68.870046494574595, -32.8731595713475, 0.0 ], [ -68.870047995245287, -32.873156326806694, 0.0 ], [ -68.870064720544633, -32.873118473918289, 0.0 ] ] ] ] } },
{ "type": "Feature", "properties": { "LAYER": "VM_MOSAICO_PARCELARIO_RIO_", "GM_TYPE": "Unknown Area Type", "MAP_NAME": "Cl_del Oeste_modificado_2026.dwg", "CLOSED": "YES", "BORDER_STY": "Solid", "BORDER_COL": "RGB(255,255,255)", "BORDER_WID": 1, "FILL_STYLE": "No Fill" }, "geometry": { "type": "MultiPolygon", "coordinates": [ [ [ [ -68.869966676189804, -32.873086720761442, 0.0 ], [ -68.870064720544633, -32.873118473918289, 0.0 ], [ -68.870047995245287, -32.873156326806694, 0.0 ], [ -68.870046494574595, -32.8731595713475, 0.0 ], [ -68.87001368941749, -32.87323374671012, 0.0 ], [ -68.870008972244719, -32.873244471971226, 0.0 ], [ -68.869989674273384, -32.873287913584278, 0.0 ], [ -68.869890347527729, -32.873256159035442, 0.0 ], [ -68.869966676189804, -32.873086720761442, 0.0 ] ] ] ] } },
{ "type": "Feature", "properties": { "LAYER": "VM_MOSAICO_PARCELARIO_RIO_", "GM_TYPE": "Unknown Area Type", "MAP_NAME": "Cl_del Oeste_modificado_2026.dwg", "CLOSED": "YES", "BORDER_STY": "Solid", "BORDER_COL": "RGB(255,255,255)", "BORDER_WID": 1, "FILL_STYLE": "No Fill" }, "geometry": { "type": "MultiPolygon", "coordinates": [ [ [ [ -68.869865533579897, -32.87305469469792, 0.0 ], [ -68.869966676189804, -32.873086720761442, 0.0 ], [ -68.869890347527729, -32.873256159035442, 0.0 ], [ -68.869789847069143, -32.873224043409778, 0.0 ], [ -68.869821257660121, -32.87315374394062, 0.0 ], [ -68.86984666603459, -32.873096784196413, 0.0 ], [ -68.869865533579897, -32.87305469469792, 0.0 ] ] ] ] } },
{ "type": "Feature", "properties": { "LAYER": "VM_MOSAICO_PARCELARIO_RIO_", "GM_TYPE": "Unknown Area Type", "MAP_NAME": "Cl_del Oeste_modificado_2026.dwg", "CLOSED": "YES", "BORDER_STY": "Solid", "BORDER_COL": "RGB(255,255,255)", "BORDER_WID": 1, "FILL_STYLE": "No Fill" }, "geometry": { "type": "MultiPolygon", "coordinates": [ [ [ [ -68.869766207810343, -32.873023211460783, 0.0 ], [ -68.869792266588078, -32.873031534176803, 0.0 ], [ -68.869865533579897, -32.87305469469792, 0.0 ], [ -68.86984666603459, -32.873096784196413, 0.0 ], [ -68.869821257660121, -32.87315374394062, 0.0 ], [ -68.869789847069143, -32.873224043409778, 0.0 ], [ -68.869712842228694, -32.873199436240711, 0.0 ], [ -68.869690200171277, -32.873192108931462, 0.0 ], [ -68.869766207810343, -32.873023211460783, 0.0 ] ] ] ] } },
{ "type": "Feature", "properties": { "LAYER": "VM_MOSAICO_PARCELARIO_RIO_", "GM_TYPE": "Unknown Area Type", "MAP_NAME": "Cl_del Oeste_modificado_2026.dwg", "CLOSED": "YES", "BORDER_STY": "Solid", "BORDER_COL": "RGB(255,255,255)", "BORDER_WID": 1, "FILL_STYLE": "No Fill" }, "geometry": { "type": "MultiPolygon", "coordinates": [ [ [ [ -68.869667842317696, -32.872991999653586, 0.0 ], [ -68.869766207810343, -32.873023211460783, 0.0 ], [ -68.869690200171277, -32.873192108931462, 0.0 ], [ -68.869591407637159, -32.873160535942141, 0.0 ], [ -68.869623246972182, -32.873090146799711, 0.0 ], [ -68.869649188913328, -32.873033006410708, 0.0 ], [ -68.869667842317696, -32.872991999653586, 0.0 ] ] ] ] } },
{ "type": "Feature", "properties": { "LAYER": "VM_MOSAICO_PARCELARIO_RIO_", "GM_TYPE": "Unknown Area Type", "MAP_NAME": "Cl_del Oeste_modificado_2026.dwg", "CLOSED": "YES", "BORDER_STY": "Solid", "BORDER_COL": "RGB(255,255,255)", "BORDER_WID": 1, "FILL_STYLE": "No Fill" }, "geometry": { "type": "MultiPolygon", "coordinates": [ [ [ [ -68.869566165927495, -32.872959791551089, 0.0 ], [ -68.869667842317696, -32.872991999653586, 0.0 ], [ -68.869649188913328, -32.873033006410708, 0.0 ], [ -68.869623246972182, -32.873090146799711, 0.0 ], [ -68.869591407637159, -32.873160535942141, 0.0 ], [ -68.869549861423764, -32.873147236813566, 0.0 ], [ -68.869490907396269, -32.873128419174719, 0.0 ], [ -68.869511061966975, -32.87308317604429, 0.0 ], [ -68.869534968632919, -32.87302955016402, 0.0 ], [ -68.869547405641697, -32.873001520438962, 0.0 ], [ -68.869566165927495, -32.872959791551089, 0.0 ] ] ] ] } },
{ "type": "Feature", "properties": { "LAYER": "VM_MOSAICO_PARCELARIO_RIO_", "GM_TYPE": "Unknown Area Type", "MAP_NAME": "Cl_del Oeste_modificado_2026.dwg", "CLOSED": "YES", "BORDER_STY": "Solid", "BORDER_COL": "RGB(255,255,255)", "BORDER_WID": 1, "FILL_STYLE": "No Fill" }, "geometry": { "type": "MultiPolygon", "coordinates": [ [ [ [ -68.869466946021845, -32.872928398355981, 0.0 ], [ -68.869566165927495, -32.872959791551089, 0.0 ], [ -68.869547405641697, -32.873001520438962, 0.0 ], [ -68.869534968632919, -32.87302955016402, 0.0 ], [ -68.869511061966975, -32.87308317604429, 0.0 ], [ -68.869490907396269, -32.873128419174719, 0.0 ], [ -68.869441350978036, -32.873112587810006, 0.0 ], [ -68.86939158100617, -32.873096665131598, 0.0 ], [ -68.869400693207524, -32.873076386521717, 0.0 ], [ -68.869422670250046, -32.873027087683148, 0.0 ], [ -68.86944904342181, -32.872968144396566, 0.0 ], [ -68.869450437126588, -32.872964989920668, 0.0 ], [ -68.869466946021845, -32.872928398355981, 0.0 ] ] ] ] } },
{ "type": "Feature", "properties": { "LAYER": "VM_MOSAICO_PARCELARIO_RIO_", "GM_TYPE": "Unknown Area Type", "MAP_NAME": "Cl_del Oeste_modificado_2026.dwg", "CLOSED": "YES", "BORDER_STY": "Solid", "BORDER_COL": "RGB(255,255,255)", "BORDER_WID": 1, "FILL_STYLE": "No Fill" }, "geometry": { "type": "MultiPolygon", "coordinates": [ [ [ [ -68.869367513682775, -32.872896914690827, 0.0 ], [ -68.869439818110607, -32.87291980394793, 0.0 ], [ -68.869466946021845, -32.872928398355981, 0.0 ], [ -68.869450437126588, -32.872964989920668, 0.0 ], [ -68.86944904342181, -32.872968144396566, 0.0 ], [ -68.869422670250046, -32.873027087683148, 0.0 ], [ -68.869400693207524, -32.873076386521717, 0.0 ], [ -68.86939158100617, -32.873096665131598, 0.0 ], [ -68.869369472866907, -32.873089608830014, 0.0 ], [ -68.869291186692408, -32.873064549215862, 0.0 ], [ -68.869340177088645, -32.872957029157263, 0.0 ], [ -68.869348538676604, -32.872938553155514, 0.0 ], [ -68.869367513682775, -32.872896914690827, 0.0 ] ] ] ] } },
{ "type": "Feature", "properties": { "LAYER": "VM_MOSAICO_PARCELARIO_RIO_", "GM_TYPE": "Unknown Area Type", "MAP_NAME": "Cl_del Oeste_modificado_2026.dwg", "CLOSED": "YES", "BORDER_STY": "Solid", "BORDER_COL": "RGB(255,255,255)", "BORDER_WID": 1, "FILL_STYLE": "No Fill" }, "geometry": { "type": "MultiPolygon", "coordinates": [ [ [ [ -68.869268721193933, -32.87286561195414, 0.0 ], [ -68.869367513682775, -32.872896914690827, 0.0 ], [ -68.869348538676604, -32.872938553155514, 0.0 ], [ -68.869340177088645, -32.872957029157263, 0.0 ], [ -68.869291186692408, -32.873064549215862, 0.0 ], [ -68.869263738596686, -32.873055683926935, 0.0 ], [ -68.869191646872878, -32.873032704621437, 0.0 ], [ -68.869224020738741, -32.872962316138533, 0.0 ], [ -68.869249855261572, -32.872906438091341, 0.0 ], [ -68.869253714249083, -32.872898056366836, 0.0 ], [ -68.869268721193933, -32.87286561195414, 0.0 ] ] ] ] } },
{ "type": "Feature", "properties": { "LAYER": "VM_MOSAICO_PARCELARIO_RIO_", "GM_TYPE": "Unknown Area Type", "MAP_NAME": "Cl_del Oeste_modificado_2026.dwg", "CLOSED": "YES", "BORDER_STY": "Solid", "BORDER_COL": "RGB(255,255,255)", "BORDER_WID": 1, "FILL_STYLE": "No Fill" }, "geometry": { "type": "MultiPolygon", "coordinates": [ [ [ [ -68.869123828493244, -32.873010992117536, 0.0 ], [ -68.869119828649346, -32.872969780498735, 0.0 ], [ -68.869107401341992, -32.872847137056098, 0.0 ], [ -68.869140663085489, -32.872826252545607, 0.0 ], [ -68.869163198682074, -32.872833219165429, 0.0 ], [ -68.869195880730771, -32.872843263054207, 0.0 ], [ -68.869268721193933, -32.87286561195414, 0.0 ], [ -68.869253714249083, -32.872898056366836, 0.0 ], [ -68.869249855261572, -32.872906438091341, 0.0 ], [ -68.869224020738741, -32.872962316138533, 0.0 ], [ -68.869191646872878, -32.873032704621437, 0.0 ], [ -68.86913376112328, -32.873014158439581, 0.0 ], [ -68.869123828493244, -32.873010992117536, 0.0 ] ] ] ] } },
{ "type": "Feature", "properties": { "LAYER": "VM_MOSAICO_PARCELARIO_RIO_", "GM_TYPE": "Unknown Area Type", "MAP_NAME": "Cl_del Oeste_modificado_2026.dwg", "CLOSED": "YES", "BORDER_STY": "Solid", "BORDER_COL": "RGB(255,255,255)", "BORDER_WID": 1, "FILL_STYLE": "No Fill" }, "geometry": { "type": "MultiPolygon", "coordinates": [ [ [ [ -68.869191646872878, -32.873032704621437, 0.0 ], [ -68.869263738596686, -32.873055683926935, 0.0 ], [ -68.869291186692408, -32.873064549215862, 0.0 ], [ -68.869276607527325, -32.873096724470614, 0.0 ], [ -68.869264601280463, -32.873123131568505, 0.0 ], [ -68.869225473042249, -32.873208931070906, 0.0 ], [ -68.869214860349942, -32.87323227385955, 0.0 ], [ -68.869148643400365, -32.873210653213398, 0.0 ], [ -68.86914504008368, -32.873190451490203, 0.0 ], [ -68.869137518063894, -32.873146531105448, 0.0 ], [ -68.869123828493244, -32.873010992117536, 0.0 ], [ -68.86913376112328, -32.873014158439581, 0.0 ], [ -68.869191646872878, -32.873032704621437, 0.0 ] ] ] ] } },
{ "type": "Feature", "properties": { "LAYER": "VM_MOSAICO_PARCELARIO_RIO_", "GM_TYPE": "Unknown Area Type", "MAP_NAME": "Cl_del Oeste_modificado_2026.dwg", "CLOSED": "YES", "BORDER_STY": "Solid", "BORDER_COL": "RGB(255,255,255)", "BORDER_WID": 1, "FILL_STYLE": "No Fill" }, "geometry": { "type": "MultiPolygon", "coordinates": [ [ [ [ -68.86939158100617, -32.873096665131598, 0.0 ], [ -68.869377430207436, -32.873128209659122, 0.0 ], [ -68.869369281508412, -32.873146505545677, 0.0 ], [ -68.869331545496848, -32.873230953993456, 0.0 ], [ -68.869324469945099, -32.873246816422963, 0.0 ], [ -68.869316428738344, -32.873264661570758, 0.0 ], [ -68.869214860349942, -32.87323227385955, 0.0 ], [ -68.869225473042249, -32.873208931070906, 0.0 ], [ -68.869264601280463, -32.873123131568505, 0.0 ], [ -68.869276607527325, -32.873096724470614, 0.0 ], [ -68.869291186692408, -32.873064549215862, 0.0 ], [ -68.869369472866907, -32.873089608830014, 0.0 ], [ -68.86939158100617, -32.873096665131598, 0.0 ] ] ] ] } },
{ "type": "Feature", "properties": { "LAYER": "VM_MOSAICO_PARCELARIO_RIO_", "GM_TYPE": "Unknown Area Type", "MAP_NAME": "Cl_del Oeste_modificado_2026.dwg", "CLOSED": "YES", "BORDER_STY": "Solid", "BORDER_COL": "RGB(255,255,255)", "BORDER_WID": 1, "FILL_STYLE": "No Fill" }, "geometry": { "type": "MultiPolygon", "coordinates": [ [ [ [ -68.869490907396269, -32.873128419174719, 0.0 ], [ -68.869443628841523, -32.873234499266907, 0.0 ], [ -68.869422723048856, -32.873281185213784, 0.0 ], [ -68.869415968993934, -32.873296415896249, 0.0 ], [ -68.869316428738344, -32.873264661570758, 0.0 ], [ -68.869324469945099, -32.873246816422963, 0.0 ], [ -68.869331545496848, -32.873230953993456, 0.0 ], [ -68.869369281508412, -32.873146505545677, 0.0 ], [ -68.869377430207436, -32.873128209659122, 0.0 ], [ -68.86939158100617, -32.873096665131598, 0.0 ], [ -68.869441350978036, -32.873112587810006, 0.0 ], [ -68.869490907396269, -32.873128419174719, 0.0 ] ] ] ] } },
{ "type": "Feature", "properties": { "LAYER": "VM_MOSAICO_PARCELARIO_RIO_", "GM_TYPE": "Unknown Area Type", "MAP_NAME": "Cl_del Oeste_modificado_2026.dwg", "CLOSED": "YES", "BORDER_STY": "Solid", "BORDER_COL": "RGB(255,255,255)", "BORDER_WID": 1, "FILL_STYLE": "No Fill" }, "geometry": { "type": "MultiPolygon", "coordinates": [ [ [ [ -68.869591407637159, -32.873160535942141, 0.0 ], [ -68.869569431446905, -32.873209293793678, 0.0 ], [ -68.869530195289116, -32.873295995874109, 0.0 ], [ -68.869515616040019, -32.873328261324964, 0.0 ], [ -68.869415968993934, -32.873296415896249, 0.0 ], [ -68.869422723048856, -32.873281185213784, 0.0 ], [ -68.869443628841523, -32.873234499266907, 0.0 ], [ -68.869490907396269, -32.873128419174719, 0.0 ], [ -68.869549861423764, -32.873147236813566, 0.0 ], [ -68.869591407637159, -32.873160535942141, 0.0 ] ] ] ] } },
{ "type": "Feature", "properties": { "LAYER": "VM_MOSAICO_PARCELARIO_RIO_", "GM_TYPE": "Unknown Area Type", "MAP_NAME": "Cl_del Oeste_modificado_2026.dwg", "CLOSED": "YES", "BORDER_STY": "Solid", "BORDER_COL": "RGB(255,255,255)", "BORDER_WID": 1, "FILL_STYLE": "No Fill" }, "geometry": { "type": "MultiPolygon", "coordinates": [ [ [ [ -68.869690200171277, -32.873192108931462, 0.0 ], [ -68.86962394145894, -32.87334424499732, 0.0 ], [ -68.86961675856945, -32.873360468009025, 0.0 ], [ -68.869515616040019, -32.873328261324964, 0.0 ], [ -68.869530195289116, -32.873295995874109, 0.0 ], [ -68.869569431446905, -32.873209293793678, 0.0 ], [ -68.869591407637159, -32.873160535942141, 0.0 ], [ -68.869690200171277, -32.873192108931462, 0.0 ] ] ] ] } },
{ "type": "Feature", "properties": { "LAYER": "VM_MOSAICO_PARCELARIO_RIO_", "GM_TYPE": "Unknown Area Type", "MAP_NAME": "Cl_del Oeste_modificado_2026.dwg", "CLOSED": "YES", "BORDER_STY": "Solid", "BORDER_COL": "RGB(255,255,255)", "BORDER_WID": 1, "FILL_STYLE": "No Fill" }, "geometry": { "type": "MultiPolygon", "coordinates": [ [ [ [ -68.869789847069143, -32.873224043409778, 0.0 ], [ -68.869768083870667, -32.873272622080407, 0.0 ], [ -68.869764653380429, -32.873280282910997, 0.0 ], [ -68.869730133949929, -32.873357431102221, 0.0 ], [ -68.869727775145535, -32.873362928981287, 0.0 ], [ -68.869714802559855, -32.873391859859183, 0.0 ], [ -68.86961675856945, -32.873360468009025, 0.0 ], [ -68.86962394145894, -32.87334424499732, 0.0 ], [ -68.869690200171277, -32.873192108931462, 0.0 ], [ -68.869712842228694, -32.873199436240711, 0.0 ], [ -68.869789847069143, -32.873224043409778, 0.0 ] ] ] ] } },
{ "type": "Feature", "properties": { "LAYER": "VM_MOSAICO_PARCELARIO_RIO_", "GM_TYPE": "Unknown Area Type", "MAP_NAME": "Cl_del Oeste_modificado_2026.dwg", "CLOSED": "YES", "BORDER_STY": "Solid", "BORDER_COL": "RGB(255,255,255)", "BORDER_WID": 1, "FILL_STYLE": "No Fill" }, "geometry": { "type": "MultiPolygon", "coordinates": [ [ [ [ -68.869890347527729, -32.873256159035442, 0.0 ], [ -68.869863225553658, -32.873316544344597, 0.0 ], [ -68.869843393378133, -32.87336061656476, 0.0 ], [ -68.869818628809938, -32.873415683417662, 0.0 ], [ -68.86981498395393, -32.873423794873538, 0.0 ], [ -68.869714802559855, -32.873391859859183, 0.0 ], [ -68.869727775145535, -32.873362928981287, 0.0 ], [ -68.869730133949929, -32.873357431102221, 0.0 ], [ -68.869764653380429, -32.873280282910997, 0.0 ], [ -68.869768083870667, -32.873272622080407, 0.0 ], [ -68.869789847069143, -32.873224043409778, 0.0 ], [ -68.869890347527729, -32.873256159035442, 0.0 ] ] ] ] } },
{ "type": "Feature", "properties": { "LAYER": "VM_MOSAICO_PARCELARIO_RIO_", "GM_TYPE": "Unknown Area Type", "MAP_NAME": "Cl_del Oeste_modificado_2026.dwg", "CLOSED": "YES", "BORDER_STY": "Solid", "BORDER_COL": "RGB(255,255,255)", "BORDER_WID": 1, "FILL_STYLE": "No Fill" }, "geometry": { "type": "MultiPolygon", "coordinates": [ [ [ [ -68.869989674273384, -32.873287913584278, 0.0 ], [ -68.869977023938063, -32.873316483245375, 0.0 ], [ -68.869968554538829, -32.873335680531554, 0.0 ], [ -68.869930173535593, -32.87342238362514, 0.0 ], [ -68.8699153789928, -32.873455821100883, 0.0 ], [ -68.86981498395393, -32.873423794873538, 0.0 ], [ -68.869818628809938, -32.873415683417662, 0.0 ], [ -68.869843393378133, -32.87336061656476, 0.0 ], [ -68.869863225553658, -32.873316544344597, 0.0 ], [ -68.869890347527729, -32.873256159035442, 0.0 ], [ -68.869989674273384, -32.873287913584278, 0.0 ] ] ] ] } },
{ "type": "Feature", "properties": { "LAYER": "VM_MOSAICO_PARCELARIO_RIO_", "GM_TYPE": "Unknown Area Type", "MAP_NAME": "Cl_del Oeste_modificado_2026.dwg", "CLOSED": "YES", "BORDER_STY": "Solid", "BORDER_COL": "RGB(255,255,255)", "BORDER_WID": 1, "FILL_STYLE": "No Fill" }, "geometry": { "type": "MultiPolygon", "coordinates": [ [ [ [ -68.870089641813081, -32.873319938326304, 0.0 ], [ -68.870076777535388, -32.873348689015813, 0.0 ], [ -68.870057158622686, -32.873392399911843, 0.0 ], [ -68.870054156747656, -32.873399249670499, 0.0 ], [ -68.870027785573569, -32.873457742235885, 0.0 ], [ -68.870019102071225, -32.873477209810915, 0.0 ], [ -68.870014491328362, -32.873487484335264, 0.0 ], [ -68.869960129544708, -32.873470114400966, 0.0 ], [ -68.8699153789928, -32.873455821100883, 0.0 ], [ -68.869930173535593, -32.87342238362514, 0.0 ], [ -68.869968554538829, -32.873335680531554, 0.0 ], [ -68.869977023938063, -32.873316483245375, 0.0 ], [ -68.869989674273384, -32.873287913584278, 0.0 ], [ -68.870089641813081, -32.873319938326304, 0.0 ] ] ] ] } },
{ "type": "Feature", "properties": { "LAYER": "VM_MOSAICO_PARCELARIO_RIO_", "GM_TYPE": "Unknown Area Type", "MAP_NAME": "Cl_del Oeste_modificado_2026.dwg", "CLOSED": "YES", "BORDER_STY": "Solid", "BORDER_COL": "RGB(255,255,255)", "BORDER_WID": 1, "FILL_STYLE": "No Fill" }, "geometry": { "type": "MultiPolygon", "coordinates": [ [ [ [ -68.870190036704457, -32.873352053601366, 0.0 ], [ -68.870169882398457, -32.873396576386142, 0.0 ], [ -68.870168274481046, -32.87340009132528, 0.0 ], [ -68.870130325263702, -32.873483908604157, 0.0 ], [ -68.870120784722786, -32.873504908176791, 0.0 ], [ -68.870114245657845, -32.873519328496563, 0.0 ], [ -68.870087544784099, -32.873510824842292, 0.0 ], [ -68.870014491328362, -32.873487484335264, 0.0 ], [ -68.870019102071225, -32.873477209810915, 0.0 ], [ -68.870027785573569, -32.873457742235885, 0.0 ], [ -68.870054156747656, -32.873399249670499, 0.0 ], [ -68.870057158622686, -32.873392399911843, 0.0 ], [ -68.870076777535388, -32.873348689015813, 0.0 ], [ -68.870089641813081, -32.873319938326304, 0.0 ], [ -68.870190036704457, -32.873352053601366, 0.0 ] ] ] ] } },
{ "type": "Feature", "properties": { "LAYER": "VM_MOSAICO_PARCELARIO_RIO_", "GM_TYPE": "Unknown Area Type", "MAP_NAME": "Cl_del Oeste_modificado_2026.dwg", "CLOSED": "YES", "BORDER_STY": "Solid", "BORDER_COL": "RGB(255,255,255)", "BORDER_WID": 1, "FILL_STYLE": "No Fill" }, "geometry": { "type": "MultiPolygon", "coordinates": [ [ [ [ -68.87028882898997, -32.873383355608993, 0.0 ], [ -68.870242411456545, -32.873485739946005, 0.0 ], [ -68.870213146548849, -32.87355026999839, 0.0 ], [ -68.870114245657845, -32.873519328496563, 0.0 ], [ -68.870120784722786, -32.873504908176791, 0.0 ], [ -68.870130325263702, -32.873483908604157, 0.0 ], [ -68.870168274481046, -32.87340009132528, 0.0 ], [ -68.870169882398457, -32.873396576386142, 0.0 ], [ -68.870190036704457, -32.873352053601366, 0.0 ], [ -68.87028882898997, -32.873383355608993, 0.0 ] ] ] ] } },
{ "type": "Feature", "properties": { "LAYER": "VM_MOSAICO_PARCELARIO_RIO_", "GM_TYPE": "Unknown Area Type", "MAP_NAME": "Cl_del Oeste_modificado_2026.dwg", "CLOSED": "YES", "BORDER_STY": "Solid", "BORDER_COL": "RGB(255,255,255)", "BORDER_WID": 1, "FILL_STYLE": "No Fill" }, "geometry": { "type": "MultiPolygon", "coordinates": [ [ [ [ -68.870389544844684, -32.873415291619438, 0.0 ], [ -68.870367250174723, -32.873462877077017, 0.0 ], [ -68.870327590155895, -32.873547595238236, 0.0 ], [ -68.870311833801452, -32.873581212102202, 0.0 ], [ -68.870264946734892, -32.873566464963368, 0.0 ], [ -68.870213146548849, -32.87355026999839, 0.0 ], [ -68.870242411456545, -32.873485739946005, 0.0 ], [ -68.87028882898997, -32.873383355608993, 0.0 ], [ -68.870389544844684, -32.873415291619438, 0.0 ] ] ] ] } },
{ "type": "Feature", "properties": { "LAYER": "VM_MOSAICO_PARCELARIO_RIO_", "GM_TYPE": "Unknown Area Type", "MAP_NAME": "Cl_del Oeste_modificado_2026.dwg", "CLOSED": "YES", "BORDER_STY": "Solid", "BORDER_COL": "RGB(255,255,255)", "BORDER_WID": 1, "FILL_STYLE": "No Fill" }, "geometry": { "type": "MultiPolygon", "coordinates": [ [ [ [ -68.87048908591612, -32.873446864752957, 0.0 ], [ -68.870432483184587, -32.873572862103984, 0.0 ], [ -68.870416080611989, -32.873609273563979, 0.0 ], [ -68.870414258338386, -32.873613239131288, 0.0 ], [ -68.870311833801452, -32.873581212102202, 0.0 ], [ -68.870327590155895, -32.873547595238236, 0.0 ], [ -68.870367250174723, -32.873462877077017, 0.0 ], [ -68.870389544844684, -32.873415291619438, 0.0 ], [ -68.87048908591612, -32.873446864752957, 0.0 ] ] ] ] } },
{ "type": "Feature", "properties": { "LAYER": "VM_MOSAICO_PARCELARIO_RIO_", "GM_TYPE": "Unknown Area Type", "MAP_NAME": "Cl_del Oeste_modificado_2026.dwg", "CLOSED": "YES", "BORDER_STY": "Solid", "BORDER_COL": "RGB(255,255,255)", "BORDER_WID": 1, "FILL_STYLE": "No Fill" }, "geometry": { "type": "MultiPolygon", "coordinates": [ [ [ [ -68.870589588341446, -32.873478709310056, 0.0 ], [ -68.870567824860814, -32.873527738965223, 0.0 ], [ -68.870530195343861, -32.873612368219895, 0.0 ], [ -68.870515186763768, -32.873646166222066, 0.0 ], [ -68.870414258338386, -32.873613239131288, 0.0 ], [ -68.870416080611989, -32.873609273563979, 0.0 ], [ -68.870432483184587, -32.873572862103984, 0.0 ], [ -68.87048908591612, -32.873446864752957, 0.0 ], [ -68.870532661829984, -32.873460705784979, 0.0 ], [ -68.870589588341446, -32.873478709310056, 0.0 ] ] ] ] } },
{ "type": "Feature", "properties": { "LAYER": "VM_MOSAICO_PARCELARIO_RIO_", "GM_TYPE": "Unknown Area Type", "MAP_NAME": "Cl_del Oeste_modificado_2026.dwg", "CLOSED": "YES", "BORDER_STY": "Solid", "BORDER_COL": "RGB(255,255,255)", "BORDER_WID": 1, "FILL_STYLE": "No Fill" }, "geometry": { "type": "MultiPolygon", "coordinates": [ [ [ [ -68.870688701205765, -32.873510191672189, 0.0 ], [ -68.870651179841119, -32.873594010452287, 0.0 ], [ -68.870613445114358, -32.873678278944688, 0.0 ], [ -68.870528109828413, -32.873650417561876, 0.0 ], [ -68.870515186763768, -32.873646166222066, 0.0 ], [ -68.870530195343861, -32.873612368219895, 0.0 ], [ -68.870567824860814, -32.873527738965223, 0.0 ], [ -68.870589588341446, -32.873478709310056, 0.0 ], [ -68.870688701205765, -32.873510191672189, 0.0 ] ] ] ] } },
{ "type": "Feature", "properties": { "LAYER": "VM_MOSAICO_PARCELARIO_RIO_", "GM_TYPE": "Unknown Area Type", "MAP_NAME": "Cl_del Oeste_modificado_2026.dwg", "CLOSED": "YES", "BORDER_STY": "Solid", "BORDER_COL": "RGB(255,255,255)", "BORDER_WID": 1, "FILL_STYLE": "No Fill" }, "geometry": { "type": "MultiPolygon", "coordinates": [ [ [ [ -68.870651179841119, -32.873594010452287, 0.0 ], [ -68.870719426342291, -32.873616534094616, 0.0 ], [ -68.870818325068456, -32.873649188334973, 0.0 ], [ -68.870824199242961, -32.873651087959267, 0.0 ], [ -68.870879415893214, -32.873669360094745, 0.0 ], [ -68.870866824514607, -32.873730390900668, 0.0 ], [ -68.870861121685877, -32.873757706351029, 0.0 ], [ -68.870835168249158, -32.873749474136389, 0.0 ], [ -68.870745346299842, -32.87372070657468, 0.0 ], [ -68.87065114646208, -32.873690581880034, 0.0 ], [ -68.870613445114358, -32.873678278944688, 0.0 ], [ -68.870651179841119, -32.873594010452287, 0.0 ] ] ] ] } },
{ "type": "Feature", "properties": { "LAYER": "VM_MOSAICO_PARCELARIO_RIO_", "GM_TYPE": "Unknown Area Type", "MAP_NAME": "Cl_del Oeste_modificado_2026.dwg", "CLOSED": "YES", "BORDER_STY": "Solid", "BORDER_COL": "RGB(255,255,255)", "BORDER_WID": 1, "FILL_STYLE": "No Fill" }, "geometry": { "type": "MultiPolygon", "coordinates": [ [ [ [ -68.870898464309306, -32.873576685578286, 0.0 ], [ -68.870879415893214, -32.873669360094745, 0.0 ], [ -68.870824199242961, -32.873651087959267, 0.0 ], [ -68.870818325068456, -32.873649188334973, 0.0 ], [ -68.870719426342291, -32.873616534094616, 0.0 ], [ -68.870651179841119, -32.873594010452287, 0.0 ], [ -68.870688701205765, -32.873510191672189, 0.0 ], [ -68.870788028914845, -32.873541674177673, 0.0 ], [ -68.870898464309306, -32.873576685578286, 0.0 ] ] ] ] } },
{ "type": "Feature", "properties": { "LAYER": "VM_MOSAICO_PARCELARIO_RIO_", "GM_TYPE": "Unknown Area Type", "MAP_NAME": "Cl_del Oeste_modificado_2026.dwg", "CLOSED": "YES", "BORDER_STY": "Solid", "BORDER_COL": "RGB(255,255,255)", "BORDER_WID": 1, "FILL_STYLE": "No Fill" }, "geometry": { "type": "MultiPolygon", "coordinates": [ [ [ [ -68.87091877603541, -32.873477872724287, 0.0 ], [ -68.870915897455347, -32.873491854131565, 0.0 ], [ -68.870898464309306, -32.873576685578286, 0.0 ], [ -68.870788028914845, -32.873541674177673, 0.0 ], [ -68.870688701205765, -32.873510191672189, 0.0 ], [ -68.870730081762233, -32.873417721503657, 0.0 ], [ -68.87091877603541, -32.873477872724287, 0.0 ] ] ] ] } },
{ "type": "Feature", "properties": { "LAYER": "VM_MOSAICO_PARCELARIO_RIO_", "GM_TYPE": "Unknown Area Type", "MAP_NAME": "Cl_del Oeste_modificado_2026.dwg", "CLOSED": "YES", "BORDER_STY": "Solid", "BORDER_COL": "RGB(255,255,255)", "BORDER_WID": 1, "FILL_STYLE": "No Fill" }, "geometry": { "type": "MultiPolygon", "coordinates": [ [ [ [ -68.868657706959056, -32.872671821737434, 0.0 ], [ -68.868800499305877, -32.872717869634137, 0.0 ], [ -68.868857107090562, -32.872734069323691, 0.0 ], [ -68.868883673419617, -32.872761148906989, 0.0 ], [ -68.868887436341566, -32.872817328413632, 0.0 ], [ -68.868811882484351, -32.872823650328577, 0.0 ], [ -68.86870576492656, -32.872832645205371, 0.0 ], [ -68.868676697564496, -32.872835048366341, 0.0 ], [ -68.868664456804566, -32.872731250487433, 0.0 ], [ -68.868659918671341, -32.872692923709401, 0.0 ], [ -68.868657706959056, -32.872671821737434, 0.0 ] ] ] ] } },
{ "type": "Feature", "properties": { "LAYER": "VM_MOSAICO_PARCELARIO_RIO_", "GM_TYPE": "Unknown Area Type", "MAP_NAME": "Cl_del Oeste_modificado_2026.dwg", "CLOSED": "YES", "BORDER_STY": "Solid", "BORDER_COL": "RGB(255,255,255)", "BORDER_WID": 1, "FILL_STYLE": "No Fill" }, "geometry": { "type": "MultiPolygon", "coordinates": [ [ [ [ -68.868554536971075, -32.872638530112233, 0.0 ], [ -68.868657706959056, -32.872671821737434, 0.0 ], [ -68.868659918671341, -32.872692923709401, 0.0 ], [ -68.868664456804566, -32.872731250487433, 0.0 ], [ -68.868676697564496, -32.872835048366341, 0.0 ], [ -68.868607556534016, -32.872840204687243, 0.0 ], [ -68.86857165009755, -32.872842962219472, 0.0 ], [ -68.868567589317749, -32.872843228461221, 0.0 ], [ -68.868566022723414, -32.872818700727244, 0.0 ], [ -68.868560068798573, -32.872726811809869, 0.0 ], [ -68.868554536971075, -32.872638530112233, 0.0 ] ] ] ] } },
{ "type": "Feature", "properties": { "LAYER": "VM_MOSAICO_PARCELARIO_RIO_", "GM_TYPE": "Unknown Area Type", "MAP_NAME": "Cl_del Oeste_modificado_2026.dwg", "CLOSED": "YES", "BORDER_STY": "Solid", "BORDER_COL": "RGB(255,255,255)", "BORDER_WID": 1, "FILL_STYLE": "No Fill" }, "geometry": { "type": "MultiPolygon", "coordinates": [ [ [ [ -68.868554536971075, -32.872638530112233, 0.0 ], [ -68.868560068798573, -32.872726811809869, 0.0 ], [ -68.868566022723414, -32.872818700727244, 0.0 ], [ -68.868567589317749, -32.872843228461221, 0.0 ], [ -68.868491822644117, -32.872848918773023, 0.0 ], [ -68.8684627555361, -32.872851142447374, 0.0 ], [ -68.868440826068024, -32.87265229486438, 0.0 ], [ -68.868438716995882, -32.872633357063087, 0.0 ], [ -68.868470591204726, -32.872611480308699, 0.0 ], [ -68.868474756429663, -32.872612837229845, 0.0 ], [ -68.868554536971075, -32.872638530112233, 0.0 ] ] ] ] } },
{ "type": "Feature", "properties": { "LAYER": "VM_MOSAICO_PARCELARIO_RIO_", "GM_TYPE": "Unknown Area Type", "MAP_NAME": "Cl_del Oeste_modificado_2026.dwg", "CLOSED": "YES", "BORDER_STY": "Solid", "BORDER_COL": "RGB(255,255,255)", "BORDER_WID": 1, "FILL_STYLE": "No Fill" }, "geometry": { "type": "MultiPolygon", "coordinates": [ [ [ [ -68.868676697564496, -32.872835048366341, 0.0 ], [ -68.868683442654529, -32.872898444564207, 0.0 ], [ -68.86868449549155, -32.872909085663395, 0.0 ], [ -68.868686075274084, -32.872923965279398, 0.0 ], [ -68.868621524335339, -32.872929269795598, 0.0 ], [ -68.868513915198065, -32.87293811235979, 0.0 ], [ -68.868507608003043, -32.872938631417789, 0.0 ], [ -68.868472665164717, -32.87294150264627, 0.0 ], [ -68.868466340577001, -32.872883607215684, 0.0 ], [ -68.8684627555361, -32.872851142447374, 0.0 ], [ -68.868491822644117, -32.872848918773023, 0.0 ], [ -68.868567589317749, -32.872843228461221, 0.0 ], [ -68.86857165009755, -32.872842962219472, 0.0 ], [ -68.868607556534016, -32.872840204687243, 0.0 ], [ -68.868676697564496, -32.872835048366341, 0.0 ] ] ] ] } },
{ "type": "Feature", "properties": { "LAYER": "VM_MOSAICO_PARCELARIO_RIO_", "GM_TYPE": "Unknown Area Type", "MAP_NAME": "Cl_del Oeste_modificado_2026.dwg", "CLOSED": "YES", "BORDER_STY": "Solid", "BORDER_COL": "RGB(255,255,255)", "BORDER_WID": 1, "FILL_STYLE": "No Fill" }, "geometry": { "type": "MultiPolygon", "coordinates": [ [ [ [ -68.868472665164717, -32.87294150264627, 0.0 ], [ -68.868507608003043, -32.872938631417789, 0.0 ], [ -68.868513915198065, -32.87293811235979, 0.0 ], [ -68.868621524335339, -32.872929269795598, 0.0 ], [ -68.868686075274084, -32.872923965279398, 0.0 ], [ -68.868690989202975, -32.872970501475315, 0.0 ], [ -68.868695454203518, -32.873012792022337, 0.0 ], [ -68.868482575478737, -32.873031411996536, 0.0 ], [ -68.868472665164717, -32.87294150264627, 0.0 ] ] ] ] } },
{ "type": "Feature", "properties": { "LAYER": "VM_MOSAICO_PARCELARIO_RIO_", "GM_TYPE": "Unknown Area Type", "MAP_NAME": "Cl_del Oeste_modificado_2026.dwg", "CLOSED": "YES", "BORDER_STY": "Solid", "BORDER_COL": "RGB(255,255,255)", "BORDER_WID": 1, "FILL_STYLE": "No Fill" }, "geometry": { "type": "MultiPolygon", "coordinates": [ [ [ [ -68.868482575478737, -32.873031411996536, 0.0 ], [ -68.868695454203518, -32.873012792022337, 0.0 ], [ -68.868705042596687, -32.873103783951358, 0.0 ], [ -68.868659411156671, -32.873107432093413, 0.0 ], [ -68.868641778376457, -32.873108856289385, 0.0 ], [ -68.868534806043087, -32.873117578712602, 0.0 ], [ -68.868492487280335, -32.873121050838044, 0.0 ], [ -68.868482575478737, -32.873031411996536, 0.0 ] ] ] ] } },
{ "type": "Feature", "properties": { "LAYER": "VM_MOSAICO_PARCELARIO_RIO_", "GM_TYPE": "Unknown Area Type", "MAP_NAME": "Cl_del Oeste_modificado_2026.dwg", "CLOSED": "YES", "BORDER_STY": "Solid", "BORDER_COL": "RGB(255,255,255)", "BORDER_WID": 1, "FILL_STYLE": "No Fill" }, "geometry": { "type": "MultiPolygon", "coordinates": [ [ [ [ -68.868705042596687, -32.873103783951358, 0.0 ], [ -68.868712418603309, -32.873173402498274, 0.0 ], [ -68.868714525752637, -32.873193692832984, 0.0 ], [ -68.868692725309458, -32.873195382268484, 0.0 ], [ -68.868550701777593, -32.873206413213921, 0.0 ], [ -68.868508383240766, -32.873209704104262, 0.0 ], [ -68.868502291979127, -32.873210148548331, 0.0 ], [ -68.868499339375305, -32.87318354546089, 0.0 ], [ -68.868496071140939, -32.873153605772337, 0.0 ], [ -68.868492487280335, -32.873121050838044, 0.0 ], [ -68.868534806043087, -32.873117578712602, 0.0 ], [ -68.868641778376457, -32.873108856289385, 0.0 ], [ -68.868659411156671, -32.873107432093413, 0.0 ], [ -68.868705042596687, -32.873103783951358, 0.0 ] ] ] ] } },
{ "type": "Feature", "properties": { "LAYER": "VM_MOSAICO_PARCELARIO_RIO_", "GM_TYPE": "Unknown Area Type", "MAP_NAME": "Cl_del Oeste_modificado_2026.dwg", "CLOSED": "YES", "BORDER_STY": "Solid", "BORDER_COL": "RGB(255,255,255)", "BORDER_WID": 1, "FILL_STYLE": "No Fill" }, "geometry": { "type": "MultiPolygon", "coordinates": [ [ [ [ -68.868714525752637, -32.873193692832984, 0.0 ], [ -68.868716105683305, -32.873209203634126, 0.0 ], [ -68.868717160654015, -32.873218402023795, 0.0 ], [ -68.868724114318297, -32.873284593687053, 0.0 ], [ -68.868690879023902, -32.873287353154538, 0.0 ], [ -68.868661492143218, -32.873289674823702, 0.0 ], [ -68.868552175024718, -32.873298545382276, 0.0 ], [ -68.868512413528464, -32.873301771333814, 0.0 ], [ -68.868502291979127, -32.873210148548331, 0.0 ], [ -68.868508383240766, -32.873209704104262, 0.0 ], [ -68.868550701777593, -32.873206413213921, 0.0 ], [ -68.868692725309458, -32.873195382268484, 0.0 ], [ -68.868714525752637, -32.873193692832984, 0.0 ] ] ] ] } },
{ "type": "Feature", "properties": { "LAYER": "VM_MOSAICO_PARCELARIO_RIO_", "GM_TYPE": "Unknown Area Type", "MAP_NAME": "Cl_del Oeste_modificado_2026.dwg", "CLOSED": "YES", "BORDER_STY": "Solid", "BORDER_COL": "RGB(255,255,255)", "BORDER_WID": 1, "FILL_STYLE": "No Fill" }, "geometry": { "type": "MultiPolygon", "coordinates": [ [ [ [ -68.868512413528464, -32.873301771333814, 0.0 ], [ -68.868552175024718, -32.873298545382276, 0.0 ], [ -68.868661492143218, -32.873289674823702, 0.0 ], [ -68.868690879023902, -32.873287353154538, 0.0 ], [ -68.868724114318297, -32.873284593687053, 0.0 ], [ -68.868732334285824, -32.873362328365523, 0.0 ], [ -68.868733490925109, -32.873374322113953, 0.0 ], [ -68.868600756727503, -32.873384750612679, 0.0 ], [ -68.868534822957173, -32.873389930098568, 0.0 ], [ -68.868528525353668, -32.873390444659137, 0.0 ], [ -68.868522218133336, -32.873390959209303, 0.0 ], [ -68.868512413528464, -32.873301771333814, 0.0 ] ] ] ] } },
{ "type": "Feature", "properties": { "LAYER": "VM_MOSAICO_PARCELARIO_RIO_", "GM_TYPE": "Unknown Area Type", "MAP_NAME": "Cl_del Oeste_modificado_2026.dwg", "CLOSED": "YES", "BORDER_STY": "Solid", "BORDER_COL": "RGB(255,255,255)", "BORDER_WID": 1, "FILL_STYLE": "No Fill" }, "geometry": { "type": "MultiPolygon", "coordinates": [ [ [ [ -68.868733490925109, -32.873374322113953, 0.0 ], [ -68.868742869416167, -32.873463509524392, 0.0 ], [ -68.868719145421593, -32.873465288017051, 0.0 ], [ -68.868680139738586, -32.873468221764242, 0.0 ], [ -68.868572633775742, -32.873476223204797, 0.0 ], [ -68.868531917235472, -32.873479245277643, 0.0 ], [ -68.868522218133336, -32.873390959209303, 0.0 ], [ -68.868528525353668, -32.873390444659137, 0.0 ], [ -68.868534822957173, -32.873389930098568, 0.0 ], [ -68.868600756727503, -32.873384750612679, 0.0 ], [ -68.868733490925109, -32.873374322113953, 0.0 ] ] ] ] } },
{ "type": "Feature", "properties": { "LAYER": "VM_MOSAICO_PARCELARIO_RIO_", "GM_TYPE": "Unknown Area Type", "MAP_NAME": "Cl_del Oeste_modificado_2026.dwg", "CLOSED": "YES", "BORDER_STY": "Solid", "BORDER_COL": "RGB(255,255,255)", "BORDER_WID": 1, "FILL_STYLE": "No Fill" }, "geometry": { "type": "MultiPolygon", "coordinates": [ [ [ [ -68.868742869416167, -32.873463509524392, 0.0 ], [ -68.868745187887654, -32.87348470177367, 0.0 ], [ -68.868752458038855, -32.873554410372449, 0.0 ], [ -68.868703941205112, -32.873558146573828, 0.0 ], [ -68.868572924419198, -32.873568196329927, 0.0 ], [ -68.868542147164291, -32.873570598564179, 0.0 ], [ -68.868531917235472, -32.873479245277643, 0.0 ], [ -68.868572633775742, -32.873476223204797, 0.0 ], [ -68.868680139738586, -32.873468221764242, 0.0 ], [ -68.868719145421593, -32.873465288017051, 0.0 ], [ -68.868742869416167, -32.873463509524392, 0.0 ] ] ] ] } },
{ "type": "Feature", "properties": { "LAYER": "VM_MOSAICO_PARCELARIO_RIO_", "GM_TYPE": "Unknown Area Type", "MAP_NAME": "Cl_del Oeste_modificado_2026.dwg", "CLOSED": "YES", "BORDER_STY": "Solid", "BORDER_COL": "RGB(255,255,255)", "BORDER_WID": 1, "FILL_STYLE": "No Fill" }, "geometry": { "type": "MultiPolygon", "coordinates": [ [ [ [ -68.868542147164291, -32.873570598564179, 0.0 ], [ -68.868572924419198, -32.873568196329927, 0.0 ], [ -68.868703941205112, -32.873558146573828, 0.0 ], [ -68.868752458038855, -32.873554410372449, 0.0 ], [ -68.868755619919199, -32.873584079432668, 0.0 ], [ -68.868758252578971, -32.873609600143624, 0.0 ], [ -68.868761836030117, -32.873643237100616, 0.0 ], [ -68.868698784868826, -32.873648490930577, 0.0 ], [ -68.868594162660841, -32.873657215869706, 0.0 ], [ -68.868551950363937, -32.873660778295836, 0.0 ], [ -68.868544781226277, -32.873595127417296, 0.0 ], [ -68.868542147164291, -32.873570598564179, 0.0 ] ] ] ] } },
{ "type": "Feature", "properties": { "LAYER": "VM_MOSAICO_PARCELARIO_RIO_", "GM_TYPE": "Unknown Area Type", "MAP_NAME": "Cl_del Oeste_modificado_2026.dwg", "CLOSED": "YES", "BORDER_STY": "Solid", "BORDER_COL": "RGB(255,255,255)", "BORDER_WID": 1, "FILL_STYLE": "No Fill" }, "geometry": { "type": "MultiPolygon", "coordinates": [ [ [ [ -68.868551950363937, -32.873660778295836, 0.0 ], [ -68.868594162660841, -32.873657215869706, 0.0 ], [ -68.868698784868826, -32.873648490930577, 0.0 ], [ -68.868761836030117, -32.873643237100616, 0.0 ], [ -68.86876794822436, -32.873701132286747, 0.0 ], [ -68.868771318501871, -32.87373368698622, 0.0 ], [ -68.868716603687091, -32.873737687198201, 0.0 ], [ -68.868637951092182, -32.873743464737146, 0.0 ], [ -68.868561649523969, -32.873749064358208, 0.0 ], [ -68.868551950363937, -32.873660778295836, 0.0 ] ] ] ] } },
{ "type": "Feature", "properties": { "LAYER": "VM_MOSAICO_PARCELARIO_RIO_", "GM_TYPE": "Unknown Area Type", "MAP_NAME": "Cl_del Oeste_modificado_2026.dwg", "CLOSED": "YES", "BORDER_STY": "Solid", "BORDER_COL": "RGB(255,255,255)", "BORDER_WID": 1, "FILL_STYLE": "No Fill" }, "geometry": { "type": "MultiPolygon", "coordinates": [ [ [ [ -68.868771318501871, -32.87373368698622, 0.0 ], [ -68.868777753524881, -32.87379005053112, 0.0 ], [ -68.868781761873947, -32.873824679796051, 0.0 ], [ -68.868717642983853, -32.873829300427417, 0.0 ], [ -68.868612274188024, -32.873836942564445, 0.0 ], [ -68.868571238124403, -32.873839875046343, 0.0 ], [ -68.868565023723406, -32.873779635339595, 0.0 ], [ -68.868561649523969, -32.873749064358208, 0.0 ], [ -68.868637951092182, -32.873743464737146, 0.0 ], [ -68.868716603687091, -32.873737687198201, 0.0 ], [ -68.868771318501871, -32.87373368698622, 0.0 ] ] ] ] } },
{ "type": "Feature", "properties": { "LAYER": "VM_MOSAICO_PARCELARIO_RIO_", "GM_TYPE": "Unknown Area Type", "MAP_NAME": "Cl_del Oeste_modificado_2026.dwg", "CLOSED": "YES", "BORDER_STY": "Solid", "BORDER_COL": "RGB(255,255,255)", "BORDER_WID": 1, "FILL_STYLE": "No Fill" }, "geometry": { "type": "MultiPolygon", "coordinates": [ [ [ [ -68.868781761873947, -32.873824679796051, 0.0 ], [ -68.868784924703093, -32.873853717669292, 0.0 ], [ -68.868785663511531, -32.873859940134693, 0.0 ], [ -68.868788617019533, -32.873886002197061, 0.0 ], [ -68.868790094504675, -32.873898537297059, 0.0 ], [ -68.868791887503335, -32.873914499166169, 0.0 ], [ -68.868777781392097, -32.873915476232909, 0.0 ], [ -68.868621330447255, -32.87392721257357, 0.0 ], [ -68.868580401064094, -32.873930234438149, 0.0 ], [ -68.868571238124403, -32.873839875046343, 0.0 ], [ -68.868612274188024, -32.873836942564445, 0.0 ], [ -68.868717642983853, -32.873829300427417, 0.0 ], [ -68.868781761873947, -32.873824679796051, 0.0 ] ] ] ] } },
{ "type": "Feature", "properties": { "LAYER": "VM_MOSAICO_PARCELARIO_RIO_", "GM_TYPE": "Unknown Area Type", "MAP_NAME": "Cl_del Oeste_modificado_2026.dwg", "CLOSED": "YES", "BORDER_STY": "Solid", "BORDER_COL": "RGB(255,255,255)", "BORDER_WID": 1, "FILL_STYLE": "No Fill" }, "geometry": { "type": "MultiPolygon", "coordinates": [ [ [ [ -68.868580401064094, -32.873930234438149, 0.0 ], [ -68.868621330447255, -32.87392721257357, 0.0 ], [ -68.868777781392097, -32.873915476232909, 0.0 ], [ -68.868791887503335, -32.873914499166169, 0.0 ], [ -68.868797055180778, -32.873960040146478, 0.0 ], [ -68.868802012748333, -32.874003867686717, 0.0 ], [ -68.868738213892144, -32.874008759172241, 0.0 ], [ -68.86863134827, -32.87401685150293, 0.0 ], [ -68.868589670605175, -32.874020052923477, 0.0 ], [ -68.868580401064094, -32.873930234438149, 0.0 ] ] ] ] } },
{ "type": "Feature", "properties": { "LAYER": "VM_MOSAICO_PARCELARIO_RIO_", "GM_TYPE": "Unknown Area Type", "MAP_NAME": "Cl_del Oeste_modificado_2026.dwg", "CLOSED": "YES", "BORDER_STY": "Solid", "BORDER_COL": "RGB(255,255,255)", "BORDER_WID": 1, "FILL_STYLE": "No Fill" }, "geometry": { "type": "MultiPolygon", "coordinates": [ [ [ [ -68.868802012748333, -32.874003867686717, 0.0 ], [ -68.868804650087711, -32.874026953825521, 0.0 ], [ -68.868812243140539, -32.874094408517962, 0.0 ], [ -68.868678448047618, -32.874104004621692, 0.0 ], [ -68.868641900247809, -32.874106581160632, 0.0 ], [ -68.868598833577011, -32.874109690955983, 0.0 ], [ -68.868589670605175, -32.874020052923477, 0.0 ], [ -68.86863134827, -32.87401685150293, 0.0 ], [ -68.868738213892144, -32.874008759172241, 0.0 ], [ -68.868802012748333, -32.874003867686717, 0.0 ] ] ] ] } },
{ "type": "Feature", "properties": { "LAYER": "VM_MOSAICO_PARCELARIO_RIO_", "GM_TYPE": "Unknown Area Type", "MAP_NAME": "Cl_del Oeste_modificado_2026.dwg", "CLOSED": "YES", "BORDER_STY": "Solid", "BORDER_COL": "RGB(255,255,255)", "BORDER_WID": 1, "FILL_STYLE": "No Fill" }, "geometry": { "type": "MultiPolygon", "coordinates": [ [ [ [ -68.868812243140539, -32.874094408517962, 0.0 ], [ -68.86881561451716, -32.874126963215438, 0.0 ], [ -68.868821513728705, -32.874183685968646, 0.0 ], [ -68.868757180741767, -32.874188396564541, 0.0 ], [ -68.868649567328362, -32.874196217617389, 0.0 ], [ -68.86860799669995, -32.874199238817347, 0.0 ], [ -68.868598833577011, -32.874109690955983, 0.0 ], [ -68.868641900247809, -32.874106581160632, 0.0 ], [ -68.868678448047618, -32.874104004621692, 0.0 ], [ -68.868812243140539, -32.874094408517962, 0.0 ] ] ] ] } },
{ "type": "Feature", "properties": { "LAYER": "VM_MOSAICO_PARCELARIO_RIO_", "GM_TYPE": "Unknown Area Type", "MAP_NAME": "Cl_del Oeste_modificado_2026.dwg", "CLOSED": "YES", "BORDER_STY": "Solid", "BORDER_COL": "RGB(255,255,255)", "BORDER_WID": 1, "FILL_STYLE": "No Fill" }, "geometry": { "type": "MultiPolygon", "coordinates": [ [ [ [ -68.86860799669995, -32.874199238817347, 0.0 ], [ -68.868649567328362, -32.874196217617389, 0.0 ], [ -68.868757180741767, -32.874188396564541, 0.0 ], [ -68.868821513728705, -32.874183685968646, 0.0 ], [ -68.86882688811265, -32.874234727497225, 0.0 ], [ -68.868830784467946, -32.874272873248188, 0.0 ], [ -68.86874016204932, -32.874279810500369, 0.0 ], [ -68.868693888884991, -32.87428345798007, 0.0 ], [ -68.868680423837404, -32.87428443570856, 0.0 ], [ -68.868654455426039, -32.874286392171015, 0.0 ], [ -68.868635967448483, -32.874287905636969, 0.0 ], [ -68.868617159041719, -32.874289328594173, 0.0 ], [ -68.86860799669995, -32.874199238817347, 0.0 ] ] ] ] } },
{ "type": "Feature", "properties": { "LAYER": "VM_MOSAICO_PARCELARIO_RIO_", "GM_TYPE": "Unknown Area Type", "MAP_NAME": "Cl_del Oeste_modificado_2026.dwg", "CLOSED": "YES", "BORDER_STY": "Solid", "BORDER_COL": "RGB(255,255,255)", "BORDER_WID": 1, "FILL_STYLE": "No Fill" }, "geometry": { "type": "MultiPolygon", "coordinates": [ [ [ [ -68.868830784467946, -32.874272873248188, 0.0 ], [ -68.868833945336775, -32.874303263657367, 0.0 ], [ -68.868834577563888, -32.874309305671474, 0.0 ], [ -68.86884405991249, -32.874399935880817, 0.0 ], [ -68.868846904078367, -32.8744277110439, 0.0 ], [ -68.868773155938882, -32.874440436853725, 0.0 ], [ -68.868669694640261, -32.874458361253737, 0.0 ], [ -68.868634464316585, -32.874436954108219, 0.0 ], [ -68.868617159041719, -32.874289328594173, 0.0 ], [ -68.868635967448483, -32.874287905636969, 0.0 ], [ -68.868654455426039, -32.874286392171015, 0.0 ], [ -68.868680423837404, -32.87428443570856, 0.0 ], [ -68.868693888884991, -32.87428345798007, 0.0 ], [ -68.86874016204932, -32.874279810500369, 0.0 ], [ -68.868830784467946, -32.874272873248188, 0.0 ] ] ] ] } },
{ "type": "Feature", "properties": { "LAYER": "VM_MOSAICO_PARCELARIO_RIO_", "GM_TYPE": "Unknown Area Type", "MAP_NAME": "Cl_del Oeste_modificado_2026.dwg", "CLOSED": "YES", "BORDER_STY": "Solid", "BORDER_COL": "RGB(255,255,255)", "BORDER_WID": 1, "FILL_STYLE": "No Fill" }, "geometry": { "type": "MultiPolygon", "coordinates": [ [ [ [ -68.869042700957408, -32.87425659698858, 0.0 ], [ -68.869054611858033, -32.874367157167313, 0.0 ], [ -68.86902838861424, -32.874396344605231, 0.0 ], [ -68.868846904078367, -32.8744277110439, 0.0 ], [ -68.86884405991249, -32.874399935880817, 0.0 ], [ -68.868834577563888, -32.874309305671474, 0.0 ], [ -68.868833945336775, -32.874303263657367, 0.0 ], [ -68.868830784467946, -32.874272873248188, 0.0 ], [ -68.86890473688554, -32.87426718083271, 0.0 ], [ -68.869000381939102, -32.874259888043639, 0.0 ], [ -68.869042700957408, -32.87425659698858, 0.0 ] ] ] ] } },
{ "type": "Feature", "properties": { "LAYER": "VM_MOSAICO_PARCELARIO_RIO_", "GM_TYPE": "Unknown Area Type", "MAP_NAME": "Cl_del Oeste_modificado_2026.dwg", "CLOSED": "YES", "BORDER_STY": "Solid", "BORDER_COL": "RGB(255,255,255)", "BORDER_WID": 1, "FILL_STYLE": "No Fill" }, "geometry": { "type": "MultiPolygon", "coordinates": [ [ [ [ -68.868821513728705, -32.874183685968646, 0.0 ], [ -68.868856993547539, -32.87418074848167, 0.0 ], [ -68.8688764433155, -32.87417914582177, 0.0 ], [ -68.868883069042951, -32.874178611750473, 0.0 ], [ -68.868991111156362, -32.874169889251448, 0.0 ], [ -68.869033002982533, -32.874166417413299, 0.0 ], [ -68.869042700957408, -32.87425659698858, 0.0 ], [ -68.869000381939102, -32.874259888043639, 0.0 ], [ -68.86890473688554, -32.87426718083271, 0.0 ], [ -68.868830784467946, -32.874272873248188, 0.0 ], [ -68.86882688811265, -32.874234727497225, 0.0 ], [ -68.868821513728705, -32.874183685968646, 0.0 ] ] ] ] } },
{ "type": "Feature", "properties": { "LAYER": "VM_MOSAICO_PARCELARIO_RIO_", "GM_TYPE": "Unknown Area Type", "MAP_NAME": "Cl_del Oeste_modificado_2026.dwg", "CLOSED": "YES", "BORDER_STY": "Solid", "BORDER_COL": "RGB(255,255,255)", "BORDER_WID": 1, "FILL_STYLE": "No Fill" }, "geometry": { "type": "MultiPolygon", "coordinates": [ [ [ [ -68.869023305300018, -32.87407677885281, 0.0 ], [ -68.869026046370507, -32.874102029161513, 0.0 ], [ -68.869033002982533, -32.874166417413299, 0.0 ], [ -68.868991111156362, -32.874169889251448, 0.0 ], [ -68.868883069042951, -32.874178611750473, 0.0 ], [ -68.8688764433155, -32.87417914582177, 0.0 ], [ -68.868856993547539, -32.87418074848167, 0.0 ], [ -68.868821513728705, -32.874183685968646, 0.0 ], [ -68.86881561451716, -32.874126963215438, 0.0 ], [ -68.868812243140539, -32.874094408517962, 0.0 ], [ -68.868858623321088, -32.874090580767572, 0.0 ], [ -68.868944437523609, -32.874083367883294, 0.0 ], [ -68.869023305300018, -32.87407677885281, 0.0 ] ] ] ] } },
{ "type": "Feature", "properties": { "LAYER": "VM_MOSAICO_PARCELARIO_RIO_", "GM_TYPE": "Unknown Area Type", "MAP_NAME": "Cl_del Oeste_modificado_2026.dwg", "CLOSED": "YES", "BORDER_STY": "Solid", "BORDER_COL": "RGB(255,255,255)", "BORDER_WID": 1, "FILL_STYLE": "No Fill" }, "geometry": { "type": "MultiPolygon", "coordinates": [ [ [ [ -68.869013713563334, -32.873987770685581, 0.0 ], [ -68.869023305300018, -32.87407677885281, 0.0 ], [ -68.868944437523609, -32.874083367883294, 0.0 ], [ -68.868858623321088, -32.874090580767572, 0.0 ], [ -68.868812243140539, -32.874094408517962, 0.0 ], [ -68.868804650087711, -32.874026953825521, 0.0 ], [ -68.868802012748333, -32.874003867686717, 0.0 ], [ -68.868832896866948, -32.874001555670425, 0.0 ], [ -68.868848819899227, -32.874000309994265, 0.0 ], [ -68.868862498607768, -32.873999333373206, 0.0 ], [ -68.868971822217048, -32.8739909729114, 0.0 ], [ -68.869013713563334, -32.873987770685581, 0.0 ] ] ] ] } },
{ "type": "Feature", "properties": { "LAYER": "VM_MOSAICO_PARCELARIO_RIO_", "GM_TYPE": "Unknown Area Type", "MAP_NAME": "Cl_del Oeste_modificado_2026.dwg", "CLOSED": "YES", "BORDER_STY": "Solid", "BORDER_COL": "RGB(255,255,255)", "BORDER_WID": 1, "FILL_STYLE": "No Fill" }, "geometry": { "type": "MultiPolygon", "coordinates": [ [ [ [ -68.868791887503335, -32.873914499166169, 0.0 ], [ -68.868920125924348, -32.873904896216082, 0.0 ], [ -68.869004122109402, -32.873898583079523, 0.0 ], [ -68.869010129605854, -32.873954404245218, 0.0 ], [ -68.869013713563334, -32.873987770685581, 0.0 ], [ -68.868971822217048, -32.8739909729114, 0.0 ], [ -68.868862498607768, -32.873999333373206, 0.0 ], [ -68.868848819899227, -32.874000309994265, 0.0 ], [ -68.868832896866948, -32.874001555670425, 0.0 ], [ -68.868802012748333, -32.874003867686717, 0.0 ], [ -68.868797055180778, -32.873960040146478, 0.0 ], [ -68.868791887503335, -32.873914499166169, 0.0 ] ] ] ] } },
{ "type": "Feature", "properties": { "LAYER": "VM_MOSAICO_PARCELARIO_RIO_", "GM_TYPE": "Unknown Area Type", "MAP_NAME": "Cl_del Oeste_modificado_2026.dwg", "CLOSED": "YES", "BORDER_STY": "Solid", "BORDER_COL": "RGB(255,255,255)", "BORDER_WID": 1, "FILL_STYLE": "No Fill" }, "geometry": { "type": "MultiPolygon", "coordinates": [ [ [ [ -68.868994423953694, -32.873809305190271, 0.0 ], [ -68.869004122109402, -32.873898583079523, 0.0 ], [ -68.868920125924348, -32.873904896216082, 0.0 ], [ -68.868791887503335, -32.873914499166169, 0.0 ], [ -68.868790094504675, -32.873898537297059, 0.0 ], [ -68.868788617019533, -32.873886002197061, 0.0 ], [ -68.868785663511531, -32.873859940134693, 0.0 ], [ -68.868784924703093, -32.873853717669292, 0.0 ], [ -68.868781761873947, -32.873824679796051, 0.0 ], [ -68.868844491533252, -32.873820146942947, 0.0 ], [ -68.868953174208414, -32.873812237573716, 0.0 ], [ -68.868960547881144, -32.873811704281799, 0.0 ], [ -68.868994423953694, -32.873809305190271, 0.0 ] ] ] ] } },
{ "type": "Feature", "properties": { "LAYER": "VM_MOSAICO_PARCELARIO_RIO_", "GM_TYPE": "Unknown Area Type", "MAP_NAME": "Cl_del Oeste_modificado_2026.dwg", "CLOSED": "YES", "BORDER_STY": "Solid", "BORDER_COL": "RGB(255,255,255)", "BORDER_WID": 1, "FILL_STYLE": "No Fill" }, "geometry": { "type": "MultiPolygon", "coordinates": [ [ [ [ -68.868771318501871, -32.87373368698622, 0.0 ], [ -68.868870702853116, -32.873726399119327, 0.0 ], [ -68.868984620680493, -32.873718133630902, 0.0 ], [ -68.868988204619242, -32.873751500073205, 0.0 ], [ -68.868994423953694, -32.873809305190271, 0.0 ], [ -68.868960547881144, -32.873811704281799, 0.0 ], [ -68.868953174208414, -32.873812237573716, 0.0 ], [ -68.868844491533252, -32.873820146942947, 0.0 ], [ -68.868781761873947, -32.873824679796051, 0.0 ], [ -68.868777753524881, -32.87379005053112, 0.0 ], [ -68.868771318501871, -32.87373368698622, 0.0 ] ] ] ] } },
{ "type": "Feature", "properties": { "LAYER": "VM_MOSAICO_PARCELARIO_RIO_", "GM_TYPE": "Unknown Area Type", "MAP_NAME": "Cl_del Oeste_modificado_2026.dwg", "CLOSED": "YES", "BORDER_STY": "Solid", "BORDER_COL": "RGB(255,255,255)", "BORDER_WID": 1, "FILL_STYLE": "No Fill" }, "geometry": { "type": "MultiPolygon", "coordinates": [ [ [ [ -68.868761836030117, -32.873643237100616, 0.0 ], [ -68.86880233786313, -32.873640214727914, 0.0 ], [ -68.868826275608853, -32.873638436443755, 0.0 ], [ -68.868933033641355, -32.873630524171411, 0.0 ], [ -68.868974817832409, -32.873627412917074, 0.0 ], [ -68.868984620680493, -32.873718133630902, 0.0 ], [ -68.868870702853116, -32.873726399119327, 0.0 ], [ -68.868771318501871, -32.87373368698622, 0.0 ], [ -68.86876794822436, -32.873701132286747, 0.0 ], [ -68.868761836030117, -32.873643237100616, 0.0 ] ] ] ] } },
{ "type": "Feature", "properties": { "LAYER": "VM_MOSAICO_PARCELARIO_RIO_", "GM_TYPE": "Unknown Area Type", "MAP_NAME": "Cl_del Oeste_modificado_2026.dwg", "CLOSED": "YES", "BORDER_STY": "Solid", "BORDER_COL": "RGB(255,255,255)", "BORDER_WID": 1, "FILL_STYLE": "No Fill" }, "geometry": { "type": "MultiPolygon", "coordinates": [ [ [ [ -68.868752458038855, -32.873554410372449, 0.0 ], [ -68.868923335585166, -32.873541246273149, 0.0 ], [ -68.868965119999899, -32.873537954683279, 0.0 ], [ -68.868974817832409, -32.873627412917074, 0.0 ], [ -68.868933033641355, -32.873630524171411, 0.0 ], [ -68.868826275608853, -32.873638436443755, 0.0 ], [ -68.86880233786313, -32.873640214727914, 0.0 ], [ -68.868761836030117, -32.873643237100616, 0.0 ], [ -68.868758252578971, -32.873609600143624, 0.0 ], [ -68.868755619919199, -32.873584079432668, 0.0 ], [ -68.868752458038855, -32.873554410372449, 0.0 ] ] ] ] } },
{ "type": "Feature", "properties": { "LAYER": "VM_MOSAICO_PARCELARIO_RIO_", "GM_TYPE": "Unknown Area Type", "MAP_NAME": "Cl_del Oeste_modificado_2026.dwg", "CLOSED": "YES", "BORDER_STY": "Solid", "BORDER_COL": "RGB(255,255,255)", "BORDER_WID": 1, "FILL_STYLE": "No Fill" }, "geometry": { "type": "MultiPolygon", "coordinates": [ [ [ [ -68.86895542338047, -32.873447684923782, 0.0 ], [ -68.868956374046149, -32.873455169982634, 0.0 ], [ -68.868965119999899, -32.873537954683279, 0.0 ], [ -68.868923335585166, -32.873541246273149, 0.0 ], [ -68.868752458038855, -32.873554410372449, 0.0 ], [ -68.868745187887654, -32.87348470177367, 0.0 ], [ -68.868742869416167, -32.873463509524392, 0.0 ], [ -68.868806133351541, -32.873458797813292, 0.0 ], [ -68.868913852978821, -32.873450796395964, 0.0 ], [ -68.86895542338047, -32.873447684923782, 0.0 ] ] ] ] } },
{ "type": "Feature", "properties": { "LAYER": "VM_MOSAICO_PARCELARIO_RIO_", "GM_TYPE": "Unknown Area Type", "MAP_NAME": "Cl_del Oeste_modificado_2026.dwg", "CLOSED": "YES", "BORDER_STY": "Solid", "BORDER_COL": "RGB(255,255,255)", "BORDER_WID": 1, "FILL_STYLE": "No Fill" }, "geometry": { "type": "MultiPolygon", "coordinates": [ [ [ [ -68.868733490925109, -32.873374322113953, 0.0 ], [ -68.868905117564395, -32.873360888316462, 0.0 ], [ -68.868945726382364, -32.873357685670157, 0.0 ], [ -68.86895542338047, -32.873447684923782, 0.0 ], [ -68.868913852978821, -32.873450796395964, 0.0 ], [ -68.868806133351541, -32.873458797813292, 0.0 ], [ -68.868742869416167, -32.873463509524392, 0.0 ], [ -68.868733490925109, -32.873374322113953, 0.0 ] ] ] ] } },
{ "type": "Feature", "properties": { "LAYER": "VM_MOSAICO_PARCELARIO_RIO_", "GM_TYPE": "Unknown Area Type", "MAP_NAME": "Cl_del Oeste_modificado_2026.dwg", "CLOSED": "YES", "BORDER_STY": "Solid", "BORDER_COL": "RGB(255,255,255)", "BORDER_WID": 1, "FILL_STYLE": "No Fill" }, "geometry": { "type": "MultiPolygon", "coordinates": [ [ [ [ -68.868936028867026, -32.873267324834636, 0.0 ], [ -68.868945726382364, -32.873357685670157, 0.0 ], [ -68.868905117564395, -32.873360888316462, 0.0 ], [ -68.868733490925109, -32.873374322113953, 0.0 ], [ -68.868732334285824, -32.873362328365523, 0.0 ], [ -68.868724114318297, -32.873284593687053, 0.0 ], [ -68.868787699349596, -32.873279431474771, 0.0 ], [ -68.868895206250613, -32.873270618324838, 0.0 ], [ -68.868936028867026, -32.873267324834636, 0.0 ] ] ] ] } },
{ "type": "Feature", "properties": { "LAYER": "VM_MOSAICO_PARCELARIO_RIO_", "GM_TYPE": "Unknown Area Type", "MAP_NAME": "Cl_del Oeste_modificado_2026.dwg", "CLOSED": "YES", "BORDER_STY": "Solid", "BORDER_COL": "RGB(255,255,255)", "BORDER_WID": 1, "FILL_STYLE": "No Fill" }, "geometry": { "type": "MultiPolygon", "coordinates": [ [ [ [ -68.868926225054963, -32.873177325465122, 0.0 ], [ -68.868930969734762, -32.873220611766115, 0.0 ], [ -68.868936028867026, -32.873267324834636, 0.0 ], [ -68.868895206250613, -32.873270618324838, 0.0 ], [ -68.868787699349596, -32.873279431474771, 0.0 ], [ -68.868724114318297, -32.873284593687053, 0.0 ], [ -68.868717160654015, -32.873218402023795, 0.0 ], [ -68.868716105683305, -32.873209203634126, 0.0 ], [ -68.868714525752637, -32.873193692832984, 0.0 ], [ -68.868740814534547, -32.873191646524006, 0.0 ], [ -68.868763256092464, -32.873189956850972, 0.0 ], [ -68.868778644583728, -32.873188801693715, 0.0 ], [ -68.868926225054963, -32.873177325465122, 0.0 ] ] ] ] } },
{ "type": "Feature", "properties": { "LAYER": "VM_MOSAICO_PARCELARIO_RIO_", "GM_TYPE": "Unknown Area Type", "MAP_NAME": "Cl_del Oeste_modificado_2026.dwg", "CLOSED": "YES", "BORDER_STY": "Solid", "BORDER_COL": "RGB(255,255,255)", "BORDER_WID": 1, "FILL_STYLE": "No Fill" }, "geometry": { "type": "MultiPolygon", "coordinates": [ [ [ [ -68.868916529309004, -32.873086514681845, 0.0 ], [ -68.868926225054963, -32.873177325465122, 0.0 ], [ -68.868778644583728, -32.873188801693715, 0.0 ], [ -68.868763256092464, -32.873189956850972, 0.0 ], [ -68.868740814534547, -32.873191646524006, 0.0 ], [ -68.868714525752637, -32.873193692832984, 0.0 ], [ -68.868712418603309, -32.873173402498274, 0.0 ], [ -68.868705042596687, -32.873103783951358, 0.0 ], [ -68.868720538193301, -32.87310244767302, 0.0 ], [ -68.868761467591312, -32.87309915435165, 0.0 ], [ -68.868768627634083, -32.873098530677353, 0.0 ], [ -68.868876347889326, -32.873089808837989, 0.0 ], [ -68.868916529309004, -32.873086514681845, 0.0 ] ] ] ] } },
{ "type": "Feature", "properties": { "LAYER": "VM_MOSAICO_PARCELARIO_RIO_", "GM_TYPE": "Unknown Area Type", "MAP_NAME": "Cl_del Oeste_modificado_2026.dwg", "CLOSED": "YES", "BORDER_STY": "Solid", "BORDER_COL": "RGB(255,255,255)", "BORDER_WID": 1, "FILL_STYLE": "No Fill" }, "geometry": { "type": "MultiPolygon", "coordinates": [ [ [ [ -68.868906725801338, -32.872996334969635, 0.0 ], [ -68.868916529309004, -32.873086514681845, 0.0 ], [ -68.868876347889326, -32.873089808837989, 0.0 ], [ -68.868768627634083, -32.873098530677353, 0.0 ], [ -68.868761467591312, -32.87309915435165, 0.0 ], [ -68.868720538193301, -32.87310244767302, 0.0 ], [ -68.868705042596687, -32.873103783951358, 0.0 ], [ -68.868695454203518, -32.873012792022337, 0.0 ], [ -68.868906725801338, -32.872996334969635, 0.0 ] ] ] ] } },
{ "type": "Feature", "properties": { "LAYER": "VM_MOSAICO_PARCELARIO_RIO_", "GM_TYPE": "Unknown Area Type", "MAP_NAME": "Cl_del Oeste_modificado_2026.dwg", "CLOSED": "YES", "BORDER_STY": "Solid", "BORDER_COL": "RGB(255,255,255)", "BORDER_WID": 1, "FILL_STYLE": "No Fill" }, "geometry": { "type": "MultiPolygon", "coordinates": [ [ [ [ -68.868897028501848, -32.872906606213917, 0.0 ], [ -68.868906725801338, -32.872996334969635, 0.0 ], [ -68.868695454203518, -32.873012792022337, 0.0 ], [ -68.868690989202975, -32.872970501475315, 0.0 ], [ -68.868686075274084, -32.872923965279398, 0.0 ], [ -68.868718776039032, -32.872921295421271, 0.0 ], [ -68.868750408148358, -32.872918713701033, 0.0 ], [ -68.86885727457144, -32.872909900812246, 0.0 ], [ -68.868861976732163, -32.872909454894604, 0.0 ], [ -68.868897028501848, -32.872906606213917, 0.0 ] ] ] ] } },
{ "type": "Feature", "properties": { "LAYER": "VM_MOSAICO_PARCELARIO_RIO_", "GM_TYPE": "Unknown Area Type", "MAP_NAME": "Cl_del Oeste_modificado_2026.dwg", "CLOSED": "YES", "BORDER_STY": "Solid", "BORDER_COL": "RGB(255,255,255)", "BORDER_WID": 1, "FILL_STYLE": "No Fill" }, "geometry": { "type": "MultiPolygon", "coordinates": [ [ [ [ -68.868887436341566, -32.872817328413632, 0.0 ], [ -68.868897028501848, -32.872906606213917, 0.0 ], [ -68.868861976732163, -32.872909454894604, 0.0 ], [ -68.86885727457144, -32.872909900812246, 0.0 ], [ -68.868750408148358, -32.872918713701033, 0.0 ], [ -68.868718776039032, -32.872921295421271, 0.0 ], [ -68.868686075274084, -32.872923965279398, 0.0 ], [ -68.86868449549155, -32.872909085663395, 0.0 ], [ -68.868683442654529, -32.872898444564207, 0.0 ], [ -68.868676697564496, -32.872835048366341, 0.0 ], [ -68.86870576492656, -32.872832645205371, 0.0 ], [ -68.868811882484351, -32.872823650328577, 0.0 ], [ -68.868887436341566, -32.872817328413632, 0.0 ] ] ] ] } },
{ "type": "Feature", "properties": { "LAYER": "VM_MOSAICO_PARCELARIO_RIO_", "GM_TYPE": "Unknown Area Type", "MAP_NAME": "Cl_del Oeste_modificado_2026.dwg", "CLOSED": "YES", "BORDER_STY": "Solid", "BORDER_COL": "RGB(255,255,255)", "BORDER_WID": 1, "FILL_STYLE": "No Fill" }, "geometry": { "type": "MultiPolygon", "coordinates": [ [ [ [ -68.870059525695183, -32.873891039327702, 0.0 ], [ -68.870136267385718, -32.873721362447831, 0.0 ], [ -68.870192994213298, -32.873739334386073, 0.0 ], [ -68.870211752554766, -32.873772175523186, 0.0 ], [ -68.870201199324967, -32.873827438433388, 0.0 ], [ -68.870195491686971, -32.873857909777684, 0.0 ], [ -68.870181602212512, -32.873930211245231, 0.0 ], [ -68.870059525695183, -32.873891039327702, 0.0 ] ] ] ] } },
{ "type": "Feature", "properties": { "LAYER": "VM_MOSAICO_PARCELARIO_RIO_", "GM_TYPE": "Unknown Area Type", "MAP_NAME": "Cl_del Oeste_modificado_2026.dwg", "CLOSED": "YES", "BORDER_STY": "Solid", "BORDER_COL": "RGB(255,255,255)", "BORDER_WID": 1, "FILL_STYLE": "No Fill" }, "geometry": { "type": "MultiPolygon", "coordinates": [ [ [ [ -68.870032790355808, -32.87368857847828, 0.0 ], [ -68.870136267385718, -32.873721362447831, 0.0 ], [ -68.870059525695183, -32.873891039327702, 0.0 ], [ -68.869980277599367, -32.873865528300321, 0.0 ], [ -68.869976218882869, -32.873864351878986, 0.0 ], [ -68.869954431066688, -32.873857296014293, 0.0 ], [ -68.870032790355808, -32.87368857847828, 0.0 ] ] ] ] } },
{ "type": "Feature", "properties": { "LAYER": "VM_MOSAICO_PARCELARIO_RIO_", "GM_TYPE": "Unknown Area Type", "MAP_NAME": "Cl_del Oeste_modificado_2026.dwg", "CLOSED": "YES", "BORDER_STY": "Solid", "BORDER_COL": "RGB(255,255,255)", "BORDER_WID": 1, "FILL_STYLE": "No Fill" }, "geometry": { "type": "MultiPolygon", "coordinates": [ [ [ [ -68.869933995681833, -32.873657278972203, 0.0 ], [ -68.870032790355808, -32.87368857847828, 0.0 ], [ -68.869954431066688, -32.873857296014293, 0.0 ], [ -68.86985713312059, -32.873826085468458, 0.0 ], [ -68.869880824902253, -32.873773992185235, 0.0 ], [ -68.8698881143671, -32.873757949609143, 0.0 ], [ -68.869919524425782, -32.873688823225173, 0.0 ], [ -68.869933995681833, -32.873657278972203, 0.0 ] ] ] ] } },
{ "type": "Feature", "properties": { "LAYER": "VM_MOSAICO_PARCELARIO_RIO_", "GM_TYPE": "Unknown Area Type", "MAP_NAME": "Cl_del Oeste_modificado_2026.dwg", "CLOSED": "YES", "BORDER_STY": "Solid", "BORDER_COL": "RGB(255,255,255)", "BORDER_WID": 1, "FILL_STYLE": "No Fill" }, "geometry": { "type": "MultiPolygon", "coordinates": [ [ [ [ -68.869834347588991, -32.873625795456014, 0.0 ], [ -68.869933995681833, -32.873657278972203, 0.0 ], [ -68.869919524425782, -32.873688823225173, 0.0 ], [ -68.8698881143671, -32.873757949609143, 0.0 ], [ -68.869880824902253, -32.873773992185235, 0.0 ], [ -68.86985713312059, -32.873826085468458, 0.0 ], [ -68.869757059444822, -32.873793970262554, 0.0 ], [ -68.869784072279629, -32.873735298086906, 0.0 ], [ -68.869828559207519, -32.873638322983567, 0.0 ], [ -68.869834347588991, -32.873625795456014, 0.0 ] ] ] ] } },
{ "type": "Feature", "properties": { "LAYER": "VM_MOSAICO_PARCELARIO_RIO_", "GM_TYPE": "Unknown Area Type", "MAP_NAME": "Cl_del Oeste_modificado_2026.dwg", "CLOSED": "YES", "BORDER_STY": "Solid", "BORDER_COL": "RGB(255,255,255)", "BORDER_WID": 1, "FILL_STYLE": "No Fill" }, "geometry": { "type": "MultiPolygon", "coordinates": [ [ [ [ -68.869733953179292, -32.873593228148344, 0.0 ], [ -68.869834347588991, -32.873625795456014, 0.0 ], [ -68.869828559207519, -32.873638322983567, 0.0 ], [ -68.869784072279629, -32.873735298086906, 0.0 ], [ -68.869757059444822, -32.873793970262554, 0.0 ], [ -68.869656023491032, -32.873761582563851, 0.0 ], [ -68.869669422229137, -32.873732833378412, 0.0 ], [ -68.869679820100842, -32.873710211684639, 0.0 ], [ -68.869719696624145, -32.873624051246573, 0.0 ], [ -68.869733953179292, -32.873593228148344, 0.0 ] ] ] ] } },
{ "type": "Feature", "properties": { "LAYER": "VM_MOSAICO_PARCELARIO_RIO_", "GM_TYPE": "Unknown Area Type", "MAP_NAME": "Cl_del Oeste_modificado_2026.dwg", "CLOSED": "YES", "BORDER_STY": "Solid", "BORDER_COL": "RGB(255,255,255)", "BORDER_WID": 1, "FILL_STYLE": "No Fill" }, "geometry": { "type": "MultiPolygon", "coordinates": [ [ [ [ -68.869634521059524, -32.87356102334229, 0.0 ], [ -68.869733953179292, -32.873593228148344, 0.0 ], [ -68.869719696624145, -32.873624051246573, 0.0 ], [ -68.869679820100842, -32.873710211684639, 0.0 ], [ -68.869669422229137, -32.873732833378412, 0.0 ], [ -68.869656023491032, -32.873761582563851, 0.0 ], [ -68.869622594003474, -32.873750907732855, 0.0 ], [ -68.869558405327211, -32.873730281282398, 0.0 ], [ -68.869606004568539, -32.873624202391383, 0.0 ], [ -68.869621335117074, -32.873590404834331, 0.0 ], [ -68.869634521059524, -32.87356102334229, 0.0 ] ] ] ] } },
{ "type": "Feature", "properties": { "LAYER": "VM_MOSAICO_PARCELARIO_RIO_", "GM_TYPE": "Unknown Area Type", "MAP_NAME": "Cl_del Oeste_modificado_2026.dwg", "CLOSED": "YES", "BORDER_STY": "Solid", "BORDER_COL": "RGB(255,255,255)", "BORDER_WID": 1, "FILL_STYLE": "No Fill" }, "geometry": { "type": "MultiPolygon", "coordinates": [ [ [ [ -68.869534019942094, -32.87352845666453, 0.0 ], [ -68.869634521059524, -32.87356102334229, 0.0 ], [ -68.869621335117074, -32.873590404834331, 0.0 ], [ -68.869606004568539, -32.873624202391383, 0.0 ], [ -68.869558405327211, -32.873730281282398, 0.0 ], [ -68.869486313113555, -32.873707211978321, 0.0 ], [ -68.86945886573686, -32.873698436902991, 0.0 ], [ -68.869470337078042, -32.873672480077914, 0.0 ], [ -68.869472266776455, -32.87366815395886, 0.0 ], [ -68.869481593781529, -32.873647154213678, 0.0 ], [ -68.869521476542189, -32.873556846952525, 0.0 ], [ -68.869534019942094, -32.87352845666453, 0.0 ] ] ] ] } },
{ "type": "Feature", "properties": { "LAYER": "VM_MOSAICO_PARCELARIO_RIO_", "GM_TYPE": "Unknown Area Type", "MAP_NAME": "Cl_del Oeste_modificado_2026.dwg", "CLOSED": "YES", "BORDER_STY": "Solid", "BORDER_COL": "RGB(255,255,255)", "BORDER_WID": 1, "FILL_STYLE": "No Fill" }, "geometry": { "type": "MultiPolygon", "coordinates": [ [ [ [ -68.869434692958762, -32.873496792825826, 0.0 ], [ -68.869466093576307, -32.873506473726302, 0.0 ], [ -68.869534019942094, -32.87352845666453, 0.0 ], [ -68.869521476542189, -32.873556846952525, 0.0 ], [ -68.869481593781529, -32.873647154213678, 0.0 ], [ -68.869472266776455, -32.87366815395886, 0.0 ], [ -68.869470337078042, -32.873672480077914, 0.0 ], [ -68.86945886573686, -32.873698436902991, 0.0 ], [ -68.869390404994633, -32.873676453366436, 0.0 ], [ -68.869358150558597, -32.873666050199908, 0.0 ], [ -68.869371336070088, -32.873637029413437, 0.0 ], [ -68.869393849528677, -32.873587099057033, 0.0 ], [ -68.869398137530851, -32.873577635743757, 0.0 ], [ -68.869407249383713, -32.873557627643002, 0.0 ], [ -68.869422043339696, -32.873524732145896, 0.0 ], [ -68.869434692958762, -32.873496792825826, 0.0 ] ] ] ] } },
{ "type": "Feature", "properties": { "LAYER": "VM_MOSAICO_PARCELARIO_RIO_", "GM_TYPE": "Unknown Area Type", "MAP_NAME": "Cl_del Oeste_modificado_2026.dwg", "CLOSED": "YES", "BORDER_STY": "Solid", "BORDER_COL": "RGB(255,255,255)", "BORDER_WID": 1, "FILL_STYLE": "No Fill" }, "geometry": { "type": "MultiPolygon", "coordinates": [ [ [ [ -68.869331307103792, -32.873464853258284, 0.0 ], [ -68.869434692958762, -32.873496792825826, 0.0 ], [ -68.869422043339696, -32.873524732145896, 0.0 ], [ -68.869407249383713, -32.873557627643002, 0.0 ], [ -68.869398137530851, -32.873577635743757, 0.0 ], [ -68.869393849528677, -32.873587099057033, 0.0 ], [ -68.869371336070088, -32.873637029413437, 0.0 ], [ -68.869358150558597, -32.873666050199908, 0.0 ], [ -68.869316283717751, -32.873652660490293, 0.0 ], [ -68.869256046894549, -32.873633300385059, 0.0 ], [ -68.869279845827336, -32.87358120822816, 0.0 ], [ -68.869318008259853, -32.873497570869688, 0.0 ], [ -68.869331307103792, -32.873464853258284, 0.0 ] ] ] ] } },
{ "type": "Feature", "properties": { "LAYER": "VM_MOSAICO_PARCELARIO_RIO_", "GM_TYPE": "Unknown Area Type", "MAP_NAME": "Cl_del Oeste_modificado_2026.dwg", "CLOSED": "YES", "BORDER_STY": "Solid", "BORDER_COL": "RGB(255,255,255)", "BORDER_WID": 1, "FILL_STYLE": "No Fill" }, "geometry": { "type": "MultiPolygon", "coordinates": [ [ [ [ -68.869187692972076, -32.873611407920336, 0.0 ], [ -68.869170095522861, -32.873444665335107, 0.0 ], [ -68.86920154097605, -32.873423779812789, 0.0 ], [ -68.86920635054463, -32.87342297331687, 0.0 ], [ -68.869331307103792, -32.873464853258284, 0.0 ], [ -68.869318008259853, -32.873497570869688, 0.0 ], [ -68.869279845827336, -32.87358120822816, 0.0 ], [ -68.869256046894549, -32.873633300385059, 0.0 ], [ -68.869187692972076, -32.873611407920336, 0.0 ] ] ] ] } },
{ "type": "Feature", "properties": { "LAYER": "VM_MOSAICO_PARCELARIO_RIO_", "GM_TYPE": "Unknown Area Type", "MAP_NAME": "Cl_del Oeste_modificado_2026.dwg", "CLOSED": "YES", "BORDER_STY": "Solid", "BORDER_COL": "RGB(255,255,255)", "BORDER_WID": 1, "FILL_STYLE": "No Fill" }, "geometry": { "type": "MultiPolygon", "coordinates": [ [ [ [ -68.869187692972076, -32.873611407920336, 0.0 ], [ -68.869256046894549, -32.873633300385059, 0.0 ], [ -68.869316283717751, -32.873652660490293, 0.0 ], [ -68.869358150558597, -32.873666050199908, 0.0 ], [ -68.869390404994633, -32.873676453366436, 0.0 ], [ -68.86945886573686, -32.873698436902991, 0.0 ], [ -68.869486313113555, -32.873707211978321, 0.0 ], [ -68.869558405327211, -32.873730281282398, 0.0 ], [ -68.869622594003474, -32.873750907732855, 0.0 ], [ -68.869656023491032, -32.873761582563851, 0.0 ], [ -68.869757059444822, -32.873793970262554, 0.0 ], [ -68.86985713312059, -32.873826085468458, 0.0 ], [ -68.869954431066688, -32.873857296014293, 0.0 ], [ -68.869976218882869, -32.873864351878986, 0.0 ], [ -68.869980277599367, -32.873865528300321, 0.0 ], [ -68.869939255332753, -32.874077113298739, 0.0 ], [ -68.86990729174633, -32.874242016167415, 0.0 ], [ -68.869302328691958, -32.87434740133267, 0.0 ], [ -68.869293033326159, -32.874346760434101, 0.0 ], [ -68.869263569168965, -32.874327974403521, 0.0 ], [ -68.869224667651224, -32.873970771752745, 0.0 ], [ -68.869187692972076, -32.873611407920336, 0.0 ] ] ] ] } },
{ "type": "Feature", "properties": { "LAYER": "VM_MOSAICO_PARCELARIO_RIO_", "GM_TYPE": "Unknown Area Type", "MAP_NAME": "Cl_del Oeste_modificado_2026.dwg", "CLOSED": "YES", "BORDER_STY": "Solid", "BORDER_COL": "RGB(255,255,255)", "BORDER_WID": 1, "FILL_STYLE": "No Fill" }, "geometry": { "type": "MultiPolygon", "coordinates": [ [ [ [ -68.869980277599367, -32.873865528300321, 0.0 ], [ -68.870059525695183, -32.873891039327702, 0.0 ], [ -68.870181602212512, -32.873930211245231, 0.0 ], [ -68.870149082957539, -32.874099876352616, 0.0 ], [ -68.870129376882659, -32.874203279322792, 0.0 ], [ -68.870043444490335, -32.874218247467425, 0.0 ], [ -68.870018006711888, -32.874222729508197, 0.0 ], [ -68.86990729174633, -32.874242016167415, 0.0 ], [ -68.869939255332753, -32.874077113298739, 0.0 ], [ -68.869980277599367, -32.873865528300321, 0.0 ] ] ] ] } },
{ "type": "Feature", "properties": { "LAYER": "VM_MOSAICO_PARCELARIO_RIO_", "GM_TYPE": "Unknown Area Type", "MAP_NAME": "Cl_del Oeste_modificado_2026.dwg", "CLOSED": "YES", "BORDER_STY": "Solid", "BORDER_COL": "RGB(255,255,255)", "BORDER_WID": 1, "FILL_STYLE": "No Fill" }, "geometry": { "type": "MultiPolygon", "coordinates": [ [ [ [ -68.870624909489621, -32.873876122532941, 0.0 ], [ -68.870803594614614, -32.873931854286646, 0.0 ], [ -68.870824709467897, -32.873960189293591, 0.0 ], [ -68.870811355670895, -32.874031860197789, 0.0 ], [ -68.870768408913975, -32.874026044090947, 0.0 ], [ -68.870661789757349, -32.874011686223774, 0.0 ], [ -68.870601322447385, -32.874003507537438, 0.0 ], [ -68.870612953656334, -32.873940851816606, 0.0 ], [ -68.870624909489621, -32.873876122532941, 0.0 ] ] ] ] } },
{ "type": "Feature", "properties": { "LAYER": "VM_MOSAICO_PARCELARIO_RIO_", "GM_TYPE": "Unknown Area Type", "MAP_NAME": "Cl_del Oeste_modificado_2026.dwg", "CLOSED": "YES", "BORDER_STY": "Solid", "BORDER_COL": "RGB(255,255,255)", "BORDER_WID": 1, "FILL_STYLE": "No Fill" }, "geometry": { "type": "MultiPolygon", "coordinates": [ [ [ [ -68.870624909489621, -32.873876122532941, 0.0 ], [ -68.870612953656334, -32.873940851816606, 0.0 ], [ -68.870601322447385, -32.874003507537438, 0.0 ], [ -68.870582840979935, -32.874000602996098, 0.0 ], [ -68.870538400007746, -32.873993613061792, 0.0 ], [ -68.870432425327621, -32.873977001430511, 0.0 ], [ -68.870392577896865, -32.873970828628835, 0.0 ], [ -68.870403777655653, -32.873911779257476, 0.0 ], [ -68.87041605378424, -32.87384659947837, 0.0 ], [ -68.870458827507747, -32.87382437193282, 0.0 ], [ -68.870570545624147, -32.8738592046112, 0.0 ], [ -68.870624909489621, -32.873876122532941, 0.0 ] ] ] ] } },
{ "type": "Feature", "properties": { "LAYER": "VM_MOSAICO_PARCELARIO_RIO_", "GM_TYPE": "Unknown Area Type", "MAP_NAME": "Cl_del Oeste_modificado_2026.dwg", "CLOSED": "YES", "BORDER_STY": "Solid", "BORDER_COL": "RGB(255,255,255)", "BORDER_WID": 1, "FILL_STYLE": "No Fill" }, "geometry": { "type": "MultiPolygon", "coordinates": [ [ [ [ -68.870601322447385, -32.874003507537438, 0.0 ], [ -68.870585166537907, -32.874090774828694, 0.0 ], [ -68.870374701766721, -32.874065216593714, 0.0 ], [ -68.870392577896865, -32.873970828628835, 0.0 ], [ -68.870432425327621, -32.873977001430511, 0.0 ], [ -68.870538400007746, -32.873993613061792, 0.0 ], [ -68.870582840979935, -32.874000602996098, 0.0 ], [ -68.870601322447385, -32.874003507537438, 0.0 ] ] ] ] } },
{ "type": "Feature", "properties": { "LAYER": "VM_MOSAICO_PARCELARIO_RIO_", "GM_TYPE": "Unknown Area Type", "MAP_NAME": "Cl_del Oeste_modificado_2026.dwg", "CLOSED": "YES", "BORDER_STY": "Solid", "BORDER_COL": "RGB(255,255,255)", "BORDER_WID": 1, "FILL_STYLE": "No Fill" }, "geometry": { "type": "MultiPolygon", "coordinates": [ [ [ [ -68.870585166537907, -32.874090774828694, 0.0 ], [ -68.870567081202211, -32.87418218791376, 0.0 ], [ -68.870504263134464, -32.874173916578698, 0.0 ], [ -68.87039892650138, -32.874160010662493, 0.0 ], [ -68.870357795698155, -32.874154556973856, 0.0 ], [ -68.870374701766721, -32.874065216593714, 0.0 ], [ -68.870585166537907, -32.874090774828694, 0.0 ] ] ] ] } },
{ "type": "Feature", "properties": { "LAYER": "VM_MOSAICO_PARCELARIO_RIO_", "GM_TYPE": "Unknown Area Type", "MAP_NAME": "Cl_del Oeste_modificado_2026.dwg", "CLOSED": "YES", "BORDER_STY": "Solid", "BORDER_COL": "RGB(255,255,255)", "BORDER_WID": 1, "FILL_STYLE": "No Fill" }, "geometry": { "type": "MultiPolygon", "coordinates": [ [ [ [ -68.870567081202211, -32.87418218791376, 0.0 ], [ -68.870549320735222, -32.874271347095394, 0.0 ], [ -68.870340996036887, -32.874243446613484, 0.0 ], [ -68.870343472968301, -32.87423019427569, 0.0 ], [ -68.870357795698155, -32.874154556973856, 0.0 ], [ -68.87039892650138, -32.874160010662493, 0.0 ], [ -68.870504263134464, -32.874173916578698, 0.0 ], [ -68.870567081202211, -32.87418218791376, 0.0 ] ] ] ] } },
{ "type": "Feature", "properties": { "LAYER": "VM_MOSAICO_PARCELARIO_RIO_", "GM_TYPE": "Unknown Area Type", "MAP_NAME": "Cl_del Oeste_modificado_2026.dwg", "CLOSED": "YES", "BORDER_STY": "Solid", "BORDER_COL": "RGB(255,255,255)", "BORDER_WID": 1, "FILL_STYLE": "No Fill" }, "geometry": { "type": "MultiPolygon", "coordinates": [ [ [ [ -68.870340996036887, -32.874243446613484, 0.0 ], [ -68.870549320735222, -32.874271347095394, 0.0 ], [ -68.8705477036236, -32.874280452533625, 0.0 ], [ -68.870540810723142, -32.874317774639408, 0.0 ], [ -68.870532947742277, -32.874360867485265, 0.0 ], [ -68.870470556572897, -32.874352867985131, 0.0 ], [ -68.870363829302917, -32.874339140036582, 0.0 ], [ -68.870323873285926, -32.874334049133694, 0.0 ], [ -68.870340996036887, -32.874243446613484, 0.0 ] ] ] ] } },
{ "type": "Feature", "properties": { "LAYER": "VM_MOSAICO_PARCELARIO_RIO_", "GM_TYPE": "Unknown Area Type", "MAP_NAME": "Cl_del Oeste_modificado_2026.dwg", "CLOSED": "YES", "BORDER_STY": "Solid", "BORDER_COL": "RGB(255,255,255)", "BORDER_WID": 1, "FILL_STYLE": "No Fill" }, "geometry": { "type": "MultiPolygon", "coordinates": [ [ [ [ -68.870532947742277, -32.874360867485265, 0.0 ], [ -68.870526484845286, -32.874395666192711, 0.0 ], [ -68.870521961195337, -32.874420277762376, 0.0 ], [ -68.870516683535016, -32.874449036344636, 0.0 ], [ -68.870460168492542, -32.874441583036642, 0.0 ], [ -68.870379615893228, -32.874430948867122, 0.0 ], [ -68.87031765236749, -32.874422769395103, 0.0 ], [ -68.870307396219033, -32.874421496389928, 0.0 ], [ -68.870316012167848, -32.874375789426274, 0.0 ], [ -68.870323873285926, -32.874334049133694, 0.0 ], [ -68.870363829302917, -32.874339140036582, 0.0 ], [ -68.870470556572897, -32.874352867985131, 0.0 ], [ -68.870532947742277, -32.874360867485265, 0.0 ] ] ] ] } },
{ "type": "Feature", "properties": { "LAYER": "VM_MOSAICO_PARCELARIO_RIO_", "GM_TYPE": "Unknown Area Type", "MAP_NAME": "Cl_del Oeste_modificado_2026.dwg", "CLOSED": "YES", "BORDER_STY": "Solid", "BORDER_COL": "RGB(255,255,255)", "BORDER_WID": 1, "FILL_STYLE": "No Fill" }, "geometry": { "type": "MultiPolygon", "coordinates": [ [ [ [ -68.870516683535016, -32.874449036344636, 0.0 ], [ -68.870500526673766, -32.874536844634058, 0.0 ], [ -68.870437814954158, -32.874528753714692, 0.0 ], [ -68.870405551034537, -32.874524572499169, 0.0 ], [ -68.870386855101188, -32.874522118553884, 0.0 ], [ -68.870331087739899, -32.874514846301182, 0.0 ], [ -68.870290704493414, -32.874509573704366, 0.0 ], [ -68.870300827576585, -32.874456203904487, 0.0 ], [ -68.870307396219033, -32.874421496389928, 0.0 ], [ -68.87031765236749, -32.874422769395103, 0.0 ], [ -68.870379615893228, -32.874430948867122, 0.0 ], [ -68.870460168492542, -32.874441583036642, 0.0 ], [ -68.870516683535016, -32.874449036344636, 0.0 ] ] ] ] } },
{ "type": "Feature", "properties": { "LAYER": "VM_MOSAICO_PARCELARIO_RIO_", "GM_TYPE": "Unknown Area Type", "MAP_NAME": "Cl_del Oeste_modificado_2026.dwg", "CLOSED": "YES", "BORDER_STY": "Solid", "BORDER_COL": "RGB(255,255,255)", "BORDER_WID": 1, "FILL_STYLE": "No Fill" }, "geometry": { "type": "MultiPolygon", "coordinates": [ [ [ [ -68.870386855101188, -32.874522118553884, 0.0 ], [ -68.870352286353949, -32.87471907946383, 0.0 ], [ -68.870288137765641, -32.874729764761213, 0.0 ], [ -68.870253549664383, -32.874707998060138, 0.0 ], [ -68.870267012706165, -32.874635064965524, 0.0 ], [ -68.870290704493414, -32.874509573704366, 0.0 ], [ -68.870331087739899, -32.874514846301182, 0.0 ], [ -68.870386855101188, -32.874522118553884, 0.0 ] ] ] ] } },
{ "type": "Feature", "properties": { "LAYER": "VM_MOSAICO_PARCELARIO_RIO_", "GM_TYPE": "Unknown Area Type", "MAP_NAME": "Cl_del Oeste_modificado_2026.dwg", "CLOSED": "YES", "BORDER_STY": "Solid", "BORDER_COL": "RGB(255,255,255)", "BORDER_WID": 1, "FILL_STYLE": "No Fill" }, "geometry": { "type": "MultiPolygon", "coordinates": [ [ [ [ -68.870500526673766, -32.874536844634058, 0.0 ], [ -68.870474353661564, -32.874678744199585, 0.0 ], [ -68.870471649352453, -32.874699196331555, 0.0 ], [ -68.870352286353949, -32.87471907946383, 0.0 ], [ -68.870386855101188, -32.874522118553884, 0.0 ], [ -68.870405551034537, -32.874524572499169, 0.0 ], [ -68.870437814954158, -32.874528753714692, 0.0 ], [ -68.870500526673766, -32.874536844634058, 0.0 ] ] ] ] } },
{ "type": "Feature", "properties": { "LAYER": "VM_MOSAICO_PARCELARIO_RIO_", "GM_TYPE": "Unknown Area Type", "MAP_NAME": "Cl_del Oeste_modificado_2026.dwg", "CLOSED": "YES", "BORDER_STY": "Solid", "BORDER_COL": "RGB(255,255,255)", "BORDER_WID": 1, "FILL_STYLE": "No Fill" }, "geometry": { "type": "MultiPolygon", "coordinates": [ [ [ [ -68.870711734423736, -32.87456664138773, 0.0 ], [ -68.870698271343727, -32.874639122782703, 0.0 ], [ -68.870670026594084, -32.874663349156606, 0.0 ], [ -68.870653780417086, -32.874666307949106, 0.0 ], [ -68.870613271891102, -32.874673659045378, 0.0 ], [ -68.870471649352453, -32.874699196331555, 0.0 ], [ -68.870474353661564, -32.874678744199585, 0.0 ], [ -68.870500526673766, -32.874536844634058, 0.0 ], [ -68.870553836023831, -32.874544384775831, 0.0 ], [ -68.87056131424356, -32.874545474547446, 0.0 ], [ -68.870668039960051, -32.874560463796016, 0.0 ], [ -68.870675945599316, -32.874561554002689, 0.0 ], [ -68.870711734423736, -32.87456664138773, 0.0 ] ] ] ] } },
{ "type": "Feature", "properties": { "LAYER": "VM_MOSAICO_PARCELARIO_RIO_", "GM_TYPE": "Unknown Area Type", "MAP_NAME": "Cl_del Oeste_modificado_2026.dwg", "CLOSED": "YES", "BORDER_STY": "Solid", "BORDER_COL": "RGB(255,255,255)", "BORDER_WID": 1, "FILL_STYLE": "No Fill" }, "geometry": { "type": "MultiPolygon", "coordinates": [ [ [ [ -68.870728534955035, -32.874476940178461, 0.0 ], [ -68.870711734423736, -32.87456664138773, 0.0 ], [ -68.870675945599316, -32.874561554002689, 0.0 ], [ -68.870668039960051, -32.874560463796016, 0.0 ], [ -68.87056131424356, -32.874545474547446, 0.0 ], [ -68.870553836023831, -32.874544384775831, 0.0 ], [ -68.870500526673766, -32.874536844634058, 0.0 ], [ -68.870516683535016, -32.874449036344636, 0.0 ], [ -68.870565933951696, -32.874455490246604, 0.0 ], [ -68.870648195868327, -32.874466396572004, 0.0 ], [ -68.870686442298179, -32.874471485603898, 0.0 ], [ -68.870728534955035, -32.874476940178461, 0.0 ] ] ] ] } },
{ "type": "Feature", "properties": { "LAYER": "VM_MOSAICO_PARCELARIO_RIO_", "GM_TYPE": "Unknown Area Type", "MAP_NAME": "Cl_del Oeste_modificado_2026.dwg", "CLOSED": "YES", "BORDER_STY": "Solid", "BORDER_COL": "RGB(255,255,255)", "BORDER_WID": 1, "FILL_STYLE": "No Fill" }, "geometry": { "type": "MultiPolygon", "coordinates": [ [ [ [ -68.870745012513211, -32.874388140326175, 0.0 ], [ -68.870728534955035, -32.874476940178461, 0.0 ], [ -68.870686442298179, -32.874471485603898, 0.0 ], [ -68.870648195868327, -32.874466396572004, 0.0 ], [ -68.870565933951696, -32.874455490246604, 0.0 ], [ -68.870516683535016, -32.874449036344636, 0.0 ], [ -68.870521961195337, -32.874420277762376, 0.0 ], [ -68.870526484845286, -32.874395666192711, 0.0 ], [ -68.870532947742277, -32.874360867485265, 0.0 ], [ -68.870581236818836, -32.874367049878003, 0.0 ], [ -68.870594484220959, -32.874368776802335, 0.0 ], [ -68.870703134542936, -32.874382776148494, 0.0 ], [ -68.87071456582342, -32.874384231576357, 0.0 ], [ -68.870745012513211, -32.874388140326175, 0.0 ] ] ] ] } },
{ "type": "Feature", "properties": { "LAYER": "VM_MOSAICO_PARCELARIO_RIO_", "GM_TYPE": "Unknown Area Type", "MAP_NAME": "Cl_del Oeste_modificado_2026.dwg", "CLOSED": "YES", "BORDER_STY": "Solid", "BORDER_COL": "RGB(255,255,255)", "BORDER_WID": 1, "FILL_STYLE": "No Fill" }, "geometry": { "type": "MultiPolygon", "coordinates": [ [ [ [ -68.870549320735222, -32.874271347095394, 0.0 ], [ -68.870599424426743, -32.874278071473874, 0.0 ], [ -68.870761490452693, -32.874299791317902, 0.0 ], [ -68.870745012513211, -32.874388140326175, 0.0 ], [ -68.87071456582342, -32.874384231576357, 0.0 ], [ -68.870703134542936, -32.874382776148494, 0.0 ], [ -68.870594484220959, -32.874368776802335, 0.0 ], [ -68.870581236818836, -32.874367049878003, 0.0 ], [ -68.870532947742277, -32.874360867485265, 0.0 ], [ -68.870540810723142, -32.874317774639408, 0.0 ], [ -68.8705477036236, -32.874280452533625, 0.0 ], [ -68.870549320735222, -32.874271347095394, 0.0 ] ] ] ] } },
{ "type": "Feature", "properties": { "LAYER": "VM_MOSAICO_PARCELARIO_RIO_", "GM_TYPE": "Unknown Area Type", "MAP_NAME": "Cl_del Oeste_modificado_2026.dwg", "CLOSED": "YES", "BORDER_STY": "Solid", "BORDER_COL": "RGB(255,255,255)", "BORDER_WID": 1, "FILL_STYLE": "No Fill" }, "geometry": { "type": "MultiPolygon", "coordinates": [ [ [ [ -68.870778184159676, -32.87420999981827, 0.0 ], [ -68.870761490452693, -32.874299791317902, 0.0 ], [ -68.870599424426743, -32.874278071473874, 0.0 ], [ -68.870549320735222, -32.874271347095394, 0.0 ], [ -68.870567081202211, -32.87418218791376, 0.0 ], [ -68.870629044582728, -32.87419036816388, 0.0 ], [ -68.870736091755361, -32.874204455992889, 0.0 ], [ -68.870778184159676, -32.87420999981827, 0.0 ] ] ] ] } },
{ "type": "Feature", "properties": { "LAYER": "VM_MOSAICO_PARCELARIO_RIO_", "GM_TYPE": "Unknown Area Type", "MAP_NAME": "Cl_del Oeste_modificado_2026.dwg", "CLOSED": "YES", "BORDER_STY": "Solid", "BORDER_COL": "RGB(255,255,255)", "BORDER_WID": 1, "FILL_STYLE": "No Fill" }, "geometry": { "type": "MultiPolygon", "coordinates": [ [ [ [ -68.870794447016095, -32.874122553176761, 0.0 ], [ -68.870784753253048, -32.874174840528589, 0.0 ], [ -68.870778184159676, -32.87420999981827, 0.0 ], [ -68.870736091755361, -32.874204455992889, 0.0 ], [ -68.870629044582728, -32.87419036816388, 0.0 ], [ -68.870567081202211, -32.87418218791376, 0.0 ], [ -68.870585166537907, -32.874090774828694, 0.0 ], [ -68.870794447016095, -32.874122553176761, 0.0 ] ] ] ] } },
{ "type": "Feature", "properties": { "LAYER": "VM_MOSAICO_PARCELARIO_RIO_", "GM_TYPE": "Unknown Area Type", "MAP_NAME": "Cl_del Oeste_modificado_2026.dwg", "CLOSED": "YES", "BORDER_STY": "Solid", "BORDER_COL": "RGB(255,255,255)", "BORDER_WID": 1, "FILL_STYLE": "No Fill" }, "geometry": { "type": "MultiPolygon", "coordinates": [ [ [ [ -68.870811355670895, -32.874031860197789, 0.0 ], [ -68.870794447016095, -32.874122553176761, 0.0 ], [ -68.870585166537907, -32.874090774828694, 0.0 ], [ -68.870601322447385, -32.874003507537438, 0.0 ], [ -68.870661789757349, -32.874011686223774, 0.0 ], [ -68.870768408913975, -32.874026044090947, 0.0 ], [ -68.870811355670895, -32.874031860197789, 0.0 ] ] ] ] } },
{ "type": "Feature", "properties": { "LAYER": "VM_MOSAICO_PARCELARIO_RIO_", "GM_TYPE": "Unknown Area Type", "MAP_NAME": "Cl_del Oeste_modificado_2026.dwg", "CLOSED": "YES", "BORDER_STY": "Solid", "BORDER_COL": "RGB(255,255,255)", "BORDER_WID": 1, "FILL_STYLE": "No Fill" }, "geometry": { "type": "MultiPolygon", "coordinates": [ [ [ [ -68.87007746404737, -32.874482389943559, 0.0 ], [ -68.870020389882455, -32.874491977876502, 0.0 ], [ -68.869914684161131, -32.874509630465909, 0.0 ], [ -68.869906774980237, -32.874510974781707, 0.0 ], [ -68.869854189838563, -32.874519755782572, 0.0 ], [ -68.869835286428795, -32.874440657532666, 0.0 ], [ -68.869999775992909, -32.874412607365251, 0.0 ], [ -68.870056422694461, -32.874403018095762, 0.0 ], [ -68.870087804102909, -32.874426134964764, 0.0 ], [ -68.87007746404737, -32.874482389943559, 0.0 ] ] ] ] } },
{ "type": "Feature", "properties": { "LAYER": "VM_MOSAICO_PARCELARIO_RIO_", "GM_TYPE": "Unknown Area Type", "MAP_NAME": "Cl_del Oeste_modificado_2026.dwg", "CLOSED": "YES", "BORDER_STY": "Solid", "BORDER_COL": "RGB(255,255,255)", "BORDER_WID": 1, "FILL_STYLE": "No Fill" }, "geometry": { "type": "MultiPolygon", "coordinates": [ [ [ [ -68.869835286428795, -32.874440657532666, 0.0 ], [ -68.869854189838563, -32.874519755782572, 0.0 ], [ -68.869861836832698, -32.874551593543281, 0.0 ], [ -68.869877235305793, -32.874616170865671, 0.0 ], [ -68.869814388663045, -32.874627285579379, 0.0 ], [ -68.869772063430645, -32.874634725583505, 0.0 ], [ -68.869762080448254, -32.874593507766193, 0.0 ], [ -68.869729260844295, -32.87445857923931, 0.0 ], [ -68.869796809483987, -32.874447108784651, 0.0 ], [ -68.869835286428795, -32.874440657532666, 0.0 ] ] ] ] } },
{ "type": "Feature", "properties": { "LAYER": "VM_MOSAICO_PARCELARIO_RIO_", "GM_TYPE": "Unknown Area Type", "MAP_NAME": "Cl_del Oeste_modificado_2026.dwg", "CLOSED": "YES", "BORDER_STY": "Solid", "BORDER_COL": "RGB(255,255,255)", "BORDER_WID": 1, "FILL_STYLE": "No Fill" }, "geometry": { "type": "MultiPolygon", "coordinates": [ [ [ [ -68.869729260844295, -32.87445857923931, 0.0 ], [ -68.869762080448254, -32.874593507766193, 0.0 ], [ -68.869772063430645, -32.874634725583505, 0.0 ], [ -68.869666356976609, -32.87465345999459, 0.0 ], [ -68.869659029948124, -32.874622072501353, 0.0 ], [ -68.869654146201043, -32.874601238277045, 0.0 ], [ -68.869633333289599, -32.874512039033263, 0.0 ], [ -68.869625158853651, -32.874476323423714, 0.0 ], [ -68.869729260844295, -32.87445857923931, 0.0 ] ] ] ] } },
{ "type": "Feature", "properties": { "LAYER": "VM_MOSAICO_PARCELARIO_RIO_", "GM_TYPE": "Unknown Area Type", "MAP_NAME": "Cl_del Oeste_modificado_2026.dwg", "CLOSED": "YES", "BORDER_STY": "Solid", "BORDER_COL": "RGB(255,255,255)", "BORDER_WID": 1, "FILL_STYLE": "No Fill" }, "geometry": { "type": "MultiPolygon", "coordinates": [ [ [ [ -68.869625158853651, -32.874476323423714, 0.0 ], [ -68.869633333289599, -32.874512039033263, 0.0 ], [ -68.869654146201043, -32.874601238277045, 0.0 ], [ -68.869659029948124, -32.874622072501353, 0.0 ], [ -68.869666356976609, -32.87465345999459, 0.0 ], [ -68.869638460747581, -32.874658389341441, 0.0 ], [ -68.869562467399348, -32.874671924800886, 0.0 ], [ -68.86955365078316, -32.874636208518012, 0.0 ], [ -68.869523164437837, -32.874513456144761, 0.0 ], [ -68.869518491794892, -32.874494425523451, 0.0 ], [ -68.869625158853651, -32.874476323423714, 0.0 ] ] ] ] } },
{ "type": "Feature", "properties": { "LAYER": "VM_MOSAICO_PARCELARIO_RIO_", "GM_TYPE": "Unknown Area Type", "MAP_NAME": "Cl_del Oeste_modificado_2026.dwg", "CLOSED": "YES", "BORDER_STY": "Solid", "BORDER_COL": "RGB(255,255,255)", "BORDER_WID": 1, "FILL_STYLE": "No Fill" }, "geometry": { "type": "MultiPolygon", "coordinates": [ [ [ [ -68.869518491794892, -32.874494425523451, 0.0 ], [ -68.869523164437837, -32.874513456144761, 0.0 ], [ -68.86955365078316, -32.874636208518012, 0.0 ], [ -68.869562467399348, -32.874671924800886, 0.0 ], [ -68.869518966331057, -32.874679634001389, 0.0 ], [ -68.869459005459618, -32.874690210529955, 0.0 ], [ -68.869451993512371, -32.874662611370852, 0.0 ], [ -68.869450081235939, -32.874655035144123, 0.0 ], [ -68.869447106760589, -32.874643129676762, 0.0 ], [ -68.869445726906122, -32.874636816377489, 0.0 ], [ -68.869422993078459, -32.874546803569849, 0.0 ], [ -68.869422037471367, -32.874542654779106, 0.0 ], [ -68.869414387992762, -32.874512619475745, 0.0 ], [ -68.869518491794892, -32.874494425523451, 0.0 ] ] ] ] } },
{ "type": "Feature", "properties": { "LAYER": "VM_MOSAICO_PARCELARIO_RIO_", "GM_TYPE": "Unknown Area Type", "MAP_NAME": "Cl_del Oeste_modificado_2026.dwg", "CLOSED": "YES", "BORDER_STY": "Solid", "BORDER_COL": "RGB(255,255,255)", "BORDER_WID": 1, "FILL_STYLE": "No Fill" }, "geometry": { "type": "MultiPolygon", "coordinates": [ [ [ [ -68.869414387992762, -32.874512619475745, 0.0 ], [ -68.869422037471367, -32.874542654779106, 0.0 ], [ -68.869422993078459, -32.874546803569849, 0.0 ], [ -68.869445726906122, -32.874636816377489, 0.0 ], [ -68.869447106760589, -32.874643129676762, 0.0 ], [ -68.869450081235939, -32.874655035144123, 0.0 ], [ -68.869451993512371, -32.874662611370852, 0.0 ], [ -68.869459005459618, -32.874690210529955, 0.0 ], [ -68.869432819404707, -32.874694781839636, 0.0 ], [ -68.869423948246691, -32.874696305459601, 0.0 ], [ -68.869354261489846, -32.874708314495507, 0.0 ], [ -68.869346082376254, -32.874675123607766, 0.0 ], [ -68.869341196043806, -32.874655371401815, 0.0 ], [ -68.869337903401004, -32.874641842550048, 0.0 ], [ -68.869323564862839, -32.874583396888077, 0.0 ], [ -68.869319528611484, -32.874566891668067, 0.0 ], [ -68.869310712632227, -32.87453081469063, 0.0 ], [ -68.86934512852919, -32.874524810193719, 0.0 ], [ -68.869414387992762, -32.874512619475745, 0.0 ] ] ] ] } },
{ "type": "Feature", "properties": { "LAYER": "VM_MOSAICO_PARCELARIO_RIO_", "GM_TYPE": "Unknown Area Type", "MAP_NAME": "Cl_del Oeste_modificado_2026.dwg", "CLOSED": "YES", "BORDER_STY": "Solid", "BORDER_COL": "RGB(255,255,255)", "BORDER_WID": 1, "FILL_STYLE": "No Fill" }, "geometry": { "type": "MultiPolygon", "coordinates": [ [ [ [ -68.869310712632227, -32.87453081469063, 0.0 ], [ -68.869319528611484, -32.874566891668067, 0.0 ], [ -68.869323564862839, -32.874583396888077, 0.0 ], [ -68.869337903401004, -32.874641842550048, 0.0 ], [ -68.869341196043806, -32.874655371401815, 0.0 ], [ -68.869346082376254, -32.874675123607766, 0.0 ], [ -68.869354261489846, -32.874708314495507, 0.0 ], [ -68.869329571783666, -32.874712615936424, 0.0 ], [ -68.8692923769364, -32.874719069273716, 0.0 ], [ -68.869248981873923, -32.874726597250437, 0.0 ], [ -68.869236236663241, -32.87467464634436, 0.0 ], [ -68.869213931381523, -32.87458400276163, 0.0 ], [ -68.869205434019833, -32.874549278651308, 0.0 ], [ -68.869310712632227, -32.87453081469063, 0.0 ] ] ] ] } },
{ "type": "Feature", "properties": { "LAYER": "VM_MOSAICO_PARCELARIO_RIO_", "GM_TYPE": "Unknown Area Type", "MAP_NAME": "Cl_del Oeste_modificado_2026.dwg", "CLOSED": "YES", "BORDER_STY": "Solid", "BORDER_COL": "RGB(255,255,255)", "BORDER_WID": 1, "FILL_STYLE": "No Fill" }, "geometry": { "type": "MultiPolygon", "coordinates": [ [ [ [ -68.869205434019833, -32.874549278651308, 0.0 ], [ -68.869213931381523, -32.87458400276163, 0.0 ], [ -68.869236236663241, -32.87467464634436, 0.0 ], [ -68.869248981873923, -32.874726597250437, 0.0 ], [ -68.869207832475681, -32.874733677614792, 0.0 ], [ -68.869182073945325, -32.87473815914953, 0.0 ], [ -68.869145199773882, -32.874744521707278, 0.0 ], [ -68.869130644323945, -32.874688330934433, 0.0 ], [ -68.869120975694869, -32.874650810341684, 0.0 ], [ -68.869108651626419, -32.874603187994694, 0.0 ], [ -68.869099514106423, -32.874567832021555, 0.0 ], [ -68.869205434019833, -32.874549278651308, 0.0 ] ] ] ] } },
{ "type": "Feature", "properties": { "LAYER": "VM_MOSAICO_PARCELARIO_RIO_", "GM_TYPE": "Unknown Area Type", "MAP_NAME": "Cl_del Oeste_modificado_2026.dwg", "CLOSED": "YES", "BORDER_STY": "Solid", "BORDER_COL": "RGB(255,255,255)", "BORDER_WID": 1, "FILL_STYLE": "No Fill" }, "geometry": { "type": "MultiPolygon", "coordinates": [ [ [ [ -68.869099514106423, -32.874567832021555, 0.0 ], [ -68.869108651626419, -32.874603187994694, 0.0 ], [ -68.869120975694869, -32.874650810341684, 0.0 ], [ -68.869130644323945, -32.874688330934433, 0.0 ], [ -68.869145199773882, -32.874744521707278, 0.0 ], [ -68.869060228783511, -32.87475921967166, 0.0 ], [ -68.869041203923473, -32.87476244585406, 0.0 ], [ -68.869031536923018, -32.874724564578976, 0.0 ], [ -68.869027605850277, -32.874709231662514, 0.0 ], [ -68.869005401387795, -32.874622103854541, 0.0 ], [ -68.868996266301593, -32.874585846182406, 0.0 ], [ -68.869064029369426, -32.87457401567081, 0.0 ], [ -68.869099514106423, -32.874567832021555, 0.0 ] ] ] ] } },
{ "type": "Feature", "properties": { "LAYER": "VM_MOSAICO_PARCELARIO_RIO_", "GM_TYPE": "Unknown Area Type", "MAP_NAME": "Cl_del Oeste_modificado_2026.dwg", "CLOSED": "YES", "BORDER_STY": "Solid", "BORDER_COL": "RGB(255,255,255)", "BORDER_WID": 1, "FILL_STYLE": "No Fill" }, "geometry": { "type": "MultiPolygon", "coordinates": [ [ [ [ -68.868996266301593, -32.874585846182406, 0.0 ], [ -68.869005401387795, -32.874622103854541, 0.0 ], [ -68.869027605850277, -32.874709231662514, 0.0 ], [ -68.869031536923018, -32.874724564578976, 0.0 ], [ -68.869041203923473, -32.87476244585406, 0.0 ], [ -68.868999626810748, -32.874769705139215, 0.0 ], [ -68.868980815655192, -32.874772931536263, 0.0 ], [ -68.868933787629032, -32.874781086784061, 0.0 ], [ -68.868912118977804, -32.874693689915496, 0.0 ], [ -68.868899159456674, -32.874641558411653, 0.0 ], [ -68.868889918752075, -32.874604489096491, 0.0 ], [ -68.868996266301593, -32.874585846182406, 0.0 ] ] ] ] } },
{ "type": "Feature", "properties": { "LAYER": "VM_MOSAICO_PARCELARIO_RIO_", "GM_TYPE": "Unknown Area Type", "MAP_NAME": "Cl_del Oeste_modificado_2026.dwg", "CLOSED": "YES", "BORDER_STY": "Solid", "BORDER_COL": "RGB(255,255,255)", "BORDER_WID": 1, "FILL_STYLE": "No Fill" }, "geometry": { "type": "MultiPolygon", "coordinates": [ [ [ [ -68.868912118977804, -32.874693689915496, 0.0 ], [ -68.86882950012189, -32.874707488494096, 0.0 ], [ -68.868722833158373, -32.874725229236418, 0.0 ], [ -68.868666612859613, -32.874734546938726, 0.0 ], [ -68.86865987164073, -32.874669167035378, 0.0 ], [ -68.868683742292433, -32.87464060839244, 0.0 ], [ -68.868889918752075, -32.874604489096491, 0.0 ], [ -68.868899159456674, -32.874641558411653, 0.0 ], [ -68.868912118977804, -32.874693689915496, 0.0 ] ] ] ] } },
{ "type": "Feature", "properties": { "LAYER": "VM_MOSAICO_PARCELARIO_RIO_", "GM_TYPE": "Unknown Area Type", "MAP_NAME": "Cl_del Oeste_modificado_2026.dwg", "CLOSED": "YES", "BORDER_STY": "Solid", "BORDER_COL": "RGB(255,255,255)", "BORDER_WID": 1, "FILL_STYLE": "No Fill" }, "geometry": { "type": "MultiPolygon", "coordinates": [ [ [ [ -68.868912118977804, -32.874693689915496, 0.0 ], [ -68.868933787629032, -32.874781086784061, 0.0 ], [ -68.868780839727137, -32.874807525506867, 0.0 ], [ -68.868721734050695, -32.874817741900998, 0.0 ], [ -68.868676095484844, -32.874825628001808, 0.0 ], [ -68.868666612859613, -32.874734546938726, 0.0 ], [ -68.868722833158373, -32.874725229236418, 0.0 ], [ -68.86882950012189, -32.874707488494096, 0.0 ], [ -68.868912118977804, -32.874693689915496, 0.0 ] ] ] ] } },
{ "type": "Feature", "properties": { "LAYER": "VM_MOSAICO_PARCELARIO_RIO_", "GM_TYPE": "Unknown Area Type", "MAP_NAME": "Cl_del Oeste_modificado_2026.dwg", "CLOSED": "YES", "BORDER_STY": "Solid", "BORDER_COL": "RGB(255,255,255)", "BORDER_WID": 1, "FILL_STYLE": "No Fill" }, "geometry": { "type": "MultiPolygon", "coordinates": [ [ [ [ -68.868933787629032, -32.874781086784061, 0.0 ], [ -68.868940161613452, -32.874806431969418, 0.0 ], [ -68.868955882147517, -32.87486956702854, 0.0 ], [ -68.868913022590434, -32.874876915110583, 0.0 ], [ -68.868848145275265, -32.874888117379179, 0.0 ], [ -68.868742545847738, -32.874906400273268, 0.0 ], [ -68.868738698152015, -32.874907027421557, 0.0 ], [ -68.868685257161403, -32.874916257878859, 0.0 ], [ -68.868676095484844, -32.874825628001808, 0.0 ], [ -68.868721734050695, -32.874817741900998, 0.0 ], [ -68.868780839727137, -32.874807525506867, 0.0 ], [ -68.868933787629032, -32.874781086784061, 0.0 ] ] ] ] } },
{ "type": "Feature", "properties": { "LAYER": "VM_MOSAICO_PARCELARIO_RIO_", "GM_TYPE": "Unknown Area Type", "MAP_NAME": "Cl_del Oeste_modificado_2026.dwg", "CLOSED": "YES", "BORDER_STY": "Solid", "BORDER_COL": "RGB(255,255,255)", "BORDER_WID": 1, "FILL_STYLE": "No Fill" }, "geometry": { "type": "MultiPolygon", "coordinates": [ [ [ [ -68.868955882147517, -32.87486956702854, 0.0 ], [ -68.868977764195307, -32.874957234618996, 0.0 ], [ -68.868935866686542, -32.87496431410981, 0.0 ], [ -68.868765177138627, -32.874993076822747, 0.0 ], [ -68.868694314791654, -32.875004994988871, 0.0 ], [ -68.868685257161403, -32.874916257878859, 0.0 ], [ -68.868738698152015, -32.874907027421557, 0.0 ], [ -68.868742545847738, -32.874906400273268, 0.0 ], [ -68.868848145275265, -32.874888117379179, 0.0 ], [ -68.868913022590434, -32.874876915110583, 0.0 ], [ -68.868955882147517, -32.87486956702854, 0.0 ] ] ] ] } },
{ "type": "Feature", "properties": { "LAYER": "VM_MOSAICO_PARCELARIO_RIO_", "GM_TYPE": "Unknown Area Type", "MAP_NAME": "Cl_del Oeste_modificado_2026.dwg", "CLOSED": "YES", "BORDER_STY": "Solid", "BORDER_COL": "RGB(255,255,255)", "BORDER_WID": 1, "FILL_STYLE": "No Fill" }, "geometry": { "type": "MultiPolygon", "coordinates": [ [ [ [ -68.869041203923473, -32.87476244585406, 0.0 ], [ -68.869048213099845, -32.874791848420983, 0.0 ], [ -68.869053735729466, -32.874814847402831, 0.0 ], [ -68.869074868685374, -32.874903325717682, 0.0 ], [ -68.869075824810196, -32.874907113833714, 0.0 ], [ -68.869083577750757, -32.874939402597633, 0.0 ], [ -68.869015815069005, -32.87495078317373, 0.0 ], [ -68.868977764195307, -32.874957234618996, 0.0 ], [ -68.868955882147517, -32.87486956702854, 0.0 ], [ -68.868940161613452, -32.874806431969418, 0.0 ], [ -68.868933787629032, -32.874781086784061, 0.0 ], [ -68.868980815655192, -32.874772931536263, 0.0 ], [ -68.868999626810748, -32.874769705139215, 0.0 ], [ -68.869041203923473, -32.87476244585406, 0.0 ] ] ] ] } },
{ "type": "Feature", "properties": { "LAYER": "VM_MOSAICO_PARCELARIO_RIO_", "GM_TYPE": "Unknown Area Type", "MAP_NAME": "Cl_del Oeste_modificado_2026.dwg", "CLOSED": "YES", "BORDER_STY": "Solid", "BORDER_COL": "RGB(255,255,255)", "BORDER_WID": 1, "FILL_STYLE": "No Fill" }, "geometry": { "type": "MultiPolygon", "coordinates": [ [ [ [ -68.869145199773882, -32.874744521707278, 0.0 ], [ -68.869154546137906, -32.87478321416291, 0.0 ], [ -68.869187894362, -32.874921479653516, 0.0 ], [ -68.869158929079262, -32.874926678283316, 0.0 ], [ -68.869122910061293, -32.874932772122108, 0.0 ], [ -68.869083577750757, -32.874939402597633, 0.0 ], [ -68.869075824810196, -32.874907113833714, 0.0 ], [ -68.869074868685374, -32.874903325717682, 0.0 ], [ -68.869053735729466, -32.874814847402831, 0.0 ], [ -68.869048213099845, -32.874791848420983, 0.0 ], [ -68.869041203923473, -32.87476244585406, 0.0 ], [ -68.869060228783511, -32.87475921967166, 0.0 ], [ -68.869145199773882, -32.874744521707278, 0.0 ] ] ] ] } },
{ "type": "Feature", "properties": { "LAYER": "VM_MOSAICO_PARCELARIO_RIO_", "GM_TYPE": "Unknown Area Type", "MAP_NAME": "Cl_del Oeste_modificado_2026.dwg", "CLOSED": "YES", "BORDER_STY": "Solid", "BORDER_COL": "RGB(255,255,255)", "BORDER_WID": 1, "FILL_STYLE": "No Fill" }, "geometry": { "type": "MultiPolygon", "coordinates": [ [ [ [ -68.869248981873923, -32.874726597250437, 0.0 ], [ -68.869254080442687, -32.874747341545131, 0.0 ], [ -68.869261621444494, -32.874778458776653, 0.0 ], [ -68.86928360824399, -32.874867749474205, 0.0 ], [ -68.869292105533788, -32.874902563746865, 0.0 ], [ -68.869187894362, -32.874921479653516, 0.0 ], [ -68.869154546137906, -32.87478321416291, 0.0 ], [ -68.869145199773882, -32.874744521707278, 0.0 ], [ -68.869182073945325, -32.87473815914953, 0.0 ], [ -68.869207832475681, -32.874733677614792, 0.0 ], [ -68.869248981873923, -32.874726597250437, 0.0 ] ] ] ] } },
{ "type": "Feature", "properties": { "LAYER": "VM_MOSAICO_PARCELARIO_RIO_", "GM_TYPE": "Unknown Area Type", "MAP_NAME": "Cl_del Oeste_modificado_2026.dwg", "CLOSED": "YES", "BORDER_STY": "Solid", "BORDER_COL": "RGB(255,255,255)", "BORDER_WID": 1, "FILL_STYLE": "No Fill" }, "geometry": { "type": "MultiPolygon", "coordinates": [ [ [ [ -68.869354261489846, -32.874708314495507, 0.0 ], [ -68.869381133390888, -32.874818259074885, 0.0 ], [ -68.869392922965034, -32.874866151343731, 0.0 ], [ -68.869397278484982, -32.874883558588046, 0.0 ], [ -68.869292105533788, -32.874902563746865, 0.0 ], [ -68.86928360824399, -32.874867749474205, 0.0 ], [ -68.869261621444494, -32.874778458776653, 0.0 ], [ -68.869254080442687, -32.874747341545131, 0.0 ], [ -68.869248981873923, -32.874726597250437, 0.0 ], [ -68.8692923769364, -32.874719069273716, 0.0 ], [ -68.869329571783666, -32.874712615936424, 0.0 ], [ -68.869354261489846, -32.874708314495507, 0.0 ] ] ] ] } },
{ "type": "Feature", "properties": { "LAYER": "VM_MOSAICO_PARCELARIO_RIO_", "GM_TYPE": "Unknown Area Type", "MAP_NAME": "Cl_del Oeste_modificado_2026.dwg", "CLOSED": "YES", "BORDER_STY": "Solid", "BORDER_COL": "RGB(255,255,255)", "BORDER_WID": 1, "FILL_STYLE": "No Fill" }, "geometry": { "type": "MultiPolygon", "coordinates": [ [ [ [ -68.869459005459618, -32.874690210529955, 0.0 ], [ -68.869471111261689, -32.874741078713221, 0.0 ], [ -68.869492457014687, -32.874831180230643, 0.0 ], [ -68.869493837932325, -32.874836772175023, 0.0 ], [ -68.869500633409714, -32.8748655442093, 0.0 ], [ -68.869397278484982, -32.874883558588046, 0.0 ], [ -68.869392922965034, -32.874866151343731, 0.0 ], [ -68.869381133390888, -32.874818259074885, 0.0 ], [ -68.869354261489846, -32.874708314495507, 0.0 ], [ -68.869423948246691, -32.874696305459601, 0.0 ], [ -68.869432819404707, -32.874694781839636, 0.0 ], [ -68.869459005459618, -32.874690210529955, 0.0 ] ] ] ] } },
{ "type": "Feature", "properties": { "LAYER": "VM_MOSAICO_PARCELARIO_RIO_", "GM_TYPE": "Unknown Area Type", "MAP_NAME": "Cl_del Oeste_modificado_2026.dwg", "CLOSED": "YES", "BORDER_STY": "Solid", "BORDER_COL": "RGB(255,255,255)", "BORDER_WID": 1, "FILL_STYLE": "No Fill" }, "geometry": { "type": "MultiPolygon", "coordinates": [ [ [ [ -68.869562467399348, -32.874671924800886, 0.0 ], [ -68.869572559541197, -32.874712241053139, 0.0 ], [ -68.869589873157565, -32.874782321641881, 0.0 ], [ -68.869603258409398, -32.874835896228042, 0.0 ], [ -68.869606019058381, -32.874847170282528, 0.0 ], [ -68.86957502332362, -32.874852547230994, 0.0 ], [ -68.869500633409714, -32.8748655442093, 0.0 ], [ -68.869493837932325, -32.874836772175023, 0.0 ], [ -68.869492457014687, -32.874831180230643, 0.0 ], [ -68.869471111261689, -32.874741078713221, 0.0 ], [ -68.869459005459618, -32.874690210529955, 0.0 ], [ -68.869518966331057, -32.874679634001389, 0.0 ], [ -68.869562467399348, -32.874671924800886, 0.0 ] ] ] ] } },
{ "type": "Feature", "properties": { "LAYER": "VM_MOSAICO_PARCELARIO_RIO_", "GM_TYPE": "Unknown Area Type", "MAP_NAME": "Cl_del Oeste_modificado_2026.dwg", "CLOSED": "YES", "BORDER_STY": "Solid", "BORDER_COL": "RGB(255,255,255)", "BORDER_WID": 1, "FILL_STYLE": "No Fill" }, "geometry": { "type": "MultiPolygon", "coordinates": [ [ [ [ -68.869666356976609, -32.87465345999459, 0.0 ], [ -68.869674854791725, -32.874688003734953, 0.0 ], [ -68.869679316684866, -32.874705771758528, 0.0 ], [ -68.869701198482147, -32.874794070411326, 0.0 ], [ -68.869703110519083, -32.874801826972657, 0.0 ], [ -68.869709909373569, -32.874829065217597, 0.0 ], [ -68.869606019058381, -32.874847170282528, 0.0 ], [ -68.869603258409398, -32.874835896228042, 0.0 ], [ -68.869589873157565, -32.874782321641881, 0.0 ], [ -68.869572559541197, -32.874712241053139, 0.0 ], [ -68.869562467399348, -32.874671924800886, 0.0 ], [ -68.869638460747581, -32.874658389341441, 0.0 ], [ -68.869666356976609, -32.87465345999459, 0.0 ] ] ] ] } },
{ "type": "Feature", "properties": { "LAYER": "VM_MOSAICO_PARCELARIO_RIO_", "GM_TYPE": "Unknown Area Type", "MAP_NAME": "Cl_del Oeste_modificado_2026.dwg", "CLOSED": "YES", "BORDER_STY": "Solid", "BORDER_COL": "RGB(255,255,255)", "BORDER_WID": 1, "FILL_STYLE": "No Fill" }, "geometry": { "type": "MultiPolygon", "coordinates": [ [ [ [ -68.869772063430645, -32.874634725583505, 0.0 ], [ -68.869783959532256, -32.874683699961082, 0.0 ], [ -68.869793731608013, -32.874723745354174, 0.0 ], [ -68.869799360475582, -32.87474656407538, 0.0 ], [ -68.869814974241208, -32.874810780949844, 0.0 ], [ -68.869709909373569, -32.874829065217597, 0.0 ], [ -68.869703110519083, -32.874801826972657, 0.0 ], [ -68.869701198482147, -32.874794070411326, 0.0 ], [ -68.869679316684866, -32.874705771758528, 0.0 ], [ -68.869674854791725, -32.874688003734953, 0.0 ], [ -68.869666356976609, -32.87465345999459, 0.0 ], [ -68.869772063430645, -32.874634725583505, 0.0 ] ] ] ] } },
{ "type": "Feature", "properties": { "LAYER": "VM_MOSAICO_PARCELARIO_RIO_", "GM_TYPE": "Unknown Area Type", "MAP_NAME": "Cl_del Oeste_modificado_2026.dwg", "CLOSED": "YES", "BORDER_STY": "Solid", "BORDER_COL": "RGB(255,255,255)", "BORDER_WID": 1, "FILL_STYLE": "No Fill" }, "geometry": { "type": "MultiPolygon", "coordinates": [ [ [ [ -68.869793731608013, -32.874723745354174, 0.0 ], [ -68.869861708648628, -32.874711734294635, 0.0 ], [ -68.869876565226164, -32.874709134837175, 0.0 ], [ -68.869984088488494, -32.874690222699911, 0.0 ], [ -68.870041056589145, -32.874680182925061, 0.0 ], [ -68.870027914560652, -32.87475194412572, 0.0 ], [ -68.869999452199608, -32.874778694864922, 0.0 ], [ -68.86989876949545, -32.87479626158872, 0.0 ], [ -68.869814974241208, -32.874810780949844, 0.0 ], [ -68.869799360475582, -32.87474656407538, 0.0 ], [ -68.869793731608013, -32.874723745354174, 0.0 ] ] ] ] } },
{ "type": "Feature", "properties": { "LAYER": "VM_MOSAICO_PARCELARIO_RIO_", "GM_TYPE": "Unknown Area Type", "MAP_NAME": "Cl_del Oeste_modificado_2026.dwg", "CLOSED": "YES", "BORDER_STY": "Solid", "BORDER_COL": "RGB(255,255,255)", "BORDER_WID": 1, "FILL_STYLE": "No Fill" }, "geometry": { "type": "MultiPolygon", "coordinates": [ [ [ [ -68.870058722122039, -32.874583990509031, 0.0 ], [ -68.870041056589145, -32.874680182925061, 0.0 ], [ -68.869984088488494, -32.874690222699911, 0.0 ], [ -68.869876565226164, -32.874709134837175, 0.0 ], [ -68.869861708648628, -32.874711734294635, 0.0 ], [ -68.869793731608013, -32.874723745354174, 0.0 ], [ -68.869783959532256, -32.874683699961082, 0.0 ], [ -68.869772063430645, -32.874634725583505, 0.0 ], [ -68.869814388663045, -32.874627285579379, 0.0 ], [ -68.869877235305793, -32.874616170865671, 0.0 ], [ -68.869923409525924, -32.874607924205414, 0.0 ], [ -68.870058722122039, -32.874583990509031, 0.0 ] ] ] ] } },
{ "type": "Feature", "properties": { "LAYER": "VM_MOSAICO_PARCELARIO_RIO_", "GM_TYPE": "Unknown Area Type", "MAP_NAME": "Cl_del Oeste_modificado_2026.dwg", "CLOSED": "YES", "BORDER_STY": "Solid", "BORDER_COL": "RGB(255,255,255)", "BORDER_WID": 1, "FILL_STYLE": "No Fill" }, "geometry": { "type": "MultiPolygon", "coordinates": [ [ [ [ -68.87007746404737, -32.874482389943559, 0.0 ], [ -68.870058722122039, -32.874583990509031, 0.0 ], [ -68.869923409525924, -32.874607924205414, 0.0 ], [ -68.869877235305793, -32.874616170865671, 0.0 ], [ -68.869861836832698, -32.874551593543281, 0.0 ], [ -68.869854189838563, -32.874519755782572, 0.0 ], [ -68.869906774980237, -32.874510974781707, 0.0 ], [ -68.869914684161131, -32.874509630465909, 0.0 ], [ -68.870020389882455, -32.874491977876502, 0.0 ], [ -68.87007746404737, -32.874482389943559, 0.0 ] ] ] ] } },
{ "type": "Feature", "properties": { "LAYER": "VM_MOSAICO_PARCELARIO_RIO_", "GM_TYPE": "Unknown Area Type", "MAP_NAME": "Cl_del Oeste_modificado_2026.dwg", "CLOSED": "YES", "BORDER_STY": "Solid", "BORDER_COL": "RGB(255,255,255)", "BORDER_WID": 1, "FILL_STYLE": "No Fill" }, "geometry": { "type": "MultiPolygon", "coordinates": [ [ [ [ -68.870960290596912, -32.878213044439036, 0.0 ], [ -68.871054799376751, -32.878190366023262, 0.0 ], [ -68.871092281408153, -32.878207897515111, 0.0 ], [ -68.871154098503496, -32.878391546939461, 0.0 ], [ -68.871033626603676, -32.878420456415945, 0.0 ], [ -68.870960290596912, -32.878213044439036, 0.0 ] ] ] ] } },
{ "type": "Feature", "properties": { "LAYER": "VM_MOSAICO_PARCELARIO_RIO_", "GM_TYPE": "Unknown Area Type", "MAP_NAME": "Cl_del Oeste_modificado_2026.dwg", "CLOSED": "YES", "BORDER_STY": "Solid", "BORDER_COL": "RGB(255,255,255)", "BORDER_WID": 1, "FILL_STYLE": "No Fill" }, "geometry": { "type": "MultiPolygon", "coordinates": [ [ [ [ -68.870847528214412, -32.878240103300044, 0.0 ], [ -68.870960290596912, -32.878213044439036, 0.0 ], [ -68.871033626603676, -32.878420456415945, 0.0 ], [ -68.870928120094817, -32.878445773543881, 0.0 ], [ -68.87091764426772, -32.878448287475429, 0.0 ], [ -68.870847528214412, -32.878240103300044, 0.0 ] ] ] ] } },
{ "type": "Feature", "properties": { "LAYER": "VM_MOSAICO_PARCELARIO_RIO_", "GM_TYPE": "Unknown Area Type", "MAP_NAME": "Cl_del Oeste_modificado_2026.dwg", "CLOSED": "YES", "BORDER_STY": "Solid", "BORDER_COL": "RGB(255,255,255)", "BORDER_WID": 1, "FILL_STYLE": "No Fill" }, "geometry": { "type": "MultiPolygon", "coordinates": [ [ [ [ -68.870728968826398, -32.878268529347586, 0.0 ], [ -68.870847528214412, -32.878240103300044, 0.0 ], [ -68.87091764426772, -32.878448287475429, 0.0 ], [ -68.870803478044877, -32.878475670357908, 0.0 ], [ -68.870728968826398, -32.878268529347586, 0.0 ] ] ] ] } },
{ "type": "Feature", "properties": { "LAYER": "VM_MOSAICO_PARCELARIO_RIO_", "GM_TYPE": "Unknown Area Type", "MAP_NAME": "Cl_del Oeste_modificado_2026.dwg", "CLOSED": "YES", "BORDER_STY": "Solid", "BORDER_COL": "RGB(255,255,255)", "BORDER_WID": 1, "FILL_STYLE": "No Fill" }, "geometry": { "type": "MultiPolygon", "coordinates": [ [ [ [ -68.870728968826398, -32.878268529347586, 0.0 ], [ -68.870803478044877, -32.878475670357908, 0.0 ], [ -68.870701819765586, -32.878500000308073, 0.0 ], [ -68.870675336693182, -32.878487618824671, 0.0 ], [ -68.870611073250188, -32.87829675308803, 0.0 ], [ -68.870653190233966, -32.87828669858154, 0.0 ], [ -68.870728968826398, -32.878268529347586, 0.0 ] ] ] ] } },
{ "type": "Feature", "properties": { "LAYER": "VM_MOSAICO_PARCELARIO_RIO_", "GM_TYPE": "Unknown Area Type", "MAP_NAME": "Cl_del Oeste_modificado_2026.dwg", "CLOSED": "YES", "BORDER_STY": "Solid", "BORDER_COL": "RGB(255,255,255)", "BORDER_WID": 1, "FILL_STYLE": "No Fill" }, "geometry": { "type": "MultiPolygon", "coordinates": [ [ [ [ -68.870928120094817, -32.878445773543881, 0.0 ], [ -68.870963443964754, -32.878550858199624, 0.0 ], [ -68.870737030902944, -32.878604544795486, 0.0 ], [ -68.870701819765586, -32.878500000308073, 0.0 ], [ -68.870803478044877, -32.878475670357908, 0.0 ], [ -68.87091764426772, -32.878448287475429, 0.0 ], [ -68.870928120094817, -32.878445773543881, 0.0 ] ] ] ] } },
{ "type": "Feature", "properties": { "LAYER": "VM_MOSAICO_PARCELARIO_RIO_", "GM_TYPE": "Unknown Area Type", "MAP_NAME": "Cl_del Oeste_modificado_2026.dwg", "CLOSED": "YES", "BORDER_STY": "Solid", "BORDER_COL": "RGB(255,255,255)", "BORDER_WID": 1, "FILL_STYLE": "No Fill" }, "geometry": { "type": "MultiPolygon", "coordinates": [ [ [ [ -68.870737030902944, -32.878604544795486, 0.0 ], [ -68.870963443964754, -32.878550858199624, 0.0 ], [ -68.870998129637769, -32.878653957557894, 0.0 ], [ -68.870771935681788, -32.878708183654439, 0.0 ], [ -68.870737030902944, -32.878604544795486, 0.0 ] ] ] ] } },
{ "type": "Feature", "properties": { "LAYER": "VM_MOSAICO_PARCELARIO_RIO_", "GM_TYPE": "Unknown Area Type", "MAP_NAME": "Cl_del Oeste_modificado_2026.dwg", "CLOSED": "YES", "BORDER_STY": "Solid", "BORDER_COL": "RGB(255,255,255)", "BORDER_WID": 1, "FILL_STYLE": "No Fill" }, "geometry": { "type": "MultiPolygon", "coordinates": [ [ [ [ -68.870998129637769, -32.878653957557894, 0.0 ], [ -68.871033135053054, -32.878757689321873, 0.0 ], [ -68.871022766181994, -32.878760113202993, 0.0 ], [ -68.870786630338401, -32.878816891685823, 0.0 ], [ -68.870801196113433, -32.878794957707058, 0.0 ], [ -68.870771935681788, -32.878708183654439, 0.0 ], [ -68.870998129637769, -32.878653957557894, 0.0 ] ] ] ] } },
{ "type": "Feature", "properties": { "LAYER": "VM_MOSAICO_PARCELARIO_RIO_", "GM_TYPE": "Unknown Area Type", "MAP_NAME": "Cl_del Oeste_modificado_2026.dwg", "CLOSED": "YES", "BORDER_STY": "Solid", "BORDER_COL": "RGB(255,255,255)", "BORDER_WID": 1, "FILL_STYLE": "No Fill" }, "geometry": { "type": "MultiPolygon", "coordinates": [ [ [ [ -68.870786630338401, -32.878816891685823, 0.0 ], [ -68.871022766181994, -32.878760113202993, 0.0 ], [ -68.871057984212385, -32.878864655800101, 0.0 ], [ -68.870821528789634, -32.878921305977592, 0.0 ], [ -68.870786630338401, -32.878816891685823, 0.0 ] ] ] ] } },
{ "type": "Feature", "properties": { "LAYER": "VM_MOSAICO_PARCELARIO_RIO_", "GM_TYPE": "Unknown Area Type", "MAP_NAME": "Cl_del Oeste_modificado_2026.dwg", "CLOSED": "YES", "BORDER_STY": "Solid", "BORDER_COL": "RGB(255,255,255)", "BORDER_WID": 1, "FILL_STYLE": "No Fill" }, "geometry": { "type": "MultiPolygon", "coordinates": [ [ [ [ -68.871003281662865, -32.878995302583775, 0.0 ], [ -68.871094585494703, -32.878973347601615, 0.0 ], [ -68.871127994646002, -32.879072659390602, 0.0 ], [ -68.870891538583891, -32.879129399866542, 0.0 ], [ -68.870858162644979, -32.87903019625319, 0.0 ], [ -68.871003281662865, -32.878995302583775, 0.0 ] ] ] ] } },
{ "type": "Feature", "properties": { "LAYER": "VM_MOSAICO_PARCELARIO_RIO_", "GM_TYPE": "Unknown Area Type", "MAP_NAME": "Cl_del Oeste_modificado_2026.dwg", "CLOSED": "YES", "BORDER_STY": "Solid", "BORDER_COL": "RGB(255,255,255)", "BORDER_WID": 1, "FILL_STYLE": "No Fill" }, "geometry": { "type": "MultiPolygon", "coordinates": [ [ [ [ -68.871127994646002, -32.879072659390602, 0.0 ], [ -68.871165660782566, -32.879184057345704, 0.0 ], [ -68.870929141285885, -32.879240877175008, 0.0 ], [ -68.870891538583891, -32.879129399866542, 0.0 ], [ -68.871127994646002, -32.879072659390602, 0.0 ] ] ] ] } },
{ "type": "Feature", "properties": { "LAYER": "VM_MOSAICO_PARCELARIO_RIO_", "GM_TYPE": "Unknown Area Type", "MAP_NAME": "Cl_del Oeste_modificado_2026.dwg", "CLOSED": "YES", "BORDER_STY": "Solid", "BORDER_COL": "RGB(255,255,255)", "BORDER_WID": 1, "FILL_STYLE": "No Fill" }, "geometry": { "type": "MultiPolygon", "coordinates": [ [ [ [ -68.870929141285885, -32.879240877175008, 0.0 ], [ -68.871165660782566, -32.879184057345704, 0.0 ], [ -68.871198218864009, -32.8792808434943, 0.0 ], [ -68.87096176229295, -32.879337584099808, 0.0 ], [ -68.870929141285885, -32.879240877175008, 0.0 ] ] ] ] } },
{ "type": "Feature", "properties": { "LAYER": "VM_MOSAICO_PARCELARIO_RIO_", "GM_TYPE": "Unknown Area Type", "MAP_NAME": "Cl_del Oeste_modificado_2026.dwg", "CLOSED": "YES", "BORDER_STY": "Solid", "BORDER_COL": "RGB(255,255,255)", "BORDER_WID": 1, "FILL_STYLE": "No Fill" }, "geometry": { "type": "MultiPolygon", "coordinates": [ [ [ [ -68.871198218864009, -32.8792808434943, 0.0 ], [ -68.871234714018044, -32.879389264630746, 0.0 ], [ -68.870998281507639, -32.879446179355568, 0.0 ], [ -68.87096176229295, -32.879337584099808, 0.0 ], [ -68.871198218864009, -32.8792808434943, 0.0 ] ] ] ] } },
{ "type": "Feature", "properties": { "LAYER": "VM_MOSAICO_PARCELARIO_RIO_", "GM_TYPE": "Unknown Area Type", "MAP_NAME": "Cl_del Oeste_modificado_2026.dwg", "CLOSED": "YES", "BORDER_STY": "Solid", "BORDER_COL": "RGB(255,255,255)", "BORDER_WID": 1, "FILL_STYLE": "No Fill" }, "geometry": { "type": "MultiPolygon", "coordinates": [ [ [ [ -68.870998281507639, -32.879446179355568, 0.0 ], [ -68.871234714018044, -32.879389264630746, 0.0 ], [ -68.871268337617281, -32.879489027443604, 0.0 ], [ -68.871147221779268, -32.879518115796593, 0.0 ], [ -68.871031772608461, -32.879545768067246, 0.0 ], [ -68.870998281507639, -32.879446179355568, 0.0 ] ] ] ] } },
{ "type": "Feature", "properties": { "LAYER": "VM_MOSAICO_PARCELARIO_RIO_", "GM_TYPE": "Unknown Area Type", "MAP_NAME": "Cl_del Oeste_modificado_2026.dwg", "CLOSED": "YES", "BORDER_STY": "Solid", "BORDER_COL": "RGB(255,255,255)", "BORDER_WID": 1, "FILL_STYLE": "No Fill" }, "geometry": { "type": "MultiPolygon", "coordinates": [ [ [ [ -68.871147221779268, -32.879518115796593, 0.0 ], [ -68.871231509180589, -32.879746294077783, 0.0 ], [ -68.871134790464907, -32.879762732426954, 0.0 ], [ -68.871099123878068, -32.879745562597904, 0.0 ], [ -68.871031772608461, -32.879545768067246, 0.0 ], [ -68.871147221779268, -32.879518115796593, 0.0 ] ] ] ] } },
{ "type": "Feature", "properties": { "LAYER": "VM_MOSAICO_PARCELARIO_RIO_", "GM_TYPE": "Unknown Area Type", "MAP_NAME": "Cl_del Oeste_modificado_2026.dwg", "CLOSED": "YES", "BORDER_STY": "Solid", "BORDER_COL": "RGB(255,255,255)", "BORDER_WID": 1, "FILL_STYLE": "No Fill" }, "geometry": { "type": "MultiPolygon", "coordinates": [ [ [ [ -68.871268337617281, -32.879489027443604, 0.0 ], [ -68.871348350368621, -32.879726436392282, 0.0 ], [ -68.871231509180589, -32.879746294077783, 0.0 ], [ -68.871147221779268, -32.879518115796593, 0.0 ], [ -68.871268337617281, -32.879489027443604, 0.0 ] ] ] ] } },
{ "type": "Feature", "properties": { "LAYER": "VM_MOSAICO_PARCELARIO_RIO_", "GM_TYPE": "Unknown Area Type", "MAP_NAME": "Cl_del Oeste_modificado_2026.dwg", "CLOSED": "YES", "BORDER_STY": "Solid", "BORDER_COL": "RGB(255,255,255)", "BORDER_WID": 1, "FILL_STYLE": "No Fill" }, "geometry": { "type": "MultiPolygon", "coordinates": [ [ [ [ -68.871383786511572, -32.879461465123178, 0.0 ], [ -68.871463787033022, -32.879706803479209, 0.0 ], [ -68.871348350368621, -32.879726436392282, 0.0 ], [ -68.871268337617281, -32.879489027443604, 0.0 ], [ -68.871383786511572, -32.879461465123178, 0.0 ] ] ] ] } },
{ "type": "Feature", "properties": { "LAYER": "VM_MOSAICO_PARCELARIO_RIO_", "GM_TYPE": "Unknown Area Type", "MAP_NAME": "Cl_del Oeste_modificado_2026.dwg", "CLOSED": "YES", "BORDER_STY": "Solid", "BORDER_COL": "RGB(255,255,255)", "BORDER_WID": 1, "FILL_STYLE": "No Fill" }, "geometry": { "type": "MultiPolygon", "coordinates": [ [ [ [ -68.871504794267366, -32.879432376429591, 0.0 ], [ -68.871580871870265, -32.879657968103636, 0.0 ], [ -68.871559666581859, -32.87969049746426, 0.0 ], [ -68.871463787033022, -32.879706803479209, 0.0 ], [ -68.871383786511572, -32.879461465123178, 0.0 ], [ -68.871504794267366, -32.879432376429591, 0.0 ] ] ] ] } },
{ "type": "Feature", "properties": { "LAYER": "VM_MOSAICO_PARCELARIO_RIO_", "GM_TYPE": "Unknown Area Type", "MAP_NAME": "Cl_del Oeste_modificado_2026.dwg", "CLOSED": "YES", "BORDER_STY": "Solid", "BORDER_COL": "RGB(255,255,255)", "BORDER_WID": 1, "FILL_STYLE": "No Fill" }, "geometry": { "type": "MultiPolygon", "coordinates": [ [ [ [ -68.871234714018044, -32.879389264630746, 0.0 ], [ -68.871471135407688, -32.879332442321093, 0.0 ], [ -68.871504794267366, -32.879432376429591, 0.0 ], [ -68.871383786511572, -32.879461465123178, 0.0 ], [ -68.871268337617281, -32.879489027443604, 0.0 ], [ -68.871234714018044, -32.879389264630746, 0.0 ] ] ] ] } },
{ "type": "Feature", "properties": { "LAYER": "VM_MOSAICO_PARCELARIO_RIO_", "GM_TYPE": "Unknown Area Type", "MAP_NAME": "Cl_del Oeste_modificado_2026.dwg", "CLOSED": "YES", "BORDER_STY": "Solid", "BORDER_COL": "RGB(255,255,255)", "BORDER_WID": 1, "FILL_STYLE": "No Fill" }, "geometry": { "type": "MultiPolygon", "coordinates": [ [ [ [ -68.871434676073619, -32.87922419261082, 0.0 ], [ -68.871471135407688, -32.879332442321093, 0.0 ], [ -68.871234714018044, -32.879389264630746, 0.0 ], [ -68.871198218864009, -32.8792808434943, 0.0 ], [ -68.871434676073619, -32.87922419261082, 0.0 ] ] ] ] } },
{ "type": "Feature", "properties": { "LAYER": "VM_MOSAICO_PARCELARIO_RIO_", "GM_TYPE": "Unknown Area Type", "MAP_NAME": "Cl_del Oeste_modificado_2026.dwg", "CLOSED": "YES", "BORDER_STY": "Solid", "BORDER_COL": "RGB(255,255,255)", "BORDER_WID": 1, "FILL_STYLE": "No Fill" }, "geometry": { "type": "MultiPolygon", "coordinates": [ [ [ [ -68.871165660782566, -32.879184057345704, 0.0 ], [ -68.871401970535231, -32.879127235950854, 0.0 ], [ -68.871434676073619, -32.87922419261082, 0.0 ], [ -68.871198218864009, -32.8792808434943, 0.0 ], [ -68.871165660782566, -32.879184057345704, 0.0 ] ] ] ] } },
{ "type": "Feature", "properties": { "LAYER": "VM_MOSAICO_PARCELARIO_RIO_", "GM_TYPE": "Unknown Area Type", "MAP_NAME": "Cl_del Oeste_modificado_2026.dwg", "CLOSED": "YES", "BORDER_STY": "Solid", "BORDER_COL": "RGB(255,255,255)", "BORDER_WID": 1, "FILL_STYLE": "No Fill" }, "geometry": { "type": "MultiPolygon", "coordinates": [ [ [ [ -68.871364451346608, -32.879016008636697, 0.0 ], [ -68.871401970535231, -32.879127235950854, 0.0 ], [ -68.871165660782566, -32.879184057345704, 0.0 ], [ -68.871127994646002, -32.879072659390602, 0.0 ], [ -68.871237908997301, -32.879046423301155, 0.0 ], [ -68.871296226640837, -32.879032366408254, 0.0 ], [ -68.871364451346608, -32.879016008636697, 0.0 ] ] ] ] } },
{ "type": "Feature", "properties": { "LAYER": "VM_MOSAICO_PARCELARIO_RIO_", "GM_TYPE": "Unknown Area Type", "MAP_NAME": "Cl_del Oeste_modificado_2026.dwg", "CLOSED": "YES", "BORDER_STY": "Solid", "BORDER_COL": "RGB(255,255,255)", "BORDER_WID": 1, "FILL_STYLE": "No Fill" }, "geometry": { "type": "MultiPolygon", "coordinates": [ [ [ [ -68.871094585494703, -32.878973347601615, 0.0 ], [ -68.871212813291251, -32.878944977677229, 0.0 ], [ -68.871331011081764, -32.878916614823531, 0.0 ], [ -68.871364451346608, -32.879016008636697, 0.0 ], [ -68.871296226640837, -32.879032366408254, 0.0 ], [ -68.871237908997301, -32.879046423301155, 0.0 ], [ -68.871127994646002, -32.879072659390602, 0.0 ], [ -68.871094585494703, -32.878973347601615, 0.0 ] ] ] ] } },
{ "type": "Feature", "properties": { "LAYER": "VM_MOSAICO_PARCELARIO_RIO_", "GM_TYPE": "Unknown Area Type", "MAP_NAME": "Cl_del Oeste_modificado_2026.dwg", "CLOSED": "YES", "BORDER_STY": "Solid", "BORDER_COL": "RGB(255,255,255)", "BORDER_WID": 1, "FILL_STYLE": "No Fill" }, "geometry": { "type": "MultiPolygon", "coordinates": [ [ [ [ -68.871294440534641, -32.878807915006199, 0.0 ], [ -68.871331011081764, -32.878916614823531, 0.0 ], [ -68.871212813291251, -32.878944977677229, 0.0 ], [ -68.871094585494703, -32.878973347601615, 0.0 ], [ -68.871057984212385, -32.878864655800101, 0.0 ], [ -68.871294440534641, -32.878807915006199, 0.0 ] ] ] ] } },
{ "type": "Feature", "properties": { "LAYER": "VM_MOSAICO_PARCELARIO_RIO_", "GM_TYPE": "Unknown Area Type", "MAP_NAME": "Cl_del Oeste_modificado_2026.dwg", "CLOSED": "YES", "BORDER_STY": "Solid", "BORDER_COL": "RGB(255,255,255)", "BORDER_WID": 1, "FILL_STYLE": "No Fill" }, "geometry": { "type": "MultiPolygon", "coordinates": [ [ [ [ -68.871189271215329, -32.878495660252959, 0.0 ], [ -68.871224429110072, -32.878599731160058, 0.0 ], [ -68.870998129637769, -32.878653957557894, 0.0 ], [ -68.870963443964754, -32.878550858199624, 0.0 ], [ -68.871189271215329, -32.878495660252959, 0.0 ] ] ] ] } },
{ "type": "Feature", "properties": { "LAYER": "VM_MOSAICO_PARCELARIO_RIO_", "GM_TYPE": "Unknown Area Type", "MAP_NAME": "Cl_del Oeste_modificado_2026.dwg", "CLOSED": "YES", "BORDER_STY": "Solid", "BORDER_COL": "RGB(255,255,255)", "BORDER_WID": 1, "FILL_STYLE": "No Fill" }, "geometry": { "type": "MultiPolygon", "coordinates": [ [ [ [ -68.871154098503496, -32.878391546939461, 0.0 ], [ -68.871189271215329, -32.878495660252959, 0.0 ], [ -68.870963443964754, -32.878550858199624, 0.0 ], [ -68.870928120094817, -32.878445773543881, 0.0 ], [ -68.871033626603676, -32.878420456415945, 0.0 ], [ -68.871154098503496, -32.878391546939461, 0.0 ] ] ] ] } },
{ "type": "Feature", "properties": { "LAYER": "VM_MOSAICO_PARCELARIO_RIO_", "GM_TYPE": "Unknown Area Type", "MAP_NAME": "Cl_del Oeste_modificado_2026.dwg", "CLOSED": "YES", "BORDER_STY": "Solid", "BORDER_COL": "RGB(255,255,255)", "BORDER_WID": 1, "FILL_STYLE": "No Fill" }, "geometry": { "type": "MultiPolygon", "coordinates": [ [ [ [ -68.870998129637769, -32.878653957557894, 0.0 ], [ -68.871224429110072, -32.878599731160058, 0.0 ], [ -68.871294440534641, -32.878807915006199, 0.0 ], [ -68.871057984212385, -32.878864655800101, 0.0 ], [ -68.871022766181994, -32.878760113202993, 0.0 ], [ -68.871033135053054, -32.878757689321873, 0.0 ], [ -68.870998129637769, -32.878653957557894, 0.0 ] ] ] ] } },
{ "type": "Feature", "properties": { "LAYER": "VM_MOSAICO_PARCELARIO_RIO_", "GM_TYPE": "Unknown Area Type", "MAP_NAME": "Cl_del Oeste_modificado_2026.dwg", "CLOSED": "YES", "BORDER_STY": "Solid", "BORDER_COL": "RGB(255,255,255)", "BORDER_WID": 1, "FILL_STYLE": "No Fill" }, "geometry": { "type": "MultiPolygon", "coordinates": [ [ [ [ -68.870831485783214, -32.878950902629704, 0.0 ], [ -68.870885511285493, -32.878938775628299, 0.0 ], [ -68.87088157644169, -32.878925697009734, 0.0 ], [ -68.870973293861283, -32.878904422419751, 0.0 ], [ -68.871003281662865, -32.878995302583775, 0.0 ], [ -68.870858162644979, -32.87903019625319, 0.0 ], [ -68.870831485783214, -32.878950902629704, 0.0 ] ] ] ] } },
{ "type": "Feature", "properties": { "LAYER": "VM_MOSAICO_PARCELARIO_RIO_", "GM_TYPE": "Unknown Area Type", "MAP_NAME": "Cl_del Oeste_modificado_2026.dwg", "CLOSED": "YES", "BORDER_STY": "Solid", "BORDER_COL": "RGB(255,255,255)", "BORDER_WID": 1, "FILL_STYLE": "No Fill" }, "geometry": { "type": "MultiPolygon", "coordinates": [ [ [ [ -68.871057984212385, -32.878864655800101, 0.0 ], [ -68.871094585494703, -32.878973347601615, 0.0 ], [ -68.871003281662865, -32.878995302583775, 0.0 ], [ -68.870973293861283, -32.878904422419751, 0.0 ], [ -68.87088157644169, -32.878925697009734, 0.0 ], [ -68.870885511285493, -32.878938775628299, 0.0 ], [ -68.870831485783214, -32.878950902629704, 0.0 ], [ -68.870821528789634, -32.878921305977592, 0.0 ], [ -68.871057984212385, -32.878864655800101, 0.0 ] ] ] ] } },
{ "type": "Feature", "properties": { "LAYER": "VM_MOSAICO_PARCELARIO_RIO_", "GM_TYPE": "Unknown Area Type", "MAP_NAME": "Cl_del Oeste_modificado_2026.dwg", "CLOSED": "YES", "BORDER_STY": "Solid", "BORDER_COL": "RGB(255,255,255)", "BORDER_WID": 1, "FILL_STYLE": "No Fill" }, "geometry": { "type": "MultiPolygon", "coordinates": [ [ [ [ -68.868172083847284, -32.872512000431762, 0.0 ], [ -68.868272053902032, -32.872544182623876, 0.0 ], [ -68.868284561511985, -32.872674581711991, 0.0 ], [ -68.868097252108882, -32.872682406718518, 0.0 ], [ -68.868172083847284, -32.872512000431762, 0.0 ] ] ] ] } },
{ "type": "Feature", "properties": { "LAYER": "VM_MOSAICO_PARCELARIO_RIO_", "GM_TYPE": "Unknown Area Type", "MAP_NAME": "Cl_del Oeste_modificado_2026.dwg", "CLOSED": "YES", "BORDER_STY": "Solid", "BORDER_COL": "RGB(255,255,255)", "BORDER_WID": 1, "FILL_STYLE": "No Fill" }, "geometry": { "type": "MultiPolygon", "coordinates": [ [ [ [ -68.868072324262684, -32.872479886008733, 0.0 ], [ -68.868172083847284, -32.872512000431762, 0.0 ], [ -68.868097252108882, -32.872682406718518, 0.0 ], [ -68.867998057564577, -32.872650321686933, 0.0 ], [ -68.868072324262684, -32.872479886008733, 0.0 ] ] ] ] } },
{ "type": "Feature", "properties": { "LAYER": "VM_MOSAICO_PARCELARIO_RIO_", "GM_TYPE": "Unknown Area Type", "MAP_NAME": "Cl_del Oeste_modificado_2026.dwg", "CLOSED": "YES", "BORDER_STY": "Solid", "BORDER_COL": "RGB(255,255,255)", "BORDER_WID": 1, "FILL_STYLE": "No Fill" }, "geometry": { "type": "MultiPolygon", "coordinates": [ [ [ [ -68.867972256097346, -32.872447671092303, 0.0 ], [ -68.868072324262684, -32.872479886008733, 0.0 ], [ -68.867998057564577, -32.872650321686933, 0.0 ], [ -68.867923983646207, -32.872626403599824, 0.0 ], [ -68.867898282042574, -32.872618084478439, 0.0 ], [ -68.867972256097346, -32.872447671092303, 0.0 ] ] ] ] } },
{ "type": "Feature", "properties": { "LAYER": "VM_MOSAICO_PARCELARIO_RIO_", "GM_TYPE": "Unknown Area Type", "MAP_NAME": "Cl_del Oeste_modificado_2026.dwg", "CLOSED": "YES", "BORDER_STY": "Solid", "BORDER_COL": "RGB(255,255,255)", "BORDER_WID": 1, "FILL_STYLE": "No Fill" }, "geometry": { "type": "MultiPolygon", "coordinates": [ [ [ [ -68.867872409080434, -32.872415528464948, 0.0 ], [ -68.867972256097346, -32.872447671092303, 0.0 ], [ -68.867898282042574, -32.872618084478439, 0.0 ], [ -68.867798335651514, -32.872585832582573, 0.0 ], [ -68.867872409080434, -32.872415528464948, 0.0 ] ] ] ] } },
{ "type": "Feature", "properties": { "LAYER": "VM_MOSAICO_PARCELARIO_RIO_", "GM_TYPE": "Unknown Area Type", "MAP_NAME": "Cl_del Oeste_modificado_2026.dwg", "CLOSED": "YES", "BORDER_STY": "Solid", "BORDER_COL": "RGB(255,255,255)", "BORDER_WID": 1, "FILL_STYLE": "No Fill" }, "geometry": { "type": "MultiPolygon", "coordinates": [ [ [ [ -68.867772749037769, -32.872383445467307, 0.0 ], [ -68.867872409080434, -32.872415528464948, 0.0 ], [ -68.867798335651514, -32.872585832582573, 0.0 ], [ -68.867788828244031, -32.872582763085198, 0.0 ], [ -68.867698550632369, -32.872553612336823, 0.0 ], [ -68.867772749037769, -32.872383445467307, 0.0 ] ] ] ] } },
{ "type": "Feature", "properties": { "LAYER": "VM_MOSAICO_PARCELARIO_RIO_", "GM_TYPE": "Unknown Area Type", "MAP_NAME": "Cl_del Oeste_modificado_2026.dwg", "CLOSED": "YES", "BORDER_STY": "Solid", "BORDER_COL": "RGB(255,255,255)", "BORDER_WID": 1, "FILL_STYLE": "No Fill" }, "geometry": { "type": "MultiPolygon", "coordinates": [ [ [ [ -68.867598789183702, -32.872521398348205, 0.0 ], [ -68.86767290216531, -32.872351302680684, 0.0 ], [ -68.867772749037769, -32.872383445467307, 0.0 ], [ -68.867698550632369, -32.872553612336823, 0.0 ], [ -68.867598789183702, -32.872521398348205, 0.0 ] ] ] ] } },
{ "type": "Feature", "properties": { "LAYER": "VM_MOSAICO_PARCELARIO_RIO_", "GM_TYPE": "Unknown Area Type", "MAP_NAME": "Cl_del Oeste_modificado_2026.dwg", "CLOSED": "YES", "BORDER_STY": "Solid", "BORDER_COL": "RGB(255,255,255)", "BORDER_WID": 1, "FILL_STYLE": "No Fill" }, "geometry": { "type": "MultiPolygon", "coordinates": [ [ [ [ -68.867598789183702, -32.872521398348205, 0.0 ], [ -68.867698550632369, -32.872553612336823, 0.0 ], [ -68.867788828244031, -32.872582763085198, 0.0 ], [ -68.867748513349767, -32.872675366866581, 0.0 ], [ -68.867560233684003, -32.872609884089918, 0.0 ], [ -68.867598789183702, -32.872521398348205, 0.0 ] ] ] ] } },
{ "type": "Feature", "properties": { "LAYER": "VM_MOSAICO_PARCELARIO_RIO_", "GM_TYPE": "Unknown Area Type", "MAP_NAME": "Cl_del Oeste_modificado_2026.dwg", "CLOSED": "YES", "BORDER_STY": "Solid", "BORDER_COL": "RGB(255,255,255)", "BORDER_WID": 1, "FILL_STYLE": "No Fill" }, "geometry": { "type": "MultiPolygon", "coordinates": [ [ [ [ -68.867748513349767, -32.872675366866581, 0.0 ], [ -68.867711006411113, -32.872761519274469, 0.0 ], [ -68.867521829284968, -32.872698022826071, 0.0 ], [ -68.867560233684003, -32.872609884089918, 0.0 ], [ -68.867748513349767, -32.872675366866581, 0.0 ] ] ] ] } },
{ "type": "Feature", "properties": { "LAYER": "VM_MOSAICO_PARCELARIO_RIO_", "GM_TYPE": "Unknown Area Type", "MAP_NAME": "Cl_del Oeste_modificado_2026.dwg", "CLOSED": "YES", "BORDER_STY": "Solid", "BORDER_COL": "RGB(255,255,255)", "BORDER_WID": 1, "FILL_STYLE": "No Fill" }, "geometry": { "type": "MultiPolygon", "coordinates": [ [ [ [ -68.867788828244031, -32.872582763085198, 0.0 ], [ -68.867798335651514, -32.872585832582573, 0.0 ], [ -68.867898282042574, -32.872618084478439, 0.0 ], [ -68.867923983646207, -32.872626403599824, 0.0 ], [ -68.867791603336116, -32.87278857055616, 0.0 ], [ -68.867711006411113, -32.872761519274469, 0.0 ], [ -68.867748513349767, -32.872675366866581, 0.0 ], [ -68.867788828244031, -32.872582763085198, 0.0 ] ] ] ] } },
{ "type": "Feature", "properties": { "LAYER": "VM_MOSAICO_PARCELARIO_RIO_", "GM_TYPE": "Unknown Area Type", "MAP_NAME": "Cl_del Oeste_modificado_2026.dwg", "CLOSED": "YES", "BORDER_STY": "Solid", "BORDER_COL": "RGB(255,255,255)", "BORDER_WID": 1, "FILL_STYLE": "No Fill" }, "geometry": { "type": "MultiPolygon", "coordinates": [ [ [ [ -68.867923983646207, -32.872626403599824, 0.0 ], [ -68.867998057564577, -32.872650321686933, 0.0 ], [ -68.868097252108882, -32.872682406718518, 0.0 ], [ -68.868077738556764, -32.872726569167547, 0.0 ], [ -68.867836212625434, -32.872839283904177, 0.0 ], [ -68.867791603336116, -32.87278857055616, 0.0 ], [ -68.867923983646207, -32.872626403599824, 0.0 ] ] ] ] } },
{ "type": "Feature", "properties": { "LAYER": "VM_MOSAICO_PARCELARIO_RIO_", "GM_TYPE": "Unknown Area Type", "MAP_NAME": "Cl_del Oeste_modificado_2026.dwg", "CLOSED": "YES", "BORDER_STY": "Solid", "BORDER_COL": "RGB(255,255,255)", "BORDER_WID": 1, "FILL_STYLE": "No Fill" }, "geometry": { "type": "MultiPolygon", "coordinates": [ [ [ [ -68.868079157301466, -32.872778688600995, 0.0 ], [ -68.868088212516994, -32.872868506913022, 0.0 ], [ -68.867874806707547, -32.87288315694083, 0.0 ], [ -68.867836212625434, -32.872839283904177, 0.0 ], [ -68.868077738556764, -32.872726569167547, 0.0 ], [ -68.868079157301466, -32.872778688600995, 0.0 ] ] ] ] } },
{ "type": "Feature", "properties": { "LAYER": "VM_MOSAICO_PARCELARIO_RIO_", "GM_TYPE": "Unknown Area Type", "MAP_NAME": "Cl_del Oeste_modificado_2026.dwg", "CLOSED": "YES", "BORDER_STY": "Solid", "BORDER_COL": "RGB(255,255,255)", "BORDER_WID": 1, "FILL_STYLE": "No Fill" }, "geometry": { "type": "MultiPolygon", "coordinates": [ [ [ [ -68.867874806707547, -32.87288315694083, 0.0 ], [ -68.868088212516994, -32.872868506913022, 0.0 ], [ -68.868096629925262, -32.872958268645561, 0.0 ], [ -68.867990511521086, -32.872965515430494, 0.0 ], [ -68.867883648156408, -32.87297288487067, 0.0 ], [ -68.867874806707547, -32.87288315694083, 0.0 ] ] ] ] } },
{ "type": "Feature", "properties": { "LAYER": "VM_MOSAICO_PARCELARIO_RIO_", "GM_TYPE": "Unknown Area Type", "MAP_NAME": "Cl_del Oeste_modificado_2026.dwg", "CLOSED": "YES", "BORDER_STY": "Solid", "BORDER_COL": "RGB(255,255,255)", "BORDER_WID": 1, "FILL_STYLE": "No Fill" }, "geometry": { "type": "MultiPolygon", "coordinates": [ [ [ [ -68.867711006411113, -32.872761519274469, 0.0 ], [ -68.867791603336116, -32.87278857055616, 0.0 ], [ -68.867836212625434, -32.872839283904177, 0.0 ], [ -68.867874806707547, -32.87288315694083, 0.0 ], [ -68.867883648156408, -32.87297288487067, 0.0 ], [ -68.867777105597568, -32.872980075121497, 0.0 ], [ -68.867733184756631, -32.872983094449523, 0.0 ], [ -68.867704347094431, -32.872974677294771, 0.0 ], [ -68.867602908175158, -32.872946383005662, 0.0 ], [ -68.867501632135614, -32.872917820101819, 0.0 ], [ -68.86740026644307, -32.872889231773485, 0.0 ], [ -68.867521829284968, -32.872698022826071, 0.0 ], [ -68.867711006411113, -32.872761519274469, 0.0 ] ] ] ] } },
{ "type": "Feature", "properties": { "LAYER": "VM_MOSAICO_PARCELARIO_RIO_", "GM_TYPE": "Unknown Area Type", "MAP_NAME": "Cl_del Oeste_modificado_2026.dwg", "CLOSED": "YES", "BORDER_STY": "Solid", "BORDER_COL": "RGB(255,255,255)", "BORDER_WID": 1, "FILL_STYLE": "No Fill" }, "geometry": { "type": "MultiPolygon", "coordinates": [ [ [ [ -68.86740026644307, -32.872889231773485, 0.0 ], [ -68.867501632135614, -32.872917820101819, 0.0 ], [ -68.867429978586117, -32.873088305986329, 0.0 ], [ -68.867328846806203, -32.873059666451994, 0.0 ], [ -68.86740026644307, -32.872889231773485, 0.0 ] ] ] ] } },
{ "type": "Feature", "properties": { "LAYER": "VM_MOSAICO_PARCELARIO_RIO_", "GM_TYPE": "Unknown Area Type", "MAP_NAME": "Cl_del Oeste_modificado_2026.dwg", "CLOSED": "YES", "BORDER_STY": "Solid", "BORDER_COL": "RGB(255,255,255)", "BORDER_WID": 1, "FILL_STYLE": "No Fill" }, "geometry": { "type": "MultiPolygon", "coordinates": [ [ [ [ -68.867501632135614, -32.872917820101819, 0.0 ], [ -68.867602908175158, -32.872946383005662, 0.0 ], [ -68.867531237530756, -32.873116982543038, 0.0 ], [ -68.867429978586117, -32.873088305986329, 0.0 ], [ -68.867501632135614, -32.872917820101819, 0.0 ] ] ] ] } },
{ "type": "Feature", "properties": { "LAYER": "VM_MOSAICO_PARCELARIO_RIO_", "GM_TYPE": "Unknown Area Type", "MAP_NAME": "Cl_del Oeste_modificado_2026.dwg", "CLOSED": "YES", "BORDER_STY": "Solid", "BORDER_COL": "RGB(255,255,255)", "BORDER_WID": 1, "FILL_STYLE": "No Fill" }, "geometry": { "type": "MultiPolygon", "coordinates": [ [ [ [ -68.867602908175158, -32.872946383005662, 0.0 ], [ -68.867704347094431, -32.872974677294771, 0.0 ], [ -68.867632530718907, -32.873145668972555, 0.0 ], [ -68.867531237530756, -32.873116982543038, 0.0 ], [ -68.867602908175158, -32.872946383005662, 0.0 ] ] ] ] } },
{ "type": "Feature", "properties": { "LAYER": "VM_MOSAICO_PARCELARIO_RIO_", "GM_TYPE": "Unknown Area Type", "MAP_NAME": "Cl_del Oeste_modificado_2026.dwg", "CLOSED": "YES", "BORDER_STY": "Solid", "BORDER_COL": "RGB(255,255,255)", "BORDER_WID": 1, "FILL_STYLE": "No Fill" }, "geometry": { "type": "MultiPolygon", "coordinates": [ [ [ [ -68.867704347094431, -32.872974677294771, 0.0 ], [ -68.867733184756631, -32.872983094449523, 0.0 ], [ -68.867777105597568, -32.872980075121497, 0.0 ], [ -68.867794899911274, -32.873159947690588, 0.0 ], [ -68.867704701769, -32.87316610738327, 0.0 ], [ -68.867632530718907, -32.873145668972555, 0.0 ], [ -68.867704347094431, -32.872974677294771, 0.0 ] ] ] ] } },
{ "type": "Feature", "properties": { "LAYER": "VM_MOSAICO_PARCELARIO_RIO_", "GM_TYPE": "Unknown Area Type", "MAP_NAME": "Cl_del Oeste_modificado_2026.dwg", "CLOSED": "YES", "BORDER_STY": "Solid", "BORDER_COL": "RGB(255,255,255)", "BORDER_WID": 1, "FILL_STYLE": "No Fill" }, "geometry": { "type": "MultiPolygon", "coordinates": [ [ [ [ -68.867777105597568, -32.872980075121497, 0.0 ], [ -68.867883648156408, -32.87297288487067, 0.0 ], [ -68.867901337016306, -32.873152678866376, 0.0 ], [ -68.867794899911274, -32.873159947690588, 0.0 ], [ -68.867777105597568, -32.872980075121497, 0.0 ] ] ] ] } },
{ "type": "Feature", "properties": { "LAYER": "VM_MOSAICO_PARCELARIO_RIO_", "GM_TYPE": "Unknown Area Type", "MAP_NAME": "Cl_del Oeste_modificado_2026.dwg", "CLOSED": "YES", "BORDER_STY": "Solid", "BORDER_COL": "RGB(255,255,255)", "BORDER_WID": 1, "FILL_STYLE": "No Fill" }, "geometry": { "type": "MultiPolygon", "coordinates": [ [ [ [ -68.867883648156408, -32.87297288487067, 0.0 ], [ -68.867990511521086, -32.872965515430494, 0.0 ], [ -68.868007775172799, -32.873145409952713, 0.0 ], [ -68.867901337016306, -32.873152678866376, 0.0 ], [ -68.867883648156408, -32.87297288487067, 0.0 ] ] ] ] } },
{ "type": "Feature", "properties": { "LAYER": "VM_MOSAICO_PARCELARIO_RIO_", "GM_TYPE": "Unknown Area Type", "MAP_NAME": "Cl_del Oeste_modificado_2026.dwg", "CLOSED": "YES", "BORDER_STY": "Solid", "BORDER_COL": "RGB(255,255,255)", "BORDER_WID": 1, "FILL_STYLE": "No Fill" }, "geometry": { "type": "MultiPolygon", "coordinates": [ [ [ [ -68.867990511521086, -32.872965515430494, 0.0 ], [ -68.868096629925262, -32.872958268645561, 0.0 ], [ -68.868105361330564, -32.873048142517462, 0.0 ], [ -68.868114202760495, -32.873138050767842, 0.0 ], [ -68.868007775172799, -32.873145409952713, 0.0 ], [ -68.867990511521086, -32.872965515430494, 0.0 ] ] ] ] } },
{ "type": "Feature", "properties": { "LAYER": "VM_MOSAICO_PARCELARIO_RIO_", "GM_TYPE": "Unknown Area Type", "MAP_NAME": "Cl_del Oeste_modificado_2026.dwg", "CLOSED": "YES", "BORDER_STY": "Solid", "BORDER_COL": "RGB(255,255,255)", "BORDER_WID": 1, "FILL_STYLE": "No Fill" }, "geometry": { "type": "MultiPolygon", "coordinates": [ [ [ [ -68.868131105777778, -32.873317778976542, 0.0 ], [ -68.868344861865765, -32.873303217248676, 0.0 ], [ -68.868353493998498, -32.873393214526331, 0.0 ], [ -68.868139553108819, -32.873407594833054, 0.0 ], [ -68.868131105777778, -32.873317778976542, 0.0 ] ] ] ] } },
{ "type": "Feature", "properties": { "LAYER": "VM_MOSAICO_PARCELARIO_RIO_", "GM_TYPE": "Unknown Area Type", "MAP_NAME": "Cl_del Oeste_modificado_2026.dwg", "CLOSED": "YES", "BORDER_STY": "Solid", "BORDER_COL": "RGB(255,255,255)", "BORDER_WID": 1, "FILL_STYLE": "No Fill" }, "geometry": { "type": "MultiPolygon", "coordinates": [ [ [ [ -68.868122650058098, -32.873227866628035, 0.0 ], [ -68.868336237099214, -32.873213308342919, 0.0 ], [ -68.868344861865765, -32.873303217248676, 0.0 ], [ -68.868131105777778, -32.873317778976542, 0.0 ], [ -68.868122650058098, -32.873227866628035, 0.0 ] ] ] ] } },
{ "type": "Feature", "properties": { "LAYER": "VM_MOSAICO_PARCELARIO_RIO_", "GM_TYPE": "Unknown Area Type", "MAP_NAME": "Cl_del Oeste_modificado_2026.dwg", "CLOSED": "YES", "BORDER_STY": "Solid", "BORDER_COL": "RGB(255,255,255)", "BORDER_WID": 1, "FILL_STYLE": "No Fill" }, "geometry": { "type": "MultiPolygon", "coordinates": [ [ [ [ -68.86832762183316, -32.873123489614748, 0.0 ], [ -68.868336237099214, -32.873213308342919, 0.0 ], [ -68.868122650058098, -32.873227866628035, 0.0 ], [ -68.868114202760495, -32.873138050767842, 0.0 ], [ -68.86832762183316, -32.873123489614748, 0.0 ] ] ] ] } },
{ "type": "Feature", "properties": { "LAYER": "VM_MOSAICO_PARCELARIO_RIO_", "GM_TYPE": "Unknown Area Type", "MAP_NAME": "Cl_del Oeste_modificado_2026.dwg", "CLOSED": "YES", "BORDER_STY": "Solid", "BORDER_COL": "RGB(255,255,255)", "BORDER_WID": 1, "FILL_STYLE": "No Fill" }, "geometry": { "type": "MultiPolygon", "coordinates": [ [ [ [ -68.868105361330564, -32.873048142517462, 0.0 ], [ -68.868318997099465, -32.873033581607025, 0.0 ], [ -68.86832762183316, -32.873123489614748, 0.0 ], [ -68.868114202760495, -32.873138050767842, 0.0 ], [ -68.868105361330564, -32.873048142517462, 0.0 ] ] ] ] } },
{ "type": "Feature", "properties": { "LAYER": "VM_MOSAICO_PARCELARIO_RIO_", "GM_TYPE": "Unknown Area Type", "MAP_NAME": "Cl_del Oeste_modificado_2026.dwg", "CLOSED": "YES", "BORDER_STY": "Solid", "BORDER_COL": "RGB(255,255,255)", "BORDER_WID": 1, "FILL_STYLE": "No Fill" }, "geometry": { "type": "MultiPolygon", "coordinates": [ [ [ [ -68.868096629925262, -32.872958268645561, 0.0 ], [ -68.868310373452672, -32.872943672696891, 0.0 ], [ -68.868318997099465, -32.873033581607025, 0.0 ], [ -68.868105361330564, -32.873048142517462, 0.0 ], [ -68.868096629925262, -32.872958268645561, 0.0 ] ] ] ] } },
{ "type": "Feature", "properties": { "LAYER": "VM_MOSAICO_PARCELARIO_RIO_", "GM_TYPE": "Unknown Area Type", "MAP_NAME": "Cl_del Oeste_modificado_2026.dwg", "CLOSED": "YES", "BORDER_STY": "Solid", "BORDER_COL": "RGB(255,255,255)", "BORDER_WID": 1, "FILL_STYLE": "No Fill" }, "geometry": { "type": "MultiPolygon", "coordinates": [ [ [ [ -68.868088212516994, -32.872868506913022, 0.0 ], [ -68.86830175716932, -32.872853853962084, 0.0 ], [ -68.868310373452672, -32.872943672696891, 0.0 ], [ -68.868096629925262, -32.872958268645561, 0.0 ], [ -68.868088212516994, -32.872868506913022, 0.0 ] ] ] ] } },
{ "type": "Feature", "properties": { "LAYER": "VM_MOSAICO_PARCELARIO_RIO_", "GM_TYPE": "Unknown Area Type", "MAP_NAME": "Cl_del Oeste_modificado_2026.dwg", "CLOSED": "YES", "BORDER_STY": "Solid", "BORDER_COL": "RGB(255,255,255)", "BORDER_WID": 1, "FILL_STYLE": "No Fill" }, "geometry": { "type": "MultiPolygon", "coordinates": [ [ [ [ -68.868079157301466, -32.872778688600995, 0.0 ], [ -68.868293141971535, -32.872764035226595, 0.0 ], [ -68.86830175716932, -32.872853853962084, 0.0 ], [ -68.868088212516994, -32.872868506913022, 0.0 ], [ -68.868079157301466, -32.872778688600995, 0.0 ] ] ] ] } },
{ "type": "Feature", "properties": { "LAYER": "VM_MOSAICO_PARCELARIO_RIO_", "GM_TYPE": "Unknown Area Type", "MAP_NAME": "Cl_del Oeste_modificado_2026.dwg", "CLOSED": "YES", "BORDER_STY": "Solid", "BORDER_COL": "RGB(255,255,255)", "BORDER_WID": 1, "FILL_STYLE": "No Fill" }, "geometry": { "type": "MultiPolygon", "coordinates": [ [ [ [ -68.868284561511985, -32.872674581711991, 0.0 ], [ -68.868293141971535, -32.872764035226595, 0.0 ], [ -68.868079157301466, -32.872778688600995, 0.0 ], [ -68.868077738556764, -32.872726569167547, 0.0 ], [ -68.868097252108882, -32.872682406718518, 0.0 ], [ -68.868284561511985, -32.872674581711991, 0.0 ] ] ] ] } },
{ "type": "Feature", "properties": { "LAYER": "VM_MOSAICO_PARCELARIO_RIO_", "GM_TYPE": "Unknown Area Type", "MAP_NAME": "Cl_del Oeste_modificado_2026.dwg", "CLOSED": "YES", "BORDER_STY": "Solid", "BORDER_COL": "RGB(255,255,255)", "BORDER_WID": 1, "FILL_STYLE": "No Fill" }, "geometry": { "type": "MultiPolygon", "coordinates": [ [ [ [ -68.86729934727461, -32.872425377004916, 0.0 ], [ -68.86737362571283, -32.872255003064815, 0.0 ], [ -68.867473506542296, -32.872287158750126, 0.0 ], [ -68.8673993075233, -32.872457408399292, 0.0 ], [ -68.86729934727461, -32.872425377004916, 0.0 ] ] ] ] } },
{ "type": "Feature", "properties": { "LAYER": "VM_MOSAICO_PARCELARIO_RIO_", "GM_TYPE": "Unknown Area Type", "MAP_NAME": "Cl_del Oeste_modificado_2026.dwg", "CLOSED": "YES", "BORDER_STY": "Solid", "BORDER_COL": "RGB(255,255,255)", "BORDER_WID": 1, "FILL_STYLE": "No Fill" }, "geometry": { "type": "MultiPolygon", "coordinates": [ [ [ [ -68.86737362571283, -32.872255003064815, 0.0 ], [ -68.86729934727461, -32.872425377004916, 0.0 ], [ -68.867199462927701, -32.872393369055253, 0.0 ], [ -68.86727376631525, -32.872222854535941, 0.0 ], [ -68.86737362571283, -32.872255003064815, 0.0 ] ] ] ] } },
{ "type": "Feature", "properties": { "LAYER": "VM_MOSAICO_PARCELARIO_RIO_", "GM_TYPE": "Unknown Area Type", "MAP_NAME": "Cl_del Oeste_modificado_2026.dwg", "CLOSED": "YES", "BORDER_STY": "Solid", "BORDER_COL": "RGB(255,255,255)", "BORDER_WID": 1, "FILL_STYLE": "No Fill" }, "geometry": { "type": "MultiPolygon", "coordinates": [ [ [ [ -68.86727376631525, -32.872222854535941, 0.0 ], [ -68.867199462927701, -32.872393369055253, 0.0 ], [ -68.867099561564658, -32.87236135559754, 0.0 ], [ -68.867173920875274, -32.872190709548903, 0.0 ], [ -68.86727376631525, -32.872222854535941, 0.0 ] ] ] ] } },
{ "type": "Feature", "properties": { "LAYER": "VM_MOSAICO_PARCELARIO_RIO_", "GM_TYPE": "Unknown Area Type", "MAP_NAME": "Cl_del Oeste_modificado_2026.dwg", "CLOSED": "YES", "BORDER_STY": "Solid", "BORDER_COL": "RGB(255,255,255)", "BORDER_WID": 1, "FILL_STYLE": "No Fill" }, "geometry": { "type": "MultiPolygon", "coordinates": [ [ [ [ -68.867173920875274, -32.872190709548903, 0.0 ], [ -68.867099561564658, -32.87236135559754, 0.0 ], [ -68.8669997574614, -32.872329373722692, 0.0 ], [ -68.867074145995844, -32.872158587099463, 0.0 ], [ -68.867173920875274, -32.872190709548903, 0.0 ] ] ] ] } },
{ "type": "Feature", "properties": { "LAYER": "VM_MOSAICO_PARCELARIO_RIO_", "GM_TYPE": "Unknown Area Type", "MAP_NAME": "Cl_del Oeste_modificado_2026.dwg", "CLOSED": "YES", "BORDER_STY": "Solid", "BORDER_COL": "RGB(255,255,255)", "BORDER_WID": 1, "FILL_STYLE": "No Fill" }, "geometry": { "type": "MultiPolygon", "coordinates": [ [ [ [ -68.867074145995844, -32.872158587099463, 0.0 ], [ -68.8669997574614, -32.872329373722692, 0.0 ], [ -68.866899812454847, -32.872297345631786, 0.0 ], [ -68.866974394683751, -32.87212647271074, 0.0 ], [ -68.867074145995844, -32.872158587099463, 0.0 ] ] ] ] } },
{ "type": "Feature", "properties": { "LAYER": "VM_MOSAICO_PARCELARIO_RIO_", "GM_TYPE": "Unknown Area Type", "MAP_NAME": "Cl_del Oeste_modificado_2026.dwg", "CLOSED": "YES", "BORDER_STY": "Solid", "BORDER_COL": "RGB(255,255,255)", "BORDER_WID": 1, "FILL_STYLE": "No Fill" }, "geometry": { "type": "MultiPolygon", "coordinates": [ [ [ [ -68.866974394683751, -32.87212647271074, 0.0 ], [ -68.866899812454847, -32.872297345631786, 0.0 ], [ -68.866799946427321, -32.872265426650159, 0.0 ], [ -68.866874549460576, -32.872094327484803, 0.0 ], [ -68.866974394683751, -32.87212647271074, 0.0 ] ] ] ] } },
{ "type": "Feature", "properties": { "LAYER": "VM_MOSAICO_PARCELARIO_RIO_", "GM_TYPE": "Unknown Area Type", "MAP_NAME": "Cl_del Oeste_modificado_2026.dwg", "CLOSED": "YES", "BORDER_STY": "Solid", "BORDER_COL": "RGB(255,255,255)", "BORDER_WID": 1, "FILL_STYLE": "No Fill" }, "geometry": { "type": "MultiPolygon", "coordinates": [ [ [ [ -68.866874549460576, -32.872094327484803, 0.0 ], [ -68.866799946427321, -32.872265426650159, 0.0 ], [ -68.866725620956572, -32.872241525618861, 0.0 ], [ -68.866699981261718, -32.87223339927975, 0.0 ], [ -68.866774703241191, -32.872062182178041, 0.0 ], [ -68.866874549460576, -32.872094327484803, 0.0 ] ] ] ] } },
{ "type": "Feature", "properties": { "LAYER": "VM_MOSAICO_PARCELARIO_RIO_", "GM_TYPE": "Unknown Area Type", "MAP_NAME": "Cl_del Oeste_modificado_2026.dwg", "CLOSED": "YES", "BORDER_STY": "Solid", "BORDER_COL": "RGB(255,255,255)", "BORDER_WID": 1, "FILL_STYLE": "No Fill" }, "geometry": { "type": "MultiPolygon", "coordinates": [ [ [ [ -68.866774703241191, -32.872062182178041, 0.0 ], [ -68.866699981261718, -32.87223339927975, 0.0 ], [ -68.866600112433034, -32.872201306108416, 0.0 ], [ -68.866674822917929, -32.872030025934897, 0.0 ], [ -68.866774703241191, -32.872062182178041, 0.0 ] ] ] ] } },
{ "type": "Feature", "properties": { "LAYER": "VM_MOSAICO_PARCELARIO_RIO_", "GM_TYPE": "Unknown Area Type", "MAP_NAME": "Cl_del Oeste_modificado_2026.dwg", "CLOSED": "YES", "BORDER_STY": "Solid", "BORDER_COL": "RGB(255,255,255)", "BORDER_WID": 1, "FILL_STYLE": "No Fill" }, "geometry": { "type": "MultiPolygon", "coordinates": [ [ [ [ -68.866674822917929, -32.872030025934897, 0.0 ], [ -68.866600112433034, -32.872201306108416, 0.0 ], [ -68.866500424034996, -32.872169360026035, 0.0 ], [ -68.866575107139397, -32.871997922085683, 0.0 ], [ -68.866674822917929, -32.872030025934897, 0.0 ] ] ] ] } },
{ "type": "Feature", "properties": { "LAYER": "VM_MOSAICO_PARCELARIO_RIO_", "GM_TYPE": "Unknown Area Type", "MAP_NAME": "Cl_del Oeste_modificado_2026.dwg", "CLOSED": "YES", "BORDER_STY": "Solid", "BORDER_COL": "RGB(255,255,255)", "BORDER_WID": 1, "FILL_STYLE": "No Fill" }, "geometry": { "type": "MultiPolygon", "coordinates": [ [ [ [ -68.866500424034996, -32.872169360026035, 0.0 ], [ -68.866600112433034, -32.872201306108416, 0.0 ], [ -68.866699981261718, -32.87223339927975, 0.0 ], [ -68.866725620956572, -32.872241525618861, 0.0 ], [ -68.866738560139609, -32.872311885999011, 0.0 ], [ -68.866528037533413, -32.872340600532041, 0.0 ], [ -68.866496190975269, -32.872179077578238, 0.0 ], [ -68.866500424034996, -32.872169360026035, 0.0 ] ] ] ] } },
{ "type": "Feature", "properties": { "LAYER": "VM_MOSAICO_PARCELARIO_RIO_", "GM_TYPE": "Unknown Area Type", "MAP_NAME": "Cl_del Oeste_modificado_2026.dwg", "CLOSED": "YES", "BORDER_STY": "Solid", "BORDER_COL": "RGB(255,255,255)", "BORDER_WID": 1, "FILL_STYLE": "No Fill" }, "geometry": { "type": "MultiPolygon", "coordinates": [ [ [ [ -68.866528037533413, -32.872340600532041, 0.0 ], [ -68.866738560139609, -32.872311885999011, 0.0 ], [ -68.866754946135757, -32.872400982750776, 0.0 ], [ -68.866545590255882, -32.87242962371473, 0.0 ], [ -68.866528037533413, -32.872340600532041, 0.0 ] ] ] ] } },
{ "type": "Feature", "properties": { "LAYER": "VM_MOSAICO_PARCELARIO_RIO_", "GM_TYPE": "Unknown Area Type", "MAP_NAME": "Cl_del Oeste_modificado_2026.dwg", "CLOSED": "YES", "BORDER_STY": "Solid", "BORDER_COL": "RGB(255,255,255)", "BORDER_WID": 1, "FILL_STYLE": "No Fill" }, "geometry": { "type": "MultiPolygon", "coordinates": [ [ [ [ -68.866545590255882, -32.87242962371473, 0.0 ], [ -68.866754946135757, -32.872400982750776, 0.0 ], [ -68.866765993442044, -32.87246105818781, 0.0 ], [ -68.866771297032756, -32.872489992899069, 0.0 ], [ -68.866562784569169, -32.872516834105625, 0.0 ], [ -68.866545590255882, -32.87242962371473, 0.0 ] ] ] ] } },
{ "type": "Feature", "properties": { "LAYER": "VM_MOSAICO_PARCELARIO_RIO_", "GM_TYPE": "Unknown Area Type", "MAP_NAME": "Cl_del Oeste_modificado_2026.dwg", "CLOSED": "YES", "BORDER_STY": "Solid", "BORDER_COL": "RGB(255,255,255)", "BORDER_WID": 1, "FILL_STYLE": "No Fill" }, "geometry": { "type": "MultiPolygon", "coordinates": [ [ [ [ -68.866562784569169, -32.872516834105625, 0.0 ], [ -68.866771297032756, -32.872489992899069, 0.0 ], [ -68.866787628567039, -32.872579111226742, 0.0 ], [ -68.866580656553566, -32.872607480671491, 0.0 ], [ -68.866562784569169, -32.872516834105625, 0.0 ] ] ] ] } },
{ "type": "Feature", "properties": { "LAYER": "VM_MOSAICO_PARCELARIO_RIO_", "GM_TYPE": "Unknown Area Type", "MAP_NAME": "Cl_del Oeste_modificado_2026.dwg", "CLOSED": "YES", "BORDER_STY": "Solid", "BORDER_COL": "RGB(255,255,255)", "BORDER_WID": 1, "FILL_STYLE": "No Fill" }, "geometry": { "type": "MultiPolygon", "coordinates": [ [ [ [ -68.866580656553566, -32.872607480671491, 0.0 ], [ -68.866787628567039, -32.872579111226742, 0.0 ], [ -68.866803959086695, -32.872668215122872, 0.0 ], [ -68.866598189231013, -32.872696401930291, 0.0 ], [ -68.866580656553566, -32.872607480671491, 0.0 ] ] ] ] } },
{ "type": "Feature", "properties": { "LAYER": "VM_MOSAICO_PARCELARIO_RIO_", "GM_TYPE": "Unknown Area Type", "MAP_NAME": "Cl_del Oeste_modificado_2026.dwg", "CLOSED": "YES", "BORDER_STY": "Solid", "BORDER_COL": "RGB(255,255,255)", "BORDER_WID": 1, "FILL_STYLE": "No Fill" }, "geometry": { "type": "MultiPolygon", "coordinates": [ [ [ [ -68.866598189231013, -32.872696401930291, 0.0 ], [ -68.866803959086695, -32.872668215122872, 0.0 ], [ -68.866814851410496, -32.872727651086791, 0.0 ], [ -68.866750024459336, -32.872890351410597, 0.0 ], [ -68.866629378663575, -32.872854590580566, 0.0 ], [ -68.866598189231013, -32.872696401930291, 0.0 ] ] ] ] } },
{ "type": "Feature", "properties": { "LAYER": "VM_MOSAICO_PARCELARIO_RIO_", "GM_TYPE": "Unknown Area Type", "MAP_NAME": "Cl_del Oeste_modificado_2026.dwg", "CLOSED": "YES", "BORDER_STY": "Solid", "BORDER_COL": "RGB(255,255,255)", "BORDER_WID": 1, "FILL_STYLE": "No Fill" }, "geometry": { "type": "MultiPolygon", "coordinates": [ [ [ [ -68.866814851410496, -32.872727651086791, 0.0 ], [ -68.866917389693867, -32.872755707334058, 0.0 ], [ -68.866851767992671, -32.872920508714209, 0.0 ], [ -68.866750024459336, -32.872890351410597, 0.0 ], [ -68.866814851410496, -32.872727651086791, 0.0 ] ] ] ] } },
{ "type": "Feature", "properties": { "LAYER": "VM_MOSAICO_PARCELARIO_RIO_", "GM_TYPE": "Unknown Area Type", "MAP_NAME": "Cl_del Oeste_modificado_2026.dwg", "CLOSED": "YES", "BORDER_STY": "Solid", "BORDER_COL": "RGB(255,255,255)", "BORDER_WID": 1, "FILL_STYLE": "No Fill" }, "geometry": { "type": "MultiPolygon", "coordinates": [ [ [ [ -68.866917389693867, -32.872755707334058, 0.0 ], [ -68.867018997740374, -32.872783508230619, 0.0 ], [ -68.866952553553389, -32.872950381784044, 0.0 ], [ -68.866851767992671, -32.872920508714209, 0.0 ], [ -68.866917389693867, -32.872755707334058, 0.0 ] ] ] ] } },
{ "type": "Feature", "properties": { "LAYER": "VM_MOSAICO_PARCELARIO_RIO_", "GM_TYPE": "Unknown Area Type", "MAP_NAME": "Cl_del Oeste_modificado_2026.dwg", "CLOSED": "YES", "BORDER_STY": "Solid", "BORDER_COL": "RGB(255,255,255)", "BORDER_WID": 1, "FILL_STYLE": "No Fill" }, "geometry": { "type": "MultiPolygon", "coordinates": [ [ [ [ -68.867018997740374, -32.872783508230619, 0.0 ], [ -68.867120632552812, -32.872811316286516, 0.0 ], [ -68.867053310343962, -32.872980246626888, 0.0 ], [ -68.866952553553389, -32.872950381784044, 0.0 ], [ -68.867018997740374, -32.872783508230619, 0.0 ] ] ] ] } },
{ "type": "Feature", "properties": { "LAYER": "VM_MOSAICO_PARCELARIO_RIO_", "GM_TYPE": "Unknown Area Type", "MAP_NAME": "Cl_del Oeste_modificado_2026.dwg", "CLOSED": "YES", "BORDER_STY": "Solid", "BORDER_COL": "RGB(255,255,255)", "BORDER_WID": 1, "FILL_STYLE": "No Fill" }, "geometry": { "type": "MultiPolygon", "coordinates": [ [ [ [ -68.867120632552812, -32.872811316286516, 0.0 ], [ -68.867221470636167, -32.872838906105763, 0.0 ], [ -68.86715421779823, -32.873010155731535, 0.0 ], [ -68.867053310343962, -32.872980246626888, 0.0 ], [ -68.867120632552812, -32.872811316286516, 0.0 ] ] ] ] } },
{ "type": "Feature", "properties": { "LAYER": "VM_MOSAICO_PARCELARIO_RIO_", "GM_TYPE": "Unknown Area Type", "MAP_NAME": "Cl_del Oeste_modificado_2026.dwg", "CLOSED": "YES", "BORDER_STY": "Solid", "BORDER_COL": "RGB(255,255,255)", "BORDER_WID": 1, "FILL_STYLE": "No Fill" }, "geometry": { "type": "MultiPolygon", "coordinates": [ [ [ [ -68.866765993442044, -32.87246105818781, 0.0 ], [ -68.866921399382676, -32.872509264990804, 0.0 ], [ -68.867021565108786, -32.872540336600551, 0.0 ], [ -68.867121857999493, -32.872571447939698, 0.0 ], [ -68.867322540116859, -32.872633698431279, 0.0 ], [ -68.867221470636167, -32.872838906105763, 0.0 ], [ -68.867120632552812, -32.872811316286516, 0.0 ], [ -68.867018997740374, -32.872783508230619, 0.0 ], [ -68.866917389693867, -32.872755707334058, 0.0 ], [ -68.866814851410496, -32.872727651086791, 0.0 ], [ -68.866803959086695, -32.872668215122872, 0.0 ], [ -68.866787628567039, -32.872579111226742, 0.0 ], [ -68.866771297032756, -32.872489992899069, 0.0 ], [ -68.866765993442044, -32.87246105818781, 0.0 ] ] ] ] } },
{ "type": "Feature", "properties": { "LAYER": "VM_MOSAICO_PARCELARIO_RIO_", "GM_TYPE": "Unknown Area Type", "MAP_NAME": "Cl_del Oeste_modificado_2026.dwg", "CLOSED": "YES", "BORDER_STY": "Solid", "BORDER_COL": "RGB(255,255,255)", "BORDER_WID": 1, "FILL_STYLE": "No Fill" }, "geometry": { "type": "MultiPolygon", "coordinates": [ [ [ [ -68.866725620956572, -32.872241525618861, 0.0 ], [ -68.866799946427321, -32.872265426650159, 0.0 ], [ -68.866899812454847, -32.872297345631786, 0.0 ], [ -68.8669997574614, -32.872329373722692, 0.0 ], [ -68.866921399382676, -32.872509264990804, 0.0 ], [ -68.866765993442044, -32.87246105818781, 0.0 ], [ -68.866754946135757, -32.872400982750776, 0.0 ], [ -68.866738560139609, -32.872311885999011, 0.0 ], [ -68.866725620956572, -32.872241525618861, 0.0 ] ] ] ] } },
{ "type": "Feature", "properties": { "LAYER": "VM_MOSAICO_PARCELARIO_RIO_", "GM_TYPE": "Unknown Area Type", "MAP_NAME": "Cl_del Oeste_modificado_2026.dwg", "CLOSED": "YES", "BORDER_STY": "Solid", "BORDER_COL": "RGB(255,255,255)", "BORDER_WID": 1, "FILL_STYLE": "No Fill" }, "geometry": { "type": "MultiPolygon", "coordinates": [ [ [ [ -68.8669997574614, -32.872329373722692, 0.0 ], [ -68.867099561564658, -32.87236135559754, 0.0 ], [ -68.867021565108786, -32.872540336600551, 0.0 ], [ -68.866921399382676, -32.872509264990804, 0.0 ], [ -68.8669997574614, -32.872329373722692, 0.0 ] ] ] ] } },
{ "type": "Feature", "properties": { "LAYER": "VM_MOSAICO_PARCELARIO_RIO_", "GM_TYPE": "Unknown Area Type", "MAP_NAME": "Cl_del Oeste_modificado_2026.dwg", "CLOSED": "YES", "BORDER_STY": "Solid", "BORDER_COL": "RGB(255,255,255)", "BORDER_WID": 1, "FILL_STYLE": "No Fill" }, "geometry": { "type": "MultiPolygon", "coordinates": [ [ [ [ -68.867099561564658, -32.87236135559754, 0.0 ], [ -68.867199462927701, -32.872393369055253, 0.0 ], [ -68.867160315257493, -32.872483201177886, 0.0 ], [ -68.867121857999493, -32.872571447939698, 0.0 ], [ -68.867021565108786, -32.872540336600551, 0.0 ], [ -68.867099561564658, -32.87236135559754, 0.0 ] ] ] ] } },
{ "type": "Feature", "properties": { "LAYER": "VM_MOSAICO_PARCELARIO_RIO_", "GM_TYPE": "Unknown Area Type", "MAP_NAME": "Cl_del Oeste_modificado_2026.dwg", "CLOSED": "YES", "BORDER_STY": "Solid", "BORDER_COL": "RGB(255,255,255)", "BORDER_WID": 1, "FILL_STYLE": "No Fill" }, "geometry": { "type": "MultiPolygon", "coordinates": [ [ [ [ -68.867160315257493, -32.872483201177886, 0.0 ], [ -68.867360922255429, -32.872545553420196, 0.0 ], [ -68.867322540116859, -32.872633698431279, 0.0 ], [ -68.867121857999493, -32.872571447939698, 0.0 ], [ -68.867160315257493, -32.872483201177886, 0.0 ] ] ] ] } },
{ "type": "Feature", "properties": { "LAYER": "VM_MOSAICO_PARCELARIO_RIO_", "GM_TYPE": "Unknown Area Type", "MAP_NAME": "Cl_del Oeste_modificado_2026.dwg", "CLOSED": "YES", "BORDER_STY": "Solid", "BORDER_COL": "RGB(255,255,255)", "BORDER_WID": 1, "FILL_STYLE": "No Fill" }, "geometry": { "type": "MultiPolygon", "coordinates": [ [ [ [ -68.867199462927701, -32.872393369055253, 0.0 ], [ -68.86729934727461, -32.872425377004916, 0.0 ], [ -68.8673993075233, -32.872457408399292, 0.0 ], [ -68.867395771474108, -32.872465520802621, 0.0 ], [ -68.867360922255429, -32.872545553420196, 0.0 ], [ -68.867160315257493, -32.872483201177886, 0.0 ], [ -68.867199462927701, -32.872393369055253, 0.0 ] ] ] ] } },
{ "type": "Feature", "properties": { "LAYER": "VM_MOSAICO_PARCELARIO_RIO_", "GM_TYPE": "Unknown Area Type", "MAP_NAME": "Cl_del Oeste_modificado_2026.dwg", "CLOSED": "YES", "BORDER_STY": "Solid", "BORDER_COL": "RGB(255,255,255)", "BORDER_WID": 1, "FILL_STYLE": "No Fill" }, "geometry": { "type": "MultiPolygon", "coordinates": [ [ [ [ -68.867997775258232, -32.873405427308896, 0.0 ], [ -68.868099123898574, -32.873433790611955, 0.0 ], [ -68.86802641811272, -32.873607469516777, 0.0 ], [ -68.867924919004579, -32.87357885712882, 0.0 ], [ -68.867997775258232, -32.873405427308896, 0.0 ] ] ] ] } },
{ "type": "Feature", "properties": { "LAYER": "VM_MOSAICO_PARCELARIO_RIO_", "GM_TYPE": "Unknown Area Type", "MAP_NAME": "Cl_del Oeste_modificado_2026.dwg", "CLOSED": "YES", "BORDER_STY": "Solid", "BORDER_COL": "RGB(255,255,255)", "BORDER_WID": 1, "FILL_STYLE": "No Fill" }, "geometry": { "type": "MultiPolygon", "coordinates": [ [ [ [ -68.867896298511525, -32.87337702862235, 0.0 ], [ -68.867997775258232, -32.873405427308896, 0.0 ], [ -68.867924919004579, -32.87357885712882, 0.0 ], [ -68.867823580174459, -32.873550289912565, 0.0 ], [ -68.867896298511525, -32.87337702862235, 0.0 ] ] ] ] } },
{ "type": "Feature", "properties": { "LAYER": "VM_MOSAICO_PARCELARIO_RIO_", "GM_TYPE": "Unknown Area Type", "MAP_NAME": "Cl_del Oeste_modificado_2026.dwg", "CLOSED": "YES", "BORDER_STY": "Solid", "BORDER_COL": "RGB(255,255,255)", "BORDER_WID": 1, "FILL_STYLE": "No Fill" }, "geometry": { "type": "MultiPolygon", "coordinates": [ [ [ [ -68.867794821829776, -32.873348629853496, 0.0 ], [ -68.867896298511525, -32.87337702862235, 0.0 ], [ -68.867823580174459, -32.873550289912565, 0.0 ], [ -68.86772220936713, -32.873521713563456, 0.0 ], [ -68.867794821829776, -32.873348629853496, 0.0 ] ] ] ] } },
{ "type": "Feature", "properties": { "LAYER": "VM_MOSAICO_PARCELARIO_RIO_", "GM_TYPE": "Unknown Area Type", "MAP_NAME": "Cl_del Oeste_modificado_2026.dwg", "CLOSED": "YES", "BORDER_STY": "Solid", "BORDER_COL": "RGB(255,255,255)", "BORDER_WID": 1, "FILL_STYLE": "No Fill" }, "geometry": { "type": "MultiPolygon", "coordinates": [ [ [ [ -68.867693473384008, -32.873320266303956, 0.0 ], [ -68.867794821829776, -32.873348629853496, 0.0 ], [ -68.86772220936713, -32.873521713563456, 0.0 ], [ -68.867620838625086, -32.873493137132193, 0.0 ], [ -68.867693473384008, -32.873320266303956, 0.0 ] ] ] ] } },
{ "type": "Feature", "properties": { "LAYER": "VM_MOSAICO_PARCELARIO_RIO_", "GM_TYPE": "Unknown Area Type", "MAP_NAME": "Cl_del Oeste_modificado_2026.dwg", "CLOSED": "YES", "BORDER_STY": "Solid", "BORDER_COL": "RGB(255,255,255)", "BORDER_WID": 1, "FILL_STYLE": "No Fill" }, "geometry": { "type": "MultiPolygon", "coordinates": [ [ [ [ -68.867592092959285, -32.873291894523241, 0.0 ], [ -68.867693473384008, -32.873320266303956, 0.0 ], [ -68.867620838625086, -32.873493137132193, 0.0 ], [ -68.867519499990792, -32.873464569669729, 0.0 ], [ -68.867592092959285, -32.873291894523241, 0.0 ] ] ] ] } },
{ "type": "Feature", "properties": { "LAYER": "VM_MOSAICO_PARCELARIO_RIO_", "GM_TYPE": "Unknown Area Type", "MAP_NAME": "Cl_del Oeste_modificado_2026.dwg", "CLOSED": "YES", "BORDER_STY": "Solid", "BORDER_COL": "RGB(255,255,255)", "BORDER_WID": 1, "FILL_STYLE": "No Fill" }, "geometry": { "type": "MultiPolygon", "coordinates": [ [ [ [ -68.867490648516025, -32.873263503656879, 0.0 ], [ -68.867592092959285, -32.873291894523241, 0.0 ], [ -68.867519499990792, -32.873464569669729, 0.0 ], [ -68.867418128310803, -32.873435993073144, 0.0 ], [ -68.867490648516025, -32.873263503656879, 0.0 ] ] ] ] } },
{ "type": "Feature", "properties": { "LAYER": "VM_MOSAICO_PARCELARIO_RIO_", "GM_TYPE": "Unknown Area Type", "MAP_NAME": "Cl_del Oeste_modificado_2026.dwg", "CLOSED": "YES", "BORDER_STY": "Solid", "BORDER_COL": "RGB(255,255,255)", "BORDER_WID": 1, "FILL_STYLE": "No Fill" }, "geometry": { "type": "MultiPolygon", "coordinates": [ [ [ [ -68.867389268221032, -32.873235131711901, 0.0 ], [ -68.867490648516025, -32.873263503656879, 0.0 ], [ -68.867418128310803, -32.873435993073144, 0.0 ], [ -68.867316757764641, -32.873407416395516, 0.0 ], [ -68.867389268221032, -32.873235131711901, 0.0 ] ] ] ] } },
{ "type": "Feature", "properties": { "LAYER": "VM_MOSAICO_PARCELARIO_RIO_", "GM_TYPE": "Unknown Area Type", "MAP_NAME": "Cl_del Oeste_modificado_2026.dwg", "CLOSED": "YES", "BORDER_STY": "Solid", "BORDER_COL": "RGB(255,255,255)", "BORDER_WID": 1, "FILL_STYLE": "No Fill" }, "geometry": { "type": "MultiPolygon", "coordinates": [ [ [ [ -68.867287823907574, -32.873206740681091, 0.0 ], [ -68.867389268221032, -32.873235131711901, 0.0 ], [ -68.867316757764641, -32.873407416395516, 0.0 ], [ -68.867215515453353, -32.873378875839705, 0.0 ], [ -68.867287823907574, -32.873206740681091, 0.0 ] ] ] ] } },
{ "type": "Feature", "properties": { "LAYER": "VM_MOSAICO_PARCELARIO_RIO_", "GM_TYPE": "Unknown Area Type", "MAP_NAME": "Cl_del Oeste_modificado_2026.dwg", "CLOSED": "YES", "BORDER_STY": "Solid", "BORDER_COL": "RGB(255,255,255)", "BORDER_WID": 1, "FILL_STYLE": "No Fill" }, "geometry": { "type": "MultiPolygon", "coordinates": [ [ [ [ -68.867186475784635, -32.873178377622708, 0.0 ], [ -68.867287823907574, -32.873206740681091, 0.0 ], [ -68.867215515453353, -32.873378875839705, 0.0 ], [ -68.867114082021516, -32.873350280897156, 0.0 ], [ -68.867186475784635, -32.873178377622708, 0.0 ] ] ] ] } },
{ "type": "Feature", "properties": { "LAYER": "VM_MOSAICO_PARCELARIO_RIO_", "GM_TYPE": "Unknown Area Type", "MAP_NAME": "Cl_del Oeste_modificado_2026.dwg", "CLOSED": "YES", "BORDER_STY": "Solid", "BORDER_COL": "RGB(255,255,255)", "BORDER_WID": 1, "FILL_STYLE": "No Fill" }, "geometry": { "type": "MultiPolygon", "coordinates": [ [ [ [ -68.867084999558685, -32.873149977376535, 0.0 ], [ -68.867186475784635, -32.873178377622708, 0.0 ], [ -68.867114082021516, -32.873350280897156, 0.0 ], [ -68.867012839840612, -32.873321740177353, 0.0 ], [ -68.867084999558685, -32.873149977376535, 0.0 ] ] ] ] } },
{ "type": "Feature", "properties": { "LAYER": "VM_MOSAICO_PARCELARIO_RIO_", "GM_TYPE": "Unknown Area Type", "MAP_NAME": "Cl_del Oeste_modificado_2026.dwg", "CLOSED": "YES", "BORDER_STY": "Solid", "BORDER_COL": "RGB(255,255,255)", "BORDER_WID": 1, "FILL_STYLE": "No Fill" }, "geometry": { "type": "MultiPolygon", "coordinates": [ [ [ [ -68.866983651565405, -32.873121614153895, 0.0 ], [ -68.867084999558685, -32.873149977376535, 0.0 ], [ -68.867012839840612, -32.873321740177353, 0.0 ], [ -68.866911564613986, -32.873293190323452, 0.0 ], [ -68.866983651565405, -32.873121614153895, 0.0 ] ] ] ] } },
{ "type": "Feature", "properties": { "LAYER": "VM_MOSAICO_PARCELARIO_RIO_", "GM_TYPE": "Unknown Area Type", "MAP_NAME": "Cl_del Oeste_modificado_2026.dwg", "CLOSED": "YES", "BORDER_STY": "Solid", "BORDER_COL": "RGB(255,255,255)", "BORDER_WID": 1, "FILL_STYLE": "No Fill" }, "geometry": { "type": "MultiPolygon", "coordinates": [ [ [ [ -68.866882143425713, -32.873093205593953, 0.0 ], [ -68.866983651565405, -32.873121614153895, 0.0 ], [ -68.866911564613986, -32.873293190323452, 0.0 ], [ -68.866810227504985, -32.873264622287721, 0.0 ], [ -68.866882143425713, -32.873093205593953, 0.0 ] ] ] ] } },
{ "type": "Feature", "properties": { "LAYER": "VM_MOSAICO_PARCELARIO_RIO_", "GM_TYPE": "Unknown Area Type", "MAP_NAME": "Cl_del Oeste_modificado_2026.dwg", "CLOSED": "YES", "BORDER_STY": "Solid", "BORDER_COL": "RGB(255,255,255)", "BORDER_WID": 1, "FILL_STYLE": "No Fill" }, "geometry": { "type": "MultiPolygon", "coordinates": [ [ [ [ -68.866780699436816, -32.873064814152144, 0.0 ], [ -68.866882143425713, -32.873093205593953, 0.0 ], [ -68.866810227504985, -32.873264622287721, 0.0 ], [ -68.866708823171123, -32.873236036064398, 0.0 ], [ -68.866780699436816, -32.873064814152144, 0.0 ] ] ] ] } },
{ "type": "Feature", "properties": { "LAYER": "VM_MOSAICO_PARCELARIO_RIO_", "GM_TYPE": "Unknown Area Type", "MAP_NAME": "Cl_del Oeste_modificado_2026.dwg", "CLOSED": "YES", "BORDER_STY": "Solid", "BORDER_COL": "RGB(255,255,255)", "BORDER_WID": 1, "FILL_STYLE": "No Fill" }, "geometry": { "type": "MultiPolygon", "coordinates": [ [ [ [ -68.866679223469319, -32.873036414478648, 0.0 ], [ -68.866780699436816, -32.873064814152144, 0.0 ], [ -68.866708823171123, -32.873236036064398, 0.0 ], [ -68.866607453081912, -32.873207458812267, 0.0 ], [ -68.866679223469319, -32.873036414478648, 0.0 ] ] ] ] } },
{ "type": "Feature", "properties": { "LAYER": "VM_MOSAICO_PARCELARIO_RIO_", "GM_TYPE": "Unknown Area Type", "MAP_NAME": "Cl_del Oeste_modificado_2026.dwg", "CLOSED": "YES", "BORDER_STY": "Solid", "BORDER_COL": "RGB(255,255,255)", "BORDER_WID": 1, "FILL_STYLE": "No Fill" }, "geometry": { "type": "MultiPolygon", "coordinates": [ [ [ [ -68.866577747566765, -32.873008014722942, 0.0 ], [ -68.866679223469319, -32.873036414478648, 0.0 ], [ -68.866607453081912, -32.873207458812267, 0.0 ], [ -68.866506211226948, -32.873178917682566, 0.0 ], [ -68.866577747566765, -32.873008014722942, 0.0 ] ] ] ] } },
{ "type": "Feature", "properties": { "LAYER": "VM_MOSAICO_PARCELARIO_RIO_", "GM_TYPE": "Unknown Area Type", "MAP_NAME": "Cl_del Oeste_modificado_2026.dwg", "CLOSED": "YES", "BORDER_STY": "Solid", "BORDER_COL": "RGB(255,255,255)", "BORDER_WID": 1, "FILL_STYLE": "No Fill" }, "geometry": { "type": "MultiPolygon", "coordinates": [ [ [ [ -68.866476496025712, -32.872979677341235, 0.0 ], [ -68.866577747566765, -32.873008014722942, 0.0 ], [ -68.866506211226948, -32.873178917682566, 0.0 ], [ -68.866404841268249, -32.873150340266314, 0.0 ], [ -68.866476496025712, -32.872979677341235, 0.0 ] ] ] ] } },
{ "type": "Feature", "properties": { "LAYER": "VM_MOSAICO_PARCELARIO_RIO_", "GM_TYPE": "Unknown Area Type", "MAP_NAME": "Cl_del Oeste_modificado_2026.dwg", "CLOSED": "YES", "BORDER_STY": "Solid", "BORDER_COL": "RGB(255,255,255)", "BORDER_WID": 1, "FILL_STYLE": "No Fill" }, "geometry": { "type": "MultiPolygon", "coordinates": [ [ [ [ -68.866450485440083, -32.872939427694078, 0.0 ], [ -68.866456097903367, -32.872973968579977, 0.0 ], [ -68.866476496025712, -32.872979677341235, 0.0 ], [ -68.866404841268249, -32.873150340266314, 0.0 ], [ -68.866198832174561, -32.873092262863942, 0.0 ], [ -68.866194447671162, -32.87305265485692, 0.0 ], [ -68.866450485440083, -32.872939427694078, 0.0 ] ] ] ] } },
{ "type": "Feature", "properties": { "LAYER": "VM_MOSAICO_PARCELARIO_RIO_", "GM_TYPE": "Unknown Area Type", "MAP_NAME": "Cl_del Oeste_modificado_2026.dwg", "CLOSED": "YES", "BORDER_STY": "Solid", "BORDER_COL": "RGB(255,255,255)", "BORDER_WID": 1, "FILL_STYLE": "No Fill" }, "geometry": { "type": "MultiPolygon", "coordinates": [ [ [ [ -68.866397498730535, -32.872861553987342, 0.0 ], [ -68.866437253133128, -32.872857989663025, 0.0 ], [ -68.866450485440083, -32.872939427694078, 0.0 ], [ -68.866194447671162, -32.87305265485692, 0.0 ], [ -68.866175536099192, -32.872881782481521, 0.0 ], [ -68.866397498730535, -32.872861553987342, 0.0 ] ] ] ] } },
{ "type": "Feature", "properties": { "LAYER": "VM_MOSAICO_PARCELARIO_RIO_", "GM_TYPE": "Unknown Area Type", "MAP_NAME": "Cl_del Oeste_modificado_2026.dwg", "CLOSED": "YES", "BORDER_STY": "Solid", "BORDER_COL": "RGB(255,255,255)", "BORDER_WID": 1, "FILL_STYLE": "No Fill" }, "geometry": { "type": "MultiPolygon", "coordinates": [ [ [ [ -68.869947204480781, -32.875066367544044, 0.0 ], [ -68.870694746325725, -32.874931268047021, 0.0 ], [ -68.870896483487172, -32.875513222407989, 0.0 ], [ -68.87072909740904, -32.875554555412201, 0.0 ], [ -68.870158175640228, -32.875695343396622, 0.0 ], [ -68.870107060994343, -32.875707947406703, 0.0 ], [ -68.870030636627789, -32.875480258806682, 0.0 ], [ -68.870007529164965, -32.875411414799515, 0.0 ], [ -68.869998612291411, -32.875384916466068, 0.0 ], [ -68.869966613809311, -32.875289477661539, 0.0 ], [ -68.869934615395493, -32.875194038847525, 0.0 ], [ -68.869909514416051, -32.875119170331551, 0.0 ], [ -68.869532316572815, -32.875187482957905, 0.0 ], [ -68.869517106265022, -32.875144094704979, 0.0 ], [ -68.869947204480781, -32.875066367544044, 0.0 ] ] ] ] } },
{ "type": "Feature", "properties": { "LAYER": "VM_MOSAICO_PARCELARIO_RIO_", "GM_TYPE": "Unknown Area Type", "MAP_NAME": "Cl_del Oeste_modificado_2026.dwg", "CLOSED": "YES", "BORDER_STY": "Solid", "BORDER_COL": "RGB(255,255,255)", "BORDER_WID": 1, "FILL_STYLE": "No Fill" }, "geometry": { "type": "MultiPolygon", "coordinates": [ [ [ [ -68.870694746325725, -32.874931268047021, 0.0 ], [ -68.870650694203235, -32.87480408362655, 0.0 ], [ -68.871053744148256, -32.874734262293842, 0.0 ], [ -68.871961048097191, -32.87525034208533, 0.0 ], [ -68.870896483487172, -32.875513222407989, 0.0 ], [ -68.870694746325725, -32.874931268047021, 0.0 ] ] ] ] } },
{ "type": "Feature", "properties": { "LAYER": "VM_MOSAICO_PARCELARIO_RIO_", "GM_TYPE": "Unknown Area Type", "MAP_NAME": "Cl_del Oeste_modificado_2026.dwg", "CLOSED": "YES", "BORDER_STY": "Solid", "BORDER_COL": "RGB(255,255,255)", "BORDER_WID": 1, "FILL_STYLE": "No Fill" }, "geometry": { "type": "MultiPolygon", "coordinates": [ [ [ [ -68.870107060994343, -32.875707947406703, 0.0 ], [ -68.869775895076955, -32.875789607635376, 0.0 ], [ -68.869737175143428, -32.875771837309507, 0.0 ], [ -68.869532316572815, -32.875187482957905, 0.0 ], [ -68.869909514416051, -32.875119170331551, 0.0 ], [ -68.869934615395493, -32.875194038847525, 0.0 ], [ -68.869966613809311, -32.875289477661539, 0.0 ], [ -68.869998612291411, -32.875384916466068, 0.0 ], [ -68.870007529164965, -32.875411414799515, 0.0 ], [ -68.870030636627789, -32.875480258806682, 0.0 ], [ -68.870107060994343, -32.875707947406703, 0.0 ] ] ] ] } },
{ "type": "Feature", "properties": { "LAYER": "VM_MOSAICO_PARCELARIO_RIO_", "GM_TYPE": "Unknown Area Type", "MAP_NAME": "Cl_del Oeste_modificado_2026.dwg", "CLOSED": "YES", "BORDER_STY": "Solid", "BORDER_COL": "RGB(255,255,255)", "BORDER_WID": 1, "FILL_STYLE": "No Fill" }, "geometry": { "type": "MultiPolygon", "coordinates": [ [ [ [ -68.86932144725256, -32.875221253098864, 0.0 ], [ -68.869532240268796, -32.875823176274636, 0.0 ], [ -68.869511795174489, -32.875854786373296, 0.0 ], [ -68.869025096332322, -32.875974770167559, 0.0 ], [ -68.868987697675223, -32.875957409461151, 0.0 ], [ -68.868771743848114, -32.875320579001453, 0.0 ], [ -68.86932144725256, -32.875221253098864, 0.0 ] ] ] ] } },
{ "type": "Feature", "properties": { "LAYER": "VM_MOSAICO_PARCELARIO_RIO_", "GM_TYPE": "Unknown Area Type", "MAP_NAME": "Cl_del Oeste_modificado_2026.dwg", "CLOSED": "YES", "BORDER_STY": "Solid", "BORDER_COL": "RGB(255,255,255)", "BORDER_WID": 1, "FILL_STYLE": "No Fill" }, "geometry": { "type": "MultiPolygon", "coordinates": [ [ [ [ -68.869326254444161, -32.876088137730086, 0.0 ], [ -68.869366664958804, -32.876078181055519, 0.0 ], [ -68.869602581707241, -32.876020000151591, 0.0 ], [ -68.869633024740679, -32.876107791052092, 0.0 ], [ -68.869356689901537, -32.876175824092016, 0.0 ], [ -68.869326254444161, -32.876088137730086, 0.0 ] ] ] ] } },
{ "type": "Feature", "properties": { "LAYER": "VM_MOSAICO_PARCELARIO_RIO_", "GM_TYPE": "Unknown Area Type", "MAP_NAME": "Cl_del Oeste_modificado_2026.dwg", "CLOSED": "YES", "BORDER_STY": "Solid", "BORDER_COL": "RGB(255,255,255)", "BORDER_WID": 1, "FILL_STYLE": "No Fill" }, "geometry": { "type": "MultiPolygon", "coordinates": [ [ [ [ -68.869326254444161, -32.876088137730086, 0.0 ], [ -68.869356689901537, -32.876175824092016, 0.0 ], [ -68.869084535344328, -32.876242802306777, 0.0 ], [ -68.869054744592745, -32.876155036304013, 0.0 ], [ -68.869326254444161, -32.876088137730086, 0.0 ] ] ] ] } },
{ "type": "Feature", "properties": { "LAYER": "VM_MOSAICO_PARCELARIO_RIO_", "GM_TYPE": "Unknown Area Type", "MAP_NAME": "Cl_del Oeste_modificado_2026.dwg", "CLOSED": "YES", "BORDER_STY": "Solid", "BORDER_COL": "RGB(255,255,255)", "BORDER_WID": 1, "FILL_STYLE": "No Fill" }, "geometry": { "type": "MultiPolygon", "coordinates": [ [ [ [ -68.869356689901537, -32.876175824092016, 0.0 ], [ -68.869388610270263, -32.876268190885824, 0.0 ], [ -68.869115918901826, -32.876335259678022, 0.0 ], [ -68.869084535344328, -32.876242802306777, 0.0 ], [ -68.869356689901537, -32.876175824092016, 0.0 ] ] ] ] } },
{ "type": "Feature", "properties": { "LAYER": "VM_MOSAICO_PARCELARIO_RIO_", "GM_TYPE": "Unknown Area Type", "MAP_NAME": "Cl_del Oeste_modificado_2026.dwg", "CLOSED": "YES", "BORDER_STY": "Solid", "BORDER_COL": "RGB(255,255,255)", "BORDER_WID": 1, "FILL_STYLE": "No Fill" }, "geometry": { "type": "MultiPolygon", "coordinates": [ [ [ [ -68.869388610270263, -32.876268190885824, 0.0 ], [ -68.869420637559926, -32.876360558683494, 0.0 ], [ -68.869147303592726, -32.876427717041281, 0.0 ], [ -68.869115918901826, -32.876335259678022, 0.0 ], [ -68.869388610270263, -32.876268190885824, 0.0 ] ] ] ] } },
{ "type": "Feature", "properties": { "LAYER": "VM_MOSAICO_PARCELARIO_RIO_", "GM_TYPE": "Unknown Area Type", "MAP_NAME": "Cl_del Oeste_modificado_2026.dwg", "CLOSED": "YES", "BORDER_STY": "Solid", "BORDER_COL": "RGB(255,255,255)", "BORDER_WID": 1, "FILL_STYLE": "No Fill" }, "geometry": { "type": "MultiPolygon", "coordinates": [ [ [ [ -68.869420637559926, -32.876360558683494, 0.0 ], [ -68.869452665049181, -32.876452835400826, 0.0 ], [ -68.86917872345353, -32.876520281733768, 0.0 ], [ -68.869147303592726, -32.876427717041281, 0.0 ], [ -68.869420637559926, -32.876360558683494, 0.0 ] ] ] ] } },
{ "type": "Feature", "properties": { "LAYER": "VM_MOSAICO_PARCELARIO_RIO_", "GM_TYPE": "Unknown Area Type", "MAP_NAME": "Cl_del Oeste_modificado_2026.dwg", "CLOSED": "YES", "BORDER_STY": "Solid", "BORDER_COL": "RGB(255,255,255)", "BORDER_WID": 1, "FILL_STYLE": "No Fill" }, "geometry": { "type": "MultiPolygon", "coordinates": [ [ [ [ -68.869452665049181, -32.876452835400826, 0.0 ], [ -68.869484692472398, -32.876545202277988, 0.0 ], [ -68.869210107205646, -32.876612739077757, 0.0 ], [ -68.86917872345353, -32.876520281733768, 0.0 ], [ -68.869452665049181, -32.876452835400826, 0.0 ] ] ] ] } },
{ "type": "Feature", "properties": { "LAYER": "VM_MOSAICO_PARCELARIO_RIO_", "GM_TYPE": "Unknown Area Type", "MAP_NAME": "Cl_del Oeste_modificado_2026.dwg", "CLOSED": "YES", "BORDER_STY": "Solid", "BORDER_COL": "RGB(255,255,255)", "BORDER_WID": 1, "FILL_STYLE": "No Fill" }, "geometry": { "type": "MultiPolygon", "coordinates": [ [ [ [ -68.869484692472398, -32.876545202277988, 0.0 ], [ -68.869516614172255, -32.876637569937152, 0.0 ], [ -68.869241519752123, -32.876705279398564, 0.0 ], [ -68.869210107205646, -32.876612739077757, 0.0 ], [ -68.869484692472398, -32.876545202277988, 0.0 ] ] ] ] } },
{ "type": "Feature", "properties": { "LAYER": "VM_MOSAICO_PARCELARIO_RIO_", "GM_TYPE": "Unknown Area Type", "MAP_NAME": "Cl_del Oeste_modificado_2026.dwg", "CLOSED": "YES", "BORDER_STY": "Solid", "BORDER_COL": "RGB(255,255,255)", "BORDER_WID": 1, "FILL_STYLE": "No Fill" }, "geometry": { "type": "MultiPolygon", "coordinates": [ [ [ [ -68.869516614172255, -32.876637569937152, 0.0 ], [ -68.869548641727576, -32.876729936795549, 0.0 ], [ -68.86927290363397, -32.876797736724377, 0.0 ], [ -68.869241519752123, -32.876705279398564, 0.0 ], [ -68.869516614172255, -32.876637569937152, 0.0 ] ] ] ] } },
{ "type": "Feature", "properties": { "LAYER": "VM_MOSAICO_PARCELARIO_RIO_", "GM_TYPE": "Unknown Area Type", "MAP_NAME": "Cl_del Oeste_modificado_2026.dwg", "CLOSED": "YES", "BORDER_STY": "Solid", "BORDER_COL": "RGB(255,255,255)", "BORDER_WID": 1, "FILL_STYLE": "No Fill" }, "geometry": { "type": "MultiPolygon", "coordinates": [ [ [ [ -68.869548641727576, -32.876729936795549, 0.0 ], [ -68.869580669347712, -32.876822304546202, 0.0 ], [ -68.869304316308998, -32.876890277928652, 0.0 ], [ -68.86927290363397, -32.876797736724377, 0.0 ], [ -68.869548641727576, -32.876729936795549, 0.0 ] ] ] ] } },
{ "type": "Feature", "properties": { "LAYER": "VM_MOSAICO_PARCELARIO_RIO_", "GM_TYPE": "Unknown Area Type", "MAP_NAME": "Cl_del Oeste_modificado_2026.dwg", "CLOSED": "YES", "BORDER_STY": "Solid", "BORDER_COL": "RGB(255,255,255)", "BORDER_WID": 1, "FILL_STYLE": "No Fill" }, "geometry": { "type": "MultiPolygon", "coordinates": [ [ [ [ -68.869580669347712, -32.876822304546202, 0.0 ], [ -68.869612590310268, -32.876914581105183, 0.0 ], [ -68.869335700320605, -32.87698273523629, 0.0 ], [ -68.869304316308998, -32.876890277928652, 0.0 ], [ -68.869580669347712, -32.876822304546202, 0.0 ] ] ] ] } },
{ "type": "Feature", "properties": { "LAYER": "VM_MOSAICO_PARCELARIO_RIO_", "GM_TYPE": "Unknown Area Type", "MAP_NAME": "Cl_del Oeste_modificado_2026.dwg", "CLOSED": "YES", "BORDER_STY": "Solid", "BORDER_COL": "RGB(255,255,255)", "BORDER_WID": 1, "FILL_STYLE": "No Fill" }, "geometry": { "type": "MultiPolygon", "coordinates": [ [ [ [ -68.869612590310268, -32.876914581105183, 0.0 ], [ -68.869644618063816, -32.877006947935413, 0.0 ], [ -68.869367084397069, -32.877075192534882, 0.0 ], [ -68.869335700320605, -32.87698273523629, 0.0 ], [ -68.869612590310268, -32.876914581105183, 0.0 ] ] ] ] } },
{ "type": "Feature", "properties": { "LAYER": "VM_MOSAICO_PARCELARIO_RIO_", "GM_TYPE": "Unknown Area Type", "MAP_NAME": "Cl_del Oeste_modificado_2026.dwg", "CLOSED": "YES", "BORDER_STY": "Solid", "BORDER_COL": "RGB(255,255,255)", "BORDER_WID": 1, "FILL_STYLE": "No Fill" }, "geometry": { "type": "MultiPolygon", "coordinates": [ [ [ [ -68.869644618063816, -32.877006947935413, 0.0 ], [ -68.869676646950737, -32.877099315659031, 0.0 ], [ -68.869398497268193, -32.877167732810207, 0.0 ], [ -68.869367084397069, -32.877075192534882, 0.0 ], [ -68.869644618063816, -32.877006947935413, 0.0 ] ] ] ] } },
{ "type": "Feature", "properties": { "LAYER": "VM_MOSAICO_PARCELARIO_RIO_", "GM_TYPE": "Unknown Area Type", "MAP_NAME": "Cl_del Oeste_modificado_2026.dwg", "CLOSED": "YES", "BORDER_STY": "Solid", "BORDER_COL": "RGB(255,255,255)", "BORDER_WID": 1, "FILL_STYLE": "No Fill" }, "geometry": { "type": "MultiPolygon", "coordinates": [ [ [ [ -68.869676646950737, -32.877099315659031, 0.0 ], [ -68.869708567979146, -32.877191682359161, 0.0 ], [ -68.869429881474403, -32.877260190090603, 0.0 ], [ -68.869398497268193, -32.877167732810207, 0.0 ], [ -68.869676646950737, -32.877099315659031, 0.0 ] ] ] ] } },
{ "type": "Feature", "properties": { "LAYER": "VM_MOSAICO_PARCELARIO_RIO_", "GM_TYPE": "Unknown Area Type", "MAP_NAME": "Cl_del Oeste_modificado_2026.dwg", "CLOSED": "YES", "BORDER_STY": "Solid", "BORDER_COL": "RGB(255,255,255)", "BORDER_WID": 1, "FILL_STYLE": "No Fill" }, "geometry": { "type": "MultiPolygon", "coordinates": [ [ [ [ -68.869708567979146, -32.877191682359161, 0.0 ], [ -68.869740595929656, -32.877284050062933, 0.0 ], [ -68.869461293406829, -32.877352730346622, 0.0 ], [ -68.869429881474403, -32.877260190090603, 0.0 ], [ -68.869708567979146, -32.877191682359161, 0.0 ] ] ] ] } },
{ "type": "Feature", "properties": { "LAYER": "VM_MOSAICO_PARCELARIO_RIO_", "GM_TYPE": "Unknown Area Type", "MAP_NAME": "Cl_del Oeste_modificado_2026.dwg", "CLOSED": "YES", "BORDER_STY": "Solid", "BORDER_COL": "RGB(255,255,255)", "BORDER_WID": 1, "FILL_STYLE": "No Fill" }, "geometry": { "type": "MultiPolygon", "coordinates": [ [ [ [ -68.869461293406829, -32.877352730346622, 0.0 ], [ -68.869740595929656, -32.877284050062933, 0.0 ], [ -68.869772624079431, -32.877376326686353, 0.0 ], [ -68.869623824627823, -32.877412868810325, 0.0 ], [ -68.869492706471505, -32.87744527149637, 0.0 ], [ -68.869461293406829, -32.877352730346622, 0.0 ] ] ] ] } },
{ "type": "Feature", "properties": { "LAYER": "VM_MOSAICO_PARCELARIO_RIO_", "GM_TYPE": "Unknown Area Type", "MAP_NAME": "Cl_del Oeste_modificado_2026.dwg", "CLOSED": "YES", "BORDER_STY": "Solid", "BORDER_COL": "RGB(255,255,255)", "BORDER_WID": 1, "FILL_STYLE": "No Fill" }, "geometry": { "type": "MultiPolygon", "coordinates": [ [ [ [ -68.869623824627823, -32.877412868810325, 0.0 ], [ -68.86968776839943, -32.877597587897839, 0.0 ], [ -68.869549477632631, -32.87761251555834, 0.0 ], [ -68.869492706471505, -32.87744527149637, 0.0 ], [ -68.869623824627823, -32.877412868810325, 0.0 ] ] ] ] } },
{ "type": "Feature", "properties": { "LAYER": "VM_MOSAICO_PARCELARIO_RIO_", "GM_TYPE": "Unknown Area Type", "MAP_NAME": "Cl_del Oeste_modificado_2026.dwg", "CLOSED": "YES", "BORDER_STY": "Solid", "BORDER_COL": "RGB(255,255,255)", "BORDER_WID": 1, "FILL_STYLE": "No Fill" }, "geometry": { "type": "MultiPolygon", "coordinates": [ [ [ [ -68.869772624079431, -32.877376326686353, 0.0 ], [ -68.869843374981571, -32.877580790858957, 0.0 ], [ -68.86968776839943, -32.877597587897839, 0.0 ], [ -68.869623824627823, -32.877412868810325, 0.0 ], [ -68.869772624079431, -32.877376326686353, 0.0 ] ] ] ] } },
{ "type": "Feature", "properties": { "LAYER": "VM_MOSAICO_PARCELARIO_RIO_", "GM_TYPE": "Unknown Area Type", "MAP_NAME": "Cl_del Oeste_modificado_2026.dwg", "CLOSED": "YES", "BORDER_STY": "Solid", "BORDER_COL": "RGB(255,255,255)", "BORDER_WID": 1, "FILL_STYLE": "No Fill" }, "geometry": { "type": "MultiPolygon", "coordinates": [ [ [ [ -68.869772624079431, -32.877376326686353, 0.0 ], [ -68.869910733969448, -32.877342298010561, 0.0 ], [ -68.869987983020891, -32.877565180545758, 0.0 ], [ -68.869843374981571, -32.877580790858957, 0.0 ], [ -68.869772624079431, -32.877376326686353, 0.0 ] ] ] ] } },
{ "type": "Feature", "properties": { "LAYER": "VM_MOSAICO_PARCELARIO_RIO_", "GM_TYPE": "Unknown Area Type", "MAP_NAME": "Cl_del Oeste_modificado_2026.dwg", "CLOSED": "YES", "BORDER_STY": "Solid", "BORDER_COL": "RGB(255,255,255)", "BORDER_WID": 1, "FILL_STYLE": "No Fill" }, "geometry": { "type": "MultiPolygon", "coordinates": [ [ [ [ -68.869910733969448, -32.877342298010561, 0.0 ], [ -68.870049145891386, -32.877308454342966, 0.0 ], [ -68.870123907326942, -32.877524201813756, 0.0 ], [ -68.870099892674773, -32.877553100506901, 0.0 ], [ -68.869987983020891, -32.877565180545758, 0.0 ], [ -68.869910733969448, -32.877342298010561, 0.0 ] ] ] ] } },
{ "type": "Feature", "properties": { "LAYER": "VM_MOSAICO_PARCELARIO_RIO_", "GM_TYPE": "Unknown Area Type", "MAP_NAME": "Cl_del Oeste_modificado_2026.dwg", "CLOSED": "YES", "BORDER_STY": "Solid", "BORDER_COL": "RGB(255,255,255)", "BORDER_WID": 1, "FILL_STYLE": "No Fill" }, "geometry": { "type": "MultiPolygon", "coordinates": [ [ [ [ -68.87001710812244, -32.877215999243582, 0.0 ], [ -68.870049145891386, -32.877308454342966, 0.0 ], [ -68.869910733969448, -32.877342298010561, 0.0 ], [ -68.869772624079431, -32.877376326686353, 0.0 ], [ -68.869740595929656, -32.877284050062933, 0.0 ], [ -68.87001710812244, -32.877215999243582, 0.0 ] ] ] ] } },
{ "type": "Feature", "properties": { "LAYER": "VM_MOSAICO_PARCELARIO_RIO_", "GM_TYPE": "Unknown Area Type", "MAP_NAME": "Cl_del Oeste_modificado_2026.dwg", "CLOSED": "YES", "BORDER_STY": "Solid", "BORDER_COL": "RGB(255,255,255)", "BORDER_WID": 1, "FILL_STYLE": "No Fill" }, "geometry": { "type": "MultiPolygon", "coordinates": [ [ [ [ -68.869985099150028, -32.877123627120497, 0.0 ], [ -68.87001710812244, -32.877215999243582, 0.0 ], [ -68.869740595929656, -32.877284050062933, 0.0 ], [ -68.869708567979146, -32.877191682359161, 0.0 ], [ -68.869985099150028, -32.877123627120497, 0.0 ] ] ] ] } },
{ "type": "Feature", "properties": { "LAYER": "VM_MOSAICO_PARCELARIO_RIO_", "GM_TYPE": "Unknown Area Type", "MAP_NAME": "Cl_del Oeste_modificado_2026.dwg", "CLOSED": "YES", "BORDER_STY": "Solid", "BORDER_COL": "RGB(255,255,255)", "BORDER_WID": 1, "FILL_STYLE": "No Fill" }, "geometry": { "type": "MultiPolygon", "coordinates": [ [ [ [ -68.869953098756767, -32.877031279342603, 0.0 ], [ -68.869985099150028, -32.877123627120497, 0.0 ], [ -68.869708567979146, -32.877191682359161, 0.0 ], [ -68.869676646950737, -32.877099315659031, 0.0 ], [ -68.869953098756767, -32.877031279342603, 0.0 ] ] ] ] } },
{ "type": "Feature", "properties": { "LAYER": "VM_MOSAICO_PARCELARIO_RIO_", "GM_TYPE": "Unknown Area Type", "MAP_NAME": "Cl_del Oeste_modificado_2026.dwg", "CLOSED": "YES", "BORDER_STY": "Solid", "BORDER_COL": "RGB(255,255,255)", "BORDER_WID": 1, "FILL_STYLE": "No Fill" }, "geometry": { "type": "MultiPolygon", "coordinates": [ [ [ [ -68.869921089915209, -32.876938908102439, 0.0 ], [ -68.869953098756767, -32.877031279342603, 0.0 ], [ -68.869676646950737, -32.877099315659031, 0.0 ], [ -68.869644618063816, -32.877006947935413, 0.0 ], [ -68.869921089915209, -32.876938908102439, 0.0 ] ] ] ] } },
{ "type": "Feature", "properties": { "LAYER": "VM_MOSAICO_PARCELARIO_RIO_", "GM_TYPE": "Unknown Area Type", "MAP_NAME": "Cl_del Oeste_modificado_2026.dwg", "CLOSED": "YES", "BORDER_STY": "Solid", "BORDER_COL": "RGB(255,255,255)", "BORDER_WID": 1, "FILL_STYLE": "No Fill" }, "geometry": { "type": "MultiPolygon", "coordinates": [ [ [ [ -68.869889109871281, -32.876846618936916, 0.0 ], [ -68.869921089915209, -32.876938908102439, 0.0 ], [ -68.869644618063816, -32.877006947935413, 0.0 ], [ -68.869612590310268, -32.876914581105183, 0.0 ], [ -68.869889109871281, -32.876846618936916, 0.0 ] ] ] ] } },
{ "type": "Feature", "properties": { "LAYER": "VM_MOSAICO_PARCELARIO_RIO_", "GM_TYPE": "Unknown Area Type", "MAP_NAME": "Cl_del Oeste_modificado_2026.dwg", "CLOSED": "YES", "BORDER_STY": "Solid", "BORDER_COL": "RGB(255,255,255)", "BORDER_WID": 1, "FILL_STYLE": "No Fill" }, "geometry": { "type": "MultiPolygon", "coordinates": [ [ [ [ -68.869857066955817, -32.876754255757611, 0.0 ], [ -68.869881575086964, -32.876824874866998, 0.0 ], [ -68.869889109871281, -32.876846618936916, 0.0 ], [ -68.869612590310268, -32.876914581105183, 0.0 ], [ -68.869580669347712, -32.876822304546202, 0.0 ], [ -68.869857066955817, -32.876754255757611, 0.0 ] ] ] ] } },
{ "type": "Feature", "properties": { "LAYER": "VM_MOSAICO_PARCELARIO_RIO_", "GM_TYPE": "Unknown Area Type", "MAP_NAME": "Cl_del Oeste_modificado_2026.dwg", "CLOSED": "YES", "BORDER_STY": "Solid", "BORDER_COL": "RGB(255,255,255)", "BORDER_WID": 1, "FILL_STYLE": "No Fill" }, "geometry": { "type": "MultiPolygon", "coordinates": [ [ [ [ -68.869825013418179, -32.876661894361192, 0.0 ], [ -68.869857066955817, -32.876754255757611, 0.0 ], [ -68.869580669347712, -32.876822304546202, 0.0 ], [ -68.869548641727576, -32.876729936795549, 0.0 ], [ -68.869825013418179, -32.876661894361192, 0.0 ] ] ] ] } },
{ "type": "Feature", "properties": { "LAYER": "VM_MOSAICO_PARCELARIO_RIO_", "GM_TYPE": "Unknown Area Type", "MAP_NAME": "Cl_del Oeste_modificado_2026.dwg", "CLOSED": "YES", "BORDER_STY": "Solid", "BORDER_COL": "RGB(255,255,255)", "BORDER_WID": 1, "FILL_STYLE": "No Fill" }, "geometry": { "type": "MultiPolygon", "coordinates": [ [ [ [ -68.869792996289817, -32.876569524877972, 0.0 ], [ -68.869812517845233, -32.876625888441787, 0.0 ], [ -68.869825013418179, -32.876661894361192, 0.0 ], [ -68.869548641727576, -32.876729936795549, 0.0 ], [ -68.869516614172255, -32.876637569937152, 0.0 ], [ -68.869792996289817, -32.876569524877972, 0.0 ] ] ] ] } },
{ "type": "Feature", "properties": { "LAYER": "VM_MOSAICO_PARCELARIO_RIO_", "GM_TYPE": "Unknown Area Type", "MAP_NAME": "Cl_del Oeste_modificado_2026.dwg", "CLOSED": "YES", "BORDER_STY": "Solid", "BORDER_COL": "RGB(255,255,255)", "BORDER_WID": 1, "FILL_STYLE": "No Fill" }, "geometry": { "type": "MultiPolygon", "coordinates": [ [ [ [ -68.869761030406607, -32.876477232082557, 0.0 ], [ -68.869792996289817, -32.876569524877972, 0.0 ], [ -68.869516614172255, -32.876637569937152, 0.0 ], [ -68.869484692472398, -32.876545202277988, 0.0 ], [ -68.869761030406607, -32.876477232082557, 0.0 ] ] ] ] } },
{ "type": "Feature", "properties": { "LAYER": "VM_MOSAICO_PARCELARIO_RIO_", "GM_TYPE": "Unknown Area Type", "MAP_NAME": "Cl_del Oeste_modificado_2026.dwg", "CLOSED": "YES", "BORDER_STY": "Solid", "BORDER_COL": "RGB(255,255,255)", "BORDER_WID": 1, "FILL_STYLE": "No Fill" }, "geometry": { "type": "MultiPolygon", "coordinates": [ [ [ [ -68.869729044371041, -32.876384881548361, 0.0 ], [ -68.869743567897657, -32.876426812816511, 0.0 ], [ -68.869761030406607, -32.876477232082557, 0.0 ], [ -68.869484692472398, -32.876545202277988, 0.0 ], [ -68.869452665049181, -32.876452835400826, 0.0 ], [ -68.869729044371041, -32.876384881548361, 0.0 ] ] ] ] } },
{ "type": "Feature", "properties": { "LAYER": "VM_MOSAICO_PARCELARIO_RIO_", "GM_TYPE": "Unknown Area Type", "MAP_NAME": "Cl_del Oeste_modificado_2026.dwg", "CLOSED": "YES", "BORDER_STY": "Solid", "BORDER_COL": "RGB(255,255,255)", "BORDER_WID": 1, "FILL_STYLE": "No Fill" }, "geometry": { "type": "MultiPolygon", "coordinates": [ [ [ [ -68.869697049889922, -32.876292505748452, 0.0 ], [ -68.869729044371041, -32.876384881548361, 0.0 ], [ -68.869452665049181, -32.876452835400826, 0.0 ], [ -68.869420637559926, -32.876360558683494, 0.0 ], [ -68.869697049889922, -32.876292505748452, 0.0 ] ] ] ] } },
{ "type": "Feature", "properties": { "LAYER": "VM_MOSAICO_PARCELARIO_RIO_", "GM_TYPE": "Unknown Area Type", "MAP_NAME": "Cl_del Oeste_modificado_2026.dwg", "CLOSED": "YES", "BORDER_STY": "Solid", "BORDER_COL": "RGB(255,255,255)", "BORDER_WID": 1, "FILL_STYLE": "No Fill" }, "geometry": { "type": "MultiPolygon", "coordinates": [ [ [ [ -68.869665045853836, -32.876200132634231, 0.0 ], [ -68.869674617189574, -32.876227736244907, 0.0 ], [ -68.869697049889922, -32.876292505748452, 0.0 ], [ -68.869420637559926, -32.876360558683494, 0.0 ], [ -68.869388610270263, -32.876268190885824, 0.0 ], [ -68.869665045853836, -32.876200132634231, 0.0 ] ] ] ] } },
{ "type": "Feature", "properties": { "LAYER": "VM_MOSAICO_PARCELARIO_RIO_", "GM_TYPE": "Unknown Area Type", "MAP_NAME": "Cl_del Oeste_modificado_2026.dwg", "CLOSED": "YES", "BORDER_STY": "Solid", "BORDER_COL": "RGB(255,255,255)", "BORDER_WID": 1, "FILL_STYLE": "No Fill" }, "geometry": { "type": "MultiPolygon", "coordinates": [ [ [ [ -68.869633024740679, -32.876107791052092, 0.0 ], [ -68.869665045853836, -32.876200132634231, 0.0 ], [ -68.869388610270263, -32.876268190885824, 0.0 ], [ -68.869356689901537, -32.876175824092016, 0.0 ], [ -68.869633024740679, -32.876107791052092, 0.0 ] ] ] ] } },
{ "type": "Feature", "properties": { "LAYER": "VM_MOSAICO_PARCELARIO_RIO_", "GM_TYPE": "Unknown Area Type", "MAP_NAME": "Cl_del Oeste_modificado_2026.dwg", "CLOSED": "YES", "BORDER_STY": "Solid", "BORDER_COL": "RGB(255,255,255)", "BORDER_WID": 1, "FILL_STYLE": "No Fill" }, "geometry": { "type": "MultiPolygon", "coordinates": [ [ [ [ -68.870028247842555, -32.875914889072412, 0.0 ], [ -68.870043629963305, -32.875911088183919, 0.0 ], [ -68.870299963699125, -32.875847877685871, 0.0 ], [ -68.870330463754371, -32.875935834390781, 0.0 ], [ -68.870058881822075, -32.876003166984439, 0.0 ], [ -68.870028247842555, -32.875914889072412, 0.0 ] ] ] ] } },
{ "type": "Feature", "properties": { "LAYER": "VM_MOSAICO_PARCELARIO_RIO_", "GM_TYPE": "Unknown Area Type", "MAP_NAME": "Cl_del Oeste_modificado_2026.dwg", "CLOSED": "YES", "BORDER_STY": "Solid", "BORDER_COL": "RGB(255,255,255)", "BORDER_WID": 1, "FILL_STYLE": "No Fill" }, "geometry": { "type": "MultiPolygon", "coordinates": [ [ [ [ -68.870028247842555, -32.875914889072412, 0.0 ], [ -68.870058881822075, -32.876003166984439, 0.0 ], [ -68.869787180865657, -32.876070502470021, 0.0 ], [ -68.869756510031124, -32.875982020671522, 0.0 ], [ -68.870028247842555, -32.875914889072412, 0.0 ] ] ] ] } },
{ "type": "Feature", "properties": { "LAYER": "VM_MOSAICO_PARCELARIO_RIO_", "GM_TYPE": "Unknown Area Type", "MAP_NAME": "Cl_del Oeste_modificado_2026.dwg", "CLOSED": "YES", "BORDER_STY": "Solid", "BORDER_COL": "RGB(255,255,255)", "BORDER_WID": 1, "FILL_STYLE": "No Fill" }, "geometry": { "type": "MultiPolygon", "coordinates": [ [ [ [ -68.870058881822075, -32.876003166984439, 0.0 ], [ -68.870090803251642, -32.876095263997122, 0.0 ], [ -68.869819131837659, -32.876162681635577, 0.0 ], [ -68.869787180865657, -32.876070502470021, 0.0 ], [ -68.870058881822075, -32.876003166984439, 0.0 ] ] ] ] } },
{ "type": "Feature", "properties": { "LAYER": "VM_MOSAICO_PARCELARIO_RIO_", "GM_TYPE": "Unknown Area Type", "MAP_NAME": "Cl_del Oeste_modificado_2026.dwg", "CLOSED": "YES", "BORDER_STY": "Solid", "BORDER_COL": "RGB(255,255,255)", "BORDER_WID": 1, "FILL_STYLE": "No Fill" }, "geometry": { "type": "MultiPolygon", "coordinates": [ [ [ [ -68.870090803251642, -32.876095263997122, 0.0 ], [ -68.870122725816771, -32.876187360099919, 0.0 ], [ -68.869851026484184, -32.876254694821441, 0.0 ], [ -68.869819131837659, -32.876162681635577, 0.0 ], [ -68.870090803251642, -32.876095263997122, 0.0 ] ] ] ] } },
{ "type": "Feature", "properties": { "LAYER": "VM_MOSAICO_PARCELARIO_RIO_", "GM_TYPE": "Unknown Area Type", "MAP_NAME": "Cl_del Oeste_modificado_2026.dwg", "CLOSED": "YES", "BORDER_STY": "Solid", "BORDER_COL": "RGB(255,255,255)", "BORDER_WID": 1, "FILL_STYLE": "No Fill" }, "geometry": { "type": "MultiPolygon", "coordinates": [ [ [ [ -68.870122725816771, -32.876187360099919, 0.0 ], [ -68.870154647377746, -32.876279457093958, 0.0 ], [ -68.869882911614795, -32.876346683642268, 0.0 ], [ -68.869851026484184, -32.876254694821441, 0.0 ], [ -68.870122725816771, -32.876187360099919, 0.0 ] ] ] ] } },
{ "type": "Feature", "properties": { "LAYER": "VM_MOSAICO_PARCELARIO_RIO_", "GM_TYPE": "Unknown Area Type", "MAP_NAME": "Cl_del Oeste_modificado_2026.dwg", "CLOSED": "YES", "BORDER_STY": "Solid", "BORDER_COL": "RGB(255,255,255)", "BORDER_WID": 1, "FILL_STYLE": "No Fill" }, "geometry": { "type": "MultiPolygon", "coordinates": [ [ [ [ -68.870154647377746, -32.876279457093958, 0.0 ], [ -68.870186569005753, -32.876371553177009, 0.0 ], [ -68.869914901095655, -32.876438970121185, 0.0 ], [ -68.869882911614795, -32.876346683642268, 0.0 ], [ -68.870154647377746, -32.876279457093958, 0.0 ] ] ] ] } },
{ "type": "Feature", "properties": { "LAYER": "VM_MOSAICO_PARCELARIO_RIO_", "GM_TYPE": "Unknown Area Type", "MAP_NAME": "Cl_del Oeste_modificado_2026.dwg", "CLOSED": "YES", "BORDER_STY": "Solid", "BORDER_COL": "RGB(255,255,255)", "BORDER_WID": 1, "FILL_STYLE": "No Fill" }, "geometry": { "type": "MultiPolygon", "coordinates": [ [ [ [ -68.870186569005753, -32.876371553177009, 0.0 ], [ -68.870218490830851, -32.876463559081415, 0.0 ], [ -68.86994675762746, -32.876530875937661, 0.0 ], [ -68.869914901095655, -32.876438970121185, 0.0 ], [ -68.870186569005753, -32.876371553177009, 0.0 ] ] ] ] } },
{ "type": "Feature", "properties": { "LAYER": "VM_MOSAICO_PARCELARIO_RIO_", "GM_TYPE": "Unknown Area Type", "MAP_NAME": "Cl_del Oeste_modificado_2026.dwg", "CLOSED": "YES", "BORDER_STY": "Solid", "BORDER_COL": "RGB(255,255,255)", "BORDER_WID": 1, "FILL_STYLE": "No Fill" }, "geometry": { "type": "MultiPolygon", "coordinates": [ [ [ [ -68.870218490830851, -32.876463559081415, 0.0 ], [ -68.870250412588902, -32.87655565604738, 0.0 ], [ -68.869978689779629, -32.876622996426526, 0.0 ], [ -68.86994675762746, -32.876530875937661, 0.0 ], [ -68.870218490830851, -32.876463559081415, 0.0 ] ] ] ] } },
{ "type": "Feature", "properties": { "LAYER": "VM_MOSAICO_PARCELARIO_RIO_", "GM_TYPE": "Unknown Area Type", "MAP_NAME": "Cl_del Oeste_modificado_2026.dwg", "CLOSED": "YES", "BORDER_STY": "Solid", "BORDER_COL": "RGB(255,255,255)", "BORDER_WID": 1, "FILL_STYLE": "No Fill" }, "geometry": { "type": "MultiPolygon", "coordinates": [ [ [ [ -68.870250412588902, -32.87655565604738, 0.0 ], [ -68.870282335482571, -32.876647752103473, 0.0 ], [ -68.870010612415953, -32.876715092550313, 0.0 ], [ -68.869978689779629, -32.876622996426526, 0.0 ], [ -68.870250412588902, -32.87655565604738, 0.0 ] ] ] ] } },
{ "type": "Feature", "properties": { "LAYER": "VM_MOSAICO_PARCELARIO_RIO_", "GM_TYPE": "Unknown Area Type", "MAP_NAME": "Cl_del Oeste_modificado_2026.dwg", "CLOSED": "YES", "BORDER_STY": "Solid", "BORDER_COL": "RGB(255,255,255)", "BORDER_WID": 1, "FILL_STYLE": "No Fill" }, "geometry": { "type": "MultiPolygon", "coordinates": [ [ [ [ -68.870282335482571, -32.876647752103473, 0.0 ], [ -68.870314364228861, -32.876739849161581, 0.0 ], [ -68.87004253618656, -32.876807188665943, 0.0 ], [ -68.870010612415953, -32.876715092550313, 0.0 ], [ -68.870282335482571, -32.876647752103473, 0.0 ] ] ] ] } },
{ "type": "Feature", "properties": { "LAYER": "VM_MOSAICO_PARCELARIO_RIO_", "GM_TYPE": "Unknown Area Type", "MAP_NAME": "Cl_del Oeste_modificado_2026.dwg", "CLOSED": "YES", "BORDER_STY": "Solid", "BORDER_COL": "RGB(255,255,255)", "BORDER_WID": 1, "FILL_STYLE": "No Fill" }, "geometry": { "type": "MultiPolygon", "coordinates": [ [ [ [ -68.870314364228861, -32.876739849161581, 0.0 ], [ -68.87034628618548, -32.876831945197857, 0.0 ], [ -68.870074458954349, -32.876899284771028, 0.0 ], [ -68.87004253618656, -32.876807188665943, 0.0 ], [ -68.870314364228861, -32.876739849161581, 0.0 ] ] ] ] } },
{ "type": "Feature", "properties": { "LAYER": "VM_MOSAICO_PARCELARIO_RIO_", "GM_TYPE": "Unknown Area Type", "MAP_NAME": "Cl_del Oeste_modificado_2026.dwg", "CLOSED": "YES", "BORDER_STY": "Solid", "BORDER_COL": "RGB(255,255,255)", "BORDER_WID": 1, "FILL_STYLE": "No Fill" }, "geometry": { "type": "MultiPolygon", "coordinates": [ [ [ [ -68.87034628618548, -32.876831945197857, 0.0 ], [ -68.870378208207811, -32.876924041224804, 0.0 ], [ -68.870106382856392, -32.876991380867899, 0.0 ], [ -68.870074458954349, -32.876899284771028, 0.0 ], [ -68.87034628618548, -32.876831945197857, 0.0 ] ] ] ] } },
{ "type": "Feature", "properties": { "LAYER": "VM_MOSAICO_PARCELARIO_RIO_", "GM_TYPE": "Unknown Area Type", "MAP_NAME": "Cl_del Oeste_modificado_2026.dwg", "CLOSED": "YES", "BORDER_STY": "Solid", "BORDER_COL": "RGB(255,255,255)", "BORDER_WID": 1, "FILL_STYLE": "No Fill" }, "geometry": { "type": "MultiPolygon", "coordinates": [ [ [ [ -68.870378208207811, -32.876924041224804, 0.0 ], [ -68.870410130294573, -32.877016138144114, 0.0 ], [ -68.870138305755574, -32.877083476954347, 0.0 ], [ -68.870106382856392, -32.876991380867899, 0.0 ], [ -68.870378208207811, -32.876924041224804, 0.0 ] ] ] ] } },
{ "type": "Feature", "properties": { "LAYER": "VM_MOSAICO_PARCELARIO_RIO_", "GM_TYPE": "Unknown Area Type", "MAP_NAME": "Cl_del Oeste_modificado_2026.dwg", "CLOSED": "YES", "BORDER_STY": "Solid", "BORDER_COL": "RGB(255,255,255)", "BORDER_WID": 1, "FILL_STYLE": "No Fill" }, "geometry": { "type": "MultiPolygon", "coordinates": [ [ [ [ -68.870410130294573, -32.877016138144114, 0.0 ], [ -68.870442053648077, -32.877108143984216, 0.0 ], [ -68.87017022127597, -32.877175548677997, 0.0 ], [ -68.870138305755574, -32.877083476954347, 0.0 ], [ -68.870410130294573, -32.877016138144114, 0.0 ] ] ] ] } },
{ "type": "Feature", "properties": { "LAYER": "VM_MOSAICO_PARCELARIO_RIO_", "GM_TYPE": "Unknown Area Type", "MAP_NAME": "Cl_del Oeste_modificado_2026.dwg", "CLOSED": "YES", "BORDER_STY": "Solid", "BORDER_COL": "RGB(255,255,255)", "BORDER_WID": 1, "FILL_STYLE": "No Fill" }, "geometry": { "type": "MultiPolygon", "coordinates": [ [ [ [ -68.870442053648077, -32.877108143984216, 0.0 ], [ -68.870473975866204, -32.877200240884811, 0.0 ], [ -68.870202115575964, -32.877267561760135, 0.0 ], [ -68.87017022127597, -32.877175548677997, 0.0 ], [ -68.870442053648077, -32.877108143984216, 0.0 ] ] ] ] } },
{ "type": "Feature", "properties": { "LAYER": "VM_MOSAICO_PARCELARIO_RIO_", "GM_TYPE": "Unknown Area Type", "MAP_NAME": "Cl_del Oeste_modificado_2026.dwg", "CLOSED": "YES", "BORDER_STY": "Solid", "BORDER_COL": "RGB(255,255,255)", "BORDER_WID": 1, "FILL_STYLE": "No Fill" }, "geometry": { "type": "MultiPolygon", "coordinates": [ [ [ [ -68.87050589815135, -32.87729233687439, 0.0 ], [ -68.870578358897632, -32.877501510149671, 0.0 ], [ -68.870436212376958, -32.877516862204438, 0.0 ], [ -68.870369926370373, -32.877325917577053, 0.0 ], [ -68.87050589815135, -32.87729233687439, 0.0 ] ] ] ] } },
{ "type": "Feature", "properties": { "LAYER": "VM_MOSAICO_PARCELARIO_RIO_", "GM_TYPE": "Unknown Area Type", "MAP_NAME": "Cl_del Oeste_modificado_2026.dwg", "CLOSED": "YES", "BORDER_STY": "Solid", "BORDER_COL": "RGB(255,255,255)", "BORDER_WID": 1, "FILL_STYLE": "No Fill" }, "geometry": { "type": "MultiPolygon", "coordinates": [ [ [ [ -68.87050589815135, -32.87729233687439, 0.0 ], [ -68.870641689365669, -32.877258670175941, 0.0 ], [ -68.870720506438445, -32.8774861579343, 0.0 ], [ -68.870578358897632, -32.877501510149671, 0.0 ], [ -68.87050589815135, -32.87729233687439, 0.0 ] ] ] ] } },
{ "type": "Feature", "properties": { "LAYER": "VM_MOSAICO_PARCELARIO_RIO_", "GM_TYPE": "Unknown Area Type", "MAP_NAME": "Cl_del Oeste_modificado_2026.dwg", "CLOSED": "YES", "BORDER_STY": "Solid", "BORDER_COL": "RGB(255,255,255)", "BORDER_WID": 1, "FILL_STYLE": "No Fill" }, "geometry": { "type": "MultiPolygon", "coordinates": [ [ [ [ -68.870641689365669, -32.877258670175941, 0.0 ], [ -68.870777516821079, -32.877224995251972, 0.0 ], [ -68.870862755462625, -32.87747079394002, 0.0 ], [ -68.870720506438445, -32.8774861579343, 0.0 ], [ -68.870641689365669, -32.877258670175941, 0.0 ] ] ] ] } },
{ "type": "Feature", "properties": { "LAYER": "VM_MOSAICO_PARCELARIO_RIO_", "GM_TYPE": "Unknown Area Type", "MAP_NAME": "Cl_del Oeste_modificado_2026.dwg", "CLOSED": "YES", "BORDER_STY": "Solid", "BORDER_COL": "RGB(255,255,255)", "BORDER_WID": 1, "FILL_STYLE": "No Fill" }, "geometry": { "type": "MultiPolygon", "coordinates": [ [ [ [ -68.870410130294573, -32.877016138144114, 0.0 ], [ -68.870681765165685, -32.876948882403219, 0.0 ], [ -68.870713641880712, -32.877040804269662, 0.0 ], [ -68.870442053648077, -32.877108143984216, 0.0 ], [ -68.870410130294573, -32.877016138144114, 0.0 ] ] ] ] } },
{ "type": "Feature", "properties": { "LAYER": "VM_MOSAICO_PARCELARIO_RIO_", "GM_TYPE": "Unknown Area Type", "MAP_NAME": "Cl_del Oeste_modificado_2026.dwg", "CLOSED": "YES", "BORDER_STY": "Solid", "BORDER_COL": "RGB(255,255,255)", "BORDER_WID": 1, "FILL_STYLE": "No Fill" }, "geometry": { "type": "MultiPolygon", "coordinates": [ [ [ [ -68.870649790618884, -32.876856677294356, 0.0 ], [ -68.870681765165685, -32.876948882403219, 0.0 ], [ -68.870410130294573, -32.877016138144114, 0.0 ], [ -68.870378208207811, -32.876924041224804, 0.0 ], [ -68.870649790618884, -32.876856677294356, 0.0 ] ] ] ] } },
{ "type": "Feature", "properties": { "LAYER": "VM_MOSAICO_PARCELARIO_RIO_", "GM_TYPE": "Unknown Area Type", "MAP_NAME": "Cl_del Oeste_modificado_2026.dwg", "CLOSED": "YES", "BORDER_STY": "Solid", "BORDER_COL": "RGB(255,255,255)", "BORDER_WID": 1, "FILL_STYLE": "No Fill" }, "geometry": { "type": "MultiPolygon", "coordinates": [ [ [ [ -68.870617874661718, -32.876764642656845, 0.0 ], [ -68.870649790618884, -32.876856677294356, 0.0 ], [ -68.870378208207811, -32.876924041224804, 0.0 ], [ -68.87034628618548, -32.876831945197857, 0.0 ], [ -68.870617874661718, -32.876764642656845, 0.0 ] ] ] ] } },
{ "type": "Feature", "properties": { "LAYER": "VM_MOSAICO_PARCELARIO_RIO_", "GM_TYPE": "Unknown Area Type", "MAP_NAME": "Cl_del Oeste_modificado_2026.dwg", "CLOSED": "YES", "BORDER_STY": "Solid", "BORDER_COL": "RGB(255,255,255)", "BORDER_WID": 1, "FILL_STYLE": "No Fill" }, "geometry": { "type": "MultiPolygon", "coordinates": [ [ [ [ -68.870585930039439, -32.876672525024411, 0.0 ], [ -68.870617874661718, -32.876764642656845, 0.0 ], [ -68.87034628618548, -32.876831945197857, 0.0 ], [ -68.870314364228861, -32.876739849161581, 0.0 ], [ -68.870585930039439, -32.876672525024411, 0.0 ] ] ] ] } },
{ "type": "Feature", "properties": { "LAYER": "VM_MOSAICO_PARCELARIO_RIO_", "GM_TYPE": "Unknown Area Type", "MAP_NAME": "Cl_del Oeste_modificado_2026.dwg", "CLOSED": "YES", "BORDER_STY": "Solid", "BORDER_COL": "RGB(255,255,255)", "BORDER_WID": 1, "FILL_STYLE": "No Fill" }, "geometry": { "type": "MultiPolygon", "coordinates": [ [ [ [ -68.870553986551499, -32.87658040738377, 0.0 ], [ -68.870585930039439, -32.876672525024411, 0.0 ], [ -68.870314364228861, -32.876739849161581, 0.0 ], [ -68.870282335482571, -32.876647752103473, 0.0 ], [ -68.870553986551499, -32.87658040738377, 0.0 ] ] ] ] } },
{ "type": "Feature", "properties": { "LAYER": "VM_MOSAICO_PARCELARIO_RIO_", "GM_TYPE": "Unknown Area Type", "MAP_NAME": "Cl_del Oeste_modificado_2026.dwg", "CLOSED": "YES", "BORDER_STY": "Solid", "BORDER_COL": "RGB(255,255,255)", "BORDER_WID": 1, "FILL_STYLE": "No Fill" }, "geometry": { "type": "MultiPolygon", "coordinates": [ [ [ [ -68.870522070790102, -32.876488373619871, 0.0 ], [ -68.870553986551499, -32.87658040738377, 0.0 ], [ -68.870282335482571, -32.876647752103473, 0.0 ], [ -68.870250412588902, -32.87655565604738, 0.0 ], [ -68.870522070790102, -32.876488373619871, 0.0 ] ] ] ] } },
{ "type": "Feature", "properties": { "LAYER": "VM_MOSAICO_PARCELARIO_RIO_", "GM_TYPE": "Unknown Area Type", "MAP_NAME": "Cl_del Oeste_modificado_2026.dwg", "CLOSED": "YES", "BORDER_STY": "Solid", "BORDER_COL": "RGB(255,255,255)", "BORDER_WID": 1, "FILL_STYLE": "No Fill" }, "geometry": { "type": "MultiPolygon", "coordinates": [ [ [ [ -68.87049012636507, -32.876396255959392, 0.0 ], [ -68.870522070790102, -32.876488373619871, 0.0 ], [ -68.870250412588902, -32.87655565604738, 0.0 ], [ -68.870218490830851, -32.876463559081415, 0.0 ], [ -68.87049012636507, -32.876396255959392, 0.0 ] ] ] ] } },
{ "type": "Feature", "properties": { "LAYER": "VM_MOSAICO_PARCELARIO_RIO_", "GM_TYPE": "Unknown Area Type", "MAP_NAME": "Cl_del Oeste_modificado_2026.dwg", "CLOSED": "YES", "BORDER_STY": "Solid", "BORDER_COL": "RGB(255,255,255)", "BORDER_WID": 1, "FILL_STYLE": "No Fill" }, "geometry": { "type": "MultiPolygon", "coordinates": [ [ [ [ -68.870458243726731, -32.87630431418377, 0.0 ], [ -68.87049012636507, -32.876396255959392, 0.0 ], [ -68.870218490830851, -32.876463559081415, 0.0 ], [ -68.870186569005753, -32.876371553177009, 0.0 ], [ -68.870458243726731, -32.87630431418377, 0.0 ] ] ] ] } },
{ "type": "Feature", "properties": { "LAYER": "VM_MOSAICO_PARCELARIO_RIO_", "GM_TYPE": "Unknown Area Type", "MAP_NAME": "Cl_del Oeste_modificado_2026.dwg", "CLOSED": "YES", "BORDER_STY": "Solid", "BORDER_COL": "RGB(255,255,255)", "BORDER_WID": 1, "FILL_STYLE": "No Fill" }, "geometry": { "type": "MultiPolygon", "coordinates": [ [ [ [ -68.870426267511391, -32.876212103597119, 0.0 ], [ -68.870458243726731, -32.87630431418377, 0.0 ], [ -68.870186569005753, -32.876371553177009, 0.0 ], [ -68.870154647377746, -32.876279457093958, 0.0 ], [ -68.870426267511391, -32.876212103597119, 0.0 ] ] ] ] } },
{ "type": "Feature", "properties": { "LAYER": "VM_MOSAICO_PARCELARIO_RIO_", "GM_TYPE": "Unknown Area Type", "MAP_NAME": "Cl_del Oeste_modificado_2026.dwg", "CLOSED": "YES", "BORDER_STY": "Solid", "BORDER_COL": "RGB(255,255,255)", "BORDER_WID": 1, "FILL_STYLE": "No Fill" }, "geometry": { "type": "MultiPolygon", "coordinates": [ [ [ [ -68.870394352012724, -32.876120069795881, 0.0 ], [ -68.870426267511391, -32.876212103597119, 0.0 ], [ -68.870154647377746, -32.876279457093958, 0.0 ], [ -68.870122725816771, -32.876187360099919, 0.0 ], [ -68.870394352012724, -32.876120069795881, 0.0 ] ] ] ] } },
{ "type": "Feature", "properties": { "LAYER": "VM_MOSAICO_PARCELARIO_RIO_", "GM_TYPE": "Unknown Area Type", "MAP_NAME": "Cl_del Oeste_modificado_2026.dwg", "CLOSED": "YES", "BORDER_STY": "Solid", "BORDER_COL": "RGB(255,255,255)", "BORDER_WID": 1, "FILL_STYLE": "No Fill" }, "geometry": { "type": "MultiPolygon", "coordinates": [ [ [ [ -68.87036241636369, -32.876027976452548, 0.0 ], [ -68.870394352012724, -32.876120069795881, 0.0 ], [ -68.870122725816771, -32.876187360099919, 0.0 ], [ -68.870090803251642, -32.876095263997122, 0.0 ], [ -68.87036241636369, -32.876027976452548, 0.0 ] ] ] ] } },
{ "type": "Feature", "properties": { "LAYER": "VM_MOSAICO_PARCELARIO_RIO_", "GM_TYPE": "Unknown Area Type", "MAP_NAME": "Cl_del Oeste_modificado_2026.dwg", "CLOSED": "YES", "BORDER_STY": "Solid", "BORDER_COL": "RGB(255,255,255)", "BORDER_WID": 1, "FILL_STYLE": "No Fill" }, "geometry": { "type": "MultiPolygon", "coordinates": [ [ [ [ -68.870330463754371, -32.875935834390781, 0.0 ], [ -68.87036241636369, -32.876027976452548, 0.0 ], [ -68.870090803251642, -32.876095263997122, 0.0 ], [ -68.870058881822075, -32.876003166984439, 0.0 ], [ -68.870330463754371, -32.875935834390781, 0.0 ] ] ] ] } },
{ "type": "Feature", "properties": { "LAYER": "VM_MOSAICO_PARCELARIO_RIO_", "GM_TYPE": "Unknown Area Type", "MAP_NAME": "Cl_del Oeste_modificado_2026.dwg", "CLOSED": "YES", "BORDER_STY": "Solid", "BORDER_COL": "RGB(255,255,255)", "BORDER_WID": 1, "FILL_STYLE": "No Fill" }, "geometry": { "type": "MultiPolygon", "coordinates": [ [ [ [ -68.870713641880712, -32.877040804269662, 0.0 ], [ -68.870777516821079, -32.877224995251972, 0.0 ], [ -68.870641689365669, -32.877258670175941, 0.0 ], [ -68.87050589815135, -32.87729233687439, 0.0 ], [ -68.870473975866204, -32.877200240884811, 0.0 ], [ -68.870442053648077, -32.877108143984216, 0.0 ], [ -68.870713641880712, -32.877040804269662, 0.0 ] ] ] ] } },
{ "type": "Feature", "properties": { "LAYER": "VM_MOSAICO_PARCELARIO_RIO_", "GM_TYPE": "Unknown Area Type", "MAP_NAME": "Cl_del Oeste_modificado_2026.dwg", "CLOSED": "YES", "BORDER_STY": "Solid", "BORDER_COL": "RGB(255,255,255)", "BORDER_WID": 1, "FILL_STYLE": "No Fill" }, "geometry": { "type": "MultiPolygon", "coordinates": [ [ [ [ -68.870202115575964, -32.877267561760135, 0.0 ], [ -68.870473975866204, -32.877200240884811, 0.0 ], [ -68.87050589815135, -32.87729233687439, 0.0 ], [ -68.870369926370373, -32.877325917577053, 0.0 ], [ -68.870234019523252, -32.877359599188615, 0.0 ], [ -68.870202115575964, -32.877267561760135, 0.0 ] ] ] ] } },
{ "type": "Feature", "properties": { "LAYER": "VM_MOSAICO_PARCELARIO_RIO_", "GM_TYPE": "Unknown Area Type", "MAP_NAME": "Cl_del Oeste_modificado_2026.dwg", "CLOSED": "YES", "BORDER_STY": "Solid", "BORDER_COL": "RGB(255,255,255)", "BORDER_WID": 1, "FILL_STYLE": "No Fill" }, "geometry": { "type": "MultiPolygon", "coordinates": [ [ [ [ -68.870369926370373, -32.877325917577053, 0.0 ], [ -68.870436212376958, -32.877516862204438, 0.0 ], [ -68.870293861677993, -32.877532235526466, 0.0 ], [ -68.870234019523252, -32.877359599188615, 0.0 ], [ -68.870369926370373, -32.877325917577053, 0.0 ] ] ] ] } },
{ "type": "Feature", "properties": { "LAYER": "VM_MOSAICO_PARCELARIO_RIO_", "GM_TYPE": "Unknown Area Type", "MAP_NAME": "Cl_del Oeste_modificado_2026.dwg", "CLOSED": "YES", "BORDER_STY": "Solid", "BORDER_COL": "RGB(255,255,255)", "BORDER_WID": 1, "FILL_STYLE": "No Fill" }, "geometry": { "type": "MultiPolygon", "coordinates": [ [ [ [ -68.870964877983553, -32.875710506993869, 0.0 ], [ -68.870988668408984, -32.875779071099636, 0.0 ], [ -68.870742465596635, -32.875839865218019, 0.0 ], [ -68.870710111212802, -32.875746759825603, 0.0 ], [ -68.870927319701224, -32.875693244084552, 0.0 ], [ -68.870964877983553, -32.875710506993869, 0.0 ] ] ] ] } },
{ "type": "Feature", "properties": { "LAYER": "VM_MOSAICO_PARCELARIO_RIO_", "GM_TYPE": "Unknown Area Type", "MAP_NAME": "Cl_del Oeste_modificado_2026.dwg", "CLOSED": "YES", "BORDER_STY": "Solid", "BORDER_COL": "RGB(255,255,255)", "BORDER_WID": 1, "FILL_STYLE": "No Fill" }, "geometry": { "type": "MultiPolygon", "coordinates": [ [ [ [ -68.870710111212802, -32.875746759825603, 0.0 ], [ -68.870742465596635, -32.875839865218019, 0.0 ], [ -68.870496417277934, -32.875900736556368, 0.0 ], [ -68.870464046392016, -32.875807384020312, 0.0 ], [ -68.870710111212802, -32.875746759825603, 0.0 ] ] ] ] } },
{ "type": "Feature", "properties": { "LAYER": "VM_MOSAICO_PARCELARIO_RIO_", "GM_TYPE": "Unknown Area Type", "MAP_NAME": "Cl_del Oeste_modificado_2026.dwg", "CLOSED": "YES", "BORDER_STY": "Solid", "BORDER_COL": "RGB(255,255,255)", "BORDER_WID": 1, "FILL_STYLE": "No Fill" }, "geometry": { "type": "MultiPolygon", "coordinates": [ [ [ [ -68.870742465596635, -32.875839865218019, 0.0 ], [ -68.870775557989205, -32.875935478974242, 0.0 ], [ -68.870529576731997, -32.875996361266147, 0.0 ], [ -68.870496417277934, -32.875900736556368, 0.0 ], [ -68.870742465596635, -32.875839865218019, 0.0 ] ] ] ] } },
{ "type": "Feature", "properties": { "LAYER": "VM_MOSAICO_PARCELARIO_RIO_", "GM_TYPE": "Unknown Area Type", "MAP_NAME": "Cl_del Oeste_modificado_2026.dwg", "CLOSED": "YES", "BORDER_STY": "Solid", "BORDER_COL": "RGB(255,255,255)", "BORDER_WID": 1, "FILL_STYLE": "No Fill" }, "geometry": { "type": "MultiPolygon", "coordinates": [ [ [ [ -68.870775557989205, -32.875935478974242, 0.0 ], [ -68.870808757307117, -32.876031093732493, 0.0 ], [ -68.870562707527711, -32.876091902078606, 0.0 ], [ -68.870529576731997, -32.875996361266147, 0.0 ], [ -68.870775557989205, -32.875935478974242, 0.0 ] ] ] ] } },
{ "type": "Feature", "properties": { "LAYER": "VM_MOSAICO_PARCELARIO_RIO_", "GM_TYPE": "Unknown Area Type", "MAP_NAME": "Cl_del Oeste_modificado_2026.dwg", "CLOSED": "YES", "BORDER_STY": "Solid", "BORDER_COL": "RGB(255,255,255)", "BORDER_WID": 1, "FILL_STYLE": "No Fill" }, "geometry": { "type": "MultiPolygon", "coordinates": [ [ [ [ -68.870808757307117, -32.876031093732493, 0.0 ], [ -68.870841956566551, -32.876126797748185, 0.0 ], [ -68.870595894785538, -32.876187609752662, 0.0 ], [ -68.870562707527711, -32.876091902078606, 0.0 ], [ -68.870808757307117, -32.876031093732493, 0.0 ] ] ] ] } },
{ "type": "Feature", "properties": { "LAYER": "VM_MOSAICO_PARCELARIO_RIO_", "GM_TYPE": "Unknown Area Type", "MAP_NAME": "Cl_del Oeste_modificado_2026.dwg", "CLOSED": "YES", "BORDER_STY": "Solid", "BORDER_COL": "RGB(255,255,255)", "BORDER_WID": 1, "FILL_STYLE": "No Fill" }, "geometry": { "type": "MultiPolygon", "coordinates": [ [ [ [ -68.870841956566551, -32.876126797748185, 0.0 ], [ -68.870875156026429, -32.876222412486243, 0.0 ], [ -68.870629074671115, -32.876283292161531, 0.0 ], [ -68.870595894785538, -32.876187609752662, 0.0 ], [ -68.870841956566551, -32.876126797748185, 0.0 ] ] ] ] } },
{ "type": "Feature", "properties": { "LAYER": "VM_MOSAICO_PARCELARIO_RIO_", "GM_TYPE": "Unknown Area Type", "MAP_NAME": "Cl_del Oeste_modificado_2026.dwg", "CLOSED": "YES", "BORDER_STY": "Solid", "BORDER_COL": "RGB(255,255,255)", "BORDER_WID": 1, "FILL_STYLE": "No Fill" }, "geometry": { "type": "MultiPolygon", "coordinates": [ [ [ [ -68.870875156026429, -32.876222412486243, 0.0 ], [ -68.870908248702236, -32.876318026202192, 0.0 ], [ -68.870662204609417, -32.876378833844356, 0.0 ], [ -68.870629074671115, -32.876283292161531, 0.0 ], [ -68.870875156026429, -32.876222412486243, 0.0 ] ] ] ] } },
{ "type": "Feature", "properties": { "LAYER": "VM_MOSAICO_PARCELARIO_RIO_", "GM_TYPE": "Unknown Area Type", "MAP_NAME": "Cl_del Oeste_modificado_2026.dwg", "CLOSED": "YES", "BORDER_STY": "Solid", "BORDER_COL": "RGB(255,255,255)", "BORDER_WID": 1, "FILL_STYLE": "No Fill" }, "geometry": { "type": "MultiPolygon", "coordinates": [ [ [ [ -68.870908248702236, -32.876318026202192, 0.0 ], [ -68.87094144937376, -32.876413640019486, 0.0 ], [ -68.870695384636804, -32.876474516233053, 0.0 ], [ -68.870662204609417, -32.876378833844356, 0.0 ], [ -68.870908248702236, -32.876318026202192, 0.0 ] ] ] ] } },
{ "type": "Feature", "properties": { "LAYER": "VM_MOSAICO_PARCELARIO_RIO_", "GM_TYPE": "Unknown Area Type", "MAP_NAME": "Cl_del Oeste_modificado_2026.dwg", "CLOSED": "YES", "BORDER_STY": "Solid", "BORDER_COL": "RGB(255,255,255)", "BORDER_WID": 1, "FILL_STYLE": "No Fill" }, "geometry": { "type": "MultiPolygon", "coordinates": [ [ [ [ -68.87094144937376, -32.876413640019486, 0.0 ], [ -68.870974649046389, -32.876509254727253, 0.0 ], [ -68.870728514716703, -32.876570057895712, 0.0 ], [ -68.870695384636804, -32.876474516233053, 0.0 ], [ -68.87094144937376, -32.876413640019486, 0.0 ] ] ] ] } },
{ "type": "Feature", "properties": { "LAYER": "VM_MOSAICO_PARCELARIO_RIO_", "GM_TYPE": "Unknown Area Type", "MAP_NAME": "Cl_del Oeste_modificado_2026.dwg", "CLOSED": "YES", "BORDER_STY": "Solid", "BORDER_COL": "RGB(255,255,255)", "BORDER_WID": 1, "FILL_STYLE": "No Fill" }, "geometry": { "type": "MultiPolygon", "coordinates": [ [ [ [ -68.870974649046389, -32.876509254727253, 0.0 ], [ -68.871007741934591, -32.876604868413075, 0.0 ], [ -68.870761694885886, -32.876665740264301, 0.0 ], [ -68.870728514716703, -32.876570057895712, 0.0 ], [ -68.870974649046389, -32.876509254727253, 0.0 ] ] ] ] } },
{ "type": "Feature", "properties": { "LAYER": "VM_MOSAICO_PARCELARIO_RIO_", "GM_TYPE": "Unknown Area Type", "MAP_NAME": "Cl_del Oeste_modificado_2026.dwg", "CLOSED": "YES", "BORDER_STY": "Solid", "BORDER_COL": "RGB(255,255,255)", "BORDER_WID": 1, "FILL_STYLE": "No Fill" }, "geometry": { "type": "MultiPolygon", "coordinates": [ [ [ [ -68.871007741934591, -32.876604868413075, 0.0 ], [ -68.871040941749001, -32.87670048310067, 0.0 ], [ -68.870794854908297, -32.87676136399174, 0.0 ], [ -68.870761694885886, -32.876665740264301, 0.0 ], [ -68.871007741934591, -32.876604868413075, 0.0 ] ] ] ] } },
{ "type": "Feature", "properties": { "LAYER": "VM_MOSAICO_PARCELARIO_RIO_", "GM_TYPE": "Unknown Area Type", "MAP_NAME": "Cl_del Oeste_modificado_2026.dwg", "CLOSED": "YES", "BORDER_STY": "Solid", "BORDER_COL": "RGB(255,255,255)", "BORDER_WID": 1, "FILL_STYLE": "No Fill" }, "geometry": { "type": "MultiPolygon", "coordinates": [ [ [ [ -68.871040941749001, -32.87670048310067, 0.0 ], [ -68.87107414163566, -32.87679609687649, 0.0 ], [ -68.87082798520062, -32.876856905624209, 0.0 ], [ -68.870794854908297, -32.87676136399174, 0.0 ], [ -68.871040941749001, -32.87670048310067, 0.0 ] ] ] ] } },
{ "type": "Feature", "properties": { "LAYER": "VM_MOSAICO_PARCELARIO_RIO_", "GM_TYPE": "Unknown Area Type", "MAP_NAME": "Cl_del Oeste_modificado_2026.dwg", "CLOSED": "YES", "BORDER_STY": "Solid", "BORDER_COL": "RGB(255,255,255)", "BORDER_WID": 1, "FILL_STYLE": "No Fill" }, "geometry": { "type": "MultiPolygon", "coordinates": [ [ [ [ -68.870894353478874, -32.877048295545805, 0.0 ], [ -68.871140435701577, -32.876987415359736, 0.0 ], [ -68.871173635801014, -32.877083029105293, 0.0 ], [ -68.870927505271496, -32.877143894878436, 0.0 ], [ -68.870894353478874, -32.877048295545805, 0.0 ] ] ] ] } },
{ "type": "Feature", "properties": { "LAYER": "VM_MOSAICO_PARCELARIO_RIO_", "GM_TYPE": "Unknown Area Type", "MAP_NAME": "Cl_del Oeste_modificado_2026.dwg", "CLOSED": "YES", "BORDER_STY": "Solid", "BORDER_COL": "RGB(255,255,255)", "BORDER_WID": 1, "FILL_STYLE": "No Fill" }, "geometry": { "type": "MultiPolygon", "coordinates": [ [ [ [ -68.87099382502609, -32.877335143123105, 0.0 ], [ -68.871239929354033, -32.877274257357747, 0.0 ], [ -68.871273103063942, -32.877369793500023, 0.0 ], [ -68.871026948298535, -32.877430660341737, 0.0 ], [ -68.87099382502609, -32.877335143123105, 0.0 ] ] ] ] } },
{ "type": "Feature", "properties": { "LAYER": "VM_MOSAICO_PARCELARIO_RIO_", "GM_TYPE": "Unknown Area Type", "MAP_NAME": "Cl_del Oeste_modificado_2026.dwg", "CLOSED": "YES", "BORDER_STY": "Solid", "BORDER_COL": "RGB(255,255,255)", "BORDER_WID": 1, "FILL_STYLE": "No Fill" }, "geometry": { "type": "MultiPolygon", "coordinates": [ [ [ [ -68.871485833489871, -32.877213394345546, 0.0 ], [ -68.871518991322972, -32.877308992624386, 0.0 ], [ -68.871273103063942, -32.877369793500023, 0.0 ], [ -68.871239929354033, -32.877274257357747, 0.0 ], [ -68.871485833489871, -32.877213394345546, 0.0 ] ] ] ] } },
{ "type": "Feature", "properties": { "LAYER": "VM_MOSAICO_PARCELARIO_RIO_", "GM_TYPE": "Unknown Area Type", "MAP_NAME": "Cl_del Oeste_modificado_2026.dwg", "CLOSED": "YES", "BORDER_STY": "Solid", "BORDER_COL": "RGB(255,255,255)", "BORDER_WID": 1, "FILL_STYLE": "No Fill" }, "geometry": { "type": "MultiPolygon", "coordinates": [ [ [ [ -68.871452668282785, -32.877117771703197, 0.0 ], [ -68.871485833489871, -32.877213394345546, 0.0 ], [ -68.871239929354033, -32.877274257357747, 0.0 ], [ -68.871206729112785, -32.877178643632384, 0.0 ], [ -68.871452668282785, -32.877117771703197, 0.0 ] ] ] ] } },
{ "type": "Feature", "properties": { "LAYER": "VM_MOSAICO_PARCELARIO_RIO_", "GM_TYPE": "Unknown Area Type", "MAP_NAME": "Cl_del Oeste_modificado_2026.dwg", "CLOSED": "YES", "BORDER_STY": "Solid", "BORDER_COL": "RGB(255,255,255)", "BORDER_WID": 1, "FILL_STYLE": "No Fill" }, "geometry": { "type": "MultiPolygon", "coordinates": [ [ [ [ -68.871419502078012, -32.877022149049715, 0.0 ], [ -68.871452668282785, -32.877117771703197, 0.0 ], [ -68.871206729112785, -32.877178643632384, 0.0 ], [ -68.871173635801014, -32.877083029105293, 0.0 ], [ -68.871419502078012, -32.877022149049715, 0.0 ] ] ] ] } },
{ "type": "Feature", "properties": { "LAYER": "VM_MOSAICO_PARCELARIO_RIO_", "GM_TYPE": "Unknown Area Type", "MAP_NAME": "Cl_del Oeste_modificado_2026.dwg", "CLOSED": "YES", "BORDER_STY": "Solid", "BORDER_COL": "RGB(255,255,255)", "BORDER_WID": 1, "FILL_STYLE": "No Fill" }, "geometry": { "type": "MultiPolygon", "coordinates": [ [ [ [ -68.871386344457562, -32.876926550740635, 0.0 ], [ -68.871419502078012, -32.877022149049715, 0.0 ], [ -68.871173635801014, -32.877083029105293, 0.0 ], [ -68.871140435701577, -32.876987415359736, 0.0 ], [ -68.871386344457562, -32.876926550740635, 0.0 ] ] ] ] } },
{ "type": "Feature", "properties": { "LAYER": "VM_MOSAICO_PARCELARIO_RIO_", "GM_TYPE": "Unknown Area Type", "MAP_NAME": "Cl_del Oeste_modificado_2026.dwg", "CLOSED": "YES", "BORDER_STY": "Solid", "BORDER_COL": "RGB(255,255,255)", "BORDER_WID": 1, "FILL_STYLE": "No Fill" }, "geometry": { "type": "MultiPolygon", "coordinates": [ [ [ [ -68.871353179463114, -32.876830928068053, 0.0 ], [ -68.871386344457562, -32.876926550740635, 0.0 ], [ -68.871140435701577, -32.876987415359736, 0.0 ], [ -68.871107234734978, -32.876891711433757, 0.0 ], [ -68.871353179463114, -32.876830928068053, 0.0 ] ] ] ] } },
{ "type": "Feature", "properties": { "LAYER": "VM_MOSAICO_PARCELARIO_RIO_", "GM_TYPE": "Unknown Area Type", "MAP_NAME": "Cl_del Oeste_modificado_2026.dwg", "CLOSED": "YES", "BORDER_STY": "Solid", "BORDER_COL": "RGB(255,255,255)", "BORDER_WID": 1, "FILL_STYLE": "No Fill" }, "geometry": { "type": "MultiPolygon", "coordinates": [ [ [ [ -68.87107414163566, -32.87679609687649, 0.0 ], [ -68.87132003159104, -32.876735336962291, 0.0 ], [ -68.871322236456422, -32.876741712402861, 0.0 ], [ -68.871353179463114, -32.876830928068053, 0.0 ], [ -68.871107234734978, -32.876891711433757, 0.0 ], [ -68.87107414163566, -32.87679609687649, 0.0 ] ] ] ] } },
{ "type": "Feature", "properties": { "LAYER": "VM_MOSAICO_PARCELARIO_RIO_", "GM_TYPE": "Unknown Area Type", "MAP_NAME": "Cl_del Oeste_modificado_2026.dwg", "CLOSED": "YES", "BORDER_STY": "Solid", "BORDER_COL": "RGB(255,255,255)", "BORDER_WID": 1, "FILL_STYLE": "No Fill" }, "geometry": { "type": "MultiPolygon", "coordinates": [ [ [ [ -68.871286966126789, -32.876639706256547, 0.0 ], [ -68.87132003159104, -32.876735336962291, 0.0 ], [ -68.87107414163566, -32.87679609687649, 0.0 ], [ -68.871040941749001, -32.87670048310067, 0.0 ], [ -68.871286966126789, -32.876639706256547, 0.0 ] ] ] ] } },
{ "type": "Feature", "properties": { "LAYER": "VM_MOSAICO_PARCELARIO_RIO_", "GM_TYPE": "Unknown Area Type", "MAP_NAME": "Cl_del Oeste_modificado_2026.dwg", "CLOSED": "YES", "BORDER_STY": "Solid", "BORDER_COL": "RGB(255,255,255)", "BORDER_WID": 1, "FILL_STYLE": "No Fill" }, "geometry": { "type": "MultiPolygon", "coordinates": [ [ [ [ -68.871253876263083, -32.876544001576804, 0.0 ], [ -68.871286966126789, -32.876639706256547, 0.0 ], [ -68.871040941749001, -32.87670048310067, 0.0 ], [ -68.871007741934591, -32.876604868413075, 0.0 ], [ -68.871253876263083, -32.876544001576804, 0.0 ] ] ] ] } },
{ "type": "Feature", "properties": { "LAYER": "VM_MOSAICO_PARCELARIO_RIO_", "GM_TYPE": "Unknown Area Type", "MAP_NAME": "Cl_del Oeste_modificado_2026.dwg", "CLOSED": "YES", "BORDER_STY": "Solid", "BORDER_COL": "RGB(255,255,255)", "BORDER_WID": 1, "FILL_STYLE": "No Fill" }, "geometry": { "type": "MultiPolygon", "coordinates": [ [ [ [ -68.871220710544719, -32.876448336483293, 0.0 ], [ -68.871250410429525, -32.876533977484897, 0.0 ], [ -68.871253876263083, -32.876544001576804, 0.0 ], [ -68.871007741934591, -32.876604868413075, 0.0 ], [ -68.870974649046389, -32.876509254727253, 0.0 ], [ -68.871220710544719, -32.876448336483293, 0.0 ] ] ] ] } },
{ "type": "Feature", "properties": { "LAYER": "VM_MOSAICO_PARCELARIO_RIO_", "GM_TYPE": "Unknown Area Type", "MAP_NAME": "Cl_del Oeste_modificado_2026.dwg", "CLOSED": "YES", "BORDER_STY": "Solid", "BORDER_COL": "RGB(255,255,255)", "BORDER_WID": 1, "FILL_STYLE": "No Fill" }, "geometry": { "type": "MultiPolygon", "coordinates": [ [ [ [ -68.87094144937376, -32.876413640019486, 0.0 ], [ -68.871187571460098, -32.876352776003586, 0.0 ], [ -68.871220710544719, -32.876448336483293, 0.0 ], [ -68.870974649046389, -32.876509254727253, 0.0 ], [ -68.87094144937376, -32.876413640019486, 0.0 ] ] ] ] } },
{ "type": "Feature", "properties": { "LAYER": "VM_MOSAICO_PARCELARIO_RIO_", "GM_TYPE": "Unknown Area Type", "MAP_NAME": "Cl_del Oeste_modificado_2026.dwg", "CLOSED": "YES", "BORDER_STY": "Solid", "BORDER_COL": "RGB(255,255,255)", "BORDER_WID": 1, "FILL_STYLE": "No Fill" }, "geometry": { "type": "MultiPolygon", "coordinates": [ [ [ [ -68.871154433613924, -32.876257146986276, 0.0 ], [ -68.87117836995499, -32.876326242298411, 0.0 ], [ -68.871187571460098, -32.876352776003586, 0.0 ], [ -68.87094144937376, -32.876413640019486, 0.0 ], [ -68.870908248702236, -32.876318026202192, 0.0 ], [ -68.871154433613924, -32.876257146986276, 0.0 ] ] ] ] } },
{ "type": "Feature", "properties": { "LAYER": "VM_MOSAICO_PARCELARIO_RIO_", "GM_TYPE": "Unknown Area Type", "MAP_NAME": "Cl_del Oeste_modificado_2026.dwg", "CLOSED": "YES", "BORDER_STY": "Solid", "BORDER_COL": "RGB(255,255,255)", "BORDER_WID": 1, "FILL_STYLE": "No Fill" }, "geometry": { "type": "MultiPolygon", "coordinates": [ [ [ [ -68.871121313972822, -32.876161539618195, 0.0 ], [ -68.871154433613924, -32.876257146986276, 0.0 ], [ -68.870908248702236, -32.876318026202192, 0.0 ], [ -68.870875156026429, -32.876222412486243, 0.0 ], [ -68.871121313972822, -32.876161539618195, 0.0 ] ] ] ] } },
{ "type": "Feature", "properties": { "LAYER": "VM_MOSAICO_PARCELARIO_RIO_", "GM_TYPE": "Unknown Area Type", "MAP_NAME": "Cl_del Oeste_modificado_2026.dwg", "CLOSED": "YES", "BORDER_STY": "Solid", "BORDER_COL": "RGB(255,255,255)", "BORDER_WID": 1, "FILL_STYLE": "No Fill" }, "geometry": { "type": "MultiPolygon", "coordinates": [ [ [ [ -68.871088146432157, -32.876065852841606, 0.0 ], [ -68.871106437607764, -32.876118598246499, 0.0 ], [ -68.871121313972822, -32.876161539618195, 0.0 ], [ -68.870875156026429, -32.876222412486243, 0.0 ], [ -68.870841956566551, -32.876126797748185, 0.0 ], [ -68.871088146432157, -32.876065852841606, 0.0 ] ] ] ] } },
{ "type": "Feature", "properties": { "LAYER": "VM_MOSAICO_PARCELARIO_RIO_", "GM_TYPE": "Unknown Area Type", "MAP_NAME": "Cl_del Oeste_modificado_2026.dwg", "CLOSED": "YES", "BORDER_STY": "Solid", "BORDER_COL": "RGB(255,255,255)", "BORDER_WID": 1, "FILL_STYLE": "No Fill" }, "geometry": { "type": "MultiPolygon", "coordinates": [ [ [ [ -68.870808757307117, -32.876031093732493, 0.0 ], [ -68.871055015081978, -32.875970312166551, 0.0 ], [ -68.871088146432157, -32.876065852841606, 0.0 ], [ -68.870841956566551, -32.876126797748185, 0.0 ], [ -68.870808757307117, -32.876031093732493, 0.0 ] ] ] ] } },
{ "type": "Feature", "properties": { "LAYER": "VM_MOSAICO_PARCELARIO_RIO_", "GM_TYPE": "Unknown Area Type", "MAP_NAME": "Cl_del Oeste_modificado_2026.dwg", "CLOSED": "YES", "BORDER_STY": "Solid", "BORDER_COL": "RGB(255,255,255)", "BORDER_WID": 1, "FILL_STYLE": "No Fill" }, "geometry": { "type": "MultiPolygon", "coordinates": [ [ [ [ -68.871021818858125, -32.875874607306194, 0.0 ], [ -68.871034398870435, -32.875910862966016, 0.0 ], [ -68.871055015081978, -32.875970312166551, 0.0 ], [ -68.870808757307117, -32.876031093732493, 0.0 ], [ -68.870775557989205, -32.875935478974242, 0.0 ], [ -68.871021818858125, -32.875874607306194, 0.0 ] ] ] ] } },
{ "type": "Feature", "properties": { "LAYER": "VM_MOSAICO_PARCELARIO_RIO_", "GM_TYPE": "Unknown Area Type", "MAP_NAME": "Cl_del Oeste_modificado_2026.dwg", "CLOSED": "YES", "BORDER_STY": "Solid", "BORDER_COL": "RGB(255,255,255)", "BORDER_WID": 1, "FILL_STYLE": "No Fill" }, "geometry": { "type": "MultiPolygon", "coordinates": [ [ [ [ -68.870742465596635, -32.875839865218019, 0.0 ], [ -68.870988668408984, -32.875779071099636, 0.0 ], [ -68.871021818858125, -32.875874607306194, 0.0 ], [ -68.870775557989205, -32.875935478974242, 0.0 ], [ -68.870742465596635, -32.875839865218019, 0.0 ] ] ] ] } },
{ "type": "Feature", "properties": { "LAYER": "VM_MOSAICO_PARCELARIO_RIO_", "GM_TYPE": "Unknown Area Type", "MAP_NAME": "Cl_del Oeste_modificado_2026.dwg", "CLOSED": "YES", "BORDER_STY": "Solid", "BORDER_COL": "RGB(255,255,255)", "BORDER_WID": 1, "FILL_STYLE": "No Fill" }, "geometry": { "type": "MultiPolygon", "coordinates": [ [ [ [ -68.871173635801014, -32.877083029105293, 0.0 ], [ -68.871206729112785, -32.877178643632384, 0.0 ], [ -68.871239929354033, -32.877274257357747, 0.0 ], [ -68.87099382502609, -32.877335143123105, 0.0 ], [ -68.870927505271496, -32.877143894878436, 0.0 ], [ -68.871173635801014, -32.877083029105293, 0.0 ] ] ] ] } },
{ "type": "Feature", "properties": { "LAYER": "VM_MOSAICO_PARCELARIO_RIO_", "GM_TYPE": "Unknown Area Type", "MAP_NAME": "Cl_del Oeste_modificado_2026.dwg", "CLOSED": "YES", "BORDER_STY": "Solid", "BORDER_COL": "RGB(255,255,255)", "BORDER_WID": 1, "FILL_STYLE": "No Fill" }, "geometry": { "type": "MultiPolygon", "coordinates": [ [ [ [ -68.870861165582554, -32.876952587962478, 0.0 ], [ -68.87082798520062, -32.876856905624209, 0.0 ], [ -68.87107414163566, -32.87679609687649, 0.0 ], [ -68.871107234734978, -32.876891711433757, 0.0 ], [ -68.871140435701577, -32.876987415359736, 0.0 ], [ -68.870894353478874, -32.877048295545805, 0.0 ], [ -68.870861165582554, -32.876952587962478, 0.0 ] ] ] ] } },
{ "type": "Feature", "properties": { "LAYER": "VM_MOSAICO_PARCELARIO_RIO_", "GM_TYPE": "Unknown Area Type", "MAP_NAME": "Cl_del Oeste_modificado_2026.dwg", "CLOSED": "YES", "BORDER_STY": "Solid", "BORDER_COL": "RGB(255,255,255)", "BORDER_WID": 1, "FILL_STYLE": "No Fill" }, "geometry": { "type": "MultiPolygon", "coordinates": [ [ [ [ -68.871687403351132, -32.875611097286942, 0.0 ], [ -68.871441120247184, -32.875671165033978, 0.0 ], [ -68.871407601118165, -32.87557464841445, 0.0 ], [ -68.871582799668033, -32.875531458721206, 0.0 ], [ -68.871687403351132, -32.875611097286942, 0.0 ] ] ] ] } },
{ "type": "Feature", "properties": { "LAYER": "VM_MOSAICO_PARCELARIO_RIO_", "GM_TYPE": "Unknown Area Type", "MAP_NAME": "Cl_del Oeste_modificado_2026.dwg", "CLOSED": "YES", "BORDER_STY": "Solid", "BORDER_COL": "RGB(255,255,255)", "BORDER_WID": 1, "FILL_STYLE": "No Fill" }, "geometry": { "type": "MultiPolygon", "coordinates": [ [ [ [ -68.871407601118165, -32.87557464841445, 0.0 ], [ -68.871441120247184, -32.875671165033978, 0.0 ], [ -68.871194849510047, -32.87573131887045, 0.0 ], [ -68.871168762509285, -32.875656175481502, 0.0 ], [ -68.871161530726255, -32.875635347015802, 0.0 ], [ -68.871183664151516, -32.875629887511543, 0.0 ], [ -68.871407601118165, -32.87557464841445, 0.0 ] ] ] ] } },
{ "type": "Feature", "properties": { "LAYER": "VM_MOSAICO_PARCELARIO_RIO_", "GM_TYPE": "Unknown Area Type", "MAP_NAME": "Cl_del Oeste_modificado_2026.dwg", "CLOSED": "YES", "BORDER_STY": "Solid", "BORDER_COL": "RGB(255,255,255)", "BORDER_WID": 1, "FILL_STYLE": "No Fill" }, "geometry": { "type": "MultiPolygon", "coordinates": [ [ [ [ -68.871441120247184, -32.875671165033978, 0.0 ], [ -68.871474851990016, -32.875768492484539, 0.0 ], [ -68.871228605721114, -32.875828550831741, 0.0 ], [ -68.871194849510047, -32.87573131887045, 0.0 ], [ -68.871441120247184, -32.875671165033978, 0.0 ] ] ] ] } },
{ "type": "Feature", "properties": { "LAYER": "VM_MOSAICO_PARCELARIO_RIO_", "GM_TYPE": "Unknown Area Type", "MAP_NAME": "Cl_del Oeste_modificado_2026.dwg", "CLOSED": "YES", "BORDER_STY": "Solid", "BORDER_COL": "RGB(255,255,255)", "BORDER_WID": 1, "FILL_STYLE": "No Fill" }, "geometry": { "type": "MultiPolygon", "coordinates": [ [ [ [ -68.871474851990016, -32.875768492484539, 0.0 ], [ -68.871508477080582, -32.875865729645632, 0.0 ], [ -68.871262275422382, -32.875925803432494, 0.0 ], [ -68.871236656910582, -32.875851741673124, 0.0 ], [ -68.871228605721114, -32.875828550831741, 0.0 ], [ -68.871474851990016, -32.875768492484539, 0.0 ] ] ] ] } },
{ "type": "Feature", "properties": { "LAYER": "VM_MOSAICO_PARCELARIO_RIO_", "GM_TYPE": "Unknown Area Type", "MAP_NAME": "Cl_del Oeste_modificado_2026.dwg", "CLOSED": "YES", "BORDER_STY": "Solid", "BORDER_COL": "RGB(255,255,255)", "BORDER_WID": 1, "FILL_STYLE": "No Fill" }, "geometry": { "type": "MultiPolygon", "coordinates": [ [ [ [ -68.871508477080582, -32.875865729645632, 0.0 ], [ -68.871542210037319, -32.875963057978169, 0.0 ], [ -68.871295938690324, -32.876023121839729, 0.0 ], [ -68.871262275422382, -32.875925803432494, 0.0 ], [ -68.871508477080582, -32.875865729645632, 0.0 ] ] ] ] } },
{ "type": "Feature", "properties": { "LAYER": "VM_MOSAICO_PARCELARIO_RIO_", "GM_TYPE": "Unknown Area Type", "MAP_NAME": "Cl_del Oeste_modificado_2026.dwg", "CLOSED": "YES", "BORDER_STY": "Solid", "BORDER_COL": "RGB(255,255,255)", "BORDER_WID": 1, "FILL_STYLE": "No Fill" }, "geometry": { "type": "MultiPolygon", "coordinates": [ [ [ [ -68.871542210037319, -32.875963057978169, 0.0 ], [ -68.871575942130193, -32.876060295228179, 0.0 ], [ -68.871329593701859, -32.876120288743465, 0.0 ], [ -68.871302523440448, -32.876042157964818, 0.0 ], [ -68.871295938690324, -32.876023121839729, 0.0 ], [ -68.871542210037319, -32.875963057978169, 0.0 ] ] ] ] } },
{ "type": "Feature", "properties": { "LAYER": "VM_MOSAICO_PARCELARIO_RIO_", "GM_TYPE": "Unknown Area Type", "MAP_NAME": "Cl_del Oeste_modificado_2026.dwg", "CLOSED": "YES", "BORDER_STY": "Solid", "BORDER_COL": "RGB(255,255,255)", "BORDER_WID": 1, "FILL_STYLE": "No Fill" }, "geometry": { "type": "MultiPolygon", "coordinates": [ [ [ [ -68.871575942130193, -32.876060295228179, 0.0 ], [ -68.871609567308965, -32.876157623429044, 0.0 ], [ -68.87136331587017, -32.876217618912406, 0.0 ], [ -68.871329593701859, -32.876120288743465, 0.0 ], [ -68.871575942130193, -32.876060295228179, 0.0 ] ] ] ] } },
{ "type": "Feature", "properties": { "LAYER": "VM_MOSAICO_PARCELARIO_RIO_", "GM_TYPE": "Unknown Area Type", "MAP_NAME": "Cl_del Oeste_modificado_2026.dwg", "CLOSED": "YES", "BORDER_STY": "Solid", "BORDER_COL": "RGB(255,255,255)", "BORDER_WID": 1, "FILL_STYLE": "No Fill" }, "geometry": { "type": "MultiPolygon", "coordinates": [ [ [ [ -68.871609567308965, -32.876157623429044, 0.0 ], [ -68.87164329954841, -32.876254860658214, 0.0 ], [ -68.871397042425173, -32.876314922024555, 0.0 ], [ -68.871368497106886, -32.876232574326572, 0.0 ], [ -68.87136331587017, -32.876217618912406, 0.0 ], [ -68.871609567308965, -32.876157623429044, 0.0 ] ] ] ] } },
{ "type": "Feature", "properties": { "LAYER": "VM_MOSAICO_PARCELARIO_RIO_", "GM_TYPE": "Unknown Area Type", "MAP_NAME": "Cl_del Oeste_modificado_2026.dwg", "CLOSED": "YES", "BORDER_STY": "Solid", "BORDER_COL": "RGB(255,255,255)", "BORDER_WID": 1, "FILL_STYLE": "No Fill" }, "geometry": { "type": "MultiPolygon", "coordinates": [ [ [ [ -68.87164329954841, -32.876254860658214, 0.0 ], [ -68.871677031729931, -32.876352188947955, 0.0 ], [ -68.871430759487197, -32.876412189950358, 0.0 ], [ -68.871397042425173, -32.876314922024555, 0.0 ], [ -68.87164329954841, -32.876254860658214, 0.0 ] ] ] ] } },
{ "type": "Feature", "properties": { "LAYER": "VM_MOSAICO_PARCELARIO_RIO_", "GM_TYPE": "Unknown Area Type", "MAP_NAME": "Cl_del Oeste_modificado_2026.dwg", "CLOSED": "YES", "BORDER_STY": "Solid", "BORDER_COL": "RGB(255,255,255)", "BORDER_WID": 1, "FILL_STYLE": "No Fill" }, "geometry": { "type": "MultiPolygon", "coordinates": [ [ [ [ -68.871677031729931, -32.876352188947955, 0.0 ], [ -68.871710764116003, -32.87644942615632, 0.0 ], [ -68.871464519327404, -32.876509484058758, 0.0 ], [ -68.871434472252787, -32.876422900480328, 0.0 ], [ -68.871430759487197, -32.876412189950358, 0.0 ], [ -68.871677031729931, -32.876352188947955, 0.0 ] ] ] ] } },
{ "type": "Feature", "properties": { "LAYER": "VM_MOSAICO_PARCELARIO_RIO_", "GM_TYPE": "Unknown Area Type", "MAP_NAME": "Cl_del Oeste_modificado_2026.dwg", "CLOSED": "YES", "BORDER_STY": "Solid", "BORDER_COL": "RGB(255,255,255)", "BORDER_WID": 1, "FILL_STYLE": "No Fill" }, "geometry": { "type": "MultiPolygon", "coordinates": [ [ [ [ -68.871464519327404, -32.876509484058758, 0.0 ], [ -68.871710764116003, -32.87644942615632, 0.0 ], [ -68.871744389588997, -32.87654675341394, 0.0 ], [ -68.871498243080183, -32.876606659997613, 0.0 ], [ -68.871464519327404, -32.876509484058758, 0.0 ] ] ] ] } },
{ "type": "Feature", "properties": { "LAYER": "VM_MOSAICO_PARCELARIO_RIO_", "GM_TYPE": "Unknown Area Type", "MAP_NAME": "Cl_del Oeste_modificado_2026.dwg", "CLOSED": "YES", "BORDER_STY": "Solid", "BORDER_COL": "RGB(255,255,255)", "BORDER_WID": 1, "FILL_STYLE": "No Fill" }, "geometry": { "type": "MultiPolygon", "coordinates": [ [ [ [ -68.871744389588997, -32.87654675341394, 0.0 ], [ -68.871778123188903, -32.876643991504203, 0.0 ], [ -68.871682558459327, -32.876667336644999, 0.0 ], [ -68.871583260108764, -32.876691416366818, 0.0 ], [ -68.871531953987173, -32.876703902638198, 0.0 ], [ -68.871500553338706, -32.876613315970353, 0.0 ], [ -68.871498243080183, -32.876606659997613, 0.0 ], [ -68.871744389588997, -32.87654675341394, 0.0 ] ] ] ] } },
{ "type": "Feature", "properties": { "LAYER": "VM_MOSAICO_PARCELARIO_RIO_", "GM_TYPE": "Unknown Area Type", "MAP_NAME": "Cl_del Oeste_modificado_2026.dwg", "CLOSED": "YES", "BORDER_STY": "Solid", "BORDER_COL": "RGB(255,255,255)", "BORDER_WID": 1, "FILL_STYLE": "No Fill" }, "geometry": { "type": "MultiPolygon", "coordinates": [ [ [ [ -68.871531953987173, -32.876703902638198, 0.0 ], [ -68.871583260108764, -32.876691416366818, 0.0 ], [ -68.871682558459327, -32.876667336644999, 0.0 ], [ -68.871778123188903, -32.876643991504203, 0.0 ], [ -68.871811855665101, -32.876741318850534, 0.0 ], [ -68.871565691560718, -32.876801229153173, 0.0 ], [ -68.871531953987173, -32.876703902638198, 0.0 ] ] ] ] } },
{ "type": "Feature", "properties": { "LAYER": "VM_MOSAICO_PARCELARIO_RIO_", "GM_TYPE": "Unknown Area Type", "MAP_NAME": "Cl_del Oeste_modificado_2026.dwg", "CLOSED": "YES", "BORDER_STY": "Solid", "BORDER_COL": "RGB(255,255,255)", "BORDER_WID": 1, "FILL_STYLE": "No Fill" }, "geometry": { "type": "MultiPolygon", "coordinates": [ [ [ [ -68.871811855665101, -32.876741318850534, 0.0 ], [ -68.871845481486176, -32.876838556809425, 0.0 ], [ -68.871599406797614, -32.876898534895766, 0.0 ], [ -68.871566527977677, -32.876803642043143, 0.0 ], [ -68.871565691560718, -32.876801229153173, 0.0 ], [ -68.871811855665101, -32.876741318850534, 0.0 ] ] ] ] } },
{ "type": "Feature", "properties": { "LAYER": "VM_MOSAICO_PARCELARIO_RIO_", "GM_TYPE": "Unknown Area Type", "MAP_NAME": "Cl_del Oeste_modificado_2026.dwg", "CLOSED": "YES", "BORDER_STY": "Solid", "BORDER_COL": "RGB(255,255,255)", "BORDER_WID": 1, "FILL_STYLE": "No Fill" }, "geometry": { "type": "MultiPolygon", "coordinates": [ [ [ [ -68.871845481486176, -32.876838556809425, 0.0 ], [ -68.871879214108986, -32.876935884134895, 0.0 ], [ -68.871632503835954, -32.876994058246346, 0.0 ], [ -68.871599406797614, -32.876898534895766, 0.0 ], [ -68.871845481486176, -32.876838556809425, 0.0 ] ] ] ] } },
{ "type": "Feature", "properties": { "LAYER": "VM_MOSAICO_PARCELARIO_RIO_", "GM_TYPE": "Unknown Area Type", "MAP_NAME": "Cl_del Oeste_modificado_2026.dwg", "CLOSED": "YES", "BORDER_STY": "Solid", "BORDER_COL": "RGB(255,255,255)", "BORDER_WID": 1, "FILL_STYLE": "No Fill" }, "geometry": { "type": "MultiPolygon", "coordinates": [ [ [ [ -68.871879214108986, -32.876935884134895, 0.0 ], [ -68.871912946933563, -32.877033122182418, 0.0 ], [ -68.871666794917374, -32.877093029085756, 0.0 ], [ -68.871632503835954, -32.876994058246346, 0.0 ], [ -68.871879214108986, -32.876935884134895, 0.0 ] ] ] ] } },
{ "type": "Feature", "properties": { "LAYER": "VM_MOSAICO_PARCELARIO_RIO_", "GM_TYPE": "Unknown Area Type", "MAP_NAME": "Cl_del Oeste_modificado_2026.dwg", "CLOSED": "YES", "BORDER_STY": "Solid", "BORDER_COL": "RGB(255,255,255)", "BORDER_WID": 1, "FILL_STYLE": "No Fill" }, "geometry": { "type": "MultiPolygon", "coordinates": [ [ [ [ -68.871666794917374, -32.877093029085756, 0.0 ], [ -68.871912946933563, -32.877033122182418, 0.0 ], [ -68.871944296640365, -32.877123859272174, 0.0 ], [ -68.871946568589678, -32.877130436749574, 0.0 ], [ -68.871700515718331, -32.877190333900892, 0.0 ], [ -68.871698478906481, -32.877184474408566, 0.0 ], [ -68.871666794917374, -32.877093029085756, 0.0 ] ] ] ] } },
{ "type": "Feature", "properties": { "LAYER": "VM_MOSAICO_PARCELARIO_RIO_", "GM_TYPE": "Unknown Area Type", "MAP_NAME": "Cl_del Oeste_modificado_2026.dwg", "CLOSED": "YES", "BORDER_STY": "Solid", "BORDER_COL": "RGB(255,255,255)", "BORDER_WID": 1, "FILL_STYLE": "No Fill" }, "geometry": { "type": "MultiPolygon", "coordinates": [ [ [ [ -68.872138989762973, -32.876978001169384, 0.0 ], [ -68.872170209157787, -32.877068103277942, 0.0 ], [ -68.872162234234054, -32.87707789203133, 0.0 ], [ -68.871946568589678, -32.877130436749574, 0.0 ], [ -68.871944296640365, -32.877123859272174, 0.0 ], [ -68.871912946933563, -32.877033122182418, 0.0 ], [ -68.872138989762973, -32.876978001169384, 0.0 ] ] ] ] } },
{ "type": "Feature", "properties": { "LAYER": "VM_MOSAICO_PARCELARIO_RIO_", "GM_TYPE": "Unknown Area Type", "MAP_NAME": "Cl_del Oeste_modificado_2026.dwg", "CLOSED": "YES", "BORDER_STY": "Solid", "BORDER_COL": "RGB(255,255,255)", "BORDER_WID": 1, "FILL_STYLE": "No Fill" }, "geometry": { "type": "MultiPolygon", "coordinates": [ [ [ [ -68.871879214108986, -32.876935884134895, 0.0 ], [ -68.872105323925808, -32.876880837189042, 0.0 ], [ -68.872138989762973, -32.876978001169384, 0.0 ], [ -68.871912946933563, -32.877033122182418, 0.0 ], [ -68.871879214108986, -32.876935884134895, 0.0 ] ] ] ] } },
{ "type": "Feature", "properties": { "LAYER": "VM_MOSAICO_PARCELARIO_RIO_", "GM_TYPE": "Unknown Area Type", "MAP_NAME": "Cl_del Oeste_modificado_2026.dwg", "CLOSED": "YES", "BORDER_STY": "Solid", "BORDER_COL": "RGB(255,255,255)", "BORDER_WID": 1, "FILL_STYLE": "No Fill" }, "geometry": { "type": "MultiPolygon", "coordinates": [ [ [ [ -68.872091233492995, -32.876777586044632, 0.0 ], [ -68.872077203385686, -32.876799753366576, 0.0 ], [ -68.872104233163228, -32.876877687358729, 0.0 ], [ -68.872105323925808, -32.876880837189042, 0.0 ], [ -68.871879214108986, -32.876935884134895, 0.0 ], [ -68.871845481486176, -32.876838556809425, 0.0 ], [ -68.872091233492995, -32.876777586044632, 0.0 ] ] ] ] } },
{ "type": "Feature", "properties": { "LAYER": "VM_MOSAICO_PARCELARIO_RIO_", "GM_TYPE": "Unknown Area Type", "MAP_NAME": "Cl_del Oeste_modificado_2026.dwg", "CLOSED": "YES", "BORDER_STY": "Solid", "BORDER_COL": "RGB(255,255,255)", "BORDER_WID": 1, "FILL_STYLE": "No Fill" }, "geometry": { "type": "MultiPolygon", "coordinates": [ [ [ [ -68.872057711174278, -32.876682512321779, 0.0 ], [ -68.872091233492995, -32.876777586044632, 0.0 ], [ -68.871845481486176, -32.876838556809425, 0.0 ], [ -68.871811855665101, -32.876741318850534, 0.0 ], [ -68.872057711174278, -32.876682512321779, 0.0 ] ] ] ] } },
{ "type": "Feature", "properties": { "LAYER": "VM_MOSAICO_PARCELARIO_RIO_", "GM_TYPE": "Unknown Area Type", "MAP_NAME": "Cl_del Oeste_modificado_2026.dwg", "CLOSED": "YES", "BORDER_STY": "Solid", "BORDER_COL": "RGB(255,255,255)", "BORDER_WID": 1, "FILL_STYLE": "No Fill" }, "geometry": { "type": "MultiPolygon", "coordinates": [ [ [ [ -68.871778123188903, -32.876643991504203, 0.0 ], [ -68.87202314507482, -32.876584367252882, 0.0 ], [ -68.872057711174278, -32.876682512321779, 0.0 ], [ -68.871811855665101, -32.876741318850534, 0.0 ], [ -68.871778123188903, -32.876643991504203, 0.0 ] ] ] ] } },
{ "type": "Feature", "properties": { "LAYER": "VM_MOSAICO_PARCELARIO_RIO_", "GM_TYPE": "Unknown Area Type", "MAP_NAME": "Cl_del Oeste_modificado_2026.dwg", "CLOSED": "YES", "BORDER_STY": "Solid", "BORDER_COL": "RGB(255,255,255)", "BORDER_WID": 1, "FILL_STYLE": "No Fill" }, "geometry": { "type": "MultiPolygon", "coordinates": [ [ [ [ -68.871988894010329, -32.876487152141848, 0.0 ], [ -68.87199077347617, -32.876492456025638, 0.0 ], [ -68.87202314507482, -32.876584367252882, 0.0 ], [ -68.871778123188903, -32.876643991504203, 0.0 ], [ -68.871744389588997, -32.87654675341394, 0.0 ], [ -68.871988894010329, -32.876487152141848, 0.0 ] ] ] ] } },
{ "type": "Feature", "properties": { "LAYER": "VM_MOSAICO_PARCELARIO_RIO_", "GM_TYPE": "Unknown Area Type", "MAP_NAME": "Cl_del Oeste_modificado_2026.dwg", "CLOSED": "YES", "BORDER_STY": "Solid", "BORDER_COL": "RGB(255,255,255)", "BORDER_WID": 1, "FILL_STYLE": "No Fill" }, "geometry": { "type": "MultiPolygon", "coordinates": [ [ [ [ -68.871955224504433, -32.876389808673153, 0.0 ], [ -68.871982365896827, -32.876468732870656, 0.0 ], [ -68.871988894010329, -32.876487152141848, 0.0 ], [ -68.871744389588997, -32.87654675341394, 0.0 ], [ -68.871710764116003, -32.87644942615632, 0.0 ], [ -68.871955224504433, -32.876389808673153, 0.0 ] ] ] ] } },
{ "type": "Feature", "properties": { "LAYER": "VM_MOSAICO_PARCELARIO_RIO_", "GM_TYPE": "Unknown Area Type", "MAP_NAME": "Cl_del Oeste_modificado_2026.dwg", "CLOSED": "YES", "BORDER_STY": "Solid", "BORDER_COL": "RGB(255,255,255)", "BORDER_WID": 1, "FILL_STYLE": "No Fill" }, "geometry": { "type": "MultiPolygon", "coordinates": [ [ [ [ -68.871921786787837, -32.876292578143023, 0.0 ], [ -68.871925012128628, -32.876301950947479, 0.0 ], [ -68.871955224504433, -32.876389808673153, 0.0 ], [ -68.871710764116003, -32.87644942615632, 0.0 ], [ -68.871677031729931, -32.876352188947955, 0.0 ], [ -68.871921786787837, -32.876292578143023, 0.0 ] ] ] ] } },
{ "type": "Feature", "properties": { "LAYER": "VM_MOSAICO_PARCELARIO_RIO_", "GM_TYPE": "Unknown Area Type", "MAP_NAME": "Cl_del Oeste_modificado_2026.dwg", "CLOSED": "YES", "BORDER_STY": "Solid", "BORDER_COL": "RGB(255,255,255)", "BORDER_WID": 1, "FILL_STYLE": "No Fill" }, "geometry": { "type": "MultiPolygon", "coordinates": [ [ [ [ -68.87188826820298, -32.876195159967388, 0.0 ], [ -68.871921786787837, -32.876292578143023, 0.0 ], [ -68.871677031729931, -32.876352188947955, 0.0 ], [ -68.87164329954841, -32.876254860658214, 0.0 ], [ -68.87188826820298, -32.876195159967388, 0.0 ] ] ] ] } },
{ "type": "Feature", "properties": { "LAYER": "VM_MOSAICO_PARCELARIO_RIO_", "GM_TYPE": "Unknown Area Type", "MAP_NAME": "Cl_del Oeste_modificado_2026.dwg", "CLOSED": "YES", "BORDER_STY": "Solid", "BORDER_COL": "RGB(255,255,255)", "BORDER_WID": 1, "FILL_STYLE": "No Fill" }, "geometry": { "type": "MultiPolygon", "coordinates": [ [ [ [ -68.871854793349016, -32.876097848226088, 0.0 ], [ -68.871859463706002, -32.876111445145781, 0.0 ], [ -68.87188826820298, -32.876195159967388, 0.0 ], [ -68.87164329954841, -32.876254860658214, 0.0 ], [ -68.871609567308965, -32.876157623429044, 0.0 ], [ -68.871854793349016, -32.876097848226088, 0.0 ] ] ] ] } },
{ "type": "Feature", "properties": { "LAYER": "VM_MOSAICO_PARCELARIO_RIO_", "GM_TYPE": "Unknown Area Type", "MAP_NAME": "Cl_del Oeste_modificado_2026.dwg", "CLOSED": "YES", "BORDER_STY": "Solid", "BORDER_COL": "RGB(255,255,255)", "BORDER_WID": 1, "FILL_STYLE": "No Fill" }, "geometry": { "type": "MultiPolygon", "coordinates": [ [ [ [ -68.871821353880932, -32.876000501344556, 0.0 ], [ -68.871854793349016, -32.876097848226088, 0.0 ], [ -68.871609567308965, -32.876157623429044, 0.0 ], [ -68.871575942130193, -32.876060295228179, 0.0 ], [ -68.871821353880932, -32.876000501344556, 0.0 ] ] ] ] } },
{ "type": "Feature", "properties": { "LAYER": "VM_MOSAICO_PARCELARIO_RIO_", "GM_TYPE": "Unknown Area Type", "MAP_NAME": "Cl_del Oeste_modificado_2026.dwg", "CLOSED": "YES", "BORDER_STY": "Solid", "BORDER_COL": "RGB(255,255,255)", "BORDER_WID": 1, "FILL_STYLE": "No Fill" }, "geometry": { "type": "MultiPolygon", "coordinates": [ [ [ [ -68.871787913379393, -32.875903180600801, 0.0 ], [ -68.871794023486814, -32.875920939415224, 0.0 ], [ -68.871821353880932, -32.876000501344556, 0.0 ], [ -68.871575942130193, -32.876060295228179, 0.0 ], [ -68.871542210037319, -32.875963057978169, 0.0 ], [ -68.871787913379393, -32.875903180600801, 0.0 ] ] ] ] } },
{ "type": "Feature", "properties": { "LAYER": "VM_MOSAICO_PARCELARIO_RIO_", "GM_TYPE": "Unknown Area Type", "MAP_NAME": "Cl_del Oeste_modificado_2026.dwg", "CLOSED": "YES", "BORDER_STY": "Solid", "BORDER_COL": "RGB(255,255,255)", "BORDER_WID": 1, "FILL_STYLE": "No Fill" }, "geometry": { "type": "MultiPolygon", "coordinates": [ [ [ [ -68.871508477080582, -32.875865729645632, 0.0 ], [ -68.871754459992886, -32.875805953609614, 0.0 ], [ -68.871787913379393, -32.875903180600801, 0.0 ], [ -68.871542210037319, -32.875963057978169, 0.0 ], [ -68.871508477080582, -32.875865729645632, 0.0 ] ] ] ] } },
{ "type": "Feature", "properties": { "LAYER": "VM_MOSAICO_PARCELARIO_RIO_", "GM_TYPE": "Unknown Area Type", "MAP_NAME": "Cl_del Oeste_modificado_2026.dwg", "CLOSED": "YES", "BORDER_STY": "Solid", "BORDER_COL": "RGB(255,255,255)", "BORDER_WID": 1, "FILL_STYLE": "No Fill" }, "geometry": { "type": "MultiPolygon", "coordinates": [ [ [ [ -68.871720939634088, -32.875708536281941, 0.0 ], [ -68.871728476690706, -32.875730433535757, 0.0 ], [ -68.871754459992886, -32.875805953609614, 0.0 ], [ -68.871508477080582, -32.875865729645632, 0.0 ], [ -68.871474851990016, -32.875768492484539, 0.0 ], [ -68.871720939634088, -32.875708536281941, 0.0 ] ] ] ] } },
{ "type": "Feature", "properties": { "LAYER": "VM_MOSAICO_PARCELARIO_RIO_", "GM_TYPE": "Unknown Area Type", "MAP_NAME": "Cl_del Oeste_modificado_2026.dwg", "CLOSED": "YES", "BORDER_STY": "Solid", "BORDER_COL": "RGB(255,255,255)", "BORDER_WID": 1, "FILL_STYLE": "No Fill" }, "geometry": { "type": "MultiPolygon", "coordinates": [ [ [ [ -68.871441120247184, -32.875671165033978, 0.0 ], [ -68.871687403351132, -32.875611097286942, 0.0 ], [ -68.871720939634088, -32.875708536281941, 0.0 ], [ -68.871474851990016, -32.875768492484539, 0.0 ], [ -68.871441120247184, -32.875671165033978, 0.0 ] ] ] ] } },
{ "type": "Feature", "properties": { "LAYER": "VM_MOSAICO_PARCELARIO_RIO_", "GM_TYPE": "Unknown Area Type", "MAP_NAME": "Cl_del Oeste_modificado_2026.dwg", "CLOSED": "YES", "BORDER_STY": "Solid", "BORDER_COL": "RGB(255,255,255)", "BORDER_WID": 1, "FILL_STYLE": "No Fill" }, "geometry": { "type": "MultiPolygon", "coordinates": [ [ [ [ -68.871946568589678, -32.877130436749574, 0.0 ], [ -68.872162234234054, -32.87707789203133, 0.0 ], [ -68.872148264729887, -32.877095040594064, 0.0 ], [ -68.871956255738738, -32.877158318023042, 0.0 ], [ -68.87174949527116, -32.877226456392158, 0.0 ], [ -68.871709014143107, -32.877214782127076, 0.0 ], [ -68.871700515718331, -32.877190333900892, 0.0 ], [ -68.871946568589678, -32.877130436749574, 0.0 ] ] ] ] } },
{ "type": "Feature", "properties": { "LAYER": "VM_MOSAICO_PARCELARIO_RIO_", "GM_TYPE": "Unknown Area Type", "MAP_NAME": "Cl_del Oeste_modificado_2026.dwg", "CLOSED": "YES", "BORDER_STY": "Solid", "BORDER_COL": "RGB(255,255,255)", "BORDER_WID": 1, "FILL_STYLE": "No Fill" }, "geometry": { "type": "MultiPolygon", "coordinates": [ [ [ [ -68.870934056433128, -32.877742099719676, 0.0 ], [ -68.870708190282102, -32.877796595656854, 0.0 ], [ -68.870666046228934, -32.877673869440819, 0.0 ], [ -68.870901927527598, -32.877648378779718, 0.0 ], [ -68.870934056433128, -32.877742099719676, 0.0 ] ] ] ] } },
{ "type": "Feature", "properties": { "LAYER": "VM_MOSAICO_PARCELARIO_RIO_", "GM_TYPE": "Unknown Area Type", "MAP_NAME": "Cl_del Oeste_modificado_2026.dwg", "CLOSED": "YES", "BORDER_STY": "Solid", "BORDER_COL": "RGB(255,255,255)", "BORDER_WID": 1, "FILL_STYLE": "No Fill" }, "geometry": { "type": "MultiPolygon", "coordinates": [ [ [ [ -68.870666046228934, -32.877673869440819, 0.0 ], [ -68.870708190282102, -32.877796595656854, 0.0 ], [ -68.870735430651706, -32.877876063028097, 0.0 ], [ -68.870614331135798, -32.87789604378591, 0.0 ], [ -68.870542715828989, -32.877687196930552, 0.0 ], [ -68.870666046228934, -32.877673869440819, 0.0 ] ] ] ] } },
{ "type": "Feature", "properties": { "LAYER": "VM_MOSAICO_PARCELARIO_RIO_", "GM_TYPE": "Unknown Area Type", "MAP_NAME": "Cl_del Oeste_modificado_2026.dwg", "CLOSED": "YES", "BORDER_STY": "Solid", "BORDER_COL": "RGB(255,255,255)", "BORDER_WID": 1, "FILL_STYLE": "No Fill" }, "geometry": { "type": "MultiPolygon", "coordinates": [ [ [ [ -68.870542715828989, -32.877687196930552, 0.0 ], [ -68.870614331135798, -32.87789604378591, 0.0 ], [ -68.870493444212514, -32.877916025548195, 0.0 ], [ -68.870419385392509, -32.877700524298575, 0.0 ], [ -68.870542715828989, -32.877687196930552, 0.0 ] ] ] ] } },
{ "type": "Feature", "properties": { "LAYER": "VM_MOSAICO_PARCELARIO_RIO_", "GM_TYPE": "Unknown Area Type", "MAP_NAME": "Cl_del Oeste_modificado_2026.dwg", "CLOSED": "YES", "BORDER_STY": "Solid", "BORDER_COL": "RGB(255,255,255)", "BORDER_WID": 1, "FILL_STYLE": "No Fill" }, "geometry": { "type": "MultiPolygon", "coordinates": [ [ [ [ -68.870419385392509, -32.877700524298575, 0.0 ], [ -68.870493444212514, -32.877916025548195, 0.0 ], [ -68.870372237730493, -32.877936005960557, 0.0 ], [ -68.870296158604603, -32.877713829110007, 0.0 ], [ -68.870320954646132, -32.877711160559109, 0.0 ], [ -68.870419385392509, -32.877700524298575, 0.0 ] ] ] ] } },
{ "type": "Feature", "properties": { "LAYER": "VM_MOSAICO_PARCELARIO_RIO_", "GM_TYPE": "Unknown Area Type", "MAP_NAME": "Cl_del Oeste_modificado_2026.dwg", "CLOSED": "YES", "BORDER_STY": "Solid", "BORDER_COL": "RGB(255,255,255)", "BORDER_WID": 1, "FILL_STYLE": "No Fill" }, "geometry": { "type": "MultiPolygon", "coordinates": [ [ [ [ -68.870296158604603, -32.877713829110007, 0.0 ], [ -68.870372237730493, -32.877936005960557, 0.0 ], [ -68.870251138051486, -32.877955987267825, 0.0 ], [ -68.870172610146966, -32.87772712715428, 0.0 ], [ -68.870296158604603, -32.877713829110007, 0.0 ] ] ] ] } },
{ "type": "Feature", "properties": { "LAYER": "VM_MOSAICO_PARCELARIO_RIO_", "GM_TYPE": "Unknown Area Type", "MAP_NAME": "Cl_del Oeste_modificado_2026.dwg", "CLOSED": "YES", "BORDER_STY": "Solid", "BORDER_COL": "RGB(255,255,255)", "BORDER_WID": 1, "FILL_STYLE": "No Fill" }, "geometry": { "type": "MultiPolygon", "coordinates": [ [ [ [ -68.870172610146966, -32.87772712715428, 0.0 ], [ -68.870251138051486, -32.877955987267825, 0.0 ], [ -68.870130038451308, -32.877975877386731, 0.0 ], [ -68.870049275360984, -32.87774043070857, 0.0 ], [ -68.870160001043303, -32.877728484640556, 0.0 ], [ -68.870172610146966, -32.87772712715428, 0.0 ] ] ] ] } },
{ "type": "Feature", "properties": { "LAYER": "VM_MOSAICO_PARCELARIO_RIO_", "GM_TYPE": "Unknown Area Type", "MAP_NAME": "Cl_del Oeste_modificado_2026.dwg", "CLOSED": "YES", "BORDER_STY": "Solid", "BORDER_COL": "RGB(255,255,255)", "BORDER_WID": 1, "FILL_STYLE": "No Fill" }, "geometry": { "type": "MultiPolygon", "coordinates": [ [ [ [ -68.870049275360984, -32.87774043070857, 0.0 ], [ -68.870130038451308, -32.877975877386731, 0.0 ], [ -68.870009045522863, -32.877995858570188, 0.0 ], [ -68.869925941603171, -32.877753736847261, 0.0 ], [ -68.870049275360984, -32.87774043070857, 0.0 ] ] ] ] } },
{ "type": "Feature", "properties": { "LAYER": "VM_MOSAICO_PARCELARIO_RIO_", "GM_TYPE": "Unknown Area Type", "MAP_NAME": "Cl_del Oeste_modificado_2026.dwg", "CLOSED": "YES", "BORDER_STY": "Solid", "BORDER_COL": "RGB(255,255,255)", "BORDER_WID": 1, "FILL_STYLE": "No Fill" }, "geometry": { "type": "MultiPolygon", "coordinates": [ [ [ [ -68.869925941603171, -32.877753736847261, 0.0 ], [ -68.870009045522863, -32.877995858570188, 0.0 ], [ -68.869886555061328, -32.878016107685106, 0.0 ], [ -68.869868680607993, -32.877963610517604, 0.0 ], [ -68.869833035972377, -32.877859698314744, 0.0 ], [ -68.869801332789592, -32.877767180397932, 0.0 ], [ -68.869925941603171, -32.877753736847261, 0.0 ] ] ] ] } },
{ "type": "Feature", "properties": { "LAYER": "VM_MOSAICO_PARCELARIO_RIO_", "GM_TYPE": "Unknown Area Type", "MAP_NAME": "Cl_del Oeste_modificado_2026.dwg", "CLOSED": "YES", "BORDER_STY": "Solid", "BORDER_COL": "RGB(255,255,255)", "BORDER_WID": 1, "FILL_STYLE": "No Fill" }, "geometry": { "type": "MultiPolygon", "coordinates": [ [ [ [ -68.869801332789592, -32.877767180397932, 0.0 ], [ -68.869833035972377, -32.877859698314744, 0.0 ], [ -68.869615212814296, -32.877912234953335, 0.0 ], [ -68.869576462270558, -32.877791440634766, 0.0 ], [ -68.869801332789592, -32.877767180397932, 0.0 ] ] ] ] } },
{ "type": "Feature", "properties": { "LAYER": "VM_MOSAICO_PARCELARIO_RIO_", "GM_TYPE": "Unknown Area Type", "MAP_NAME": "Cl_del Oeste_modificado_2026.dwg", "CLOSED": "YES", "BORDER_STY": "Solid", "BORDER_COL": "RGB(255,255,255)", "BORDER_WID": 1, "FILL_STYLE": "No Fill" }, "geometry": { "type": "MultiPolygon", "coordinates": [ [ [ [ -68.869833035972377, -32.877859698314744, 0.0 ], [ -68.869868680607993, -32.877963610517604, 0.0 ], [ -68.869648711812061, -32.8780166625532, 0.0 ], [ -68.869615212814296, -32.877912234953335, 0.0 ], [ -68.869833035972377, -32.877859698314744, 0.0 ] ] ] ] } },
{ "type": "Feature", "properties": { "LAYER": "VM_MOSAICO_PARCELARIO_RIO_", "GM_TYPE": "Unknown Area Type", "MAP_NAME": "Cl_del Oeste_modificado_2026.dwg", "CLOSED": "YES", "BORDER_STY": "Solid", "BORDER_COL": "RGB(255,255,255)", "BORDER_WID": 1, "FILL_STYLE": "No Fill" }, "geometry": { "type": "MultiPolygon", "coordinates": [ [ [ [ -68.869868680607993, -32.877963610517604, 0.0 ], [ -68.869886555061328, -32.878016107685106, 0.0 ], [ -68.869904325193374, -32.878067613779749, 0.0 ], [ -68.869682226846876, -32.878121137948895, 0.0 ], [ -68.869648711812061, -32.8780166625532, 0.0 ], [ -68.869868680607993, -32.877963610517604, 0.0 ] ] ] ] } },
{ "type": "Feature", "properties": { "LAYER": "VM_MOSAICO_PARCELARIO_RIO_", "GM_TYPE": "Unknown Area Type", "MAP_NAME": "Cl_del Oeste_modificado_2026.dwg", "CLOSED": "YES", "BORDER_STY": "Solid", "BORDER_COL": "RGB(255,255,255)", "BORDER_WID": 1, "FILL_STYLE": "No Fill" }, "geometry": { "type": "MultiPolygon", "coordinates": [ [ [ [ -68.869904325193374, -32.878067613779749, 0.0 ], [ -68.869939969994618, -32.878171525959253, 0.0 ], [ -68.869715727069604, -32.878225565528865, 0.0 ], [ -68.869682226846876, -32.878121137948895, 0.0 ], [ -68.869904325193374, -32.878067613779749, 0.0 ] ] ] ] } },
{ "type": "Feature", "properties": { "LAYER": "VM_MOSAICO_PARCELARIO_RIO_", "GM_TYPE": "Unknown Area Type", "MAP_NAME": "Cl_del Oeste_modificado_2026.dwg", "CLOSED": "YES", "BORDER_STY": "Solid", "BORDER_COL": "RGB(255,255,255)", "BORDER_WID": 1, "FILL_STYLE": "No Fill" }, "geometry": { "type": "MultiPolygon", "coordinates": [ [ [ [ -68.869939969994618, -32.878171525959253, 0.0 ], [ -68.869975527304561, -32.878275403771681, 0.0 ], [ -68.86974920822297, -32.878329933566562, 0.0 ], [ -68.869715727069604, -32.878225565528865, 0.0 ], [ -68.869939969994618, -32.878171525959253, 0.0 ] ] ] ] } },
{ "type": "Feature", "properties": { "LAYER": "VM_MOSAICO_PARCELARIO_RIO_", "GM_TYPE": "Unknown Area Type", "MAP_NAME": "Cl_del Oeste_modificado_2026.dwg", "CLOSED": "YES", "BORDER_STY": "Solid", "BORDER_COL": "RGB(255,255,255)", "BORDER_WID": 1, "FILL_STYLE": "No Fill" }, "geometry": { "type": "MultiPolygon", "coordinates": [ [ [ [ -68.869886555061328, -32.878016107685106, 0.0 ], [ -68.870009045522863, -32.877995858570188, 0.0 ], [ -68.870094988281295, -32.878246620501031, 0.0 ], [ -68.869975527304561, -32.878275403771681, 0.0 ], [ -68.869939969994618, -32.878171525959253, 0.0 ], [ -68.869904325193374, -32.878067613779749, 0.0 ], [ -68.869886555061328, -32.878016107685106, 0.0 ] ] ] ] } },
{ "type": "Feature", "properties": { "LAYER": "VM_MOSAICO_PARCELARIO_RIO_", "GM_TYPE": "Unknown Area Type", "MAP_NAME": "Cl_del Oeste_modificado_2026.dwg", "CLOSED": "YES", "BORDER_STY": "Solid", "BORDER_COL": "RGB(255,255,255)", "BORDER_WID": 1, "FILL_STYLE": "No Fill" }, "geometry": { "type": "MultiPolygon", "coordinates": [ [ [ [ -68.870130038451308, -32.877975877386731, 0.0 ], [ -68.870213108701535, -32.87821816033474, 0.0 ], [ -68.870094988281295, -32.878246620501031, 0.0 ], [ -68.870009045522863, -32.877995858570188, 0.0 ], [ -68.870130038451308, -32.877975877386731, 0.0 ] ] ] ] } },
{ "type": "Feature", "properties": { "LAYER": "VM_MOSAICO_PARCELARIO_RIO_", "GM_TYPE": "Unknown Area Type", "MAP_NAME": "Cl_del Oeste_modificado_2026.dwg", "CLOSED": "YES", "BORDER_STY": "Solid", "BORDER_COL": "RGB(255,255,255)", "BORDER_WID": 1, "FILL_STYLE": "No Fill" }, "geometry": { "type": "MultiPolygon", "coordinates": [ [ [ [ -68.870251138051486, -32.877955987267825, 0.0 ], [ -68.870331229046641, -32.878189700056659, 0.0 ], [ -68.870213108701535, -32.87821816033474, 0.0 ], [ -68.870130038451308, -32.877975877386731, 0.0 ], [ -68.870251138051486, -32.877955987267825, 0.0 ] ] ] ] } },
{ "type": "Feature", "properties": { "LAYER": "VM_MOSAICO_PARCELARIO_RIO_", "GM_TYPE": "Unknown Area Type", "MAP_NAME": "Cl_del Oeste_modificado_2026.dwg", "CLOSED": "YES", "BORDER_STY": "Solid", "BORDER_COL": "RGB(255,255,255)", "BORDER_WID": 1, "FILL_STYLE": "No Fill" }, "geometry": { "type": "MultiPolygon", "coordinates": [ [ [ [ -68.870372237730493, -32.877936005960557, 0.0 ], [ -68.87044947652285, -32.878161209140856, 0.0 ], [ -68.870331229046641, -32.878189700056659, 0.0 ], [ -68.870251138051486, -32.877955987267825, 0.0 ], [ -68.870372237730493, -32.877936005960557, 0.0 ] ] ] ] } },
{ "type": "Feature", "properties": { "LAYER": "VM_MOSAICO_PARCELARIO_RIO_", "GM_TYPE": "Unknown Area Type", "MAP_NAME": "Cl_del Oeste_modificado_2026.dwg", "CLOSED": "YES", "BORDER_STY": "Solid", "BORDER_COL": "RGB(255,255,255)", "BORDER_WID": 1, "FILL_STYLE": "No Fill" }, "geometry": { "type": "MultiPolygon", "coordinates": [ [ [ [ -68.870372237730493, -32.877936005960557, 0.0 ], [ -68.870493444212514, -32.877916025548195, 0.0 ], [ -68.870567596717606, -32.878132748638862, 0.0 ], [ -68.87044947652285, -32.878161209140856, 0.0 ], [ -68.870372237730493, -32.877936005960557, 0.0 ] ] ] ] } },
{ "type": "Feature", "properties": { "LAYER": "VM_MOSAICO_PARCELARIO_RIO_", "GM_TYPE": "Unknown Area Type", "MAP_NAME": "Cl_del Oeste_modificado_2026.dwg", "CLOSED": "YES", "BORDER_STY": "Solid", "BORDER_COL": "RGB(255,255,255)", "BORDER_WID": 1, "FILL_STYLE": "No Fill" }, "geometry": { "type": "MultiPolygon", "coordinates": [ [ [ [ -68.870614331135798, -32.87789604378591, 0.0 ], [ -68.87068571683723, -32.878104288025028, 0.0 ], [ -68.870567596717606, -32.878132748638862, 0.0 ], [ -68.870493444212514, -32.877916025548195, 0.0 ], [ -68.870614331135798, -32.87789604378591, 0.0 ] ] ] ] } },
{ "type": "Feature", "properties": { "LAYER": "VM_MOSAICO_PARCELARIO_RIO_", "GM_TYPE": "Unknown Area Type", "MAP_NAME": "Cl_del Oeste_modificado_2026.dwg", "CLOSED": "YES", "BORDER_STY": "Solid", "BORDER_COL": "RGB(255,255,255)", "BORDER_WID": 1, "FILL_STYLE": "No Fill" }, "geometry": { "type": "MultiPolygon", "coordinates": [ [ [ [ -68.870735430651706, -32.877876063028097, 0.0 ], [ -68.870740112650296, -32.877889683441673, 0.0 ], [ -68.870772034016312, -32.877982771216047, 0.0 ], [ -68.870803837950319, -32.878075827300435, 0.0 ], [ -68.87068571683723, -32.878104288025028, 0.0 ], [ -68.870614331135798, -32.87789604378591, 0.0 ], [ -68.870735430651706, -32.877876063028097, 0.0 ] ] ] ] } },
{ "type": "Feature", "properties": { "LAYER": "VM_MOSAICO_PARCELARIO_RIO_", "GM_TYPE": "Unknown Area Type", "MAP_NAME": "Cl_del Oeste_modificado_2026.dwg", "CLOSED": "YES", "BORDER_STY": "Solid", "BORDER_COL": "RGB(255,255,255)", "BORDER_WID": 1, "FILL_STYLE": "No Fill" }, "geometry": { "type": "MultiPolygon", "coordinates": [ [ [ [ -68.870997890942192, -32.877928304010567, 0.0 ], [ -68.871008332842536, -32.877958762270886, 0.0 ], [ -68.871020957464069, -32.877996140575007, 0.0 ], [ -68.871000883396945, -32.878028349111602, 0.0 ], [ -68.870803837950319, -32.878075827300435, 0.0 ], [ -68.870772034016312, -32.877982771216047, 0.0 ], [ -68.870997890942192, -32.877928304010567, 0.0 ] ] ] ] } },
{ "type": "Feature", "properties": { "LAYER": "VM_MOSAICO_PARCELARIO_RIO_", "GM_TYPE": "Unknown Area Type", "MAP_NAME": "Cl_del Oeste_modificado_2026.dwg", "CLOSED": "YES", "BORDER_STY": "Solid", "BORDER_COL": "RGB(255,255,255)", "BORDER_WID": 1, "FILL_STYLE": "No Fill" }, "geometry": { "type": "MultiPolygon", "coordinates": [ [ [ [ -68.870740112650296, -32.877889683441673, 0.0 ], [ -68.870965998128597, -32.877835273128873, 0.0 ], [ -68.870997890942192, -32.877928304010567, 0.0 ], [ -68.870772034016312, -32.877982771216047, 0.0 ], [ -68.870740112650296, -32.877889683441673, 0.0 ] ] ] ] } },
{ "type": "Feature", "properties": { "LAYER": "VM_MOSAICO_PARCELARIO_RIO_", "GM_TYPE": "Unknown Area Type", "MAP_NAME": "Cl_del Oeste_modificado_2026.dwg", "CLOSED": "YES", "BORDER_STY": "Solid", "BORDER_COL": "RGB(255,255,255)", "BORDER_WID": 1, "FILL_STYLE": "No Fill" }, "geometry": { "type": "MultiPolygon", "coordinates": [ [ [ [ -68.870934056433128, -32.877742099719676, 0.0 ], [ -68.870965998128597, -32.877835273128873, 0.0 ], [ -68.870740112650296, -32.877889683441673, 0.0 ], [ -68.870735430651706, -32.877876063028097, 0.0 ], [ -68.870708190282102, -32.877796595656854, 0.0 ], [ -68.870934056433128, -32.877742099719676, 0.0 ] ] ] ] } },
{ "type": "Feature", "properties": { "LAYER": "VM_MOSAICO_PARCELARIO_RIO_", "GM_TYPE": "Unknown Area Type", "MAP_NAME": "Cl_del Oeste_modificado_2026.dwg", "CLOSED": "YES", "BORDER_STY": "Solid", "BORDER_COL": "RGB(255,255,255)", "BORDER_WID": 1, "FILL_STYLE": "No Fill" }, "geometry": { "type": "MultiPolygon", "coordinates": [ [ [ [ -68.873791261327014, -32.877723946336395, 0.0 ], [ -68.873983567555882, -32.877676352260863, 0.0 ], [ -68.873965117240346, -32.877957392521338, 0.0 ], [ -68.873879911185583, -32.877978765144164, 0.0 ], [ -68.87384383442722, -32.877874853642055, 0.0 ], [ -68.873791261327014, -32.877723946336395, 0.0 ] ] ] ] } },
{ "type": "Feature", "properties": { "LAYER": "VM_MOSAICO_PARCELARIO_RIO_", "GM_TYPE": "Unknown Area Type", "MAP_NAME": "Cl_del Oeste_modificado_2026.dwg", "CLOSED": "YES", "BORDER_STY": "Solid", "BORDER_COL": "RGB(255,255,255)", "BORDER_WID": 1, "FILL_STYLE": "No Fill" }, "geometry": { "type": "MultiPolygon", "coordinates": [ [ [ [ -68.873791261327014, -32.877723946336395, 0.0 ], [ -68.87384383442722, -32.877874853642055, 0.0 ], [ -68.873707647322149, -32.877909068938905, 0.0 ], [ -68.873634624678388, -32.877698123279707, 0.0 ], [ -68.873696109032181, -32.877682822321404, 0.0 ], [ -68.873791261327014, -32.877723946336395, 0.0 ] ] ] ] } },
{ "type": "Feature", "properties": { "LAYER": "VM_MOSAICO_PARCELARIO_RIO_", "GM_TYPE": "Unknown Area Type", "MAP_NAME": "Cl_del Oeste_modificado_2026.dwg", "CLOSED": "YES", "BORDER_STY": "Solid", "BORDER_COL": "RGB(255,255,255)", "BORDER_WID": 1, "FILL_STYLE": "No Fill" }, "geometry": { "type": "MultiPolygon", "coordinates": [ [ [ [ -68.873634624678388, -32.877698123279707, 0.0 ], [ -68.873707647322149, -32.877909068938905, 0.0 ], [ -68.873584716469637, -32.87793987104925, 0.0 ], [ -68.873511684767024, -32.877728719724388, 0.0 ], [ -68.873634624678388, -32.877698123279707, 0.0 ] ] ] ] } },
{ "type": "Feature", "properties": { "LAYER": "VM_MOSAICO_PARCELARIO_RIO_", "GM_TYPE": "Unknown Area Type", "MAP_NAME": "Cl_del Oeste_modificado_2026.dwg", "CLOSED": "YES", "BORDER_STY": "Solid", "BORDER_COL": "RGB(255,255,255)", "BORDER_WID": 1, "FILL_STYLE": "No Fill" }, "geometry": { "type": "MultiPolygon", "coordinates": [ [ [ [ -68.873584716469637, -32.87793987104925, 0.0 ], [ -68.873462008959805, -32.877970607440801, 0.0 ], [ -68.873407192331129, -32.877813001729358, 0.0 ], [ -68.87338867635934, -32.877759332209074, 0.0 ], [ -68.873511684767024, -32.877728719724388, 0.0 ], [ -68.873584716469637, -32.87793987104925, 0.0 ] ] ] ] } },
{ "type": "Feature", "properties": { "LAYER": "VM_MOSAICO_PARCELARIO_RIO_", "GM_TYPE": "Unknown Area Type", "MAP_NAME": "Cl_del Oeste_modificado_2026.dwg", "CLOSED": "YES", "BORDER_STY": "Solid", "BORDER_COL": "RGB(255,255,255)", "BORDER_WID": 1, "FILL_STYLE": "No Fill" }, "geometry": { "type": "MultiPolygon", "coordinates": [ [ [ [ -68.87384383442722, -32.877874853642055, 0.0 ], [ -68.873879911185583, -32.877978765144164, 0.0 ], [ -68.873498116438, -32.878074421699012, 0.0 ], [ -68.873462008959805, -32.877970607440801, 0.0 ], [ -68.873584716469637, -32.87793987104925, 0.0 ], [ -68.873707647322149, -32.877909068938905, 0.0 ], [ -68.87384383442722, -32.877874853642055, 0.0 ] ] ] ] } },
{ "type": "Feature", "properties": { "LAYER": "VM_MOSAICO_PARCELARIO_RIO_", "GM_TYPE": "Unknown Area Type", "MAP_NAME": "Cl_del Oeste_modificado_2026.dwg", "CLOSED": "YES", "BORDER_STY": "Solid", "BORDER_COL": "RGB(255,255,255)", "BORDER_WID": 1, "FILL_STYLE": "No Fill" }, "geometry": { "type": "MultiPolygon", "coordinates": [ [ [ [ -68.873879911185583, -32.877978765144164, 0.0 ], [ -68.873965117240346, -32.877957392521338, 0.0 ], [ -68.873957629615106, -32.878071445627981, 0.0 ], [ -68.873534253802546, -32.878178318931205, 0.0 ], [ -68.873498116438, -32.878074421699012, 0.0 ], [ -68.873879911185583, -32.877978765144164, 0.0 ] ] ] ] } },
{ "type": "Feature", "properties": { "LAYER": "VM_MOSAICO_PARCELARIO_RIO_", "GM_TYPE": "Unknown Area Type", "MAP_NAME": "Cl_del Oeste_modificado_2026.dwg", "CLOSED": "YES", "BORDER_STY": "Solid", "BORDER_COL": "RGB(255,255,255)", "BORDER_WID": 1, "FILL_STYLE": "No Fill" }, "geometry": { "type": "MultiPolygon", "coordinates": [ [ [ [ -68.873957629615106, -32.878071445627981, 0.0 ], [ -68.873949965026981, -32.878188206339978, 0.0 ], [ -68.873570361448387, -32.87828213316552, 0.0 ], [ -68.873534253802546, -32.878178318931205, 0.0 ], [ -68.873957629615106, -32.878071445627981, 0.0 ] ] ] ] } },
{ "type": "Feature", "properties": { "LAYER": "VM_MOSAICO_PARCELARIO_RIO_", "GM_TYPE": "Unknown Area Type", "MAP_NAME": "Cl_del Oeste_modificado_2026.dwg", "CLOSED": "YES", "BORDER_STY": "Solid", "BORDER_COL": "RGB(255,255,255)", "BORDER_WID": 1, "FILL_STYLE": "No Fill" }, "geometry": { "type": "MultiPolygon", "coordinates": [ [ [ [ -68.873949965026981, -32.878188206339978, 0.0 ], [ -68.873942453334848, -32.878302625504858, 0.0 ], [ -68.873606477692178, -32.878385971742205, 0.0 ], [ -68.873570361448387, -32.87828213316552, 0.0 ], [ -68.873949965026981, -32.878188206339978, 0.0 ] ] ] ] } },
{ "type": "Feature", "properties": { "LAYER": "VM_MOSAICO_PARCELARIO_RIO_", "GM_TYPE": "Unknown Area Type", "MAP_NAME": "Cl_del Oeste_modificado_2026.dwg", "CLOSED": "YES", "BORDER_STY": "Solid", "BORDER_COL": "RGB(255,255,255)", "BORDER_WID": 1, "FILL_STYLE": "No Fill" }, "geometry": { "type": "MultiPolygon", "coordinates": [ [ [ [ -68.873942453334848, -32.878302625504858, 0.0 ], [ -68.873934959103238, -32.878416774176586, 0.0 ], [ -68.873642585505621, -32.878489785952624, 0.0 ], [ -68.873606477692178, -32.878385971742205, 0.0 ], [ -68.873942453334848, -32.878302625504858, 0.0 ] ] ] ] } },
{ "type": "Feature", "properties": { "LAYER": "VM_MOSAICO_PARCELARIO_RIO_", "GM_TYPE": "Unknown Area Type", "MAP_NAME": "Cl_del Oeste_modificado_2026.dwg", "CLOSED": "YES", "BORDER_STY": "Solid", "BORDER_COL": "RGB(255,255,255)", "BORDER_WID": 1, "FILL_STYLE": "No Fill" }, "geometry": { "type": "MultiPolygon", "coordinates": [ [ [ [ -68.873934959103238, -32.878416774176586, 0.0 ], [ -68.873927400406188, -32.878531911037136, 0.0 ], [ -68.873678693402894, -32.878593600151113, 0.0 ], [ -68.873642585505621, -32.878489785952624, 0.0 ], [ -68.873934959103238, -32.878416774176586, 0.0 ] ] ] ] } },
{ "type": "Feature", "properties": { "LAYER": "VM_MOSAICO_PARCELARIO_RIO_", "GM_TYPE": "Unknown Area Type", "MAP_NAME": "Cl_del Oeste_modificado_2026.dwg", "CLOSED": "YES", "BORDER_STY": "Solid", "BORDER_COL": "RGB(255,255,255)", "BORDER_WID": 1, "FILL_STYLE": "No Fill" }, "geometry": { "type": "MultiPolygon", "coordinates": [ [ [ [ -68.873927400406188, -32.878531911037136, 0.0 ], [ -68.873919924682724, -32.878645790116032, 0.0 ], [ -68.873714781163827, -32.878697355707132, 0.0 ], [ -68.873678693402894, -32.878593600151113, 0.0 ], [ -68.873927400406188, -32.878531911037136, 0.0 ] ] ] ] } },
{ "type": "Feature", "properties": { "LAYER": "VM_MOSAICO_PARCELARIO_RIO_", "GM_TYPE": "Unknown Area Type", "MAP_NAME": "Cl_del Oeste_modificado_2026.dwg", "CLOSED": "YES", "BORDER_STY": "Solid", "BORDER_COL": "RGB(255,255,255)", "BORDER_WID": 1, "FILL_STYLE": "No Fill" }, "geometry": { "type": "MultiPolygon", "coordinates": [ [ [ [ -68.873919924682724, -32.878645790116032, 0.0 ], [ -68.873909205264724, -32.87880907602834, 0.0 ], [ -68.873765952727254, -32.878844479002808, 0.0 ], [ -68.873714781163827, -32.878697355707132, 0.0 ], [ -68.873919924682724, -32.878645790116032, 0.0 ] ] ] ] } },
{ "type": "Feature", "properties": { "LAYER": "VM_MOSAICO_PARCELARIO_RIO_", "GM_TYPE": "Unknown Area Type", "MAP_NAME": "Cl_del Oeste_modificado_2026.dwg", "CLOSED": "YES", "BORDER_STY": "Solid", "BORDER_COL": "RGB(255,255,255)", "BORDER_WID": 1, "FILL_STYLE": "No Fill" }, "geometry": { "type": "MultiPolygon", "coordinates": [ [ [ [ -68.873909205264724, -32.87880907602834, 0.0 ], [ -68.873900989033942, -32.878934221016124, 0.0 ], [ -68.873834369760019, -32.879041183964425, 0.0 ], [ -68.873765952727254, -32.878844479002808, 0.0 ], [ -68.873909205264724, -32.87880907602834, 0.0 ] ] ] ] } },
{ "type": "Feature", "properties": { "LAYER": "VM_MOSAICO_PARCELARIO_RIO_", "GM_TYPE": "Unknown Area Type", "MAP_NAME": "Cl_del Oeste_modificado_2026.dwg", "CLOSED": "YES", "BORDER_STY": "Solid", "BORDER_COL": "RGB(255,255,255)", "BORDER_WID": 1, "FILL_STYLE": "No Fill" }, "geometry": { "type": "MultiPolygon", "coordinates": [ [ [ [ -68.86324299482277, -32.885222226744972, 0.0 ], [ -68.865381431291695, -32.884854336150092, 0.0 ], [ -68.864946913390057, -32.88317256599538, 0.0 ], [ -68.865056912489308, -32.883149241612792, 0.0 ], [ -68.865247177371273, -32.883118972237419, 0.0 ], [ -68.865597470921884, -32.883054611215272, 0.0 ], [ -68.865946047623694, -32.882994576398069, 0.0 ], [ -68.866066835059442, -32.882974238275175, 0.0 ], [ -68.86607667023371, -32.882971814236029, 0.0 ], [ -68.866089388844088, -32.882970655653381, 0.0 ], [ -68.866229074885894, -32.883597122803252, 0.0 ], [ -68.866564430460429, -32.884864453110183, 0.0 ], [ -68.866701266008988, -32.885401107931692, 0.0 ], [ -68.86590605483515, -32.885549749455016, 0.0 ], [ -68.864328019060835, -32.885847752101945, 0.0 ], [ -68.86347346342464, -32.886012544207453, 0.0 ], [ -68.863392015909994, -32.885952040974416, 0.0 ], [ -68.863310448310145, -32.885900915158096, 0.0 ], [ -68.863216251060507, -32.885861677816266, 0.0 ], [ -68.863107927399014, -32.885835408411552, 0.0 ], [ -68.863013671902436, -32.885834132105494, 0.0 ], [ -68.862895441529531, -32.885856543959314, 0.0 ], [ -68.86279407980517, -32.885889613277534, 0.0 ], [ -68.86273140622896, -32.885921374247239, 0.0 ], [ -68.862679309369796, -32.885954498435858, 0.0 ], [ -68.862625802276455, -32.886001867793766, 0.0 ], [ -68.862577799833929, -32.88608251652861, 0.0 ], [ -68.86248765465524, -32.886186832522014, 0.0 ], [ -68.862420077367474, -32.886210471808667, 0.0 ], [ -68.861911986761243, -32.88630359136679, 0.0 ], [ -68.86175794957974, -32.886329208694015, 0.0 ], [ -68.861663704653012, -32.886320807110224, 0.0 ], [ -68.861607495589752, -32.886318400523493, 0.0 ], [ -68.861545499098995, -32.886326626572689, 0.0 ], [ -68.861484991458141, -32.886339543040357, 0.0 ], [ -68.861411895376136, -32.886338288959713, 0.0 ], [ -68.861356985297064, -32.886325243730091, 0.0 ], [ -68.861316209654746, -32.88629435974044, 0.0 ], [ -68.861217108688422, -32.885771086980021, 0.0 ], [ -68.861162989248442, -32.885526757527188, 0.0 ], [ -68.862295330649602, -32.885338035439119, 0.0 ], [ -68.862401999608295, -32.885328055689037, 0.0 ], [ -68.862508454810694, -32.885318074711229, 0.0 ], [ -68.862522014536836, -32.885326114680744, 0.0 ], [ -68.862802376473866, -32.88529423573528, 0.0 ], [ -68.863087040306823, -32.885245227810451, 0.0 ], [ -68.863212637681656, -32.885226702009248, 0.0 ], [ -68.86324299482277, -32.885222226744972, 0.0 ] ] ] ] } },
{ "type": "Feature", "properties": { "LAYER": "VM_MOSAICO_PARCELARIO_RIO_", "GM_TYPE": "Unknown Area Type", "MAP_NAME": "Cl_del Oeste_modificado_2026.dwg", "CLOSED": "YES", "BORDER_STY": "Solid", "BORDER_COL": "RGB(255,255,255)", "BORDER_WID": 1, "FILL_STYLE": "No Fill" }, "geometry": { "type": "MultiPolygon", "coordinates": [ [ [ [ -68.871694960694086, -32.894767219054629, 0.0 ], [ -68.872041969767594, -32.894025204611388, 0.0 ], [ -68.872546784543289, -32.894227248176037, 0.0 ], [ -68.872595849061597, -32.894147318148029, 0.0 ], [ -68.873035057265184, -32.894339103768338, 0.0 ], [ -68.873476296768843, -32.894531791589465, 0.0 ], [ -68.873144694322733, -32.895228271545463, 0.0 ], [ -68.871694960694086, -32.894767219054629, 0.0 ] ] ] ] } },
{ "type": "Feature", "properties": { "LAYER": "VM_MOSAICO_PARCELARIO_RIO_", "GM_TYPE": "Unknown Area Type", "MAP_NAME": "Cl_del Oeste_modificado_2026.dwg", "CLOSED": "YES", "BORDER_STY": "Solid", "BORDER_COL": "RGB(255,255,255)", "BORDER_WID": 1, "FILL_STYLE": "No Fill" }, "geometry": { "type": "MultiPolygon", "coordinates": [ [ [ [ -68.873476296768843, -32.894531791589465, 0.0 ], [ -68.873569641519865, -32.894353170771907, 0.0 ], [ -68.874294095385565, -32.892966919282777, 0.0 ], [ -68.873755660530719, -32.892960786383412, 0.0 ], [ -68.873095132506421, -32.892908000037359, 0.0 ], [ -68.872730965512972, -32.892860651812072, 0.0 ], [ -68.872690571868446, -32.892856733421844, 0.0 ], [ -68.872431312816957, -32.89336276901399, 0.0 ], [ -68.872041969767594, -32.894025204611388, 0.0 ], [ -68.872546784543289, -32.894227248176037, 0.0 ], [ -68.872595849061597, -32.894147318148029, 0.0 ], [ -68.873476296768843, -32.894531791589465, 0.0 ] ] ] ] } },
{ "type": "Feature", "properties": { "LAYER": "VM_MOSAICO_PARCELARIO_RIO_", "GM_TYPE": "Unknown Area Type", "MAP_NAME": "Cl_del Oeste_modificado_2026.dwg", "CLOSED": "YES", "BORDER_STY": "Solid", "BORDER_COL": "RGB(255,255,255)", "BORDER_WID": 1, "FILL_STYLE": "No Fill" }, "geometry": { "type": "MultiPolygon", "coordinates": [ [ [ [ -68.8676749449384, -32.892947827310486, 0.0 ], [ -68.867324575812361, -32.892536555246323, 0.0 ], [ -68.867270473254308, -32.892695556221092, 0.0 ], [ -68.867253476721856, -32.892769386715337, 0.0 ], [ -68.867182462021603, -32.892945411660868, 0.0 ], [ -68.867061591068122, -32.892726532866838, 0.0 ], [ -68.866254526810664, -32.893963965122104, 0.0 ], [ -68.866301629838162, -32.893983942870129, 0.0 ], [ -68.866466764076662, -32.893978438661186, 0.0 ], [ -68.866513875814391, -32.893992645514111, 0.0 ], [ -68.866755844174534, -32.893994436448295, 0.0 ], [ -68.866804779766682, -32.894004046509217, 0.0 ], [ -68.866853705927525, -32.894019968380228, 0.0 ], [ -68.866910118253472, -32.894032742280238, 0.0 ], [ -68.86698548120782, -32.89402326453807, 0.0 ], [ -68.867026511135478, -32.89403070204358, 0.0 ], [ -68.867131481705002, -32.893876353895017, 0.0 ], [ -68.867236616531883, -32.893611638802952, 0.0 ], [ -68.867525167324928, -32.893192658305239, 0.0 ], [ -68.8676749449384, -32.892947827310486, 0.0 ] ] ] ] } },
{ "type": "Feature", "properties": { "LAYER": "VM_MOSAICO_PARCELARIO_RIO_", "GM_TYPE": "Unknown Area Type", "MAP_NAME": "Cl_del Oeste_modificado_2026.dwg", "CLOSED": "YES", "BORDER_STY": "Solid", "BORDER_COL": "RGB(255,255,255)", "BORDER_WID": 1, "FILL_STYLE": "No Fill" }, "geometry": { "type": "MultiPolygon", "coordinates": [ [ [ [ -68.866513875814391, -32.893992645514111, 0.0 ], [ -68.866466764076662, -32.893978438661186, 0.0 ], [ -68.866301629838162, -32.893983942870129, 0.0 ], [ -68.866254526810664, -32.893963965122104, 0.0 ], [ -68.867061591068122, -32.892726532866838, 0.0 ], [ -68.867182462021603, -32.892945411660868, 0.0 ], [ -68.867253476721856, -32.892769386715337, 0.0 ], [ -68.867270473254308, -32.892695556221092, 0.0 ], [ -68.867324575812361, -32.892536555246323, 0.0 ], [ -68.867409026537644, -32.892380471838131, 0.0 ], [ -68.867496330387311, -32.892246031989998, 0.0 ], [ -68.867574017883783, -32.89210977851149, 0.0 ], [ -68.867776609711356, -32.891851568060673, 0.0 ], [ -68.867928360647667, -32.89171539263986, 0.0 ], [ -68.868066768632914, -32.891567841639677, 0.0 ], [ -68.868154538787451, -32.891405990375418, 0.0 ], [ -68.868218779344133, -32.891255565737211, 0.0 ], [ -68.868252659048665, -32.891110789738271, 0.0 ], [ -68.868310166304809, -32.890960267782418, 0.0 ], [ -68.868408180652168, -32.890736030036209, 0.0 ], [ -68.868550130004522, -32.890432309170755, 0.0 ], [ -68.86855389385812, -32.890199406112352, 0.0 ], [ -68.868422763321021, -32.889980607923327, 0.0 ], [ -68.868355488064722, -32.889943657922409, 0.0 ], [ -68.868257890536782, -32.889886748553771, 0.0 ], [ -68.868156843834043, -32.889849672695277, 0.0 ], [ -68.868099044499715, -32.889836988059123, 0.0 ], [ -68.867940604591439, -32.889873790218537, 0.0 ], [ -68.867768771859531, -32.889933210483925, 0.0 ], [ -68.867647344739837, -32.890018291919048, 0.0 ], [ -68.867556167852612, -32.890171573182975, 0.0 ], [ -68.867397449187379, -32.890466709075852, 0.0 ], [ -68.867323003906264, -32.89065129660387, 0.0 ], [ -68.867188402848186, -32.891041045258056, 0.0 ], [ -68.867043066894809, -32.891390206201677, 0.0 ], [ -68.866850355182876, -32.891830207039689, 0.0 ], [ -68.866684808661788, -32.892185026655248, 0.0 ], [ -68.866586783529527, -32.892341185265543, 0.0 ], [ -68.866377492615456, -32.892644831856494, 0.0 ], [ -68.865740590155667, -32.893442867970258, 0.0 ], [ -68.865365975084998, -32.893874195028914, 0.0 ], [ -68.865264688530814, -32.893993379699424, 0.0 ], [ -68.865136365389105, -32.894180612821486, 0.0 ], [ -68.864866081445285, -32.894737025200079, 0.0 ], [ -68.864758254063304, -32.894939428467779, 0.0 ], [ -68.864582492268752, -32.895325522735206, 0.0 ], [ -68.864464198187918, -32.895592295135323, 0.0 ], [ -68.864410028067311, -32.895791059285777, 0.0 ], [ -68.864372672472214, -32.895967119031205, 0.0 ], [ -68.864362267820624, -32.896131846690771, 0.0 ], [ -68.864365536549258, -32.89623121658208, 0.0 ], [ -68.864392292845523, -32.896347744073672, 0.0 ], [ -68.864415614896231, -32.896543706804948, 0.0 ], [ -68.864415459120593, -32.896645958386237, 0.0 ], [ -68.864385173248095, -32.896811566162, 0.0 ], [ -68.864327556023611, -32.897027368455142, 0.0 ], [ -68.8642326644229, -32.897365219184415, 0.0 ], [ -68.864191972729998, -32.897555521921944, 0.0 ], [ -68.864181730850049, -32.897683280379638, 0.0 ], [ -68.864198429030068, -32.89773721962284, 0.0 ], [ -68.864228688181782, -32.897799739650765, 0.0 ], [ -68.864289181957091, -32.897870858550675, 0.0 ], [ -68.86435653800649, -32.89792773815153, 0.0 ], [ -68.864420401644054, -32.897961891322886, 0.0 ], [ -68.864494530424594, -32.897993170175766, 0.0 ], [ -68.864595584824215, -32.89803024896522, 0.0 ], [ -68.864875496387626, -32.898039298161052, 0.0 ], [ -68.864956479529184, -32.897991145194474, 0.0 ], [ -68.865017249873929, -32.897880393019697, 0.0 ], [ -68.865095044113062, -32.897679490104373, 0.0 ], [ -68.86529804766306, -32.897091806541468, 0.0 ], [ -68.865321861900739, -32.896963972427521, 0.0 ], [ -68.865318604907074, -32.896856126689428, 0.0 ], [ -68.865291933229884, -32.896682792966914, 0.0 ], [ -68.86527530828721, -32.896509560228068, 0.0 ], [ -68.865272179811853, -32.896387467902301, 0.0 ], [ -68.865275622091644, -32.896302261814604, 0.0 ], [ -68.865289196552439, -32.896231223189901, 0.0 ], [ -68.865333154954271, -32.896140380086464, 0.0 ], [ -68.865387292638445, -32.896032505964484, 0.0 ], [ -68.865414402415666, -32.895916126834322, 0.0 ], [ -68.865471508593259, -32.895682650302227, 0.0 ], [ -68.865525697327527, -32.895540692243621, 0.0 ], [ -68.865627002849195, -32.895339092846044, 0.0 ], [ -68.865724913045099, -32.895191591182048, 0.0 ], [ -68.865877002273422, -32.89490772168557, 0.0 ], [ -68.865951300139969, -32.894754423680908, 0.0 ], [ -68.866079609648921, -32.894575665621431, 0.0 ], [ -68.866258510405871, -32.894371353510785, 0.0 ], [ -68.866453156947401, -32.894072109858435, 0.0 ], [ -68.866513875814391, -32.893992645514111, 0.0 ] ] ] ] } },
{ "type": "Feature", "properties": { "LAYER": "VM_MOSAICO_PARCELARIO_RIO_", "GM_TYPE": "Unknown Area Type", "MAP_NAME": "Cl_del Oeste_modificado_2026.dwg", "CLOSED": "YES", "BORDER_STY": "Solid", "BORDER_COL": "RGB(255,255,255)", "BORDER_WID": 1, "FILL_STYLE": "No Fill" }, "geometry": { "type": "MultiPolygon", "coordinates": [ [ [ [ -68.863307894483526, -32.888336927808858, 0.0 ], [ -68.863595134338254, -32.889681123192517, 0.0 ], [ -68.862391195985992, -32.889901349913558, 0.0 ], [ -68.862043446046869, -32.889961289962699, 0.0 ], [ -68.861806872173958, -32.888625803350394, 0.0 ], [ -68.863307894483526, -32.888336927808858, 0.0 ] ] ] ] } },
{ "type": "Feature", "properties": { "LAYER": "VM_MOSAICO_PARCELARIO_RIO_", "GM_TYPE": "Unknown Area Type", "MAP_NAME": "Cl_del Oeste_modificado_2026.dwg", "CLOSED": "YES", "BORDER_STY": "Solid", "BORDER_COL": "RGB(255,255,255)", "BORDER_WID": 1, "FILL_STYLE": "No Fill" }, "geometry": { "type": "MultiPolygon", "coordinates": [ [ [ [ -68.863307894483526, -32.888336927808858, 0.0 ], [ -68.863202710628329, -32.888004088407108, 0.0 ], [ -68.863102771606762, -32.887805426437552, 0.0 ], [ -68.862691999567247, -32.887642761694124, 0.0 ], [ -68.862503140419633, -32.887586378776064, 0.0 ], [ -68.862303036805272, -32.887614201243068, 0.0 ], [ -68.86219191396566, -32.887600012446029, 0.0 ], [ -68.861991810085456, -32.887627924583718, 0.0 ], [ -68.861702884897127, -32.88759487398962, 0.0 ], [ -68.861593595366443, -32.887570136890005, 0.0 ], [ -68.861806872173958, -32.888625803350394, 0.0 ], [ -68.863307894483526, -32.888336927808858, 0.0 ] ] ] ] } },
{ "type": "Feature", "properties": { "LAYER": "VM_MOSAICO_PARCELARIO_RIO_", "GM_TYPE": "Unknown Area Type", "MAP_NAME": "Cl_del Oeste_modificado_2026.dwg", "CLOSED": "YES", "BORDER_STY": "Solid", "BORDER_COL": "RGB(255,255,255)", "BORDER_WID": 1, "FILL_STYLE": "No Fill" }, "geometry": { "type": "MultiPolygon", "coordinates": [ [ [ [ -68.863047904832456, -32.88769400738272, 0.0 ], [ -68.862997726589938, -32.887591610360232, 0.0 ], [ -68.862837815805136, -32.886780813744934, 0.0 ], [ -68.862582547154119, -32.886546273855416, 0.0 ], [ -68.862076721889025, -32.886625336475859, 0.0 ], [ -68.861865483999807, -32.886667302539848, 0.0 ], [ -68.861487212558615, -32.886844878220884, 0.0 ], [ -68.861459331795984, -32.886905801736532, 0.0 ], [ -68.861579701973938, -32.88750159290754, 0.0 ], [ -68.861969682793003, -32.887562347142428, 0.0 ], [ -68.862180915500616, -32.887525069705333, 0.0 ], [ -68.862286473766105, -32.887543941184163, 0.0 ], [ -68.862547706837347, -32.887516095774551, 0.0 ], [ -68.863047904832456, -32.88769400738272, 0.0 ] ] ] ] } },
{ "type": "Feature", "properties": { "LAYER": "VM_MOSAICO_PARCELARIO_RIO_", "GM_TYPE": "Unknown Area Type", "MAP_NAME": "Cl_del Oeste_modificado_2026.dwg", "CLOSED": "YES", "BORDER_STY": "Solid", "BORDER_COL": "RGB(255,255,255)", "BORDER_WID": 1, "FILL_STYLE": "No Fill" }, "geometry": { "type": "MultiPolygon", "coordinates": [ [ [ [ -68.877868518327588, -32.889246293926128, 0.0 ], [ -68.877357117627767, -32.889439927253783, 0.0 ], [ -68.874141085886052, -32.889487309144897, 0.0 ], [ -68.874152863613844, -32.88943271237509, 0.0 ], [ -68.874216681401606, -32.889136881801662, 0.0 ], [ -68.874237646256773, -32.889037160405834, 0.0 ], [ -68.874252955379674, -32.888936710161012, 0.0 ], [ -68.874262573200539, -32.888835758259894, 0.0 ], [ -68.874266572354855, -32.888718453929712, 0.0 ], [ -68.874262889606527, -32.888601141873913, 0.0 ], [ -68.874251535166138, -32.888484180975624, 0.0 ], [ -68.874210243038377, -32.888132720219794, 0.0 ], [ -68.8741805197091, -32.8878797241508, 0.0 ], [ -68.874119551232667, -32.887683973920581, 0.0 ], [ -68.874065943919121, -32.887511857211244, 0.0 ], [ -68.873942667778806, -32.887116049650906, 0.0 ], [ -68.873827028606726, -32.886670406794842, 0.0 ], [ -68.873667421721507, -32.886055313905224, 0.0 ], [ -68.873528388017021, -32.885400289361904, 0.0 ], [ -68.873448490390246, -32.884917097820725, 0.0 ], [ -68.873455118467277, -32.884865075052595, 0.0 ], [ -68.873469750243274, -32.884814230778552, 0.0 ], [ -68.873492134399982, -32.884765435776607, 0.0 ], [ -68.873521885014796, -32.88471952912839, 0.0 ], [ -68.873558493346266, -32.884677297492146, 0.0 ], [ -68.87360133105355, -32.88463946608961, 0.0 ], [ -68.873649661971513, -32.884606685192921, 0.0 ], [ -68.873702657092224, -32.884579515713277, 0.0 ], [ -68.873759407395255, -32.884558424705752, 0.0 ], [ -68.873818937755047, -32.884543774563845, 0.0 ], [ -68.873880227253537, -32.884535816728025, 0.0 ], [ -68.874301732249378, -32.884439949292059, 0.0 ], [ -68.874556359998763, -32.884925578957905, 0.0 ], [ -68.875160882318738, -32.886078510112682, 0.0 ], [ -68.875474979092743, -32.886336416079409, 0.0 ], [ -68.875361341099023, -32.886432162717071, 0.0 ], [ -68.875467382201677, -32.886543956498898, 0.0 ], [ -68.876054039674059, -32.88662577457135, 0.0 ], [ -68.876999766461125, -32.887698249838095, 0.0 ], [ -68.877577616296904, -32.88835352842807, 0.0 ], [ -68.877482521134738, -32.888806520338228, 0.0 ], [ -68.877868518327588, -32.889246293926128, 0.0 ] ] ] ] } },
{ "type": "Feature", "properties": { "LAYER": "VM_MOSAICO_PARCELARIO_RIO_", "GM_TYPE": "Unknown Area Type", "MAP_NAME": "Cl_del Oeste_modificado_2026.dwg", "CLOSED": "YES", "BORDER_STY": "Solid", "BORDER_COL": "RGB(255,255,255)", "BORDER_WID": 1, "FILL_STYLE": "No Fill" }, "geometry": { "type": "MultiPolygon", "coordinates": [ [ [ [ -68.879781969978737, -32.892579715593286, 0.0 ], [ -68.875784879263762, -32.892815617336048, 0.0 ], [ -68.874465707828705, -32.892826824529543, 0.0 ], [ -68.873762707162342, -32.892788024878662, 0.0 ], [ -68.8727063541468, -32.892716336269558, 0.0 ], [ -68.873125076735207, -32.89202199755379, 0.0 ], [ -68.873584961771599, -32.891206554490623, 0.0 ], [ -68.873609635373285, -32.891160249076101, 0.0 ], [ -68.873696663508227, -32.890968639118249, 0.0 ], [ -68.873777580773393, -32.890775132979464, 0.0 ], [ -68.873848789844914, -32.890589530237328, 0.0 ], [ -68.873881297765493, -32.890489785660826, 0.0 ], [ -68.874002887878007, -32.890116706677802, 0.0 ], [ -68.874013142438926, -32.89008039324856, 0.0 ], [ -68.874141085886052, -32.889487309144897, 0.0 ], [ -68.877357117627767, -32.889439927253783, 0.0 ], [ -68.877868518327588, -32.889246293926128, 0.0 ], [ -68.877878189603052, -32.889257312513976, 0.0 ], [ -68.877797219320357, -32.889850400767138, 0.0 ], [ -68.877786066048785, -32.889888571117581, 0.0 ], [ -68.877731112580733, -32.889914659258395, 0.0 ], [ -68.877096220038339, -32.890339466035542, 0.0 ], [ -68.877053674407691, -32.890366867211263, 0.0 ], [ -68.876192765305007, -32.890921332068061, 0.0 ], [ -68.876036700569273, -32.891020989347176, 0.0 ], [ -68.875784488041376, -32.891182042743011, 0.0 ], [ -68.8751007922436, -32.891649345235038, 0.0 ], [ -68.875047036291434, -32.891711798612029, 0.0 ], [ -68.875027560445602, -32.891736937252787, 0.0 ], [ -68.875007507486188, -32.891762821012556, 0.0 ], [ -68.874961532782009, -32.89182312888876, 0.0 ], [ -68.874921076532104, -32.891876198075551, 0.0 ], [ -68.874910642116205, -32.891927292821975, 0.0 ], [ -68.874903364539108, -32.891973998584625, 0.0 ], [ -68.874900291951633, -32.891993716410973, 0.0 ], [ -68.874956658239128, -32.891992007272997, 0.0 ], [ -68.875740749872918, -32.891968227661529, 0.0 ], [ -68.875929663576244, -32.891923800426198, 0.0 ], [ -68.876513179299948, -32.891736902745244, 0.0 ], [ -68.876724610812118, -32.891720158640936, 0.0 ], [ -68.877099503794327, -32.891559770415576, 0.0 ], [ -68.877247091596644, -32.891434099606499, 0.0 ], [ -68.87760994433377, -32.89124322534429, 0.0 ], [ -68.877972014112444, -32.891054021895812, 0.0 ], [ -68.878164140322156, -32.890976227299035, 0.0 ], [ -68.878350971372925, -32.89095495071588, 0.0 ], [ -68.878560026924021, -32.890990761716729, 0.0 ], [ -68.878628402261285, -32.891031151759812, 0.0 ], [ -68.87891220372515, -32.891136917621147, 0.0 ], [ -68.878932088161278, -32.89116721117923, 0.0 ], [ -68.879045297675944, -32.891229561815543, 0.0 ], [ -68.879046253256746, -32.891303405896338, 0.0 ], [ -68.879046049930551, -32.891366524132074, 0.0 ], [ -68.879265158170242, -32.891681358698172, 0.0 ], [ -68.879280216491651, -32.892162333843359, 0.0 ], [ -68.879290958123178, -32.892189442755132, 0.0 ], [ -68.879399454595372, -32.892278841971269, 0.0 ], [ -68.879525458237339, -32.892349557774565, 0.0 ], [ -68.879625393094102, -32.892432799908434, 0.0 ], [ -68.879650051284898, -32.892527011655261, 0.0 ], [ -68.87978197147396, -32.892579715505022, 0.0 ], [ -68.879781969978737, -32.892579715593286, 0.0 ] ] ] ] } },
{ "type": "Feature", "properties": { "LAYER": "VM_MOSAICO_PARCELARIO_RIO_", "GM_TYPE": "Unknown Area Type", "MAP_NAME": "Cl_del Oeste_modificado_2026.dwg", "CLOSED": "YES", "BORDER_STY": "Solid", "BORDER_COL": "RGB(255,255,255)", "BORDER_WID": 1, "FILL_STYLE": "No Fill" }, "geometry": { "type": "MultiPolygon", "coordinates": [ [ [ [ -68.870092831979804, -32.88670776853445, 0.0 ], [ -68.869936128862207, -32.887388924426659, 0.0 ], [ -68.869898141544184, -32.887495284608498, 0.0 ], [ -68.869876994772554, -32.887559192592512, 0.0 ], [ -68.869897965238451, -32.887615930855617, 0.0 ], [ -68.869923093118544, -32.887679886977182, 0.0 ], [ -68.869973575301998, -32.88772601594939, 0.0 ], [ -68.870053389680251, -32.887811308827018, 0.0 ], [ -68.870318012414046, -32.888169916006191, 0.0 ], [ -68.870406208345614, -32.888297777216927, 0.0 ], [ -68.870511445010663, -32.888319166159981, 0.0 ], [ -68.870671364843886, -32.888290928335181, 0.0 ], [ -68.870886140074646, -32.888241467014502, 0.0 ], [ -68.871130335273364, -32.888170755706945, 0.0 ], [ -68.871298748643738, -32.888107089325302, 0.0 ], [ -68.871425146349878, -32.888054019495343, 0.0 ], [ -68.871458938628706, -32.887965327713779, 0.0 ], [ -68.871492730839947, -32.887876635921593, 0.0 ], [ -68.871534879276481, -32.887773796133821, 0.0 ], [ -68.87153496632088, -32.887713473008176, 0.0 ], [ -68.871552005418195, -32.88760700064735, 0.0 ], [ -68.87153108008981, -32.887518252628517, 0.0 ], [ -68.871518556514516, -32.887457916545678, 0.0 ], [ -68.871472384392334, -32.887386905914852, 0.0 ], [ -68.871438812658596, -32.887323031589453, 0.0 ], [ -68.871388350522338, -32.887262656486193, 0.0 ], [ -68.871266449303846, -32.887163164566466, 0.0 ], [ -68.871207646486624, -32.887106297403584, 0.0 ], [ -68.871178176145747, -32.887088593880087, 0.0 ], [ -68.871081404068704, -32.88705296748175, 0.0 ], [ -68.871018244380423, -32.887052902358981, 0.0 ], [ -68.870908891448622, -32.887070552871897, 0.0 ], [ -68.87080359950437, -32.887088207484389, 0.0 ], [ -68.870727813773939, -32.88709876914109, 0.0 ], [ -68.870605733065375, -32.887123439432379, 0.0 ], [ -68.870555168431977, -32.887134027076328, 0.0 ], [ -68.870092842373566, -32.886700645175019, 0.0 ], [ -68.870092831979804, -32.88670776853445, 0.0 ] ] ] ] } },
{ "type": "Feature", "properties": { "LAYER": "VM_MOSAICO_PARCELARIO_RIO_", "GM_TYPE": "Unknown Area Type", "MAP_NAME": "Cl_del Oeste_modificado_2026.dwg", "CLOSED": "YES", "BORDER_STY": "Solid", "BORDER_COL": "RGB(255,255,255)", "BORDER_WID": 1, "FILL_STYLE": "No Fill" }, "geometry": { "type": "MultiPolygon", "coordinates": [ [ [ [ -68.867123229889771, -32.887017806428297, 0.0 ], [ -68.866903751822051, -32.887425678984499, 0.0 ], [ -68.866853134326689, -32.887542664761831, 0.0 ], [ -68.866836084364721, -32.887652653063512, 0.0 ], [ -68.866819289049275, -32.887878148405697, 0.0 ], [ -68.866814637925458, -32.888201129595039, 0.0 ], [ -68.866852066876234, -32.88847077540219, 0.0 ], [ -68.866889740708984, -32.888648268515198, 0.0 ], [ -68.866923245916638, -32.888754794009309, 0.0 ], [ -68.867015679874797, -32.88883288869993, 0.0 ], [ -68.867217895224925, -32.88875150043183, 0.0 ], [ -68.867609484474158, -32.888599349283353, 0.0 ], [ -68.868043260043137, -32.888465004758132, 0.0 ], [ -68.868418005027365, -32.888355393163373, 0.0 ], [ -68.868796932726681, -32.888235144862747, 0.0 ], [ -68.869015861149293, -32.888196331079989, 0.0 ], [ -68.869306264966838, -32.888171748196278, 0.0 ], [ -68.869613528016416, -32.888165035722054, 0.0 ], [ -68.86988278464932, -32.888204359427753, 0.0 ], [ -68.870093145553028, -32.888250654589044, 0.0 ], [ -68.870244641567865, -32.888282731767987, 0.0 ], [ -68.870253094599988, -32.888275707338828, 0.0 ], [ -68.869921262940281, -32.887835336822263, 0.0 ], [ -68.869799404123086, -32.887707440220161, 0.0 ], [ -68.869765859455939, -32.887625802140583, 0.0 ], [ -68.86976169361597, -32.887551318018453, 0.0 ], [ -68.869791355838331, -32.887437735673373, 0.0 ], [ -68.86985897408286, -32.887239163234007, 0.0 ], [ -68.869935143759008, -32.886965939515513, 0.0 ], [ -68.869969040614464, -32.886806375207911, 0.0 ], [ -68.869956533869654, -32.886735308841054, 0.0 ], [ -68.869952469641262, -32.886664341420655, 0.0 ], [ -68.86994408918325, -32.886621772822863, 0.0 ], [ -68.8699315357199, -32.88658271648486, 0.0 ], [ -68.869910529242304, -32.886550774723332, 0.0 ], [ -68.86988950209161, -32.886532989508176, 0.0 ], [ -68.869880660729635, -32.886513323414206, 0.0 ], [ -68.869582105819745, -32.886342682728532, 0.0 ], [ -68.86927507822962, -32.886193312414179, 0.0 ], [ -68.868984842735941, -32.886107888934788, 0.0 ], [ -68.868660965416936, -32.886008182714939, 0.0 ], [ -68.868387388873501, -32.886004288345042, 0.0 ], [ -68.868160017664763, -32.886046698918925, 0.0 ], [ -68.867966364116384, -32.886124491025257, 0.0 ], [ -68.867831445414964, -32.886230838397189, 0.0 ], [ -68.867582873998728, -32.886443465046234, 0.0 ], [ -68.867283535563047, -32.886801570480301, 0.0 ], [ -68.867123229889771, -32.887017806428297, 0.0 ] ] ] ] } },
{ "type": "Feature", "properties": { "LAYER": "VM_MOSAICO_PARCELARIO_RIO_", "GM_TYPE": "Unknown Area Type", "MAP_NAME": "Cl_del Oeste_modificado_2026.dwg", "CLOSED": "YES", "BORDER_STY": "Solid", "BORDER_COL": "RGB(255,255,255)", "BORDER_WID": 1, "FILL_STYLE": "No Fill" }, "geometry": { "type": "MultiPolygon", "coordinates": [ [ [ [ -68.871043985764757, -32.886546177757396, 0.0 ], [ -68.871237667488202, -32.886521580773469, 0.0 ], [ -68.871401879051618, -32.886479189847996, 0.0 ], [ -68.871532294528905, -32.886454437167977, 0.0 ], [ -68.871738647838214, -32.886387202367978, 0.0 ], [ -68.871915510242673, -32.886316420425928, 0.0 ], [ -68.87210084034399, -32.886227973718924, 0.0 ], [ -68.872269280003252, -32.886142935917754, 0.0 ], [ -68.87244203979229, -32.886025982377816, 0.0 ], [ -68.872606361601768, -32.885905503400522, 0.0 ], [ -68.872699025804323, -32.885823994576022, 0.0 ], [ -68.872770718400432, -32.885760227693275, 0.0 ], [ -68.872753863725833, -32.885738930600326, 0.0 ], [ -68.872585587879939, -32.885710355960157, 0.0 ], [ -68.87239623377846, -32.885699522933834, 0.0 ], [ -68.872072114688422, -32.885692068445536, 0.0 ], [ -68.87179852349081, -32.885698911665408, 0.0 ], [ -68.871571307706091, -32.885709318518899, 0.0 ], [ -68.871209270280929, -32.885762146084971, 0.0 ], [ -68.870880880193695, -32.885825737486009, 0.0 ], [ -68.870257874251848, -32.88594925579968, 0.0 ], [ -68.869887366560036, -32.886019834090064, 0.0 ], [ -68.86968948643478, -32.886065794724132, 0.0 ], [ -68.869567380836642, -32.886108227324129, 0.0 ], [ -68.869495849768626, -32.886132949246502, 0.0 ], [ -68.869487370709962, -32.886157827111454, 0.0 ], [ -68.869504117812482, -32.886179124529981, 0.0 ], [ -68.869655552931249, -32.886250245649158, 0.0 ], [ -68.869811135323857, -32.886335617642949, 0.0 ], [ -68.869966692203406, -32.886438662588432, 0.0 ], [ -68.870109649344712, -32.886534570883441, 0.0 ], [ -68.870210653805941, -32.886598605739891, 0.0 ], [ -68.870239996159242, -32.886630556100108, 0.0 ], [ -68.87032839730297, -32.886616401048798, 0.0 ], [ -68.870395740046177, -32.886605830883596, 0.0 ], [ -68.87068625014966, -32.886577818459841, 0.0 ], [ -68.871043985764757, -32.886546177757396, 0.0 ] ] ] ] } },
{ "type": "Feature", "properties": { "LAYER": "VM_MOSAICO_PARCELARIO_RIO_", "GM_TYPE": "Unknown Area Type", "MAP_NAME": "Cl_del Oeste_modificado_2026.dwg", "CLOSED": "YES", "BORDER_STY": "Solid", "BORDER_COL": "RGB(255,255,255)", "BORDER_WID": 1, "FILL_STYLE": "No Fill" }, "geometry": { "type": "MultiPolygon", "coordinates": [ [ [ [ -68.870031891895721, -32.885040926539354, 0.0 ], [ -68.8701159734768, -32.885129740445961, 0.0 ], [ -68.870153700861479, -32.885200742832787, 0.0 ], [ -68.870157877182834, -32.885268193778458, 0.0 ], [ -68.870132425540348, -32.885353287136986, 0.0 ], [ -68.870086027737756, -32.885438448902072, 0.0 ], [ -68.870060703504862, -32.885509385801953, 0.0 ], [ -68.870052157415287, -32.885580340130076, 0.0 ], [ -68.87004360104622, -32.885658327648251, 0.0 ], [ -68.870039350295642, -32.885715129863627, 0.0 ], [ -68.87000557300064, -32.885793181336126, 0.0 ], [ -68.869946478391753, -32.88586408310276, 0.0 ], [ -68.869938075398508, -32.885910150853505, 0.0 ], [ -68.870165343551562, -32.88586431050571, 0.0 ], [ -68.870464243922399, -32.885797173843535, 0.0 ], [ -68.87085165074879, -32.885715971319044, 0.0 ], [ -68.871070470314507, -32.885673637200085, 0.0 ], [ -68.871356717972077, -32.88563488867382, 0.0 ], [ -68.871571455718836, -32.885606706052506, 0.0 ], [ -68.871777725223481, -32.885596277725035, 0.0 ], [ -68.872114362711827, -32.885593105804226, 0.0 ], [ -68.87239210614274, -32.885596906102464, 0.0 ], [ -68.872648878171972, -32.88561844777589, 0.0 ], [ -68.872808716355621, -32.88564349714904, 0.0 ], [ -68.872884495583619, -32.885636450821409, 0.0 ], [ -68.873107826435614, -32.885427304580844, 0.0 ], [ -68.873251123714368, -32.885285523461469, 0.0 ], [ -68.873293315185862, -32.885225242972552, 0.0 ], [ -68.873306082023845, -32.885115249396748, 0.0 ], [ -68.873289455472715, -32.885008742643095, 0.0 ], [ -68.873192937401285, -32.88479575516417, 0.0 ], [ -68.873117305524403, -32.884699918686493, 0.0 ], [ -68.873003822964861, -32.884618200309895, 0.0 ], [ -68.87287340516373, -32.884571901143111, 0.0 ], [ -68.87279349461312, -32.884554056543848, 0.0 ], [ -68.872692409250959, -32.884546920485462, 0.0 ], [ -68.872650405811086, -32.884550394324656, 0.0 ], [ -68.87192630542593, -32.884680941384019, 0.0 ], [ -68.870036070097214, -32.885033807509089, 0.0 ], [ -68.870031891895721, -32.885040926539354, 0.0 ] ] ] ] } },
{ "type": "Feature", "properties": { "LAYER": "VM_MOSAICO_PARCELARIO_RIO_", "GM_TYPE": "Unknown Area Type", "MAP_NAME": "Cl_del Oeste_modificado_2026.dwg", "CLOSED": "YES", "BORDER_STY": "Solid", "BORDER_COL": "RGB(255,255,255)", "BORDER_WID": 1, "FILL_STYLE": "No Fill" }, "geometry": { "type": "MultiPolygon", "coordinates": [ [ [ [ -68.864418934652008, -32.887628235010062, 0.0 ], [ -68.864679840785385, -32.887674594061394, 0.0 ], [ -68.865008053665576, -32.887735271974492, 0.0 ], [ -68.865159450731994, -32.887760322006166, 0.0 ], [ -68.865378293787018, -32.887778230936924, 0.0 ], [ -68.865546603328852, -32.887785535367762, 0.0 ], [ -68.865765489215988, -32.887775130531743, 0.0 ], [ -68.865925505697248, -32.887754022246241, 0.0 ], [ -68.866140143373585, -32.887725848863035, 0.0 ], [ -68.866380146307094, -32.887672905678208, 0.0 ], [ -68.866712756696629, -32.88758101748995, 0.0 ], [ -68.866767718407814, -32.887417779584766, 0.0 ], [ -68.866835258542835, -32.887275925152338, 0.0 ], [ -68.866932352734196, -32.887095058851372, 0.0 ], [ -68.867033624925014, -32.886907163710923, 0.0 ], [ -68.867160198215942, -32.886736968529746, 0.0 ], [ -68.867257083862725, -32.886623458160436, 0.0 ], [ -68.867441518872411, -32.88642194518993, 0.0 ], [ -68.867635342431669, -32.886230540832138, 0.0 ], [ -68.867795545423519, -32.886081660517164, 0.0 ], [ -68.86785031443921, -32.886046281885882, 0.0 ], [ -68.867997683702797, -32.885975474316659, 0.0 ], [ -68.868178695127895, -32.885918858609244, 0.0 ], [ -68.868397618116859, -32.885880045880633, 0.0 ], [ -68.868641683076348, -32.885894549206412, 0.0 ], [ -68.86879145935545, -32.885930233114983, 0.0 ], [ -68.86893448741651, -32.885976549744093, 0.0 ], [ -68.869081785306165, -32.886026297110767, 0.0 ], [ -68.869195328570768, -32.886065459202285, 0.0 ], [ -68.869287957041266, -32.886083319389947, 0.0 ], [ -68.869477394709577, -32.8860374407504, 0.0 ], [ -68.869679442728383, -32.885991484794857, 0.0 ], [ -68.869772052585361, -32.885949021374479, 0.0 ], [ -68.869814226024616, -32.885902898623698, 0.0 ], [ -68.869864904178243, -32.885814224819455, 0.0 ], [ -68.869907134421325, -32.885729148976381, 0.0 ], [ -68.869940891098764, -32.88566525408185, 0.0 ], [ -68.8699410465223, -32.885558854518187, 0.0 ], [ -68.869962239387092, -32.885463026631712, 0.0 ], [ -68.870000199817241, -32.88537442971122, 0.0 ], [ -68.870050872350774, -32.885289272418909, 0.0 ], [ -68.870063591356754, -32.885214805821647, 0.0 ], [ -68.870030011182081, -32.885157964292503, 0.0 ], [ -68.869946148925663, -32.885065363447424, 0.0 ], [ -68.863474050533071, -32.886264569681771, 0.0 ], [ -68.863450895611464, -32.886380772551327, 0.0 ], [ -68.863421721882489, -32.886449539823197, 0.0 ], [ -68.863380024153031, -32.886531548284424, 0.0 ], [ -68.863342528269939, -32.886591379690387, 0.0 ], [ -68.863307081668722, -32.886638950308466, 0.0 ], [ -68.863268222293172, -32.886681918554089, 0.0 ], [ -68.86324274945261, -32.886706687241187, 0.0 ], [ -68.863191379717634, -32.886753969904774, 0.0 ], [ -68.863199432012962, -32.886938464959023, 0.0 ], [ -68.863216071975728, -32.887098172862771, 0.0 ], [ -68.86322852989197, -32.887197552975103, 0.0 ], [ -68.863299876347014, -32.887364353877089, 0.0 ], [ -68.863396304664235, -32.887552552238837, 0.0 ], [ -68.863480278547769, -32.887708817022961, 0.0 ], [ -68.86363568378971, -32.887907629355766, 0.0 ], [ -68.863955866043014, -32.887698695310867, 0.0 ], [ -68.864052776943254, -32.887641994085854, 0.0 ], [ -68.864162265887614, -32.887606586383669, 0.0 ], [ -68.86425481515171, -32.887606686873056, 0.0 ], [ -68.864334753777428, -32.88760677361477, 0.0 ], [ -68.864418934652008, -32.887628235010062, 0.0 ] ] ] ] } },
{ "type": "Feature", "properties": { "LAYER": "VM_MOSAICO_PARCELARIO_RIO_", "GM_TYPE": "Unknown Area Type", "MAP_NAME": "Cl_del Oeste_modificado_2026.dwg", "CLOSED": "YES", "BORDER_STY": "Solid", "BORDER_COL": "RGB(255,255,255)", "BORDER_WID": 1, "FILL_STYLE": "No Fill" }, "geometry": { "type": "MultiPolygon", "coordinates": [ [ [ [ -68.863366207710186, -32.882094303536299, 0.0 ], [ -68.863582233270876, -32.881988860923272, 0.0 ], [ -68.864101640584252, -32.881884829974013, 0.0 ], [ -68.864237508222104, -32.882486406755461, 0.0 ], [ -68.864360918879669, -32.883042992448232, 0.0 ], [ -68.864340796728058, -32.883046652270508, 0.0 ], [ -68.864031231119, -32.88310293881937, 0.0 ], [ -68.863495688547815, -32.88320072384326, 0.0 ], [ -68.862043741029737, -32.883460244736369, 0.0 ], [ -68.861961645774798, -32.883475031184823, 0.0 ], [ -68.861898895691041, -32.8834881257253, 0.0 ], [ -68.861681689839386, -32.883524222115057, 0.0 ], [ -68.86154446169995, -32.883532814891744, 0.0 ], [ -68.861483869713553, -32.883532476390698, 0.0 ], [ -68.861373811765048, -32.883524057976935, 0.0 ], [ -68.861115565843022, -32.883493922737919, 0.0 ], [ -68.8609344769432, -32.883469067432557, 0.0 ], [ -68.860909366933313, -32.883461500457045, 0.0 ], [ -68.860871672473422, -32.883443694282192, 0.0 ], [ -68.860697595329114, -32.883303285488154, 0.0 ], [ -68.860627095124471, -32.882944422477358, 0.0 ], [ -68.86049446924666, -32.882270979643103, 0.0 ], [ -68.86035820337834, -32.881584779275407, 0.0 ], [ -68.860481031374078, -32.881530806366676, 0.0 ], [ -68.860464482049039, -32.881453422642359, 0.0 ], [ -68.861832179589328, -32.881201745583482, 0.0 ], [ -68.862003455707821, -32.882044837327967, 0.0 ], [ -68.862213605556562, -32.88200827994207, 0.0 ], [ -68.862274126641765, -32.882053791927021, 0.0 ], [ -68.86237001309172, -32.882449199669523, 0.0 ], [ -68.863366207710186, -32.882094303536299, 0.0 ] ] ] ] } },
{ "type": "Feature", "properties": { "LAYER": "VM_MOSAICO_PARCELARIO_RIO_", "GM_TYPE": "Unknown Area Type", "MAP_NAME": "Cl_del Oeste_modificado_2026.dwg", "CLOSED": "YES", "BORDER_STY": "Solid", "BORDER_COL": "RGB(255,255,255)", "BORDER_WID": 1, "FILL_STYLE": "No Fill" }, "geometry": { "type": "MultiPolygon", "coordinates": [ [ [ [ -68.863685100631088, -32.888019312717674, 0.0 ], [ -68.86370194279408, -32.888047644207546, 0.0 ], [ -68.863882646404377, -32.888196890726817, 0.0 ], [ -68.864113895097518, -32.888349708512159, 0.0 ], [ -68.864420829538602, -32.888559414543238, 0.0 ], [ -68.864567968101028, -32.888644783872465, 0.0 ], [ -68.864677334036358, -32.888690978725691, 0.0 ], [ -68.864975984187851, -32.888797791359814, 0.0 ], [ -68.865350423098036, -32.888893954768243, 0.0 ], [ -68.865468259297486, -32.888922484884539, 0.0 ], [ -68.865619770828971, -32.888943927712432, 0.0 ], [ -68.865884908121117, -32.88895133569693, 0.0 ], [ -68.865960669248054, -32.888958540288279, 0.0 ], [ -68.866124839797251, -32.888948076173314, 0.0 ], [ -68.866213254457023, -32.888926890856958, 0.0 ], [ -68.866259663071844, -32.888838213996877, 0.0 ], [ -68.866314482463579, -32.888770826042453, 0.0 ], [ -68.866390323450929, -32.888724740456901, 0.0 ], [ -68.866440793158077, -32.888707121201968, 0.0 ], [ -68.866525039530018, -32.888685931212237, 0.0 ], [ -68.866604995210253, -32.888675286386551, 0.0 ], [ -68.866672329278387, -32.88867184159102, 0.0 ], [ -68.866714431230633, -32.888675403068511, 0.0 ], [ -68.86667285539319, -32.888320542901148, 0.0 ], [ -68.866660606047233, -32.88807923701826, 0.0 ], [ -68.866669256096174, -32.887940836489065, 0.0 ], [ -68.866678006985254, -32.887735079654341, 0.0 ], [ -68.866673764054028, -32.887713795194351, 0.0 ], [ -68.866661169334378, -32.887703141798326, 0.0 ], [ -68.866463257308865, -32.88776677044094, 0.0 ], [ -68.86627797165437, -32.887819772302528, 0.0 ], [ -68.866046421588536, -32.887865691144377, 0.0 ], [ -68.865793871412365, -32.887876060350266, 0.0 ], [ -68.865562374601069, -32.88788645167967, 0.0 ], [ -68.865343600606877, -32.887893339680481, 0.0 ], [ -68.865120504054445, -32.887861179365011, 0.0 ], [ -68.864880752215868, -32.887818270520867, 0.0 ], [ -68.864514616459132, -32.887746911228284, 0.0 ], [ -68.864337918349946, -32.887704159806056, 0.0 ], [ -68.86425381170929, -32.887704068542199, 0.0 ], [ -68.864148517715861, -32.887721717544558, 0.0 ], [ -68.864081146279489, -32.88775004764652, 0.0 ], [ -68.864013758548339, -32.887789017662087, 0.0 ], [ -68.863685100631088, -32.888019312717674, 0.0 ] ] ] ] } },
{ "type": "Feature", "properties": { "LAYER": "VM_MOSAICO_PARCELARIO_RIO_", "GM_TYPE": "Unknown Area Type", "MAP_NAME": "Cl_del Oeste_modificado_2026.dwg", "CLOSED": "YES", "BORDER_STY": "Solid", "BORDER_COL": "RGB(255,255,255)", "BORDER_WID": 1, "FILL_STYLE": "No Fill" }, "geometry": { "type": "MultiPolygon", "coordinates": [ [ [ [ -68.864022624573821, -32.89245223308901, 0.0 ], [ -68.863933716835163, -32.891632031670923, 0.0 ], [ -68.863816764790599, -32.891652282596162, 0.0 ], [ -68.863715396381735, -32.891685624924477, 0.0 ], [ -68.863609762163676, -32.891712921184094, 0.0 ], [ -68.863465538202448, -32.891745314869837, 0.0 ], [ -68.863406197237538, -32.891761841192469, 0.0 ], [ -68.863362049638596, -32.891767203112735, 0.0 ], [ -68.86323112383927, -32.891769765065177, 0.0 ], [ -68.863137167153255, -32.891778589018102, 0.0 ], [ -68.8630367865822, -32.891794799735948, 0.0 ], [ -68.86299679429645, -32.891808461640771, 0.0 ], [ -68.862958617344376, -32.891823117382856, 0.0 ], [ -68.862869841325917, -32.891868375151724, 0.0 ], [ -68.862820523486363, -32.891899790097455, 0.0 ], [ -68.862606755143446, -32.892119207480413, 0.0 ], [ -68.862550440890715, -32.892182534511107, 0.0 ], [ -68.862489874526389, -32.892230978930044, 0.0 ], [ -68.862469538532821, -32.892250162595893, 0.0 ], [ -68.862481217650412, -32.892300129149575, 0.0 ], [ -68.862577052879587, -32.892711426555103, 0.0 ], [ -68.864022624573821, -32.89245223308901, 0.0 ] ] ] ] } },
{ "type": "Feature", "properties": { "LAYER": "VM_MOSAICO_PARCELARIO_RIO_", "GM_TYPE": "Unknown Area Type", "MAP_NAME": "Cl_del Oeste_modificado_2026.dwg", "CLOSED": "YES", "BORDER_STY": "Solid", "BORDER_COL": "RGB(255,255,255)", "BORDER_WID": 1, "FILL_STYLE": "No Fill" }, "geometry": { "type": "MultiPolygon", "coordinates": [ [ [ [ -68.870972660012029, -32.874185962127214, 0.0 ], [ -68.870885710110457, -32.874608135812018, 0.0 ], [ -68.871974518385287, -32.87522944017698, 0.0 ], [ -68.874412141304944, -32.876638824552963, 0.0 ], [ -68.874466229096626, -32.876625894454349, 0.0 ], [ -68.874496678551068, -32.876629261277337, 0.0 ], [ -68.874547093698837, -32.876644370140525, 0.0 ], [ -68.874585026306832, -32.876645490212148, 0.0 ], [ -68.874616689277246, -32.876621807404149, 0.0 ], [ -68.874619085947231, -32.876589258654768, 0.0 ], [ -68.874598928331167, -32.876410252194567, 0.0 ], [ -68.874576908401565, -32.87626379501242, 0.0 ], [ -68.874527455649343, -32.876172493982068, 0.0 ], [ -68.874424735544054, -32.875967255509295, 0.0 ], [ -68.874379199768441, -32.875902197645715, 0.0 ], [ -68.874329588910527, -32.875847505152663, 0.0 ], [ -68.874272945748459, -32.875778558805045, 0.0 ], [ -68.874190568690722, -32.87569669232554, 0.0 ], [ -68.874100488758813, -32.875621490574424, 0.0 ], [ -68.873981888413326, -32.875539316983385, 0.0 ], [ -68.873904377147866, -32.875492801623992, 0.0 ], [ -68.873806481390801, -32.87542877278721, 0.0 ], [ -68.873698746788079, -32.875370594951015, 0.0 ], [ -68.873482829964871, -32.875268755822113, 0.0 ], [ -68.873403364535676, -32.875244239511318, 0.0 ], [ -68.873366950816617, -32.87522743114166, 0.0 ], [ -68.873262927415809, -32.875189815312496, 0.0 ], [ -68.87312995271499, -32.875147751734566, 0.0 ], [ -68.87305113530347, -32.875118547047521, 0.0 ], [ -68.873006502749533, -32.875095508541627, 0.0 ], [ -68.872946406110046, -32.875051535009121, 0.0 ], [ -68.872889537947799, -32.874991604741631, 0.0 ], [ -68.872831503086161, -32.874925631910671, 0.0 ], [ -68.872796288828965, -32.874892143251593, 0.0 ], [ -68.872764181366279, -32.874853067238675, 0.0 ], [ -68.87268091253452, -32.874798610352322, 0.0 ], [ -68.872605208157907, -32.874759760424027, 0.0 ], [ -68.872486137357669, -32.874709414733182, 0.0 ], [ -68.872407748092556, -32.874680119906543, 0.0 ], [ -68.872189572242448, -32.874590990122613, 0.0 ], [ -68.87192451198311, -32.874485040449443, 0.0 ], [ -68.871881470399359, -32.87447065943423, 0.0 ], [ -68.871787701958439, -32.874436208808639, 0.0 ], [ -68.871678966365309, -32.874407062755516, 0.0 ], [ -68.871596621826313, -32.874379296242545, 0.0 ], [ -68.871559343959845, -32.874369429503894, 0.0 ], [ -68.87149504727104, -32.874348985177576, 0.0 ], [ -68.871258248522679, -32.874282016312399, 0.0 ], [ -68.870972660012029, -32.874185962127214, 0.0 ] ] ] ] } },
{ "type": "Feature", "properties": { "LAYER": "VM_MOSAICO_PARCELARIO_RIO_", "GM_TYPE": "Unknown Area Type", "MAP_NAME": "Cl_del Oeste_modificado_2026.dwg", "CLOSED": "YES", "BORDER_STY": "Solid", "BORDER_COL": "RGB(255,255,255)", "BORDER_WID": 1, "FILL_STYLE": "No Fill" }, "geometry": { "type": "MultiPolygon", "coordinates": [ [ [ [ -68.875075448042779, -32.875615434865715, 0.0 ], [ -68.875109290485611, -32.875561186674759, 0.0 ], [ -68.875159027983401, -32.875449516423267, 0.0 ], [ -68.87519609694138, -32.875380303304624, 0.0 ], [ -68.875225574834047, -32.875314148362357, 0.0 ], [ -68.875244119495918, -32.87527223808133, 0.0 ], [ -68.875262951721169, -32.875177578975261, 0.0 ], [ -68.875280520249433, -32.875145947028045, 0.0 ], [ -68.875354370033946, -32.874983986193932, 0.0 ], [ -68.875391873632523, -32.874909363279478, 0.0 ], [ -68.875418813954582, -32.874823729163161, 0.0 ], [ -68.875426344971189, -32.874787127877958, 0.0 ], [ -68.875430880652502, -32.874752958183521, 0.0 ], [ -68.87542778006528, -32.874677843965621, 0.0 ], [ -68.874832111705388, -32.874493393873998, 0.0 ], [ -68.873778477070616, -32.874152666893075, 0.0 ], [ -68.87374024133382, -32.874140004584937, 0.0 ], [ -68.873688218030139, -32.874129762918038, 0.0 ], [ -68.873637482610917, -32.874115555075583, 0.0 ], [ -68.873477770185488, -32.874091588904804, 0.0 ], [ -68.873424778851444, -32.874085854620716, 0.0 ], [ -68.87327542748865, -32.87406460375832, 0.0 ], [ -68.873243912731397, -32.874059612508702, 0.0 ], [ -68.873222758284825, -32.874057787681863, 0.0 ], [ -68.873180018513736, -32.874056572155162, 0.0 ], [ -68.872847734309545, -32.873960024047648, 0.0 ], [ -68.872746426324085, -32.873892744800891, 0.0 ], [ -68.872645092450341, -32.873843679670614, 0.0 ], [ -68.872138185886811, -32.87369032536531, 0.0 ], [ -68.871165570371218, -32.873420171647972, 0.0 ], [ -68.871111133617532, -32.873453748769386, 0.0 ], [ -68.870979979223108, -32.874149270720551, 0.0 ], [ -68.871321437060345, -32.874255842028177, 0.0 ], [ -68.871459870178541, -32.874290248739598, 0.0 ], [ -68.871573622880277, -32.874322736403236, 0.0 ], [ -68.871771533093792, -32.874385517019121, 0.0 ], [ -68.872029780378867, -32.874473245824262, 0.0 ], [ -68.87240803439046, -32.874629444984265, 0.0 ], [ -68.87259524999466, -32.874699517109384, 0.0 ], [ -68.872654184102771, -32.8747342021788, 0.0 ], [ -68.872714392005989, -32.874774839698105, 0.0 ], [ -68.87278249354658, -32.874825043175051, 0.0 ], [ -68.872856771235149, -32.874890311185148, 0.0 ], [ -68.872939998328548, -32.874974163141438, 0.0 ], [ -68.873008513683686, -32.87503410521137, 0.0 ], [ -68.873055805497586, -32.875065622340479, 0.0 ], [ -68.87310022356894, -32.875089201627773, 0.0 ], [ -68.873176042358168, -32.875123092053379, 0.0 ], [ -68.873261805127655, -32.875152484037883, 0.0 ], [ -68.8733357091062, -32.875180421245034, 0.0 ], [ -68.873438576852863, -32.875204149754772, 0.0 ], [ -68.873492513258611, -32.875222057859624, 0.0 ], [ -68.873634118556538, -32.87528171280681, 0.0 ], [ -68.873706726946253, -32.875319206443436, 0.0 ], [ -68.873791716541675, -32.875366631166017, 0.0 ], [ -68.87387573355015, -32.875421809419372, 0.0 ], [ -68.873974817898784, -32.875476551950342, 0.0 ], [ -68.874059690860008, -32.875531099755982, 0.0 ], [ -68.874126723909527, -32.875582203115158, 0.0 ], [ -68.874198033930242, -32.875631417182056, 0.0 ], [ -68.874243491733779, -32.875675826241064, 0.0 ], [ -68.874313298281194, -32.875730448894657, 0.0 ], [ -68.874340816271726, -32.875766454135537, 0.0 ], [ -68.874366186741284, -32.875809851104563, 0.0 ], [ -68.874427638633165, -32.87587871206793, 0.0 ], [ -68.874500355849975, -32.87599122629544, 0.0 ], [ -68.874577602288667, -32.876150452770887, 0.0 ], [ -68.874588376346864, -32.876163538136893, 0.0 ], [ -68.874599049899643, -32.876172114931059, 0.0 ], [ -68.874673396907014, -32.876189862646896, 0.0 ], [ -68.874688144453089, -32.876188885558747, 0.0 ], [ -68.874737141260596, -32.876148628912425, 0.0 ], [ -68.874826233095717, -32.876015267382741, 0.0 ], [ -68.874909027136681, -32.875876940171032, 0.0 ], [ -68.874945648282647, -32.875822514466876, 0.0 ], [ -68.875015921637939, -32.875697159056358, 0.0 ], [ -68.875044506597035, -32.875658324599456, 0.0 ], [ -68.875075448042779, -32.875615434865715, 0.0 ] ] ] ] } },
{ "type": "Feature", "properties": { "LAYER": "VM_MOSAICO_PARCELARIO_RIO_", "GM_TYPE": "Unknown Area Type", "MAP_NAME": "Cl_del Oeste_modificado_2026.dwg", "CLOSED": "YES", "BORDER_STY": "Solid", "BORDER_COL": "RGB(255,255,255)", "BORDER_WID": 1, "FILL_STYLE": "No Fill" }, "geometry": { "type": "MultiPolygon", "coordinates": [ [ [ [ -68.860811963097703, -32.883988249123611, 0.0 ], [ -68.860822741710592, -32.883997728891707, 0.0 ], [ -68.860826804430744, -32.883996561212193, 0.0 ], [ -68.860845337532766, -32.883967547329505, 0.0 ], [ -68.860898662449642, -32.883899799358296, 0.0 ], [ -68.860968453125849, -32.883826569342943, 0.0 ], [ -68.861016710162943, -32.883787669852786, 0.0 ], [ -68.861063129908274, -32.883761933016345, 0.0 ], [ -68.861120873536635, -32.883738643307694, 0.0 ], [ -68.861194533011954, -32.883719879700699, 0.0 ], [ -68.861285712857608, -32.883704652084859, 0.0 ], [ -68.861369738606385, -32.883685629363406, 0.0 ], [ -68.86137968225465, -32.883682304121677, 0.0 ], [ -68.861380340149736, -32.883671574707307, 0.0 ], [ -68.861204764893387, -32.883668765078049, 0.0 ], [ -68.860893970587185, -32.883619638212977, 0.0 ], [ -68.860763961694374, -32.883521840222038, 0.0 ], [ -68.860811963097703, -32.883988249123611, 0.0 ] ] ] ] } }
]
}
