{
"type": "FeatureCollection",
"name": "padrones_compuertas_2026",
"crs": { "type": "name", "properties": { "name": "urn:ogc:def:crs:OGC:1.3:CRS84" } },
"features": [
{ "type": "Feature", "properties": { "ccpp1": "1104 307", "LAYER_2": "PADRONES_COMPUERTAS" }, "geometry": { "type": "MultiPolygon", "coordinates": [ [ [ [ -68.937848838382237, -33.029086141222955, 0.0 ], [ -68.937631503878563, -33.029140031255743, 0.0 ], [ -68.937791245797385, -33.029499748501152, 0.0 ], [ -68.937998010198442, -33.029449764397832, 0.0 ], [ -68.937848838382237, -33.029086141222955, 0.0 ] ] ] ] } },
{ "type": "Feature", "properties": { "ccpp1": "1104 30", "LAYER_2": "PADRONES_COMPUERTAS" }, "geometry": { "type": "MultiPolygon", "coordinates": [ [ [ [ -68.931007216880147, -33.029317274084356, 0.0 ], [ -68.931619142323839, -33.030606349654029, 0.0 ], [ -68.931743213157034, -33.030576959045035, 0.0 ], [ -68.933781322876811, -33.030094140486575, 0.0 ], [ -68.934275756695925, -33.029976618215606, 0.0 ], [ -68.934978650201259, -33.029800923176779, 0.0 ], [ -68.936533930859838, -33.029412149959647, 0.0 ], [ -68.936984013490317, -33.029300579677688, 0.0 ], [ -68.937421772470501, -33.029192035718374, 0.0 ], [ -68.937631503878563, -33.029140031255743, 0.0 ], [ -68.937848838382237, -33.029086141222955, 0.0 ], [ -68.938285325528184, -33.028977909181037, 0.0 ], [ -68.938606012670505, -33.02889838926194, 0.0 ], [ -68.939218682892246, -33.028746465200186, 0.0 ], [ -68.939267005882812, -33.028732812156875, 0.0 ], [ -68.939237825489641, -33.028670696149256, 0.0 ], [ -68.93869398167935, -33.027512989827088, 0.0 ], [ -68.938641372245627, -33.027525276313078, 0.0 ], [ -68.938656194340012, -33.027567884935777, 0.0 ], [ -68.938627951821019, -33.027574583101803, 0.0 ], [ -68.938613022699869, -33.027531975324813, 0.0 ], [ -68.938375798891215, -33.027588036227968, 0.0 ], [ -68.938363527586446, -33.027553221990239, 0.0 ], [ -68.938667301391504, -33.027481850971085, 0.0 ], [ -68.938678155799593, -33.027479300964551, 0.0 ], [ -68.938671669192018, -33.027465491362506, 0.0 ], [ -68.938101396800519, -33.026241691950723, 0.0 ], [ -68.93797939335262, -33.026271353223635, 0.0 ], [ -68.935551164883194, -33.02686166623964, 0.0 ], [ -68.935084904585096, -33.026975947845955, 0.0 ], [ -68.9333272704514, -33.027406728600589, 0.0 ], [ -68.933360572469113, -33.027476155357085, 0.0 ], [ -68.933904786389832, -33.028610711188016, 0.0 ], [ -68.932615609593896, -33.02892508234622, 0.0 ], [ -68.931121102059578, -33.029289505071944, 0.0 ], [ -68.931007216880147, -33.029317274084356, 0.0 ] ] ] ] } },
{ "type": "Feature", "properties": { "ccpp1": "1104 229", "LAYER_2": "PADRONES_COMPUERTAS" }, "geometry": { "type": "MultiPolygon", "coordinates": [ [ [ [ -68.939287974674258, -33.031761906142606, 0.0 ], [ -68.939559197330269, -33.032436959262448, 0.0 ], [ -68.940099003026148, -33.032308460781195, 0.0 ], [ -68.940011685893566, -33.03210455076033, 0.0 ], [ -68.939810514143957, -33.031635937796715, 0.0 ], [ -68.939287974674258, -33.031761906142606, 0.0 ] ] ] ] } },
{ "type": "Feature", "properties": { "ccpp1": "1104 167", "LAYER_2": "PADRONES_COMPUERTAS" }, "geometry": { "type": "MultiPolygon", "coordinates": [ [ [ [ -68.938668078151892, -33.031911341896951, 0.0 ], [ -68.939008956360041, -33.03263857591125, 0.0 ], [ -68.938781769047921, -33.032693827324827, 0.0 ], [ -68.938817236717057, -33.032796905837813, 0.0 ], [ -68.939055666656131, -33.032737782662331, 0.0 ], [ -68.939351213938835, -33.033368375742121, 0.0 ], [ -68.939920792774032, -33.033227359281625, 0.0 ], [ -68.939752658464727, -33.03286246171109, 0.0 ], [ -68.940399104322481, -33.032702635196202, 0.0 ], [ -68.940386490028004, -33.032677382352006, 0.0 ], [ -68.940983430980722, -33.03252980540897, 0.0 ], [ -68.940801991135061, -33.032141023030157, 0.0 ], [ -68.940099003026148, -33.032308460781195, 0.0 ], [ -68.939559197330269, -33.032436959262448, 0.0 ], [ -68.939287974674258, -33.031761906142606, 0.0 ], [ -68.938668078151892, -33.031911341896951, 0.0 ] ] ] ] } },
{ "type": "Feature", "properties": { "ccpp1": "1104 201", "LAYER_2": "PADRONES_COMPUERTAS" }, "geometry": { "type": "MultiPolygon", "coordinates": [ [ [ [ -68.940995262860639, -33.032555158810851, 0.0 ], [ -68.940399104322481, -33.032702635196202, 0.0 ], [ -68.939752658464727, -33.03286246171109, 0.0 ], [ -68.939920792774032, -33.033227359281625, 0.0 ], [ -68.941165220888564, -33.03291933425028, 0.0 ], [ -68.940995262860639, -33.032555158810851, 0.0 ] ] ] ] } },
{ "type": "Feature", "properties": { "ccpp1": "1104 183", "LAYER_2": "PADRONES_COMPUERTAS" }, "geometry": { "type": "MultiPolygon", "coordinates": [ [ [ [ -68.938247230508651, -33.032012791563098, 0.0 ], [ -68.938386856949336, -33.032419975474269, 0.0 ], [ -68.938474028200019, -33.032674831020095, 0.0 ], [ -68.938751963479035, -33.032607162011466, 0.0 ], [ -68.938781769047921, -33.032693827324827, 0.0 ], [ -68.939008956360041, -33.03263857591125, 0.0 ], [ -68.938668078151892, -33.031911341896951, 0.0 ], [ -68.938247230508651, -33.032012791563098, 0.0 ] ] ] ] } },
{ "type": "Feature", "properties": { "ccpp1": "1104 187", "LAYER_2": "PADRONES_COMPUERTAS" }, "geometry": { "type": "MultiPolygon", "coordinates": [ [ [ [ -68.938020782328266, -33.032067378332584, 0.0 ], [ -68.938160312520381, -33.032474594905395, 0.0 ], [ -68.938386856949336, -33.032419975474269, 0.0 ], [ -68.938247230508651, -33.032012791563098, 0.0 ], [ -68.938020782328266, -33.032067378332584, 0.0 ] ] ] ] } },
{ "type": "Feature", "properties": { "ccpp1": "1104 203", "LAYER_2": "PADRONES_COMPUERTAS" }, "geometry": { "type": "MultiPolygon", "coordinates": [ [ [ [ -68.937219542103804, -33.032260519006051, 0.0 ], [ -68.93746795494225, -33.032919315196011, 0.0 ], [ -68.937971581106254, -33.03279693916592, 0.0 ], [ -68.937731924016575, -33.032137008619252, 0.0 ], [ -68.937219542103804, -33.032260519006051, 0.0 ] ] ] ] } },
{ "type": "Feature", "properties": { "ccpp1": "1104 184", "LAYER_2": "PADRONES_COMPUERTAS" }, "geometry": { "type": "MultiPolygon", "coordinates": [ [ [ [ -68.936754889552461, -33.032372542543229, 0.0 ], [ -68.93701197080847, -33.033030081679385, 0.0 ], [ -68.93746795494225, -33.032919315196011, 0.0 ], [ -68.937219542103804, -33.032260519006051, 0.0 ], [ -68.936754889552461, -33.032372542543229, 0.0 ] ] ] ] } },
{ "type": "Feature", "properties": { "ccpp1": "1104 185", "LAYER_2": "PADRONES_COMPUERTAS" }, "geometry": { "type": "MultiPolygon", "coordinates": [ [ [ [ -68.936270964491285, -33.032489153033517, 0.0 ], [ -68.936341917409564, -33.032678303313808, 0.0 ], [ -68.936828583847429, -33.032561032189101, 0.0 ], [ -68.936754889552461, -33.032372542543229, 0.0 ], [ -68.936270964491285, -33.032489153033517, 0.0 ] ] ] ] } },
{ "type": "Feature", "properties": { "ccpp1": "1104 230", "LAYER_2": "PADRONES_COMPUERTAS" }, "geometry": { "type": "MultiPolygon", "coordinates": [ [ [ [ -68.938817236717057, -33.032796905837813, 0.0 ], [ -68.938665635109416, -33.032834250802708, 0.0 ], [ -68.938886770230283, -33.03348347298202, 0.0 ], [ -68.939351213938835, -33.033368375742121, 0.0 ], [ -68.939055666656131, -33.032737782662331, 0.0 ], [ -68.938817236717057, -33.032796905837813, 0.0 ] ] ] ] } },
{ "type": "Feature", "properties": { "ccpp1": "1104 228", "LAYER_2": "PADRONES_COMPUERTAS" }, "geometry": { "type": "MultiPolygon", "coordinates": [ [ [ [ -68.938665635109416, -33.032834250802708, 0.0 ], [ -68.938206546581782, -33.0329479054788, 0.0 ], [ -68.938415259155434, -33.033600188011846, 0.0 ], [ -68.938662899095306, -33.033538725794287, 0.0 ], [ -68.938886770230283, -33.03348347298202, 0.0 ], [ -68.938665635109416, -33.032834250802708, 0.0 ] ] ] ] } },
{ "type": "Feature", "properties": { "ccpp1": "1104 207", "LAYER_2": "PADRONES_COMPUERTAS" }, "geometry": { "type": "MultiPolygon", "coordinates": [ [ [ [ -68.938206546581782, -33.0329479054788, 0.0 ], [ -68.93798353274093, -33.033003157502144, 0.0 ], [ -68.938203806783747, -33.03365256077749, 0.0 ], [ -68.938415259155434, -33.033600188011846, 0.0 ], [ -68.938206546581782, -33.0329479054788, 0.0 ] ] ] ] } },
{ "type": "Feature", "properties": { "ccpp1": "1104 208", "LAYER_2": "PADRONES_COMPUERTAS" }, "geometry": { "type": "MultiPolygon", "coordinates": [ [ [ [ -68.937755486669616, -33.033059578789683, 0.0 ], [ -68.937575726220572, -33.033104031587392, 0.0 ], [ -68.937686289618767, -33.033428778932134, 0.0 ], [ -68.937796630373526, -33.03375313652927, 0.0 ], [ -68.937976376005409, -33.033708638327852, 0.0 ], [ -68.937755486669616, -33.033059578789683, 0.0 ] ] ] ] } },
{ "type": "Feature", "properties": { "ccpp1": "1104 338", "LAYER_2": "PADRONES_COMPUERTAS" }, "geometry": { "type": "MultiPolygon", "coordinates": [ [ [ [ -68.937575726220572, -33.033104031587392, 0.0 ], [ -68.937300357193507, -33.033172240261678, 0.0 ], [ -68.937521247745778, -33.033821310510689, 0.0 ], [ -68.937796630373526, -33.03375313652927, 0.0 ], [ -68.937686289618767, -33.033428778932134, 0.0 ], [ -68.937575726220572, -33.033104031587392, 0.0 ] ] ] ] } },
{ "type": "Feature", "properties": { "ccpp1": "1104 189", "LAYER_2": "PADRONES_COMPUERTAS" }, "geometry": { "type": "MultiPolygon", "coordinates": [ [ [ [ -68.937300357193507, -33.033172240261678, 0.0 ], [ -68.936845333671485, -33.033284809957209, 0.0 ], [ -68.937066215759074, -33.033933957635718, 0.0 ], [ -68.937521247745778, -33.033821310510689, 0.0 ], [ -68.937300357193507, -33.033172240261678, 0.0 ] ] ] ] } },
{ "type": "Feature", "properties": { "ccpp1": "1104 190", "LAYER_2": "PADRONES_COMPUERTAS" }, "geometry": { "type": "MultiPolygon", "coordinates": [ [ [ [ -68.936845333671485, -33.033284809957209, 0.0 ], [ -68.936379709527159, -33.033400077602096, 0.0 ], [ -68.936618264999851, -33.034044849337207, 0.0 ], [ -68.937066215759074, -33.033933957635718, 0.0 ], [ -68.936845333671485, -33.033284809957209, 0.0 ] ] ] ] } },
{ "type": "Feature", "properties": { "ccpp1": "1104 216", "LAYER_2": "PADRONES_COMPUERTAS" }, "geometry": { "type": "MultiPolygon", "coordinates": [ [ [ [ -68.936379709527159, -33.033400077602096, 0.0 ], [ -68.935935176052766, -33.033510034472272, 0.0 ], [ -68.936156050890148, -33.034159270290985, 0.0 ], [ -68.936618264999851, -33.034044849337207, 0.0 ], [ -68.936379709527159, -33.033400077602096, 0.0 ] ] ] ] } },
{ "type": "Feature", "properties": { "ccpp1": "1104 337", "LAYER_2": "PADRONES_COMPUERTAS" }, "geometry": { "type": "MultiPolygon", "coordinates": [ [ [ [ -68.935480149000881, -33.033622689346345, 0.0 ], [ -68.935025120859777, -33.033735252390464, 0.0 ], [ -68.935246107308672, -33.034384520507054, 0.0 ], [ -68.935701044344938, -33.034271905228721, 0.0 ], [ -68.935480149000881, -33.033622689346345, 0.0 ] ] ] ] } },
{ "type": "Feature", "properties": { "ccpp1": "1104 188", "LAYER_2": "PADRONES_COMPUERTAS" }, "geometry": { "type": "MultiPolygon", "coordinates": [ [ [ [ -68.935584865730448, -33.032663371666317, 0.0 ], [ -68.935732784567037, -33.033023207865511, 0.0 ], [ -68.935866035103231, -33.03334751766937, 0.0 ], [ -68.936302325926846, -33.03323674532993, 0.0 ], [ -68.936066119495166, -33.032541169400822, 0.0 ], [ -68.935584865730448, -33.032663371666317, 0.0 ] ] ] ] } },
{ "type": "Feature", "properties": { "ccpp1": "1104 206", "LAYER_2": "PADRONES_COMPUERTAS" }, "geometry": { "type": "MultiPolygon", "coordinates": [ [ [ [ -68.93513788104724, -33.032776870721761, 0.0 ], [ -68.935269729249143, -33.033138743197853, 0.0 ], [ -68.935732784567037, -33.033023207865511, 0.0 ], [ -68.935584865730448, -33.032663371666317, 0.0 ], [ -68.93513788104724, -33.032776870721761, 0.0 ] ] ] ] } },
{ "type": "Feature", "properties": { "ccpp1": "1104 209", "LAYER_2": "PADRONES_COMPUERTAS" }, "geometry": { "type": "MultiPolygon", "coordinates": [ [ [ [ -68.935025120859777, -33.033735252390464, 0.0 ], [ -68.934570091497605, -33.033847903938941, 0.0 ], [ -68.934791093047195, -33.034497225152329, 0.0 ], [ -68.935246107308672, -33.034384520507054, 0.0 ], [ -68.935025120859777, -33.033735252390464, 0.0 ] ] ] ] } },
{ "type": "Feature", "properties": { "ccpp1": "1104 210", "LAYER_2": "PADRONES_COMPUERTAS" }, "geometry": { "type": "MultiPolygon", "coordinates": [ [ [ [ -68.934570091497605, -33.033847903938941, 0.0 ], [ -68.934115061047194, -33.033960463657458, 0.0 ], [ -68.93424697555227, -33.034347981626603, 0.0 ], [ -68.934336031697853, -33.034609795564926, 0.0 ], [ -68.934631990941583, -33.034536633324869, 0.0 ], [ -68.934791093047195, -33.034497225152329, 0.0 ], [ -68.934570091497605, -33.033847903938941, 0.0 ] ] ] ] } },
{ "type": "Feature", "properties": { "ccpp1": "1104 175", "LAYER_2": "PADRONES_COMPUERTAS" }, "geometry": { "type": "MultiPolygon", "coordinates": [ [ [ [ -68.933832397614339, -33.033530627758914, 0.0 ], [ -68.933697839347559, -33.03314251549962, 0.0 ], [ -68.932999469260679, -33.033319833155133, 0.0 ], [ -68.93312686177822, -33.033588148891063, 0.0 ], [ -68.9331783899339, -33.033696677380448, 0.0 ], [ -68.933832397614339, -33.033530627758914, 0.0 ] ] ] ] } },
{ "type": "Feature", "properties": { "ccpp1": "1104 270", "LAYER_2": "PADRONES_COMPUERTAS" }, "geometry": { "type": "MultiPolygon", "coordinates": [ [ [ [ -68.934323022104635, -33.032983775857062, 0.0 ], [ -68.934518865419918, -33.033492077333861, 0.0 ], [ -68.934587776991222, -33.033672087192507, 0.0 ], [ -68.934892165801017, -33.033594792771488, 0.0 ], [ -68.934635744869354, -33.032904372016816, 0.0 ], [ -68.934323022104635, -33.032983775857062, 0.0 ] ] ] ] } },
{ "type": "Feature", "properties": { "ccpp1": "1104 174", "LAYER_2": "PADRONES_COMPUERTAS" }, "geometry": { "type": "MultiPolygon", "coordinates": [ [ [ [ -68.934178028846745, -33.033527239939104, 0.0 ], [ -68.934257356569091, -33.033756045840711, 0.0 ], [ -68.934273323374811, -33.033751990416945, 0.0 ], [ -68.934587776991222, -33.033672087192507, 0.0 ], [ -68.934518865419918, -33.033492077333861, 0.0 ], [ -68.934323022104635, -33.032983775857062, 0.0 ], [ -68.934016583530052, -33.033061583570891, 0.0 ], [ -68.934178028846745, -33.033527239939104, 0.0 ] ] ] ] } },
{ "type": "Feature", "properties": { "ccpp1": "1104 271", "LAYER_2": "PADRONES_COMPUERTAS" }, "geometry": { "type": "MultiPolygon", "coordinates": [ [ [ [ -68.933990685221076, -33.033487672990262, 0.0 ], [ -68.934150258632172, -33.033447142393122, 0.0 ], [ -68.934016583530052, -33.033061583570891, 0.0 ], [ -68.933984037729516, -33.033069847312127, 0.0 ], [ -68.933857006480935, -33.03310210137473, 0.0 ], [ -68.933990685221076, -33.033487672990262, 0.0 ] ] ] ] } },
{ "type": "Feature", "properties": { "ccpp1": "1104 336", "LAYER_2": "PADRONES_COMPUERTAS" }, "geometry": { "type": "MultiPolygon", "coordinates": [ [ [ [ -68.93798353274093, -33.033003157502144, 0.0 ], [ -68.937755486669616, -33.033059578789683, 0.0 ], [ -68.937976376005409, -33.033708638327852, 0.0 ], [ -68.938076400086345, -33.033683875798303, 0.0 ], [ -68.938203806783747, -33.03365256077749, 0.0 ], [ -68.93798353274093, -33.033003157502144, 0.0 ] ] ] ] } },
{ "type": "Feature", "properties": { "ccpp1": "1104 389", "LAYER_2": "PADRONES_COMPUERTAS" }, "geometry": { "type": "MultiPolygon", "coordinates": [ [ [ [ -68.93424697555227, -33.034347981626603, 0.0 ], [ -68.933569242936201, -33.034515694269544, 0.0 ], [ -68.933688823155165, -33.034769997752868, 0.0 ], [ -68.934336031697853, -33.034609795564926, 0.0 ], [ -68.93424697555227, -33.034347981626603, 0.0 ] ] ] ] } },
{ "type": "Feature", "properties": { "ccpp1": "1104 44", "LAYER_2": "PADRONES_COMPUERTAS" }, "geometry": { "type": "MultiPolygon", "coordinates": [ [ [ [ -68.934115061047194, -33.033960463657458, 0.0 ], [ -68.933392149084298, -33.034139332218054, 0.0 ], [ -68.933569242936201, -33.034515694269544, 0.0 ], [ -68.93424697555227, -33.034347981626603, 0.0 ], [ -68.934115061047194, -33.033960463657458, 0.0 ] ] ] ] } },
{ "type": "Feature", "properties": { "ccpp1": "1104 522", "LAYER_2": "PADRONES_COMPUERTAS" }, "geometry": { "type": "MultiPolygon", "coordinates": [ [ [ [ -68.94121243449095, -33.033020499761911, 0.0 ], [ -68.93995818843689, -33.033330979393988, 0.0 ], [ -68.940103571189923, -33.033625625497685, 0.0 ], [ -68.941351609877927, -33.033318748191959, 0.0 ], [ -68.94121243449095, -33.033020499761911, 0.0 ] ] ] ] } },
{ "type": "Feature", "properties": { "ccpp1": "1104 160", "LAYER_2": "PADRONES_COMPUERTAS" }, "geometry": { "type": "MultiPolygon", "coordinates": [ [ [ [ -68.941351609877927, -33.033318748191959, 0.0 ], [ -68.940103571189923, -33.033625625497685, 0.0 ], [ -68.94027300754712, -33.033968883050257, 0.0 ], [ -68.940285621871013, -33.033994316235201, 0.0 ], [ -68.940887327287641, -33.03385252719611, 0.0 ], [ -68.941530047599002, -33.033701075930082, 0.0 ], [ -68.941351609877927, -33.033318748191959, 0.0 ] ] ] ] } },
{ "type": "Feature", "properties": { "ccpp1": "1104 200", "LAYER_2": "PADRONES_COMPUERTAS" }, "geometry": { "type": "MultiPolygon", "coordinates": [ [ [ [ -68.941530047599002, -33.033701075930082, 0.0 ], [ -68.940887327287641, -33.03385252719611, 0.0 ], [ -68.940285621871013, -33.033994316235201, 0.0 ], [ -68.940474622412808, -33.034377436751413, 0.0 ], [ -68.940476332919943, -33.03438077375322, 0.0 ], [ -68.941701774876378, -33.034069020392131, 0.0 ], [ -68.941530047599002, -33.033701075930082, 0.0 ] ] ] ] } },
{ "type": "Feature", "properties": { "ccpp1": "1104 152", "LAYER_2": "PADRONES_COMPUERTAS" }, "geometry": { "type": "MultiPolygon", "coordinates": [ [ [ [ -68.941701774876378, -33.034069020392131, 0.0 ], [ -68.940476332919943, -33.03438077375322, 0.0 ], [ -68.940601407726419, -33.034634293305928, 0.0 ], [ -68.941816824931593, -33.034315527165056, 0.0 ], [ -68.941701774876378, -33.034069020392131, 0.0 ] ] ] ] } },
{ "type": "Feature", "properties": { "ccpp1": "1104 212", "LAYER_2": "PADRONES_COMPUERTAS" }, "geometry": { "type": "MultiPolygon", "coordinates": [ [ [ [ -68.941816824931593, -33.034315527165056, 0.0 ], [ -68.940601407726419, -33.034634293305928, 0.0 ], [ -68.940705851282644, -33.034845694849274, 0.0 ], [ -68.940716337827411, -33.034851831200129, 0.0 ], [ -68.940725316411658, -33.034871852579087, 0.0 ], [ -68.941935556088268, -33.034569918852362, 0.0 ], [ -68.941816824931593, -33.034315527165056, 0.0 ] ] ] ] } },
{ "type": "Feature", "properties": { "ccpp1": "1104 263", "LAYER_2": "PADRONES_COMPUERTAS" }, "geometry": { "type": "MultiPolygon", "coordinates": [ [ [ [ -68.941719024223516, -33.031956904954853, 0.0 ], [ -68.941869206512351, -33.032293428572004, 0.0 ], [ -68.942118114683367, -33.032247649166813, 0.0 ], [ -68.942200674577762, -33.032203685834268, 0.0 ], [ -68.942049936945423, -33.031915840028731, 0.0 ], [ -68.941719024223516, -33.031956904954853, 0.0 ] ] ] ] } },
{ "type": "Feature", "properties": { "ccpp1": "1104 499", "LAYER_2": "PADRONES_COMPUERTAS" }, "geometry": { "type": "MultiPolygon", "coordinates": [ [ [ [ -68.941386419771305, -33.03199492957301, 0.0 ], [ -68.941545893278146, -33.032352697729529, 0.0 ], [ -68.941869206512351, -33.032293428572004, 0.0 ], [ -68.941719024223516, -33.031956904954853, 0.0 ], [ -68.941386419771305, -33.03199492957301, 0.0 ] ] ] ] } },
{ "type": "Feature", "properties": { "ccpp1": "1104 205", "LAYER_2": "PADRONES_COMPUERTAS" }, "geometry": { "type": "MultiPolygon", "coordinates": [ [ [ [ -68.941386419771305, -33.03199492957301, 0.0 ], [ -68.941381495269255, -33.03199564859753, 0.0 ], [ -68.940938826541341, -33.032058015911929, 0.0 ], [ -68.941108982651741, -33.032446085861444, 0.0 ], [ -68.941545893278146, -33.032352697729529, 0.0 ], [ -68.941386419771305, -33.03199492957301, 0.0 ] ] ] ] } },
{ "type": "Feature", "properties": { "ccpp1": "1104 217", "LAYER_2": "PADRONES_COMPUERTAS" }, "geometry": { "type": "MultiPolygon", "coordinates": [ [ [ [ -68.942590921515517, -33.032247965410363, 0.0 ], [ -68.94235519184025, -33.03228770298972, 0.0 ], [ -68.942358507984878, -33.032291130875841, 0.0 ], [ -68.942359534871542, -33.032358035423933, 0.0 ], [ -68.942294176754018, -33.03245159878422, 0.0 ], [ -68.942503664673538, -33.032778731961862, 0.0 ], [ -68.942537707779991, -33.032774419617496, 0.0 ], [ -68.942850757415655, -33.032734451608682, 0.0 ], [ -68.942590921515517, -33.032247965410363, 0.0 ] ] ] ] } },
{ "type": "Feature", "properties": { "ccpp1": "1104 214", "LAYER_2": "PADRONES_COMPUERTAS" }, "geometry": { "type": "MultiPolygon", "coordinates": [ [ [ [ -68.941936221092192, -33.032449358886915, 0.0 ], [ -68.94159054398726, -33.032495002500852, 0.0 ], [ -68.941772379060168, -33.032871896253546, 0.0 ], [ -68.942113560238383, -33.032828414066955, 0.0 ], [ -68.941936221092192, -33.032449358886915, 0.0 ] ] ] ] } },
{ "type": "Feature", "properties": { "ccpp1": "1104 359", "LAYER_2": "PADRONES_COMPUERTAS" }, "geometry": { "type": "MultiPolygon", "coordinates": [ [ [ [ -68.94159054398726, -33.032495002500852, 0.0 ], [ -68.941541727356039, -33.032501471679872, 0.0 ], [ -68.941162549056344, -33.032540786703379, 0.0 ], [ -68.94133720404362, -33.032927235424403, 0.0 ], [ -68.941772379060168, -33.032871896253546, 0.0 ], [ -68.94159054398726, -33.032495002500852, 0.0 ] ] ] ] } },
{ "type": "Feature", "properties": { "ccpp1": "1104 496", "LAYER_2": "PADRONES_COMPUERTAS" }, "geometry": { "type": "MultiPolygon", "coordinates": [ [ [ [ -68.942503664673538, -33.032778731961862, 0.0 ], [ -68.942113560238383, -33.032828414066955, 0.0 ], [ -68.942264581945381, -33.033167576746514, 0.0 ], [ -68.942421214655269, -33.033146936813303, 0.0 ], [ -68.942472065324111, -33.033140648563247, 0.0 ], [ -68.942587256521918, -33.033124742021975, 0.0 ], [ -68.942672689908918, -33.033082726415749, 0.0 ], [ -68.942537707779991, -33.032774419617496, 0.0 ], [ -68.942503664673538, -33.032778731961862, 0.0 ] ] ] ] } },
{ "type": "Feature", "properties": { "ccpp1": "1104 497", "LAYER_2": "PADRONES_COMPUERTAS" }, "geometry": { "type": "MultiPolygon", "coordinates": [ [ [ [ -68.941772379060168, -33.032871896253546, 0.0 ], [ -68.941863666279772, -33.033220407112033, 0.0 ], [ -68.942264581945381, -33.033167576746514, 0.0 ], [ -68.942113560238383, -33.032828414066955, 0.0 ], [ -68.941772379060168, -33.032871896253546, 0.0 ] ] ] ] } },
{ "type": "Feature", "properties": { "ccpp1": "1104 54", "LAYER_2": "PADRONES_COMPUERTAS" }, "geometry": { "type": "MultiPolygon", "coordinates": [ [ [ [ -68.94133720404362, -33.032927235424403, 0.0 ], [ -68.941497974415626, -33.033268593768696, 0.0 ], [ -68.941863666279772, -33.033220407112033, 0.0 ], [ -68.941772379060168, -33.032871896253546, 0.0 ], [ -68.94133720404362, -33.032927235424403, 0.0 ] ] ] ] } },
{ "type": "Feature", "properties": { "ccpp1": "1104 620", "LAYER_2": "PADRONES_COMPUERTAS" }, "geometry": { "type": "MultiPolygon", "coordinates": [ [ [ [ -68.942850757415655, -33.032734451608682, 0.0 ], [ -68.942537707779991, -33.032774419617496, 0.0 ], [ -68.942672689908918, -33.033082726415749, 0.0 ], [ -68.942729029749387, -33.033055017756432, 0.0 ], [ -68.9428209163773, -33.033156137332121, 0.0 ], [ -68.942827290249227, -33.033231790536036, 0.0 ], [ -68.942776186647521, -33.033298130171239, 0.0 ], [ -68.94263573827817, -33.033305098724668, 0.0 ], [ -68.942434262940182, -33.033330528667179, 0.0 ], [ -68.942589689875348, -33.033664213499023, 0.0 ], [ -68.942930127061416, -33.033616581053536, 0.0 ], [ -68.943294866144981, -33.033565934895648, 0.0 ], [ -68.942850757415655, -33.032734451608682, 0.0 ] ] ] ] } },
{ "type": "Feature", "properties": { "ccpp1": "1104 262", "LAYER_2": "PADRONES_COMPUERTAS" }, "geometry": { "type": "MultiPolygon", "coordinates": [ [ [ [ -68.942930127061416, -33.033616581053536, 0.0 ], [ -68.94316404403483, -33.034083393214686, 0.0 ], [ -68.943162841631036, -33.034122164558724, 0.0 ], [ -68.943239461492354, -33.034161963166454, 0.0 ], [ -68.943552323354041, -33.034047951658096, 0.0 ], [ -68.943294866144981, -33.033565934895648, 0.0 ], [ -68.942930127061416, -33.033616581053536, 0.0 ] ] ] ] } },
{ "type": "Feature", "properties": { "ccpp1": "1104 265", "LAYER_2": "PADRONES_COMPUERTAS" }, "geometry": { "type": "MultiPolygon", "coordinates": [ [ [ [ -68.942589689875348, -33.033664213499023, 0.0 ], [ -68.942678657422022, -33.033810595758354, 0.0 ], [ -68.942916789275685, -33.034214022771053, 0.0 ], [ -68.94293552692281, -33.0342070884682, 0.0 ], [ -68.943067781015671, -33.034127170584661, 0.0 ], [ -68.943162841631036, -33.034122164558724, 0.0 ], [ -68.94316404403483, -33.034083393214686, 0.0 ], [ -68.942930127061416, -33.033616581053536, 0.0 ], [ -68.942589689875348, -33.033664213499023, 0.0 ] ] ] ] } },
{ "type": "Feature", "properties": { "ccpp1": "1104 268", "LAYER_2": "PADRONES_COMPUERTAS" }, "geometry": { "type": "MultiPolygon", "coordinates": [ [ [ [ -68.942434262940182, -33.033330528667179, 0.0 ], [ -68.942146143637061, -33.033366893546003, 0.0 ], [ -68.942224978999917, -33.033522214524432, 0.0 ], [ -68.942303814639047, -33.033677535449499, 0.0 ], [ -68.942419757586805, -33.033905963613307, 0.0 ], [ -68.942678657422022, -33.033810595758354, 0.0 ], [ -68.942589689875348, -33.033664213499023, 0.0 ], [ -68.942434262940182, -33.033330528667179, 0.0 ] ] ] ] } },
{ "type": "Feature", "properties": { "ccpp1": "1104 239", "LAYER_2": "PADRONES_COMPUERTAS" }, "geometry": { "type": "MultiPolygon", "coordinates": [ [ [ [ -68.942678657422022, -33.033810595758354, 0.0 ], [ -68.942550920753135, -33.033857604288059, 0.0 ], [ -68.942419757586805, -33.033905963613307, 0.0 ], [ -68.942463588975599, -33.033994618181545, 0.0 ], [ -68.942223523678777, -33.034097478186148, 0.0 ], [ -68.942253136462611, -33.034157453075053, 0.0 ], [ -68.941964196263854, -33.034263374568404, 0.0 ], [ -68.942081197358931, -33.034518583131153, 0.0 ], [ -68.942916789275685, -33.034214022771053, 0.0 ], [ -68.942678657422022, -33.033810595758354, 0.0 ] ] ] ] } },
{ "type": "Feature", "properties": { "ccpp1": "1104 294", "LAYER_2": "PADRONES_COMPUERTAS" }, "geometry": { "type": "MultiPolygon", "coordinates": [ [ [ [ -68.943552323354041, -33.034047951658096, 0.0 ], [ -68.943239461492354, -33.034161963166454, 0.0 ], [ -68.943251506090633, -33.034242578111574, 0.0 ], [ -68.943229648146797, -33.03427439718611, 0.0 ], [ -68.943192797558936, -33.034315676986552, 0.0 ], [ -68.943164095176115, -33.034337213873719, 0.0 ], [ -68.943067752145083, -33.034338522460487, 0.0 ], [ -68.943228985898784, -33.034639393649712, 0.0 ], [ -68.943538960782305, -33.034524751471864, 0.0 ], [ -68.943763420770438, -33.034443168315079, 0.0 ], [ -68.943552323354041, -33.034047951658096, 0.0 ] ] ] ] } },
{ "type": "Feature", "properties": { "ccpp1": "1104 362", "LAYER_2": "PADRONES_COMPUERTAS" }, "geometry": { "type": "MultiPolygon", "coordinates": [ [ [ [ -68.942815931192499, -33.034410811558949, 0.0 ], [ -68.942999947414677, -33.034739464970798, 0.0 ], [ -68.943125757920441, -33.03469299611384, 0.0 ], [ -68.943228985898784, -33.034639393649712, 0.0 ], [ -68.943067752145083, -33.034338522460487, 0.0 ], [ -68.943013585801907, -33.034339489573455, 0.0 ], [ -68.942855440998173, -33.034396132408247, 0.0 ], [ -68.942815931192499, -33.034410811558949, 0.0 ] ] ] ] } },
{ "type": "Feature", "properties": { "ccpp1": "1104 363", "LAYER_2": "PADRONES_COMPUERTAS" }, "geometry": { "type": "MultiPolygon", "coordinates": [ [ [ [ -68.942815931192499, -33.034410811558949, 0.0 ], [ -68.942688300484889, -33.034458271108775, 0.0 ], [ -68.942627161518288, -33.034481596312858, 0.0 ], [ -68.942786765188572, -33.034818263686645, 0.0 ], [ -68.942999947414677, -33.034739464970798, 0.0 ], [ -68.942815931192499, -33.034410811558949, 0.0 ] ] ] ] } },
{ "type": "Feature", "properties": { "ccpp1": "1104 343", "LAYER_2": "PADRONES_COMPUERTAS" }, "geometry": { "type": "MultiPolygon", "coordinates": [ [ [ [ -68.942627161518288, -33.034481596312858, 0.0 ], [ -68.942159463966959, -33.034659190073413, 0.0 ], [ -68.942310401787864, -33.034994139048919, 0.0 ], [ -68.942786765188572, -33.034818263686645, 0.0 ], [ -68.942627161518288, -33.034481596312858, 0.0 ] ] ] ] } },
{ "type": "Feature", "properties": { "ccpp1": "1104 319", "LAYER_2": "PADRONES_COMPUERTAS" }, "geometry": { "type": "MultiPolygon", "coordinates": [ [ [ [ -68.943228985898784, -33.034639393649712, 0.0 ], [ -68.943125757920441, -33.03469299611384, 0.0 ], [ -68.943318000248283, -33.035050235787089, 0.0 ], [ -68.94340451681677, -33.035015831197185, 0.0 ], [ -68.943506478442217, -33.034934005605272, 0.0 ], [ -68.943593187661975, -33.034932962827099, 0.0 ], [ -68.943538960782305, -33.034524751471864, 0.0 ], [ -68.943228985898784, -33.034639393649712, 0.0 ] ] ] ] } },
{ "type": "Feature", "properties": { "ccpp1": "1104 277", "LAYER_2": "PADRONES_COMPUERTAS" }, "geometry": { "type": "MultiPolygon", "coordinates": [ [ [ [ -68.942999947414677, -33.034739464970798, 0.0 ], [ -68.942786765188572, -33.034818263686645, 0.0 ], [ -68.942871227861502, -33.034980693474374, 0.0 ], [ -68.942977715281671, -33.035185692174444, 0.0 ], [ -68.943318000248283, -33.035050235787089, 0.0 ], [ -68.943125757920441, -33.03469299611384, 0.0 ], [ -68.942999947414677, -33.034739464970798, 0.0 ] ] ] ] } },
{ "type": "Feature", "properties": { "ccpp1": "1104 318", "LAYER_2": "PADRONES_COMPUERTAS" }, "geometry": { "type": "MultiPolygon", "coordinates": [ [ [ [ -68.943678776267546, -33.035010725596287, 0.0 ], [ -68.943678298111877, -33.035089260991391, 0.0 ], [ -68.943603327345471, -33.035147835792749, 0.0 ], [ -68.943781767999226, -33.035497764947543, 0.0 ], [ -68.944249584710079, -33.035328316296479, 0.0 ], [ -68.94400676501796, -33.034888909479122, 0.0 ], [ -68.943678776267546, -33.035010725596287, 0.0 ] ] ] ] } },
{ "type": "Feature", "properties": { "ccpp1": "1104 328", "LAYER_2": "PADRONES_COMPUERTAS" }, "geometry": { "type": "MultiPolygon", "coordinates": [ [ [ [ -68.943603327345471, -33.035147835792749, 0.0 ], [ -68.943473131106884, -33.035188622608828, 0.0 ], [ -68.943270974390629, -33.035267066471519, 0.0 ], [ -68.94343955693347, -33.035630426534027, 0.0 ], [ -68.943513866595865, -33.035602147705369, 0.0 ], [ -68.94363272089457, -33.035554142353128, 0.0 ], [ -68.943689792331043, -33.035531085326582, 0.0 ], [ -68.943781767999226, -33.035497764947543, 0.0 ], [ -68.943603327345471, -33.035147835792749, 0.0 ] ] ] ] } },
{ "type": "Feature", "properties": { "ccpp1": "1104 322", "LAYER_2": "PADRONES_COMPUERTAS" }, "geometry": { "type": "MultiPolygon", "coordinates": [ [ [ [ -68.942994507379524, -33.035374329573052, 0.0 ], [ -68.94317304855646, -33.035731382836495, 0.0 ], [ -68.943188360315631, -33.035725438776048, 0.0 ], [ -68.94343955693347, -33.035630426534027, 0.0 ], [ -68.943270974390629, -33.035267066471519, 0.0 ], [ -68.942994507379524, -33.035374329573052, 0.0 ] ] ] ] } },
{ "type": "Feature", "properties": { "ccpp1": "1104 327", "LAYER_2": "PADRONES_COMPUERTAS" }, "geometry": { "type": "MultiPolygon", "coordinates": [ [ [ [ -68.942994507379524, -33.035374329573052, 0.0 ], [ -68.942550046504309, -33.035534713454204, 0.0 ], [ -68.942729424792759, -33.03589943644505, 0.0 ], [ -68.94317304855646, -33.035731382836495, 0.0 ], [ -68.942994507379524, -33.035374329573052, 0.0 ] ] ] ] } },
{ "type": "Feature", "properties": { "ccpp1": "1104 323", "LAYER_2": "PADRONES_COMPUERTAS" }, "geometry": { "type": "MultiPolygon", "coordinates": [ [ [ [ -68.94343955693347, -33.035630426534027, 0.0 ], [ -68.943188360315631, -33.035725438776048, 0.0 ], [ -68.943380260166975, -33.036119917177416, 0.0 ], [ -68.943411741853467, -33.036105414546114, 0.0 ], [ -68.943828370495112, -33.035946367591968, 0.0 ], [ -68.94363272089457, -33.035554142353128, 0.0 ], [ -68.943513866595865, -33.035602147705369, 0.0 ], [ -68.94343955693347, -33.035630426534027, 0.0 ] ] ] ] } },
{ "type": "Feature", "properties": { "ccpp1": "1104 324", "LAYER_2": "PADRONES_COMPUERTAS" }, "geometry": { "type": "MultiPolygon", "coordinates": [ [ [ [ -68.943188360315631, -33.035725438776048, 0.0 ], [ -68.94317304855646, -33.035731382836495, 0.0 ], [ -68.942729424792759, -33.03589943644505, 0.0 ], [ -68.942929249849243, -33.036305726554723, 0.0 ], [ -68.943339676764168, -33.036138383023037, 0.0 ], [ -68.943380260166975, -33.036119917177416, 0.0 ], [ -68.943188360315631, -33.035725438776048, 0.0 ] ] ] ] } },
{ "type": "Feature", "properties": { "ccpp1": "1104 312", "LAYER_2": "PADRONES_COMPUERTAS" }, "geometry": { "type": "MultiPolygon", "coordinates": [ [ [ [ -68.943781767999226, -33.035497764947543, 0.0 ], [ -68.943689792331043, -33.035531085326582, 0.0 ], [ -68.94363272089457, -33.035554142353128, 0.0 ], [ -68.943828370495112, -33.035946367591968, 0.0 ], [ -68.943888760702663, -33.035923221802847, 0.0 ], [ -68.944020820365992, -33.035814900187617, 0.0 ], [ -68.944167137367032, -33.0358442700743, 0.0 ], [ -68.94421721461066, -33.035878465827849, 0.0 ], [ -68.94449444805241, -33.035771415866371, 0.0 ], [ -68.944249584710079, -33.035328316296479, 0.0 ], [ -68.943781767999226, -33.035497764947543, 0.0 ] ] ] ] } },
{ "type": "Feature", "properties": { "ccpp1": "1104 325", "LAYER_2": "PADRONES_COMPUERTAS" }, "geometry": { "type": "MultiPolygon", "coordinates": [ [ [ [ -68.94421721461066, -33.035878465827849, 0.0 ], [ -68.944210730374053, -33.035975753299127, 0.0 ], [ -68.944198077127538, -33.036009830828768, 0.0 ], [ -68.944136714852576, -33.0360466817408, 0.0 ], [ -68.943994237538945, -33.036039043828936, 0.0 ], [ -68.943941556573108, -33.036059397950453, 0.0 ], [ -68.944127684502973, -33.036446478883491, 0.0 ], [ -68.944463044282827, -33.036317419065448, 0.0 ], [ -68.944737798667447, -33.036211774977403, 0.0 ], [ -68.94449444805241, -33.035771415866371, 0.0 ], [ -68.94421721461066, -33.035878465827849, 0.0 ] ] ] ] } },
{ "type": "Feature", "properties": { "ccpp1": "1104 326", "LAYER_2": "PADRONES_COMPUERTAS" }, "geometry": { "type": "MultiPolygon", "coordinates": [ [ [ [ -68.943941556573108, -33.036059397950453, 0.0 ], [ -68.94388469735874, -33.036084979865983, 0.0 ], [ -68.943685649231369, -33.036154228735796, 0.0 ], [ -68.943875200452794, -33.036543475595728, 0.0 ], [ -68.944127684502973, -33.036446478883491, 0.0 ], [ -68.943941556573108, -33.036059397950453, 0.0 ] ] ] ] } },
{ "type": "Feature", "properties": { "ccpp1": "1104 293", "LAYER_2": "PADRONES_COMPUERTAS" }, "geometry": { "type": "MultiPolygon", "coordinates": [ [ [ [ -68.943419144455063, -33.036247521347711, 0.0 ], [ -68.943606547334568, -33.036646776189158, 0.0 ], [ -68.943842649449252, -33.036555994184233, 0.0 ], [ -68.943875200452794, -33.036543475595728, 0.0 ], [ -68.943685649231369, -33.036154228735796, 0.0 ], [ -68.943419144455063, -33.036247521347711, 0.0 ] ] ] ] } },
{ "type": "Feature", "properties": { "ccpp1": "1104 321", "LAYER_2": "PADRONES_COMPUERTAS" }, "geometry": { "type": "MultiPolygon", "coordinates": [ [ [ [ -68.942972762656353, -33.036393028257926, 0.0 ], [ -68.943165335877637, -33.036816560013385, 0.0 ], [ -68.943594126531295, -33.036651549433891, 0.0 ], [ -68.943606547334568, -33.036646776189158, 0.0 ], [ -68.943419144455063, -33.036247521347711, 0.0 ], [ -68.942972762656353, -33.036393028257926, 0.0 ] ] ] ] } },
{ "type": "Feature", "properties": { "ccpp1": "1104 233", "LAYER_2": "PADRONES_COMPUERTAS" }, "geometry": { "type": "MultiPolygon", "coordinates": [ [ [ [ -68.944463044282827, -33.036317419065448, 0.0 ], [ -68.944556453889916, -33.03673015567972, 0.0 ], [ -68.944618854074164, -33.036745872476423, 0.0 ], [ -68.944677947571051, -33.036742652673766, 0.0 ], [ -68.944975157720222, -33.036621567883373, 0.0 ], [ -68.944737798667447, -33.036211774977403, 0.0 ], [ -68.944463044282827, -33.036317419065448, 0.0 ] ] ] ] } },
{ "type": "Feature", "properties": { "ccpp1": "1104 234", "LAYER_2": "PADRONES_COMPUERTAS" }, "geometry": { "type": "MultiPolygon", "coordinates": [ [ [ [ -68.944463044282827, -33.036317419065448, 0.0 ], [ -68.944127684502973, -33.036446478883491, 0.0 ], [ -68.944317983161383, -33.036842848593743, 0.0 ], [ -68.944400539798281, -33.036809162893938, 0.0 ], [ -68.9444805486104, -33.036741302654804, 0.0 ], [ -68.944556453889916, -33.03673015567972, 0.0 ], [ -68.944463044282827, -33.036317419065448, 0.0 ] ] ] ] } },
{ "type": "Feature", "properties": { "ccpp1": "1104 320", "LAYER_2": "PADRONES_COMPUERTAS" }, "geometry": { "type": "MultiPolygon", "coordinates": [ [ [ [ -68.944127684502973, -33.036446478883491, 0.0 ], [ -68.943875200452794, -33.036543475595728, 0.0 ], [ -68.943842649449252, -33.036555994184233, 0.0 ], [ -68.944060247666968, -33.036947868206369, 0.0 ], [ -68.944317983161383, -33.036842848593743, 0.0 ], [ -68.944127684502973, -33.036446478883491, 0.0 ] ] ] ] } },
{ "type": "Feature", "properties": { "ccpp1": "1104 258", "LAYER_2": "PADRONES_COMPUERTAS" }, "geometry": { "type": "MultiPolygon", "coordinates": [ [ [ [ -68.944562212538415, -33.036936280346694, 0.0 ], [ -68.944483098240511, -33.036943188041008, 0.0 ], [ -68.944322162732135, -33.037005692331739, 0.0 ], [ -68.94449043145805, -33.037369501573423, 0.0 ], [ -68.944679204399577, -33.037300968216421, 0.0 ], [ -68.944562212538415, -33.036936280346694, 0.0 ] ] ] ] } },
{ "type": "Feature", "properties": { "ccpp1": "1104 238", "LAYER_2": "PADRONES_COMPUERTAS" }, "geometry": { "type": "MultiPolygon", "coordinates": [ [ [ [ -68.944063145014709, -33.037106203017792, 0.0 ], [ -68.944233879631796, -33.037462710166004, 0.0 ], [ -68.94449043145805, -33.037369501573423, 0.0 ], [ -68.944322162732135, -33.037005692331739, 0.0 ], [ -68.944063145014709, -33.037106203017792, 0.0 ] ] ] ] } },
{ "type": "Feature", "properties": { "ccpp1": "1104 274", "LAYER_2": "PADRONES_COMPUERTAS" }, "geometry": { "type": "MultiPolygon", "coordinates": [ [ [ [ -68.943495851607963, -33.037327578248188, 0.0 ], [ -68.943683500108477, -33.037662909024931, 0.0 ], [ -68.944161818008084, -33.037488916576031, 0.0 ], [ -68.944233879631796, -33.037462710166004, 0.0 ], [ -68.944063145014709, -33.037106203017792, 0.0 ], [ -68.943495851607963, -33.037327578248188, 0.0 ] ] ] ] } },
{ "type": "Feature", "properties": { "ccpp1": "1104 243", "LAYER_2": "PADRONES_COMPUERTAS" }, "geometry": { "type": "MultiPolygon", "coordinates": [ [ [ [ -68.945248710368944, -33.037093844901619, 0.0 ], [ -68.944900206669246, -33.037220456579135, 0.0 ], [ -68.945066184334706, -33.037485531001686, 0.0 ], [ -68.945123748576833, -33.037532353079094, 0.0 ], [ -68.9454370125341, -33.037414740055887, 0.0 ], [ -68.945248710368944, -33.037093844901619, 0.0 ] ] ] ] } },
{ "type": "Feature", "properties": { "ccpp1": "1104 244", "LAYER_2": "PADRONES_COMPUERTAS" }, "geometry": { "type": "MultiPolygon", "coordinates": [ [ [ [ -68.944900206669246, -33.037220456579135, 0.0 ], [ -68.94474387760755, -33.037277373082034, 0.0 ], [ -68.944679204399577, -33.037300968216421, 0.0 ], [ -68.94449043145805, -33.037369501573423, 0.0 ], [ -68.944233879631796, -33.037462710166004, 0.0 ], [ -68.944161818008084, -33.037488916576031, 0.0 ], [ -68.944344340036835, -33.037828477404751, 0.0 ], [ -68.944810346995865, -33.037635095555324, 0.0 ], [ -68.944906566194106, -33.037494477338235, 0.0 ], [ -68.945066184334706, -33.037485531001686, 0.0 ], [ -68.944900206669246, -33.037220456579135, 0.0 ] ] ] ] } },
{ "type": "Feature", "properties": { "ccpp1": "1104 246", "LAYER_2": "PADRONES_COMPUERTAS" }, "geometry": { "type": "MultiPolygon", "coordinates": [ [ [ [ -68.9454370125341, -33.037414740055887, 0.0 ], [ -68.945123748576833, -33.037532353079094, 0.0 ], [ -68.945130332959394, -33.037617473755994, 0.0 ], [ -68.945341567183661, -33.037927110255481, 0.0 ], [ -68.945367906061747, -33.03792017892146, 0.0 ], [ -68.945640646305733, -33.037761759616188, 0.0 ], [ -68.9454370125341, -33.037414740055887, 0.0 ] ] ] ] } },
{ "type": "Feature", "properties": { "ccpp1": "1104 250", "LAYER_2": "PADRONES_COMPUERTAS" }, "geometry": { "type": "MultiPolygon", "coordinates": [ [ [ [ -68.944602953866706, -33.037863036340482, 0.0 ], [ -68.943976105055782, -33.038133889024969, 0.0 ], [ -68.944237738297659, -33.038304692607042, 0.0 ], [ -68.944383500658788, -33.038371571508776, 0.0 ], [ -68.944601526088903, -33.038433883822094, 0.0 ], [ -68.944709634385532, -33.03845638339066, 0.0 ], [ -68.944724842531272, -33.038102664475566, 0.0 ], [ -68.944721207344656, -33.038095359327286, 0.0 ], [ -68.944602953866706, -33.037863036340482, 0.0 ] ] ] ] } },
{ "type": "Feature", "properties": { "ccpp1": "1104 252", "LAYER_2": "PADRONES_COMPUERTAS" }, "geometry": { "type": "MultiPolygon", "coordinates": [ [ [ [ -68.944721207344656, -33.038095359327286, 0.0 ], [ -68.944724842531272, -33.038102664475566, 0.0 ], [ -68.944709634385532, -33.03845638339066, 0.0 ], [ -68.94474399678468, -33.038458382289996, 0.0 ], [ -68.945116871177575, -33.038437808425151, 0.0 ], [ -68.945135391755201, -33.038436824732081, 0.0 ], [ -68.945184306488912, -33.038434113265843, 0.0 ], [ -68.945036743286366, -33.038006143094087, 0.0 ], [ -68.944721207344656, -33.038095359327286, 0.0 ] ] ] ] } },
{ "type": "Feature", "properties": { "ccpp1": "1104 1100", "LAYER_2": "PADRONES_COMPUERTAS" }, "geometry": { "type": "MultiPolygon", "coordinates": [ [ [ [ -68.945341567183661, -33.037927110255481, 0.0 ], [ -68.945682493640533, -33.038427078097321, 0.0 ], [ -68.946014310692419, -33.038398526420337, 0.0 ], [ -68.945640646305733, -33.037761759616188, 0.0 ], [ -68.945367906061747, -33.03792017892146, 0.0 ], [ -68.945341567183661, -33.037927110255481, 0.0 ] ] ] ] } },
{ "type": "Feature", "properties": { "ccpp1": "1104 139", "LAYER_2": "PADRONES_COMPUERTAS" }, "geometry": { "type": "MultiPolygon", "coordinates": [ [ [ [ -68.938205774243571, -33.038041628674435, 0.0 ], [ -68.938888030005756, -33.039444349251106, 0.0 ], [ -68.942233758891433, -33.039001660008879, 0.0 ], [ -68.942267129794004, -33.038997623344322, 0.0 ], [ -68.94337961458919, -33.038863061902497, 0.0 ], [ -68.943422711844917, -33.038857849054537, 0.0 ], [ -68.943919058470868, -33.038797809040062, 0.0 ], [ -68.943258248451258, -33.037396524026349, 0.0 ], [ -68.943212714112974, -33.037402115313682, 0.0 ], [ -68.942677775153214, -33.03746777837376, 0.0 ], [ -68.942333276773766, -33.037510062205115, 0.0 ], [ -68.941989827248307, -33.0375522166335, 0.0 ], [ -68.941646439198934, -33.037594806553692, 0.0 ], [ -68.941302182299665, -33.037636291473817, 0.0 ], [ -68.940964297828387, -33.037677763130468, 0.0 ], [ -68.94062127524252, -33.037719865301511, 0.0 ], [ -68.940287639085028, -33.037761195584096, 0.0 ], [ -68.93994096622788, -33.037803676445492, 0.0 ], [ -68.939608037377084, -33.03784452195449, 0.0 ], [ -68.939271046360375, -33.037885860516802, 0.0 ], [ -68.938938088193154, -33.037926410278097, 0.0 ], [ -68.938601511743371, -33.037967992488603, 0.0 ], [ -68.938356901192478, -33.037997994012123, 0.0 ], [ -68.938194443550856, -33.038017638605702, 0.0 ], [ -68.938205774243571, -33.038041628674435, 0.0 ] ] ] ] } },
{ "type": "Feature", "properties": { "ccpp1": "1104 42", "LAYER_2": "PADRONES_COMPUERTAS" }, "geometry": { "type": "MultiPolygon", "coordinates": [ [ [ [ -68.945050057529414, -33.038660993150458, 0.0 ], [ -68.945067060614733, -33.038761041964058, 0.0 ], [ -68.945085680753749, -33.038870597805158, 0.0 ], [ -68.945091360559559, -33.038904018945331, 0.0 ], [ -68.945099023238797, -33.038949105878039, 0.0 ], [ -68.94511108898638, -33.039020102465727, 0.0 ], [ -68.944990756431437, -33.039120244075271, 0.0 ], [ -68.944979112372451, -33.039228645965089, 0.0 ], [ -68.94515955779525, -33.039075877715725, 0.0 ], [ -68.945265133071899, -33.038991060585083, 0.0 ], [ -68.945382464068217, -33.038955749358522, 0.0 ], [ -68.945593225596042, -33.038895039947398, 0.0 ], [ -68.945771734558051, -33.038851077332311, 0.0 ], [ -68.945718872465847, -33.038578178870559, 0.0 ], [ -68.945704756582771, -33.038579932790967, 0.0 ], [ -68.945650756513814, -33.03858661951805, 0.0 ], [ -68.945050057529414, -33.038660993150458, 0.0 ] ] ] ] } },
{ "type": "Feature", "properties": { "ccpp1": "1104 78", "LAYER_2": "PADRONES_COMPUERTAS" }, "geometry": { "type": "MultiPolygon", "coordinates": [ [ [ [ -68.943919058470868, -33.038797809040062, 0.0 ], [ -68.943422711844917, -33.038857849054537, 0.0 ], [ -68.94337961458919, -33.038863061902497, 0.0 ], [ -68.942267129794004, -33.038997623344322, 0.0 ], [ -68.942543902245589, -33.040053158043186, 0.0 ], [ -68.942558124892798, -33.040121589701521, 0.0 ], [ -68.944913233744401, -33.039826291406136, 0.0 ], [ -68.944916320760044, -33.039813185176513, 0.0 ], [ -68.944979112372451, -33.039228645965089, 0.0 ], [ -68.944990756431437, -33.039120244075271, 0.0 ], [ -68.94511108898638, -33.039020102465727, 0.0 ], [ -68.945099023238797, -33.038949105878039, 0.0 ], [ -68.945091360559559, -33.038904018945331, 0.0 ], [ -68.945085680753749, -33.038870597805158, 0.0 ], [ -68.945067060614733, -33.038761041964058, 0.0 ], [ -68.945050057529414, -33.038660993150458, 0.0 ], [ -68.945045152033174, -33.038661586994628, 0.0 ], [ -68.944985811799782, -33.038668765197428, 0.0 ], [ -68.943930550342074, -33.038796419319453, 0.0 ], [ -68.943919058470868, -33.038797809040062, 0.0 ] ] ] ] } },
{ "type": "Feature", "properties": { "ccpp1": "1104 134", "LAYER_2": "PADRONES_COMPUERTAS" }, "geometry": { "type": "MultiPolygon", "coordinates": [ [ [ [ -68.937371800524474, -33.042968952715981, 0.0 ], [ -68.937984741546032, -33.044334140951932, 0.0 ], [ -68.938116758004796, -33.04462821957091, 0.0 ], [ -68.938128067451004, -33.044627117928975, 0.0 ], [ -68.946040757613005, -33.043737041887269, 0.0 ], [ -68.946455540001679, -33.044858531647485, 0.0 ], [ -68.946488640103809, -33.044948025812218, 0.0 ], [ -68.946520962096614, -33.045026644587445, 0.0 ], [ -68.946674364466489, -33.045450177007638, 0.0 ], [ -68.94701564233533, -33.045450941862939, 0.0 ], [ -68.946988583491589, -33.045299731079957, 0.0 ], [ -68.946914990601641, -33.045122630672353, 0.0 ], [ -68.946875663612218, -33.045027439923345, 0.0 ], [ -68.946598917590592, -33.045026819541995, 0.0 ], [ -68.946536413255799, -33.044857822452919, 0.0 ], [ -68.946804047618102, -33.044855476198997, 0.0 ], [ -68.946404845879286, -33.043969901950746, 0.0 ], [ -68.94633432499721, -33.043815133255791, 0.0 ], [ -68.946235753988049, -33.043597033520399, 0.0 ], [ -68.946234774403209, -33.043593514779786, 0.0 ], [ -68.946121004322592, -33.043342932926102, 0.0 ], [ -68.945600794902376, -33.042191110546916, 0.0 ], [ -68.945511735347793, -33.042000524306928, 0.0 ], [ -68.945405819175761, -33.04176998209789, 0.0 ], [ -68.945089543073109, -33.041048517436522, 0.0 ], [ -68.945046901405348, -33.040940846368308, 0.0 ], [ -68.936945991898256, -33.042019209623213, 0.0 ], [ -68.937371800524474, -33.042968952715981, 0.0 ] ] ] ] } },
{ "type": "Feature", "properties": { "ccpp1": "1104 48", "LAYER_2": "PADRONES_COMPUERTAS" }, "geometry": { "type": "MultiPolygon", "coordinates": [ [ [ [ -68.945718872465847, -33.038578178870559, 0.0 ], [ -68.945771734558051, -33.038851077332311, 0.0 ], [ -68.945593225596042, -33.038895039947398, 0.0 ], [ -68.945382464068217, -33.038955749358522, 0.0 ], [ -68.945265133071899, -33.038991060585083, 0.0 ], [ -68.94515955779525, -33.039075877715725, 0.0 ], [ -68.944979112372451, -33.039228645965089, 0.0 ], [ -68.944916320760044, -33.039813185176513, 0.0 ], [ -68.944913233744401, -33.039826291406136, 0.0 ], [ -68.944799616794398, -33.040308609053092, 0.0 ], [ -68.944798460761163, -33.04031351633693, 0.0 ], [ -68.945046901405348, -33.040940846368308, 0.0 ], [ -68.945089543073109, -33.041048517436522, 0.0 ], [ -68.945405819175761, -33.04176998209789, 0.0 ], [ -68.945511735347793, -33.042000524306928, 0.0 ], [ -68.945600794902376, -33.042191110546916, 0.0 ], [ -68.946121004322592, -33.043342932926102, 0.0 ], [ -68.946234774403209, -33.043593514779786, 0.0 ], [ -68.946238254117276, -33.043592977080323, 0.0 ], [ -68.951861550861281, -33.042723805259989, 0.0 ], [ -68.951189497371203, -33.041591753451868, 0.0 ], [ -68.949958026091252, -33.039517296043563, 0.0 ], [ -68.949151409199587, -33.038159392943626, 0.0 ], [ -68.945967983407385, -33.038564396751461, 0.0 ], [ -68.945718872465847, -33.038578178870559, 0.0 ] ] ] ] } },
{ "type": "Feature", "properties": { "ccpp1": "1104 46", "LAYER_2": "PADRONES_COMPUERTAS" }, "geometry": { "type": "MultiPolygon", "coordinates": [ [ [ [ -68.949151409199587, -33.038159392943626, 0.0 ], [ -68.949958026091252, -33.039517296043563, 0.0 ], [ -68.951189497371203, -33.041591753451868, 0.0 ], [ -68.951861550861281, -33.042723805259989, 0.0 ], [ -68.957141662658117, -33.041907431213204, 0.0 ], [ -68.955974392652536, -33.039844519103283, 0.0 ], [ -68.955729683301215, -33.039412031595781, 0.0 ], [ -68.954793385229038, -33.037757219162422, 0.0 ], [ -68.954627691004475, -33.037451487885626, 0.0 ], [ -68.949151409199587, -33.038159392943626, 0.0 ] ] ] ] } },
{ "type": "Feature", "properties": { "ccpp1": "1104 140", "LAYER_2": "PADRONES_COMPUERTAS" }, "geometry": { "type": "MultiPolygon", "coordinates": [ [ [ [ -68.946988583491589, -33.045299731079957, 0.0 ], [ -68.94701564233533, -33.045450941862939, 0.0 ], [ -68.94726249004438, -33.046897389440971, 0.0 ], [ -68.947338526850373, -33.046979718791491, 0.0 ], [ -68.947499682505139, -33.047154212982939, 0.0 ], [ -68.949284666807969, -33.046994342313816, 0.0 ], [ -68.94980290720676, -33.047008543128584, 0.0 ], [ -68.950334463167493, -33.046889105159188, 0.0 ], [ -68.952388644747046, -33.046787743201783, 0.0 ], [ -68.952883562826941, -33.046597436153235, 0.0 ], [ -68.95308050657566, -33.046487430878429, 0.0 ], [ -68.953316400204102, -33.046547237890017, 0.0 ], [ -68.953928801961553, -33.046354967081911, 0.0 ], [ -68.954932137623942, -33.046355119876239, 0.0 ], [ -68.955810678666623, -33.046146418885506, 0.0 ], [ -68.95638229282153, -33.046301477397975, 0.0 ], [ -68.956680464055239, -33.046299289244445, 0.0 ], [ -68.956780673182323, -33.046304289498288, 0.0 ], [ -68.957141604074849, -33.046412025648536, 0.0 ], [ -68.957599761823772, -33.046407822627529, 0.0 ], [ -68.957927555298568, -33.046331032856386, 0.0 ], [ -68.958204690448142, -33.046373448605991, 0.0 ], [ -68.958327829660192, -33.046377253370615, 0.0 ], [ -68.958485926566027, -33.046374261139533, 0.0 ], [ -68.958695822287368, -33.046326920988967, 0.0 ], [ -68.958881952922482, -33.046404984161313, 0.0 ], [ -68.959228450902231, -33.046523681940478, 0.0 ], [ -68.959304033202272, -33.046523675962099, 0.0 ], [ -68.95935974590391, -33.046509750695705, 0.0 ], [ -68.959400142741245, -33.04649965342098, 0.0 ], [ -68.959716022991216, -33.046421264527389, 0.0 ], [ -68.958943505217832, -33.045067834585815, 0.0 ], [ -68.958241996327587, -33.045451661034541, 0.0 ], [ -68.955850929872469, -33.045486653944081, 0.0 ], [ -68.953364574260476, -33.045662424375891, 0.0 ], [ -68.953366494086879, -33.045775755129213, 0.0 ], [ -68.95247619013378, -33.045887131596196, 0.0 ], [ -68.952332512819623, -33.045782868045329, 0.0 ], [ -68.952263715519905, -33.045302726651002, 0.0 ], [ -68.949248908941712, -33.045527396952949, 0.0 ], [ -68.946988583491589, -33.045299731079957, 0.0 ] ] ] ] } },
{ "type": "Feature", "properties": { "ccpp1": "1104 24", "LAYER_2": "PADRONES_COMPUERTAS" }, "geometry": { "type": "MultiPolygon", "coordinates": [ [ [ [ -68.956680443928178, -33.040772032157435, 0.0 ], [ -68.957169683650889, -33.041632820742286, 0.0 ], [ -68.957945888123461, -33.041571443863475, 0.0 ], [ -68.958666163633467, -33.041514485269005, 0.0 ], [ -68.961830798146011, -33.041578596099235, 0.0 ], [ -68.962058863054793, -33.041583632066185, 0.0 ], [ -68.96124671200748, -33.040163327234204, 0.0 ], [ -68.961230254715602, -33.040165521297254, 0.0 ], [ -68.956680443928178, -33.040772032157435, 0.0 ] ] ] ] } },
{ "type": "Feature", "properties": { "ccpp1": "1104 143", "LAYER_2": "PADRONES_COMPUERTAS" }, "geometry": { "type": "MultiPolygon", "coordinates": [ [ [ [ -68.958828013812223, -33.04180597685032, 0.0 ], [ -68.958990356035059, -33.042098352007677, 0.0 ], [ -68.958264565136588, -33.042143075850134, 0.0 ], [ -68.957486850698047, -33.04219099494901, 0.0 ], [ -68.957479209857652, -33.042191465722318, 0.0 ], [ -68.959078569875629, -33.044926452858789, 0.0 ], [ -68.960680235007175, -33.045120053440478, 0.0 ], [ -68.960979536701487, -33.045135528105931, 0.0 ], [ -68.961294088609478, -33.045113174498908, 0.0 ], [ -68.963263694757828, -33.044795660690021, 0.0 ], [ -68.963858418730965, -33.044497633932899, 0.0 ], [ -68.963716239854804, -33.044077248287458, 0.0 ], [ -68.963114185346754, -33.042192943352532, 0.0 ], [ -68.962927367560496, -33.041602808410261, 0.0 ], [ -68.962924780048908, -33.041602750836091, 0.0 ], [ -68.962058863054793, -33.041583632066185, 0.0 ], [ -68.961830798146011, -33.041578596099235, 0.0 ], [ -68.958666163633467, -33.041514485269005, 0.0 ], [ -68.958828013812223, -33.04180597685032, 0.0 ] ] ] ] } },
{ "type": "Feature", "properties": { "ccpp1": "1104 1115", "LAYER_2": "PADRONES_COMPUERTAS" }, "geometry": { "type": "MultiPolygon", "coordinates": [ [ [ [ -68.964926841345402, -33.035988056062756, 0.0 ], [ -68.964149160802179, -33.036131670615703, 0.0 ], [ -68.964475668948779, -33.036910718150629, 0.0 ], [ -68.96525871584744, -33.036698775302611, 0.0 ], [ -68.965918365565145, -33.037787094469863, 0.0 ], [ -68.96547583835067, -33.037903915089629, 0.0 ], [ -68.96578646631815, -33.038415170792696, 0.0 ], [ -68.966820664459121, -33.037962395706884, 0.0 ], [ -68.965575177398989, -33.035903177415435, 0.0 ], [ -68.965568360601708, -33.035891990296392, 0.0 ], [ -68.96555499981217, -33.035870064263321, 0.0 ], [ -68.964926841345402, -33.035988056062756, 0.0 ] ] ] ] } },
{ "type": "Feature", "properties": { "ccpp1": "1104 218", "LAYER_2": "PADRONES_COMPUERTAS" }, "geometry": { "type": "MultiPolygon", "coordinates": [ [ [ [ -68.968771519371401, -33.041346376896421, 0.0 ], [ -68.968619739982969, -33.041731444280344, 0.0 ], [ -68.968597510784647, -33.041771020237384, 0.0 ], [ -68.968588604484296, -33.041780975147326, 0.0 ], [ -68.968399803281471, -33.041995647771934, 0.0 ], [ -68.968390336991675, -33.042005717037696, 0.0 ], [ -68.967746990210628, -33.042623289777168, 0.0 ], [ -68.967826731869891, -33.042740211983123, 0.0 ], [ -68.968164861630243, -33.042467271000703, 0.0 ], [ -68.968749665151748, -33.041995033493045, 0.0 ], [ -68.969133569573941, -33.041685044435823, 0.0 ], [ -68.968898075916798, -33.041297718276113, 0.0 ], [ -68.968771519371401, -33.041346376896421, 0.0 ] ] ] ] } },
{ "type": "Feature", "properties": { "ccpp1": "1104 316", "LAYER_2": "PADRONES_COMPUERTAS" }, "geometry": { "type": "MultiPolygon", "coordinates": [ [ [ [ -68.975849456479821, -33.041635965785638, 0.0 ], [ -68.978536297997721, -33.04394094897733, 0.0 ], [ -68.979267618187592, -33.044597766552059, 0.0 ], [ -68.979520887564775, -33.044138692154235, 0.0 ], [ -68.979783902786693, -33.043661946943892, 0.0 ], [ -68.979903494240503, -33.043445171268992, 0.0 ], [ -68.980265005784943, -33.042789875737277, 0.0 ], [ -68.980267948904, -33.042784541016644, 0.0 ], [ -68.977555640673216, -33.041502140990481, 0.0 ], [ -68.977434974050325, -33.041468621246167, 0.0 ], [ -68.976518729757501, -33.041452447509052, 0.0 ], [ -68.975849456479821, -33.041635965785638, 0.0 ] ] ] ] } },
{ "type": "Feature", "properties": { "ccpp1": "1104 27", "LAYER_2": "PADRONES_COMPUERTAS" }, "geometry": { "type": "MultiPolygon", "coordinates": [ [ [ [ -68.97440619121808, -33.04199496958595, 0.0 ], [ -68.977084864807779, -33.045070729279608, 0.0 ], [ -68.977425896231765, -33.045462295855678, 0.0 ], [ -68.977699550434224, -33.045460508369217, 0.0 ], [ -68.978431121420684, -33.045342796784503, 0.0 ], [ -68.978444284989152, -33.045340678330788, 0.0 ], [ -68.979190268038337, -33.045220642979629, 0.0 ], [ -68.979341345831685, -33.04539036426776, 0.0 ], [ -68.979503028153687, -33.045404618393768, 0.0 ], [ -68.979659488961815, -33.045494418816467, 0.0 ], [ -68.979516146560513, -33.045084144330033, 0.0 ], [ -68.979223436403714, -33.044746028100441, 0.0 ], [ -68.979220768870135, -33.044680540227802, 0.0 ], [ -68.975699372454258, -33.041680559437616, 0.0 ], [ -68.97524276470628, -33.041817895138905, 0.0 ], [ -68.975049077827393, -33.041864168176936, 0.0 ], [ -68.974377406973247, -33.041958185423297, 0.0 ], [ -68.97440619121808, -33.04199496958595, 0.0 ] ] ] ] } },
{ "type": "Feature", "properties": { "ccpp1": "1104 148", "LAYER_2": "PADRONES_COMPUERTAS" }, "geometry": { "type": "MultiPolygon", "coordinates": [ [ [ [ -68.975699372454258, -33.041680559437616, 0.0 ], [ -68.979220768870135, -33.044680540227802, 0.0 ], [ -68.979231529202565, -33.044663181255181, 0.0 ], [ -68.979267618187592, -33.044597766552059, 0.0 ], [ -68.978536297997721, -33.04394094897733, 0.0 ], [ -68.975849456479821, -33.041635965785638, 0.0 ], [ -68.975828839215552, -33.041641618876639, 0.0 ], [ -68.975699372454258, -33.041680559437616, 0.0 ] ] ] ] } },
{ "type": "Feature", "properties": { "ccpp1": "1104 2", "LAYER_2": "PADRONES_COMPUERTAS" }, "geometry": { "type": "MultiPolygon", "coordinates": [ [ [ [ -68.959055000897038, -33.024688084217843, 0.0 ], [ -68.960240921775011, -33.027356990139921, 0.0 ], [ -68.960588505723052, -33.028138321532545, 0.0 ], [ -68.961045405408882, -33.029165361195993, 0.0 ], [ -68.96148491419838, -33.03024827751733, 0.0 ], [ -68.962625218703963, -33.032815685515253, 0.0 ], [ -68.96323983300617, -33.034197139571432, 0.0 ], [ -68.96401654470111, -33.035938053439338, 0.0 ], [ -68.965826594077171, -33.035645901287097, 0.0 ], [ -68.965946884241831, -33.035640868581872, 0.0 ], [ -68.967182077937679, -33.035791119637068, 0.0 ], [ -68.966996147540073, -33.035379819888263, 0.0 ], [ -68.966929606549144, -33.035227568503828, 0.0 ], [ -68.966858267731851, -33.035064342459222, 0.0 ], [ -68.966786896022441, -33.034901037013782, 0.0 ], [ -68.966715523505286, -33.03473773242478, 0.0 ], [ -68.966644118096823, -33.03457434753318, 0.0 ], [ -68.966572746106323, -33.034411041952609, 0.0 ], [ -68.966501396839604, -33.034247786826768, 0.0 ], [ -68.966430025375161, -33.034084481156349, 0.0 ], [ -68.96635861994875, -33.033921096986276, 0.0 ], [ -68.966287284305594, -33.033757870582654, 0.0 ], [ -68.966215913630009, -33.033594565679103, 0.0 ], [ -68.966144543217837, -33.033431259828923, 0.0 ], [ -68.966073173068722, -33.033267953933837, 0.0 ], [ -68.96600179074872, -33.033104620955513, 0.0 ], [ -68.965930454948918, -33.032941393410013, 0.0 ], [ -68.965787682267873, -33.032614702850481, 0.0 ], [ -68.965717253283216, -33.032451403300655, 0.0 ], [ -68.965645898626818, -33.032288096238645, 0.0 ], [ -68.965574508939341, -33.032124710676548, 0.0 ], [ -68.965503154808701, -33.031961404426383, 0.0 ], [ -68.965431800941403, -33.03179809722964, 0.0 ], [ -68.965360434502784, -33.031634762032581, 0.0 ], [ -68.965289081161472, -33.031471454746026, 0.0 ], [ -68.965217763375904, -33.031308227673229, 0.0 ], [ -68.965025800750809, -33.030868877397104, 0.0 ], [ -68.964956940475233, -33.03071127458, 0.0 ], [ -68.964886663209214, -33.030604944028632, 0.0 ], [ -68.964761816718735, -33.030416050818694, 0.0 ], [ -68.964636834900631, -33.030226949153622, 0.0 ], [ -68.964428829263426, -33.029914002758858, 0.0 ], [ -68.964400053988982, -33.029870470388985, 0.0 ], [ -68.9642456964107, -33.029636964301375, 0.0 ], [ -68.964215640910183, -33.029591497029273, 0.0 ], [ -68.964090871076252, -33.029402752818115, 0.0 ], [ -68.963965821499102, -33.029213586413078, 0.0 ], [ -68.963930171998669, -33.029159658789425, 0.0 ], [ -68.963826497180762, -33.02902267731502, 0.0 ], [ -68.963685459992092, -33.028836394942033, 0.0 ], [ -68.963543032632415, -33.028648276192349, 0.0 ], [ -68.963399311402682, -33.028458448225216, 0.0 ], [ -68.963256922932104, -33.028267243624988, 0.0 ], [ -68.963114737265556, -33.02807631482851, 0.0 ], [ -68.962972537236993, -33.027885360613318, 0.0 ], [ -68.962830352796331, -33.027694431481976, 0.0 ], [ -68.962688093015558, -33.027503396664791, 0.0 ], [ -68.962545909800966, -33.027312467198534, 0.0 ], [ -68.962403729340778, -33.027121535762156, 0.0 ], [ -68.962261499212133, -33.026930541927747, 0.0 ], [ -68.962119269697155, -33.026739547024142, 0.0 ], [ -68.961977091075155, -33.026548616888789, 0.0 ], [ -68.961834862786475, -33.026357621650206, 0.0 ], [ -68.961692682179248, -33.026166691179043, 0.0 ], [ -68.9615521227892, -33.025975605050348, 0.0 ], [ -68.961407871336561, -33.025781851368343, 0.0 ], [ -68.961280596138465, -33.025610897983043, 0.0 ], [ -68.960833187781731, -33.025009942810506, 0.0 ], [ -68.960762975081224, -33.024902468345275, 0.0 ], [ -68.960646608629887, -33.024863061941829, 0.0 ], [ -68.960608875324581, -33.024858481258519, 0.0 ], [ -68.960559998097537, -33.024852547237401, 0.0 ], [ -68.959019766231862, -33.02460887597671, 0.0 ], [ -68.959055000897038, -33.024688084217843, 0.0 ] ] ] ] } },
{ "type": "Feature", "properties": { "ccpp1": "1104 53", "LAYER_2": "PADRONES_COMPUERTAS" }, "geometry": { "type": "MultiPolygon", "coordinates": [ [ [ [ -68.958653677035898, -33.036150949804821, 0.0 ], [ -68.958676102272022, -33.03618636678263, 0.0 ], [ -68.958807442799781, -33.036393803712883, 0.0 ], [ -68.958825137908235, -33.036421750554638, 0.0 ], [ -68.958998557406758, -33.036695643533136, 0.0 ], [ -68.959170825840928, -33.036668418144686, 0.0 ], [ -68.959224354591214, -33.036659958132617, 0.0 ], [ -68.959299157790568, -33.0366481363939, 0.0 ], [ -68.959532474580982, -33.036610960621495, 0.0 ], [ -68.959515063983105, -33.036575948474216, 0.0 ], [ -68.959265504298941, -33.036069489343902, 0.0 ], [ -68.958653677035898, -33.036150949804821, 0.0 ] ] ] ] } },
{ "type": "Feature", "properties": { "ccpp1": "1104 3", "LAYER_2": "PADRONES_COMPUERTAS" }, "geometry": { "type": "MultiPolygon", "coordinates": [ [ [ [ -68.95499660160759, -33.029986032304365, 0.0 ], [ -68.955624374410419, -33.031044526686223, 0.0 ], [ -68.96148491419838, -33.03024827751733, 0.0 ], [ -68.961045405408882, -33.029165361195993, 0.0 ], [ -68.961035422203011, -33.029166715998279, 0.0 ], [ -68.95499660160759, -33.029986032304365, 0.0 ] ] ] ] } },
{ "type": "Feature", "properties": { "ccpp1": "1104 58", "LAYER_2": "PADRONES_COMPUERTAS" }, "geometry": { "type": "MultiPolygon", "coordinates": [ [ [ [ -68.954425608386302, -33.029014846276397, 0.0 ], [ -68.95499660160759, -33.029986032304365, 0.0 ], [ -68.961035422203011, -33.029166715998279, 0.0 ], [ -68.961045405408882, -33.029165361195993, 0.0 ], [ -68.960588505723052, -33.028138321532545, 0.0 ], [ -68.960576888027916, -33.028139915627179, 0.0 ], [ -68.958710575331196, -33.028395919145424, 0.0 ], [ -68.956023424924425, -33.028764466037153, 0.0 ], [ -68.954425608386302, -33.029014846276397, 0.0 ] ] ] ] } },
{ "type": "Feature", "properties": { "ccpp1": "1104 5", "LAYER_2": "PADRONES_COMPUERTAS" }, "geometry": { "type": "MultiPolygon", "coordinates": [ [ [ [ -68.953953912503394, -33.028215524157098, 0.0 ], [ -68.953972971208685, -33.028247820800509, 0.0 ], [ -68.956896780085017, -33.02784942375925, 0.0 ], [ -68.957119228175003, -33.028614182264313, 0.0 ], [ -68.958710575331196, -33.028395919145424, 0.0 ], [ -68.960576888027916, -33.028139915627179, 0.0 ], [ -68.960588505723052, -33.028138321532545, 0.0 ], [ -68.960240921775011, -33.027356990139921, 0.0 ], [ -68.960230505221119, -33.027358420480759, 0.0 ], [ -68.958438757711406, -33.027604391863861, 0.0 ], [ -68.953953912503394, -33.028215524157098, 0.0 ] ] ] ] } },
{ "type": "Feature", "properties": { "ccpp1": "1104 80", "LAYER_2": "PADRONES_COMPUERTAS" }, "geometry": { "type": "MultiPolygon", "coordinates": [ [ [ [ -68.957634009842877, -33.025274300775372, 0.0 ], [ -68.957635103185282, -33.025284431445591, 0.0 ], [ -68.95764421118561, -33.025368822136819, 0.0 ], [ -68.95774129703058, -33.026456986113303, 0.0 ], [ -68.95326667026697, -33.027046353462453, 0.0 ], [ -68.953260488388949, -33.0270471671613, 0.0 ], [ -68.953913227150224, -33.028146973888646, 0.0 ], [ -68.953953912503394, -33.028215524157098, 0.0 ], [ -68.958438757711406, -33.027604391863861, 0.0 ], [ -68.960230505221119, -33.027358420480759, 0.0 ], [ -68.960240921775011, -33.027356990139921, 0.0 ], [ -68.959055000897038, -33.024688084217843, 0.0 ], [ -68.959019766231862, -33.02460887597671, 0.0 ], [ -68.958875094180073, -33.024586176547899, 0.0 ], [ -68.958616812722767, -33.024713037759483, 0.0 ], [ -68.958372563512853, -33.024831694281083, 0.0 ], [ -68.958089541899028, -33.025034598677159, 0.0 ], [ -68.957928527802551, -33.025148057051474, 0.0 ], [ -68.957732555569862, -33.025240899244842, 0.0 ], [ -68.957634009842877, -33.025274300775372, 0.0 ] ] ] ] } },
{ "type": "Feature", "properties": { "ccpp1": "1104 79", "LAYER_2": "PADRONES_COMPUERTAS" }, "geometry": { "type": "MultiPolygon", "coordinates": [ [ [ [ -68.957393709245224, -33.025355749163182, 0.0 ], [ -68.957354173316276, -33.025369149851855, 0.0 ], [ -68.956812004287599, -33.025532429544114, 0.0 ], [ -68.955890886970025, -33.025811420480927, 0.0 ], [ -68.955690975497589, -33.025871969148412, 0.0 ], [ -68.954474993612038, -33.026245776325197, 0.0 ], [ -68.954335940027562, -33.026288481957401, 0.0 ], [ -68.953113938204496, -33.02666320506669, 0.0 ], [ -68.953063249800294, -33.026678747987098, 0.0 ], [ -68.953047627259878, -33.026683538109097, 0.0 ], [ -68.95309143665294, -33.026758377215458, 0.0 ], [ -68.953260488388949, -33.0270471671613, 0.0 ], [ -68.95326667026697, -33.027046353462453, 0.0 ], [ -68.95774129703058, -33.026456986113303, 0.0 ], [ -68.95764421118561, -33.025368822136819, 0.0 ], [ -68.957635103185282, -33.025284431445591, 0.0 ], [ -68.957634009842877, -33.025274300775372, 0.0 ], [ -68.957565825444092, -33.025297411840072, 0.0 ], [ -68.957393709245224, -33.025355749163182, 0.0 ] ] ] ] } },
{ "type": "Feature", "properties": { "ccpp1": "1104 221", "LAYER_2": "PADRONES_COMPUERTAS" }, "geometry": { "type": "MultiPolygon", "coordinates": [ [ [ [ -68.955042537914764, -33.02402476678931, 0.0 ], [ -68.955335712595371, -33.024907834799521, 0.0 ], [ -68.955583505983967, -33.024861251726165, 0.0 ], [ -68.956443940760835, -33.024699494245063, 0.0 ], [ -68.95586619629124, -33.023864435778663, 0.0 ], [ -68.955042537914764, -33.02402476678931, 0.0 ] ] ] ] } },
{ "type": "Feature", "properties": { "ccpp1": "1104 222", "LAYER_2": "PADRONES_COMPUERTAS" }, "geometry": { "type": "MultiPolygon", "coordinates": [ [ [ [ -68.955583505983967, -33.024861251726165, 0.0 ], [ -68.955890886970025, -33.025811420480927, 0.0 ], [ -68.956812004287599, -33.025532429544114, 0.0 ], [ -68.957354173316276, -33.025369149851855, 0.0 ], [ -68.957393709245224, -33.025355749163182, 0.0 ], [ -68.957328559720921, -33.025335558276346, 0.0 ], [ -68.957234526608062, -33.025306416468865, 0.0 ], [ -68.956843088824058, -33.025185104042713, 0.0 ], [ -68.956764654137132, -33.025160795734315, 0.0 ], [ -68.956673303630893, -33.02502899081437, 0.0 ], [ -68.956443940760835, -33.024699494245063, 0.0 ], [ -68.955583505983967, -33.024861251726165, 0.0 ] ] ] ] } },
{ "type": "Feature", "properties": { "ccpp1": "1104 94", "LAYER_2": "PADRONES_COMPUERTAS" }, "geometry": { "type": "MultiPolygon", "coordinates": [ [ [ [ -68.944610785048596, -33.022361175334808, 0.0 ], [ -68.944652080989897, -33.022437129901782, 0.0 ], [ -68.945599568976291, -33.024179758196844, 0.0 ], [ -68.945715363334315, -33.024392723449097, 0.0 ], [ -68.946297168733963, -33.025483066564583, 0.0 ], [ -68.947040310019048, -33.026863329862849, 0.0 ], [ -68.947336396282978, -33.027373950823751, 0.0 ], [ -68.948678505040036, -33.027101466299051, 0.0 ], [ -68.948719440164737, -33.027093155275793, 0.0 ], [ -68.948121015390385, -33.025990127557925, 0.0 ], [ -68.946001046946307, -33.022082316282621, 0.0 ], [ -68.945999391949584, -33.022079266106225, 0.0 ], [ -68.944610785048596, -33.022361175334808, 0.0 ] ] ] ] } },
{ "type": "Feature", "properties": { "ccpp1": "1104 241", "LAYER_2": "PADRONES_COMPUERTAS" }, "geometry": { "type": "MultiPolygon", "coordinates": [ [ [ [ -68.947552784519132, -33.024942725456469, 0.0 ], [ -68.948111882279235, -33.025969455609854, 0.0 ], [ -68.948121015390385, -33.025990127557925, 0.0 ], [ -68.948719440164737, -33.027093155275793, 0.0 ], [ -68.94895048280344, -33.027045263870868, 0.0 ], [ -68.949524158389465, -33.026931206573799, 0.0 ], [ -68.95041751397423, -33.026753585290059, 0.0 ], [ -68.95040997758727, -33.026739958016329, 0.0 ], [ -68.950145986289598, -33.026262626144536, 0.0 ], [ -68.949713531520786, -33.025480676781449, 0.0 ], [ -68.949210935983899, -33.024591728189108, 0.0 ], [ -68.949118724733779, -33.024611247921612, 0.0 ], [ -68.947659054234606, -33.024920231230112, 0.0 ], [ -68.945951318648511, -33.021777214609372, 0.0 ], [ -68.945812143964687, -33.021734088278492, 0.0 ], [ -68.947552784519132, -33.024942725456469, 0.0 ] ] ] ] } },
{ "type": "Feature", "properties": { "ccpp1": "1104 242", "LAYER_2": "PADRONES_COMPUERTAS" }, "geometry": { "type": "MultiPolygon", "coordinates": [ [ [ [ -68.945951318648511, -33.021777214609372, 0.0 ], [ -68.946787485605512, -33.023316176210166, 0.0 ], [ -68.947659054234606, -33.024920231230112, 0.0 ], [ -68.947727595242355, -33.024905723026265, 0.0 ], [ -68.949118724733779, -33.024611247921612, 0.0 ], [ -68.949210935983899, -33.024591728189108, 0.0 ], [ -68.94899318082571, -33.024206576171785, 0.0 ], [ -68.948089559961062, -33.022620046317513, 0.0 ], [ -68.94796961651474, -33.022409451074161, 0.0 ], [ -68.947073012996171, -33.02212478988082, 0.0 ], [ -68.946540558223518, -33.021959801911045, 0.0 ], [ -68.946331082575398, -33.021894892487808, 0.0 ], [ -68.946277576711907, -33.021878312934824, 0.0 ], [ -68.946224070869036, -33.021861732457218, 0.0 ], [ -68.946170565045676, -33.021845152858326, 0.0 ], [ -68.946094041052319, -33.021821440074113, 0.0 ], [ -68.945951318648511, -33.021777214609372, 0.0 ] ] ] ] } },
{ "type": "Feature", "properties": { "ccpp1": "1104 89", "LAYER_2": "PADRONES_COMPUERTAS" }, "geometry": { "type": "MultiPolygon", "coordinates": [ [ [ [ -68.95041751397423, -33.026753585290059, 0.0 ], [ -68.949524158389465, -33.026931206573799, 0.0 ], [ -68.94895048280344, -33.027045263870868, 0.0 ], [ -68.948719440164737, -33.027093155275793, 0.0 ], [ -68.948678505040036, -33.027101466299051, 0.0 ], [ -68.947439248020004, -33.027353069964711, 0.0 ], [ -68.947336396282978, -33.027373950823751, 0.0 ], [ -68.948405359574338, -33.029238348839911, 0.0 ], [ -68.953730484438111, -33.028084935193483, 0.0 ], [ -68.952704968753352, -33.026298749579333, 0.0 ], [ -68.952701754085965, -33.026299388548871, 0.0 ], [ -68.952567002418732, -33.026326183818064, 0.0 ], [ -68.952344241663155, -33.026370479298585, 0.0 ], [ -68.95041751397423, -33.026753585290059, 0.0 ] ] ] ] } },
{ "type": "Feature", "properties": { "ccpp1": "1104 4", "LAYER_2": "PADRONES_COMPUERTAS" }, "geometry": { "type": "MultiPolygon", "coordinates": [ [ [ [ -68.943640745593996, -33.029116460127412, 0.0 ], [ -68.944042941404234, -33.029982868041827, 0.0 ], [ -68.944119261077091, -33.030147273530382, 0.0 ], [ -68.94412280041945, -33.030154898756109, 0.0 ], [ -68.944492047203681, -33.030078702712871, 0.0 ], [ -68.944924445455868, -33.030908203919516, 0.0 ], [ -68.945135054988029, -33.031331841051255, 0.0 ], [ -68.945218795591714, -33.031500300309901, 0.0 ], [ -68.945476456056952, -33.032000162302069, 0.0 ], [ -68.945569380091328, -33.031987710201818, 0.0 ], [ -68.949715967137124, -33.031545490975297, 0.0 ], [ -68.949742665404003, -33.031542643429823, 0.0 ], [ -68.949629730678026, -33.031348047662831, 0.0 ], [ -68.949603559646548, -33.0313029534788, 0.0 ], [ -68.949577389712161, -33.031257859289404, 0.0 ], [ -68.949543922347488, -33.031200192831072, 0.0 ], [ -68.94841401372048, -33.029253211982784, 0.0 ], [ -68.948405359574338, -33.029238348839911, 0.0 ], [ -68.947040310019048, -33.026863329862849, 0.0 ], [ -68.942921308402092, -33.027552859828099, 0.0 ], [ -68.942935324875066, -33.027603065070593, 0.0 ], [ -68.942975649562797, -33.027689522370039, 0.0 ], [ -68.943640745593996, -33.029116460127412, 0.0 ] ] ] ] } },
{ "type": "Feature", "properties": { "ccpp1": "1104 31", "LAYER_2": "PADRONES_COMPUERTAS" }, "geometry": { "type": "MultiPolygon", "coordinates": [ [ [ [ -68.939421265182432, -33.025275537803232, 0.0 ], [ -68.939059387864546, -33.025337142455406, 0.0 ], [ -68.93806675809391, -33.025515320312046, 0.0 ], [ -68.937923032126406, -33.025541118804149, 0.0 ], [ -68.938474639187206, -33.026735005078358, 0.0 ], [ -68.9385342633134, -33.026857040725503, 0.0 ], [ -68.940462587375649, -33.026522604665928, 0.0 ], [ -68.941076878214673, -33.027851602294717, 0.0 ], [ -68.941720432885091, -33.027751376103716, 0.0 ], [ -68.942622168617973, -33.027602217270598, 0.0 ], [ -68.942921308402092, -33.027552859828099, 0.0 ], [ -68.944519488262245, -33.027289152396961, 0.0 ], [ -68.946822561179673, -33.026900114786976, 0.0 ], [ -68.947023576172072, -33.026866156718349, 0.0 ], [ -68.947040310019048, -33.026863329862849, 0.0 ], [ -68.946915542915221, -33.026630685196416, 0.0 ], [ -68.946750278023941, -33.026322524997312, 0.0 ], [ -68.946297168733963, -33.025483066564583, 0.0 ], [ -68.946037799457898, -33.025527450448507, 0.0 ], [ -68.944955370378381, -33.025712671878097, 0.0 ], [ -68.944339679132142, -33.024582568902609, 0.0 ], [ -68.94426934840692, -33.024453475606045, 0.0 ], [ -68.944265522047104, -33.024446451665554, 0.0 ], [ -68.94414207185747, -33.024467438821468, 0.0 ], [ -68.942421519716433, -33.024759922483625, 0.0 ], [ -68.941045353357268, -33.024998916752651, 0.0 ], [ -68.939983978329749, -33.025179741823223, 0.0 ], [ -68.939421265182432, -33.025275537803232, 0.0 ] ] ] ] } },
{ "type": "Feature", "properties": { "ccpp1": "1104 213", "LAYER_2": "PADRONES_COMPUERTAS" }, "geometry": { "type": "MultiPolygon", "coordinates": [ [ [ [ -68.935704758427761, -33.020734729043447, 0.0 ], [ -68.936033147717268, -33.021442223864213, 0.0 ], [ -68.940136115243391, -33.020135368027866, 0.0 ], [ -68.94028144870326, -33.020600568824086, 0.0 ], [ -68.941712946216271, -33.020109756673769, 0.0 ], [ -68.941653676502028, -33.019947102168096, 0.0 ], [ -68.941617120730129, -33.019888419461239, 0.0 ], [ -68.941552964177376, -33.019773120336204, 0.0 ], [ -68.939616771249604, -33.019845685020222, 0.0 ], [ -68.939291364213418, -33.019949231382462, 0.0 ], [ -68.939145306828195, -33.019646419617615, 0.0 ], [ -68.935704758427761, -33.020734729043447, 0.0 ] ] ] ] } },
{ "type": "Feature", "properties": { "ccpp1": "1104 18", "LAYER_2": "PADRONES_COMPUERTAS" }, "geometry": { "type": "MultiPolygon", "coordinates": [ [ [ [ -68.942398918631781, -33.030740706935795, 0.0 ], [ -68.942472030877539, -33.030907014458393, 0.0 ], [ -68.942553428666727, -33.030889966168083, 0.0 ], [ -68.942609465911559, -33.030877809457799, 0.0 ], [ -68.942643302580507, -33.030870469172115, 0.0 ], [ -68.942696831439235, -33.030858855879622, 0.0 ], [ -68.942759538337626, -33.03084525227532, 0.0 ], [ -68.942813067165346, -33.030833639834604, 0.0 ], [ -68.942866595979041, -33.030822027370853, 0.0 ], [ -68.942920123712383, -33.030810408571952, 0.0 ], [ -68.942928309331364, -33.030808638726427, 0.0 ], [ -68.942811913048132, -33.030467683841117, 0.0 ], [ -68.942599998865688, -33.030511542171709, 0.0 ], [ -68.942335221999429, -33.030566340962864, 0.0 ], [ -68.942323345123668, -33.030568798842864, 0.0 ], [ -68.942398918631781, -33.030740706935795, 0.0 ] ] ] ] } },
{ "type": "Feature", "properties": { "ccpp1": "1104 67", "LAYER_2": "PADRONES_COMPUERTAS" }, "geometry": { "type": "MultiPolygon", "coordinates": [ [ [ [ -68.940720511006532, -33.031532203222255, 0.0 ], [ -68.940938826541341, -33.032058015911929, 0.0 ], [ -68.941381495269255, -33.03199564859753, 0.0 ], [ -68.941386419771305, -33.03199492957301, 0.0 ], [ -68.941719024223516, -33.031956904954853, 0.0 ], [ -68.942049936945423, -33.031915840028731, 0.0 ], [ -68.942386723448962, -33.031865644800483, 0.0 ], [ -68.942961728394494, -33.031791757239276, 0.0 ], [ -68.943228075314437, -33.031757530399794, 0.0 ], [ -68.943805384770286, -33.031683342445426, 0.0 ], [ -68.944664742279187, -33.031571650427736, 0.0 ], [ -68.944663668821647, -33.031567922438505, 0.0 ], [ -68.944612745597084, -33.031402703564076, 0.0 ], [ -68.945135054988029, -33.031331841051255, 0.0 ], [ -68.944924445455868, -33.030908203919516, 0.0 ], [ -68.944492047203681, -33.030078702712871, 0.0 ], [ -68.94412280041945, -33.030154898756109, 0.0 ], [ -68.944116984079784, -33.030156098982594, 0.0 ], [ -68.943741535490119, -33.030232645476062, 0.0 ], [ -68.94375789760673, -33.030271893637213, 0.0 ], [ -68.943924100309843, -33.030603612574211, 0.0 ], [ -68.943919075091088, -33.030604639124107, 0.0 ], [ -68.943050350655895, -33.030782161872196, 0.0 ], [ -68.942973653565005, -33.030798801472756, 0.0 ], [ -68.94292012477932, -33.030810413982479, 0.0 ], [ -68.942866595979041, -33.030822027370853, 0.0 ], [ -68.942813067165346, -33.030833639834604, 0.0 ], [ -68.942759538337626, -33.03084525227532, 0.0 ], [ -68.942696831439235, -33.030858855879622, 0.0 ], [ -68.942643302580507, -33.030870469172115, 0.0 ], [ -68.942609465911559, -33.030877809457799, 0.0 ], [ -68.942553428666727, -33.030889966168083, 0.0 ], [ -68.942460551122835, -33.030909419335714, 0.0 ], [ -68.942358571642089, -33.030932238681274, 0.0 ], [ -68.942305042695438, -33.030943850926739, 0.0 ], [ -68.942251513734206, -33.030955464050876, 0.0 ], [ -68.942217900751601, -33.030962755643479, 0.0 ], [ -68.94220111085221, -33.030966397837368, 0.0 ], [ -68.942209041069674, -33.030983691979237, 0.0 ], [ -68.942255653501562, -33.031104175178918, 0.0 ], [ -68.942258332551916, -33.03111110126212, 0.0 ], [ -68.941463045517949, -33.031328877714728, 0.0 ], [ -68.941429061697306, -33.031338183256217, 0.0 ], [ -68.941375530366528, -33.031352841851472, 0.0 ], [ -68.941321999018086, -33.031367500423698, 0.0 ], [ -68.941272825106026, -33.031380965406328, 0.0 ], [ -68.941235628291381, -33.031391151218344, 0.0 ], [ -68.941182096897279, -33.031405808828751, 0.0 ], [ -68.941128565484888, -33.031420467317837, 0.0 ], [ -68.941020657880614, -33.031450015557397, 0.0 ], [ -68.940993046352659, -33.031457576550743, 0.0 ], [ -68.940939514877783, -33.031472234958535, 0.0 ], [ -68.940885983385201, -33.031486893343285, 0.0 ], [ -68.940720511006532, -33.031532203222255, 0.0 ] ] ] ] } },
{ "type": "Feature", "properties": { "ccpp1": "1104 101", "LAYER_2": "PADRONES_COMPUERTAS" }, "geometry": { "type": "MultiPolygon", "coordinates": [ [ [ [ -68.942811913048132, -33.030467683841117, 0.0 ], [ -68.942928309331364, -33.030808638726427, 0.0 ], [ -68.942968922691264, -33.030799828118852, 0.0 ], [ -68.942973653565005, -33.030798801472756, 0.0 ], [ -68.943050350655895, -33.030782161872196, 0.0 ], [ -68.943919075091088, -33.030604639124107, 0.0 ], [ -68.943924100309843, -33.030603612574211, 0.0 ], [ -68.94375789760673, -33.030271893637213, 0.0 ], [ -68.942853530191698, -33.03045907029513, 0.0 ], [ -68.942811913048132, -33.030467683841117, 0.0 ] ] ] ] } },
{ "type": "Feature", "properties": { "ccpp1": "1104 102", "LAYER_2": "PADRONES_COMPUERTAS" }, "geometry": { "type": "MultiPolygon", "coordinates": [ [ [ [ -68.941249721726734, -33.031219982583053, 0.0 ], [ -68.94067302217023, -33.031372549496552, 0.0 ], [ -68.940720511006532, -33.031532203222255, 0.0 ], [ -68.940885983385201, -33.031486893343285, 0.0 ], [ -68.940939514877783, -33.031472234958535, 0.0 ], [ -68.940993046352659, -33.031457576550743, 0.0 ], [ -68.941020657880614, -33.031450015557397, 0.0 ], [ -68.941128565484888, -33.031420467317837, 0.0 ], [ -68.941182096897279, -33.031405808828751, 0.0 ], [ -68.941235628291381, -33.031391151218344, 0.0 ], [ -68.941272825106026, -33.031380965406328, 0.0 ], [ -68.941321999018086, -33.031367500423698, 0.0 ], [ -68.941375530366528, -33.031352841851472, 0.0 ], [ -68.941429061697306, -33.031338183256217, 0.0 ], [ -68.941463045517949, -33.031328877714728, 0.0 ], [ -68.942258332551916, -33.03111110126212, 0.0 ], [ -68.942255653501562, -33.031104175178918, 0.0 ], [ -68.942209041069674, -33.030983691979237, 0.0 ], [ -68.94220111085221, -33.030966397837368, 0.0 ], [ -68.942080710613737, -33.030996825749881, 0.0 ], [ -68.941249721726734, -33.031219982583053, 0.0 ] ] ] ] } },
{ "type": "Feature", "properties": { "ccpp1": "1104 646", "LAYER_2": "PADRONES_COMPUERTAS" }, "geometry": { "type": "MultiPolygon", "coordinates": [ [ [ [ -68.941076878214673, -33.027851602294717, 0.0 ], [ -68.939174335971515, -33.02816708011585, 0.0 ], [ -68.939198998516886, -33.028217556953891, 0.0 ], [ -68.939255878645142, -33.028333970765594, 0.0 ], [ -68.94042420293512, -33.030830540314426, 0.0 ], [ -68.940460636416304, -33.030901503989121, 0.0 ], [ -68.943741535490119, -33.030232645476062, 0.0 ], [ -68.944116984079784, -33.030156098982594, 0.0 ], [ -68.94412280041945, -33.030154898756109, 0.0 ], [ -68.944119261077091, -33.030147273530382, 0.0 ], [ -68.944042941404234, -33.029982868041827, 0.0 ], [ -68.943640745593996, -33.029116460127412, 0.0 ], [ -68.942975649562797, -33.027689522370039, 0.0 ], [ -68.942935324875066, -33.027603065070593, 0.0 ], [ -68.942922796015026, -33.027558190296702, 0.0 ], [ -68.942921308402092, -33.027552859828099, 0.0 ], [ -68.942622168617973, -33.027602217270598, 0.0 ], [ -68.941720432885091, -33.027751376103716, 0.0 ], [ -68.941076878214673, -33.027851602294717, 0.0 ] ] ] ] } },
{ "type": "Feature", "properties": { "ccpp1": "1104 405", "LAYER_2": "PADRONES_COMPUERTAS" }, "geometry": { "type": "MultiPolygon", "coordinates": [ [ [ [ -68.942346337922444, -33.036183815863893, 0.0 ], [ -68.942106465290379, -33.036213583488717, 0.0 ], [ -68.942018195024758, -33.036224537484749, 0.0 ], [ -68.942118894125343, -33.036785944204652, 0.0 ], [ -68.942447348546764, -33.03674669309386, 0.0 ], [ -68.942346337922444, -33.036183815863893, 0.0 ] ] ] ] } },
{ "type": "Feature", "properties": { "ccpp1": "1104 406", "LAYER_2": "PADRONES_COMPUERTAS" }, "geometry": { "type": "MultiPolygon", "coordinates": [ [ [ [ -68.942018195024758, -33.036224537484749, 0.0 ], [ -68.941711379911538, -33.036262612784519, 0.0 ], [ -68.941689003728357, -33.036265389396284, 0.0 ], [ -68.941789475846704, -33.036825374335017, 0.0 ], [ -68.942118894125343, -33.036785944204652, 0.0 ], [ -68.942018195024758, -33.036224537484749, 0.0 ] ] ] ] } },
{ "type": "Feature", "properties": { "ccpp1": "1104 407", "LAYER_2": "PADRONES_COMPUERTAS" }, "geometry": { "type": "MultiPolygon", "coordinates": [ [ [ [ -68.941689003728357, -33.036265389396284, 0.0 ], [ -68.941378640419302, -33.036303919366681, 0.0 ], [ -68.941359050935986, -33.036306350986557, 0.0 ], [ -68.94145920087675, -33.036864803193318, 0.0 ], [ -68.941789475846704, -33.036825374335017, 0.0 ], [ -68.941689003728357, -33.036265389396284, 0.0 ] ] ] ] } },
{ "type": "Feature", "properties": { "ccpp1": "1104 408", "LAYER_2": "PADRONES_COMPUERTAS" }, "geometry": { "type": "MultiPolygon", "coordinates": [ [ [ [ -68.941359050935986, -33.036306350986557, 0.0 ], [ -68.941027912714091, -33.036347446394331, 0.0 ], [ -68.941127747884593, -33.036904501122535, 0.0 ], [ -68.941173680355533, -33.036898999872307, 0.0 ], [ -68.94111902847375, -33.036575266118057, 0.0 ], [ -68.941401177859973, -33.03654125837317, 0.0 ], [ -68.941359050935986, -33.036306350986557, 0.0 ] ] ] ] } },
{ "type": "Feature", "properties": { "ccpp1": "1104 409", "LAYER_2": "PADRONES_COMPUERTAS" }, "geometry": { "type": "MultiPolygon", "coordinates": [ [ [ [ -68.941027912714091, -33.036347446394331, 0.0 ], [ -68.940698061027049, -33.036388380135058, 0.0 ], [ -68.940792547605497, -33.036944557061311, 0.0 ], [ -68.941127747884593, -33.036904501122535, 0.0 ], [ -68.941027912714091, -33.036347446394331, 0.0 ] ] ] ] } },
{ "type": "Feature", "properties": { "ccpp1": "1104 410", "LAYER_2": "PADRONES_COMPUERTAS" }, "geometry": { "type": "MultiPolygon", "coordinates": [ [ [ [ -68.940698061027049, -33.036388380135058, 0.0 ], [ -68.940369618994382, -33.036429138752759, 0.0 ], [ -68.940461201129239, -33.03698416310241, 0.0 ], [ -68.940792547605497, -33.036944557061311, 0.0 ], [ -68.940698061027049, -33.036388380135058, 0.0 ] ] ] ] } },
{ "type": "Feature", "properties": { "ccpp1": "1104 1125", "LAYER_2": "PADRONES_COMPUERTAS" }, "geometry": { "type": "MultiPolygon", "coordinates": [ [ [ [ -68.940408728111521, -33.036666134392441, 0.0 ], [ -68.940115236515666, -33.036700489010798, 0.0 ], [ -68.940167833345583, -33.037019274525022, 0.0 ], [ -68.940461201129239, -33.03698416310241, 0.0 ], [ -68.940408728111521, -33.036666134392441, 0.0 ] ] ] ] } },
{ "type": "Feature", "properties": { "ccpp1": "1104 412", "LAYER_2": "PADRONES_COMPUERTAS" }, "geometry": { "type": "MultiPolygon", "coordinates": [ [ [ [ -68.94002723015565, -33.036471627323699, 0.0 ], [ -68.939698247933237, -33.036512450637261, 0.0 ], [ -68.939786409583235, -33.037064899546898, 0.0 ], [ -68.940128783734949, -33.037023948083537, 0.0 ], [ -68.94002723015565, -33.036471627323699, 0.0 ] ] ] ] } },
{ "type": "Feature", "properties": { "ccpp1": "1104 413", "LAYER_2": "PADRONES_COMPUERTAS" }, "geometry": { "type": "MultiPolygon", "coordinates": [ [ [ [ -68.939698247933237, -33.036512450637261, 0.0 ], [ -68.939355439854111, -33.036554988556432, 0.0 ], [ -68.939450244582147, -33.037105041579359, 0.0 ], [ -68.939786409583235, -33.037064899546898, 0.0 ], [ -68.939698247933237, -33.036512450637261, 0.0 ] ] ] ] } },
{ "type": "Feature", "properties": { "ccpp1": "1104 420", "LAYER_2": "PADRONES_COMPUERTAS" }, "geometry": { "type": "MultiPolygon", "coordinates": [ [ [ [ -68.94258747431401, -33.03691546038722, 0.0 ], [ -68.942242853952763, -33.036955966723404, 0.0 ], [ -68.942334770467923, -33.0375095453361, 0.0 ], [ -68.942679275271203, -33.037467256093493, 0.0 ], [ -68.94258747431401, -33.03691546038722, 0.0 ] ] ] ] } },
{ "type": "Feature", "properties": { "ccpp1": "1104 421", "LAYER_2": "PADRONES_COMPUERTAS" }, "geometry": { "type": "MultiPolygon", "coordinates": [ [ [ [ -68.942242853952763, -33.036955966723404, 0.0 ], [ -68.941898982687164, -33.036996382288997, 0.0 ], [ -68.941991314519186, -33.037551704273938, 0.0 ], [ -68.942334770467923, -33.0375095453361, 0.0 ], [ -68.942242853952763, -33.036955966723404, 0.0 ] ] ] ] } },
{ "type": "Feature", "properties": { "ccpp1": "1104 422", "LAYER_2": "PADRONES_COMPUERTAS" }, "geometry": { "type": "MultiPolygon", "coordinates": [ [ [ [ -68.941898982687164, -33.036996382288997, 0.0 ], [ -68.941545904085274, -33.037037874599015, 0.0 ], [ -68.941646688085171, -33.03759400508423, 0.0 ], [ -68.941991314519186, -33.037551704273938, 0.0 ], [ -68.941898982687164, -33.036996382288997, 0.0 ] ] ] ] } },
{ "type": "Feature", "properties": { "ccpp1": "1104 423", "LAYER_2": "PADRONES_COMPUERTAS" }, "geometry": { "type": "MultiPolygon", "coordinates": [ [ [ [ -68.941545904085274, -33.037037874599015, 0.0 ], [ -68.941209954556598, -33.037077300137049, 0.0 ], [ -68.941265930758917, -33.03741662545962, 0.0 ], [ -68.941302182299665, -33.037636291473817, 0.0 ], [ -68.941646688085171, -33.03759400508423, 0.0 ], [ -68.941545904085274, -33.037037874599015, 0.0 ] ] ] ] } },
{ "type": "Feature", "properties": { "ccpp1": "1104 597", "LAYER_2": "PADRONES_COMPUERTAS" }, "geometry": { "type": "MultiPolygon", "coordinates": [ [ [ [ -68.940901090538304, -33.037113581752088, 0.0 ], [ -68.940869294099514, -33.037117353707679, 0.0 ], [ -68.940964297828387, -33.037677763130468, 0.0 ], [ -68.941302182299665, -33.037636291473817, 0.0 ], [ -68.941265930758917, -33.03741662545962, 0.0 ], [ -68.94115544576357, -33.037429827971778, 0.0 ], [ -68.941146488704916, -33.037376895635397, 0.0 ], [ -68.940949714034105, -33.037400516622256, 0.0 ], [ -68.940925449163814, -33.037257326928156, 0.0 ], [ -68.940901090538304, -33.037113581752088, 0.0 ] ] ] ] } },
{ "type": "Feature", "properties": { "ccpp1": "1104 425", "LAYER_2": "PADRONES_COMPUERTAS" }, "geometry": { "type": "MultiPolygon", "coordinates": [ [ [ [ -68.940869294099514, -33.037117353707679, 0.0 ], [ -68.940528740446439, -33.037157316231493, 0.0 ], [ -68.94062127524252, -33.037719865301511, 0.0 ], [ -68.940964297828387, -33.037677763130468, 0.0 ], [ -68.940869294099514, -33.037117353707679, 0.0 ] ] ] ] } },
{ "type": "Feature", "properties": { "ccpp1": "1104 426", "LAYER_2": "PADRONES_COMPUERTAS" }, "geometry": { "type": "MultiPolygon", "coordinates": [ [ [ [ -68.940528740446439, -33.037157316231493, 0.0 ], [ -68.940187758225207, -33.037197367787066, 0.0 ], [ -68.940288647846486, -33.037760690229227, 0.0 ], [ -68.94062127524252, -33.037719865301511, 0.0 ], [ -68.940528740446439, -33.037157316231493, 0.0 ] ] ] ] } },
{ "type": "Feature", "properties": { "ccpp1": "1104 427", "LAYER_2": "PADRONES_COMPUERTAS" }, "geometry": { "type": "MultiPolygon", "coordinates": [ [ [ [ -68.940187758225207, -33.037197367787066, 0.0 ], [ -68.939849559250959, -33.037237059083552, 0.0 ], [ -68.939941131306099, -33.037803352824966, 0.0 ], [ -68.940288647846486, -33.037760690229227, 0.0 ], [ -68.940187758225207, -33.037197367787066, 0.0 ] ] ] ] } },
{ "type": "Feature", "properties": { "ccpp1": "1104 428", "LAYER_2": "PADRONES_COMPUERTAS" }, "geometry": { "type": "MultiPolygon", "coordinates": [ [ [ [ -68.939849559250959, -33.037237059083552, 0.0 ], [ -68.939509004681383, -33.037277018822294, 0.0 ], [ -68.939607752803923, -33.037844254020364, 0.0 ], [ -68.939941131306099, -33.037803352824966, 0.0 ], [ -68.939849559250959, -33.037237059083552, 0.0 ] ] ] ] } },
{ "type": "Feature", "properties": { "ccpp1": "1104 429", "LAYER_2": "PADRONES_COMPUERTAS" }, "geometry": { "type": "MultiPolygon", "coordinates": [ [ [ [ -68.939509004681383, -33.037277018822294, 0.0 ], [ -68.939172732133287, -33.037316528882954, 0.0 ], [ -68.939271362391949, -33.03788552434721, 0.0 ], [ -68.939607752803923, -33.037844254020364, 0.0 ], [ -68.939509004681383, -33.037277018822294, 0.0 ] ] ] ] } },
{ "type": "Feature", "properties": { "ccpp1": "1104 430", "LAYER_2": "PADRONES_COMPUERTAS" }, "geometry": { "type": "MultiPolygon", "coordinates": [ [ [ [ -68.939172732133287, -33.037316528882954, 0.0 ], [ -68.938851019336312, -33.037354331997555, 0.0 ], [ -68.938938088193154, -33.037926410278097, 0.0 ], [ -68.939271362391949, -33.03788552434721, 0.0 ], [ -68.939172732133287, -33.037316528882954, 0.0 ] ] ] ] } },
{ "type": "Feature", "properties": { "ccpp1": "1104 415", "LAYER_2": "PADRONES_COMPUERTAS" }, "geometry": { "type": "MultiPolygon", "coordinates": [ [ [ [ -68.939024106003885, -33.036596102893469, 0.0 ], [ -68.938674453006698, -33.036639488576668, 0.0 ], [ -68.938778984172458, -33.037185323450572, 0.0 ], [ -68.939118682809749, -33.03714464394897, 0.0 ], [ -68.939024106003885, -33.036596102893469, 0.0 ] ] ] ] } },
{ "type": "Feature", "properties": { "ccpp1": "1104 416", "LAYER_2": "PADRONES_COMPUERTAS" }, "geometry": { "type": "MultiPolygon", "coordinates": [ [ [ [ -68.938674453006698, -33.036639488576668, 0.0 ], [ -68.938583449694235, -33.036650778876947, 0.0 ], [ -68.938343637776129, -33.036680517505189, 0.0 ], [ -68.938441747632865, -33.037225642573041, 0.0 ], [ -68.938778984172458, -33.037185323450572, 0.0 ], [ -68.938674453006698, -33.036639488576668, 0.0 ] ] ] ] } },
{ "type": "Feature", "properties": { "ccpp1": "1104 417", "LAYER_2": "PADRONES_COMPUERTAS" }, "geometry": { "type": "MultiPolygon", "coordinates": [ [ [ [ -68.938343637776129, -33.036680517505189, 0.0 ], [ -68.938016357333282, -33.036721102788135, 0.0 ], [ -68.938103440220715, -33.037266050419476, 0.0 ], [ -68.938441747632865, -33.037225642573041, 0.0 ], [ -68.938343637776129, -33.036680517505189, 0.0 ] ] ] ] } },
{ "type": "Feature", "properties": { "ccpp1": "1104 418", "LAYER_2": "PADRONES_COMPUERTAS" }, "geometry": { "type": "MultiPolygon", "coordinates": [ [ [ [ -68.938016357333282, -33.036721102788135, 0.0 ], [ -68.937601186372078, -33.036772585974404, 0.0 ], [ -68.937850815262195, -33.037296396827927, 0.0 ], [ -68.938103440220715, -33.037266050419476, 0.0 ], [ -68.938016357333282, -33.036721102788135, 0.0 ] ] ] ] } },
{ "type": "Feature", "properties": { "ccpp1": "1104 431", "LAYER_2": "PADRONES_COMPUERTAS" }, "geometry": { "type": "MultiPolygon", "coordinates": [ [ [ [ -68.938851019336312, -33.037354331997555, 0.0 ], [ -68.938515816834254, -33.037393660477029, 0.0 ], [ -68.938602238885139, -33.03796761234112, 0.0 ], [ -68.938938088193154, -33.037926410278097, 0.0 ], [ -68.938851019336312, -33.037354331997555, 0.0 ] ] ] ] } },
{ "type": "Feature", "properties": { "ccpp1": "1104 432", "LAYER_2": "PADRONES_COMPUERTAS" }, "geometry": { "type": "MultiPolygon", "coordinates": [ [ [ [ -68.938515816834254, -33.037393660477029, 0.0 ], [ -68.938139717815773, -33.03743711547466, 0.0 ], [ -68.938110036371683, -33.037477766134835, 0.0 ], [ -68.93835831672979, -33.037997535760773, 0.0 ], [ -68.938602238885139, -33.03796761234112, 0.0 ], [ -68.938515816834254, -33.037393660477029, 0.0 ] ] ] ] } },
{ "type": "Feature", "properties": { "ccpp1": "1104 168", "LAYER_2": "PADRONES_COMPUERTAS" }, "geometry": { "type": "MultiPolygon", "coordinates": [ [ [ [ -68.937069937794121, -33.038975462856932, 0.0 ], [ -68.937359406377226, -33.039580898535661, 0.0 ], [ -68.937531525934332, -33.039558996679844, 0.0 ], [ -68.937230006965649, -33.038939206140896, 0.0 ], [ -68.937069937794121, -33.038975462856932, 0.0 ] ] ] ] } },
{ "type": "Feature", "properties": { "ccpp1": "1104 169", "LAYER_2": "PADRONES_COMPUERTAS" }, "geometry": { "type": "MultiPolygon", "coordinates": [ [ [ [ -68.936855930688338, -33.038635702415007, 0.0 ], [ -68.936689604457115, -33.038287667711153, 0.0 ], [ -68.936410107381946, -33.038322228198574, 0.0 ], [ -68.936692565673098, -33.038899615428697, 0.0 ], [ -68.936777421487747, -33.038870105281156, 0.0 ], [ -68.936690684689552, -33.038693169644723, 0.0 ], [ -68.936855930688338, -33.038635702415007, 0.0 ] ] ] ] } },
{ "type": "Feature", "properties": { "ccpp1": "1104 170", "LAYER_2": "PADRONES_COMPUERTAS" }, "geometry": { "type": "MultiPolygon", "coordinates": [ [ [ [ -68.936410107381946, -33.038322228198574, 0.0 ], [ -68.936089887117859, -33.038361918454676, 0.0 ], [ -68.936415361644592, -33.039055199387981, 0.0 ], [ -68.936566343848739, -33.039002077642486, 0.0 ], [ -68.936716790480901, -33.038949135776271, 0.0 ], [ -68.936410107381946, -33.038322228198574, 0.0 ] ] ] ] } },
{ "type": "Feature", "properties": { "ccpp1": "1104 171", "LAYER_2": "PADRONES_COMPUERTAS" }, "geometry": { "type": "MultiPolygon", "coordinates": [ [ [ [ -68.936089887117859, -33.038361918454676, 0.0 ], [ -68.935729732731275, -33.038406456349087, 0.0 ], [ -68.935960738676854, -33.038866697939618, 0.0 ], [ -68.936124407487128, -33.039192778123358, 0.0 ], [ -68.93642770929425, -33.039081520085055, 0.0 ], [ -68.936415361644592, -33.039055199387981, 0.0 ], [ -68.936089887117859, -33.038361918454676, 0.0 ] ] ] ] } },
{ "type": "Feature", "properties": { "ccpp1": "1104 172", "LAYER_2": "PADRONES_COMPUERTAS" }, "geometry": { "type": "MultiPolygon", "coordinates": [ [ [ [ -68.935729732731275, -33.038406456349087, 0.0 ], [ -68.935424500493667, -33.038444259106519, 0.0 ], [ -68.935397413954092, -33.038447581268308, 0.0 ], [ -68.935646891463747, -33.038972302485696, 0.0 ], [ -68.935960738676854, -33.038866697939618, 0.0 ], [ -68.935729732731275, -33.038406456349087, 0.0 ] ] ] ] } },
{ "type": "Feature", "properties": { "ccpp1": "1104 314", "LAYER_2": "PADRONES_COMPUERTAS" }, "geometry": { "type": "MultiPolygon", "coordinates": [ [ [ [ -68.93754736091995, -33.038867592369321, 0.0 ], [ -68.937394144506086, -33.038902229923721, 0.0 ], [ -68.937698014975766, -33.03953781221022, 0.0 ], [ -68.938069681539844, -33.039494305871294, 0.0 ], [ -68.93774094105224, -33.038824157331739, 0.0 ], [ -68.93754736091995, -33.038867592369321, 0.0 ] ] ] ] } },
{ "type": "Feature", "properties": { "ccpp1": "1104 545", "LAYER_2": "PADRONES_COMPUERTAS" }, "geometry": { "type": "MultiPolygon", "coordinates": [ [ [ [ -68.936544952717171, -33.037616147564243, 0.0 ], [ -68.936826920425816, -33.038178523281935, 0.0 ], [ -68.937124484360965, -33.038141895318034, 0.0 ], [ -68.937117963319182, -33.038129088299591, 0.0 ], [ -68.93684139670934, -33.037577300688142, 0.0 ], [ -68.936544952717171, -33.037616147564243, 0.0 ] ] ] ] } },
{ "type": "Feature", "properties": { "ccpp1": "1104 344", "LAYER_2": "PADRONES_COMPUERTAS" }, "geometry": { "type": "MultiPolygon", "coordinates": [ [ [ [ -68.937917481308261, -33.037436283757984, 0.0 ], [ -68.93684139670934, -33.037577300688142, 0.0 ], [ -68.937117963319182, -33.038129088299591, 0.0 ], [ -68.937124484360965, -33.038141895318034, 0.0 ], [ -68.937386140966609, -33.038109656900751, 0.0 ], [ -68.937405256016561, -33.038136982623257, 0.0 ], [ -68.938205774243571, -33.038041628674435, 0.0 ], [ -68.938194443550856, -33.038017638605702, 0.0 ], [ -68.937917481308261, -33.037436283757984, 0.0 ] ] ] ] } },
{ "type": "Feature", "properties": { "ccpp1": "1104 368", "LAYER_2": "PADRONES_COMPUERTAS" }, "geometry": { "type": "MultiPolygon", "coordinates": [ [ [ [ -68.935826036981723, -33.037710351673283, 0.0 ], [ -68.935659675735863, -33.037732150462396, 0.0 ], [ -68.935119551686753, -33.037802922470156, 0.0 ], [ -68.935238814682862, -33.038053746429213, 0.0 ], [ -68.935951224736854, -33.037960062636209, 0.0 ], [ -68.935826036981723, -33.037710351673283, 0.0 ] ] ] ] } },
{ "type": "Feature", "properties": { "ccpp1": "1104 369", "LAYER_2": "PADRONES_COMPUERTAS" }, "geometry": { "type": "MultiPolygon", "coordinates": [ [ [ [ -68.935951224736854, -33.037960062636209, 0.0 ], [ -68.935238814682862, -33.038053746429213, 0.0 ], [ -68.935382600498258, -33.038356144135143, 0.0 ], [ -68.9361052638518, -33.038267250849451, 0.0 ], [ -68.936102591402445, -33.038261929620461, 0.0 ], [ -68.935951224736854, -33.037960062636209, 0.0 ] ] ] ] } },
{ "type": "Feature", "properties": { "ccpp1": "1104 186", "LAYER_2": "PADRONES_COMPUERTAS" }, "geometry": { "type": "MultiPolygon", "coordinates": [ [ [ [ -68.959738755390404, -33.037586758606189, 0.0 ], [ -68.959525889449822, -33.037675008458791, 0.0 ], [ -68.959684695572719, -33.037951573653523, 0.0 ], [ -68.959997450152215, -33.037913573288549, 0.0 ], [ -68.960001116857413, -33.037913128136701, 0.0 ], [ -68.959802156363182, -33.037560550326276, 0.0 ], [ -68.959738755390404, -33.037586758606189, 0.0 ] ] ] ] } },
{ "type": "Feature", "properties": { "ccpp1": "1104 219", "LAYER_2": "PADRONES_COMPUERTAS" }, "geometry": { "type": "MultiPolygon", "coordinates": [ [ [ [ -68.95876385048382, -33.036905556484264, 0.0 ], [ -68.958933028762445, -33.037217753843173, 0.0 ], [ -68.958968415037376, -33.037283056422325, 0.0 ], [ -68.959352554793796, -33.037991928397624, 0.0 ], [ -68.959684695572719, -33.037951573653523, 0.0 ], [ -68.959525889449822, -33.037675008458791, 0.0 ], [ -68.959365203872778, -33.03739516756707, 0.0 ], [ -68.959250763269921, -33.037195863542074, 0.0 ], [ -68.959062196093569, -33.036867460820716, 0.0 ], [ -68.95876385048382, -33.036905556484264, 0.0 ] ] ] ] } },
{ "type": "Feature", "properties": { "ccpp1": "1104 182", "LAYER_2": "PADRONES_COMPUERTAS" }, "geometry": { "type": "MultiPolygon", "coordinates": [ [ [ [ -68.958383815181676, -33.036954082703062, 0.0 ], [ -68.958587462407166, -33.03733044234162, 0.0 ], [ -68.958973421431054, -33.038043718942852, 0.0 ], [ -68.959230582272625, -33.038006748147382, 0.0 ], [ -68.959352554793796, -33.037991928397624, 0.0 ], [ -68.958968415037376, -33.037283056422325, 0.0 ], [ -68.958933028762445, -33.037217753843173, 0.0 ], [ -68.95876385048382, -33.036905556484264, 0.0 ], [ -68.958383815181676, -33.036954082703062, 0.0 ] ] ] ] } },
{ "type": "Feature", "properties": { "ccpp1": "1104 558", "LAYER_2": "PADRONES_COMPUERTAS" }, "geometry": { "type": "MultiPolygon", "coordinates": [ [ [ [ -68.957598380525027, -33.037054369067114, 0.0 ], [ -68.958021204163543, -33.038180607740316, 0.0 ], [ -68.958536826910787, -33.038106483332932, 0.0 ], [ -68.95823041932951, -33.037483996103042, 0.0 ], [ -68.958186285073793, -33.037394334434879, 0.0 ], [ -68.957813798782524, -33.037469662725762, 0.0 ], [ -68.957654533845442, -33.037047337065495, 0.0 ], [ -68.957598380525027, -33.037054369067114, 0.0 ] ] ] ] } },
{ "type": "Feature", "properties": { "ccpp1": "1104 162", "LAYER_2": "PADRONES_COMPUERTAS" }, "geometry": { "type": "MultiPolygon", "coordinates": [ [ [ [ -68.957044371192353, -33.037125104150292, 0.0 ], [ -68.957697375645736, -33.038227158961561, 0.0 ], [ -68.958021204163543, -33.038180607740316, 0.0 ], [ -68.957598380525027, -33.037054369067114, 0.0 ], [ -68.957044371192353, -33.037125104150292, 0.0 ] ] ] ] } },
{ "type": "Feature", "properties": { "ccpp1": "1104 51", "LAYER_2": "PADRONES_COMPUERTAS" }, "geometry": { "type": "MultiPolygon", "coordinates": [ [ [ [ -68.956583819638055, -33.037183904145934, 0.0 ], [ -68.95658715012776, -33.037190138560078, 0.0 ], [ -68.957180860764609, -33.038301407628936, 0.0 ], [ -68.957697375645736, -33.038227158961561, 0.0 ], [ -68.957044371192353, -33.037125104150292, 0.0 ], [ -68.956583819638055, -33.037183904145934, 0.0 ] ] ] ] } },
{ "type": "Feature", "properties": { "ccpp1": "1104 278", "LAYER_2": "PADRONES_COMPUERTAS" }, "geometry": { "type": "MultiPolygon", "coordinates": [ [ [ [ -68.960588833622651, -33.036647835391662, 0.0 ], [ -68.960754616522578, -33.037245730169765, 0.0 ], [ -68.961024832138392, -33.037209142084428, 0.0 ], [ -68.961077824151801, -33.037201966893988, 0.0 ], [ -68.961104472711142, -33.037198358599419, 0.0 ], [ -68.960922917898003, -33.036591121630678, 0.0 ], [ -68.960588833622651, -33.036647835391662, 0.0 ] ] ] ] } },
{ "type": "Feature", "properties": { "ccpp1": "1104 285", "LAYER_2": "PADRONES_COMPUERTAS" }, "geometry": { "type": "MultiPolygon", "coordinates": [ [ [ [ -68.96021440093142, -33.036711398021033, 0.0 ], [ -68.960405023320405, -33.03729306567687, 0.0 ], [ -68.960754616522578, -33.037245730169765, 0.0 ], [ -68.960588833622651, -33.036647835391662, 0.0 ], [ -68.96021440093142, -33.036711398021033, 0.0 ] ] ] ] } },
{ "type": "Feature", "properties": { "ccpp1": "1104 280", "LAYER_2": "PADRONES_COMPUERTAS" }, "geometry": { "type": "MultiPolygon", "coordinates": [ [ [ [ -68.960754616522578, -33.037245730169765, 0.0 ], [ -68.960405023320405, -33.03729306567687, 0.0 ], [ -68.960511034697376, -33.037616180798516, 0.0 ], [ -68.961203931913133, -33.03753101258345, 0.0 ], [ -68.961104472711142, -33.037198358599419, 0.0 ], [ -68.961077824151801, -33.037201966893988, 0.0 ], [ -68.961024832138392, -33.037209142084428, 0.0 ], [ -68.960754616522578, -33.037245730169765, 0.0 ] ] ] ] } },
{ "type": "Feature", "properties": { "ccpp1": "1104 281", "LAYER_2": "PADRONES_COMPUERTAS" }, "geometry": { "type": "MultiPolygon", "coordinates": [ [ [ [ -68.960511034697376, -33.037616180798516, 0.0 ], [ -68.960645191982294, -33.037929006704985, 0.0 ], [ -68.960659746268902, -33.037953991200347, 0.0 ], [ -68.961305790582998, -33.037871687582495, 0.0 ], [ -68.961203931913133, -33.03753101258345, 0.0 ], [ -68.960511034697376, -33.037616180798516, 0.0 ] ] ] ] } },
{ "type": "Feature", "properties": { "ccpp1": "1104 282", "LAYER_2": "PADRONES_COMPUERTAS" }, "geometry": { "type": "MultiPolygon", "coordinates": [ [ [ [ -68.961305790582998, -33.037871687582495, 0.0 ], [ -68.960659746268902, -33.037953991200347, 0.0 ], [ -68.960765647510399, -33.038135785275237, 0.0 ], [ -68.960768455246793, -33.038141121347842, 0.0 ], [ -68.961789973271451, -33.03801572733061, 0.0 ], [ -68.961795853913145, -33.038015005089186, 0.0 ], [ -68.961734330355995, -33.037817090993116, 0.0 ], [ -68.961729240866433, -33.03781773953726, 0.0 ], [ -68.961305790582998, -33.037871687582495, 0.0 ] ] ] ] } },
{ "type": "Feature", "properties": { "ccpp1": "1104 356", "LAYER_2": "PADRONES_COMPUERTAS" }, "geometry": { "type": "MultiPolygon", "coordinates": [ [ [ [ -68.960768455246793, -33.038141121347842, 0.0 ], [ -68.960873565363016, -33.038340908831245, 0.0 ], [ -68.960879431099102, -33.038340067607791, 0.0 ], [ -68.961676618822338, -33.038225734217235, 0.0 ], [ -68.961846901328443, -33.038201311434733, 0.0 ], [ -68.961853474700703, -33.038200368492973, 0.0 ], [ -68.961795853913145, -33.038015005089186, 0.0 ], [ -68.961789973271451, -33.03801572733061, 0.0 ], [ -68.960768455246793, -33.038141121347842, 0.0 ] ] ] ] } },
{ "type": "Feature", "properties": { "ccpp1": "1104 357", "LAYER_2": "PADRONES_COMPUERTAS" }, "geometry": { "type": "MultiPolygon", "coordinates": [ [ [ [ -68.960873565363016, -33.038340908831245, 0.0 ], [ -68.961108788521585, -33.038788006683504, 0.0 ], [ -68.961197729447846, -33.038957058071666, 0.0 ], [ -68.961217677051465, -33.038994973239781, 0.0 ], [ -68.962068168933229, -33.038944365111888, 0.0 ], [ -68.962085497956537, -33.038943334358635, 0.0 ], [ -68.962026282923659, -33.038756268243041, 0.0 ], [ -68.961853474700703, -33.038200368492973, 0.0 ], [ -68.961846901328443, -33.038201311434733, 0.0 ], [ -68.961676618822338, -33.038225734217235, 0.0 ], [ -68.960879431099102, -33.038340067607791, 0.0 ], [ -68.960873565363016, -33.038340908831245, 0.0 ] ] ] ] } },
{ "type": "Feature", "properties": { "ccpp1": "1104 283", "LAYER_2": "PADRONES_COMPUERTAS" }, "geometry": { "type": "MultiPolygon", "coordinates": [ [ [ [ -68.962074694011662, -33.040715217720162, 0.0 ], [ -68.962639799086148, -33.040694393707568, 0.0 ], [ -68.962638464824195, -33.040690178897528, 0.0 ], [ -68.962085497956537, -33.038943334358635, 0.0 ], [ -68.962068168933229, -33.038944365111888, 0.0 ], [ -68.961217677051465, -33.038994973239781, 0.0 ], [ -68.961197729447846, -33.038957058071666, 0.0 ], [ -68.961114227950247, -33.038970531898045, 0.0 ], [ -68.962074694011662, -33.040715217720162, 0.0 ] ] ] ] } },
{ "type": "Feature", "properties": { "ccpp1": "1104 358", "LAYER_2": "PADRONES_COMPUERTAS" }, "geometry": { "type": "MultiPolygon", "coordinates": [ [ [ [ -68.962924780048908, -33.041602750836091, 0.0 ], [ -68.962927367560496, -33.041602808410261, 0.0 ], [ -68.962765012859663, -33.041089941919388, 0.0 ], [ -68.962763847508185, -33.0410862609506, 0.0 ], [ -68.962762822975535, -33.041086298514998, 0.0 ], [ -68.962288604473088, -33.041103773828993, 0.0 ], [ -68.962338997026677, -33.041195309556848, 0.0 ], [ -68.962228491858156, -33.041199381459279, 0.0 ], [ -68.962251901885253, -33.041241421739976, 0.0 ], [ -68.962447234843353, -33.041592208141445, 0.0 ], [ -68.962924780048908, -33.041602750836091, 0.0 ] ] ] ] } },
{ "type": "Feature", "properties": { "ccpp1": "1104 475", "LAYER_2": "PADRONES_COMPUERTAS" }, "geometry": { "type": "MultiPolygon", "coordinates": [ [ [ [ -68.968141122831867, -33.034808627027147, 0.0 ], [ -68.967630984897227, -33.034966841042021, 0.0 ], [ -68.967704960524372, -33.035136085990125, 0.0 ], [ -68.96795649880606, -33.035057986708395, 0.0 ], [ -68.96821508647534, -33.034977820279053, 0.0 ], [ -68.968141122831867, -33.034808627027147, 0.0 ] ] ] ] } },
{ "type": "Feature", "properties": { "ccpp1": "1104 384", "LAYER_2": "PADRONES_COMPUERTAS" }, "geometry": { "type": "MultiPolygon", "coordinates": [ [ [ [ -68.968141122831867, -33.034808627027147, 0.0 ], [ -68.968088576952994, -33.03468842794463, 0.0 ], [ -68.96804961720035, -33.03467326988612, 0.0 ], [ -68.967596473048928, -33.034813902216818, 0.0 ], [ -68.967578481338251, -33.034846717499384, 0.0 ], [ -68.967630984897227, -33.034966841042021, 0.0 ], [ -68.968141122831867, -33.034808627027147, 0.0 ] ] ] ] } },
{ "type": "Feature", "properties": { "ccpp1": "1104 458", "LAYER_2": "PADRONES_COMPUERTAS" }, "geometry": { "type": "MultiPolygon", "coordinates": [ [ [ [ -68.967316999555422, -33.034736660637101, 0.0 ], [ -68.966786896022441, -33.034901037013782, 0.0 ], [ -68.966858267731851, -33.035064342459222, 0.0 ], [ -68.967388374251684, -33.034899965784746, 0.0 ], [ -68.967316999555422, -33.034736660637101, 0.0 ] ] ] ] } },
{ "type": "Feature", "properties": { "ccpp1": "1104 457", "LAYER_2": "PADRONES_COMPUERTAS" }, "geometry": { "type": "MultiPolygon", "coordinates": [ [ [ [ -68.967388374251684, -33.034899965784746, 0.0 ], [ -68.966858267731851, -33.035064342459222, 0.0 ], [ -68.966929606549144, -33.035227568503828, 0.0 ], [ -68.967459712844303, -33.035063190629131, 0.0 ], [ -68.967388374251684, -33.034899965784746, 0.0 ] ] ] ] } },
{ "type": "Feature", "properties": { "ccpp1": "1104 456", "LAYER_2": "PADRONES_COMPUERTAS" }, "geometry": { "type": "MultiPolygon", "coordinates": [ [ [ [ -68.966929606549144, -33.035227568503828, 0.0 ], [ -68.966996147540073, -33.035379819888263, 0.0 ], [ -68.967210553636519, -33.035381568853424, 0.0 ], [ -68.967304536280238, -33.035382336492965, 0.0 ], [ -68.967600262343112, -33.035384766995953, 0.0 ], [ -68.967459712844303, -33.035063190629131, 0.0 ], [ -68.966929606549144, -33.035227568503828, 0.0 ] ] ] ] } },
{ "type": "Feature", "properties": { "ccpp1": "1104 476", "LAYER_2": "PADRONES_COMPUERTAS" }, "geometry": { "type": "MultiPolygon", "coordinates": [ [ [ [ -68.967960710595065, -33.034361429988628, 0.0 ], [ -68.967430311810418, -33.03452589198794, 0.0 ], [ -68.967482868553702, -33.034645874951991, 0.0 ], [ -68.967521828230176, -33.034660943020292, 0.0 ], [ -68.968023572258431, -33.034505266400807, 0.0 ], [ -68.967960710595065, -33.034361429988628, 0.0 ] ] ] ] } },
{ "type": "Feature", "properties": { "ccpp1": "1104 397", "LAYER_2": "PADRONES_COMPUERTAS" }, "geometry": { "type": "MultiPolygon", "coordinates": [ [ [ [ -68.967960710595065, -33.034361429988628, 0.0 ], [ -68.967889318166911, -33.034198074655862, 0.0 ], [ -68.967358808857199, -33.034362652643068, 0.0 ], [ -68.967430311810418, -33.03452589198794, 0.0 ], [ -68.967960710595065, -33.034361429988628, 0.0 ] ] ] ] } },
{ "type": "Feature", "properties": { "ccpp1": "1104 393", "LAYER_2": "PADRONES_COMPUERTAS" }, "geometry": { "type": "MultiPolygon", "coordinates": [ [ [ [ -68.967889318166911, -33.034198074655862, 0.0 ], [ -68.967817947392959, -33.034034769777257, 0.0 ], [ -68.967287338252817, -33.034199490805342, 0.0 ], [ -68.967358808857199, -33.034362652643068, 0.0 ], [ -68.967889318166911, -33.034198074655862, 0.0 ] ] ] ] } },
{ "type": "Feature", "properties": { "ccpp1": "1104 477", "LAYER_2": "PADRONES_COMPUERTAS" }, "geometry": { "type": "MultiPolygon", "coordinates": [ [ [ [ -68.967817947392959, -33.034034769777257, 0.0 ], [ -68.967746560839274, -33.033871426077681, 0.0 ], [ -68.967215813365655, -33.034036199969108, 0.0 ], [ -68.967287338252817, -33.034199490805342, 0.0 ], [ -68.967817947392959, -33.034034769777257, 0.0 ] ] ] ] } },
{ "type": "Feature", "properties": { "ccpp1": "1104 441", "LAYER_2": "PADRONES_COMPUERTAS" }, "geometry": { "type": "MultiPolygon", "coordinates": [ [ [ [ -68.967746560839274, -33.033871426077681, 0.0 ], [ -68.967675206634951, -33.0337081580819, 0.0 ], [ -68.967376327472891, -33.033800956127884, 0.0 ], [ -68.967144321896683, -33.033872989345319, 0.0 ], [ -68.967215813365655, -33.034036199969108, 0.0 ], [ -68.967746560839274, -33.033871426077681, 0.0 ] ] ] ] } },
{ "type": "Feature", "properties": { "ccpp1": "1104 374", "LAYER_2": "PADRONES_COMPUERTAS" }, "geometry": { "type": "MultiPolygon", "coordinates": [ [ [ [ -68.966960120396109, -33.033920108073794, 0.0 ], [ -68.966430025375161, -33.034084481156349, 0.0 ], [ -68.966501396839604, -33.034247786826768, 0.0 ], [ -68.967031492706738, -33.034083412544184, 0.0 ], [ -68.966960120396109, -33.033920108073794, 0.0 ] ] ] ] } },
{ "type": "Feature", "properties": { "ccpp1": "1104 387", "LAYER_2": "PADRONES_COMPUERTAS" }, "geometry": { "type": "MultiPolygon", "coordinates": [ [ [ [ -68.967031492706738, -33.034083412544184, 0.0 ], [ -68.966501396839604, -33.034247786826768, 0.0 ], [ -68.966572746106323, -33.034411041952609, 0.0 ], [ -68.967102866350928, -33.034246716969903, 0.0 ], [ -68.967031492706738, -33.034083412544184, 0.0 ] ] ] ] } },
{ "type": "Feature", "properties": { "ccpp1": "1104 371", "LAYER_2": "PADRONES_COMPUERTAS" }, "geometry": { "type": "MultiPolygon", "coordinates": [ [ [ [ -68.967102866350928, -33.034246716969903, 0.0 ], [ -68.966572746106323, -33.034411041952609, 0.0 ], [ -68.966644118096823, -33.03457434753318, 0.0 ], [ -68.967174216725923, -33.034409972654224, 0.0 ], [ -68.967102866350928, -33.034246716969903, 0.0 ] ] ] ] } },
{ "type": "Feature", "properties": { "ccpp1": "1104 503", "LAYER_2": "PADRONES_COMPUERTAS" }, "geometry": { "type": "MultiPolygon", "coordinates": [ [ [ [ -68.967174216725923, -33.034409972654224, 0.0 ], [ -68.966644118096823, -33.03457434753318, 0.0 ], [ -68.966715523505286, -33.03473773242478, 0.0 ], [ -68.967245626192394, -33.034573356346478, 0.0 ], [ -68.967174216725923, -33.034409972654224, 0.0 ] ] ] ] } },
{ "type": "Feature", "properties": { "ccpp1": "1104 459", "LAYER_2": "PADRONES_COMPUERTAS" }, "geometry": { "type": "MultiPolygon", "coordinates": [ [ [ [ -68.967245626192394, -33.034573356346478, 0.0 ], [ -68.966715523505286, -33.03473773242478, 0.0 ], [ -68.966786896022441, -33.034901037013782, 0.0 ], [ -68.967316999555422, -33.034736660637101, 0.0 ], [ -68.967245626192394, -33.034573356346478, 0.0 ] ] ] ] } },
{ "type": "Feature", "properties": { "ccpp1": "1104 375", "LAYER_2": "PADRONES_COMPUERTAS" }, "geometry": { "type": "MultiPolygon", "coordinates": [ [ [ [ -68.967675206634951, -33.0337081580819, 0.0 ], [ -68.967598701387388, -33.033542664278606, 0.0 ], [ -68.967067625911227, -33.03370743025048, 0.0 ], [ -68.967144321896683, -33.033872989345319, 0.0 ], [ -68.967376327472891, -33.033800956127884, 0.0 ], [ -68.967675206634951, -33.0337081580819, 0.0 ] ] ] ] } },
{ "type": "Feature", "properties": { "ccpp1": "1104 478", "LAYER_2": "PADRONES_COMPUERTAS" }, "geometry": { "type": "MultiPolygon", "coordinates": [ [ [ [ -68.967527331676976, -33.033379359217264, 0.0 ], [ -68.967017548837973, -33.033537428391277, 0.0 ], [ -68.967031868648618, -33.033625796041022, 0.0 ], [ -68.967067625911227, -33.03370743025048, 0.0 ], [ -68.967598701387388, -33.033542664278606, 0.0 ], [ -68.967527331676976, -33.033379359217264, 0.0 ] ] ] ] } },
{ "type": "Feature", "properties": { "ccpp1": "1104 440", "LAYER_2": "PADRONES_COMPUERTAS" }, "geometry": { "type": "MultiPolygon", "coordinates": [ [ [ [ -68.967455961159487, -33.033216053209024, 0.0 ], [ -68.966946080652519, -33.033374120266672, 0.0 ], [ -68.967017548837973, -33.033537428391277, 0.0 ], [ -68.967527331676976, -33.033379359217264, 0.0 ], [ -68.967455961159487, -33.033216053209024, 0.0 ] ] ] ] } },
{ "type": "Feature", "properties": { "ccpp1": "1104 480", "LAYER_2": "PADRONES_COMPUERTAS" }, "geometry": { "type": "MultiPolygon", "coordinates": [ [ [ [ -68.967313211290332, -33.032889412201719, 0.0 ], [ -68.966803179297017, -33.033047582336927, 0.0 ], [ -68.966874646955404, -33.033210891453272, 0.0 ], [ -68.967384593045978, -33.033052747156425, 0.0 ], [ -68.967313211290332, -33.032889412201719, 0.0 ] ] ] ] } },
{ "type": "Feature", "properties": { "ccpp1": "1104 505", "LAYER_2": "PADRONES_COMPUERTAS" }, "geometry": { "type": "MultiPolygon", "coordinates": [ [ [ [ -68.967241842632532, -33.032726106058952, 0.0 ], [ -68.96673171190173, -33.032884274077233, 0.0 ], [ -68.966803179297017, -33.033047582336927, 0.0 ], [ -68.967313211290332, -33.032889412201719, 0.0 ], [ -68.967241842632532, -33.032726106058952, 0.0 ] ] ] ] } },
{ "type": "Feature", "properties": { "ccpp1": "1104 463", "LAYER_2": "PADRONES_COMPUERTAS" }, "geometry": { "type": "MultiPolygon", "coordinates": [ [ [ [ -68.966001790347946, -33.033104620038486, 0.0 ], [ -68.966073173068722, -33.033267953933837, 0.0 ], [ -68.966583024525221, -33.033109947238316, 0.0 ], [ -68.96651153287506, -33.032946613600942, 0.0 ], [ -68.966001790347946, -33.033104620038486, 0.0 ] ] ] ] } },
{ "type": "Feature", "properties": { "ccpp1": "1104 462", "LAYER_2": "PADRONES_COMPUERTAS" }, "geometry": { "type": "MultiPolygon", "coordinates": [ [ [ [ -68.966583024525221, -33.033109947238316, 0.0 ], [ -68.966073173068722, -33.033267953933837, 0.0 ], [ -68.966144543217837, -33.033431259828923, 0.0 ], [ -68.966654490769727, -33.033273223116737, 0.0 ], [ -68.966583024525221, -33.033109947238316, 0.0 ] ] ] ] } },
{ "type": "Feature", "properties": { "ccpp1": "1104 394", "LAYER_2": "PADRONES_COMPUERTAS" }, "geometry": { "type": "MultiPolygon", "coordinates": [ [ [ [ -68.966144543217837, -33.033431259828923, 0.0 ], [ -68.966215913630009, -33.033594565679103, 0.0 ], [ -68.966725935887439, -33.03343644845075, 0.0 ], [ -68.966654490769727, -33.033273223116737, 0.0 ], [ -68.966144543217837, -33.033431259828923, 0.0 ] ] ] ] } },
{ "type": "Feature", "properties": { "ccpp1": "1104 461", "LAYER_2": "PADRONES_COMPUERTAS" }, "geometry": { "type": "MultiPolygon", "coordinates": [ [ [ [ -68.966215913630009, -33.033594565679103, 0.0 ], [ -68.966287284305594, -33.033757870582654, 0.0 ], [ -68.966797415493303, -33.033599753096034, 0.0 ], [ -68.966725935887439, -33.03343644845075, 0.0 ], [ -68.966215913630009, -33.033594565679103, 0.0 ] ] ] ] } },
{ "type": "Feature", "properties": { "ccpp1": "1104 460", "LAYER_2": "PADRONES_COMPUERTAS" }, "geometry": { "type": "MultiPolygon", "coordinates": [ [ [ [ -68.966797415493303, -33.033599753096034, 0.0 ], [ -68.966287284305594, -33.033757870582654, 0.0 ], [ -68.96635861994875, -33.033921096986276, 0.0 ], [ -68.966888713052981, -33.033756724201936, 0.0 ], [ -68.966879164142554, -33.033734876858396, 0.0 ], [ -68.966822453524415, -33.033656957324865, 0.0 ], [ -68.966797415493303, -33.033599753096034, 0.0 ] ] ] ] } },
{ "type": "Feature", "properties": { "ccpp1": "1104 392", "LAYER_2": "PADRONES_COMPUERTAS" }, "geometry": { "type": "MultiPolygon", "coordinates": [ [ [ [ -68.966888713052981, -33.033756724201936, 0.0 ], [ -68.96635861994875, -33.033921096986276, 0.0 ], [ -68.966430025375161, -33.034084481156349, 0.0 ], [ -68.966960120396109, -33.033920108073794, 0.0 ], [ -68.966888713052981, -33.033756724201936, 0.0 ] ] ] ] } },
{ "type": "Feature", "properties": { "ccpp1": "1104 87", "LAYER_2": "PADRONES_COMPUERTAS" }, "geometry": { "type": "MultiPolygon", "coordinates": [ [ [ [ -68.969370980273268, -33.034057201130899, 0.0 ], [ -68.967348653877792, -33.029481836306573, 0.0 ], [ -68.967000946255084, -33.029243040518402, 0.0 ], [ -68.966917616369955, -33.029268143565155, 0.0 ], [ -68.96650794630996, -33.029390998098066, 0.0 ], [ -68.966273797543366, -33.029461215011246, 0.0 ], [ -68.965866593281973, -33.029583327827289, 0.0 ], [ -68.965902784040864, -33.029663554128376, 0.0 ], [ -68.965929115729551, -33.029723159178054, 0.0 ], [ -68.966008941143684, -33.029906082537046, 0.0 ], [ -68.966037094510426, -33.029966504973238, 0.0 ], [ -68.966136670575764, -33.030194415357826, 0.0 ], [ -68.966226035683576, -33.030398952440663, 0.0 ], [ -68.966308032401912, -33.030586623482463, 0.0 ], [ -68.966383922641782, -33.0307603196012, 0.0 ], [ -68.966457883800743, -33.030929598758732, 0.0 ], [ -68.966529248485614, -33.03109293424837, 0.0 ], [ -68.966600613433243, -33.031256270594746, 0.0 ], [ -68.966671966880057, -33.031419578039539, 0.0 ], [ -68.966743319519708, -33.03158288453745, 0.0 ], [ -68.966814685256466, -33.031746220749071, 0.0 ], [ -68.966886038422174, -33.03190952715714, 0.0 ], [ -68.966957392920961, -33.032072834422266, 0.0 ], [ -68.967028746612627, -33.032236140740515, 0.0 ], [ -68.967100100567293, -33.032399447013852, 0.0 ], [ -68.967171454784619, -33.032562754143939, 0.0 ], [ -68.967242810335733, -33.032726060327718, 0.0 ], [ -68.967314165079415, -33.032889366466286, 0.0 ], [ -68.967385532920574, -33.033052702318479, 0.0 ], [ -68.967456888189986, -33.03321600926887, 0.0 ], [ -68.967528244793186, -33.033379315272953, 0.0 ], [ -68.967599600588954, -33.033542621231838, 0.0 ], [ -68.967676091921845, -33.033708115932662, 0.0 ], [ -68.967747432211411, -33.033871384825993, 0.0 ], [ -68.967818805921098, -33.034034728521775, 0.0 ], [ -68.967890162780193, -33.034198034297951, 0.0 ], [ -68.967961542363909, -33.034361390528616, 0.0 ], [ -68.967996340220381, -33.03444102701296, 0.0 ], [ -68.968021872911123, -33.034459261759729, 0.0 ], [ -68.968115941098517, -33.034430841687936, 0.0 ], [ -68.96836795455323, -33.034355429572713, 0.0 ], [ -68.968616010708743, -33.034281200749184, 0.0 ], [ -68.968777347303927, -33.03423291160442, 0.0 ], [ -68.969029051314735, -33.034157565699189, 0.0 ], [ -68.969281161716992, -33.034082096757771, 0.0 ], [ -68.969370980273268, -33.034057201130899, 0.0 ] ] ] ] } },
{ "type": "Feature", "properties": { "ccpp1": "1104 506", "LAYER_2": "PADRONES_COMPUERTAS" }, "geometry": { "type": "MultiPolygon", "coordinates": [ [ [ [ -68.967170473167016, -33.032562800772624, 0.0 ], [ -68.966660244769869, -33.032720965772462, 0.0 ], [ -68.96673171190173, -33.032884274077233, 0.0 ], [ -68.967241842632532, -33.032726106058952, 0.0 ], [ -68.967170473167016, -33.032562800772624, 0.0 ] ] ] ] } },
{ "type": "Feature", "properties": { "ccpp1": "1104 481", "LAYER_2": "PADRONES_COMPUERTAS" }, "geometry": { "type": "MultiPolygon", "coordinates": [ [ [ [ -68.967099105035331, -33.032399494539987, 0.0 ], [ -68.966588812125806, -33.03255773677899, 0.0 ], [ -68.966660244769869, -33.032720965772462, 0.0 ], [ -68.967170473167016, -33.032562800772624, 0.0 ], [ -68.967099105035331, -33.032399494539987, 0.0 ] ] ] ] } },
{ "type": "Feature", "properties": { "ccpp1": "1104 482", "LAYER_2": "PADRONES_COMPUERTAS" }, "geometry": { "type": "MultiPolygon", "coordinates": [ [ [ [ -68.967027736095915, -33.032236189163818, 0.0 ], [ -68.96651734552097, -33.032394427482487, 0.0 ], [ -68.966588812125806, -33.03255773677899, 0.0 ], [ -68.967099105035331, -33.032399494539987, 0.0 ], [ -68.967027736095915, -33.032236189163818, 0.0 ] ] ] ] } },
{ "type": "Feature", "properties": { "ccpp1": "1104 372", "LAYER_2": "PADRONES_COMPUERTAS" }, "geometry": { "type": "MultiPolygon", "coordinates": [ [ [ [ -68.96695636849033, -33.032072882841298, 0.0 ], [ -68.966445879179233, -33.032231119042621, 0.0 ], [ -68.96651734552097, -33.032394427482487, 0.0 ], [ -68.967027736095915, -33.032236189163818, 0.0 ], [ -68.96695636849033, -33.032072882841298, 0.0 ] ] ] ] } },
{ "type": "Feature", "properties": { "ccpp1": "1104 483", "LAYER_2": "PADRONES_COMPUERTAS" }, "geometry": { "type": "MultiPolygon", "coordinates": [ [ [ [ -68.96695636849033, -33.032072882841298, 0.0 ], [ -68.96688500007734, -33.031909576473566, 0.0 ], [ -68.96635516529571, -33.032073962889676, 0.0 ], [ -68.966390774712536, -33.032155453907208, 0.0 ], [ -68.966445879179233, -33.032231119042621, 0.0 ], [ -68.96695636849033, -33.032072882841298, 0.0 ] ] ] ] } },
{ "type": "Feature", "properties": { "ccpp1": "1104 484", "LAYER_2": "PADRONES_COMPUERTAS" }, "geometry": { "type": "MultiPolygon", "coordinates": [ [ [ [ -68.96688500007734, -33.031909576473566, 0.0 ], [ -68.966813632997514, -33.03174627096287, 0.0 ], [ -68.966283827944835, -33.031910704877234, 0.0 ], [ -68.96635516529571, -33.032073962889676, 0.0 ], [ -68.96688500007734, -33.031909576473566, 0.0 ] ] ] ] } },
{ "type": "Feature", "properties": { "ccpp1": "1104 485", "LAYER_2": "PADRONES_COMPUERTAS" }, "geometry": { "type": "MultiPolygon", "coordinates": [ [ [ [ -68.966813632997514, -33.03174627096287, 0.0 ], [ -68.966742252276219, -33.031582935648352, 0.0 ], [ -68.966212468396904, -33.031747396320156, 0.0 ], [ -68.966283827944835, -33.031910704877234, 0.0 ], [ -68.966813632997514, -33.03174627096287, 0.0 ] ] ] ] } },
{ "type": "Feature", "properties": { "ccpp1": "1104 465", "LAYER_2": "PADRONES_COMPUERTAS" }, "geometry": { "type": "MultiPolygon", "coordinates": [ [ [ [ -68.966032265797182, -33.031797051183489, 0.0 ], [ -68.965502193535599, -33.031961450145914, 0.0 ], [ -68.965573562651031, -33.032124755499069, 0.0 ], [ -68.966103614346792, -33.031960363445911, 0.0 ], [ -68.966032265797182, -33.031797051183489, 0.0 ] ] ] ] } },
{ "type": "Feature", "properties": { "ccpp1": "1104 464", "LAYER_2": "PADRONES_COMPUERTAS" }, "geometry": { "type": "MultiPolygon", "coordinates": [ [ [ [ -68.966103614346792, -33.031960363445911, 0.0 ], [ -68.965573562651031, -33.032124755499069, 0.0 ], [ -68.965644966252583, -33.032288141065564, 0.0 ], [ -68.966174995242341, -33.032123755019263, 0.0 ], [ -68.966103614346792, -33.031960363445911, 0.0 ] ] ] ] } },
{ "type": "Feature", "properties": { "ccpp1": "1104 388", "LAYER_2": "PADRONES_COMPUERTAS" }, "geometry": { "type": "MultiPolygon", "coordinates": [ [ [ [ -68.966174995242341, -33.032123755019263, 0.0 ], [ -68.965644966252583, -33.032288141065564, 0.0 ], [ -68.965716334823426, -33.032451447230244, 0.0 ], [ -68.966246307953185, -33.032286987834851, 0.0 ], [ -68.966174995242341, -33.032123755019263, 0.0 ] ] ] ] } },
{ "type": "Feature", "properties": { "ccpp1": "1104 398", "LAYER_2": "PADRONES_COMPUERTAS" }, "geometry": { "type": "MultiPolygon", "coordinates": [ [ [ [ -68.965716334823426, -33.032451447230244, 0.0 ], [ -68.965787682267873, -33.032614702850481, 0.0 ], [ -68.966297132233365, -33.032456777444068, 0.0 ], [ -68.966250680000826, -33.032350647080143, 0.0 ], [ -68.966246307953185, -33.032286987834851, 0.0 ], [ -68.965716334823426, -33.032451447230244, 0.0 ] ] ] ] } },
{ "type": "Feature", "properties": { "ccpp1": "1104 379", "LAYER_2": "PADRONES_COMPUERTAS" }, "geometry": { "type": "MultiPolygon", "coordinates": [ [ [ [ -68.966440054322916, -33.032783308775471, 0.0 ], [ -68.965930454948918, -33.032941393410013, 0.0 ], [ -68.966001790347946, -33.033104620038486, 0.0 ], [ -68.96651153287506, -33.032946613600942, 0.0 ], [ -68.966440054322916, -33.032783308775471, 0.0 ] ] ] ] } },
{ "type": "Feature", "properties": { "ccpp1": "1104 507", "LAYER_2": "PADRONES_COMPUERTAS" }, "geometry": { "type": "MultiPolygon", "coordinates": [ [ [ [ -68.966742252276219, -33.031582935648352, 0.0 ], [ -68.966670885722493, -33.031419630047765, 0.0 ], [ -68.966141072747504, -33.031584008361122, 0.0 ], [ -68.966212468396904, -33.031747396320156, 0.0 ], [ -68.966742252276219, -33.031582935648352, 0.0 ] ] ] ] } },
{ "type": "Feature", "properties": { "ccpp1": "1104 377", "LAYER_2": "PADRONES_COMPUERTAS" }, "geometry": { "type": "MultiPolygon", "coordinates": [ [ [ [ -68.966670885722493, -33.031419630047765, 0.0 ], [ -68.966599517291613, -33.03125632259836, 0.0 ], [ -68.966069713725716, -33.031420699714218, 0.0 ], [ -68.966141072747504, -33.031584008361122, 0.0 ], [ -68.966670885722493, -33.031419630047765, 0.0 ] ] ] ] } },
{ "type": "Feature", "properties": { "ccpp1": "1104 486", "LAYER_2": "PADRONES_COMPUERTAS" }, "geometry": { "type": "MultiPolygon", "coordinates": [ [ [ [ -68.966599517291613, -33.03125632259836, 0.0 ], [ -68.96652813843005, -33.031092987149286, 0.0 ], [ -68.965998306839055, -33.031257282808554, 0.0 ], [ -68.966069713725716, -33.031420699714218, 0.0 ], [ -68.966599517291613, -33.03125632259836, 0.0 ] ] ] ] } },
{ "type": "Feature", "properties": { "ccpp1": "1104 487", "LAYER_2": "PADRONES_COMPUERTAS" }, "geometry": { "type": "MultiPolygon", "coordinates": [ [ [ [ -68.96652813843005, -33.031092987149286, 0.0 ], [ -68.966456758760827, -33.030929652556672, 0.0 ], [ -68.965926961177502, -33.031094002928803, 0.0 ], [ -68.965998306839055, -33.031257282808554, 0.0 ], [ -68.96652813843005, -33.031092987149286, 0.0 ] ] ] ] } },
{ "type": "Feature", "properties": { "ccpp1": "1104 488", "LAYER_2": "PADRONES_COMPUERTAS" }, "geometry": { "type": "MultiPolygon", "coordinates": [ [ [ [ -68.9663827826177, -33.030760374296115, 0.0 ], [ -68.96587767724732, -33.030916956893357, 0.0 ], [ -68.965905552182249, -33.031045008314912, 0.0 ], [ -68.965926961177502, -33.031094002928803, 0.0 ], [ -68.966456758760827, -33.030929652556672, 0.0 ], [ -68.9663827826177, -33.030760374296115, 0.0 ] ] ] ] } },
{ "type": "Feature", "properties": { "ccpp1": "1104 489", "LAYER_2": "PADRONES_COMPUERTAS" }, "geometry": { "type": "MultiPolygon", "coordinates": [ [ [ [ -68.966306877394075, -33.030586678172632, 0.0 ], [ -68.96583747580388, -33.030732286974299, 0.0 ], [ -68.96587767724732, -33.030916956893357, 0.0 ], [ -68.9663827826177, -33.030760374296115, 0.0 ], [ -68.966306877394075, -33.030586678172632, 0.0 ] ] ] ] } },
{ "type": "Feature", "properties": { "ccpp1": "1104 490", "LAYER_2": "PADRONES_COMPUERTAS" }, "geometry": { "type": "MultiPolygon", "coordinates": [ [ [ [ -68.966224850703227, -33.03039901523703, 0.0 ], [ -68.96579399522038, -33.030532549190042, 0.0 ], [ -68.96583747580388, -33.030732286974299, 0.0 ], [ -68.96630687311135, -33.030586680876468, 0.0 ], [ -68.966224850703227, -33.03039901523703, 0.0 ] ] ] ] } },
{ "type": "Feature", "properties": { "ccpp1": "1104 396", "LAYER_2": "PADRONES_COMPUERTAS" }, "geometry": { "type": "MultiPolygon", "coordinates": [ [ [ [ -68.965960919651749, -33.031633737975078, 0.0 ], [ -68.965430825753984, -33.031798143846444, 0.0 ], [ -68.965502193535599, -33.031961450145914, 0.0 ], [ -68.966032265797182, -33.031797051183489, 0.0 ], [ -68.965960919651749, -33.031633737975078, 0.0 ] ] ] ] } },
{ "type": "Feature", "properties": { "ccpp1": "1104 504", "LAYER_2": "PADRONES_COMPUERTAS" }, "geometry": { "type": "MultiPolygon", "coordinates": [ [ [ [ -68.965889573768948, -33.031470425623453, 0.0 ], [ -68.965359444330673, -33.03163480954634, 0.0 ], [ -68.965430825753984, -33.031798143846444, 0.0 ], [ -68.965960919651749, -33.031633737975078, 0.0 ], [ -68.965889573768948, -33.031470425623453, 0.0 ] ] ] ] } },
{ "type": "Feature", "properties": { "ccpp1": "1104 466", "LAYER_2": "PADRONES_COMPUERTAS" }, "geometry": { "type": "MultiPolygon", "coordinates": [ [ [ [ -68.965818227078671, -33.031307113226617, 0.0 ], [ -68.965288077075513, -33.031471502255343, 0.0 ], [ -68.965359444330673, -33.03163480954634, 0.0 ], [ -68.965889573768948, -33.031470425623453, 0.0 ], [ -68.965818227078671, -33.031307113226617, 0.0 ] ] ] ] } },
{ "type": "Feature", "properties": { "ccpp1": "1104 467", "LAYER_2": "PADRONES_COMPUERTAS" }, "geometry": { "type": "MultiPolygon", "coordinates": [ [ [ [ -68.965738741143795, -33.031146452172322, 0.0 ], [ -68.965216744305337, -33.031308276079486, 0.0 ], [ -68.965288077075513, -33.031471502255343, 0.0 ], [ -68.965818227078671, -33.031307113226617, 0.0 ], [ -68.965766542041379, -33.031188805045218, 0.0 ], [ -68.965738741143795, -33.031146452172322, 0.0 ] ] ] ] } },
{ "type": "Feature", "properties": { "ccpp1": "1104 491", "LAYER_2": "PADRONES_COMPUERTAS" }, "geometry": { "type": "MultiPolygon", "coordinates": [ [ [ [ -68.966135457765162, -33.030194483555803, 0.0 ], [ -68.965746644638244, -33.030315056389284, 0.0 ], [ -68.96579399522038, -33.030532549190042, 0.0 ], [ -68.966224850703227, -33.03039901523703, 0.0 ], [ -68.966135457765162, -33.030194483555803, 0.0 ] ] ] ] } },
{ "type": "Feature", "properties": { "ccpp1": "1104 613", "LAYER_2": "PADRONES_COMPUERTAS" }, "geometry": { "type": "MultiPolygon", "coordinates": [ [ [ [ -68.965267272488333, -33.030428171250179, 0.0 ], [ -68.964885583131363, -33.030604995120044, 0.0 ], [ -68.964956940475233, -33.03071127458, 0.0 ], [ -68.965024743149129, -33.030868927594327, 0.0 ], [ -68.965466654920192, -33.030731931533431, 0.0 ], [ -68.965267272488333, -33.030428171250179, 0.0 ] ] ] ] } },
{ "type": "Feature", "properties": { "ccpp1": "1104 492", "LAYER_2": "PADRONES_COMPUERTAS" }, "geometry": { "type": "MultiPolygon", "coordinates": [ [ [ [ -68.966044903115247, -33.029065110328673, 0.0 ], [ -68.96590759602249, -33.029203595070754, 0.0 ], [ -68.966273797543366, -33.029461215011246, 0.0 ], [ -68.96650794630996, -33.029390998098066, 0.0 ], [ -68.966343703867949, -33.029275373894045, 0.0 ], [ -68.966044903115247, -33.029065110328673, 0.0 ] ] ] ] } },
{ "type": "Feature", "properties": { "ccpp1": "1104 376", "LAYER_2": "PADRONES_COMPUERTAS" }, "geometry": { "type": "MultiPolygon", "coordinates": [ [ [ [ -68.966583809540339, -33.029033281584859, 0.0 ], [ -68.966308153486182, -33.028839331589573, 0.0 ], [ -68.966265553448238, -33.028842565201003, 0.0 ], [ -68.966044903115247, -33.029065110328673, 0.0 ], [ -68.966343703867949, -33.029275373894045, 0.0 ], [ -68.966583809540339, -33.029033281584859, 0.0 ] ] ] ] } },
{ "type": "Feature", "properties": { "ccpp1": "1104 493", "LAYER_2": "PADRONES_COMPUERTAS" }, "geometry": { "type": "MultiPolygon", "coordinates": [ [ [ [ -68.966343703867949, -33.029275373894045, 0.0 ], [ -68.96650794630996, -33.029390998098066, 0.0 ], [ -68.966917616369955, -33.029268143565155, 0.0 ], [ -68.966583809540339, -33.029033281584859, 0.0 ], [ -68.966343703867949, -33.029275373894045, 0.0 ] ] ] ] } },
{ "type": "Feature", "properties": { "ccpp1": "1104 386", "LAYER_2": "PADRONES_COMPUERTAS" }, "geometry": { "type": "MultiPolygon", "coordinates": [ [ [ [ -68.965941139482013, -33.028649488445247, 0.0 ], [ -68.96559906443656, -33.028996075173914, 0.0 ], [ -68.965738691680187, -33.029094397720328, 0.0 ], [ -68.966061464006174, -33.028767376174031, 0.0 ], [ -68.966057511959065, -33.028731399256408, 0.0 ], [ -68.965941139482013, -33.028649488445247, 0.0 ] ] ] ] } },
{ "type": "Feature", "properties": { "ccpp1": "1104 455", "LAYER_2": "PADRONES_COMPUERTAS" }, "geometry": { "type": "MultiPolygon", "coordinates": [ [ [ [ -68.965941139482013, -33.028649488445247, 0.0 ], [ -68.965776955862395, -33.02853392571383, 0.0 ], [ -68.965434873121723, -33.028880530030101, 0.0 ], [ -68.96559906443656, -33.028996075173914, 0.0 ], [ -68.965941139482013, -33.028649488445247, 0.0 ] ] ] ] } },
{ "type": "Feature", "properties": { "ccpp1": "1104 380", "LAYER_2": "PADRONES_COMPUERTAS" }, "geometry": { "type": "MultiPolygon", "coordinates": [ [ [ [ -68.963631204165807, -33.028071010393468, 0.0 ], [ -68.963256922932104, -33.028267243624988, 0.0 ], [ -68.963399311402682, -33.028458448225216, 0.0 ], [ -68.963774923862516, -33.028261649610435, 0.0 ], [ -68.963631204165807, -33.028071010393468, 0.0 ] ] ] ] } },
{ "type": "Feature", "properties": { "ccpp1": "1104 472", "LAYER_2": "PADRONES_COMPUERTAS" }, "geometry": { "type": "MultiPolygon", "coordinates": [ [ [ [ -68.963344306877175, -33.027690449337129, 0.0 ], [ -68.962972537236993, -33.027885360613318, 0.0 ], [ -68.963114737265556, -33.02807631482851, 0.0 ], [ -68.963487786772049, -33.027880773239978, 0.0 ], [ -68.963344306877175, -33.027690449337129, 0.0 ] ] ] ] } },
{ "type": "Feature", "properties": { "ccpp1": "1104 92", "LAYER_2": "PADRONES_COMPUERTAS" }, "geometry": { "type": "MultiPolygon", "coordinates": [ [ [ [ -68.949210935983899, -33.024591728189108, 0.0 ], [ -68.949713531520786, -33.025480676781449, 0.0 ], [ -68.950145986289598, -33.026262626144536, 0.0 ], [ -68.95040997758727, -33.026739958016329, 0.0 ], [ -68.95041751397423, -33.026753585290059, 0.0 ], [ -68.952344241663155, -33.026370479298585, 0.0 ], [ -68.952567002418732, -33.026326183818064, 0.0 ], [ -68.952701754085965, -33.026299388548871, 0.0 ], [ -68.952704968753352, -33.026298749579333, 0.0 ], [ -68.951067487812097, -33.023446507065827, 0.0 ], [ -68.951016926699538, -33.023358433404134, 0.0 ], [ -68.951005392587206, -33.023354871774558, 0.0 ], [ -68.950802040071295, -33.023292072267857, 0.0 ], [ -68.950575379974154, -33.023222075059671, 0.0 ], [ -68.950018067253595, -33.023049962568393, 0.0 ], [ -68.949715079314529, -33.022956390506913, 0.0 ], [ -68.948980995856758, -33.022729680532564, 0.0 ], [ -68.948881158425948, -33.022698846624095, 0.0 ], [ -68.94796961651474, -33.022409451074161, 0.0 ], [ -68.948089559961062, -33.022620046317513, 0.0 ], [ -68.94899318082571, -33.024206576171785, 0.0 ], [ -68.949210935983899, -33.024591728189108, 0.0 ] ] ] ] } },
{ "type": "Feature", "properties": { "ccpp1": "1104 34", "LAYER_2": "PADRONES_COMPUERTAS" }, "geometry": { "type": "MultiPolygon", "coordinates": [ [ [ [ -68.938677951398205, -33.018984638953469, 0.0 ], [ -68.935376335906525, -33.020027149409145, 0.0 ], [ -68.935704758427761, -33.020734729043447, 0.0 ], [ -68.939145306828195, -33.019646419617615, 0.0 ], [ -68.939291364213418, -33.019949231382462, 0.0 ], [ -68.939616771249604, -33.019845685020222, 0.0 ], [ -68.941552964177376, -33.019773120336204, 0.0 ], [ -68.941469184548765, -33.019622975800701, 0.0 ], [ -68.94125187101956, -33.019220427731902, 0.0 ], [ -68.941233633341966, -33.019186554072142, 0.0 ], [ -68.941134547084076, -33.019051694482599, 0.0 ], [ -68.941131701146546, -33.019052659090562, 0.0 ], [ -68.940996883903921, -33.019098354227737, 0.0 ], [ -68.940641459075621, -33.019421657645786, 0.0 ], [ -68.94004853056596, -33.019444497668424, 0.0 ], [ -68.939689515937971, -33.019336304151864, 0.0 ], [ -68.939687078920898, -33.019337835820011, 0.0 ], [ -68.939599796712997, -33.019407291036323, 0.0 ], [ -68.939323341801085, -33.019258049813494, 0.0 ], [ -68.938934637586527, -33.019215714187254, 0.0 ], [ -68.938851049336506, -33.019175383760768, 0.0 ], [ -68.938680753049866, -33.018983597994769, 0.0 ], [ -68.938677951398205, -33.018984638953469, 0.0 ] ] ] ] } },
{ "type": "Feature", "properties": { "ccpp1": "1104 76", "LAYER_2": "PADRONES_COMPUERTAS" }, "geometry": { "type": "MultiPolygon", "coordinates": [ [ [ [ -68.943939963392154, -33.020012846066386, 0.0 ], [ -68.944043864417793, -33.020170513411948, 0.0 ], [ -68.944389236492938, -33.020087134904323, 0.0 ], [ -68.944303671762725, -33.019913312620638, 0.0 ], [ -68.943939963392154, -33.020012846066386, 0.0 ] ] ] ] } },
{ "type": "Feature", "properties": { "ccpp1": "1104 40", "LAYER_2": "PADRONES_COMPUERTAS" }, "geometry": { "type": "MultiPolygon", "coordinates": [ [ [ [ -68.943201765664696, -33.019759993719958, 0.0 ], [ -68.943390297775849, -33.020102090899393, 0.0 ], [ -68.94461120900155, -33.019767974307136, 0.0 ], [ -68.945028327685023, -33.020633823401099, 0.0 ], [ -68.945915509353554, -33.020676062210178, 0.0 ], [ -68.946118967717041, -33.020093570589204, 0.0 ], [ -68.946116585429735, -33.020091493907266, 0.0 ], [ -68.945818189479141, -33.019843796609798, 0.0 ], [ -68.945815117251982, -33.019841089352433, 0.0 ], [ -68.945566164308985, -33.01961029043359, 0.0 ], [ -68.945467942285234, -33.019518746578051, 0.0 ], [ -68.945422434114548, -33.019488329450958, 0.0 ], [ -68.945378453779512, -33.019469247920043, 0.0 ], [ -68.944978317506028, -33.019450520216218, 0.0 ], [ -68.944718692044091, -33.019447322665521, 0.0 ], [ -68.944426758525992, -33.019444905942677, 0.0 ], [ -68.943201765664696, -33.019759993719958, 0.0 ] ] ] ] } },
{ "type": "Feature", "properties": { "ccpp1": "1104 144", "LAYER_2": "PADRONES_COMPUERTAS" }, "geometry": { "type": "MultiPolygon", "coordinates": [ [ [ [ -68.943419594230789, -33.020155249747127, 0.0 ], [ -68.943478980319398, -33.020306883205194, 0.0 ], [ -68.944043864417793, -33.020170513411948, 0.0 ], [ -68.943939963392154, -33.020012846066386, 0.0 ], [ -68.943419594230789, -33.020155249747127, 0.0 ] ] ] ] } },
{ "type": "Feature", "properties": { "ccpp1": "1104 121", "LAYER_2": "PADRONES_COMPUERTAS" }, "geometry": { "type": "MultiPolygon", "coordinates": [ [ [ [ -68.929632216543723, -33.013373222819183, 0.0 ], [ -68.928962685178647, -33.01396636827041, 0.0 ], [ -68.928883521314219, -33.014036422087472, 0.0 ], [ -68.928970154780913, -33.014079189158664, 0.0 ], [ -68.929748012188767, -33.014463175649261, 0.0 ], [ -68.929794664462648, -33.014486205422003, 0.0 ], [ -68.930237931537178, -33.014557222794934, 0.0 ], [ -68.930377891451315, -33.014582288150152, 0.0 ], [ -68.93044261231924, -33.014488504086366, 0.0 ], [ -68.930516683869271, -33.014380767269429, 0.0 ], [ -68.930529286961345, -33.014362904896174, 0.0 ], [ -68.930610875162827, -33.014285747992872, 0.0 ], [ -68.930731941538454, -33.014188260348924, 0.0 ], [ -68.93084142406066, -33.014099707174417, 0.0 ], [ -68.930912785487322, -33.014042121564714, 0.0 ], [ -68.930978618035567, -33.014024394994195, 0.0 ], [ -68.931253294696234, -33.013950428920005, 0.0 ], [ -68.931521762293684, -33.013878172015815, 0.0 ], [ -68.931857025058065, -33.013787917521874, 0.0 ], [ -68.932116285924039, -33.01371808883156, 0.0 ], [ -68.932185862170343, -33.013702437510986, 0.0 ], [ -68.931925389316618, -33.013121166304288, 0.0 ], [ -68.930644002662731, -33.013422071104891, 0.0 ], [ -68.93034233224914, -33.012958004937765, 0.0 ], [ -68.930255599034297, -33.012820893807998, 0.0 ], [ -68.930165233165127, -33.012900488224581, 0.0 ], [ -68.929650157420866, -33.013357315666937, 0.0 ], [ -68.929632216543723, -33.013373222819183, 0.0 ] ] ] ] } },
{ "type": "Feature", "properties": { "ccpp1": "1104 383", "LAYER_2": "PADRONES_COMPUERTAS" }, "geometry": { "type": "MultiPolygon", "coordinates": [ [ [ [ -68.930880956848227, -33.012246596116668, 0.0 ], [ -68.930684801469383, -33.012287955374042, 0.0 ], [ -68.930518182017138, -33.012323019944468, 0.0 ], [ -68.930229565722641, -33.012383887919114, 0.0 ], [ -68.930011258175725, -33.01242992154036, 0.0 ], [ -68.930063859778727, -33.01251803925512, 0.0 ], [ -68.930132788387311, -33.012633506673374, 0.0 ], [ -68.930432989765535, -33.012573621896955, 0.0 ], [ -68.930819858723794, -33.012496456974958, 0.0 ], [ -68.931209398670447, -33.012418735089362, 0.0 ], [ -68.931598840524416, -33.01234104168811, 0.0 ], [ -68.93150355614975, -33.012115303794523, 0.0 ], [ -68.930880956848227, -33.012246596116668, 0.0 ] ] ] ] } },
{ "type": "Feature", "properties": { "ccpp1": "1104 109", "LAYER_2": "PADRONES_COMPUERTAS" }, "geometry": { "type": "MultiPolygon", "coordinates": [ [ [ [ -68.93150355614975, -33.012115303794523, 0.0 ], [ -68.93142712667138, -33.011934237947614, 0.0 ], [ -68.931069785152246, -33.01188470635919, 0.0 ], [ -68.931165417283012, -33.012186610182376, 0.0 ], [ -68.93150355614975, -33.012115303794523, 0.0 ] ] ] ] } },
{ "type": "Feature", "properties": { "ccpp1": "1104 354", "LAYER_2": "PADRONES_COMPUERTAS" }, "geometry": { "type": "MultiPolygon", "coordinates": [ [ [ [ -68.930752388599856, -33.011840710691878, 0.0 ], [ -68.930531116300003, -33.011810017349383, 0.0 ], [ -68.930684801469383, -33.012287955374042, 0.0 ], [ -68.930880956848227, -33.012246596116668, 0.0 ], [ -68.930752388599856, -33.011840710691878, 0.0 ] ] ] ] } },
{ "type": "Feature", "properties": { "ccpp1": "1104 355", "LAYER_2": "PADRONES_COMPUERTAS" }, "geometry": { "type": "MultiPolygon", "coordinates": [ [ [ [ -68.930531116300003, -33.011810017349383, 0.0 ], [ -68.930347541153893, -33.011785604084025, 0.0 ], [ -68.930518182017138, -33.012323019944468, 0.0 ], [ -68.930684801469383, -33.012287955374042, 0.0 ], [ -68.930531116300003, -33.011810017349383, 0.0 ] ] ] ] } },
{ "type": "Feature", "properties": { "ccpp1": "1104 236", "LAYER_2": "PADRONES_COMPUERTAS" }, "geometry": { "type": "MultiPolygon", "coordinates": [ [ [ [ -68.931598840524416, -33.01234104168811, 0.0 ], [ -68.931209398670447, -33.012418735089362, 0.0 ], [ -68.931315762555883, -33.012670590897379, 0.0 ], [ -68.931702467387353, -33.012586539764008, 0.0 ], [ -68.931598840524416, -33.01234104168811, 0.0 ] ] ] ] } },
{ "type": "Feature", "properties": { "ccpp1": "1104 111", "LAYER_2": "PADRONES_COMPUERTAS" }, "geometry": { "type": "MultiPolygon", "coordinates": [ [ [ [ -68.933580211432385, -33.016274712745322, 0.0 ], [ -68.933742108695398, -33.016351334722003, 0.0 ], [ -68.93374765296771, -33.01630504389766, 0.0 ], [ -68.933649399101142, -33.015777071233373, 0.0 ], [ -68.933649430342157, -33.015776798944259, 0.0 ], [ -68.933665703816189, -33.01563617612787, 0.0 ], [ -68.933621033311368, -33.015498576684649, 0.0 ], [ -68.933618865648242, -33.01549343057696, 0.0 ], [ -68.933440777682463, -33.015451948874947, 0.0 ], [ -68.933442024339044, -33.015459302695547, 0.0 ], [ -68.933580211432385, -33.016274712745322, 0.0 ] ] ] ] } },
{ "type": "Feature", "properties": { "ccpp1": "1104 131", "LAYER_2": "PADRONES_COMPUERTAS" }, "geometry": { "type": "MultiPolygon", "coordinates": [ [ [ [ -68.934341663164048, -33.015570523757965, 0.0 ], [ -68.934360782788062, -33.015572301998091, 0.0 ], [ -68.934529988321174, -33.015545844668104, 0.0 ], [ -68.934816075057483, -33.015503040432634, 0.0 ], [ -68.934539811443585, -33.015314937281481, 0.0 ], [ -68.93450065934195, -33.01528827947179, 0.0 ], [ -68.934308028836895, -33.015322046034143, 0.0 ], [ -68.934219753676643, -33.01533752006641, 0.0 ], [ -68.934223384987632, -33.015559523268244, 0.0 ], [ -68.934259356540622, -33.015562869398913, 0.0 ], [ -68.934341663164048, -33.015570523757965, 0.0 ] ] ] ] } },
{ "type": "Feature", "properties": { "ccpp1": "1104 351", "LAYER_2": "PADRONES_COMPUERTAS" }, "geometry": { "type": "MultiPolygon", "coordinates": [ [ [ [ -68.93450065934195, -33.01528827947179, 0.0 ], [ -68.934550021820854, -33.015253687374454, 0.0 ], [ -68.934043955989836, -33.014679397792968, 0.0 ], [ -68.933974929403107, -33.014695047732246, 0.0 ], [ -68.93409055541278, -33.0151822511746, 0.0 ], [ -68.934219753676643, -33.01533752006641, 0.0 ], [ -68.934308028836895, -33.015322046034143, 0.0 ], [ -68.93450065934195, -33.01528827947179, 0.0 ] ] ] ] } },
{ "type": "Feature", "properties": { "ccpp1": "1104 113", "LAYER_2": "PADRONES_COMPUERTAS" }, "geometry": { "type": "MultiPolygon", "coordinates": [ [ [ [ -68.93119000362384, -33.009631868305959, 0.0 ], [ -68.931180857795994, -33.009898015281735, 0.0 ], [ -68.931169120260165, -33.010239530049205, 0.0 ], [ -68.931163833956703, -33.010393342112955, 0.0 ], [ -68.931154952600366, -33.010580592618879, 0.0 ], [ -68.931138797852441, -33.01092119421768, 0.0 ], [ -68.93111241669456, -33.011477333782771, 0.0 ], [ -68.931111199195215, -33.011502999292212, 0.0 ], [ -68.931095240043703, -33.011806323893197, 0.0 ], [ -68.931428121191757, -33.01184948735272, 0.0 ], [ -68.931479409225332, -33.011204692499177, 0.0 ], [ -68.931534922689394, -33.010397793094207, 0.0 ], [ -68.931555296338217, -33.009688968460246, 0.0 ], [ -68.93119000362384, -33.009631868305959, 0.0 ] ] ] ] } },
{ "type": "Feature", "properties": { "ccpp1": "1104 107", "LAYER_2": "PADRONES_COMPUERTAS" }, "geometry": { "type": "MultiPolygon", "coordinates": [ [ [ [ -68.930130129376082, -33.009328138095682, 0.0 ], [ -68.929859547821025, -33.010656655387912, 0.0 ], [ -68.929694299440058, -33.01146782298823, 0.0 ], [ -68.929663172537289, -33.011620620441121, 0.0 ], [ -68.930479888359017, -33.011726530687923, 0.0 ], [ -68.930498715724269, -33.011383449298748, 0.0 ], [ -68.930528922009003, -33.010827724052398, 0.0 ], [ -68.93054752210351, -33.010487379965603, 0.0 ], [ -68.930566118837945, -33.010147041265526, 0.0 ], [ -68.93058470051885, -33.009806607859687, 0.0 ], [ -68.930604436232414, -33.009444991112645, 0.0 ], [ -68.930130129376082, -33.009328138095682, 0.0 ] ] ] ] } },
{ "type": "Feature", "properties": { "ccpp1": "1104 8", "LAYER_2": "PADRONES_COMPUERTAS" }, "geometry": { "type": "MultiPolygon", "coordinates": [ [ [ [ -68.931624856765637, -33.011882505513491, 0.0 ], [ -68.933363360358825, -33.012148406545101, 0.0 ], [ -68.933351275605759, -33.012055991928968, 0.0 ], [ -68.933349733754255, -33.012044203508111, 0.0 ], [ -68.93335514617236, -33.012045067497674, 0.0 ], [ -68.933532678753821, -33.012118677527972, 0.0 ], [ -68.933833435715869, -33.011680574554987, 0.0 ], [ -68.934130914585751, -33.011247240759438, 0.0 ], [ -68.934424226245412, -33.010819975012673, 0.0 ], [ -68.933151310997744, -33.010292733180833, 0.0 ], [ -68.932938319062998, -33.010194810608532, 0.0 ], [ -68.932431939271041, -33.009972916561274, 0.0 ], [ -68.931722785531136, -33.009743176937114, 0.0 ], [ -68.931615063378345, -33.009716521250937, 0.0 ], [ -68.931555296338217, -33.009688968460246, 0.0 ], [ -68.931547238611955, -33.010074625004407, 0.0 ], [ -68.931539230146768, -33.010349331313591, 0.0 ], [ -68.931477084749332, -33.011265615608146, 0.0 ], [ -68.931448229261164, -33.011626599815884, 0.0 ], [ -68.931427732498307, -33.011849761248385, 0.0 ], [ -68.931427599943476, -33.011852333654438, 0.0 ], [ -68.931624856765637, -33.011882505513491, 0.0 ] ] ] ] } },
{ "type": "Feature", "properties": { "ccpp1": "1104 999", "LAYER_2": "PADRONES_COMPUERTAS" }, "geometry": { "type": "MultiPolygon", "coordinates": [ [ [ [ -68.934642246715484, -33.018797268536495, 0.0 ], [ -68.929166017008342, -33.01995761724173, 0.0 ], [ -68.929309328525918, -33.021315339587325, 0.0 ], [ -68.932625531456893, -33.020694416734557, 0.0 ], [ -68.935299674831214, -33.020193641949561, 0.0 ], [ -68.934642246715484, -33.018797268536495, 0.0 ] ] ] ] } },
{ "type": "Feature", "properties": { "ccpp1": "1104 521", "LAYER_2": "PADRONES_COMPUERTAS" }, "geometry": { "type": "MultiPolygon", "coordinates": [ [ [ [ -68.939627592011064, -33.033961766625289, 0.0 ], [ -68.939695311534066, -33.034128614982691, 0.0 ], [ -68.93974666610417, -33.03411442493433, 0.0 ], [ -68.94027300754712, -33.033968883050257, 0.0 ], [ -68.940103571189923, -33.033625625497685, 0.0 ], [ -68.93995818843689, -33.033330979393988, 0.0 ], [ -68.939425117840372, -33.033462906863939, 0.0 ], [ -68.939560017010848, -33.033795276260591, 0.0 ], [ -68.939627592011064, -33.033961766625289, 0.0 ] ] ] ] } },
{ "type": "Feature", "properties": { "ccpp1": "1104 161", "LAYER_2": "PADRONES_COMPUERTAS" }, "geometry": { "type": "MultiPolygon", "coordinates": [ [ [ [ -68.938662899095306, -33.033538725794287, 0.0 ], [ -68.938415259155434, -33.033600188011846, 0.0 ], [ -68.938203806783747, -33.03365256077749, 0.0 ], [ -68.938076400086345, -33.033683875798303, 0.0 ], [ -68.938197388824733, -33.033952363509371, 0.0 ], [ -68.938793846893745, -33.033804061977762, 0.0 ], [ -68.938662899095306, -33.033538725794287, 0.0 ] ] ] ] } },
{ "type": "Feature", "properties": { "ccpp1": "1104 515", "LAYER_2": "PADRONES_COMPUERTAS" }, "geometry": { "type": "MultiPolygon", "coordinates": [ [ [ [ -68.938197388824733, -33.033952363509371, 0.0 ], [ -68.938315813070261, -33.034215259458847, 0.0 ], [ -68.93892265796714, -33.034064437771853, 0.0 ], [ -68.938793846893745, -33.033804061977762, 0.0 ], [ -68.938197388824733, -33.033952363509371, 0.0 ] ] ] ] } },
{ "type": "Feature", "properties": { "ccpp1": "1104 516", "LAYER_2": "PADRONES_COMPUERTAS" }, "geometry": { "type": "MultiPolygon", "coordinates": [ [ [ [ -68.938315813070261, -33.034215259458847, 0.0 ], [ -68.938431779636616, -33.034472834208962, 0.0 ], [ -68.939048476086711, -33.034319582263961, 0.0 ], [ -68.93892265796714, -33.034064437771853, 0.0 ], [ -68.938315813070261, -33.034215259458847, 0.0 ] ] ] ] } },
{ "type": "Feature", "properties": { "ccpp1": "1104 517", "LAYER_2": "PADRONES_COMPUERTAS" }, "geometry": { "type": "MultiPolygon", "coordinates": [ [ [ [ -68.938431779636616, -33.034472834208962, 0.0 ], [ -68.938545609247839, -33.034725628928207, 0.0 ], [ -68.939172370932113, -33.03457057799136, 0.0 ], [ -68.939048476086711, -33.034319582263961, 0.0 ], [ -68.938431779636616, -33.034472834208962, 0.0 ] ] ] ] } },
{ "type": "Feature", "properties": { "ccpp1": "1104 518", "LAYER_2": "PADRONES_COMPUERTAS" }, "geometry": { "type": "MultiPolygon", "coordinates": [ [ [ [ -68.938545609247839, -33.034725628928207, 0.0 ], [ -68.938636165770163, -33.034926649820491, 0.0 ], [ -68.93927050355407, -33.034769805090328, 0.0 ], [ -68.939172370932113, -33.03457057799136, 0.0 ], [ -68.938545609247839, -33.034725628928207, 0.0 ] ] ] ] } },
{ "type": "Feature", "properties": { "ccpp1": "1104 519", "LAYER_2": "PADRONES_COMPUERTAS" }, "geometry": { "type": "MultiPolygon", "coordinates": [ [ [ [ -68.938636165770163, -33.034926649820491, 0.0 ], [ -68.938727556362196, -33.035129569069426, 0.0 ], [ -68.939369705919816, -33.034970745802191, 0.0 ], [ -68.93927050355407, -33.034769805090328, 0.0 ], [ -68.938636165770163, -33.034926649820491, 0.0 ] ] ] ] } },
{ "type": "Feature", "properties": { "ccpp1": "1104 520", "LAYER_2": "PADRONES_COMPUERTAS" }, "geometry": { "type": "MultiPolygon", "coordinates": [ [ [ [ -68.938727556362196, -33.035129569069426, 0.0 ], [ -68.938810786774809, -33.035314370560975, 0.0 ], [ -68.939459821815674, -33.035153919087712, 0.0 ], [ -68.939369705919816, -33.034970745802191, 0.0 ], [ -68.938727556362196, -33.035129569069426, 0.0 ] ] ] ] } },
{ "type": "Feature", "properties": { "ccpp1": "1104 1087", "LAYER_2": "PADRONES_COMPUERTAS" }, "geometry": { "type": "MultiPolygon", "coordinates": [ [ [ [ -68.936559437905657, -33.034343090163262, 0.0 ], [ -68.936647498265103, -33.034604968885724, 0.0 ], [ -68.936658249754373, -33.034576278266798, 0.0 ], [ -68.936676519838059, -33.034549296287899, 0.0 ], [ -68.936696565279533, -33.034530280943891, 0.0 ], [ -68.936722682928647, -33.034518388720826, 0.0 ], [ -68.936754895182077, -33.034511083081419, 0.0 ], [ -68.936775696445068, -33.034510517968002, 0.0 ], [ -68.93680774186042, -33.034512524964548, 0.0 ], [ -68.936830777002299, -33.034518803361351, 0.0 ], [ -68.936849769685821, -33.034528152274312, 0.0 ], [ -68.936865146988282, -33.034537968729701, 0.0 ], [ -68.936877155795656, -33.034550056921958, 0.0 ], [ -68.936888951852183, -33.034566005006312, 0.0 ], [ -68.936897452646193, -33.03458336098241, 0.0 ], [ -68.936904703321161, -33.034600120301917, 0.0 ], [ -68.936904805864387, -33.034614799741597, 0.0 ], [ -68.936901509102867, -33.034632471974263, 0.0 ], [ -68.936893591023932, -33.034658287225184, 0.0 ], [ -68.937898334906379, -33.034408395728818, 0.0 ], [ -68.93803383854727, -33.034305560454605, 0.0 ], [ -68.938324584836892, -33.03423474259278, 0.0 ], [ -68.938197388824733, -33.033952363509371, 0.0 ], [ -68.938076400086345, -33.033683875798303, 0.0 ], [ -68.937976376005409, -33.033708638327852, 0.0 ], [ -68.937796630373526, -33.03375313652927, 0.0 ], [ -68.937521247745778, -33.033821310510689, 0.0 ], [ -68.937066215759074, -33.033933957635718, 0.0 ], [ -68.936618264999851, -33.034044849337207, 0.0 ], [ -68.936471378065988, -33.034081211368289, 0.0 ], [ -68.936559437905657, -33.034343090163262, 0.0 ] ] ] ] } },
{ "type": "Feature", "properties": { "ccpp1": "1104 150", "LAYER_2": "PADRONES_COMPUERTAS" }, "geometry": { "type": "MultiPolygon", "coordinates": [ [ [ [ -68.940725316411658, -33.034871852579087, 0.0 ], [ -68.940716337827411, -33.034851831200129, 0.0 ], [ -68.940705851282644, -33.034845694849274, 0.0 ], [ -68.939583911168754, -33.035123322394, 0.0 ], [ -68.939459821815674, -33.035153919087712, 0.0 ], [ -68.938810786774809, -33.035314370560975, 0.0 ], [ -68.93804017108549, -33.035504941171375, 0.0 ], [ -68.938583449694235, -33.036650778876947, 0.0 ], [ -68.938674453006698, -33.036639488576668, 0.0 ], [ -68.939024106003885, -33.036596102893469, 0.0 ], [ -68.939355439854111, -33.036554988556432, 0.0 ], [ -68.939698247933237, -33.036512450637261, 0.0 ], [ -68.94002723015565, -33.036471627323699, 0.0 ], [ -68.940369618994382, -33.036429138752759, 0.0 ], [ -68.940698061027049, -33.036388380135058, 0.0 ], [ -68.941027912714091, -33.036347446394331, 0.0 ], [ -68.941359050935986, -33.036306350986557, 0.0 ], [ -68.941378640419302, -33.036303919366681, 0.0 ], [ -68.941285775564793, -33.036064488207671, 0.0 ], [ -68.941632773297741, -33.035977444937117, 0.0 ], [ -68.942491909748767, -33.035761933181455, 0.0 ], [ -68.94231006648404, -33.03537232977645, 0.0 ], [ -68.941087356536073, -33.035668019832073, 0.0 ], [ -68.940921460865042, -33.035303034862949, 0.0 ], [ -68.940725316411658, -33.034871852579087, 0.0 ] ] ] ] } },
{ "type": "Feature", "properties": { "ccpp1": "1104 45", "LAYER_2": "PADRONES_COMPUERTAS" }, "geometry": { "type": "MultiPolygon", "coordinates": [ [ [ [ -68.931800540516832, -33.017389317089041, 0.0 ], [ -68.931813006192101, -33.017633631628662, 0.0 ], [ -68.931834908526582, -33.018062903616197, 0.0 ], [ -68.93283981720252, -33.018034210718831, 0.0 ], [ -68.932819226038404, -33.01752783834678, 0.0 ], [ -68.932812467092162, -33.017361612865891, 0.0 ], [ -68.932646313524771, -33.017339759600915, 0.0 ], [ -68.932133059369377, -33.017356243694238, 0.0 ], [ -68.931800540516832, -33.017389317089041, 0.0 ] ] ] ] } },
{ "type": "Feature", "properties": { "ccpp1": "1104 334", "LAYER_2": "PADRONES_COMPUERTAS" }, "geometry": { "type": "MultiPolygon", "coordinates": [ [ [ [ -68.930977187047333, -33.014024523142361, 0.0 ], [ -68.93091137162439, -33.01404224701659, 0.0 ], [ -68.930602876246894, -33.014291269909904, 0.0 ], [ -68.930528049709153, -33.014362993473341, 0.0 ], [ -68.930769612207214, -33.01449666300352, 0.0 ], [ -68.930796162959467, -33.014464491548864, 0.0 ], [ -68.931079842151149, -33.014193274188692, 0.0 ], [ -68.931295480985412, -33.014141920069761, 0.0 ], [ -68.931251794133289, -33.013950572361466, 0.0 ], [ -68.930977187047333, -33.014024523142361, 0.0 ] ] ] ] } },
{ "type": "Feature", "properties": { "ccpp1": "1104 39", "LAYER_2": "PADRONES_COMPUERTAS" }, "geometry": { "type": "MultiPolygon", "coordinates": [ [ [ [ -68.9332325058989, -33.016742506148233, 0.0 ], [ -68.933516291139242, -33.016813237095668, 0.0 ], [ -68.933527930247564, -33.016475149337161, 0.0 ], [ -68.93319884758229, -33.016434290430041, 0.0 ], [ -68.932955366423343, -33.016398709648321, 0.0 ], [ -68.932865338973926, -33.016662810370399, 0.0 ], [ -68.9329743820484, -33.01668384823261, 0.0 ], [ -68.933100481436099, -33.016712504372748, 0.0 ], [ -68.9332325058989, -33.016742506148233, 0.0 ] ] ] ] } },
{ "type": "Feature", "properties": { "ccpp1": "1104 479", "LAYER_2": "PADRONES_COMPUERTAS" }, "geometry": { "type": "MultiPolygon", "coordinates": [ [ [ [ -68.9651429854447, -33.030238818718743, 0.0 ], [ -68.964760721656845, -33.030416102806463, 0.0 ], [ -68.964885583131363, -33.030604995120044, 0.0 ], [ -68.965267272488333, -33.030428171250179, 0.0 ], [ -68.9651429854447, -33.030238818718743, 0.0 ] ] ] ] } },
{ "type": "Feature", "properties": { "ccpp1": "1104 527", "LAYER_2": "PADRONES_COMPUERTAS" }, "geometry": { "type": "MultiPolygon", "coordinates": [ [ [ [ -68.937631503878563, -33.029140031255743, 0.0 ], [ -68.937421772470501, -33.029192035718374, 0.0 ], [ -68.937571065481137, -33.029553085182101, 0.0 ], [ -68.937791245797385, -33.029499748501152, 0.0 ], [ -68.937631503878563, -33.029140031255743, 0.0 ] ] ] ] } },
{ "type": "Feature", "properties": { "ccpp1": "1104 93", "LAYER_2": "PADRONES_COMPUERTAS" }, "geometry": { "type": "MultiPolygon", "coordinates": [ [ [ [ -68.93400164687003, -33.017070948854226, 0.0 ], [ -68.934004642818977, -33.017076304580414, 0.0 ], [ -68.934003226103528, -33.017075889962783, 0.0 ], [ -68.934180842601563, -33.017444092278275, 0.0 ], [ -68.934338522129238, -33.017770965514664, 0.0 ], [ -68.93505227067385, -33.017580626757741, 0.0 ], [ -68.935270765278432, -33.017522359562662, 0.0 ], [ -68.935255499955773, -33.017516674703778, 0.0 ], [ -68.934851230985743, -33.017332979937983, 0.0 ], [ -68.934495084506381, -33.017222006613586, 0.0 ], [ -68.934288786639968, -33.017159351730974, 0.0 ], [ -68.934082482646346, -33.01709669379872, 0.0 ], [ -68.93400164687003, -33.017070948854226, 0.0 ] ] ] ] } },
{ "type": "Feature", "properties": { "ccpp1": "1104 302", "LAYER_2": "PADRONES_COMPUERTAS" }, "geometry": { "type": "MultiPolygon", "coordinates": [ [ [ [ -68.937867308394587, -33.017548773130571, 0.0 ], [ -68.934649763727833, -33.016988925544055, 0.0 ], [ -68.934251691714181, -33.016822918410135, 0.0 ], [ -68.934082482646346, -33.01709669379872, 0.0 ], [ -68.934495084506381, -33.017222006613586, 0.0 ], [ -68.934851230985743, -33.017332979937983, 0.0 ], [ -68.935255499955773, -33.017516674703778, 0.0 ], [ -68.936221162013496, -33.017876269069212, 0.0 ], [ -68.936519930547746, -33.017996421596727, 0.0 ], [ -68.936916304792547, -33.018059022931311, 0.0 ], [ -68.937278621537928, -33.018070006689825, 0.0 ], [ -68.937488619573386, -33.018300618733797, 0.0 ], [ -68.938003905369214, -33.017700137334124, 0.0 ], [ -68.937867308394587, -33.017548773130571, 0.0 ] ] ] ] } },
{ "type": "Feature", "properties": { "ccpp1": "1104 539", "LAYER_2": "PADRONES_COMPUERTAS" }, "geometry": { "type": "MultiPolygon", "coordinates": [ [ [ [ -68.937309241360779, -33.024210526621793, 0.0 ], [ -68.939094673633107, -33.023907958896324, 0.0 ], [ -68.94189938604238, -33.023432603978804, 0.0 ], [ -68.940926164840903, -33.02157302785151, 0.0 ], [ -68.941047920733382, -33.021535846299855, 0.0 ], [ -68.940971127948274, -33.021469842651975, 0.0 ], [ -68.938100891144359, -33.022346383755021, 0.0 ], [ -68.936673406609472, -33.02278218577289, 0.0 ], [ -68.937309241360779, -33.024210526621793, 0.0 ] ] ] ] } },
{ "type": "Feature", "properties": { "ccpp1": "1104 538", "LAYER_2": "PADRONES_COMPUERTAS" }, "geometry": { "type": "MultiPolygon", "coordinates": [ [ [ [ -68.929820192913226, -33.026766512294543, 0.0 ], [ -68.929989041560788, -33.027156601377825, 0.0 ], [ -68.930474563395947, -33.028182020628506, 0.0 ], [ -68.930780679593582, -33.028834456269422, 0.0 ], [ -68.931007216880147, -33.029317274084356, 0.0 ], [ -68.931121102059578, -33.029289505071944, 0.0 ], [ -68.932615609593896, -33.02892508234622, 0.0 ], [ -68.933904786389832, -33.028610711188016, 0.0 ], [ -68.933360572469113, -33.027476155357085, 0.0 ], [ -68.9333272704514, -33.027406728600589, 0.0 ], [ -68.935084904585096, -33.026975947845955, 0.0 ], [ -68.935551164883194, -33.02686166623964, 0.0 ], [ -68.93797939335262, -33.026271353223635, 0.0 ], [ -68.938101396800519, -33.026241691950723, 0.0 ], [ -68.938066356212829, -33.026166493069837, 0.0 ], [ -68.937843395125697, -33.025678225445823, 0.0 ], [ -68.937608820876804, -33.025179449794223, 0.0 ], [ -68.937501531725331, -33.024949966272665, 0.0 ], [ -68.93700338914195, -33.02506778810551, 0.0 ], [ -68.934575472030886, -33.025642010104043, 0.0 ], [ -68.934268362921657, -33.025714638984873, 0.0 ], [ -68.933021170608399, -33.026009584826198, 0.0 ], [ -68.932057764154038, -33.026237409108262, 0.0 ], [ -68.931856859679513, -33.02628491781735, 0.0 ], [ -68.931724186512824, -33.026316291145193, 0.0 ], [ -68.929939343896322, -33.026738338850421, 0.0 ], [ -68.92987952325231, -33.026752483156031, 0.0 ], [ -68.929820192913226, -33.026766512294543, 0.0 ] ] ] ] } },
{ "type": "Feature", "properties": { "ccpp1": "1104 644", "LAYER_2": "PADRONES_COMPUERTAS" }, "geometry": { "type": "MultiPolygon", "coordinates": [ [ [ [ -68.920110139678982, -33.007883822546496, 0.0 ], [ -68.920241002984383, -33.00795500154053, 0.0 ], [ -68.920544273579281, -33.008119956306409, 0.0 ], [ -68.921110295927704, -33.008526476822404, 0.0 ], [ -68.921659584589662, -33.009035614615314, 0.0 ], [ -68.92202228588701, -33.009226346460032, 0.0 ], [ -68.922293188343431, -33.009373638061966, 0.0 ], [ -68.92267269882737, -33.009539670730788, 0.0 ], [ -68.923324438396179, -33.009926473988564, 0.0 ], [ -68.924150808077258, -33.010355527965423, 0.0 ], [ -68.924555783175407, -33.010464674113521, 0.0 ], [ -68.925804353054517, -33.010667463572538, 0.0 ], [ -68.925841825755072, -33.010673549606295, 0.0 ], [ -68.926151827045032, -33.009391502486217, 0.0 ], [ -68.926289525186164, -33.008771706383342, 0.0 ], [ -68.922391347698564, -33.008175341496241, 0.0 ], [ -68.921849761664546, -33.008068636553354, 0.0 ], [ -68.921347678294353, -33.007949890639381, 0.0 ], [ -68.920278242962439, -33.007548344414957, 0.0 ], [ -68.920229455169704, -33.00763619685921, 0.0 ], [ -68.920124235293514, -33.007854569491187, 0.0 ], [ -68.920110139678982, -33.007883822546496, 0.0 ] ] ] ] } },
{ "type": "Feature", "properties": { "ccpp1": "1104 49", "LAYER_2": "PADRONES_COMPUERTAS" }, "geometry": { "type": "MultiPolygon", "coordinates": [ [ [ [ -68.934538181281027, -33.016153822822133, 0.0 ], [ -68.934789178234425, -33.016274457590079, 0.0 ], [ -68.935353075926713, -33.0160208872, 0.0 ], [ -68.93561687706196, -33.015895503256381, 0.0 ], [ -68.935243744152018, -33.01571870104415, 0.0 ], [ -68.934538181281027, -33.016153822822133, 0.0 ] ] ] ] } },
{ "type": "Feature", "properties": { "ccpp1": "1104 275", "LAYER_2": "PADRONES_COMPUERTAS" }, "geometry": { "type": "MultiPolygon", "coordinates": [ [ [ [ -68.934886278348671, -33.032840757495819, 0.0 ], [ -68.93514280702901, -33.033531175094978, 0.0 ], [ -68.935389807683066, -33.033468456701023, 0.0 ], [ -68.935269729249143, -33.033138743197853, 0.0 ], [ -68.93513788104724, -33.032776870721761, 0.0 ], [ -68.934886278348671, -33.032840757495819, 0.0 ] ] ] ] } },
{ "type": "Feature", "properties": { "ccpp1": "1104 276", "LAYER_2": "PADRONES_COMPUERTAS" }, "geometry": { "type": "MultiPolygon", "coordinates": [ [ [ [ -68.934635744869354, -33.032904372016816, 0.0 ], [ -68.934892165801017, -33.033594792771488, 0.0 ], [ -68.93514280702901, -33.033531175094978, 0.0 ], [ -68.934886278348671, -33.032840757495819, 0.0 ], [ -68.934635744869354, -33.032904372016816, 0.0 ] ] ] ] } },
{ "type": "Feature", "properties": { "ccpp1": "1104 540", "LAYER_2": "PADRONES_COMPUERTAS" }, "geometry": { "type": "MultiPolygon", "coordinates": [ [ [ [ -68.94708373479483, -33.03825841399815, 0.0 ], [ -68.947316762178914, -33.038227896011605, 0.0 ], [ -68.947005610134283, -33.03768474812788, 0.0 ], [ -68.94663243086751, -33.0374726796624, 0.0 ], [ -68.94708373479483, -33.03825841399815, 0.0 ] ] ] ] } },
{ "type": "Feature", "properties": { "ccpp1": "1104 989", "LAYER_2": "PADRONES_COMPUERTAS" }, "geometry": { "type": "MultiPolygon", "coordinates": [ [ [ [ -68.95397328175558, -33.036560122606524, 0.0 ], [ -68.954244345720511, -33.037310881003535, 0.0 ], [ -68.954605139392498, -33.037257980979859, 0.0 ], [ -68.954199048492541, -33.036524449895552, 0.0 ], [ -68.953971512883527, -33.036554740777852, 0.0 ], [ -68.95397328175558, -33.036560122606524, 0.0 ] ] ] ] } },
{ "type": "Feature", "properties": { "ccpp1": "1104 557", "LAYER_2": "PADRONES_COMPUERTAS" }, "geometry": { "type": "MultiPolygon", "coordinates": [ [ [ [ -68.951616335059938, -33.031285111674634, 0.0 ], [ -68.955119554052189, -33.037179982235145, 0.0 ], [ -68.95512096056369, -33.037182349628821, 0.0 ], [ -68.955506954679834, -33.037125751990892, 0.0 ], [ -68.958850430055108, -33.03669668939893, 0.0 ], [ -68.958839872395927, -33.036679161027159, 0.0 ], [ -68.955774081537072, -33.03158858312441, 0.0 ], [ -68.955315126115039, -33.030816001062284, 0.0 ], [ -68.951616335059938, -33.031285111674634, 0.0 ] ] ] ] } },
{ "type": "Feature", "properties": { "ccpp1": "1104 7", "LAYER_2": "PADRONES_COMPUERTAS" }, "geometry": { "type": "MultiPolygon", "coordinates": [ [ [ [ -68.950174191349518, -33.028855251235932, 0.0 ], [ -68.951616335059938, -33.031285111674634, 0.0 ], [ -68.955315126115039, -33.030816001062284, 0.0 ], [ -68.955218299650511, -33.030653006186803, 0.0 ], [ -68.954427020047873, -33.029320964666745, 0.0 ], [ -68.953730484438111, -33.028084935193483, 0.0 ], [ -68.950174191349518, -33.028855251235932, 0.0 ] ] ] ] } },
{ "type": "Feature", "properties": { "ccpp1": "1104 555", "LAYER_2": "PADRONES_COMPUERTAS" }, "geometry": { "type": "MultiPolygon", "coordinates": [ [ [ [ -68.958551269906451, -33.037346007601066, 0.0 ], [ -68.958521757622407, -33.037358700542057, 0.0 ], [ -68.958476220911265, -33.037378284127939, 0.0 ], [ -68.95823041932951, -33.037483996103042, 0.0 ], [ -68.958536826910787, -33.038106483332932, 0.0 ], [ -68.958973421431054, -33.038043718942852, 0.0 ], [ -68.958587462407166, -33.03733044234162, 0.0 ], [ -68.958551269906451, -33.037346007601066, 0.0 ] ] ] ] } },
{ "type": "Feature", "properties": { "ccpp1": "1104 85", "LAYER_2": "PADRONES_COMPUERTAS" }, "geometry": { "type": "MultiPolygon", "coordinates": [ [ [ [ -68.957994077995508, -33.037003846099665, 0.0 ], [ -68.958186285073793, -33.037394334434879, 0.0 ], [ -68.95823041932951, -33.037483996103042, 0.0 ], [ -68.958476220911265, -33.037378284127939, 0.0 ], [ -68.958521757622407, -33.037358700542057, 0.0 ], [ -68.958551269906451, -33.037346007601066, 0.0 ], [ -68.958327193005857, -33.036961312342534, 0.0 ], [ -68.957994077995508, -33.037003846099665, 0.0 ] ] ] ] } },
{ "type": "Feature", "properties": { "ccpp1": "1104 552", "LAYER_2": "PADRONES_COMPUERTAS" }, "geometry": { "type": "MultiPolygon", "coordinates": [ [ [ [ -68.955624374410419, -33.031044526686223, 0.0 ], [ -68.955628593688388, -33.031051639676953, 0.0 ], [ -68.957174731146239, -33.03363427521338, 0.0 ], [ -68.960084011235807, -33.033197387816415, 0.0 ], [ -68.961463918061426, -33.032990166509705, 0.0 ], [ -68.962625218703963, -33.032815685515253, 0.0 ], [ -68.96148491419838, -33.03024827751733, 0.0 ], [ -68.955624374410419, -33.031044526686223, 0.0 ] ] ] ] } },
{ "type": "Feature", "properties": { "ccpp1": "1104 645", "LAYER_2": "PADRONES_COMPUERTAS" }, "geometry": { "type": "MultiPolygon", "coordinates": [ [ [ [ -68.965466654920192, -33.030731931533431, 0.0 ], [ -68.965024743149129, -33.030868927594327, 0.0 ], [ -68.965216744305337, -33.031308276079486, 0.0 ], [ -68.965738741143795, -33.031146452172322, 0.0 ], [ -68.965466654920192, -33.030731931533431, 0.0 ] ] ] ] } },
{ "type": "Feature", "properties": { "ccpp1": "1104 543", "LAYER_2": "PADRONES_COMPUERTAS" }, "geometry": { "type": "MultiPolygon", "coordinates": [ [ [ [ -68.936763611218481, -33.039044646489778, 0.0 ], [ -68.937045386599635, -33.039620854928934, 0.0 ], [ -68.937191928983808, -33.039602208289601, 0.0 ], [ -68.936911795822141, -33.039011179339141, 0.0 ], [ -68.936904444875921, -33.038995669583223, 0.0 ], [ -68.936763611218481, -33.039044646489778, 0.0 ] ] ] ] } },
{ "type": "Feature", "properties": { "ccpp1": "1104 548", "LAYER_2": "PADRONES_COMPUERTAS" }, "geometry": { "type": "MultiPolygon", "coordinates": [ [ [ [ -68.94027300754712, -33.033968883050257, 0.0 ], [ -68.939746668241426, -33.03411443034539, 0.0 ], [ -68.939165294834098, -33.03427500651636, 0.0 ], [ -68.939361560266477, -33.034672829490461, 0.0 ], [ -68.940474622412808, -33.034377436751413, 0.0 ], [ -68.940285621871013, -33.033994316235201, 0.0 ], [ -68.94027300754712, -33.033968883050257, 0.0 ] ] ] ] } },
{ "type": "Feature", "properties": { "ccpp1": "1104 549", "LAYER_2": "PADRONES_COMPUERTAS" }, "geometry": { "type": "MultiPolygon", "coordinates": [ [ [ [ -68.940474622412808, -33.034377436751413, 0.0 ], [ -68.939361560266477, -33.034672829490461, 0.0 ], [ -68.939583911168754, -33.035123322394, 0.0 ], [ -68.940705851282644, -33.034845694849274, 0.0 ], [ -68.940601407726419, -33.034634293305928, 0.0 ], [ -68.940476332919943, -33.03438077375322, 0.0 ], [ -68.940474622412808, -33.034377436751413, 0.0 ] ] ] ] } },
{ "type": "Feature", "properties": { "ccpp1": "1104 166", "LAYER_2": "PADRONES_COMPUERTAS" }, "geometry": { "type": "MultiPolygon", "coordinates": [ [ [ [ -68.957654533845442, -33.037047337065495, 0.0 ], [ -68.957813798782524, -33.037469662725762, 0.0 ], [ -68.958186285073793, -33.037394334434879, 0.0 ], [ -68.957994077995508, -33.037003846099665, 0.0 ], [ -68.957654533845442, -33.037047337065495, 0.0 ] ] ] ] } },
{ "type": "Feature", "properties": { "ccpp1": "1104 560", "LAYER_2": "PADRONES_COMPUERTAS" }, "geometry": { "type": "MultiPolygon", "coordinates": [ [ [ [ -68.941935556088268, -33.034569918852362, 0.0 ], [ -68.940725316411658, -33.034871852579087, 0.0 ], [ -68.940921460865042, -33.035303034862949, 0.0 ], [ -68.94133666779625, -33.035190431629829, 0.0 ], [ -68.941227454510198, -33.034904730624824, 0.0 ], [ -68.941994743938892, -33.034696732258446, 0.0 ], [ -68.941935556088268, -33.034569918852362, 0.0 ] ] ] ] } },
{ "type": "Feature", "properties": { "ccpp1": "1104 546", "LAYER_2": "PADRONES_COMPUERTAS" }, "geometry": { "type": "MultiPolygon", "coordinates": [ [ [ [ -68.941994743938892, -33.034696732258446, 0.0 ], [ -68.941227454510198, -33.034904730624824, 0.0 ], [ -68.94133666779625, -33.035190431629829, 0.0 ], [ -68.941563007595505, -33.03512904382503, 0.0 ], [ -68.941506463015244, -33.035002332449558, 0.0 ], [ -68.942071604267483, -33.034861412333079, 0.0 ], [ -68.941994743938892, -33.034696732258446, 0.0 ] ] ] ] } },
{ "type": "Feature", "properties": { "ccpp1": "CC1919-1104 250", "LAYER_2": "PADRONES_COMPUERTAS" }, "geometry": { "type": "MultiPolygon", "coordinates": [ [ [ [ -68.951861550861281, -33.042723805259989, 0.0 ], [ -68.946238254117276, -33.043592977080323, 0.0 ], [ -68.946234774403209, -33.043593514779786, 0.0 ], [ -68.946235753988049, -33.043597033520399, 0.0 ], [ -68.94633432499721, -33.043815133255791, 0.0 ], [ -68.946404845879286, -33.043969901950746, 0.0 ], [ -68.946804047618102, -33.044855476198997, 0.0 ], [ -68.946810910623, -33.044870701124275, 0.0 ], [ -68.946830414214489, -33.044917911881299, 0.0 ], [ -68.946875663612218, -33.045027439923345, 0.0 ], [ -68.946914990601641, -33.045122630672353, 0.0 ], [ -68.946988583491589, -33.045299731079957, 0.0 ], [ -68.949248908941712, -33.045527396952949, 0.0 ], [ -68.952263715519905, -33.045302726651002, 0.0 ], [ -68.952332512819623, -33.045782868045329, 0.0 ], [ -68.95247619013378, -33.045887131596196, 0.0 ], [ -68.953366494086879, -33.045775755129213, 0.0 ], [ -68.953364574260476, -33.045662424375891, 0.0 ], [ -68.955850929872469, -33.045486653944081, 0.0 ], [ -68.958241996327587, -33.045451661034541, 0.0 ], [ -68.958943505217832, -33.045067834585815, 0.0 ], [ -68.957141662658117, -33.041907431213204, 0.0 ], [ -68.951861550861281, -33.042723805259989, 0.0 ] ] ] ] } },
{ "type": "Feature", "properties": { "ccpp1": "1104 47", "LAYER_2": "PADRONES_COMPUERTAS" }, "geometry": { "type": "MultiPolygon", "coordinates": [ [ [ [ -68.951861550861281, -33.042723805259989, 0.0 ], [ -68.946238254117276, -33.043592977080323, 0.0 ], [ -68.946234774403209, -33.043593514779786, 0.0 ], [ -68.946235753988049, -33.043597033520399, 0.0 ], [ -68.94633432499721, -33.043815133255791, 0.0 ], [ -68.946404845879286, -33.043969901950746, 0.0 ], [ -68.946804047618102, -33.044855476198997, 0.0 ], [ -68.946810910623, -33.044870701124275, 0.0 ], [ -68.946830414214489, -33.044917911881299, 0.0 ], [ -68.946875663612218, -33.045027439923345, 0.0 ], [ -68.946914990601641, -33.045122630672353, 0.0 ], [ -68.946988583491589, -33.045299731079957, 0.0 ], [ -68.949248908941712, -33.045527396952949, 0.0 ], [ -68.952263715519905, -33.045302726651002, 0.0 ], [ -68.952332512819623, -33.045782868045329, 0.0 ], [ -68.95247619013378, -33.045887131596196, 0.0 ], [ -68.953366494086879, -33.045775755129213, 0.0 ], [ -68.953364574260476, -33.045662424375891, 0.0 ], [ -68.955850929872469, -33.045486653944081, 0.0 ], [ -68.958241996327587, -33.045451661034541, 0.0 ], [ -68.958943505217832, -33.045067834585815, 0.0 ], [ -68.957141662658117, -33.041907431213204, 0.0 ], [ -68.951861550861281, -33.042723805259989, 0.0 ] ] ] ] } },
{ "type": "Feature", "properties": { "ccpp1": "1104 57", "LAYER_2": "PADRONES_COMPUERTAS" }, "geometry": { "type": "MultiPolygon", "coordinates": [ [ [ [ -68.957174731146239, -33.03363427521338, 0.0 ], [ -68.957254862311217, -33.033767193885652, 0.0 ], [ -68.958163521940165, -33.033630973558324, 0.0 ], [ -68.958947831192873, -33.033515980960061, 0.0 ], [ -68.959465098648153, -33.034656618541881, 0.0 ], [ -68.960656986116931, -33.03449119865526, 0.0 ], [ -68.960084011235807, -33.033197387816415, 0.0 ], [ -68.957174731146239, -33.03363427521338, 0.0 ] ] ] ] } },
{ "type": "Feature", "properties": { "ccpp1": "1104 23", "LAYER_2": "PADRONES_COMPUERTAS" }, "geometry": { "type": "MultiPolygon", "coordinates": [ [ [ [ -68.972496510394151, -33.046170921085498, 0.0 ], [ -68.97186645192933, -33.045507692224938, 0.0 ], [ -68.973102611701165, -33.045374968479429, 0.0 ], [ -68.970600027437243, -33.042306108858419, 0.0 ], [ -68.97265707045409, -33.042115692913441, 0.0 ], [ -68.97135496464017, -33.042169749864691, 0.0 ], [ -68.970429851167026, -33.042236454241156, 0.0 ], [ -68.970398202959686, -33.042243395913466, 0.0 ], [ -68.969848859523267, -33.042363889890119, 0.0 ], [ -68.969584121816681, -33.042421857165365, 0.0 ], [ -68.970079354853638, -33.043103900606766, 0.0 ], [ -68.966798356076978, -33.044850922980302, 0.0 ], [ -68.966581426744114, -33.045824967160456, 0.0 ], [ -68.967894659904488, -33.045816642854689, 0.0 ], [ -68.968083984505057, -33.045828170354717, 0.0 ], [ -68.968365167805899, -33.045950479754708, 0.0 ], [ -68.969122176484689, -33.046110821602689, 0.0 ], [ -68.969879187910394, -33.04627115885468, 0.0 ], [ -68.970407321211965, -33.046324995454675, 0.0 ], [ -68.970669410712759, -33.046442252154662, 0.0 ], [ -68.971473972715145, -33.046485160454651, 0.0 ], [ -68.971555791815391, -33.046420236454686, 0.0 ], [ -68.971874381216324, -33.046306979454677, 0.0 ], [ -68.972496510394151, -33.046170921085498, 0.0 ] ] ] ] } },
{ "type": "Feature", "properties": { "ccpp1": "1104 83", "LAYER_2": "PADRONES_COMPUERTAS" }, "geometry": { "type": "MultiPolygon", "coordinates": [ [ [ [ -68.973652419979999, -33.04208696434852, 0.0 ], [ -68.973088379315982, -33.042184674347894, 0.0 ], [ -68.97265707045409, -33.042115692913441, 0.0 ], [ -68.970600027437243, -33.042306108858419, 0.0 ], [ -68.973102611701165, -33.045374968479429, 0.0 ], [ -68.97186645192933, -33.045507692224938, 0.0 ], [ -68.972496510394151, -33.046170921085498, 0.0 ], [ -68.973032698712885, -33.046086281132574, 0.0 ], [ -68.973453263513449, -33.045990343444778, 0.0 ], [ -68.975314502494371, -33.045665042282089, 0.0 ], [ -68.975844992842198, -33.045736585465519, 0.0 ], [ -68.975437023542426, -33.045121810040484, 0.0 ], [ -68.976102607881131, -33.045164701931959, 0.0 ], [ -68.976133115165837, -33.045166668003475, 0.0 ], [ -68.976439725392382, -33.04520270293402, 0.0 ], [ -68.977084864807779, -33.045070729279608, 0.0 ], [ -68.97440619121808, -33.04199496958595, 0.0 ], [ -68.974321826106532, -33.042011723329665, 0.0 ], [ -68.974306956214349, -33.041974120591675, 0.0 ], [ -68.973652419979999, -33.04208696434852, 0.0 ] ] ] ] } },
{ "type": "Feature", "properties": { "ccpp1": "1104 84", "LAYER_2": "PADRONES_COMPUERTAS" }, "geometry": { "type": "MultiPolygon", "coordinates": [ [ [ [ -68.973652419979999, -33.04208696434852, 0.0 ], [ -68.973088379315982, -33.042184674347894, 0.0 ], [ -68.97265707045409, -33.042115692913441, 0.0 ], [ -68.970600027437243, -33.042306108858419, 0.0 ], [ -68.973102611701165, -33.045374968479429, 0.0 ], [ -68.97186645192933, -33.045507692224938, 0.0 ], [ -68.972496510394151, -33.046170921085498, 0.0 ], [ -68.973032698712885, -33.046086281132574, 0.0 ], [ -68.973453263513449, -33.045990343444778, 0.0 ], [ -68.975314502494371, -33.045665042282089, 0.0 ], [ -68.975844992842198, -33.045736585465519, 0.0 ], [ -68.975437023542426, -33.045121810040484, 0.0 ], [ -68.976102607881131, -33.045164701931959, 0.0 ], [ -68.976133115165837, -33.045166668003475, 0.0 ], [ -68.976439725392382, -33.04520270293402, 0.0 ], [ -68.977084864807779, -33.045070729279608, 0.0 ], [ -68.97440619121808, -33.04199496958595, 0.0 ], [ -68.974321826106532, -33.042011723329665, 0.0 ], [ -68.974306956214349, -33.041974120591675, 0.0 ], [ -68.973652419979999, -33.04208696434852, 0.0 ] ] ] ] } },
{ "type": "Feature", "properties": { "ccpp1": "1104 86", "LAYER_2": "PADRONES_COMPUERTAS" }, "geometry": { "type": "MultiPolygon", "coordinates": [ [ [ [ -68.96060463646333, -33.039011906623635, 0.0 ], [ -68.960888229511667, -33.039534843442937, 0.0 ], [ -68.961245326476984, -33.039471977646919, 0.0 ], [ -68.961264727063792, -33.039468561829203, 0.0 ], [ -68.96099787288891, -33.038989305345204, 0.0 ], [ -68.960381046080059, -33.037895967018429, 0.0 ], [ -68.960345770511708, -33.037800514790788, 0.0 ], [ -68.960014176836992, -33.036745386546642, 0.0 ], [ -68.960002070716783, -33.036747442084398, 0.0 ], [ -68.959387599895578, -33.036825908129607, 0.0 ], [ -68.959403717075759, -33.036854469313887, 0.0 ], [ -68.959802156363182, -33.037560550326276, 0.0 ], [ -68.960001116857413, -33.037913128136701, 0.0 ], [ -68.960197353431695, -33.038260875389703, 0.0 ], [ -68.96060463646333, -33.039011906623635, 0.0 ] ] ] ] } },
{ "type": "Feature", "properties": { "ccpp1": "1104 151", "LAYER_2": "PADRONES_COMPUERTAS" }, "geometry": { "type": "MultiPolygon", "coordinates": [ [ [ [ -68.942016995348638, -33.035944539941553, 0.0 ], [ -68.942106465290379, -33.036213583488717, 0.0 ], [ -68.942346337922444, -33.036183815863893, 0.0 ], [ -68.942594275050183, -33.036153046124376, 0.0 ], [ -68.942666227444761, -33.036144116591416, 0.0 ], [ -68.942670081501817, -33.036143667526481, 0.0 ], [ -68.942515635106744, -33.035812765033413, 0.0 ], [ -68.942016995348638, -33.035944539941553, 0.0 ] ] ] ] } },
{ "type": "Feature", "properties": { "ccpp1": "1104 164", "LAYER_2": "PADRONES_COMPUERTAS" }, "geometry": { "type": "MultiPolygon", "coordinates": [ [ [ [ -68.944321031722723, -33.047361321653128, 0.0 ], [ -68.945393351367031, -33.047363714388403, 0.0 ], [ -68.94573317225634, -33.047358799794061, 0.0 ], [ -68.945792650356708, -33.047357939310864, 0.0 ], [ -68.945863506102071, -33.047356914223165, 0.0 ], [ -68.945886968117719, -33.047298632338183, 0.0 ], [ -68.947499682505139, -33.047154212982939, 0.0 ], [ -68.947338526850373, -33.046979718791491, 0.0 ], [ -68.94726249004438, -33.046897389440971, 0.0 ], [ -68.94701564233533, -33.045450941862939, 0.0 ], [ -68.946674364466489, -33.045450177007638, 0.0 ], [ -68.946520962096614, -33.045026644587445, 0.0 ], [ -68.946455540001679, -33.044858531647485, 0.0 ], [ -68.946040757613005, -33.043737041887269, 0.0 ], [ -68.938128067451004, -33.044627117928975, 0.0 ], [ -68.938116758004796, -33.04462821957091, 0.0 ], [ -68.938380305041562, -33.045215291400623, 0.0 ], [ -68.93860814002781, -33.045709885086332, 0.0 ], [ -68.938673775948743, -33.045935053590782, 0.0 ], [ -68.938729516469635, -33.045987144315106, 0.0 ], [ -68.938769217893807, -33.046814894246452, 0.0 ], [ -68.9387824472809, -33.047090729710618, 0.0 ], [ -68.942311192598993, -33.047181501791869, 0.0 ], [ -68.94267873569261, -33.047317065976991, 0.0 ], [ -68.944321031722723, -33.047361321653128, 0.0 ] ] ] ] } },
{ "type": "Feature", "properties": { "ccpp1": "CC1919-1104 242", "LAYER_2": "PADRONES_COMPUERTAS" }, "geometry": { "type": "MultiPolygon", "coordinates": [ [ [ [ -68.944321031722723, -33.047361321653128, 0.0 ], [ -68.945393351367031, -33.047363714388403, 0.0 ], [ -68.94573317225634, -33.047358799794061, 0.0 ], [ -68.945792650356708, -33.047357939310864, 0.0 ], [ -68.945863506102071, -33.047356914223165, 0.0 ], [ -68.945886968117719, -33.047298632338183, 0.0 ], [ -68.947499682505139, -33.047154212982939, 0.0 ], [ -68.947338526850373, -33.046979718791491, 0.0 ], [ -68.94726249004438, -33.046897389440971, 0.0 ], [ -68.94701564233533, -33.045450941862939, 0.0 ], [ -68.946674364466489, -33.045450177007638, 0.0 ], [ -68.946520962096614, -33.045026644587445, 0.0 ], [ -68.946455540001679, -33.044858531647485, 0.0 ], [ -68.946040757613005, -33.043737041887269, 0.0 ], [ -68.938128067451004, -33.044627117928975, 0.0 ], [ -68.938116758004796, -33.04462821957091, 0.0 ], [ -68.938380305041562, -33.045215291400623, 0.0 ], [ -68.93860814002781, -33.045709885086332, 0.0 ], [ -68.938673775948743, -33.045935053590782, 0.0 ], [ -68.938729516469635, -33.045987144315106, 0.0 ], [ -68.938769217893807, -33.046814894246452, 0.0 ], [ -68.9387824472809, -33.047090729710618, 0.0 ], [ -68.942311192598993, -33.047181501791869, 0.0 ], [ -68.94267873569261, -33.047317065976991, 0.0 ], [ -68.944321031722723, -33.047361321653128, 0.0 ] ] ] ] } },
{ "type": "Feature", "properties": { "ccpp1": "1104 288", "LAYER_2": "PADRONES_COMPUERTAS" }, "geometry": { "type": "MultiPolygon", "coordinates": [ [ [ [ -68.942871227861502, -33.034980693474374, 0.0 ], [ -68.942786765188572, -33.034818263686645, 0.0 ], [ -68.942310401787864, -33.034994139048919, 0.0 ], [ -68.942378200983455, -33.035144594472641, 0.0 ], [ -68.94246553874423, -33.035112331482559, 0.0 ], [ -68.942567675022048, -33.035092812258718, 0.0 ], [ -68.942871227861502, -33.034980693474374, 0.0 ] ] ] ] } },
{ "type": "Feature", "properties": { "ccpp1": "1104 531", "LAYER_2": "PADRONES_COMPUERTAS" }, "geometry": { "type": "MultiPolygon", "coordinates": [ [ [ [ -68.959062196093569, -33.036867460820716, 0.0 ], [ -68.959250763269921, -33.037195863542074, 0.0 ], [ -68.959466273189832, -33.037110723072473, 0.0 ], [ -68.95930899282385, -33.036835946075747, 0.0 ], [ -68.959062196093569, -33.036867460820716, 0.0 ] ] ] ] } },
{ "type": "Feature", "properties": { "ccpp1": "1104 524", "LAYER_2": "PADRONES_COMPUERTAS" }, "geometry": { "type": "MultiPolygon", "coordinates": [ [ [ [ -68.957945888123461, -33.041571443863475, 0.0 ], [ -68.958065453786631, -33.041784876245188, 0.0 ], [ -68.958154522869648, -33.041787881664384, 0.0 ], [ -68.958202454011129, -33.041851195026041, 0.0 ], [ -68.958828013812223, -33.04180597685032, 0.0 ], [ -68.958666163633467, -33.041514485269005, 0.0 ], [ -68.957945888123461, -33.041571443863475, 0.0 ] ] ] ] } },
{ "type": "Feature", "properties": { "ccpp1": "1104 500", "LAYER_2": "PADRONES_COMPUERTAS" }, "geometry": { "type": "MultiPolygon", "coordinates": [ [ [ [ -68.941994320928416, -33.03063689301419, 0.0 ], [ -68.942161852548395, -33.030976319329767, 0.0 ], [ -68.94220111085221, -33.030966397837368, 0.0 ], [ -68.942217900751601, -33.030962755643479, 0.0 ], [ -68.942251513734206, -33.030955464050876, 0.0 ], [ -68.942305042695438, -33.030943850926739, 0.0 ], [ -68.942358571642089, -33.030932238681274, 0.0 ], [ -68.942445242855783, -33.030912844942648, 0.0 ], [ -68.942460551122835, -33.030909419335714, 0.0 ], [ -68.942472030877539, -33.030907014458393, 0.0 ], [ -68.942398918631781, -33.030740706935795, 0.0 ], [ -68.942323345123668, -33.030568798842864, 0.0 ], [ -68.942081527333855, -33.030618845972818, 0.0 ], [ -68.942021466278362, -33.030631275587162, 0.0 ], [ -68.941994320928416, -33.03063689301419, 0.0 ] ] ] ] } },
{ "type": "Feature", "properties": { "ccpp1": "1104 301", "LAYER_2": "PADRONES_COMPUERTAS" }, "geometry": { "type": "MultiPolygon", "coordinates": [ [ [ [ -68.941134547084076, -33.019051694482599, 0.0 ], [ -68.940766131884686, -33.019167049450665, 0.0 ], [ -68.940440990186303, -33.018998689060766, 0.0 ], [ -68.940320293556596, -33.018830425337264, 0.0 ], [ -68.940134516795723, -33.018709071780997, 0.0 ], [ -68.939962604033994, -33.018697253933667, 0.0 ], [ -68.939902256070908, -33.018615077593743, 0.0 ], [ -68.939693151001435, -33.01863453578612, 0.0 ], [ -68.938861690340417, -33.018258601808924, 0.0 ], [ -68.938559862771044, -33.017980718179437, 0.0 ], [ -68.938252340930376, -33.01797542905615, 0.0 ], [ -68.938003905369214, -33.017700137334124, 0.0 ], [ -68.937488619573386, -33.018300618733797, 0.0 ], [ -68.938677951398205, -33.018984638953469, 0.0 ], [ -68.938851049336506, -33.019175383760768, 0.0 ], [ -68.938934637586527, -33.019215714187254, 0.0 ], [ -68.939323341801085, -33.019258049813494, 0.0 ], [ -68.939599796712997, -33.019407291036323, 0.0 ], [ -68.939687078920898, -33.019337835820011, 0.0 ], [ -68.939689515937971, -33.019336304151864, 0.0 ], [ -68.94004853056596, -33.019444497668424, 0.0 ], [ -68.940641459075621, -33.019421657645786, 0.0 ], [ -68.940996883903921, -33.019098354227737, 0.0 ], [ -68.941134547084076, -33.019051694482599, 0.0 ] ] ] ] } },
{ "type": "Feature", "properties": { "ccpp1": "1104 533", "LAYER_2": "PADRONES_COMPUERTAS" }, "geometry": { "type": "MultiPolygon", "coordinates": [ [ [ [ -68.937077419300962, -33.038239612757273, 0.0 ], [ -68.936738356874969, -33.038281639520193, 0.0 ], [ -68.936900106145288, -33.038620096096693, 0.0 ], [ -68.937069937794121, -33.038975462856932, 0.0 ], [ -68.937230006965649, -33.038939206140896, 0.0 ], [ -68.937394144506086, -33.038902229923721, 0.0 ], [ -68.937077419300962, -33.038239612757273, 0.0 ] ] ] ] } },
{ "type": "Feature", "properties": { "ccpp1": "1104 561", "LAYER_2": "PADRONES_COMPUERTAS" }, "geometry": { "type": "MultiPolygon", "coordinates": [ [ [ [ -68.937731924016575, -33.032137008619252, 0.0 ], [ -68.937971581106254, -33.03279693916592, 0.0 ], [ -68.938474028200019, -33.032674831020095, 0.0 ], [ -68.938386856949336, -33.032419975474269, 0.0 ], [ -68.938160312520381, -33.032474594905395, 0.0 ], [ -68.938020782328266, -33.032067378332584, 0.0 ], [ -68.937731924016575, -33.032137008619252, 0.0 ] ] ] ] } },
{ "type": "Feature", "properties": { "ccpp1": "1104 366", "LAYER_2": "PADRONES_COMPUERTAS" }, "geometry": { "type": "MultiPolygon", "coordinates": [ [ [ [ -68.936333396042059, -33.037643869879886, 0.0 ], [ -68.935826036981723, -33.037710351673283, 0.0 ], [ -68.935951224736854, -33.037960062636209, 0.0 ], [ -68.936102591402445, -33.038261929620461, 0.0 ], [ -68.9361052638518, -33.038267250849451, 0.0 ], [ -68.9366145532464, -33.03820466412914, 0.0 ], [ -68.936609956617829, -33.038195464747027, 0.0 ], [ -68.936333396042059, -33.037643869879886, 0.0 ] ] ] ] } },
{ "type": "Feature", "properties": { "ccpp1": "1104 586", "LAYER_2": "PADRONES_COMPUERTAS" }, "geometry": { "type": "MultiPolygon", "coordinates": [ [ [ [ -68.935526110272278, -33.015940049615871, 0.0 ], [ -68.934789178234425, -33.016274457590079, 0.0 ], [ -68.934538181281027, -33.016153822822133, 0.0 ], [ -68.934488720455377, -33.016178888667412, 0.0 ], [ -68.93448788592201, -33.016178535674662, 0.0 ], [ -68.933960916237041, -33.016437462308673, 0.0 ], [ -68.934218363573351, -33.016520692965095, 0.0 ], [ -68.93425302189533, -33.016530373569459, 0.0 ], [ -68.934289116207694, -33.016540455263595, 0.0 ], [ -68.935002438424277, -33.016777777977268, 0.0 ], [ -68.935738160342126, -33.016928562735707, 0.0 ], [ -68.936742485925066, -33.017112165273602, 0.0 ], [ -68.937697805196834, -33.017283506767605, 0.0 ], [ -68.93776272342771, -33.017295150016039, 0.0 ], [ -68.937878317003594, -33.017240719030724, 0.0 ], [ -68.937976544738177, -33.017171419604395, 0.0 ], [ -68.937754273198792, -33.017120701578435, 0.0 ], [ -68.937575210050497, -33.016980942793971, 0.0 ], [ -68.937533371494936, -33.016973343288463, 0.0 ], [ -68.937386547617706, -33.016946674833839, 0.0 ], [ -68.937375728959182, -33.016959473181728, 0.0 ], [ -68.937343266538107, -33.016934320913776, 0.0 ], [ -68.937225532117864, -33.016843100674038, 0.0 ], [ -68.936952781893154, -33.016631772122444, 0.0 ], [ -68.936929627480453, -33.016599432692281, 0.0 ], [ -68.936803518275241, -33.016429992071274, 0.0 ], [ -68.936600669199535, -33.016181568059196, 0.0 ], [ -68.936563970057307, -33.016167032453644, 0.0 ], [ -68.936145066666555, -33.016029493823766, 0.0 ], [ -68.93610234280797, -33.016021493041421, 0.0 ], [ -68.936032052264736, -33.016009508046615, 0.0 ], [ -68.936020391357857, -33.016007324525923, 0.0 ], [ -68.935860031889192, -33.015977833207735, 0.0 ], [ -68.93575128499414, -33.015944147523868, 0.0 ], [ -68.935741112447175, -33.015940996344824, 0.0 ], [ -68.935668555028471, -33.015899819168453, 0.0 ], [ -68.935665878376298, -33.015898300270671, 0.0 ], [ -68.935633025876541, -33.015891255681886, 0.0 ], [ -68.935526110272278, -33.015940049615871, 0.0 ] ] ] ] } },
{ "type": "Feature", "properties": { "ccpp1": "1104 72", "LAYER_2": "PADRONES_COMPUERTAS" }, "geometry": { "type": "MultiPolygon", "coordinates": [ [ [ [ -68.963774923862516, -33.028261649610435, 0.0 ], [ -68.963399311402682, -33.028458448225216, 0.0 ], [ -68.963543032632415, -33.028648276192357, 0.0 ], [ -68.963918132803698, -33.028451611352317, 0.0 ], [ -68.963774923862516, -33.028261649610435, 0.0 ] ] ] ] } },
{ "type": "Feature", "properties": { "ccpp1": "1104 580", "LAYER_2": "PADRONES_COMPUERTAS" }, "geometry": { "type": "MultiPolygon", "coordinates": [ [ [ [ -68.961525507915368, -33.036349183908364, 0.0 ], [ -68.962122768566928, -33.036273265555799, 0.0 ], [ -68.962175324184287, -33.036286265571086, 0.0 ], [ -68.962349183527678, -33.036259538505284, 0.0 ], [ -68.96219355040364, -33.035719750748811, 0.0 ], [ -68.961953742514808, -33.035764220442758, 0.0 ], [ -68.961328443241698, -33.035829038744495, 0.0 ], [ -68.96130777031432, -33.035857705497179, 0.0 ], [ -68.961525507915368, -33.036349183908364, 0.0 ] ] ] ] } },
{ "type": "Feature", "properties": { "ccpp1": "1104 156", "LAYER_2": "PADRONES_COMPUERTAS" }, "geometry": { "type": "MultiPolygon", "coordinates": [ [ [ [ -68.942125359954403, -33.034976586173698, 0.0 ], [ -68.941563007595505, -33.03512904382503, 0.0 ], [ -68.94133666779625, -33.035190431629829, 0.0 ], [ -68.940921460865042, -33.035303034862949, 0.0 ], [ -68.941087356536073, -33.035668019832073, 0.0 ], [ -68.94231006648404, -33.03537232977645, 0.0 ], [ -68.942125359954403, -33.034976586173698, 0.0 ] ] ] ] } },
{ "type": "Feature", "properties": { "ccpp1": "1104 585", "LAYER_2": "PADRONES_COMPUERTAS" }, "geometry": { "type": "MultiPolygon", "coordinates": [ [ [ [ -68.933938618649691, -33.033837002722251, 0.0 ], [ -68.933832397614339, -33.033530627758914, 0.0 ], [ -68.9331783899339, -33.033696677380448, 0.0 ], [ -68.933319359631511, -33.033994214342492, 0.0 ], [ -68.933938618649691, -33.033837002722251, 0.0 ] ] ] ] } },
{ "type": "Feature", "properties": { "ccpp1": "1104 147", "LAYER_2": "PADRONES_COMPUERTAS" }, "geometry": { "type": "MultiPolygon", "coordinates": [ [ [ [ -68.968425423686597, -33.041459270964872, 0.0 ], [ -68.968435510004142, -33.041475547776216, 0.0 ], [ -68.968458072945666, -33.041466763092245, 0.0 ], [ -68.968771519371401, -33.041346376896421, 0.0 ], [ -68.968898075916798, -33.041297718276113, 0.0 ], [ -68.968706771460944, -33.040991421488989, 0.0 ], [ -68.968221976571797, -33.041125058241569, 0.0 ], [ -68.968368259632541, -33.041365366388845, 0.0 ], [ -68.968425423686597, -33.041459270964872, 0.0 ] ] ] ] } },
{ "type": "Feature", "properties": { "ccpp1": "1104 608", "LAYER_2": "PADRONES_COMPUERTAS" }, "geometry": { "type": "MultiPolygon", "coordinates": [ [ [ [ -68.955707183094006, -33.037295822575636, 0.0 ], [ -68.955768211649172, -33.037402627377872, 0.0 ], [ -68.956969916649896, -33.039505643291406, 0.0 ], [ -68.956973504159976, -33.039511921963481, 0.0 ], [ -68.96060463646333, -33.039011906623635, 0.0 ], [ -68.960197353431695, -33.038260875389703, 0.0 ], [ -68.960001116857413, -33.037913128136701, 0.0 ], [ -68.959997450152215, -33.037913573288549, 0.0 ], [ -68.959684695572719, -33.037951573653523, 0.0 ], [ -68.959352554793796, -33.037991928397624, 0.0 ], [ -68.959230582272625, -33.038006748147382, 0.0 ], [ -68.958973421431054, -33.038043718942852, 0.0 ], [ -68.958536826910787, -33.038106483332932, 0.0 ], [ -68.958021204163543, -33.038180607740316, 0.0 ], [ -68.957697375645736, -33.038227158961561, 0.0 ], [ -68.957180860764609, -33.038301407628936, 0.0 ], [ -68.95658715012776, -33.037190138560078, 0.0 ], [ -68.956583819638055, -33.037183904145934, 0.0 ], [ -68.955707183094006, -33.037295822575636, 0.0 ] ] ] ] } },
{ "type": "Feature", "properties": { "ccpp1": "1104 424", "LAYER_2": "PADRONES_COMPUERTAS" }, "geometry": { "type": "MultiPolygon", "coordinates": [ [ [ [ -68.941209954556598, -33.037077300137049, 0.0 ], [ -68.940901090538304, -33.037113581752088, 0.0 ], [ -68.940925449163814, -33.037257326928156, 0.0 ], [ -68.940949714034105, -33.037400516622256, 0.0 ], [ -68.941146488704916, -33.037376895635397, 0.0 ], [ -68.94115544576357, -33.037429827971778, 0.0 ], [ -68.941265930758917, -33.03741662545962, 0.0 ], [ -68.941209954556598, -33.037077300137049, 0.0 ] ] ] ] } },
{ "type": "Feature", "properties": { "ccpp1": "1104 1074", "LAYER_2": "PADRONES_COMPUERTAS" }, "geometry": { "type": "MultiPolygon", "coordinates": [ [ [ [ -68.951770029190158, -33.02450346723559, 0.0 ], [ -68.95278820238957, -33.024209032215282, 0.0 ], [ -68.953806368820949, -33.023914588848022, 0.0 ], [ -68.953692736507293, -33.023880959756639, 0.0 ], [ -68.953424336449814, -33.023801527499757, 0.0 ], [ -68.953219696320545, -33.023740964249825, 0.0 ], [ -68.953078448780062, -33.02369916179336, 0.0 ], [ -68.952933616874986, -33.023656298330756, 0.0 ], [ -68.9527976166207, -33.023634144412746, 0.0 ], [ -68.952296814084534, -33.023552564233384, 0.0 ], [ -68.95201794374033, -33.023507135626154, 0.0 ], [ -68.951828249107393, -33.023476233560288, 0.0 ], [ -68.95155180294195, -33.023431198744234, 0.0 ], [ -68.951102160761394, -33.023357947803632, 0.0 ], [ -68.95131577344398, -33.023724337189492, 0.0 ], [ -68.951770029190158, -33.02450346723559, 0.0 ] ] ] ] } },
{ "type": "Feature", "properties": { "ccpp1": "1104 611", "LAYER_2": "PADRONES_COMPUERTAS" }, "geometry": { "type": "MultiPolygon", "coordinates": [ [ [ [ -68.955335712595371, -33.024907834799521, 0.0 ], [ -68.954237655182766, -33.025114251973726, 0.0 ], [ -68.954240659465029, -33.025122946107309, 0.0 ], [ -68.954379045173383, -33.025523450595493, 0.0 ], [ -68.952673463126757, -33.02605297130232, 0.0 ], [ -68.952888728722925, -33.02642217157026, 0.0 ], [ -68.953031120452266, -33.026666382978007, 0.0 ], [ -68.953042109643064, -33.026685230276634, 0.0 ], [ -68.953047627259878, -33.026683538109097, 0.0 ], [ -68.953063249800294, -33.026678747987098, 0.0 ], [ -68.953113938204496, -33.02666320506669, 0.0 ], [ -68.954335940027562, -33.026288481957401, 0.0 ], [ -68.954474993612038, -33.026245776325197, 0.0 ], [ -68.955690975497589, -33.025871969148412, 0.0 ], [ -68.955890886970025, -33.025811420480927, 0.0 ], [ -68.955583505983967, -33.024861251726165, 0.0 ], [ -68.955335712595371, -33.024907834799521, 0.0 ] ] ] ] } },
{ "type": "Feature", "properties": { "ccpp1": "1104 618", "LAYER_2": "PADRONES_COMPUERTAS" }, "geometry": { "type": "MultiPolygon", "coordinates": [ [ [ [ -68.941936221092192, -33.032449358886915, 0.0 ], [ -68.942113560238383, -33.032828414066955, 0.0 ], [ -68.942503664673538, -33.032778731961862, 0.0 ], [ -68.942294176754018, -33.03245159878422, 0.0 ], [ -68.942176981977127, -33.032422420522025, 0.0 ], [ -68.942093485534414, -33.032424996651642, 0.0 ], [ -68.941936221092192, -33.032449358886915, 0.0 ] ] ] ] } },
{ "type": "Feature", "properties": { "ccpp1": "1104 1077", "LAYER_2": "PADRONES_COMPUERTAS" }, "geometry": { "type": "MultiPolygon", "coordinates": [ [ [ [ -68.948788801686021, -33.037688571692456, 0.0 ], [ -68.948981922033752, -33.037999074973534, 0.0 ], [ -68.950337650591393, -33.037828482675735, 0.0 ], [ -68.948465272066997, -33.034233418491098, 0.0 ], [ -68.94687525731409, -33.034435669625744, 0.0 ], [ -68.948579409977299, -33.03770787156207, 0.0 ], [ -68.948788801686021, -33.037688571692456, 0.0 ] ] ] ] } },
{ "type": "Feature", "properties": { "ccpp1": "1104 28", "LAYER_2": "PADRONES_COMPUERTAS" }, "geometry": { "type": "MultiPolygon", "coordinates": [ [ [ [ -68.93505227067385, -33.017580626757741, 0.0 ], [ -68.934338522129892, -33.017770964612978, 0.0 ], [ -68.934571302365384, -33.018251977646464, 0.0 ], [ -68.935104973612439, -33.018095135042991, 0.0 ], [ -68.935185542417173, -33.01802084830063, 0.0 ], [ -68.935453953119975, -33.017914368935791, 0.0 ], [ -68.935801200825523, -33.0182767325132, 0.0 ], [ -68.934750064689126, -33.018621365387922, 0.0 ], [ -68.934732358001085, -33.018627171025742, 0.0 ], [ -68.935376335906525, -33.020027149409145, 0.0 ], [ -68.938677951398205, -33.018984638953469, 0.0 ], [ -68.938680753049866, -33.018983597994769, 0.0 ], [ -68.937488619573386, -33.018300618733797, 0.0 ], [ -68.937278621537928, -33.018070006689825, 0.0 ], [ -68.936916304792547, -33.018059022931311, 0.0 ], [ -68.936519930547746, -33.017996421596727, 0.0 ], [ -68.936221162013496, -33.017876269069212, 0.0 ], [ -68.935270765278432, -33.017522359562662, 0.0 ], [ -68.93505227067385, -33.017580626757741, 0.0 ] ] ] ] } },
{ "type": "Feature", "properties": { "ccpp1": "1104 614", "LAYER_2": "PADRONES_COMPUERTAS" }, "geometry": { "type": "MultiPolygon", "coordinates": [ [ [ [ -68.934571302365384, -33.018251977646464, 0.0 ], [ -68.934750064689126, -33.018621365387922, 0.0 ], [ -68.935801200825523, -33.0182767325132, 0.0 ], [ -68.935453953119975, -33.017914368935791, 0.0 ], [ -68.935185542417173, -33.01802084830063, 0.0 ], [ -68.935104973612439, -33.018095135042991, 0.0 ], [ -68.934571302365384, -33.018251977646464, 0.0 ] ] ] ] } },
{ "type": "Feature", "properties": { "ccpp1": "1104 605", "LAYER_2": "PADRONES_COMPUERTAS" }, "geometry": { "type": "MultiPolygon", "coordinates": [ [ [ [ -68.936566343848739, -33.039002077642486, 0.0 ], [ -68.936415361644592, -33.039055199387981, 0.0 ], [ -68.936701266832955, -33.039664640891402, 0.0 ], [ -68.936871832158957, -33.039642938426951, 0.0 ], [ -68.936566343848739, -33.039002077642486, 0.0 ] ] ] ] } },
{ "type": "Feature", "properties": { "ccpp1": "1104 606", "LAYER_2": "PADRONES_COMPUERTAS" }, "geometry": { "type": "MultiPolygon", "coordinates": [ [ [ [ -68.936716790480901, -33.038949135776271, 0.0 ], [ -68.936566343848739, -33.039002077642486, 0.0 ], [ -68.936871832158957, -33.039642938426951, 0.0 ], [ -68.937045386599635, -33.039620854928934, 0.0 ], [ -68.936763611218481, -33.039044646489778, 0.0 ], [ -68.936716790480901, -33.038949135776271, 0.0 ] ] ] ] } },
{ "type": "Feature", "properties": { "ccpp1": "1104 36", "LAYER_2": "PADRONES_COMPUERTAS" }, "geometry": { "type": "MultiPolygon", "coordinates": [ [ [ [ -68.9385342633134, -33.026857040725503, 0.0 ], [ -68.938739831689858, -33.027277782128927, 0.0 ], [ -68.939260460340364, -33.027092778909974, 0.0 ], [ -68.939231504464431, -33.027034956760502, 0.0 ], [ -68.939279928501136, -33.027017749362429, 0.0 ], [ -68.939308883332714, -33.02707557150034, 0.0 ], [ -68.939533248946717, -33.02699584269088, 0.0 ], [ -68.939787669942817, -33.027516556458053, 0.0 ], [ -68.938991826736469, -33.027793541609618, 0.0 ], [ -68.939040801137651, -33.027893813591149, 0.0 ], [ -68.940950608360424, -33.027578425220455, 0.0 ], [ -68.940462587375649, -33.026522604665928, 0.0 ], [ -68.9385342633134, -33.026857040725503, 0.0 ] ] ] ] } },
{ "type": "Feature", "properties": { "ccpp1": "1104 616", "LAYER_2": "PADRONES_COMPUERTAS" }, "geometry": { "type": "MultiPolygon", "coordinates": [ [ [ [ -68.938739831689858, -33.027277782128927, 0.0 ], [ -68.938991826736469, -33.027793541609618, 0.0 ], [ -68.939787669942817, -33.027516556458053, 0.0 ], [ -68.939533248946717, -33.02699584269088, 0.0 ], [ -68.939308883332714, -33.02707557150034, 0.0 ], [ -68.939279928501136, -33.027017749362429, 0.0 ], [ -68.939231504464431, -33.027034956760502, 0.0 ], [ -68.939260460340364, -33.027092778909974, 0.0 ], [ -68.938739831689858, -33.027277782128927, 0.0 ] ] ] ] } },
{ "type": "Feature", "properties": { "ccpp1": "1104 609", "LAYER_2": "PADRONES_COMPUERTAS" }, "geometry": { "type": "MultiPolygon", "coordinates": [ [ [ [ -68.954808378631469, -33.037445110115833, 0.0 ], [ -68.956680443928178, -33.040772032157435, 0.0 ], [ -68.961230254715602, -33.040165521297254, 0.0 ], [ -68.96124671200748, -33.040163327234204, 0.0 ], [ -68.960904501187571, -33.039564848045401, 0.0 ], [ -68.96060463646333, -33.039011906623635, 0.0 ], [ -68.956973504159976, -33.039511921963481, 0.0 ], [ -68.956969916649896, -33.039505643291406, 0.0 ], [ -68.955768211649172, -33.037402627377872, 0.0 ], [ -68.955707183094006, -33.037295822575636, 0.0 ], [ -68.955448931879872, -33.037328791319609, 0.0 ], [ -68.954794115302889, -33.037419761668495, 0.0 ], [ -68.954808378631469, -33.037445110115833, 0.0 ] ] ] ] } },
{ "type": "Feature", "properties": { "ccpp1": "1104 625", "LAYER_2": "PADRONES_COMPUERTAS" }, "geometry": { "type": "MultiPolygon", "coordinates": [ [ [ [ -68.959250763269921, -33.037195863542074, 0.0 ], [ -68.959365203872778, -33.03739516756707, 0.0 ], [ -68.959517767142643, -33.037334027926718, 0.0 ], [ -68.959569158654247, -33.037313432378987, 0.0 ], [ -68.959579850672455, -33.037309147493367, 0.0 ], [ -68.959466273189832, -33.037110723072473, 0.0 ], [ -68.959250763269921, -33.037195863542074, 0.0 ] ] ] ] } },
{ "type": "Feature", "properties": { "ccpp1": "1104 621", "LAYER_2": "PADRONES_COMPUERTAS" }, "geometry": { "type": "MultiPolygon", "coordinates": [ [ [ [ -68.953806369211676, -33.023914589021658, 0.0 ], [ -68.953860155978234, -33.024062788911024, 0.0 ], [ -68.953868386889113, -33.024085468138544, 0.0 ], [ -68.953877052810995, -33.024109344948506, 0.0 ], [ -68.953982173976243, -33.024398984115656, 0.0 ], [ -68.954009091125315, -33.024473146753863, 0.0 ], [ -68.954121291996202, -33.024782292491686, 0.0 ], [ -68.952279223224764, -33.025376807941477, 0.0 ], [ -68.952673463126757, -33.02605297130232, 0.0 ], [ -68.954379045173383, -33.025523450595493, 0.0 ], [ -68.954240659465029, -33.025122946107309, 0.0 ], [ -68.954237655182766, -33.025114251973726, 0.0 ], [ -68.955335712595371, -33.024907834799521, 0.0 ], [ -68.955042537914764, -33.02402476678931, 0.0 ], [ -68.954342883252068, -33.024160955807545, 0.0 ], [ -68.954064922371316, -33.024133281535285, 0.0 ], [ -68.953806369211676, -33.023914589021658, 0.0 ] ] ] ] } },
{ "type": "Feature", "properties": { "ccpp1": "1104 992", "LAYER_2": "PADRONES_COMPUERTAS" }, "geometry": { "type": "MultiPolygon", "coordinates": [ [ [ [ -68.946657260148768, -33.036983359186479, 0.0 ], [ -68.946808020139912, -33.037246531288041, 0.0 ], [ -68.946831280283405, -33.03728713535299, 0.0 ], [ -68.947448176089637, -33.037200654099514, 0.0 ], [ -68.947549989138366, -33.037398486554679, 0.0 ], [ -68.94694375505145, -33.037483474400112, 0.0 ], [ -68.946952175413472, -33.037498173421412, 0.0 ], [ -68.947322951092019, -33.03814540055366, 0.0 ], [ -68.947366480147053, -33.03822138473371, 0.0 ], [ -68.948594782878743, -33.038049226773602, 0.0 ], [ -68.948007534351902, -33.036910185941437, 0.0 ], [ -68.947477225597282, -33.0369845329732, 0.0 ], [ -68.947346389759801, -33.037002872589873, 0.0 ], [ -68.947218173556777, -33.036753734604183, 0.0 ], [ -68.947217954086454, -33.036753765168164, 0.0 ], [ -68.946577378105161, -33.036843565925011, 0.0 ], [ -68.946657260148768, -33.036983359186479, 0.0 ] ] ] ] } },
{ "type": "Feature", "properties": { "ccpp1": "1104 992", "LAYER_2": "PADRONES_COMPUERTAS" }, "geometry": { "type": "MultiPolygon", "coordinates": [ [ [ [ -68.947411664215238, -33.037670114827002, 0.0 ], [ -68.947444927987192, -33.037704929612822, 0.0 ], [ -68.94746819813065, -33.037715116868284, 0.0 ], [ -68.947500539493134, -33.037722509105414, 0.0 ], [ -68.947524713068702, -33.037739566626058, 0.0 ], [ -68.947538908869717, -33.037759673142887, 0.0 ], [ -68.947540102555195, -33.037785371854341, 0.0 ], [ -68.947535855128081, -33.037811831371698, 0.0 ], [ -68.94753855936942, -33.037840796021065, 0.0 ], [ -68.947534913898949, -33.037870563351539, 0.0 ], [ -68.947544580300956, -33.03788252624426, 0.0 ], [ -68.947563010893234, -33.037897545605226, 0.0 ], [ -68.9475983701915, -33.037913335578367, 0.0 ], [ -68.947641903320331, -33.037909282789535, 0.0 ], [ -68.947677280059906, -33.03789377687643, 0.0 ], [ -68.94770054808744, -33.0378876326495, 0.0 ], [ -68.947737692801326, -33.037864208926194, 0.0 ], [ -68.948442498487054, -33.03775385553962, 0.0 ], [ -68.948331201040475, -33.037537981328256, 0.0 ], [ -68.947411664215238, -33.037670114827002, 0.0 ] ] ] ] } },
{ "type": "Feature", "properties": { "ccpp1": "1104 708", "LAYER_2": "PADRONES_COMPUERTAS" }, "geometry": { "type": "MultiPolygon", "coordinates": [ [ [ [ -68.94613749636153, -33.034779089418343, 0.0 ], [ -68.946240182234234, -33.034978239131718, 0.0 ], [ -68.946959690011894, -33.034877474991809, 0.0 ], [ -68.946857008958091, -33.0346783231779, 0.0 ], [ -68.94613749636153, -33.034779089418343, 0.0 ] ] ] ] } },
{ "type": "Feature", "properties": { "ccpp1": "1104 708", "LAYER_2": "PADRONES_COMPUERTAS" }, "geometry": { "type": "MultiPolygon", "coordinates": [ [ [ [ -68.946148401331186, -33.034777561549575, 0.0 ], [ -68.945449856707413, -33.0348753600083, 0.0 ], [ -68.945813857587126, -33.035510746366114, 0.0 ], [ -68.946490138957614, -33.035416002020668, 0.0 ], [ -68.94718697388501, -33.035318287191977, 0.0 ], [ -68.946857007726138, -33.034678320788544, 0.0 ], [ -68.946148401331186, -33.034777561549575, 0.0 ] ] ] ] } },
{ "type": "Feature", "properties": { "ccpp1": "1104 1048", "LAYER_2": "PADRONES_COMPUERTAS" }, "geometry": { "type": "MultiPolygon", "coordinates": [ [ [ [ -68.944785758366635, -33.033601169578091, 0.0 ], [ -68.94489269168227, -33.033810331820099, 0.0 ], [ -68.94559959844895, -33.033712692361547, 0.0 ], [ -68.945492002045285, -33.03350222354549, 0.0 ], [ -68.944785758366635, -33.033601169578091, 0.0 ] ] ] ] } },
{ "type": "Feature", "properties": { "ccpp1": "1104 642", "LAYER_2": "PADRONES_COMPUERTAS" }, "geometry": { "type": "MultiPolygon", "coordinates": [ [ [ [ -68.942419757586805, -33.033905963613307, 0.0 ], [ -68.942303814639047, -33.033677535449499, 0.0 ], [ -68.941738918693858, -33.033771751099252, 0.0 ], [ -68.941873929880458, -33.034066478644547, 0.0 ], [ -68.942313351015372, -33.033909791655077, 0.0 ], [ -68.94232885340837, -33.033939463827259, 0.0 ], [ -68.942419757586805, -33.033905963613307, 0.0 ] ] ] ] } },
{ "type": "Feature", "properties": { "ccpp1": "1104 593", "LAYER_2": "PADRONES_COMPUERTAS" }, "geometry": { "type": "MultiPolygon", "coordinates": [ [ [ [ -68.937522402581308, -33.030698253351609, 0.0 ], [ -68.937182372288405, -33.030781579304211, 0.0 ], [ -68.937318888339803, -33.031069849476758, 0.0 ], [ -68.937698934168168, -33.030976146859807, 0.0 ], [ -68.937658104903903, -33.030889385590882, 0.0 ], [ -68.937616993404745, -33.030899463775079, 0.0 ], [ -68.937522402581308, -33.030698253351609, 0.0 ] ] ] ] } },
{ "type": "Feature", "properties": { "ccpp1": "1104 594", "LAYER_2": "PADRONES_COMPUERTAS" }, "geometry": { "type": "MultiPolygon", "coordinates": [ [ [ [ -68.937698934168168, -33.030976146859807, 0.0 ], [ -68.937318888339803, -33.031069849476758, 0.0 ], [ -68.937425967352951, -33.0312959578701, 0.0 ], [ -68.937806032240616, -33.031202249530438, 0.0 ], [ -68.937698934168168, -33.030976146859807, 0.0 ] ] ] ] } },
{ "type": "Feature", "properties": { "ccpp1": "1104 934", "LAYER_2": "PADRONES_COMPUERTAS" }, "geometry": { "type": "MultiPolygon", "coordinates": [ [ [ [ -68.937529237557925, -33.031514023143949, 0.0 ], [ -68.937632509340645, -33.031732089227503, 0.0 ], [ -68.938010839336414, -33.03163880860064, 0.0 ], [ -68.937908435001532, -33.031420528659993, 0.0 ], [ -68.937529237557925, -33.031514023143949, 0.0 ] ] ] ] } },
{ "type": "Feature", "properties": { "ccpp1": "1104 652", "LAYER_2": "PADRONES_COMPUERTAS" }, "geometry": { "type": "MultiPolygon", "coordinates": [ [ [ [ -68.942961728394494, -33.031791757239276, 0.0 ], [ -68.943095133673694, -33.032041886116687, 0.0 ], [ -68.943114727373214, -33.032034681672926, 0.0 ], [ -68.944307454951542, -33.03434981183365, 0.0 ], [ -68.944491825322103, -33.034706161666755, 0.0 ], [ -68.944502898232543, -33.034726756268164, 0.0 ], [ -68.945867060585627, -33.037086260245829, 0.0 ], [ -68.946585584224465, -33.03832366307153, 0.0 ], [ -68.946806236091845, -33.03829319068015, 0.0 ], [ -68.946059584931859, -33.037007357201524, 0.0 ], [ -68.944724706140448, -33.034698608051038, 0.0 ], [ -68.944588074375005, -33.034441726963784, 0.0 ], [ -68.943311199124423, -33.03196308814438, 0.0 ], [ -68.943330899775219, -33.031955973882368, 0.0 ], [ -68.943228075314437, -33.031757530399794, 0.0 ], [ -68.942961728394494, -33.031791757239276, 0.0 ] ] ] ] } },
{ "type": "Feature", "properties": { "ccpp1": "1104 1083", "LAYER_2": "PADRONES_COMPUERTAS" }, "geometry": { "type": "MultiPolygon", "coordinates": [ [ [ [ -68.946059584931859, -33.037007357201524, 0.0 ], [ -68.946806236091845, -33.03829319068015, 0.0 ], [ -68.94708373479483, -33.03825841399815, 0.0 ], [ -68.946372805491933, -33.037020656620072, 0.0 ], [ -68.946657260148768, -33.036983359186479, 0.0 ], [ -68.946577378105161, -33.036843565925011, 0.0 ], [ -68.946385996400352, -33.036509537155425, 0.0 ], [ -68.946004628542113, -33.035843906588489, 0.0 ], [ -68.945813857587126, -33.035510746366114, 0.0 ], [ -68.945449856707413, -33.0348753600083, 0.0 ], [ -68.945337467238687, -33.034681621798555, 0.0 ], [ -68.945274281581533, -33.03455681263798, 0.0 ], [ -68.945116685251946, -33.034248461806712, 0.0 ], [ -68.94489269168227, -33.033810331820099, 0.0 ], [ -68.943805163638501, -33.031682909856691, 0.0 ], [ -68.943228075314437, -33.031757530399794, 0.0 ], [ -68.943330899775219, -33.031955973882368, 0.0 ], [ -68.943311199124423, -33.03196308814438, 0.0 ], [ -68.944685583019023, -33.034630940981394, 0.0 ], [ -68.944724706140448, -33.034698608051038, 0.0 ], [ -68.946059584931859, -33.037007357201524, 0.0 ] ] ] ] } },
{ "type": "Feature", "properties": { "ccpp1": "1104 1084", "LAYER_2": "PADRONES_COMPUERTAS" }, "geometry": { "type": "MultiPolygon", "coordinates": [ [ [ [ -68.943810553241732, -33.034531409211112, 0.0 ], [ -68.94400676501796, -33.034888909479122, 0.0 ], [ -68.944249584710079, -33.035328316296479, 0.0 ], [ -68.94449444805241, -33.035771415866371, 0.0 ], [ -68.944737798667447, -33.036211774977403, 0.0 ], [ -68.944975157218522, -33.03662156808776, 0.0 ], [ -68.945248710368944, -33.037093844901619, 0.0 ], [ -68.945288468221889, -33.037161598469311, 0.0 ], [ -68.945582712484239, -33.037123285421977, 0.0 ], [ -68.945867060585627, -33.037086260245829, 0.0 ], [ -68.944502898232543, -33.034726756268164, 0.0 ], [ -68.944491825322103, -33.034706161666755, 0.0 ], [ -68.944307454951542, -33.03434981183365, 0.0 ], [ -68.943114727373214, -33.032034681672926, 0.0 ], [ -68.943095133673694, -33.032041886116687, 0.0 ], [ -68.942961728394494, -33.031791757239276, 0.0 ], [ -68.942386723448962, -33.031865644800483, 0.0 ], [ -68.943810553241732, -33.034531409211112, 0.0 ] ] ] ] } },
{ "type": "Feature", "properties": { "ccpp1": "1104 643", "LAYER_2": "PADRONES_COMPUERTAS" }, "geometry": { "type": "MultiPolygon", "coordinates": [ [ [ [ -68.965787682267873, -33.032614702850481, 0.0 ], [ -68.965930454948918, -33.032941393410013, 0.0 ], [ -68.966440054322916, -33.032783308775471, 0.0 ], [ -68.966297132233365, -33.032456777444068, 0.0 ], [ -68.965787682267873, -33.032614702850481, 0.0 ] ] ] ] } },
{ "type": "Feature", "properties": { "ccpp1": "1104 654", "LAYER_2": "PADRONES_COMPUERTAS" }, "geometry": { "type": "MultiPolygon", "coordinates": [ [ [ [ -68.945130332959394, -33.037617473755994, 0.0 ], [ -68.945083815399727, -33.037710145110445, 0.0 ], [ -68.944937792829833, -33.037718285965241, 0.0 ], [ -68.945036743286366, -33.038006143094087, 0.0 ], [ -68.945184306488912, -33.038434113265843, 0.0 ], [ -68.945588878787419, -33.038411686354188, 0.0 ], [ -68.945598593123449, -33.038456233151834, 0.0 ], [ -68.945682493640533, -33.038427078097321, 0.0 ], [ -68.945341567183661, -33.037927110255481, 0.0 ], [ -68.945130332959394, -33.037617473755994, 0.0 ] ] ] ] } },
{ "type": "Feature", "properties": { "ccpp1": "1104 701", "LAYER_2": "PADRONES_COMPUERTAS" }, "geometry": { "type": "MultiPolygon", "coordinates": [ [ [ [ -68.93500621413375, -33.029794033430107, 0.0 ], [ -68.935746051798773, -33.031398901003882, 0.0 ], [ -68.936633971434787, -33.031194919943907, 0.0 ], [ -68.937096715772611, -33.032198669556038, 0.0 ], [ -68.937779216640138, -33.032041873337249, 0.0 ], [ -68.936533930859838, -33.029412149959647, 0.0 ], [ -68.93500621413375, -33.029794033430107, 0.0 ] ] ] ] } },
{ "type": "Feature", "properties": { "ccpp1": "1104 626", "LAYER_2": "PADRONES_COMPUERTAS" }, "geometry": { "type": "MultiPolygon", "coordinates": [ [ [ [ -68.940707610806385, -33.031938786347411, 0.0 ], [ -68.940011685893566, -33.03210455076033, 0.0 ], [ -68.940099003026148, -33.032308460781195, 0.0 ], [ -68.940801991135061, -33.032141023030157, 0.0 ], [ -68.940707610806385, -33.031938786347411, 0.0 ] ] ] ] } },
{ "type": "Feature", "properties": { "ccpp1": "1104 653", "LAYER_2": "PADRONES_COMPUERTAS" }, "geometry": { "type": "MultiPolygon", "coordinates": [ [ [ [ -68.942378200983455, -33.035144594472641, 0.0 ], [ -68.942484953624145, -33.035381489444937, 0.0 ], [ -68.942977715281671, -33.035185692174444, 0.0 ], [ -68.942871227861502, -33.034980693474374, 0.0 ], [ -68.942567675022048, -33.035092812258718, 0.0 ], [ -68.94246553874423, -33.035112331482559, 0.0 ], [ -68.942378200983455, -33.035144594472641, 0.0 ] ] ] ] } },
{ "type": "Feature", "properties": { "ccpp1": "1104 1039", "LAYER_2": "PADRONES_COMPUERTAS" }, "geometry": { "type": "MultiPolygon", "coordinates": [ [ [ [ -68.96159089517576, -33.034914644254442, 0.0 ], [ -68.961917681166113, -33.035664438796779, 0.0 ], [ -68.961946156870439, -33.035729774268169, 0.0 ], [ -68.961237570679472, -33.035802140729182, 0.0 ], [ -68.961242596991767, -33.035813503354589, 0.0 ], [ -68.961482257601915, -33.036354670761732, 0.0 ], [ -68.961525507915368, -33.036349183908364, 0.0 ], [ -68.96130777031432, -33.035857705497179, 0.0 ], [ -68.961328443241698, -33.035829038744495, 0.0 ], [ -68.961953742514808, -33.035764220442758, 0.0 ], [ -68.96219355040364, -33.035719750748811, 0.0 ], [ -68.962195197551367, -33.035725463643963, 0.0 ], [ -68.9622713667288, -33.035989644657, 0.0 ], [ -68.962349183527678, -33.036259538505284, 0.0 ], [ -68.963417361354331, -33.036053585232565, 0.0 ], [ -68.963377158638878, -33.035963571125329, 0.0 ], [ -68.963189644426222, -33.03554372313944, 0.0 ], [ -68.96316416768633, -33.035486679890219, 0.0 ], [ -68.962840990351538, -33.03476306845679, 0.0 ], [ -68.96159089517576, -33.034914644254442, 0.0 ] ] ] ] } },
{ "type": "Feature", "properties": { "ccpp1": "1104 731", "LAYER_2": "PADRONES_COMPUERTAS" }, "geometry": { "type": "MultiPolygon", "coordinates": [ [ [ [ -68.937632509340645, -33.031732089227503, 0.0 ], [ -68.937779216640138, -33.032041873337249, 0.0 ], [ -68.938156535698781, -33.031949368109714, 0.0 ], [ -68.938010839336414, -33.03163880860064, 0.0 ], [ -68.937632509340645, -33.031732089227503, 0.0 ] ] ] ] } },
{ "type": "Feature", "properties": { "ccpp1": "1104 729", "LAYER_2": "PADRONES_COMPUERTAS" }, "geometry": { "type": "MultiPolygon", "coordinates": [ [ [ [ -68.938181040599829, -33.031611525480734, 0.0 ], [ -68.938320952300501, -33.031909058180609, 0.0 ], [ -68.938717400066125, -33.031811862094223, 0.0 ], [ -68.938578109403664, -33.031503102516304, 0.0 ], [ -68.938181040599829, -33.031611525480734, 0.0 ] ] ] ] } },
{ "type": "Feature", "properties": { "ccpp1": "1104 728", "LAYER_2": "PADRONES_COMPUERTAS" }, "geometry": { "type": "MultiPolygon", "coordinates": [ [ [ [ -68.938181040599829, -33.031611525480734, 0.0 ], [ -68.938578109403664, -33.031503102516304, 0.0 ], [ -68.938380575371298, -33.031065233319445, 0.0 ], [ -68.937976089859774, -33.031175680740532, 0.0 ], [ -68.938181040599829, -33.031611525480734, 0.0 ] ] ] ] } },
{ "type": "Feature", "properties": { "ccpp1": "1104 727", "LAYER_2": "PADRONES_COMPUERTAS" }, "geometry": { "type": "MultiPolygon", "coordinates": [ [ [ [ -68.937976089859774, -33.031175680740532, 0.0 ], [ -68.938380575371298, -33.031065233319445, 0.0 ], [ -68.938266504767697, -33.030812373265036, 0.0 ], [ -68.937857736669386, -33.030923989461257, 0.0 ], [ -68.937976089859774, -33.031175680740532, 0.0 ] ] ] ] } },
{ "type": "Feature", "properties": { "ccpp1": "1104 726", "LAYER_2": "PADRONES_COMPUERTAS" }, "geometry": { "type": "MultiPolygon", "coordinates": [ [ [ [ -68.937857736669386, -33.030923989461257, 0.0 ], [ -68.938266504767697, -33.030812373265036, 0.0 ], [ -68.938141863630719, -33.030536080605174, 0.0 ], [ -68.937769070876314, -33.030637874394507, 0.0 ], [ -68.937863662196335, -33.030839084633556, 0.0 ], [ -68.937822550743846, -33.03084916288558, 0.0 ], [ -68.937857736669386, -33.030923989461257, 0.0 ] ] ] ] } },
{ "type": "Feature", "properties": { "ccpp1": "1104 776", "LAYER_2": "PADRONES_COMPUERTAS" }, "geometry": { "type": "MultiPolygon", "coordinates": [ [ [ [ -68.932539891129039, -33.01228503864872, 0.0 ], [ -68.932673066922959, -33.012602149388314, 0.0 ], [ -68.932788954780008, -33.012575964987676, 0.0 ], [ -68.932861297035572, -33.012559596141422, 0.0 ], [ -68.932904765507146, -33.012549789454575, 0.0 ], [ -68.932755914766005, -33.012139640197404, 0.0 ], [ -68.932647247847967, -33.012122530934157, 0.0 ], [ -68.932500211413142, -33.012099379447264, 0.0 ], [ -68.932469447927119, -33.012094535239406, 0.0 ], [ -68.932539891129039, -33.01228503864872, 0.0 ] ] ] ] } },
{ "type": "Feature", "properties": { "ccpp1": "1104 749", "LAYER_2": "PADRONES_COMPUERTAS" }, "geometry": { "type": "MultiPolygon", "coordinates": [ [ [ [ -68.941660728643328, -33.036078859098808, 0.0 ], [ -68.941711379911538, -33.036262612784519, 0.0 ], [ -68.942018195024758, -33.036224537484749, 0.0 ], [ -68.942106465290379, -33.036213583488717, 0.0 ], [ -68.942016995348638, -33.035944539941553, 0.0 ], [ -68.941771064669695, -33.036009533319572, 0.0 ], [ -68.941786127489394, -33.036056787940552, 0.0 ], [ -68.941660728643328, -33.036078859098808, 0.0 ] ] ] ] } },
{ "type": "Feature", "properties": { "ccpp1": "1104 750", "LAYER_2": "PADRONES_COMPUERTAS" }, "geometry": { "type": "MultiPolygon", "coordinates": [ [ [ [ -68.941632773297741, -33.035977444937117, 0.0 ], [ -68.941285775564793, -33.036064488207671, 0.0 ], [ -68.941378640419302, -33.036303919366681, 0.0 ], [ -68.941689003728357, -33.036265389396284, 0.0 ], [ -68.941711379911538, -33.036262612784519, 0.0 ], [ -68.941660728643328, -33.036078859098808, 0.0 ], [ -68.941632773297741, -33.035977444937117, 0.0 ] ] ] ] } },
{ "type": "Feature", "properties": { "ccpp1": "1104 712", "LAYER_2": "PADRONES_COMPUERTAS" }, "geometry": { "type": "MultiPolygon", "coordinates": [ [ [ [ -68.968749665151748, -33.041995033493045, 0.0 ], [ -68.96889325146546, -33.042231307143005, 0.0 ], [ -68.969161265739714, -33.042082056983261, 0.0 ], [ -68.969275552072361, -33.041916989240654, 0.0 ], [ -68.969133569573941, -33.041685044435823, 0.0 ], [ -68.968749665151748, -33.041995033493045, 0.0 ] ] ] ] } },
{ "type": "Feature", "properties": { "ccpp1": "1104 713", "LAYER_2": "PADRONES_COMPUERTAS" }, "geometry": { "type": "MultiPolygon", "coordinates": [ [ [ [ -68.968164861630243, -33.042467271000703, 0.0 ], [ -68.968251763121515, -33.042546910677174, 0.0 ], [ -68.968466026337651, -33.042427583801008, 0.0 ], [ -68.96849428005342, -33.0424535590586, 0.0 ], [ -68.96889325146546, -33.042231307143005, 0.0 ], [ -68.968749665151748, -33.041995033493045, 0.0 ], [ -68.968164861630243, -33.042467271000703, 0.0 ] ] ] ] } },
{ "type": "Feature", "properties": { "ccpp1": "1104 714", "LAYER_2": "PADRONES_COMPUERTAS" }, "geometry": { "type": "MultiPolygon", "coordinates": [ [ [ [ -68.967826731869891, -33.042740211983123, 0.0 ], [ -68.967933061278515, -33.04290177367487, 0.0 ], [ -68.968510596713941, -33.042784117494357, 0.0 ], [ -68.968427064856641, -33.042707632898214, 0.0 ], [ -68.968251763121515, -33.042546910677174, 0.0 ], [ -68.968164861630243, -33.042467271000703, 0.0 ], [ -68.967826731869891, -33.042740211983123, 0.0 ] ] ] ] } },
{ "type": "Feature", "properties": { "ccpp1": "1104 715", "LAYER_2": "PADRONES_COMPUERTAS" }, "geometry": { "type": "MultiPolygon", "coordinates": [ [ [ [ -68.968427064856641, -33.042707632898214, 0.0 ], [ -68.968510596713941, -33.042784117494357, 0.0 ], [ -68.968839580049504, -33.042717070705329, 0.0 ], [ -68.969169066788396, -33.042586455381155, 0.0 ], [ -68.96901643695756, -33.042335480778128, 0.0 ], [ -68.968614038798876, -33.042559896231793, 0.0 ], [ -68.968641328225956, -33.042588305724145, 0.0 ], [ -68.968427064856641, -33.042707632898214, 0.0 ] ] ] ] } },
{ "type": "Feature", "properties": { "ccpp1": "1104 716", "LAYER_2": "PADRONES_COMPUERTAS" }, "geometry": { "type": "MultiPolygon", "coordinates": [ [ [ [ -68.96901643695756, -33.042335480778128, 0.0 ], [ -68.969169066788396, -33.042586455381155, 0.0 ], [ -68.969584121816681, -33.042421857165365, 0.0 ], [ -68.969350555959394, -33.042039454595489, 0.0 ], [ -68.969241834692099, -33.042209843633685, 0.0 ], [ -68.96901643695756, -33.042335480778128, 0.0 ] ] ] ] } },
{ "type": "Feature", "properties": { "ccpp1": "1104 1112", "LAYER_2": "PADRONES_COMPUERTAS" }, "geometry": { "type": "MultiPolygon", "coordinates": [ [ [ [ -68.937743739672371, -33.038829857290047, 0.0 ], [ -68.938069681539844, -33.039494305871294, 0.0 ], [ -68.937698014975766, -33.03953781221022, 0.0 ], [ -68.937359406377226, -33.039580898535661, 0.0 ], [ -68.936709749609534, -33.039663531214288, 0.0 ], [ -68.936381168488722, -33.039705368866741, 0.0 ], [ -68.935967539024148, -33.039757996927932, 0.0 ], [ -68.936430715544049, -33.040829869782421, 0.0 ], [ -68.936559931914303, -33.041158104973292, 0.0 ], [ -68.936935787464733, -33.041996449001765, 0.0 ], [ -68.936945991898256, -33.042019209623213, 0.0 ], [ -68.945046901405348, -33.040940846368308, 0.0 ], [ -68.944798460761163, -33.04031351633693, 0.0 ], [ -68.944799616794398, -33.040308609053092, 0.0 ], [ -68.944913233744401, -33.039826291406136, 0.0 ], [ -68.942558124892798, -33.040121589701521, 0.0 ], [ -68.942543902245589, -33.040053158043186, 0.0 ], [ -68.942267129794004, -33.038997623344322, 0.0 ], [ -68.942233758891433, -33.039001660008879, 0.0 ], [ -68.938888030005756, -33.039444349251106, 0.0 ], [ -68.938205774243571, -33.038041628674435, 0.0 ], [ -68.937405256016561, -33.038136982623257, 0.0 ], [ -68.937411552765681, -33.03815214828623, 0.0 ], [ -68.937432567981915, -33.038196154974372, 0.0 ], [ -68.937743739672371, -33.038829857290047, 0.0 ] ] ] ] } },
{ "type": "Feature", "properties": { "ccpp1": "1104 656", "LAYER_2": "PADRONES_COMPUERTAS" }, "geometry": { "type": "MultiPolygon", "coordinates": [ [ [ [ -68.929332849013335, -33.010949108894096, 0.0 ], [ -68.929170155346355, -33.011199099792734, 0.0 ], [ -68.929167549440294, -33.011203110768236, 0.0 ], [ -68.929164781998921, -33.011207042304633, 0.0 ], [ -68.929161851954234, -33.011210891696251, 0.0 ], [ -68.929158766801834, -33.011214653537259, 0.0 ], [ -68.929155528687147, -33.011218321517191, 0.0 ], [ -68.929152140822197, -33.01122189383446, 0.0 ], [ -68.929148609633145, -33.011225364180994, 0.0 ], [ -68.929144936192301, -33.01122872985237, 0.0 ], [ -68.929141126923739, -33.011231987245523, 0.0 ], [ -68.929137188253577, -33.011235130052334, 0.0 ], [ -68.929133120183323, -33.01123815646951, 0.0 ], [ -68.929106851133639, -33.011369464219108, 0.0 ], [ -68.929596578605455, -33.011441522852436, 0.0 ], [ -68.929594220365217, -33.011453062061676, 0.0 ], [ -68.929694299440058, -33.01146782298823, 0.0 ], [ -68.929786376191217, -33.011015840548026, 0.0 ], [ -68.929332849013335, -33.010949108894096, 0.0 ] ] ] ] } },
{ "type": "Feature", "properties": { "ccpp1": "1104 657", "LAYER_2": "PADRONES_COMPUERTAS" }, "geometry": { "type": "MultiPolygon", "coordinates": [ [ [ [ -68.929133120183323, -33.01123815646951, 0.0 ], [ -68.929128931277319, -33.011241062895088, 0.0 ], [ -68.929124623680309, -33.011243843920347, 0.0 ], [ -68.929120205954547, -33.01124649864839, 0.0 ], [ -68.929115680243996, -33.011249022572052, 0.0 ], [ -68.929111055113069, -33.011251412089507, 0.0 ], [ -68.929106333773078, -33.011253666300867, 0.0 ], [ -68.929101522648793, -33.011255780701411, 0.0 ], [ -68.929096627092591, -33.011257753490831, 0.0 ], [ -68.929091654597272, -33.011259582870011, 0.0 ], [ -68.929086608376309, -33.011261265234047, 0.0 ], [ -68.929081496991969, -33.011262799686165, 0.0 ], [ -68.929076324727191, -33.011264183523707, 0.0 ], [ -68.929071098003106, -33.011265416750355, 0.0 ], [ -68.929065824314009, -33.01126649576365, 0.0 ], [ -68.929057838564191, -33.011267823901079, 0.0 ], [ -68.929004607750272, -33.011523736814063, 0.0 ], [ -68.929663172537289, -33.011620620441121, 0.0 ], [ -68.929694299440058, -33.01146782298823, 0.0 ], [ -68.929594220365217, -33.011453062061676, 0.0 ], [ -68.929596578605455, -33.011441522852436, 0.0 ], [ -68.929106851133639, -33.011369464219108, 0.0 ], [ -68.929133120183323, -33.01123815646951, 0.0 ] ] ] ] } },
{ "type": "Feature", "properties": { "ccpp1": "1104 685", "LAYER_2": "PADRONES_COMPUERTAS" }, "geometry": { "type": "MultiPolygon", "coordinates": [ [ [ [ -68.92929656542708, -33.009999521456606, 0.0 ], [ -68.929245493193577, -33.010246498343065, 0.0 ], [ -68.929435336519006, -33.010274402652669, 0.0 ], [ -68.929481215022349, -33.010052547035293, 0.0 ], [ -68.929456507825535, -33.01002305099793, 0.0 ], [ -68.92929656542708, -33.009999521456606, 0.0 ] ] ] ] } },
{ "type": "Feature", "properties": { "ccpp1": "1104 686", "LAYER_2": "PADRONES_COMPUERTAS" }, "geometry": { "type": "MultiPolygon", "coordinates": [ [ [ [ -68.929106864000332, -33.009971613409121, 0.0 ], [ -68.929055786953555, -33.010218615462847, 0.0 ], [ -68.929245493193577, -33.010246498343065, 0.0 ], [ -68.92929656542708, -33.009999521456606, 0.0 ], [ -68.929106864000332, -33.009971613409121, 0.0 ] ] ] ] } },
{ "type": "Feature", "properties": { "ccpp1": "1104 687", "LAYER_2": "PADRONES_COMPUERTAS" }, "geometry": { "type": "MultiPolygon", "coordinates": [ [ [ [ -68.928917022516799, -33.009943685156706, 0.0 ], [ -68.928865959918738, -33.010190713290264, 0.0 ], [ -68.929055786953555, -33.010218615462847, 0.0 ], [ -68.929106864000332, -33.009971613409121, 0.0 ], [ -68.928917022516799, -33.009943685156706, 0.0 ] ] ] ] } },
{ "type": "Feature", "properties": { "ccpp1": "1104 688", "LAYER_2": "PADRONES_COMPUERTAS" }, "geometry": { "type": "MultiPolygon", "coordinates": [ [ [ [ -68.928727340590399, -33.009915780150202, 0.0 ], [ -68.928676254989512, -33.010162828932245, 0.0 ], [ -68.928865959918738, -33.010190713290264, 0.0 ], [ -68.928917022516799, -33.009943685156706, 0.0 ], [ -68.928727340590399, -33.009915780150202, 0.0 ] ] ] ] } },
{ "type": "Feature", "properties": { "ccpp1": "1104 689", "LAYER_2": "PADRONES_COMPUERTAS" }, "geometry": { "type": "MultiPolygon", "coordinates": [ [ [ [ -68.928537641663425, -33.009887872140638, 0.0 ], [ -68.928486551249705, -33.010134945188241, 0.0 ], [ -68.928676254989512, -33.010162828932245, 0.0 ], [ -68.928727340590399, -33.009915780150202, 0.0 ], [ -68.928537641663425, -33.009887872140638, 0.0 ] ] ] ] } },
{ "type": "Feature", "properties": { "ccpp1": "1104 690", "LAYER_2": "PADRONES_COMPUERTAS" }, "geometry": { "type": "MultiPolygon", "coordinates": [ [ [ [ -68.928347820871409, -33.009859945739315, 0.0 ], [ -68.928296723505539, -33.010107041247821, 0.0 ], [ -68.928486551249705, -33.010134945188241, 0.0 ], [ -68.928537641663425, -33.009887872140638, 0.0 ], [ -68.928347820871409, -33.009859945739315, 0.0 ] ] ] ] } },
{ "type": "Feature", "properties": { "ccpp1": "1104 691", "LAYER_2": "PADRONES_COMPUERTAS" }, "geometry": { "type": "MultiPolygon", "coordinates": [ [ [ [ -68.928158121115843, -33.009832035349113, 0.0 ], [ -68.928107018935478, -33.010079156926494, 0.0 ], [ -68.928296723505539, -33.010107041247821, 0.0 ], [ -68.928347820871409, -33.009859945739315, 0.0 ], [ -68.928158121115843, -33.009832035349113, 0.0 ] ] ] ] } },
{ "type": "Feature", "properties": { "ccpp1": "1104 692", "LAYER_2": "PADRONES_COMPUERTAS" }, "geometry": { "type": "MultiPolygon", "coordinates": [ [ [ [ -68.927917246003716, -33.010051260555549, 0.0 ], [ -68.928107018935478, -33.010079156926494, 0.0 ], [ -68.928158121115843, -33.009832035349113, 0.0 ], [ -68.927998141957701, -33.009808499614373, 0.0 ], [ -68.927963145395054, -33.009829304515513, 0.0 ], [ -68.927917246003716, -33.010051260555549, 0.0 ] ] ] ] } },
{ "type": "Feature", "properties": { "ccpp1": "1104 693", "LAYER_2": "PADRONES_COMPUERTAS" }, "geometry": { "type": "MultiPolygon", "coordinates": [ [ [ [ -68.928107018935478, -33.010079156926494, 0.0 ], [ -68.927917246003716, -33.010051260555549, 0.0 ], [ -68.927871388284913, -33.010273011914407, 0.0 ], [ -68.927895988004508, -33.010302509103568, 0.0 ], [ -68.928055966956023, -33.010326045869625, 0.0 ], [ -68.928107018935478, -33.010079156926494, 0.0 ] ] ] ] } },
{ "type": "Feature", "properties": { "ccpp1": "1104 694", "LAYER_2": "PADRONES_COMPUERTAS" }, "geometry": { "type": "MultiPolygon", "coordinates": [ [ [ [ -68.928296723505539, -33.010107041247821, 0.0 ], [ -68.928107018935478, -33.010079156926494, 0.0 ], [ -68.928055966956023, -33.010326045869625, 0.0 ], [ -68.928245664526585, -33.01035395551073, 0.0 ], [ -68.928296723505539, -33.010107041247821, 0.0 ] ] ] ] } },
{ "type": "Feature", "properties": { "ccpp1": "1104 695", "LAYER_2": "PADRONES_COMPUERTAS" }, "geometry": { "type": "MultiPolygon", "coordinates": [ [ [ [ -68.928486551249705, -33.010134945188241, 0.0 ], [ -68.928296723505539, -33.010107041247821, 0.0 ], [ -68.928245664526585, -33.01035395551073, 0.0 ], [ -68.928435486343318, -33.010381882968261, 0.0 ], [ -68.928486551249705, -33.010134945188241, 0.0 ] ] ] ] } },
{ "type": "Feature", "properties": { "ccpp1": "1104 696", "LAYER_2": "PADRONES_COMPUERTAS" }, "geometry": { "type": "MultiPolygon", "coordinates": [ [ [ [ -68.928676254989512, -33.010162828932245, 0.0 ], [ -68.928486551249705, -33.010134945188241, 0.0 ], [ -68.928435486343318, -33.010381882968261, 0.0 ], [ -68.928625185224931, -33.010409791131636, 0.0 ], [ -68.928676254989512, -33.010162828932245, 0.0 ] ] ] ] } },
{ "type": "Feature", "properties": { "ccpp1": "1104 697", "LAYER_2": "PADRONES_COMPUERTAS" }, "geometry": { "type": "MultiPolygon", "coordinates": [ [ [ [ -68.928865959918738, -33.010190713290264, 0.0 ], [ -68.928676254989512, -33.010162828932245, 0.0 ], [ -68.928625185224931, -33.010409791131636, 0.0 ], [ -68.928814904557797, -33.010437701723362, 0.0 ], [ -68.928865959918738, -33.010190713290264, 0.0 ] ] ] ] } },
{ "type": "Feature", "properties": { "ccpp1": "1104 698", "LAYER_2": "PADRONES_COMPUERTAS" }, "geometry": { "type": "MultiPolygon", "coordinates": [ [ [ [ -68.929055786953555, -33.010218615462847, 0.0 ], [ -68.928865959918738, -33.010190713290264, 0.0 ], [ -68.928814904557797, -33.010437701723362, 0.0 ], [ -68.929004708544085, -33.010465625599984, 0.0 ], [ -68.929055786953555, -33.010218615462847, 0.0 ] ] ] ] } },
{ "type": "Feature", "properties": { "ccpp1": "1104 699", "LAYER_2": "PADRONES_COMPUERTAS" }, "geometry": { "type": "MultiPolygon", "coordinates": [ [ [ [ -68.929245493193577, -33.010246498343065, 0.0 ], [ -68.929055786953555, -33.010218615462847, 0.0 ], [ -68.929004708544085, -33.010465625599984, 0.0 ], [ -68.929194407785118, -33.010493533800066, 0.0 ], [ -68.929245493193577, -33.010246498343065, 0.0 ] ] ] ] } },
{ "type": "Feature", "properties": { "ccpp1": "1104 700", "LAYER_2": "PADRONES_COMPUERTAS" }, "geometry": { "type": "MultiPolygon", "coordinates": [ [ [ [ -68.929435336519006, -33.010274402652669, 0.0 ], [ -68.929245493193577, -33.010246498343065, 0.0 ], [ -68.929194407785118, -33.010493533800066, 0.0 ], [ -68.929354352117841, -33.010517063472207, 0.0 ], [ -68.929389456715413, -33.010496257342666, 0.0 ], [ -68.929435336519006, -33.010274402652669, 0.0 ] ] ] ] } },
{ "type": "Feature", "properties": { "ccpp1": "1104 996", "LAYER_2": "PADRONES_COMPUERTAS" }, "geometry": { "type": "MultiPolygon", "coordinates": [ [ [ [ -68.929031072476647, -33.010870424771021, 0.0 ], [ -68.929176263465251, -33.010891797945234, 0.0 ], [ -68.929284165922894, -33.010724235903844, 0.0 ], [ -68.929286288435407, -33.010721129031921, 0.0 ], [ -68.929288148845103, -33.010717906597051, 0.0 ], [ -68.929289738579044, -33.010714583021212, 0.0 ], [ -68.929291049064247, -33.010711172726353, 0.0 ], [ -68.929292077075118, -33.010707694645824, 0.0 ], [ -68.929292812967049, -33.010704165004306, 0.0 ], [ -68.929293256726467, -33.01070060093366, 0.0 ], [ -68.929293404059649, -33.010697018661588, 0.0 ], [ -68.929293256022504, -33.010693436222226, 0.0 ], [ -68.929292811530431, -33.010689871648417, 0.0 ], [ -68.929292075922177, -33.010686340271683, 0.0 ], [ -68.929291049181927, -33.010682861928856, 0.0 ], [ -68.929289737718605, -33.010679451952058, 0.0 ], [ -68.929288147940369, -33.010676126575028, 0.0 ], [ -68.929286286255362, -33.010672902031587, 0.0 ], [ -68.929284164422697, -33.010669794558495, 0.0 ], [ -68.929281790990871, -33.010666820390753, 0.0 ], [ -68.929279176652372, -33.010663991256187, 0.0 ], [ -68.929276336378237, -33.01066132159005, 0.0 ], [ -68.929273281928971, -33.010658825825821, 0.0 ], [ -68.929270029348672, -33.01065651479265, 0.0 ], [ -68.929266593610521, -33.010654400220787, 0.0 ], [ -68.929262991829475, -33.010652492038382, 0.0 ], [ -68.929259240051081, -33.010650799271225, 0.0 ], [ -68.92925535860158, -33.010649330947572, 0.0 ], [ -68.929251365668975, -33.01064809338947, 0.0 ], [ -68.929081458832599, -33.010623122568582, 0.0 ], [ -68.929031072476647, -33.010870424771021, 0.0 ] ] ] ] } },
{ "type": "Feature", "properties": { "ccpp1": "1104 995", "LAYER_2": "PADRONES_COMPUERTAS" }, "geometry": { "type": "MultiPolygon", "coordinates": [ [ [ [ -68.928785507165941, -33.010579624863425, 0.0 ], [ -68.928734416975345, -33.010826779136195, 0.0 ], [ -68.929031072476647, -33.010870424771021, 0.0 ], [ -68.929081458832599, -33.010623122568582, 0.0 ], [ -68.928785507165941, -33.010579624863425, 0.0 ] ] ] ] } },
{ "type": "Feature", "properties": { "ccpp1": "1104 660", "LAYER_2": "PADRONES_COMPUERTAS" }, "geometry": { "type": "MultiPolygon", "coordinates": [ [ [ [ -68.928595819618621, -33.010551745804243, 0.0 ], [ -68.928544713951666, -33.010798876547668, 0.0 ], [ -68.928734416975345, -33.010826779136195, 0.0 ], [ -68.928785507165941, -33.010579624863425, 0.0 ], [ -68.928595819618621, -33.010551745804243, 0.0 ] ] ] ] } },
{ "type": "Feature", "properties": { "ccpp1": "1104 661", "LAYER_2": "PADRONES_COMPUERTAS" }, "geometry": { "type": "MultiPolygon", "coordinates": [ [ [ [ -68.92840609580945, -33.010523861025916, 0.0 ], [ -68.928355003556689, -33.010770973666546, 0.0 ], [ -68.928544713951666, -33.010798876547668, 0.0 ], [ -68.928595819618621, -33.010551745804243, 0.0 ], [ -68.92840609580945, -33.010523861025916, 0.0 ] ] ] ] } },
{ "type": "Feature", "properties": { "ccpp1": "1104 662", "LAYER_2": "PADRONES_COMPUERTAS" }, "geometry": { "type": "MultiPolygon", "coordinates": [ [ [ [ -68.92821628865714, -33.010495962386116, 0.0 ], [ -68.928165190557323, -33.010743054207865, 0.0 ], [ -68.928355003556689, -33.010770973666546, 0.0 ], [ -68.92840609580945, -33.010523861025916, 0.0 ], [ -68.92821628865714, -33.010495962386116, 0.0 ] ] ] ] } },
{ "type": "Feature", "properties": { "ccpp1": "1104 663", "LAYER_2": "PADRONES_COMPUERTAS" }, "geometry": { "type": "MultiPolygon", "coordinates": [ [ [ [ -68.928026584349681, -33.010468078845463, 0.0 ], [ -68.927975491103552, -33.010715151657884, 0.0 ], [ -68.928165190557323, -33.010743054207865, 0.0 ], [ -68.92821628865714, -33.010495962386116, 0.0 ], [ -68.928026584349681, -33.010468078845463, 0.0 ] ] ] ] } },
{ "type": "Feature", "properties": { "ccpp1": "1104 664", "LAYER_2": "PADRONES_COMPUERTAS" }, "geometry": { "type": "MultiPolygon", "coordinates": [ [ [ [ -68.927785635541554, -33.010687226187365, 0.0 ], [ -68.927975491103552, -33.010715151657884, 0.0 ], [ -68.928026584349681, -33.010468078845463, 0.0 ], [ -68.927866723907314, -33.010444581784284, 0.0 ], [ -68.927831511956285, -33.01046538652173, 0.0 ], [ -68.927785635541554, -33.010687226187365, 0.0 ] ] ] ] } },
{ "type": "Feature", "properties": { "ccpp1": "1104 665", "LAYER_2": "PADRONES_COMPUERTAS" }, "geometry": { "type": "MultiPolygon", "coordinates": [ [ [ [ -68.927975491103552, -33.010715151657884, 0.0 ], [ -68.927785635541554, -33.010687226187365, 0.0 ], [ -68.927739750311048, -33.010909094676549, 0.0 ], [ -68.927764564199293, -33.010938592914371, 0.0 ], [ -68.927924423360537, -33.010962095514522, 0.0 ], [ -68.927975491103552, -33.010715151657884, 0.0 ] ] ] ] } },
{ "type": "Feature", "properties": { "ccpp1": "1104 666", "LAYER_2": "PADRONES_COMPUERTAS" }, "geometry": { "type": "MultiPolygon", "coordinates": [ [ [ [ -68.928165190557323, -33.010743054207865, 0.0 ], [ -68.927975491103552, -33.010715151657884, 0.0 ], [ -68.927924423360537, -33.010962095514522, 0.0 ], [ -68.928114125476483, -33.010989986421187, 0.0 ], [ -68.928165190557323, -33.010743054207865, 0.0 ] ] ] ] } },
{ "type": "Feature", "properties": { "ccpp1": "1104 667", "LAYER_2": "PADRONES_COMPUERTAS" }, "geometry": { "type": "MultiPolygon", "coordinates": [ [ [ [ -68.928355003556689, -33.010770973666546, 0.0 ], [ -68.928165190557323, -33.010743054207865, 0.0 ], [ -68.928114125476483, -33.010989986421187, 0.0 ], [ -68.928303950767756, -33.011017896947131, 0.0 ], [ -68.928355003556689, -33.010770973666546, 0.0 ] ] ] ] } },
{ "type": "Feature", "properties": { "ccpp1": "1104 668", "LAYER_2": "PADRONES_COMPUERTAS" }, "geometry": { "type": "MultiPolygon", "coordinates": [ [ [ [ -68.928544713951666, -33.010798876547668, 0.0 ], [ -68.928355003556689, -33.010770973666546, 0.0 ], [ -68.928303950767756, -33.011017896947131, 0.0 ], [ -68.928493654194639, -33.011045786376002, 0.0 ], [ -68.928544713951666, -33.010798876547668, 0.0 ] ] ] ] } },
{ "type": "Feature", "properties": { "ccpp1": "1104 669", "LAYER_2": "PADRONES_COMPUERTAS" }, "geometry": { "type": "MultiPolygon", "coordinates": [ [ [ [ -68.928734416975345, -33.010826779136195, 0.0 ], [ -68.928544713951666, -33.010798876547668, 0.0 ], [ -68.928493654194639, -33.011045786376002, 0.0 ], [ -68.928683374861535, -33.011073679133105, 0.0 ], [ -68.928734416975345, -33.010826779136195, 0.0 ] ] ] ] } },
{ "type": "Feature", "properties": { "ccpp1": "1104 670", "LAYER_2": "PADRONES_COMPUERTAS" }, "geometry": { "type": "MultiPolygon", "coordinates": [ [ [ [ -68.928924200374198, -33.010854692302281, 0.0 ], [ -68.928734416975345, -33.010826779136195, 0.0 ], [ -68.928683374861535, -33.011073679133105, 0.0 ], [ -68.928873165202631, -33.011101581559942, 0.0 ], [ -68.928924200374198, -33.010854692302281, 0.0 ] ] ] ] } },
{ "type": "Feature", "properties": { "ccpp1": "1104 671", "LAYER_2": "PADRONES_COMPUERTAS" }, "geometry": { "type": "MultiPolygon", "coordinates": [ [ [ [ -68.929176263465251, -33.010891797945234, 0.0 ], [ -68.928924200374198, -33.010854692302281, 0.0 ], [ -68.928873165202631, -33.011101581559942, 0.0 ], [ -68.928920980907932, -33.011108611206261, 0.0 ], [ -68.928926660054984, -33.011109035522338, 0.0 ], [ -68.928932353249039, -33.011109292134606, 0.0 ], [ -68.928938055138403, -33.011109381941644, 0.0 ], [ -68.928943756090632, -33.011109305839661, 0.0 ], [ -68.928949449683856, -33.011109064726696, 0.0 ], [ -68.928955131639441, -33.011108655895264, 0.0 ], [ -68.928960792324261, -33.01110808114327, 0.0 ], [ -68.928966424246227, -33.01110734136806, 0.0 ], [ -68.928972025264187, -33.011106437470161, 0.0 ], [ -68.928977584674101, -33.011105372148499, 0.0 ], [ -68.928983096056257, -33.011104143596043, 0.0 ], [ -68.928988554057511, -33.011102754514816, 0.0 ], [ -68.928993950114176, -33.011101207604952, 0.0 ], [ -68.928999281014214, -33.011099504667996, 0.0 ], [ -68.929004539266302, -33.011097645699707, 0.0 ], [ -68.929009715235821, -33.011095634301306, 0.0 ], [ -68.929014806779506, -33.011093474078272, 0.0 ], [ -68.929019806406018, -33.011091165026379, 0.0 ], [ -68.929024707690601, -33.011088711650338, 0.0 ], [ -68.929029506349593, -33.011086117554427, 0.0 ], [ -68.929034193820797, -33.011083383635459, 0.0 ], [ -68.929038766889263, -33.011080515301707, 0.0 ], [ -68.929043216991346, -33.011077515253305, 0.0 ], [ -68.929047543054679, -33.011074386194693, 0.0 ], [ -68.92905173758362, -33.011071133531672, 0.0 ], [ -68.929055794155602, -33.011067759063948, 0.0 ], [ -68.929059710625893, -33.011064268200393, 0.0 ], [ -68.929063480569781, -33.011060665445711, 0.0 ], [ -68.929067100773835, -33.0110569544048, 0.0 ], [ -68.929070566952973, -33.011053140485323, 0.0 ], [ -68.929073871613014, -33.011049227289675, 0.0 ], [ -68.929077014750334, -33.011045219326277, 0.0 ], [ -68.929079991008976, -33.011041122903833, 0.0 ], [ -68.929082796106044, -33.011036940724907, 0.0 ], [ -68.929176263465251, -33.010891797945234, 0.0 ] ] ] ] } },
{ "type": "Feature", "properties": { "ccpp1": "1104 672", "LAYER_2": "PADRONES_COMPUERTAS" }, "geometry": { "type": "MultiPolygon", "coordinates": [ [ [ [ -68.928866358681162, -33.011247045829307, 0.0 ], [ -68.928814889243014, -33.011495826514114, 0.0 ], [ -68.929004607750272, -33.011523736814063, 0.0 ], [ -68.929057838564191, -33.011267823901079, 0.0 ], [ -68.929052475289311, -33.011268515142589, 0.0 ], [ -68.929047085385974, -33.011269048575606, 0.0 ], [ -68.929041675274604, -33.011269425105425, 0.0 ], [ -68.929036255657863, -33.011269643836471, 0.0 ], [ -68.929030827608116, -33.01126970206434, 0.0 ], [ -68.929025401823708, -33.011269604303457, 0.0 ], [ -68.929019982588272, -33.011269346949547, 0.0 ], [ -68.929014577391044, -33.011268932711943, 0.0 ], [ -68.929009193724781, -33.011268359791515, 0.0 ], [ -68.929003834797939, -33.011267630895134, 0.0 ], [ -68.928998510242238, -33.011266746028291, 0.0 ], [ -68.928993254297254, -33.011265713325514, 0.0 ], [ -68.928866358681162, -33.011247045829307, 0.0 ] ] ] ] } },
{ "type": "Feature", "properties": { "ccpp1": "1104 673", "LAYER_2": "PADRONES_COMPUERTAS" }, "geometry": { "type": "MultiPolygon", "coordinates": [ [ [ [ -68.928676537011938, -33.011219122636099, 0.0 ], [ -68.92862508632156, -33.0114679023524, 0.0 ], [ -68.928814889243014, -33.011495826514114, 0.0 ], [ -68.928866358681162, -33.011247045829307, 0.0 ], [ -68.928676537011938, -33.011219122636099, 0.0 ] ] ] ] } },
{ "type": "Feature", "properties": { "ccpp1": "1104 674", "LAYER_2": "PADRONES_COMPUERTAS" }, "geometry": { "type": "MultiPolygon", "coordinates": [ [ [ [ -68.928486836381126, -33.011191215453699, 0.0 ], [ -68.928435385176073, -33.011439993288825, 0.0 ], [ -68.92862508632156, -33.0114679023524, 0.0 ], [ -68.928676537011938, -33.011219122636099, 0.0 ], [ -68.928486836381126, -33.011191215453699, 0.0 ] ] ] ] } },
{ "type": "Feature", "properties": { "ccpp1": "1104 675", "LAYER_2": "PADRONES_COMPUERTAS" }, "geometry": { "type": "MultiPolygon", "coordinates": [ [ [ [ -68.928297033144659, -33.011163292595526, 0.0 ], [ -68.928245460507696, -33.011412050446495, 0.0 ], [ -68.928435385176073, -33.011439993288825, 0.0 ], [ -68.928486836381126, -33.011191215453699, 0.0 ], [ -68.928297033144659, -33.011163292595526, 0.0 ] ] ] ] } },
{ "type": "Feature", "properties": { "ccpp1": "1104 676", "LAYER_2": "PADRONES_COMPUERTAS" }, "geometry": { "type": "MultiPolygon", "coordinates": [ [ [ [ -68.928107314561501, -33.01113538392427, 0.0 ], [ -68.92805586553888, -33.011384156195646, 0.0 ], [ -68.928245460507696, -33.011412050446495, 0.0 ], [ -68.928297033144659, -33.011163292595526, 0.0 ], [ -68.928107314561501, -33.01113538392427, 0.0 ] ] ] ] } },
{ "type": "Feature", "properties": { "ccpp1": "1104 677", "LAYER_2": "PADRONES_COMPUERTAS" }, "geometry": { "type": "MultiPolygon", "coordinates": [ [ [ [ -68.927917617501407, -33.011107475878781, 0.0 ], [ -68.927866063097255, -33.011356231781569, 0.0 ], [ -68.92805586553888, -33.011384156195646, 0.0 ], [ -68.928107314561501, -33.01113538392427, 0.0 ], [ -68.927917617501407, -33.011107475878781, 0.0 ] ] ] ] } },
{ "type": "Feature", "properties": { "ccpp1": "1104 678", "LAYER_2": "PADRONES_COMPUERTAS" }, "geometry": { "type": "MultiPolygon", "coordinates": [ [ [ [ -68.927727813555123, -33.011079552154584, 0.0 ], [ -68.927676347451623, -33.011328318850964, 0.0 ], [ -68.927866063097255, -33.011356231781569, 0.0 ], [ -68.927917617501407, -33.011107475878781, 0.0 ], [ -68.927727813555123, -33.011079552154584, 0.0 ] ] ] ] } },
{ "type": "Feature", "properties": { "ccpp1": "1104 679", "LAYER_2": "PADRONES_COMPUERTAS" }, "geometry": { "type": "MultiPolygon", "coordinates": [ [ [ [ -68.927537993676978, -33.011051627230799, 0.0 ], [ -68.927486649046898, -33.011300408346983, 0.0 ], [ -68.927676347451623, -33.011328318850964, 0.0 ], [ -68.927727813555123, -33.011079552154584, 0.0 ], [ -68.927537993676978, -33.011051627230799, 0.0 ] ] ] ] } },
{ "type": "Feature", "properties": { "ccpp1": "1104 680", "LAYER_2": "PADRONES_COMPUERTAS" }, "geometry": { "type": "MultiPolygon", "coordinates": [ [ [ [ -68.927348398632276, -33.011023733707844, 0.0 ], [ -68.927296951832389, -33.011272497555382, 0.0 ], [ -68.927486649046898, -33.011300408346983, 0.0 ], [ -68.927537993676978, -33.011051627230799, 0.0 ], [ -68.927348398632276, -33.011023733707844, 0.0 ] ] ] ] } },
{ "type": "Feature", "properties": { "ccpp1": "1104 681", "LAYER_2": "PADRONES_COMPUERTAS" }, "geometry": { "type": "MultiPolygon", "coordinates": [ [ [ [ -68.927158493391332, -33.010995793730416, 0.0 ], [ -68.927107026815136, -33.011244552980479, 0.0 ], [ -68.927296951832389, -33.011272497555382, 0.0 ], [ -68.927348398632276, -33.011023733707844, 0.0 ], [ -68.927158493391332, -33.010995793730416, 0.0 ] ] ] ] } },
{ "type": "Feature", "properties": { "ccpp1": "1104 682", "LAYER_2": "PADRONES_COMPUERTAS" }, "geometry": { "type": "MultiPolygon", "coordinates": [ [ [ [ -68.926968777669046, -33.010967883330196, 0.0 ], [ -68.926917330911834, -33.011216640710977, 0.0 ], [ -68.927107026815136, -33.011244552980479, 0.0 ], [ -68.927158493391332, -33.010995793730416, 0.0 ], [ -68.926968777669046, -33.010967883330196, 0.0 ] ] ] ] } },
{ "type": "Feature", "properties": { "ccpp1": "1104 683", "LAYER_2": "PADRONES_COMPUERTAS" }, "geometry": { "type": "MultiPolygon", "coordinates": [ [ [ [ -68.926778976464661, -33.010939957262991, 0.0 ], [ -68.926727513140534, -33.011188711851489, 0.0 ], [ -68.926917330911834, -33.011216640710977, 0.0 ], [ -68.926968777669046, -33.010967883330196, 0.0 ], [ -68.926778976464661, -33.010939957262991, 0.0 ] ] ] ] } },
{ "type": "Feature", "properties": { "ccpp1": "1104 684", "LAYER_2": "PADRONES_COMPUERTAS" }, "geometry": { "type": "MultiPolygon", "coordinates": [ [ [ [ -68.926589365848741, -33.010912060774508, 0.0 ], [ -68.926537816407247, -33.011160799004713, 0.0 ], [ -68.926727513140534, -33.011188711851489, 0.0 ], [ -68.926778976464661, -33.010939957262991, 0.0 ], [ -68.926589365848741, -33.010912060774508, 0.0 ] ] ] ] } },
{ "type": "Feature", "properties": { "ccpp1": "1104 736", "LAYER_2": "PADRONES_COMPUERTAS" }, "geometry": { "type": "MultiPolygon", "coordinates": [ [ [ [ -68.926399564883852, -33.010884135032157, 0.0 ], [ -68.926348120863452, -33.011132886771989, 0.0 ], [ -68.926537816407247, -33.011160799004713, 0.0 ], [ -68.926589365848741, -33.010912060774508, 0.0 ], [ -68.926399564883852, -33.010884135032157, 0.0 ] ] ] ] } },
{ "type": "Feature", "properties": { "ccpp1": "1104 737", "LAYER_2": "PADRONES_COMPUERTAS" }, "geometry": { "type": "MultiPolygon", "coordinates": [ [ [ [ -68.926209766179539, -33.010856209002476, 0.0 ], [ -68.926158303452652, -33.011104957047024, 0.0 ], [ -68.926348120863452, -33.011132886771989, 0.0 ], [ -68.926399564883852, -33.010884135032157, 0.0 ], [ -68.926209766179539, -33.010856209002476, 0.0 ] ] ] ] } },
{ "type": "Feature", "properties": { "ccpp1": "1104 764", "LAYER_2": "PADRONES_COMPUERTAS" }, "geometry": { "type": "MultiPolygon", "coordinates": [ [ [ [ -68.939627592011064, -33.033961766625289, 0.0 ], [ -68.939560017011473, -33.033795275358919, 0.0 ], [ -68.939308058402887, -33.033858772327342, 0.0 ], [ -68.938998398914038, -33.033936808001975, 0.0 ], [ -68.939081839766502, -33.034105893309864, 0.0 ], [ -68.939627592011064, -33.033961766625289, 0.0 ] ] ] ] } },
{ "type": "Feature", "properties": { "ccpp1": "1104 765", "LAYER_2": "PADRONES_COMPUERTAS" }, "geometry": { "type": "MultiPolygon", "coordinates": [ [ [ [ -68.939695311534066, -33.034128614982691, 0.0 ], [ -68.939627592011064, -33.033961766625289, 0.0 ], [ -68.939081839766502, -33.034105893309864, 0.0 ], [ -68.939165294834098, -33.03427500651636, 0.0 ], [ -68.939695311534066, -33.034128614982691, 0.0 ] ] ] ] } },
{ "type": "Feature", "properties": { "ccpp1": "1104 732", "LAYER_2": "PADRONES_COMPUERTAS" }, "geometry": { "type": "MultiPolygon", "coordinates": [ [ [ [ -68.931209398670447, -33.012418735089362, 0.0 ], [ -68.930819858723794, -33.012496456974958, 0.0 ], [ -68.930928909276091, -33.012754676815874, 0.0 ], [ -68.931315762555883, -33.012670590897379, 0.0 ], [ -68.931209398670447, -33.012418735089362, 0.0 ] ] ] ] } },
{ "type": "Feature", "properties": { "ccpp1": "1104 733", "LAYER_2": "PADRONES_COMPUERTAS" }, "geometry": { "type": "MultiPolygon", "coordinates": [ [ [ [ -68.931315762555883, -33.012670590897379, 0.0 ], [ -68.930928909276091, -33.012754676815874, 0.0 ], [ -68.930714131299396, -33.012801343887148, 0.0 ], [ -68.930712603171244, -33.012797072706597, 0.0 ], [ -68.930710727146717, -33.01279290232047, 0.0 ], [ -68.930708509632993, -33.01278885076583, 0.0 ], [ -68.930705966667048, -33.012784938790105, 0.0 ], [ -68.930703104655308, -33.012781185331967, 0.0 ], [ -68.930699940706319, -33.012777609336084, 0.0 ], [ -68.930696489791004, -33.0127742261392, 0.0 ], [ -68.930692767949111, -33.012771052882066, 0.0 ], [ -68.930688792291264, -33.012768105804263, 0.0 ], [ -68.930684585281213, -33.012765398443371, 0.0 ], [ -68.930680164031699, -33.012762944334014, 0.0 ], [ -68.930675549937675, -33.012760755209804, 0.0 ], [ -68.93067076760542, -33.012758841904514, 0.0 ], [ -68.930665839502907, -33.012757212545651, 0.0 ], [ -68.930660789167618, -33.012755876163041, 0.0 ], [ -68.930655640139094, -33.012754839081467, 0.0 ], [ -68.93065041916897, -33.012754105824129, 0.0 ], [ -68.930645148728715, -33.012753680010242, 0.0 ], [ -68.930639857711753, -33.012753564360892, 0.0 ], [ -68.930634568592396, -33.012753758888486, 0.0 ], [ -68.930629310267577, -33.01275426180581, 0.0 ], [ -68.93062410414214, -33.012755072223072, 0.0 ], [ -68.930618978044905, -33.012756185647348, 0.0 ], [ -68.930613957665059, -33.012757596682917, 0.0 ], [ -68.930609065482557, -33.01275929812887, 0.0 ], [ -68.930604326117788, -33.012761282785505, 0.0 ], [ -68.930599760983327, -33.012763539844656, 0.0 ], [ -68.930595393631506, -33.012766059400995, 0.0 ], [ -68.930591244406799, -33.012768827940775, 0.0 ], [ -68.93058733472256, -33.012771833754101, 0.0 ], [ -68.930583681714808, -33.012775060620399, 0.0 ], [ -68.930580304658577, -33.012778494123623, 0.0 ], [ -68.930577217480035, -33.012782117139714, 0.0 ], [ -68.930574438386813, -33.012785911645288, 0.0 ], [ -68.930571980234888, -33.012789860515753, 0.0 ], [ -68.930569851601462, -33.012793943918986, 0.0 ], [ -68.930568066414835, -33.012798142025972, 0.0 ], [ -68.930566631111873, -33.012802435003415, 0.0 ], [ -68.930565554270473, -33.012806802117566, 0.0 ], [ -68.930564840189248, -33.012811220828986, 0.0 ], [ -68.930564492094376, -33.012815671302626, 0.0 ], [ -68.930564513213525, -33.012820131900042, 0.0 ], [ -68.930563682418693, -33.01282735926381, 0.0 ], [ -68.930566771693279, -33.012833355316971, 0.0 ], [ -68.930607475955355, -33.012900387725239, 0.0 ], [ -68.931731809169349, -33.012656055115592, 0.0 ], [ -68.931702467387353, -33.012586539764008, 0.0 ], [ -68.931315762555883, -33.012670590897379, 0.0 ] ] ] ] } },
{ "type": "Feature", "properties": { "ccpp1": "1104 551", "LAYER_2": "PADRONES_COMPUERTAS" }, "geometry": { "type": "MultiPolygon", "coordinates": [ [ [ [ -68.94157395703192, -33.020957437327738, 0.0 ], [ -68.941734091258439, -33.021262958689228, 0.0 ], [ -68.942319335064724, -33.021174141570903, 0.0 ], [ -68.942159198978445, -33.020868620953941, 0.0 ], [ -68.94157395703192, -33.020957437327738, 0.0 ] ] ] ] } },
{ "type": "Feature", "properties": { "ccpp1": "1104 629", "LAYER_2": "PADRONES_COMPUERTAS" }, "geometry": { "type": "MultiPolygon", "coordinates": [ [ [ [ -68.934103833318019, -33.035644350625212, 0.0 ], [ -68.934191704531514, -33.035829477297426, 0.0 ], [ -68.934659481868991, -33.035715544692309, 0.0 ], [ -68.934574187951327, -33.035529853925837, 0.0 ], [ -68.934103833318019, -33.035644350625212, 0.0 ] ] ] ] } },
{ "type": "Feature", "properties": { "ccpp1": "1104 630", "LAYER_2": "PADRONES_COMPUERTAS" }, "geometry": { "type": "MultiPolygon", "coordinates": [ [ [ [ -68.934659481868991, -33.035715544692309, 0.0 ], [ -68.934191704531514, -33.035829477297426, 0.0 ], [ -68.934279225843767, -33.0360138659643, 0.0 ], [ -68.934744462994317, -33.035900552666227, 0.0 ], [ -68.934659481868991, -33.035715544692309, 0.0 ] ] ] ] } },
{ "type": "Feature", "properties": { "ccpp1": "1104 631", "LAYER_2": "PADRONES_COMPUERTAS" }, "geometry": { "type": "MultiPolygon", "coordinates": [ [ [ [ -68.934744462994317, -33.035900552666227, 0.0 ], [ -68.934279225843767, -33.0360138659643, 0.0 ], [ -68.934366730401322, -33.036198218499521, 0.0 ], [ -68.934829416686696, -33.036085499249033, 0.0 ], [ -68.934744462994317, -33.035900552666227, 0.0 ] ] ] ] } },
{ "type": "Feature", "properties": { "ccpp1": "1104 632", "LAYER_2": "PADRONES_COMPUERTAS" }, "geometry": { "type": "MultiPolygon", "coordinates": [ [ [ [ -68.934829416686696, -33.036085499249033, 0.0 ], [ -68.934366730401322, -33.036198218499521, 0.0 ], [ -68.934454119093914, -33.036382326101844, 0.0 ], [ -68.934914070404616, -33.036269793703788, 0.0 ], [ -68.934829416686696, -33.036085499249033, 0.0 ] ] ] ] } },
{ "type": "Feature", "properties": { "ccpp1": "1104 756", "LAYER_2": "PADRONES_COMPUERTAS" }, "geometry": { "type": "MultiPolygon", "coordinates": [ [ [ [ -68.976439725392382, -33.04520270293402, 0.0 ], [ -68.976102607881131, -33.045164701931959, 0.0 ], [ -68.975437023542426, -33.045121810040484, 0.0 ], [ -68.975844992842198, -33.045736585465519, 0.0 ], [ -68.975904384716159, -33.04574459476683, 0.0 ], [ -68.975994287685737, -33.045847853354353, 0.0 ], [ -68.977522402504832, -33.045707026625081, 0.0 ], [ -68.977425896231765, -33.045462295855678, 0.0 ], [ -68.977084864807779, -33.045070729279608, 0.0 ], [ -68.976439725392382, -33.04520270293402, 0.0 ] ] ] ] } },
{ "type": "Feature", "properties": { "ccpp1": "1104 1046", "LAYER_2": "PADRONES_COMPUERTAS" }, "geometry": { "type": "MultiPolygon", "coordinates": [ [ [ [ -68.931150055513257, -33.010683841539716, 0.0 ], [ -68.930626631072926, -33.010603767278148, 0.0 ], [ -68.930615823884736, -33.010801926687257, 0.0 ], [ -68.931140646657568, -33.010882214731112, 0.0 ], [ -68.931150055513257, -33.010683841539716, 0.0 ] ] ] ] } },
{ "type": "Feature", "properties": { "ccpp1": "1104 502", "LAYER_2": "PADRONES_COMPUERTAS" }, "geometry": { "type": "MultiPolygon", "coordinates": [ [ [ [ -68.96800999469356, -33.039392126498676, 0.0 ], [ -68.968066261588163, -33.039484567625962, 0.0 ], [ -68.968270823301168, -33.039394041527231, 0.0 ], [ -68.968533625127378, -33.03927789618055, 0.0 ], [ -68.96858715996251, -33.039254222765926, 0.0 ], [ -68.968640694769022, -33.039230549328188, 0.0 ], [ -68.968667999650791, -33.03921847469443, 0.0 ], [ -68.968749372479863, -33.039182490465997, 0.0 ], [ -68.968698035662584, -33.039090743362607, 0.0 ], [ -68.968608373711106, -33.039130018376447, 0.0 ], [ -68.968540300084356, -33.03915983663223, 0.0 ], [ -68.968486765373115, -33.039183287314373, 0.0 ], [ -68.968433230633835, -33.039206737071773, 0.0 ], [ -68.968379695866204, -33.039230186806073, 0.0 ], [ -68.968326161070223, -33.039253636517323, 0.0 ], [ -68.968276677762276, -33.039275311844925, 0.0 ], [ -68.968249536667173, -33.039287200690318, 0.0 ], [ -68.968196001802241, -33.039310650345435, 0.0 ], [ -68.968142466909001, -33.039334099977502, 0.0 ], [ -68.968088931987367, -33.039357549586477, 0.0 ], [ -68.96800999469356, -33.039392126498676, 0.0 ] ] ] ] } },
{ "type": "Feature", "properties": { "ccpp1": "1104 624", "LAYER_2": "PADRONES_COMPUERTAS" }, "geometry": { "type": "MultiPolygon", "coordinates": [ [ [ [ -68.957174731146239, -33.03363427521338, 0.0 ], [ -68.957254862311217, -33.033767193885652, 0.0 ], [ -68.958163521940165, -33.033630973558324, 0.0 ], [ -68.958947831192873, -33.033515980960061, 0.0 ], [ -68.959465098648153, -33.034656618541881, 0.0 ], [ -68.960656986116931, -33.03449119865526, 0.0 ], [ -68.960084011235807, -33.033197387816415, 0.0 ], [ -68.957174731146239, -33.03363427521338, 0.0 ] ] ] ] } },
{ "type": "Feature", "properties": { "ccpp1": "ELIMINADO", "LAYER_2": "PADRONES_COMPUERTAS" }, "geometry": { "type": "MultiPolygon", "coordinates": [ [ [ [ -68.93424697555227, -33.034347981626603, 0.0 ], [ -68.933569242936201, -33.034515694269544, 0.0 ], [ -68.933688823155165, -33.034769997752868, 0.0 ], [ -68.934336031697853, -33.034609795564926, 0.0 ], [ -68.93424697555227, -33.034347981626603, 0.0 ] ] ] ] } },
{ "type": "Feature", "properties": { "ccpp1": "1104 781", "LAYER_2": "PADRONES_COMPUERTAS" }, "geometry": { "type": "MultiPolygon", "coordinates": [ [ [ [ -68.94189938604238, -33.023432603978804, 0.0 ], [ -68.942026035939307, -33.02341113722678, 0.0 ], [ -68.942687719135023, -33.024651658482824, 0.0 ], [ -68.944363762852007, -33.024361464101261, 0.0 ], [ -68.944459055753512, -33.024344711980405, 0.0 ], [ -68.945583402543051, -33.024150025683234, 0.0 ], [ -68.944652080989897, -33.022437129901782, 0.0 ], [ -68.944610785048596, -33.022361175334808, 0.0 ], [ -68.944526425100619, -33.022206016641164, 0.0 ], [ -68.944493270550254, -33.022144510909101, 0.0 ], [ -68.943641163968366, -33.02233189870261, 0.0 ], [ -68.943461504752676, -33.022340500595263, 0.0 ], [ -68.942497860488956, -33.02198858424331, 0.0 ], [ -68.941534223892219, -33.021636660439327, 0.0 ], [ -68.941222496246581, -33.021027158838045, 0.0 ], [ -68.940751763299644, -33.021120539401053, 0.0 ], [ -68.940461304290054, -33.021172526932844, 0.0 ], [ -68.940424438279095, -33.021067898051989, 0.0 ], [ -68.940363972225782, -33.020896291473136, 0.0 ], [ -68.940110752657944, -33.020970817987909, 0.0 ], [ -68.938701470441259, -33.021385580841269, 0.0 ], [ -68.938679994532535, -33.021391901844048, 0.0 ], [ -68.938613296193523, -33.021411530951937, 0.0 ], [ -68.938546545368453, -33.021431176228397, 0.0 ], [ -68.938493018792798, -33.021446929150024, 0.0 ], [ -68.938439492198142, -33.021462682048607, 0.0 ], [ -68.938326326209463, -33.021495986300238, 0.0 ], [ -68.938288437904902, -33.021507136603304, 0.0 ], [ -68.9382349112376, -33.021522889413909, 0.0 ], [ -68.938181384551314, -33.02153864220152, 0.0 ], [ -68.938108965056045, -33.021559954335061, 0.0 ], [ -68.938055438325037, -33.0215757070685, 0.0 ], [ -68.937889294442456, -33.021624602506421, 0.0 ], [ -68.937809754667697, -33.021648010920153, 0.0 ], [ -68.937785467178571, -33.021579289477963, 0.0 ], [ -68.937693005864517, -33.021317666009061, 0.0 ], [ -68.936414132702367, -33.021672330913006, 0.0 ], [ -68.936170294970253, -33.021739951887589, 0.0 ], [ -68.936492775418955, -33.022437817002768, 0.0 ], [ -68.936728922834362, -33.022365105167786, 0.0 ], [ -68.937751805598865, -33.022050144702739, 0.0 ], [ -68.937770221231048, -33.022044474244602, 0.0 ], [ -68.937801787074207, -33.022065866858156, 0.0 ], [ -68.937858897902942, -33.022104571695344, 0.0 ], [ -68.937937263095861, -33.0220793034172, 0.0 ], [ -68.93796827514501, -33.022069303946601, 0.0 ], [ -68.938074942655916, -33.022292172185615, 0.0 ], [ -68.938100891144359, -33.022346383755021, 0.0 ], [ -68.940971127948274, -33.021469842651975, 0.0 ], [ -68.941047920733382, -33.021535846299855, 0.0 ], [ -68.940926164840903, -33.02157302785151, 0.0 ], [ -68.94189938604238, -33.023432603978804, 0.0 ] ] ] ] } },
{ "type": "Feature", "properties": { "ccpp1": "1104 789", "LAYER_2": "PADRONES_COMPUERTAS" }, "geometry": { "type": "MultiPolygon", "coordinates": [ [ [ [ -68.944677947571051, -33.036742652673766, 0.0 ], [ -68.944701685636815, -33.036785853262565, 0.0 ], [ -68.944707094206507, -33.036867456931716, 0.0 ], [ -68.944622916708852, -33.036925397078157, 0.0 ], [ -68.944562212538415, -33.036936280346694, 0.0 ], [ -68.944679204399577, -33.037300968216421, 0.0 ], [ -68.94474387760755, -33.037277373082034, 0.0 ], [ -68.944900206669246, -33.037220456579135, 0.0 ], [ -68.945248710368944, -33.037093844901619, 0.0 ], [ -68.944975157720222, -33.036621567883373, 0.0 ], [ -68.944677947571051, -33.036742652673766, 0.0 ] ] ] ] } },
{ "type": "Feature", "properties": { "ccpp1": "1104 703", "LAYER_2": "PADRONES_COMPUERTAS" }, "geometry": { "type": "MultiPolygon", "coordinates": [ [ [ [ -68.966798356076978, -33.044850922980302, 0.0 ], [ -68.966837609734625, -33.044830250903466, 0.0 ], [ -68.967226352878029, -33.044621673719092, 0.0 ], [ -68.968642755888013, -33.043861694145399, 0.0 ], [ -68.970051371452328, -33.043118662357415, 0.0 ], [ -68.970079354853638, -33.043103900606766, 0.0 ], [ -68.969869960785942, -33.042815517547979, 0.0 ], [ -68.969584121816681, -33.042421857165365, 0.0 ], [ -68.969169066788396, -33.042586455381155, 0.0 ], [ -68.968839580049504, -33.042717070705329, 0.0 ], [ -68.968510596713941, -33.042784117494357, 0.0 ], [ -68.967933061278515, -33.04290177367487, 0.0 ], [ -68.967826731869891, -33.042740211983123, 0.0 ], [ -68.967746990210628, -33.042623289777168, 0.0 ], [ -68.968390336991675, -33.042005717037696, 0.0 ], [ -68.968399803281471, -33.041995647771934, 0.0 ], [ -68.968588604484296, -33.041780975147326, 0.0 ], [ -68.968619739982969, -33.041731444280344, 0.0 ], [ -68.968458072945666, -33.041466763092245, 0.0 ], [ -68.968435510004142, -33.041475547776216, 0.0 ], [ -68.968043900008198, -33.041916816907197, 0.0 ], [ -68.967604098368781, -33.042251223376446, 0.0 ], [ -68.966799886942724, -33.042454019543271, 0.0 ], [ -68.966710995756671, -33.042476417705146, 0.0 ], [ -68.965591909692961, -33.039743512660159, 0.0 ], [ -68.962446271638697, -33.039954022154973, 0.0 ], [ -68.96244172601024, -33.039954326453234, 0.0 ], [ -68.963892369856097, -33.044480620224505, 0.0 ], [ -68.963858418730965, -33.044497633932899, 0.0 ], [ -68.963263694757828, -33.044795660690021, 0.0 ], [ -68.961294088609478, -33.045113174498908, 0.0 ], [ -68.960979536701487, -33.045135528105931, 0.0 ], [ -68.960753964299386, -33.045128965322718, 0.0 ], [ -68.960680235007175, -33.045120053440478, 0.0 ], [ -68.959078569875629, -33.044926452858789, 0.0 ], [ -68.959721973892684, -33.046156901246484, 0.0 ], [ -68.961092329422016, -33.048654601578342, 0.0 ], [ -68.961336278150526, -33.04926041922748, 0.0 ], [ -68.961477861086649, -33.04916145968263, 0.0 ], [ -68.961686972904289, -33.049128613131593, 0.0 ], [ -68.96197061456121, -33.049065673199642, 0.0 ], [ -68.962202816359607, -33.048865482895188, 0.0 ], [ -68.962731730196381, -33.048828944061896, 0.0 ], [ -68.963771144159281, -33.049010846559625, 0.0 ], [ -68.964926310533485, -33.048894861272458, 0.0 ], [ -68.965251904866321, -33.048866369453727, 0.0 ], [ -68.96578069253394, -33.048599170497027, 0.0 ], [ -68.965840965403487, -33.048332833715726, 0.0 ], [ -68.966297130606023, -33.046453787142639, 0.0 ], [ -68.966327164772068, -33.046329494600236, 0.0 ], [ -68.966468713263339, -33.046331058351527, 0.0 ], [ -68.966581426744114, -33.045824967160456, 0.0 ], [ -68.966798356076978, -33.044850922980302, 0.0 ] ] ] ] } },
{ "type": "Feature", "properties": { "ccpp1": "1104 636", "LAYER_2": "PADRONES_COMPUERTAS" }, "geometry": { "type": "MultiPolygon", "coordinates": [ [ [ [ -68.946490138957614, -33.035416002020668, 0.0 ], [ -68.946672026519011, -33.035750329592339, 0.0 ], [ -68.947359978054209, -33.035653962514701, 0.0 ], [ -68.94718697388501, -33.035318287191977, 0.0 ], [ -68.946490138957614, -33.035416002020668, 0.0 ] ] ] ] } },
{ "type": "Feature", "properties": { "ccpp1": "1104 795", "LAYER_2": "PADRONES_COMPUERTAS" }, "geometry": { "type": "MultiPolygon", "coordinates": [ [ [ [ -68.945813857587126, -33.035510746366114, 0.0 ], [ -68.946004628542113, -33.035843906588489, 0.0 ], [ -68.946672026519011, -33.035750329592339, 0.0 ], [ -68.946490138957614, -33.035416002020668, 0.0 ], [ -68.945813857587126, -33.035510746366114, 0.0 ] ] ] ] } },
{ "type": "Feature", "properties": { "ccpp1": "1104 788", "LAYER_2": "PADRONES_COMPUERTAS" }, "geometry": { "type": "MultiPolygon", "coordinates": [ [ [ [ -68.946672026519011, -33.035750329592339, 0.0 ], [ -68.946793178679172, -33.035973094215123, 0.0 ], [ -68.947475136658895, -33.035877445288321, 0.0 ], [ -68.947359978054209, -33.035653962514701, 0.0 ], [ -68.946672026519011, -33.035750329592339, 0.0 ] ] ] ] } },
{ "type": "Feature", "properties": { "ccpp1": "1104 793", "LAYER_2": "PADRONES_COMPUERTAS" }, "geometry": { "type": "MultiPolygon", "coordinates": [ [ [ [ -68.932868170867678, -33.016662811893603, 0.0 ], [ -68.932955366423343, -33.016398709648321, 0.0 ], [ -68.931483493564457, -33.016147386415319, 0.0 ], [ -68.931448040746886, -33.016171965528073, 0.0 ], [ -68.932191198979041, -33.016523303159389, 0.0 ], [ -68.932222985780129, -33.016538330597825, 0.0 ], [ -68.932868170867678, -33.016662811893603, 0.0 ] ] ] ] } },
{ "type": "Feature", "properties": { "ccpp1": "1104 768", "LAYER_2": "PADRONES_COMPUERTAS" }, "geometry": { "type": "MultiPolygon", "coordinates": [ [ [ [ -68.927829117209427, -33.009640859271698, 0.0 ], [ -68.927872277565825, -33.00941949587088, 0.0 ], [ -68.927918221667298, -33.009197563294116, 0.0 ], [ -68.927893622246316, -33.009168066104529, 0.0 ], [ -68.926438145945852, -33.008952970668972, 0.0 ], [ -68.926403027354667, -33.008973778670381, 0.0 ], [ -68.9263570217623, -33.009195741315153, 0.0 ], [ -68.926311052469558, -33.009417529031282, 0.0 ], [ -68.926335641799199, -33.00944702832858, 0.0 ], [ -68.92649315005788, -33.009470209409869, 0.0 ], [ -68.926682863247791, -33.009498130025236, 0.0 ], [ -68.926872576836402, -33.009526050549361, 0.0 ], [ -68.927062376107543, -33.009553982408953, 0.0 ], [ -68.927252091003041, -33.009581902347854, 0.0 ], [ -68.927441805657693, -33.009609821955877, 0.0 ], [ -68.927631625677833, -33.009637756876458, 0.0 ], [ -68.927794105688164, -33.009661667724082, 0.0 ], [ -68.927829117209427, -33.009640859271698, 0.0 ] ] ] ] } },
{ "type": "Feature", "properties": { "ccpp1": "1104 768", "LAYER_2": "PADRONES_COMPUERTAS" }, "geometry": { "type": "MultiPolygon", "coordinates": [ [ [ [ -68.92635685825843, -33.009196530173185, 0.0 ], [ -68.926311052469558, -33.009417529031282, 0.0 ], [ -68.926335641799199, -33.00944702832858, 0.0 ], [ -68.92649315005788, -33.009470209409869, 0.0 ], [ -68.926544103780458, -33.009224039722113, 0.0 ], [ -68.92635685825843, -33.009196530173185, 0.0 ] ] ] ] } },
{ "type": "Feature", "properties": { "ccpp1": "1104 769", "LAYER_2": "PADRONES_COMPUERTAS" }, "geometry": { "type": "MultiPolygon", "coordinates": [ [ [ [ -68.927829117209427, -33.009640859271698, 0.0 ], [ -68.927872277565825, -33.00941949587088, 0.0 ], [ -68.927918221667298, -33.009197563294116, 0.0 ], [ -68.927893622246316, -33.009168066104529, 0.0 ], [ -68.926438145945852, -33.008952970668972, 0.0 ], [ -68.926403027354667, -33.008973778670381, 0.0 ], [ -68.9263570217623, -33.009195741315153, 0.0 ], [ -68.926311052469558, -33.009417529031282, 0.0 ], [ -68.926335641799199, -33.00944702832858, 0.0 ], [ -68.92649315005788, -33.009470209409869, 0.0 ], [ -68.926682863247791, -33.009498130025236, 0.0 ], [ -68.926872576836402, -33.009526050549361, 0.0 ], [ -68.927062376107543, -33.009553982408953, 0.0 ], [ -68.927252091003041, -33.009581902347854, 0.0 ], [ -68.927441805657693, -33.009609821955877, 0.0 ], [ -68.927631625677833, -33.009637756876458, 0.0 ], [ -68.927794105688164, -33.009661667724082, 0.0 ], [ -68.927829117209427, -33.009640859271698, 0.0 ] ] ] ] } },
{ "type": "Feature", "properties": { "ccpp1": "1104 769", "LAYER_2": "PADRONES_COMPUERTAS" }, "geometry": { "type": "MultiPolygon", "coordinates": [ [ [ [ -68.926544103780458, -33.009224039722113, 0.0 ], [ -68.92649315005788, -33.009470209409869, 0.0 ], [ -68.926682863247791, -33.009498130025236, 0.0 ], [ -68.92673381669799, -33.009251959787555, 0.0 ], [ -68.926544103780458, -33.009224039722113, 0.0 ] ] ] ] } },
{ "type": "Feature", "properties": { "ccpp1": "1104 770", "LAYER_2": "PADRONES_COMPUERTAS" }, "geometry": { "type": "MultiPolygon", "coordinates": [ [ [ [ -68.927829117209427, -33.009640859271698, 0.0 ], [ -68.927872277565825, -33.00941949587088, 0.0 ], [ -68.927918221667298, -33.009197563294116, 0.0 ], [ -68.927893622246316, -33.009168066104529, 0.0 ], [ -68.926438145945852, -33.008952970668972, 0.0 ], [ -68.926403027354667, -33.008973778670381, 0.0 ], [ -68.9263570217623, -33.009195741315153, 0.0 ], [ -68.926311052469558, -33.009417529031282, 0.0 ], [ -68.926335641799199, -33.00944702832858, 0.0 ], [ -68.92649315005788, -33.009470209409869, 0.0 ], [ -68.926682863247791, -33.009498130025236, 0.0 ], [ -68.926872576836402, -33.009526050549361, 0.0 ], [ -68.927062376107543, -33.009553982408953, 0.0 ], [ -68.927252091003041, -33.009581902347854, 0.0 ], [ -68.927441805657693, -33.009609821955877, 0.0 ], [ -68.927631625677833, -33.009637756876458, 0.0 ], [ -68.927794105688164, -33.009661667724082, 0.0 ], [ -68.927829117209427, -33.009640859271698, 0.0 ] ] ] ] } },
{ "type": "Feature", "properties": { "ccpp1": "1104 770", "LAYER_2": "PADRONES_COMPUERTAS" }, "geometry": { "type": "MultiPolygon", "coordinates": [ [ [ [ -68.92673381669799, -33.009251959787555, 0.0 ], [ -68.926682863247791, -33.009498130025236, 0.0 ], [ -68.926872576836402, -33.009526050549361, 0.0 ], [ -68.926923513685395, -33.009279876850293, 0.0 ], [ -68.92673381669799, -33.009251959787555, 0.0 ] ] ] ] } },
{ "type": "Feature", "properties": { "ccpp1": "1104 771", "LAYER_2": "PADRONES_COMPUERTAS" }, "geometry": { "type": "MultiPolygon", "coordinates": [ [ [ [ -68.926923513685395, -33.009279876850293, 0.0 ], [ -68.926872576836402, -33.009526050549361, 0.0 ], [ -68.927062376106733, -33.009553982408832, 0.0 ], [ -68.927113331707488, -33.009307810827231, 0.0 ], [ -68.926923513685395, -33.009279876850293, 0.0 ] ] ] ] } },
{ "type": "Feature", "properties": { "ccpp1": "1104 771", "LAYER_2": "PADRONES_COMPUERTAS" }, "geometry": { "type": "MultiPolygon", "coordinates": [ [ [ [ -68.927829117209427, -33.009640859271698, 0.0 ], [ -68.927872277565825, -33.00941949587088, 0.0 ], [ -68.927918221667298, -33.009197563294116, 0.0 ], [ -68.927893622246316, -33.009168066104529, 0.0 ], [ -68.926438145945852, -33.008952970668972, 0.0 ], [ -68.926403027354667, -33.008973778670381, 0.0 ], [ -68.9263570217623, -33.009195741315153, 0.0 ], [ -68.926311052469558, -33.009417529031282, 0.0 ], [ -68.926335641799199, -33.00944702832858, 0.0 ], [ -68.92649315005788, -33.009470209409869, 0.0 ], [ -68.926682863247791, -33.009498130025236, 0.0 ], [ -68.926872576836402, -33.009526050549361, 0.0 ], [ -68.927062376107543, -33.009553982408953, 0.0 ], [ -68.927252091003041, -33.009581902347854, 0.0 ], [ -68.927441805657693, -33.009609821955877, 0.0 ], [ -68.927631625677833, -33.009637756876458, 0.0 ], [ -68.927794105688164, -33.009661667724082, 0.0 ], [ -68.927829117209427, -33.009640859271698, 0.0 ] ] ] ] } },
{ "type": "Feature", "properties": { "ccpp1": "1104 774", "LAYER_2": "PADRONES_COMPUERTAS" }, "geometry": { "type": "MultiPolygon", "coordinates": [ [ [ [ -68.927492726283504, -33.009363642609458, 0.0 ], [ -68.927441805657693, -33.009609821955877, 0.0 ], [ -68.927631625677833, -33.009637756876458, 0.0 ], [ -68.927682545736275, -33.009391575721544, 0.0 ], [ -68.927492726283504, -33.009363642609458, 0.0 ] ] ] ] } },
{ "type": "Feature", "properties": { "ccpp1": "1104 774", "LAYER_2": "PADRONES_COMPUERTAS" }, "geometry": { "type": "MultiPolygon", "coordinates": [ [ [ [ -68.927829117209427, -33.009640859271698, 0.0 ], [ -68.927872277565825, -33.00941949587088, 0.0 ], [ -68.927918221667298, -33.009197563294116, 0.0 ], [ -68.927893622246316, -33.009168066104529, 0.0 ], [ -68.926438145945852, -33.008952970668972, 0.0 ], [ -68.926403027354667, -33.008973778670381, 0.0 ], [ -68.9263570217623, -33.009195741315153, 0.0 ], [ -68.926311052469558, -33.009417529031282, 0.0 ], [ -68.926335641799199, -33.00944702832858, 0.0 ], [ -68.92649315005788, -33.009470209409869, 0.0 ], [ -68.926682863247791, -33.009498130025236, 0.0 ], [ -68.926872576836402, -33.009526050549361, 0.0 ], [ -68.927062376107543, -33.009553982408953, 0.0 ], [ -68.927252091003041, -33.009581902347854, 0.0 ], [ -68.927441805657693, -33.009609821955877, 0.0 ], [ -68.927631625677833, -33.009637756876458, 0.0 ], [ -68.927794105688164, -33.009661667724082, 0.0 ], [ -68.927829117209427, -33.009640859271698, 0.0 ] ] ] ] } },
{ "type": "Feature", "properties": { "ccpp1": "1104 775", "LAYER_2": "PADRONES_COMPUERTAS" }, "geometry": { "type": "MultiPolygon", "coordinates": [ [ [ [ -68.927682545736275, -33.009391575721544, 0.0 ], [ -68.927631625677833, -33.009637756876458, 0.0 ], [ -68.927794105688164, -33.009661667724082, 0.0 ], [ -68.927829117209427, -33.009640859271698, 0.0 ], [ -68.927872277565825, -33.00941949587088, 0.0 ], [ -68.927682545736275, -33.009391575721544, 0.0 ] ] ] ] } },
{ "type": "Feature", "properties": { "ccpp1": "1104 775", "LAYER_2": "PADRONES_COMPUERTAS" }, "geometry": { "type": "MultiPolygon", "coordinates": [ [ [ [ -68.927829117209427, -33.009640859271698, 0.0 ], [ -68.927872277565825, -33.00941949587088, 0.0 ], [ -68.927918221667298, -33.009197563294116, 0.0 ], [ -68.927893622246316, -33.009168066104529, 0.0 ], [ -68.926438145945852, -33.008952970668972, 0.0 ], [ -68.926403027354667, -33.008973778670381, 0.0 ], [ -68.9263570217623, -33.009195741315153, 0.0 ], [ -68.926311052469558, -33.009417529031282, 0.0 ], [ -68.926335641799199, -33.00944702832858, 0.0 ], [ -68.92649315005788, -33.009470209409869, 0.0 ], [ -68.926682863247791, -33.009498130025236, 0.0 ], [ -68.926872576836402, -33.009526050549361, 0.0 ], [ -68.927062376107543, -33.009553982408953, 0.0 ], [ -68.927252091003041, -33.009581902347854, 0.0 ], [ -68.927441805657693, -33.009609821955877, 0.0 ], [ -68.927631625677833, -33.009637756876458, 0.0 ], [ -68.927794105688164, -33.009661667724082, 0.0 ], [ -68.927829117209427, -33.009640859271698, 0.0 ] ] ] ] } },
{ "type": "Feature", "properties": { "ccpp1": "1104 722", "LAYER_2": "PADRONES_COMPUERTAS" }, "geometry": { "type": "MultiPolygon", "coordinates": [ [ [ [ -68.926471421514819, -33.009583979729825, 0.0 ], [ -68.926420295694442, -33.009830882403477, 0.0 ], [ -68.926609997057739, -33.009858768384937, 0.0 ], [ -68.926661136254282, -33.009611894495755, 0.0 ], [ -68.926471421514819, -33.009583979729825, 0.0 ] ] ] ] } },
{ "type": "Feature", "properties": { "ccpp1": "1104 723", "LAYER_2": "PADRONES_COMPUERTAS" }, "geometry": { "type": "MultiPolygon", "coordinates": [ [ [ [ -68.926230382570637, -33.009802979778392, 0.0 ], [ -68.926420295694442, -33.009830882403477, 0.0 ], [ -68.926471421514819, -33.009583979729825, 0.0 ], [ -68.926311359793928, -33.009560429160928, 0.0 ], [ -68.926276256987563, -33.00958123352703, 0.0 ], [ -68.926230382570637, -33.009802979778392, 0.0 ] ] ] ] } },
{ "type": "Feature", "properties": { "ccpp1": "1104 724", "LAYER_2": "PADRONES_COMPUERTAS" }, "geometry": { "type": "MultiPolygon", "coordinates": [ [ [ [ -68.926420295694442, -33.009830882403477, 0.0 ], [ -68.926230382570637, -33.009802979778392, 0.0 ], [ -68.926184502546633, -33.010024756658446, 0.0 ], [ -68.92620920865275, -33.010054254243613, 0.0 ], [ -68.92636927123722, -33.010077805844489, 0.0 ], [ -68.926420295694442, -33.009830882403477, 0.0 ] ] ] ] } },
{ "type": "Feature", "properties": { "ccpp1": "1104 725", "LAYER_2": "PADRONES_COMPUERTAS" }, "geometry": { "type": "MultiPolygon", "coordinates": [ [ [ [ -68.926609997057739, -33.009858768384937, 0.0 ], [ -68.926420295694442, -33.009830882403477, 0.0 ], [ -68.92636927123722, -33.010077805844489, 0.0 ], [ -68.926558984860776, -33.01010572076364, 0.0 ], [ -68.926609997057739, -33.009858768384937, 0.0 ] ] ] ] } },
{ "type": "Feature", "properties": { "ccpp1": "1104 779", "LAYER_2": "PADRONES_COMPUERTAS" }, "geometry": { "type": "MultiPolygon", "coordinates": [ [ [ [ -68.926799761642428, -33.009886701002259, 0.0 ], [ -68.926609997057739, -33.009858768384937, 0.0 ], [ -68.926558984860776, -33.01010572076364, 0.0 ], [ -68.926748681483119, -33.010133633581098, 0.0 ], [ -68.926799761642428, -33.009886701002259, 0.0 ] ] ] ] } },
{ "type": "Feature", "properties": { "ccpp1": "1104 804", "LAYER_2": "PADRONES_COMPUERTAS" }, "geometry": { "type": "MultiPolygon", "coordinates": [ [ [ [ -68.926989465354879, -33.009914624278714, 0.0 ], [ -68.926799761642428, -33.009886701002259, 0.0 ], [ -68.926748681483119, -33.010133633581098, 0.0 ], [ -68.926938396417739, -33.010161547022619, 0.0 ], [ -68.926989465354879, -33.009914624278714, 0.0 ] ] ] ] } },
{ "type": "Feature", "properties": { "ccpp1": "1104 735", "LAYER_2": "PADRONES_COMPUERTAS" }, "geometry": { "type": "MultiPolygon", "coordinates": [ [ [ [ -68.926529607360081, -33.010247826428966, 0.0 ], [ -68.926339906263607, -33.010219935818206, 0.0 ], [ -68.926288770968, -33.010467051201942, 0.0 ], [ -68.926478364492695, -33.010494937317993, 0.0 ], [ -68.926529607360081, -33.010247826428966, 0.0 ] ] ] ] } },
{ "type": "Feature", "properties": { "ccpp1": "1104 748", "LAYER_2": "PADRONES_COMPUERTAS" }, "geometry": { "type": "MultiPolygon", "coordinates": [ [ [ [ -68.926339906263607, -33.010219935818206, 0.0 ], [ -68.926179945070814, -33.010196415798568, 0.0 ], [ -68.926144734963003, -33.010217220963561, 0.0 ], [ -68.926098858739252, -33.010439057309853, 0.0 ], [ -68.926288770968, -33.010467051201942, 0.0 ], [ -68.926339906263607, -33.010219935818206, 0.0 ] ] ] ] } },
{ "type": "Feature", "properties": { "ccpp1": "1104 734", "LAYER_2": "PADRONES_COMPUERTAS" }, "geometry": { "type": "MultiPolygon", "coordinates": [ [ [ [ -68.926478364492695, -33.010494937317993, 0.0 ], [ -68.926288770968, -33.010467051201942, 0.0 ], [ -68.926237746863507, -33.010713952021725, 0.0 ], [ -68.92642744469363, -33.010741855407915, 0.0 ], [ -68.926478364492695, -33.010494937317993, 0.0 ] ] ] ] } },
{ "type": "Feature", "properties": { "ccpp1": "1104 760", "LAYER_2": "PADRONES_COMPUERTAS" }, "geometry": { "type": "MultiPolygon", "coordinates": [ [ [ [ -68.927478254814048, -33.010387301388981, 0.0 ], [ -68.927427133224825, -33.010634504705386, 0.0 ], [ -68.927616902954867, -33.010662418949693, 0.0 ], [ -68.927662779777478, -33.010440581149105, 0.0 ], [ -68.927638180318255, -33.01041081341225, 0.0 ], [ -68.927478254814048, -33.010387301388981, 0.0 ] ] ] ] } },
{ "type": "Feature", "properties": { "ccpp1": "1104 782", "LAYER_2": "PADRONES_COMPUERTAS" }, "geometry": { "type": "MultiPolygon", "coordinates": [ [ [ [ -68.927478254814048, -33.010387301388981, 0.0 ], [ -68.927288550978005, -33.010359411316799, 0.0 ], [ -68.927237434237966, -33.010606601033871, 0.0 ], [ -68.927427133224825, -33.010634504705386, 0.0 ], [ -68.927478254814048, -33.010387301388981, 0.0 ] ] ] ] } },
{ "type": "Feature", "properties": { "ccpp1": "1104 783", "LAYER_2": "PADRONES_COMPUERTAS" }, "geometry": { "type": "MultiPolygon", "coordinates": [ [ [ [ -68.927288550978005, -33.010359411316799, 0.0 ], [ -68.927098745607637, -33.010331505568466, 0.0 ], [ -68.927047631577679, -33.010578679881647, 0.0 ], [ -68.927237434237966, -33.010606601033871, 0.0 ], [ -68.927288550978005, -33.010359411316799, 0.0 ] ] ] ] } },
{ "type": "Feature", "properties": { "ccpp1": "1104 761", "LAYER_2": "PADRONES_COMPUERTAS" }, "geometry": { "type": "MultiPolygon", "coordinates": [ [ [ [ -68.927098745607637, -33.010331505568466, 0.0 ], [ -68.926909007769638, -33.010303610391176, 0.0 ], [ -68.926857907150321, -33.010550771110076, 0.0 ], [ -68.927047631577679, -33.010578679881647, 0.0 ], [ -68.927098745607637, -33.010331505568466, 0.0 ] ] ] ] } },
{ "type": "Feature", "properties": { "ccpp1": "1104 762", "LAYER_2": "PADRONES_COMPUERTAS" }, "geometry": { "type": "MultiPolygon", "coordinates": [ [ [ [ -68.926909007769638, -33.010303610391176, 0.0 ], [ -68.926719324626234, -33.010275720367588, 0.0 ], [ -68.926668218155257, -33.010522866579301, 0.0 ], [ -68.926857907150321, -33.010550771110076, 0.0 ], [ -68.926909007769638, -33.010303610391176, 0.0 ] ] ] ] } },
{ "type": "Feature", "properties": { "ccpp1": "1104 797", "LAYER_2": "PADRONES_COMPUERTAS" }, "geometry": { "type": "MultiPolygon", "coordinates": [ [ [ [ -68.926719324626234, -33.010275720367588, 0.0 ], [ -68.926529607360081, -33.010247826428966, 0.0 ], [ -68.926478364492695, -33.010494937317993, 0.0 ], [ -68.926668218155257, -33.010522866579301, 0.0 ], [ -68.926719324626234, -33.010275720367588, 0.0 ] ] ] ] } },
{ "type": "Feature", "properties": { "ccpp1": "1104 798", "LAYER_2": "PADRONES_COMPUERTAS" }, "geometry": { "type": "MultiPolygon", "coordinates": [ [ [ [ -68.926668218155257, -33.010522866579301, 0.0 ], [ -68.926478364492695, -33.010494937317993, 0.0 ], [ -68.92642744469363, -33.010741855407915, 0.0 ], [ -68.926617160834653, -33.010769761221567, 0.0 ], [ -68.926668218155257, -33.010522866579301, 0.0 ] ] ] ] } },
{ "type": "Feature", "properties": { "ccpp1": "1104 799", "LAYER_2": "PADRONES_COMPUERTAS" }, "geometry": { "type": "MultiPolygon", "coordinates": [ [ [ [ -68.926857907150321, -33.010550771110076, 0.0 ], [ -68.926668218155257, -33.010522866579301, 0.0 ], [ -68.926617160834653, -33.010769761221567, 0.0 ], [ -68.926806859975002, -33.010797664031827, 0.0 ], [ -68.926857907150321, -33.010550771110076, 0.0 ] ] ] ] } },
{ "type": "Feature", "properties": { "ccpp1": "1104 800", "LAYER_2": "PADRONES_COMPUERTAS" }, "geometry": { "type": "MultiPolygon", "coordinates": [ [ [ [ -68.927047631577679, -33.010578679881647, 0.0 ], [ -68.926857907150321, -33.010550771110076, 0.0 ], [ -68.926806859975002, -33.010797664031827, 0.0 ], [ -68.926996576356103, -33.010825569268903, 0.0 ], [ -68.927047631577679, -33.010578679881647, 0.0 ] ] ] ] } },
{ "type": "Feature", "properties": { "ccpp1": "1104 801", "LAYER_2": "PADRONES_COMPUERTAS" }, "geometry": { "type": "MultiPolygon", "coordinates": [ [ [ [ -68.927237434237966, -33.010606601033871, 0.0 ], [ -68.927047631577679, -33.010578679881647, 0.0 ], [ -68.926996576356103, -33.010825569268903, 0.0 ], [ -68.927186379531804, -33.010853486891676, 0.0 ], [ -68.927237434237966, -33.010606601033871, 0.0 ] ] ] ] } },
{ "type": "Feature", "properties": { "ccpp1": "1104 802", "LAYER_2": "PADRONES_COMPUERTAS" }, "geometry": { "type": "MultiPolygon", "coordinates": [ [ [ [ -68.927427133224825, -33.010634504705386, 0.0 ], [ -68.927237434237966, -33.010606601033871, 0.0 ], [ -68.927186379531804, -33.010853486891676, 0.0 ], [ -68.927376079033053, -33.010881387935342, 0.0 ], [ -68.927427133224825, -33.010634504705386, 0.0 ] ] ] ] } },
{ "type": "Feature", "properties": { "ccpp1": "1104 803", "LAYER_2": "PADRONES_COMPUERTAS" }, "geometry": { "type": "MultiPolygon", "coordinates": [ [ [ [ -68.927616902954867, -33.010662418949693, 0.0 ], [ -68.927427133224825, -33.010634504705386, 0.0 ], [ -68.927376079033053, -33.010881387935342, 0.0 ], [ -68.927536021443103, -33.010904913623293, 0.0 ], [ -68.927571018385166, -33.010884287377792, 0.0 ], [ -68.927616902954867, -33.010662418949693, 0.0 ] ] ] ] } },
{ "type": "Feature", "properties": { "ccpp1": "1104 745", "LAYER_2": "PADRONES_COMPUERTAS" }, "geometry": { "type": "MultiPolygon", "coordinates": [ [ [ [ -68.935569368002945, -33.037535897472999, 0.0 ], [ -68.935028371860369, -33.037604781440663, 0.0 ], [ -68.935119551686753, -33.037802922470156, 0.0 ], [ -68.935659675735863, -33.037732150462396, 0.0 ], [ -68.935569368002945, -33.037535897472999, 0.0 ] ] ] ] } },
{ "type": "Feature", "properties": { "ccpp1": "1104 744", "LAYER_2": "PADRONES_COMPUERTAS" }, "geometry": { "type": "MultiPolygon", "coordinates": [ [ [ [ -68.935478190655317, -33.037337755862801, 0.0 ], [ -68.934937192441538, -33.037406640338716, 0.0 ], [ -68.935028371860369, -33.037604781440663, 0.0 ], [ -68.935569368002945, -33.037535897472999, 0.0 ], [ -68.935478190655317, -33.037337755862801, 0.0 ] ] ] ] } },
{ "type": "Feature", "properties": { "ccpp1": "1104 743", "LAYER_2": "PADRONES_COMPUERTAS" }, "geometry": { "type": "MultiPolygon", "coordinates": [ [ [ [ -68.93483770890478, -33.037190450579629, 0.0 ], [ -68.934937192441538, -33.037406640338716, 0.0 ], [ -68.935478190655317, -33.037337755862801, 0.0 ], [ -68.935381249516368, -33.037127255591756, 0.0 ], [ -68.93483770890478, -33.037190450579629, 0.0 ] ] ] ] } },
{ "type": "Feature", "properties": { "ccpp1": "1104 740", "LAYER_2": "PADRONES_COMPUERTAS" }, "geometry": { "type": "MultiPolygon", "coordinates": [ [ [ [ -68.935335195785882, -33.036206476379199, 0.0 ], [ -68.935494169527843, -33.036579027448589, 0.0 ], [ -68.935658876063641, -33.036550976732876, 0.0 ], [ -68.935948030045921, -33.036501731036935, 0.0 ], [ -68.93577430100413, -33.03610561226791, 0.0 ], [ -68.935755890135766, -33.036063634486929, 0.0 ], [ -68.935319813471892, -33.036170429496302, 0.0 ], [ -68.935335195785882, -33.036206476379199, 0.0 ] ] ] ] } },
{ "type": "Feature", "properties": { "ccpp1": "1104 741", "LAYER_2": "PADRONES_COMPUERTAS" }, "geometry": { "type": "MultiPolygon", "coordinates": [ [ [ [ -68.936079281909159, -33.036899654572707, 0.0 ], [ -68.936106661467633, -33.036863425010488, 0.0 ], [ -68.935948030045921, -33.036501731036935, 0.0 ], [ -68.935658876063641, -33.036550976732876, 0.0 ], [ -68.935494169527843, -33.036579027448589, 0.0 ], [ -68.935652196684515, -33.036949359694198, 0.0 ], [ -68.935824795146729, -33.036929297131977, 0.0 ], [ -68.93582477270283, -33.036929246626848, 0.0 ], [ -68.936079281909159, -33.036899654572707, 0.0 ] ] ] ] } },
{ "type": "Feature", "properties": { "ccpp1": "1104 752", "LAYER_2": "PADRONES_COMPUERTAS" }, "geometry": { "type": "MultiPolygon", "coordinates": [ [ [ [ -68.935319813471892, -33.036170429496302, 0.0 ], [ -68.934914070404616, -33.036269793703788, 0.0 ], [ -68.934454119093914, -33.036382326101844, 0.0 ], [ -68.934773688171447, -33.03705146956473, 0.0 ], [ -68.935652196684515, -33.036949359694198, 0.0 ], [ -68.935494169527843, -33.036579027448589, 0.0 ], [ -68.935319813471892, -33.036170429496302, 0.0 ] ] ] ] } },
{ "type": "Feature", "properties": { "ccpp1": "1104 753", "LAYER_2": "PADRONES_COMPUERTAS" }, "geometry": { "type": "MultiPolygon", "coordinates": [ [ [ [ -68.938583449694235, -33.036650778876947, 0.0 ], [ -68.938234664286838, -33.035915153627805, 0.0 ], [ -68.937857426898262, -33.036007255692468, 0.0 ], [ -68.937952533725337, -33.036210665687094, 0.0 ], [ -68.938181614969068, -33.036700609688722, 0.0 ], [ -68.938583449694235, -33.036650778876947, 0.0 ] ] ] ] } },
{ "type": "Feature", "properties": { "ccpp1": "1104 753", "LAYER_2": "PADRONES_COMPUERTAS" }, "geometry": { "type": "MultiPolygon", "coordinates": [ [ [ [ -68.937329194127813, -33.036346279126462, 0.0 ], [ -68.937520555815638, -33.036782583933828, 0.0 ], [ -68.937601186372078, -33.036772585974404, 0.0 ], [ -68.938016357333282, -33.036721102788135, 0.0 ], [ -68.938343637776129, -33.036680517505189, 0.0 ], [ -68.938583449694235, -33.036650778876947, 0.0 ], [ -68.93804017108549, -33.035504941171375, 0.0 ], [ -68.937282731030123, -33.035689699108183, 0.0 ], [ -68.937064649163631, -33.035743110725207, 0.0 ], [ -68.937239421041639, -33.036141595136613, 0.0 ], [ -68.937329194127813, -33.036346279126462, 0.0 ] ] ] ] } },
{ "type": "Feature", "properties": { "ccpp1": "1104 816", "LAYER_2": "PADRONES_COMPUERTAS" }, "geometry": { "type": "MultiPolygon", "coordinates": [ [ [ [ -68.934147313482967, -33.034806081118752, 0.0 ], [ -68.934323565024044, -33.035189795652414, 0.0 ], [ -68.934408314393295, -33.035168736605883, 0.0 ], [ -68.934549445477856, -33.035133668060737, 0.0 ], [ -68.934373194138942, -33.034749953842187, 0.0 ], [ -68.934232063596909, -33.034785022190803, 0.0 ], [ -68.934147313482967, -33.034806081118752, 0.0 ] ] ] ] } },
{ "type": "Feature", "properties": { "ccpp1": "1104 817", "LAYER_2": "PADRONES_COMPUERTAS" }, "geometry": { "type": "MultiPolygon", "coordinates": [ [ [ [ -68.934373194138942, -33.034749953842187, 0.0 ], [ -68.934549445477856, -33.035133668060737, 0.0 ], [ -68.934775326717059, -33.035077539158195, 0.0 ], [ -68.934599085196581, -33.034693849604899, 0.0 ], [ -68.934465267526107, -33.034727081738438, 0.0 ], [ -68.934417853958848, -33.034738856103722, 0.0 ], [ -68.934373194138942, -33.034749953842187, 0.0 ] ] ] ] } },
{ "type": "Feature", "properties": { "ccpp1": "1104 1023", "LAYER_2": "PADRONES_COMPUERTAS" }, "geometry": { "type": "MultiPolygon", "coordinates": [ [ [ [ -68.934408314393295, -33.035168736605883, 0.0 ], [ -68.934323565024044, -33.035189795652414, 0.0 ], [ -68.934285051371504, -33.035199365482825, 0.0 ], [ -68.93393402102366, -33.03528658847695, 0.0 ], [ -68.934015988400887, -33.035459278514416, 0.0 ], [ -68.934488891183449, -33.035344157684257, 0.0 ], [ -68.934448208911803, -33.035255589455474, 0.0 ], [ -68.934408314393295, -33.035168736605883, 0.0 ] ] ] ] } },
{ "type": "Feature", "properties": { "ccpp1": "1104 815", "LAYER_2": "PADRONES_COMPUERTAS" }, "geometry": { "type": "MultiPolygon", "coordinates": [ [ [ [ -68.934015988400887, -33.035459278514416, 0.0 ], [ -68.934103833318019, -33.035644350625212, 0.0 ], [ -68.934574187951327, -33.035529853925837, 0.0 ], [ -68.934488891183449, -33.035344157684257, 0.0 ], [ -68.934015988400887, -33.035459278514416, 0.0 ] ] ] ] } },
{ "type": "Feature", "properties": { "ccpp1": "1104 870", "LAYER_2": "PADRONES_COMPUERTAS" }, "geometry": { "type": "MultiPolygon", "coordinates": [ [ [ [ -68.937239421041639, -33.036141595136613, 0.0 ], [ -68.937064649163631, -33.035743110725207, 0.0 ], [ -68.936390425315366, -33.035908234589066, 0.0 ], [ -68.936580055404022, -33.036340605088327, 0.0 ], [ -68.937007964259294, -33.03623580687124, 0.0 ], [ -68.936990664186013, -33.036202519242465, 0.0 ], [ -68.937239421041639, -33.036141595136613, 0.0 ] ] ] ] } },
{ "type": "Feature", "properties": { "ccpp1": "1104 1010", "LAYER_2": "PADRONES_COMPUERTAS" }, "geometry": { "type": "MultiPolygon", "coordinates": [ [ [ [ -68.937391472107535, -33.036798591156334, 0.0 ], [ -68.937520555815638, -33.036782583933828, 0.0 ], [ -68.937329194127656, -33.036346279126498, 0.0 ], [ -68.937080436758905, -33.036407202506979, 0.0 ], [ -68.93724803814392, -33.036816376924236, 0.0 ], [ -68.937391472107535, -33.036798591156334, 0.0 ] ] ] ] } },
{ "type": "Feature", "properties": { "ccpp1": "1104 872", "LAYER_2": "PADRONES_COMPUERTAS" }, "geometry": { "type": "MultiPolygon", "coordinates": [ [ [ [ -68.93662873592784, -33.036835765592926, 0.0 ], [ -68.936487925902696, -33.036514709769257, 0.0 ], [ -68.936160942175277, -33.036594789860601, 0.0 ], [ -68.936284185233944, -33.036875792948237, 0.0 ], [ -68.93646586412649, -33.036854696311551, 0.0 ], [ -68.93662873592784, -33.036835765592926, 0.0 ] ] ] ] } },
{ "type": "Feature", "properties": { "ccpp1": "1104 873", "LAYER_2": "PADRONES_COMPUERTAS" }, "geometry": { "type": "MultiPolygon", "coordinates": [ [ [ [ -68.936962663960486, -33.036796952782552, 0.0 ], [ -68.936804834999677, -33.036437096100713, 0.0 ], [ -68.936487925902696, -33.036514709769257, 0.0 ], [ -68.93662873592784, -33.036835765592926, 0.0 ], [ -68.936962663960486, -33.036796952782552, 0.0 ] ] ] ] } },
{ "type": "Feature", "properties": { "ccpp1": "1104 874", "LAYER_2": "PADRONES_COMPUERTAS" }, "geometry": { "type": "MultiPolygon", "coordinates": [ [ [ [ -68.936092878640494, -33.036206745024437, 0.0 ], [ -68.936000099806847, -33.036228057167712, 0.0 ], [ -68.936100925109997, -33.036457946718748, 0.0 ], [ -68.936580055404022, -33.036340605088327, 0.0 ], [ -68.93649403106788, -33.036144463101586, 0.0 ], [ -68.936092878640494, -33.036206745024437, 0.0 ] ] ] ] } },
{ "type": "Feature", "properties": { "ccpp1": "1104 875", "LAYER_2": "PADRONES_COMPUERTAS" }, "geometry": { "type": "MultiPolygon", "coordinates": [ [ [ [ -68.936092878640494, -33.036206745024437, 0.0 ], [ -68.93649403106788, -33.036144463101586, 0.0 ], [ -68.936390425315366, -33.035908234589066, 0.0 ], [ -68.936003516809947, -33.03600298997695, 0.0 ], [ -68.936092878640494, -33.036206745024437, 0.0 ] ] ] ] } },
{ "type": "Feature", "properties": { "ccpp1": "1104 309", "LAYER_2": "PADRONES_COMPUERTAS" }, "geometry": { "type": "MultiPolygon", "coordinates": [ [ [ [ -68.936984013490317, -33.029300579677688, 0.0 ], [ -68.936968807804035, -33.029304350006115, 0.0 ], [ -68.936533930859838, -33.029412149959647, 0.0 ], [ -68.936700449159702, -33.029763886817669, 0.0 ], [ -68.937128368014072, -33.029660322449558, 0.0 ], [ -68.936984013490317, -33.029300579677688, 0.0 ] ] ] ] } },
{ "type": "Feature", "properties": { "ccpp1": "1104 308", "LAYER_2": "PADRONES_COMPUERTAS" }, "geometry": { "type": "MultiPolygon", "coordinates": [ [ [ [ -68.937421772470501, -33.029192035718374, 0.0 ], [ -68.936984013490317, -33.029300579677688, 0.0 ], [ -68.937128368014072, -33.029660322449558, 0.0 ], [ -68.937136182295376, -33.029658431070814, 0.0 ], [ -68.937571065481137, -33.029553085182101, 0.0 ], [ -68.937421772470501, -33.029192035718374, 0.0 ] ] ] ] } },
{ "type": "Feature", "properties": { "ccpp1": "1104 704", "LAYER_2": "PADRONES_COMPUERTAS" }, "geometry": { "type": "MultiPolygon", "coordinates": [ [ [ [ -68.938285325528184, -33.028977909181037, 0.0 ], [ -68.937848838382237, -33.029086141222955, 0.0 ], [ -68.937998010198442, -33.029449764397832, 0.0 ], [ -68.938034731546367, -33.029440765912412, 0.0 ], [ -68.938109244124618, -33.029423490777759, 0.0 ], [ -68.938446376770571, -33.029337641574749, 0.0 ], [ -68.938285325528184, -33.028977909181037, 0.0 ] ] ] ] } },
{ "type": "Feature", "properties": { "ccpp1": "1104 305", "LAYER_2": "PADRONES_COMPUERTAS" }, "geometry": { "type": "MultiPolygon", "coordinates": [ [ [ [ -68.939413658131684, -33.029091323560451, 0.0 ], [ -68.939248950422723, -33.028738959989106, 0.0 ], [ -68.938285325528184, -33.028977909181037, 0.0 ], [ -68.938446376770571, -33.029337641574749, 0.0 ], [ -68.939413658131684, -33.029091323560451, 0.0 ] ] ] ] } },
{ "type": "Feature", "properties": { "ccpp1": "1104 811", "LAYER_2": "PADRONES_COMPUERTAS" }, "geometry": { "type": "MultiPolygon", "coordinates": [ [ [ [ -68.938551102185045, -33.029433447206756, 0.0 ], [ -68.938493611321405, -33.029447665309597, 0.0 ], [ -68.938304447140325, -33.029494216351445, 0.0 ], [ -68.938455340623733, -33.02984394323245, 0.0 ], [ -68.938644831375839, -33.029798219860851, 0.0 ], [ -68.938702750421101, -33.029784272401358, 0.0 ], [ -68.938551102185045, -33.029433447206756, 0.0 ] ] ] ] } },
{ "type": "Feature", "properties": { "ccpp1": "1104 349", "LAYER_2": "PADRONES_COMPUERTAS" }, "geometry": { "type": "MultiPolygon", "coordinates": [ [ [ [ -68.93805638074349, -33.029555289072498, 0.0 ], [ -68.937623645533435, -33.029661921708239, 0.0 ], [ -68.937662433369212, -33.029758690550004, 0.0 ], [ -68.937771653792964, -33.030008869008135, 0.0 ], [ -68.93821046139584, -33.029902981851201, 0.0 ], [ -68.93805638074349, -33.029555289072498, 0.0 ] ] ] ] } },
{ "type": "Feature", "properties": { "ccpp1": "1104 348", "LAYER_2": "PADRONES_COMPUERTAS" }, "geometry": { "type": "MultiPolygon", "coordinates": [ [ [ [ -68.937623645533435, -33.029661921708239, 0.0 ], [ -68.937192933838858, -33.029767984002277, 0.0 ], [ -68.937341822206903, -33.030112476993935, 0.0 ], [ -68.937771653792964, -33.030008869008135, 0.0 ], [ -68.937662433369212, -33.029758690550004, 0.0 ], [ -68.937623645533435, -33.029661921708239, 0.0 ] ] ] ] } },
{ "type": "Feature", "properties": { "ccpp1": "1104 347", "LAYER_2": "PADRONES_COMPUERTAS" }, "geometry": { "type": "MultiPolygon", "coordinates": [ [ [ [ -68.937192933838858, -33.029767984002277, 0.0 ], [ -68.936753675544651, -33.029876172029418, 0.0 ], [ -68.936914446610601, -33.030215547341669, 0.0 ], [ -68.937341822206903, -33.030112476993935, 0.0 ], [ -68.937192933838858, -33.029767984002277, 0.0 ] ] ] ] } },
{ "type": "Feature", "properties": { "ccpp1": "1104 346", "LAYER_2": "PADRONES_COMPUERTAS" }, "geometry": { "type": "MultiPolygon", "coordinates": [ [ [ [ -68.938551102185045, -33.029433447206756, 0.0 ], [ -68.938702750421101, -33.029784272401358, 0.0 ], [ -68.938644831375839, -33.029798219860851, 0.0 ], [ -68.938455340623733, -33.02984394323245, 0.0 ], [ -68.93821046139584, -33.029902981851201, 0.0 ], [ -68.937771653792964, -33.030008869008135, 0.0 ], [ -68.937341822206903, -33.030112476993935, 0.0 ], [ -68.936914446610601, -33.030215547341669, 0.0 ], [ -68.936920302629318, -33.030227908624212, 0.0 ], [ -68.937134493281675, -33.030680475918828, 0.0 ], [ -68.937182372288405, -33.030781579304211, 0.0 ], [ -68.937522402581308, -33.030698253351609, 0.0 ], [ -68.937769070876314, -33.030637874394507, 0.0 ], [ -68.938141863630719, -33.030536080605174, 0.0 ], [ -68.938579737196022, -33.030432690231343, 0.0 ], [ -68.939074032188074, -33.030315990143642, 0.0 ], [ -68.93989517918213, -33.030122202381641, 0.0 ], [ -68.939886090668608, -33.030102687615098, 0.0 ], [ -68.939632557658982, -33.029559938713874, 0.0 ], [ -68.939467848209816, -33.02920757545597, 0.0 ], [ -68.938551102185045, -33.029433447206756, 0.0 ] ] ] ] } },
{ "type": "Feature", "properties": { "ccpp1": "1104 297", "LAYER_2": "PADRONES_COMPUERTAS" }, "geometry": { "type": "MultiPolygon", "coordinates": [ [ [ [ -68.939074032188074, -33.030315990143642, 0.0 ], [ -68.938579737196022, -33.030432690231343, 0.0 ], [ -68.938667151812595, -33.030644811080442, 0.0 ], [ -68.938868316866049, -33.030597932661543, 0.0 ], [ -68.93891478069628, -33.030587135346721, 0.0 ], [ -68.939167976383501, -33.030528109326127, 0.0 ], [ -68.939074032188074, -33.030315990143642, 0.0 ] ] ] ] } },
{ "type": "Feature", "properties": { "ccpp1": "1104 298", "LAYER_2": "PADRONES_COMPUERTAS" }, "geometry": { "type": "MultiPolygon", "coordinates": [ [ [ [ -68.93891478069628, -33.030587135346721, 0.0 ], [ -68.939105122959333, -33.031023547629083, 0.0 ], [ -68.939360996455321, -33.030963620856149, 0.0 ], [ -68.939167976383501, -33.030528109326127, 0.0 ], [ -68.93891478069628, -33.030587135346721, 0.0 ] ] ] ] } },
{ "type": "Feature", "properties": { "ccpp1": "1104 165", "LAYER_2": "PADRONES_COMPUERTAS" }, "geometry": { "type": "MultiPolygon", "coordinates": [ [ [ [ -68.93989517918213, -33.030122202381641, 0.0 ], [ -68.939074032188074, -33.030315990143642, 0.0 ], [ -68.939167976383501, -33.030528109326127, 0.0 ], [ -68.939360996455321, -33.030963620856149, 0.0 ], [ -68.939525588511742, -33.031335279887585, 0.0 ], [ -68.939585003634065, -33.031483182919771, 0.0 ], [ -68.93963193089948, -33.03158763821272, 0.0 ], [ -68.940273542600067, -33.03143031571809, 0.0 ], [ -68.940477605913586, -33.031372796365702, 0.0 ], [ -68.93989517918213, -33.030122202381641, 0.0 ] ] ] ] } },
{ "type": "Feature", "properties": { "ccpp1": "1104 296", "LAYER_2": "PADRONES_COMPUERTAS" }, "geometry": { "type": "MultiPolygon", "coordinates": [ [ [ [ -68.938667151812595, -33.030644811080442, 0.0 ], [ -68.938729880175771, -33.030797314692336, 0.0 ], [ -68.938873590347953, -33.031145978004865, 0.0 ], [ -68.93908569814586, -33.031096303104029, 0.0 ], [ -68.938868316866049, -33.030597932661543, 0.0 ], [ -68.938667151812595, -33.030644811080442, 0.0 ] ] ] ] } },
{ "type": "Feature", "properties": { "ccpp1": "1104 299", "LAYER_2": "PADRONES_COMPUERTAS" }, "geometry": { "type": "MultiPolygon", "coordinates": [ [ [ [ -68.939112630797453, -33.031157629965186, 0.0 ], [ -68.939332152172412, -33.031661140511339, 0.0 ], [ -68.939378402787753, -33.031649801919038, 0.0 ], [ -68.939585355951678, -33.03159905789262, 0.0 ], [ -68.939362618179828, -33.031096437977034, 0.0 ], [ -68.939112630797453, -33.031157629965186, 0.0 ] ] ] ] } },
{ "type": "Feature", "properties": { "ccpp1": "1104 295", "LAYER_2": "PADRONES_COMPUERTAS" }, "geometry": { "type": "MultiPolygon", "coordinates": [ [ [ [ -68.938873590347953, -33.031145978004865, 0.0 ], [ -68.938880130427876, -33.031161844329155, 0.0 ], [ -68.939131733770623, -33.031710277819954, 0.0 ], [ -68.939332152172412, -33.031661140511339, 0.0 ], [ -68.939112630797453, -33.031157629965186, 0.0 ], [ -68.93908569814586, -33.031096303104029, 0.0 ], [ -68.938873590347953, -33.031145978004865, 0.0 ] ] ] ] } },
{ "type": "Feature", "properties": { "ccpp1": "1104 310", "LAYER_2": "PADRONES_COMPUERTAS" }, "geometry": { "type": "MultiPolygon", "coordinates": [ [ [ [ -68.938579737196022, -33.030432690231343, 0.0 ], [ -68.938141863630719, -33.030536080605174, 0.0 ], [ -68.938266504767697, -33.030812373265036, 0.0 ], [ -68.938380575371298, -33.031065233319445, 0.0 ], [ -68.938578109403664, -33.031503102516304, 0.0 ], [ -68.938717400066125, -33.031811862094223, 0.0 ], [ -68.939131733770623, -33.031710277819954, 0.0 ], [ -68.938880130427876, -33.031161844329155, 0.0 ], [ -68.938873590347953, -33.031145978004865, 0.0 ], [ -68.938729880175771, -33.030797314692336, 0.0 ], [ -68.938667151812595, -33.030644811080442, 0.0 ], [ -68.938579737196022, -33.030432690231343, 0.0 ] ] ] ] } },
{ "type": "Feature", "properties": { "ccpp1": "1104 180", "LAYER_2": "PADRONES_COMPUERTAS" }, "geometry": { "type": "MultiPolygon", "coordinates": [ [ [ [ -68.939810514143957, -33.031635937796715, 0.0 ], [ -68.940011685893566, -33.03210455076033, 0.0 ], [ -68.940707610806385, -33.031938786347411, 0.0 ], [ -68.940600831690659, -33.031709980685108, 0.0 ], [ -68.939949156385921, -33.031865205093901, 0.0 ], [ -68.939846961967405, -33.031627151213193, 0.0 ], [ -68.939810514143957, -33.031635937796715, 0.0 ] ] ] ] } },
{ "type": "Feature", "properties": { "ccpp1": "1104 116", "LAYER_2": "PADRONES_COMPUERTAS" }, "geometry": { "type": "MultiPolygon", "coordinates": [ [ [ [ -68.934221164388831, -33.015559317417868, 0.0 ], [ -68.934223507857439, -33.015567010838225, 0.0 ], [ -68.934223553764681, -33.015567163245422, 0.0 ], [ -68.93422371284305, -33.015567685398793, 0.0 ], [ -68.93425661004872, -33.015675700795938, 0.0 ], [ -68.934342392130489, -33.015957362336039, 0.0 ], [ -68.934372883138224, -33.016057477762033, 0.0 ], [ -68.934386848019102, -33.016103330741316, 0.0 ], [ -68.934378730921452, -33.01611245141936, 0.0 ], [ -68.934372597291329, -33.016122613672088, 0.0 ], [ -68.934368631437721, -33.016133512830734, 0.0 ], [ -68.934366950258834, -33.016144824354214, 0.0 ], [ -68.934367605377332, -33.016156211043516, 0.0 ], [ -68.934370575640258, -33.016167333857886, 0.0 ], [ -68.934375774605471, -33.016177859132135, 0.0 ], [ -68.934627124219716, -33.016043729003698, 0.0 ], [ -68.934846540031728, -33.015901019399294, 0.0 ], [ -68.934716992997124, -33.015726471293405, 0.0 ], [ -68.934593325874843, -33.015753703030015, 0.0 ], [ -68.934529988321174, -33.015545844668104, 0.0 ], [ -68.934360782788062, -33.015572301998091, 0.0 ], [ -68.934221164388831, -33.015559317417868, 0.0 ] ] ] ] } },
{ "type": "Feature", "properties": { "ccpp1": "1104 122", "LAYER_2": "PADRONES_COMPUERTAS" }, "geometry": { "type": "MultiPolygon", "coordinates": [ [ [ [ -68.934593325874843, -33.015753703030015, 0.0 ], [ -68.934716992997124, -33.015726471293405, 0.0 ], [ -68.934846540031728, -33.015901019399294, 0.0 ], [ -68.935046572750053, -33.015768889486843, 0.0 ], [ -68.935072868604763, -33.015732445763405, 0.0 ], [ -68.935075407066876, -33.015707832271531, 0.0 ], [ -68.93506426559648, -33.015668728967142, 0.0 ], [ -68.935052227828209, -33.015649306044814, 0.0 ], [ -68.934964221202875, -33.01559174781147, 0.0 ], [ -68.934876213621692, -33.015534189515144, 0.0 ], [ -68.934816075057483, -33.015503040432634, 0.0 ], [ -68.934529988321174, -33.015545844668104, 0.0 ], [ -68.934593325874843, -33.015753703030015, 0.0 ] ] ] ] } },
{ "type": "Feature", "properties": { "ccpp1": "1104 110", "LAYER_2": "PADRONES_COMPUERTAS" }, "geometry": { "type": "MultiPolygon", "coordinates": [ [ [ [ -68.934016437987992, -33.01571000630306, 0.0 ], [ -68.934023893268972, -33.015734485296655, 0.0 ], [ -68.934187151387334, -33.016270539408715, 0.0 ], [ -68.934375774605471, -33.016177859132135, 0.0 ], [ -68.934370575640258, -33.016167333857886, 0.0 ], [ -68.934367605377332, -33.016156211043516, 0.0 ], [ -68.934366950258834, -33.016144824354214, 0.0 ], [ -68.934368631437721, -33.016133512830734, 0.0 ], [ -68.934372597291329, -33.016122613672088, 0.0 ], [ -68.934378730921452, -33.01611245141936, 0.0 ], [ -68.934386848019102, -33.016103330741316, 0.0 ], [ -68.934372883138224, -33.016057477762033, 0.0 ], [ -68.934342392130489, -33.015957362336039, 0.0 ], [ -68.93425661004872, -33.015675700795938, 0.0 ], [ -68.93422371284305, -33.015567685398793, 0.0 ], [ -68.934223553764681, -33.015567163245422, 0.0 ], [ -68.934223507857439, -33.015567010838225, 0.0 ], [ -68.934221164388831, -33.015559317417868, 0.0 ], [ -68.933963240095167, -33.015535329225571, 0.0 ], [ -68.933970044092348, -33.015557670909878, 0.0 ], [ -68.933970116689991, -33.015557910793696, 0.0 ], [ -68.934016437987992, -33.01571000630306, 0.0 ] ] ] ] } },
{ "type": "Feature", "properties": { "ccpp1": "1104 127", "LAYER_2": "PADRONES_COMPUERTAS" }, "geometry": { "type": "MultiPolygon", "coordinates": [ [ [ [ -68.934000172283007, -33.016362411465991, 0.0 ], [ -68.934029170653787, -33.016348163209265, 0.0 ], [ -68.934000626671562, -33.016253859123744, 0.0 ], [ -68.93384199281256, -33.015729742683625, 0.0 ], [ -68.933834583601353, -33.015705265506938, 0.0 ], [ -68.934016437987992, -33.01571000630306, 0.0 ], [ -68.933970116689991, -33.015557910793696, 0.0 ], [ -68.933970044092348, -33.015557670909878, 0.0 ], [ -68.933963240095167, -33.015535329225571, 0.0 ], [ -68.933743657874501, -33.015514908047251, 0.0 ], [ -68.934000172283007, -33.016362411465991, 0.0 ] ] ] ] } },
{ "type": "Feature", "properties": { "ccpp1": "1104 104", "LAYER_2": "PADRONES_COMPUERTAS" }, "geometry": { "type": "MultiPolygon", "coordinates": [ [ [ [ -68.933742108695398, -33.016351334722003, 0.0 ], [ -68.933892466566476, -33.016415333246755, 0.0 ], [ -68.934000172283007, -33.016362411465991, 0.0 ], [ -68.933743657874501, -33.015514908047251, 0.0 ], [ -68.933620944763447, -33.015493914980247, 0.0 ], [ -68.933618865648242, -33.01549343057696, 0.0 ], [ -68.933621033311368, -33.015498576684649, 0.0 ], [ -68.933665703816189, -33.01563617612787, 0.0 ], [ -68.933649430342157, -33.015776798944259, 0.0 ], [ -68.933649399101142, -33.015777071233373, 0.0 ], [ -68.93374765296771, -33.01630504389766, 0.0 ], [ -68.933742108695398, -33.016351334722003, 0.0 ] ] ] ] } },
{ "type": "Feature", "properties": { "ccpp1": "1104 128", "LAYER_2": "PADRONES_COMPUERTAS" }, "geometry": { "type": "MultiPolygon", "coordinates": [ [ [ [ -68.933393951884, -33.016184490227523, 0.0 ], [ -68.933580211432385, -33.016274712745322, 0.0 ], [ -68.933442024339044, -33.015459302695547, 0.0 ], [ -68.933440777682463, -33.015451948874947, 0.0 ], [ -68.933261750378634, -33.015410247309497, 0.0 ], [ -68.933264307672431, -33.015425224589222, 0.0 ], [ -68.933393951884, -33.016184490227523, 0.0 ] ] ] ] } },
{ "type": "Feature", "properties": { "ccpp1": "1104 123", "LAYER_2": "PADRONES_COMPUERTAS" }, "geometry": { "type": "MultiPolygon", "coordinates": [ [ [ [ -68.933195663908023, -33.016086133299936, 0.0 ], [ -68.933393951884, -33.016184490227523, 0.0 ], [ -68.933264307672431, -33.015425224589222, 0.0 ], [ -68.933261750378634, -33.015410247309497, 0.0 ], [ -68.933081806209685, -33.015368332200339, 0.0 ], [ -68.933082098065114, -33.015370172674558, 0.0 ], [ -68.933084054778178, -33.01538250772964, 0.0 ], [ -68.93315670916347, -33.015840545012544, 0.0 ], [ -68.933195663908023, -33.016086133299936, 0.0 ] ] ] ] } },
{ "type": "Feature", "properties": { "ccpp1": "1104 105", "LAYER_2": "PADRONES_COMPUERTAS" }, "geometry": { "type": "MultiPolygon", "coordinates": [ [ [ [ -68.932759773560946, -33.015898195861936, 0.0 ], [ -68.933195663908023, -33.016086133299936, 0.0 ], [ -68.93315670916347, -33.015840545012544, 0.0 ], [ -68.933084054778178, -33.01538250772964, 0.0 ], [ -68.933082098065114, -33.015370172674558, 0.0 ], [ -68.933081806209685, -33.015368332200339, 0.0 ], [ -68.932824153045672, -33.015308315392957, 0.0 ], [ -68.93281701341698, -33.015306991498633, 0.0 ], [ -68.932663076930368, -33.015310920095672, 0.0 ], [ -68.932759773560946, -33.015898195861936, 0.0 ] ] ] ] } },
{ "type": "Feature", "properties": { "ccpp1": "1104 495", "LAYER_2": "PADRONES_COMPUERTAS" }, "geometry": { "type": "MultiPolygon", "coordinates": [ [ [ [ -68.932554403703136, -33.015412291690211, 0.0 ], [ -68.932296039375188, -33.015657162023025, 0.0 ], [ -68.932629779147604, -33.015847812327834, 0.0 ], [ -68.932554403703136, -33.015412291690211, 0.0 ] ] ] ] } },
{ "type": "Feature", "properties": { "ccpp1": "1104 124", "LAYER_2": "PADRONES_COMPUERTAS" }, "geometry": { "type": "MultiPolygon", "coordinates": [ [ [ [ -68.932089781253865, -33.014680997174452, 0.0 ], [ -68.931767567060177, -33.014973834136875, 0.0 ], [ -68.931563426000437, -33.01516115977811, 0.0 ], [ -68.931588026276941, -33.015189124273746, 0.0 ], [ -68.9319079847251, -33.015422646294788, 0.0 ], [ -68.932466033602296, -33.014901747325233, 0.0 ], [ -68.932089781253865, -33.014680997174452, 0.0 ] ] ] ] } },
{ "type": "Feature", "properties": { "ccpp1": "1104 126", "LAYER_2": "PADRONES_COMPUERTAS" }, "geometry": { "type": "MultiPolygon", "coordinates": [ [ [ [ -68.933891883317472, -33.014159178184087, 0.0 ], [ -68.93246899739961, -33.014461853432458, 0.0 ], [ -68.932583460869395, -33.014997194453784, 0.0 ], [ -68.933974929403107, -33.014695047732246, 0.0 ], [ -68.934043955989836, -33.014679397792968, 0.0 ], [ -68.933963710120736, -33.014402196800383, 0.0 ], [ -68.933905273236221, -33.014200331397682, 0.0 ], [ -68.933891883317472, -33.014159178184087, 0.0 ] ] ] ] } },
{ "type": "Feature", "properties": { "ccpp1": "1104 352", "LAYER_2": "PADRONES_COMPUERTAS" }, "geometry": { "type": "MultiPolygon", "coordinates": [ [ [ [ -68.934223384987632, -33.015559523268244, 0.0 ], [ -68.934219753676643, -33.01533752006641, 0.0 ], [ -68.93409055541278, -33.0151822511746, 0.0 ], [ -68.933974929403107, -33.014695047732246, 0.0 ], [ -68.932583460869395, -33.014997194453784, 0.0 ], [ -68.932663076930368, -33.015310920095672, 0.0 ], [ -68.93281695592907, -33.015306589320865, 0.0 ], [ -68.932824153045672, -33.015308315392957, 0.0 ], [ -68.933261750378634, -33.015410247309497, 0.0 ], [ -68.933440777682463, -33.015451948874947, 0.0 ], [ -68.933620944763447, -33.015493914980247, 0.0 ], [ -68.933743657874501, -33.015514908047251, 0.0 ], [ -68.933963240095167, -33.015535329225571, 0.0 ], [ -68.934221164388831, -33.015559317417868, 0.0 ], [ -68.934223384987632, -33.015559523268244, 0.0 ] ] ] ] } },
{ "type": "Feature", "properties": { "ccpp1": "1104 114", "LAYER_2": "PADRONES_COMPUERTAS" }, "geometry": { "type": "MultiPolygon", "coordinates": [ [ [ [ -68.932983021732909, -33.013441711485271, 0.0 ], [ -68.933077837121331, -33.013712882444565, 0.0 ], [ -68.933079037030268, -33.013712627012261, 0.0 ], [ -68.933699618022317, -33.013580595940276, 0.0 ], [ -68.933653590011147, -33.013344889914634, 0.0 ], [ -68.933634670839695, -33.013296192120386, 0.0 ], [ -68.932983021732909, -33.013441711485271, 0.0 ] ] ] ] } },
{ "type": "Feature", "properties": { "ccpp1": "1104 525", "LAYER_2": "PADRONES_COMPUERTAS" }, "geometry": { "type": "MultiPolygon", "coordinates": [ [ [ [ -68.932881212610525, -33.013155622979852, 0.0 ], [ -68.932983021732909, -33.013441711485271, 0.0 ], [ -68.933634670839695, -33.013296192120386, 0.0 ], [ -68.933523814857821, -33.013010861235834, 0.0 ], [ -68.932881212610525, -33.013155622979852, 0.0 ] ] ] ] } },
{ "type": "Feature", "properties": { "ccpp1": "1104 120", "LAYER_2": "PADRONES_COMPUERTAS" }, "geometry": { "type": "MultiPolygon", "coordinates": [ [ [ [ -68.931902972414477, -33.012776141707704, 0.0 ], [ -68.932128961932506, -33.01332508002421, 0.0 ], [ -68.932157644354064, -33.013318618886885, 0.0 ], [ -68.932881597952502, -33.013155536626286, 0.0 ], [ -68.933523814857821, -33.013010861235834, 0.0 ], [ -68.933418838814433, -33.012741853693022, 0.0 ], [ -68.933390629160499, -33.012440120172002, 0.0 ], [ -68.933103260346712, -33.012505005205625, 0.0 ], [ -68.933062268794586, -33.012514254251549, 0.0 ], [ -68.932861297035572, -33.012559596141422, 0.0 ], [ -68.932788954780008, -33.012575964987676, 0.0 ], [ -68.931930367005734, -33.012769952225142, 0.0 ], [ -68.931902972414477, -33.012776141707704, 0.0 ] ] ] ] } },
{ "type": "Feature", "properties": { "ccpp1": "1104 137", "LAYER_2": "PADRONES_COMPUERTAS" }, "geometry": { "type": "MultiPolygon", "coordinates": [ [ [ [ -68.932755914766005, -33.012139640197404, 0.0 ], [ -68.932904765507146, -33.012549789454575, 0.0 ], [ -68.933062268793904, -33.012514255153235, 0.0 ], [ -68.933103260346712, -33.012505005205625, 0.0 ], [ -68.933390629160499, -33.012440120172002, 0.0 ], [ -68.933388787170657, -33.012420414885938, 0.0 ], [ -68.933361461912682, -33.012239357489136, 0.0 ], [ -68.933345093057184, -33.01223240585167, 0.0 ], [ -68.932955071391504, -33.012170997581478, 0.0 ], [ -68.932755914766005, -33.012139640197404, 0.0 ] ] ] ] } },
{ "type": "Feature", "properties": { "ccpp1": "1104 581", "LAYER_2": "PADRONES_COMPUERTAS" }, "geometry": { "type": "MultiPolygon", "coordinates": [ [ [ [ -68.927515369940508, -33.016196567514655, 0.0 ], [ -68.92748948224245, -33.016181494515685, 0.0 ], [ -68.927346030219624, -33.016098096381192, 0.0 ], [ -68.927043622303188, -33.015907937186178, 0.0 ], [ -68.926894956704061, -33.015957079818698, 0.0 ], [ -68.926957067834167, -33.016334276657709, 0.0 ], [ -68.926989409488741, -33.016530687465057, 0.0 ], [ -68.927028993858173, -33.016771091574718, 0.0 ], [ -68.927061296566123, -33.016796808173481, 0.0 ], [ -68.927065574621238, -33.016800417370604, 0.0 ], [ -68.927068890262646, -33.016803034163523, 0.0 ], [ -68.927479779218828, -33.01685890868805, 0.0 ], [ -68.927768686701256, -33.016898210686712, 0.0 ], [ -68.927773073539143, -33.01689839356024, 0.0 ], [ -68.92777756854656, -33.016898486328785, 0.0 ], [ -68.927781955678498, -33.01689830853249, 0.0 ], [ -68.927786449836148, -33.016898130797948, 0.0 ], [ -68.927790945211044, -33.016897772729081, 0.0 ], [ -68.927795225611149, -33.01689723420084, 0.0 ], [ -68.927799613110437, -33.016896605566984, 0.0 ], [ -68.927803894727646, -33.016895886704283, 0.0 ], [ -68.927808175421504, -33.016894987506078, 0.0 ], [ -68.927812563214474, -33.016893998202193, 0.0 ], [ -68.927816630003633, -33.016892918545111, 0.0 ], [ -68.927820805035623, -33.016891658615634, 0.0 ], [ -68.927824979070664, -33.016890308518015, 0.0 ], [ -68.92782904622679, -33.016888778023578, 0.0 ], [ -68.927833006430504, -33.016887157299749, 0.0 ], [ -68.927838893904976, -33.016884545848384, 0.0 ], [ -68.927842640277206, -33.016882654498332, 0.0 ], [ -68.92784638672272, -33.016880672980797, 0.0 ], [ -68.927850026215793, -33.016878601233877, 0.0 ], [ -68.927853665855551, -33.016876349152099, 0.0 ], [ -68.927857091516401, -33.016874007680762, 0.0 ], [ -68.927860517251261, -33.016871575140286, 0.0 ], [ -68.927865228395618, -33.016867790831185, 0.0 ], [ -68.928039007002837, -33.016695403557193, 0.0 ], [ -68.928041897744805, -33.016692790368324, 0.0 ], [ -68.92804739720637, -33.016688234673495, 0.0 ], [ -68.928131295257757, -33.01661872605132, 0.0 ], [ -68.92815870157699, -33.016598544324431, 0.0 ], [ -68.928228925557519, -33.016557198775232, 0.0 ], [ -68.928238879646102, -33.016552335457362, 0.0 ], [ -68.928353195940332, -33.016504253525177, 0.0 ], [ -68.928365296838336, -33.016488932007121, 0.0 ], [ -68.928367010869593, -33.016485596795782, 0.0 ], [ -68.928369047070007, -33.016480909257815, 0.0 ], [ -68.928370548216989, -33.016476131245305, 0.0 ], [ -68.928371727217865, -33.016471353047891, 0.0 ], [ -68.928372586359046, -33.016466394332042, 0.0 ], [ -68.928372910301178, -33.016461525476473, 0.0 ], [ -68.928372913240537, -33.016456566269248, 0.0 ], [ -68.928372595104321, -33.016451606877773, 0.0 ], [ -68.928371741769283, -33.01644673734657, 0.0 ], [ -68.928370460332872, -33.016441868471354, 0.0 ], [ -68.928368857748865, -33.01643708867757, 0.0 ], [ -68.928366826918534, -33.016432488972853, 0.0 ], [ -68.928364583035403, -33.016427979313271, 0.0 ], [ -68.928361909908688, -33.016423559574669, 0.0 ], [ -68.928358809533094, -33.016419410093107, 0.0 ], [ -68.928355279914001, -33.016415350532505, 0.0 ], [ -68.928351537096432, -33.01641156135171, 0.0 ], [ -68.928347471987621, -33.016407952320669, 0.0 ], [ -68.92825054038083, -33.016373542843489, 0.0 ], [ -68.928044688614719, -33.016307150371141, 0.0 ], [ -68.927953207267691, -33.016284195069169, 0.0 ], [ -68.927515369940508, -33.016196567514655, 0.0 ] ] ] ] } },
{ "type": "Feature", "properties": { "ccpp1": "1104 581", "LAYER_2": "PADRONES_COMPUERTAS" }, "geometry": { "type": "MultiPolygon", "coordinates": [ [ [ [ -68.927206129276854, -33.016208217237022, 0.0 ], [ -68.926924301516905, -33.016135289356271, 0.0 ], [ -68.926957067834167, -33.016334276657709, 0.0 ], [ -68.92748592180034, -33.016417818592657, 0.0 ], [ -68.927487147305186, -33.016334054659033, 0.0 ], [ -68.927487957501924, -33.016281144481162, 0.0 ], [ -68.927206129276854, -33.016208217237022, 0.0 ] ] ] ] } },
{ "type": "Feature", "properties": { "ccpp1": "1104 582", "LAYER_2": "PADRONES_COMPUERTAS" }, "geometry": { "type": "MultiPolygon", "coordinates": [ [ [ [ -68.926957067834167, -33.016334276657709, 0.0 ], [ -68.926989409488741, -33.016530687465057, 0.0 ], [ -68.927483463772276, -33.016596526312284, 0.0 ], [ -68.927484245977212, -33.016539181181443, 0.0 ], [ -68.927484807967957, -33.016493287186151, 0.0 ], [ -68.92748592180034, -33.016417818592657, 0.0 ], [ -68.926957067834167, -33.016334276657709, 0.0 ] ] ] ] } },
{ "type": "Feature", "properties": { "ccpp1": "1104 582", "LAYER_2": "PADRONES_COMPUERTAS" }, "geometry": { "type": "MultiPolygon", "coordinates": [ [ [ [ -68.927515369940508, -33.016196567514655, 0.0 ], [ -68.92748948224245, -33.016181494515685, 0.0 ], [ -68.927346030219624, -33.016098096381192, 0.0 ], [ -68.927043622303188, -33.015907937186178, 0.0 ], [ -68.926894956704061, -33.015957079818698, 0.0 ], [ -68.926957067834167, -33.016334276657709, 0.0 ], [ -68.926989409488741, -33.016530687465057, 0.0 ], [ -68.927028993858173, -33.016771091574718, 0.0 ], [ -68.927061296566123, -33.016796808173481, 0.0 ], [ -68.927065574621238, -33.016800417370604, 0.0 ], [ -68.927068890262646, -33.016803034163523, 0.0 ], [ -68.927479779218828, -33.01685890868805, 0.0 ], [ -68.927768686701256, -33.016898210686712, 0.0 ], [ -68.927773073539143, -33.01689839356024, 0.0 ], [ -68.92777756854656, -33.016898486328785, 0.0 ], [ -68.927781955678498, -33.01689830853249, 0.0 ], [ -68.927786449836148, -33.016898130797948, 0.0 ], [ -68.927790945211044, -33.016897772729081, 0.0 ], [ -68.927795225611149, -33.01689723420084, 0.0 ], [ -68.927799613110437, -33.016896605566984, 0.0 ], [ -68.927803894727646, -33.016895886704283, 0.0 ], [ -68.927808175421504, -33.016894987506078, 0.0 ], [ -68.927812563214474, -33.016893998202193, 0.0 ], [ -68.927816630003633, -33.016892918545111, 0.0 ], [ -68.927820805035623, -33.016891658615634, 0.0 ], [ -68.927824979070664, -33.016890308518015, 0.0 ], [ -68.92782904622679, -33.016888778023578, 0.0 ], [ -68.927833006430504, -33.016887157299749, 0.0 ], [ -68.927838893904976, -33.016884545848384, 0.0 ], [ -68.927842640277206, -33.016882654498332, 0.0 ], [ -68.92784638672272, -33.016880672980797, 0.0 ], [ -68.927850026215793, -33.016878601233877, 0.0 ], [ -68.927853665855551, -33.016876349152099, 0.0 ], [ -68.927857091516401, -33.016874007680762, 0.0 ], [ -68.927860517251261, -33.016871575140286, 0.0 ], [ -68.927865228395618, -33.016867790831185, 0.0 ], [ -68.928039007002837, -33.016695403557193, 0.0 ], [ -68.928041897744805, -33.016692790368324, 0.0 ], [ -68.92804739720637, -33.016688234673495, 0.0 ], [ -68.928131295257757, -33.01661872605132, 0.0 ], [ -68.92815870157699, -33.016598544324431, 0.0 ], [ -68.928228925557519, -33.016557198775232, 0.0 ], [ -68.928238879646102, -33.016552335457362, 0.0 ], [ -68.928353195940332, -33.016504253525177, 0.0 ], [ -68.928365296838336, -33.016488932007121, 0.0 ], [ -68.928367010869593, -33.016485596795782, 0.0 ], [ -68.928369047070007, -33.016480909257815, 0.0 ], [ -68.928370548216989, -33.016476131245305, 0.0 ], [ -68.928371727217865, -33.016471353047891, 0.0 ], [ -68.928372586359046, -33.016466394332042, 0.0 ], [ -68.928372910301178, -33.016461525476473, 0.0 ], [ -68.928372913240537, -33.016456566269248, 0.0 ], [ -68.928372595104321, -33.016451606877773, 0.0 ], [ -68.928371741769283, -33.01644673734657, 0.0 ], [ -68.928370460332872, -33.016441868471354, 0.0 ], [ -68.928368857748865, -33.01643708867757, 0.0 ], [ -68.928366826918534, -33.016432488972853, 0.0 ], [ -68.928364583035403, -33.016427979313271, 0.0 ], [ -68.928361909908688, -33.016423559574669, 0.0 ], [ -68.928358809533094, -33.016419410093107, 0.0 ], [ -68.928355279914001, -33.016415350532505, 0.0 ], [ -68.928351537096432, -33.01641156135171, 0.0 ], [ -68.928347471987621, -33.016407952320669, 0.0 ], [ -68.92825054038083, -33.016373542843489, 0.0 ], [ -68.928044688614719, -33.016307150371141, 0.0 ], [ -68.927953207267691, -33.016284195069169, 0.0 ], [ -68.927515369940508, -33.016196567514655, 0.0 ] ] ] ] } },
{ "type": "Feature", "properties": { "ccpp1": "1104 513", "LAYER_2": "PADRONES_COMPUERTAS" }, "geometry": { "type": "MultiPolygon", "coordinates": [ [ [ [ -68.927515369940508, -33.016196567514655, 0.0 ], [ -68.92748948224245, -33.016181494515685, 0.0 ], [ -68.927346030219624, -33.016098096381192, 0.0 ], [ -68.927043622303188, -33.015907937186178, 0.0 ], [ -68.926894956704061, -33.015957079818698, 0.0 ], [ -68.926957067834167, -33.016334276657709, 0.0 ], [ -68.926989409488741, -33.016530687465057, 0.0 ], [ -68.927028993858173, -33.016771091574718, 0.0 ], [ -68.927061296566123, -33.016796808173481, 0.0 ], [ -68.927065574621238, -33.016800417370604, 0.0 ], [ -68.927068890262646, -33.016803034163523, 0.0 ], [ -68.927479779218828, -33.01685890868805, 0.0 ], [ -68.927768686701256, -33.016898210686712, 0.0 ], [ -68.927773073539143, -33.01689839356024, 0.0 ], [ -68.92777756854656, -33.016898486328785, 0.0 ], [ -68.927781955678498, -33.01689830853249, 0.0 ], [ -68.927786449836148, -33.016898130797948, 0.0 ], [ -68.927790945211044, -33.016897772729081, 0.0 ], [ -68.927795225611149, -33.01689723420084, 0.0 ], [ -68.927799613110437, -33.016896605566984, 0.0 ], [ -68.927803894727646, -33.016895886704283, 0.0 ], [ -68.927808175421504, -33.016894987506078, 0.0 ], [ -68.927812563214474, -33.016893998202193, 0.0 ], [ -68.927816630003633, -33.016892918545111, 0.0 ], [ -68.927820805035623, -33.016891658615634, 0.0 ], [ -68.927824979070664, -33.016890308518015, 0.0 ], [ -68.92782904622679, -33.016888778023578, 0.0 ], [ -68.927833006430504, -33.016887157299749, 0.0 ], [ -68.927838893904976, -33.016884545848384, 0.0 ], [ -68.927842640277206, -33.016882654498332, 0.0 ], [ -68.92784638672272, -33.016880672980797, 0.0 ], [ -68.927850026215793, -33.016878601233877, 0.0 ], [ -68.927853665855551, -33.016876349152099, 0.0 ], [ -68.927857091516401, -33.016874007680762, 0.0 ], [ -68.927860517251261, -33.016871575140286, 0.0 ], [ -68.927865228395618, -33.016867790831185, 0.0 ], [ -68.928039007002837, -33.016695403557193, 0.0 ], [ -68.928041897744805, -33.016692790368324, 0.0 ], [ -68.92804739720637, -33.016688234673495, 0.0 ], [ -68.928131295257757, -33.01661872605132, 0.0 ], [ -68.92815870157699, -33.016598544324431, 0.0 ], [ -68.928228925557519, -33.016557198775232, 0.0 ], [ -68.928238879646102, -33.016552335457362, 0.0 ], [ -68.928353195940332, -33.016504253525177, 0.0 ], [ -68.928365296838336, -33.016488932007121, 0.0 ], [ -68.928367010869593, -33.016485596795782, 0.0 ], [ -68.928369047070007, -33.016480909257815, 0.0 ], [ -68.928370548216989, -33.016476131245305, 0.0 ], [ -68.928371727217865, -33.016471353047891, 0.0 ], [ -68.928372586359046, -33.016466394332042, 0.0 ], [ -68.928372910301178, -33.016461525476473, 0.0 ], [ -68.928372913240537, -33.016456566269248, 0.0 ], [ -68.928372595104321, -33.016451606877773, 0.0 ], [ -68.928371741769283, -33.01644673734657, 0.0 ], [ -68.928370460332872, -33.016441868471354, 0.0 ], [ -68.928368857748865, -33.01643708867757, 0.0 ], [ -68.928366826918534, -33.016432488972853, 0.0 ], [ -68.928364583035403, -33.016427979313271, 0.0 ], [ -68.928361909908688, -33.016423559574669, 0.0 ], [ -68.928358809533094, -33.016419410093107, 0.0 ], [ -68.928355279914001, -33.016415350532505, 0.0 ], [ -68.928351537096432, -33.01641156135171, 0.0 ], [ -68.928347471987621, -33.016407952320669, 0.0 ], [ -68.92825054038083, -33.016373542843489, 0.0 ], [ -68.928044688614719, -33.016307150371141, 0.0 ], [ -68.927953207267691, -33.016284195069169, 0.0 ], [ -68.927515369940508, -33.016196567514655, 0.0 ] ] ] ] } },
{ "type": "Feature", "properties": { "ccpp1": "1104 513", "LAYER_2": "PADRONES_COMPUERTAS" }, "geometry": { "type": "MultiPolygon", "coordinates": [ [ [ [ -68.927483463772276, -33.016596526312284, 0.0 ], [ -68.926989409488741, -33.016530687465057, 0.0 ], [ -68.927028993858173, -33.016771091574718, 0.0 ], [ -68.927061296566123, -33.016796808173481, 0.0 ], [ -68.927065574621238, -33.016800417370604, 0.0 ], [ -68.927068890262646, -33.016803034163523, 0.0 ], [ -68.927479779218828, -33.01685890868805, 0.0 ], [ -68.927483463772276, -33.016596526312284, 0.0 ] ] ] ] } },
{ "type": "Feature", "properties": { "ccpp1": "1104 391", "LAYER_2": "PADRONES_COMPUERTAS" }, "geometry": { "type": "MultiPolygon", "coordinates": [ [ [ [ -68.943594126531295, -33.036651549433891, 0.0 ], [ -68.943165335877637, -33.036816560013385, 0.0 ], [ -68.943348916379151, -33.037220310099713, 0.0 ], [ -68.94378966634747, -33.037051619157971, 0.0 ], [ -68.943594126531295, -33.036651549433891, 0.0 ] ] ] ] } },
{ "type": "Feature", "properties": { "ccpp1": "1104 390", "LAYER_2": "PADRONES_COMPUERTAS" }, "geometry": { "type": "MultiPolygon", "coordinates": [ [ [ [ -68.943842649449252, -33.036555994184233, 0.0 ], [ -68.943606547334568, -33.036646776189158, 0.0 ], [ -68.943594126531295, -33.036651549433891, 0.0 ], [ -68.94378966634747, -33.037051619157971, 0.0 ], [ -68.944060247666968, -33.036947868206369, 0.0 ], [ -68.943842649449252, -33.036555994184233, 0.0 ] ] ] ] } },
{ "type": "Feature", "properties": { "ccpp1": "1104 878", "LAYER_2": "PADRONES_COMPUERTAS" }, "geometry": { "type": "MultiPolygon", "coordinates": [ [ [ [ -68.93736772614163, -33.024339190501372, 0.0 ], [ -68.937923032126406, -33.025541118804149, 0.0 ], [ -68.93806675809391, -33.025515320312046, 0.0 ], [ -68.939059387864546, -33.025337142455406, 0.0 ], [ -68.939421265182432, -33.025275537803232, 0.0 ], [ -68.939111753156126, -33.023979479845082, 0.0 ], [ -68.939094673633107, -33.023907958896324, 0.0 ], [ -68.937309241360779, -33.024210526621793, 0.0 ], [ -68.937334601440682, -33.02426749355191, 0.0 ], [ -68.93736772614163, -33.024339190501372, 0.0 ] ] ] ] } },
{ "type": "Feature", "properties": { "ccpp1": "1104 902", "LAYER_2": "PADRONES_COMPUERTAS" }, "geometry": { "type": "MultiPolygon", "coordinates": [ [ [ [ -68.945107462578164, -33.024638853296757, 0.0 ], [ -68.945782286093376, -33.024518141937335, 0.0 ], [ -68.945715363334315, -33.024392723449097, 0.0 ], [ -68.945616740410088, -33.024211340478224, 0.0 ], [ -68.944937469078056, -33.024332846968221, 0.0 ], [ -68.945107462578164, -33.024638853296757, 0.0 ] ] ] ] } },
{ "type": "Feature", "properties": { "ccpp1": "1104 901", "LAYER_2": "PADRONES_COMPUERTAS" }, "geometry": { "type": "MultiPolygon", "coordinates": [ [ [ [ -68.945277728819477, -33.024945349107604, 0.0 ], [ -68.945946416360954, -33.024825735120181, 0.0 ], [ -68.945782286093376, -33.024518141937335, 0.0 ], [ -68.945107462578164, -33.024638853296757, 0.0 ], [ -68.945277728819477, -33.024945349107604, 0.0 ] ] ] ] } },
{ "type": "Feature", "properties": { "ccpp1": "1104 900", "LAYER_2": "PADRONES_COMPUERTAS" }, "geometry": { "type": "MultiPolygon", "coordinates": [ [ [ [ -68.945508169401975, -33.025229678980558, 0.0 ], [ -68.946104993594375, -33.02512291946401, 0.0 ], [ -68.945946416360954, -33.024825735120181, 0.0 ], [ -68.945277728819477, -33.024945349107604, 0.0 ], [ -68.945442234463187, -33.025241472911745, 0.0 ], [ -68.945508169401975, -33.025229678980558, 0.0 ] ] ] ] } },
{ "type": "Feature", "properties": { "ccpp1": "1104 899", "LAYER_2": "PADRONES_COMPUERTAS" }, "geometry": { "type": "MultiPolygon", "coordinates": [ [ [ [ -68.945498394591397, -33.025357122610778, 0.0 ], [ -68.945631629224437, -33.025596953654812, 0.0 ], [ -68.946037799457898, -33.025527450448507, 0.0 ], [ -68.946297168733963, -33.025483066564583, 0.0 ], [ -68.946104993594375, -33.02512291946401, 0.0 ], [ -68.945508169401975, -33.025229678980558, 0.0 ], [ -68.945571685932151, -33.025344012710974, 0.0 ], [ -68.945498394591397, -33.025357122610778, 0.0 ] ] ] ] } },
{ "type": "Feature", "properties": { "ccpp1": "1104 898", "LAYER_2": "PADRONES_COMPUERTAS" }, "geometry": { "type": "MultiPolygon", "coordinates": [ [ [ [ -68.944764683814739, -33.025362669012942, 0.0 ], [ -68.944955370378381, -33.025712671878097, 0.0 ], [ -68.945631629224437, -33.025596953654812, 0.0 ], [ -68.945498394591397, -33.025357122610778, 0.0 ], [ -68.945349822895267, -33.025383698472716, 0.0 ], [ -68.945286306623288, -33.025269364630383, 0.0 ], [ -68.944764683814739, -33.025362669012942, 0.0 ] ] ] ] } },
{ "type": "Feature", "properties": { "ccpp1": "1104 897", "LAYER_2": "PADRONES_COMPUERTAS" }, "geometry": { "type": "MultiPolygon", "coordinates": [ [ [ [ -68.944603069429618, -33.025066027144014, 0.0 ], [ -68.944764683814739, -33.025362669012942, 0.0 ], [ -68.945286306623288, -33.025269364630383, 0.0 ], [ -68.945359597922618, -33.025256254854916, 0.0 ], [ -68.945195092528522, -33.02496013004113, 0.0 ], [ -68.944603069429618, -33.025066027144014, 0.0 ] ] ] ] } },
{ "type": "Feature", "properties": { "ccpp1": "1104 896", "LAYER_2": "PADRONES_COMPUERTAS" }, "geometry": { "type": "MultiPolygon", "coordinates": [ [ [ [ -68.944435796195222, -33.02475899525696, 0.0 ], [ -68.944603069429618, -33.025066027144014, 0.0 ], [ -68.945195092528522, -33.02496013004113, 0.0 ], [ -68.94502482654562, -33.024653633216879, 0.0 ], [ -68.944435796195222, -33.02475899525696, 0.0 ] ] ] ] } },
{ "type": "Feature", "properties": { "ccpp1": "1104 895", "LAYER_2": "PADRONES_COMPUERTAS" }, "geometry": { "type": "MultiPolygon", "coordinates": [ [ [ [ -68.944265522047104, -33.024446451665554, 0.0 ], [ -68.94426934840692, -33.024453475606045, 0.0 ], [ -68.944339679132142, -33.024582568902609, 0.0 ], [ -68.944435796195222, -33.02475899525696, 0.0 ], [ -68.94502482654562, -33.024653633216879, 0.0 ], [ -68.944854834373245, -33.024347626777249, 0.0 ], [ -68.944265522047104, -33.024446451665554, 0.0 ] ] ] ] } },
{ "type": "Feature", "properties": { "ccpp1": "1104 894", "LAYER_2": "PADRONES_COMPUERTAS" }, "geometry": { "type": "MultiPolygon", "coordinates": [ [ [ [ -68.942193721881509, -33.024002252005261, 0.0 ], [ -68.942389708443045, -33.024765446781274, 0.0 ], [ -68.942421519716433, -33.024759922483625, 0.0 ], [ -68.942718535724495, -33.024709432918854, 0.0 ], [ -68.942687719135023, -33.024651658482824, 0.0 ], [ -68.942328814550947, -33.023978789848947, 0.0 ], [ -68.942193721881509, -33.024002252005261, 0.0 ] ] ] ] } },
{ "type": "Feature", "properties": { "ccpp1": "1104 893", "LAYER_2": "PADRONES_COMPUERTAS" }, "geometry": { "type": "MultiPolygon", "coordinates": [ [ [ [ -68.942389708443045, -33.024765446781274, 0.0 ], [ -68.942193721881509, -33.024002252005261, 0.0 ], [ -68.941951460511149, -33.024044326146104, 0.0 ], [ -68.942147445076941, -33.02480752129523, 0.0 ], [ -68.942389708443045, -33.024765446781274, 0.0 ] ] ] ] } },
{ "type": "Feature", "properties": { "ccpp1": "1104 892", "LAYER_2": "PADRONES_COMPUERTAS" }, "geometry": { "type": "MultiPolygon", "coordinates": [ [ [ [ -68.941699608310486, -33.024171422229927, 0.0 ], [ -68.941863319442945, -33.024856864970211, 0.0 ], [ -68.942147445076941, -33.02480752129523, 0.0 ], [ -68.941971952415614, -33.024124124750152, 0.0 ], [ -68.941699608310486, -33.024171422229927, 0.0 ] ] ] ] } },
{ "type": "Feature", "properties": { "ccpp1": "1104 891", "LAYER_2": "PADRONES_COMPUERTAS" }, "geometry": { "type": "MultiPolygon", "coordinates": [ [ [ [ -68.941863319442945, -33.024856864970211, 0.0 ], [ -68.941699608310486, -33.024171422229927, 0.0 ], [ -68.941428412528509, -33.02421852038399, 0.0 ], [ -68.941592121647929, -33.024903963472639, 0.0 ], [ -68.941863319442945, -33.024856864970211, 0.0 ] ] ] ] } },
{ "type": "Feature", "properties": { "ccpp1": "1104 890", "LAYER_2": "PADRONES_COMPUERTAS" }, "geometry": { "type": "MultiPolygon", "coordinates": [ [ [ [ -68.941157214318281, -33.024265617947037, 0.0 ], [ -68.941320921424648, -33.024951061384002, 0.0 ], [ -68.941592121647929, -33.024903963472639, 0.0 ], [ -68.941428412528509, -33.02421852038399, 0.0 ], [ -68.941157214318281, -33.024265617947037, 0.0 ] ] ] ] } },
{ "type": "Feature", "properties": { "ccpp1": "1104 889", "LAYER_2": "PADRONES_COMPUERTAS" }, "geometry": { "type": "MultiPolygon", "coordinates": [ [ [ [ -68.940886013679204, -33.024312715820713, 0.0 ], [ -68.941049718773087, -33.024998158704314, 0.0 ], [ -68.941320921424648, -33.024951061384002, 0.0 ], [ -68.941157214318281, -33.024265617947037, 0.0 ], [ -68.940886013679204, -33.024312715820713, 0.0 ] ] ] ] } },
{ "type": "Feature", "properties": { "ccpp1": "1104 888", "LAYER_2": "PADRONES_COMPUERTAS" }, "geometry": { "type": "MultiPolygon", "coordinates": [ [ [ [ -68.940614814893877, -33.02435981220372, 0.0 ], [ -68.940778316241136, -33.025044412275456, 0.0 ], [ -68.941045353357268, -33.024998916752651, 0.0 ], [ -68.941049718773087, -33.024998158704314, 0.0 ], [ -68.940886013679204, -33.024312715820713, 0.0 ], [ -68.940614814893877, -33.02435981220372, 0.0 ] ] ] ] } },
{ "type": "Feature", "properties": { "ccpp1": "1104 887", "LAYER_2": "PADRONES_COMPUERTAS" }, "geometry": { "type": "MultiPolygon", "coordinates": [ [ [ [ -68.940343614750688, -33.024406907996152, 0.0 ], [ -68.940506909154252, -33.025090651728519, 0.0 ], [ -68.940778316241136, -33.025044412275456, 0.0 ], [ -68.940614814893877, -33.02435981220372, 0.0 ], [ -68.940343614750688, -33.024406907996152, 0.0 ] ] ] ] } },
{ "type": "Feature", "properties": { "ccpp1": "1104 886", "LAYER_2": "PADRONES_COMPUERTAS" }, "geometry": { "type": "MultiPolygon", "coordinates": [ [ [ [ -68.940343614750688, -33.024406907996152, 0.0 ], [ -68.940614814893877, -33.02435981220372, 0.0 ], [ -68.940451965006659, -33.023677927995323, 0.0 ], [ -68.940180507508487, -33.0237239349972, 0.0 ], [ -68.940343614750688, -33.024406907996152, 0.0 ] ] ] ] } },
{ "type": "Feature", "properties": { "ccpp1": "1104 885", "LAYER_2": "PADRONES_COMPUERTAS" }, "geometry": { "type": "MultiPolygon", "coordinates": [ [ [ [ -68.940614814893877, -33.02435981220372, 0.0 ], [ -68.940886013679204, -33.024312715820713, 0.0 ], [ -68.940723422223726, -33.023631920402295, 0.0 ], [ -68.940451965006659, -33.023677927995323, 0.0 ], [ -68.940614814893877, -33.02435981220372, 0.0 ] ] ] ] } },
{ "type": "Feature", "properties": { "ccpp1": "1104 884", "LAYER_2": "PADRONES_COMPUERTAS" }, "geometry": { "type": "MultiPolygon", "coordinates": [ [ [ [ -68.940886013679204, -33.024312715820713, 0.0 ], [ -68.941157214318281, -33.024265617947037, 0.0 ], [ -68.940994879160243, -33.023585911316488, 0.0 ], [ -68.940723422223726, -33.023631920402295, 0.0 ], [ -68.940886013679204, -33.024312715820713, 0.0 ] ] ] ] } },
{ "type": "Feature", "properties": { "ccpp1": "1104 883", "LAYER_2": "PADRONES_COMPUERTAS" }, "geometry": { "type": "MultiPolygon", "coordinates": [ [ [ [ -68.941157214318281, -33.024265617947037, 0.0 ], [ -68.941428412528509, -33.02421852038399, 0.0 ], [ -68.941266335815044, -33.023539902541224, 0.0 ], [ -68.940994879160243, -33.023585911316488, 0.0 ], [ -68.941157214318281, -33.024265617947037, 0.0 ] ] ] ] } },
{ "type": "Feature", "properties": { "ccpp1": "1104 882", "LAYER_2": "PADRONES_COMPUERTAS" }, "geometry": { "type": "MultiPolygon", "coordinates": [ [ [ [ -68.941700756813276, -33.024171222772999, 0.0 ], [ -68.941971952415614, -33.024124124750152, 0.0 ], [ -68.941951460511149, -33.024044326146104, 0.0 ], [ -68.941798755621264, -33.023449660781786, 0.0 ], [ -68.941533489884506, -33.02349462152651, 0.0 ], [ -68.941700756813276, -33.024171222772999, 0.0 ] ] ] ] } },
{ "type": "Feature", "properties": { "ccpp1": "1104 881", "LAYER_2": "PADRONES_COMPUERTAS" }, "geometry": { "type": "MultiPolygon", "coordinates": [ [ [ [ -68.941951460511149, -33.024044326146104, 0.0 ], [ -68.942328814550947, -33.023978789848947, 0.0 ], [ -68.942026035939307, -33.02341113722678, 0.0 ], [ -68.94179875566843, -33.023449660932862, 0.0 ], [ -68.941951460511149, -33.024044326146104, 0.0 ] ] ] ] } },
{ "type": "Feature", "properties": { "ccpp1": "1104 858", "LAYER_2": "PADRONES_COMPUERTAS" }, "geometry": { "type": "MultiPolygon", "coordinates": [ [ [ [ -68.926288770968, -33.010467051201942, 0.0 ], [ -68.926098858739252, -33.010439057309853, 0.0 ], [ -68.926052975837322, -33.010660925185896, 0.0 ], [ -68.9260777880246, -33.010690422856975, 0.0 ], [ -68.926237746863507, -33.010713952021725, 0.0 ], [ -68.926288770968, -33.010467051201942, 0.0 ] ] ] ] } },
{ "type": "Feature", "properties": { "ccpp1": "1104 812", "LAYER_2": "PADRONES_COMPUERTAS" }, "geometry": { "type": "MultiPolygon", "coordinates": [ [ [ [ -68.938304447140325, -33.029494216351445, 0.0 ], [ -68.93805638074349, -33.029555289072498, 0.0 ], [ -68.93821046139584, -33.029902981851201, 0.0 ], [ -68.938455340623733, -33.02984394323245, 0.0 ], [ -68.938304447140325, -33.029494216351445, 0.0 ] ] ] ] } },
{ "type": "Feature", "properties": { "ccpp1": "1104 933", "LAYER_2": "PADRONES_COMPUERTAS" }, "geometry": { "type": "MultiPolygon", "coordinates": [ [ [ [ -68.96138200679178, -33.036524409219361, 0.0 ], [ -68.961894532040134, -33.038183299775625, 0.0 ], [ -68.96244172601024, -33.039954326453234, 0.0 ], [ -68.962446271638697, -33.039954022154973, 0.0 ], [ -68.965591909692961, -33.039743512660159, 0.0 ], [ -68.964446430141479, -33.036945965182241, 0.0 ], [ -68.964428872088234, -33.036950558703076, 0.0 ], [ -68.96442099552111, -33.036931477987913, 0.0 ], [ -68.964094473368831, -33.036140452501613, 0.0 ], [ -68.963916697235703, -33.036171333065717, 0.0 ], [ -68.96138200679178, -33.036524409219361, 0.0 ] ] ] ] } },
{ "type": "Feature", "properties": { "ccpp1": "1104 1015", "LAYER_2": "PADRONES_COMPUERTAS" }, "geometry": { "type": "MultiPolygon", "coordinates": [ [ [ [ -68.945923223421531, -33.037713428973994, 0.0 ], [ -68.94620958436262, -33.037676141156048, 0.0 ], [ -68.945867060585627, -33.037086260245829, 0.0 ], [ -68.945582712484239, -33.037123285421977, 0.0 ], [ -68.945923223421531, -33.037713428973994, 0.0 ] ] ] ] } },
{ "type": "Feature", "properties": { "ccpp1": "1104 1015", "LAYER_2": "PADRONES_COMPUERTAS" }, "geometry": { "type": "MultiPolygon", "coordinates": [ [ [ [ -68.94629716398795, -33.038361499627143, 0.0 ], [ -68.946585584224465, -33.03832366307153, 0.0 ], [ -68.945867060585627, -33.037086260245829, 0.0 ], [ -68.945582712484239, -33.037123285421977, 0.0 ], [ -68.94629716398795, -33.038361499627143, 0.0 ] ] ] ] } },
{ "type": "Feature", "properties": { "ccpp1": "1104 136", "LAYER_2": "PADRONES_COMPUERTAS" }, "geometry": { "type": "MultiPolygon", "coordinates": [ [ [ [ -68.932384006929084, -33.01231539394837, 0.0 ], [ -68.932519048476493, -33.012636948413444, 0.0 ], [ -68.932658379033967, -33.012605467743747, 0.0 ], [ -68.932673066922959, -33.012602149388314, 0.0 ], [ -68.932539891129039, -33.01228503864872, 0.0 ], [ -68.932384006929084, -33.01231539394837, 0.0 ] ] ] ] } },
{ "type": "Feature", "properties": { "ccpp1": "1104 414", "LAYER_2": "PADRONES_COMPUERTAS" }, "geometry": { "type": "MultiPolygon", "coordinates": [ [ [ [ -68.939058185123912, -33.036793759623791, 0.0 ], [ -68.939118682809749, -33.03714464394897, 0.0 ], [ -68.939418448067315, -33.037108839313625, 0.0 ], [ -68.93938038344659, -33.036887990666266, 0.0 ], [ -68.939248330658941, -33.036769794852759, 0.0 ], [ -68.939058185123912, -33.036793759623791, 0.0 ] ] ] ] } },
{ "type": "Feature", "properties": { "ccpp1": "1104 908", "LAYER_2": "PADRONES_COMPUERTAS" }, "geometry": { "type": "MultiPolygon", "coordinates": [ [ [ [ -68.941535103001101, -33.030731930473657, 0.0 ], [ -68.941711566480862, -33.031095957905691, 0.0 ], [ -68.942080710613737, -33.030996825749881, 0.0 ], [ -68.941914262679859, -33.030653461874394, 0.0 ], [ -68.941535103001101, -33.030731930473657, 0.0 ] ] ] ] } },
{ "type": "Feature", "properties": { "ccpp1": "1104 909", "LAYER_2": "PADRONES_COMPUERTAS" }, "geometry": { "type": "MultiPolygon", "coordinates": [ [ [ [ -68.941294351683709, -33.030781754764526, 0.0 ], [ -68.941477425732373, -33.031158834769478, 0.0 ], [ -68.941711566480862, -33.031095957905691, 0.0 ], [ -68.941535103001101, -33.030731930473657, 0.0 ], [ -68.941294610762526, -33.030781700786072, 0.0 ], [ -68.941294351683709, -33.030781754764526, 0.0 ] ] ] ] } },
{ "type": "Feature", "properties": { "ccpp1": "1104 910", "LAYER_2": "PADRONES_COMPUERTAS" }, "geometry": { "type": "MultiPolygon", "coordinates": [ [ [ [ -68.941060461404263, -33.030830158090531, 0.0 ], [ -68.941249721726734, -33.031219982583053, 0.0 ], [ -68.941263497380945, -33.031216338196913, 0.0 ], [ -68.941477425732373, -33.031158834769478, 0.0 ], [ -68.941294351683709, -33.030781754764526, 0.0 ], [ -68.941063325189361, -33.030829565241071, 0.0 ], [ -68.941060461404263, -33.030830158090531, 0.0 ] ] ] ] } },
{ "type": "Feature", "properties": { "ccpp1": "1104 100", "LAYER_2": "PADRONES_COMPUERTAS" }, "geometry": { "type": "MultiPolygon", "coordinates": [ [ [ [ -68.940477813648343, -33.030950736280367, 0.0 ], [ -68.94067302217023, -33.031372549496552, 0.0 ], [ -68.940681512207718, -33.031370303860399, 0.0 ], [ -68.941249721726734, -33.031219982583053, 0.0 ], [ -68.941060461404263, -33.030830158090531, 0.0 ], [ -68.940909066151775, -33.030861489033533, 0.0 ], [ -68.940646025812526, -33.030915925291062, 0.0 ], [ -68.940480677441855, -33.030950142542608, 0.0 ], [ -68.940477813648343, -33.030950736280367, 0.0 ] ] ] ] } },
{ "type": "Feature", "properties": { "ccpp1": "1104 267", "LAYER_2": "PADRONES_COMPUERTAS" }, "geometry": { "type": "MultiPolygon", "coordinates": [ [ [ [ -68.935713290043552, -33.03911184417462, 0.0 ], [ -68.935926448909001, -33.039026180551872, 0.0 ], [ -68.935929721604438, -33.039031959239459, 0.0 ], [ -68.936024503487872, -33.03899386808731, 0.0 ], [ -68.935960738676854, -33.038866697939618, 0.0 ], [ -68.935646891463747, -33.038972302485696, 0.0 ], [ -68.935713290043552, -33.03911184417462, 0.0 ] ] ] ] } },
{ "type": "Feature", "properties": { "ccpp1": "1104 912", "LAYER_2": "PADRONES_COMPUERTAS" }, "geometry": { "type": "MultiPolygon", "coordinates": [ [ [ [ -68.935713290043552, -33.03911184417462, 0.0 ], [ -68.935807867149677, -33.039310602247134, 0.0 ], [ -68.93612910383105, -33.039202476406459, 0.0 ], [ -68.936024503487872, -33.03899386808731, 0.0 ], [ -68.935929721604438, -33.039031959239459, 0.0 ], [ -68.935926448909001, -33.039026180551872, 0.0 ], [ -68.935713290043552, -33.03911184417462, 0.0 ] ] ] ] } },
{ "type": "Feature", "properties": { "ccpp1": "1104 767", "LAYER_2": "PADRONES_COMPUERTAS" }, "geometry": { "type": "MultiPolygon", "coordinates": [ [ [ [ -68.96821508647534, -33.034977820279053, 0.0 ], [ -68.96795649880606, -33.035057986708395, 0.0 ], [ -68.967704960524372, -33.035136085990125, 0.0 ], [ -68.967788801264092, -33.035327902283335, 0.0 ], [ -68.967858913277695, -33.035328462267934, 0.0 ], [ -68.968035000453867, -33.035329874436457, 0.0 ], [ -68.968075446317698, -33.035330198573064, 0.0 ], [ -68.968210975245441, -33.035331258375997, 0.0 ], [ -68.968370160651503, -33.035332552153683, 0.0 ], [ -68.96821508647534, -33.034977820279053, 0.0 ] ] ] ] } },
{ "type": "Feature", "properties": { "ccpp1": "1104 1014", "LAYER_2": "PADRONES_COMPUERTAS" }, "geometry": { "type": "MultiPolygon", "coordinates": [ [ [ [ -68.944948801824466, -33.032463003313651, 0.0 ], [ -68.945663913227136, -33.032363800102452, 0.0 ], [ -68.945569955524903, -33.032181543241947, 0.0 ], [ -68.945526905405629, -33.032098026476149, 0.0 ], [ -68.944913223317982, -33.032182235684893, 0.0 ], [ -68.944812864068894, -33.03219708035202, 0.0 ], [ -68.944855706156019, -33.032280891154002, 0.0 ], [ -68.944948801824466, -33.032463003313651, 0.0 ] ] ] ] } },
{ "type": "Feature", "properties": { "ccpp1": "1104 928", "LAYER_2": "PADRONES_COMPUERTAS" }, "geometry": { "type": "MultiPolygon", "coordinates": [ [ [ [ -68.945041496078574, -33.032644328520092, 0.0 ], [ -68.945757307296375, -33.032544968582513, 0.0 ], [ -68.945663913227136, -33.032363800102452, 0.0 ], [ -68.944948801824466, -33.032463003313651, 0.0 ], [ -68.945041496078574, -33.032644328520092, 0.0 ] ] ] ] } },
{ "type": "Feature", "properties": { "ccpp1": "1104 809", "LAYER_2": "PADRONES_COMPUERTAS" }, "geometry": { "type": "MultiPolygon", "coordinates": [ [ [ [ -68.966798356076978, -33.044850922980302, 0.0 ], [ -68.966837609734625, -33.044830250903466, 0.0 ], [ -68.967226352878029, -33.044621673719092, 0.0 ], [ -68.968642755888013, -33.043861694145399, 0.0 ], [ -68.970051371452328, -33.043118662357415, 0.0 ], [ -68.970079354853638, -33.043103900606766, 0.0 ], [ -68.969869960785942, -33.042815517547979, 0.0 ], [ -68.969584121816681, -33.042421857165365, 0.0 ], [ -68.969169066788396, -33.042586455381155, 0.0 ], [ -68.968839580049504, -33.042717070705329, 0.0 ], [ -68.968510596713941, -33.042784117494357, 0.0 ], [ -68.967933061278515, -33.04290177367487, 0.0 ], [ -68.967826731869891, -33.042740211983123, 0.0 ], [ -68.967746990210628, -33.042623289777168, 0.0 ], [ -68.968390336991675, -33.042005717037696, 0.0 ], [ -68.968399803281471, -33.041995647771934, 0.0 ], [ -68.968588604484296, -33.041780975147326, 0.0 ], [ -68.968619739982969, -33.041731444280344, 0.0 ], [ -68.968458072945666, -33.041466763092245, 0.0 ], [ -68.968435510004142, -33.041475547776216, 0.0 ], [ -68.968043900008198, -33.041916816907197, 0.0 ], [ -68.967604098368781, -33.042251223376446, 0.0 ], [ -68.966799886942724, -33.042454019543271, 0.0 ], [ -68.966710995756671, -33.042476417705146, 0.0 ], [ -68.965591909692961, -33.039743512660159, 0.0 ], [ -68.962446271638697, -33.039954022154973, 0.0 ], [ -68.96244172601024, -33.039954326453234, 0.0 ], [ -68.963892369856097, -33.044480620224505, 0.0 ], [ -68.963858418730965, -33.044497633932899, 0.0 ], [ -68.963263694757828, -33.044795660690021, 0.0 ], [ -68.961294088609478, -33.045113174498908, 0.0 ], [ -68.960979536701487, -33.045135528105931, 0.0 ], [ -68.960753964299386, -33.045128965322718, 0.0 ], [ -68.960680235007175, -33.045120053440478, 0.0 ], [ -68.959078569875629, -33.044926452858789, 0.0 ], [ -68.959721973892684, -33.046156901246484, 0.0 ], [ -68.961092329422016, -33.048654601578342, 0.0 ], [ -68.961336278150526, -33.04926041922748, 0.0 ], [ -68.961477861086649, -33.04916145968263, 0.0 ], [ -68.961686972904289, -33.049128613131593, 0.0 ], [ -68.96197061456121, -33.049065673199642, 0.0 ], [ -68.962202816359607, -33.048865482895188, 0.0 ], [ -68.962731730196381, -33.048828944061896, 0.0 ], [ -68.963771144159281, -33.049010846559625, 0.0 ], [ -68.964926310533485, -33.048894861272458, 0.0 ], [ -68.965251904866321, -33.048866369453727, 0.0 ], [ -68.96578069253394, -33.048599170497027, 0.0 ], [ -68.965840965403487, -33.048332833715726, 0.0 ], [ -68.966297130606023, -33.046453787142639, 0.0 ], [ -68.966327164772068, -33.046329494600236, 0.0 ], [ -68.966468713263339, -33.046331058351527, 0.0 ], [ -68.966581426744114, -33.045824967160456, 0.0 ], [ -68.966798356076978, -33.044850922980302, 0.0 ] ] ] ] } },
{ "type": "Feature", "properties": { "ccpp1": "1104 937", "LAYER_2": "PADRONES_COMPUERTAS" }, "geometry": { "type": "MultiPolygon", "coordinates": [ [ [ [ -68.933831521727313, -33.033528099908061, 0.0 ], [ -68.933990685221076, -33.033487672990262, 0.0 ], [ -68.933857006480935, -33.03310210137473, 0.0 ], [ -68.933697839347559, -33.03314251549962, 0.0 ], [ -68.933831521727313, -33.033528099908061, 0.0 ] ] ] ] } },
{ "type": "Feature", "properties": { "ccpp1": "1104 939", "LAYER_2": "PADRONES_COMPUERTAS" }, "geometry": { "type": "MultiPolygon", "coordinates": [ [ [ [ -68.933831521727313, -33.033528099908061, 0.0 ], [ -68.933832397614339, -33.033530627758914, 0.0 ], [ -68.933938618649691, -33.033837002722251, 0.0 ], [ -68.933946342430787, -33.033835041166483, 0.0 ], [ -68.934097782649744, -33.033796576572172, 0.0 ], [ -68.933990685221076, -33.033487672990262, 0.0 ], [ -68.933831521727313, -33.033528099908061, 0.0 ] ] ] ] } },
{ "type": "Feature", "properties": { "ccpp1": "1104 938", "LAYER_2": "PADRONES_COMPUERTAS" }, "geometry": { "type": "MultiPolygon", "coordinates": [ [ [ [ -68.933990685221076, -33.033487672990262, 0.0 ], [ -68.934097782649744, -33.033796576572172, 0.0 ], [ -68.934257356569091, -33.033756045840711, 0.0 ], [ -68.934178028846745, -33.033527239939104, 0.0 ], [ -68.934150258632172, -33.033447142393122, 0.0 ], [ -68.933990685221076, -33.033487672990262, 0.0 ] ] ] ] } },
{ "type": "Feature", "properties": { "ccpp1": "1104 813", "LAYER_2": "PADRONES_COMPUERTAS" }, "geometry": { "type": "MultiPolygon", "coordinates": [ [ [ [ -68.939258067702752, -33.033871370507143, 0.0 ], [ -68.939096916199688, -33.033544166280258, 0.0 ], [ -68.938836479222502, -33.033608690575164, 0.0 ], [ -68.938998398914038, -33.033936808001975, 0.0 ], [ -68.939258067702752, -33.033871370507143, 0.0 ] ] ] ] } },
{ "type": "Feature", "properties": { "ccpp1": "1104 916", "LAYER_2": "PADRONES_COMPUERTAS" }, "geometry": { "type": "MultiPolygon", "coordinates": [ [ [ [ -68.939560017010848, -33.033795276260591, 0.0 ], [ -68.939425117840372, -33.033462906863939, 0.0 ], [ -68.939128871637607, -33.033536248963259, 0.0 ], [ -68.939096916199688, -33.033544166280258, 0.0 ], [ -68.939258067702752, -33.033871370507143, 0.0 ], [ -68.939272387622253, -33.033867761772854, 0.0 ], [ -68.939308058402887, -33.033858772327342, 0.0 ], [ -68.939560017010848, -33.033795276260591, 0.0 ] ] ] ] } },
{ "type": "Feature", "properties": { "ccpp1": "1104 944", "LAYER_2": "PADRONES_COMPUERTAS" }, "geometry": { "type": "MultiPolygon", "coordinates": [ [ [ [ -68.93933975883732, -33.024934238357247, 0.0 ], [ -68.939882368192585, -33.024842279593202, 0.0 ], [ -68.939855009610568, -33.024727719647409, 0.0 ], [ -68.939800670483166, -33.024500186858951, 0.0 ], [ -68.939258063140187, -33.024592145275136, 0.0 ], [ -68.939312400929182, -33.024819678294946, 0.0 ], [ -68.93933975883732, -33.024934238357247, 0.0 ] ] ] ] } },
{ "type": "Feature", "properties": { "ccpp1": "1104 945", "LAYER_2": "PADRONES_COMPUERTAS" }, "geometry": { "type": "MultiPolygon", "coordinates": [ [ [ [ -68.93933975883732, -33.024934238357247, 0.0 ], [ -68.939421265182432, -33.025275537803232, 0.0 ], [ -68.939963782624034, -33.02518318010744, 0.0 ], [ -68.939882368192585, -33.024842279593202, 0.0 ], [ -68.93933975883732, -33.024934238357247, 0.0 ] ] ] ] } },
{ "type": "Feature", "properties": { "ccpp1": "1104 921", "LAYER_2": "PADRONES_COMPUERTAS" }, "geometry": { "type": "MultiPolygon", "coordinates": [ [ [ [ -68.939801325814543, -33.024502928261796, 0.0 ], [ -68.939963782624034, -33.02518318010744, 0.0 ], [ -68.939983978329749, -33.025179741823223, 0.0 ], [ -68.940235502855231, -33.025136890591192, 0.0 ], [ -68.940073099545586, -33.024456868143609, 0.0 ], [ -68.939801325814543, -33.024502928261796, 0.0 ] ] ] ] } },
{ "type": "Feature", "properties": { "ccpp1": "1104 922", "LAYER_2": "PADRONES_COMPUERTAS" }, "geometry": { "type": "MultiPolygon", "coordinates": [ [ [ [ -68.940073099545586, -33.024456868143609, 0.0 ], [ -68.940235502855231, -33.025136890591192, 0.0 ], [ -68.940506909154252, -33.025090651728519, 0.0 ], [ -68.940344559346912, -33.024410860481701, 0.0 ], [ -68.940073099545586, -33.024456868143609, 0.0 ] ] ] ] } },
{ "type": "Feature", "properties": { "ccpp1": "1104 917", "LAYER_2": "PADRONES_COMPUERTAS" }, "geometry": { "type": "MultiPolygon", "coordinates": [ [ [ [ -68.940073099545586, -33.024456868143609, 0.0 ], [ -68.940344559346912, -33.024410860481701, 0.0 ], [ -68.940180507508487, -33.0237239349972, 0.0 ], [ -68.939909049729195, -33.023769941407977, 0.0 ], [ -68.940073099545586, -33.024456868143609, 0.0 ] ] ] ] } },
{ "type": "Feature", "properties": { "ccpp1": "1104 918", "LAYER_2": "PADRONES_COMPUERTAS" }, "geometry": { "type": "MultiPolygon", "coordinates": [ [ [ [ -68.939801325814543, -33.024502928261796, 0.0 ], [ -68.940073099545586, -33.024456868143609, 0.0 ], [ -68.939909049729195, -33.023769941407977, 0.0 ], [ -68.939637276951615, -33.023816001175781, 0.0 ], [ -68.939801325814543, -33.024502928261796, 0.0 ] ] ] ] } },
{ "type": "Feature", "properties": { "ccpp1": "1104 913", "LAYER_2": "PADRONES_COMPUERTAS" }, "geometry": { "type": "MultiPolygon", "coordinates": [ [ [ [ -68.933325582019521, -33.030202106616137, 0.0 ], [ -68.934523589388618, -33.032797273926619, 0.0 ], [ -68.935348120935359, -33.032601981513565, 0.0 ], [ -68.935444988165671, -33.032578115714983, 0.0 ], [ -68.936208792134281, -33.032402652714694, 0.0 ], [ -68.93500621413375, -33.029794033430107, 0.0 ], [ -68.934978650201259, -33.029800923176779, 0.0 ], [ -68.934275756695925, -33.029976618215606, 0.0 ], [ -68.933781322876811, -33.030094140486575, 0.0 ], [ -68.933325582019521, -33.030202106616137, 0.0 ] ] ] ] } },
{ "type": "Feature", "properties": { "ccpp1": "1104 914", "LAYER_2": "PADRONES_COMPUERTAS" }, "geometry": { "type": "MultiPolygon", "coordinates": [ [ [ [ -68.932925894673104, -33.033095150174077, 0.0 ], [ -68.933054769254028, -33.033159578924298, 0.0 ], [ -68.934127872741769, -33.032890998239154, 0.0 ], [ -68.934498106070109, -33.032803309869784, 0.0 ], [ -68.934523589388618, -33.032797273926619, 0.0 ], [ -68.933325582019521, -33.030202106616137, 0.0 ], [ -68.931743213157034, -33.030576959045035, 0.0 ], [ -68.931619142323839, -33.030606349654029, 0.0 ], [ -68.931671258185631, -33.030717002511196, 0.0 ], [ -68.93207807298603, -33.031580744981696, 0.0 ], [ -68.932395252930661, -33.032254163537061, 0.0 ], [ -68.932592678535443, -33.032673320832643, 0.0 ], [ -68.932720438848648, -33.032887253763427, 0.0 ], [ -68.932925894673104, -33.033095150174077, 0.0 ] ] ] ] } },
{ "type": "Feature", "properties": { "ccpp1": "1104 942", "LAYER_2": "PADRONES_COMPUERTAS" }, "geometry": { "type": "MultiPolygon", "coordinates": [ [ [ [ -68.939176368072125, -33.024250052121488, 0.0 ], [ -68.939718973402833, -33.024158094053135, 0.0 ], [ -68.939637276951615, -33.023816001175781, 0.0 ], [ -68.939094673633107, -33.023907958896324, 0.0 ], [ -68.939176368072125, -33.024250052121488, 0.0 ] ] ] ] } },
{ "type": "Feature", "properties": { "ccpp1": "1104 943", "LAYER_2": "PADRONES_COMPUERTAS" }, "geometry": { "type": "MultiPolygon", "coordinates": [ [ [ [ -68.939258063140187, -33.024592145275136, 0.0 ], [ -68.939800670483166, -33.024500186858951, 0.0 ], [ -68.939746142722527, -33.024271860475132, 0.0 ], [ -68.939718973402833, -33.024158094053135, 0.0 ], [ -68.939176368072125, -33.024250052121488, 0.0 ], [ -68.93920353672263, -33.024363818659147, 0.0 ], [ -68.939258063140187, -33.024592145275136, 0.0 ] ] ] ] } },
{ "type": "Feature", "properties": { "ccpp1": "1104 946", "LAYER_2": "PADRONES_COMPUERTAS" }, "geometry": { "type": "MultiPolygon", "coordinates": [ [ [ [ -68.944148046979294, -33.021510073189553, 0.0 ], [ -68.944526425100619, -33.022206016641164, 0.0 ], [ -68.944610785048596, -33.022361175334808, 0.0 ], [ -68.945999391949584, -33.022079266106225, 0.0 ], [ -68.945942045541912, -33.021973553404393, 0.0 ], [ -68.945929890759771, -33.021951146958173, 0.0 ], [ -68.945905413362823, -33.021906024715143, 0.0 ], [ -68.94588093599134, -33.02186090156534, 0.0 ], [ -68.945856458644215, -33.021815779312107, 0.0 ], [ -68.945838143681826, -33.021782017210221, 0.0 ], [ -68.945812143964687, -33.021734088278492, 0.0 ], [ -68.944813356748369, -33.021416325487202, 0.0 ], [ -68.944219215915723, -33.021189662790526, 0.0 ], [ -68.943909631871918, -33.021071555352243, 0.0 ], [ -68.944148046979294, -33.021510073189553, 0.0 ] ] ] ] } },
{ "type": "Feature", "properties": { "ccpp1": "1104 361", "LAYER_2": "PADRONES_COMPUERTAS" }, "geometry": { "type": "MultiPolygon", "coordinates": [ [ [ [ -68.935706093095476, -33.033566750830701, 0.0 ], [ -68.935926992093982, -33.034215973535225, 0.0 ], [ -68.936156050890148, -33.034159270290985, 0.0 ], [ -68.935935176052766, -33.033510034472272, 0.0 ], [ -68.935706093095476, -33.033566750830701, 0.0 ] ] ] ] } },
{ "type": "Feature", "properties": { "ccpp1": "1104 857", "LAYER_2": "PADRONES_COMPUERTAS" }, "geometry": { "type": "MultiPolygon", "coordinates": [ [ [ [ -68.935926992093982, -33.034215973535225, 0.0 ], [ -68.935706093095476, -33.033566750830701, 0.0 ], [ -68.935480149000881, -33.033622689346345, 0.0 ], [ -68.935701044344938, -33.034271905228721, 0.0 ], [ -68.935926992093982, -33.034215973535225, 0.0 ] ] ] ] } },
{ "type": "Feature", "properties": { "ccpp1": "1104 794", "LAYER_2": "PADRONES_COMPUERTAS" }, "geometry": { "type": "MultiPolygon", "coordinates": [ [ [ [ -68.926020069249333, -33.010828298974687, 0.0 ], [ -68.925968609220007, -33.011077043336591, 0.0 ], [ -68.926158303452652, -33.011104957047024, 0.0 ], [ -68.926209766179539, -33.010856209002476, 0.0 ], [ -68.926020069249333, -33.010828298974687, 0.0 ] ] ] ] } },
{ "type": "Feature", "properties": { "ccpp1": "1104 638", "LAYER_2": "PADRONES_COMPUERTAS" }, "geometry": { "type": "MultiPolygon", "coordinates": [ [ [ [ -68.927773073539143, -33.01689839356024, 0.0 ], [ -68.92777756854656, -33.016898486328785, 0.0 ], [ -68.927781955678498, -33.01689830853249, 0.0 ], [ -68.927786449836148, -33.016898130797948, 0.0 ], [ -68.927790945211044, -33.016897772729081, 0.0 ], [ -68.927795225611149, -33.01689723420084, 0.0 ], [ -68.927799613110437, -33.016896605566984, 0.0 ], [ -68.927803894727646, -33.016895886704283, 0.0 ], [ -68.927808175421504, -33.016894987506078, 0.0 ], [ -68.927812563214474, -33.016893998202193, 0.0 ], [ -68.927816630003633, -33.016892918545111, 0.0 ], [ -68.927820805035623, -33.016891658615634, 0.0 ], [ -68.927824979070664, -33.016890308518015, 0.0 ], [ -68.92782904622679, -33.016888778023578, 0.0 ], [ -68.927833006430504, -33.016887157299749, 0.0 ], [ -68.927838893904976, -33.016884545848384, 0.0 ], [ -68.927842640277206, -33.016882654498332, 0.0 ], [ -68.92784638672272, -33.016880672980797, 0.0 ], [ -68.927850026215793, -33.016878601233877, 0.0 ], [ -68.927853665855551, -33.016876349152099, 0.0 ], [ -68.927857091516401, -33.016874007680762, 0.0 ], [ -68.927860517251261, -33.016871575140286, 0.0 ], [ -68.927865228395618, -33.016867790831185, 0.0 ], [ -68.928039007002837, -33.016695403557193, 0.0 ], [ -68.928041897744805, -33.016692790368324, 0.0 ], [ -68.92804739720637, -33.016688234673495, 0.0 ], [ -68.928131295257757, -33.01661872605132, 0.0 ], [ -68.92815870157699, -33.016598544324431, 0.0 ], [ -68.928228925557519, -33.016557198775232, 0.0 ], [ -68.928238879646102, -33.016552335457362, 0.0 ], [ -68.928353195940332, -33.016504253525177, 0.0 ], [ -68.928365296838336, -33.016488932007121, 0.0 ], [ -68.928367010869593, -33.016485596795782, 0.0 ], [ -68.928369047070007, -33.016480909257815, 0.0 ], [ -68.928370548216989, -33.016476131245305, 0.0 ], [ -68.928371727217865, -33.016471353047891, 0.0 ], [ -68.928372586359046, -33.016466394332042, 0.0 ], [ -68.928372910301178, -33.016461525476473, 0.0 ], [ -68.928372913240537, -33.016456566269248, 0.0 ], [ -68.928372595104321, -33.016451606877773, 0.0 ], [ -68.928371741769283, -33.01644673734657, 0.0 ], [ -68.928370460332872, -33.016441868471354, 0.0 ], [ -68.928368857748865, -33.01643708867757, 0.0 ], [ -68.928366826918534, -33.016432488972853, 0.0 ], [ -68.928364583035403, -33.016427979313271, 0.0 ], [ -68.928361909908688, -33.016423559574669, 0.0 ], [ -68.928358809533094, -33.016419410093107, 0.0 ], [ -68.928355279914001, -33.016415350532505, 0.0 ], [ -68.928351537096432, -33.01641156135171, 0.0 ], [ -68.928347471987621, -33.016407952320669, 0.0 ], [ -68.92825054038083, -33.016373542843489, 0.0 ], [ -68.928044688614719, -33.016307150371141, 0.0 ], [ -68.927953207267691, -33.016284195069169, 0.0 ], [ -68.927515369940508, -33.016196567514655, 0.0 ], [ -68.92748948224245, -33.016181494515685, 0.0 ], [ -68.927489332926044, -33.016191321777988, 0.0 ], [ -68.927487957501924, -33.016281144481162, 0.0 ], [ -68.92748592180034, -33.016417818592657, 0.0 ], [ -68.927484807967957, -33.016493287186151, 0.0 ], [ -68.927484245977212, -33.016539181181443, 0.0 ], [ -68.927483463772276, -33.016596526312284, 0.0 ], [ -68.927479779218828, -33.01685890868805, 0.0 ], [ -68.927768686701256, -33.016898210686712, 0.0 ], [ -68.927773073539143, -33.01689839356024, 0.0 ] ] ] ] } },
{ "type": "Feature", "properties": { "ccpp1": "1104 638", "LAYER_2": "PADRONES_COMPUERTAS" }, "geometry": { "type": "MultiPolygon", "coordinates": [ [ [ [ -68.927515369940508, -33.016196567514655, 0.0 ], [ -68.92748948224245, -33.016181494515685, 0.0 ], [ -68.927346030219624, -33.016098096381192, 0.0 ], [ -68.927043622303188, -33.015907937186178, 0.0 ], [ -68.926894956704061, -33.015957079818698, 0.0 ], [ -68.926957067834167, -33.016334276657709, 0.0 ], [ -68.926989409488741, -33.016530687465057, 0.0 ], [ -68.927028993858173, -33.016771091574718, 0.0 ], [ -68.927061296566123, -33.016796808173481, 0.0 ], [ -68.927065574621238, -33.016800417370604, 0.0 ], [ -68.927068890262646, -33.016803034163523, 0.0 ], [ -68.927479779218828, -33.01685890868805, 0.0 ], [ -68.927768686701256, -33.016898210686712, 0.0 ], [ -68.927773073539143, -33.01689839356024, 0.0 ], [ -68.92777756854656, -33.016898486328785, 0.0 ], [ -68.927781955678498, -33.01689830853249, 0.0 ], [ -68.927786449836148, -33.016898130797948, 0.0 ], [ -68.927790945211044, -33.016897772729081, 0.0 ], [ -68.927795225611149, -33.01689723420084, 0.0 ], [ -68.927799613110437, -33.016896605566984, 0.0 ], [ -68.927803894727646, -33.016895886704283, 0.0 ], [ -68.927808175421504, -33.016894987506078, 0.0 ], [ -68.927812563214474, -33.016893998202193, 0.0 ], [ -68.927816630003633, -33.016892918545111, 0.0 ], [ -68.927820805035623, -33.016891658615634, 0.0 ], [ -68.927824979070664, -33.016890308518015, 0.0 ], [ -68.92782904622679, -33.016888778023578, 0.0 ], [ -68.927833006430504, -33.016887157299749, 0.0 ], [ -68.927838893904976, -33.016884545848384, 0.0 ], [ -68.927842640277206, -33.016882654498332, 0.0 ], [ -68.92784638672272, -33.016880672980797, 0.0 ], [ -68.927850026215793, -33.016878601233877, 0.0 ], [ -68.927853665855551, -33.016876349152099, 0.0 ], [ -68.927857091516401, -33.016874007680762, 0.0 ], [ -68.927860517251261, -33.016871575140286, 0.0 ], [ -68.927865228395618, -33.016867790831185, 0.0 ], [ -68.928039007002837, -33.016695403557193, 0.0 ], [ -68.928041897744805, -33.016692790368324, 0.0 ], [ -68.92804739720637, -33.016688234673495, 0.0 ], [ -68.928131295257757, -33.01661872605132, 0.0 ], [ -68.92815870157699, -33.016598544324431, 0.0 ], [ -68.928228925557519, -33.016557198775232, 0.0 ], [ -68.928238879646102, -33.016552335457362, 0.0 ], [ -68.928353195940332, -33.016504253525177, 0.0 ], [ -68.928365296838336, -33.016488932007121, 0.0 ], [ -68.928367010869593, -33.016485596795782, 0.0 ], [ -68.928369047070007, -33.016480909257815, 0.0 ], [ -68.928370548216989, -33.016476131245305, 0.0 ], [ -68.928371727217865, -33.016471353047891, 0.0 ], [ -68.928372586359046, -33.016466394332042, 0.0 ], [ -68.928372910301178, -33.016461525476473, 0.0 ], [ -68.928372913240537, -33.016456566269248, 0.0 ], [ -68.928372595104321, -33.016451606877773, 0.0 ], [ -68.928371741769283, -33.01644673734657, 0.0 ], [ -68.928370460332872, -33.016441868471354, 0.0 ], [ -68.928368857748865, -33.01643708867757, 0.0 ], [ -68.928366826918534, -33.016432488972853, 0.0 ], [ -68.928364583035403, -33.016427979313271, 0.0 ], [ -68.928361909908688, -33.016423559574669, 0.0 ], [ -68.928358809533094, -33.016419410093107, 0.0 ], [ -68.928355279914001, -33.016415350532505, 0.0 ], [ -68.928351537096432, -33.01641156135171, 0.0 ], [ -68.928347471987621, -33.016407952320669, 0.0 ], [ -68.92825054038083, -33.016373542843489, 0.0 ], [ -68.928044688614719, -33.016307150371141, 0.0 ], [ -68.927953207267691, -33.016284195069169, 0.0 ], [ -68.927515369940508, -33.016196567514655, 0.0 ] ] ] ] } },
{ "type": "Feature", "properties": { "ccpp1": "1104 932", "LAYER_2": "PADRONES_COMPUERTAS" }, "geometry": { "type": "MultiPolygon", "coordinates": [ [ [ [ -68.927773073539143, -33.01689839356024, 0.0 ], [ -68.92777756854656, -33.016898486328785, 0.0 ], [ -68.927781955678498, -33.01689830853249, 0.0 ], [ -68.927786449836148, -33.016898130797948, 0.0 ], [ -68.927790945211044, -33.016897772729081, 0.0 ], [ -68.927795225611149, -33.01689723420084, 0.0 ], [ -68.927799613110437, -33.016896605566984, 0.0 ], [ -68.927803894727646, -33.016895886704283, 0.0 ], [ -68.927808175421504, -33.016894987506078, 0.0 ], [ -68.927812563214474, -33.016893998202193, 0.0 ], [ -68.927816630003633, -33.016892918545111, 0.0 ], [ -68.927820805035623, -33.016891658615634, 0.0 ], [ -68.927824979070664, -33.016890308518015, 0.0 ], [ -68.92782904622679, -33.016888778023578, 0.0 ], [ -68.927833006430504, -33.016887157299749, 0.0 ], [ -68.927838893904976, -33.016884545848384, 0.0 ], [ -68.927842640277206, -33.016882654498332, 0.0 ], [ -68.92784638672272, -33.016880672980797, 0.0 ], [ -68.927850026215793, -33.016878601233877, 0.0 ], [ -68.927853665855551, -33.016876349152099, 0.0 ], [ -68.927857091516401, -33.016874007680762, 0.0 ], [ -68.927860517251261, -33.016871575140286, 0.0 ], [ -68.927865228395618, -33.016867790831185, 0.0 ], [ -68.928039007002837, -33.016695403557193, 0.0 ], [ -68.928041897744805, -33.016692790368324, 0.0 ], [ -68.92804739720637, -33.016688234673495, 0.0 ], [ -68.928131295257757, -33.01661872605132, 0.0 ], [ -68.92815870157699, -33.016598544324431, 0.0 ], [ -68.928228925557519, -33.016557198775232, 0.0 ], [ -68.928238879646102, -33.016552335457362, 0.0 ], [ -68.928353195940332, -33.016504253525177, 0.0 ], [ -68.928365296838336, -33.016488932007121, 0.0 ], [ -68.928367010869593, -33.016485596795782, 0.0 ], [ -68.928369047070007, -33.016480909257815, 0.0 ], [ -68.928370548216989, -33.016476131245305, 0.0 ], [ -68.928371727217865, -33.016471353047891, 0.0 ], [ -68.928372586359046, -33.016466394332042, 0.0 ], [ -68.928372910301178, -33.016461525476473, 0.0 ], [ -68.928372913240537, -33.016456566269248, 0.0 ], [ -68.928372595104321, -33.016451606877773, 0.0 ], [ -68.928371741769283, -33.01644673734657, 0.0 ], [ -68.928370460332872, -33.016441868471354, 0.0 ], [ -68.928368857748865, -33.01643708867757, 0.0 ], [ -68.928366826918534, -33.016432488972853, 0.0 ], [ -68.928364583035403, -33.016427979313271, 0.0 ], [ -68.928361909908688, -33.016423559574669, 0.0 ], [ -68.928358809533094, -33.016419410093107, 0.0 ], [ -68.928355279914001, -33.016415350532505, 0.0 ], [ -68.928351537096432, -33.01641156135171, 0.0 ], [ -68.928347471987621, -33.016407952320669, 0.0 ], [ -68.92825054038083, -33.016373542843489, 0.0 ], [ -68.928044688614719, -33.016307150371141, 0.0 ], [ -68.927953207267691, -33.016284195069169, 0.0 ], [ -68.927515369940508, -33.016196567514655, 0.0 ], [ -68.92748948224245, -33.016181494515685, 0.0 ], [ -68.927489332926044, -33.016191321777988, 0.0 ], [ -68.927487957501924, -33.016281144481162, 0.0 ], [ -68.92748592180034, -33.016417818592657, 0.0 ], [ -68.927484807967957, -33.016493287186151, 0.0 ], [ -68.927484245977212, -33.016539181181443, 0.0 ], [ -68.927483463772276, -33.016596526312284, 0.0 ], [ -68.927479779218828, -33.01685890868805, 0.0 ], [ -68.927768686701256, -33.016898210686712, 0.0 ], [ -68.927773073539143, -33.01689839356024, 0.0 ] ] ] ] } },
{ "type": "Feature", "properties": { "ccpp1": "1104 932", "LAYER_2": "PADRONES_COMPUERTAS" }, "geometry": { "type": "MultiPolygon", "coordinates": [ [ [ [ -68.927515369940508, -33.016196567514655, 0.0 ], [ -68.92748948224245, -33.016181494515685, 0.0 ], [ -68.927346030219624, -33.016098096381192, 0.0 ], [ -68.927043622303188, -33.015907937186178, 0.0 ], [ -68.926894956704061, -33.015957079818698, 0.0 ], [ -68.926957067834167, -33.016334276657709, 0.0 ], [ -68.926989409488741, -33.016530687465057, 0.0 ], [ -68.927028993858173, -33.016771091574718, 0.0 ], [ -68.927061296566123, -33.016796808173481, 0.0 ], [ -68.927065574621238, -33.016800417370604, 0.0 ], [ -68.927068890262646, -33.016803034163523, 0.0 ], [ -68.927479779218828, -33.01685890868805, 0.0 ], [ -68.927768686701256, -33.016898210686712, 0.0 ], [ -68.927773073539143, -33.01689839356024, 0.0 ], [ -68.92777756854656, -33.016898486328785, 0.0 ], [ -68.927781955678498, -33.01689830853249, 0.0 ], [ -68.927786449836148, -33.016898130797948, 0.0 ], [ -68.927790945211044, -33.016897772729081, 0.0 ], [ -68.927795225611149, -33.01689723420084, 0.0 ], [ -68.927799613110437, -33.016896605566984, 0.0 ], [ -68.927803894727646, -33.016895886704283, 0.0 ], [ -68.927808175421504, -33.016894987506078, 0.0 ], [ -68.927812563214474, -33.016893998202193, 0.0 ], [ -68.927816630003633, -33.016892918545111, 0.0 ], [ -68.927820805035623, -33.016891658615634, 0.0 ], [ -68.927824979070664, -33.016890308518015, 0.0 ], [ -68.92782904622679, -33.016888778023578, 0.0 ], [ -68.927833006430504, -33.016887157299749, 0.0 ], [ -68.927838893904976, -33.016884545848384, 0.0 ], [ -68.927842640277206, -33.016882654498332, 0.0 ], [ -68.92784638672272, -33.016880672980797, 0.0 ], [ -68.927850026215793, -33.016878601233877, 0.0 ], [ -68.927853665855551, -33.016876349152099, 0.0 ], [ -68.927857091516401, -33.016874007680762, 0.0 ], [ -68.927860517251261, -33.016871575140286, 0.0 ], [ -68.927865228395618, -33.016867790831185, 0.0 ], [ -68.928039007002837, -33.016695403557193, 0.0 ], [ -68.928041897744805, -33.016692790368324, 0.0 ], [ -68.92804739720637, -33.016688234673495, 0.0 ], [ -68.928131295257757, -33.01661872605132, 0.0 ], [ -68.92815870157699, -33.016598544324431, 0.0 ], [ -68.928228925557519, -33.016557198775232, 0.0 ], [ -68.928238879646102, -33.016552335457362, 0.0 ], [ -68.928353195940332, -33.016504253525177, 0.0 ], [ -68.928365296838336, -33.016488932007121, 0.0 ], [ -68.928367010869593, -33.016485596795782, 0.0 ], [ -68.928369047070007, -33.016480909257815, 0.0 ], [ -68.928370548216989, -33.016476131245305, 0.0 ], [ -68.928371727217865, -33.016471353047891, 0.0 ], [ -68.928372586359046, -33.016466394332042, 0.0 ], [ -68.928372910301178, -33.016461525476473, 0.0 ], [ -68.928372913240537, -33.016456566269248, 0.0 ], [ -68.928372595104321, -33.016451606877773, 0.0 ], [ -68.928371741769283, -33.01644673734657, 0.0 ], [ -68.928370460332872, -33.016441868471354, 0.0 ], [ -68.928368857748865, -33.01643708867757, 0.0 ], [ -68.928366826918534, -33.016432488972853, 0.0 ], [ -68.928364583035403, -33.016427979313271, 0.0 ], [ -68.928361909908688, -33.016423559574669, 0.0 ], [ -68.928358809533094, -33.016419410093107, 0.0 ], [ -68.928355279914001, -33.016415350532505, 0.0 ], [ -68.928351537096432, -33.01641156135171, 0.0 ], [ -68.928347471987621, -33.016407952320669, 0.0 ], [ -68.92825054038083, -33.016373542843489, 0.0 ], [ -68.928044688614719, -33.016307150371141, 0.0 ], [ -68.927953207267691, -33.016284195069169, 0.0 ], [ -68.927515369940508, -33.016196567514655, 0.0 ] ] ] ] } },
{ "type": "Feature", "properties": { "ccpp1": "1104 915", "LAYER_2": "PADRONES_COMPUERTAS" }, "geometry": { "type": "MultiPolygon", "coordinates": [ [ [ [ -68.927773073539143, -33.01689839356024, 0.0 ], [ -68.92777756854656, -33.016898486328785, 0.0 ], [ -68.927781955678498, -33.01689830853249, 0.0 ], [ -68.927786449836148, -33.016898130797948, 0.0 ], [ -68.927790945211044, -33.016897772729081, 0.0 ], [ -68.927795225611149, -33.01689723420084, 0.0 ], [ -68.927799613110437, -33.016896605566984, 0.0 ], [ -68.927803894727646, -33.016895886704283, 0.0 ], [ -68.927808175421504, -33.016894987506078, 0.0 ], [ -68.927812563214474, -33.016893998202193, 0.0 ], [ -68.927816630003633, -33.016892918545111, 0.0 ], [ -68.927820805035623, -33.016891658615634, 0.0 ], [ -68.927824979070664, -33.016890308518015, 0.0 ], [ -68.92782904622679, -33.016888778023578, 0.0 ], [ -68.927833006430504, -33.016887157299749, 0.0 ], [ -68.927838893904976, -33.016884545848384, 0.0 ], [ -68.927842640277206, -33.016882654498332, 0.0 ], [ -68.92784638672272, -33.016880672980797, 0.0 ], [ -68.927850026215793, -33.016878601233877, 0.0 ], [ -68.927853665855551, -33.016876349152099, 0.0 ], [ -68.927857091516401, -33.016874007680762, 0.0 ], [ -68.927860517251261, -33.016871575140286, 0.0 ], [ -68.927865228395618, -33.016867790831185, 0.0 ], [ -68.928039007002837, -33.016695403557193, 0.0 ], [ -68.928041897744805, -33.016692790368324, 0.0 ], [ -68.92804739720637, -33.016688234673495, 0.0 ], [ -68.928131295257757, -33.01661872605132, 0.0 ], [ -68.92815870157699, -33.016598544324431, 0.0 ], [ -68.928228925557519, -33.016557198775232, 0.0 ], [ -68.928238879646102, -33.016552335457362, 0.0 ], [ -68.928353195940332, -33.016504253525177, 0.0 ], [ -68.928365296838336, -33.016488932007121, 0.0 ], [ -68.928367010869593, -33.016485596795782, 0.0 ], [ -68.928369047070007, -33.016480909257815, 0.0 ], [ -68.928370548216989, -33.016476131245305, 0.0 ], [ -68.928371727217865, -33.016471353047891, 0.0 ], [ -68.928372586359046, -33.016466394332042, 0.0 ], [ -68.928372910301178, -33.016461525476473, 0.0 ], [ -68.928372913240537, -33.016456566269248, 0.0 ], [ -68.928372595104321, -33.016451606877773, 0.0 ], [ -68.928371741769283, -33.01644673734657, 0.0 ], [ -68.928370460332872, -33.016441868471354, 0.0 ], [ -68.928368857748865, -33.01643708867757, 0.0 ], [ -68.928366826918534, -33.016432488972853, 0.0 ], [ -68.928364583035403, -33.016427979313271, 0.0 ], [ -68.928361909908688, -33.016423559574669, 0.0 ], [ -68.928358809533094, -33.016419410093107, 0.0 ], [ -68.928355279914001, -33.016415350532505, 0.0 ], [ -68.928351537096432, -33.01641156135171, 0.0 ], [ -68.928347471987621, -33.016407952320669, 0.0 ], [ -68.92825054038083, -33.016373542843489, 0.0 ], [ -68.928044688614719, -33.016307150371141, 0.0 ], [ -68.927953207267691, -33.016284195069169, 0.0 ], [ -68.927515369940508, -33.016196567514655, 0.0 ], [ -68.92748948224245, -33.016181494515685, 0.0 ], [ -68.927489332926044, -33.016191321777988, 0.0 ], [ -68.927487957501924, -33.016281144481162, 0.0 ], [ -68.92748592180034, -33.016417818592657, 0.0 ], [ -68.927484807967957, -33.016493287186151, 0.0 ], [ -68.927484245977212, -33.016539181181443, 0.0 ], [ -68.927483463772276, -33.016596526312284, 0.0 ], [ -68.927479779218828, -33.01685890868805, 0.0 ], [ -68.927768686701256, -33.016898210686712, 0.0 ], [ -68.927773073539143, -33.01689839356024, 0.0 ] ] ] ] } },
{ "type": "Feature", "properties": { "ccpp1": "1104 915", "LAYER_2": "PADRONES_COMPUERTAS" }, "geometry": { "type": "MultiPolygon", "coordinates": [ [ [ [ -68.927515369940508, -33.016196567514655, 0.0 ], [ -68.92748948224245, -33.016181494515685, 0.0 ], [ -68.927346030219624, -33.016098096381192, 0.0 ], [ -68.927043622303188, -33.015907937186178, 0.0 ], [ -68.926894956704061, -33.015957079818698, 0.0 ], [ -68.926957067834167, -33.016334276657709, 0.0 ], [ -68.926989409488741, -33.016530687465057, 0.0 ], [ -68.927028993858173, -33.016771091574718, 0.0 ], [ -68.927061296566123, -33.016796808173481, 0.0 ], [ -68.927065574621238, -33.016800417370604, 0.0 ], [ -68.927068890262646, -33.016803034163523, 0.0 ], [ -68.927479779218828, -33.01685890868805, 0.0 ], [ -68.927768686701256, -33.016898210686712, 0.0 ], [ -68.927773073539143, -33.01689839356024, 0.0 ], [ -68.92777756854656, -33.016898486328785, 0.0 ], [ -68.927781955678498, -33.01689830853249, 0.0 ], [ -68.927786449836148, -33.016898130797948, 0.0 ], [ -68.927790945211044, -33.016897772729081, 0.0 ], [ -68.927795225611149, -33.01689723420084, 0.0 ], [ -68.927799613110437, -33.016896605566984, 0.0 ], [ -68.927803894727646, -33.016895886704283, 0.0 ], [ -68.927808175421504, -33.016894987506078, 0.0 ], [ -68.927812563214474, -33.016893998202193, 0.0 ], [ -68.927816630003633, -33.016892918545111, 0.0 ], [ -68.927820805035623, -33.016891658615634, 0.0 ], [ -68.927824979070664, -33.016890308518015, 0.0 ], [ -68.92782904622679, -33.016888778023578, 0.0 ], [ -68.927833006430504, -33.016887157299749, 0.0 ], [ -68.927838893904976, -33.016884545848384, 0.0 ], [ -68.927842640277206, -33.016882654498332, 0.0 ], [ -68.92784638672272, -33.016880672980797, 0.0 ], [ -68.927850026215793, -33.016878601233877, 0.0 ], [ -68.927853665855551, -33.016876349152099, 0.0 ], [ -68.927857091516401, -33.016874007680762, 0.0 ], [ -68.927860517251261, -33.016871575140286, 0.0 ], [ -68.927865228395618, -33.016867790831185, 0.0 ], [ -68.928039007002837, -33.016695403557193, 0.0 ], [ -68.928041897744805, -33.016692790368324, 0.0 ], [ -68.92804739720637, -33.016688234673495, 0.0 ], [ -68.928131295257757, -33.01661872605132, 0.0 ], [ -68.92815870157699, -33.016598544324431, 0.0 ], [ -68.928228925557519, -33.016557198775232, 0.0 ], [ -68.928238879646102, -33.016552335457362, 0.0 ], [ -68.928353195940332, -33.016504253525177, 0.0 ], [ -68.928365296838336, -33.016488932007121, 0.0 ], [ -68.928367010869593, -33.016485596795782, 0.0 ], [ -68.928369047070007, -33.016480909257815, 0.0 ], [ -68.928370548216989, -33.016476131245305, 0.0 ], [ -68.928371727217865, -33.016471353047891, 0.0 ], [ -68.928372586359046, -33.016466394332042, 0.0 ], [ -68.928372910301178, -33.016461525476473, 0.0 ], [ -68.928372913240537, -33.016456566269248, 0.0 ], [ -68.928372595104321, -33.016451606877773, 0.0 ], [ -68.928371741769283, -33.01644673734657, 0.0 ], [ -68.928370460332872, -33.016441868471354, 0.0 ], [ -68.928368857748865, -33.01643708867757, 0.0 ], [ -68.928366826918534, -33.016432488972853, 0.0 ], [ -68.928364583035403, -33.016427979313271, 0.0 ], [ -68.928361909908688, -33.016423559574669, 0.0 ], [ -68.928358809533094, -33.016419410093107, 0.0 ], [ -68.928355279914001, -33.016415350532505, 0.0 ], [ -68.928351537096432, -33.01641156135171, 0.0 ], [ -68.928347471987621, -33.016407952320669, 0.0 ], [ -68.92825054038083, -33.016373542843489, 0.0 ], [ -68.928044688614719, -33.016307150371141, 0.0 ], [ -68.927953207267691, -33.016284195069169, 0.0 ], [ -68.927515369940508, -33.016196567514655, 0.0 ] ] ] ] } },
{ "type": "Feature", "properties": { "ccpp1": "1104 930", "LAYER_2": "PADRONES_COMPUERTAS" }, "geometry": { "type": "MultiPolygon", "coordinates": [ [ [ [ -68.947218173556777, -33.036753734604183, 0.0 ], [ -68.947346389759801, -33.037002872589873, 0.0 ], [ -68.947477225597282, -33.0369845329732, 0.0 ], [ -68.948007534351902, -33.036910185941437, 0.0 ], [ -68.947879105421876, -33.036661077154726, 0.0 ], [ -68.947348796982851, -33.036735422742886, 0.0 ], [ -68.947218173556777, -33.036753734604183, 0.0 ] ] ] ] } },
{ "type": "Feature", "properties": { "ccpp1": "1104 931", "LAYER_2": "PADRONES_COMPUERTAS" }, "geometry": { "type": "MultiPolygon", "coordinates": [ [ [ [ -68.946834477739301, -33.037292717160149, 0.0 ], [ -68.946925717691386, -33.037451987575672, 0.0 ], [ -68.946926308660551, -33.037451904873258, 0.0 ], [ -68.94694375505145, -33.037483474400112, 0.0 ], [ -68.947549989138366, -33.037398486554679, 0.0 ], [ -68.947448176089637, -33.037200654099514, 0.0 ], [ -68.946831280283405, -33.03728713535299, 0.0 ], [ -68.946833493906496, -33.037290999958472, 0.0 ], [ -68.946834477739301, -33.037292717160149, 0.0 ] ] ] ] } },
{ "type": "Feature", "properties": { "ccpp1": "1104 906", "LAYER_2": "PADRONES_COMPUERTAS" }, "geometry": { "type": "MultiPolygon", "coordinates": [ [ [ [ -68.936692565673098, -33.038899615428697, 0.0 ], [ -68.936716790480901, -33.038949135776271, 0.0 ], [ -68.936763611218481, -33.039044646489778, 0.0 ], [ -68.937054632793448, -33.038943438597137, 0.0 ], [ -68.936900205554537, -33.03862030533471, 0.0 ], [ -68.936690684689552, -33.038693169644723, 0.0 ], [ -68.936777421487747, -33.038870105281156, 0.0 ], [ -68.936692565673098, -33.038899615428697, 0.0 ] ] ] ] } },
{ "type": "Feature", "properties": { "ccpp1": "1104 710", "LAYER_2": "PADRONES_COMPUERTAS" }, "geometry": { "type": "MultiPolygon", "coordinates": [ [ [ [ -68.94679293917018, -33.035973128787383, 0.0 ], [ -68.946671811604588, -33.035750409258476, 0.0 ], [ -68.946004628542113, -33.035843906588489, 0.0 ], [ -68.946134656747944, -33.036070856048767, 0.0 ], [ -68.94679293917018, -33.035973128787383, 0.0 ] ] ] ] } },
{ "type": "Feature", "properties": { "ccpp1": "1104 978", "LAYER_2": "PADRONES_COMPUERTAS" }, "geometry": { "type": "MultiPolygon", "coordinates": [ [ [ [ -68.946914146181896, -33.036195755598655, 0.0 ], [ -68.946793018007384, -33.035973036194761, 0.0 ], [ -68.946134656747944, -33.036070856048767, 0.0 ], [ -68.94626058482423, -33.036290647954246, 0.0 ], [ -68.946914146181896, -33.036195755598655, 0.0 ] ] ] ] } },
{ "type": "Feature", "properties": { "ccpp1": "1104 979", "LAYER_2": "PADRONES_COMPUERTAS" }, "geometry": { "type": "MultiPolygon", "coordinates": [ [ [ [ -68.947035395004107, -33.036418458041673, 0.0 ], [ -68.946914266220418, -33.036195738762842, 0.0 ], [ -68.94626058482423, -33.036290647954246, 0.0 ], [ -68.946385996400352, -33.036509537155425, 0.0 ], [ -68.947035395004107, -33.036418458041673, 0.0 ] ] ] ] } },
{ "type": "Feature", "properties": { "ccpp1": "1104 977", "LAYER_2": "PADRONES_COMPUERTAS" }, "geometry": { "type": "MultiPolygon", "coordinates": [ [ [ [ -68.933516291139242, -33.016813237095668, 0.0 ], [ -68.93400164687003, -33.017070948854226, 0.0 ], [ -68.933776354861294, -33.016615849159685, 0.0 ], [ -68.93371365880617, -33.016497858836622, 0.0 ], [ -68.933527942247139, -33.016474800731885, 0.0 ], [ -68.933524855781172, -33.016564466998304, 0.0 ], [ -68.933516291139242, -33.016813237095668, 0.0 ] ] ] ] } },
{ "type": "Feature", "properties": { "ccpp1": "1104 980", "LAYER_2": "PADRONES_COMPUERTAS" }, "geometry": { "type": "MultiPolygon", "coordinates": [ [ [ [ -68.946657260148768, -33.036983359186479, 0.0 ], [ -68.946808020139912, -33.037246531288041, 0.0 ], [ -68.946831280283405, -33.03728713535299, 0.0 ], [ -68.947448176089637, -33.037200654099514, 0.0 ], [ -68.947549989138366, -33.037398486554679, 0.0 ], [ -68.94694375505145, -33.037483474400112, 0.0 ], [ -68.946952175413472, -33.037498173421412, 0.0 ], [ -68.947322951092019, -33.03814540055366, 0.0 ], [ -68.947366480147053, -33.03822138473371, 0.0 ], [ -68.948594782878743, -33.038049226773602, 0.0 ], [ -68.948007534351902, -33.036910185941437, 0.0 ], [ -68.947477225597282, -33.0369845329732, 0.0 ], [ -68.947346389759801, -33.037002872589873, 0.0 ], [ -68.947218173556777, -33.036753734604183, 0.0 ], [ -68.947217954086454, -33.036753765168164, 0.0 ], [ -68.946577378105161, -33.036843565925011, 0.0 ], [ -68.946657260148768, -33.036983359186479, 0.0 ] ] ] ] } },
{ "type": "Feature", "properties": { "ccpp1": "1104 981", "LAYER_2": "PADRONES_COMPUERTAS" }, "geometry": { "type": "MultiPolygon", "coordinates": [ [ [ [ -68.946657260148768, -33.036983359186479, 0.0 ], [ -68.946808020139912, -33.037246531288041, 0.0 ], [ -68.946831280283405, -33.03728713535299, 0.0 ], [ -68.947448176089637, -33.037200654099514, 0.0 ], [ -68.947549989138366, -33.037398486554679, 0.0 ], [ -68.94694375505145, -33.037483474400112, 0.0 ], [ -68.946952175413472, -33.037498173421412, 0.0 ], [ -68.947322951092019, -33.03814540055366, 0.0 ], [ -68.947366480147053, -33.03822138473371, 0.0 ], [ -68.948594782878743, -33.038049226773602, 0.0 ], [ -68.948007534351902, -33.036910185941437, 0.0 ], [ -68.947477225597282, -33.0369845329732, 0.0 ], [ -68.947346389759801, -33.037002872589873, 0.0 ], [ -68.947218173556777, -33.036753734604183, 0.0 ], [ -68.947217954086454, -33.036753765168164, 0.0 ], [ -68.946577378105161, -33.036843565925011, 0.0 ], [ -68.946657260148768, -33.036983359186479, 0.0 ] ] ] ] } },
{ "type": "Feature", "properties": { "ccpp1": "1104 74", "LAYER_2": "PADRONES_COMPUERTAS" }, "geometry": { "type": "MultiPolygon", "coordinates": [ [ [ [ -68.971473972715145, -33.046485160454651, 0.0 ], [ -68.970669410712759, -33.046442252154662, 0.0 ], [ -68.970407321211965, -33.046324995454675, 0.0 ], [ -68.969879187910394, -33.04627115885468, 0.0 ], [ -68.968365167805899, -33.045950479754708, 0.0 ], [ -68.968083984505057, -33.045828170354717, 0.0 ], [ -68.967894659904488, -33.045816642854689, 0.0 ], [ -68.966581426744114, -33.045824967160456, 0.0 ], [ -68.966468713263339, -33.046331058351527, 0.0 ], [ -68.966140733155243, -33.047804663052865, 0.0 ], [ -68.966128799710972, -33.047858279425149, 0.0 ], [ -68.965984832822116, -33.04852114531711, 0.0 ], [ -68.965625590985184, -33.050175155604357, 0.0 ], [ -68.966666475105441, -33.050039371612044, 0.0 ], [ -68.96667834501271, -33.050037823009632, 0.0 ], [ -68.967564994646494, -33.049922151558171, 0.0 ], [ -68.969834646114862, -33.049642412638221, 0.0 ], [ -68.970915273734263, -33.049478310187183, 0.0 ], [ -68.973122116741195, -33.049185982493476, 0.0 ], [ -68.973610210220883, -33.049129240923925, 0.0 ], [ -68.973956867543322, -33.049075549905211, 0.0 ], [ -68.974280726522352, -33.048961464785222, 0.0 ], [ -68.974837241465664, -33.048661484496449, 0.0 ], [ -68.977169687216133, -33.047120899681111, 0.0 ], [ -68.97834506374987, -33.046149971619208, 0.0 ], [ -68.977817441539258, -33.045573704350616, 0.0 ], [ -68.977810187796379, -33.045566740361863, 0.0 ], [ -68.977699550434224, -33.045460508369217, 0.0 ], [ -68.977425896231765, -33.045462295855678, 0.0 ], [ -68.977522402504832, -33.045707026625081, 0.0 ], [ -68.975994287685737, -33.045847853354353, 0.0 ], [ -68.975904384716159, -33.04574459476683, 0.0 ], [ -68.975844992842198, -33.045736585465519, 0.0 ], [ -68.975314502494371, -33.045665042282089, 0.0 ], [ -68.973453263513449, -33.045990343444778, 0.0 ], [ -68.973032698712885, -33.046086281132574, 0.0 ], [ -68.972496510394151, -33.046170921085498, 0.0 ], [ -68.971874381216324, -33.046306979454677, 0.0 ], [ -68.971555791815391, -33.046420236454686, 0.0 ], [ -68.971473972715145, -33.046485160454651, 0.0 ] ] ] ] } },
{ "type": "Feature", "properties": { "ccpp1": "1104 877", "LAYER_2": "PADRONES_COMPUERTAS" }, "geometry": { "type": "MultiPolygon", "coordinates": [ [ [ [ -68.964094473368831, -33.036140452501613, 0.0 ], [ -68.96442099552111, -33.036931477987913, 0.0 ], [ -68.964428872088234, -33.036950558703076, 0.0 ], [ -68.964446430141479, -33.036945965182241, 0.0 ], [ -68.965591909692961, -33.039743512660159, 0.0 ], [ -68.966710995756671, -33.042476417705146, 0.0 ], [ -68.966799886942724, -33.042454019543271, 0.0 ], [ -68.967604098368781, -33.042251223376446, 0.0 ], [ -68.968043900008198, -33.041916816907197, 0.0 ], [ -68.968425423686597, -33.041459270964872, 0.0 ], [ -68.968368259632541, -33.041365366388845, 0.0 ], [ -68.968221976571797, -33.041125058241569, 0.0 ], [ -68.968706771460944, -33.040991421488989, 0.0 ], [ -68.968663936370831, -33.040922632172993, 0.0 ], [ -68.96865636012501, -33.040910465825903, 0.0 ], [ -68.967779036180659, -33.039501537171503, 0.0 ], [ -68.966628425390354, -33.039800898842216, 0.0 ], [ -68.96547583835067, -33.037903915089629, 0.0 ], [ -68.965918365565145, -33.037787094469863, 0.0 ], [ -68.96525871584744, -33.036698775302611, 0.0 ], [ -68.964475668948779, -33.036910718150629, 0.0 ], [ -68.964149160802179, -33.036131670615703, 0.0 ], [ -68.964094473368831, -33.036140452501613, 0.0 ] ] ] ] } },
{ "type": "Feature", "properties": { "ccpp1": "1104 975", "LAYER_2": "PADRONES_COMPUERTAS" }, "geometry": { "type": "MultiPolygon", "coordinates": [ [ [ [ -68.979520887564775, -33.044138692154235, 0.0 ], [ -68.98015420654238, -33.044386529401557, 0.0 ], [ -68.980498713538097, -33.043941673302854, 0.0 ], [ -68.979783902786693, -33.043661946943892, 0.0 ], [ -68.979520887564775, -33.044138692154235, 0.0 ] ] ] ] } },
{ "type": "Feature", "properties": { "ccpp1": "1104 985", "LAYER_2": "PADRONES_COMPUERTAS" }, "geometry": { "type": "MultiPolygon", "coordinates": [ [ [ [ -68.96241096900691, -33.041591407356819, 0.0 ], [ -68.962447234843353, -33.041592208141445, 0.0 ], [ -68.962251901885253, -33.041241421739976, 0.0 ], [ -68.962124951643119, -33.041013437234412, 0.0 ], [ -68.962100756557064, -33.040969987378141, 0.0 ], [ -68.961743893972908, -33.041032814200108, 0.0 ], [ -68.961768679889772, -33.041076159712254, 0.0 ], [ -68.962058863054793, -33.041583632066185, 0.0 ], [ -68.96241096900691, -33.041591407356819, 0.0 ] ] ] ] } },
{ "type": "Feature", "properties": { "ccpp1": "1104 984", "LAYER_2": "PADRONES_COMPUERTAS" }, "geometry": { "type": "MultiPolygon", "coordinates": [ [ [ [ -68.961479545175862, -33.040570515556084, 0.0 ], [ -68.961743893972908, -33.041032814200108, 0.0 ], [ -68.962100756557064, -33.040969987378141, 0.0 ], [ -68.961824160000319, -33.040473254526219, 0.0 ], [ -68.961797940407621, -33.040477870270138, 0.0 ], [ -68.96146053607977, -33.040537271385276, 0.0 ], [ -68.961479545175862, -33.040570515556084, 0.0 ] ] ] ] } },
{ "type": "Feature", "properties": { "ccpp1": "1104 983", "LAYER_2": "PADRONES_COMPUERTAS" }, "geometry": { "type": "MultiPolygon", "coordinates": [ [ [ [ -68.961192021549209, -33.040067682601979, 0.0 ], [ -68.96146053607977, -33.040537271385276, 0.0 ], [ -68.961797940407621, -33.040477870270138, 0.0 ], [ -68.961824160000319, -33.040473254526219, 0.0 ], [ -68.961544483663872, -33.039970983812765, 0.0 ], [ -68.961521152735585, -33.039975090945028, 0.0 ], [ -68.961174021411892, -33.040036203269153, 0.0 ], [ -68.961192021549209, -33.040067682601979, 0.0 ] ] ] ] } },
{ "type": "Feature", "properties": { "ccpp1": "1104 982", "LAYER_2": "PADRONES_COMPUERTAS" }, "geometry": { "type": "MultiPolygon", "coordinates": [ [ [ [ -68.960904501187571, -33.039564848045401, 0.0 ], [ -68.961174021411892, -33.040036203269153, 0.0 ], [ -68.961521152735585, -33.039975090945028, 0.0 ], [ -68.961544483663872, -33.039970983812765, 0.0 ], [ -68.961264727063792, -33.039468561829203, 0.0 ], [ -68.961245326476984, -33.039471977646919, 0.0 ], [ -68.960888229511667, -33.039534843442937, 0.0 ], [ -68.960904501187571, -33.039564848045401, 0.0 ] ] ] ] } },
{ "type": "Feature", "properties": { "ccpp1": "1104 986", "LAYER_2": "PADRONES_COMPUERTAS" }, "geometry": { "type": "MultiPolygon", "coordinates": [ [ [ [ -68.962097619051008, -33.040756859346956, 0.0 ], [ -68.962288604473088, -33.041103773828993, 0.0 ], [ -68.962762822975535, -33.041086298514998, 0.0 ], [ -68.962763847508185, -33.0410862609506, 0.0 ], [ -68.962653093601929, -33.040736390311793, 0.0 ], [ -68.962639799086148, -33.040694393707568, 0.0 ], [ -68.962074694011662, -33.040715217720162, 0.0 ], [ -68.962097619051008, -33.040756859346956, 0.0 ] ] ] ] } },
{ "type": "Feature", "properties": { "ccpp1": "1104 868", "LAYER_2": "PADRONES_COMPUERTAS" }, "geometry": { "type": "MultiPolygon", "coordinates": [ [ [ [ -68.947035514909643, -33.03641844096083, 0.0 ], [ -68.947217954086454, -33.036753765168164, 0.0 ], [ -68.947879105421876, -33.036661077154726, 0.0 ], [ -68.947705575476576, -33.036324460136612, 0.0 ], [ -68.947035514909643, -33.03641844096083, 0.0 ] ] ] ] } },
{ "type": "Feature", "properties": { "ccpp1": "1104 1003", "LAYER_2": "PADRONES_COMPUERTAS" }, "geometry": { "type": "MultiPolygon", "coordinates": [ [ [ [ -68.927829117209427, -33.009640859271698, 0.0 ], [ -68.927872277565825, -33.00941949587088, 0.0 ], [ -68.927918221667298, -33.009197563294116, 0.0 ], [ -68.927893622246316, -33.009168066104529, 0.0 ], [ -68.926438145945852, -33.008952970668972, 0.0 ], [ -68.926403027354667, -33.008973778670381, 0.0 ], [ -68.9263570217623, -33.009195741315153, 0.0 ], [ -68.926311052469558, -33.009417529031282, 0.0 ], [ -68.926335641799199, -33.00944702832858, 0.0 ], [ -68.92649315005788, -33.009470209409869, 0.0 ], [ -68.926682863247791, -33.009498130025236, 0.0 ], [ -68.926872576836402, -33.009526050549361, 0.0 ], [ -68.927062376107543, -33.009553982408953, 0.0 ], [ -68.927252091003041, -33.009581902347854, 0.0 ], [ -68.927441805657693, -33.009609821955877, 0.0 ], [ -68.927631625677833, -33.009637756876458, 0.0 ], [ -68.927794105688164, -33.009661667724082, 0.0 ], [ -68.927829117209427, -33.009640859271698, 0.0 ] ] ] ] } },
{ "type": "Feature", "properties": { "ccpp1": "1104 925", "LAYER_2": "PADRONES_COMPUERTAS" }, "geometry": { "type": "MultiPolygon", "coordinates": [ [ [ [ -68.946914266220418, -33.036195738762842, 0.0 ], [ -68.947035395004107, -33.036418458041673, 0.0 ], [ -68.947035514909643, -33.03641844096083, 0.0 ], [ -68.947705575476576, -33.036324460136612, 0.0 ], [ -68.947590336530482, -33.03610091534194, 0.0 ], [ -68.946914266220418, -33.036195738762842, 0.0 ] ] ] ] } },
{ "type": "Feature", "properties": { "ccpp1": "1104 866", "LAYER_2": "PADRONES_COMPUERTAS" }, "geometry": { "type": "MultiPolygon", "coordinates": [ [ [ [ -68.946793178679172, -33.035973094215123, 0.0 ], [ -68.946914266220418, -33.036195738762842, 0.0 ], [ -68.947590336530482, -33.03610091534194, 0.0 ], [ -68.947475136658895, -33.035877445288321, 0.0 ], [ -68.946793178679172, -33.035973094215123, 0.0 ] ] ] ] } },
{ "type": "Feature", "properties": { "ccpp1": "1104 867", "LAYER_2": "PADRONES_COMPUERTAS" }, "geometry": { "type": "MultiPolygon", "coordinates": [ [ [ [ -68.946948408974961, -33.036791552451525, 0.0 ], [ -68.946767536059639, -33.036456026086945, 0.0 ], [ -68.946385996400352, -33.036509537155425, 0.0 ], [ -68.946577378105161, -33.036843565925011, 0.0 ], [ -68.946948408974961, -33.036791552451525, 0.0 ] ] ] ] } },
{ "type": "Feature", "properties": { "ccpp1": "1104 1011", "LAYER_2": "PADRONES_COMPUERTAS" }, "geometry": { "type": "MultiPolygon", "coordinates": [ [ [ [ -68.96401654470111, -33.035938053439338, 0.0 ], [ -68.96323983300617, -33.034197139571432, 0.0 ], [ -68.96315514753384, -33.034207684044702, 0.0 ], [ -68.962052095845024, -33.034345077949396, 0.0 ], [ -68.961370054362746, -33.034427763411806, 0.0 ], [ -68.96159089517576, -33.034914644254442, 0.0 ], [ -68.962840990351538, -33.03476306845679, 0.0 ], [ -68.96316416768633, -33.035486679890219, 0.0 ], [ -68.963189644426222, -33.03554372313944, 0.0 ], [ -68.963377158638878, -33.035963571125329, 0.0 ], [ -68.963417361354331, -33.036053585232565, 0.0 ], [ -68.96372487446088, -33.035994292358872, 0.0 ], [ -68.96401654470111, -33.035938053439338, 0.0 ] ] ] ] } },
{ "type": "Feature", "properties": { "ccpp1": "1104 974", "LAYER_2": "PADRONES_COMPUERTAS" }, "geometry": { "type": "MultiPolygon", "coordinates": [ [ [ [ -68.979903494240503, -33.043445171268992, 0.0 ], [ -68.979783902786693, -33.043661946943892, 0.0 ], [ -68.980498713538097, -33.043941673302854, 0.0 ], [ -68.98015420654238, -33.044386529401557, 0.0 ], [ -68.979520887564775, -33.044138692154235, 0.0 ], [ -68.979267618187592, -33.044597766552059, 0.0 ], [ -68.979231529202565, -33.044663181255181, 0.0 ], [ -68.979220768870135, -33.044680540227802, 0.0 ], [ -68.979223436403714, -33.044746028100441, 0.0 ], [ -68.979516146560513, -33.045084144330033, 0.0 ], [ -68.979659488961815, -33.045494418816467, 0.0 ], [ -68.980699190036887, -33.045145227278773, 0.0 ], [ -68.980836671739397, -33.04461820312909, 0.0 ], [ -68.981912764256947, -33.044374123766829, 0.0 ], [ -68.983691453597118, -33.043951080590418, 0.0 ], [ -68.984086022687293, -33.04362616943628, 0.0 ], [ -68.984048307946992, -33.043467477789804, 0.0 ], [ -68.983982708631956, -33.043384048894097, 0.0 ], [ -68.983911021297175, -33.043336991112561, 0.0 ], [ -68.983602713298282, -33.043393624584553, 0.0 ], [ -68.981980998055846, -33.043434308801686, 0.0 ], [ -68.981791581663003, -33.043527593398842, 0.0 ], [ -68.981089084669222, -33.043179324974048, 0.0 ], [ -68.980655358663242, -33.043739397960685, 0.0 ], [ -68.979903494240503, -33.043445171268992, 0.0 ] ] ] ] } },
{ "type": "Feature", "properties": { "ccpp1": "1104 974", "LAYER_2": "PADRONES_COMPUERTAS" }, "geometry": { "type": "MultiPolygon", "coordinates": [ [ [ [ -68.980655358663242, -33.043739397960685, 0.0 ], [ -68.979903509763247, -33.043445143131862, 0.0 ], [ -68.979783902786679, -33.043661946943914, 0.0 ], [ -68.980498713538097, -33.043941673302854, 0.0 ], [ -68.980655358663242, -33.043739397960685, 0.0 ] ] ] ] } },
{ "type": "Feature", "properties": { "ccpp1": "1104 1009", "LAYER_2": "PADRONES_COMPUERTAS" }, "geometry": { "type": "MultiPolygon", "coordinates": [ [ [ [ -68.940950608360424, -33.027578425220455, 0.0 ], [ -68.939819369369928, -33.027765243492418, 0.0 ], [ -68.939935996841797, -33.027995831385461, 0.0 ], [ -68.939154014898534, -33.028125495062731, 0.0 ], [ -68.939174335971515, -33.02816708011585, 0.0 ], [ -68.939956974804446, -33.028037307444599, 0.0 ], [ -68.941076878214673, -33.027851602294717, 0.0 ], [ -68.940950608360424, -33.027578425220455, 0.0 ] ] ] ] } },
{ "type": "Feature", "properties": { "ccpp1": "1104 1054", "LAYER_2": "PADRONES_COMPUERTAS" }, "geometry": { "type": "MultiPolygon", "coordinates": [ [ [ [ -68.931731809169349, -33.012656055115592, 0.0 ], [ -68.930607475955355, -33.012900387725239, 0.0 ], [ -68.93034233224914, -33.012958004937765, 0.0 ], [ -68.930642399350134, -33.013422236122167, 0.0 ], [ -68.931923486304697, -33.013121393390151, 0.0 ], [ -68.931731809169349, -33.012656055115592, 0.0 ] ] ] ] } },
{ "type": "Feature", "properties": { "ccpp1": "1104 637", "LAYER_2": "PADRONES_COMPUERTAS" }, "geometry": { "type": "MultiPolygon", "coordinates": [ [ [ [ -68.946657260148768, -33.036983359186479, 0.0 ], [ -68.946808020139912, -33.037246531288041, 0.0 ], [ -68.946831280283405, -33.03728713535299, 0.0 ], [ -68.947448176089637, -33.037200654099514, 0.0 ], [ -68.947549989138366, -33.037398486554679, 0.0 ], [ -68.94694375505145, -33.037483474400112, 0.0 ], [ -68.946952175413472, -33.037498173421412, 0.0 ], [ -68.947322951092019, -33.03814540055366, 0.0 ], [ -68.947366480147053, -33.03822138473371, 0.0 ], [ -68.948594782878743, -33.038049226773602, 0.0 ], [ -68.948007534351902, -33.036910185941437, 0.0 ], [ -68.947477225597282, -33.0369845329732, 0.0 ], [ -68.947346389759801, -33.037002872589873, 0.0 ], [ -68.947218173556777, -33.036753734604183, 0.0 ], [ -68.947217954086454, -33.036753765168164, 0.0 ], [ -68.946577378105161, -33.036843565925011, 0.0 ], [ -68.946657260148768, -33.036983359186479, 0.0 ] ] ] ] } },
{ "type": "Feature", "properties": { "ccpp1": "1104 637", "LAYER_2": "PADRONES_COMPUERTAS" }, "geometry": { "type": "MultiPolygon", "coordinates": [ [ [ [ -68.947346609230678, -33.037002842025665, 0.0 ], [ -68.947448395814391, -33.037200623296208, 0.0 ], [ -68.947549989138366, -33.037398486554679, 0.0 ], [ -68.948211471071161, -33.03730574997531, 0.0 ], [ -68.948007542822609, -33.036910183901298, 0.0 ], [ -68.94747723299804, -33.036984530030985, 0.0 ], [ -68.947346609230678, -33.037002842025665, 0.0 ] ] ] ] } },
{ "type": "Feature", "properties": { "ccpp1": "1104 991", "LAYER_2": "PADRONES_COMPUERTAS" }, "geometry": { "type": "MultiPolygon", "coordinates": [ [ [ [ -68.946657260148768, -33.036983359186479, 0.0 ], [ -68.946808020139912, -33.037246531288041, 0.0 ], [ -68.946831280283405, -33.03728713535299, 0.0 ], [ -68.947448176089637, -33.037200654099514, 0.0 ], [ -68.947549989138366, -33.037398486554679, 0.0 ], [ -68.94694375505145, -33.037483474400112, 0.0 ], [ -68.946952175413472, -33.037498173421412, 0.0 ], [ -68.947322951092019, -33.03814540055366, 0.0 ], [ -68.947366480147053, -33.03822138473371, 0.0 ], [ -68.948594782878743, -33.038049226773602, 0.0 ], [ -68.948007534351902, -33.036910185941437, 0.0 ], [ -68.947477225597282, -33.0369845329732, 0.0 ], [ -68.947346389759801, -33.037002872589873, 0.0 ], [ -68.947218173556777, -33.036753734604183, 0.0 ], [ -68.947217954086454, -33.036753765168164, 0.0 ], [ -68.946577378105161, -33.036843565925011, 0.0 ], [ -68.946657260148768, -33.036983359186479, 0.0 ] ] ] ] } },
{ "type": "Feature", "properties": { "ccpp1": "1104 991", "LAYER_2": "PADRONES_COMPUERTAS" }, "geometry": { "type": "MultiPolygon", "coordinates": [ [ [ [ -68.947270924924638, -33.037437608902003, 0.0 ], [ -68.947411664215238, -33.037670114827002, 0.0 ], [ -68.947871433037548, -33.037604048915689, 0.0 ], [ -68.948331201175847, -33.037537981308802, 0.0 ], [ -68.948211470949744, -33.037305749739801, 0.0 ], [ -68.947549989138366, -33.037398486554679, 0.0 ], [ -68.947270924924638, -33.037437608902003, 0.0 ] ] ] ] } },
{ "type": "Feature", "properties": { "ccpp1": "1104 993", "LAYER_2": "PADRONES_COMPUERTAS" }, "geometry": { "type": "MultiPolygon", "coordinates": [ [ [ [ -68.94770054808744, -33.0378876326495, 0.0 ], [ -68.947677280059906, -33.03789377687643, 0.0 ], [ -68.947801247130599, -33.038160449589768, 0.0 ], [ -68.948594782878743, -33.038049226773602, 0.0 ], [ -68.948442498487054, -33.03775385553962, 0.0 ], [ -68.947737692801326, -33.037864208926194, 0.0 ], [ -68.94770054808744, -33.0378876326495, 0.0 ] ] ] ] } },
{ "type": "Feature", "properties": { "ccpp1": "1104 993", "LAYER_2": "PADRONES_COMPUERTAS" }, "geometry": { "type": "MultiPolygon", "coordinates": [ [ [ [ -68.946657260148768, -33.036983359186479, 0.0 ], [ -68.946808020139912, -33.037246531288041, 0.0 ], [ -68.946831280283405, -33.03728713535299, 0.0 ], [ -68.947448176089637, -33.037200654099514, 0.0 ], [ -68.947549989138366, -33.037398486554679, 0.0 ], [ -68.94694375505145, -33.037483474400112, 0.0 ], [ -68.946952175413472, -33.037498173421412, 0.0 ], [ -68.947322951092019, -33.03814540055366, 0.0 ], [ -68.947366480147053, -33.03822138473371, 0.0 ], [ -68.948594782878743, -33.038049226773602, 0.0 ], [ -68.948007534351902, -33.036910185941437, 0.0 ], [ -68.947477225597282, -33.0369845329732, 0.0 ], [ -68.947346389759801, -33.037002872589873, 0.0 ], [ -68.947218173556777, -33.036753734604183, 0.0 ], [ -68.947217954086454, -33.036753765168164, 0.0 ], [ -68.946577378105161, -33.036843565925011, 0.0 ], [ -68.946657260148768, -33.036983359186479, 0.0 ] ] ] ] } },
{ "type": "Feature", "properties": { "ccpp1": "1104 994", "LAYER_2": "PADRONES_COMPUERTAS" }, "geometry": { "type": "MultiPolygon", "coordinates": [ [ [ [ -68.946657260148768, -33.036983359186479, 0.0 ], [ -68.946808020139912, -33.037246531288041, 0.0 ], [ -68.946831280283405, -33.03728713535299, 0.0 ], [ -68.947448176089637, -33.037200654099514, 0.0 ], [ -68.947549989138366, -33.037398486554679, 0.0 ], [ -68.94694375505145, -33.037483474400112, 0.0 ], [ -68.946952175413472, -33.037498173421412, 0.0 ], [ -68.947322951092019, -33.03814540055366, 0.0 ], [ -68.947366480147053, -33.03822138473371, 0.0 ], [ -68.948594782878743, -33.038049226773602, 0.0 ], [ -68.948007534351902, -33.036910185941437, 0.0 ], [ -68.947477225597282, -33.0369845329732, 0.0 ], [ -68.947346389759801, -33.037002872589873, 0.0 ], [ -68.947218173556777, -33.036753734604183, 0.0 ], [ -68.947217954086454, -33.036753765168164, 0.0 ], [ -68.946577378105161, -33.036843565925011, 0.0 ], [ -68.946657260148768, -33.036983359186479, 0.0 ] ] ] ] } },
{ "type": "Feature", "properties": { "ccpp1": "1104 871", "LAYER_2": "PADRONES_COMPUERTAS" }, "geometry": { "type": "MultiPolygon", "coordinates": [ [ [ [ -68.936804834999677, -33.036437096100713, 0.0 ], [ -68.936962663960486, -33.036796952782552, 0.0 ], [ -68.936982713500981, -33.036849277361064, 0.0 ], [ -68.937248037194635, -33.036816377041951, 0.0 ], [ -68.937164237258074, -33.036611789746878, 0.0 ], [ -68.937080436758905, -33.036407202506979, 0.0 ], [ -68.937063828340385, -33.036373666376669, 0.0 ], [ -68.936804834999677, -33.036437096100713, 0.0 ] ] ] ] } },
{ "type": "Feature", "properties": { "ccpp1": "1104 941", "LAYER_2": "PADRONES_COMPUERTAS" }, "geometry": { "type": "MultiPolygon", "coordinates": [ [ [ [ -68.92635685825843, -33.009196530173185, 0.0 ], [ -68.926544103780458, -33.009224039722113, 0.0 ], [ -68.92673381669799, -33.009251959787555, 0.0 ], [ -68.926923513685395, -33.009279876850293, 0.0 ], [ -68.927113331707488, -33.009307810827231, 0.0 ], [ -68.927303028935825, -33.009335726411621, 0.0 ], [ -68.927492726283504, -33.009363642609458, 0.0 ], [ -68.927682545736275, -33.009391575721544, 0.0 ], [ -68.927872277565825, -33.00941949587088, 0.0 ], [ -68.927918221667298, -33.009197563294116, 0.0 ], [ -68.927893622246316, -33.009168066104529, 0.0 ], [ -68.926438145945852, -33.008952970668972, 0.0 ], [ -68.926403027354667, -33.008973778670381, 0.0 ], [ -68.92635685825843, -33.009196530173185, 0.0 ] ] ] ] } },
{ "type": "Feature", "properties": { "ccpp1": "1104 941", "LAYER_2": "PADRONES_COMPUERTAS" }, "geometry": { "type": "MultiPolygon", "coordinates": [ [ [ [ -68.927829117209427, -33.009640859271698, 0.0 ], [ -68.927872277565825, -33.00941949587088, 0.0 ], [ -68.927918221667298, -33.009197563294116, 0.0 ], [ -68.927893622246316, -33.009168066104529, 0.0 ], [ -68.926438145945852, -33.008952970668972, 0.0 ], [ -68.926403027354667, -33.008973778670381, 0.0 ], [ -68.9263570217623, -33.009195741315153, 0.0 ], [ -68.926311052469558, -33.009417529031282, 0.0 ], [ -68.926335641799199, -33.00944702832858, 0.0 ], [ -68.92649315005788, -33.009470209409869, 0.0 ], [ -68.926682863247791, -33.009498130025236, 0.0 ], [ -68.926872576836402, -33.009526050549361, 0.0 ], [ -68.927062376107543, -33.009553982408953, 0.0 ], [ -68.927252091003041, -33.009581902347854, 0.0 ], [ -68.927441805657693, -33.009609821955877, 0.0 ], [ -68.927631625677833, -33.009637756876458, 0.0 ], [ -68.927794105688164, -33.009661667724082, 0.0 ], [ -68.927829117209427, -33.009640859271698, 0.0 ] ] ] ] } },
{ "type": "Feature", "properties": { "ccpp1": "1104 1021", "LAYER_2": "PADRONES_COMPUERTAS" }, "geometry": { "type": "MultiPolygon", "coordinates": [ [ [ [ -68.92635685825843, -33.009196530173185, 0.0 ], [ -68.926544103780458, -33.009224039722113, 0.0 ], [ -68.92673381669799, -33.009251959787555, 0.0 ], [ -68.926923513685395, -33.009279876850293, 0.0 ], [ -68.927113331707488, -33.009307810827231, 0.0 ], [ -68.927303028935825, -33.009335726411621, 0.0 ], [ -68.927492726283504, -33.009363642609458, 0.0 ], [ -68.927682545736275, -33.009391575721544, 0.0 ], [ -68.927872277565825, -33.00941949587088, 0.0 ], [ -68.927918221667298, -33.009197563294116, 0.0 ], [ -68.927893622246316, -33.009168066104529, 0.0 ], [ -68.926438145945852, -33.008952970668972, 0.0 ], [ -68.926403027354667, -33.008973778670381, 0.0 ], [ -68.92635685825843, -33.009196530173185, 0.0 ] ] ] ] } },
{ "type": "Feature", "properties": { "ccpp1": "1104 1021", "LAYER_2": "PADRONES_COMPUERTAS" }, "geometry": { "type": "MultiPolygon", "coordinates": [ [ [ [ -68.927829117209427, -33.009640859271698, 0.0 ], [ -68.927872277565825, -33.00941949587088, 0.0 ], [ -68.927918221667298, -33.009197563294116, 0.0 ], [ -68.927893622246316, -33.009168066104529, 0.0 ], [ -68.926438145945852, -33.008952970668972, 0.0 ], [ -68.926403027354667, -33.008973778670381, 0.0 ], [ -68.9263570217623, -33.009195741315153, 0.0 ], [ -68.926311052469558, -33.009417529031282, 0.0 ], [ -68.926335641799199, -33.00944702832858, 0.0 ], [ -68.92649315005788, -33.009470209409869, 0.0 ], [ -68.926682863247791, -33.009498130025236, 0.0 ], [ -68.926872576836402, -33.009526050549361, 0.0 ], [ -68.927062376107543, -33.009553982408953, 0.0 ], [ -68.927252091003041, -33.009581902347854, 0.0 ], [ -68.927441805657693, -33.009609821955877, 0.0 ], [ -68.927631625677833, -33.009637756876458, 0.0 ], [ -68.927794105688164, -33.009661667724082, 0.0 ], [ -68.927829117209427, -33.009640859271698, 0.0 ] ] ] ] } },
{ "type": "Feature", "properties": { "ccpp1": "1104 949", "LAYER_2": "PADRONES_COMPUERTAS" }, "geometry": { "type": "MultiPolygon", "coordinates": [ [ [ [ -68.92635685825843, -33.009196530173185, 0.0 ], [ -68.926544103780458, -33.009224039722113, 0.0 ], [ -68.92673381669799, -33.009251959787555, 0.0 ], [ -68.926923513685395, -33.009279876850293, 0.0 ], [ -68.927113331707488, -33.009307810827231, 0.0 ], [ -68.927303028935825, -33.009335726411621, 0.0 ], [ -68.927492726283504, -33.009363642609458, 0.0 ], [ -68.927682545736275, -33.009391575721544, 0.0 ], [ -68.927872277565825, -33.00941949587088, 0.0 ], [ -68.927918221667298, -33.009197563294116, 0.0 ], [ -68.927893622246316, -33.009168066104529, 0.0 ], [ -68.926438145945852, -33.008952970668972, 0.0 ], [ -68.926403027354667, -33.008973778670381, 0.0 ], [ -68.92635685825843, -33.009196530173185, 0.0 ] ] ] ] } },
{ "type": "Feature", "properties": { "ccpp1": "1104 949", "LAYER_2": "PADRONES_COMPUERTAS" }, "geometry": { "type": "MultiPolygon", "coordinates": [ [ [ [ -68.927829117209427, -33.009640859271698, 0.0 ], [ -68.927872277565825, -33.00941949587088, 0.0 ], [ -68.927918221667298, -33.009197563294116, 0.0 ], [ -68.927893622246316, -33.009168066104529, 0.0 ], [ -68.926438145945852, -33.008952970668972, 0.0 ], [ -68.926403027354667, -33.008973778670381, 0.0 ], [ -68.9263570217623, -33.009195741315153, 0.0 ], [ -68.926311052469558, -33.009417529031282, 0.0 ], [ -68.926335641799199, -33.00944702832858, 0.0 ], [ -68.92649315005788, -33.009470209409869, 0.0 ], [ -68.926682863247791, -33.009498130025236, 0.0 ], [ -68.926872576836402, -33.009526050549361, 0.0 ], [ -68.927062376107543, -33.009553982408953, 0.0 ], [ -68.927252091003041, -33.009581902347854, 0.0 ], [ -68.927441805657693, -33.009609821955877, 0.0 ], [ -68.927631625677833, -33.009637756876458, 0.0 ], [ -68.927794105688164, -33.009661667724082, 0.0 ], [ -68.927829117209427, -33.009640859271698, 0.0 ] ] ] ] } },
{ "type": "Feature", "properties": { "ccpp1": "1104 1101", "LAYER_2": "PADRONES_COMPUERTAS" }, "geometry": { "type": "MultiPolygon", "coordinates": [ [ [ [ -68.92635685825843, -33.009196530173185, 0.0 ], [ -68.926544103780458, -33.009224039722113, 0.0 ], [ -68.92673381669799, -33.009251959787555, 0.0 ], [ -68.926923513685395, -33.009279876850293, 0.0 ], [ -68.927113331707488, -33.009307810827231, 0.0 ], [ -68.927303028935825, -33.009335726411621, 0.0 ], [ -68.927492726283504, -33.009363642609458, 0.0 ], [ -68.927682545736275, -33.009391575721544, 0.0 ], [ -68.927872277565825, -33.00941949587088, 0.0 ], [ -68.927918221667298, -33.009197563294116, 0.0 ], [ -68.927893622246316, -33.009168066104529, 0.0 ], [ -68.926438145945852, -33.008952970668972, 0.0 ], [ -68.926403027354667, -33.008973778670381, 0.0 ], [ -68.92635685825843, -33.009196530173185, 0.0 ] ] ] ] } },
{ "type": "Feature", "properties": { "ccpp1": "1104 1101", "LAYER_2": "PADRONES_COMPUERTAS" }, "geometry": { "type": "MultiPolygon", "coordinates": [ [ [ [ -68.927829117209427, -33.009640859271698, 0.0 ], [ -68.927872277565825, -33.00941949587088, 0.0 ], [ -68.927918221667298, -33.009197563294116, 0.0 ], [ -68.927893622246316, -33.009168066104529, 0.0 ], [ -68.926438145945852, -33.008952970668972, 0.0 ], [ -68.926403027354667, -33.008973778670381, 0.0 ], [ -68.9263570217623, -33.009195741315153, 0.0 ], [ -68.926311052469558, -33.009417529031282, 0.0 ], [ -68.926335641799199, -33.00944702832858, 0.0 ], [ -68.92649315005788, -33.009470209409869, 0.0 ], [ -68.926682863247791, -33.009498130025236, 0.0 ], [ -68.926872576836402, -33.009526050549361, 0.0 ], [ -68.927062376107543, -33.009553982408953, 0.0 ], [ -68.927252091003041, -33.009581902347854, 0.0 ], [ -68.927441805657693, -33.009609821955877, 0.0 ], [ -68.927631625677833, -33.009637756876458, 0.0 ], [ -68.927794105688164, -33.009661667724082, 0.0 ], [ -68.927829117209427, -33.009640859271698, 0.0 ] ] ] ] } },
{ "type": "Feature", "properties": { "ccpp1": "1104 1102", "LAYER_2": "PADRONES_COMPUERTAS" }, "geometry": { "type": "MultiPolygon", "coordinates": [ [ [ [ -68.92635685825843, -33.009196530173185, 0.0 ], [ -68.926544103780458, -33.009224039722113, 0.0 ], [ -68.92673381669799, -33.009251959787555, 0.0 ], [ -68.926923513685395, -33.009279876850293, 0.0 ], [ -68.927113331707488, -33.009307810827231, 0.0 ], [ -68.927303028935825, -33.009335726411621, 0.0 ], [ -68.927492726283504, -33.009363642609458, 0.0 ], [ -68.927682545736275, -33.009391575721544, 0.0 ], [ -68.927872277565825, -33.00941949587088, 0.0 ], [ -68.927918221667298, -33.009197563294116, 0.0 ], [ -68.927893622246316, -33.009168066104529, 0.0 ], [ -68.926438145945852, -33.008952970668972, 0.0 ], [ -68.926403027354667, -33.008973778670381, 0.0 ], [ -68.92635685825843, -33.009196530173185, 0.0 ] ] ] ] } },
{ "type": "Feature", "properties": { "ccpp1": "1104 1102", "LAYER_2": "PADRONES_COMPUERTAS" }, "geometry": { "type": "MultiPolygon", "coordinates": [ [ [ [ -68.927829117209427, -33.009640859271698, 0.0 ], [ -68.927872277565825, -33.00941949587088, 0.0 ], [ -68.927918221667298, -33.009197563294116, 0.0 ], [ -68.927893622246316, -33.009168066104529, 0.0 ], [ -68.926438145945852, -33.008952970668972, 0.0 ], [ -68.926403027354667, -33.008973778670381, 0.0 ], [ -68.9263570217623, -33.009195741315153, 0.0 ], [ -68.926311052469558, -33.009417529031282, 0.0 ], [ -68.926335641799199, -33.00944702832858, 0.0 ], [ -68.92649315005788, -33.009470209409869, 0.0 ], [ -68.926682863247791, -33.009498130025236, 0.0 ], [ -68.926872576836402, -33.009526050549361, 0.0 ], [ -68.927062376107543, -33.009553982408953, 0.0 ], [ -68.927252091003041, -33.009581902347854, 0.0 ], [ -68.927441805657693, -33.009609821955877, 0.0 ], [ -68.927631625677833, -33.009637756876458, 0.0 ], [ -68.927794105688164, -33.009661667724082, 0.0 ], [ -68.927829117209427, -33.009640859271698, 0.0 ] ] ] ] } },
{ "type": "Feature", "properties": { "ccpp1": "1104 953", "LAYER_2": "PADRONES_COMPUERTAS" }, "geometry": { "type": "MultiPolygon", "coordinates": [ [ [ [ -68.92635685825843, -33.009196530173185, 0.0 ], [ -68.926544103780458, -33.009224039722113, 0.0 ], [ -68.92673381669799, -33.009251959787555, 0.0 ], [ -68.926923513685395, -33.009279876850293, 0.0 ], [ -68.927113331707488, -33.009307810827231, 0.0 ], [ -68.927303028935825, -33.009335726411621, 0.0 ], [ -68.927492726283504, -33.009363642609458, 0.0 ], [ -68.927682545736275, -33.009391575721544, 0.0 ], [ -68.927872277565825, -33.00941949587088, 0.0 ], [ -68.927918221667298, -33.009197563294116, 0.0 ], [ -68.927893622246316, -33.009168066104529, 0.0 ], [ -68.926438145945852, -33.008952970668972, 0.0 ], [ -68.926403027354667, -33.008973778670381, 0.0 ], [ -68.92635685825843, -33.009196530173185, 0.0 ] ] ] ] } },
{ "type": "Feature", "properties": { "ccpp1": "1104 953", "LAYER_2": "PADRONES_COMPUERTAS" }, "geometry": { "type": "MultiPolygon", "coordinates": [ [ [ [ -68.927829117209427, -33.009640859271698, 0.0 ], [ -68.927872277565825, -33.00941949587088, 0.0 ], [ -68.927918221667298, -33.009197563294116, 0.0 ], [ -68.927893622246316, -33.009168066104529, 0.0 ], [ -68.926438145945852, -33.008952970668972, 0.0 ], [ -68.926403027354667, -33.008973778670381, 0.0 ], [ -68.9263570217623, -33.009195741315153, 0.0 ], [ -68.926311052469558, -33.009417529031282, 0.0 ], [ -68.926335641799199, -33.00944702832858, 0.0 ], [ -68.92649315005788, -33.009470209409869, 0.0 ], [ -68.926682863247791, -33.009498130025236, 0.0 ], [ -68.926872576836402, -33.009526050549361, 0.0 ], [ -68.927062376107543, -33.009553982408953, 0.0 ], [ -68.927252091003041, -33.009581902347854, 0.0 ], [ -68.927441805657693, -33.009609821955877, 0.0 ], [ -68.927631625677833, -33.009637756876458, 0.0 ], [ -68.927794105688164, -33.009661667724082, 0.0 ], [ -68.927829117209427, -33.009640859271698, 0.0 ] ] ] ] } },
{ "type": "Feature", "properties": { "ccpp1": "1104 954", "LAYER_2": "PADRONES_COMPUERTAS" }, "geometry": { "type": "MultiPolygon", "coordinates": [ [ [ [ -68.928042230633551, -33.009439590844487, 0.0 ], [ -68.928232059022378, -33.009467477140589, 0.0 ], [ -68.928421772997737, -33.009495394641007, 0.0 ], [ -68.928611471042842, -33.009523309138928, 0.0 ], [ -68.928801290123275, -33.009551240549413, 0.0 ], [ -68.928990988409282, -33.009579153568957, 0.0 ], [ -68.929180686814604, -33.009607067201962, 0.0 ], [ -68.929370507325643, -33.009634997747547, 0.0 ], [ -68.929560240212979, -33.009662915331553, 0.0 ], [ -68.929606180215529, -33.009440982136631, 0.0 ], [ -68.929581580164623, -33.00941148527999, 0.0 ], [ -68.928123221985274, -33.009196846082865, 0.0 ], [ -68.928088117607146, -33.009217650959236, 0.0 ], [ -68.928042230633551, -33.009439590844487, 0.0 ] ] ] ] } },
{ "type": "Feature", "properties": { "ccpp1": "1104 954", "LAYER_2": "PADRONES_COMPUERTAS" }, "geometry": { "type": "MultiPolygon", "coordinates": [ [ [ [ -68.929514113859639, -33.009884734785167, 0.0 ], [ -68.929560131037022, -33.009662938713504, 0.0 ], [ -68.929606180215529, -33.009440982136631, 0.0 ], [ -68.929581589797564, -33.009411483482047, 0.0 ], [ -68.928123125655105, -33.009196864962561, 0.0 ], [ -68.928088007361893, -33.009217673437611, 0.0 ], [ -68.928042005861087, -33.00943963670035, 0.0 ], [ -68.927996040656694, -33.009661425034004, 0.0 ], [ -68.928020630615435, -33.009690923999102, 0.0 ], [ -68.928180619192389, -33.009714467825788, 0.0 ], [ -68.928370348660252, -33.009742388117616, 0.0 ], [ -68.928560077178034, -33.009770308120473, 0.0 ], [ -68.928749892490401, -33.009798239606269, 0.0 ], [ -68.928939622318595, -33.009826159032926, 0.0 ], [ -68.929129352266898, -33.009854078171216, 0.0 ], [ -68.929319186129774, -33.009882012408447, 0.0 ], [ -68.929479102636677, -33.009905543709785, 0.0 ], [ -68.929514113859639, -33.009884734785167, 0.0 ] ] ] ] } },
{ "type": "Feature", "properties": { "ccpp1": "1104 955", "LAYER_2": "PADRONES_COMPUERTAS" }, "geometry": { "type": "MultiPolygon", "coordinates": [ [ [ [ -68.928042230633551, -33.009439590844487, 0.0 ], [ -68.928232059022378, -33.009467477140589, 0.0 ], [ -68.928421772997737, -33.009495394641007, 0.0 ], [ -68.928611471042842, -33.009523309138928, 0.0 ], [ -68.928801290123275, -33.009551240549413, 0.0 ], [ -68.928990988409282, -33.009579153568957, 0.0 ], [ -68.929180686814604, -33.009607067201962, 0.0 ], [ -68.929370507325643, -33.009634997747547, 0.0 ], [ -68.929560240212979, -33.009662915331553, 0.0 ], [ -68.929606180215529, -33.009440982136631, 0.0 ], [ -68.929581580164623, -33.00941148527999, 0.0 ], [ -68.928123221985274, -33.009196846082865, 0.0 ], [ -68.928088117607146, -33.009217650959236, 0.0 ], [ -68.928042230633551, -33.009439590844487, 0.0 ] ] ] ] } },
{ "type": "Feature", "properties": { "ccpp1": "1104 955", "LAYER_2": "PADRONES_COMPUERTAS" }, "geometry": { "type": "MultiPolygon", "coordinates": [ [ [ [ -68.929514113859639, -33.009884734785167, 0.0 ], [ -68.929560131037022, -33.009662938713504, 0.0 ], [ -68.929606180215529, -33.009440982136631, 0.0 ], [ -68.929581589797564, -33.009411483482047, 0.0 ], [ -68.928123125655105, -33.009196864962561, 0.0 ], [ -68.928088007361893, -33.009217673437611, 0.0 ], [ -68.928042005861087, -33.00943963670035, 0.0 ], [ -68.927996040656694, -33.009661425034004, 0.0 ], [ -68.928020630615435, -33.009690923999102, 0.0 ], [ -68.928180619192389, -33.009714467825788, 0.0 ], [ -68.928370348660252, -33.009742388117616, 0.0 ], [ -68.928560077178034, -33.009770308120473, 0.0 ], [ -68.928749892490401, -33.009798239606269, 0.0 ], [ -68.928939622318595, -33.009826159032926, 0.0 ], [ -68.929129352266898, -33.009854078171216, 0.0 ], [ -68.929319186129774, -33.009882012408447, 0.0 ], [ -68.929479102636677, -33.009905543709785, 0.0 ], [ -68.929514113859639, -33.009884734785167, 0.0 ] ] ] ] } },
{ "type": "Feature", "properties": { "ccpp1": "1104 956", "LAYER_2": "PADRONES_COMPUERTAS" }, "geometry": { "type": "MultiPolygon", "coordinates": [ [ [ [ -68.928042230633551, -33.009439590844487, 0.0 ], [ -68.928232059022378, -33.009467477140589, 0.0 ], [ -68.928421772997737, -33.009495394641007, 0.0 ], [ -68.928611471042842, -33.009523309138928, 0.0 ], [ -68.928801290123275, -33.009551240549413, 0.0 ], [ -68.928990988409282, -33.009579153568957, 0.0 ], [ -68.929180686814604, -33.009607067201962, 0.0 ], [ -68.929370507325643, -33.009634997747547, 0.0 ], [ -68.929560240212979, -33.009662915331553, 0.0 ], [ -68.929606180215529, -33.009440982136631, 0.0 ], [ -68.929581580164623, -33.00941148527999, 0.0 ], [ -68.928123221985274, -33.009196846082865, 0.0 ], [ -68.928088117607146, -33.009217650959236, 0.0 ], [ -68.928042230633551, -33.009439590844487, 0.0 ] ] ] ] } },
{ "type": "Feature", "properties": { "ccpp1": "1104 956", "LAYER_2": "PADRONES_COMPUERTAS" }, "geometry": { "type": "MultiPolygon", "coordinates": [ [ [ [ -68.929514113859639, -33.009884734785167, 0.0 ], [ -68.929560131037022, -33.009662938713504, 0.0 ], [ -68.929606180215529, -33.009440982136631, 0.0 ], [ -68.929581589797564, -33.009411483482047, 0.0 ], [ -68.928123125655105, -33.009196864962561, 0.0 ], [ -68.928088007361893, -33.009217673437611, 0.0 ], [ -68.928042005861087, -33.00943963670035, 0.0 ], [ -68.927996040656694, -33.009661425034004, 0.0 ], [ -68.928020630615435, -33.009690923999102, 0.0 ], [ -68.928180619192389, -33.009714467825788, 0.0 ], [ -68.928370348660252, -33.009742388117616, 0.0 ], [ -68.928560077178034, -33.009770308120473, 0.0 ], [ -68.928749892490401, -33.009798239606269, 0.0 ], [ -68.928939622318595, -33.009826159032926, 0.0 ], [ -68.929129352266898, -33.009854078171216, 0.0 ], [ -68.929319186129774, -33.009882012408447, 0.0 ], [ -68.929479102636677, -33.009905543709785, 0.0 ], [ -68.929514113859639, -33.009884734785167, 0.0 ] ] ] ] } },
{ "type": "Feature", "properties": { "ccpp1": "1104 957", "LAYER_2": "PADRONES_COMPUERTAS" }, "geometry": { "type": "MultiPolygon", "coordinates": [ [ [ [ -68.928042230633551, -33.009439590844487, 0.0 ], [ -68.928232059022378, -33.009467477140589, 0.0 ], [ -68.928421772997737, -33.009495394641007, 0.0 ], [ -68.928611471042842, -33.009523309138928, 0.0 ], [ -68.928801290123275, -33.009551240549413, 0.0 ], [ -68.928990988409282, -33.009579153568957, 0.0 ], [ -68.929180686814604, -33.009607067201962, 0.0 ], [ -68.929370507325643, -33.009634997747547, 0.0 ], [ -68.929560240212979, -33.009662915331553, 0.0 ], [ -68.929606180215529, -33.009440982136631, 0.0 ], [ -68.929581580164623, -33.00941148527999, 0.0 ], [ -68.928123221985274, -33.009196846082865, 0.0 ], [ -68.928088117607146, -33.009217650959236, 0.0 ], [ -68.928042230633551, -33.009439590844487, 0.0 ] ] ] ] } },
{ "type": "Feature", "properties": { "ccpp1": "1104 957", "LAYER_2": "PADRONES_COMPUERTAS" }, "geometry": { "type": "MultiPolygon", "coordinates": [ [ [ [ -68.929514113859639, -33.009884734785167, 0.0 ], [ -68.929560131037022, -33.009662938713504, 0.0 ], [ -68.929606180215529, -33.009440982136631, 0.0 ], [ -68.929581589797564, -33.009411483482047, 0.0 ], [ -68.928123125655105, -33.009196864962561, 0.0 ], [ -68.928088007361893, -33.009217673437611, 0.0 ], [ -68.928042005861087, -33.00943963670035, 0.0 ], [ -68.927996040656694, -33.009661425034004, 0.0 ], [ -68.928020630615435, -33.009690923999102, 0.0 ], [ -68.928180619192389, -33.009714467825788, 0.0 ], [ -68.928370348660252, -33.009742388117616, 0.0 ], [ -68.928560077178034, -33.009770308120473, 0.0 ], [ -68.928749892490401, -33.009798239606269, 0.0 ], [ -68.928939622318595, -33.009826159032926, 0.0 ], [ -68.929129352266898, -33.009854078171216, 0.0 ], [ -68.929319186129774, -33.009882012408447, 0.0 ], [ -68.929479102636677, -33.009905543709785, 0.0 ], [ -68.929514113859639, -33.009884734785167, 0.0 ] ] ] ] } },
{ "type": "Feature", "properties": { "ccpp1": "1104 958", "LAYER_2": "PADRONES_COMPUERTAS" }, "geometry": { "type": "MultiPolygon", "coordinates": [ [ [ [ -68.928042230633551, -33.009439590844487, 0.0 ], [ -68.928232059022378, -33.009467477140589, 0.0 ], [ -68.928421772997737, -33.009495394641007, 0.0 ], [ -68.928611471042842, -33.009523309138928, 0.0 ], [ -68.928801290123275, -33.009551240549413, 0.0 ], [ -68.928990988409282, -33.009579153568957, 0.0 ], [ -68.929180686814604, -33.009607067201962, 0.0 ], [ -68.929370507325643, -33.009634997747547, 0.0 ], [ -68.929560240212979, -33.009662915331553, 0.0 ], [ -68.929606180215529, -33.009440982136631, 0.0 ], [ -68.929581580164623, -33.00941148527999, 0.0 ], [ -68.928123221985274, -33.009196846082865, 0.0 ], [ -68.928088117607146, -33.009217650959236, 0.0 ], [ -68.928042230633551, -33.009439590844487, 0.0 ] ] ] ] } },
{ "type": "Feature", "properties": { "ccpp1": "1104 958", "LAYER_2": "PADRONES_COMPUERTAS" }, "geometry": { "type": "MultiPolygon", "coordinates": [ [ [ [ -68.929514113859639, -33.009884734785167, 0.0 ], [ -68.929560131037022, -33.009662938713504, 0.0 ], [ -68.929606180215529, -33.009440982136631, 0.0 ], [ -68.929581589797564, -33.009411483482047, 0.0 ], [ -68.928123125655105, -33.009196864962561, 0.0 ], [ -68.928088007361893, -33.009217673437611, 0.0 ], [ -68.928042005861087, -33.00943963670035, 0.0 ], [ -68.927996040656694, -33.009661425034004, 0.0 ], [ -68.928020630615435, -33.009690923999102, 0.0 ], [ -68.928180619192389, -33.009714467825788, 0.0 ], [ -68.928370348660252, -33.009742388117616, 0.0 ], [ -68.928560077178034, -33.009770308120473, 0.0 ], [ -68.928749892490401, -33.009798239606269, 0.0 ], [ -68.928939622318595, -33.009826159032926, 0.0 ], [ -68.929129352266898, -33.009854078171216, 0.0 ], [ -68.929319186129774, -33.009882012408447, 0.0 ], [ -68.929479102636677, -33.009905543709785, 0.0 ], [ -68.929514113859639, -33.009884734785167, 0.0 ] ] ] ] } },
{ "type": "Feature", "properties": { "ccpp1": "1104 959", "LAYER_2": "PADRONES_COMPUERTAS" }, "geometry": { "type": "MultiPolygon", "coordinates": [ [ [ [ -68.928042230633551, -33.009439590844487, 0.0 ], [ -68.928232059022378, -33.009467477140589, 0.0 ], [ -68.928421772997737, -33.009495394641007, 0.0 ], [ -68.928611471042842, -33.009523309138928, 0.0 ], [ -68.928801290123275, -33.009551240549413, 0.0 ], [ -68.928990988409282, -33.009579153568957, 0.0 ], [ -68.929180686814604, -33.009607067201962, 0.0 ], [ -68.929370507325643, -33.009634997747547, 0.0 ], [ -68.929560240212979, -33.009662915331553, 0.0 ], [ -68.929606180215529, -33.009440982136631, 0.0 ], [ -68.929581580164623, -33.00941148527999, 0.0 ], [ -68.928123221985274, -33.009196846082865, 0.0 ], [ -68.928088117607146, -33.009217650959236, 0.0 ], [ -68.928042230633551, -33.009439590844487, 0.0 ] ] ] ] } },
{ "type": "Feature", "properties": { "ccpp1": "1104 959", "LAYER_2": "PADRONES_COMPUERTAS" }, "geometry": { "type": "MultiPolygon", "coordinates": [ [ [ [ -68.929514113859639, -33.009884734785167, 0.0 ], [ -68.929560131037022, -33.009662938713504, 0.0 ], [ -68.929606180215529, -33.009440982136631, 0.0 ], [ -68.929581589797564, -33.009411483482047, 0.0 ], [ -68.928123125655105, -33.009196864962561, 0.0 ], [ -68.928088007361893, -33.009217673437611, 0.0 ], [ -68.928042005861087, -33.00943963670035, 0.0 ], [ -68.927996040656694, -33.009661425034004, 0.0 ], [ -68.928020630615435, -33.009690923999102, 0.0 ], [ -68.928180619192389, -33.009714467825788, 0.0 ], [ -68.928370348660252, -33.009742388117616, 0.0 ], [ -68.928560077178034, -33.009770308120473, 0.0 ], [ -68.928749892490401, -33.009798239606269, 0.0 ], [ -68.928939622318595, -33.009826159032926, 0.0 ], [ -68.929129352266898, -33.009854078171216, 0.0 ], [ -68.929319186129774, -33.009882012408447, 0.0 ], [ -68.929479102636677, -33.009905543709785, 0.0 ], [ -68.929514113859639, -33.009884734785167, 0.0 ] ] ] ] } },
{ "type": "Feature", "properties": { "ccpp1": "1104 960", "LAYER_2": "PADRONES_COMPUERTAS" }, "geometry": { "type": "MultiPolygon", "coordinates": [ [ [ [ -68.928042230633551, -33.009439590844487, 0.0 ], [ -68.928232059022378, -33.009467477140589, 0.0 ], [ -68.928421772997737, -33.009495394641007, 0.0 ], [ -68.928611471042842, -33.009523309138928, 0.0 ], [ -68.928801290123275, -33.009551240549413, 0.0 ], [ -68.928990988409282, -33.009579153568957, 0.0 ], [ -68.929180686814604, -33.009607067201962, 0.0 ], [ -68.929370507325643, -33.009634997747547, 0.0 ], [ -68.929560240212979, -33.009662915331553, 0.0 ], [ -68.929606180215529, -33.009440982136631, 0.0 ], [ -68.929581580164623, -33.00941148527999, 0.0 ], [ -68.928123221985274, -33.009196846082865, 0.0 ], [ -68.928088117607146, -33.009217650959236, 0.0 ], [ -68.928042230633551, -33.009439590844487, 0.0 ] ] ] ] } },
{ "type": "Feature", "properties": { "ccpp1": "1104 960", "LAYER_2": "PADRONES_COMPUERTAS" }, "geometry": { "type": "MultiPolygon", "coordinates": [ [ [ [ -68.929514113859639, -33.009884734785167, 0.0 ], [ -68.929560131037022, -33.009662938713504, 0.0 ], [ -68.929606180215529, -33.009440982136631, 0.0 ], [ -68.929581589797564, -33.009411483482047, 0.0 ], [ -68.928123125655105, -33.009196864962561, 0.0 ], [ -68.928088007361893, -33.009217673437611, 0.0 ], [ -68.928042005861087, -33.00943963670035, 0.0 ], [ -68.927996040656694, -33.009661425034004, 0.0 ], [ -68.928020630615435, -33.009690923999102, 0.0 ], [ -68.928180619192389, -33.009714467825788, 0.0 ], [ -68.928370348660252, -33.009742388117616, 0.0 ], [ -68.928560077178034, -33.009770308120473, 0.0 ], [ -68.928749892490401, -33.009798239606269, 0.0 ], [ -68.928939622318595, -33.009826159032926, 0.0 ], [ -68.929129352266898, -33.009854078171216, 0.0 ], [ -68.929319186129774, -33.009882012408447, 0.0 ], [ -68.929479102636677, -33.009905543709785, 0.0 ], [ -68.929514113859639, -33.009884734785167, 0.0 ] ] ] ] } },
{ "type": "Feature", "properties": { "ccpp1": "1104 961", "LAYER_2": "PADRONES_COMPUERTAS" }, "geometry": { "type": "MultiPolygon", "coordinates": [ [ [ [ -68.928042230633551, -33.009439590844487, 0.0 ], [ -68.928232059022378, -33.009467477140589, 0.0 ], [ -68.928421772997737, -33.009495394641007, 0.0 ], [ -68.928611471042842, -33.009523309138928, 0.0 ], [ -68.928801290123275, -33.009551240549413, 0.0 ], [ -68.928990988409282, -33.009579153568957, 0.0 ], [ -68.929180686814604, -33.009607067201962, 0.0 ], [ -68.929370507325643, -33.009634997747547, 0.0 ], [ -68.929560240212979, -33.009662915331553, 0.0 ], [ -68.929606180215529, -33.009440982136631, 0.0 ], [ -68.929581580164623, -33.00941148527999, 0.0 ], [ -68.928123221985274, -33.009196846082865, 0.0 ], [ -68.928088117607146, -33.009217650959236, 0.0 ], [ -68.928042230633551, -33.009439590844487, 0.0 ] ] ] ] } },
{ "type": "Feature", "properties": { "ccpp1": "1104 961", "LAYER_2": "PADRONES_COMPUERTAS" }, "geometry": { "type": "MultiPolygon", "coordinates": [ [ [ [ -68.929514113859639, -33.009884734785167, 0.0 ], [ -68.929560131037022, -33.009662938713504, 0.0 ], [ -68.929606180215529, -33.009440982136631, 0.0 ], [ -68.929581589797564, -33.009411483482047, 0.0 ], [ -68.928123125655105, -33.009196864962561, 0.0 ], [ -68.928088007361893, -33.009217673437611, 0.0 ], [ -68.928042005861087, -33.00943963670035, 0.0 ], [ -68.927996040656694, -33.009661425034004, 0.0 ], [ -68.928020630615435, -33.009690923999102, 0.0 ], [ -68.928180619192389, -33.009714467825788, 0.0 ], [ -68.928370348660252, -33.009742388117616, 0.0 ], [ -68.928560077178034, -33.009770308120473, 0.0 ], [ -68.928749892490401, -33.009798239606269, 0.0 ], [ -68.928939622318595, -33.009826159032926, 0.0 ], [ -68.929129352266898, -33.009854078171216, 0.0 ], [ -68.929319186129774, -33.009882012408447, 0.0 ], [ -68.929479102636677, -33.009905543709785, 0.0 ], [ -68.929514113859639, -33.009884734785167, 0.0 ] ] ] ] } },
{ "type": "Feature", "properties": { "ccpp1": "1104 962", "LAYER_2": "PADRONES_COMPUERTAS" }, "geometry": { "type": "MultiPolygon", "coordinates": [ [ [ [ -68.928042230633551, -33.009439590844487, 0.0 ], [ -68.927996377817351, -33.009661354897801, 0.0 ], [ -68.928020978479367, -33.00969085206566, 0.0 ], [ -68.928175799990072, -33.009713758637936, 0.0 ], [ -68.928232059022378, -33.009467477140589, 0.0 ], [ -68.928042230633551, -33.009439590844487, 0.0 ] ] ] ] } },
{ "type": "Feature", "properties": { "ccpp1": "1104 962", "LAYER_2": "PADRONES_COMPUERTAS" }, "geometry": { "type": "MultiPolygon", "coordinates": [ [ [ [ -68.929514113859639, -33.009884734785167, 0.0 ], [ -68.929560131037022, -33.009662938713504, 0.0 ], [ -68.929606180215529, -33.009440982136631, 0.0 ], [ -68.929581589797564, -33.009411483482047, 0.0 ], [ -68.928123125655105, -33.009196864962561, 0.0 ], [ -68.928088007361893, -33.009217673437611, 0.0 ], [ -68.928042005861087, -33.00943963670035, 0.0 ], [ -68.927996040656694, -33.009661425034004, 0.0 ], [ -68.928020630615435, -33.009690923999102, 0.0 ], [ -68.928180619192389, -33.009714467825788, 0.0 ], [ -68.928370348660252, -33.009742388117616, 0.0 ], [ -68.928560077178034, -33.009770308120473, 0.0 ], [ -68.928749892490401, -33.009798239606269, 0.0 ], [ -68.928939622318595, -33.009826159032926, 0.0 ], [ -68.929129352266898, -33.009854078171216, 0.0 ], [ -68.929319186129774, -33.009882012408447, 0.0 ], [ -68.929479102636677, -33.009905543709785, 0.0 ], [ -68.929514113859639, -33.009884734785167, 0.0 ] ] ] ] } },
{ "type": "Feature", "properties": { "ccpp1": "1104 963", "LAYER_2": "PADRONES_COMPUERTAS" }, "geometry": { "type": "MultiPolygon", "coordinates": [ [ [ [ -68.929514113859639, -33.009884734785167, 0.0 ], [ -68.929560131037022, -33.009662938713504, 0.0 ], [ -68.929606180215529, -33.009440982136631, 0.0 ], [ -68.929581589797564, -33.009411483482047, 0.0 ], [ -68.928123125655105, -33.009196864962561, 0.0 ], [ -68.928088007361893, -33.009217673437611, 0.0 ], [ -68.928042005861087, -33.00943963670035, 0.0 ], [ -68.927996040656694, -33.009661425034004, 0.0 ], [ -68.928020630615435, -33.009690923999102, 0.0 ], [ -68.928180619192389, -33.009714467825788, 0.0 ], [ -68.928370348660252, -33.009742388117616, 0.0 ], [ -68.928560077178034, -33.009770308120473, 0.0 ], [ -68.928749892490401, -33.009798239606269, 0.0 ], [ -68.928939622318595, -33.009826159032926, 0.0 ], [ -68.929129352266898, -33.009854078171216, 0.0 ], [ -68.929319186129774, -33.009882012408447, 0.0 ], [ -68.929479102636677, -33.009905543709785, 0.0 ], [ -68.929514113859639, -33.009884734785167, 0.0 ] ] ] ] } },
{ "type": "Feature", "properties": { "ccpp1": "1104 964", "LAYER_2": "PADRONES_COMPUERTAS" }, "geometry": { "type": "MultiPolygon", "coordinates": [ [ [ [ -68.929514113859639, -33.009884734785167, 0.0 ], [ -68.929560131037022, -33.009662938713504, 0.0 ], [ -68.929606180215529, -33.009440982136631, 0.0 ], [ -68.929581589797564, -33.009411483482047, 0.0 ], [ -68.928123125655105, -33.009196864962561, 0.0 ], [ -68.928088007361893, -33.009217673437611, 0.0 ], [ -68.928042005861087, -33.00943963670035, 0.0 ], [ -68.927996040656694, -33.009661425034004, 0.0 ], [ -68.928020630615435, -33.009690923999102, 0.0 ], [ -68.928180619192389, -33.009714467825788, 0.0 ], [ -68.928370348660252, -33.009742388117616, 0.0 ], [ -68.928560077178034, -33.009770308120473, 0.0 ], [ -68.928749892490401, -33.009798239606269, 0.0 ], [ -68.928939622318595, -33.009826159032926, 0.0 ], [ -68.929129352266898, -33.009854078171216, 0.0 ], [ -68.929319186129774, -33.009882012408447, 0.0 ], [ -68.929479102636677, -33.009905543709785, 0.0 ], [ -68.929514113859639, -33.009884734785167, 0.0 ] ] ] ] } },
{ "type": "Feature", "properties": { "ccpp1": "1104 965", "LAYER_2": "PADRONES_COMPUERTAS" }, "geometry": { "type": "MultiPolygon", "coordinates": [ [ [ [ -68.929514113859639, -33.009884734785167, 0.0 ], [ -68.929560131037022, -33.009662938713504, 0.0 ], [ -68.929606180215529, -33.009440982136631, 0.0 ], [ -68.929581589797564, -33.009411483482047, 0.0 ], [ -68.928123125655105, -33.009196864962561, 0.0 ], [ -68.928088007361893, -33.009217673437611, 0.0 ], [ -68.928042005861087, -33.00943963670035, 0.0 ], [ -68.927996040656694, -33.009661425034004, 0.0 ], [ -68.928020630615435, -33.009690923999102, 0.0 ], [ -68.928180619192389, -33.009714467825788, 0.0 ], [ -68.928370348660252, -33.009742388117616, 0.0 ], [ -68.928560077178034, -33.009770308120473, 0.0 ], [ -68.928749892490401, -33.009798239606269, 0.0 ], [ -68.928939622318595, -33.009826159032926, 0.0 ], [ -68.929129352266898, -33.009854078171216, 0.0 ], [ -68.929319186129774, -33.009882012408447, 0.0 ], [ -68.929479102636677, -33.009905543709785, 0.0 ], [ -68.929514113859639, -33.009884734785167, 0.0 ] ] ] ] } },
{ "type": "Feature", "properties": { "ccpp1": "1104 966", "LAYER_2": "PADRONES_COMPUERTAS" }, "geometry": { "type": "MultiPolygon", "coordinates": [ [ [ [ -68.929514113859639, -33.009884734785167, 0.0 ], [ -68.929560131037022, -33.009662938713504, 0.0 ], [ -68.929606180215529, -33.009440982136631, 0.0 ], [ -68.929581589797564, -33.009411483482047, 0.0 ], [ -68.928123125655105, -33.009196864962561, 0.0 ], [ -68.928088007361893, -33.009217673437611, 0.0 ], [ -68.928042005861087, -33.00943963670035, 0.0 ], [ -68.927996040656694, -33.009661425034004, 0.0 ], [ -68.928020630615435, -33.009690923999102, 0.0 ], [ -68.928180619192389, -33.009714467825788, 0.0 ], [ -68.928370348660252, -33.009742388117616, 0.0 ], [ -68.928560077178034, -33.009770308120473, 0.0 ], [ -68.928749892490401, -33.009798239606269, 0.0 ], [ -68.928939622318595, -33.009826159032926, 0.0 ], [ -68.929129352266898, -33.009854078171216, 0.0 ], [ -68.929319186129774, -33.009882012408447, 0.0 ], [ -68.929479102636677, -33.009905543709785, 0.0 ], [ -68.929514113859639, -33.009884734785167, 0.0 ] ] ] ] } },
{ "type": "Feature", "properties": { "ccpp1": "1104 967", "LAYER_2": "PADRONES_COMPUERTAS" }, "geometry": { "type": "MultiPolygon", "coordinates": [ [ [ [ -68.929514113859639, -33.009884734785167, 0.0 ], [ -68.929560131037022, -33.009662938713504, 0.0 ], [ -68.929606180215529, -33.009440982136631, 0.0 ], [ -68.929581589797564, -33.009411483482047, 0.0 ], [ -68.928123125655105, -33.009196864962561, 0.0 ], [ -68.928088007361893, -33.009217673437611, 0.0 ], [ -68.928042005861087, -33.00943963670035, 0.0 ], [ -68.927996040656694, -33.009661425034004, 0.0 ], [ -68.928020630615435, -33.009690923999102, 0.0 ], [ -68.928180619192389, -33.009714467825788, 0.0 ], [ -68.928370348660252, -33.009742388117616, 0.0 ], [ -68.928560077178034, -33.009770308120473, 0.0 ], [ -68.928749892490401, -33.009798239606269, 0.0 ], [ -68.928939622318595, -33.009826159032926, 0.0 ], [ -68.929129352266898, -33.009854078171216, 0.0 ], [ -68.929319186129774, -33.009882012408447, 0.0 ], [ -68.929479102636677, -33.009905543709785, 0.0 ], [ -68.929514113859639, -33.009884734785167, 0.0 ] ] ] ] } },
{ "type": "Feature", "properties": { "ccpp1": "1104 968", "LAYER_2": "PADRONES_COMPUERTAS" }, "geometry": { "type": "MultiPolygon", "coordinates": [ [ [ [ -68.929514113859639, -33.009884734785167, 0.0 ], [ -68.929560131037022, -33.009662938713504, 0.0 ], [ -68.929606180215529, -33.009440982136631, 0.0 ], [ -68.929581589797564, -33.009411483482047, 0.0 ], [ -68.928123125655105, -33.009196864962561, 0.0 ], [ -68.928088007361893, -33.009217673437611, 0.0 ], [ -68.928042005861087, -33.00943963670035, 0.0 ], [ -68.927996040656694, -33.009661425034004, 0.0 ], [ -68.928020630615435, -33.009690923999102, 0.0 ], [ -68.928180619192389, -33.009714467825788, 0.0 ], [ -68.928370348660252, -33.009742388117616, 0.0 ], [ -68.928560077178034, -33.009770308120473, 0.0 ], [ -68.928749892490401, -33.009798239606269, 0.0 ], [ -68.928939622318595, -33.009826159032926, 0.0 ], [ -68.929129352266898, -33.009854078171216, 0.0 ], [ -68.929319186129774, -33.009882012408447, 0.0 ], [ -68.929479102636677, -33.009905543709785, 0.0 ], [ -68.929514113859639, -33.009884734785167, 0.0 ] ] ] ] } },
{ "type": "Feature", "properties": { "ccpp1": "1104 969", "LAYER_2": "PADRONES_COMPUERTAS" }, "geometry": { "type": "MultiPolygon", "coordinates": [ [ [ [ -68.929514113859639, -33.009884734785167, 0.0 ], [ -68.929560131037022, -33.009662938713504, 0.0 ], [ -68.929606180215529, -33.009440982136631, 0.0 ], [ -68.929581589797564, -33.009411483482047, 0.0 ], [ -68.928123125655105, -33.009196864962561, 0.0 ], [ -68.928088007361893, -33.009217673437611, 0.0 ], [ -68.928042005861087, -33.00943963670035, 0.0 ], [ -68.927996040656694, -33.009661425034004, 0.0 ], [ -68.928020630615435, -33.009690923999102, 0.0 ], [ -68.928180619192389, -33.009714467825788, 0.0 ], [ -68.928370348660252, -33.009742388117616, 0.0 ], [ -68.928560077178034, -33.009770308120473, 0.0 ], [ -68.928749892490401, -33.009798239606269, 0.0 ], [ -68.928939622318595, -33.009826159032926, 0.0 ], [ -68.929129352266898, -33.009854078171216, 0.0 ], [ -68.929319186129774, -33.009882012408447, 0.0 ], [ -68.929479102636677, -33.009905543709785, 0.0 ], [ -68.929514113859639, -33.009884734785167, 0.0 ] ] ] ] } },
{ "type": "Feature", "properties": { "ccpp1": "1104 998", "LAYER_2": "PADRONES_COMPUERTAS" }, "geometry": { "type": "MultiPolygon", "coordinates": [ [ [ [ -68.929714468378691, -33.02546378450625, 0.0 ], [ -68.929818787941144, -33.026763264580417, 0.0 ], [ -68.929820192913226, -33.026766512294543, 0.0 ], [ -68.92987952325231, -33.026752483156031, 0.0 ], [ -68.929939343896322, -33.026738338850421, 0.0 ], [ -68.931724186512824, -33.026316291145193, 0.0 ], [ -68.931856859679513, -33.02628491781735, 0.0 ], [ -68.932057764154038, -33.026237409108262, 0.0 ], [ -68.933021170608399, -33.026009584826198, 0.0 ], [ -68.934268362921657, -33.025714638984873, 0.0 ], [ -68.934575472030886, -33.025642010104043, 0.0 ], [ -68.93700338914195, -33.02506778810551, 0.0 ], [ -68.937501531725331, -33.024949966272665, 0.0 ], [ -68.936441921397559, -33.022683465591605, 0.0 ], [ -68.936419420825516, -33.022634458093606, 0.0 ], [ -68.936111913736241, -33.022714861897775, 0.0 ], [ -68.935930321404285, -33.022762342375785, 0.0 ], [ -68.935710520928694, -33.022819812616206, 0.0 ], [ -68.936207545089019, -33.023949821158631, 0.0 ], [ -68.933187281184431, -33.024656147470857, 0.0 ], [ -68.93003677911932, -33.025390459487291, 0.0 ], [ -68.929714468378691, -33.02546378450625, 0.0 ] ] ] ] } },
{ "type": "Feature", "properties": { "ccpp1": "1104 997", "LAYER_2": "PADRONES_COMPUERTAS" }, "geometry": { "type": "MultiPolygon", "coordinates": [ [ [ [ -68.929309328525918, -33.021315339587325, 0.0 ], [ -68.929477215431575, -33.022905834230649, 0.0 ], [ -68.929563627717741, -33.023783038089448, 0.0 ], [ -68.929714468378691, -33.02546378450625, 0.0 ], [ -68.93003677911932, -33.025390459487291, 0.0 ], [ -68.933187281184431, -33.024656147470857, 0.0 ], [ -68.936207545089019, -33.023949821158631, 0.0 ], [ -68.935710520928694, -33.022819812616206, 0.0 ], [ -68.935930321404285, -33.022762342375785, 0.0 ], [ -68.936111913736241, -33.022714861897775, 0.0 ], [ -68.936419420825516, -33.022634458093606, 0.0 ], [ -68.935787058641978, -33.02125703888268, 0.0 ], [ -68.93532879576091, -33.020255493527898, 0.0 ], [ -68.935299674831214, -33.020193641949561, 0.0 ], [ -68.929309328525918, -33.021315339587325, 0.0 ] ] ] ] } },
{ "type": "Feature", "properties": { "ccpp1": "1104 1000", "LAYER_2": "PADRONES_COMPUERTAS" }, "geometry": { "type": "MultiPolygon", "coordinates": [ [ [ [ -68.934642246715498, -33.018797268536503, 0.0 ], [ -68.934618457370419, -33.018746739214514, 0.0 ], [ -68.934190964528426, -33.017881477236884, 0.0 ], [ -68.934068296375969, -33.017868870208872, 0.0 ], [ -68.933958765880206, -33.017857613507125, 0.0 ], [ -68.933830589519943, -33.017857363480537, 0.0 ], [ -68.933687508012667, -33.017889335747675, 0.0 ], [ -68.933565613241043, -33.017911627034046, 0.0 ], [ -68.933471095366386, -33.017891910272255, 0.0 ], [ -68.93331863183468, -33.017792873774475, 0.0 ], [ -68.933038127946986, -33.017503104036308, 0.0 ], [ -68.932879589471, -33.017370441206438, 0.0 ], [ -68.932812467092162, -33.017361612865891, 0.0 ], [ -68.932819226038404, -33.01752783834678, 0.0 ], [ -68.93283981720252, -33.018034210718831, 0.0 ], [ -68.931834908526582, -33.018062903616197, 0.0 ], [ -68.931813006192101, -33.017633631628662, 0.0 ], [ -68.931800540516832, -33.017389317089041, 0.0 ], [ -68.931435862853817, -33.017425587305745, 0.0 ], [ -68.930444615140885, -33.017469191113904, 0.0 ], [ -68.929980609993237, -33.017301807251002, 0.0 ], [ -68.929980470995261, -33.017301634953263, 0.0 ], [ -68.929889660122271, -33.017277480419118, 0.0 ], [ -68.92980097705933, -33.017224862963076, 0.0 ], [ -68.92969317772544, -33.017120208072079, 0.0 ], [ -68.929566807782336, -33.016966745799465, 0.0 ], [ -68.929498707661153, -33.017393846674025, 0.0 ], [ -68.929523848736338, -33.017406574479324, 0.0 ], [ -68.929604154449734, -33.017496065881204, 0.0 ], [ -68.9295876128663, -33.017562845361802, 0.0 ], [ -68.929488369054297, -33.01798260702175, 0.0 ], [ -68.92937187276101, -33.018478579124306, 0.0 ], [ -68.929287268448533, -33.018836544501589, 0.0 ], [ -68.929203377601965, -33.019191491400704, 0.0 ], [ -68.929124443321797, -33.019525462692407, 0.0 ], [ -68.929166017008342, -33.01995761724173, 0.0 ], [ -68.934642246715498, -33.018797268536503, 0.0 ] ] ] ] } },
{ "type": "Feature", "properties": { "ccpp1": "1104 746", "LAYER_2": "PADRONES_COMPUERTAS" }, "geometry": { "type": "MultiPolygon", "coordinates": [ [ [ [ -68.935569368002945, -33.037535897472999, 0.0 ], [ -68.935659675735863, -33.037732150462396, 0.0 ], [ -68.935826036981723, -33.037710351673283, 0.0 ], [ -68.936333396042059, -33.037643869879886, 0.0 ], [ -68.93684139670934, -33.037577300688142, 0.0 ], [ -68.937917481308261, -33.037436283757984, 0.0 ], [ -68.937850815262195, -33.037296396827927, 0.0 ], [ -68.937601186372078, -33.036772585974404, 0.0 ], [ -68.936982713500981, -33.036849277361064, 0.0 ], [ -68.937016385190162, -33.036937152392142, 0.0 ], [ -68.935381249516368, -33.037127255591756, 0.0 ], [ -68.935478190655317, -33.037337755862801, 0.0 ], [ -68.935569368002945, -33.037535897472999, 0.0 ] ] ] ] } },
{ "type": "Feature", "properties": { "ccpp1": "1104 1007", "LAYER_2": "PADRONES_COMPUERTAS" }, "geometry": { "type": "MultiPolygon", "coordinates": [ [ [ [ -68.944160647604733, -33.032378318754759, 0.0 ], [ -68.944855578927104, -33.032280644039616, 0.0 ], [ -68.944812861821035, -33.032197080663821, 0.0 ], [ -68.944913667314054, -33.032183097044928, 0.0 ], [ -68.944832535500623, -33.032025699624157, 0.0 ], [ -68.944037368798632, -33.032137158241589, 0.0 ], [ -68.944160647604733, -33.032378318754759, 0.0 ] ] ] ] } },
{ "type": "Feature", "properties": { "ccpp1": "1104 1006", "LAYER_2": "PADRONES_COMPUERTAS" }, "geometry": { "type": "MultiPolygon", "coordinates": [ [ [ [ -68.94392137212931, -33.031910242821773, 0.0 ], [ -68.944037368326519, -33.032137158307762, 0.0 ], [ -68.944832535500623, -33.032025699624157, 0.0 ], [ -68.944754040212928, -33.031873416585285, 0.0 ], [ -68.944715635745524, -33.031798910594333, 0.0 ], [ -68.94392137212931, -33.031910242821773, 0.0 ] ] ] ] } },
{ "type": "Feature", "properties": { "ccpp1": "1104 1005", "LAYER_2": "PADRONES_COMPUERTAS" }, "geometry": { "type": "MultiPolygon", "coordinates": [ [ [ [ -68.943805163638501, -33.031682909856691, 0.0 ], [ -68.943921372731864, -33.031910242737283, 0.0 ], [ -68.944715635521618, -33.031798910625724, 0.0 ], [ -68.944602430595651, -33.031579288052384, 0.0 ], [ -68.943805163638501, -33.031682909856691, 0.0 ] ] ] ] } },
{ "type": "Feature", "properties": { "ccpp1": "1104 1004", "LAYER_2": "PADRONES_COMPUERTAS" }, "geometry": { "type": "MultiPolygon", "coordinates": [ [ [ [ -68.944602654119947, -33.031579721699678, 0.0 ], [ -68.944715635521618, -33.031798910625724, 0.0 ], [ -68.944754040212928, -33.031873416585285, 0.0 ], [ -68.945367272238087, -33.031788347061791, 0.0 ], [ -68.945218782993422, -33.03150027586905, 0.0 ], [ -68.944602654119947, -33.031579721699678, 0.0 ] ] ] ] } },
{ "type": "Feature", "properties": { "ccpp1": "1104 1008", "LAYER_2": "PADRONES_COMPUERTAS" }, "geometry": { "type": "MultiPolygon", "coordinates": [ [ [ [ -68.944754040238138, -33.031873416581796, 0.0 ], [ -68.944832535500623, -33.032025699624157, 0.0 ], [ -68.944913223317982, -33.032182235684893, 0.0 ], [ -68.945526905405629, -33.032098026476149, 0.0 ], [ -68.945476456056383, -33.03200016320374, 0.0 ], [ -68.945367272238087, -33.031788347061791, 0.0 ], [ -68.944754040238138, -33.031873416581796, 0.0 ] ] ] ] } },
{ "type": "Feature", "properties": { "ccpp1": "1104 718", "LAYER_2": "PADRONES_COMPUERTAS" }, "geometry": { "type": "MultiPolygon", "coordinates": [ [ [ [ -68.957169683650889, -33.041632820742286, 0.0 ], [ -68.957311756718724, -33.041889240610928, 0.0 ], [ -68.958012970826843, -33.041838778511909, 0.0 ], [ -68.958065453786631, -33.041784876245188, 0.0 ], [ -68.957945888123461, -33.041571443863475, 0.0 ], [ -68.957169683650889, -33.041632820742286, 0.0 ] ] ] ] } },
{ "type": "Feature", "properties": { "ccpp1": "1104 721", "LAYER_2": "PADRONES_COMPUERTAS" }, "geometry": { "type": "MultiPolygon", "coordinates": [ [ [ [ -68.958202454011129, -33.041851195026041, 0.0 ], [ -68.958147603326992, -33.041931605678677, 0.0 ], [ -68.958264565136588, -33.042143075850134, 0.0 ], [ -68.958990356035059, -33.042098352007677, 0.0 ], [ -68.958828013812223, -33.04180597685032, 0.0 ], [ -68.958202454011129, -33.041851195026041, 0.0 ] ] ] ] } },
{ "type": "Feature", "properties": { "ccpp1": "1104 720", "LAYER_2": "PADRONES_COMPUERTAS" }, "geometry": { "type": "MultiPolygon", "coordinates": [ [ [ [ -68.957340290624643, -33.041937553779711, 0.0 ], [ -68.957479209857652, -33.042191465722318, 0.0 ], [ -68.957486850698047, -33.04219099494901, 0.0 ], [ -68.958264565136588, -33.042143075850134, 0.0 ], [ -68.958147603326992, -33.041931605678677, 0.0 ], [ -68.958072234711153, -33.041934014884546, 0.0 ], [ -68.958017871149025, -33.041889904898689, 0.0 ], [ -68.957340290624643, -33.041937553779711, 0.0 ] ] ] ] } },
{ "type": "Feature", "properties": { "ccpp1": "1104 1129", "LAYER_2": "PADRONES_COMPUERTAS" }, "geometry": { "type": "MultiPolygon", "coordinates": [ [ [ [ -68.945978085646004, -33.034458308317831, 0.0 ], [ -68.946148401331186, -33.034777561549575, 0.0 ], [ -68.946857007726138, -33.034678320788544, 0.0 ], [ -68.946692024891476, -33.034358243972264, 0.0 ], [ -68.945978085646004, -33.034458308317831, 0.0 ] ] ] ] } },
{ "type": "Feature", "properties": { "ccpp1": "1104 1128", "LAYER_2": "PADRONES_COMPUERTAS" }, "geometry": { "type": "MultiPolygon", "coordinates": [ [ [ [ -68.945807096814917, -33.034139120268172, 0.0 ], [ -68.945978085646004, -33.034458308317831, 0.0 ], [ -68.946692024891476, -33.034358243972264, 0.0 ], [ -68.946527046441432, -33.034038173117295, 0.0 ], [ -68.945807096814917, -33.034139120268172, 0.0 ] ] ] ] } },
{ "type": "Feature", "properties": { "ccpp1": "1104 706", "LAYER_2": "PADRONES_COMPUERTAS" }, "geometry": { "type": "MultiPolygon", "coordinates": [ [ [ [ -68.945116685251946, -33.034248461806712, 0.0 ], [ -68.945274281581533, -33.03455681263798, 0.0 ], [ -68.945978328396691, -33.034458761463284, 0.0 ], [ -68.945807096814917, -33.034139120268172, 0.0 ], [ -68.945109293003583, -33.034234002049601, 0.0 ], [ -68.945116685251946, -33.034248461806712, 0.0 ] ] ] ] } },
{ "type": "Feature", "properties": { "ccpp1": "1104 707", "LAYER_2": "PADRONES_COMPUERTAS" }, "geometry": { "type": "MultiPolygon", "coordinates": [ [ [ [ -68.945274281581533, -33.03455681263798, 0.0 ], [ -68.945337467238687, -33.034681621798555, 0.0 ], [ -68.945449856707413, -33.0348753600083, 0.0 ], [ -68.946148401331186, -33.034777561549575, 0.0 ], [ -68.945978328396691, -33.034458761463284, 0.0 ], [ -68.945274281581533, -33.03455681263798, 0.0 ] ] ] ] } },
{ "type": "Feature", "properties": { "ccpp1": "1104 634", "LAYER_2": "PADRONES_COMPUERTAS" }, "geometry": { "type": "MultiPolygon", "coordinates": [ [ [ [ -68.945156077030461, -33.032868379975589, 0.0 ], [ -68.945319231730565, -33.033185930314779, 0.0 ], [ -68.945482387544189, -33.033503570592856, 0.0 ], [ -68.94619965595183, -33.033403074982331, 0.0 ], [ -68.945872270153984, -33.032767975928458, 0.0 ], [ -68.945156077030461, -33.032868379975589, 0.0 ] ] ] ] } },
{ "type": "Feature", "properties": { "ccpp1": "1104 791", "LAYER_2": "PADRONES_COMPUERTAS" }, "geometry": { "type": "MultiPolygon", "coordinates": [ [ [ [ -68.944460972058209, -33.032965813779562, 0.0 ], [ -68.944623375010977, -33.033283545022044, 0.0 ], [ -68.945319231730565, -33.033185930314779, 0.0 ], [ -68.945156077030461, -33.032868379975589, 0.0 ], [ -68.944460972058209, -33.032965813779562, 0.0 ] ] ] ] } },
{ "type": "Feature", "properties": { "ccpp1": "1104 927", "LAYER_2": "PADRONES_COMPUERTAS" }, "geometry": { "type": "MultiPolygon", "coordinates": [ [ [ [ -68.944785758855133, -33.033601170533586, 0.0 ], [ -68.945482387544189, -33.033503570592856, 0.0 ], [ -68.945319231730565, -33.033185930314779, 0.0 ], [ -68.944623375010977, -33.033283545022044, 0.0 ], [ -68.944785758855133, -33.033601170533586, 0.0 ] ] ] ] } },
{ "type": "Feature", "properties": { "ccpp1": "1104 972", "LAYER_2": "PADRONES_COMPUERTAS" }, "geometry": { "type": "MultiPolygon", "coordinates": [ [ [ [ -68.944253698794356, -33.03256034760814, 0.0 ], [ -68.944346836283231, -33.032742542278982, 0.0 ], [ -68.945041897876024, -33.032645114497242, 0.0 ], [ -68.944948759058207, -33.032462920340961, 0.0 ], [ -68.944253698794356, -33.03256034760814, 0.0 ] ] ] ] } },
{ "type": "Feature", "properties": { "ccpp1": "1104 973", "LAYER_2": "PADRONES_COMPUERTAS" }, "geometry": { "type": "MultiPolygon", "coordinates": [ [ [ [ -68.944346836283231, -33.032742542278982, 0.0 ], [ -68.944460972058209, -33.032965813779562, 0.0 ], [ -68.945156035368115, -33.032868385815583, 0.0 ], [ -68.945041897876024, -33.032645114497242, 0.0 ], [ -68.944346836283231, -33.032742542278982, 0.0 ] ] ] ] } },
{ "type": "Feature", "properties": { "ccpp1": "1104 971", "LAYER_2": "PADRONES_COMPUERTAS" }, "geometry": { "type": "MultiPolygon", "coordinates": [ [ [ [ -68.944160647604733, -33.032378318754759, 0.0 ], [ -68.944253698794356, -33.03256034760814, 0.0 ], [ -68.944948759058207, -33.032462920340961, 0.0 ], [ -68.944855578927104, -33.032280644039616, 0.0 ], [ -68.944160647604733, -33.032378318754759, 0.0 ] ] ] ] } },
{ "type": "Feature", "properties": { "ccpp1": "1104 1012", "LAYER_2": "PADRONES_COMPUERTAS" }, "geometry": { "type": "MultiPolygon", "coordinates": [ [ [ [ -68.920110139678982, -33.007883822546496, 0.0 ], [ -68.920241002984383, -33.00795500154053, 0.0 ], [ -68.920544273579281, -33.008119956306409, 0.0 ], [ -68.921110295927704, -33.008526476822404, 0.0 ], [ -68.921659584589662, -33.009035614615314, 0.0 ], [ -68.92202228588701, -33.009226346460032, 0.0 ], [ -68.922293188343431, -33.009373638061966, 0.0 ], [ -68.92267269882737, -33.009539670730788, 0.0 ], [ -68.923324438396179, -33.009926473988564, 0.0 ], [ -68.924150808077258, -33.010355527965423, 0.0 ], [ -68.924555783175407, -33.010464674113521, 0.0 ], [ -68.925804353054517, -33.010667463572538, 0.0 ], [ -68.925841825755072, -33.010673549606295, 0.0 ], [ -68.926151827045032, -33.009391502486217, 0.0 ], [ -68.926289525186164, -33.008771706383342, 0.0 ], [ -68.922391347698564, -33.008175341496241, 0.0 ], [ -68.921849761664546, -33.008068636553354, 0.0 ], [ -68.921347678294353, -33.007949890639381, 0.0 ], [ -68.920278242962439, -33.007548344414957, 0.0 ], [ -68.920229455169704, -33.00763619685921, 0.0 ], [ -68.920124235293514, -33.007854569491187, 0.0 ], [ -68.920110139678982, -33.007883822546496, 0.0 ] ] ] ] } },
{ "type": "Feature", "properties": { "ccpp1": "1104 806", "LAYER_2": "PADRONES_COMPUERTAS" }, "geometry": { "type": "MultiPolygon", "coordinates": [ [ [ [ -68.960472907842657, -33.035913189672378, 0.0 ], [ -68.960731894400979, -33.036453306068431, 0.0 ], [ -68.961482257601915, -33.036354670761732, 0.0 ], [ -68.961242596991767, -33.035813503354589, 0.0 ], [ -68.960472907842657, -33.035913189672378, 0.0 ] ] ] ] } },
{ "type": "Feature", "properties": { "ccpp1": "1104 860", "LAYER_2": "PADRONES_COMPUERTAS" }, "geometry": { "type": "MultiPolygon", "coordinates": [ [ [ [ -68.960071716910832, -33.035965147904541, 0.0 ], [ -68.960337164854508, -33.036505191441492, 0.0 ], [ -68.960731894400979, -33.036453306068431, 0.0 ], [ -68.960472907842657, -33.035913189672378, 0.0 ], [ -68.960071716910832, -33.035965147904541, 0.0 ] ] ] ] } },
{ "type": "Feature", "properties": { "ccpp1": "1104 861", "LAYER_2": "PADRONES_COMPUERTAS" }, "geometry": { "type": "MultiPolygon", "coordinates": [ [ [ [ -68.959945947473742, -33.035981435967869, 0.0 ], [ -68.959670167957427, -33.036017123665459, 0.0 ], [ -68.959933966721437, -33.036558189115581, 0.0 ], [ -68.960337164854508, -33.036505191441492, 0.0 ], [ -68.960071716910832, -33.035965147904541, 0.0 ], [ -68.959945947473742, -33.035981435967869, 0.0 ] ] ] ] } },
{ "type": "Feature", "properties": { "ccpp1": "1104 862", "LAYER_2": "PADRONES_COMPUERTAS" }, "geometry": { "type": "MultiPolygon", "coordinates": [ [ [ [ -68.959265504298941, -33.036069489343902, 0.0 ], [ -68.959515063983105, -33.036575948474216, 0.0 ], [ -68.959532474580982, -33.036610960621495, 0.0 ], [ -68.959933966721437, -33.036558189115581, 0.0 ], [ -68.959670167957427, -33.036017123665459, 0.0 ], [ -68.959265504298941, -33.036069489343902, 0.0 ] ] ] ] } },
{ "type": "Feature", "properties": { "ccpp1": "1104 935", "LAYER_2": "PADRONES_COMPUERTAS" }, "geometry": { "type": "MultiPolygon", "coordinates": [ [ [ [ -68.960084011235807, -33.033197387816415, 0.0 ], [ -68.960656986116931, -33.03449119865526, 0.0 ], [ -68.961357544585312, -33.034394037007218, 0.0 ], [ -68.961370054362746, -33.034427763411806, 0.0 ], [ -68.96205925874763, -33.034344209553574, 0.0 ], [ -68.962133767389673, -33.034334854798381, 0.0 ], [ -68.96323983300617, -33.034197139571432, 0.0 ], [ -68.962625218703963, -33.032815685515253, 0.0 ], [ -68.961463918061426, -33.032990166509705, 0.0 ], [ -68.960084011235807, -33.033197387816415, 0.0 ] ] ] ] } },
{ "type": "Feature", "properties": { "ccpp1": "1104 936", "LAYER_2": "PADRONES_COMPUERTAS" }, "geometry": { "type": "MultiPolygon", "coordinates": [ [ [ [ -68.957920361198575, -33.034871081818942, 0.0 ], [ -68.958653677035898, -33.036150949804821, 0.0 ], [ -68.959265504298941, -33.036069489343902, 0.0 ], [ -68.959670167957427, -33.036017123665459, 0.0 ], [ -68.959945947473742, -33.035981435967869, 0.0 ], [ -68.960071716910832, -33.035965147904541, 0.0 ], [ -68.960472907842657, -33.035913189672378, 0.0 ], [ -68.961242596991767, -33.035813503354589, 0.0 ], [ -68.961237570679472, -33.035802140729182, 0.0 ], [ -68.961946156870439, -33.035729774268169, 0.0 ], [ -68.96159089517576, -33.034914644254442, 0.0 ], [ -68.961370054362746, -33.034427763411806, 0.0 ], [ -68.961357544585312, -33.034394037007218, 0.0 ], [ -68.960656986116931, -33.03449119865526, 0.0 ], [ -68.959211544092, -33.034691807366855, 0.0 ], [ -68.957920361198575, -33.034871081818942, 0.0 ] ] ] ] } },
{ "type": "Feature", "properties": { "ccpp1": "1104 1016", "LAYER_2": "PADRONES_COMPUERTAS" }, "geometry": { "type": "MultiPolygon", "coordinates": [ [ [ [ -68.938179997592044, -33.036700810254047, 0.0 ], [ -68.937952533725337, -33.036210665687094, 0.0 ], [ -68.93772497160262, -33.036266224124461, 0.0 ], [ -68.937709984526748, -33.036232053812455, 0.0 ], [ -68.937536223603374, -33.036274476556365, 0.0 ], [ -68.937746775987549, -33.036754532501824, 0.0 ], [ -68.938179997592044, -33.036700810254047, 0.0 ] ] ] ] } },
{ "type": "Feature", "properties": { "ccpp1": "1104 1016", "LAYER_2": "PADRONES_COMPUERTAS" }, "geometry": { "type": "MultiPolygon", "coordinates": [ [ [ [ -68.937329194127813, -33.036346279126462, 0.0 ], [ -68.937520555815638, -33.036782583933828, 0.0 ], [ -68.937601186372078, -33.036772585974404, 0.0 ], [ -68.938016357333282, -33.036721102788135, 0.0 ], [ -68.938343637776129, -33.036680517505189, 0.0 ], [ -68.938583449694235, -33.036650778876947, 0.0 ], [ -68.93804017108549, -33.035504941171375, 0.0 ], [ -68.937282731030123, -33.035689699108183, 0.0 ], [ -68.937064649163631, -33.035743110725207, 0.0 ], [ -68.937239421041639, -33.036141595136613, 0.0 ], [ -68.937329194127813, -33.036346279126462, 0.0 ] ] ] ] } },
{ "type": "Feature", "properties": { "ccpp1": "1104 1017", "LAYER_2": "PADRONES_COMPUERTAS" }, "geometry": { "type": "MultiPolygon", "coordinates": [ [ [ [ -68.937520555815638, -33.036782583933828, 0.0 ], [ -68.937746775915855, -33.036754532338342, 0.0 ], [ -68.937536223603374, -33.036274476556365, 0.0 ], [ -68.937320772015482, -33.036327077446451, 0.0 ], [ -68.93732919811255, -33.036346288211718, 0.0 ], [ -68.937520555815638, -33.036782583933828, 0.0 ] ] ] ] } },
{ "type": "Feature", "properties": { "ccpp1": "1104 1017", "LAYER_2": "PADRONES_COMPUERTAS" }, "geometry": { "type": "MultiPolygon", "coordinates": [ [ [ [ -68.937329194127813, -33.036346279126462, 0.0 ], [ -68.937520555815638, -33.036782583933828, 0.0 ], [ -68.937601186372078, -33.036772585974404, 0.0 ], [ -68.938016357333282, -33.036721102788135, 0.0 ], [ -68.938343637776129, -33.036680517505189, 0.0 ], [ -68.938583449694235, -33.036650778876947, 0.0 ], [ -68.93804017108549, -33.035504941171375, 0.0 ], [ -68.937282731030123, -33.035689699108183, 0.0 ], [ -68.937064649163631, -33.035743110725207, 0.0 ], [ -68.937239421041639, -33.036141595136613, 0.0 ], [ -68.937329194127813, -33.036346279126462, 0.0 ] ] ] ] } },
{ "type": "Feature", "properties": { "ccpp1": "1104 1019", "LAYER_2": "PADRONES_COMPUERTAS" }, "geometry": { "type": "MultiPolygon", "coordinates": [ [ [ [ -68.937329194127813, -33.036346279126462, 0.0 ], [ -68.937520555815638, -33.036782583933828, 0.0 ], [ -68.937601186372078, -33.036772585974404, 0.0 ], [ -68.938016357333282, -33.036721102788135, 0.0 ], [ -68.938343637776129, -33.036680517505189, 0.0 ], [ -68.938583449694235, -33.036650778876947, 0.0 ], [ -68.93804017108549, -33.035504941171375, 0.0 ], [ -68.937282731030123, -33.035689699108183, 0.0 ], [ -68.937064649163631, -33.035743110725207, 0.0 ], [ -68.937239421041639, -33.036141595136613, 0.0 ], [ -68.937329194127813, -33.036346279126462, 0.0 ] ] ] ] } },
{ "type": "Feature", "properties": { "ccpp1": "1104 1019", "LAYER_2": "PADRONES_COMPUERTAS" }, "geometry": { "type": "MultiPolygon", "coordinates": [ [ [ [ -68.937857426898262, -33.036007255692468, 0.0 ], [ -68.938234664286838, -33.035915153627805, 0.0 ], [ -68.93804017108549, -33.035504941171375, 0.0 ], [ -68.937556480774333, -33.035622925549504, 0.0 ], [ -68.937737850964183, -33.036036449737672, 0.0 ], [ -68.937857426898262, -33.036007255692468, 0.0 ] ] ] ] } },
{ "type": "Feature", "properties": { "ccpp1": "1104 1018", "LAYER_2": "PADRONES_COMPUERTAS" }, "geometry": { "type": "MultiPolygon", "coordinates": [ [ [ [ -68.937329194127813, -33.036346279126462, 0.0 ], [ -68.937520555815638, -33.036782583933828, 0.0 ], [ -68.937601186372078, -33.036772585974404, 0.0 ], [ -68.938016357333282, -33.036721102788135, 0.0 ], [ -68.938343637776129, -33.036680517505189, 0.0 ], [ -68.938583449694235, -33.036650778876947, 0.0 ], [ -68.93804017108549, -33.035504941171375, 0.0 ], [ -68.937282731030123, -33.035689699108183, 0.0 ], [ -68.937064649163631, -33.035743110725207, 0.0 ], [ -68.937239421041639, -33.036141595136613, 0.0 ], [ -68.937329194127813, -33.036346279126462, 0.0 ] ] ] ] } },
{ "type": "Feature", "properties": { "ccpp1": "1104 1018", "LAYER_2": "PADRONES_COMPUERTAS" }, "geometry": { "type": "MultiPolygon", "coordinates": [ [ [ [ -68.937618274951404, -33.036065643668039, 0.0 ], [ -68.937737850964183, -33.036036449737672, 0.0 ], [ -68.937556480774347, -33.035622925549511, 0.0 ], [ -68.937247338443782, -33.035698468590532, 0.0 ], [ -68.937443148482075, -33.03614491813299, 0.0 ], [ -68.937632742611683, -33.036098629871795, 0.0 ], [ -68.937618274951404, -33.036065643668039, 0.0 ] ] ] ] } },
{ "type": "Feature", "properties": { "ccpp1": "1104 633", "LAYER_2": "PADRONES_COMPUERTAS" }, "geometry": { "type": "MultiPolygon", "coordinates": [ [ [ [ -68.943390297775849, -33.020102090899393, 0.0 ], [ -68.943419594230789, -33.020155249747127, 0.0 ], [ -68.943939963392154, -33.020012846066386, 0.0 ], [ -68.944303671762725, -33.019913312620638, 0.0 ], [ -68.944389236492938, -33.020087134904323, 0.0 ], [ -68.944542723212038, -33.020400333812617, 0.0 ], [ -68.944649947774934, -33.020616568544156, 0.0 ], [ -68.945028327685023, -33.020633823401099, 0.0 ], [ -68.94461120900155, -33.019767974307136, 0.0 ], [ -68.943390297775849, -33.020102090899393, 0.0 ] ] ] ] } },
{ "type": "Feature", "properties": { "ccpp1": "1104 777", "LAYER_2": "PADRONES_COMPUERTAS" }, "geometry": { "type": "MultiPolygon", "coordinates": [ [ [ [ -68.944043864417793, -33.020170513411948, 0.0 ], [ -68.943478980319398, -33.020306883205194, 0.0 ], [ -68.943632597351865, -33.020629488638953, 0.0 ], [ -68.943728357699044, -33.020605382321079, 0.0 ], [ -68.944542723212038, -33.020400333812617, 0.0 ], [ -68.944389236492938, -33.020087134904323, 0.0 ], [ -68.944043864417793, -33.020170513411948, 0.0 ] ] ] ] } },
{ "type": "Feature", "properties": { "ccpp1": "1104 32", "LAYER_2": "PADRONES_COMPUERTAS" }, "geometry": { "type": "MultiPolygon", "coordinates": [ [ [ [ -68.941552964177376, -33.019773120336204, 0.0 ], [ -68.941617120730129, -33.019888419461239, 0.0 ], [ -68.941653676502028, -33.019947102168096, 0.0 ], [ -68.941712946216271, -33.020109756673769, 0.0 ], [ -68.941992143507449, -33.020549893691118, 0.0 ], [ -68.942159198978445, -33.020868620953941, 0.0 ], [ -68.942319335064724, -33.021174141570903, 0.0 ], [ -68.942399402986197, -33.021326902247765, 0.0 ], [ -68.942553391882498, -33.021620692537546, 0.0 ], [ -68.942647578844628, -33.021800388027394, 0.0 ], [ -68.942731290302689, -33.021825516440337, 0.0 ], [ -68.94321379398508, -33.021970352749634, 0.0 ], [ -68.943876692541892, -33.021750296473741, 0.0 ], [ -68.944148046979294, -33.021510073189553, 0.0 ], [ -68.943909631871918, -33.021071555352243, 0.0 ], [ -68.943891278413659, -33.021039151766246, 0.0 ], [ -68.94364268261748, -33.020924183645405, 0.0 ], [ -68.943531046383029, -33.020855414819472, 0.0 ], [ -68.943427271107879, -33.020744021924457, 0.0 ], [ -68.94339840490197, -33.020638650051104, 0.0 ], [ -68.943380981614894, -33.020432418514922, 0.0 ], [ -68.943336094173205, -33.020215073995807, 0.0 ], [ -68.943279779005636, -33.020045155915987, 0.0 ], [ -68.943196346589431, -33.019901046704327, 0.0 ], [ -68.943086157577142, -33.019766237723928, 0.0 ], [ -68.942935646280191, -33.019680347667901, 0.0 ], [ -68.94264031513562, -33.019565004498517, 0.0 ], [ -68.942365689417329, -33.01940043608537, 0.0 ], [ -68.94235770069028, -33.019395649015308, 0.0 ], [ -68.942351539513808, -33.01939492302705, 0.0 ], [ -68.941923125463816, -33.019148034555656, 0.0 ], [ -68.941134547084076, -33.019051694482599, 0.0 ], [ -68.941233633341966, -33.019186554072142, 0.0 ], [ -68.941469184548765, -33.019622975800701, 0.0 ], [ -68.941552964177376, -33.019773120336204, 0.0 ] ] ] ] } },
{ "type": "Feature", "properties": { "ccpp1": "1104 587", "LAYER_2": "PADRONES_COMPUERTAS" }, "geometry": { "type": "MultiPolygon", "coordinates": [ [ [ [ -68.968458072945666, -33.041466763092245, 0.0 ], [ -68.968619739982969, -33.041731444280344, 0.0 ], [ -68.968771519371401, -33.041346376896421, 0.0 ], [ -68.968458072945666, -33.041466763092245, 0.0 ] ] ] ] } },
{ "type": "Feature", "properties": { "ccpp1": "1104 990", "LAYER_2": "PADRONES_COMPUERTAS" }, "geometry": { "type": "MultiPolygon", "coordinates": [ [ [ [ -68.952542067786638, -33.036365924519757, 0.0 ], [ -68.952799255206131, -33.036809019643599, 0.0 ], [ -68.953181043246417, -33.037466775969655, 0.0 ], [ -68.953192818662558, -33.037465049178429, 0.0 ], [ -68.953220417392714, -33.03746100200717, 0.0 ], [ -68.954221118287165, -33.037314286211881, 0.0 ], [ -68.954244345720511, -33.037310881003535, 0.0 ], [ -68.95397328175558, -33.036560122606524, 0.0 ], [ -68.953971512883527, -33.036554740777852, 0.0 ], [ -68.953520322020253, -33.036614805183042, 0.0 ], [ -68.95337982183797, -33.03625440421029, 0.0 ], [ -68.952542067786638, -33.036365924519757, 0.0 ] ] ] ] } },
{ "type": "Feature", "properties": { "ccpp1": "1104 988", "LAYER_2": "PADRONES_COMPUERTAS" }, "geometry": { "type": "MultiPolygon", "coordinates": [ [ [ [ -68.952542067786638, -33.036365924519757, 0.0 ], [ -68.95337982183797, -33.03625440421029, 0.0 ], [ -68.953520322020253, -33.036614805183042, 0.0 ], [ -68.954199048492541, -33.036524449895552, 0.0 ], [ -68.954605139392498, -33.037257980979859, 0.0 ], [ -68.95512096056369, -33.037182349628821, 0.0 ], [ -68.955119554052189, -33.037179982235145, 0.0 ], [ -68.951616335059938, -33.031285111674634, 0.0 ], [ -68.950174191349518, -33.028855251235932, 0.0 ], [ -68.948405359574338, -33.029238348839911, 0.0 ], [ -68.94841401372048, -33.029253211982784, 0.0 ], [ -68.949543922347488, -33.031200192831072, 0.0 ], [ -68.949577389712161, -33.031257859289404, 0.0 ], [ -68.949603559646548, -33.0313029534788, 0.0 ], [ -68.949629730678026, -33.031348047662831, 0.0 ], [ -68.949742665404003, -33.031542643429823, 0.0 ], [ -68.952542067786638, -33.036365924519757, 0.0 ] ] ] ] } },
{ "type": "Feature", "properties": { "ccpp1": "1104 854", "LAYER_2": "PADRONES_COMPUERTAS" }, "geometry": { "type": "MultiPolygon", "coordinates": [ [ [ [ -68.93111241669456, -33.011477333782771, 0.0 ], [ -68.930551813323149, -33.01139156237064, 0.0 ], [ -68.930533167577337, -33.011733439647145, 0.0 ], [ -68.931095240043703, -33.011806323893197, 0.0 ], [ -68.931111199195215, -33.011502999292212, 0.0 ], [ -68.93111241669456, -33.011477333782771, 0.0 ] ] ] ] } },
{ "type": "Feature", "properties": { "ccpp1": "1104 1116", "LAYER_2": "PADRONES_COMPUERTAS" }, "geometry": { "type": "MultiPolygon", "coordinates": [ [ [ [ -68.926609997057739, -33.009858768384937, 0.0 ], [ -68.926799761642428, -33.009886701002259, 0.0 ], [ -68.926989465354879, -33.009914624278714, 0.0 ], [ -68.927040529712059, -33.009667717731389, 0.0 ], [ -68.926661136254282, -33.009611894495755, 0.0 ], [ -68.926609997057739, -33.009858768384937, 0.0 ] ] ] ] } },
{ "type": "Feature", "properties": { "ccpp1": "1104 541", "LAYER_2": "PADRONES_COMPUERTAS" }, "geometry": { "type": "MultiPolygon", "coordinates": [ [ [ [ -68.927248203212116, -33.005617651785094, 0.0 ], [ -68.92484591804164, -33.006063972077328, 0.0 ], [ -68.92336292770581, -33.006340965124799, 0.0 ], [ -68.920645706673412, -33.005238685485693, 0.0 ], [ -68.918905654422645, -33.006344244459484, 0.0 ], [ -68.919571050348154, -33.006804556603974, 0.0 ], [ -68.919972691711251, -33.007065151940864, 0.0 ], [ -68.920220644359262, -33.007203827866988, 0.0 ], [ -68.920769355816205, -33.007482695920238, 0.0 ], [ -68.921031927946828, -33.007598614001367, 0.0 ], [ -68.921361003160428, -33.007693739326058, 0.0 ], [ -68.921651734495612, -33.007763581986595, 0.0 ], [ -68.921934203582225, -33.007817736861831, 0.0 ], [ -68.929714703240293, -33.009045253979266, 0.0 ], [ -68.930120788973881, -33.009110990493667, 0.0 ], [ -68.930733849568753, -33.009234052013625, 0.0 ], [ -68.930902505179787, -33.009275613538726, 0.0 ], [ -68.935534974117232, -33.008488721014537, 0.0 ], [ -68.927248203212116, -33.005617651785094, 0.0 ] ] ] ] } },
{ "type": "Feature", "properties": { "ccpp1": "1104 73", "LAYER_2": "PADRONES_COMPUERTAS" }, "geometry": { "type": "MultiPolygon", "coordinates": [ [ [ [ -68.919209420522193, -33.001915269740415, 0.0 ], [ -68.913931460797556, -33.002900798490302, 0.0 ], [ -68.913922471771343, -33.002896680649187, 0.0 ], [ -68.918827101310853, -33.005722337974127, 0.0 ], [ -68.920645706673412, -33.005238685485693, 0.0 ], [ -68.92336292770581, -33.006340965124799, 0.0 ], [ -68.92484591804164, -33.006063972077328, 0.0 ], [ -68.927246040576975, -33.005618053603662, 0.0 ], [ -68.921861958077059, -33.003746326083863, 0.0 ], [ -68.919209420522193, -33.001915269740415, 0.0 ] ] ] ] } },
{ "type": "Feature", "properties": { "ccpp1": "1104 730", "LAYER_2": "PADRONES_COMPUERTAS" }, "geometry": { "type": "MultiPolygon", "coordinates": [ [ [ [ -68.937529237557925, -33.031514023143949, 0.0 ], [ -68.937908435001532, -33.031420528659993, 0.0 ], [ -68.937806032240616, -33.031202249530438, 0.0 ], [ -68.937425967352951, -33.0312959578701, 0.0 ], [ -68.937529237557925, -33.031514023143949, 0.0 ] ] ] ] } },
{ "type": "Feature", "properties": { "ccpp1": "1104 702", "LAYER_2": "PADRONES_COMPUERTAS" }, "geometry": { "type": "MultiPolygon", "coordinates": [ [ [ [ -68.935732784567037, -33.033023207865511, 0.0 ], [ -68.935269729249143, -33.033138743197853, 0.0 ], [ -68.935389807683066, -33.033468456701023, 0.0 ], [ -68.935866035103231, -33.03334751766937, 0.0 ], [ -68.935732784567037, -33.033023207865511, 0.0 ] ] ] ] } },
{ "type": "Feature", "properties": { "ccpp1": "1104 784", "LAYER_2": "PADRONES_COMPUERTAS" }, "geometry": { "type": "MultiPolygon", "coordinates": [ [ [ [ -68.936033147717268, -33.021442223864213, 0.0 ], [ -68.936170294970253, -33.021739951887589, 0.0 ], [ -68.936414132702367, -33.021672330913006, 0.0 ], [ -68.937693005864517, -33.021317666009061, 0.0 ], [ -68.937785467178571, -33.021579289477963, 0.0 ], [ -68.937809754667697, -33.021648010920153, 0.0 ], [ -68.937889294442456, -33.021624602506421, 0.0 ], [ -68.938055438325037, -33.0215757070685, 0.0 ], [ -68.938108965056045, -33.021559954335061, 0.0 ], [ -68.938181384551314, -33.02153864220152, 0.0 ], [ -68.9382349112376, -33.021522889413909, 0.0 ], [ -68.938288437904902, -33.021507136603304, 0.0 ], [ -68.938326326209463, -33.021495986300238, 0.0 ], [ -68.938439492198142, -33.021462682048607, 0.0 ], [ -68.938493018792798, -33.021446929150024, 0.0 ], [ -68.938546545368453, -33.021431176228397, 0.0 ], [ -68.938613296193523, -33.021411530951937, 0.0 ], [ -68.938679994532535, -33.021391901844048, 0.0 ], [ -68.938701470441259, -33.021385580841269, 0.0 ], [ -68.940110752657944, -33.020970817987909, 0.0 ], [ -68.940363972225782, -33.020896291473136, 0.0 ], [ -68.940424438279095, -33.021067898051989, 0.0 ], [ -68.940461304290054, -33.021172526932844, 0.0 ], [ -68.940751763299644, -33.021120539401053, 0.0 ], [ -68.94157395703192, -33.020957437327738, 0.0 ], [ -68.942159198978445, -33.020868620953941, 0.0 ], [ -68.941992143507449, -33.020549893691118, 0.0 ], [ -68.941712946216271, -33.020109756673769, 0.0 ], [ -68.94028144870326, -33.020600568824086, 0.0 ], [ -68.940136115243391, -33.020135368027866, 0.0 ], [ -68.936033147717268, -33.021442223864213, 0.0 ] ] ] ] } },
{ "type": "Feature", "properties": { "ccpp1": "1104 1013", "LAYER_2": "PADRONES_COMPUERTAS" }, "geometry": { "type": "MultiPolygon", "coordinates": [ [ [ [ -68.939846961967405, -33.031627151213193, 0.0 ], [ -68.939949156385921, -33.031865205093901, 0.0 ], [ -68.940600831690659, -33.031709980685108, 0.0 ], [ -68.940489849102192, -33.031472166489444, 0.0 ], [ -68.939846961967405, -33.031627151213193, 0.0 ] ] ] ] } },
{ "type": "Feature", "properties": { "ccpp1": "1104 649", "LAYER_2": "PADRONES_COMPUERTAS" }, "geometry": { "type": "MultiPolygon", "coordinates": [ [ [ [ -68.94629716398795, -33.038361499627143, 0.0 ], [ -68.946585584224465, -33.03832366307153, 0.0 ], [ -68.946209584362634, -33.037676141156048, 0.0 ], [ -68.945923223421531, -33.037713428973994, 0.0 ], [ -68.94629716398795, -33.038361499627143, 0.0 ] ] ] ] } },
{ "type": "Feature", "properties": { "ccpp1": "1104 649", "LAYER_2": "PADRONES_COMPUERTAS" }, "geometry": { "type": "MultiPolygon", "coordinates": [ [ [ [ -68.94629716398795, -33.038361499627143, 0.0 ], [ -68.946585584224465, -33.03832366307153, 0.0 ], [ -68.945867060585627, -33.037086260245829, 0.0 ], [ -68.945582712484239, -33.037123285421977, 0.0 ], [ -68.94629716398795, -33.038361499627143, 0.0 ] ] ] ] } },
{ "type": "Feature", "properties": { "ccpp1": "1104 814", "LAYER_2": "PADRONES_COMPUERTAS" }, "geometry": { "type": "MultiPolygon", "coordinates": [ [ [ [ -68.933752511151368, -33.034904180336639, 0.0 ], [ -68.933842004739745, -33.035092726389031, 0.0 ], [ -68.934234214019, -33.034995271395147, 0.0 ], [ -68.934147313381189, -33.034806080897212, 0.0 ], [ -68.933752511151368, -33.034904180336639, 0.0 ] ] ] ] } },
{ "type": "Feature", "properties": { "ccpp1": "1104 1022", "LAYER_2": "PADRONES_COMPUERTAS" }, "geometry": { "type": "MultiPolygon", "coordinates": [ [ [ [ -68.933842004739745, -33.035092726389031, 0.0 ], [ -68.933934021023646, -33.03528658847695, 0.0 ], [ -68.934323565024044, -33.035189795652414, 0.0 ], [ -68.934234214019, -33.034995271395147, 0.0 ], [ -68.933842004739745, -33.035092726389031, 0.0 ] ] ] ] } },
{ "type": "Feature", "properties": { "ccpp1": "1104 1024", "LAYER_2": "PADRONES_COMPUERTAS" }, "geometry": { "type": "MultiPolygon", "coordinates": [ [ [ [ -68.938551102185045, -33.029433447206756, 0.0 ], [ -68.938702750421101, -33.029784272401358, 0.0 ], [ -68.938644831375839, -33.029798219860851, 0.0 ], [ -68.938455340623733, -33.02984394323245, 0.0 ], [ -68.93821046139584, -33.029902981851201, 0.0 ], [ -68.937771653792964, -33.030008869008135, 0.0 ], [ -68.937341822206903, -33.030112476993935, 0.0 ], [ -68.936914446610601, -33.030215547341669, 0.0 ], [ -68.936920302629318, -33.030227908624212, 0.0 ], [ -68.937134493281675, -33.030680475918828, 0.0 ], [ -68.937182372288405, -33.030781579304211, 0.0 ], [ -68.937522402581308, -33.030698253351609, 0.0 ], [ -68.937769070876314, -33.030637874394507, 0.0 ], [ -68.938141863630719, -33.030536080605174, 0.0 ], [ -68.938579737196022, -33.030432690231343, 0.0 ], [ -68.939074032188074, -33.030315990143642, 0.0 ], [ -68.93989517918213, -33.030122202381641, 0.0 ], [ -68.939886090668608, -33.030102687615098, 0.0 ], [ -68.939632557658982, -33.029559938713874, 0.0 ], [ -68.939467848209816, -33.02920757545597, 0.0 ], [ -68.938551102185045, -33.029433447206756, 0.0 ] ] ] ] } },
{ "type": "Feature", "properties": { "ccpp1": "1104 1024", "LAYER_2": "PADRONES_COMPUERTAS" }, "geometry": { "type": "MultiPolygon", "coordinates": [ [ [ [ -68.939288030378748, -33.029251880354018, 0.0 ], [ -68.939042387982568, -33.029312403122788, 0.0 ], [ -68.939195037101797, -33.029665539118668, 0.0 ], [ -68.939441179948133, -33.029606171747595, 0.0 ], [ -68.939288030378748, -33.029251880354018, 0.0 ] ] ] ] } },
{ "type": "Feature", "properties": { "ccpp1": "1104 1025", "LAYER_2": "PADRONES_COMPUERTAS" }, "geometry": { "type": "MultiPolygon", "coordinates": [ [ [ [ -68.938551102185045, -33.029433447206756, 0.0 ], [ -68.938702750421101, -33.029784272401358, 0.0 ], [ -68.938644831375839, -33.029798219860851, 0.0 ], [ -68.938455340623733, -33.02984394323245, 0.0 ], [ -68.93821046139584, -33.029902981851201, 0.0 ], [ -68.937771653792964, -33.030008869008135, 0.0 ], [ -68.937341822206903, -33.030112476993935, 0.0 ], [ -68.936914446610601, -33.030215547341669, 0.0 ], [ -68.936920302629318, -33.030227908624212, 0.0 ], [ -68.937134493281675, -33.030680475918828, 0.0 ], [ -68.937182372288405, -33.030781579304211, 0.0 ], [ -68.937522402581308, -33.030698253351609, 0.0 ], [ -68.937769070876314, -33.030637874394507, 0.0 ], [ -68.938141863630719, -33.030536080605174, 0.0 ], [ -68.938579737196022, -33.030432690231343, 0.0 ], [ -68.939074032188074, -33.030315990143642, 0.0 ], [ -68.93989517918213, -33.030122202381641, 0.0 ], [ -68.939886090668608, -33.030102687615098, 0.0 ], [ -68.939632557658982, -33.029559938713874, 0.0 ], [ -68.939467848209816, -33.02920757545597, 0.0 ], [ -68.938551102185045, -33.029433447206756, 0.0 ] ] ] ] } },
{ "type": "Feature", "properties": { "ccpp1": "1104 1025", "LAYER_2": "PADRONES_COMPUERTAS" }, "geometry": { "type": "MultiPolygon", "coordinates": [ [ [ [ -68.939042387982568, -33.029312403122788, 0.0 ], [ -68.938796745251352, -33.029372925407039, 0.0 ], [ -68.93894889392611, -33.029724906003224, 0.0 ], [ -68.939195037101797, -33.029665539118668, 0.0 ], [ -68.939042387982568, -33.029312403122788, 0.0 ] ] ] ] } },
{ "type": "Feature", "properties": { "ccpp1": "1104 1026", "LAYER_2": "PADRONES_COMPUERTAS" }, "geometry": { "type": "MultiPolygon", "coordinates": [ [ [ [ -68.938551102185045, -33.029433447206756, 0.0 ], [ -68.938702750421101, -33.029784272401358, 0.0 ], [ -68.938644831375839, -33.029798219860851, 0.0 ], [ -68.938455340623733, -33.02984394323245, 0.0 ], [ -68.93821046139584, -33.029902981851201, 0.0 ], [ -68.937771653792964, -33.030008869008135, 0.0 ], [ -68.937341822206903, -33.030112476993935, 0.0 ], [ -68.936914446610601, -33.030215547341669, 0.0 ], [ -68.936920302629318, -33.030227908624212, 0.0 ], [ -68.937134493281675, -33.030680475918828, 0.0 ], [ -68.937182372288405, -33.030781579304211, 0.0 ], [ -68.937522402581308, -33.030698253351609, 0.0 ], [ -68.937769070876314, -33.030637874394507, 0.0 ], [ -68.938141863630719, -33.030536080605174, 0.0 ], [ -68.938579737196022, -33.030432690231343, 0.0 ], [ -68.939074032188074, -33.030315990143642, 0.0 ], [ -68.93989517918213, -33.030122202381641, 0.0 ], [ -68.939886090668608, -33.030102687615098, 0.0 ], [ -68.939632557658982, -33.029559938713874, 0.0 ], [ -68.939467848209816, -33.02920757545597, 0.0 ], [ -68.938551102185045, -33.029433447206756, 0.0 ] ] ] ] } },
{ "type": "Feature", "properties": { "ccpp1": "1104 1026", "LAYER_2": "PADRONES_COMPUERTAS" }, "geometry": { "type": "MultiPolygon", "coordinates": [ [ [ [ -68.938796745251352, -33.029372925407039, 0.0 ], [ -68.938551102185045, -33.029433447206756, 0.0 ], [ -68.938702750421101, -33.029784272401358, 0.0 ], [ -68.93894889392611, -33.029724906003224, 0.0 ], [ -68.938796745251352, -33.029372925407039, 0.0 ] ] ] ] } },
{ "type": "Feature", "properties": { "ccpp1": "1104 1027", "LAYER_2": "PADRONES_COMPUERTAS" }, "geometry": { "type": "MultiPolygon", "coordinates": [ [ [ [ -68.929786376191217, -33.011015840548026, 0.0 ], [ -68.929808462884651, -33.010907421622704, 0.0 ], [ -68.929399171578211, -33.010847198879787, 0.0 ], [ -68.929332849013335, -33.010949108894096, 0.0 ], [ -68.929786376191217, -33.011015840548026, 0.0 ] ] ] ] } },
{ "type": "Feature", "properties": { "ccpp1": "1104 1028", "LAYER_2": "PADRONES_COMPUERTAS" }, "geometry": { "type": "MultiPolygon", "coordinates": [ [ [ [ -68.929808462884651, -33.010907421622704, 0.0 ], [ -68.929832450420506, -33.010789671553752, 0.0 ], [ -68.929471202059716, -33.01073651787955, 0.0 ], [ -68.929399254393672, -33.010847071626941, 0.0 ], [ -68.929808462884651, -33.010907421622704, 0.0 ] ] ] ] } },
{ "type": "Feature", "properties": { "ccpp1": "1104 1029", "LAYER_2": "PADRONES_COMPUERTAS" }, "geometry": { "type": "MultiPolygon", "coordinates": [ [ [ [ -68.929832450420506, -33.010789671553752, 0.0 ], [ -68.929859547821025, -33.010656655387912, 0.0 ], [ -68.929539311289929, -33.010611493160368, 0.0 ], [ -68.929533215430425, -33.010641228770673, 0.0 ], [ -68.929471202059688, -33.01073651787955, 0.0 ], [ -68.929832450420506, -33.010789671553752, 0.0 ] ] ] ] } },
{ "type": "Feature", "properties": { "ccpp1": "06\/969", "LAYER_2": "PADRONES_COMPUERTAS" }, "geometry": { "type": "MultiPolygon", "coordinates": [ [ [ [ -68.942071604267483, -33.034861412333079, 0.0 ], [ -68.941506463015244, -33.035002332449558, 0.0 ], [ -68.941563007595505, -33.03512904382503, 0.0 ], [ -68.942125359954403, -33.034976586173698, 0.0 ], [ -68.942071604267483, -33.034861412333079, 0.0 ] ] ] ] } },
{ "type": "Feature", "properties": { "ccpp1": "1104 1041", "LAYER_2": "PADRONES_COMPUERTAS" }, "geometry": { "type": "MultiPolygon", "coordinates": [ [ [ [ -68.957254862311217, -33.033767193885652, 0.0 ], [ -68.957920361198575, -33.034871081818942, 0.0 ], [ -68.958682254555427, -33.034765298344112, 0.0 ], [ -68.958163521940165, -33.033630973558324, 0.0 ], [ -68.957254862311217, -33.033767193885652, 0.0 ] ] ] ] } },
{ "type": "Feature", "properties": { "ccpp1": "1104 1042", "LAYER_2": "PADRONES_COMPUERTAS" }, "geometry": { "type": "MultiPolygon", "coordinates": [ [ [ [ -68.957254862311217, -33.033767193885652, 0.0 ], [ -68.957920361198575, -33.034871081818942, 0.0 ], [ -68.958682254555427, -33.034765298344112, 0.0 ], [ -68.958163521940165, -33.033630973558324, 0.0 ], [ -68.957254862311217, -33.033767193885652, 0.0 ] ] ] ] } },
{ "type": "Feature", "properties": { "ccpp1": "1104 1040", "LAYER_2": "PADRONES_COMPUERTAS" }, "geometry": { "type": "MultiPolygon", "coordinates": [ [ [ [ -68.941586086234622, -33.03343811444082, 0.0 ], [ -68.941738918693858, -33.033771751099252, 0.0 ], [ -68.942303814639047, -33.033677535449499, 0.0 ], [ -68.942146143637061, -33.033366893546003, 0.0 ], [ -68.941586086234622, -33.03343811444082, 0.0 ] ] ] ] } },
{ "type": "Feature", "properties": { "ccpp1": "1104 1072", "LAYER_2": "PADRONES_COMPUERTAS" }, "geometry": { "type": "MultiPolygon", "coordinates": [ [ [ [ -68.946342863247111, -33.035177391595745, 0.0 ], [ -68.946467529962931, -33.03541916861235, 0.0 ], [ -68.947186974318541, -33.035318288032769, 0.0 ], [ -68.947062372071912, -33.035076626030722, 0.0 ], [ -68.946342863247111, -33.035177391595745, 0.0 ] ] ] ] } },
{ "type": "Feature", "properties": { "ccpp1": "1104 1072", "LAYER_2": "PADRONES_COMPUERTAS" }, "geometry": { "type": "MultiPolygon", "coordinates": [ [ [ [ -68.946148401331186, -33.034777561549575, 0.0 ], [ -68.945449856707413, -33.0348753600083, 0.0 ], [ -68.945813857587126, -33.035510746366114, 0.0 ], [ -68.946490138957614, -33.035416002020668, 0.0 ], [ -68.94718697388501, -33.035318287191977, 0.0 ], [ -68.946857007726138, -33.034678320788544, 0.0 ], [ -68.946148401331186, -33.034777561549575, 0.0 ] ] ] ] } },
{ "type": "Feature", "properties": { "ccpp1": "1104 1073", "LAYER_2": "PADRONES_COMPUERTAS" }, "geometry": { "type": "MultiPolygon", "coordinates": [ [ [ [ -68.946240176457152, -33.034978241134993, 0.0 ], [ -68.94634286279134, -33.035177390757994, 0.0 ], [ -68.947062372071912, -33.035076626030722, 0.0 ], [ -68.946959690556625, -33.034877474307201, 0.0 ], [ -68.946240176457152, -33.034978241134993, 0.0 ] ] ] ] } },
{ "type": "Feature", "properties": { "ccpp1": "1104 1073", "LAYER_2": "PADRONES_COMPUERTAS" }, "geometry": { "type": "MultiPolygon", "coordinates": [ [ [ [ -68.946148401331186, -33.034777561549575, 0.0 ], [ -68.945449856707413, -33.0348753600083, 0.0 ], [ -68.945813857587126, -33.035510746366114, 0.0 ], [ -68.946490138957614, -33.035416002020668, 0.0 ], [ -68.94718697388501, -33.035318287191977, 0.0 ], [ -68.946857007726138, -33.034678320788544, 0.0 ], [ -68.946148401331186, -33.034777561549575, 0.0 ] ] ] ] } },
{ "type": "Feature", "properties": { "ccpp1": "1104 1071", "LAYER_2": "PADRONES_COMPUERTAS" }, "geometry": { "type": "MultiPolygon", "coordinates": [ [ [ [ -68.945674278029998, -33.035267104465227, 0.0 ], [ -68.945813857587126, -33.035510746366114, 0.0 ], [ -68.946467529962931, -33.03541916861235, 0.0 ], [ -68.94634098676228, -33.035173752543201, 0.0 ], [ -68.945674278029998, -33.035267104465227, 0.0 ] ] ] ] } },
{ "type": "Feature", "properties": { "ccpp1": "1104 1071", "LAYER_2": "PADRONES_COMPUERTAS" }, "geometry": { "type": "MultiPolygon", "coordinates": [ [ [ [ -68.946148401331186, -33.034777561549575, 0.0 ], [ -68.945449856707413, -33.0348753600083, 0.0 ], [ -68.945813857587126, -33.035510746366114, 0.0 ], [ -68.946490138957614, -33.035416002020668, 0.0 ], [ -68.94718697388501, -33.035318287191977, 0.0 ], [ -68.946857007726138, -33.034678320788544, 0.0 ], [ -68.946148401331186, -33.034777561549575, 0.0 ] ] ] ] } },
{ "type": "Feature", "properties": { "ccpp1": "1104 1070", "LAYER_2": "PADRONES_COMPUERTAS" }, "geometry": { "type": "MultiPolygon", "coordinates": [ [ [ [ -68.945561044021431, -33.035069445521678, 0.0 ], [ -68.945674278029998, -33.035267104465227, 0.0 ], [ -68.94634098676228, -33.035173752543201, 0.0 ], [ -68.94623830642287, -33.034974601178625, 0.0 ], [ -68.945561044021431, -33.035069445521678, 0.0 ] ] ] ] } },
{ "type": "Feature", "properties": { "ccpp1": "1104 1070", "LAYER_2": "PADRONES_COMPUERTAS" }, "geometry": { "type": "MultiPolygon", "coordinates": [ [ [ [ -68.946148401331186, -33.034777561549575, 0.0 ], [ -68.945449856707413, -33.0348753600083, 0.0 ], [ -68.945813857587126, -33.035510746366114, 0.0 ], [ -68.946490138957614, -33.035416002020668, 0.0 ], [ -68.94718697388501, -33.035318287191977, 0.0 ], [ -68.946857007726138, -33.034678320788544, 0.0 ], [ -68.946148401331186, -33.034777561549575, 0.0 ] ] ] ] } },
{ "type": "Feature", "properties": { "ccpp1": "1104 1069", "LAYER_2": "PADRONES_COMPUERTAS" }, "geometry": { "type": "MultiPolygon", "coordinates": [ [ [ [ -68.945449904641336, -33.034875432584307, 0.0 ], [ -68.945561043236992, -33.035069445631528, 0.0 ], [ -68.946238299980763, -33.034974602080794, 0.0 ], [ -68.946137521113883, -33.034779137423349, 0.0 ], [ -68.945449904641336, -33.034875432584307, 0.0 ] ] ] ] } },
{ "type": "Feature", "properties": { "ccpp1": "1104 1069", "LAYER_2": "PADRONES_COMPUERTAS" }, "geometry": { "type": "MultiPolygon", "coordinates": [ [ [ [ -68.946148401331186, -33.034777561549575, 0.0 ], [ -68.945449856707413, -33.0348753600083, 0.0 ], [ -68.945813857587126, -33.035510746366114, 0.0 ], [ -68.946490138957614, -33.035416002020668, 0.0 ], [ -68.94718697388501, -33.035318287191977, 0.0 ], [ -68.946857007726138, -33.034678320788544, 0.0 ], [ -68.946148401331186, -33.034777561549575, 0.0 ] ] ] ] } },
{ "type": "Feature", "properties": { "ccpp1": "1104 622", "LAYER_2": "PADRONES_COMPUERTAS" }, "geometry": { "type": "MultiPolygon", "coordinates": [ [ [ [ -68.949383932918977, -33.035997335324502, 0.0 ], [ -68.950337284269523, -33.037827779350167, 0.0 ], [ -68.953181043246417, -33.037466775969655, 0.0 ], [ -68.951109118373211, -33.033897072226146, 0.0 ], [ -68.948465272066997, -33.034233418491077, 0.0 ], [ -68.949383932918977, -33.035997335324502, 0.0 ] ] ] ] } },
{ "type": "Feature", "properties": { "ccpp1": "1104 1076", "LAYER_2": "PADRONES_COMPUERTAS" }, "geometry": { "type": "MultiPolygon", "coordinates": [ [ [ [ -68.945476456056952, -33.032000162302069, 0.0 ], [ -68.945872270153984, -33.032767975928458, 0.0 ], [ -68.94619965595183, -33.033403074982331, 0.0 ], [ -68.946364847452969, -33.033723600325615, 0.0 ], [ -68.946527046441432, -33.034038173117295, 0.0 ], [ -68.94669202648798, -33.034358247069619, 0.0 ], [ -68.946857007726138, -33.034678320788544, 0.0 ], [ -68.94718697388501, -33.035318287191977, 0.0 ], [ -68.947359978054209, -33.035653962514701, 0.0 ], [ -68.947475136658895, -33.035877445288321, 0.0 ], [ -68.947590336530482, -33.03610091534194, 0.0 ], [ -68.947705575476576, -33.036324460136612, 0.0 ], [ -68.947879105421876, -33.036661077154726, 0.0 ], [ -68.948594782878743, -33.038049226773602, 0.0 ], [ -68.948981922033752, -33.037999074973534, 0.0 ], [ -68.948788801686021, -33.037688571692456, 0.0 ], [ -68.948579409977299, -33.03770787156207, 0.0 ], [ -68.94687525731409, -33.034435669625744, 0.0 ], [ -68.948465272066997, -33.034233418491077, 0.0 ], [ -68.951109118373211, -33.033897072226146, 0.0 ], [ -68.949742665404003, -33.031542643429823, 0.0 ], [ -68.949715967137124, -33.031545490975297, 0.0 ], [ -68.945569380091328, -33.031987710201818, 0.0 ], [ -68.945476456056952, -33.032000162302069, 0.0 ] ] ] ] } },
{ "type": "Feature", "properties": { "ccpp1": "1104 1075", "LAYER_2": "PADRONES_COMPUERTAS" }, "geometry": { "type": "MultiPolygon", "coordinates": [ [ [ [ -68.951770029190158, -33.02450346723559, 0.0 ], [ -68.952279223224764, -33.025376807941477, 0.0 ], [ -68.953200260698324, -33.025079553625204, 0.0 ], [ -68.954121291996202, -33.024782292491686, 0.0 ], [ -68.953806369211676, -33.023914589021658, 0.0 ], [ -68.951770029190158, -33.02450346723559, 0.0 ] ] ] ] } },
{ "type": "Feature", "properties": { "ccpp1": "CC1105-1104 1", "LAYER_2": "PADRONES_COMPUERTAS" }, "geometry": { "type": "MultiPolygon", "coordinates": [ [ [ [ -68.966965907922116, -33.037693688935967, 0.0 ], [ -68.967386312085694, -33.037498764376465, 0.0 ], [ -68.967750850303901, -33.037329740712529, 0.0 ], [ -68.967715657013187, -33.037266360330705, 0.0 ], [ -68.967702864900801, -33.037238818167111, 0.0 ], [ -68.967682092268348, -33.037205201177244, 0.0 ], [ -68.967665834918819, -33.037163107837699, 0.0 ], [ -68.967257523854855, -33.037341936277123, 0.0 ], [ -68.966864035813344, -33.03751428339212, 0.0 ], [ -68.966965907922116, -33.037693688935967, 0.0 ] ] ] ] } },
{ "type": "Feature", "properties": { "ccpp1": "1104 940", "LAYER_2": "PADRONES_COMPUERTAS" }, "geometry": { "type": "MultiPolygon", "coordinates": [ [ [ [ -68.936826920425816, -33.038178523281935, 0.0 ], [ -68.936544952717171, -33.037616147564243, 0.0 ], [ -68.936333396042059, -33.037643869879886, 0.0 ], [ -68.936609956617829, -33.038195464747027, 0.0 ], [ -68.9366145532464, -33.03820466412914, 0.0 ], [ -68.936826920425816, -33.038178523281935, 0.0 ] ] ] ] } },
{ "type": "Feature", "properties": { "ccpp1": "1104 1066", "LAYER_2": "PADRONES_COMPUERTAS" }, "geometry": { "type": "MultiPolygon", "coordinates": [ [ [ [ -68.937329194127813, -33.036346279126462, 0.0 ], [ -68.937520555815638, -33.036782583933828, 0.0 ], [ -68.937601186372078, -33.036772585974404, 0.0 ], [ -68.938016357333282, -33.036721102788135, 0.0 ], [ -68.938343637776129, -33.036680517505189, 0.0 ], [ -68.938583449694235, -33.036650778876947, 0.0 ], [ -68.93804017108549, -33.035504941171375, 0.0 ], [ -68.937282731030123, -33.035689699108183, 0.0 ], [ -68.937064649163631, -33.035743110725207, 0.0 ], [ -68.937239421041639, -33.036141595136613, 0.0 ], [ -68.937329194127813, -33.036346279126462, 0.0 ] ] ] ] } },
{ "type": "Feature", "properties": { "ccpp1": "1104 1066", "LAYER_2": "PADRONES_COMPUERTAS" }, "geometry": { "type": "MultiPolygon", "coordinates": [ [ [ [ -68.937260442511359, -33.036189524372993, 0.0 ], [ -68.937443148482075, -33.036144918132997, 0.0 ], [ -68.937247338443782, -33.035698468590532, 0.0 ], [ -68.937064649163631, -33.035743110725207, 0.0 ], [ -68.937239420338557, -33.036141593533564, 0.0 ], [ -68.937260442511359, -33.036189524372993, 0.0 ] ] ] ] } },
{ "type": "Feature", "properties": { "ccpp1": "1104 1053", "LAYER_2": "PADRONES_COMPUERTAS" }, "geometry": { "type": "MultiPolygon", "coordinates": [ [ [ [ -68.92748948224245, -33.016181494515685, 0.0 ], [ -68.927346030219624, -33.016098096381192, 0.0 ], [ -68.927043622303188, -33.015907937186178, 0.0 ], [ -68.926894956704061, -33.015957079818698, 0.0 ], [ -68.926924302098087, -33.016135289506671, 0.0 ], [ -68.927487957501924, -33.016281144481162, 0.0 ], [ -68.927489332926044, -33.016191321777988, 0.0 ], [ -68.92748948224245, -33.016181494515685, 0.0 ] ] ] ] } },
{ "type": "Feature", "properties": { "ccpp1": "1104 1053", "LAYER_2": "PADRONES_COMPUERTAS" }, "geometry": { "type": "MultiPolygon", "coordinates": [ [ [ [ -68.927515369940508, -33.016196567514655, 0.0 ], [ -68.92748948224245, -33.016181494515685, 0.0 ], [ -68.927346030219624, -33.016098096381192, 0.0 ], [ -68.927043622303188, -33.015907937186178, 0.0 ], [ -68.926894956704061, -33.015957079818698, 0.0 ], [ -68.926957067834167, -33.016334276657709, 0.0 ], [ -68.926989409488741, -33.016530687465057, 0.0 ], [ -68.927028993858173, -33.016771091574718, 0.0 ], [ -68.927061296566123, -33.016796808173481, 0.0 ], [ -68.927065574621238, -33.016800417370604, 0.0 ], [ -68.927068890262646, -33.016803034163523, 0.0 ], [ -68.927479779218828, -33.01685890868805, 0.0 ], [ -68.927768686701256, -33.016898210686712, 0.0 ], [ -68.927773073539143, -33.01689839356024, 0.0 ], [ -68.92777756854656, -33.016898486328785, 0.0 ], [ -68.927781955678498, -33.01689830853249, 0.0 ], [ -68.927786449836148, -33.016898130797948, 0.0 ], [ -68.927790945211044, -33.016897772729081, 0.0 ], [ -68.927795225611149, -33.01689723420084, 0.0 ], [ -68.927799613110437, -33.016896605566984, 0.0 ], [ -68.927803894727646, -33.016895886704283, 0.0 ], [ -68.927808175421504, -33.016894987506078, 0.0 ], [ -68.927812563214474, -33.016893998202193, 0.0 ], [ -68.927816630003633, -33.016892918545111, 0.0 ], [ -68.927820805035623, -33.016891658615634, 0.0 ], [ -68.927824979070664, -33.016890308518015, 0.0 ], [ -68.92782904622679, -33.016888778023578, 0.0 ], [ -68.927833006430504, -33.016887157299749, 0.0 ], [ -68.927838893904976, -33.016884545848384, 0.0 ], [ -68.927842640277206, -33.016882654498332, 0.0 ], [ -68.92784638672272, -33.016880672980797, 0.0 ], [ -68.927850026215793, -33.016878601233877, 0.0 ], [ -68.927853665855551, -33.016876349152099, 0.0 ], [ -68.927857091516401, -33.016874007680762, 0.0 ], [ -68.927860517251261, -33.016871575140286, 0.0 ], [ -68.927865228395618, -33.016867790831185, 0.0 ], [ -68.928039007002837, -33.016695403557193, 0.0 ], [ -68.928041897744805, -33.016692790368324, 0.0 ], [ -68.92804739720637, -33.016688234673495, 0.0 ], [ -68.928131295257757, -33.01661872605132, 0.0 ], [ -68.92815870157699, -33.016598544324431, 0.0 ], [ -68.928228925557519, -33.016557198775232, 0.0 ], [ -68.928238879646102, -33.016552335457362, 0.0 ], [ -68.928353195940332, -33.016504253525177, 0.0 ], [ -68.928365296838336, -33.016488932007121, 0.0 ], [ -68.928367010869593, -33.016485596795782, 0.0 ], [ -68.928369047070007, -33.016480909257815, 0.0 ], [ -68.928370548216989, -33.016476131245305, 0.0 ], [ -68.928371727217865, -33.016471353047891, 0.0 ], [ -68.928372586359046, -33.016466394332042, 0.0 ], [ -68.928372910301178, -33.016461525476473, 0.0 ], [ -68.928372913240537, -33.016456566269248, 0.0 ], [ -68.928372595104321, -33.016451606877773, 0.0 ], [ -68.928371741769283, -33.01644673734657, 0.0 ], [ -68.928370460332872, -33.016441868471354, 0.0 ], [ -68.928368857748865, -33.01643708867757, 0.0 ], [ -68.928366826918534, -33.016432488972853, 0.0 ], [ -68.928364583035403, -33.016427979313271, 0.0 ], [ -68.928361909908688, -33.016423559574669, 0.0 ], [ -68.928358809533094, -33.016419410093107, 0.0 ], [ -68.928355279914001, -33.016415350532505, 0.0 ], [ -68.928351537096432, -33.01641156135171, 0.0 ], [ -68.928347471987621, -33.016407952320669, 0.0 ], [ -68.92825054038083, -33.016373542843489, 0.0 ], [ -68.928044688614719, -33.016307150371141, 0.0 ], [ -68.927953207267691, -33.016284195069169, 0.0 ], [ -68.927515369940508, -33.016196567514655, 0.0 ] ] ] ] } },
{ "type": "Feature", "properties": { "ccpp1": "1104 1068", "LAYER_2": "PADRONES_COMPUERTAS" }, "geometry": { "type": "MultiPolygon", "coordinates": [ [ [ [ -68.958163521940165, -33.033630973558324, 0.0 ], [ -68.958682254555413, -33.034765298344105, 0.0 ], [ -68.959465098648153, -33.034656618541881, 0.0 ], [ -68.958947831192873, -33.033515980960061, 0.0 ], [ -68.958163521940165, -33.033630973558324, 0.0 ] ] ] ] } },
{ "type": "Feature", "properties": { "ccpp1": "1104 1055", "LAYER_2": "PADRONES_COMPUERTAS" }, "geometry": { "type": "MultiPolygon", "coordinates": [ [ [ [ -68.931731809169349, -33.012656055115592, 0.0 ], [ -68.930607475955355, -33.012900387725239, 0.0 ], [ -68.93034233224914, -33.012958004937765, 0.0 ], [ -68.930642399350134, -33.013422236122167, 0.0 ], [ -68.931923486304697, -33.013121393390151, 0.0 ], [ -68.931731809169349, -33.012656055115592, 0.0 ] ] ] ] } },
{ "type": "Feature", "properties": { "ccpp1": "1104 1055", "LAYER_2": "PADRONES_COMPUERTAS" }, "geometry": { "type": "MultiPolygon", "coordinates": [ [ [ [ -68.931070462748067, -33.013077742651276, 0.0 ], [ -68.931188177800763, -33.013294285687032, 0.0 ], [ -68.931923486304697, -33.013121393390151, 0.0 ], [ -68.931836121614765, -33.012909297094595, 0.0 ], [ -68.931070462748067, -33.013077742651276, 0.0 ] ] ] ] } },
{ "type": "Feature", "properties": { "ccpp1": "1104 1056", "LAYER_2": "PADRONES_COMPUERTAS" }, "geometry": { "type": "MultiPolygon", "coordinates": [ [ [ [ -68.930123591964019, -33.009360411710198, 0.0 ], [ -68.930130129376082, -33.009328138095682, 0.0 ], [ -68.929811704242653, -33.00928260157621, 0.0 ], [ -68.929539311289929, -33.010611493160368, 0.0 ], [ -68.929859547821025, -33.010656655387912, 0.0 ], [ -68.930123591964019, -33.009360411710198, 0.0 ] ] ] ] } },
{ "type": "Feature", "properties": { "ccpp1": "1104 1056", "LAYER_2": "PADRONES_COMPUERTAS" }, "geometry": { "type": "MultiPolygon", "coordinates": [ [ [ [ -68.930123591964019, -33.009360411710198, 0.0 ], [ -68.930130129376082, -33.009328138095682, 0.0 ], [ -68.929811704242653, -33.00928260157621, 0.0 ], [ -68.929539311289929, -33.010611493160368, 0.0 ], [ -68.929859547821025, -33.010656655387912, 0.0 ], [ -68.930123591964019, -33.009360411710198, 0.0 ] ] ] ] } },
{ "type": "Feature", "properties": { "ccpp1": "1104 1056", "LAYER_2": "PADRONES_COMPUERTAS" }, "geometry": { "type": "MultiPolygon", "coordinates": [ [ [ [ -68.930123591964019, -33.009360411710198, 0.0 ], [ -68.930130129376082, -33.009328138095682, 0.0 ], [ -68.929811704242653, -33.00928260157621, 0.0 ], [ -68.929539311289929, -33.010611493160368, 0.0 ], [ -68.929859547821025, -33.010656655387912, 0.0 ], [ -68.930123591964019, -33.009360411710198, 0.0 ] ] ] ] } },
{ "type": "Feature", "properties": { "ccpp1": "1104 1056", "LAYER_2": "PADRONES_COMPUERTAS" }, "geometry": { "type": "MultiPolygon", "coordinates": [ [ [ [ -68.930123591964019, -33.009360411710198, 0.0 ], [ -68.930130129376082, -33.009328138095682, 0.0 ], [ -68.929811704242653, -33.00928260157621, 0.0 ], [ -68.929539311289929, -33.010611493160368, 0.0 ], [ -68.929859547821025, -33.010656655387912, 0.0 ], [ -68.930123591964019, -33.009360411710198, 0.0 ] ] ] ] } },
{ "type": "Feature", "properties": { "ccpp1": "1104 1057", "LAYER_2": "PADRONES_COMPUERTAS" }, "geometry": { "type": "MultiPolygon", "coordinates": [ [ [ [ -68.930123591964019, -33.009360411710198, 0.0 ], [ -68.930130129376082, -33.009328138095682, 0.0 ], [ -68.929811704242653, -33.00928260157621, 0.0 ], [ -68.929539311289929, -33.010611493160368, 0.0 ], [ -68.929859547821025, -33.010656655387912, 0.0 ], [ -68.930123591964019, -33.009360411710198, 0.0 ] ] ] ] } },
{ "type": "Feature", "properties": { "ccpp1": "1104 1058", "LAYER_2": "PADRONES_COMPUERTAS" }, "geometry": { "type": "MultiPolygon", "coordinates": [ [ [ [ -68.930123591964019, -33.009360411710198, 0.0 ], [ -68.930130129376082, -33.009328138095682, 0.0 ], [ -68.929811704242653, -33.00928260157621, 0.0 ], [ -68.929539311289929, -33.010611493160368, 0.0 ], [ -68.929859547821025, -33.010656655387912, 0.0 ], [ -68.930123591964019, -33.009360411710198, 0.0 ] ] ] ] } },
{ "type": "Feature", "properties": { "ccpp1": "1104 1059", "LAYER_2": "PADRONES_COMPUERTAS" }, "geometry": { "type": "MultiPolygon", "coordinates": [ [ [ [ -68.930123591964019, -33.009360411710198, 0.0 ], [ -68.930130129376082, -33.009328138095682, 0.0 ], [ -68.929811704242653, -33.00928260157621, 0.0 ], [ -68.929539311289929, -33.010611493160368, 0.0 ], [ -68.929859547821025, -33.010656655387912, 0.0 ], [ -68.930123591964019, -33.009360411710198, 0.0 ] ] ] ] } },
{ "type": "Feature", "properties": { "ccpp1": "1104 1060", "LAYER_2": "PADRONES_COMPUERTAS" }, "geometry": { "type": "MultiPolygon", "coordinates": [ [ [ [ -68.930123591964019, -33.009360411710198, 0.0 ], [ -68.930130129376082, -33.009328138095682, 0.0 ], [ -68.929811704242653, -33.00928260157621, 0.0 ], [ -68.929539311289929, -33.010611493160368, 0.0 ], [ -68.929859547821025, -33.010656655387912, 0.0 ], [ -68.930123591964019, -33.009360411710198, 0.0 ] ] ] ] } },
{ "type": "Feature", "properties": { "ccpp1": "1104 1061", "LAYER_2": "PADRONES_COMPUERTAS" }, "geometry": { "type": "MultiPolygon", "coordinates": [ [ [ [ -68.930123591964019, -33.009360411710198, 0.0 ], [ -68.930130129376082, -33.009328138095682, 0.0 ], [ -68.929811704242653, -33.00928260157621, 0.0 ], [ -68.929539311289929, -33.010611493160368, 0.0 ], [ -68.929859547821025, -33.010656655387912, 0.0 ], [ -68.930123591964019, -33.009360411710198, 0.0 ] ] ] ] } },
{ "type": "Feature", "properties": { "ccpp1": "1104 1062", "LAYER_2": "PADRONES_COMPUERTAS" }, "geometry": { "type": "MultiPolygon", "coordinates": [ [ [ [ -68.930123591964019, -33.009360411710198, 0.0 ], [ -68.930130129376082, -33.009328138095682, 0.0 ], [ -68.929811704242653, -33.00928260157621, 0.0 ], [ -68.929539311289929, -33.010611493160368, 0.0 ], [ -68.929859547821025, -33.010656655387912, 0.0 ], [ -68.930123591964019, -33.009360411710198, 0.0 ] ] ] ] } },
{ "type": "Feature", "properties": { "ccpp1": "1104 1063", "LAYER_2": "PADRONES_COMPUERTAS" }, "geometry": { "type": "MultiPolygon", "coordinates": [ [ [ [ -68.930123591964019, -33.009360411710198, 0.0 ], [ -68.930130129376082, -33.009328138095682, 0.0 ], [ -68.929811704242653, -33.00928260157621, 0.0 ], [ -68.929539311289929, -33.010611493160368, 0.0 ], [ -68.929859547821025, -33.010656655387912, 0.0 ], [ -68.930123591964019, -33.009360411710198, 0.0 ] ] ] ] } },
{ "type": "Feature", "properties": { "ccpp1": "1104 1064", "LAYER_2": "PADRONES_COMPUERTAS" }, "geometry": { "type": "MultiPolygon", "coordinates": [ [ [ [ -68.930123591964019, -33.009360411710198, 0.0 ], [ -68.930130129376082, -33.009328138095682, 0.0 ], [ -68.929811704242653, -33.00928260157621, 0.0 ], [ -68.929539311289929, -33.010611493160368, 0.0 ], [ -68.929859547821025, -33.010656655387912, 0.0 ], [ -68.930123591964019, -33.009360411710198, 0.0 ] ] ] ] } },
{ "type": "Feature", "properties": { "ccpp1": "1104 1085", "LAYER_2": "PADRONES_COMPUERTAS" }, "geometry": { "type": "MultiPolygon", "coordinates": [ [ [ [ -68.946014310692419, -33.038398526420337, 0.0 ], [ -68.94629716398795, -33.038361499627143, 0.0 ], [ -68.945582712484239, -33.037123285421977, 0.0 ], [ -68.945288468221889, -33.037161598469311, 0.0 ], [ -68.946014310692419, -33.038398526420337, 0.0 ] ] ] ] } },
{ "type": "Feature", "properties": { "ccpp1": "1104 1088", "LAYER_2": "PADRONES_COMPUERTAS" }, "geometry": { "type": "MultiPolygon", "coordinates": [ [ [ [ -68.936471378065988, -33.034081211368289, 0.0 ], [ -68.935721088928474, -33.034266943359803, 0.0 ], [ -68.935815650750058, -33.034544762831906, 0.0 ], [ -68.936210628200158, -33.034449174078397, 0.0 ], [ -68.93629350130017, -33.034691182225345, 0.0 ], [ -68.936647498265103, -33.034604968885724, 0.0 ], [ -68.936559437905657, -33.034343090163262, 0.0 ], [ -68.936471378065988, -33.034081211368289, 0.0 ] ] ] ] } },
{ "type": "Feature", "properties": { "ccpp1": "1104 1089", "LAYER_2": "PADRONES_COMPUERTAS" }, "geometry": { "type": "MultiPolygon", "coordinates": [ [ [ [ -68.935721088928474, -33.034266943359803, 0.0 ], [ -68.934704918334162, -33.034518569545732, 0.0 ], [ -68.934753102000229, -33.034655601071414, 0.0 ], [ -68.934599085196581, -33.034693849604899, 0.0 ], [ -68.934659308576769, -33.034824960327057, 0.0 ], [ -68.935815650750058, -33.034544762831906, 0.0 ], [ -68.935721088928474, -33.034266943359803, 0.0 ] ] ] ] } },
{ "type": "Feature", "properties": { "ccpp1": "1104 1086", "LAYER_2": "PADRONES_COMPUERTAS" }, "geometry": { "type": "MultiPolygon", "coordinates": [ [ [ [ -68.936212229208081, -33.034827744424071, 0.0 ], [ -68.936128346228628, -33.034583356368934, 0.0 ], [ -68.934846495948889, -33.034891865418018, 0.0 ], [ -68.934914825976591, -33.035043654002308, 0.0 ], [ -68.934912370630499, -33.03524107204656, 0.0 ], [ -68.934488891183449, -33.035344157684257, 0.0 ], [ -68.934574187951327, -33.035529853925837, 0.0 ], [ -68.934659481868991, -33.035715544692309, 0.0 ], [ -68.934744462994317, -33.035900552666227, 0.0 ], [ -68.934829416686696, -33.036085499249033, 0.0 ], [ -68.934914070404616, -33.036269793703788, 0.0 ], [ -68.935319813471892, -33.036170429496302, 0.0 ], [ -68.936003516809947, -33.03600298997695, 0.0 ], [ -68.936390424072698, -33.035908234893412, 0.0 ], [ -68.937064649163631, -33.035743110725207, 0.0 ], [ -68.937556480774333, -33.035622925549504, 0.0 ], [ -68.93804017108549, -33.035504941171375, 0.0 ], [ -68.938810786774809, -33.035314370560975, 0.0 ], [ -68.938324584848161, -33.034234742617777, 0.0 ], [ -68.93803383854727, -33.034305560454605, 0.0 ], [ -68.937898334906379, -33.034408395728818, 0.0 ], [ -68.936212229208081, -33.034827744424071, 0.0 ] ] ] ] } },
{ "type": "Feature", "properties": { "ccpp1": "1104 1093", "LAYER_2": "PADRONES_COMPUERTAS" }, "geometry": { "type": "MultiPolygon", "coordinates": [ [ [ [ -68.953972971208685, -33.028247820800509, 0.0 ], [ -68.954425608386302, -33.029014846276397, 0.0 ], [ -68.956023424924425, -33.028764466037153, 0.0 ], [ -68.957119228175003, -33.028614182264313, 0.0 ], [ -68.956896780085017, -33.02784942375925, 0.0 ], [ -68.953972971208685, -33.028247820800509, 0.0 ] ] ] ] } },
{ "type": "Feature", "properties": { "ccpp1": "1104 1094", "LAYER_2": "PADRONES_COMPUERTAS" }, "geometry": { "type": "MultiPolygon", "coordinates": [ [ [ [ -68.939819371695449, -33.027765243108384, 0.0 ], [ -68.939040801734791, -33.027893814813197, 0.0 ], [ -68.939154014898534, -33.028125495062731, 0.0 ], [ -68.939935997196201, -33.027995831326706, 0.0 ], [ -68.939819371695449, -33.027765243108384, 0.0 ] ] ] ] } },
{ "type": "Feature", "properties": { "ccpp1": "1104 61", "LAYER_2": "PADRONES_COMPUERTAS" }, "geometry": { "type": "MultiPolygon", "coordinates": [ [ [ [ -68.966820664459121, -33.037962395706884, 0.0 ], [ -68.96578646631815, -33.038415170792696, 0.0 ], [ -68.966628425390354, -33.039800898842216, 0.0 ], [ -68.967779036807997, -33.039501538179003, 0.0 ], [ -68.966820664459121, -33.037962395706884, 0.0 ] ] ] ] } },
{ "type": "Feature", "properties": { "ccpp1": "1104 1096", "LAYER_2": "PADRONES_COMPUERTAS" }, "geometry": { "type": "MultiPolygon", "coordinates": [ [ [ [ -68.936341917409564, -33.032678303313808, 0.0 ], [ -68.936518834257328, -33.033149934485344, 0.0 ], [ -68.93701197080847, -33.033030081679385, 0.0 ], [ -68.936828583847429, -33.032561032189101, 0.0 ], [ -68.936341917409564, -33.032678303313808, 0.0 ] ] ] ] } },
{ "type": "Feature", "properties": { "ccpp1": "1104 1082", "LAYER_2": "PADRONES_COMPUERTAS" }, "geometry": { "type": "MultiPolygon", "coordinates": [ [ [ [ -68.94414804568018, -33.021510070800133, 0.0 ], [ -68.943876692541892, -33.021750296473741, 0.0 ], [ -68.94321379398508, -33.021970352749634, 0.0 ], [ -68.942647578844628, -33.021800388027394, 0.0 ], [ -68.942319335064724, -33.021174141570903, 0.0 ], [ -68.941734091258439, -33.021262958689228, 0.0 ], [ -68.94157395703192, -33.020957437327738, 0.0 ], [ -68.941222496246581, -33.021027158838045, 0.0 ], [ -68.941534223892219, -33.021636660439327, 0.0 ], [ -68.943461504752676, -33.022340500595263, 0.0 ], [ -68.943641163968366, -33.02233189870261, 0.0 ], [ -68.944493270550254, -33.022144510909101, 0.0 ], [ -68.94414804568018, -33.021510070800133, 0.0 ] ] ] ] } },
{ "type": "Feature", "properties": { "ccpp1": "1104 1097", "LAYER_2": "PADRONES_COMPUERTAS" }, "geometry": { "type": "MultiPolygon", "coordinates": [ [ [ [ -68.935746051798773, -33.031398901003882, 0.0 ], [ -68.936208792134281, -33.032402652714651, 0.0 ], [ -68.937096715772611, -33.032198669556038, 0.0 ], [ -68.936633971434787, -33.031194919943907, 0.0 ], [ -68.935746051798773, -33.031398901003882, 0.0 ] ] ] ] } },
{ "type": "Feature", "properties": { "ccpp1": "1104 1043", "LAYER_2": "PADRONES_COMPUERTAS" }, "geometry": { "type": "MultiPolygon", "coordinates": [ [ [ [ -68.931121826798503, -33.011278960783855, 0.0 ], [ -68.930594209341734, -33.0111982454806, 0.0 ], [ -68.930583402006079, -33.011396404867781, 0.0 ], [ -68.93111241669456, -33.011477333782771, 0.0 ], [ -68.931121826798503, -33.011278960783855, 0.0 ] ] ] ] } },
{ "type": "Feature", "properties": { "ccpp1": "1104 1044", "LAYER_2": "PADRONES_COMPUERTAS" }, "geometry": { "type": "MultiPolygon", "coordinates": [ [ [ [ -68.931131236859486, -33.01108058777784, 0.0 ], [ -68.930605016637827, -33.01100008608757, 0.0 ], [ -68.930594209351312, -33.011198245482056, 0.0 ], [ -68.931121826798503, -33.011278960783855, 0.0 ], [ -68.931131236859486, -33.01108058777784, 0.0 ] ] ] ] } },
{ "type": "Feature", "properties": { "ccpp1": "1104 1045", "LAYER_2": "PADRONES_COMPUERTAS" }, "geometry": { "type": "MultiPolygon", "coordinates": [ [ [ [ -68.931140646657568, -33.01088221473114, 0.0 ], [ -68.930615823875172, -33.01080192668578, 0.0 ], [ -68.930605016637841, -33.01100008608757, 0.0 ], [ -68.931131236859486, -33.01108058777784, 0.0 ], [ -68.931140646657568, -33.01088221473114, 0.0 ] ] ] ] } },
{ "type": "Feature", "properties": { "ccpp1": "1104 1047", "LAYER_2": "PADRONES_COMPUERTAS" }, "geometry": { "type": "MultiPolygon", "coordinates": [ [ [ [ -68.941401177859973, -33.03654125837317, 0.0 ], [ -68.94111902847375, -33.036575266118057, 0.0 ], [ -68.941173680355533, -33.036898999872307, 0.0 ], [ -68.94145920087675, -33.036864803193318, 0.0 ], [ -68.941401177859973, -33.03654125837317, 0.0 ] ] ] ] } },
{ "type": "Feature", "properties": { "ccpp1": "1104 1104", "LAYER_2": "PADRONES_COMPUERTAS" }, "geometry": { "type": "MultiPolygon", "coordinates": [ [ [ [ -68.960922917898003, -33.036591121630678, 0.0 ], [ -68.961104472711142, -33.037198358599419, 0.0 ], [ -68.961203931913133, -33.03753101258345, 0.0 ], [ -68.961305790582998, -33.037871687582495, 0.0 ], [ -68.961729240866433, -33.03781773953726, 0.0 ], [ -68.961734330355995, -33.037817090993116, 0.0 ], [ -68.961341027956266, -33.036552000305299, 0.0 ], [ -68.961334552057863, -33.036531019104515, 0.0 ], [ -68.961013746651886, -33.036575702605148, 0.0 ], [ -68.960922917898003, -33.036591121630678, 0.0 ] ] ] ] } },
{ "type": "Feature", "properties": { "ccpp1": "1104 1033", "LAYER_2": "PADRONES_COMPUERTAS" }, "geometry": { "type": "MultiPolygon", "coordinates": [ [ [ [ -68.960922917898003, -33.036591121630678, 0.0 ], [ -68.961104472711142, -33.037198358599419, 0.0 ], [ -68.961203931913133, -33.03753101258345, 0.0 ], [ -68.961305790582998, -33.037871687582495, 0.0 ], [ -68.961729240866433, -33.03781773953726, 0.0 ], [ -68.961734330355995, -33.037817090993116, 0.0 ], [ -68.961341027956266, -33.036552000305299, 0.0 ], [ -68.961334552057863, -33.036531019104515, 0.0 ], [ -68.961013746651886, -33.036575702605148, 0.0 ], [ -68.960922917898003, -33.036591121630678, 0.0 ] ] ] ] } },
{ "type": "Feature", "properties": { "ccpp1": "1104 1034", "LAYER_2": "PADRONES_COMPUERTAS" }, "geometry": { "type": "MultiPolygon", "coordinates": [ [ [ [ -68.960922917898003, -33.036591121630678, 0.0 ], [ -68.961104472711142, -33.037198358599419, 0.0 ], [ -68.961203931913133, -33.03753101258345, 0.0 ], [ -68.961305790582998, -33.037871687582495, 0.0 ], [ -68.961729240866433, -33.03781773953726, 0.0 ], [ -68.961734330355995, -33.037817090993116, 0.0 ], [ -68.961341027956266, -33.036552000305299, 0.0 ], [ -68.961334552057863, -33.036531019104515, 0.0 ], [ -68.961013746651886, -33.036575702605148, 0.0 ], [ -68.960922917898003, -33.036591121630678, 0.0 ] ] ] ] } },
{ "type": "Feature", "properties": { "ccpp1": "1104 1038", "LAYER_2": "PADRONES_COMPUERTAS" }, "geometry": { "type": "MultiPolygon", "coordinates": [ [ [ [ -68.960922917898003, -33.036591121630678, 0.0 ], [ -68.961104472711142, -33.037198358599419, 0.0 ], [ -68.961203931913133, -33.03753101258345, 0.0 ], [ -68.961305790582998, -33.037871687582495, 0.0 ], [ -68.961729240866433, -33.03781773953726, 0.0 ], [ -68.961734330355995, -33.037817090993116, 0.0 ], [ -68.961341027956266, -33.036552000305299, 0.0 ], [ -68.961334552057863, -33.036531019104515, 0.0 ], [ -68.961013746651886, -33.036575702605148, 0.0 ], [ -68.960922917898003, -33.036591121630678, 0.0 ] ] ] ] } },
{ "type": "Feature", "properties": { "ccpp1": "1104 1113", "LAYER_2": "PADRONES_COMPUERTAS" }, "geometry": { "type": "MultiPolygon", "coordinates": [ [ [ [ -68.931165417283012, -33.012186610182376, 0.0 ], [ -68.931069785152246, -33.01188470635919, 0.0 ], [ -68.930896607067083, -33.011860701523965, 0.0 ], [ -68.931010209903604, -33.012219339814621, 0.0 ], [ -68.931165417283012, -33.012186610182376, 0.0 ] ] ] ] } },
{ "type": "Feature", "properties": { "ccpp1": "1104 1114", "LAYER_2": "PADRONES_COMPUERTAS" }, "geometry": { "type": "MultiPolygon", "coordinates": [ [ [ [ -68.931010209903604, -33.012219339814621, 0.0 ], [ -68.930896607067083, -33.011860701523965, 0.0 ], [ -68.930752388599856, -33.011840710691878, 0.0 ], [ -68.930880956848227, -33.012246596116668, 0.0 ], [ -68.931010209903604, -33.012219339814621, 0.0 ] ] ] ] } },
{ "type": "Feature", "properties": { "ccpp1": "1104 1098", "LAYER_2": "PADRONES_COMPUERTAS" }, "geometry": { "type": "MultiPolygon", "coordinates": [ [ [ [ -68.94663243086751, -33.0374726796624, 0.0 ], [ -68.947005610134283, -33.03768474812788, 0.0 ], [ -68.947048963843216, -33.037667128617763, 0.0 ], [ -68.946657260148768, -33.036983359186479, 0.0 ], [ -68.946372805491933, -33.037020656620072, 0.0 ], [ -68.94663243086751, -33.0374726796624, 0.0 ] ] ] ] } },
{ "type": "Feature", "properties": { "ccpp1": "1104 508", "LAYER_2": "PADRONES_COMPUERTAS" }, "geometry": { "type": "MultiPolygon", "coordinates": [ [ [ [ -68.964688727065905, -33.029106707709424, 0.0 ], [ -68.964649333834529, -33.029133925269321, 0.0 ], [ -68.965492993017349, -33.030437319125433, 0.0 ], [ -68.965527675504333, -33.030426959477076, 0.0 ], [ -68.965339919486766, -33.029565023867498, 0.0 ], [ -68.964688727065905, -33.029106707709424, 0.0 ] ] ] ] } },
{ "type": "Feature", "properties": { "ccpp1": "1104 926", "LAYER_2": "PADRONES_COMPUERTAS" }, "geometry": { "type": "MultiPolygon", "coordinates": [ [ [ [ -68.945491998326801, -33.03350222406646, 0.0 ], [ -68.94559959844895, -33.033712692361533, 0.0 ], [ -68.946308742943515, -33.033614739580663, 0.0 ], [ -68.94619965595183, -33.033403074982331, 0.0 ], [ -68.945491998326801, -33.03350222406646, 0.0 ] ] ] ] } },
{ "type": "Feature", "properties": { "ccpp1": "1104 1049", "LAYER_2": "PADRONES_COMPUERTAS" }, "geometry": { "type": "MultiPolygon", "coordinates": [ [ [ [ -68.94489269168227, -33.033810331820099, 0.0 ], [ -68.94500069268851, -33.034021581690588, 0.0 ], [ -68.94570759483679, -33.033923942479717, 0.0 ], [ -68.94559959844895, -33.033712692361533, 0.0 ], [ -68.94489269168227, -33.033810331820099, 0.0 ] ] ] ] } },
{ "type": "Feature", "properties": { "ccpp1": "1104 1050", "LAYER_2": "PADRONES_COMPUERTAS" }, "geometry": { "type": "MultiPolygon", "coordinates": [ [ [ [ -68.94500069268851, -33.034021581690588, 0.0 ], [ -68.945109292696358, -33.034234002091381, 0.0 ], [ -68.945816897235787, -33.034137746139571, 0.0 ], [ -68.94570759483679, -33.033923942479717, 0.0 ], [ -68.94500069268851, -33.034021581690588, 0.0 ] ] ] ] } },
{ "type": "Feature", "properties": { "ccpp1": "1104 1051", "LAYER_2": "PADRONES_COMPUERTAS" }, "geometry": { "type": "MultiPolygon", "coordinates": [ [ [ [ -68.94570759483679, -33.033923942479717, 0.0 ], [ -68.94581689723617, -33.034137746139528, 0.0 ], [ -68.946527046441432, -33.034038173117295, 0.0 ], [ -68.946417580848646, -33.033825873067251, 0.0 ], [ -68.94570759483679, -33.033923942479717, 0.0 ] ] ] ] } },
{ "type": "Feature", "properties": { "ccpp1": "1104 1052", "LAYER_2": "PADRONES_COMPUERTAS" }, "geometry": { "type": "MultiPolygon", "coordinates": [ [ [ [ -68.94559959844895, -33.033712692361533, 0.0 ], [ -68.94570759483679, -33.033923942479717, 0.0 ], [ -68.946417580848646, -33.033825873067251, 0.0 ], [ -68.946308742943273, -33.033614739580209, 0.0 ], [ -68.94559959844895, -33.033712692361533, 0.0 ] ] ] ] } },
{ "type": "Feature", "properties": { "ccpp1": "1104 1078", "LAYER_2": "PADRONES_COMPUERTAS" }, "geometry": { "type": "MultiPolygon", "coordinates": [ [ [ [ -68.946657260148768, -33.036983359186479, 0.0 ], [ -68.946808020139912, -33.037246531288041, 0.0 ], [ -68.946831280283405, -33.03728713535299, 0.0 ], [ -68.947448176089637, -33.037200654099514, 0.0 ], [ -68.947549989138366, -33.037398486554679, 0.0 ], [ -68.94694375505145, -33.037483474400112, 0.0 ], [ -68.946952175413472, -33.037498173421412, 0.0 ], [ -68.947322951092019, -33.03814540055366, 0.0 ], [ -68.947366480147053, -33.03822138473371, 0.0 ], [ -68.948594782878743, -33.038049226773602, 0.0 ], [ -68.948007534351902, -33.036910185941437, 0.0 ], [ -68.947477225597282, -33.0369845329732, 0.0 ], [ -68.947346389759801, -33.037002872589873, 0.0 ], [ -68.947218173556777, -33.036753734604183, 0.0 ], [ -68.947217954086454, -33.036753765168164, 0.0 ], [ -68.946577378105161, -33.036843565925011, 0.0 ], [ -68.946657260148768, -33.036983359186479, 0.0 ] ] ] ] } },
{ "type": "Feature", "properties": { "ccpp1": "1104 1081", "LAYER_2": "PADRONES_COMPUERTAS" }, "geometry": { "type": "MultiPolygon", "coordinates": [ [ [ [ -68.945041496078574, -33.032644328520092, 0.0 ], [ -68.945156035368115, -33.032868385815583, 0.0 ], [ -68.945156077030461, -33.032868379975589, 0.0 ], [ -68.945872270153984, -33.032767975928458, 0.0 ], [ -68.945757307296375, -33.032544968582513, 0.0 ], [ -68.945041496078574, -33.032644328520092, 0.0 ] ] ] ] } },
{ "type": "Feature", "properties": { "ccpp1": "1104 411", "LAYER_2": "PADRONES_COMPUERTAS" }, "geometry": { "type": "MultiPolygon", "coordinates": [ [ [ [ -68.940369618994382, -33.036429138752759, 0.0 ], [ -68.94002723015565, -33.036471627323699, 0.0 ], [ -68.940128783734949, -33.037023948083537, 0.0 ], [ -68.940167833345583, -33.037019274525022, 0.0 ], [ -68.940115236515666, -33.036700489010798, 0.0 ], [ -68.940408728111521, -33.036666134392441, 0.0 ], [ -68.940369618994382, -33.036429138752759, 0.0 ] ] ] ] } },
{ "type": "Feature", "properties": { "ccpp1": "1104 1126", "LAYER_2": "PADRONES_COMPUERTAS" }, "geometry": { "type": "MultiPolygon", "coordinates": [ [ [ [ -68.936276058485859, -33.039137149196748, 0.0 ], [ -68.936124407487128, -33.039192778123358, 0.0 ], [ -68.936129103816924, -33.039202476408249, 0.0 ], [ -68.936381168474625, -33.039705368868539, 0.0 ], [ -68.936701266818844, -33.039664640893186, 0.0 ], [ -68.936427709281503, -33.039081520089752, 0.0 ], [ -68.936276058485859, -33.039137149196748, 0.0 ] ] ] ] } },
{ "type": "Feature", "properties": { "ccpp1": "1104 1121", "LAYER_2": "PADRONES_COMPUERTAS" }, "geometry": { "type": "MultiPolygon", "coordinates": [ [ [ [ -68.941428412528509, -33.02421852038399, 0.0 ], [ -68.941699608310486, -33.024171422229927, 0.0 ], [ -68.941700756813276, -33.024171222772999, 0.0 ], [ -68.941533489884506, -33.023494621526503, 0.0 ], [ -68.941266335815044, -33.023539902541224, 0.0 ], [ -68.941428412528509, -33.02421852038399, 0.0 ] ] ] ] } },
{ "type": "Feature", "properties": { "ccpp1": "1104 1067", "LAYER_2": "PADRONES_COMPUERTAS" }, "geometry": { "type": "MultiPolygon", "coordinates": [ [ [ [ -68.946059584931859, -33.037007357201524, 0.0 ], [ -68.946806236091845, -33.03829319068015, 0.0 ], [ -68.94708373479483, -33.03825841399815, 0.0 ], [ -68.946372805491933, -33.037020656620072, 0.0 ], [ -68.946657260148768, -33.036983359186479, 0.0 ], [ -68.946577378105161, -33.036843565925011, 0.0 ], [ -68.946385996400352, -33.036509537155425, 0.0 ], [ -68.946004628542113, -33.035843906588489, 0.0 ], [ -68.945813857587126, -33.035510746366114, 0.0 ], [ -68.945449856707413, -33.0348753600083, 0.0 ], [ -68.945337467238687, -33.034681621798555, 0.0 ], [ -68.945274281581533, -33.03455681263798, 0.0 ], [ -68.945116685251946, -33.034248461806712, 0.0 ], [ -68.94489269168227, -33.033810331820099, 0.0 ], [ -68.943805163638501, -33.031682909856691, 0.0 ], [ -68.943228075314437, -33.031757530399794, 0.0 ], [ -68.943330899775219, -33.031955973882368, 0.0 ], [ -68.943311199124423, -33.03196308814438, 0.0 ], [ -68.944685583019023, -33.034630940981394, 0.0 ], [ -68.944724706140448, -33.034698608051038, 0.0 ], [ -68.946059584931859, -33.037007357201524, 0.0 ] ] ] ] } },
{ "type": "Feature", "properties": { "ccpp1": "1104 1067", "LAYER_2": "PADRONES_COMPUERTAS" }, "geometry": { "type": "MultiPolygon", "coordinates": [ [ [ [ -68.946806236091845, -33.03829319068015, 0.0 ], [ -68.94708373479483, -33.03825841399815, 0.0 ], [ -68.946372805491933, -33.037020656620072, 0.0 ], [ -68.946088620095836, -33.037057360435156, 0.0 ], [ -68.946806236091845, -33.03829319068015, 0.0 ] ] ] ] } }
]
}
