{
"type": "FeatureCollection",
"name": "Jarillal derechos",
"crs": { "type": "name", "properties": { "name": "urn:ogc:def:crs:OGC:1.3:CRS84" } },
"features": [
{ "type": "Feature", "properties": { "LAYER": "BARRIOS_EMPADRONADOS", "MAP_NAME": "Cl_Jarillal_2026.dwg", "cc pp1": "1044 81" }, "geometry": { "type": "MultiPolygon", "coordinates": [ [ [ [ -68.837358174779197, -32.831969455030148, 0.0 ], [ -68.834376827502979, -32.831646614480121, 0.0 ], [ -68.834616765276607, -32.833746809816653, 0.0 ], [ -68.834928542374428, -32.8348369251054, 0.0 ], [ -68.836521180057659, -32.834491938009393, 0.0 ], [ -68.836828767445951, -32.835639404374007, 0.0 ], [ -68.837195843528292, -32.835592813678758, 0.0 ], [ -68.836993574435624, -32.834583343340618, 0.0 ], [ -68.837683121511148, -32.834711402554056, 0.0 ], [ -68.837677068246052, -32.833918171408577, 0.0 ], [ -68.837458129101265, -32.832035499120707, 0.0 ], [ -68.837358174779197, -32.831969455030148, 0.0 ] ] ] ] } },
{ "type": "Feature", "properties": { "LAYER": "PARCELARIO_2026", "MAP_NAME": "Cl_Jarillal_2026.dwg", "cc pp1": "1044 81" }, "geometry": { "type": "MultiPolygon", "coordinates": [ [ [ [ -68.837158898314996, -32.833656038468774, 0.0 ], [ -68.837168021987935, -32.83374829419995, 0.0 ], [ -68.837177252813717, -32.833840369728627, 0.0 ], [ -68.837183019641401, -32.833899258207872, 0.0 ], [ -68.837633988536695, -32.833938256414157, 0.0 ], [ -68.83763335869989, -32.833932214210463, 0.0 ], [ -68.83760663386893, -32.833769062097858, 0.0 ], [ -68.837590153160434, -32.833669673425902, 0.0 ], [ -68.837581609742884, -32.833669121320462, 0.0 ], [ -68.837372724746231, -32.833654783582197, 0.0 ], [ -68.837265078452518, -32.833647430077136, 0.0 ], [ -68.837157218731548, -32.833639986031926, 0.0 ], [ -68.837158898314996, -32.833656038468774, 0.0 ] ] ] ] } },
{ "type": "Feature", "properties": { "LAYER": "BARRIOS_EMPADRONADOS", "MAP_NAME": "Cl_Jarillal_2026.dwg", "cc pp1": "1044 44" }, "geometry": { "type": "MultiPolygon", "coordinates": [ [ [ [ -68.840545630936319, -32.832422957324987, 0.0 ], [ -68.839088382602924, -32.832066567891907, 0.0 ], [ -68.837548181626815, -32.83200849468686, 0.0 ], [ -68.837808012177462, -32.833871161245035, 0.0 ], [ -68.837801231361809, -32.837003263249024, 0.0 ], [ -68.840336687199965, -32.837351693732288, 0.0 ], [ -68.840411285798822, -32.835686536160928, 0.0 ], [ -68.840497862153711, -32.832868876502801, 0.0 ], [ -68.840545630936319, -32.832422957324987, 0.0 ] ] ] ] } },
{ "type": "Feature", "properties": { "LAYER": "PARCELARIO_2026", "MAP_NAME": "Cl_Jarillal_2026.dwg", "cc pp1": "1044 44" }, "geometry": { "type": "MultiPolygon", "coordinates": [ [ [ [ -68.840408745855044, -32.834661303719599, 0.0 ], [ -68.840413168762083, -32.834577090629743, 0.0 ], [ -68.840337681194896, -32.834563378698057, 0.0 ], [ -68.84026742553543, -32.834550575097218, 0.0 ], [ -68.840033586146319, -32.834513487122138, 0.0 ], [ -68.839937802471226, -32.834501462237519, 0.0 ], [ -68.839616561206753, -32.83445631320258, 0.0 ], [ -68.839598804970322, -32.834545844534119, 0.0 ], [ -68.840408745855044, -32.834661303719599, 0.0 ] ] ] ] } },
{ "type": "Feature", "properties": { "LAYER": "PARCELARIO_2026", "MAP_NAME": "Cl_Jarillal_2026.dwg", "cc pp1": "1044 1416" }, "geometry": { "type": "MultiPolygon", "coordinates": [ [ [ [ -68.843182016973486, -32.839383682063328, 0.0 ], [ -68.842937194598832, -32.839368751315391, 0.0 ], [ -68.843028332524128, -32.839128740549306, 0.0 ], [ -68.843277498425238, -32.839150283304981, 0.0 ], [ -68.84331239946053, -32.839068659236069, 0.0 ], [ -68.843383036744285, -32.838890732452683, 0.0 ], [ -68.843141685904044, -32.838900147811536, 0.0 ], [ -68.843019317091105, -32.838905695830022, 0.0 ], [ -68.843013014429189, -32.838906138774092, 0.0 ], [ -68.842828848182862, -32.838919252778773, 0.0 ], [ -68.842755352599426, -32.838924480485488, 0.0 ], [ -68.842750596754058, -32.838924817155828, 0.0 ], [ -68.842489999451104, -32.838943262836352, 0.0 ], [ -68.842326878404236, -32.838954418848118, 0.0 ], [ -68.842239068761586, -32.838960349576929, 0.0 ], [ -68.842285937529439, -32.83981882590578, 0.0 ], [ -68.843035209032323, -32.839769092384657, 0.0 ], [ -68.843054340186541, -32.83976244380586, 0.0 ], [ -68.843060758130065, -32.839757222001033, 0.0 ], [ -68.843068141667487, -32.839749566819933, 0.0 ], [ -68.843073712249662, -32.83974028630746, 0.0 ], [ -68.843075970696958, -32.839731542661156, 0.0 ], [ -68.843077171808389, -32.839716666137484, 0.0 ], [ -68.843091013355917, -32.839620291892388, 0.0 ], [ -68.843147591153809, -32.839471297573787, 0.0 ], [ -68.843155076900487, -32.839451664348296, 0.0 ], [ -68.843178171752456, -32.839393393050059, 0.0 ], [ -68.843182016973486, -32.839383682063328, 0.0 ] ] ] ] } },
{ "type": "Feature", "properties": { "LAYER": "PARCELARIO_2026", "MAP_NAME": "Cl_Jarillal_2026.dwg", "cc pp1": "1044 259" }, "geometry": { "type": "MultiPolygon", "coordinates": [ [ [ [ -68.841910533487663, -32.838528742617385, 0.0 ], [ -68.841900528251642, -32.838689773404028, 0.0 ], [ -68.841912706311149, -32.838688887087905, 0.0 ], [ -68.841955863732593, -32.83868569547684, 0.0 ], [ -68.84258496685203, -32.838633919256296, 0.0 ], [ -68.842701833671285, -32.838625229539687, 0.0 ], [ -68.842963341429311, -32.838605991062735, 0.0 ], [ -68.843016965931881, -32.838602992558101, 0.0 ], [ -68.843101889532605, -32.838598049533374, 0.0 ], [ -68.84311267839125, -32.838597522038505, 0.0 ], [ -68.843109653830439, -32.838556040096165, 0.0 ], [ -68.843104027360624, -32.83847569166727, 0.0 ], [ -68.843101626859692, -32.838443768515162, 0.0 ], [ -68.842707027946091, -32.83846590586662, 0.0 ], [ -68.842566557420241, -32.83847384454117, 0.0 ], [ -68.841948672158864, -32.838524733140176, 0.0 ], [ -68.841937455419924, -32.838525620673899, 0.0 ], [ -68.841910533487663, -32.838528742617385, 0.0 ] ] ] ] } },
{ "type": "Feature", "properties": { "LAYER": "PARCELARIO_2026", "MAP_NAME": "Cl_Jarillal_2026.dwg", "cc pp1": "1037 3597" }, "geometry": { "type": "MultiPolygon", "coordinates": [ [ [ [ -68.836584598296056, -32.8213583010536, 0.0 ], [ -68.837203728802308, -32.821911867697658, 0.0 ], [ -68.837510917826791, -32.821870896733145, 0.0 ], [ -68.837604156323749, -32.821858460624341, 0.0 ], [ -68.837478453978207, -32.821311028844931, 0.0 ], [ -68.836584598296056, -32.8213583010536, 0.0 ] ] ] ] } },
{ "type": "Feature", "properties": { "LAYER": "PARCELARIO_2026", "MAP_NAME": "Cl_Jarillal_2026.dwg", "cc pp1": "1037 3598" }, "geometry": { "type": "MultiPolygon", "coordinates": [ [ [ [ -68.837478453978207, -32.821311028844931, 0.0 ], [ -68.837604156323749, -32.821858460624341, 0.0 ], [ -68.837510917826791, -32.821870896733145, 0.0 ], [ -68.837511872251739, -32.821956111443633, 0.0 ], [ -68.837512835718982, -32.8220422260625, 0.0 ], [ -68.837514487324967, -32.82218971406202, 0.0 ], [ -68.837514913513843, -32.822227793456484, 0.0 ], [ -68.838098264475079, -32.822413367319363, 0.0 ], [ -68.838104117271385, -32.821277936437866, 0.0 ], [ -68.837478453978207, -32.821311028844931, 0.0 ] ] ] ] } },
{ "type": "Feature", "properties": { "LAYER": "PARCELARIO_2026", "MAP_NAME": "Cl_Jarillal_2026.dwg", "cc pp1": "1037 443" }, "geometry": { "type": "MultiPolygon", "coordinates": [ [ [ [ -68.837400593148288, -32.820914687709944, 0.0 ], [ -68.83744313964003, -32.821125037753447, 0.0 ], [ -68.837488338877222, -32.821299681141987, 0.0 ], [ -68.837478453978207, -32.821311028844931, 0.0 ], [ -68.838104117271385, -32.821277936437866, 0.0 ], [ -68.838098264475079, -32.822413367319363, 0.0 ], [ -68.838359576594698, -32.822496493780804, 0.0 ], [ -68.838369583685051, -32.820042879964269, 0.0 ], [ -68.837131762335687, -32.819749902647068, 0.0 ], [ -68.837147817704746, -32.819816793718566, 0.0 ], [ -68.837400593148288, -32.820914687709944, 0.0 ] ] ] ] } },
{ "type": "Feature", "properties": { "LAYER": "PARCELARIO_2026", "MAP_NAME": "Cl_Jarillal_2026.dwg", "cc pp1": "1037 109" }, "geometry": { "type": "MultiPolygon", "coordinates": [ [ [ [ -68.833755910527117, -32.817850130110095, 0.0 ], [ -68.833895585050328, -32.817878185295953, 0.0 ], [ -68.834780568774576, -32.818052342373207, 0.0 ], [ -68.835156546236078, -32.818125762199408, 0.0 ], [ -68.8351289772055, -32.817976545655284, 0.0 ], [ -68.83500292879495, -32.817290636281037, 0.0 ], [ -68.833568924458191, -32.816969772024549, 0.0 ], [ -68.833667582259721, -32.817431159693214, 0.0 ], [ -68.833755910527117, -32.817850130110095, 0.0 ] ] ] ] } },
{ "type": "Feature", "properties": { "LAYER": "PARCELARIO_2026", "MAP_NAME": "Cl_Jarillal_2026.dwg", "cc pp1": "1044 275" }, "geometry": { "type": "MultiPolygon", "coordinates": [ [ [ [ -68.845104967440193, -32.839791596815914, 0.0 ], [ -68.845206548566651, -32.839800110095887, 0.0 ], [ -68.845174681430024, -32.840069384658079, 0.0 ], [ -68.845375949390657, -32.840107414656678, 0.0 ], [ -68.845378308034498, -32.839735760777629, 0.0 ], [ -68.845385279543422, -32.839657592103222, 0.0 ], [ -68.845609509864431, -32.839701420964822, 0.0 ], [ -68.845612088335926, -32.839507649066988, 0.0 ], [ -68.845423182021733, -32.839481897819105, 0.0 ], [ -68.84514158476351, -32.839443498017992, 0.0 ], [ -68.84512203653486, -32.839628953278599, 0.0 ], [ -68.845111066549762, -32.839733717104693, 0.0 ], [ -68.845104967440193, -32.839791596815914, 0.0 ] ] ] ] } },
{ "type": "Feature", "properties": { "LAYER": "PARCELARIO_2026", "MAP_NAME": "Cl_Jarillal_2026.dwg", "cc pp1": "1044 3" }, "geometry": { "type": "MultiPolygon", "coordinates": [ [ [ [ -68.844953236530273, -32.839034795240174, 0.0 ], [ -68.844915523686083, -32.839408773207602, 0.0 ], [ -68.844918837181083, -32.839409283166447, 0.0 ], [ -68.845023054796584, -32.839425317325208, 0.0 ], [ -68.84514158476351, -32.839443498017992, 0.0 ], [ -68.845423182021733, -32.839481897819105, 0.0 ], [ -68.845447140997223, -32.838537578136396, 0.0 ], [ -68.844975687810845, -32.838459267714562, 0.0 ], [ -68.844953236530273, -32.839034795240174, 0.0 ] ] ] ] } },
{ "type": "Feature", "properties": { "LAYER": "PARCELARIO_2026", "MAP_NAME": "Cl_Jarillal_2026.dwg", "cc pp1": "1047 125" }, "geometry": { "type": "MultiPolygon", "coordinates": [ [ [ [ -68.835798525034392, -32.829816617941866, 0.0 ], [ -68.83651930315726, -32.831809146007252, 0.0 ], [ -68.837506495634202, -32.831861287314489, 0.0 ], [ -68.837429910644587, -32.831670027510313, 0.0 ], [ -68.837353565197319, -32.831479365792298, 0.0 ], [ -68.83698521850765, -32.830559456588475, 0.0 ], [ -68.837710997388129, -32.830501140852043, 0.0 ], [ -68.838106157505692, -32.830469388829869, 0.0 ], [ -68.838487600918654, -32.83043877293926, 0.0 ], [ -68.838757100029, -32.830417118904698, 0.0 ], [ -68.838305554582107, -32.829409247254134, 0.0 ], [ -68.835798525034392, -32.829816617941866, 0.0 ] ] ] ] } },
{ "type": "Feature", "properties": { "LAYER": "PARCELARIO_2026", "MAP_NAME": "Cl_Jarillal_2026.dwg", "cc pp1": "1047 25" }, "geometry": { "type": "MultiPolygon", "coordinates": [ [ [ [ -68.834331430902836, -32.829415165893025, 0.0 ], [ -68.834411089851088, -32.829726563407853, 0.0 ], [ -68.834738286425406, -32.829762754533874, 0.0 ], [ -68.835779887561756, -32.829877958689735, 0.0 ], [ -68.835760308158783, -32.82982263354036, 0.0 ], [ -68.835741927465634, -32.829770581328319, 0.0 ], [ -68.836185811075197, -32.829701371431099, 0.0 ], [ -68.836036000797719, -32.829277736914065, 0.0 ], [ -68.834331430902836, -32.829415165893025, 0.0 ] ] ] ] } },
{ "type": "Feature", "properties": { "LAYER": "PARCELARIO_2026", "MAP_NAME": "Cl_Jarillal_2026.dwg", "cc pp1": "1037 474" }, "geometry": { "type": "MultiPolygon", "coordinates": [ [ [ [ -68.837858798536189, -32.823008398354666, 0.0 ], [ -68.837896094609889, -32.82311196193767, 0.0 ], [ -68.837933497398453, -32.823215615816274, 0.0 ], [ -68.837970900437128, -32.823319179512367, 0.0 ], [ -68.838009790968712, -32.82342698311534, 0.0 ], [ -68.837672442628971, -32.823479746498428, 0.0 ], [ -68.837739629631869, -32.823648181176964, 0.0 ], [ -68.83819756647641, -32.823585294140685, 0.0 ], [ -68.838292535420734, -32.823804620361571, 0.0 ], [ -68.838612152235797, -32.823754447386847, 0.0 ], [ -68.839672395251924, -32.823636695032263, 0.0 ], [ -68.839707518046765, -32.823356884465738, 0.0 ], [ -68.839417407805001, -32.823293820998977, 0.0 ], [ -68.839385151888294, -32.823286810371499, 0.0 ], [ -68.839270000573677, -32.823261781041069, 0.0 ], [ -68.839125885529754, -32.823229337571419, 0.0 ], [ -68.838903806187957, -32.823179341208657, 0.0 ], [ -68.838841454089078, -32.823165791345623, 0.0 ], [ -68.838719513637912, -32.823139340704962, 0.0 ], [ -68.838529888149523, -32.823099864153519, 0.0 ], [ -68.838151422158703, -32.823011144879509, 0.0 ], [ -68.838032030346497, -32.822985787020869, 0.0 ], [ -68.837999394327014, -32.822978854894288, 0.0 ], [ -68.837918299045782, -32.822961361522488, 0.0 ], [ -68.837834837400067, -32.822942624292182, 0.0 ], [ -68.837858798536189, -32.823008398354666, 0.0 ] ] ] ] } },
{ "type": "Feature", "properties": { "LAYER": "PARCELARIO_2026", "MAP_NAME": "Cl_Jarillal_2026.dwg", "cc pp1": "1044 7" }, "geometry": { "type": "MultiPolygon", "coordinates": [ [ [ [ -68.84505987408987, -32.837458842179018, 0.0 ], [ -68.845026204313243, -32.838070606929413, 0.0 ], [ -68.84674059582207, -32.838313899931677, 0.0 ], [ -68.846740648492101, -32.838200567246709, 0.0 ], [ -68.846491832588839, -32.838172199641036, 0.0 ], [ -68.846502097658174, -32.837931049207867, 0.0 ], [ -68.846408018264697, -32.837924063746087, 0.0 ], [ -68.846412111480063, -32.837847004154519, 0.0 ], [ -68.846436719281328, -32.837383678216682, 0.0 ], [ -68.846480394897966, -32.836561344231775, 0.0 ], [ -68.846367902544742, -32.836546631134304, 0.0 ], [ -68.846234068248748, -32.8365291262065, 0.0 ], [ -68.846132324916411, -32.836515819227841, 0.0 ], [ -68.845991161020379, -32.836497355540175, 0.0 ], [ -68.845876968820079, -32.836482419895319, 0.0 ], [ -68.845864636087228, -32.836712716735363, 0.0 ], [ -68.846105175303222, -32.836717593358649, 0.0 ], [ -68.846110155856096, -32.83750012560656, 0.0 ], [ -68.845779918900675, -32.837490245878264, 0.0 ], [ -68.845790357025166, -32.837562147604594, 0.0 ], [ -68.84505987408987, -32.837458842179018, 0.0 ] ] ] ] } },
{ "type": "Feature", "properties": { "LAYER": "PARCELARIO_2026", "MAP_NAME": "Cl_Jarillal_2026.dwg", "cc pp1": "1037 3446" }, "geometry": { "type": "MultiPolygon", "coordinates": [ [ [ [ -68.84689477526797, -32.838277750161829, 0.0 ], [ -68.847674073712483, -32.83832762182557, 0.0 ], [ -68.847680532565974, -32.838255692135597, 0.0 ], [ -68.847936144571662, -32.83827204959433, 0.0 ], [ -68.847916535590741, -32.838490435311549, 0.0 ], [ -68.847948106569476, -32.838492455604936, 0.0 ], [ -68.847937854569736, -32.838606644232513, 0.0 ], [ -68.847993254710715, -32.838610189382543, 0.0 ], [ -68.849787975867471, -32.838725019929853, 0.0 ], [ -68.849023284938198, -32.837860228825157, 0.0 ], [ -68.847320605294868, -32.83777675974661, 0.0 ], [ -68.847312498568101, -32.837894592914445, 0.0 ], [ -68.846913208810548, -32.837875015293541, 0.0 ], [ -68.84689477526797, -32.838277750161829, 0.0 ] ] ] ] } },
{ "type": "Feature", "properties": { "LAYER": "PARCELARIO_2026", "MAP_NAME": "Cl_Jarillal_2026.dwg", "cc pp1": "1049 10" }, "geometry": { "type": "MultiPolygon", "coordinates": [ [ [ [ -68.85132729976597, -32.840788274185947, 0.0 ], [ -68.852517086486287, -32.840823679556266, 0.0 ], [ -68.852511334478137, -32.840786264902448, 0.0 ], [ -68.852306888915408, -32.839657857869739, 0.0 ], [ -68.850454902442593, -32.839570630280292, 0.0 ], [ -68.85132729976597, -32.840788274185947, 0.0 ] ] ] ] } },
{ "type": "Feature", "properties": { "LAYER": "PARCELARIO_2026", "MAP_NAME": "Cl_Jarillal_2026.dwg", "cc pp1": "1037 221" }, "geometry": { "type": "MultiPolygon", "coordinates": [ [ [ [ -68.854484435552791, -32.84985536505198, 0.0 ], [ -68.854467351014037, -32.849729096711755, 0.0 ], [ -68.854126127651753, -32.847524860118135, 0.0 ], [ -68.853929455967716, -32.846228349771359, 0.0 ], [ -68.852158662152448, -32.846148254505742, 0.0 ], [ -68.852157063714202, -32.846523468980976, 0.0 ], [ -68.852149092061069, -32.84839470704167, 0.0 ], [ -68.852160243689482, -32.848576800927425, 0.0 ], [ -68.852157077601746, -32.849304690768349, 0.0 ], [ -68.852148843750484, -32.849638291088581, 0.0 ], [ -68.854484435552791, -32.84985536505198, 0.0 ] ] ] ] } },
{ "type": "Feature", "properties": { "LAYER": "PARCELARIO_2026", "MAP_NAME": "Cl_Jarillal_2026.dwg", "cc pp1": "1037 3457" }, "geometry": { "type": "MultiPolygon", "coordinates": [ [ [ [ -68.851720463668457, -32.847520612580006, 0.0 ], [ -68.851751669177858, -32.847545251474294, 0.0 ], [ -68.851757031283952, -32.848210463695651, 0.0 ], [ -68.851918880865298, -32.848211551609893, 0.0 ], [ -68.851925862788178, -32.846539745390793, 0.0 ], [ -68.851759495687816, -32.846539240046127, 0.0 ], [ -68.851756132417762, -32.847327949393602, 0.0 ], [ -68.851726621217736, -32.847354033009687, 0.0 ], [ -68.85151814275504, -32.847362947069229, 0.0 ], [ -68.851518433281953, -32.847370020331596, 0.0 ], [ -68.851513810777391, -32.84737021772883, 0.0 ], [ -68.851407800826408, -32.847374750068155, 0.0 ], [ -68.851185469722665, -32.847384255769903, 0.0 ], [ -68.850643832980637, -32.847407412611254, 0.0 ], [ -68.850666884402102, -32.847574950321231, 0.0 ], [ -68.851597983967594, -32.847526937976404, 0.0 ], [ -68.851720463668457, -32.847520612580006, 0.0 ] ] ] ] } },
{ "type": "Feature", "properties": { "LAYER": "PARCELARIO_2026", "MAP_NAME": "Cl_Jarillal_2026.dwg", "cc pp1": "1037 3457" }, "geometry": { "type": "MultiPolygon", "coordinates": [ [ [ [ -68.849783125268615, -32.847463788978622, 0.0 ], [ -68.84975295978623, -32.847214685802101, 0.0 ], [ -68.849750352229606, -32.847193157341358, 0.0 ], [ -68.849749988755761, -32.847190154251251, 0.0 ], [ -68.849658498800565, -32.846434638872346, 0.0 ], [ -68.849629375933745, -32.846194147192506, 0.0 ], [ -68.848506936823469, -32.846253977256431, 0.0 ], [ -68.848345226045481, -32.846257558603597, 0.0 ], [ -68.848375796821244, -32.846479895509944, 0.0 ], [ -68.848424060946599, -32.846788959754484, 0.0 ], [ -68.848474380397064, -32.847097404954859, 0.0 ], [ -68.848519448885682, -32.847551588852035, 0.0 ], [ -68.849783125268615, -32.847463788978622, 0.0 ] ] ] ] } },
{ "type": "Feature", "properties": { "LAYER": "PARCELARIO_2026", "MAP_NAME": "Cl_Jarillal_2026.dwg", "cc pp1": "1047 18" }, "geometry": { "type": "MultiPolygon", "coordinates": [ [ [ [ -68.838732338696389, -32.830361849763463, 0.0 ], [ -68.838757100029, -32.830417118904698, 0.0 ], [ -68.838869116558683, -32.830653664547306, 0.0 ], [ -68.839607798267309, -32.830505917500801, 0.0 ], [ -68.839568663698188, -32.830412270885134, 0.0 ], [ -68.839527401947535, -32.830313752348637, 0.0 ], [ -68.839941886352122, -32.830200398310346, 0.0 ], [ -68.839904471637738, -32.830101073283217, 0.0 ], [ -68.838732338696389, -32.830361849763463, 0.0 ] ] ] ] } },
{ "type": "Feature", "properties": { "LAYER": "PARCELARIO_2026", "MAP_NAME": "Cl_Jarillal_2026.dwg", "cc pp1": "1049 15" }, "geometry": { "type": "MultiPolygon", "coordinates": [ [ [ [ -68.847870994376791, -32.846135102301005, 0.0 ], [ -68.847872125587486, -32.846035556224123, 0.0 ], [ -68.847873363307301, -32.845936190614694, 0.0 ], [ -68.847874494204234, -32.845836824873814, 0.0 ], [ -68.847875625098197, -32.84573745913135, 0.0 ], [ -68.847876755989205, -32.845638093387279, 0.0 ], [ -68.847877993696514, -32.845538727771455, 0.0 ], [ -68.847879124581425, -32.845439362024202, 0.0 ], [ -68.84788025546338, -32.845339996275335, 0.0 ], [ -68.847881236231459, -32.845271644247006, 0.0 ], [ -68.847748269431236, -32.845273753926868, 0.0 ], [ -68.846831264631476, -32.845288300133703, 0.0 ], [ -68.846833978438283, -32.846180993460052, 0.0 ], [ -68.847870994376791, -32.846135102301005, 0.0 ] ] ] ] } },
{ "type": "Feature", "properties": { "LAYER": "PARCELARIO_2026", "MAP_NAME": "Cl_Jarillal_2026.dwg", "cc pp1": "1043 21" }, "geometry": { "type": "MultiPolygon", "coordinates": [ [ [ [ -68.839439256036911, -32.82677194082185, 0.0 ], [ -68.839502485664937, -32.82694686164421, 0.0 ], [ -68.839537572206751, -32.827033920726777, 0.0 ], [ -68.839563901283952, -32.827121058744872, 0.0 ], [ -68.839573622261014, -32.827119718652511, 0.0 ], [ -68.839610081577234, -32.827274948030052, 0.0 ], [ -68.839636366071275, -32.827386972906091, 0.0 ], [ -68.839660424892088, -32.827489527068998, 0.0 ], [ -68.839665300158188, -32.827510362594332, 0.0 ], [ -68.839793730045784, -32.827477614959186, 0.0 ], [ -68.839922160001379, -32.827444777021974, 0.0 ], [ -68.840001170013863, -32.827750984601074, 0.0 ], [ -68.840142942633378, -32.827715137385979, 0.0 ], [ -68.840005640969721, -32.827166438633157, 0.0 ], [ -68.839953196156486, -32.826932290131957, 0.0 ], [ -68.840092509843686, -32.826919227599738, 0.0 ], [ -68.840046463005521, -32.826735207426445, 0.0 ], [ -68.839425122807114, -32.826732608548426, 0.0 ], [ -68.839439256036911, -32.82677194082185, 0.0 ] ] ] ] } },
{ "type": "Feature", "properties": { "LAYER": "PARCELARIO_2026", "MAP_NAME": "Cl_Jarillal_2026.dwg", "cc pp1": "1044 265" }, "geometry": { "type": "MultiPolygon", "coordinates": [ [ [ [ -68.845898291807671, -32.836030628968125, 0.0 ], [ -68.846258369976226, -32.836073275820368, 0.0 ], [ -68.84628975028015, -32.835555656858332, 0.0 ], [ -68.845927568359571, -32.835547398322802, 0.0 ], [ -68.845911924437161, -32.835805761929933, 0.0 ], [ -68.845898291807671, -32.836030628968125, 0.0 ] ] ] ] } },
{ "type": "Feature", "properties": { "LAYER": "PARCELARIO_2026", "MAP_NAME": "Cl_Jarillal_2026.dwg", "cc pp1": "1037 306" }, "geometry": { "type": "MultiPolygon", "coordinates": [ [ [ [ -68.841250391961935, -32.829638851901834, 0.0 ], [ -68.841402139341739, -32.829862406212527, 0.0 ], [ -68.841418169351854, -32.829856835980699, 0.0 ], [ -68.841546413204, -32.829810109976215, 0.0 ], [ -68.84167369267891, -32.829765095850313, 0.0 ], [ -68.841789109675233, -32.829724304592695, 0.0 ], [ -68.84186626793489, -32.829697080574732, 0.0 ], [ -68.842182488260448, -32.829585398320681, 0.0 ], [ -68.842202792889694, -32.829578300486823, 0.0 ], [ -68.842223739113834, -32.829570752608255, 0.0 ], [ -68.842139701761369, -32.829441793693903, 0.0 ], [ -68.842152254357572, -32.829329899506469, 0.0 ], [ -68.841268520641222, -32.829632641438231, 0.0 ], [ -68.841250391961935, -32.829638851901834, 0.0 ] ] ] ] } },
{ "type": "Feature", "properties": { "LAYER": "PARCELARIO_2026", "MAP_NAME": "Cl_Jarillal_2026.dwg", "cc pp1": "1037 3698" }, "geometry": { "type": "MultiPolygon", "coordinates": [ [ [ [ -68.84069386807208, -32.828333291700851, 0.0 ], [ -68.840750179726186, -32.828442916339483, 0.0 ], [ -68.840750315153059, -32.828443032831125, 0.0 ], [ -68.841184895831177, -32.828272960692708, 0.0 ], [ -68.841184693074339, -32.828272870265437, 0.0 ], [ -68.841124622030108, -32.828152850753469, 0.0 ], [ -68.840812142789545, -32.8282654909274, 0.0 ], [ -68.840805249400091, -32.828269415377996, 0.0 ], [ -68.840798306993207, -32.82827447500663, 0.0 ], [ -68.840793048143283, -32.828279305940825, 0.0 ], [ -68.840788251619429, -32.8282847984092, 0.0 ], [ -68.84078496992592, -32.828289455124477, 0.0 ], [ -68.840782128726303, -32.828294439717148, 0.0 ], [ -68.840780320001031, -32.82829837874889, 0.0 ], [ -68.840778929215389, -32.828302118134737, 0.0 ], [ -68.840775867949958, -32.828307734539322, 0.0 ], [ -68.840773920353286, -32.828309896142883, 0.0 ], [ -68.840771472370932, -32.828312375410164, 0.0 ], [ -68.840766177556546, -32.82831700972676, 0.0 ], [ -68.840759129556318, -32.828321988967545, 0.0 ], [ -68.840754650026341, -32.828324598200034, 0.0 ], [ -68.840749704045095, -32.828327061665206, 0.0 ], [ -68.840743908062137, -32.828329459126337, 0.0 ], [ -68.84073769511734, -32.828331508000396, 0.0 ], [ -68.840731597364197, -32.828333043051479, 0.0 ], [ -68.84072577280206, -32.828334099646966, 0.0 ], [ -68.840715535515443, -32.828335040619777, 0.0 ], [ -68.840712383769429, -32.828335102433392, 0.0 ], [ -68.840706249571397, -32.828334916992546, 0.0 ], [ -68.840699670853596, -32.828334265708349, 0.0 ], [ -68.84069386807208, -32.828333291700851, 0.0 ] ] ] ] } },
{ "type": "Feature", "properties": { "LAYER": "PARCELARIO_2026", "MAP_NAME": "Cl_Jarillal_2026.dwg", "cc pp1": "1037 540" }, "geometry": { "type": "MultiPolygon", "coordinates": [ [ [ [ -68.845967993908047, -32.835290095845075, 0.0 ], [ -68.846709428647927, -32.835329123629279, 0.0 ], [ -68.846697616117709, -32.835114492061436, 0.0 ], [ -68.846000013705506, -32.83502154602219, 0.0 ], [ -68.845967993908047, -32.835290095845075, 0.0 ] ] ] ] } },
{ "type": "Feature", "properties": { "LAYER": "PARCELARIO_2026", "MAP_NAME": "Cl_Jarillal_2026.dwg", "cc pp1": "1037 3369" }, "geometry": { "type": "MultiPolygon", "coordinates": [ [ [ [ -68.842841481043834, -32.830232926792959, 0.0 ], [ -68.843282248400456, -32.830780811369593, 0.0 ], [ -68.843421321462429, -32.830953660972746, 0.0 ], [ -68.843787476664517, -32.830749071867459, 0.0 ], [ -68.84372257238752, -32.830670272435036, 0.0 ], [ -68.843639431736463, -32.830576301627914, 0.0 ], [ -68.843602120128509, -32.830597895816794, 0.0 ], [ -68.843598928257506, -32.830590948737949, 0.0 ], [ -68.843698191489352, -32.830260689801726, 0.0 ], [ -68.843706356538348, -32.830233198142523, 0.0 ], [ -68.843609329159733, -32.830201878130481, 0.0 ], [ -68.843494456613939, -32.830175945933561, 0.0 ], [ -68.843130974638882, -32.830075943246982, 0.0 ], [ -68.843090416915061, -32.830121518441231, 0.0 ], [ -68.842963120341324, -32.830176362515601, 0.0 ], [ -68.842845122440366, -32.830227160483894, 0.0 ], [ -68.842838816737924, -32.830229677327374, 0.0 ], [ -68.842841481043834, -32.830232926792959, 0.0 ] ] ] ] } },
{ "type": "Feature", "properties": { "LAYER": "PARCELARIO_2026", "MAP_NAME": "Cl_Jarillal_2026.dwg", "cc pp1": "1037 302" }, "geometry": { "type": "MultiPolygon", "coordinates": [ [ [ [ -68.846939509150729, -32.836124995331737, 0.0 ], [ -68.848040651236531, -32.836276520506225, 0.0 ], [ -68.848057137824114, -32.836104289793475, 0.0 ], [ -68.846932013344997, -32.835949464071142, 0.0 ], [ -68.846939509150729, -32.836124995331737, 0.0 ] ] ] ] } },
{ "type": "Feature", "properties": { "LAYER": "PARCELARIO_2026", "MAP_NAME": "Cl_Jarillal_2026.dwg", "cc pp1": "1037 1634" }, "geometry": { "type": "MultiPolygon", "coordinates": [ [ [ [ -68.846946734091105, -32.836294068285163, 0.0 ], [ -68.848022916961256, -32.836421851104262, 0.0 ], [ -68.848040651236531, -32.836276520506225, 0.0 ], [ -68.846939509150729, -32.836124995331737, 0.0 ], [ -68.846945271695574, -32.836259939882211, 0.0 ], [ -68.846946734091105, -32.836294068285163, 0.0 ] ] ] ] } },
{ "type": "Feature", "properties": { "LAYER": "PARCELARIO_2026", "MAP_NAME": "Cl_Jarillal_2026.dwg", "cc pp1": "1037 1813" }, "geometry": { "type": "MultiPolygon", "coordinates": [ [ [ [ -68.858640414018353, -32.849742477170714, 0.0 ], [ -68.858871140211647, -32.849753910532264, 0.0 ], [ -68.859405967398075, -32.849777458970259, 0.0 ], [ -68.859447802356357, -32.849779301246052, 0.0 ], [ -68.859474671605909, -32.849483338359406, 0.0 ], [ -68.85949311300547, -32.849256726378663, 0.0 ], [ -68.858723066838692, -32.849208893557574, 0.0 ], [ -68.858640414018353, -32.849742477170714, 0.0 ] ] ] ] } },
{ "type": "Feature", "properties": { "LAYER": "PARCELARIO_2026", "MAP_NAME": "Cl_Jarillal_2026.dwg", "cc pp1": "1042 7" }, "geometry": { "type": "MultiPolygon", "coordinates": [ [ [ [ -68.855163092847235, -32.839773891955154, 0.0 ], [ -68.855260094019712, -32.840027742257796, 0.0 ], [ -68.855707078147844, -32.839979025627848, 0.0 ], [ -68.85603735135588, -32.839951034912431, 0.0 ], [ -68.85604498203385, -32.839950392662907, 0.0 ], [ -68.856001254838077, -32.839705698804103, 0.0 ], [ -68.855997943072893, -32.83970605567329, 0.0 ], [ -68.855163092847235, -32.839773891955154, 0.0 ] ] ] ] } },
{ "type": "Feature", "properties": { "LAYER": "PARCELARIO_2026", "MAP_NAME": "Cl_Jarillal_2026.dwg", "cc pp1": "1042 10" }, "geometry": { "type": "MultiPolygon", "coordinates": [ [ [ [ -68.855053606781993, -32.839512903687307, 0.0 ], [ -68.855163092847235, -32.839773891955154, 0.0 ], [ -68.855997943072893, -32.83970605567329, 0.0 ], [ -68.856001254838077, -32.839705698804103, 0.0 ], [ -68.855972207513233, -32.839437590264112, 0.0 ], [ -68.855957251790443, -32.839438835431032, 0.0 ], [ -68.855053606781993, -32.839512903687307, 0.0 ] ] ] ] } },
{ "type": "Feature", "properties": { "LAYER": "PARCELARIO_2026", "MAP_NAME": "Cl_Jarillal_2026.dwg", "cc pp1": "1042 5" }, "geometry": { "type": "MultiPolygon", "coordinates": [ [ [ [ -68.853763257669371, -32.837918551192132, 0.0 ], [ -68.853807197226459, -32.838024191500722, 0.0 ], [ -68.854021927893783, -32.83799883387691, 0.0 ], [ -68.85414401309626, -32.837998345020956, 0.0 ], [ -68.854287140073765, -32.837997790375063, 0.0 ], [ -68.854292480779677, -32.838128452806906, 0.0 ], [ -68.856173823170082, -32.838092844087846, 0.0 ], [ -68.856218544007419, -32.83809199557497, 0.0 ], [ -68.856261495973129, -32.837953996560373, 0.0 ], [ -68.856230418403854, -32.837951345937753, 0.0 ], [ -68.85498955959838, -32.837845677986643, 0.0 ], [ -68.853763257669371, -32.837918551192132, 0.0 ] ] ] ] } },
{ "type": "Feature", "properties": { "LAYER": "PARCELARIO_2026", "MAP_NAME": "Cl_Jarillal_2026.dwg", "cc pp1": "1042 4" }, "geometry": { "type": "MultiPolygon", "coordinates": [ [ [ [ -68.854317764887028, -32.837558247644736, 0.0 ], [ -68.854242226348475, -32.83763823059229, 0.0 ], [ -68.854109973170125, -32.837651872502356, 0.0 ], [ -68.853977085144535, -32.837661816564967, 0.0 ], [ -68.853754806217694, -32.837666155702379, 0.0 ], [ -68.853660677851465, -32.837683628816144, 0.0 ], [ -68.853763257669371, -32.837918551192132, 0.0 ], [ -68.85498955959838, -32.837845677986643, 0.0 ], [ -68.856230418403854, -32.837951345937753, 0.0 ], [ -68.856261495973129, -32.837953996560373, 0.0 ], [ -68.856355039210868, -32.837702800368639, 0.0 ], [ -68.856331756688661, -32.83770150224926, 0.0 ], [ -68.856082202263124, -32.837687592668942, 0.0 ], [ -68.855816258360051, -32.837672740371488, 0.0 ], [ -68.855360940353563, -32.837647283032375, 0.0 ], [ -68.855053077209192, -32.837604005990272, 0.0 ], [ -68.854751192336877, -32.837562809037422, 0.0 ], [ -68.854630196402354, -32.837550675961921, 0.0 ], [ -68.854424927756938, -32.837538354609222, 0.0 ], [ -68.854317764887028, -32.837558247644736, 0.0 ] ] ] ] } },
{ "type": "Feature", "properties": { "LAYER": "PARCELARIO_2026", "MAP_NAME": "Cl_Jarillal_2026.dwg", "cc pp1": "1037 1833" }, "geometry": { "type": "MultiPolygon", "coordinates": [ [ [ [ -68.853660677851465, -32.837683628816144, 0.0 ], [ -68.853754806217694, -32.837666155702379, 0.0 ], [ -68.853977085144535, -32.837661816564967, 0.0 ], [ -68.854109973170125, -32.837651872502356, 0.0 ], [ -68.854242226348475, -32.83763823059229, 0.0 ], [ -68.854317764887028, -32.837558247644736, 0.0 ], [ -68.854242314338705, -32.837453652853256, 0.0 ], [ -68.854181130305548, -32.837377297825022, 0.0 ], [ -68.854128573318292, -32.837316011199484, 0.0 ], [ -68.854099152748518, -32.837279999104631, 0.0 ], [ -68.854034495005635, -32.837172621496926, 0.0 ], [ -68.853975543708245, -32.837102761204449, 0.0 ], [ -68.853930676839482, -32.837041753975186, 0.0 ], [ -68.853837908887712, -32.837011619087576, 0.0 ], [ -68.853788263242407, -32.836933834617916, 0.0 ], [ -68.853537981900459, -32.83698653633941, 0.0 ], [ -68.853660677851465, -32.837683628816144, 0.0 ] ] ] ] } },
{ "type": "Feature", "properties": { "LAYER": "PARCELARIO_2026", "MAP_NAME": "Cl_Jarillal_2026.dwg", "cc pp1": "1037 3546" }, "geometry": { "type": "MultiPolygon", "coordinates": [ [ [ [ -68.855036262186957, -32.836589838040382, 0.0 ], [ -68.855044119896704, -32.836678703306909, 0.0 ], [ -68.855050689655286, -32.836767476008482, 0.0 ], [ -68.855056312509191, -32.836843464219697, 0.0 ], [ -68.855068284656355, -32.837005234836624, 0.0 ], [ -68.855092116388008, -32.837110821669498, 0.0 ], [ -68.855053077209192, -32.837604005990272, 0.0 ], [ -68.855360940353563, -32.837647283032375, 0.0 ], [ -68.855816258360051, -32.837672740371488, 0.0 ], [ -68.855869530083311, -32.837094887302925, 0.0 ], [ -68.85583469352521, -32.836372291091983, 0.0 ], [ -68.855036262186957, -32.836589838040382, 0.0 ] ] ] ] } },
{ "type": "Feature", "properties": { "LAYER": "PARCELARIO_2026", "MAP_NAME": "Cl_Jarillal_2026.dwg", "cc pp1": "1049 23" }, "geometry": { "type": "MultiPolygon", "coordinates": [ [ [ [ -68.852177046972329, -32.838843639906777, 0.0 ], [ -68.852355682089453, -32.839402880710253, 0.0 ], [ -68.852401869946092, -32.83966227643257, 0.0 ], [ -68.852424283491374, -32.839788152982869, 0.0 ], [ -68.852568356830531, -32.84058737315101, 0.0 ], [ -68.852671023506929, -32.840573400498151, 0.0 ], [ -68.852683168884909, -32.84063572037909, 0.0 ], [ -68.852708268895753, -32.840764509804174, 0.0 ], [ -68.852717626058279, -32.840791511365829, 0.0 ], [ -68.854591098570822, -32.840746060815412, 0.0 ], [ -68.85477888036597, -32.840741503450694, 0.0 ], [ -68.854725128193394, -32.840486575890985, 0.0 ], [ -68.854983813687724, -32.840479802971636, 0.0 ], [ -68.854947586469493, -32.840385448698257, 0.0 ], [ -68.854896722389796, -32.840276189493707, 0.0 ], [ -68.854852087789439, -32.840164295513731, 0.0 ], [ -68.855088167698455, -32.840125835705706, 0.0 ], [ -68.854852962530728, -32.839513222994974, 0.0 ], [ -68.854820178686992, -32.839521060409382, 0.0 ], [ -68.854398404489785, -32.839621883538918, 0.0 ], [ -68.854409578279714, -32.839651244134167, 0.0 ], [ -68.854141143100179, -32.839678306261519, 0.0 ], [ -68.854113573119918, -32.83966365488255, 0.0 ], [ -68.854055211889161, -32.8394632230154, 0.0 ], [ -68.854051145005343, -32.839422429918756, 0.0 ], [ -68.854121689470276, -32.839374545382874, 0.0 ], [ -68.854069877489891, -32.839184940633729, 0.0 ], [ -68.854014427084365, -32.838982020732303, 0.0 ], [ -68.853466499172512, -32.839011943508588, 0.0 ], [ -68.853204068245731, -32.838481637997312, 0.0 ], [ -68.852177046972329, -32.838843639906777, 0.0 ] ] ] ] } },
{ "type": "Feature", "properties": { "LAYER": "PARCELARIO_2026", "MAP_NAME": "Cl_Jarillal_2026.dwg", "cc pp1": "1037 222" }, "geometry": { "type": "MultiPolygon", "coordinates": [ [ [ [ -68.848860435103347, -32.837676399441563, 0.0 ], [ -68.849023284938198, -32.837860228825157, 0.0 ], [ -68.849787975867471, -32.838725019929853, 0.0 ], [ -68.849866483628887, -32.838809215597024, 0.0 ], [ -68.850157313667879, -32.839229136390323, 0.0 ], [ -68.85039512913211, -32.83954454302738, 0.0 ], [ -68.850438323947571, -32.839547785765255, 0.0 ], [ -68.850454902442593, -32.839570630280292, 0.0 ], [ -68.852306888915408, -32.839657857869739, 0.0 ], [ -68.852511199917771, -32.840785522225922, 0.0 ], [ -68.852605934344922, -32.840783563048888, 0.0 ], [ -68.852579012375912, -32.840648872544257, 0.0 ], [ -68.852567543047215, -32.84058664452143, 0.0 ], [ -68.852423469716499, -32.839787424352288, 0.0 ], [ -68.852401056172553, -32.839661547801832, 0.0 ], [ -68.852354868318656, -32.839402152079188, 0.0 ], [ -68.852176232139968, -32.838842911273247, 0.0 ], [ -68.850595610084582, -32.838761773265084, 0.0 ], [ -68.850231102666697, -32.837555429554818, 0.0 ], [ -68.848860435103347, -32.837676399441563, 0.0 ] ] ] ] } },
{ "type": "Feature", "properties": { "LAYER": "PARCELARIO_2026", "MAP_NAME": "Cl_Jarillal_2026.dwg", "cc pp1": "1049 19" }, "geometry": { "type": "MultiPolygon", "coordinates": [ [ [ [ -68.850788762338269, -32.837504639252316, 0.0 ], [ -68.85023191747139, -32.837556158201096, 0.0 ], [ -68.850596424903244, -32.838762501908882, 0.0 ], [ -68.852177046972329, -32.838843639906777, 0.0 ], [ -68.853204068245731, -32.838481637997312, 0.0 ], [ -68.853779821223398, -32.838278587470001, 0.0 ], [ -68.853369793942647, -32.837269368776752, 0.0 ], [ -68.850788762338269, -32.837504639252316, 0.0 ] ] ] ] } },
{ "type": "Feature", "properties": { "LAYER": "PARCELARIO_2026", "MAP_NAME": "Cl_Jarillal_2026.dwg", "cc pp1": "1049 9" }, "geometry": { "type": "MultiPolygon", "coordinates": [ [ [ [ -68.848990102385628, -32.834912374007907, 0.0 ], [ -68.848992550968418, -32.834999110540977, 0.0 ], [ -68.848978050404085, -32.835125563620238, 0.0 ], [ -68.848902141826827, -32.835787522311634, 0.0 ], [ -68.849152901044832, -32.835800133877555, 0.0 ], [ -68.849166600604292, -32.835571236848111, 0.0 ], [ -68.84917012000318, -32.835512435856103, 0.0 ], [ -68.849190624131936, -32.835169832784437, 0.0 ], [ -68.84919434245225, -32.835107699346104, 0.0 ], [ -68.849203051845052, -32.834962168318192, 0.0 ], [ -68.84920861333876, -32.834869246762622, 0.0 ], [ -68.848990102385628, -32.834912374007907, 0.0 ] ] ] ] } },
{ "type": "Feature", "properties": { "LAYER": "PARCELARIO_2026", "MAP_NAME": "Cl_Jarillal_2026.dwg", "cc pp1": "1041 2022" }, "geometry": { "type": "MultiPolygon", "coordinates": [ [ [ [ -68.845519446074931, -32.845276935815257, 0.0 ], [ -68.845630620274946, -32.845291139490058, 0.0 ], [ -68.845740833295679, -32.84530525171153, 0.0 ], [ -68.845853823022878, -32.845319727935411, 0.0 ], [ -68.845819757987812, -32.844868322080664, 0.0 ], [ -68.845492096453796, -32.844832223350103, 0.0 ], [ -68.845519446074931, -32.845276935815257, 0.0 ] ] ] ] } },
{ "type": "Feature", "properties": { "LAYER": "PARCELARIO_2026", "MAP_NAME": "Cl_Jarillal_2026.dwg", "cc pp1": "1041 2023" }, "geometry": { "type": "MultiPolygon", "coordinates": [ [ [ [ -68.844386049199969, -32.844008162484172, 0.0 ], [ -68.844387735360755, -32.844129648571148, 0.0 ], [ -68.844390911195575, -32.844358514328242, 0.0 ], [ -68.84439390114791, -32.844573931018765, 0.0 ], [ -68.844396338856853, -32.844749558686409, 0.0 ], [ -68.844405620952045, -32.845418332596736, 0.0 ], [ -68.844406036387241, -32.845418385411726, 0.0 ], [ -68.845321806823279, -32.845535713454296, 0.0 ], [ -68.845231274335305, -32.844092289487115, 0.0 ], [ -68.844397826255729, -32.844001807531882, 0.0 ], [ -68.844390564085913, -32.84400098697386, 0.0 ], [ -68.844385942960756, -32.844000485293812, 0.0 ], [ -68.844386049199969, -32.844008162484172, 0.0 ] ] ] ] } },
{ "type": "Feature", "properties": { "LAYER": "PARCELARIO_2026", "MAP_NAME": "Cl_Jarillal_2026.dwg", "cc pp1": "1037 3280" }, "geometry": { "type": "MultiPolygon", "coordinates": [ [ [ [ -68.844394903096727, -32.840959525814974, 0.0 ], [ -68.84393167953948, -32.840893580382883, 0.0 ], [ -68.843916478445678, -32.84102686584253, 0.0 ], [ -68.843906174578194, -32.841116301491688, 0.0 ], [ -68.843897821435448, -32.84118968933727, 0.0 ], [ -68.843888926789873, -32.841267314489201, 0.0 ], [ -68.84328614227266, -32.841163316659483, 0.0 ], [ -68.843186601581351, -32.841157511275981, 0.0 ], [ -68.843184516625072, -32.841189068113181, 0.0 ], [ -68.843289720081614, -32.841193978890594, 0.0 ], [ -68.843887380727452, -32.841296257084387, 0.0 ], [ -68.843881961572151, -32.841341064742579, 0.0 ], [ -68.844094810691317, -32.841359454215528, 0.0 ], [ -68.844317144493729, -32.841390388735235, 0.0 ], [ -68.844394903096727, -32.840959525814974, 0.0 ] ] ] ] } },
{ "type": "Feature", "properties": { "LAYER": "PARCELARIO_2026", "MAP_NAME": "Cl_Jarillal_2026.dwg", "cc pp1": "1041 354" }, "geometry": { "type": "MultiPolygon", "coordinates": [ [ [ [ -68.8443833192498, -32.843811490599592, 0.0 ], [ -68.844380185165335, -32.843585651875252, 0.0 ], [ -68.844380211179256, -32.843584823246914, 0.0 ], [ -68.844382128426929, -32.84352490327452, 0.0 ], [ -68.844380606642147, -32.843524697598419, 0.0 ], [ -68.843747866958438, -32.843438157695992, 0.0 ], [ -68.843739227926392, -32.843491617615193, 0.0 ], [ -68.843526790463301, -32.843479269427789, 0.0 ], [ -68.843344044802762, -32.843468851616777, 0.0 ], [ -68.84331520711963, -32.843467192458668, 0.0 ], [ -68.843231364179445, -32.843462398628915, 0.0 ], [ -68.843210430157967, -32.843461195687681, 0.0 ], [ -68.843058017672504, -32.843452443023068, 0.0 ], [ -68.84304850674198, -32.843636918550615, 0.0 ], [ -68.843308867325391, -32.843670968318293, 0.0 ], [ -68.843523520842041, -32.843699009195568, 0.0 ], [ -68.843561539020072, -32.843704016065345, 0.0 ], [ -68.843680185924981, -32.843719493190804, 0.0 ], [ -68.8443833192498, -32.843811490599592, 0.0 ] ] ] ] } },
{ "type": "Feature", "properties": { "LAYER": "PARCELARIO_2026", "MAP_NAME": "Cl_Jarillal_2026.dwg", "cc pp1": "1041 138" }, "geometry": { "type": "MultiPolygon", "coordinates": [ [ [ [ -68.845853823022878, -32.845319727935411, 0.0 ], [ -68.845871804448336, -32.845606175350831, 0.0 ], [ -68.845999473688934, -32.845622530626336, 0.0 ], [ -68.845939157514479, -32.844881476119653, 0.0 ], [ -68.845819757987812, -32.844868322080664, 0.0 ], [ -68.845853823022878, -32.845319727935411, 0.0 ] ] ] ] } },
{ "type": "Feature", "properties": { "LAYER": "PARCELARIO_2026", "MAP_NAME": "Cl_Jarillal_2026.dwg", "cc pp1": "1041 2018" }, "geometry": { "type": "MultiPolygon", "coordinates": [ [ [ [ -68.843116854912168, -32.842322870049941, 0.0 ], [ -68.843360571539137, -32.842330388010694, 0.0 ], [ -68.843383705655683, -32.842234295913521, 0.0 ], [ -68.843121475481794, -32.842233155949458, 0.0 ], [ -68.843116854912168, -32.842322870049941, 0.0 ] ] ] ] } },
{ "type": "Feature", "properties": { "LAYER": "PARCELARIO_2026", "MAP_NAME": "Cl_Jarillal_2026.dwg", "cc pp1": "1041 2162" }, "geometry": { "type": "MultiPolygon", "coordinates": [ [ [ [ -68.84487511534239, -32.841468086634386, 0.0 ], [ -68.844874991442666, -32.841539320665738, 0.0 ], [ -68.846735027708121, -32.841808515116817, 0.0 ], [ -68.846733144042091, -32.841723662977586, 0.0 ], [ -68.846311042809333, -32.841643435188573, 0.0 ], [ -68.845930987544136, -32.841586251057286, 0.0 ], [ -68.844878671897732, -32.841449876731971, 0.0 ], [ -68.84487511534239, -32.841468086634386, 0.0 ] ] ] ] } },
{ "type": "Feature", "properties": { "LAYER": "PARCELARIO_2026", "MAP_NAME": "Cl_Jarillal_2026.dwg", "cc pp1": "1041 440" }, "geometry": { "type": "MultiPolygon", "coordinates": [ [ [ [ -68.836788651606639, -32.838868428715934, 0.0 ], [ -68.836871992252966, -32.838853298659281, 0.0 ], [ -68.836891224705823, -32.838849807099827, 0.0 ], [ -68.836998392292301, -32.838830289684587, 0.0 ], [ -68.837107162494064, -32.838810503753614, 0.0 ], [ -68.837208987618538, -32.83879197107305, 0.0 ], [ -68.837183525434213, -32.838697439917638, 0.0 ], [ -68.837109466972791, -32.83842593220681, 0.0 ], [ -68.837097689369543, -32.838382996012747, 0.0 ], [ -68.837089732092267, -32.838353680442765, 0.0 ], [ -68.836675162193885, -32.838432128956157, 0.0 ], [ -68.836788651606639, -32.838868428715934, 0.0 ] ] ] ] } },
{ "type": "Feature", "properties": { "LAYER": "PARCELARIO_2026", "MAP_NAME": "Cl_Jarillal_2026.dwg", "cc pp1": "1041 18" }, "geometry": { "type": "MultiPolygon", "coordinates": [ [ [ [ -68.84617397475985, -32.857680341694902, 0.0 ], [ -68.846200679329584, -32.857682628763889, 0.0 ], [ -68.846310700616812, -32.857692953122353, 0.0 ], [ -68.846458329004363, -32.857702421843136, 0.0 ], [ -68.846611716677359, -32.857717578136651, 0.0 ], [ -68.846627329461782, -32.857584687249236, 0.0 ], [ -68.846189480578232, -32.857547901579053, 0.0 ], [ -68.84617397475985, -32.857680341694902, 0.0 ] ] ] ] } },
{ "type": "Feature", "properties": { "LAYER": "PARCELARIO_2026", "MAP_NAME": "Cl_Jarillal_2026.dwg", "cc pp1": "1037 477" }, "geometry": { "type": "MultiPolygon", "coordinates": [ [ [ [ -68.845323545057781, -32.857234381908555, 0.0 ], [ -68.845653352488654, -32.857259960939551, 0.0 ], [ -68.845663231390731, -32.857169262478628, 0.0 ], [ -68.845579057902754, -32.857162756578894, 0.0 ], [ -68.845400566658853, -32.857146936817266, 0.0 ], [ -68.84535645112004, -32.857143095176099, 0.0 ], [ -68.845323545057781, -32.857234381908555, 0.0 ] ] ] ] } },
{ "type": "Feature", "properties": { "LAYER": "PARCELARIO_2026", "MAP_NAME": "Cl_Jarillal_2026.dwg", "cc pp1": "1041 20" }, "geometry": { "type": "MultiPolygon", "coordinates": [ [ [ [ -68.845256615195424, -32.857420063009478, 0.0 ], [ -68.845485948001951, -32.857442708494098, 0.0 ], [ -68.845625348605992, -32.857452799223701, 0.0 ], [ -68.84572639442807, -32.8574637442088, 0.0 ], [ -68.846632534902227, -32.857539698986663, 0.0 ], [ -68.846977238246154, -32.857568614636264, 0.0 ], [ -68.846997802414336, -32.857413818534191, 0.0 ], [ -68.845304049146179, -32.857288470402992, 0.0 ], [ -68.845256615195424, -32.857420063009478, 0.0 ] ] ] ] } },
{ "type": "Feature", "properties": { "LAYER": "PARCELARIO_2026", "MAP_NAME": "Cl_Jarillal_2026.dwg", "cc pp1": "1041 146" }, "geometry": { "type": "MultiPolygon", "coordinates": [ [ [ [ -68.846220814522596, -32.858272633330593, 0.0 ], [ -68.846385743133027, -32.858286722050011, 0.0 ], [ -68.846420519147159, -32.858006968419538, 0.0 ], [ -68.846458329004363, -32.857702421843136, 0.0 ], [ -68.846310700616812, -32.857692953122353, 0.0 ], [ -68.846220814522596, -32.858272633330593, 0.0 ] ] ] ] } },
{ "type": "Feature", "properties": { "LAYER": "PARCELARIO_2026", "MAP_NAME": "Cl_Jarillal_2026.dwg", "cc pp1": "1041 1200" }, "geometry": { "type": "MultiPolygon", "coordinates": [ [ [ [ -68.849559042017816, -32.859371620389858, 0.0 ], [ -68.849723127946035, -32.859380113183114, 0.0 ], [ -68.849956603051069, -32.859420879542625, 0.0 ], [ -68.850159041701531, -32.859430319448052, 0.0 ], [ -68.850423013222496, -32.859442627861284, 0.0 ], [ -68.850536460624895, -32.859450157343595, 0.0 ], [ -68.850531571269883, -32.858670725385664, 0.0 ], [ -68.849616381326967, -32.85863058529501, 0.0 ], [ -68.849613392298352, -32.858630454563219, 0.0 ], [ -68.849559042017816, -32.859371620389858, 0.0 ] ] ] ] } },
{ "type": "Feature", "properties": { "LAYER": "PARCELARIO_2026", "MAP_NAME": "Cl_Jarillal_2026.dwg", "cc pp1": "1047 111" }, "geometry": { "type": "MultiPolygon", "coordinates": [ [ [ [ -68.833296595773646, -32.829981718772181, 0.0 ], [ -68.833352475805455, -32.83048394988473, 0.0 ], [ -68.83340555700623, -32.830483481325587, 0.0 ], [ -68.833636465565576, -32.830481442207208, 0.0 ], [ -68.833703324457346, -32.830480809689035, 0.0 ], [ -68.833716888376912, -32.830480737538352, 0.0 ], [ -68.833792077928777, -32.830480025869122, 0.0 ], [ -68.833943845445006, -32.83047860423703, 0.0 ], [ -68.834102234798706, -32.830477101027292, 0.0 ], [ -68.834263828351169, -32.830475511689684, 0.0 ], [ -68.834246328604777, -32.830409574252059, 0.0 ], [ -68.834197966939058, -32.830226735620784, 0.0 ], [ -68.834132870760456, -32.829968673011933, 0.0 ], [ -68.833358826176237, -32.829980747545811, 0.0 ], [ -68.833296595773646, -32.829981718772181, 0.0 ] ] ] ] } },
{ "type": "Feature", "properties": { "LAYER": "PARCELARIO_2026", "MAP_NAME": "Cl_Jarillal_2026.dwg", "cc pp1": "1047 12" }, "geometry": { "type": "MultiPolygon", "coordinates": [ [ [ [ -68.839247753261347, -32.831453220741402, 0.0 ], [ -68.839297920959353, -32.831559158251288, 0.0 ], [ -68.839334899898418, -32.831645406425686, 0.0 ], [ -68.840368939724598, -32.831570723320901, 0.0 ], [ -68.840323671236902, -32.831351184610305, 0.0 ], [ -68.840064114216958, -32.831375730234818, 0.0 ], [ -68.83974940338571, -32.831405490487391, 0.0 ], [ -68.839247753261347, -32.831453220741402, 0.0 ] ] ] ] } },
{ "type": "Feature", "properties": { "LAYER": "PARCELARIO_2026", "MAP_NAME": "Cl_Jarillal_2026.dwg", "cc pp1": "1047 88" }, "geometry": { "type": "MultiPolygon", "coordinates": [ [ [ [ -68.839895966963184, -32.831209973087404, 0.0 ], [ -68.839171185265059, -32.831291535959593, 0.0 ], [ -68.839247753261347, -32.831453220741402, 0.0 ], [ -68.840052911899818, -32.83137678958245, 0.0 ], [ -68.840048928704945, -32.831346771448381, 0.0 ], [ -68.840086607814698, -32.831343207673875, 0.0 ], [ -68.840082708397418, -32.83131381532894, 0.0 ], [ -68.840304383333674, -32.831279824719225, 0.0 ], [ -68.840300009886818, -32.831258281134787, 0.0 ], [ -68.839904520871158, -32.831323598219306, 0.0 ], [ -68.839895966963184, -32.831209973087404, 0.0 ] ] ] ] } },
{ "type": "Feature", "properties": { "LAYER": "PARCELARIO_2026", "MAP_NAME": "Cl_Jarillal_2026.dwg", "cc pp1": "1047 1" }, "geometry": { "type": "MultiPolygon", "coordinates": [ [ [ [ -68.839764615425096, -32.830963550753467, 0.0 ], [ -68.839761410561294, -32.830963997500824, 0.0 ], [ -68.839481625099467, -32.831003403991915, 0.0 ], [ -68.83933697821341, -32.831023867345628, 0.0 ], [ -68.8390623430857, -32.831061697927304, 0.0 ], [ -68.839171185265059, -32.831291535959593, 0.0 ], [ -68.839895966963184, -32.831209973087404, 0.0 ], [ -68.840019132904104, -32.83119723625552, 0.0 ], [ -68.840114962489636, -32.831181669118237, 0.0 ], [ -68.840210791880551, -32.83116619207722, 0.0 ], [ -68.840274142606049, -32.831156714912311, 0.0 ], [ -68.840196961030955, -32.830897828509869, 0.0 ], [ -68.840124855000866, -32.830906032074161, 0.0 ], [ -68.839880311876911, -32.830946927185181, 0.0 ], [ -68.839764615425096, -32.830963550753467, 0.0 ] ] ] ] } },
{ "type": "Feature", "properties": { "LAYER": "PARCELARIO_2026", "MAP_NAME": "Cl_Jarillal_2026.dwg", "cc pp1": "1047 28" }, "geometry": { "type": "MultiPolygon", "coordinates": [ [ [ [ -68.839963468387225, -32.830434597412641, 0.0 ], [ -68.839995348978704, -32.830523726132853, 0.0 ], [ -68.840027336273252, -32.830612945150129, 0.0 ], [ -68.840091968045584, -32.830598811530756, 0.0 ], [ -68.840025479032931, -32.830422307157512, 0.0 ], [ -68.839963468387225, -32.830434597412641, 0.0 ] ] ] ] } },
{ "type": "Feature", "properties": { "LAYER": "PARCELARIO_2026", "MAP_NAME": "Cl_Jarillal_2026.dwg", "cc pp1": "1043 29" }, "geometry": { "type": "MultiPolygon", "coordinates": [ [ [ [ -68.838379413380792, -32.828063074384602, 0.0 ], [ -68.837802188030281, -32.828180227810499, 0.0 ], [ -68.837863397003446, -32.828329836071298, 0.0 ], [ -68.839055025721706, -32.828119760112429, 0.0 ], [ -68.839127671877378, -32.828106959179102, 0.0 ], [ -68.839055082557138, -32.827926007315952, 0.0 ], [ -68.838379413380792, -32.828063074384602, 0.0 ] ] ] ] } },
{ "type": "Feature", "properties": { "LAYER": "PARCELARIO_2026", "MAP_NAME": "Cl_Jarillal_2026.dwg", "cc pp1": "1037 340" }, "geometry": { "type": "MultiPolygon", "coordinates": [ [ [ [ -68.841273799372658, -32.827861731250124, 0.0 ], [ -68.841044795964592, -32.827937273671949, 0.0 ], [ -68.840991899690309, -32.827954699479974, 0.0 ], [ -68.840965932298133, -32.827963322816302, 0.0 ], [ -68.840817178939403, -32.828013719136621, 0.0 ], [ -68.840783837926523, -32.828024857819329, 0.0 ], [ -68.840687982548857, -32.828056836397479, 0.0 ], [ -68.840520529652323, -32.82811252859635, 0.0 ], [ -68.840367182816436, -32.828163279207722, 0.0 ], [ -68.840281046934507, -32.828194638677104, 0.0 ], [ -68.840386098632663, -32.828335437929887, 0.0 ], [ -68.840399457980723, -32.828330134931505, 0.0 ], [ -68.841532884506819, -32.82792617040257, 0.0 ], [ -68.841546884034543, -32.827921138601702, 0.0 ], [ -68.841539775962218, -32.827774152430251, 0.0 ], [ -68.841518831063951, -32.827781159178613, 0.0 ], [ -68.841273799372658, -32.827861731250124, 0.0 ] ] ] ] } },
{ "type": "Feature", "properties": { "LAYER": "PARCELARIO_2026", "MAP_NAME": "Cl_Jarillal_2026.dwg", "cc pp1": "1037 3548" }, "geometry": { "type": "MultiPolygon", "coordinates": [ [ [ [ -68.841238592604711, -32.829621468388055, 0.0 ], [ -68.840912088702126, -32.829140455751421, 0.0 ], [ -68.840400546338728, -32.829333818911707, 0.0 ], [ -68.840398415986613, -32.829330660244729, 0.0 ], [ -68.840337594941133, -32.829240232319627, 0.0 ], [ -68.839795326507328, -32.829378854867905, 0.0 ], [ -68.839819571897976, -32.829442723564462, 0.0 ], [ -68.840018873180341, -32.829376432965944, 0.0 ], [ -68.840089661751932, -32.82956633130776, 0.0 ], [ -68.840118408114066, -32.829556810005734, 0.0 ], [ -68.840165253342946, -32.829638834376411, 0.0 ], [ -68.840390982832943, -32.829545525925305, 0.0 ], [ -68.84040231380537, -32.829539859661523, 0.0 ], [ -68.840526294268201, -32.829488350253051, 0.0 ], [ -68.840682271765928, -32.829640305013051, 0.0 ], [ -68.840830679994781, -32.829784946180013, 0.0 ], [ -68.841238592604711, -32.829621468388055, 0.0 ] ] ] ] } },
{ "type": "Feature", "properties": { "LAYER": "PARCELARIO_2026", "MAP_NAME": "Cl_Jarillal_2026.dwg", "cc pp1": "1037 3282" }, "geometry": { "type": "MultiPolygon", "coordinates": [ [ [ [ -68.840912088702126, -32.829140455751421, 0.0 ], [ -68.840504366668753, -32.828539783229651, 0.0 ], [ -68.839608891469169, -32.8288877278112, 0.0 ], [ -68.839714231357647, -32.829165225737306, 0.0 ], [ -68.840198696912026, -32.82903410674249, 0.0 ], [ -68.840337594941133, -32.829240232319627, 0.0 ], [ -68.840398415986613, -32.829330660244729, 0.0 ], [ -68.840400546338728, -32.829333818911707, 0.0 ], [ -68.840912088702126, -32.829140455751421, 0.0 ] ] ] ] } },
{ "type": "Feature", "properties": { "LAYER": "PARCELARIO_2026", "MAP_NAME": "Cl_Jarillal_2026.dwg", "cc pp1": "1037 341" }, "geometry": { "type": "MultiPolygon", "coordinates": [ [ [ [ -68.841402139341739, -32.829862406212527, 0.0 ], [ -68.841238592604711, -32.829621468388055, 0.0 ], [ -68.840830679994781, -32.829784946180013, 0.0 ], [ -68.840885044805347, -32.829842994617167, 0.0 ], [ -68.840666021773117, -32.829948485442983, 0.0 ], [ -68.840635130472634, -32.829962963489983, 0.0 ], [ -68.840674013190281, -32.830018738054967, 0.0 ], [ -68.840522654983928, -32.830090410809376, 0.0 ], [ -68.84015943714833, -32.830262352585514, 0.0 ], [ -68.840204863420595, -32.830421290136243, 0.0 ], [ -68.840242165278099, -32.830405557998702, 0.0 ], [ -68.840387744244225, -32.830341001649913, 0.0 ], [ -68.841047150343911, -32.830032918281105, 0.0 ], [ -68.841027440893498, -32.830005571737573, 0.0 ], [ -68.841048191385042, -32.829988105106523, 0.0 ], [ -68.841402139341739, -32.829862406212527, 0.0 ] ] ] ] } },
{ "type": "Feature", "properties": { "LAYER": "PARCELARIO_2026", "MAP_NAME": "Cl_Jarillal_2026.dwg", "cc pp1": "1041 148" }, "geometry": { "type": "MultiPolygon", "coordinates": [ [ [ [ -68.847117969706559, -32.85557408363043, 0.0 ], [ -68.847128865263912, -32.855574818299807, 0.0 ], [ -68.847124762781831, -32.855724404743974, 0.0 ], [ -68.847122544962161, -32.855771741102004, 0.0 ], [ -68.847115824746922, -32.855828088923573, 0.0 ], [ -68.847111984358634, -32.855887756702899, 0.0 ], [ -68.847214520199913, -32.855900435367559, 0.0 ], [ -68.847259747711078, -32.855442068063546, 0.0 ], [ -68.847123345041723, -32.855429818747858, 0.0 ], [ -68.847117969706559, -32.85557408363043, 0.0 ] ] ] ] } },
{ "type": "Feature", "properties": { "LAYER": "PARCELARIO_2026", "MAP_NAME": "Cl_Jarillal_2026.dwg", "cc pp1": "1041 1943" }, "geometry": { "type": "MultiPolygon", "coordinates": [ [ [ [ -68.852665064733216, -32.854361913952062, 0.0 ], [ -68.853455644748493, -32.854404230234692, 0.0 ], [ -68.8534686155961, -32.854288183516417, 0.0 ], [ -68.853481000916844, -32.85417737586944, 0.0 ], [ -68.853493314658451, -32.854067201126625, 0.0 ], [ -68.853505734622246, -32.853956077018132, 0.0 ], [ -68.853518087332105, -32.853845554259486, 0.0 ], [ -68.853530390137507, -32.853735476877496, 0.0 ], [ -68.853542743854931, -32.853624953211913, 0.0 ], [ -68.853555082371827, -32.853514559369657, 0.0 ], [ -68.853567421943694, -32.853404154705068, 0.0 ], [ -68.853579850378338, -32.85329296205807, 0.0 ], [ -68.853592024004143, -32.853184040484429, 0.0 ], [ -68.85360450984976, -32.853072327618968, 0.0 ], [ -68.853627712226668, -32.852864603764409, 0.0 ], [ -68.852834218103098, -32.852848524537734, 0.0 ], [ -68.852665064733216, -32.854361913952062, 0.0 ] ] ] ] } },
{ "type": "Feature", "properties": { "LAYER": "PARCELARIO_2026", "MAP_NAME": "Cl_Jarillal_2026.dwg", "cc pp1": "1041 14" }, "geometry": { "type": "MultiPolygon", "coordinates": [ [ [ [ -68.852089564475321, -32.854301452487064, 0.0 ], [ -68.852291245874412, -32.854309715830325, 0.0 ], [ -68.852454777696963, -32.852840911012777, 0.0 ], [ -68.852252664250699, -32.852836854744893, 0.0 ], [ -68.852089564475321, -32.854301452487064, 0.0 ] ] ] ] } },
{ "type": "Feature", "properties": { "LAYER": "PARCELARIO_2026", "MAP_NAME": "Cl_Jarillal_2026.dwg", "cc pp1": "1041 1972" }, "geometry": { "type": "MultiPolygon", "coordinates": [ [ [ [ -68.852291245874412, -32.854309715830325, 0.0 ], [ -68.852283821871737, -32.8543415369641, 0.0 ], [ -68.852665064733216, -32.854361913952062, 0.0 ], [ -68.852834218103098, -32.852848524537734, 0.0 ], [ -68.852454777696963, -32.852840911012777, 0.0 ], [ -68.852291245874412, -32.854309715830325, 0.0 ] ] ] ] } },
{ "type": "Feature", "properties": { "LAYER": "PARCELARIO_2026", "MAP_NAME": "Cl_Jarillal_2026.dwg", "cc pp1": "1041 2176" }, "geometry": { "type": "MultiPolygon", "coordinates": [ [ [ [ -68.850189676822652, -32.854471729890349, 0.0 ], [ -68.850150820809404, -32.855041417284724, 0.0 ], [ -68.852082813235882, -32.855215404338495, 0.0 ], [ -68.852219396559974, -32.854621920038298, 0.0 ], [ -68.851994581067586, -32.854585060874378, 0.0 ], [ -68.851775863646438, -32.854549969427445, 0.0 ], [ -68.851039833966539, -32.854513395556374, 0.0 ], [ -68.850797118661433, -32.854501333893708, 0.0 ], [ -68.850673207970132, -32.854495176029161, 0.0 ], [ -68.850428535807538, -32.854483016565673, 0.0 ], [ -68.850280262468473, -32.854475647304298, 0.0 ], [ -68.850189676822652, -32.854471729890349, 0.0 ] ] ] ] } },
{ "type": "Feature", "properties": { "LAYER": "PARCELARIO_2026", "MAP_NAME": "Cl_Jarillal_2026.dwg", "cc pp1": "1041 2356" }, "geometry": { "type": "MultiPolygon", "coordinates": [ [ [ [ -68.84901850951772, -32.854939431948424, 0.0 ], [ -68.850150820809404, -32.855041417284724, 0.0 ], [ -68.850170248879934, -32.854756573595708, 0.0 ], [ -68.850050013661416, -32.854742763249341, 0.0 ], [ -68.850085600837076, -32.85455436929589, 0.0 ], [ -68.849975397915969, -32.85453720714974, 0.0 ], [ -68.850005453880669, -32.854324649200542, 0.0 ], [ -68.849458101261561, -32.85444339722001, 0.0 ], [ -68.84931073806618, -32.854469639553137, 0.0 ], [ -68.849244304459575, -32.854476907550811, 0.0 ], [ -68.849008149756159, -32.854433206912098, 0.0 ], [ -68.84901850951772, -32.854939431948424, 0.0 ] ] ] ] } },
{ "type": "Feature", "properties": { "LAYER": "PARCELARIO_2026", "MAP_NAME": "Cl_Jarillal_2026.dwg", "cc pp1": "1041 2357" }, "geometry": { "type": "MultiPolygon", "coordinates": [ [ [ [ -68.850189676822652, -32.854471729890349, 0.0 ], [ -68.850214093635259, -32.854279384141073, 0.0 ], [ -68.850005453880669, -32.854324649200542, 0.0 ], [ -68.849975397915969, -32.85453720714974, 0.0 ], [ -68.850085600837076, -32.85455436929589, 0.0 ], [ -68.850050013661416, -32.854742763249341, 0.0 ], [ -68.850170248879934, -32.854756573595708, 0.0 ], [ -68.850189676822652, -32.854471729890349, 0.0 ] ] ] ] } },
{ "type": "Feature", "properties": { "LAYER": "PARCELARIO_2026", "MAP_NAME": "Cl_Jarillal_2026.dwg", "cc pp1": "1041 2232" }, "geometry": { "type": "MultiPolygon", "coordinates": [ [ [ [ -68.852082813235882, -32.855215404338495, 0.0 ], [ -68.84901850951772, -32.854939431948424, 0.0 ], [ -68.849041317827997, -32.856043406613587, 0.0 ], [ -68.849146481345215, -32.856054694646268, 0.0 ], [ -68.849189841556523, -32.855731247049917, 0.0 ], [ -68.849742754526062, -32.855784493779254, 0.0 ], [ -68.849709677285134, -32.856027550862557, 0.0 ], [ -68.849706285294985, -32.856052475694739, 0.0 ], [ -68.849698514305402, -32.856109577991596, 0.0 ], [ -68.849925643646756, -32.856129981895606, 0.0 ], [ -68.849969983699182, -32.855804762467841, 0.0 ], [ -68.851452033260088, -32.855949990669025, 0.0 ], [ -68.851459979281799, -32.855816089142714, 0.0 ], [ -68.851777163068007, -32.855845612625458, 0.0 ], [ -68.851688726300608, -32.856223263866433, 0.0 ], [ -68.851670503723682, -32.856301079537602, 0.0 ], [ -68.851828438207349, -32.856314699839224, 0.0 ], [ -68.852082813235882, -32.855215404338495, 0.0 ] ] ] ] } },
{ "type": "Feature", "properties": { "LAYER": "PARCELARIO_2026", "MAP_NAME": "Cl_Jarillal_2026.dwg", "cc pp1": "1041 2062" }, "geometry": { "type": "MultiPolygon", "coordinates": [ [ [ [ -68.851275033559247, -32.856262073990855, 0.0 ], [ -68.851407588770442, -32.856275049095686, 0.0 ], [ -68.851452033260088, -32.855949990669025, 0.0 ], [ -68.85131958319802, -32.855937029261788, 0.0 ], [ -68.851275033559247, -32.856262073990855, 0.0 ] ] ] ] } },
{ "type": "Feature", "properties": { "LAYER": "PARCELARIO_2026", "MAP_NAME": "Cl_Jarillal_2026.dwg", "cc pp1": "1041 2184" }, "geometry": { "type": "MultiPolygon", "coordinates": [ [ [ [ -68.855068097954302, -32.85471076370473, 0.0 ], [ -68.855079940073637, -32.854603022847243, 0.0 ], [ -68.855504567855405, -32.854644256195712, 0.0 ], [ -68.855522350273063, -32.854482465427886, 0.0 ], [ -68.855095717940799, -32.854459701078568, 0.0 ], [ -68.854599000853071, -32.854433065825454, 0.0 ], [ -68.854595316419932, -32.854465071781917, 0.0 ], [ -68.854467270184372, -32.854458236836955, 0.0 ], [ -68.854336272507808, -32.854451244135014, 0.0 ], [ -68.854207920805777, -32.854444392338578, 0.0 ], [ -68.853935697464195, -32.854429858707675, 0.0 ], [ -68.853722269364511, -32.854418518513441, 0.0 ], [ -68.853455644748493, -32.854404230234692, 0.0 ], [ -68.852665064733216, -32.854361913952062, 0.0 ], [ -68.852283821871737, -32.8543415369641, 0.0 ], [ -68.852110898509821, -32.855093437972997, 0.0 ], [ -68.855055146115959, -32.855364957658118, 0.0 ], [ -68.855037555260083, -32.855145554464272, 0.0 ], [ -68.855028132590945, -32.855027421272091, 0.0 ], [ -68.8554595484392, -32.855067233448963, 0.0 ], [ -68.855458929642083, -32.855059479043632, 0.0 ], [ -68.855474518680523, -32.854917648425157, 0.0 ], [ -68.855014336619107, -32.854872963564809, 0.0 ], [ -68.855032543960647, -32.854707311398961, 0.0 ], [ -68.855068097954302, -32.85471076370473, 0.0 ] ] ] ] } },
{ "type": "Feature", "properties": { "LAYER": "PARCELARIO_2026", "MAP_NAME": "Cl_Jarillal_2026.dwg", "cc pp1": "1041 1964" }, "geometry": { "type": "MultiPolygon", "coordinates": [ [ [ [ -68.852082813235882, -32.855215404338495, 0.0 ], [ -68.851931086299899, -32.855874635635033, 0.0 ], [ -68.85440664980699, -32.85610296482777, 0.0 ], [ -68.85467518558653, -32.856127712985106, 0.0 ], [ -68.854703967118937, -32.855904305988048, 0.0 ], [ -68.854993331649027, -32.855930881040784, 0.0 ], [ -68.854982241608553, -32.855786957403296, 0.0 ], [ -68.854971258434432, -32.855643033885435, 0.0 ], [ -68.855422875220924, -32.855684583727843, 0.0 ], [ -68.855509475072395, -32.855692525817247, 0.0 ], [ -68.855486492180432, -32.855404678590418, 0.0 ], [ -68.855055146115959, -32.855364957658118, 0.0 ], [ -68.852110898509821, -32.855093437972997, 0.0 ], [ -68.852082813235882, -32.855215404338495, 0.0 ] ] ] ] } },
{ "type": "Feature", "properties": { "LAYER": "PARCELARIO_2026", "MAP_NAME": "Cl_Jarillal_2026.dwg", "cc pp1": "1041 1946" }, "geometry": { "type": "MultiPolygon", "coordinates": [ [ [ [ -68.853687008094724, -32.856153597832986, 0.0 ], [ -68.853677188311835, -32.856033055664888, 0.0 ], [ -68.851931086299899, -32.855874635635033, 0.0 ], [ -68.851829502725849, -32.856316346695991, 0.0 ], [ -68.851843497120072, -32.856381014908031, 0.0 ], [ -68.851848160672589, -32.85653187425568, 0.0 ], [ -68.851875666664199, -32.856566081118345, 0.0 ], [ -68.853672944256886, -32.856781209965909, 0.0 ], [ -68.853600604233506, -32.856144536607893, 0.0 ], [ -68.853687008094724, -32.856153597832986, 0.0 ] ] ] ] } },
{ "type": "Feature", "properties": { "LAYER": "PARCELARIO_2026", "MAP_NAME": "Cl_Jarillal_2026.dwg", "cc pp1": "1041 2025" }, "geometry": { "type": "MultiPolygon", "coordinates": [ [ [ [ -68.855604365386498, -32.856882066041038, 0.0 ], [ -68.855594210469306, -32.856753742906989, 0.0 ], [ -68.855167796898328, -32.856714567268, 0.0 ], [ -68.85517763084512, -32.856842799895297, 0.0 ], [ -68.855604365386498, -32.856882066041038, 0.0 ] ] ] ] } },
{ "type": "Feature", "properties": { "LAYER": "PARCELARIO_2026", "MAP_NAME": "Cl_Jarillal_2026.dwg", "cc pp1": "1041 2024" }, "geometry": { "type": "MultiPolygon", "coordinates": [ [ [ [ -68.855156290728814, -32.856563519778973, 0.0 ], [ -68.855167796898328, -32.856714567268, 0.0 ], [ -68.855594210469306, -32.856753742906989, 0.0 ], [ -68.855579845547894, -32.856573836064292, 0.0 ], [ -68.855154094134065, -32.856534662946565, 0.0 ], [ -68.855156290728814, -32.856563519778973, 0.0 ] ] ] ] } },
{ "type": "Feature", "properties": { "LAYER": "PARCELARIO_2026", "MAP_NAME": "Cl_Jarillal_2026.dwg", "cc pp1": "1041 2223" }, "geometry": { "type": "MultiPolygon", "coordinates": [ [ [ [ -68.855143840836973, -32.856401560664253, 0.0 ], [ -68.855154094134065, -32.856534662946565, 0.0 ], [ -68.855579845547894, -32.856573836064292, 0.0 ], [ -68.855550661421887, -32.856208345654125, 0.0 ], [ -68.855125843343515, -32.856169172616653, 0.0 ], [ -68.855139968490747, -32.856352053039224, 0.0 ], [ -68.855143840836973, -32.856401560664253, 0.0 ] ] ] ] } },
{ "type": "Feature", "properties": { "LAYER": "PARCELARIO_2026", "MAP_NAME": "Cl_Jarillal_2026.dwg", "cc pp1": "1041 1955" }, "geometry": { "type": "MultiPolygon", "coordinates": [ [ [ [ -68.85467518558653, -32.856127712985106, 0.0 ], [ -68.85480251055246, -32.856139402518629, 0.0 ], [ -68.855125843343515, -32.856169172616653, 0.0 ], [ -68.855550661421887, -32.856208345654125, 0.0 ], [ -68.855532480108366, -32.855980641757995, 0.0 ], [ -68.854993331649027, -32.855930881040784, 0.0 ], [ -68.854703967118937, -32.855904305988048, 0.0 ], [ -68.85467518558653, -32.856127712985106, 0.0 ] ] ] ] } },
{ "type": "Feature", "properties": { "LAYER": "PARCELARIO_2026", "MAP_NAME": "Cl_Jarillal_2026.dwg", "cc pp1": "1041 1963" }, "geometry": { "type": "MultiPolygon", "coordinates": [ [ [ [ -68.854993331649027, -32.855930881040784, 0.0 ], [ -68.855532480108366, -32.855980641757995, 0.0 ], [ -68.855520973906934, -32.855836538249854, 0.0 ], [ -68.854982241608553, -32.855786957403296, 0.0 ], [ -68.854993331649027, -32.855930881040784, 0.0 ] ] ] ] } },
{ "type": "Feature", "properties": { "LAYER": "PARCELARIO_2026", "MAP_NAME": "Cl_Jarillal_2026.dwg", "cc pp1": "1041 1945" }, "geometry": { "type": "MultiPolygon", "coordinates": [ [ [ [ -68.854982241608553, -32.855786957403296, 0.0 ], [ -68.855520973906934, -32.855836538249854, 0.0 ], [ -68.855509475072395, -32.855692525817247, 0.0 ], [ -68.855422875220924, -32.855684583727843, 0.0 ], [ -68.854971258434432, -32.855643033885435, 0.0 ], [ -68.854982241608553, -32.855786957403296, 0.0 ] ] ] ] } },
{ "type": "Feature", "properties": { "LAYER": "PARCELARIO_2026", "MAP_NAME": "Cl_Jarillal_2026.dwg", "cc pp1": "1041 2140" }, "geometry": { "type": "MultiPolygon", "coordinates": [ [ [ [ -68.85259701473305, -32.857333194637512, 0.0 ], [ -68.852606880739771, -32.857762864576927, 0.0 ], [ -68.852649288309806, -32.857766250802783, 0.0 ], [ -68.852639136630742, -32.857315390664873, 0.0 ], [ -68.852788042777988, -32.857327468342319, 0.0 ], [ -68.852779715283134, -32.857130077199777, 0.0 ], [ -68.852592033788625, -32.857115068408056, 0.0 ], [ -68.85259701473305, -32.857333194637512, 0.0 ] ] ] ] } },
{ "type": "Feature", "properties": { "LAYER": "PARCELARIO_2026", "MAP_NAME": "Cl_Jarillal_2026.dwg", "cc pp1": "1041 1" }, "geometry": { "type": "MultiPolygon", "coordinates": [ [ [ [ -68.853177165958186, -32.857271194431249, 0.0 ], [ -68.853371803786388, -32.857241412416478, 0.0 ], [ -68.853370231612743, -32.857230768752906, 0.0 ], [ -68.853308959261994, -32.856814083416737, 0.0 ], [ -68.853124490117864, -32.856791715034817, 0.0 ], [ -68.853171330819833, -32.857216649377868, 0.0 ], [ -68.853177165958186, -32.857271194431249, 0.0 ] ] ] ] } },
{ "type": "Feature", "properties": { "LAYER": "PARCELARIO_2026", "MAP_NAME": "Cl_Jarillal_2026.dwg", "cc pp1": "1041 1857" }, "geometry": { "type": "MultiPolygon", "coordinates": [ [ [ [ -68.853811398042879, -32.857851201242511, 0.0 ], [ -68.854088496959918, -32.857867744408153, 0.0 ], [ -68.853857538952397, -32.856880849468112, 0.0 ], [ -68.853576737232359, -32.856846670589114, 0.0 ], [ -68.853811398042879, -32.857851201242511, 0.0 ] ] ] ] } },
{ "type": "Feature", "properties": { "LAYER": "PARCELARIO_2026", "MAP_NAME": "Cl_Jarillal_2026.dwg", "cc pp1": "1041 1527" }, "geometry": { "type": "MultiPolygon", "coordinates": [ [ [ [ -68.847434557632354, -32.85921340251226, 0.0 ], [ -68.847523965665943, -32.859220738596292, 0.0 ], [ -68.847572470886803, -32.859224732699964, 0.0 ], [ -68.847626668962135, -32.858520336926709, 0.0 ], [ -68.847488862317093, -32.8585072738693, 0.0 ], [ -68.847434557632354, -32.85921340251226, 0.0 ] ] ] ] } },
{ "type": "Feature", "properties": { "LAYER": "PARCELARIO_2026", "MAP_NAME": "Cl_Jarillal_2026.dwg", "cc pp1": "1041 3" }, "geometry": { "type": "MultiPolygon", "coordinates": [ [ [ [ -68.848325501048137, -32.854408483621249, 0.0 ], [ -68.848321084344065, -32.854498468503351, 0.0 ], [ -68.84831665877897, -32.854588632810874, 0.0 ], [ -68.848312233204538, -32.854678797116932, 0.0 ], [ -68.848307807620799, -32.854768961421492, 0.0 ], [ -68.848303387521156, -32.854859036463267, 0.0 ], [ -68.848296996470921, -32.854989235517131, 0.0 ], [ -68.848296554109837, -32.854998071608037, 0.0 ], [ -68.848287143556234, -32.855191924976481, 0.0 ], [ -68.84839481097346, -32.855202695495841, 0.0 ], [ -68.848482294888484, -32.855209023169948, 0.0 ], [ -68.848589005926826, -32.855216816765278, 0.0 ], [ -68.848800185223112, -32.855232040294176, 0.0 ], [ -68.849024824528826, -32.855247729654828, 0.0 ], [ -68.84901850951772, -32.854939431948424, 0.0 ], [ -68.849008149756159, -32.854433206912098, 0.0 ], [ -68.848981126032086, -32.854428770412426, 0.0 ], [ -68.848851797098931, -32.854407540700215, 0.0 ], [ -68.84872320515224, -32.854386430769353, 0.0 ], [ -68.848594831140218, -32.854365356136235, 0.0 ], [ -68.848466886525841, -32.854344352223826, 0.0 ], [ -68.848338083299794, -32.854323206475222, 0.0 ], [ -68.848329753950651, -32.854321839325614, 0.0 ], [ -68.848325501048137, -32.854408483621249, 0.0 ] ] ] ] } },
{ "type": "Feature", "properties": { "LAYER": "PARCELARIO_2026", "MAP_NAME": "Cl_Jarillal_2026.dwg", "cc pp1": "1041 13" }, "geometry": { "type": "MultiPolygon", "coordinates": [ [ [ [ -68.852021900087053, -32.853103377972516, 0.0 ], [ -68.852012136445538, -32.853193175445575, 0.0 ], [ -68.852002372783986, -32.853282972916539, 0.0 ], [ -68.851992715931132, -32.853372770511733, 0.0 ], [ -68.851982845251115, -32.853462658021627, 0.0 ], [ -68.851973081529465, -32.853552455486259, 0.0 ], [ -68.851963317787806, -32.853642252948788, 0.0 ], [ -68.85195355402611, -32.853732050409185, 0.0 ], [ -68.851943897073625, -32.853821847993892, 0.0 ], [ -68.851934026442635, -32.853911645323684, 0.0 ], [ -68.851924262620841, -32.854001442777772, 0.0 ], [ -68.85191449877901, -32.854091240229742, 0.0 ], [ -68.851903431988831, -32.85419365989322, 0.0 ], [ -68.851893345068021, -32.854284989842924, 0.0 ], [ -68.852089564475321, -32.854301452487064, 0.0 ], [ -68.852252664250699, -32.852836854744893, 0.0 ], [ -68.852051299664865, -32.852832813463166, 0.0 ], [ -68.852021900087053, -32.853103377972516, 0.0 ] ] ] ] } },
{ "type": "Feature", "properties": { "LAYER": "PARCELARIO_2026", "MAP_NAME": "Cl_Jarillal_2026.dwg", "cc pp1": "1041 162" }, "geometry": { "type": "MultiPolygon", "coordinates": [ [ [ [ -68.844390911195575, -32.844358514328242, 0.0 ], [ -68.844387735360755, -32.844129648571148, 0.0 ], [ -68.843584056766048, -32.844081224558138, 0.0 ], [ -68.843580757028192, -32.844135502662191, 0.0 ], [ -68.843578255463612, -32.844161017592832, 0.0 ], [ -68.843572915056825, -32.84416074040827, 0.0 ], [ -68.843555825660417, -32.84415990751792, 0.0 ], [ -68.843473159898139, -32.844153492264439, 0.0 ], [ -68.843314447615725, -32.844142653617162, 0.0 ], [ -68.843312821903965, -32.844155996714129, 0.0 ], [ -68.84330849406382, -32.844187370390422, 0.0 ], [ -68.843299282737092, -32.844262380140755, 0.0 ], [ -68.843598331627391, -32.844286018045125, 0.0 ], [ -68.843664654875155, -32.844292142292296, 0.0 ], [ -68.844390911195575, -32.844358514328242, 0.0 ] ] ] ] } },
{ "type": "Feature", "properties": { "LAYER": "PARCELARIO_2026", "MAP_NAME": "Cl_Jarillal_2026.dwg", "cc pp1": "1041 111" }, "geometry": { "type": "MultiPolygon", "coordinates": [ [ [ [ -68.846211441571683, -32.844939129261519, 0.0 ], [ -68.846214176572474, -32.844793314517155, 0.0 ], [ -68.846215940668614, -32.844697003605866, 0.0 ], [ -68.846217373432196, -32.844618766824709, 0.0 ], [ -68.846316640199618, -32.844627203325302, 0.0 ], [ -68.846656738814787, -32.84465610786436, 0.0 ], [ -68.846660050490826, -32.844475159140806, 0.0 ], [ -68.846636992870629, -32.844473199449077, 0.0 ], [ -68.845464285305425, -32.844373527644876, 0.0 ], [ -68.845454571810592, -32.844828089618218, 0.0 ], [ -68.845492096453796, -32.844832223350103, 0.0 ], [ -68.845819757987812, -32.844868322080664, 0.0 ], [ -68.845939157514479, -32.844881476119653, 0.0 ], [ -68.846063288916739, -32.844907758277436, 0.0 ], [ -68.846211441571683, -32.844939129261519, 0.0 ] ] ] ] } },
{ "type": "Feature", "properties": { "LAYER": "PARCELARIO_2026", "MAP_NAME": "Cl_Jarillal_2026.dwg", "cc pp1": "1041 150" }, "geometry": { "type": "MultiPolygon", "coordinates": [ [ [ [ -68.842634523967931, -32.842841980876592, 0.0 ], [ -68.842627343631818, -32.842673784371506, 0.0 ], [ -68.842626112722243, -32.842644949215959, 0.0 ], [ -68.8426067771519, -32.842646006938303, 0.0 ], [ -68.84257558391235, -32.842647680931421, 0.0 ], [ -68.842095827187691, -32.842673586462467, 0.0 ], [ -68.842092876104942, -32.842711454068521, 0.0 ], [ -68.842087202092827, -32.842778984112975, 0.0 ], [ -68.842094989926863, -32.842844817915633, 0.0 ], [ -68.842097741120782, -32.842859519069144, 0.0 ], [ -68.842485724604856, -32.842844408609807, 0.0 ], [ -68.842535502473183, -32.842843569552528, 0.0 ], [ -68.842634523967931, -32.842841980876592, 0.0 ] ] ] ] } },
{ "type": "Feature", "properties": { "LAYER": "PARCELARIO_2026", "MAP_NAME": "Cl_Jarillal_2026.dwg", "cc pp1": "1041 13" }, "geometry": { "type": "MultiPolygon", "coordinates": [ [ [ [ -68.844195290728806, -32.841806010282681, 0.0 ], [ -68.844887397398224, -32.841898933408963, 0.0 ], [ -68.84488437431969, -32.841842552767403, 0.0 ], [ -68.844200763627228, -32.841730364592351, 0.0 ], [ -68.844195290728806, -32.841806010282681, 0.0 ] ] ] ] } },
{ "type": "Feature", "properties": { "LAYER": "PARCELARIO_2026", "MAP_NAME": "Cl_Jarillal_2026.dwg", "cc pp1": "1041 404" }, "geometry": { "type": "MultiPolygon", "coordinates": [ [ [ [ -68.842488510213116, -32.841327665208993, 0.0 ], [ -68.842457744371032, -32.841329520051538, 0.0 ], [ -68.842402303165713, -32.841332065175401, 0.0 ], [ -68.842362351296316, -32.841333908426655, 0.0 ], [ -68.842340772908415, -32.841334963283629, 0.0 ], [ -68.842299005194491, -32.841336804227161, 0.0 ], [ -68.842299319419112, -32.841340321247337, 0.0 ], [ -68.842307534378179, -32.841527073359394, 0.0 ], [ -68.842360624354711, -32.841525336844938, 0.0 ], [ -68.842389786455897, -32.841524381705298, 0.0 ], [ -68.842448217470945, -32.841522471540081, 0.0 ], [ -68.842574800086851, -32.841518392845863, 0.0 ], [ -68.842635690690599, -32.841514862629637, 0.0 ], [ -68.842709934526837, -32.841510537638051, 0.0 ], [ -68.842721150361797, -32.841510371393824, 0.0 ], [ -68.842750738917459, -32.841509867555224, 0.0 ], [ -68.842769004823623, -32.841509529824982, 0.0 ], [ -68.842956149608682, -32.841506428514329, 0.0 ], [ -68.842994817230846, -32.841506026180184, 0.0 ], [ -68.842996569927436, -32.841420547359668, 0.0 ], [ -68.842964525784069, -32.841420416986345, 0.0 ], [ -68.842967994646983, -32.841391566986125, 0.0 ], [ -68.842822607664857, -32.841398598068785, 0.0 ], [ -68.842799533707066, -32.841399741296392, 0.0 ], [ -68.842790560509926, -32.841400180874324, 0.0 ], [ -68.842725932284182, -32.841403255619987, 0.0 ], [ -68.842701255950189, -32.841404486985674, 0.0 ], [ -68.84269404352915, -32.841315029426788, 0.0 ], [ -68.84262054723628, -32.841319535689109, 0.0 ], [ -68.842541175517127, -32.841324395195699, 0.0 ], [ -68.842517353238705, -32.84132589810924, 0.0 ], [ -68.842488510213116, -32.841327665208993, 0.0 ] ] ] ] } },
{ "type": "Feature", "properties": { "LAYER": "PARCELARIO_2026", "MAP_NAME": "Cl_Jarillal_2026.dwg", "cc pp1": "1041 478" }, "geometry": { "type": "MultiPolygon", "coordinates": [ [ [ [ -68.852401664593373, -32.85713092844648, 0.0 ], [ -68.85259279191105, -32.857148252631269, 0.0 ], [ -68.852592033788625, -32.857115068408056, 0.0 ], [ -68.852583174351125, -32.856722820013182, 0.0 ], [ -68.852399138453166, -32.856700331146961, 0.0 ], [ -68.852401664593373, -32.85713092844648, 0.0 ] ] ] ] } },
{ "type": "Feature", "properties": { "LAYER": "PARCELARIO_2026", "MAP_NAME": "Cl_Jarillal_2026.dwg", "cc pp1": "1037 39" }, "geometry": { "type": "MultiPolygon", "coordinates": [ [ [ [ -68.830978332976599, -32.803292359827772, 0.0 ], [ -68.831489800896733, -32.80331730946331, 0.0 ], [ -68.831416718139565, -32.799867350927563, 0.0 ], [ -68.831426174859232, -32.799029156420296, 0.0 ], [ -68.831377202967133, -32.799027665798882, 0.0 ], [ -68.830782253552599, -32.802250557626472, 0.0 ], [ -68.83058833812872, -32.802832452611703, 0.0 ], [ -68.830456134931637, -32.803265797560996, 0.0 ], [ -68.830978332976599, -32.803292359827772, 0.0 ] ] ] ] } },
{ "type": "Feature", "properties": { "LAYER": "PARCELARIO_2026", "MAP_NAME": "Cl_Jarillal_2026.dwg", "cc pp1": "1037 314" }, "geometry": { "type": "MultiPolygon", "coordinates": [ [ [ [ -68.829581780180149, -32.81116668673149, 0.0 ], [ -68.829644976011224, -32.811181165705143, 0.0 ], [ -68.829748991420757, -32.811204996710373, 0.0 ], [ -68.832152892706304, -32.811755728125064, 0.0 ], [ -68.832298609040024, -32.811789109638362, 0.0 ], [ -68.83223617108959, -32.811411154889022, 0.0 ], [ -68.831569566768763, -32.811258442094982, 0.0 ], [ -68.831539576444996, -32.811076480530623, 0.0 ], [ -68.829710610931116, -32.810657458610791, 0.0 ], [ -68.829502769310366, -32.810609839086176, 0.0 ], [ -68.829435604583466, -32.81059445022607, 0.0 ], [ -68.829581780180149, -32.81116668673149, 0.0 ] ] ] ] } },
{ "type": "Feature", "properties": { "LAYER": "PARCELARIO_2026", "MAP_NAME": "Cl_Jarillal_2026.dwg", "cc pp1": "1037 76" }, "geometry": { "type": "MultiPolygon", "coordinates": [ [ [ [ -68.828979482986995, -32.80887313381119, 0.0 ], [ -68.829057305689886, -32.808885765633192, 0.0 ], [ -68.83139722647671, -32.809265543449413, 0.0 ], [ -68.831413479455819, -32.809132885154028, 0.0 ], [ -68.83189709492467, -32.80921137214883, 0.0 ], [ -68.831886125778723, -32.808974322252539, 0.0 ], [ -68.828961191316651, -32.808499598206176, 0.0 ], [ -68.828880733504889, -32.808486538922857, 0.0 ], [ -68.828979482986995, -32.80887313381119, 0.0 ] ] ] ] } },
{ "type": "Feature", "properties": { "LAYER": "PARCELARIO_2026", "MAP_NAME": "Cl_Jarillal_2026.dwg", "cc pp1": "1037 3694" }, "geometry": { "type": "MultiPolygon", "coordinates": [ [ [ [ -68.828880733504889, -32.808486538922857, 0.0 ], [ -68.828961191316651, -32.808499598206176, 0.0 ], [ -68.831886125778723, -32.808974322252539, 0.0 ], [ -68.831855290150301, -32.808307947550311, 0.0 ], [ -68.831794398910617, -32.806992031055692, 0.0 ], [ -68.829260640090581, -32.80679069423509, 0.0 ], [ -68.828895027096877, -32.807887686965977, 0.0 ], [ -68.828845715924956, -32.808035638643688, 0.0 ], [ -68.828814203643446, -32.808226078533878, 0.0 ], [ -68.828880733504889, -32.808486538922857, 0.0 ] ] ] ] } },
{ "type": "Feature", "properties": { "LAYER": "PARCELARIO_2026", "MAP_NAME": "Cl_Jarillal_2026.dwg", "cc pp1": "1037 412" }, "geometry": { "type": "MultiPolygon", "coordinates": [ [ [ [ -68.828439980155821, -32.811748557001593, 0.0 ], [ -68.8293675672045, -32.811749824521108, 0.0 ], [ -68.829263168415423, -32.811387339341564, 0.0 ], [ -68.828858317240929, -32.811378479249505, 0.0 ], [ -68.828809780889145, -32.811377439962321, 0.0 ], [ -68.828754227337868, -32.811376250393799, 0.0 ], [ -68.828700840237019, -32.81137510704626, 0.0 ], [ -68.828660431540598, -32.811374242028393, 0.0 ], [ -68.828598350999414, -32.811377860354199, 0.0 ], [ -68.828447148337602, -32.811690703669989, 0.0 ], [ -68.828439980155821, -32.811748557001593, 0.0 ] ] ] ] } },
{ "type": "Feature", "properties": { "LAYER": "PARCELARIO_2026", "MAP_NAME": "Cl_Jarillal_2026.dwg", "cc pp1": "1037 72" }, "geometry": { "type": "MultiPolygon", "coordinates": [ [ [ [ -68.828563281984117, -32.812512773557671, 0.0 ], [ -68.828591909346088, -32.812650335894006, 0.0 ], [ -68.829484902240409, -32.812638934069994, 0.0 ], [ -68.829452271960889, -32.812466415594344, 0.0 ], [ -68.828770326175118, -32.812494395239156, 0.0 ], [ -68.828563281984117, -32.812512773557671, 0.0 ] ] ] ] } },
{ "type": "Feature", "properties": { "LAYER": "PARCELARIO_2026", "MAP_NAME": "Cl_Jarillal_2026.dwg", "cc pp1": "1037 83" }, "geometry": { "type": "MultiPolygon", "coordinates": [ [ [ [ -68.831599761894495, -32.806108629482225, 0.0 ], [ -68.829537520627042, -32.805989793543745, 0.0 ], [ -68.829397381270752, -32.806380406336181, 0.0 ], [ -68.831617466070924, -32.806556819386458, 0.0 ], [ -68.831599761894495, -32.806108629482225, 0.0 ] ] ] ] } },
{ "type": "Feature", "properties": { "LAYER": "PARCELARIO_2026", "MAP_NAME": "Cl_Jarillal_2026.dwg", "cc pp1": "1037 198" }, "geometry": { "type": "MultiPolygon", "coordinates": [ [ [ [ -68.839056854731695, -32.815936150158684, 0.0 ], [ -68.839067127817842, -32.815897391975895, 0.0 ], [ -68.839185312271582, -32.81545150964331, 0.0 ], [ -68.839194344529758, -32.815417434196064, 0.0 ], [ -68.838487925421617, -32.814589109400586, 0.0 ], [ -68.838505459247344, -32.814453253593733, 0.0 ], [ -68.838730856685899, -32.812706781445613, 0.0 ], [ -68.837996748755529, -32.812162075526693, 0.0 ], [ -68.837900016219919, -32.812084957548677, 0.0 ], [ -68.837763630449771, -32.811877864488892, 0.0 ], [ -68.837400022071876, -32.811280702775498, 0.0 ], [ -68.837394543462764, -32.811160394985393, 0.0 ], [ -68.837383699145789, -32.810857223009371, 0.0 ], [ -68.837128486877532, -32.810192833123004, 0.0 ], [ -68.837265621743057, -32.809986094047183, 0.0 ], [ -68.837328486955144, -32.809885123687259, 0.0 ], [ -68.837374142119813, -32.809846686586909, 0.0 ], [ -68.837453935584833, -32.80983716631993, 0.0 ], [ -68.837636287659564, -32.809832590517587, 0.0 ], [ -68.837535181288828, -32.809028851711311, 0.0 ], [ -68.837467565272675, -32.808610118532954, 0.0 ], [ -68.837481325868794, -32.807310890223029, 0.0 ], [ -68.837484688443752, -32.805463077847421, 0.0 ], [ -68.837245383258391, -32.805457954654216, 0.0 ], [ -68.83702891446849, -32.805428801470775, 0.0 ], [ -68.836880837545849, -32.805390112236971, 0.0 ], [ -68.836755605961656, -32.805322580964138, 0.0 ], [ -68.836738644920928, -32.805250378379355, 0.0 ], [ -68.836750234100165, -32.805144528973827, 0.0 ], [ -68.836801646991461, -32.805072415513713, 0.0 ], [ -68.836910056640988, -32.80499075239323, 0.0 ], [ -68.837503717416269, -32.804399644942535, 0.0 ], [ -68.837386023824578, -32.803321598106685, 0.0 ], [ -68.837306197418727, -32.802590391948215, 0.0 ], [ -68.837382568702154, -32.801298999284739, 0.0 ], [ -68.837031477691525, -32.80108415279205, 0.0 ], [ -68.835162647886179, -32.797973056547058, 0.0 ], [ -68.83174462707278, -32.798479747831166, 0.0 ], [ -68.831950343354478, -32.802571138102543, 0.0 ], [ -68.831951567263118, -32.802600463156246, 0.0 ], [ -68.832289994226556, -32.809825432098698, 0.0 ], [ -68.833089229930977, -32.814722337254167, 0.0 ], [ -68.839056854731695, -32.815936150158684, 0.0 ] ] ] ] } },
{ "type": "Feature", "properties": { "LAYER": "PARCELARIO_2026", "MAP_NAME": "Cl_Jarillal_2026.dwg", "cc pp1": "1037 205" }, "geometry": { "type": "MultiPolygon", "coordinates": [ [ [ [ -68.83537955477928, -32.819332759668477, 0.0 ], [ -68.835156546236078, -32.818125762199408, 0.0 ], [ -68.834780568774576, -32.818052342373207, 0.0 ], [ -68.833895585050328, -32.817878185295953, 0.0 ], [ -68.833755910527117, -32.817850130110095, 0.0 ], [ -68.833991594258563, -32.818551320244467, 0.0 ], [ -68.83427043428901, -32.819165886428493, 0.0 ], [ -68.834320111901093, -32.819172283928417, 0.0 ], [ -68.834518711414304, -32.819190933187436, 0.0 ], [ -68.834629238259851, -32.819201749967192, 0.0 ], [ -68.83483105112856, -32.81922676177485, 0.0 ], [ -68.834871165261106, -32.819230068029697, 0.0 ], [ -68.834916453918822, -32.819235335983961, 0.0 ], [ -68.834959470181218, -32.81924115547271, 0.0 ], [ -68.835002735763979, -32.819243816614673, 0.0 ], [ -68.835075511915448, -32.819257044887998, 0.0 ], [ -68.83537955477928, -32.819332759668477, 0.0 ] ] ] ] } },
{ "type": "Feature", "properties": { "LAYER": "PARCELARIO_2026", "MAP_NAME": "Cl_Jarillal_2026.dwg", "cc pp1": "1037 3593" }, "geometry": { "type": "MultiPolygon", "coordinates": [ [ [ [ -68.836039289138427, -32.820870730663422, 0.0 ], [ -68.836075186989959, -32.8208699282699, 0.0 ], [ -68.836150258075392, -32.820868249290726, 0.0 ], [ -68.836358999358808, -32.820863580088421, 0.0 ], [ -68.83663580811681, -32.820857388939359, 0.0 ], [ -68.836241907165515, -32.819602341593907, 0.0 ], [ -68.836220220274214, -32.819533242886457, 0.0 ], [ -68.835925049514344, -32.819463083632883, 0.0 ], [ -68.835548789877592, -32.819373648823102, 0.0 ], [ -68.835516046116709, -32.819365737560226, 0.0 ], [ -68.835533610028236, -32.819416489462853, 0.0 ], [ -68.835560547944553, -32.819503701353646, 0.0 ], [ -68.835587492278933, -32.819590935788511, 0.0 ], [ -68.835614436667271, -32.819678169314834, 0.0 ], [ -68.835641407647302, -32.819765488530777, 0.0 ], [ -68.835665679134763, -32.819844066708882, 0.0 ], [ -68.835690054695036, -32.819922983156019, 0.0 ], [ -68.835716692492099, -32.820009222578662, 0.0 ], [ -68.835737554083678, -32.820069949790003, 0.0 ], [ -68.835776538989364, -32.820183434978105, 0.0 ], [ -68.835802914744733, -32.820275788472834, 0.0 ], [ -68.835838703465441, -32.820384129748085, 0.0 ], [ -68.835877996090446, -32.820503476362035, 0.0 ], [ -68.835891802931499, -32.820544702215507, 0.0 ], [ -68.835972095122813, -32.820794407400228, 0.0 ], [ -68.83598862836422, -32.820843788193685, 0.0 ], [ -68.836039289138427, -32.820870730663422, 0.0 ] ] ] ] } },
{ "type": "Feature", "properties": { "LAYER": "PARCELARIO_2026", "MAP_NAME": "Cl_Jarillal_2026.dwg", "cc pp1": "1037 392" }, "geometry": { "type": "MultiPolygon", "coordinates": [ [ [ [ -68.83213507617431, -32.810842668077434, 0.0 ], [ -68.832022369487404, -32.810205472034333, 0.0 ], [ -68.829204628019411, -32.809754544601546, 0.0 ], [ -68.829435604583466, -32.81059445022607, 0.0 ], [ -68.83220632557844, -32.811229227944843, 0.0 ], [ -68.832190286387046, -32.811154801551737, 0.0 ], [ -68.831793286998106, -32.811098521091985, 0.0 ], [ -68.831738079273947, -32.810786388347573, 0.0 ], [ -68.83213507617431, -32.810842668077434, 0.0 ] ] ] ] } },
{ "type": "Feature", "properties": { "LAYER": "PARCELARIO_2026", "MAP_NAME": "Cl_Jarillal_2026.dwg", "cc pp1": "1037 539" }, "geometry": { "type": "MultiPolygon", "coordinates": [ [ [ [ -68.839961046915647, -32.826659500578785, 0.0 ], [ -68.840031822285795, -32.826661288944386, 0.0 ], [ -68.840599366641243, -32.826666672907791, 0.0 ], [ -68.841311938702361, -32.8266705051605, 0.0 ], [ -68.841171102908064, -32.825740160978732, 0.0 ], [ -68.839960401741806, -32.825868147424373, 0.0 ], [ -68.839961046915647, -32.826659500578785, 0.0 ] ] ] ] } },
{ "type": "Feature", "properties": { "LAYER": "PARCELARIO_2026", "MAP_NAME": "Cl_Jarillal_2026.dwg", "cc pp1": "1037 271" }, "geometry": { "type": "MultiPolygon", "coordinates": [ [ [ [ -68.838199778822158, -32.82467880594475, 0.0 ], [ -68.838207578196588, -32.82470168586368, 0.0 ], [ -68.838264928262561, -32.824690899886299, 0.0 ], [ -68.838395945164322, -32.824667736676204, 0.0 ], [ -68.838720575840824, -32.824611637619498, 0.0 ], [ -68.838732138535391, -32.824663020610302, 0.0 ], [ -68.838742736081457, -32.824707757722813, 0.0 ], [ -68.838853601534879, -32.824688303820516, 0.0 ], [ -68.839112197671142, -32.824642926513349, 0.0 ], [ -68.839371556298943, -32.824597415296125, 0.0 ], [ -68.839567614758565, -32.824563010738487, 0.0 ], [ -68.839803143875983, -32.824521679929397, 0.0 ], [ -68.839795239689835, -32.824435010045335, 0.0 ], [ -68.839788360825338, -32.824400049511134, 0.0 ], [ -68.838199778822158, -32.82467880594475, 0.0 ] ] ] ] } },
{ "type": "Feature", "properties": { "LAYER": "PARCELARIO_2026", "MAP_NAME": "Cl_Jarillal_2026.dwg", "cc pp1": "1037 272" }, "geometry": { "type": "MultiPolygon", "coordinates": [ [ [ [ -68.838742736081457, -32.824707757722813, 0.0 ], [ -68.838691331521034, -32.824717839236776, 0.0 ], [ -68.83854862576797, -32.82474582710968, 0.0 ], [ -68.838292237164637, -32.824793192549393, 0.0 ], [ -68.838245688093508, -32.824813491913943, 0.0 ], [ -68.838697904369411, -32.824745807646067, 0.0 ], [ -68.838861247208513, -32.824717145547204, 0.0 ], [ -68.839119302871666, -32.824671864012004, 0.0 ], [ -68.839378873100756, -32.824626315180481, 0.0 ], [ -68.839574931619524, -32.824591911513416, 0.0 ], [ -68.839567614758565, -32.824563010738487, 0.0 ], [ -68.839371556298943, -32.824597415296125, 0.0 ], [ -68.839112197671142, -32.824642926513349, 0.0 ], [ -68.838853601534879, -32.824688303820516, 0.0 ], [ -68.838742736081457, -32.824707757722813, 0.0 ] ] ] ] } },
{ "type": "Feature", "properties": { "LAYER": "PARCELARIO_2026", "MAP_NAME": "Cl_Jarillal_2026.dwg", "cc pp1": "1037 273" }, "geometry": { "type": "MultiPolygon", "coordinates": [ [ [ [ -68.839612610348709, -32.824740736830826, 0.0 ], [ -68.839416533512846, -32.824775056673829, 0.0 ], [ -68.839155841380077, -32.824820686194904, 0.0 ], [ -68.838900537413252, -32.82486537171372, 0.0 ], [ -68.838732894596703, -32.824894713616033, 0.0 ], [ -68.838696357086917, -32.824901108292529, 0.0 ], [ -68.83856292701067, -32.82492627138123, 0.0 ], [ -68.838299954627004, -32.824972696886945, 0.0 ], [ -68.838333103797993, -32.825069945752617, 0.0 ], [ -68.838356982292055, -32.825139998162591, 0.0 ], [ -68.838414536445129, -32.825134016643212, 0.0 ], [ -68.838472220656939, -32.82512343839457, 0.0 ], [ -68.838582041334092, -32.825103298996126, 0.0 ], [ -68.838690368472584, -32.825083433497078, 0.0 ], [ -68.838805939729696, -32.825062240009984, 0.0 ], [ -68.838919303819608, -32.825041450243049, 0.0 ], [ -68.839044022845485, -32.825018578519021, 0.0 ], [ -68.83914618995037, -32.824999841749204, 0.0 ], [ -68.83926221395302, -32.824978564563771, 0.0 ], [ -68.839377580896453, -32.824957407255475, 0.0 ], [ -68.839497555367089, -32.824935404542607, 0.0 ], [ -68.839615175244205, -32.824913834219437, 0.0 ], [ -68.839734719072538, -32.824891910978572, 0.0 ], [ -68.839856820351031, -32.824869518403752, 0.0 ], [ -68.839940666841812, -32.824854152450108, 0.0 ], [ -68.840013542948782, -32.824840797640654, 0.0 ], [ -68.840087992636782, -32.824827154451114, 0.0 ], [ -68.840138738917105, -32.824817854199381, 0.0 ], [ -68.840077591539881, -32.824801133406254, 0.0 ], [ -68.840020208691101, -32.824781437272819, 0.0 ], [ -68.839975133789224, -32.824759447591099, 0.0 ], [ -68.839920517049237, -32.82472244138939, 0.0 ], [ -68.839895068242043, -32.824691296557305, 0.0 ], [ -68.839612610348709, -32.824740736830826, 0.0 ] ] ] ] } },
{ "type": "Feature", "properties": { "LAYER": "PARCELARIO_2026", "MAP_NAME": "Cl_Jarillal_2026.dwg", "cc pp1": "1037 268" }, "geometry": { "type": "MultiPolygon", "coordinates": [ [ [ [ -68.837739629631869, -32.823648181176964, 0.0 ], [ -68.837826165432631, -32.82386497205394, 0.0 ], [ -68.838292535420734, -32.823804620361571, 0.0 ], [ -68.83819756647641, -32.823585294140685, 0.0 ], [ -68.837739629631869, -32.823648181176964, 0.0 ] ] ] ] } },
{ "type": "Feature", "properties": { "LAYER": "PARCELARIO_2026", "MAP_NAME": "Cl_Jarillal_2026.dwg", "cc pp1": "1037 3594" }, "geometry": { "type": "MultiPolygon", "coordinates": [ [ [ [ -68.839394908354649, -32.820913591207031, 0.0 ], [ -68.839386880270041, -32.821204169510224, 0.0 ], [ -68.839360464779745, -32.822270914974055, 0.0 ], [ -68.839553896755007, -32.822274329805047, 0.0 ], [ -68.839540688826702, -32.822807709701827, 0.0 ], [ -68.839734045128765, -32.82283845562268, 0.0 ], [ -68.839757419360112, -32.822841692895047, 0.0 ], [ -68.839770033476782, -32.822734727609408, 0.0 ], [ -68.839733271620361, -32.822607891449685, 0.0 ], [ -68.839802495468049, -32.820841872711682, 0.0 ], [ -68.839820251705092, -32.820388870697435, 0.0 ], [ -68.839748919059957, -32.820371918493734, 0.0 ], [ -68.839416892676994, -32.82029300985409, 0.0 ], [ -68.839415118654031, -32.820338262173436, 0.0 ], [ -68.839396665272346, -32.820809012326762, 0.0 ], [ -68.839394908354649, -32.820913591207031, 0.0 ] ] ] ] } },
{ "type": "Feature", "properties": { "LAYER": "PARCELARIO_2026", "MAP_NAME": "Cl_Jarillal_2026.dwg", "cc pp1": "1037 230" }, "geometry": { "type": "MultiPolygon", "coordinates": [ [ [ [ -68.845377870602761, -32.841049058262477, 0.0 ], [ -68.845351741965843, -32.841095738475403, 0.0 ], [ -68.844394903096727, -32.840959525814974, 0.0 ], [ -68.844317144493729, -32.841390388735235, 0.0 ], [ -68.84487511534239, -32.841468086634386, 0.0 ], [ -68.844878671897732, -32.841449876731971, 0.0 ], [ -68.845930987544136, -32.841586251057286, 0.0 ], [ -68.846311042809333, -32.841643435188573, 0.0 ], [ -68.846733144042091, -32.841723662977586, 0.0 ], [ -68.846733352304796, -32.841602474947109, 0.0 ], [ -68.845959892304961, -32.841425062934434, 0.0 ], [ -68.845982864099668, -32.841297500856989, 0.0 ], [ -68.846008642729572, -32.841152719782762, 0.0 ], [ -68.845377870602761, -32.841049058262477, 0.0 ] ] ] ] } },
{ "type": "Feature", "properties": { "LAYER": "PARCELARIO_2026", "MAP_NAME": "Cl_Jarillal_2026.dwg", "cc pp1": "1037 3316" }, "geometry": { "type": "MultiPolygon", "coordinates": [ [ [ [ -68.858723066838692, -32.849208893557574, 0.0 ], [ -68.85949311300547, -32.849256726378663, 0.0 ], [ -68.859512133646007, -32.848807520134429, 0.0 ], [ -68.858789052606056, -32.848782900545594, 0.0 ], [ -68.858723066838692, -32.849208893557574, 0.0 ] ] ] ] } },
{ "type": "Feature", "properties": { "LAYER": "PARCELARIO_2026", "MAP_NAME": "Cl_Jarillal_2026.dwg", "cc pp1": "1037 3428" }, "geometry": { "type": "MultiPolygon", "coordinates": [ [ [ [ -68.854565072774051, -32.847577908443569, 0.0 ], [ -68.85564342320211, -32.847698861025897, 0.0 ], [ -68.855788608565931, -32.846801792122314, 0.0 ], [ -68.854899354489902, -32.846702567488933, 0.0 ], [ -68.854967248694592, -32.846269831154345, 0.0 ], [ -68.854211537902387, -32.846243164486843, 0.0 ], [ -68.854565072774051, -32.847577908443569, 0.0 ] ] ] ] } },
{ "type": "Feature", "properties": { "LAYER": "PARCELARIO_2026", "MAP_NAME": "Cl_Jarillal_2026.dwg", "cc pp1": "1037 3444" }, "geometry": { "type": "MultiPolygon", "coordinates": [ [ [ [ -68.858391169231439, -32.850174657625111, 0.0 ], [ -68.857336977771752, -32.850077717067997, 0.0 ], [ -68.857636524133042, -32.851870245804243, 0.0 ], [ -68.857953731921853, -32.851867816440794, 0.0 ], [ -68.858154369069666, -32.851821621956979, 0.0 ], [ -68.858491504297774, -32.851747115003789, 0.0 ], [ -68.858690876836064, -32.851668758291659, 0.0 ], [ -68.858882807583839, -32.851580206393422, 0.0 ], [ -68.859095576708867, -32.851439559558905, 0.0 ], [ -68.859256472174735, -32.851278064489435, 0.0 ], [ -68.859315799567, -32.851204101848879, 0.0 ], [ -68.859341312830622, -32.851069403413533, 0.0 ], [ -68.859355535931783, -32.850916195761485, 0.0 ], [ -68.859372411971236, -32.850671239762207, 0.0 ], [ -68.859376310836055, -32.850615199137522, 0.0 ], [ -68.859379021173751, -32.850577162271875, 0.0 ], [ -68.859405724101677, -32.850207457526132, 0.0 ], [ -68.859435359116489, -32.849916366041242, 0.0 ], [ -68.859447802356357, -32.849779301246052, 0.0 ], [ -68.859405967398075, -32.849777458970259, 0.0 ], [ -68.858871140211647, -32.849753910532264, 0.0 ], [ -68.858640414018353, -32.849742477170714, 0.0 ], [ -68.858526636581956, -32.85018657890744, 0.0 ], [ -68.858391169231439, -32.850174657625111, 0.0 ] ] ] ] } },
{ "type": "Feature", "properties": { "LAYER": "PARCELARIO_2026", "MAP_NAME": "Cl_Jarillal_2026.dwg", "cc pp1": "1037 3320" }, "geometry": { "type": "MultiPolygon", "coordinates": [ [ [ [ -68.858743915221865, -32.847959062110846, 0.0 ], [ -68.859594440608788, -32.847990413715962, 0.0 ], [ -68.859626213103439, -32.847720178045968, 0.0 ], [ -68.859187166497748, -32.847703988025117, 0.0 ], [ -68.858823463705633, -32.847690574857403, 0.0 ], [ -68.858789079406449, -32.847690150135371, 0.0 ], [ -68.858775421576951, -32.847771475986875, 0.0 ], [ -68.85876042759844, -32.847860753302882, 0.0 ], [ -68.858745432521346, -32.847950030614527, 0.0 ], [ -68.858743915221865, -32.847959062110846, 0.0 ] ] ] ] } },
{ "type": "Feature", "properties": { "LAYER": "BARRIOS_EMPADRONADOS", "MAP_NAME": "Cl_Jarillal_2026.dwg", "cc pp1": "1037 295" }, "geometry": { "type": "MultiPolygon", "coordinates": [ [ [ [ -68.849923240351373, -32.851721944297438, 0.0 ], [ -68.84992173303074, -32.852681096185897, 0.0 ], [ -68.85345402832543, -32.852731550614486, 0.0 ], [ -68.855886077311965, -32.852765968070521, 0.0 ], [ -68.857874933274303, -32.852609853477098, 0.0 ], [ -68.857916978201501, -32.852585650502597, 0.0 ], [ -68.857925448529258, -32.852377260294972, 0.0 ], [ -68.85797526325517, -32.852062999638534, 0.0 ], [ -68.857740525930637, -32.85205000607651, 0.0 ], [ -68.855500678840031, -32.851851230276843, 0.0 ], [ -68.853464192342528, -32.851811531753484, 0.0 ], [ -68.849923240351373, -32.851721944297438, 0.0 ] ] ] ] } },
{ "type": "Feature", "properties": { "LAYER": "PARCELARIO_2026", "MAP_NAME": "Cl_Jarillal_2026.dwg", "cc pp1": "1037 3429" }, "geometry": { "type": "MultiPolygon", "coordinates": [ [ [ [ -68.858177585400469, -32.852608945363663, 0.0 ], [ -68.858330232036067, -32.852615610499491, 0.0 ], [ -68.858631765070214, -32.852677409328201, 0.0 ], [ -68.858530523792211, -32.852467446803146, 0.0 ], [ -68.858513704242739, -32.852299265097791, 0.0 ], [ -68.858568708492427, -32.852092727705944, 0.0 ], [ -68.858396790191321, -32.85214211446614, 0.0 ], [ -68.85801839566696, -32.85210177747264, 0.0 ], [ -68.85795183553364, -32.852575273302378, 0.0 ], [ -68.858177585400469, -32.852608945363663, 0.0 ] ] ] ] } },
{ "type": "Feature", "properties": { "LAYER": "PARCELARIO_2026", "MAP_NAME": "Cl_Jarillal_2026.dwg", "cc pp1": "1049 14" }, "geometry": { "type": "MultiPolygon", "coordinates": [ [ [ [ -68.847351834553308, -32.835245109319402, 0.0 ], [ -68.84760907012965, -32.835518295971418, 0.0 ], [ -68.84780232085923, -32.835681914542242, 0.0 ], [ -68.847871413638401, -32.835725793179094, 0.0 ], [ -68.84806553036681, -32.835881930992265, 0.0 ], [ -68.848057137824114, -32.836104289793475, 0.0 ], [ -68.848040651236531, -32.836276520506225, 0.0 ], [ -68.848022916961256, -32.836421851104262, 0.0 ], [ -68.848017516105372, -32.836595234111563, 0.0 ], [ -68.848134699556311, -32.836586900377803, 0.0 ], [ -68.848218473885595, -32.835944154376691, 0.0 ], [ -68.848242322857132, -32.835729548175827, 0.0 ], [ -68.848293978677077, -32.835050396642913, 0.0 ], [ -68.847351834553308, -32.835245109319402, 0.0 ] ] ] ] } },
{ "type": "Feature", "properties": { "LAYER": "PARCELARIO_2026", "MAP_NAME": "Cl_Jarillal_2026.dwg", "cc pp1": "1042 58" }, "geometry": { "type": "MultiPolygon", "coordinates": [ [ [ [ -68.85904942198303, -32.843744208467434, 0.0 ], [ -68.857420612124614, -32.843700494818563, 0.0 ], [ -68.857422384599701, -32.844818671331872, 0.0 ], [ -68.85888051919747, -32.844862649799126, 0.0 ], [ -68.85904942198303, -32.843744208467434, 0.0 ] ] ] ] } },
{ "type": "Feature", "properties": { "LAYER": "PARCELARIO_2026", "MAP_NAME": "Cl_Jarillal_2026.dwg", "cc pp1": "1042 100" }, "geometry": { "type": "MultiPolygon", "coordinates": [ [ [ [ -68.853462008858827, -32.843979972531102, 0.0 ], [ -68.85368065263296, -32.843984020898745, 0.0 ], [ -68.853697129824624, -32.844138637242111, 0.0 ], [ -68.853637445134908, -32.844135513401369, 0.0 ], [ -68.853662412603342, -32.844352359561789, 0.0 ], [ -68.85371848452624, -32.844352425115829, 0.0 ], [ -68.853790289921932, -32.844766053996622, 0.0 ], [ -68.85373376482876, -32.844765987944683, 0.0 ], [ -68.853772976500139, -32.844983137449297, 0.0 ], [ -68.853829501731056, -32.844983203483913, 0.0 ], [ -68.853885467958847, -32.845324430852038, 0.0 ], [ -68.853831765034727, -32.845326753130429, 0.0 ], [ -68.853873583544043, -32.845542622513179, 0.0 ], [ -68.854157553330282, -32.845548053777037, 0.0 ], [ -68.854151530821568, -32.845774693084927, 0.0 ], [ -68.855346979036199, -32.845800446293843, 0.0 ], [ -68.855451861782797, -32.845802705409618, 0.0 ], [ -68.855537156594053, -32.845804542374914, 0.0 ], [ -68.855538784817895, -32.845702820985323, 0.0 ], [ -68.855837233488813, -32.845706982035182, 0.0 ], [ -68.855836733619242, -32.846016174640162, 0.0 ], [ -68.855807302949998, -32.846039043864145, 0.0 ], [ -68.855807249963462, -32.846071811511074, 0.0 ], [ -68.856088031843655, -32.846078608911498, 0.0 ], [ -68.856089617036034, -32.846047512069454, 0.0 ], [ -68.856053489620976, -32.846016932710043, 0.0 ], [ -68.856060590011253, -32.845820355363017, 0.0 ], [ -68.856204864570202, -32.845823398542223, 0.0 ], [ -68.8563113315289, -32.845825643429187, 0.0 ], [ -68.856418021737753, -32.845827893891901, 0.0 ], [ -68.85652786516944, -32.84583021009594, 0.0 ], [ -68.856632411588308, -32.845832414636597, 0.0 ], [ -68.856739262039625, -32.845834667714144, 0.0 ], [ -68.856847133661162, -32.845836941705947, 0.0 ], [ -68.85684411247226, -32.845631539529691, 0.0 ], [ -68.857427876794887, -32.845644725130498, 0.0 ], [ -68.857419798273227, -32.843699766220702, 0.0 ], [ -68.853419423638655, -32.843575238631367, 0.0 ], [ -68.853462008858827, -32.843979972531102, 0.0 ] ] ] ] } },
{ "type": "Feature", "properties": { "LAYER": "PARCELARIO_2026", "MAP_NAME": "Cl_Jarillal_2026.dwg", "cc pp1": "1042 34" }, "geometry": { "type": "MultiPolygon", "coordinates": [ [ [ [ -68.851435165393596, -32.840885938127933, 0.0 ], [ -68.851650774453589, -32.841182768907338, 0.0 ], [ -68.851687811842226, -32.841230585703009, 0.0 ], [ -68.85286004552502, -32.842743995309178, 0.0 ], [ -68.853039986182381, -32.842790512563077, 0.0 ], [ -68.853271553748229, -32.843010210796116, 0.0 ], [ -68.853283529497588, -32.843062467442039, 0.0 ], [ -68.853371124345259, -32.843574448970351, 0.0 ], [ -68.855235373024129, -32.843632051230308, 0.0 ], [ -68.855692307649392, -32.843646365923298, 0.0 ], [ -68.857420612124614, -32.843700494818563, 0.0 ], [ -68.857417058217365, -32.841459035763613, 0.0 ], [ -68.857416879358311, -32.841346420596985, 0.0 ], [ -68.857416041263406, -32.840817676079709, 0.0 ], [ -68.856627828784696, -32.84084541266175, 0.0 ], [ -68.855478427144504, -32.840907092357945, 0.0 ], [ -68.854154881105572, -32.840929989415969, 0.0 ], [ -68.852968918164734, -32.840953014347804, 0.0 ], [ -68.851482597522832, -32.840883818624803, 0.0 ], [ -68.851435165393596, -32.840885938127933, 0.0 ] ] ] ] } },
{ "type": "Feature", "properties": { "LAYER": "PARCELARIO_2026", "MAP_NAME": "Cl_Jarillal_2026.dwg", "cc pp1": "1042 30" }, "geometry": { "type": "MultiPolygon", "coordinates": [ [ [ [ -68.861690619133626, -32.834930565671812, 0.0 ], [ -68.858846352252954, -32.840479268568828, 0.0 ], [ -68.859259198758153, -32.840425381805318, 0.0 ], [ -68.860055354015628, -32.840658824539965, 0.0 ], [ -68.860019962221273, -32.840409825883761, 0.0 ], [ -68.860213063359723, -32.839398696076692, 0.0 ], [ -68.860708630653676, -32.838918303910141, 0.0 ], [ -68.861876363352565, -32.837870028227414, 0.0 ], [ -68.862445952170418, -32.836652285537511, 0.0 ], [ -68.862025722607143, -32.83651042749019, 0.0 ], [ -68.862805912178345, -32.834863220653979, 0.0 ], [ -68.861855872246338, -32.834920587817052, 0.0 ], [ -68.861690619133626, -32.834930565671812, 0.0 ] ] ] ] } },
{ "type": "Feature", "properties": { "LAYER": "PARCELARIO_2026", "MAP_NAME": "Cl_Jarillal_2026.dwg", "cc pp1": "1049 31" }, "geometry": { "type": "MultiPolygon", "coordinates": [ [ [ [ -68.853350332277316, -32.837089016387289, 0.0 ], [ -68.853338265573697, -32.836962264538258, 0.0 ], [ -68.853346658279875, -32.836308368599688, 0.0 ], [ -68.852073361858416, -32.836329246546875, 0.0 ], [ -68.852069225218841, -32.836149385536629, 0.0 ], [ -68.850885035617864, -32.836173074106277, 0.0 ], [ -68.851285085824713, -32.837280230696614, 0.0 ], [ -68.853350332277316, -32.837089016387289, 0.0 ] ] ] ] } },
{ "type": "Feature", "properties": { "LAYER": "PARCELARIO_2026", "MAP_NAME": "Cl_Jarillal_2026.dwg", "cc pp1": "1037 1681" }, "geometry": { "type": "MultiPolygon", "coordinates": [ [ [ [ -68.853788263242407, -32.836933834617916, 0.0 ], [ -68.853837908887712, -32.837011619087576, 0.0 ], [ -68.853930676839482, -32.837041753975186, 0.0 ], [ -68.853975543708245, -32.837102761204449, 0.0 ], [ -68.854034495005635, -32.837172621496926, 0.0 ], [ -68.854099152748518, -32.837279999104631, 0.0 ], [ -68.854128573318292, -32.837316011199484, 0.0 ], [ -68.854181130305548, -32.837377297825022, 0.0 ], [ -68.854242314338705, -32.837453652853256, 0.0 ], [ -68.854317764887028, -32.837558247644736, 0.0 ], [ -68.854424927756938, -32.837538354609222, 0.0 ], [ -68.854630196402354, -32.837550675961921, 0.0 ], [ -68.854751192336877, -32.837562809037422, 0.0 ], [ -68.855053077209192, -32.837604005990272, 0.0 ], [ -68.855092116388008, -32.837110821669498, 0.0 ], [ -68.855068284656355, -32.837005234836624, 0.0 ], [ -68.855056312509191, -32.836843464219697, 0.0 ], [ -68.855050689655286, -32.836767476008482, 0.0 ], [ -68.854746423081778, -32.836818450702182, 0.0 ], [ -68.854617469631904, -32.836839851596523, 0.0 ], [ -68.854569605845185, -32.836716984533609, 0.0 ], [ -68.853788263242407, -32.836933834617916, 0.0 ] ] ] ] } },
{ "type": "Feature", "properties": { "LAYER": "PARCELARIO_2026", "MAP_NAME": "Cl_Jarillal_2026.dwg", "cc pp1": "1037 1504" }, "geometry": { "type": "MultiPolygon", "coordinates": [ [ [ [ -68.831454408589892, -32.818341051080274, 0.0 ], [ -68.831676105241471, -32.818361127264176, 0.0 ], [ -68.833353084900523, -32.818512976508202, 0.0 ], [ -68.833407462921002, -32.818522198444278, 0.0 ], [ -68.833424621311039, -32.81837064071776, 0.0 ], [ -68.833432863431256, -32.818222828513868, 0.0 ], [ -68.833432778609819, -32.818074851938462, 0.0 ], [ -68.833424367330025, -32.817927046425268, 0.0 ], [ -68.833407648232097, -32.817779745627142, 0.0 ], [ -68.832758856015076, -32.814687723686049, 0.0 ], [ -68.832298609040024, -32.811789109638362, 0.0 ], [ -68.832152892706304, -32.811755728125064, 0.0 ], [ -68.829748991420757, -32.811204996710373, 0.0 ], [ -68.829644976011224, -32.811181165705143, 0.0 ], [ -68.829581780180149, -32.81116668673149, 0.0 ], [ -68.82975332160521, -32.811838213319049, 0.0 ], [ -68.830317756069419, -32.813884009890614, 0.0 ], [ -68.831454408589892, -32.818341051080274, 0.0 ] ] ] ] } },
{ "type": "Feature", "properties": { "LAYER": "PARCELARIO_2026", "MAP_NAME": "Cl_Jarillal_2026.dwg", "cc pp1": "1037 3517" }, "geometry": { "type": "MultiPolygon", "coordinates": [ [ [ [ -68.829204628019411, -32.809754544601546, 0.0 ], [ -68.829276401608922, -32.809766031890298, 0.0 ], [ -68.83021616779655, -32.809916430598712, 0.0 ], [ -68.830258435364598, -32.809923195671558, 0.0 ], [ -68.830306473543885, -32.809930882877431, 0.0 ], [ -68.831967616747306, -32.810196710663277, 0.0 ], [ -68.832022369487404, -32.810205472034333, 0.0 ], [ -68.83197430892919, -32.809913879809372, 0.0 ], [ -68.831912151812432, -32.809536758340613, 0.0 ], [ -68.831903402899073, -32.809347691953676, 0.0 ], [ -68.83139722647671, -32.809265543449413, 0.0 ], [ -68.829057305689886, -32.808885765633192, 0.0 ], [ -68.828979482986995, -32.80887313381119, 0.0 ], [ -68.829204628019411, -32.809754544601546, 0.0 ] ] ] ] } },
{ "type": "Feature", "properties": { "LAYER": "PARCELARIO_2026", "MAP_NAME": "Cl_Jarillal_2026.dwg", "cc pp1": "1047 15" }, "geometry": { "type": "MultiPolygon", "coordinates": [ [ [ [ -68.837353565197319, -32.831479365792298, 0.0 ], [ -68.837635595344949, -32.831464346236125, 0.0 ], [ -68.83766376443144, -32.831537781140206, 0.0 ], [ -68.837770125273352, -32.831545853994115, 0.0 ], [ -68.837895877262866, -32.83187369463095, 0.0 ], [ -68.838031130510231, -32.831880812807775, 0.0 ], [ -68.837975047223821, -32.831680791896119, 0.0 ], [ -68.837947736606807, -32.831605551168145, 0.0 ], [ -68.837912520349519, -32.831530980078156, 0.0 ], [ -68.838081340750435, -32.831491253269782, 0.0 ], [ -68.837710997388129, -32.830501140852043, 0.0 ], [ -68.83698521850765, -32.830559456588475, 0.0 ], [ -68.837353565197319, -32.831479365792298, 0.0 ] ] ] ] } },
{ "type": "Feature", "properties": { "LAYER": "PARCELARIO_2026", "MAP_NAME": "Cl_Jarillal_2026.dwg", "cc pp1": "1047 84" }, "geometry": { "type": "MultiPolygon", "coordinates": [ [ [ [ -68.83591929631406, -32.831321954289869, 0.0 ], [ -68.835935169036148, -32.831366237737491, 0.0 ], [ -68.835950854756803, -32.831410001558631, 0.0 ], [ -68.835995617822164, -32.831534937527586, 0.0 ], [ -68.83601843984178, -32.831598633746566, 0.0 ], [ -68.8360320174598, -32.83163652923708, 0.0 ], [ -68.836046397334883, -32.831676664697341, 0.0 ], [ -68.836055837291624, -32.831703011204368, 0.0 ], [ -68.8363802377973, -32.831748163587299, 0.0 ], [ -68.836425093498065, -32.831746096906791, 0.0 ], [ -68.83638460468184, -32.831617863755, 0.0 ], [ -68.836367868096559, -32.83156635301399, 0.0 ], [ -68.836355812587144, -32.831531204323461, 0.0 ], [ -68.836341906506604, -32.831492393212415, 0.0 ], [ -68.836331284543022, -32.831461192231934, 0.0 ], [ -68.836316507922461, -32.831417789425515, 0.0 ], [ -68.836137330610995, -32.830932769580947, 0.0 ], [ -68.836114018707747, -32.830881145595811, 0.0 ], [ -68.835751784059269, -32.830841028471148, 0.0 ], [ -68.835826959716812, -32.831063947055746, 0.0 ], [ -68.83591929631406, -32.831321954289869, 0.0 ] ] ] ] } },
{ "type": "Feature", "properties": { "LAYER": "PARCELARIO_2026", "MAP_NAME": "Cl_Jarillal_2026.dwg", "cc pp1": "1047 127" }, "geometry": { "type": "MultiPolygon", "coordinates": [ [ [ [ -68.835961266165398, -32.8281473550621, 0.0 ], [ -68.834109654358585, -32.828498669979417, 0.0 ], [ -68.834331430902836, -32.829415165893025, 0.0 ], [ -68.836036000797719, -32.829277736914065, 0.0 ], [ -68.836185811075197, -32.829701371431099, 0.0 ], [ -68.835741927465634, -32.829770581328319, 0.0 ], [ -68.835760308158783, -32.82982263354036, 0.0 ], [ -68.835798525034392, -32.829816617941866, 0.0 ], [ -68.838305554582107, -32.829409247254134, 0.0 ], [ -68.838242677288861, -32.829255937400902, 0.0 ], [ -68.838178572302681, -32.829099523175231, 0.0 ], [ -68.838099676190609, -32.828906395092588, 0.0 ], [ -68.838026912905136, -32.828729115059119, 0.0 ], [ -68.837977936034264, -32.828609576390214, 0.0 ], [ -68.837927968698224, -32.828487998575064, 0.0 ], [ -68.837895343574331, -32.828407536385264, 0.0 ], [ -68.837863397003446, -32.828329836071298, 0.0 ], [ -68.837802188030281, -32.828180227810499, 0.0 ], [ -68.837653861345956, -32.827817652074685, 0.0 ], [ -68.837603845928413, -32.827827434668933, 0.0 ], [ -68.837501498765718, -32.827847498135881, 0.0 ], [ -68.837444235541653, -32.82785869414063, 0.0 ], [ -68.837402249851934, -32.827866934353189, 0.0 ], [ -68.8373056719971, -32.827885743674692, 0.0 ], [ -68.837248835916782, -32.827896940145052, 0.0 ], [ -68.837196276734858, -32.827907164708826, 0.0 ], [ -68.837107279687729, -32.827924615856702, 0.0 ], [ -68.836897137339946, -32.82796518654677, 0.0 ], [ -68.836796440265402, -32.827984465303537, 0.0 ], [ -68.836757800910661, -32.827991871982725, 0.0 ], [ -68.836710605057348, -32.828000918502063, 0.0 ], [ -68.836615630045245, -32.828019097289122, 0.0 ], [ -68.836562371796788, -32.828029573149941, 0.0 ], [ -68.83652214984032, -32.82803745829623, 0.0 ], [ -68.836427493415641, -32.828055998938204, 0.0 ], [ -68.836371403000527, -32.828066961541737, 0.0 ], [ -68.836334226895971, -32.828074269913927, 0.0 ], [ -68.836299185540838, -32.828081077016279, 0.0 ], [ -68.836243417526148, -32.828092094085996, 0.0 ], [ -68.836196627216879, -32.828101241932167, 0.0 ], [ -68.83614630486575, -32.828111081250171, 0.0 ], [ -68.836092296629459, -32.828121639787064, 0.0 ], [ -68.836053143960569, -32.828129353056035, 0.0 ], [ -68.835961266165398, -32.8281473550621, 0.0 ] ] ] ] } },
{ "type": "Feature", "properties": { "LAYER": "PARCELARIO_2026", "MAP_NAME": "Cl_Jarillal_2026.dwg", "cc pp1": "1043 41" }, "geometry": { "type": "MultiPolygon", "coordinates": [ [ [ [ -68.83369591287483, -32.826806869297563, 0.0 ], [ -68.834014427156959, -32.828116185869888, 0.0 ], [ -68.834109654358585, -32.828498669979417, 0.0 ], [ -68.835961266165398, -32.8281473550621, 0.0 ], [ -68.835912335081886, -32.827984267120655, 0.0 ], [ -68.835746901437375, -32.827411392876634, 0.0 ], [ -68.8357244004074, -32.827333549309522, 0.0 ], [ -68.835705835466598, -32.827269323874901, 0.0 ], [ -68.835664131427762, -32.827125270278081, 0.0 ], [ -68.835615360159025, -32.826949649670887, 0.0 ], [ -68.83551629802848, -32.826627620584219, 0.0 ], [ -68.835124712935624, -32.82672040890224, 0.0 ], [ -68.83369591287483, -32.826806869297563, 0.0 ] ] ] ] } },
{ "type": "Feature", "properties": { "LAYER": "PARCELARIO_2026", "MAP_NAME": "Cl_Jarillal_2026.dwg", "cc pp1": "1047 117" }, "geometry": { "type": "MultiPolygon", "coordinates": [ [ [ [ -68.834538374631464, -32.83030255734959, 0.0 ], [ -68.83458594289749, -32.83030771031514, 0.0 ], [ -68.835093777300884, -32.83036272312696, 0.0 ], [ -68.835359768161013, -32.830390484944544, 0.0 ], [ -68.835273393842584, -32.830142777114268, 0.0 ], [ -68.834793987836861, -32.83007966741711, 0.0 ], [ -68.8345178854903, -32.830047088576627, 0.0 ], [ -68.834479273547714, -32.830043165625405, 0.0 ], [ -68.834538374631464, -32.83030255734959, 0.0 ] ] ] ] } },
{ "type": "Feature", "properties": { "LAYER": "PARCELARIO_2026", "MAP_NAME": "Cl_Jarillal_2026.dwg", "cc pp1": "1043 1" }, "geometry": { "type": "MultiPolygon", "coordinates": [ [ [ [ -68.840819231975232, -32.827545337957538, 0.0 ], [ -68.840599366641243, -32.826666672907791, 0.0 ], [ -68.840031822285795, -32.826661288944386, 0.0 ], [ -68.840046318698626, -32.826735876303871, 0.0 ], [ -68.840092341135119, -32.826919806275995, 0.0 ], [ -68.840231861255432, -32.827477394045346, 0.0 ], [ -68.840248021626792, -32.827541980030972, 0.0 ], [ -68.840259464330103, -32.827587710847268, 0.0 ], [ -68.840270136136894, -32.827630361371469, 0.0 ], [ -68.840282661528562, -32.827680418121929, 0.0 ], [ -68.840819231975232, -32.827545337957538, 0.0 ] ] ] ] } },
{ "type": "Feature", "properties": { "LAYER": "BARRIOS_EMPADRONADOS", "MAP_NAME": "Cl_Jarillal_2026.dwg", "cc pp1": "1037 294" }, "geometry": { "type": "MultiPolygon", "coordinates": [ [ [ [ -68.855130540085597, -32.85178408914301, 0.0 ], [ -68.854894553604211, -32.84997500996721, 0.0 ], [ -68.854121656864208, -32.849895850670514, 0.0 ], [ -68.852527057604377, -32.849782531779915, 0.0 ], [ -68.846797675568098, -32.849691880838975, 0.0 ], [ -68.846680715167949, -32.851486115148404, 0.0 ], [ -68.846684338058964, -32.851739272675289, 0.0 ], [ -68.848143896604725, -32.851627114030414, 0.0 ], [ -68.848636993451279, -32.851503414886906, 0.0 ], [ -68.853035392542253, -32.851656737267618, 0.0 ], [ -68.855130540085597, -32.85178408914301, 0.0 ] ] ] ] } },
{ "type": "Feature", "properties": { "LAYER": "PARCELARIO_2026", "MAP_NAME": "Cl_Jarillal_2026.dwg", "cc pp1": "1037 294" }, "geometry": { "type": "MultiPolygon", "coordinates": [ [ [ [ -68.846754670101774, -32.851286580115634, 0.0 ], [ -68.847085549795395, -32.851289150770157, 0.0 ], [ -68.847081178846608, -32.851346222859355, 0.0 ], [ -68.847162792711785, -32.851347134096628, 0.0 ], [ -68.847276560663644, -32.851348445207449, 0.0 ], [ -68.84738562826395, -32.851349750482285, 0.0 ], [ -68.847499609875783, -32.851351061650902, 0.0 ], [ -68.847609745900115, -32.851352277862787, 0.0 ], [ -68.847718172553598, -32.851353582067219, 0.0 ], [ -68.847725982186915, -32.85109678821091, 0.0 ], [ -68.847669258836959, -32.851095997813928, 0.0 ], [ -68.84676390101022, -32.851081456213159, 0.0 ], [ -68.846754670101774, -32.851286580115634, 0.0 ] ] ] ] } },
{ "type": "Feature", "properties": { "LAYER": "PARCELARIO_2026", "MAP_NAME": "Cl_Jarillal_2026.dwg", "cc pp1": "1037 3532" }, "geometry": { "type": "MultiPolygon", "coordinates": [ [ [ [ -68.84795614030169, -32.838808615464309, 0.0 ], [ -68.847956122483325, -32.83880904284797, 0.0 ], [ -68.847948076973267, -32.839001675648973, 0.0 ], [ -68.847946795225681, -32.839032381449705, 0.0 ], [ -68.847990082656025, -32.839036234693232, 0.0 ], [ -68.850157313667879, -32.839229136390323, 0.0 ], [ -68.849866483628887, -32.838809215597024, 0.0 ], [ -68.849787975867471, -32.838725019929853, 0.0 ], [ -68.847993254710715, -32.838610189382543, 0.0 ], [ -68.847964504266457, -32.838608349259779, 0.0 ], [ -68.84795614030169, -32.838808615464309, 0.0 ] ] ] ] } },
{ "type": "Feature", "properties": { "LAYER": "PARCELARIO_2026", "MAP_NAME": "Cl_Jarillal_2026.dwg", "cc pp1": "1037 3399" }, "geometry": { "type": "MultiPolygon", "coordinates": [ [ [ [ -68.859661243823084, -32.847341123692004, 0.0 ], [ -68.859679413684788, -32.847108619605571, 0.0 ], [ -68.859428254799894, -32.847099358620873, 0.0 ], [ -68.85918435406164, -32.847090364086952, 0.0 ], [ -68.859082210982379, -32.847086597231495, 0.0 ], [ -68.859047753419006, -32.84731849948642, 0.0 ], [ -68.859661243823084, -32.847341123692004, 0.0 ] ] ] ] } },
{ "type": "Feature", "properties": { "LAYER": "PARCELARIO_2026", "MAP_NAME": "Cl_Jarillal_2026.dwg", "cc pp1": "1049 16" }, "geometry": { "type": "MultiPolygon", "coordinates": [ [ [ [ -68.849265262669817, -32.834857176317819, 0.0 ], [ -68.849403811322588, -32.835472132657664, 0.0 ], [ -68.849361461689455, -32.835479370132738, 0.0 ], [ -68.849373665412756, -32.835512954189937, 0.0 ], [ -68.849440279462485, -32.835696275901377, 0.0 ], [ -68.849451130929921, -32.835726138813051, 0.0 ], [ -68.849473686526125, -32.83578821097889, 0.0 ], [ -68.849376447901719, -32.835791825230409, 0.0 ], [ -68.849152901044832, -32.835800133877555, 0.0 ], [ -68.848901327049106, -32.835786793656588, 0.0 ], [ -68.848700148871416, -32.835769318252176, 0.0 ], [ -68.848523590563957, -32.835754638736496, 0.0 ], [ -68.848242322857132, -32.835729548175827, 0.0 ], [ -68.848218473885595, -32.835944154376691, 0.0 ], [ -68.848134699556311, -32.836586900377803, 0.0 ], [ -68.848017516105372, -32.836595234111563, 0.0 ], [ -68.84814331852499, -32.836756596215878, 0.0 ], [ -68.849885925632165, -32.836594717131526, 0.0 ], [ -68.849492075867445, -32.835494988950003, 0.0 ], [ -68.849517878578752, -32.835457518948452, 0.0 ], [ -68.849369216624879, -32.834837547932352, 0.0 ], [ -68.849265262669817, -32.834857176317819, 0.0 ] ] ] ] } },
{ "type": "Feature", "properties": { "LAYER": "PARCELARIO_2026", "MAP_NAME": "Cl_Jarillal_2026.dwg", "cc pp1": "1049 17" }, "geometry": { "type": "MultiPolygon", "coordinates": [ [ [ [ -68.84814331852499, -32.836756596215878, 0.0 ], [ -68.848860435103347, -32.837676399441563, 0.0 ], [ -68.850231102666697, -32.837555429554818, 0.0 ], [ -68.849885925632165, -32.836594717131526, 0.0 ], [ -68.84814331852499, -32.836756596215878, 0.0 ] ] ] ] } },
{ "type": "Feature", "properties": { "LAYER": "PARCELARIO_2026", "MAP_NAME": "Cl_Jarillal_2026.dwg", "cc pp1": "1054 192" }, "geometry": { "type": "MultiPolygon", "coordinates": [ [ [ [ -68.838989975561006, -32.911249144812864, 0.0 ], [ -68.839260361118747, -32.911263881897909, 0.0 ], [ -68.839293941287721, -32.911172662482684, 0.0 ], [ -68.83934632880343, -32.910924734844578, 0.0 ], [ -68.839378535582213, -32.91084391371087, 0.0 ], [ -68.839417361392606, -32.910767247935183, 0.0 ], [ -68.839235782267323, -32.910773407537995, 0.0 ], [ -68.838958072594068, -32.910782827118879, 0.0 ], [ -68.838949840493981, -32.911017163532698, 0.0 ], [ -68.838989975561006, -32.911249144812864, 0.0 ] ] ] ] } },
{ "type": "Feature", "properties": { "LAYER": "PARCELARIO_2026", "MAP_NAME": "Cl_Jarillal_2026.dwg", "cc pp1": "1054 2260" }, "geometry": { "type": "MultiPolygon", "coordinates": [ [ [ [ -68.843208193625401, -32.913058918144742, 0.0 ], [ -68.843219346188008, -32.913153126988036, 0.0 ], [ -68.842754936809541, -32.913206859590261, 0.0 ], [ -68.842726549899353, -32.913114645201198, 0.0 ], [ -68.842707272847576, -32.913116875168363, 0.0 ], [ -68.842479048897175, -32.913143280479083, 0.0 ], [ -68.842483218793149, -32.913202602387265, 0.0 ], [ -68.842486034907793, -32.913241640015762, 0.0 ], [ -68.842525967266297, -32.913807002783429, 0.0 ], [ -68.842526384656622, -32.913812772309477, 0.0 ], [ -68.842529393211876, -32.913856047207879, 0.0 ], [ -68.842534201081619, -32.913925195606055, 0.0 ], [ -68.842540876034832, -32.914018776690845, 0.0 ], [ -68.842542234632603, -32.914036356810399, 0.0 ], [ -68.842550369885359, -32.914149862529229, 0.0 ], [ -68.842557242318762, -32.914243625097846, 0.0 ], [ -68.842557883216827, -32.914252369573624, 0.0 ], [ -68.842561402363813, -32.914303133630156, 0.0 ], [ -68.842562051777691, -32.914312502986341, 0.0 ], [ -68.842566018030894, -32.914366144891744, 0.0 ], [ -68.842818287544333, -32.914344480087131, 0.0 ], [ -68.842882528331785, -32.914338963165001, 0.0 ], [ -68.842923145519705, -32.914335474180675, 0.0 ], [ -68.843042868318548, -32.91432519202678, 0.0 ], [ -68.843199895928549, -32.914311705969958, 0.0 ], [ -68.84324361265017, -32.914307951164432, 0.0 ], [ -68.843303908104559, -32.914302772621475, 0.0 ], [ -68.843367608896244, -32.914297301660845, 0.0 ], [ -68.843536390991588, -32.914282805590865, 0.0 ], [ -68.84356299865189, -32.914280515240414, 0.0 ], [ -68.843567813178865, -32.914280100176889, 0.0 ], [ -68.843573261728409, -32.914279631805286, 0.0 ], [ -68.843579460845589, -32.914279097647672, 0.0 ], [ -68.843592505932122, -32.914277975137871, 0.0 ], [ -68.843617198685791, -32.914275849192293, 0.0 ], [ -68.843686570402241, -32.914269876610973, 0.0 ], [ -68.843824360095326, -32.914258014899971, 0.0 ], [ -68.843842639024189, -32.914256324527351, 0.0 ], [ -68.843836635928014, -32.914206105628601, 0.0 ], [ -68.843823684779821, -32.914095298137646, 0.0 ], [ -68.843821885953659, -32.914079890549957, 0.0 ], [ -68.843809154205204, -32.913970786618165, 0.0 ], [ -68.84377030184632, -32.913637915075505, 0.0 ], [ -68.843760089305476, -32.913549829023097, 0.0 ], [ -68.843735555304775, -32.913340026021338, 0.0 ], [ -68.84371386495809, -32.913154566733944, 0.0 ], [ -68.84368849066432, -32.912937009944265, 0.0 ], [ -68.843683144726555, -32.912891305700796, 0.0 ], [ -68.843663220697991, -32.912720986142553, 0.0 ], [ -68.843660481589325, -32.912697454063938, 0.0 ], [ -68.84366006139706, -32.91269384768713, 0.0 ], [ -68.843642058650218, -32.912539222604067, 0.0 ], [ -68.843633420796209, -32.912465841424918, 0.0 ], [ -68.843632476028006, -32.912457808003971, 0.0 ], [ -68.843626159324884, -32.912403081149044, 0.0 ], [ -68.843605734942798, -32.912227448195303, 0.0 ], [ -68.84346858586801, -32.912243954171579, 0.0 ], [ -68.843097225179051, -32.912288915691406, 0.0 ], [ -68.843079481400267, -32.912291063783968, 0.0 ], [ -68.843064836370999, -32.912292758608054, 0.0 ], [ -68.843048662096834, -32.912313561892276, 0.0 ], [ -68.843048625031741, -32.912334566674531, 0.0 ], [ -68.843049152733428, -32.912337812513222, 0.0 ], [ -68.84306184896927, -32.912436094441603, 0.0 ], [ -68.843063175642683, -32.912446367238218, 0.0 ], [ -68.84306694961343, -32.912472794147355, 0.0 ], [ -68.843073487454092, -32.912522563824844, 0.0 ], [ -68.843143745536068, -32.912514529590638, 0.0 ], [ -68.843208193625401, -32.913058918144742, 0.0 ] ] ] ] } },
{ "type": "Feature", "properties": { "LAYER": "PARCELARIO_2026", "MAP_NAME": "Cl_Jarillal_2026.dwg", "cc pp1": "1054 2121" }, "geometry": { "type": "MultiPolygon", "coordinates": [ [ [ [ -68.849884856775944, -32.9144466435515, 0.0 ], [ -68.84990580254761, -32.914447660558956, 0.0 ], [ -68.850055306574106, -32.914455141843554, 0.0 ], [ -68.850211013207755, -32.914460016387793, 0.0 ], [ -68.850336797363909, -32.914463953229976, 0.0 ], [ -68.8503184996664, -32.914349804657093, 0.0 ], [ -68.850291103782169, -32.91418092533717, 0.0 ], [ -68.850218867511146, -32.914174889469592, 0.0 ], [ -68.850125152248452, -32.914167114603451, 0.0 ], [ -68.850125401706308, -32.914209394158092, 0.0 ], [ -68.8500829268377, -32.914237017840207, 0.0 ], [ -68.849970704619153, -32.914240038215205, 0.0 ], [ -68.849930369846632, -32.914265772671946, 0.0 ], [ -68.849922084568519, -32.914298936733523, 0.0 ], [ -68.84988505375523, -32.914393276475558, 0.0 ], [ -68.849884856775944, -32.9144466435515, 0.0 ] ] ] ] } },
{ "type": "Feature", "properties": { "LAYER": "PARCELARIO_2026", "MAP_NAME": "Cl_Jarillal_2026.dwg", "cc pp1": "1045 71" }, "geometry": { "type": "MultiPolygon", "coordinates": [ [ [ [ -68.859976576408798, -32.930563637841495, 0.0 ], [ -68.85997843383052, -32.931035216243927, 0.0 ], [ -68.860203931558587, -32.931034584128653, 0.0 ], [ -68.860204318643895, -32.931245304039997, 0.0 ], [ -68.860303814844841, -32.93126668966994, 0.0 ], [ -68.860431981232807, -32.931294238705149, 0.0 ], [ -68.860626503993714, -32.931335312976238, 0.0 ], [ -68.860665458751839, -32.931307560142713, 0.0 ], [ -68.860647077293038, -32.930561757041808, 0.0 ], [ -68.859976576408798, -32.930563637841495, 0.0 ] ] ] ] } },
{ "type": "Feature", "properties": { "LAYER": "PARCELARIO_2026", "MAP_NAME": "Cl_Jarillal_2026.dwg", "cc pp1": "1045 299" }, "geometry": { "type": "MultiPolygon", "coordinates": [ [ [ [ -68.860747199243818, -32.935411312370199, 0.0 ], [ -68.860733635528305, -32.934700327406553, 0.0 ], [ -68.860214281331167, -32.934681292767195, 0.0 ], [ -68.860178623588155, -32.934808977507842, 0.0 ], [ -68.860034466388854, -32.935371574157372, 0.0 ], [ -68.860140738615797, -32.935377499990331, 0.0 ], [ -68.860747199243818, -32.935411312370199, 0.0 ] ] ] ] } },
{ "type": "Feature", "properties": { "LAYER": "PARCELARIO_2026", "MAP_NAME": "Cl_Jarillal_2026.dwg", "cc pp1": "1050 685" }, "geometry": { "type": "MultiPolygon", "coordinates": [ [ [ [ -68.850822080189914, -32.930124849861727, 0.0 ], [ -68.850765012427232, -32.930798424887492, 0.0 ], [ -68.850696685348794, -32.930791895325171, 0.0 ], [ -68.8500442935959, -32.930757338003723, 0.0 ], [ -68.850056404527706, -32.930944368468992, 0.0 ], [ -68.850053286305439, -32.930943957165887, 0.0 ], [ -68.850055016662353, -32.930979870679295, 0.0 ], [ -68.851352367033158, -32.931104258024767, 0.0 ], [ -68.851390799332904, -32.930826621489203, 0.0 ], [ -68.851290274613206, -32.930822117018494, 0.0 ], [ -68.851379202589357, -32.930165434853784, 0.0 ], [ -68.850822080189914, -32.930124849861727, 0.0 ] ] ] ] } },
{ "type": "Feature", "properties": { "LAYER": "PARCELARIO_2026", "MAP_NAME": "Cl_Jarillal_2026.dwg", "cc pp1": "1050 69" }, "geometry": { "type": "MultiPolygon", "coordinates": [ [ [ [ -68.850860477210333, -32.92880732872694, 0.0 ], [ -68.850842503554702, -32.928943338338804, 0.0 ], [ -68.85081605831283, -32.929142579384532, 0.0 ], [ -68.850801703240535, -32.929250872770147, 0.0 ], [ -68.851494624888915, -32.92931308662358, 0.0 ], [ -68.851642431055168, -32.928311278855581, 0.0 ], [ -68.85163313277404, -32.928310366131797, 0.0 ], [ -68.851647958999948, -32.928200946083997, 0.0 ], [ -68.851662573792836, -32.928091344542622, 0.0 ], [ -68.851666254298507, -32.928064214468954, 0.0 ], [ -68.851450433296648, -32.928057468704424, 0.0 ], [ -68.851326222173171, -32.928053354493322, 0.0 ], [ -68.8512409208154, -32.928050548837142, 0.0 ], [ -68.850961820064498, -32.928041291441012, 0.0 ], [ -68.850961069614101, -32.928046960348709, 0.0 ], [ -68.850860477210333, -32.92880732872694, 0.0 ] ] ] ] } },
{ "type": "Feature", "properties": { "LAYER": "PARCELARIO_2026", "MAP_NAME": "Cl_Jarillal_2026.dwg", "cc pp1": "1050 691" }, "geometry": { "type": "MultiPolygon", "coordinates": [ [ [ [ -68.85009761312098, -32.932325894962368, 0.0 ], [ -68.851172671997531, -32.932399467056939, 0.0 ], [ -68.851180414089796, -32.932335128389489, 0.0 ], [ -68.85121607716799, -32.931979521716833, 0.0 ], [ -68.850579535757802, -32.931907832996799, 0.0 ], [ -68.850235470032331, -32.931893043782708, 0.0 ], [ -68.850085380007712, -32.931900534471659, 0.0 ], [ -68.850096672650167, -32.932260961655686, 0.0 ], [ -68.85009761312098, -32.932325894962368, 0.0 ] ] ] ] } },
{ "type": "Feature", "properties": { "LAYER": "PARCELARIO_2026", "MAP_NAME": "Cl_Jarillal_2026.dwg", "cc pp1": "1037 3324" }, "geometry": { "type": "MultiPolygon", "coordinates": [ [ [ [ -68.858501074822399, -32.9438798637715, 0.0 ], [ -68.85840819200132, -32.944141531840252, 0.0 ], [ -68.858360869820999, -32.944187811237256, 0.0 ], [ -68.858412555918676, -32.944354363049882, 0.0 ], [ -68.858384649298515, -32.944369137976466, 0.0 ], [ -68.858407682060133, -32.944389680994838, 0.0 ], [ -68.858904158602911, -32.943993974144938, 0.0 ], [ -68.858878331173486, -32.943983089604458, 0.0 ], [ -68.858894526013714, -32.943970180450549, 0.0 ], [ -68.858501074822399, -32.9438798637715, 0.0 ] ] ] ] } },
{ "type": "Feature", "properties": { "LAYER": "PARCELARIO_2026", "MAP_NAME": "Cl_Jarillal_2026.dwg", "cc pp1": "1037 3133" }, "geometry": { "type": "MultiPolygon", "coordinates": [ [ [ [ -68.857774803382554, -32.942807265977301, 0.0 ], [ -68.858116827857373, -32.942816845286629, 0.0 ], [ -68.85818301962027, -32.942818908126831, 0.0 ], [ -68.858401804167244, -32.942825011963258, 0.0 ], [ -68.858572830083119, -32.942829802503333, 0.0 ], [ -68.858794949663732, -32.94283591285096, 0.0 ], [ -68.859008752320079, -32.942841747175898, 0.0 ], [ -68.859021957717431, -32.942836467386002, 0.0 ], [ -68.859201335335769, -32.942765366256907, 0.0 ], [ -68.859191685011268, -32.942648892050634, 0.0 ], [ -68.859186664402813, -32.942592276184016, 0.0 ], [ -68.859186505374126, -32.942544771444815, 0.0 ], [ -68.859185669604358, -32.942532330867699, 0.0 ], [ -68.85917837176801, -32.942415948573924, 0.0 ], [ -68.859176614741074, -32.942310750701594, 0.0 ], [ -68.859175046657725, -32.942220606658985, 0.0 ], [ -68.859515341039568, -32.942191152073285, 0.0 ], [ -68.85986579013408, -32.942160807166417, 0.0 ], [ -68.859644504353511, -32.941609654941992, 0.0 ], [ -68.859631571170041, -32.941609279740632, 0.0 ], [ -68.859625798976822, -32.941609183087955, 0.0 ], [ -68.859614041005955, -32.941608809204993, 0.0 ], [ -68.859512494948689, -32.941606531938525, 0.0 ], [ -68.859467814919725, -32.941605489844555, 0.0 ], [ -68.859443551221645, -32.941604921543529, 0.0 ], [ -68.859335056985103, -32.941602365811804, 0.0 ], [ -68.859273702133379, -32.941600945104298, 0.0 ], [ -68.859229236551201, -32.94159954249281, 0.0 ], [ -68.859207217558634, -32.941598886506242, 0.0 ], [ -68.859177287964954, -32.941597951997402, 0.0 ], [ -68.859121706027153, -32.941596176145616, 0.0 ], [ -68.859018130882617, -32.941592904337021, 0.0 ], [ -68.859018336883892, -32.941597862931609, 0.0 ], [ -68.858966065782454, -32.941597353104051, 0.0 ], [ -68.858954948994892, -32.94159725038805, 0.0 ], [ -68.858911551335041, -32.941596750553252, 0.0 ], [ -68.85887916217257, -32.941596533641693, 0.0 ], [ -68.858805192172028, -32.941595818902314, 0.0 ], [ -68.858692848163855, -32.941594700056172, 0.0 ], [ -68.858588415264421, -32.941592869616358, 0.0 ], [ -68.858457473692567, -32.941590738559604, 0.0 ], [ -68.858360843397193, -32.941589186371232, 0.0 ], [ -68.858350795958359, -32.941589084813586, 0.0 ], [ -68.858297136360747, -32.941588212458498, 0.0 ], [ -68.858244972778976, -32.941587342679192, 0.0 ], [ -68.858154969957326, -32.941586014254099, 0.0 ], [ -68.858109221090089, -32.941585339249976, 0.0 ], [ -68.857993457200052, -32.941583631600231, 0.0 ], [ -68.857774803382554, -32.942807265977301, 0.0 ] ] ] ] } },
{ "type": "Feature", "properties": { "LAYER": "PARCELARIO_2026", "MAP_NAME": "Cl_Jarillal_2026.dwg", "cc pp1": "1037 3323" }, "geometry": { "type": "MultiPolygon", "coordinates": [ [ [ [ -68.857800437640066, -32.94428939410227, 0.0 ], [ -68.857795818125723, -32.944315983110727, 0.0 ], [ -68.85779527974357, -32.944318957153278, 0.0 ], [ -68.857770073298411, -32.944438547655324, 0.0 ], [ -68.857745623640014, -32.944553631493733, 0.0 ], [ -68.858009318594384, -32.944567181671609, 0.0 ], [ -68.858156636871101, -32.944492260364378, 0.0 ], [ -68.858412555918676, -32.944354363049882, 0.0 ], [ -68.858360869820999, -32.944187811237256, 0.0 ], [ -68.85823630541374, -32.944205788412532, 0.0 ], [ -68.858127817914536, -32.944130756985409, 0.0 ], [ -68.857800437640066, -32.94428939410227, 0.0 ] ] ] ] } },
{ "type": "Feature", "properties": { "LAYER": "PARCELARIO_2026", "MAP_NAME": "Cl_Jarillal_2026.dwg", "cc pp1": "1037 3309" }, "geometry": { "type": "MultiPolygon", "coordinates": [ [ [ [ -68.857803804137205, -32.944269298496948, 0.0 ], [ -68.857800437640066, -32.94428939410227, 0.0 ], [ -68.858127817914536, -32.944130756985409, 0.0 ], [ -68.858193756063244, -32.943940361014704, 0.0 ], [ -68.858261746537565, -32.943938004512312, 0.0 ], [ -68.858354197657903, -32.943678950036862, 0.0 ], [ -68.857918021683275, -32.943600565559855, 0.0 ], [ -68.857916135028688, -32.943612107675179, 0.0 ], [ -68.857911387528617, -32.943639866029557, 0.0 ], [ -68.857898867997847, -32.943714309252002, 0.0 ], [ -68.857894767732674, -32.943738553577049, 0.0 ], [ -68.85789088272395, -32.943761264382204, 0.0 ], [ -68.857886456247201, -32.943788212486112, 0.0 ], [ -68.857880306489577, -32.943824171862964, 0.0 ], [ -68.85787393846482, -32.943862204864217, 0.0 ], [ -68.857868170725013, -32.943895996124567, 0.0 ], [ -68.857864614868276, -32.943916828193274, 0.0 ], [ -68.857854124320426, -32.943978290368257, 0.0 ], [ -68.857852033331028, -32.943990542776412, 0.0 ], [ -68.857846754093401, -32.944021109267226, 0.0 ], [ -68.857842957905845, -32.944043097020327, 0.0 ], [ -68.857832718899402, -32.944102387321756, 0.0 ], [ -68.857830688766128, -32.944114029358502, 0.0 ], [ -68.857821713473214, -32.944165474642453, 0.0 ], [ -68.857817075796717, -32.944192060926525, 0.0 ], [ -68.857803804137205, -32.944269298496948, 0.0 ] ] ] ] } },
{ "type": "Feature", "properties": { "LAYER": "PARCELARIO_2026", "MAP_NAME": "Cl_Jarillal_2026.dwg", "cc pp1": "1037 3321" }, "geometry": { "type": "MultiPolygon", "coordinates": [ [ [ [ -68.857938695434044, -32.943475117026871, 0.0 ], [ -68.857926173931077, -32.943550822609474, 0.0 ], [ -68.857921748546559, -32.943577769815157, 0.0 ], [ -68.857918021683275, -32.943600565559855, 0.0 ], [ -68.858354197657903, -32.943678950036862, 0.0 ], [ -68.858425360386391, -32.943479545715789, 0.0 ], [ -68.858073906590022, -32.943416317672195, 0.0 ], [ -68.857952403681082, -32.943392202023709, 0.0 ], [ -68.857950136880689, -32.943406080872869, 0.0 ], [ -68.857946682817627, -32.943426810269351, 0.0 ], [ -68.857938695434044, -32.943475117026871, 0.0 ] ] ] ] } },
{ "type": "Feature", "properties": { "LAYER": "PARCELARIO_2026", "MAP_NAME": "Cl_Jarillal_2026.dwg", "cc pp1": "1037 3411" }, "geometry": { "type": "MultiPolygon", "coordinates": [ [ [ [ -68.859015666064252, -32.942931175895616, 0.0 ], [ -68.859018479264279, -32.942969324200511, 0.0 ], [ -68.85936343480887, -32.943077394465291, 0.0 ], [ -68.859449216571221, -32.942974415863333, 0.0 ], [ -68.859008752320079, -32.942841747175898, 0.0 ], [ -68.859015666064252, -32.942931175895616, 0.0 ] ] ] ] } },
{ "type": "Feature", "properties": { "LAYER": "PARCELARIO_2026", "MAP_NAME": "Cl_Jarillal_2026.dwg", "cc pp1": "1037 3412" }, "geometry": { "type": "MultiPolygon", "coordinates": [ [ [ [ -68.859033592005574, -32.94316626697524, 0.0 ], [ -68.859229214775127, -32.943243125252508, 0.0 ], [ -68.859254914956097, -32.943253222407947, 0.0 ], [ -68.85936343480887, -32.943077394465291, 0.0 ], [ -68.859018479264279, -32.942969324200511, 0.0 ], [ -68.85902668215553, -32.943075035797634, 0.0 ], [ -68.859033592005574, -32.94316626697524, 0.0 ] ] ] ] } },
{ "type": "Feature", "properties": { "LAYER": "PARCELARIO_2026", "MAP_NAME": "Cl_Jarillal_2026.dwg", "cc pp1": "1037 3415" }, "geometry": { "type": "MultiPolygon", "coordinates": [ [ [ [ -68.859295375503791, -32.943464611003222, 0.0 ], [ -68.859228253499779, -32.943676329264534, 0.0 ], [ -68.859323100470306, -32.943768219402543, 0.0 ], [ -68.859509756628569, -32.943624211357722, 0.0 ], [ -68.859517497641249, -32.943618239190748, 0.0 ], [ -68.85945180966155, -32.943538898276131, 0.0 ], [ -68.859372528276765, -32.943443138591675, 0.0 ], [ -68.859371345429153, -32.94344389197002, 0.0 ], [ -68.859367693312947, -32.943446053704847, 0.0 ], [ -68.859363954748957, -32.943448107140163, 0.0 ], [ -68.859360134018942, -32.943450049575759, 0.0 ], [ -68.859356235404661, -32.943451878311386, 0.0 ], [ -68.859352263186466, -32.943453591548462, 0.0 ], [ -68.859348478467496, -32.9434550777721, 0.0 ], [ -68.859344200560713, -32.943456695086326, 0.0 ], [ -68.859339958405513, -32.943458020294997, 0.0 ], [ -68.859335743131481, -32.94345925266034, 0.0 ], [ -68.859331479931299, -32.94346036144087, 0.0 ], [ -68.859327173086783, -32.943461343936335, 0.0 ], [ -68.859322827946187, -32.943462199251101, 0.0 ], [ -68.859318450925755, -32.943462927392353, 0.0 ], [ -68.859314046307261, -32.943463525659872, 0.0 ], [ -68.859309619436161, -32.94346399496137, 0.0 ], [ -68.859305176730089, -32.943464334402371, 0.0 ], [ -68.859300722468006, -32.943464543086009, 0.0 ], [ -68.85929626199534, -32.943464621919993, 0.0 ], [ -68.859295375503791, -32.943464611003222, 0.0 ] ] ] ] } },
{ "type": "Feature", "properties": { "LAYER": "PARCELARIO_2026", "MAP_NAME": "Cl_Jarillal_2026.dwg", "cc pp1": "1037 3430" }, "geometry": { "type": "MultiPolygon", "coordinates": [ [ [ [ -68.858082620361827, -32.943034413864389, 0.0 ], [ -68.858116960836909, -32.942816849430926, 0.0 ], [ -68.857774803382554, -32.942807265977301, 0.0 ], [ -68.857752746777876, -32.942962826466847, 0.0 ], [ -68.857778141677571, -32.942991791318704, 0.0 ], [ -68.858082620361827, -32.943034413864389, 0.0 ] ] ] ] } },
{ "type": "Feature", "properties": { "LAYER": "PARCELARIO_2026", "MAP_NAME": "Cl_Jarillal_2026.dwg", "cc pp1": "1037 3431" }, "geometry": { "type": "MultiPolygon", "coordinates": [ [ [ [ -68.858082620361827, -32.943034413864389, 0.0 ], [ -68.858194942870483, -32.943050136913307, 0.0 ], [ -68.858364007960276, -32.943073354069213, 0.0 ], [ -68.858401932128515, -32.942825015533117, 0.0 ], [ -68.85818301962027, -32.942818908126831, 0.0 ], [ -68.858116960836909, -32.942816849430926, 0.0 ], [ -68.858082620361827, -32.943034413864389, 0.0 ] ] ] ] } },
{ "type": "Feature", "properties": { "LAYER": "PARCELARIO_2026", "MAP_NAME": "Cl_Jarillal_2026.dwg", "cc pp1": "1037 3432" }, "geometry": { "type": "MultiPolygon", "coordinates": [ [ [ [ -68.858364007960276, -32.943073354069213, 0.0 ], [ -68.858533089176888, -32.94309657281805, 0.0 ], [ -68.858795077030578, -32.942835916354611, 0.0 ], [ -68.858572957449923, -32.942829806007211, 0.0 ], [ -68.858401932128515, -32.942825015533117, 0.0 ], [ -68.858364007960276, -32.943073354069213, 0.0 ] ] ] ] } },
{ "type": "Feature", "properties": { "LAYER": "PARCELARIO_2026", "MAP_NAME": "Cl_Jarillal_2026.dwg", "cc pp1": "1037 3433" }, "geometry": { "type": "MultiPolygon", "coordinates": [ [ [ [ -68.858533089176888, -32.94309657281805, 0.0 ], [ -68.858537791223142, -32.943097219238801, 0.0 ], [ -68.858608386898382, -32.943135969667665, 0.0 ], [ -68.858649530045611, -32.943191560858935, 0.0 ], [ -68.859015666064252, -32.942931175895616, 0.0 ], [ -68.859008752320079, -32.942841747175898, 0.0 ], [ -68.858795077030578, -32.942835916354611, 0.0 ], [ -68.858533089176888, -32.94309657281805, 0.0 ] ] ] ] } },
{ "type": "Feature", "properties": { "LAYER": "PARCELARIO_2026", "MAP_NAME": "Cl_Jarillal_2026.dwg", "cc pp1": "1037 3434" }, "geometry": { "type": "MultiPolygon", "coordinates": [ [ [ [ -68.858649530045611, -32.943191560858935, 0.0 ], [ -68.858686041069831, -32.94324089361853, 0.0 ], [ -68.858684864724211, -32.943320918554328, 0.0 ], [ -68.85903475696, -32.943182181210624, 0.0 ], [ -68.859034001322783, -32.943171816401012, 0.0 ], [ -68.859033676875825, -32.943167368928968, 0.0 ], [ -68.859026767025597, -32.94307613775139, 0.0 ], [ -68.859018491479105, -32.94296948983925, 0.0 ], [ -68.859015666064252, -32.942931175895616, 0.0 ], [ -68.858649530045611, -32.943191560858935, 0.0 ] ] ] ] } },
{ "type": "Feature", "properties": { "LAYER": "PARCELARIO_2026", "MAP_NAME": "Cl_Jarillal_2026.dwg", "cc pp1": "1054 893" }, "geometry": { "type": "MultiPolygon", "coordinates": [ [ [ [ -68.848402168616119, -32.937799264113274, 0.0 ], [ -68.848506404966002, -32.937799480690472, 0.0 ], [ -68.848665270668405, -32.937799853518612, 0.0 ], [ -68.848739252225229, -32.93780003325864, 0.0 ], [ -68.848752508193073, -32.937800139471868, 0.0 ], [ -68.848773463279798, -32.937800164832595, 0.0 ], [ -68.848805322026294, -32.937800203382672, 0.0 ], [ -68.848857813846777, -32.937800357050158, 0.0 ], [ -68.848869894653333, -32.937800461829575, 0.0 ], [ -68.848878126130543, -32.937800471784342, 0.0 ], [ -68.848909342990197, -32.937800689868588, 0.0 ], [ -68.848910314556932, -32.937795282738328, 0.0 ], [ -68.849017225995368, -32.937794420102122, 0.0 ], [ -68.849122104538395, -32.937793645088433, 0.0 ], [ -68.849237354378729, -32.937792793232802, 0.0 ], [ -68.849342341070908, -32.937791927996294, 0.0 ], [ -68.849454810727508, -32.937791071686569, 0.0 ], [ -68.849560223913073, -32.937790297850938, 0.0 ], [ -68.849669272873484, -32.937789437230094, 0.0 ], [ -68.849728394352809, -32.937788967327791, 0.0 ], [ -68.849757257379878, -32.937790625065261, 0.0 ], [ -68.849726532655026, -32.937689090880454, 0.0 ], [ -68.848863463682235, -32.937684264761536, 0.0 ], [ -68.848840905896409, -32.937684147308829, 0.0 ], [ -68.848789162807634, -32.937683904371887, 0.0 ], [ -68.848761901174214, -32.937683781213018, 0.0 ], [ -68.84868781324478, -32.937683330852323, 0.0 ], [ -68.848611373773437, -32.937682967767437, 0.0 ], [ -68.848555996291637, -32.93768263016252, 0.0 ], [ -68.848516546939223, -32.937682402010807, 0.0 ], [ -68.848507139397569, -32.937682300438048, 0.0 ], [ -68.848367837506913, -32.937681500307157, 0.0 ], [ -68.848402168616119, -32.937799264113274, 0.0 ] ] ] ] } },
{ "type": "Feature", "properties": { "LAYER": "PARCELARIO_2026", "MAP_NAME": "Cl_Jarillal_2026.dwg", "cc pp1": "1054 672" }, "geometry": { "type": "MultiPolygon", "coordinates": [ [ [ [ -68.841725705629884, -32.939290451577307, 0.0 ], [ -68.841902774472203, -32.939697293889466, 0.0 ], [ -68.841910972709925, -32.939716684162526, 0.0 ], [ -68.842149130251826, -32.940280986044939, 0.0 ], [ -68.842153947902375, -32.940293453406781, 0.0 ], [ -68.842602783886989, -32.940086046987368, 0.0 ], [ -68.842714380099949, -32.940036610195278, 0.0 ], [ -68.842718863822512, -32.940040221674273, 0.0 ], [ -68.842913386456047, -32.939952039983822, 0.0 ], [ -68.84287374491737, -32.939878526317145, 0.0 ], [ -68.84283422998665, -32.939793926587619, 0.0 ], [ -68.842823606172189, -32.939755873868634, 0.0 ], [ -68.842809900734764, -32.939707452410715, 0.0 ], [ -68.842799275983737, -32.939669940698614, 0.0 ], [ -68.842786432298638, -32.939617373475272, 0.0 ], [ -68.842766371858801, -32.93953514167297, 0.0 ], [ -68.842764779841033, -32.939528378840443, 0.0 ], [ -68.842758729487485, -32.939503673190913, 0.0 ], [ -68.842754908757925, -32.939487984485282, 0.0 ], [ -68.842750345248561, -32.939469049682756, 0.0 ], [ -68.842743982403817, -32.939439655781982, 0.0 ], [ -68.842721685407298, -32.939352373526539, 0.0 ], [ -68.842704199477453, -32.93926500625188, 0.0 ], [ -68.842684699225984, -32.939168442863533, 0.0 ], [ -68.84267808744805, -32.939098486371122, 0.0 ], [ -68.842677355206462, -32.9390892909732, 0.0 ], [ -68.84266940722425, -32.939049889980879, 0.0 ], [ -68.842662625965502, -32.939015268482663, 0.0 ], [ -68.842318195635571, -32.939115880704385, 0.0 ], [ -68.841725705629884, -32.939290451577307, 0.0 ] ] ] ] } },
{ "type": "Feature", "properties": { "LAYER": "PARCELARIO_2026", "MAP_NAME": "Cl_Jarillal_2026.dwg", "cc pp1": "1054 2206" }, "geometry": { "type": "MultiPolygon", "coordinates": [ [ [ [ -68.849479736498992, -32.951282589974937, 0.0 ], [ -68.84945555731224, -32.951291214292162, 0.0 ], [ -68.849170536772888, -32.951392283693316, 0.0 ], [ -68.849069966622665, -32.951427949127847, 0.0 ], [ -68.849032627261835, -32.951441155144487, 0.0 ], [ -68.849055364750029, -32.951526369094275, 0.0 ], [ -68.849497124459731, -32.951369960539118, 0.0 ], [ -68.849731216936519, -32.951287039534208, 0.0 ], [ -68.849753898850537, -32.951279043639317, 0.0 ], [ -68.849861851202647, -32.951240771643945, 0.0 ], [ -68.849961457547579, -32.951205555253992, 0.0 ], [ -68.850002649019814, -32.951191001059449, 0.0 ], [ -68.850019445494567, -32.95118498175227, 0.0 ], [ -68.850089844335471, -32.951160095939855, 0.0 ], [ -68.850120336900488, -32.951149315034669, 0.0 ], [ -68.850083679225179, -32.951074992226744, 0.0 ], [ -68.850044212051031, -32.951082427027067, 0.0 ], [ -68.850020888081474, -32.951090691807472, 0.0 ], [ -68.849910582710919, -32.951129862797707, 0.0 ], [ -68.849819856006619, -32.951162025001743, 0.0 ], [ -68.849521356176041, -32.95126785611879, 0.0 ], [ -68.849484230994619, -32.951280972360649, 0.0 ], [ -68.849479736498992, -32.951282589974937, 0.0 ] ] ] ] } },
{ "type": "Feature", "properties": { "LAYER": "PARCELARIO_2026", "MAP_NAME": "Cl_Jarillal_2026.dwg", "cc pp1": "1054 1217" }, "geometry": { "type": "MultiPolygon", "coordinates": [ [ [ [ -68.85043433877749, -32.953075446577138, 0.0 ], [ -68.850373247581601, -32.953097008397542, 0.0 ], [ -68.850342112383885, -32.953107968025044, 0.0 ], [ -68.850319110126577, -32.953116053808152, 0.0 ], [ -68.850236405708515, -32.953145161093438, 0.0 ], [ -68.850140753776714, -32.953180112828548, 0.0 ], [ -68.850115503737072, -32.95318927699509, 0.0 ], [ -68.850059438659684, -32.953209762672159, 0.0 ], [ -68.849956190498673, -32.953247589630799, 0.0 ], [ -68.849869430934433, -32.953271914688017, 0.0 ], [ -68.850244086516511, -32.953726872720232, 0.0 ], [ -68.85052827720024, -32.953994851331728, 0.0 ], [ -68.850659271432633, -32.954118235510151, 0.0 ], [ -68.850761104381164, -32.953968988096541, 0.0 ], [ -68.850764532969208, -32.953964665018226, 0.0 ], [ -68.850888618863294, -32.95380823241991, 0.0 ], [ -68.850922357636591, -32.953774829281755, 0.0 ], [ -68.851089977830384, -32.953608803120353, 0.0 ], [ -68.851237723571046, -32.953498642051144, 0.0 ], [ -68.85113819200879, -32.953295969538956, 0.0 ], [ -68.85106615575431, -32.9531491285424, 0.0 ], [ -68.850849071058576, -32.953225582012585, 0.0 ], [ -68.850707951159734, -32.953275082640531, 0.0 ], [ -68.850660661407872, -32.953291703641725, 0.0 ], [ -68.850617393590625, -32.953205563776137, 0.0 ], [ -68.850573912870317, -32.953118882630363, 0.0 ], [ -68.850548975547881, -32.95306936395594, 0.0 ], [ -68.850534374753167, -32.953040229356475, 0.0 ], [ -68.850468790258944, -32.953063318708473, 0.0 ], [ -68.850444823813092, -32.953071763132151, 0.0 ], [ -68.85043433877749, -32.953075446577138, 0.0 ] ] ] ] } },
{ "type": "Feature", "properties": { "LAYER": "PARCELARIO_2026", "MAP_NAME": "Cl_Jarillal_2026.dwg", "cc pp1": "1037 3160" }, "geometry": { "type": "MultiPolygon", "coordinates": [ [ [ [ -68.852202981460579, -32.949502917294005, 0.0 ], [ -68.852217344770168, -32.949545573073458, 0.0 ], [ -68.852226175508221, -32.949571725114005, 0.0 ], [ -68.852228303895117, -32.949578037609477, 0.0 ], [ -68.852237135688156, -32.949603559373912, 0.0 ], [ -68.852247562954219, -32.949634310982809, 0.0 ], [ -68.852259586448213, -32.949669840693375, 0.0 ], [ -68.852275440436458, -32.949716464731551, 0.0 ], [ -68.852282782852001, -32.949737927157521, 0.0 ], [ -68.852293423138732, -32.949769220023661, 0.0 ], [ -68.852376062738841, -32.949776168681495, 0.0 ], [ -68.852517289319096, -32.949787964474062, 0.0 ], [ -68.852531721676627, -32.949789152795724, 0.0 ], [ -68.852585496746457, -32.949793633600294, 0.0 ], [ -68.85256103486968, -32.949714638039254, 0.0 ], [ -68.852492224164365, -32.949492711224032, 0.0 ], [ -68.852470740863822, -32.949423365364119, 0.0 ], [ -68.852454918744343, -32.949421903987641, 0.0 ], [ -68.852434285659143, -32.949420167323886, 0.0 ], [ -68.852359450564222, -32.949413588600564, 0.0 ], [ -68.85234705020892, -32.949412401758735, 0.0 ], [ -68.852166589867409, -32.949396593755843, 0.0 ], [ -68.852179465246792, -32.949434289424453, 0.0 ], [ -68.85219787381007, -32.949488128157746, 0.0 ], [ -68.852202981460579, -32.949502917294005, 0.0 ] ] ] ] } },
{ "type": "Feature", "properties": { "LAYER": "PARCELARIO_2026", "MAP_NAME": "Cl_Jarillal_2026.dwg", "cc pp1": "1045 289" }, "geometry": { "type": "MultiPolygon", "coordinates": [ [ [ [ -68.861735543271763, -32.93224656492751, 0.0 ], [ -68.861888707796609, -32.932250249056096, 0.0 ], [ -68.861903410981441, -32.931814579759866, 0.0 ], [ -68.861751665466514, -32.931781042403209, 0.0 ], [ -68.861735543271763, -32.93224656492751, 0.0 ] ] ] ] } },
{ "type": "Feature", "properties": { "LAYER": "PARCELARIO_2026", "MAP_NAME": "Cl_Jarillal_2026.dwg", "cc pp1": "1045 277" }, "geometry": { "type": "MultiPolygon", "coordinates": [ [ [ [ -68.860924931992372, -32.934641918267637, 0.0 ], [ -68.860921286274774, -32.934707204346104, 0.0 ], [ -68.861085378205402, -32.934705000995862, 0.0 ], [ -68.861085350523808, -32.93470560870103, 0.0 ], [ -68.861102223044739, -32.934705925912915, 0.0 ], [ -68.861374263063979, -32.934711036662783, 0.0 ], [ -68.861405416082164, -32.934735749442808, 0.0 ], [ -68.861409555829241, -32.934817630671169, 0.0 ], [ -68.861415022283481, -32.934925735280977, 0.0 ], [ -68.861420487682693, -32.935033838985824, 0.0 ], [ -68.861425954163963, -32.935141942689796, 0.0 ], [ -68.861431419587376, -32.935250047292158, 0.0 ], [ -68.861436886094268, -32.935358150991959, 0.0 ], [ -68.861442352613963, -32.935466254689686, 0.0 ], [ -68.861447819146491, -32.935574358385352, 0.0 ], [ -68.861453285691809, -32.93568246207893, 0.0 ], [ -68.86145777822837, -32.935771302891034, 0.0 ], [ -68.861429166362925, -32.93579811253354, 0.0 ], [ -68.861181270548997, -32.935806002168214, 0.0 ], [ -68.861049710582549, -32.935810189456937, 0.0 ], [ -68.861006400478871, -32.935811567759544, 0.0 ], [ -68.860960487553129, -32.935772749631525, 0.0 ], [ -68.860979786356722, -32.935975455506558, 0.0 ], [ -68.861033468577403, -32.935937831986536, 0.0 ], [ -68.861053164307378, -32.935938101850404, 0.0 ], [ -68.861147198053985, -32.935939390280055, 0.0 ], [ -68.861245360736987, -32.935948614446396, 0.0 ], [ -68.861272466223454, -32.935976514726697, 0.0 ], [ -68.86124603008038, -32.936103398466962, 0.0 ], [ -68.861240754932098, -32.936126922084085, 0.0 ], [ -68.86122685916655, -32.93619361602692, 0.0 ], [ -68.861205999396148, -32.936287523205834, 0.0 ], [ -68.861194667622712, -32.936338538784874, 0.0 ], [ -68.861183928217457, -32.936381342472359, 0.0 ], [ -68.861180466775608, -32.936395136213029, 0.0 ], [ -68.86117258747602, -32.936431922524726, 0.0 ], [ -68.861163942323614, -32.936472282264631, 0.0 ], [ -68.86116259050759, -32.936478593460237, 0.0 ], [ -68.86114278405438, -32.936564842881126, 0.0 ], [ -68.861109587941968, -32.936708545413659, 0.0 ], [ -68.861267712906852, -32.936716450301674, 0.0 ], [ -68.861298546787694, -32.936582972919133, 0.0 ], [ -68.861333575827175, -32.936562277544382, 0.0 ], [ -68.861439259755443, -32.936567923902487, 0.0 ], [ -68.86156731776542, -32.93657476534554, 0.0 ], [ -68.861695375795605, -32.936581606657398, 0.0 ], [ -68.861823433845998, -32.936588447838076, 0.0 ], [ -68.861951491916599, -32.936595288887588, 0.0 ], [ -68.86207955000738, -32.936602129805912, 0.0 ], [ -68.862207608118396, -32.936608970593056, 0.0 ], [ -68.862335666249592, -32.936615811249013, 0.0 ], [ -68.862463724400996, -32.936622651773781, 0.0 ], [ -68.862591782572594, -32.93662949216737, 0.0 ], [ -68.862719840763006, -32.936636333331471, 0.0 ], [ -68.862847908597203, -32.93664317437495, 0.0 ], [ -68.86307249432987, -32.936655170517078, 0.0 ], [ -68.863073004935828, -32.934655528024429, 0.0 ], [ -68.863082889341996, -32.934643653738824, 0.0 ], [ -68.862905559609757, -32.934637141221636, 0.0 ], [ -68.862775873653916, -32.934632378650917, 0.0 ], [ -68.862646187712471, -32.934627615945651, 0.0 ], [ -68.862516501785436, -32.934622853105822, 0.0 ], [ -68.862386815872767, -32.934618090131458, 0.0 ], [ -68.862257129974523, -32.934613327022532, 0.0 ], [ -68.862127444090675, -32.934608563779079, 0.0 ], [ -68.861997758221221, -32.934603800401078, 0.0 ], [ -68.861868001799039, -32.934599034105482, 0.0 ], [ -68.861738315958391, -32.934594270458312, 0.0 ], [ -68.861608630132167, -32.934589506676581, 0.0 ], [ -68.861478944320325, -32.934584742760336, 0.0 ], [ -68.861349258522907, -32.934579978709515, 0.0 ], [ -68.861219572739898, -32.934575214524159, 0.0 ], [ -68.86108881670016, -32.934570410242138, 0.0 ], [ -68.860958811254974, -32.934565633708978, 0.0 ], [ -68.86093000636474, -32.934538973084827, 0.0 ], [ -68.860924931992372, -32.934641918267637, 0.0 ] ] ] ] } },
{ "type": "Feature", "properties": { "LAYER": "PARCELARIO_2026", "MAP_NAME": "Cl_Jarillal_2026.dwg", "cc pp1": "1037 3308" }, "geometry": { "type": "MultiPolygon", "coordinates": [ [ [ [ -68.858606736153078, -32.943581882134026, 0.0 ], [ -68.858566914645735, -32.943694185094152, 0.0 ], [ -68.859077366892592, -32.943739081401645, 0.0 ], [ -68.859061561556118, -32.943531458939567, 0.0 ], [ -68.858606736153078, -32.943581882134026, 0.0 ] ] ] ] } },
{ "type": "Feature", "properties": { "LAYER": "PARCELARIO_2026", "MAP_NAME": "Cl_Jarillal_2026.dwg", "cc pp1": "1050 713" }, "geometry": { "type": "MultiPolygon", "coordinates": [ [ [ [ -68.849983770988217, -32.929806168067415, 0.0 ], [ -68.851420428117194, -32.92986099987629, 0.0 ], [ -68.851456922552828, -32.929591501380827, 0.0 ], [ -68.849968779811221, -32.929533051952255, 0.0 ], [ -68.849983770988217, -32.929806168067415, 0.0 ] ] ] ] } },
{ "type": "Feature", "properties": { "LAYER": "PARCELARIO_2026", "MAP_NAME": "Cl_Jarillal_2026.dwg", "cc pp1": "1050 325" }, "geometry": { "type": "MultiPolygon", "coordinates": [ [ [ [ -68.851483428612937, -32.93338373788945, 0.0 ], [ -68.853698924212154, -32.933640170161254, 0.0 ], [ -68.853736264741144, -32.933622582312694, 0.0 ], [ -68.854171672671725, -32.932790657821528, 0.0 ], [ -68.85484747270911, -32.93223673120221, 0.0 ], [ -68.854833416569193, -32.932202667226768, 0.0 ], [ -68.85392020217985, -32.932124247524484, 0.0 ], [ -68.853329830331376, -32.932082312060665, 0.0 ], [ -68.852971246214338, -32.932051515631223, 0.0 ], [ -68.851687019200654, -32.93192859704309, 0.0 ], [ -68.85165343369323, -32.931950928001491, 0.0 ], [ -68.851649750182872, -32.931977194239238, 0.0 ], [ -68.851456393365893, -32.933355789578073, 0.0 ], [ -68.851483428612937, -32.93338373788945, 0.0 ] ] ] ] } },
{ "type": "Feature", "properties": { "LAYER": "PARCELARIO_2026", "MAP_NAME": "Cl_Jarillal_2026.dwg", "cc pp1": "1037 469" }, "geometry": { "type": "MultiPolygon", "coordinates": [ [ [ [ -68.855787459655957, -32.953562935025239, 0.0 ], [ -68.855728205837536, -32.953768760411712, 0.0 ], [ -68.855704677222533, -32.95372382944899, 0.0 ], [ -68.85567747752809, -32.953861552578132, 0.0 ], [ -68.855609765227854, -32.954205111845518, 0.0 ], [ -68.855576555563545, -32.954373827837664, 0.0 ], [ -68.855536878395355, -32.954574807551133, 0.0 ], [ -68.855530948067354, -32.954604999840591, 0.0 ], [ -68.855508305125383, -32.954719639702795, 0.0 ], [ -68.855505393448581, -32.954735051497217, 0.0 ], [ -68.85550183547825, -32.954752625680072, 0.0 ], [ -68.855487710763228, -32.954824095622648, 0.0 ], [ -68.855470134741481, -32.954913951381748, 0.0 ], [ -68.855466685657674, -32.954930984679628, 0.0 ], [ -68.855445659431496, -32.955037873729857, 0.0 ], [ -68.855439729334549, -32.955067885676456, 0.0 ], [ -68.85543056399402, -32.955114300890472, 0.0 ], [ -68.855429917340501, -32.955117996138014, 0.0 ], [ -68.855413959663409, -32.955198478064858, 0.0 ], [ -68.855412234501756, -32.955207040246869, 0.0 ], [ -68.855429979739554, -32.955210396105841, 0.0 ], [ -68.85546942638166, -32.955217743570778, 0.0 ], [ -68.855517960017039, -32.955226813827394, 0.0 ], [ -68.855566599395857, -32.955235975257317, 0.0 ], [ -68.855604656136265, -32.955243050567958, 0.0 ], [ -68.855639505228851, -32.955249581151158, 0.0 ], [ -68.855642819687318, -32.955250216158674, 0.0 ], [ -68.855685258901204, -32.955258198190947, 0.0 ], [ -68.855766503254216, -32.955273436670907, 0.0 ], [ -68.855781683639449, -32.955276248509378, 0.0 ], [ -68.855776177817233, -32.955241986340731, 0.0 ], [ -68.855769511585422, -32.955199159554994, 0.0 ], [ -68.855832853821653, -32.955175884504584, 0.0 ], [ -68.855856606720053, -32.955167257565677, 0.0 ], [ -68.855924980514317, -32.955142282290645, 0.0 ], [ -68.856088360821346, -32.955082516840221, 0.0 ], [ -68.856051170528644, -32.955016652986188, 0.0 ], [ -68.85607571674457, -32.954936880574671, 0.0 ], [ -68.856138761796245, -32.954865163041724, 0.0 ], [ -68.856273757046807, -32.95491091559493, 0.0 ], [ -68.856284145990855, -32.954927601456752, 0.0 ], [ -68.856358675523794, -32.954897368100696, 0.0 ], [ -68.856523445114078, -32.95483052907511, 0.0 ], [ -68.856508630329031, -32.954803366912024, 0.0 ], [ -68.856464064779402, -32.954721462793444, 0.0 ], [ -68.856419392507149, -32.95463946836712, 0.0 ], [ -68.85637472124084, -32.954557564093271, 0.0 ], [ -68.856330155937385, -32.95447565992437, 0.0 ], [ -68.856285483910284, -32.95439366634929, 0.0 ], [ -68.856240811966899, -32.954311671855713, 0.0 ], [ -68.856196246763659, -32.954229857804592, 0.0 ], [ -68.856172151909234, -32.95418565844701, 0.0 ], [ -68.856151574838563, -32.954147953445471, 0.0 ], [ -68.856107009945319, -32.954066049192726, 0.0 ], [ -68.856062445280216, -32.953984054755161, 0.0 ], [ -68.855993572559768, -32.953857590156233, 0.0 ], [ -68.855830346948622, -32.953557936002575, 0.0 ], [ -68.855787459655957, -32.953562935025239, 0.0 ] ] ] ] } },
{ "type": "Feature", "properties": { "LAYER": "PARCELARIO_2026", "MAP_NAME": "Cl_Jarillal_2026.dwg", "cc pp1": "1070 1095" }, "geometry": { "type": "MultiPolygon", "coordinates": [ [ [ [ -68.838833344833361, -32.91925718665734, 0.0 ], [ -68.83883599498013, -32.919269629751057, 0.0 ], [ -68.838850516003532, -32.919336448165936, 0.0 ], [ -68.838853379153647, -32.919349342377345, 0.0 ], [ -68.838859843829894, -32.919379459850312, 0.0 ], [ -68.838863024601778, -32.919394067676535, 0.0 ], [ -68.83887553459617, -32.919450335558096, 0.0 ], [ -68.838887831933832, -32.919505971982794, 0.0 ], [ -68.838889629770293, -32.919516791841133, 0.0 ], [ -68.838904897435071, -32.919584602163731, 0.0 ], [ -68.838911469796074, -32.919614900109167, 0.0 ], [ -68.838920056996997, -32.919653674706495, 0.0 ], [ -68.838928324135594, -32.919692087314026, 0.0 ], [ -68.838931822462087, -32.919707867740314, 0.0 ], [ -68.83893553231978, -32.919724910801037, 0.0 ], [ -68.838960763043062, -32.919721788305523, 0.0 ], [ -68.839098030474247, -32.91970519730031, 0.0 ], [ -68.839107973088389, -32.919703947736238, 0.0 ], [ -68.839157149888962, -32.919698061692266, 0.0 ], [ -68.839171582557455, -32.919696276888338, 0.0 ], [ -68.839306391437262, -32.919680044067391, 0.0 ], [ -68.83932531415401, -32.91967772400551, 0.0 ], [ -68.839317977162281, -32.919656349998569, 0.0 ], [ -68.8393520860986, -32.919649362483106, 0.0 ], [ -68.839340003967578, -32.919592193513203, 0.0 ], [ -68.839340670335972, -32.919578402162593, 0.0 ], [ -68.839330615005736, -32.919524300630897, 0.0 ], [ -68.839326908895998, -32.919504554327844, 0.0 ], [ -68.839325427750396, -32.919496529211365, 0.0 ], [ -68.839319182822493, -32.919462445523251, 0.0 ], [ -68.839318336355745, -32.919457576225987, 0.0 ], [ -68.839312506449986, -32.91943106543993, 0.0 ], [ -68.839309431696094, -32.919416908604987, 0.0 ], [ -68.839306358664061, -32.919402391097258, 0.0 ], [ -68.839301906419337, -32.919382012652854, 0.0 ], [ -68.839296924363197, -32.919359018634196, 0.0 ], [ -68.839295970501922, -32.919354419704796, 0.0 ], [ -68.839286749539426, -32.919311317119408, 0.0 ], [ -68.839172036420479, -32.919327125836496, 0.0 ], [ -68.839165056415879, -32.919285739331031, 0.0 ], [ -68.839151944765703, -32.919207384775504, 0.0 ], [ -68.838996813628313, -32.919232335821199, 0.0 ], [ -68.838915453419105, -32.919244761748232, 0.0 ], [ -68.838833344833361, -32.91925718665734, 0.0 ] ] ] ] } },
{ "type": "Feature", "properties": { "LAYER": "PARCELARIO_2026", "MAP_NAME": "Cl_Jarillal_2026.dwg", "cc pp1": "1054 2152" }, "geometry": { "type": "MultiPolygon", "coordinates": [ [ [ [ -68.841556944437784, -32.920828922576753, 0.0 ], [ -68.841662906716579, -32.920811116881382, 0.0 ], [ -68.841859647317349, -32.92077819107287, 0.0 ], [ -68.842168123659263, -32.920726474269294, 0.0 ], [ -68.842204905153721, -32.920720299968131, 0.0 ], [ -68.842248637408787, -32.92071260246211, 0.0 ], [ -68.842746911740861, -32.920624251828258, 0.0 ], [ -68.843677166867053, -32.920457468627234, 0.0 ], [ -68.84369753234607, -32.920425670850719, 0.0 ], [ -68.843674244965186, -32.920355955740114, 0.0 ], [ -68.843573275730051, -32.919966920927273, 0.0 ], [ -68.843391933757772, -32.919269470507935, 0.0 ], [ -68.843367407215936, -32.919175233291043, 0.0 ], [ -68.843307846535836, -32.918945995711731, 0.0 ], [ -68.843292869421305, -32.918892248092703, 0.0 ], [ -68.842772545946985, -32.919305925436973, 0.0 ], [ -68.842240335086487, -32.919729051489462, 0.0 ], [ -68.842133935048039, -32.919813568454593, 0.0 ], [ -68.842091118493428, -32.919847681103775, 0.0 ], [ -68.841941045111597, -32.919966940634644, 0.0 ], [ -68.841839889176583, -32.920047407285743, 0.0 ], [ -68.841583735083773, -32.920251003066006, 0.0 ], [ -68.841446505456972, -32.920360091008966, 0.0 ], [ -68.841459185433891, -32.920443135342005, 0.0 ], [ -68.841479564032298, -32.920523755782781, 0.0 ], [ -68.841487737601369, -32.920555950065072, 0.0 ], [ -68.841491134753184, -32.920569386805404, 0.0 ], [ -68.841510771737532, -32.920646850394384, 0.0 ], [ -68.841519262577549, -32.920680397606887, 0.0 ], [ -68.841537625050634, -32.920753171703467, 0.0 ], [ -68.841556944437784, -32.920828922576753, 0.0 ] ] ] ] } },
{ "type": "Feature", "properties": { "LAYER": "PARCELARIO_2026", "MAP_NAME": "Cl_Jarillal_2026.dwg", "cc pp1": "1037 3538" }, "geometry": { "type": "MultiPolygon", "coordinates": [ [ [ [ -68.859323100470306, -32.943768219402543, 0.0 ], [ -68.859228253499779, -32.943676329264534, 0.0 ], [ -68.859295375503791, -32.943464611003222, 0.0 ], [ -68.859291800661794, -32.943464569106958, 0.0 ], [ -68.859287343812824, -32.943464385554648, 0.0 ], [ -68.859282898934026, -32.943464071271457, 0.0 ], [ -68.859276260340536, -32.943463355973194, 0.0 ], [ -68.859271864097664, -32.943462717138097, 0.0 ], [ -68.859267495861289, -32.94346195029528, 0.0 ], [ -68.859263163117021, -32.943461055453135, 0.0 ], [ -68.859258869070132, -32.943460034418678, 0.0 ], [ -68.85925461906605, -32.943458888099578, 0.0 ], [ -68.859250420588936, -32.943457617405969, 0.0 ], [ -68.859246275774694, -32.943456224143638, 0.0 ], [ -68.859242191035293, -32.943454711024863, 0.0 ], [ -68.859238171717564, -32.943453078055661, 0.0 ], [ -68.859234222093306, -32.943451328847608, 0.0 ], [ -68.859230346437116, -32.943449465208886, 0.0 ], [ -68.859226550093027, -32.943447488948884, 0.0 ], [ -68.859222837335636, -32.943445401875792, 0.0 ], [ -68.859219213506108, -32.943443207602392, 0.0 ], [ -68.859215682879068, -32.943440907936839, 0.0 ], [ -68.859212247586086, -32.943438507390013, 0.0 ], [ -68.859208915112788, -32.943436005970298, 0.0 ], [ -68.859205686519928, -32.943433409089046, 0.0 ], [ -68.859202567150106, -32.943430719457332, 0.0 ], [ -68.859199561276483, -32.943427939785018, 0.0 ], [ -68.859196671032095, -32.943425073681233, 0.0 ], [ -68.859193958344576, -32.943422181628648, 0.0 ], [ -68.859191396877009, -32.943419012929404, 0.0 ], [ -68.859188884504817, -32.943415904698256, 0.0 ], [ -68.859186427629936, -32.94341286595926, 0.0 ], [ -68.859060402990963, -32.943516229992397, 0.0 ], [ -68.859061561556118, -32.943531458939567, 0.0 ], [ -68.859077366892592, -32.943739081401645, 0.0 ], [ -68.85908343878846, -32.943819314683637, 0.0 ], [ -68.859155709793285, -32.943893892398499, 0.0 ], [ -68.859323100470306, -32.943768219402543, 0.0 ] ] ] ] } },
{ "type": "Feature", "properties": { "LAYER": "PARCELARIO_2026", "MAP_NAME": "Cl_Jarillal_2026.dwg", "cc pp1": "1050 630" }, "geometry": { "type": "MultiPolygon", "coordinates": [ [ [ [ -68.854182356440219, -32.925706132979272, 0.0 ], [ -68.854208652206296, -32.925706885003855, 0.0 ], [ -68.85434184486806, -32.925710014057081, 0.0 ], [ -68.854453016878253, -32.925712667385902, 0.0 ], [ -68.854836987704246, -32.925721856679253, 0.0 ], [ -68.854838794420871, -32.925662370908114, 0.0 ], [ -68.854838799571127, -32.925659216814473, 0.0 ], [ -68.854839152991801, -32.925639206996536, 0.0 ], [ -68.854839517007207, -32.925612708654228, 0.0 ], [ -68.854840276196384, -32.925456163218882, 0.0 ], [ -68.85478931863716, -32.925454556732845, 0.0 ], [ -68.854699099561827, -32.92545165755746, 0.0 ], [ -68.854658052438012, -32.925450437640173, 0.0 ], [ -68.854631543059071, -32.925449596194824, 0.0 ], [ -68.854593916155864, -32.925448380234336, 0.0 ], [ -68.854560778328207, -32.925447350725221, 0.0 ], [ -68.854487983428271, -32.925445012683404, 0.0 ], [ -68.854454098414806, -32.925443891205759, 0.0 ], [ -68.854383226630418, -32.925441735679655, 0.0 ], [ -68.854375209500091, -32.925441455833109, 0.0 ], [ -68.854356931088859, -32.925440893523493, 0.0 ], [ -68.854234750290573, -32.925436965811805, 0.0 ], [ -68.854225665078062, -32.925436684710036, 0.0 ], [ -68.85420150662712, -32.925435935182328, 0.0 ], [ -68.854182356440219, -32.925706132979272, 0.0 ] ] ] ] } },
{ "type": "Feature", "properties": { "LAYER": "PARCELARIO_2026", "MAP_NAME": "Cl_Jarillal_2026.dwg", "cc pp1": "1037 3313" }, "geometry": { "type": "MultiPolygon", "coordinates": [ [ [ [ -68.858684864724211, -32.943320918554328, 0.0 ], [ -68.858684262647955, -32.943363284401556, 0.0 ], [ -68.858606736153078, -32.943581882134026, 0.0 ], [ -68.859061561556118, -32.943531458939567, 0.0 ], [ -68.859060402990963, -32.943516229992397, 0.0 ], [ -68.859055999515078, -32.943459486555732, 0.0 ], [ -68.85903475696, -32.943182181210624, 0.0 ], [ -68.858684864724211, -32.943320918554328, 0.0 ] ] ] ] } },
{ "type": "Feature", "properties": { "LAYER": "PARCELARIO_2026", "MAP_NAME": "Cl_Jarillal_2026.dwg", "cc pp1": "1037 3382" }, "geometry": { "type": "MultiPolygon", "coordinates": [ [ [ [ -68.858501074822399, -32.9438798637715, 0.0 ], [ -68.858894526013714, -32.943970180450549, 0.0 ], [ -68.85908343878846, -32.943819314683637, 0.0 ], [ -68.859077366892592, -32.943739081401645, 0.0 ], [ -68.858566914645735, -32.943694185094152, 0.0 ], [ -68.858501074822399, -32.9438798637715, 0.0 ] ] ] ] } },
{ "type": "Feature", "properties": { "LAYER": "PARCELARIO_2026", "MAP_NAME": "Cl_Jarillal_2026.dwg", "cc pp1": "1037 3314" }, "geometry": { "type": "MultiPolygon", "coordinates": [ [ [ [ -68.848209872395287, -32.949105142184486, 0.0 ], [ -68.8484679369936, -32.950197470190304, 0.0 ], [ -68.848640103573757, -32.950186320381839, 0.0 ], [ -68.84870276756368, -32.950182250342849, 0.0 ], [ -68.84872800537255, -32.95018047753635, 0.0 ], [ -68.849553984481759, -32.950121348842096, 0.0 ], [ -68.849565855060604, -32.950120281115865, 0.0 ], [ -68.849567908541346, -32.950106942287398, 0.0 ], [ -68.849566852224015, -32.950099819523601, 0.0 ], [ -68.849554086025961, -32.950061402376569, 0.0 ], [ -68.849474405090206, -32.949822513702124, 0.0 ], [ -68.849473234811327, -32.949818906461914, 0.0 ], [ -68.84941579546566, -32.949642514938802, 0.0 ], [ -68.849412630692967, -32.949617451550019, 0.0 ], [ -68.849404191922559, -32.949549202007496, 0.0 ], [ -68.849320868842483, -32.948873739119961, 0.0 ], [ -68.849248162451104, -32.948873561247659, 0.0 ], [ -68.849132245701298, -32.948880813330796, 0.0 ], [ -68.849053649755106, -32.948885766023963, 0.0 ], [ -68.848957302559995, -32.948891779229278, 0.0 ], [ -68.848783474552036, -32.948901633555387, 0.0 ], [ -68.848693717494243, -32.949017957427017, 0.0 ], [ -68.848628696716986, -32.949094523535258, 0.0 ], [ -68.848209872395287, -32.949105142184486, 0.0 ] ] ] ] } },
{ "type": "Feature", "properties": { "LAYER": "PARCELARIO_2026", "MAP_NAME": "Cl_Jarillal_2026.dwg", "cc pp1": "1054 2273" }, "geometry": { "type": "MultiPolygon", "coordinates": [ [ [ [ -68.850099445706903, -32.951933276074904, 0.0 ], [ -68.85000379670403, -32.951967235866576, 0.0 ], [ -68.849996414158326, -32.951969750812893, 0.0 ], [ -68.849871557389733, -32.952014042077465, 0.0 ], [ -68.849790779665, -32.952042701449876, 0.0 ], [ -68.849731506974777, -32.952063724137702, 0.0 ], [ -68.849652856537418, -32.952091638484241, 0.0 ], [ -68.84975463686726, -32.95229677470553, 0.0 ], [ -68.849762962481449, -32.952293772195752, 0.0 ], [ -68.849857026902072, -32.952259848557382, 0.0 ], [ -68.849959522431533, -32.952224365143898, 0.0 ], [ -68.850027460956838, -32.952200919109728, 0.0 ], [ -68.850058701601824, -32.952190048951699, 0.0 ], [ -68.850179919279626, -32.952148186779304, 0.0 ], [ -68.850229776461958, -32.952130848589512, 0.0 ], [ -68.850367898465109, -32.952083057195019, 0.0 ], [ -68.850381806450741, -32.952078296736509, 0.0 ], [ -68.850550313701007, -32.952019994541438, 0.0 ], [ -68.850480621650746, -32.95187883478242, 0.0 ], [ -68.850446627485425, -32.951810194073992, 0.0 ], [ -68.850412819541233, -32.951822143275422, 0.0 ], [ -68.850272234692071, -32.95187200473935, 0.0 ], [ -68.850252975884729, -32.951878832642812, 0.0 ], [ -68.850099445706903, -32.951933276074904, 0.0 ] ] ] ] } },
{ "type": "Feature", "properties": { "LAYER": "PARCELARIO_2026", "MAP_NAME": "Cl_Jarillal_2026.dwg", "cc pp1": "1037 3301" }, "geometry": { "type": "MultiPolygon", "coordinates": [ [ [ [ -68.85263782568758, -32.955881815730066, 0.0 ], [ -68.853060046989413, -32.955724647611959, 0.0 ], [ -68.853406083148911, -32.955595874632138, 0.0 ], [ -68.853105780186951, -32.955017653569101, 0.0 ], [ -68.853075427785541, -32.955004543483561, 0.0 ], [ -68.852743032679186, -32.955128313780385, 0.0 ], [ -68.852594492700874, -32.955183592066412, 0.0 ], [ -68.852574694486577, -32.955190962499543, 0.0 ], [ -68.852454835021817, -32.955235544441138, 0.0 ], [ -68.852432033912379, -32.955247870557471, 0.0 ], [ -68.852419506847028, -32.955256151236618, 0.0 ], [ -68.852407934995796, -32.955268851286029, 0.0 ], [ -68.852398820919134, -32.955282816593297, 0.0 ], [ -68.852395904610958, -32.955300035278725, 0.0 ], [ -68.852397906856936, -32.955317981121084, 0.0 ], [ -68.852400448655786, -32.955333042217632, 0.0 ], [ -68.852402883354415, -32.955348193355782, 0.0 ], [ -68.85241310616162, -32.955374985395508, 0.0 ], [ -68.852449971954954, -32.955458885389326, 0.0 ], [ -68.852487264275382, -32.955543597388896, 0.0 ], [ -68.852562063032209, -32.955713021604197, 0.0 ], [ -68.852599355715142, -32.955797643399414, 0.0 ], [ -68.852614379041569, -32.955831925046887, 0.0 ], [ -68.85263782568758, -32.955881815730066, 0.0 ] ] ] ] } },
{ "type": "Feature", "properties": { "LAYER": "PARCELARIO_2026", "MAP_NAME": "Cl_Jarillal_2026.dwg", "cc pp1": "1054 2250" }, "geometry": { "type": "MultiPolygon", "coordinates": [ [ [ [ -68.842440160562077, -32.912592343260094, 0.0 ], [ -68.84295636099219, -32.912533765392148, 0.0 ], [ -68.842932038930641, -32.912326847871164, 0.0 ], [ -68.842908447209766, -32.912311132458633, 0.0 ], [ -68.842839178103219, -32.912319158787533, 0.0 ], [ -68.842474657752149, -32.912363863762472, 0.0 ], [ -68.842427546873253, -32.912412844510932, 0.0 ], [ -68.842440160562077, -32.912592343260094, 0.0 ] ] ] ] } },
{ "type": "Feature", "properties": { "LAYER": "PARCELARIO_2026", "MAP_NAME": "Cl_Jarillal_2026.dwg", "cc pp1": "1053 1429" }, "geometry": { "type": "MultiPolygon", "coordinates": [ [ [ [ -68.841964597585118, -32.872176250368675, 0.0 ], [ -68.842016118358018, -32.872405077031409, 0.0 ], [ -68.843144234646886, -32.872238534533842, 0.0 ], [ -68.843136526341894, -32.872367196611812, 0.0 ], [ -68.843123106157208, -32.872583585451494, 0.0 ], [ -68.843038194017382, -32.87262003721694, 0.0 ], [ -68.843117148209856, -32.872629023358428, 0.0 ], [ -68.843471397333204, -32.872669420298493, 0.0 ], [ -68.843527888676647, -32.871844081111526, 0.0 ], [ -68.843534192538456, -32.871301629776163, 0.0 ], [ -68.843518206119839, -32.871037323197548, 0.0 ], [ -68.843452962388113, -32.870712629821483, 0.0 ], [ -68.843199100009656, -32.870705543756337, 0.0 ], [ -68.843140549217168, -32.870703936569797, 0.0 ], [ -68.843081998587337, -32.87070223828492, 0.0 ], [ -68.842767415880076, -32.870712026113054, 0.0 ], [ -68.842411692766646, -32.870723022800341, 0.0 ], [ -68.842365958647903, -32.870724406987563, 0.0 ], [ -68.842122114133005, -32.870732028976946, 0.0 ], [ -68.84204325475369, -32.870734452366946, 0.0 ], [ -68.84182932979931, -32.870741120599227, 0.0 ], [ -68.841766178077265, -32.870743113728977, 0.0 ], [ -68.841768184354208, -32.870756551511334, 0.0 ], [ -68.841771142347895, -32.870775581001922, 0.0 ], [ -68.841781279527012, -32.870842770046224, 0.0 ], [ -68.841788249022926, -32.870888675098499, 0.0 ], [ -68.841795007708825, -32.870932956833826, 0.0 ], [ -68.841798492917064, -32.870955954444646, 0.0 ], [ -68.841807362828291, -32.871014757027659, 0.0 ], [ -68.841813065630959, -32.871052545227435, 0.0 ], [ -68.841814335180445, -32.871059670217221, 0.0 ], [ -68.841819824181187, -32.871096917129542, 0.0 ], [ -68.841825423878817, -32.871132000115281, 0.0 ], [ -68.841853002077244, -32.871305251341603, 0.0 ], [ -68.84185479852097, -32.871316524790096, 0.0 ], [ -68.841861879422822, -32.871359905232055, 0.0 ], [ -68.841866951732428, -32.871391741448768, 0.0 ], [ -68.84187952548352, -32.871470835921876, 0.0 ], [ -68.841899811854532, -32.871598632526627, 0.0 ], [ -68.841922595069775, -32.871763941854901, 0.0 ], [ -68.841925568489216, -32.871774315094768, 0.0 ], [ -68.841930560071773, -32.871791454492367, 0.0 ], [ -68.84193852332038, -32.871819958088821, 0.0 ], [ -68.841943831513703, -32.871838720033551, 0.0 ], [ -68.841978425848524, -32.871972305538087, 0.0 ], [ -68.841989571466868, -32.872013887714928, 0.0 ], [ -68.841990526728381, -32.872017495697939, 0.0 ], [ -68.84199710612134, -32.872042480934731, 0.0 ], [ -68.842018652052943, -32.872123571347039, 0.0 ], [ -68.842031918953367, -32.872173451783603, 0.0 ], [ -68.841964597585118, -32.872176250368675, 0.0 ] ] ] ] } },
{ "type": "Feature", "properties": { "LAYER": "PARCELARIO_2026", "MAP_NAME": "Cl_Jarillal_2026.dwg", "cc pp1": "1053 1405" }, "geometry": { "type": "MultiPolygon", "coordinates": [ [ [ [ -68.842873669447883, -32.872898266560284, 0.0 ], [ -68.842768106762122, -32.873073872268868, 0.0 ], [ -68.842468135755624, -32.873572758271536, 0.0 ], [ -68.842381899061451, -32.873696450403408, 0.0 ], [ -68.842358980700979, -32.873725095387613, 0.0 ], [ -68.842109673238383, -32.874034057427515, 0.0 ], [ -68.842033681192959, -32.874104472136416, 0.0 ], [ -68.842002119262531, -32.874127064788887, 0.0 ], [ -68.842000722329445, -32.874131481323985, 0.0 ], [ -68.84199996603769, -32.874136169176381, 0.0 ], [ -68.841999102732359, -32.874140947062997, 0.0 ], [ -68.841998239426928, -32.874145724949592, 0.0 ], [ -68.84199726926785, -32.874150502701212, 0.0 ], [ -68.841996299268601, -32.874155190283645, 0.0 ], [ -68.841995329109309, -32.874159968035251, 0.0 ], [ -68.841994251187742, -32.87416465548133, 0.0 ], [ -68.84199317433459, -32.874169342928759, 0.0 ], [ -68.84199199046779, -32.874174120410359, 0.0 ], [ -68.841990806760805, -32.874178807722785, 0.0 ], [ -68.841989623053692, -32.874183495035183, 0.0 ], [ -68.841988332492846, -32.874188182212613, 0.0 ], [ -68.841987041931873, -32.874192869390001, 0.0 ], [ -68.841985751370743, -32.874197556567381, 0.0 ], [ -68.841984353955866, -32.874202243609766, 0.0 ], [ -68.841982956700789, -32.874206840482941, 0.0 ], [ -68.841981559287206, -32.87421152662359, 0.0 ], [ -68.841980055178198, -32.874216123361755, 0.0 ], [ -68.841978550909076, -32.874220810269065, 0.0 ], [ -68.841976939946093, -32.874225406872199, 0.0 ], [ -68.84197532898294, -32.874230003475297, 0.0 ], [ -68.841973716951088, -32.874234600077024, 0.0 ], [ -68.841972105987608, -32.874239196680087, 0.0 ], [ -68.841970388170282, -32.874243793148125, 0.0 ], [ -68.841968563499108, -32.874248389481146, 0.0 ], [ -68.841966738827722, -32.874252985814124, 0.0 ], [ -68.841964914316122, -32.8742574919779, 0.0 ], [ -68.841963089644366, -32.874262088310815, 0.0 ], [ -68.841961158278707, -32.874266594339545, 0.0 ], [ -68.841959226912849, -32.874271100368219, 0.0 ], [ -68.841957295546777, -32.874275606396878, 0.0 ], [ -68.841955257326816, -32.874280112290485, 0.0 ], [ -68.841953112252895, -32.874284618049053, 0.0 ], [ -68.841951074192494, -32.874289033773401, 0.0 ], [ -68.841948929118146, -32.874293539531884, 0.0 ], [ -68.841946783135057, -32.874297955119808, 0.0 ], [ -68.841944531366536, -32.874302370574021, 0.0 ], [ -68.841942279597788, -32.874306786028193, 0.0 ], [ -68.841940027828812, -32.874311201482314, 0.0 ], [ -68.841937669205862, -32.87431561680139, 0.0 ], [ -68.84193531074267, -32.874319941951214, 0.0 ], [ -68.841932952119251, -32.87432435727019, 0.0 ], [ -68.841930486801829, -32.87432868228489, 0.0 ], [ -68.841928021485742, -32.874333006397862, 0.0 ], [ -68.841925556167837, -32.87433733141247, 0.0 ], [ -68.841922983995914, -32.874341656292003, 0.0 ], [ -68.841920411823722, -32.874345981171466, 0.0 ], [ -68.841917839811288, -32.874350215881691, 0.0 ], [ -68.841915160944822, -32.874354450456828, 0.0 ], [ -68.841912482078101, -32.874358685031908, 0.0 ], [ -68.841909696357291, -32.874362919471885, 0.0 ], [ -68.841907016421516, -32.874367154045487, 0.0 ], [ -68.841904230860223, -32.874371298316142, 0.0 ], [ -68.841901338284785, -32.874375532620881, 0.0 ], [ -68.841898552722981, -32.874379676891422, 0.0 ], [ -68.84189566030706, -32.874383821026811, 0.0 ], [ -68.841892661037008, -32.874387965027104, 0.0 ], [ -68.841889661926743, -32.874392018858146, 0.0 ], [ -68.841886662656151, -32.874396162858268, 0.0 ], [ -68.841883663545332, -32.874400216689153, 0.0 ], [ -68.841880557580367, -32.874404270384893, 0.0 ], [ -68.841877558629065, -32.874408234046435, 0.0 ], [ -68.841875309577077, -32.874411115721706, 0.0 ], [ -68.841873167537315, -32.874413908264515, 0.0 ], [ -68.841870918643508, -32.874416700672207, 0.0 ], [ -68.841868669749573, -32.874419493079856, 0.0 ], [ -68.84186642085551, -32.874422285487469, 0.0 ], [ -68.841864171961276, -32.874425077895026, 0.0 ], [ -68.841861923066929, -32.874427870302554, 0.0 ], [ -68.841859673263968, -32.874430572539509, 0.0 ], [ -68.841857424369337, -32.874433364946945, 0.0 ], [ -68.841855068620632, -32.874436157219257, 0.0 ], [ -68.841852819885801, -32.874438859457442, 0.0 ], [ -68.841850464136826, -32.874441651729661, 0.0 ], [ -68.841848215401711, -32.874444353967753, 0.0 ], [ -68.841845859812537, -32.8744470560707, 0.0 ], [ -68.84184350422322, -32.874449758173611, 0.0 ], [ -68.841841148473662, -32.874452550445646, 0.0 ], [ -68.84183868603013, -32.874455252413355, 0.0 ], [ -68.841836330440387, -32.874457954516132, 0.0 ], [ -68.841833975010616, -32.87446056644967, 0.0 ], [ -68.841831512566628, -32.87446326841723, 0.0 ], [ -68.841829156976459, -32.874465970519864, 0.0 ], [ -68.841826694532188, -32.874468672487332, 0.0 ], [ -68.841824232249508, -32.874471283383876, 0.0 ], [ -68.841821769804938, -32.874473985351237, 0.0 ], [ -68.841819307520353, -32.874476597149382, 0.0 ], [ -68.841816845235613, -32.874479208947477, 0.0 ], [ -68.84181438295073, -32.874481820745522, 0.0 ], [ -68.841811920505577, -32.874484522712685, 0.0 ], [ -68.84180935136645, -32.874487134375499, 0.0 ], [ -68.841806889081127, -32.874489746173396, 0.0 ], [ -68.841804320101843, -32.87449226766693, 0.0 ], [ -68.841801750962247, -32.874494879329582, 0.0 ], [ -68.841799180753966, -32.874497490990819, 0.0 ], [ -68.841796611614086, -32.874500102653364, 0.0 ], [ -68.841794042634206, -32.874502624146686, 0.0 ], [ -68.841791473494027, -32.874505235809124, 0.0 ], [ -68.841788904513834, -32.874507757302325, 0.0 ], [ -68.841786228679524, -32.874510278660338, 0.0 ], [ -68.841783659699047, -32.874512800153418, 0.0 ], [ -68.841780983864439, -32.874515321511304, 0.0 ], [ -68.841778414883663, -32.874517843004313, 0.0 ], [ -68.841775739048742, -32.874520364362084, 0.0 ], [ -68.841773063213665, -32.874522885719799, 0.0 ], [ -68.841770387380052, -32.874525406175756, 0.0 ], [ -68.841767711544662, -32.87452792753335, 0.0 ], [ -68.841765035869329, -32.874530358721721, 0.0 ], [ -68.841762360033655, -32.874532880079201, 0.0 ], [ -68.841759577503993, -32.874535311132284, 0.0 ], [ -68.841756901828205, -32.87453774232047, 0.0 ], [ -68.841754119138045, -32.874540263542599, 0.0 ], [ -68.841751336607913, -32.87454269459549, 0.0 ], [ -68.841748660931685, -32.874545125783492, 0.0 ], [ -68.841745878401269, -32.874547556836248, 0.0 ], [ -68.841743096030882, -32.874549897719788, 0.0 ], [ -68.841740313500168, -32.874552328772431, 0.0 ], [ -68.841737530969297, -32.874554759824996, 0.0 ], [ -68.841734641744424, -32.874557100573149, 0.0 ], [ -68.84173185921324, -32.8745595316256, 0.0 ], [ -68.841729076842128, -32.874561872508806, 0.0 ], [ -68.841726186548271, -32.874564213255404, 0.0 ], [ -68.841723297322787, -32.874566554003295, 0.0 ], [ -68.841643573278148, -32.874632094599555, 0.0 ], [ -68.841546001574159, -32.874699235585524, 0.0 ], [ -68.841457426131797, -32.874755388135853, 0.0 ], [ -68.84129118156946, -32.87486229491914, 0.0 ], [ -68.841287115960284, -32.874865175180403, 0.0 ], [ -68.841282943657092, -32.874867965136787, 0.0 ], [ -68.841278664659882, -32.874870664788283, 0.0 ], [ -68.841274385823098, -32.874873274270463, 0.0 ], [ -68.841270106986059, -32.874875883752502, 0.0 ], [ -68.841265614600601, -32.874878402794039, 0.0 ], [ -68.841261229069318, -32.874880921970991, 0.0 ], [ -68.841256737004741, -32.874883260673876, 0.0 ], [ -68.841252138085494, -32.874885599241004, 0.0 ], [ -68.841247646020435, -32.874887937943548, 0.0 ], [ -68.841242940569302, -32.874890095134688, 0.0 ], [ -68.841238235116307, -32.874892253227351, 0.0 ], [ -68.84123352982381, -32.874894321150656, 0.0 ], [ -68.841228823623283, -32.874896298903266, 0.0 ], [ -68.841224011636641, -32.874898276521442, 0.0 ], [ -68.841219199971249, -32.874900073801086, 0.0 ], [ -68.841214281451201, -32.87490187094491, 0.0 ], [ -68.841209362930954, -32.874903668088535, 0.0 ], [ -68.841204444732014, -32.874905284893629, 0.0 ], [ -68.841199419678432, -32.874906901562909, 0.0 ], [ -68.841194501802264, -32.8749083371276, 0.0 ], [ -68.841189370215375, -32.874909773322479, 0.0 ], [ -68.841184345482816, -32.874911209652808, 0.0 ], [ -68.841179214217178, -32.874912465508935, 0.0 ], [ -68.841174189805855, -32.87491372150054, 0.0 ], [ -68.84116895200701, -32.874914796882244, 0.0 ], [ -68.841163821062523, -32.874915872399413, 0.0 ], [ -68.841158690117908, -32.874916947916375, 0.0 ], [ -68.841153452640299, -32.874917842959114, 0.0 ], [ -68.841148215323386, -32.874918647832466, 0.0 ], [ -68.841142978006403, -32.874919452705598, 0.0 ], [ -68.841137740851721, -32.874920166507657, 0.0 ], [ -68.841132503856201, -32.87492079104203, 0.0 ], [ -68.841127160166934, -32.874921325271316, 0.0 ], [ -68.841121923492935, -32.874921769466923, 0.0 ], [ -68.841116579964392, -32.874922213526574, 0.0 ], [ -68.841111343611971, -32.874922477383414, 0.0 ], [ -68.841104825327363, -32.874922559272889, 0.0 ], [ -68.84109830704277, -32.874922641162044, 0.0 ], [ -68.841091895451768, -32.874922813355752, 0.0 ], [ -68.841085376686138, -32.87492316485001, 0.0 ], [ -68.841078964773317, -32.874923517381383, 0.0 ], [ -68.841072445684205, -32.874924050114977, 0.0 ], [ -68.841066033449493, -32.874924582984001, 0.0 ], [ -68.841059620892921, -32.87492529619103, 0.0 ], [ -68.841053208336234, -32.874926009397718, 0.0 ], [ -68.841046795457629, -32.874926902942406, 0.0 ], [ -68.84104038257891, -32.874927796486759, 0.0 ], [ -68.841034076234308, -32.874928869603217, 0.0 ], [ -68.84102776988793, -32.874929943621041, 0.0 ], [ -68.841021463219562, -32.874931197976871, 0.0 ], [ -68.841015156390057, -32.874932542501533, 0.0 ], [ -68.841008849560367, -32.874933887025882, 0.0 ], [ -68.841002649263075, -32.874935412024065, 0.0 ], [ -68.840996448804603, -32.874937027191102, 0.0 ], [ -68.840990248345918, -32.874938642357797, 0.0 ], [ -68.840984154421179, -32.87494043709669, 0.0 ], [ -68.840978060494564, -32.87494223273697, 0.0 ], [ -68.840971966245746, -32.874944208715256, 0.0 ], [ -68.840965978851173, -32.874946184829099, 0.0 ], [ -68.840959991134341, -32.874948341280998, 0.0 ], [ -68.840954110271753, -32.874950497868461, 0.0 ], [ -68.840948229086834, -32.874952834793952, 0.0 ], [ -68.840942347901617, -32.874955171719172, 0.0 ], [ -68.840936573409607, -32.874957598949166, 0.0 ], [ -68.840930798757853, -32.874960115446349, 0.0 ], [ -68.840925129729129, -32.874962723148649, 0.0 ], [ -68.840919461607569, -32.874965421021201, 0.0 ], [ -68.84091390017916, -32.874968209198563, 0.0 ], [ -68.840908338589358, -32.874971087544822, 0.0 ], [ -68.840902883853744, -32.874973966026751, 0.0 ], [ -68.8408975356502, -32.87497702498267, 0.0 ], [ -68.840892187446286, -32.874980083938347, 0.0 ], [ -68.840886839080937, -32.874983233062963, 0.0 ], [ -68.840747016926414, -32.875073762802081, 0.0 ], [ -68.840856367130769, -32.875290129904954, 0.0 ], [ -68.841005219563527, -32.875762448654378, 0.0 ], [ -68.841084459913716, -32.876085627037959, 0.0 ], [ -68.841238699029617, -32.876713404241627, 0.0 ], [ -68.841404498275494, -32.877510264249409, 0.0 ], [ -68.841438332963264, -32.877532308461284, 0.0 ], [ -68.841625463098978, -32.877519925440637, 0.0 ], [ -68.84163145530205, -32.877515334391845, 0.0 ], [ -68.841637661219679, -32.87751074361335, 0.0 ], [ -68.841643866976327, -32.87750624300368, 0.0 ], [ -68.841650179269337, -32.877501922867232, 0.0 ], [ -68.841656598419291, -32.877497602865709, 0.0 ], [ -68.841663124104002, -32.877493464239066, 0.0 ], [ -68.841669650858265, -32.877489324711753, 0.0 ], [ -68.841676283080346, -32.877485365656263, 0.0 ], [ -68.841683021999117, -32.877481496904764, 0.0 ], [ -68.841689867774861, -32.877477628288155, 0.0 ], [ -68.841696820087023, -32.877473940144675, 0.0 ], [ -68.841703772238361, -32.877470342169921, 0.0 ], [ -68.841710830926147, -32.877466924668255, 0.0 ], [ -68.841717996469342, -32.877463508203093, 0.0 ], [ -68.841725161853361, -32.877460181004977, 0.0 ], [ -68.841732433773885, -32.877457034279871, 0.0 ], [ -68.841739705533698, -32.877453977723512, 0.0 ], [ -68.841747083990313, -32.877451011471031, 0.0 ], [ -68.841754569143745, -32.877448135522414, 0.0 ], [ -68.841762053976296, -32.877445439911618, 0.0 ], [ -68.841769645504115, -32.877442835506365, 0.0 ], [ -68.841777236872886, -32.877440320368081, 0.0 ], [ -68.841784828081074, -32.877437895398465, 0.0 ], [ -68.841792632843678, -32.877435560867831, 0.0 ], [ -68.841800330428043, -32.877433406539815, 0.0 ], [ -68.841808134709396, -32.877431342515592, 0.0 ], [ -68.841815938670081, -32.877429458829134, 0.0 ], [ -68.841823849486332, -32.877427576179009, 0.0 ], [ -68.841831759983592, -32.877425872964956, 0.0 ], [ -68.841839777177924, -32.877424260054624, 0.0 ], [ -68.841847688262831, -32.877422827348298, 0.0 ], [ -68.841855705136382, -32.877421394775219, 0.0 ], [ -68.841863721689478, -32.877420142539876, 0.0 ], [ -68.841871844779675, -32.877419070777357, 0.0 ], [ -68.841879861010568, -32.877417999780931, 0.0 ], [ -68.842234673218343, -32.877392845127901, 0.0 ], [ -68.842664827677041, -32.877363278498883, 0.0 ], [ -68.842672521730123, -32.877363107838008, 0.0 ], [ -68.842680108607212, -32.877363117380519, 0.0 ], [ -68.842687695484287, -32.877363126922575, 0.0 ], [ -68.842695282042868, -32.87736331680243, 0.0 ], [ -68.842702868601478, -32.877363506681824, 0.0 ], [ -68.842710454682418, -32.877363967068177, 0.0 ], [ -68.842718040761824, -32.877364428355747, 0.0 ], [ -68.842725626524455, -32.877365069079417, 0.0 ], [ -68.842733212287186, -32.877365709802646, 0.0 ], [ -68.842740690874194, -32.877366530729333, 0.0 ], [ -68.842748276000364, -32.877367532128183, 0.0 ], [ -68.842755754269263, -32.877368533392243, 0.0 ], [ -68.842763232219966, -32.877369714994103, 0.0 ], [ -68.8427707100101, -32.877370987666353, 0.0 ], [ -68.842778080785422, -32.87737234947128, 0.0 ], [ -68.842785451401795, -32.877373801444911, 0.0 ], [ -68.842792821700115, -32.87737543375637, 0.0 ], [ -68.842800191839558, -32.877377156236534, 0.0 ], [ -68.842807455121829, -32.877378878581965, 0.0 ], [ -68.842814717926984, -32.877380871434383, 0.0 ], [ -68.842821980730861, -32.877382865188075, 0.0 ], [ -68.842829136520095, -32.877384948074507, 0.0 ], [ -68.842836291991432, -32.877387211298789, 0.0 ], [ -68.842843340446578, -32.877389564557554, 0.0 ], [ -68.842850388742974, -32.877392007985044, 0.0 ], [ -68.842857330023222, -32.877394541447032, 0.0 ], [ -68.842864271144791, -32.87739716507776, 0.0 ], [ -68.842871212106076, -32.877399879778928, 0.0 ], [ -68.842877939036313, -32.87740277364783, 0.0 ], [ -68.842884772824448, -32.877405667650585, 0.0 ], [ -68.842891392579943, -32.877408741722817, 0.0 ], [ -68.84289801217686, -32.877411905963811, 0.0 ], [ -68.842904631615198, -32.877415160373594, 0.0 ], [ -68.842911144037487, -32.877418504817975, 0.0 ], [ -68.842917549602774, -32.877421849127785, 0.0 ], [ -68.842923953780328, -32.877425374675937, 0.0 ], [ -68.842930145154511, -32.877428989224128, 0.0 ], [ -68.842936443068695, -32.877432784244483, 0.0 ], [ -68.842942527427397, -32.877436488827023, 0.0 ], [ -68.843018190809701, -32.877431895906398, 0.0 ], [ -68.843045169228731, -32.877403978170761, 0.0 ], [ -68.842878056190941, -32.876316323407153, 0.0 ], [ -68.84287346837479, -32.876312350192826, 0.0 ], [ -68.842868987257688, -32.87630846638001, 0.0 ], [ -68.842864506457559, -32.876304403130433, 0.0 ], [ -68.842860239370154, -32.876300340149172, 0.0 ], [ -68.842855972442223, -32.876296186998616, 0.0 ], [ -68.842851813598472, -32.876291943814358, 0.0 ], [ -68.842847760542696, -32.876287700762873, 0.0 ], [ -68.842843707646409, -32.876283367542094, 0.0 ], [ -68.842839868462761, -32.876279034589707, 0.0 ], [ -68.842836029438587, -32.876274611468041, 0.0 ], [ -68.842832297430022, -32.876270098311387, 0.0 ], [ -68.842828672437065, -32.876265495119718, 0.0 ], [ -68.842825154300584, -32.876260892062227, 0.0 ], [ -68.842821743020551, -32.876256289138894, 0.0 ], [ -68.842818438756098, -32.876251596180609, 0.0 ], [ -68.84281513465271, -32.876246812151379, 0.0 ], [ -68.842812044260228, -32.876242029292314, 0.0 ], [ -68.842808953868115, -32.876237246433178, 0.0 ], [ -68.842805970491497, -32.876232373539118, 0.0 ], [ -68.842803094130431, -32.876227410610085, 0.0 ], [ -68.842800432550362, -32.876222447950923, 0.0 ], [ -68.842797769902006, -32.876217485290361, 0.0 ], [ -68.842795214269145, -32.876212432594897, 0.0 ], [ -68.84279276565178, -32.876207289864503, 0.0 ], [ -68.842790423731572, -32.876202237437525, 0.0 ], [ -68.842788188826802, -32.876197094975645, 0.0 ], [ -68.842786060937456, -32.87619186247889, 0.0 ], [ -68.842784039745226, -32.876186720285531, 0.0 ], [ -68.842782125568391, -32.876181488057298, 0.0 ], [ -68.842780318406938, -32.876176165794199, 0.0 ], [ -68.842778617942542, -32.876170933834516, 0.0 ], [ -68.842777024493486, -32.876165611839973, 0.0 ], [ -68.842775538969178, -32.876160289981073, 0.0 ], [ -68.84277415939161, -32.876154878085941, 0.0 ], [ -68.842772886511014, -32.876149556494276, 0.0 ], [ -68.8427717206457, -32.876144144867766, 0.0 ], [ -68.842770661636493, -32.876138733375534, 0.0 ], [ -68.842769709483349, -32.876133322017637, 0.0 ], [ -68.842768864186269, -32.876127910794025, 0.0 ], [ -68.842768125904399, -32.876122409535576, 0.0 ], [ -68.842767494319375, -32.876116998580592, 0.0 ], [ -68.84276707660544, -32.876111497725084, 0.0 ], [ -68.842766658732387, -32.876106087038721, 0.0 ], [ -68.842766347874473, -32.876100586317527, 0.0 ], [ -68.842766250728388, -32.876095085864939, 0.0 ], [ -68.842766154650889, -32.876089585413723, 0.0 ], [ -68.842766271057442, -32.876084175398944, 0.0 ], [ -68.842766387623143, -32.876078675215005, 0.0 ], [ -68.842766717900588, -32.876073175299695, 0.0 ], [ -68.84276704817799, -32.876067675384377, 0.0 ], [ -68.842796583591465, -32.875743553678085, 0.0 ], [ -68.842827651350291, -32.875398695821538, 0.0 ], [ -68.842866500174949, -32.875184592391534, 0.0 ], [ -68.842971172347177, -32.874609895911163, 0.0 ], [ -68.8430110987061, -32.874390294330432, 0.0 ], [ -68.843042566556676, -32.874240292876557, 0.0 ], [ -68.843062386889528, -32.874151140228648, 0.0 ], [ -68.843076576864362, -32.874102737073422, 0.0 ], [ -68.843078939035379, -32.874096879026986, 0.0 ], [ -68.84308140714991, -32.874090930944014, 0.0 ], [ -68.843083981958756, -32.87408507316421, 0.0 ], [ -68.843086770472652, -32.874079216554115, 0.0 ], [ -68.843089558828922, -32.874073449211444, 0.0 ], [ -68.843092453879464, -32.874067772171919, 0.0 ], [ -68.843095562795412, -32.874062005231217, 0.0 ], [ -68.843098778246755, -32.874056418762805, 0.0 ], [ -68.843101993856521, -32.874050742125135, 0.0 ], [ -68.843105422855118, -32.874045246093786, 0.0 ], [ -68.843108958706722, -32.87403975019636, 0.0 ], [ -68.843112601411335, -32.874034254432829, 0.0 ], [ -68.843116351878649, -32.874028848973737, 0.0 ], [ -68.84312020797158, -32.874023533816363, 0.0 ], [ -68.843124170917449, -32.874018218792884, 0.0 ], [ -68.843128240557476, -32.874012994072459, 0.0 ], [ -68.843132523745012, -32.874007859789089, 0.0 ], [ -68.843136806930474, -32.874002726407241, 0.0 ], [ -68.843141196652851, -32.873997772595914, 0.0 ], [ -68.843145693386901, -32.873992728749243, 0.0 ], [ -68.843150296656276, -32.873987865374751, 0.0 ], [ -68.843155006778503, -32.873983002134054, 0.0 ], [ -68.843159823594817, -32.873978229196346, 0.0 ], [ -68.843164640251857, -32.873973546427621, 0.0 ], [ -68.843169670456334, -32.873968954095822, 0.0 ], [ -68.843174808582191, -32.873964361899141, 0.0 ], [ -68.843179945321481, -32.873959950039264, 0.0 ], [ -68.843185188913608, -32.873955538313119, 0.0 ], [ -68.843190646051553, -32.873951217925537, 0.0 ], [ -68.843196103031829, -32.87394698680518, 0.0 ], [ -68.843201559852858, -32.87394284585379, 0.0 ], [ -68.843207230221296, -32.873938795339221, 0.0 ], [ -68.843212900589236, -32.873934744824368, 0.0 ], [ -68.843218784345851, -32.87393087491548, 0.0 ], [ -68.843224561089954, -32.87392709504158, 0.0 ], [ -68.843227235913915, -32.8739251146675, 0.0 ], [ -68.843229803884455, -32.873923134159455, 0.0 ], [ -68.843232371854882, -32.873921153651352, 0.0 ], [ -68.843234939825194, -32.8739191731432, 0.0 ], [ -68.843237507795394, -32.873917192634984, 0.0 ], [ -68.843240075924172, -32.873915121957545, 0.0 ], [ -68.843242537039259, -32.873913142217006, 0.0 ], [ -68.843245105167796, -32.873911071539453, 0.0 ], [ -68.84324756644294, -32.873909000727949, 0.0 ], [ -68.843250027717957, -32.873906929916387, 0.0 ], [ -68.843252489151538, -32.873904768935589, 0.0 ], [ -68.843254950426328, -32.873902698123942, 0.0 ], [ -68.843257305006404, -32.873900537009156, 0.0 ], [ -68.84325966065488, -32.873898375895664, 0.0 ], [ -68.843262121929328, -32.873896305083861, 0.0 ], [ -68.843264476667699, -32.873894053799759, 0.0 ], [ -68.843266724394056, -32.873891892550901, 0.0 ], [ -68.843269078973563, -32.873889731435888, 0.0 ], [ -68.843271326858343, -32.873887480017764, 0.0 ], [ -68.843273681596258, -32.873885228733471, 0.0 ], [ -68.843275929480797, -32.873882977315276, 0.0 ], [ -68.843278177365235, -32.873880725897017, 0.0 ], [ -68.84328031839631, -32.873878474344856, 0.0 ], [ -68.843282566280521, -32.873876222926519, 0.0 ], [ -68.843284707470019, -32.873873881205093, 0.0 ], [ -68.843286848500767, -32.873871629652811, 0.0 ], [ -68.843288989690038, -32.873869287931313, 0.0 ], [ -68.843291130879194, -32.873866946209773, 0.0 ], [ -68.843293272068252, -32.87386460448819, 0.0 ], [ -68.843295306560989, -32.873862173365218, 0.0 ], [ -68.843297340896584, -32.873859831509705, 0.0 ], [ -68.8432993753907, -32.873857399484976, 0.0 ], [ -68.843301409726081, -32.873855057629392, 0.0 ], [ -68.843303444219984, -32.873852625604599, 0.0 ], [ -68.843305371860552, -32.873850193445904, 0.0 ], [ -68.843307406354228, -32.87384776142104, 0.0 ], [ -68.843309333994569, -32.873845329262288, 0.0 ], [ -68.843311261793431, -32.87384280693432, 0.0 ], [ -68.843357904905901, -32.873751975512491, 0.0 ], [ -68.843480784577977, -32.8735717021856, 0.0 ], [ -68.843531886998264, -32.873496926425595, 0.0 ], [ -68.843548090509174, -32.873397580023521, 0.0 ], [ -68.843529377392258, -32.873285025215118, 0.0 ], [ -68.843472068940599, -32.873184143232386, 0.0 ], [ -68.843383849668967, -32.873101255502213, 0.0 ], [ -68.843339880433717, -32.873070541947499, 0.0 ], [ -68.84316304061106, -32.872949761163696, 0.0 ], [ -68.842873669447883, -32.872898266560284, 0.0 ] ] ] ] } },
{ "type": "Feature", "properties": { "LAYER": "PARCELARIO_2026", "MAP_NAME": "Cl_Jarillal_2026.dwg", "cc pp1": "1053 1398" }, "geometry": { "type": "MultiPolygon", "coordinates": [ [ [ [ -68.839073317493444, -32.878740468447489, 0.0 ], [ -68.83907419647467, -32.878743685917549, 0.0 ], [ -68.839342578765837, -32.879727706759219, 0.0 ], [ -68.839377752040662, -32.87974954855634, 0.0 ], [ -68.840088572033949, -32.879705591119965, 0.0 ], [ -68.840064614397861, -32.879425661465341, 0.0 ], [ -68.840149156700491, -32.879298903138448, 0.0 ], [ -68.840296100795285, -32.879292421024729, 0.0 ], [ -68.840261269486433, -32.87911266822487, 0.0 ], [ -68.840234382623734, -32.87908937020417, 0.0 ], [ -68.83920063714605, -32.878670633758539, 0.0 ], [ -68.839195721144804, -32.878670897946435, 0.0 ], [ -68.839190805143517, -32.878671162134168, 0.0 ], [ -68.839185888653759, -32.878671696829002, 0.0 ], [ -68.839181079024542, -32.878672230759328, 0.0 ], [ -68.839176375764126, -32.878673036235867, 0.0 ], [ -68.839171458622857, -32.878673931606521, 0.0 ], [ -68.839166648177624, -32.878674917283476, 0.0 ], [ -68.83916194426557, -32.87867608343587, 0.0 ], [ -68.839157453745671, -32.878677430201087, 0.0 ], [ -68.83915274827622, -32.878678866859055, 0.0 ], [ -68.839148257267482, -32.878680484131245, 0.0 ], [ -68.839143766095717, -32.878682191572366, 0.0 ], [ -68.839139381619901, -32.87868398931986, 0.0 ], [ -68.83913499681816, -32.878685967405403, 0.0 ], [ -68.8391309322691, -32.878688125339586, 0.0 ], [ -68.839126654000225, -32.878690283900454, 0.0 ], [ -68.839122695982354, -32.878692623211705, 0.0 ], [ -68.83911863077951, -32.878695142723572, 0.0 ], [ -68.839114886153482, -32.878697662647667, 0.0 ], [ -68.839111141201428, -32.878700362909825, 0.0 ], [ -68.839107502945254, -32.87870315347844, 0.0 ], [ -68.839103971385001, -32.878706034353485, 0.0 ], [ -68.839100546520612, -32.878709005534994, 0.0 ], [ -68.839097335048208, -32.878712157329538, 0.0 ], [ -68.839094230434625, -32.878715309261466, 0.0 ], [ -68.839091232354036, -32.878718641668968, 0.0 ], [ -68.839088341132253, -32.878721974213867, 0.0 ], [ -68.839085663465397, -32.87872539720275, 0.0 ], [ -68.83908319935351, -32.878728910635623, 0.0 ], [ -68.839080628221083, -32.878732513198365, 0.0 ], [ -68.839078377501039, -32.878736207244287, 0.0 ], [ -68.839073317493444, -32.878740468447489, 0.0 ] ] ] ] } },
{ "type": "Feature", "properties": { "LAYER": "PARCELARIO_2026", "MAP_NAME": "Cl_Jarillal_2026.dwg", "cc pp1": "1053 1400" }, "geometry": { "type": "MultiPolygon", "coordinates": [ [ [ [ -68.839073317493444, -32.878740468447489, 0.0 ], [ -68.839078377501039, -32.878736207244287, 0.0 ], [ -68.839080628221083, -32.878732513198365, 0.0 ], [ -68.83908319935351, -32.878728910635623, 0.0 ], [ -68.839085663465397, -32.87872539720275, 0.0 ], [ -68.839088341132253, -32.878721974213867, 0.0 ], [ -68.839091232354036, -32.878718641668968, 0.0 ], [ -68.839094230434625, -32.878715309261466, 0.0 ], [ -68.839097335048208, -32.878712157329538, 0.0 ], [ -68.839100546520612, -32.878709005534994, 0.0 ], [ -68.839103971385001, -32.878706034353485, 0.0 ], [ -68.839107502945254, -32.87870315347844, 0.0 ], [ -68.839111141201428, -32.878700362909825, 0.0 ], [ -68.839114886153482, -32.878697662647667, 0.0 ], [ -68.83911863077951, -32.878695142723572, 0.0 ], [ -68.839122695982354, -32.878692623211705, 0.0 ], [ -68.839126654000225, -32.878690283900454, 0.0 ], [ -68.8391309322691, -32.878688125339586, 0.0 ], [ -68.83913499681816, -32.878685967405403, 0.0 ], [ -68.839139381619901, -32.87868398931986, 0.0 ], [ -68.839143766095717, -32.878682191572366, 0.0 ], [ -68.839148257267482, -32.878680484131245, 0.0 ], [ -68.83915274827622, -32.878678866859055, 0.0 ], [ -68.839157453745671, -32.878677430201087, 0.0 ], [ -68.83916194426557, -32.87867608343587, 0.0 ], [ -68.839166648177624, -32.878674917283476, 0.0 ], [ -68.839171458622857, -32.878673931606521, 0.0 ], [ -68.839176375764126, -32.878673036235867, 0.0 ], [ -68.839181079024542, -32.878672230759328, 0.0 ], [ -68.839185888653759, -32.878671696829002, 0.0 ], [ -68.839190805143517, -32.878671162134168, 0.0 ], [ -68.839195721144804, -32.878670897946435, 0.0 ], [ -68.83920063714605, -32.878670633758539, 0.0 ], [ -68.840234382623734, -32.87908937020417, 0.0 ], [ -68.840245808339219, -32.879093983432483, 0.0 ], [ -68.840249011859427, -32.879095249894327, 0.0 ], [ -68.840252429260474, -32.879096426459952, 0.0 ], [ -68.840255526244846, -32.879097512446968, 0.0 ], [ -68.840258836948294, -32.879098598706847, 0.0 ], [ -68.840262147813547, -32.87909959479753, 0.0 ], [ -68.840265565538374, -32.879100591024617, 0.0 ], [ -68.840268769706014, -32.879101496809582, 0.0 ], [ -68.8402720807332, -32.879102402730908, 0.0 ], [ -68.840275498781679, -32.87910321861952, 0.0 ], [ -68.840278916830229, -32.879104034508032, 0.0 ], [ -68.840282228181053, -32.879104760090911, 0.0 ], [ -68.840285646391422, -32.87910548581015, 0.0 ], [ -68.840289064761933, -32.879106122261874, 0.0 ], [ -68.840292483295826, -32.879106667642738, 0.0 ], [ -68.840296008689251, -32.879107213159941, 0.0 ], [ -68.84029942738492, -32.879107668371518, 0.0 ], [ -68.840302952940121, -32.879108123719419, 0.0 ], [ -68.840306371797539, -32.879108488761688, 0.0 ], [ -68.840309897514501, -32.879108853940316, 0.0 ], [ -68.840313423393155, -32.879109128949729, 0.0 ], [ -68.840316842574012, -32.87910931365353, 0.0 ], [ -68.840320368614385, -32.879109498493662, 0.0 ], [ -68.840323894654787, -32.879109683333688, 0.0 ], [ -68.840327420856866, -32.879109778004519, 0.0 ], [ -68.840330840361091, -32.879109782369746, 0.0 ], [ -68.840334366886495, -32.879109696702173, 0.0 ], [ -68.840337893250236, -32.87910970120361, 0.0 ], [ -68.840341419935669, -32.879109526268451, 0.0 ], [ -68.840344946622679, -32.879109350431499, 0.0 ], [ -68.840348366450201, -32.879109174458037, 0.0 ], [ -68.840351893298845, -32.879108908451791, 0.0 ], [ -68.840355420309109, -32.879108552276335, 0.0 ], [ -68.840358840459828, -32.879108195964413, 0.0 ], [ -68.840362367631656, -32.879107749619678, 0.0 ], [ -68.840365788105572, -32.879107212969359, 0.0 ], [ -68.84036920857946, -32.879106676318933, 0.0 ], [ -68.840472791938808, -32.879086432014461, 0.0 ], [ -68.839085602382909, -32.878524409735491, 0.0 ], [ -68.83902048356326, -32.878546866467453, 0.0 ], [ -68.839073317493444, -32.878740468447489, 0.0 ] ] ] ] } },
{ "type": "Feature", "properties": { "LAYER": "PARCELARIO_2026", "MAP_NAME": "Cl_Jarillal_2026.dwg", "cc pp1": "1053 1401" }, "geometry": { "type": "MultiPolygon", "coordinates": [ [ [ [ -68.840126622867501, -32.87887046284353, 0.0 ], [ -68.840231224934726, -32.878913047308018, 0.0 ], [ -68.840338112238086, -32.878956557033987, 0.0 ], [ -68.841441284242876, -32.878744819046041, 0.0 ], [ -68.841164987736221, -32.877711844950461, 0.0 ], [ -68.84107054040652, -32.877347619430786, 0.0 ], [ -68.840126622867501, -32.87887046284353, 0.0 ] ] ] ] } },
{ "type": "Feature", "properties": { "LAYER": "PARCELARIO_2026", "MAP_NAME": "Cl_Jarillal_2026.dwg", "cc pp1": "1053 1402" }, "geometry": { "type": "MultiPolygon", "coordinates": [ [ [ [ -68.84107054040652, -32.877347619430786, 0.0 ], [ -68.840950411523693, -32.876884806082444, 0.0 ], [ -68.840938631574758, -32.876839345757027, 0.0 ], [ -68.840936827086949, -32.876832580762027, 0.0 ], [ -68.840668978264816, -32.875921615150212, 0.0 ], [ -68.840526494207779, -32.875532620619971, 0.0 ], [ -68.840522759279992, -32.875529820608151, 0.0 ], [ -68.8405189173358, -32.875527110629143, 0.0 ], [ -68.840514968375174, -32.875524490682935, 0.0 ], [ -68.840510912399736, -32.875521959867818, 0.0 ], [ -68.840506749244796, -32.875519610156282, 0.0 ], [ -68.840502585928604, -32.875517350613791, 0.0 ], [ -68.840498208579305, -32.875515271136926, 0.0 ], [ -68.84049372421353, -32.875513281692811, 0.0 ], [ -68.840489239686477, -32.875511382417692, 0.0 ], [ -68.840484647981469, -32.875509663344431, 0.0 ], [ -68.840480055953648, -32.875508124609318, 0.0 ], [ -68.840475357070815, -32.875506585737753, 0.0 ], [ -68.840470550848451, -32.875505317237163, 0.0 ], [ -68.840465744464737, -32.875504138905569, 0.0 ], [ -68.840460937919644, -32.875503050742921, 0.0 ], [ -68.840456024036541, -32.875502232049556, 0.0 ], [ -68.840451110151946, -32.875501414257712, 0.0 ], [ -68.840446088927692, -32.875500866836802, 0.0 ], [ -68.84044106770348, -32.875500319415693, 0.0 ], [ -68.840436152849932, -32.875500042638151, 0.0 ], [ -68.840431130979681, -32.875499855893246, 0.0 ], [ -68.840426108786374, -32.875499849486438, 0.0 ], [ -68.840421086431519, -32.875499933248584, 0.0 ], [ -68.840416063753565, -32.875500197348828, 0.0 ], [ -68.840411040752443, -32.875500641787163, 0.0 ], [ -68.840406124446517, -32.875501175629097, 0.0 ], [ -68.840401207815773, -32.875501890710822, 0.0 ], [ -68.840396290861804, -32.87550278613066, 0.0 ], [ -68.840391373746172, -32.875503771719451, 0.0 ], [ -68.840386563324017, -32.875504847613549, 0.0 ], [ -68.840381752578566, -32.875506103845758, 0.0 ], [ -68.840377048364999, -32.875507540552434, 0.0 ], [ -68.840372343989671, -32.875509067428098, 0.0 ], [ -68.840367746146171, -32.875510774778242, 0.0 ], [ -68.840363254996078, -32.875512572433735, 0.0 ], [ -68.840358763522588, -32.875514550427368, 0.0 ], [ -68.840354378744081, -32.875516617824665, 0.0 ], [ -68.840350100495741, -32.875518866598199, 0.0 ], [ -68.840345929102355, -32.875521115507951, 0.0 ], [ -68.840341864079093, -32.875523635061413, 0.0 ], [ -68.840337799055604, -32.875526154614739, 0.0 ], [ -68.84033394741904, -32.875528854779006, 0.0 ], [ -68.840330202475783, -32.875531645248721, 0.0 ], [ -68.840326564225904, -32.87553452602387, 0.0 ], [ -68.840323032669346, -32.875537497104467, 0.0 ], [ -68.840319607644489, -32.875540648659658, 0.0 ], [ -68.840178418810993, -32.875735772457247, 0.0 ], [ -68.840175420709826, -32.875739195061897, 0.0 ], [ -68.840173171405709, -32.875742167776501, 0.0 ], [ -68.840171242667836, -32.875745140900669, 0.0 ], [ -68.840169527317158, -32.875748294636175, 0.0 ], [ -68.840168025677343, -32.875751448644714, 0.0 ], [ -68.840166844280219, -32.875754783401163, 0.0 ], [ -68.840165876594, -32.875758118430674, 0.0 ], [ -68.84016522840561, -32.875761453868435, 0.0 ], [ -68.8401649016904, -32.875764879886333, 0.0 ], [ -68.840164788686153, -32.875768306177285, 0.0 ], [ -68.8401649960866, -32.875771823047032, 0.0 ], [ -68.840165417521703, -32.87577515985155, 0.0 ], [ -68.840166159361544, -32.875778587234841, 0.0 ], [ -68.840166794507724, -32.875781924312435, 0.0 ], [ -68.840167216104732, -32.875785170947808, 0.0 ], [ -68.840167530846259, -32.875788417446628, 0.0 ], [ -68.8401678455878, -32.875791663945456, 0.0 ], [ -68.840168053473832, -32.875794910307725, 0.0 ], [ -68.840168368215416, -32.875798156806546, 0.0 ], [ -68.84016857610149, -32.875801403168822, 0.0 ], [ -68.84016878382576, -32.87580473970025, 0.0 ], [ -68.840168991711849, -32.875807986062526, 0.0 ], [ -68.840169092742428, -32.875811232288271, 0.0 ], [ -68.840169193772994, -32.875814478513988, 0.0 ], [ -68.840169294641768, -32.875817814908871, 0.0 ], [ -68.840169288816782, -32.875821060998057, 0.0 ], [ -68.840169389847361, -32.875824307223787, 0.0 ], [ -68.840169382953846, -32.875827553311616, 0.0 ], [ -68.840169376967069, -32.875830889569947, 0.0 ], [ -68.840169264286516, -32.875834135522602, 0.0 ], [ -68.840169151605949, -32.875837381475222, 0.0 ], [ -68.840169145780962, -32.875840627564429, 0.0 ], [ -68.840168926082995, -32.875843963549663, 0.0 ], [ -68.8401688134024, -32.875847209502297, 0.0 ], [ -68.84016859386621, -32.875850455318407, 0.0 ], [ -68.840168374329991, -32.87585370113451, 0.0 ], [ -68.840168154631968, -32.875857037119737, 0.0 ], [ -68.840167828240126, -32.875860282799295, 0.0 ], [ -68.840167501848242, -32.875863528478845, 0.0 ], [ -68.84016717545633, -32.875866774158396, 0.0 ], [ -68.840166849064417, -32.87587001983794, 0.0 ], [ -68.840166522672476, -32.875873265517491, 0.0 ], [ -68.840166089424869, -32.87587651106049, 0.0 ], [ -68.840165656177234, -32.875879756603489, 0.0 ], [ -68.840165116073933, -32.87588300200995, 0.0 ], [ -68.840164682826241, -32.875886247552913, 0.0 ], [ -68.84016414272287, -32.875889492959374, 0.0 ], [ -68.840163601550884, -32.875892738364449, 0.0 ], [ -68.840163061447441, -32.875895983770882, 0.0 ], [ -68.84016241448829, -32.875899229040776, 0.0 ], [ -68.840161767529096, -32.875902474310656, 0.0 ], [ -68.840161120731665, -32.875905629411392, 0.0 ], [ -68.840160473772372, -32.875908874681258, 0.0 ], [ -68.84015971995737, -32.875912119814593, 0.0 ], [ -68.840158966304116, -32.875915274778755, 0.0 ], [ -68.840158212489001, -32.875918519912062, 0.0 ], [ -68.840157351979954, -32.875921674739679, 0.0 ], [ -68.840156598164725, -32.875924919872972, 0.0 ], [ -68.840155737655579, -32.875928074700582, 0.0 ], [ -68.840154877146347, -32.875931229528163, 0.0 ], [ -68.840153909619559, -32.875934474388345, 0.0 ], [ -68.840153049110214, -32.875937629215905, 0.0 ], [ -68.840152081745089, -32.87594078390692, 0.0 ], [ -68.840151114379907, -32.875943938597928, 0.0 ], [ -68.840150040158946, -32.875947093152362, 0.0 ], [ -68.840149072793636, -32.875950247843349, 0.0 ], [ -68.840147998572505, -32.875953402397769, 0.0 ], [ -68.840146924351316, -32.875956556952168, 0.0 ], [ -68.840145742205792, -32.875959711368651, 0.0 ], [ -68.840144561290529, -32.875962775617332, 0.0 ], [ -68.840143487070733, -32.875965929270016, 0.0 ], [ -68.840142199299578, -32.875968993382095, 0.0 ], [ -68.840141018222269, -32.875972147799885, 0.0 ], [ -68.840139730450943, -32.875975211911964, 0.0 ], [ -68.840138442679532, -32.875978276024014, 0.0 ], [ -68.840137154746202, -32.875981430305188, 0.0 ], [ -68.840135866974606, -32.875984494417217, 0.0 ], [ -68.84013447234716, -32.875987558392666, 0.0 ], [ -68.840133184737255, -32.875990532335514, 0.0 ], [ -68.840131576398079, -32.875993596037766, 0.0 ], [ -68.840129968058818, -32.875996659740018, 0.0 ], [ -68.840128359719444, -32.875999723442234, 0.0 ], [ -68.840126751541803, -32.876002696975291, 0.0 ], [ -68.840125036508255, -32.876005670371747, 0.0 ], [ -68.840123428168539, -32.876008734073892, 0.0 ], [ -68.840121713134792, -32.876011707470312, 0.0 ], [ -68.840119891245109, -32.876014680730108, 0.0 ], [ -68.840118176211121, -32.876017654126464, 0.0 ], [ -68.840116354321211, -32.876020627386211, 0.0 ], [ -68.840114639448856, -32.876023510613386, 0.0 ], [ -68.840112816490148, -32.876026483871705, 0.0 ], [ -68.840110887905922, -32.876029366825634, 0.0 ], [ -68.840109066015529, -32.876032340085267, 0.0 ], [ -68.840107137431076, -32.876035223039153, 0.0 ], [ -68.840105208846481, -32.87603810599299, 0.0 ], [ -68.840103280261772, -32.876040988946798, 0.0 ], [ -68.840101244821113, -32.87604387176399, 0.0 ], [ -68.840099316398025, -32.876046664548582, 0.0 ], [ -68.840097280957096, -32.876049547365696, 0.0 ], [ -68.840095245516039, -32.876052430182781, 0.0 ], [ -68.840093210236731, -32.876055222830679, 0.0 ], [ -68.840091068103078, -32.876058014440261, 0.0 ], [ -68.840088925967649, -32.876060806951486, 0.0 ], [ -68.840086890687971, -32.876063599599277, 0.0 ], [ -68.839968306764192, -32.876225570620996, 0.0 ], [ -68.839534157185128, -32.87680975537431, 0.0 ], [ -68.839529231540013, -32.876815429723351, 0.0 ], [ -68.83952419936243, -32.876820923596853, 0.0 ], [ -68.839519166115664, -32.876826417468777, 0.0 ], [ -68.83951392038577, -32.876831820898531, 0.0 ], [ -68.839508567962582, -32.876837133120134, 0.0 ], [ -68.83950310884282, -32.876842355936958, 0.0 ], [ -68.839497649884919, -32.87684748858441, 0.0 ], [ -68.839491977375289, -32.876852530788248, 0.0 ], [ -68.839486198008217, -32.876857572854703, 0.0 ], [ -68.839480418965508, -32.876862434582613, 0.0 ], [ -68.839474426208554, -32.876867296035996, 0.0 ], [ -68.839468433613447, -32.876872067319965, 0.0 ], [ -68.83946233448593, -32.876876658128246, 0.0 ], [ -68.839456021645759, -32.876881247760224, 0.0 ], [ -68.839449708965873, -32.876885748124437, 0.0 ], [ -68.839443288685004, -32.876890068011555, 0.0 ], [ -68.839436869472109, -32.876894387899696, 0.0 ], [ -68.839430236869987, -32.876898527174923, 0.0 ], [ -68.839423604267253, -32.876902666449794, 0.0 ], [ -68.839416865132193, -32.876906625248857, 0.0 ], [ -68.839410019139692, -32.876910583910359, 0.0 ], [ -68.839403173473357, -32.876914361331572, 0.0 ], [ -68.839396114253674, -32.876918049210531, 0.0 ], [ -68.839389055196008, -32.876921646919989, 0.0 ], [ -68.839381996300389, -32.876925154459911, 0.0 ], [ -68.839374723853055, -32.876928571555865, 0.0 ], [ -68.839367558424669, -32.876931898619482, 0.0 ], [ -68.839360179607226, -32.876935045069999, 0.0 ], [ -68.839352800953534, -32.876938100449244, 0.0 ], [ -68.839345315603467, -32.87694106642337, 0.0 ], [ -68.839337830415545, -32.876943942227925, 0.0 ], [ -68.839330238532895, -32.876946727725652, 0.0 ], [ -68.839322646812434, -32.876949423053787, 0.0 ], [ -68.839314948559974, -32.876951937905936, 0.0 ], [ -68.839307250469744, -32.876954362588492, 0.0 ], [ -68.839299444617936, -32.876956696061072, 0.0 ], [ -68.839291640158066, -32.876958850098013, 0.0 ], [ -68.839283729003611, -32.876960913828036, 0.0 ], [ -68.839002267647672, -32.877019788609708, 0.0 ], [ -68.83874978500404, -32.877358766051486, 0.0 ], [ -68.838707800825674, -32.877352759842999, 0.0 ], [ -68.838769478252729, -32.877575738832711, 0.0 ], [ -68.838789857407306, -32.877651147555227, 0.0 ], [ -68.838965626517165, -32.878302128641089, 0.0 ], [ -68.838994709724872, -32.878410009480028, 0.0 ], [ -68.839072017624872, -32.8784414887905, 0.0 ], [ -68.839382640421505, -32.878567769821075, 0.0 ], [ -68.839597482478752, -32.878655152679897, 0.0 ], [ -68.839849056652355, -32.878757461043854, 0.0 ], [ -68.840126622867501, -32.87887046284353, 0.0 ], [ -68.84107054040652, -32.877347619430786, 0.0 ] ] ] ] } },
{ "type": "Feature", "properties": { "LAYER": "PARCELARIO_2026", "MAP_NAME": "Cl_Jarillal_2026.dwg", "cc pp1": "1053 1404" }, "geometry": { "type": "MultiPolygon", "coordinates": [ [ [ [ -68.838877933091041, -32.875513372194426, 0.0 ], [ -68.838831007675509, -32.875522148337765, 0.0 ], [ -68.838560463781292, -32.87557273973087, 0.0 ], [ -68.838643370322899, -32.875872661596219, 0.0 ], [ -68.838727850454859, -32.876188455226476, 0.0 ], [ -68.838913097047083, -32.876153260082511, 0.0 ], [ -68.83900978822777, -32.876511989841028, 0.0 ], [ -68.838494561358459, -32.876609511042368, 0.0 ], [ -68.838574496976037, -32.876897616886367, 0.0 ], [ -68.838609825907199, -32.876920114638871, 0.0 ], [ -68.839151791038972, -32.876810816075931, 0.0 ], [ -68.839364957047763, -32.876524535464348, 0.0 ], [ -68.839081973808817, -32.875484243249502, 0.0 ], [ -68.838880585874747, -32.875523655819364, 0.0 ], [ -68.838877933091041, -32.875513372194426, 0.0 ] ] ] ] } },
{ "type": "Feature", "properties": { "LAYER": "PARCELARIO_2026", "MAP_NAME": "Cl_Jarillal_2026.dwg", "cc pp1": "1053 1371" }, "geometry": { "type": "MultiPolygon", "coordinates": [ [ [ [ -68.840490513294583, -32.879273916596389, 0.0 ], [ -68.840354985190487, -32.879289882188402, 0.0 ], [ -68.840396684927029, -32.879686526129134, 0.0 ], [ -68.840566496468838, -32.879675999929795, 0.0 ], [ -68.840490513294583, -32.879273916596389, 0.0 ] ] ] ] } },
{ "type": "Feature", "properties": { "LAYER": "PARCELARIO_2026", "MAP_NAME": "Cl_Jarillal_2026.dwg", "cc pp1": "1053 1390" }, "geometry": { "type": "MultiPolygon", "coordinates": [ [ [ [ -68.840508576458731, -32.879271776469125, 0.0 ], [ -68.840490513294583, -32.879273916596389, 0.0 ], [ -68.840566496468838, -32.879675999929795, 0.0 ], [ -68.840633628296032, -32.879671838509481, 0.0 ], [ -68.840707467981375, -32.879662765959289, 0.0 ], [ -68.840594943306371, -32.879258362075028, 0.0 ], [ -68.840508576458731, -32.879271776469125, 0.0 ] ] ] ] } },
{ "type": "Feature", "properties": { "LAYER": "PARCELARIO_2026", "MAP_NAME": "Cl_Jarillal_2026.dwg", "cc pp1": "1053 1388" }, "geometry": { "type": "MultiPolygon", "coordinates": [ [ [ [ -68.838440057356294, -32.877222517272841, 0.0 ], [ -68.837629751090148, -32.877374088630994, 0.0 ], [ -68.837654826031709, -32.877466278735405, 0.0 ], [ -68.8377010132659, -32.877640969598737, 0.0 ], [ -68.837750441493029, -32.877814008234196, 0.0 ], [ -68.838557372842729, -32.877662953836179, 0.0 ], [ -68.838440057356294, -32.877222517272841, 0.0 ] ] ] ] } },
{ "type": "Feature", "properties": { "LAYER": "PARCELARIO_2026", "MAP_NAME": "Cl_Jarillal_2026.dwg", "cc pp1": "1053 1389" }, "geometry": { "type": "MultiPolygon", "coordinates": [ [ [ [ -68.840354985190487, -32.879289882188402, 0.0 ], [ -68.840296100795285, -32.879292421024729, 0.0 ], [ -68.840149156700491, -32.879298903138448, 0.0 ], [ -68.840064614397861, -32.879425661465341, 0.0 ], [ -68.840088572033949, -32.879705591119965, 0.0 ], [ -68.840321560098175, -32.879691182166368, 0.0 ], [ -68.840396684927029, -32.879686526129134, 0.0 ], [ -68.840354985190487, -32.879289882188402, 0.0 ] ] ] ] } },
{ "type": "Feature", "properties": { "LAYER": "PARCELARIO_2026", "MAP_NAME": "Cl_Jarillal_2026.dwg", "cc pp1": "1053 1394" }, "geometry": { "type": "MultiPolygon", "coordinates": [ [ [ [ -68.837750441493029, -32.877814008234196, 0.0 ], [ -68.837773790099334, -32.877900782303641, 0.0 ], [ -68.837797458096375, -32.8779888182505, 0.0 ], [ -68.837811573922423, -32.878041134757574, 0.0 ], [ -68.838619459985068, -32.877889722332093, 0.0 ], [ -68.838557372842729, -32.877662953836179, 0.0 ], [ -68.837750441493029, -32.877814008234196, 0.0 ] ] ] ] } },
{ "type": "Feature", "properties": { "LAYER": "PARCELARIO_2026", "MAP_NAME": "Cl_Jarillal_2026.dwg", "cc pp1": "1053 1425" }, "geometry": { "type": "MultiPolygon", "coordinates": [ [ [ [ -68.838326412093579, -32.876819384760964, 0.0 ], [ -68.83777804320242, -32.876923893367731, 0.0 ], [ -68.837700758665406, -32.876634863519726, 0.0 ], [ -68.837457568469915, -32.876679473705771, 0.0 ], [ -68.837473685974544, -32.876737873882114, 0.0 ], [ -68.837615661674491, -32.877286889227477, 0.0 ], [ -68.837637295273353, -32.877369381666632, 0.0 ], [ -68.838440057356294, -32.877222517272841, 0.0 ], [ -68.838326412093579, -32.876819384760964, 0.0 ] ] ] ] } },
{ "type": "Feature", "properties": { "LAYER": "PARCELARIO_2026", "MAP_NAME": "Cl_Jarillal_2026.dwg", "cc pp1": "1053 1395" }, "geometry": { "type": "MultiPolygon", "coordinates": [ [ [ [ -68.838619459985068, -32.877889722332093, 0.0 ], [ -68.837811573922423, -32.878041134757574, 0.0 ], [ -68.837820701498174, -32.878075320762861, 0.0 ], [ -68.837751538830261, -32.87808857522419, 0.0 ], [ -68.837782220909901, -32.878197810959605, 0.0 ], [ -68.83780154277251, -32.878266635201761, 0.0 ], [ -68.838677697158332, -32.878102425722766, 0.0 ], [ -68.838619459985068, -32.877889722332093, 0.0 ] ] ] ] } },
{ "type": "Feature", "properties": { "LAYER": "PARCELARIO_2026", "MAP_NAME": "Cl_Jarillal_2026.dwg", "cc pp1": "1053 1396" }, "geometry": { "type": "MultiPolygon", "coordinates": [ [ [ [ -68.838677697158332, -32.878102425722766, 0.0 ], [ -68.83780154277251, -32.878266635201761, 0.0 ], [ -68.837808761280868, -32.878292342815882, 0.0 ], [ -68.837702695527312, -32.878326287431463, 0.0 ], [ -68.837680669682456, -32.878333382225435, 0.0 ], [ -68.837659071763127, -32.878340206161297, 0.0 ], [ -68.837640926353785, -32.878328911445351, 0.0 ], [ -68.837627050687729, -32.878320147010271, 0.0 ], [ -68.837652411375259, -32.878416931598949, 0.0 ], [ -68.837673544407807, -32.878430665663473, 0.0 ], [ -68.838730068425264, -32.87836685796276, 0.0 ], [ -68.83874419270002, -32.878356416532725, 0.0 ], [ -68.838746548160429, -32.878353894828678, 0.0 ], [ -68.838677697158332, -32.878102425722766, 0.0 ] ] ] ] } },
{ "type": "Feature", "properties": { "LAYER": "PARCELARIO_2026", "MAP_NAME": "Cl_Jarillal_2026.dwg", "cc pp1": "1053 1391" }, "geometry": { "type": "MultiPolygon", "coordinates": [ [ [ [ -68.835449869503151, -32.875005138795032, 0.0 ], [ -68.835998166626339, -32.874964834521869, 0.0 ], [ -68.835999496724639, -32.874970770311066, 0.0 ], [ -68.836024076914185, -32.874968819711526, 0.0 ], [ -68.836291252143013, -32.874947985277657, 0.0 ], [ -68.836339877894048, -32.874944262696538, 0.0 ], [ -68.83647592458685, -32.8749336230049, 0.0 ], [ -68.836541115246305, -32.874928570360851, 0.0 ], [ -68.836487012159211, -32.874716329344956, 0.0 ], [ -68.836427305403532, -32.874490389655229, 0.0 ], [ -68.83633007418635, -32.874122446299786, 0.0 ], [ -68.836328269440259, -32.874116041913233, 0.0 ], [ -68.836290474846862, -32.873983713088606, 0.0 ], [ -68.836204588476534, -32.873683064333974, 0.0 ], [ -68.836173609205943, -32.873563007424721, 0.0 ], [ -68.835350014389448, -32.87371970534258, 0.0 ], [ -68.835130459300515, -32.87376152074571, 0.0 ], [ -68.835133112102284, -32.873771533042323, 0.0 ], [ -68.83517767725526, -32.873939668378718, 0.0 ], [ -68.835182983214125, -32.873959512631096, 0.0 ], [ -68.835197837174661, -32.874015978226353, 0.0 ], [ -68.835239642890457, -32.874174101099406, 0.0 ], [ -68.835241870402641, -32.874182399614988, 0.0 ], [ -68.835271898784129, -32.874296053464128, 0.0 ], [ -68.835263561360165, -32.874297575363478, 0.0 ], [ -68.835267744162337, -32.874313462402064, 0.0 ], [ -68.83544552861602, -32.874988605943642, 0.0 ], [ -68.835449869503151, -32.875005138795032, 0.0 ] ] ] ] } },
{ "type": "Feature", "properties": { "LAYER": "PARCELARIO_2026", "MAP_NAME": "Cl_Jarillal_2026.dwg", "cc pp1": "1043 50" }, "geometry": { "type": "MultiPolygon", "coordinates": [ [ [ [ -68.831581498249506, -32.820861696789159, 0.0 ], [ -68.83164341883122, -32.821097484782896, 0.0 ], [ -68.831479459573487, -32.821229814265848, 0.0 ], [ -68.831426567827208, -32.821302510344957, 0.0 ], [ -68.831370571410318, -32.821379259874249, 0.0 ], [ -68.831314468276972, -32.821455919063446, 0.0 ], [ -68.831276887354903, -32.821507445727839, 0.0 ], [ -68.831250461088061, -32.821589825596533, 0.0 ], [ -68.83122231759647, -32.821676711649133, 0.0 ], [ -68.83119438746067, -32.82176368815189, 0.0 ], [ -68.831166350479236, -32.821850664503003, 0.0 ], [ -68.831143792364173, -32.821920425745283, 0.0 ], [ -68.830877266626729, -32.821907171647176, 0.0 ], [ -68.830870364515931, -32.821942779516462, 0.0 ], [ -68.830872333059304, -32.822087415031319, 0.0 ], [ -68.831139209391168, -32.822084980014566, 0.0 ], [ -68.831140351984587, -32.82217533290585, 0.0 ], [ -68.831141493856578, -32.822265503651245, 0.0 ], [ -68.831142632693911, -32.82235558602455, 0.0 ], [ -68.831143389942667, -32.822415368923551, 0.0 ], [ -68.831147177594602, -32.822425663342884, 0.0 ], [ -68.831178875986296, -32.822511808623034, 0.0 ], [ -68.831210537042963, -32.822597963762455, 0.0 ], [ -68.83123103081347, -32.822653672331249, 0.0 ], [ -68.831242198330912, -32.822684028723003, 0.0 ], [ -68.831273966471528, -32.822770093818484, 0.0 ], [ -68.831304884597458, -32.822853903506989, 0.0 ], [ -68.831308326652547, -32.822853265232411, 0.0 ], [ -68.831480280777981, -32.822821417908251, 0.0 ], [ -68.832234835547126, -32.822681665913194, 0.0 ], [ -68.832120106985997, -32.822245449484157, 0.0 ], [ -68.831953316200654, -32.821612141344929, 0.0 ], [ -68.831766592340358, -32.820903964934374, 0.0 ], [ -68.831733941807286, -32.820776240153194, 0.0 ], [ -68.831677280089863, -32.8208080030562, 0.0 ], [ -68.831581498249506, -32.820861696789159, 0.0 ] ] ] ] } },
{ "type": "Feature", "properties": { "LAYER": "PARCELARIO_2026", "MAP_NAME": "Cl_Jarillal_2026.dwg", "cc pp1": "1043 35" }, "geometry": { "type": "MultiPolygon", "coordinates": [ [ [ [ -68.840819231975232, -32.827545337957538, 0.0 ], [ -68.841464675391038, -32.827382846467401, 0.0 ], [ -68.841311938702361, -32.8266705051605, 0.0 ], [ -68.840599366641243, -32.826666672907791, 0.0 ], [ -68.840819231975232, -32.827545337957538, 0.0 ] ] ] ] } },
{ "type": "Feature", "properties": { "LAYER": "PARCELARIO_2026", "MAP_NAME": "Cl_Jarillal_2026.dwg", "cc pp1": "1041 1028" }, "geometry": { "type": "MultiPolygon", "coordinates": [ [ [ [ -68.844385942960756, -32.844000485293812, 0.0 ], [ -68.844390564085913, -32.84400098697386, 0.0 ], [ -68.844397826255729, -32.844001807531882, 0.0 ], [ -68.845231274335305, -32.844092289487115, 0.0 ], [ -68.845451491186665, -32.844116186126868, 0.0 ], [ -68.846450223029265, -32.844248792937599, 0.0 ], [ -68.84663840798558, -32.844265254258431, 0.0 ], [ -68.846642561847688, -32.844085911578929, 0.0 ], [ -68.846643453898366, -32.844047950275943, 0.0 ], [ -68.846570530277347, -32.844044976360749, 0.0 ], [ -68.84633067783497, -32.844010056862352, 0.0 ], [ -68.846353099138128, -32.843830105426804, 0.0 ], [ -68.846205081073606, -32.843812160158372, 0.0 ], [ -68.846186012793495, -32.84380985542721, 0.0 ], [ -68.846153071820325, -32.843805874515112, 0.0 ], [ -68.846081895058873, -32.843796607707539, 0.0 ], [ -68.845974746022577, -32.843782657354389, 0.0 ], [ -68.845869282221059, -32.843768925392638, 0.0 ], [ -68.845763634765873, -32.843755170573239, 0.0 ], [ -68.84565814326389, -32.843741434792683, 0.0 ], [ -68.845552574902058, -32.843727689811402, 0.0 ], [ -68.845447005504965, -32.843713944739811, 0.0 ], [ -68.845392382908514, -32.843706832302608, 0.0 ], [ -68.845341398898768, -32.843700732436844, 0.0 ], [ -68.845234465995205, -32.843687938596013, 0.0 ], [ -68.845127534189302, -32.843675145566891, 0.0 ], [ -68.845020601347869, -32.843662351543443, 0.0 ], [ -68.844913693100693, -32.843649560164231, 0.0 ], [ -68.844806763524304, -32.843636766863867, 0.0 ], [ -68.844699804078061, -32.8436239689266, 0.0 ], [ -68.844592908738932, -32.843611179092854, 0.0 ], [ -68.84448593974129, -32.843598380960998, 0.0 ], [ -68.844402393028432, -32.843588384583164, 0.0 ], [ -68.844402407809795, -32.843587871535249, 0.0 ], [ -68.844380211179256, -32.843584823246914, 0.0 ], [ -68.844380185165335, -32.843585651875252, 0.0 ], [ -68.8443833192498, -32.843811490599592, 0.0 ], [ -68.844385942960756, -32.844000485293812, 0.0 ] ] ] ] } },
{ "type": "Feature", "properties": { "LAYER": "PARCELARIO_2026", "MAP_NAME": "Cl_Jarillal_2026.dwg", "cc pp1": "1041 277" }, "geometry": { "type": "MultiPolygon", "coordinates": [ [ [ [ -68.843880765938451, -32.841352875502082, 0.0 ], [ -68.844146791582972, -32.841381069553883, 0.0 ], [ -68.844128754686167, -32.841555976606884, 0.0 ], [ -68.844874878843925, -32.841665468150389, 0.0 ], [ -68.844874837273153, -32.841627957440316, 0.0 ], [ -68.844874991442666, -32.841539320665738, 0.0 ], [ -68.84487511534239, -32.841468086634386, 0.0 ], [ -68.844317144493729, -32.841390388735235, 0.0 ], [ -68.844094810691317, -32.841359454215528, 0.0 ], [ -68.843881961572151, -32.841341064742579, 0.0 ], [ -68.843880765938451, -32.841352875502082, 0.0 ] ] ] ] } },
{ "type": "Feature", "properties": { "LAYER": "PARCELARIO_2026", "MAP_NAME": "Cl_Jarillal_2026.dwg", "cc pp1": "1041 111" }, "geometry": { "type": "MultiPolygon", "coordinates": [ [ [ [ -68.844165546849311, -32.842026786581904, 0.0 ], [ -68.844166519698547, -32.842133291003712, 0.0 ], [ -68.845384484430028, -32.842288162517271, 0.0 ], [ -68.84548774918278, -32.842301292543219, 0.0 ], [ -68.846461588262287, -32.84242485154671, 0.0 ], [ -68.846737128310394, -32.842460175184421, 0.0 ], [ -68.846749474619671, -32.84222800295133, 0.0 ], [ -68.846751318845847, -32.842149335624249, 0.0 ], [ -68.845400619254718, -32.841974950438065, 0.0 ], [ -68.845349145987257, -32.841968214273685, 0.0 ], [ -68.844887397398224, -32.841898933408963, 0.0 ], [ -68.844195290728806, -32.841806010282681, 0.0 ], [ -68.844200763627228, -32.841730364592351, 0.0 ], [ -68.84488437431969, -32.841842552767403, 0.0 ], [ -68.844877025624385, -32.841705499913566, 0.0 ], [ -68.844874878843925, -32.841665468150389, 0.0 ], [ -68.844128754686167, -32.841555976606884, 0.0 ], [ -68.844017908666856, -32.841540148949662, 0.0 ], [ -68.844002392334488, -32.841556270013598, 0.0 ], [ -68.84316717399372, -32.841454055582425, 0.0 ], [ -68.843164650190303, -32.841492194266991, 0.0 ], [ -68.843152911896084, -32.841671613049783, 0.0 ], [ -68.843360282661436, -32.841704248250842, 0.0 ], [ -68.843594140560015, -32.841742321895417, 0.0 ], [ -68.844180109781234, -32.841804401688115, 0.0 ], [ -68.844165546849311, -32.842026786581904, 0.0 ] ] ] ] } },
{ "type": "Feature", "properties": { "LAYER": "PARCELARIO_2026", "MAP_NAME": "Cl_Jarillal_2026.dwg", "cc pp1": "1048 13" }, "geometry": { "type": "MultiPolygon", "coordinates": [ [ [ [ -68.829889355791735, -32.813741103895978, 0.0 ], [ -68.828791037197433, -32.813484484630017, 0.0 ], [ -68.829156607327064, -32.815284285554583, 0.0 ], [ -68.82962249303597, -32.817416642845913, 0.0 ], [ -68.829769886373271, -32.817515158583966, 0.0 ], [ -68.829913186368529, -32.817617890354072, 0.0 ], [ -68.830052222400354, -32.817724717110501, 0.0 ], [ -68.830186832394375, -32.817835514212568, 0.0 ], [ -68.830377276902752, -32.817984622585008, 0.0 ], [ -68.830527268192313, -32.818126344176804, 0.0 ], [ -68.830694527339361, -32.818304689008279, 0.0 ], [ -68.830873281038293, -32.818517209204252, 0.0 ], [ -68.831069290427763, -32.818773671602351, 0.0 ], [ -68.831184538938899, -32.818951944673252, 0.0 ], [ -68.831269887270011, -32.81909182076086, 0.0 ], [ -68.829889355791735, -32.813741103895978, 0.0 ] ] ] ] } },
{ "type": "Feature", "properties": { "LAYER": "BARRIOS_EMPADRONADOS", "MAP_NAME": "Cl_Jarillal_2026.dwg", "cc pp1": "1046 153" }, "geometry": { "type": "MultiPolygon", "coordinates": [ [ [ [ -68.842266511903205, -32.860309979093344, 0.0 ], [ -68.837965453173496, -32.860378876405498, 0.0 ], [ -68.838098685470499, -32.86223582275737, 0.0 ], [ -68.842815160536745, -32.862225028648581, 0.0 ], [ -68.842681370880243, -32.861378125573474, 0.0 ], [ -68.842266511903205, -32.860309979093344, 0.0 ] ] ] ] } },
{ "type": "Feature", "properties": { "LAYER": "PARCELARIO_2026", "MAP_NAME": "Cl_Jarillal_2026.dwg", "cc pp1": "1046 153" }, "geometry": { "type": "MultiPolygon", "coordinates": [ [ [ [ -68.842226242080201, -32.862147115994631, 0.0 ], [ -68.842429130148233, -32.862147101176333, 0.0 ], [ -68.842768665840509, -32.862147077493525, 0.0 ], [ -68.842722218833003, -32.861828450075478, 0.0 ], [ -68.842693792272726, -32.861651050815595, 0.0 ], [ -68.842692629463144, -32.86164401612789, 0.0 ], [ -68.842663250752992, -32.861460754637321, 0.0 ], [ -68.842648553698055, -32.86137381269517, 0.0 ], [ -68.842615636872537, -32.861258805097371, 0.0 ], [ -68.842611177539666, -32.861243019813777, 0.0 ], [ -68.842558684027239, -32.861081910921385, 0.0 ], [ -68.842557515182264, -32.861078302667806, 0.0 ], [ -68.842512035864743, -32.860938302257743, 0.0 ], [ -68.842502523323432, -32.86094054452267, 0.0 ], [ -68.842499227608144, -32.860931343077731, 0.0 ], [ -68.842480941089065, -32.860880644757778, 0.0 ], [ -68.842450216281605, -32.860795035148321, 0.0 ], [ -68.842418960215454, -32.860707801808815, 0.0 ], [ -68.842363281796523, -32.860716838796556, 0.0 ], [ -68.842362969418232, -32.860712239754768, 0.0 ], [ -68.842351545555928, -32.86052665637721, 0.0 ], [ -68.842330795407662, -32.860479651880667, 0.0 ], [ -68.842325475085303, -32.860467472283133, 0.0 ], [ -68.842280464083188, -32.860365073080601, 0.0 ], [ -68.842026503179639, -32.860369982516339, 0.0 ], [ -68.841999631931529, -32.860401057089156, 0.0 ], [ -68.842013720482512, -32.860529476355865, 0.0 ], [ -68.842032644958692, -32.860702265154053, 0.0 ], [ -68.842033238175262, -32.860707539019629, 0.0 ], [ -68.842056005391029, -32.860904003976628, 0.0 ], [ -68.842061793095198, -32.860953875054655, 0.0 ], [ -68.842061986798697, -32.860955499253116, 0.0 ], [ -68.842071372957932, -32.861034228232789, 0.0 ], [ -68.842081162519008, -32.861116835913037, 0.0 ], [ -68.842095583473437, -32.861238673197576, 0.0 ], [ -68.842096004115618, -32.861242460850178, 0.0 ], [ -68.842100529935493, -32.861280968966099, 0.0 ], [ -68.842101266299693, -32.861287462104038, 0.0 ], [ -68.842106950889345, -32.861335259146905, 0.0 ], [ -68.842145978973662, -32.861679665947726, 0.0 ], [ -68.842158076003344, -32.861786622305409, 0.0 ], [ -68.842159548109464, -32.861799969257035, 0.0 ], [ -68.842199853283631, -32.862146812205225, 0.0 ], [ -68.842226242080201, -32.862147115994631, 0.0 ] ] ] ] } },
{ "type": "Feature", "properties": { "LAYER": "PARCELARIO_2026", "MAP_NAME": "Cl_Jarillal_2026.dwg", "cc pp1": "1037 3816" }, "geometry": { "type": "MultiPolygon", "coordinates": [ [ [ [ -68.833568924458191, -32.816969772024549, 0.0 ], [ -68.83500292879495, -32.817290636281037, 0.0 ], [ -68.8351289772055, -32.817976545655284, 0.0 ], [ -68.835156546236078, -32.818125762199408, 0.0 ], [ -68.83537955477928, -32.819332759668477, 0.0 ], [ -68.835516046116709, -32.819365737560226, 0.0 ], [ -68.835548789877592, -32.819373648823102, 0.0 ], [ -68.835925049514344, -32.819463083632883, 0.0 ], [ -68.836220220274214, -32.819533242886457, 0.0 ], [ -68.837018776679173, -32.819723048112991, 0.0 ], [ -68.837131762335687, -32.819749902647068, 0.0 ], [ -68.838369583685051, -32.820042879964269, 0.0 ], [ -68.839132198602258, -32.820225016746996, 0.0 ], [ -68.839416892676994, -32.82029300985409, 0.0 ], [ -68.839748919059957, -32.820371918493734, 0.0 ], [ -68.839820251705092, -32.820388870697435, 0.0 ], [ -68.840443556883471, -32.820537001056167, 0.0 ], [ -68.840385130851189, -32.820171743779362, 0.0 ], [ -68.840327827712997, -32.819949719575988, 0.0 ], [ -68.840031942311384, -32.819330685284164, 0.0 ], [ -68.839624788450422, -32.818456712087709, 0.0 ], [ -68.839349011639854, -32.817484908242818, 0.0 ], [ -68.839214222751224, -32.816679454046572, 0.0 ], [ -68.839199806363297, -32.816278925631366, 0.0 ], [ -68.839078491358165, -32.816105555498105, 0.0 ], [ -68.833128328644705, -32.81489529887817, 0.0 ], [ -68.833568924458191, -32.816969772024549, 0.0 ] ] ] ] } },
{ "type": "Feature", "properties": { "LAYER": "PARCELARIO_2026", "MAP_NAME": "Cl_Jarillal_2026.dwg", "cc pp1": "1037 81" }, "geometry": { "type": "MultiPolygon", "coordinates": [ [ [ [ -68.830097834262986, -32.804304300944835, 0.0 ], [ -68.829759815274556, -32.805318560438877, 0.0 ], [ -68.831571898477591, -32.805403259731733, 0.0 ], [ -68.83153113436498, -32.80437129442393, 0.0 ], [ -68.830097834262986, -32.804304300944835, 0.0 ] ] ] ] } },
{ "type": "Feature", "properties": { "LAYER": "PARCELARIO_2026", "MAP_NAME": "Cl_Jarillal_2026.dwg", "cc pp1": "1037 3186" }, "geometry": { "type": "MultiPolygon", "coordinates": [ [ [ [ -68.830601053105354, -32.798571214329044, 0.0 ], [ -68.830587877701419, -32.798481567082263, 0.0 ], [ -68.830539711714081, -32.798152199432941, 0.0 ], [ -68.826182501495538, -32.798432159203422, 0.0 ], [ -68.826761093392221, -32.800504952860678, 0.0 ], [ -68.827480984624131, -32.80035418983794, 0.0 ], [ -68.827688245389695, -32.80032138895541, 0.0 ], [ -68.830836876549085, -32.799662644412983, 0.0 ], [ -68.830757403598398, -32.799241296520734, 0.0 ], [ -68.831114720043161, -32.799196964180489, 0.0 ], [ -68.831203142722373, -32.798543984279199, 0.0 ], [ -68.831183798917664, -32.798544871400196, 0.0 ], [ -68.830989811521633, -32.798553615313494, 0.0 ], [ -68.830601053105354, -32.798571214329044, 0.0 ] ] ] ] } },
{ "type": "Feature", "properties": { "LAYER": "PARCELARIO_2026", "MAP_NAME": "Cl_Jarillal_2026.dwg", "cc pp1": "1053 1392" }, "geometry": { "type": "MultiPolygon", "coordinates": [ [ [ [ -68.847682888161344, -32.87576251236662, 0.0 ], [ -68.847608831512957, -32.875688348933181, 0.0 ], [ -68.847540344953586, -32.875586960193836, 0.0 ], [ -68.847514730350397, -32.875549038900999, 0.0 ], [ -68.847475001817116, -32.875535736468265, 0.0 ], [ -68.846647477206801, -32.875688718622733, 0.0 ], [ -68.8466239203442, -32.875718813521324, 0.0 ], [ -68.846779491502232, -32.876308326772687, 0.0 ], [ -68.846853282322215, -32.876587945743879, 0.0 ], [ -68.846853421108548, -32.876588019852662, 0.0 ], [ -68.846889457705728, -32.876607155525924, 0.0 ], [ -68.846890198615824, -32.876607548669512, 0.0 ], [ -68.847202516032624, -32.876549811919375, 0.0 ], [ -68.8478917338511, -32.876422396857123, 0.0 ], [ -68.847771286249184, -32.875958478657147, 0.0 ], [ -68.847735484591198, -32.875965096793692, 0.0 ], [ -68.847682888161344, -32.87576251236662, 0.0 ] ] ] ] } },
{ "type": "Feature", "properties": { "LAYER": "PARCELARIO_2026", "MAP_NAME": "Cl_Jarillal_2026.dwg", "cc pp1": "1049 3" }, "geometry": { "type": "MultiPolygon", "coordinates": [ [ [ [ -68.849850474832763, -32.834757589979198, 0.0 ], [ -68.849869816805906, -32.834810050619019, 0.0 ], [ -68.849898780898528, -32.834888609865629, 0.0 ], [ -68.850003810088268, -32.835210219622262, 0.0 ], [ -68.850321256218194, -32.836186157750532, 0.0 ], [ -68.850885035617864, -32.836173074106277, 0.0 ], [ -68.852069225218841, -32.836149385536629, 0.0 ], [ -68.853353064826862, -32.836127356739944, 0.0 ], [ -68.853313684350312, -32.835733418541395, 0.0 ], [ -68.852939572998864, -32.835360224162585, 0.0 ], [ -68.852904263964405, -32.835325001059459, 0.0 ], [ -68.85257908375641, -32.835218390152853, 0.0 ], [ -68.852028745092809, -32.835037958077152, 0.0 ], [ -68.85056289641939, -32.834684832331192, 0.0 ], [ -68.850383706048419, -32.834675718007524, 0.0 ], [ -68.850266980312881, -32.834693642624067, 0.0 ], [ -68.850427763471359, -32.835144237927423, 0.0 ], [ -68.850312102070092, -32.835171079711692, 0.0 ], [ -68.850161897159737, -32.834709774966385, 0.0 ], [ -68.849850474832763, -32.834757589979198, 0.0 ] ] ] ] } },
{ "type": "Feature", "properties": { "LAYER": "PARCELARIO_2026", "MAP_NAME": "Cl_Jarillal_2026.dwg", "cc pp1": "1053 1423" }, "geometry": { "type": "MultiPolygon", "coordinates": [ [ [ [ -68.837946847403956, -32.879510309621836, 0.0 ], [ -68.839055029112686, -32.879442607696021, 0.0 ], [ -68.83881301989851, -32.878543312614767, 0.0 ], [ -68.838808003082789, -32.878540240393114, 0.0 ], [ -68.838776195066728, -32.878520362149523, 0.0 ], [ -68.837735055128235, -32.87858518205605, 0.0 ], [ -68.837711283497441, -32.878612020766575, 0.0 ], [ -68.837946847403956, -32.879510309621836, 0.0 ] ] ] ] } },
{ "type": "Feature", "properties": { "LAYER": "BARRIOS_EMPADRONADOS", "MAP_NAME": "Cl_Jarillal_2026.dwg", "cc pp1": "1037 3500" }, "geometry": { "type": "MultiPolygon", "coordinates": [ [ [ [ -68.839670523127779, -32.823752524669509, 0.0 ], [ -68.837880511738874, -32.824073993636958, 0.0 ], [ -68.838072196141027, -32.824609491377451, 0.0 ], [ -68.838882630183051, -32.824455721382023, 0.0 ], [ -68.838817247794111, -32.824184363721706, 0.0 ], [ -68.838914468718173, -32.824163776852849, 0.0 ], [ -68.838976001106303, -32.824440778240771, 0.0 ], [ -68.839789181595606, -32.824295358100116, 0.0 ], [ -68.839742503741078, -32.824134175072871, 0.0 ], [ -68.839708915455148, -32.82408611786969, 0.0 ], [ -68.839675499852731, -32.824015711020557, 0.0 ], [ -68.83966451954538, -32.823970262060762, 0.0 ], [ -68.83965783068578, -32.823911748793989, 0.0 ], [ -68.839664781947377, -32.823824202387037, 0.0 ], [ -68.839670523127779, -32.823752524669509, 0.0 ] ] ] ] } },
{ "type": "Feature", "properties": { "LAYER": "PARCELARIO_2026", "MAP_NAME": "Cl_Jarillal_2026.dwg", "cc pp1": "1037 3500" }, "geometry": { "type": "MultiPolygon", "coordinates": [ [ [ [ -68.839336538735878, -32.824102487140202, 0.0 ], [ -68.839358805029832, -32.824191605571585, 0.0 ], [ -68.839367301589974, -32.824227186772816, 0.0 ], [ -68.839383979925245, -32.824297030482363, 0.0 ], [ -68.839394735478152, -32.824342545913439, 0.0 ], [ -68.839491830611721, -32.824324703150069, 0.0 ], [ -68.839484671489146, -32.824297192994223, 0.0 ], [ -68.8394774872189, -32.82426941680383, 0.0 ], [ -68.83946732601008, -32.824230096826874, 0.0 ], [ -68.839455879260527, -32.824185888882859, 0.0 ], [ -68.839445956987191, -32.824147330245701, 0.0 ], [ -68.839432561384982, -32.824093561769409, 0.0 ], [ -68.839387682868463, -32.824093865780966, 0.0 ], [ -68.839336538735878, -32.824102487140202, 0.0 ] ] ] ] } },
{ "type": "Feature", "properties": { "LAYER": "PARCELARIO_2026", "MAP_NAME": "Cl_Jarillal_2026.dwg", "cc pp1": "1037 151" }, "geometry": { "type": "MultiPolygon", "coordinates": [ [ [ [ -68.836589165532175, -32.837850232474281, 0.0 ], [ -68.837332730182283, -32.837701158377172, 0.0 ], [ -68.836504190866776, -32.834561534512417, 0.0 ], [ -68.835892715347072, -32.834682644042729, 0.0 ], [ -68.835752421485935, -32.834713568649384, 0.0 ], [ -68.836589165532175, -32.837850232474281, 0.0 ] ] ] ] } },
{ "type": "Feature", "properties": { "LAYER": "PARCELARIO_2026", "MAP_NAME": "Cl_Jarillal_2026.dwg", "cc pp1": "1041 254" }, "geometry": { "type": "MultiPolygon", "coordinates": [ [ [ [ -68.835852599269842, -32.838025731101673, 0.0 ], [ -68.836180400062219, -32.837967910838984, 0.0 ], [ -68.836223885874062, -32.837960303309053, 0.0 ], [ -68.835911653846594, -32.836522405812744, 0.0 ], [ -68.835402717959795, -32.834723839486394, 0.0 ], [ -68.83503101001665, -32.834793051482613, 0.0 ], [ -68.835522455654882, -32.836747229563677, 0.0 ], [ -68.835852599269842, -32.838025731101673, 0.0 ] ] ] ] } },
{ "type": "Feature", "properties": { "LAYER": "PARCELARIO_2026", "MAP_NAME": "Cl_Jarillal_2026.dwg", "cc pp1": "1054 890" }, "geometry": { "type": "MultiPolygon", "coordinates": [ [ [ [ -68.849026384971097, -32.913786047394368, 0.0 ], [ -68.849188796138662, -32.913797321571259, 0.0 ], [ -68.849958404600628, -32.91385089361323, 0.0 ], [ -68.849973686451065, -32.913851993979847, 0.0 ], [ -68.850250570433616, -32.913871345272781, 0.0 ], [ -68.850131930999282, -32.913238279269997, 0.0 ], [ -68.850067860782474, -32.912762854905125, 0.0 ], [ -68.85008254834716, -32.912418148937569, 0.0 ], [ -68.849817178438158, -32.91280294062306, 0.0 ], [ -68.849377084827765, -32.913368086199668, 0.0 ], [ -68.849026384971097, -32.913786047394368, 0.0 ] ] ] ] } },
{ "type": "Feature", "properties": { "LAYER": "PARCELARIO_2026", "MAP_NAME": "Cl_Jarillal_2026.dwg", "cc pp1": "1054 273" }, "geometry": { "type": "MultiPolygon", "coordinates": [ [ [ [ -68.840083229440779, -32.92824721412638, 0.0 ], [ -68.840568664182754, -32.928252612336472, 0.0 ], [ -68.840622221921876, -32.928253220754563, 0.0 ], [ -68.840622133267203, -32.928243034295306, 0.0 ], [ -68.840750792735122, -32.92821209914684, 0.0 ], [ -68.840875173601589, -32.92818214937116, 0.0 ], [ -68.840931107601463, -32.928168698889529, 0.0 ], [ -68.84095998372446, -32.928161794458966, 0.0 ], [ -68.840847422857053, -32.927799361857993, 0.0 ], [ -68.840808967687678, -32.927783177212397, 0.0 ], [ -68.840029430810304, -32.927905769677409, 0.0 ], [ -68.84001119083392, -32.92794243503122, 0.0 ], [ -68.840083229440779, -32.92824721412638, 0.0 ] ] ] ] } },
{ "type": "Feature", "properties": { "LAYER": "PARCELARIO_2026", "MAP_NAME": "Cl_Jarillal_2026.dwg", "cc pp1": "1047 14" }, "geometry": { "type": "MultiPolygon", "coordinates": [ [ [ [ -68.838106157505692, -32.830469388829869, 0.0 ], [ -68.838667759167876, -32.831924105036038, 0.0 ], [ -68.839062364292417, -32.831942225921793, 0.0 ], [ -68.838487600918654, -32.83043877293926, 0.0 ], [ -68.838106157505692, -32.830469388829869, 0.0 ] ] ] ] } },
{ "type": "Feature", "properties": { "LAYER": "PARCELARIO_2026", "MAP_NAME": "Cl_Jarillal_2026.dwg", "cc pp1": "1045 80" }, "geometry": { "type": "MultiPolygon", "coordinates": [ [ [ [ -68.862760103797712, -32.931340820124916, 0.0 ], [ -68.862961727922254, -32.931362835117987, 0.0 ], [ -68.862992572379241, -32.93127650005141, 0.0 ], [ -68.863201382431853, -32.931326462174304, 0.0 ], [ -68.86323308702768, -32.931240348902016, 0.0 ], [ -68.863024448172155, -32.931190427595197, 0.0 ], [ -68.86302701715249, -32.93117540020846, 0.0 ], [ -68.862794064584918, -32.93114616178903, 0.0 ], [ -68.862760103797712, -32.931340820124916, 0.0 ] ] ] ] } },
{ "type": "Feature", "properties": { "LAYER": "PARCELARIO_2026", "MAP_NAME": "Cl_Jarillal_2026.dwg", "cc pp1": "1045 310" }, "geometry": { "type": "MultiPolygon", "coordinates": [ [ [ [ -68.862922195273455, -32.930865862739211, 0.0 ], [ -68.863122214804008, -32.930898809557277, 0.0 ], [ -68.863094895703398, -32.93100327331225, 0.0 ], [ -68.863084677241034, -32.931024733965167, 0.0 ], [ -68.863299158447305, -32.931061833277091, 0.0 ], [ -68.863382835353349, -32.930838813408982, 0.0 ], [ -68.863255653300939, -32.930816226845643, 0.0 ], [ -68.863153266211626, -32.930797994495961, 0.0 ], [ -68.863105814435599, -32.930789558652727, 0.0 ], [ -68.863075140514212, -32.930784116737982, 0.0 ], [ -68.8630507731732, -32.930779852114902, 0.0 ], [ -68.86302031417118, -32.930774410422202, 0.0 ], [ -68.862946890749939, -32.930761348353499, 0.0 ], [ -68.862908095166617, -32.930754453891893, 0.0 ], [ -68.862863771057931, -32.930746609286814, 0.0 ], [ -68.86284044280859, -32.930742480114112, 0.0 ], [ -68.862803436607692, -32.930735913092448, 0.0 ], [ -68.862825926345252, -32.930741584136399, 0.0 ], [ -68.862847098647848, -32.930750131010427, 0.0 ], [ -68.862866440610318, -32.930761347568044, 0.0 ], [ -68.862883482199749, -32.930774960083518, 0.0 ], [ -68.862897811206352, -32.930790638990224, 0.0 ], [ -68.862909079650322, -32.930808004297589, 0.0 ], [ -68.862917013391069, -32.930826634618356, 0.0 ], [ -68.86292142173356, -32.930846077999355, 0.0 ], [ -68.862922195273455, -32.930865862739211, 0.0 ] ] ] ] } },
{ "type": "Feature", "properties": { "LAYER": "PARCELARIO_2026", "MAP_NAME": "Cl_Jarillal_2026.dwg", "cc pp1": "1037 3449" }, "geometry": { "type": "MultiPolygon", "coordinates": [ [ [ [ -68.846890701364345, -32.835495636919454, 0.0 ], [ -68.847282883406891, -32.835659784417018, 0.0 ], [ -68.847871413638401, -32.835725793179094, 0.0 ], [ -68.84780232085923, -32.835681914542242, 0.0 ], [ -68.84760907012965, -32.835518295971418, 0.0 ], [ -68.847351834553308, -32.835245109319402, 0.0 ], [ -68.846926338286693, -32.835333449446757, 0.0 ], [ -68.846873017209234, -32.835382414133008, 0.0 ], [ -68.846890701364345, -32.835495636919454, 0.0 ] ] ] ] } },
{ "type": "Feature", "properties": { "LAYER": "PARCELARIO_2026", "MAP_NAME": "Cl_Jarillal_2026.dwg", "cc pp1": "1037 3450" }, "geometry": { "type": "MultiPolygon", "coordinates": [ [ [ [ -68.846932013344997, -32.835949464071142, 0.0 ], [ -68.848057137824114, -32.836104289793475, 0.0 ], [ -68.84806553036681, -32.835881930992265, 0.0 ], [ -68.847871413638401, -32.835725793179094, 0.0 ], [ -68.847282883406891, -32.835659784417018, 0.0 ], [ -68.846890701364345, -32.835495636919454, 0.0 ], [ -68.846920887805297, -32.835688913440407, 0.0 ], [ -68.846932013344997, -32.835949464071142, 0.0 ] ] ] ] } },
{ "type": "Feature", "properties": { "LAYER": "PARCELARIO_2026", "MAP_NAME": "Cl_Jarillal_2026.dwg", "cc pp1": "1915 539" }, "geometry": { "type": "MultiPolygon", "coordinates": [ [ [ [ -68.830460559637118, -32.797611159738651, 0.0 ], [ -68.830447174581693, -32.797519618600361, 0.0 ], [ -68.830432103102822, -32.797416623527234, 0.0 ], [ -68.830417769403638, -32.797318678995651, 0.0 ], [ -68.830401117454414, -32.797204680978702, 0.0 ], [ -68.830377720482517, -32.797044506542818, 0.0 ], [ -68.830323758843605, -32.796675816561894, 0.0 ], [ -68.830758212729407, -32.796652960086426, 0.0 ], [ -68.830764330873592, -32.796522942528227, 0.0 ], [ -68.830840139922856, -32.796518265909775, 0.0 ], [ -68.83094595226305, -32.796511736168526, 0.0 ], [ -68.8309796926915, -32.796509617616572, 0.0 ], [ -68.831154907544018, -32.796498853159875, 0.0 ], [ -68.831267553364839, -32.796491881506896, 0.0 ], [ -68.831268799936879, -32.796453650903615, 0.0 ], [ -68.83127096019453, -32.796383861863291, 0.0 ], [ -68.831272096597161, -32.796347434520492, 0.0 ], [ -68.830285079362454, -32.796411654830649, 0.0 ], [ -68.825737777393599, -32.796707661581642, 0.0 ], [ -68.826182501495538, -32.798432159203422, 0.0 ], [ -68.830539711714081, -32.798152199432941, 0.0 ], [ -68.830515575983597, -32.797987245012379, 0.0 ], [ -68.830465091704312, -32.797642094341576, 0.0 ], [ -68.830460559637118, -32.797611159738651, 0.0 ] ] ] ] } },
{ "type": "Feature", "properties": { "LAYER": "PARCELARIO_2026", "MAP_NAME": "Cl_Jarillal_2026.dwg", "cc pp1": "1050 720" }, "geometry": { "type": "MultiPolygon", "coordinates": [ [ [ [ -68.85398070433412, -32.933672781855208, 0.0 ], [ -68.855683775527964, -32.933869873143649, 0.0 ], [ -68.85589047886441, -32.932547660948458, 0.0 ], [ -68.855963528994309, -32.932485193428718, 0.0 ], [ -68.856013837234698, -32.932052565826162, 0.0 ], [ -68.855506663498389, -32.932003073043887, 0.0 ], [ -68.855466080410352, -32.932014457687067, 0.0 ], [ -68.855446605795379, -32.932029987437495, 0.0 ], [ -68.855191837802451, -32.932233149749223, 0.0 ], [ -68.854335539357209, -32.932915985743726, 0.0 ], [ -68.853959709856312, -32.933641358834166, 0.0 ], [ -68.85398070433412, -32.933672781855208, 0.0 ] ] ] ] } },
{ "type": "Feature", "properties": { "LAYER": "PARCELARIO_2026", "MAP_NAME": "Cl_Jarillal_2026.dwg", "cc pp1": "1054 214" }, "geometry": { "type": "MultiPolygon", "coordinates": [ [ [ [ -68.845466677605145, -32.9389545883596, 0.0 ], [ -68.846497693934523, -32.93878603674392, 0.0 ], [ -68.846547534977987, -32.938774109160576, 0.0 ], [ -68.846564333827146, -32.938766107500925, 0.0 ], [ -68.846599979413, -32.938740101597077, 0.0 ], [ -68.846614225752674, -32.938724073608192, 0.0 ], [ -68.846583526401957, -32.938609740191829, 0.0 ], [ -68.846574032379294, -32.938597739737745, 0.0 ], [ -68.846552667730066, -32.938587708413046, 0.0 ], [ -68.845406645727081, -32.938740343298292, 0.0 ], [ -68.845381832057555, -32.938746622586628, 0.0 ], [ -68.845374754804851, -32.93875860262699, 0.0 ], [ -68.845369922950624, -32.938770674712195, 0.0 ], [ -68.845429189628845, -32.93893299894885, 0.0 ], [ -68.845466677605145, -32.9389545883596, 0.0 ] ] ] ] } },
{ "type": "Feature", "properties": { "LAYER": "PARCELARIO_2026", "MAP_NAME": "Cl_Jarillal_2026.dwg", "cc pp1": "1037 1635" }, "geometry": { "type": "MultiPolygon", "coordinates": [ [ [ [ -68.846954853241428, -32.836483571226537, 0.0 ], [ -68.848017516105372, -32.836595234111563, 0.0 ], [ -68.848022916961256, -32.836421851104262, 0.0 ], [ -68.846946734091105, -32.836294068285163, 0.0 ], [ -68.846954853241428, -32.836483571226537, 0.0 ] ] ] ] } },
{ "type": "Feature", "properties": { "LAYER": "BARRIOS_EMPADRONADOS", "MAP_NAME": "Cl_Jarillal_2026.dwg", "cc pp1": "1048 21" }, "geometry": { "type": "MultiPolygon", "coordinates": [ [ [ [ -68.833675546780512, -32.819274211448239, 0.0 ], [ -68.833621113440387, -32.819128399772474, 0.0 ], [ -68.833451487573868, -32.819096208913251, 0.0 ], [ -68.833211914995104, -32.819521673441812, 0.0 ], [ -68.832783512126952, -32.820074656499962, 0.0 ], [ -68.832447054095468, -32.820294633925535, 0.0 ], [ -68.832138188583642, -32.82052881616044, 0.0 ], [ -68.832466177211657, -32.820735603954724, 0.0 ], [ -68.83405129272559, -32.821386215711414, 0.0 ], [ -68.833853592634767, -32.820501058612749, 0.0 ], [ -68.833675546780512, -32.819274211448239, 0.0 ] ] ] ] } },
{ "type": "Feature", "properties": { "LAYER": "PARCELARIO_2026", "MAP_NAME": "Cl_Jarillal_2026.dwg", "cc pp1": "1048 21" }, "geometry": { "type": "MultiPolygon", "coordinates": [ [ [ [ -68.833796461225859, -32.820557357116158, 0.0 ], [ -68.833516759615449, -32.819193793222126, 0.0 ], [ -68.833430276902419, -32.819185472704902, 0.0 ], [ -68.833207032295249, -32.819616459319498, 0.0 ], [ -68.833106798012963, -32.819766368865508, 0.0 ], [ -68.832951015798798, -32.819925581915726, 0.0 ], [ -68.832772647895865, -32.82011289768419, 0.0 ], [ -68.833796461225859, -32.820557357116158, 0.0 ] ] ] ] } },
{ "type": "Feature", "properties": { "LAYER": "PARCELARIO_2026", "MAP_NAME": "Cl_Jarillal_2026.dwg", "cc pp1": "1037 468" }, "geometry": { "type": "MultiPolygon", "coordinates": [ [ [ [ -68.85097564325288, -32.952351603181469, 0.0 ], [ -68.851029003647099, -32.952349142107195, 0.0 ], [ -68.851130594124911, -32.952342953224935, 0.0 ], [ -68.85170486532941, -32.95229685147951, 0.0 ], [ -68.851740154760591, -32.952295000730004, 0.0 ], [ -68.851763675164051, -32.952296650766229, 0.0 ], [ -68.8518318874914, -32.95230114902472, 0.0 ], [ -68.851919450032312, -32.952306841468101, 0.0 ], [ -68.851985951365037, -32.952311247446275, 0.0 ], [ -68.852003164910485, -32.952312349857486, 0.0 ], [ -68.852071379647526, -32.952314774117959, 0.0 ], [ -68.852173060608919, -32.952318410131042, 0.0 ], [ -68.852495317080709, -32.952329787937813, 0.0 ], [ -68.852496194222752, -32.952316807447829, 0.0 ], [ -68.852534425703027, -32.951766250845282, 0.0 ], [ -68.852449111315593, -32.951758848291078, 0.0 ], [ -68.85200885600787, -32.951720377549769, 0.0 ], [ -68.851862067912691, -32.951707583637699, 0.0 ], [ -68.851542195985971, -32.951677997550476, 0.0 ], [ -68.851231732093439, -32.951649232460213, 0.0 ], [ -68.850833496801613, -32.951612339565159, 0.0 ], [ -68.85061433264481, -32.95159260586739, 0.0 ], [ -68.850602568069604, -32.951594124660808, 0.0 ], [ -68.850735775933146, -32.951861291070578, 0.0 ], [ -68.850899878186098, -32.952196824616593, 0.0 ], [ -68.850912240028407, -32.952221809666923, 0.0 ], [ -68.850969356047031, -32.952338704325015, 0.0 ], [ -68.85097564325288, -32.952351603181469, 0.0 ] ] ] ] } },
{ "type": "Feature", "properties": { "LAYER": "PARCELARIO_2026", "MAP_NAME": "Cl_Jarillal_2026.dwg", "cc pp1": "1045 291" }, "geometry": { "type": "MultiPolygon", "coordinates": [ [ [ [ -68.861671678956384, -32.930590820504221, 0.0 ], [ -68.861670974992876, -32.930630936635325, 0.0 ], [ -68.861964450043473, -32.930684900610899, 0.0 ], [ -68.861988326066026, -32.930593064114618, 0.0 ], [ -68.86189395445416, -32.930576823293649, 0.0 ], [ -68.861775963969137, -32.930556408526087, 0.0 ], [ -68.861673043528185, -32.930538444879822, 0.0 ], [ -68.861671678956384, -32.930590820504221, 0.0 ] ] ] ] } },
{ "type": "Feature", "properties": { "LAYER": "PARCELARIO_2026", "MAP_NAME": "Cl_Jarillal_2026.dwg", "cc pp1": "1041 202" }, "geometry": { "type": "MultiPolygon", "coordinates": [ [ [ [ -68.841596975288226, -32.842745452600056, 0.0 ], [ -68.841556438919739, -32.842955677327375, 0.0 ], [ -68.841528947636846, -32.843098110845055, 0.0 ], [ -68.841520646666226, -32.843140931000484, 0.0 ], [ -68.841683991502677, -32.843128423796536, 0.0 ], [ -68.841864749760077, -32.843114585836311, 0.0 ], [ -68.842013779034488, -32.843103232319827, 0.0 ], [ -68.842158316718994, -32.843094848565194, 0.0 ], [ -68.842211730473664, -32.843091759976943, 0.0 ], [ -68.842573662114063, -32.843070755359534, 0.0 ], [ -68.842662539969652, -32.843067079995691, 0.0 ], [ -68.842687750527702, -32.843066029649975, 0.0 ], [ -68.842693946350821, -32.84306576692849, 0.0 ], [ -68.842905565344807, -32.843057015761318, 0.0 ], [ -68.842909631906579, -32.842992098589029, 0.0 ], [ -68.842912817091189, -32.842942419010939, 0.0 ], [ -68.842918417025672, -32.842855953172176, 0.0 ], [ -68.842914678940076, -32.842855677970761, 0.0 ], [ -68.842773805409493, -32.842845943067388, 0.0 ], [ -68.842737898363467, -32.842855455954023, 0.0 ], [ -68.842633319556185, -32.842858660780863, 0.0 ], [ -68.842634523967931, -32.842841980876592, 0.0 ], [ -68.842535502473183, -32.842843569552528, 0.0 ], [ -68.842485724604856, -32.842844408609807, 0.0 ], [ -68.842097741120782, -32.842859519069144, 0.0 ], [ -68.842094989926863, -32.842844817915633, 0.0 ], [ -68.842087202092827, -32.842778984112975, 0.0 ], [ -68.842092876104942, -32.842711454068521, 0.0 ], [ -68.842021407495025, -32.842716323213608, 0.0 ], [ -68.841596975288226, -32.842745452600056, 0.0 ] ] ] ] } },
{ "type": "Feature", "properties": { "LAYER": "PARCELARIO_2026", "MAP_NAME": "Cl_Jarillal_2026.dwg", "cc pp1": "1047 92" }, "geometry": { "type": "MultiPolygon", "coordinates": [ [ [ [ -68.837975047223821, -32.831680791896119, 0.0 ], [ -68.838031130510231, -32.831880812807775, 0.0 ], [ -68.838138929872301, -32.831890961119633, 0.0 ], [ -68.838057431050842, -32.831671778716618, 0.0 ], [ -68.837975047223821, -32.831680791896119, 0.0 ] ] ] ] } },
{ "type": "Feature", "properties": { "LAYER": "PARCELARIO_2026", "MAP_NAME": "Cl_Jarillal_2026.dwg", "cc pp1": "1041 157" }, "geometry": { "type": "MultiPolygon", "coordinates": [ [ [ [ -68.839707518046765, -32.823356884465738, 0.0 ], [ -68.839672395251924, -32.823636695032263, 0.0 ], [ -68.839605282692716, -32.823793230922078, 0.0 ], [ -68.839613618592992, -32.823885561356796, 0.0 ], [ -68.839618658617667, -32.823985750399707, 0.0 ], [ -68.839639715007436, -32.824052980245689, 0.0 ], [ -68.839654064508451, -32.824072806291255, 0.0 ], [ -68.839703442520971, -32.824152612353664, 0.0 ], [ -68.839722199262027, -32.824182644977235, 0.0 ], [ -68.839751718736167, -32.824229912060126, 0.0 ], [ -68.839763705968636, -32.824274741039126, 0.0 ], [ -68.839783073626151, -32.824373179270715, 0.0 ], [ -68.839788360825338, -32.824400049511134, 0.0 ], [ -68.839795239689835, -32.824435010045335, 0.0 ], [ -68.839870754894733, -32.824426714531882, 0.0 ], [ -68.839945956048439, -32.824418453737636, 0.0 ], [ -68.840023823297457, -32.824409899645659, 0.0 ], [ -68.840112676476963, -32.824400138633884, 0.0 ], [ -68.84017506510358, -32.824393285122817, 0.0 ], [ -68.840249411680773, -32.824385117733698, 0.0 ], [ -68.840322575800315, -32.82437708044047, 0.0 ], [ -68.840397671124578, -32.824368830961795, 0.0 ], [ -68.840476063818983, -32.82436021864762, 0.0 ], [ -68.840550410341862, -32.824352051079536, 0.0 ], [ -68.840622405850908, -32.824344141967401, 0.0 ], [ -68.840706787621301, -32.824334872579755, 0.0 ], [ -68.840778140076864, -32.824327033794106, 0.0 ], [ -68.840825283961394, -32.824321854864323, 0.0 ], [ -68.840878322962141, -32.8243160278735, 0.0 ], [ -68.840955250532545, -32.824306713676783, 0.0 ], [ -68.840942537004494, -32.824226246862843, 0.0 ], [ -68.840782359651286, -32.823159055897591, 0.0 ], [ -68.839903563433182, -32.823075752293427, 0.0 ], [ -68.839799312901306, -32.823055888807637, 0.0 ], [ -68.83976771165409, -32.823159531367295, 0.0 ], [ -68.839746240549772, -32.823229951986669, 0.0 ], [ -68.839707518046765, -32.823356884465738, 0.0 ] ] ] ] } },
{ "type": "Feature", "properties": { "LAYER": "PARCELARIO_2026", "MAP_NAME": "Cl_Jarillal_2026.dwg", "cc pp1": "1037 94" }, "geometry": { "type": "MultiPolygon", "coordinates": [ [ [ [ -68.840504366668753, -32.828539783229651, 0.0 ], [ -68.840637301164506, -32.828735629623544, 0.0 ], [ -68.840668533738096, -32.828721184468023, 0.0 ], [ -68.841371958745526, -32.828395842659418, 0.0 ], [ -68.841688450253926, -32.828249446501488, 0.0 ], [ -68.841702666300165, -32.828242791896649, 0.0 ], [ -68.84167688168462, -32.828208584842173, 0.0 ], [ -68.841615083550408, -32.828126812608787, 0.0 ], [ -68.841595212321863, -32.828130574606377, 0.0 ], [ -68.841549594184826, -32.828139083025242, 0.0 ], [ -68.841429772193933, -32.828176506956737, 0.0 ], [ -68.840535487123958, -32.828527690500081, 0.0 ], [ -68.840504366668753, -32.828539783229651, 0.0 ] ] ] ] } },
{ "type": "Feature", "properties": { "LAYER": "PARCELARIO_2026", "MAP_NAME": "Cl_Jarillal_2026.dwg", "cc pp1": "1037 3531" }, "geometry": { "type": "MultiPolygon", "coordinates": [ [ [ [ -68.83867140504654, -32.822595745512139, 0.0 ], [ -68.838772546869862, -32.820139121105676, 0.0 ], [ -68.838369583685051, -32.820042879964269, 0.0 ], [ -68.838359576594698, -32.822496493780804, 0.0 ], [ -68.838633083764222, -32.822584084492021, 0.0 ], [ -68.83867140504654, -32.822595745512139, 0.0 ] ] ] ] } },
{ "type": "Feature", "properties": { "LAYER": "PARCELARIO_2026", "MAP_NAME": "Cl_Jarillal_2026.dwg", "cc pp1": "1047 38" }, "geometry": { "type": "MultiPolygon", "coordinates": [ [ [ [ -68.837710997388129, -32.830501140852043, 0.0 ], [ -68.838081340750435, -32.831491253269782, 0.0 ], [ -68.838109190458809, -32.831565504600917, 0.0 ], [ -68.838137779980187, -32.831641729800971, 0.0 ], [ -68.838234608272543, -32.831900462484818, 0.0 ], [ -68.838667759167876, -32.831924105036038, 0.0 ], [ -68.838106157505692, -32.830469388829869, 0.0 ], [ -68.837710997388129, -32.830501140852043, 0.0 ] ] ] ] } },
{ "type": "Feature", "properties": { "LAYER": "PARCELARIO_2026", "MAP_NAME": "Cl_Jarillal_2026.dwg", "cc pp1": "1037 82" }, "geometry": { "type": "MultiPolygon", "coordinates": [ [ [ [ -68.831571898477591, -32.805403259731733, 0.0 ], [ -68.829759815274556, -32.805318560438877, 0.0 ], [ -68.829537520627042, -32.805989793543745, 0.0 ], [ -68.831599761894495, -32.806108629482225, 0.0 ], [ -68.831571898477591, -32.805403259731733, 0.0 ] ] ] ] } },
{ "type": "Feature", "properties": { "LAYER": "PARCELARIO_2026", "MAP_NAME": "Cl_Jarillal_2026.dwg", "cc pp1": "1037 3266" }, "geometry": { "type": "MultiPolygon", "coordinates": [ [ [ [ -68.856604354170827, -32.957620903637491, 0.0 ], [ -68.856604741658472, -32.957645875263054, 0.0 ], [ -68.856605891897701, -32.957728359745239, 0.0 ], [ -68.856606668914864, -32.957777039741323, 0.0 ], [ -68.856619608229664, -32.957777054592796, 0.0 ], [ -68.856711466250459, -32.957776889482318, 0.0 ], [ -68.856711902766548, -32.957705224300241, 0.0 ], [ -68.856712490753466, -32.957605973232397, 0.0 ], [ -68.856712790200007, -32.957552968200027, 0.0 ], [ -68.856712957962785, -32.957515287101778, 0.0 ], [ -68.856681947712957, -32.957514620352562, 0.0 ], [ -68.856655214402423, -32.957514048671428, 0.0 ], [ -68.856602711435144, -32.957512907299844, 0.0 ], [ -68.856603197964986, -32.957542115141528, 0.0 ], [ -68.856603391200267, -32.95755491564092, 0.0 ], [ -68.856603680178097, -32.957574658299819, 0.0 ], [ -68.856604354170827, -32.957620903637491, 0.0 ] ] ] ] } },
{ "type": "Feature", "properties": { "LAYER": "PARCELARIO_2026", "MAP_NAME": "Cl_Jarillal_2026.dwg", "cc pp1": "1046 69" }, "geometry": { "type": "MultiPolygon", "coordinates": [ [ [ [ -68.848882089610072, -32.864664252212414, 0.0 ], [ -68.848858880134927, -32.86492571489714, 0.0 ], [ -68.848704379707257, -32.864929132225207, 0.0 ], [ -68.848704675129696, -32.864943289197591, 0.0 ], [ -68.848704964731127, -32.864961503791434, 0.0 ], [ -68.848705141216229, -32.864982784012192, 0.0 ], [ -68.848705613274007, -32.865018762222391, 0.0 ], [ -68.848706326710982, -32.865100727180021, 0.0 ], [ -68.848706944332562, -32.865175568628665, 0.0 ], [ -68.848707313988768, -32.865208931797859, 0.0 ], [ -68.849507336924944, -32.865281685186517, 0.0 ], [ -68.849553491280815, -32.864724043096722, 0.0 ], [ -68.848882089610072, -32.864664252212414, 0.0 ] ] ] ] } },
{ "type": "Feature", "properties": { "LAYER": "PARCELARIO_2026", "MAP_NAME": "Cl_Jarillal_2026.dwg", "cc pp1": "1041 2021" }, "geometry": { "type": "MultiPolygon", "coordinates": [ [ [ [ -68.843095746802305, -32.842730407641717, 0.0 ], [ -68.843182741580421, -32.842745307237522, 0.0 ], [ -68.843360002966662, -32.842775736121524, 0.0 ], [ -68.843360669202269, -32.842761309782063, 0.0 ], [ -68.843364116853365, -32.842683677870035, 0.0 ], [ -68.843358136907597, -32.842682678517264, 0.0 ], [ -68.843184399677497, -32.842652795065398, 0.0 ], [ -68.843100492083778, -32.842638439458412, 0.0 ], [ -68.84310013500604, -32.842645295524981, 0.0 ], [ -68.843095746802305, -32.842730407641717, 0.0 ] ] ] ] } },
{ "type": "Feature", "properties": { "LAYER": "PARCELARIO_2026", "MAP_NAME": "Cl_Jarillal_2026.dwg", "cc pp1": "1050 40" }, "geometry": { "type": "MultiPolygon", "coordinates": [ [ [ [ -68.851969015920062, -32.954369634235455, 0.0 ], [ -68.853976389000522, -32.952781814574358, 0.0 ], [ -68.855064868067501, -32.951907942155373, 0.0 ], [ -68.854607715119158, -32.951142518855661, 0.0 ], [ -68.854406393969739, -32.950736716456525, 0.0 ], [ -68.854204698941018, -32.95023274343793, 0.0 ], [ -68.854171871708616, -32.950232975631721, 0.0 ], [ -68.854147492659237, -32.950232857006206, 0.0 ], [ -68.854083653697998, -32.95056100499086, 0.0 ], [ -68.8540422755772, -32.95075414042671, 0.0 ], [ -68.85394478658894, -32.951126961646715, 0.0 ], [ -68.853925994008918, -32.951175708998036, 0.0 ], [ -68.853804487547293, -32.951392279137572, 0.0 ], [ -68.853653347188782, -32.951617558060157, 0.0 ], [ -68.85333962461516, -32.951937569795845, 0.0 ], [ -68.853274421559249, -32.951987705245593, 0.0 ], [ -68.853162321646082, -32.952075556139739, 0.0 ], [ -68.852651619428983, -32.952466910924485, 0.0 ], [ -68.852332994986, -32.952707947638189, 0.0 ], [ -68.851486389277511, -32.953371862880175, 0.0 ], [ -68.851969015920062, -32.954369634235455, 0.0 ] ] ] ] } },
{ "type": "Feature", "properties": { "LAYER": "PARCELARIO_2026", "MAP_NAME": "Cl_Jarillal_2026.dwg", "cc pp1": "1052 2" }, "geometry": { "type": "MultiPolygon", "coordinates": [ [ [ [ -68.84737050475421, -32.878890356730125, 0.0 ], [ -68.847571624250492, -32.879625653222547, 0.0 ], [ -68.847665004188258, -32.879941762618742, 0.0 ], [ -68.847804946939632, -32.88038256601358, 0.0 ], [ -68.848402204802667, -32.882976012537263, 0.0 ], [ -68.848440121972203, -32.88310436393958, 0.0 ], [ -68.848523827179434, -32.883368009349411, 0.0 ], [ -68.848748179322541, -32.88425882665296, 0.0 ], [ -68.849524012209841, -32.884119717038253, 0.0 ], [ -68.849512010163522, -32.88407669096447, 0.0 ], [ -68.849504468737564, -32.884049450777034, 0.0 ], [ -68.849490024197706, -32.883997315569111, 0.0 ], [ -68.84946941867868, -32.88392317164697, 0.0 ], [ -68.849445095476113, -32.883835677294485, 0.0 ], [ -68.84942034867241, -32.88374656028126, 0.0 ], [ -68.849359027226114, -32.883546940975769, 0.0 ], [ -68.849330018203801, -32.883449973180085, 0.0 ], [ -68.849294103179531, -32.883329913724737, 0.0 ], [ -68.849269769928313, -32.883248551729672, 0.0 ], [ -68.849322578088533, -32.883238517305529, 0.0 ], [ -68.849351547675781, -32.883233051878157, 0.0 ], [ -68.849393131386108, -32.883225167965968, 0.0 ], [ -68.849600195830419, -32.883185836437839, 0.0 ], [ -68.849648620952451, -32.88317669829766, 0.0 ], [ -68.849749533536112, -32.883157525148611, 0.0 ], [ -68.849790904972608, -32.883149370341158, 0.0 ], [ -68.849740660455964, -32.882971405129361, 0.0 ], [ -68.850154240634893, -32.882896490957393, 0.0 ], [ -68.851409537376313, -32.88266910563928, 0.0 ], [ -68.851417136745141, -32.882661901125694, 0.0 ], [ -68.851181906770933, -32.881322157684195, 0.0 ], [ -68.851065410108916, -32.880658636297206, 0.0 ], [ -68.850326082817872, -32.878961492275401, 0.0 ], [ -68.850067794755688, -32.878368569373322, 0.0 ], [ -68.8496370829901, -32.878448917098481, 0.0 ], [ -68.84737050475421, -32.878890356730125, 0.0 ] ] ] ] } },
{ "type": "Feature", "properties": { "LAYER": "PARCELARIO_2026", "MAP_NAME": "Cl_Jarillal_2026.dwg", "cc pp1": "1054 2251" }, "geometry": { "type": "MultiPolygon", "coordinates": [ [ [ [ -68.84977649162316, -32.936257649601856, 0.0 ], [ -68.849974770911871, -32.936263502588957, 0.0 ], [ -68.849992473575895, -32.93615606192747, 0.0 ], [ -68.850305301663809, -32.936187997823843, 0.0 ], [ -68.850340433321506, -32.936008748859081, 0.0 ], [ -68.850313161051062, -32.935980965035895, 0.0 ], [ -68.849775897899065, -32.935970013184139, 0.0 ], [ -68.84977649162316, -32.936257649601856, 0.0 ] ] ] ] } },
{ "type": "Feature", "properties": { "LAYER": "AREA_BARRIOS_JARILLAL", "MAP_NAME": "Cl_Jarillal_2026.dwg", "cc pp1": "1051 1083" }, "geometry": { "type": "MultiPolygon", "coordinates": [ [ [ [ -68.862299000802764, -32.9488364978193, 0.0 ], [ -68.861833312556499, -32.948606882906304, 0.0 ], [ -68.860928044134369, -32.948617313682675, 0.0 ], [ -68.859315017091831, -32.949489074285658, 0.0 ], [ -68.858864525530436, -32.949689870283152, 0.0 ], [ -68.858175933177563, -32.949755703554807, 0.0 ], [ -68.858309209776721, -32.951111905247359, 0.0 ], [ -68.859317049948046, -32.951021305566634, 0.0 ], [ -68.859762646638657, -32.951169306736709, 0.0 ], [ -68.862443125976085, -32.950901007661379, 0.0 ], [ -68.862682448610997, -32.949856416979138, 0.0 ], [ -68.862299000802764, -32.9488364978193, 0.0 ] ] ] ] } },
{ "type": "Feature", "properties": { "LAYER": "PARCELARIO_2026", "MAP_NAME": "Cl_Jarillal_2026.dwg", "cc pp1": "1051 1084" }, "geometry": { "type": "MultiPolygon", "coordinates": [ [ [ [ -68.861159778388725, -32.950047211567501, 0.0 ], [ -68.861435210573759, -32.949994777890105, 0.0 ], [ -68.86132912575745, -32.949589057846538, 0.0 ], [ -68.861215000200161, -32.949608044107073, 0.0 ], [ -68.861237321777836, -32.949693534942796, 0.0 ], [ -68.861147258467582, -32.949710563257959, 0.0 ], [ -68.860978686263437, -32.949741749869112, 0.0 ], [ -68.860889511134062, -32.949874446904658, 0.0 ], [ -68.860926501038122, -32.950015939629992, 0.0 ], [ -68.861140428898111, -32.949975337638328, 0.0 ], [ -68.861159778388725, -32.950047211567501, 0.0 ] ] ] ] } },
{ "type": "Feature", "properties": { "LAYER": "PARCELARIO_2026", "MAP_NAME": "Cl_Jarillal_2026.dwg", "cc pp1": "1054 2274" }, "geometry": { "type": "MultiPolygon", "coordinates": [ [ [ [ -68.849588996159412, -32.95211430385924, 0.0 ], [ -68.849486499387794, -32.95215050831397, 0.0 ], [ -68.849445950292534, -32.952164972941041, 0.0 ], [ -68.849297018636577, -32.952217707727243, 0.0 ], [ -68.849258495514135, -32.952235690397622, 0.0 ], [ -68.849257432313138, -32.952231993117671, 0.0 ], [ -68.849243415919048, -32.952236934558158, 0.0 ], [ -68.849231738109637, -32.952313903424503, 0.0 ], [ -68.849349765901906, -32.952434811760384, 0.0 ], [ -68.849662505959984, -32.952328185800255, 0.0 ], [ -68.84975463686726, -32.95229677470553, 0.0 ], [ -68.849652856537418, -32.952091638484241, 0.0 ], [ -68.849588996159412, -32.95211430385924, 0.0 ] ] ] ] } },
{ "type": "Feature", "properties": { "LAYER": "PARCELARIO_2026", "MAP_NAME": "Cl_Jarillal_2026.dwg", "cc pp1": "1044 4" }, "geometry": { "type": "MultiPolygon", "coordinates": [ [ [ [ -68.845423182021733, -32.839481897819105, 0.0 ], [ -68.845612088335926, -32.839507649066988, 0.0 ], [ -68.845609509864431, -32.839701420964822, 0.0 ], [ -68.845603168880018, -32.840150348227766, 0.0 ], [ -68.845757472945991, -32.84017950375852, 0.0 ], [ -68.845772727819153, -32.839943638160491, 0.0 ], [ -68.845820862581988, -32.839948213174694, 0.0 ], [ -68.845842655749678, -32.838603348924508, 0.0 ], [ -68.845447140997223, -32.838537578136396, 0.0 ], [ -68.845423182021733, -32.839481897819105, 0.0 ] ] ] ] } },
{ "type": "Feature", "properties": { "LAYER": "PARCELARIO_2026", "MAP_NAME": "Cl_Jarillal_2026.dwg", "cc pp1": "1041 89" }, "geometry": { "type": "MultiPolygon", "coordinates": [ [ [ [ -68.846780039459475, -32.858615422915769, 0.0 ], [ -68.846771280130568, -32.858739034724117, 0.0 ], [ -68.846762192364366, -32.858867244777073, 0.0 ], [ -68.846755074120168, -32.858968406357327, 0.0 ], [ -68.846748502285422, -32.859062445206028, 0.0 ], [ -68.846742375171146, -32.859148234079022, 0.0 ], [ -68.846880381642208, -32.859161162047222, 0.0 ], [ -68.847166548956878, -32.859187931627339, 0.0 ], [ -68.847178837281476, -32.859189141384412, 0.0 ], [ -68.847232919744883, -32.858487304655434, 0.0 ], [ -68.846792713181557, -32.858452666054987, 0.0 ], [ -68.846791433471537, -32.85845256530142, 0.0 ], [ -68.846780039459475, -32.858615422915769, 0.0 ] ] ] ] } },
{ "type": "Feature", "properties": { "LAYER": "PARCELARIO_2026", "MAP_NAME": "Cl_Jarillal_2026.dwg", "cc pp1": "1037 3545" }, "geometry": { "type": "MultiPolygon", "coordinates": [ [ [ [ -68.858842711871048, -32.847370804898461, 0.0 ], [ -68.85883539611774, -32.847414367591824, 0.0 ], [ -68.858820402260676, -32.847503644920451, 0.0 ], [ -68.858805409442894, -32.847592921345409, 0.0 ], [ -68.858790414456891, -32.847682198666519, 0.0 ], [ -68.858789079406449, -32.847690150135371, 0.0 ], [ -68.858823463705633, -32.847690574857403, 0.0 ], [ -68.859187166497748, -32.847703988025117, 0.0 ], [ -68.859193541784663, -32.847611901185651, 0.0 ], [ -68.859375405736472, -32.847618343631176, 0.0 ], [ -68.859415646256394, -32.847584726658155, 0.0 ], [ -68.859638339616239, -32.847592563523293, 0.0 ], [ -68.859656673805887, -32.84739960810586, 0.0 ], [ -68.858871002808726, -32.84737063482681, 0.0 ], [ -68.858842711871048, -32.847370804898461, 0.0 ] ] ] ] } },
{ "type": "Feature", "properties": { "LAYER": "BARRIOS_EMPADRONADOS", "MAP_NAME": "Cl_Jarillal_2026.dwg", "cc pp1": "1041 2169" }, "geometry": { "type": "MultiPolygon", "coordinates": [ [ [ [ -68.840355816793647, -32.841458044116386, 0.0 ], [ -68.840249365406265, -32.843246772416407, 0.0 ], [ -68.840199705118636, -32.845109575996894, 0.0 ], [ -68.841330898371453, -32.845060700583112, 0.0 ], [ -68.841153721226448, -32.844331036706386, 0.0 ], [ -68.841347236100049, -32.843244678002137, 0.0 ], [ -68.841586689377067, -32.841901510304375, 0.0 ], [ -68.841611630506392, -32.841382735893546, 0.0 ], [ -68.840355816793647, -32.841458044116386, 0.0 ] ] ] ] } },
{ "type": "Feature", "properties": { "LAYER": "PARCELARIO_2026", "MAP_NAME": "Cl_Jarillal_2026.dwg", "cc pp1": "1041 2169" }, "geometry": { "type": "MultiPolygon", "coordinates": [ [ [ [ -68.840926859476852, -32.842059965624742, 0.0 ], [ -68.840929794492453, -32.842091258289408, 0.0 ], [ -68.840934298447223, -32.842141218104459, 0.0 ], [ -68.840935660830766, -32.842155917519626, 0.0 ], [ -68.840942158741811, -32.842225807402144, 0.0 ], [ -68.840949280026877, -32.8423055265879, 0.0 ], [ -68.840961222699676, -32.8424369192143, 0.0 ], [ -68.840961852015568, -32.842443412242055, 0.0 ], [ -68.840972538018747, -32.842560736773791, 0.0 ], [ -68.841028408413976, -32.842557561641613, 0.0 ], [ -68.841385757905684, -32.842529341047275, 0.0 ], [ -68.841429343879639, -32.842525879656719, 0.0 ], [ -68.841432039547868, -32.84251226742736, 0.0 ], [ -68.841553605883149, -32.8419054882146, 0.0 ], [ -68.840912716734351, -32.841904494843099, 0.0 ], [ -68.840926859476852, -32.842059965624742, 0.0 ] ] ] ] } },
{ "type": "Feature", "properties": { "LAYER": "BARRIOS_EMPADRONADOS", "MAP_NAME": "Cl_Jarillal_2026.dwg", "cc pp1": "1043 57" }, "geometry": { "type": "MultiPolygon", "coordinates": [ [ [ [ -68.831880776731737, -32.82517265487725, 0.0 ], [ -68.832545785519414, -32.826882358909359, 0.0 ], [ -68.832854641465502, -32.828512410856121, 0.0 ], [ -68.833763570395092, -32.828442571045613, 0.0 ], [ -68.833269670656136, -32.826760513556707, 0.0 ], [ -68.832236282084608, -32.822624384189929, 0.0 ], [ -68.831000867644292, -32.822873215071368, 0.0 ], [ -68.831880776731737, -32.82517265487725, 0.0 ] ] ] ] } },
{ "type": "Feature", "properties": { "LAYER": "PARCELARIO_2026", "MAP_NAME": "Cl_Jarillal_2026.dwg", "cc pp1": "1043 57" }, "geometry": { "type": "MultiPolygon", "coordinates": [ [ [ [ -68.832829074409958, -32.825822798917201, 0.0 ], [ -68.832991656884829, -32.825781909200238, 0.0 ], [ -68.832980283606489, -32.825737716107554, 0.0 ], [ -68.832840976410139, -32.825196418713588, 0.0 ], [ -68.832528921681217, -32.824057874950547, 0.0 ], [ -68.832377413091507, -32.8235860826235, 0.0 ], [ -68.832340177590979, -32.823567277381883, 0.0 ], [ -68.83205835269311, -32.823622805079303, 0.0 ], [ -68.832037577837141, -32.823653074357225, 0.0 ], [ -68.83243416460401, -32.824756926934874, 0.0 ], [ -68.832673453935087, -32.825403405718085, 0.0 ], [ -68.832813108934445, -32.825779773691352, 0.0 ], [ -68.832829074409958, -32.825822798917201, 0.0 ] ] ] ] } },
{ "type": "Feature", "properties": { "LAYER": "PARCELARIO_2026", "MAP_NAME": "Cl_Jarillal_2026.dwg", "cc pp1": "1042 38" }, "geometry": { "type": "MultiPolygon", "coordinates": [ [ [ [ -68.860058496623651, -32.835029100770711, 0.0 ], [ -68.857989015684623, -32.840545873814563, 0.0 ], [ -68.858676025362513, -32.840501499800475, 0.0 ], [ -68.858846352252954, -32.840479268568828, 0.0 ], [ -68.861690619133626, -32.834930565671812, 0.0 ], [ -68.860058496623651, -32.835029100770711, 0.0 ] ] ] ] } },
{ "type": "Feature", "properties": { "LAYER": "PARCELARIO_2026", "MAP_NAME": "Cl_Jarillal_2026.dwg", "cc pp1": "1042 39" }, "geometry": { "type": "MultiPolygon", "coordinates": [ [ [ [ -68.859079911160549, -32.835096611357642, 0.0 ], [ -68.857281716132874, -32.840591553631207, 0.0 ], [ -68.857989015684623, -32.840545873814563, 0.0 ], [ -68.860058496623651, -32.835029100770711, 0.0 ], [ -68.859532249316175, -32.835060866980555, 0.0 ], [ -68.859079911160549, -32.835096611357642, 0.0 ] ] ] ] } },
{ "type": "Feature", "properties": { "LAYER": "PARCELARIO_2026", "MAP_NAME": "Cl_Jarillal_2026.dwg", "cc pp1": "1042 40" }, "geometry": { "type": "MultiPolygon", "coordinates": [ [ [ [ -68.857747300889756, -32.836685505380181, 0.0 ], [ -68.85688685792492, -32.840617053628414, 0.0 ], [ -68.857281716132874, -32.840591553631207, 0.0 ], [ -68.859079911160549, -32.835096611357642, 0.0 ], [ -68.858406658293944, -32.835149809256244, 0.0 ], [ -68.858365868992706, -32.836676654282776, 0.0 ], [ -68.857747300889756, -32.836685505380181, 0.0 ] ] ] ] } },
{ "type": "Feature", "properties": { "LAYER": "PARCELARIO_2026", "MAP_NAME": "Cl_Jarillal_2026.dwg", "cc pp1": "1042 41" }, "geometry": { "type": "MultiPolygon", "coordinates": [ [ [ [ -68.856785482439477, -32.836048658090547, 0.0 ], [ -68.856783798303738, -32.836165603886649, 0.0 ], [ -68.85669879914316, -32.836220147785149, 0.0 ], [ -68.856402043051006, -32.837500503063758, 0.0 ], [ -68.856354398502972, -32.837703368605553, 0.0 ], [ -68.856260854204905, -32.837954558483666, 0.0 ], [ -68.85621790117564, -32.838092553890007, 0.0 ], [ -68.856144787521401, -32.838327447279866, 0.0 ], [ -68.856052829878053, -32.838587474549115, 0.0 ], [ -68.856005079758162, -32.838711304066855, 0.0 ], [ -68.855949644274588, -32.838855063089305, 0.0 ], [ -68.85594936618638, -32.838881752161235, 0.0 ], [ -68.855945720382692, -32.839231147343462, 0.0 ], [ -68.855971551910983, -32.839438112495095, 0.0 ], [ -68.856000594971704, -32.839706214718412, 0.0 ], [ -68.856044318970277, -32.839950903163555, 0.0 ], [ -68.856056903227, -32.84002132680029, 0.0 ], [ -68.856074582407288, -32.840120260800902, 0.0 ], [ -68.85608833555203, -32.840208368994404, 0.0 ], [ -68.856103018004575, -32.840302432171569, 0.0 ], [ -68.85616427490784, -32.840663715044194, 0.0 ], [ -68.85688685792492, -32.840617053628414, 0.0 ], [ -68.857747300889756, -32.836685505380181, 0.0 ], [ -68.857467006474565, -32.836689514654296, 0.0 ], [ -68.857391430070081, -32.835967626229639, 0.0 ], [ -68.856785482439477, -32.836048658090547, 0.0 ] ] ] ] } },
{ "type": "Feature", "properties": { "LAYER": "PARCELARIO_2026", "MAP_NAME": "Cl_Jarillal_2026.dwg", "cc pp1": "1037 3699" }, "geometry": { "type": "MultiPolygon", "coordinates": [ [ [ [ -68.840750315153059, -32.828443032831125, 0.0 ], [ -68.840750179726186, -32.828442916339483, 0.0 ], [ -68.84069386807208, -32.828333291700851, 0.0 ], [ -68.840686328176574, -32.828331437226105, 0.0 ], [ -68.840680723458519, -32.828329593329222, 0.0 ], [ -68.840676598598137, -32.828327959608394, 0.0 ], [ -68.840674230608457, -32.828326907916939, 0.0 ], [ -68.840666614474287, -32.828322891968185, 0.0 ], [ -68.840663976274158, -32.828321247515433, 0.0 ], [ -68.840657255642839, -32.828316338219224, 0.0 ], [ -68.840654260282321, -32.828313751034749, 0.0 ], [ -68.84065118231949, -32.828310771505386, 0.0 ], [ -68.840648753069374, -32.828308141759805, 0.0 ], [ -68.840646454355237, -32.828305376925286, 0.0 ], [ -68.840643855845968, -32.828301840755259, 0.0 ], [ -68.840618899599335, -32.828251926016165, 0.0 ], [ -68.840399457980723, -32.828330134931505, 0.0 ], [ -68.840386098632663, -32.828335437929887, 0.0 ], [ -68.840352892010856, -32.828348368346894, 0.0 ], [ -68.840504366668753, -32.828539783229651, 0.0 ], [ -68.840535487123958, -32.828527690500081, 0.0 ], [ -68.840750315153059, -32.828443032831125, 0.0 ] ] ] ] } },
{ "type": "Feature", "properties": { "LAYER": "PARCELARIO_2026", "MAP_NAME": "Cl_Jarillal_2026.dwg", "cc pp1": "1037 3741" }, "geometry": { "type": "MultiPolygon", "coordinates": [ [ [ [ -68.841184895831177, -32.828272960692708, 0.0 ], [ -68.841429772193933, -32.828176506956737, 0.0 ], [ -68.84140039797623, -32.828106372455352, 0.0 ], [ -68.841390104243459, -32.828109647012582, 0.0 ], [ -68.841373873360681, -32.828063769517719, 0.0 ], [ -68.841124622030108, -32.828152850753469, 0.0 ], [ -68.841184895831177, -32.828272960692708, 0.0 ] ] ] ] } },
{ "type": "Feature", "properties": { "LAYER": "PARCELARIO_2026", "MAP_NAME": "Cl_Jarillal_2026.dwg", "cc pp1": "1042 101" }, "geometry": { "type": "MultiPolygon", "coordinates": [ [ [ [ -68.856850960016487, -32.846097075165304, 0.0 ], [ -68.857436836568553, -32.846111253208875, 0.0 ], [ -68.857427876794887, -32.845644725130498, 0.0 ], [ -68.85684411247226, -32.845631539529691, 0.0 ], [ -68.856847133661162, -32.845836941705947, 0.0 ], [ -68.856850960016487, -32.846097075165304, 0.0 ] ] ] ] } },
{ "type": "Feature", "properties": { "LAYER": "PARCELARIO_2026", "MAP_NAME": "Cl_Jarillal_2026.dwg", "cc pp1": "1042 109" }, "geometry": { "type": "MultiPolygon", "coordinates": [ [ [ [ -68.855532983902449, -32.846065171586432, 0.0 ], [ -68.855807249963462, -32.846071811511074, 0.0 ], [ -68.855807302949998, -32.846039043864145, 0.0 ], [ -68.855836733619242, -32.846016174640162, 0.0 ], [ -68.855837233488813, -32.845706982035182, 0.0 ], [ -68.855538784817895, -32.845702820985323, 0.0 ], [ -68.855537156594053, -32.845804542374914, 0.0 ], [ -68.855532983902449, -32.846065171586432, 0.0 ] ] ] ] } },
{ "type": "Feature", "properties": { "LAYER": "PARCELARIO_2026", "MAP_NAME": "Cl_Jarillal_2026.dwg", "cc pp1": "1049 24" }, "geometry": { "type": "MultiPolygon", "coordinates": [ [ [ [ -68.854852087789439, -32.840164295513731, 0.0 ], [ -68.854896722389796, -32.840276189493707, 0.0 ], [ -68.855129103655301, -32.840232456694693, 0.0 ], [ -68.855100187776443, -32.840157144886938, 0.0 ], [ -68.855088167698455, -32.840125835705706, 0.0 ], [ -68.854852087789439, -32.840164295513731, 0.0 ] ] ] ] } },
{ "type": "Feature", "properties": { "LAYER": "PARCELARIO_2026", "MAP_NAME": "Cl_Jarillal_2026.dwg", "cc pp1": "1049 25" }, "geometry": { "type": "MultiPolygon", "coordinates": [ [ [ [ -68.854947586469493, -32.840385448698257, 0.0 ], [ -68.855171653242735, -32.840343280551018, 0.0 ], [ -68.855133778319924, -32.840244631434054, 0.0 ], [ -68.855129103655301, -32.840232456694693, 0.0 ], [ -68.854896722389796, -32.840276189493707, 0.0 ], [ -68.854947586469493, -32.840385448698257, 0.0 ] ] ] ] } },
{ "type": "Feature", "properties": { "LAYER": "PARCELARIO_2026", "MAP_NAME": "Cl_Jarillal_2026.dwg", "cc pp1": "1049 27" }, "geometry": { "type": "MultiPolygon", "coordinates": [ [ [ [ -68.854725128193394, -32.840486575890985, 0.0 ], [ -68.85477888036597, -32.840741503450694, 0.0 ], [ -68.85516346468043, -32.840732169284124, 0.0 ], [ -68.855264986373825, -32.84058637202088, 0.0 ], [ -68.8552216792461, -32.840473575308458, 0.0 ], [ -68.854725128193394, -32.840486575890985, 0.0 ] ] ] ] } },
{ "type": "Feature", "properties": { "LAYER": "PARCELARIO_2026", "MAP_NAME": "Cl_Jarillal_2026.dwg", "cc pp1": "1053 1424" }, "geometry": { "type": "MultiPolygon", "coordinates": [ [ [ [ -68.8415291213649, -32.879102231659076, 0.0 ], [ -68.84098179177559, -32.879190423205678, 0.0 ], [ -68.841028987516424, -32.879447827288764, 0.0 ], [ -68.841601897043631, -32.879374443080806, 0.0 ], [ -68.8415291213649, -32.879102231659076, 0.0 ] ] ] ] } },
{ "type": "Feature", "properties": { "LAYER": "PARCELARIO_2026", "MAP_NAME": "Cl_Jarillal_2026.dwg", "cc pp1": "1041 2233" }, "geometry": { "type": "MultiPolygon", "coordinates": [ [ [ [ -68.851452033260088, -32.855949990669025, 0.0 ], [ -68.851745987108046, -32.85597874275031, 0.0 ], [ -68.851777163068007, -32.855845612625458, 0.0 ], [ -68.851459979281799, -32.855816089142714, 0.0 ], [ -68.851452033260088, -32.855949990669025, 0.0 ] ] ] ] } },
{ "type": "Feature", "properties": { "LAYER": "PARCELARIO_2026", "MAP_NAME": "Cl_Jarillal_2026.dwg", "cc pp1": "1050 712" }, "geometry": { "type": "MultiPolygon", "coordinates": [ [ [ [ -68.849968270674125, -32.929500229071465, 0.0 ], [ -68.849968779811221, -32.929533051952255, 0.0 ], [ -68.851456922552828, -32.929591501380827, 0.0 ], [ -68.851494624888915, -32.92931308662358, 0.0 ], [ -68.850801703240535, -32.929250872770147, 0.0 ], [ -68.850785118401689, -32.929375991655277, 0.0 ], [ -68.849944240118688, -32.929275519018454, 0.0 ], [ -68.849957882667681, -32.929358127126328, 0.0 ], [ -68.849968270674125, -32.929500229071465, 0.0 ] ] ] ] } },
{ "type": "Feature", "properties": { "LAYER": "PARCELARIO_2026", "MAP_NAME": "Cl_Jarillal_2026.dwg", "cc pp1": "1041 1944" }, "geometry": { "type": "MultiPolygon", "coordinates": [ [ [ [ -68.855055146115959, -32.855364957658118, 0.0 ], [ -68.855486492180432, -32.855404678590418, 0.0 ], [ -68.855468988629468, -32.855185457700458, 0.0 ], [ -68.855037555260083, -32.855145554464272, 0.0 ], [ -68.855055146115959, -32.855364957658118, 0.0 ] ] ] ] } },
{ "type": "Feature", "properties": { "LAYER": "PARCELARIO_2026", "MAP_NAME": "Cl_Jarillal_2026.dwg", "cc pp1": "1041 2183" }, "geometry": { "type": "MultiPolygon", "coordinates": [ [ [ [ -68.855037555260083, -32.855145554464272, 0.0 ], [ -68.855468988629468, -32.855185457700458, 0.0 ], [ -68.8554595484392, -32.855067233448963, 0.0 ], [ -68.855028132590945, -32.855027421272091, 0.0 ], [ -68.855037555260083, -32.855145554464272, 0.0 ] ] ] ] } },
{ "type": "Feature", "properties": { "LAYER": "PARCELARIO_2026", "MAP_NAME": "Cl_Jarillal_2026.dwg", "cc pp1": "1044 1374" }, "geometry": { "type": "MultiPolygon", "coordinates": [ [ [ [ -68.843101626859692, -32.838443768515162, 0.0 ], [ -68.843104027360624, -32.83847569166727, 0.0 ], [ -68.843259133776598, -32.838466147661315, 0.0 ], [ -68.843431972492894, -32.838455633777926, 0.0 ], [ -68.843435444092478, -32.838425070525986, 0.0 ], [ -68.843101626859692, -32.838443768515162, 0.0 ] ] ] ] } },
{ "type": "Feature", "properties": { "LAYER": "PARCELARIO_2026", "MAP_NAME": "Cl_Jarillal_2026.dwg", "cc pp1": "1044 1372" }, "geometry": { "type": "MultiPolygon", "coordinates": [ [ [ [ -68.843259133776598, -32.838466147661315, 0.0 ], [ -68.843262125763857, -32.838526204558228, 0.0 ], [ -68.843315109818903, -32.838522934613977, 0.0 ], [ -68.843425136888754, -32.838516309566167, 0.0 ], [ -68.843431972492894, -32.838455633777926, 0.0 ], [ -68.843259133776598, -32.838466147661315, 0.0 ] ] ] ] } },
{ "type": "Feature", "properties": { "LAYER": "PARCELARIO_2026", "MAP_NAME": "Cl_Jarillal_2026.dwg", "cc pp1": "1044 1371" }, "geometry": { "type": "MultiPolygon", "coordinates": [ [ [ [ -68.843262125763857, -32.838526204558228, 0.0 ], [ -68.84317186074469, -32.838531682018306, 0.0 ], [ -68.843175703516494, -32.838593813890171, 0.0 ], [ -68.843345977760009, -32.838584018272002, 0.0 ], [ -68.843380053934879, -32.838582077181236, 0.0 ], [ -68.8434178689661, -32.838579870249156, 0.0 ], [ -68.843421013969603, -32.838552823215537, 0.0 ], [ -68.843425136888754, -32.838516309566167, 0.0 ], [ -68.843315109818903, -32.838522934613977, 0.0 ], [ -68.843262125763857, -32.838526204558228, 0.0 ] ] ] ] } },
{ "type": "Feature", "properties": { "LAYER": "PARCELARIO_2026", "MAP_NAME": "Cl_Jarillal_2026.dwg", "cc pp1": "1037 3681" }, "geometry": { "type": "MultiPolygon", "coordinates": [ [ [ [ -68.841136773570312, -32.829430580021857, 0.0 ], [ -68.841136637703173, -32.829430709694257, 0.0 ], [ -68.841136594035575, -32.829430642011324, 0.0 ], [ -68.841114255961529, -32.829438293440298, 0.0 ], [ -68.841238592604711, -32.829621468388055, 0.0 ], [ -68.841250391961935, -32.829638851901834, 0.0 ], [ -68.841268520641222, -32.829632641438231, 0.0 ], [ -68.842152254357572, -32.829329899506469, 0.0 ], [ -68.84216292317916, -32.829234792599394, 0.0 ], [ -68.84215978237917, -32.829080126302827, 0.0 ], [ -68.841136773570312, -32.829430580021857, 0.0 ] ] ] ] } },
{ "type": "Feature", "properties": { "LAYER": "PARCELARIO_2026", "MAP_NAME": "Cl_Jarillal_2026.dwg", "cc pp1": "1037 3682" }, "geometry": { "type": "MultiPolygon", "coordinates": [ [ [ [ -68.840990476926692, -32.829255940521833, 0.0 ], [ -68.841114255961529, -32.829438293440298, 0.0 ], [ -68.841136594035575, -32.829430642011324, 0.0 ], [ -68.841136637703173, -32.829430709694257, 0.0 ], [ -68.841136773570312, -32.829430580021857, 0.0 ], [ -68.84215978237917, -32.829080126302827, 0.0 ], [ -68.842158109334434, -32.828997729525632, 0.0 ], [ -68.842147246812004, -32.828919808921839, 0.0 ], [ -68.842145981171328, -32.828910790322716, 0.0 ], [ -68.842145348032034, -32.828906461362799, 0.0 ], [ -68.842130369365961, -32.828865426830838, 0.0 ], [ -68.841016975263486, -32.829246844464592, 0.0 ], [ -68.84101680531532, -32.829246920893254, 0.0 ], [ -68.840990476926692, -32.829255940521833, 0.0 ] ] ] ] } },
{ "type": "Feature", "properties": { "LAYER": "PARCELARIO_2026", "MAP_NAME": "Cl_Jarillal_2026.dwg", "cc pp1": "1037 3683" }, "geometry": { "type": "MultiPolygon", "coordinates": [ [ [ [ -68.840912088702126, -32.829140455751421, 0.0 ], [ -68.840990476926692, -32.829255940521833, 0.0 ], [ -68.84101680531532, -32.829246920893254, 0.0 ], [ -68.841016975263486, -32.829246844464592, 0.0 ], [ -68.842130369365961, -32.828865426830838, 0.0 ], [ -68.842116863813189, -32.828828428362101, 0.0 ], [ -68.842088587976264, -32.828753371228025, 0.0 ], [ -68.842042706213888, -32.828681993351474, 0.0 ], [ -68.840903169496869, -32.829072366947706, 0.0 ], [ -68.840903066916255, -32.829072396573437, 0.0 ], [ -68.840872907446325, -32.829082733200899, 0.0 ], [ -68.840912088702126, -32.829140455751421, 0.0 ] ] ] ] } },
{ "type": "Feature", "properties": { "LAYER": "PARCELARIO_2026", "MAP_NAME": "Cl_Jarillal_2026.dwg", "cc pp1": "1037 3684" }, "geometry": { "type": "MultiPolygon", "coordinates": [ [ [ [ -68.841654604889825, -32.828450322375517, 0.0 ], [ -68.840767174363236, -32.828864409821641, 0.0 ], [ -68.840734927154685, -32.828879456046259, 0.0 ], [ -68.840872907446325, -32.829082733200899, 0.0 ], [ -68.840903063721925, -32.82907239115918, 0.0 ], [ -68.840903169496869, -32.829072366947706, 0.0 ], [ -68.842042706213888, -32.828681993351474, 0.0 ], [ -68.842009986519727, -32.828631091651296, 0.0 ], [ -68.841972595584323, -32.828575298632671, 0.0 ], [ -68.841843652791098, -32.82863547126076, 0.0 ], [ -68.841654604889825, -32.828450322375517, 0.0 ] ] ] ] } },
{ "type": "Feature", "properties": { "LAYER": "PARCELARIO_2026", "MAP_NAME": "Cl_Jarillal_2026.dwg", "cc pp1": "1049 4" }, "geometry": { "type": "MultiPolygon", "coordinates": [ [ [ [ -68.849729434841663, -32.834776173922279, 0.0 ], [ -68.849839118355234, -32.835080404642035, 0.0 ], [ -68.849881753231969, -32.835198662282963, 0.0 ], [ -68.849820174092841, -32.835212947075199, 0.0 ], [ -68.849651438261446, -32.835252089259299, 0.0 ], [ -68.849507625457989, -32.834810229719693, 0.0 ], [ -68.849369216624879, -32.834837547932352, 0.0 ], [ -68.849517878578752, -32.835457518948452, 0.0 ], [ -68.84949190666272, -32.8354952346644, 0.0 ], [ -68.849885925632165, -32.836594717131526, 0.0 ], [ -68.85023191747139, -32.837556158201096, 0.0 ], [ -68.850788762338269, -32.837504639252316, 0.0 ], [ -68.850321256218194, -32.836186157750532, 0.0 ], [ -68.850003810088268, -32.835210219622262, 0.0 ], [ -68.849898780898528, -32.834888609865629, 0.0 ], [ -68.849869816805906, -32.834810050619019, 0.0 ], [ -68.849850474832763, -32.834757589979198, 0.0 ], [ -68.849768586392415, -32.834770162401014, 0.0 ], [ -68.849729434841663, -32.834776173922279, 0.0 ] ] ] ] } },
{ "type": "Feature", "properties": { "LAYER": "PARCELARIO_2026", "MAP_NAME": "Cl_Jarillal_2026.dwg", "cc pp1": "1037 3751" }, "geometry": { "type": "MultiPolygon", "coordinates": [ [ [ [ -68.860290364920701, -32.845402118128092, 0.0 ], [ -68.85977279877352, -32.845253746403316, 0.0 ], [ -68.859729888350543, -32.845057543774722, 0.0 ], [ -68.8595573221195, -32.84500679651908, 0.0 ], [ -68.859488234975515, -32.845753776853485, 0.0 ], [ -68.859776032413151, -32.845739982675568, 0.0 ], [ -68.859753787348424, -32.845980994291338, 0.0 ], [ -68.859788345438403, -32.846021292034109, 0.0 ], [ -68.859919646915529, -32.846065286853843, 0.0 ], [ -68.860290364920701, -32.845402118128092, 0.0 ] ] ] ] } },
{ "type": "Feature", "properties": { "LAYER": "PARCELARIO_2026", "MAP_NAME": "Cl_Jarillal_2026.dwg", "cc pp1": "1037 3756" }, "geometry": { "type": "MultiPolygon", "coordinates": [ [ [ [ -68.848666696973652, -32.83744508508655, 0.0 ], [ -68.848398961018788, -32.83742813644767, 0.0 ], [ -68.848362963331851, -32.83740841055004, 0.0 ], [ -68.848238269793001, -32.837248044599853, 0.0 ], [ -68.84818005692847, -32.837171482252522, 0.0 ], [ -68.847886104080203, -32.83679367464056, 0.0 ], [ -68.847862992068997, -32.836776532297144, 0.0 ], [ -68.847789720575946, -32.83675116226955, 0.0 ], [ -68.847762931672833, -32.836737475256172, 0.0 ], [ -68.847686135592056, -32.836730843602062, 0.0 ], [ -68.847579778123688, -32.836721659122404, 0.0 ], [ -68.847473533822068, -32.836712484888409, 0.0 ], [ -68.847259465873734, -32.836693997786583, 0.0 ], [ -68.846952347523029, -32.836669700536845, 0.0 ], [ -68.846948826729317, -32.83683986401504, 0.0 ], [ -68.84697617017332, -32.836815398279761, 0.0 ], [ -68.847711065791287, -32.836873535386559, 0.0 ], [ -68.847747737030033, -32.836892041391309, 0.0 ], [ -68.848125626768791, -32.837371958331637, 0.0 ], [ -68.848102984424841, -32.837402544443762, 0.0 ], [ -68.846936112810837, -32.837271478358915, 0.0 ], [ -68.846926510702346, -32.837479319997541, 0.0 ], [ -68.846959182324838, -32.837455923888506, 0.0 ], [ -68.848249792819189, -32.837600650907568, 0.0 ], [ -68.848477980888774, -32.837611836123294, 0.0 ], [ -68.848807042717311, -32.837627966909828, 0.0 ], [ -68.848666696973652, -32.83744508508655, 0.0 ] ] ] ] } },
{ "type": "Feature", "properties": { "LAYER": "PARCELARIO_2026", "MAP_NAME": "Cl_Jarillal_2026.dwg", "cc pp1": "1037 3599" }, "geometry": { "type": "MultiPolygon", "coordinates": [ [ [ [ -68.836039289138427, -32.820870730663422, 0.0 ], [ -68.836120477478588, -32.820943323837007, 0.0 ], [ -68.836412293251726, -32.820936796654287, 0.0 ], [ -68.836833079243249, -32.820927384689277, 0.0 ], [ -68.836873788200151, -32.820926473821061, 0.0 ], [ -68.836940404408111, -32.820924983528833, 0.0 ], [ -68.837400593148288, -32.820914687709944, 0.0 ], [ -68.837147817704746, -32.819816793718566, 0.0 ], [ -68.837131762335687, -32.819749902647068, 0.0 ], [ -68.837018776679173, -32.819723048112991, 0.0 ], [ -68.836220220274214, -32.819533242886457, 0.0 ], [ -68.836241907165515, -32.819602341593907, 0.0 ], [ -68.83663580811681, -32.820857388939359, 0.0 ], [ -68.836358999358808, -32.820863580088421, 0.0 ], [ -68.836150258075392, -32.820868249290726, 0.0 ], [ -68.836075186989959, -32.8208699282699, 0.0 ], [ -68.836039289138427, -32.820870730663422, 0.0 ] ] ] ] } },
{ "type": "Feature", "properties": { "LAYER": "PARCELARIO_2026", "MAP_NAME": "Cl_Jarillal_2026.dwg", "cc pp1": "1037 3596" }, "geometry": { "type": "MultiPolygon", "coordinates": [ [ [ [ -68.837076986472979, -32.82103042686721, 0.0 ], [ -68.83708014753735, -32.821131014864356, 0.0 ], [ -68.83744313964003, -32.821125037753447, 0.0 ], [ -68.837400593148288, -32.820914687709944, 0.0 ], [ -68.837201670467891, -32.820919138778223, 0.0 ], [ -68.837205089701854, -32.82102755748457, 0.0 ], [ -68.837076986472979, -32.82103042686721, 0.0 ] ] ] ] } },
{ "type": "Feature", "properties": { "LAYER": "PARCELARIO_2026", "MAP_NAME": "Cl_Jarillal_2026.dwg", "cc pp1": "1049 21" }, "geometry": { "type": "MultiPolygon", "coordinates": [ [ [ [ -68.850161897159737, -32.834709774966385, 0.0 ], [ -68.850312046527492, -32.835171092601549, 0.0 ], [ -68.850427763471359, -32.835144237927423, 0.0 ], [ -68.850407737049593, -32.835088114077571, 0.0 ], [ -68.850379478150771, -32.835008918666226, 0.0 ], [ -68.85026697954406, -32.834693640469418, 0.0 ], [ -68.850161897159737, -32.834709774966385, 0.0 ] ] ] ] } },
{ "type": "Feature", "properties": { "LAYER": "PARCELARIO_2026", "MAP_NAME": "Cl_Jarillal_2026.dwg", "cc pp1": "1037 3459" }, "geometry": { "type": "MultiPolygon", "coordinates": [ [ [ [ -68.855768501619835, -32.862646678566065, 0.0 ], [ -68.855803435620658, -32.862648341886405, 0.0 ], [ -68.855874265184923, -32.862651669605562, 0.0 ], [ -68.855880803756477, -32.862572418086891, 0.0 ], [ -68.855885599197165, -32.862513993729678, 0.0 ], [ -68.855888974511743, -32.862474864024101, 0.0 ], [ -68.855781289063771, -32.86246923959483, 0.0 ], [ -68.855778447316794, -32.862508730590811, 0.0 ], [ -68.855777354549772, -32.862523787649295, 0.0 ], [ -68.855772982164524, -32.862584827407339, 0.0 ], [ -68.855768501619835, -32.862646678566065, 0.0 ] ] ] ] } },
{ "type": "Feature", "properties": { "LAYER": "PARCELARIO_2026", "MAP_NAME": "Cl_Jarillal_2026.dwg", "cc pp1": "1037 3496" }, "geometry": { "type": "MultiPolygon", "coordinates": [ [ [ [ -68.855517161517852, -32.861007120034678, 0.0 ], [ -68.855758285254922, -32.861013169108432, 0.0 ], [ -68.855762387830026, -32.860922737343977, 0.0 ], [ -68.855727556977016, -32.860921791881694, 0.0 ], [ -68.855671255516697, -32.860920464571983, 0.0 ], [ -68.855644119892048, -32.860919711909254, 0.0 ], [ -68.855583651907693, -32.860918289583147, 0.0 ], [ -68.855521367975768, -32.860916684791626, 0.0 ], [ -68.855517161517852, -32.861007120034678, 0.0 ] ] ] ] } },
{ "type": "Feature", "properties": { "LAYER": "BARRIOS_EMPADRONADOS", "MAP_NAME": "Cl_Jarillal_2026.dwg", "cc pp1": "1037 3461" }, "geometry": { "type": "MultiPolygon", "coordinates": [ [ [ [ -68.852875957018142, -32.863024939376885, 0.0 ], [ -68.85296107503531, -32.860655683761102, 0.0 ], [ -68.846311398487487, -32.860411698472191, 0.0 ], [ -68.846558764276068, -32.862266295974152, 0.0 ], [ -68.847210312023819, -32.862378960045284, 0.0 ], [ -68.851195923535201, -32.86296837057953, 0.0 ], [ -68.852875957018142, -32.863024939376885, 0.0 ] ] ] ] } },
{ "type": "Feature", "properties": { "LAYER": "PARCELARIO_2026", "MAP_NAME": "Cl_Jarillal_2026.dwg", "cc pp1": "1037 3461" }, "geometry": { "type": "MultiPolygon", "coordinates": [ [ [ [ -68.849598039762583, -32.861839699042363, 0.0 ], [ -68.849627143594077, -32.861813855359294, 0.0 ], [ -68.849623458982649, -32.861718090846956, 0.0 ], [ -68.849622230171903, -32.861686530020052, 0.0 ], [ -68.849620693931399, -32.861647214240278, 0.0 ], [ -68.849619259509609, -32.861610874178503, 0.0 ], [ -68.849617006137777, -32.861553343282438, 0.0 ], [ -68.84959642054784, -32.861533030383235, 0.0 ], [ -68.849510420906327, -32.861529771034697, 0.0 ], [ -68.849475700536146, -32.861528466893134, 0.0 ], [ -68.849369829864145, -32.861524642521935, 0.0 ], [ -68.84926235677726, -32.861520725961007, 0.0 ], [ -68.849225606483856, -32.861519419304337, 0.0 ], [ -68.849155417890927, -32.861516810853523, 0.0 ], [ -68.849134799290923, -32.861516064636049, 0.0 ], [ -68.849046449085407, -32.8615128923038, 0.0 ], [ -68.848941112643999, -32.861509068214453, 0.0 ], [ -68.848861629584391, -32.861506176966131, 0.0 ], [ -68.848837592465429, -32.861505246230863, 0.0 ], [ -68.848802765276972, -32.861503941773499, 0.0 ], [ -68.84880020130754, -32.861503848505393, 0.0 ], [ -68.84872819648848, -32.861501236718311, 0.0 ], [ -68.848658435280811, -32.861498627603773, 0.0 ], [ -68.848653414180973, -32.861498441190804, 0.0 ], [ -68.848619548390758, -32.861497228015004, 0.0 ], [ -68.848588780762583, -32.86149610874903, 0.0 ], [ -68.848513784787258, -32.861493312879517, 0.0 ], [ -68.84840780751658, -32.861489397395736, 0.0 ], [ -68.848396696934984, -32.861489023254897, 0.0 ], [ -68.84833217036909, -32.861486690810054, 0.0 ], [ -68.848302150463837, -32.861485662549612, 0.0 ], [ -68.848274331795579, -32.861509523753291, 0.0 ], [ -68.848278337466581, -32.861541358469687, 0.0 ], [ -68.848285507156547, -32.861597362467542, 0.0 ], [ -68.848290038125242, -32.861634427655197, 0.0 ], [ -68.848303951416241, -32.861745713773892, 0.0 ], [ -68.848307746039808, -32.861776015349648, 0.0 ], [ -68.848330581757736, -32.861792363726465, 0.0 ], [ -68.848400663701327, -32.8617949734127, 0.0 ], [ -68.848433674891197, -32.861796185612583, 0.0 ], [ -68.848470104616467, -32.861797582283302, 0.0 ], [ -68.84854221650555, -32.861800194348803, 0.0 ], [ -68.848603538140594, -32.861802522807395, 0.0 ], [ -68.848647018925405, -32.861804108297918, 0.0 ], [ -68.848681739389889, -32.861805412669689, 0.0 ], [ -68.848755453567918, -32.861808206889336, 0.0 ], [ -68.848826176570185, -32.861810817112207, 0.0 ], [ -68.848860576523705, -32.861812121047073, 0.0 ], [ -68.848895831035819, -32.861813516174152, 0.0 ], [ -68.848969759058221, -32.861816220356253, 0.0 ], [ -68.849040375234807, -32.861818830329092, 0.0 ], [ -68.849077018657198, -32.861820227080983, 0.0 ], [ -68.849110457068932, -32.861821529787235, 0.0 ], [ -68.849182996201861, -32.861824231266603, 0.0 ], [ -68.849290790014948, -32.861828238452048, 0.0 ], [ -68.849326365209606, -32.861829543674553, 0.0 ], [ -68.84939762228862, -32.861832244387202, 0.0 ], [ -68.849457662056082, -32.861834480714606, 0.0 ], [ -68.849504347733429, -32.861836250102627, 0.0 ], [ -68.849598039762583, -32.861839699042363, 0.0 ] ] ] ] } },
{ "type": "Feature", "properties": { "LAYER": "BARRIOS_EMPADRONADOS", "MAP_NAME": "Cl_Jarillal_2026.dwg", "cc pp1": "1037 3462" }, "geometry": { "type": "MultiPolygon", "coordinates": [ [ [ [ -68.84625082678032, -32.860403620288274, 0.0 ], [ -68.843545452918008, -32.860311590304903, 0.0 ], [ -68.842374039601879, -32.860332957362814, 0.0 ], [ -68.842720836095936, -32.861370148023298, 0.0 ], [ -68.842885407622617, -32.862208839994942, 0.0 ], [ -68.843758161171124, -32.862113785214746, 0.0 ], [ -68.843796869331854, -32.862248575378707, 0.0 ], [ -68.845673254643259, -32.862245970354124, 0.0 ], [ -68.846514090879964, -32.862329681432321, 0.0 ], [ -68.84625082678032, -32.860403620288274, 0.0 ] ] ] ] } },
{ "type": "Feature", "properties": { "LAYER": "PARCELARIO_2026", "MAP_NAME": "Cl_Jarillal_2026.dwg", "cc pp1": "1037 3464" }, "geometry": { "type": "MultiPolygon", "coordinates": [ [ [ [ -68.848146649120423, -32.860010209369925, 0.0 ], [ -68.848160749559909, -32.860011398687575, 0.0 ], [ -68.848243217160729, -32.860017540104991, 0.0 ], [ -68.848266825143597, -32.860019281959879, 0.0 ], [ -68.848312759072257, -32.860022764101991, 0.0 ], [ -68.848368520903506, -32.860026889325511, 0.0 ], [ -68.848382300992085, -32.860027988060374, 0.0 ], [ -68.848417445960138, -32.860030555393394, 0.0 ], [ -68.848470750711158, -32.860034587424892, 0.0 ], [ -68.848475277113039, -32.859948661283703, 0.0 ], [ -68.848475498757949, -32.85994397273322, 0.0 ], [ -68.848427427825399, -32.85994066840118, 0.0 ], [ -68.848421872937777, -32.859940300993173, 0.0 ], [ -68.848283001376515, -32.859930755035201, 0.0 ], [ -68.848264841159406, -32.859929560807892, 0.0 ], [ -68.848241446719896, -32.859927909381248, 0.0 ], [ -68.848171476772507, -32.859923135673213, 0.0 ], [ -68.848166028723625, -32.859922768383505, 0.0 ], [ -68.848161862559579, -32.859922492818825, 0.0 ], [ -68.848150859779111, -32.859921667939233, 0.0 ], [ -68.848146649120423, -32.860010209369925, 0.0 ] ] ] ] } },
{ "type": "Feature", "properties": { "LAYER": "PARCELARIO_2026", "MAP_NAME": "Cl_Jarillal_2026.dwg", "cc pp1": "1037 3465" }, "geometry": { "type": "MultiPolygon", "coordinates": [ [ [ [ -68.848142329311656, -32.860100103210627, 0.0 ], [ -68.848238048436045, -32.860104096644449, 0.0 ], [ -68.848253325017112, -32.860104746360754, 0.0 ], [ -68.848362398133105, -32.86010911657354, 0.0 ], [ -68.848404275229029, -32.860110880542976, 0.0 ], [ -68.848466129575201, -32.860113390052199, 0.0 ], [ -68.848466790526459, -32.860101668805704, 0.0 ], [ -68.848470750711158, -32.860034587424892, 0.0 ], [ -68.848417445960138, -32.860030555393394, 0.0 ], [ -68.848382300992085, -32.860027988060374, 0.0 ], [ -68.848368520903506, -32.860026889325511, 0.0 ], [ -68.848312759072257, -32.860022764101991, 0.0 ], [ -68.848266825143597, -32.860019281959879, 0.0 ], [ -68.848243217160729, -32.860017540104991, 0.0 ], [ -68.848160749559909, -32.860011398687575, 0.0 ], [ -68.848146649120423, -32.860010209369925, 0.0 ], [ -68.848142329311656, -32.860100103210627, 0.0 ] ] ] ] } },
{ "type": "Feature", "properties": { "LAYER": "BARRIOS_EMPADRONADOS", "MAP_NAME": "Cl_Jarillal_2026.dwg", "cc pp1": "1037 3467" }, "geometry": { "type": "MultiPolygon", "coordinates": [ [ [ [ -68.845573218912349, -32.856110544135404, 0.0 ], [ -68.84140971160015, -32.855436023861408, 0.0 ], [ -68.841066440747269, -32.855367489151405, 0.0 ], [ -68.84086369827719, -32.855165147510938, 0.0 ], [ -68.840705184700752, -32.85494325348197, 0.0 ], [ -68.840518507690646, -32.854907939693256, 0.0 ], [ -68.841171173878564, -32.857632774692412, 0.0 ], [ -68.8415768771263, -32.858536077659856, 0.0 ], [ -68.841691937792262, -32.858877163893617, 0.0 ], [ -68.842286095608458, -32.860219615315344, 0.0 ], [ -68.843523202939195, -32.860213017460964, 0.0 ], [ -68.843992023651694, -32.859137391316317, 0.0 ], [ -68.844452595315943, -32.858371168137104, 0.0 ], [ -68.844951972329469, -32.857616527254791, 0.0 ], [ -68.845573218912349, -32.856110544135404, 0.0 ] ] ] ] } },
{ "type": "Feature", "properties": { "LAYER": "PARCELARIO_2026", "MAP_NAME": "Cl_Jarillal_2026.dwg", "cc pp1": "1037 3468" }, "geometry": { "type": "MultiPolygon", "coordinates": [ [ [ [ -68.840160947862231, -32.861481026908685, 0.0 ], [ -68.840162760594012, -32.861543156049535, 0.0 ], [ -68.840162966831628, -32.861547304112634, 0.0 ], [ -68.840165280831101, -32.861627197295689, 0.0 ], [ -68.840165886930677, -32.861646674693993, 0.0 ], [ -68.840166586284596, -32.861673726453994, 0.0 ], [ -68.840167186886248, -32.861696269609986, 0.0 ], [ -68.840184497006746, -32.861695029348915, 0.0 ], [ -68.840214415700459, -32.861692903493406, 0.0 ], [ -68.840273825729241, -32.86168865121531, 0.0 ], [ -68.840273018534418, -32.861662140335582, 0.0 ], [ -68.840272108380205, -32.861633465254926, 0.0 ], [ -68.840270995054439, -32.861598928893621, 0.0 ], [ -68.840269574628138, -32.861556908066824, 0.0 ], [ -68.840268260619595, -32.861514526697349, 0.0 ], [ -68.840268323003443, -32.861479721327711, 0.0 ], [ -68.840160947862231, -32.861481026908685, 0.0 ] ] ] ] } },
{ "type": "Feature", "properties": { "LAYER": "PARCELARIO_2026", "MAP_NAME": "Cl_Jarillal_2026.dwg", "cc pp1": "1037 3469" }, "geometry": { "type": "MultiPolygon", "coordinates": [ [ [ [ -68.84037309156011, -32.861681654509837, 0.0 ], [ -68.840273825729241, -32.86168865121531, 0.0 ], [ -68.840214415700459, -32.861692903493406, 0.0 ], [ -68.840184497006746, -32.861695029348915, 0.0 ], [ -68.840167186886248, -32.861696269609986, 0.0 ], [ -68.840126903549773, -32.861699103566757, 0.0 ], [ -68.840059265961884, -32.861703886274725, 0.0 ], [ -68.840060116171728, -32.861765924014733, 0.0 ], [ -68.84006038474098, -32.861794868784649, 0.0 ], [ -68.840229746613346, -32.861782551608989, 0.0 ], [ -68.840273342631278, -32.861779361170221, 0.0 ], [ -68.840312130095981, -32.861776615426677, 0.0 ], [ -68.840409152570544, -32.861769525659959, 0.0 ], [ -68.840494955352369, -32.861763323210084, 0.0 ], [ -68.840486996200269, -32.861673594355587, 0.0 ], [ -68.840381319263201, -32.861681033820133, 0.0 ], [ -68.84037309156011, -32.861681654509837, 0.0 ] ] ] ] } },
{ "type": "Feature", "properties": { "LAYER": "BARRIOS_EMPADRONADOS", "MAP_NAME": "Cl_Jarillal_2026.dwg", "cc pp1": "1037 3472" }, "geometry": { "type": "MultiPolygon", "coordinates": [ [ [ [ -68.837833967572649, -32.860285259649324, 0.0 ], [ -68.837698415270239, -32.859040692932922, 0.0 ], [ -68.837646133579526, -32.858592933080395, 0.0 ], [ -68.833215055928392, -32.858127420279416, 0.0 ], [ -68.832902651202346, -32.860360684201858, 0.0 ], [ -68.837833967572649, -32.860285259649324, 0.0 ] ] ] ] } },
{ "type": "Feature", "properties": { "LAYER": "BARRIOS_EMPADRONADOS", "MAP_NAME": "Cl_Jarillal_2026.dwg", "cc pp1": "1037 3476" }, "geometry": { "type": "MultiPolygon", "coordinates": [ [ [ [ -68.837064749024975, -32.851738083890858, 0.0 ], [ -68.837471686326353, -32.854601795526946, 0.0 ], [ -68.840661424684413, -32.854763125651559, 0.0 ], [ -68.840876063664851, -32.8550450843966, 0.0 ], [ -68.840997298229354, -32.855201926657884, 0.0 ], [ -68.841139414301395, -32.85533097251826, 0.0 ], [ -68.841536810999642, -32.855404695034345, 0.0 ], [ -68.841251547859642, -32.851832641367736, 0.0 ], [ -68.837064749024975, -32.851738083890858, 0.0 ] ] ] ] } },
{ "type": "Feature", "properties": { "LAYER": "PARCELARIO_2026", "MAP_NAME": "Cl_Jarillal_2026.dwg", "cc pp1": "1037 3476" }, "geometry": { "type": "MultiPolygon", "coordinates": [ [ [ [ -68.838890055154494, -32.853114451726249, 0.0 ], [ -68.838887107160105, -32.853208765411026, 0.0 ], [ -68.839005506619159, -32.853190342849935, 0.0 ], [ -68.839016406211783, -32.853188643649347, 0.0 ], [ -68.839081162625732, -32.853178537770958, 0.0 ], [ -68.839087467292046, -32.853177554012305, 0.0 ], [ -68.839117708355332, -32.85317281390499, 0.0 ], [ -68.839125295287062, -32.853171651453721, 0.0 ], [ -68.839229482409053, -32.853155464649156, 0.0 ], [ -68.839255555850144, -32.853151440511105, 0.0 ], [ -68.839236590650358, -32.853064312238615, 0.0 ], [ -68.83921810448085, -32.853066993576967, 0.0 ], [ -68.8391865818447, -32.853071551722302, 0.0 ], [ -68.839084427155058, -32.853086298390394, 0.0 ], [ -68.839036769198884, -32.853093180158602, 0.0 ], [ -68.839023732726545, -32.853095056951332, 0.0 ], [ -68.838890055154494, -32.853114451726249, 0.0 ] ] ] ] } },
{ "type": "Feature", "properties": { "LAYER": "PARCELARIO_2026", "MAP_NAME": "Cl_Jarillal_2026.dwg", "cc pp1": "1037 3477" }, "geometry": { "type": "MultiPolygon", "coordinates": [ [ [ [ -68.838887107160105, -32.853208765411026, 0.0 ], [ -68.838885780328226, -32.853292711669248, 0.0 ], [ -68.838885545974705, -32.853304162916025, 0.0 ], [ -68.83899069523973, -32.853287707040813, 0.0 ], [ -68.839010464218319, -32.853284576538329, 0.0 ], [ -68.839092211971206, -32.853271426745302, 0.0 ], [ -68.839222153177786, -32.853250674409352, 0.0 ], [ -68.839275369211691, -32.853242176656025, 0.0 ], [ -68.839255555850144, -32.853151440511105, 0.0 ], [ -68.839229482409053, -32.853155464649156, 0.0 ], [ -68.839125295287062, -32.853171651453721, 0.0 ], [ -68.839117708355332, -32.85317281390499, 0.0 ], [ -68.839087467292046, -32.853177554012305, 0.0 ], [ -68.839081162625732, -32.853178537770958, 0.0 ], [ -68.839016406211783, -32.853188643649347, 0.0 ], [ -68.839005506619159, -32.853190342849935, 0.0 ], [ -68.838887107160105, -32.853208765411026, 0.0 ] ] ] ] } },
{ "type": "Feature", "properties": { "LAYER": "BARRIOS_EMPADRONADOS", "MAP_NAME": "Cl_Jarillal_2026.dwg", "cc pp1": "1037 3478" }, "geometry": { "type": "MultiPolygon", "coordinates": [ [ [ [ -68.83738957795012, -32.854609460140772, 0.0 ], [ -68.836978248031315, -32.851732256112435, 0.0 ], [ -68.834375967314301, -32.851692221033048, 0.0 ], [ -68.83446379229369, -32.854596785286972, 0.0 ], [ -68.83738957795012, -32.854609460140772, 0.0 ] ] ] ] } },
{ "type": "Feature", "properties": { "LAYER": "PARCELARIO_2026", "MAP_NAME": "Cl_Jarillal_2026.dwg", "cc pp1": "1037 3478" }, "geometry": { "type": "MultiPolygon", "coordinates": [ [ [ [ -68.835009037271533, -32.853252944653619, 0.0 ], [ -68.835106889151632, -32.853254696693632, 0.0 ], [ -68.835165322494305, -32.853255765548937, 0.0 ], [ -68.835188396612054, -32.853256246791091, 0.0 ], [ -68.83521072309739, -32.85325663687474, 0.0 ], [ -68.835336242563699, -32.853258966187333, 0.0 ], [ -68.835421275372681, -32.853260520772253, 0.0 ], [ -68.835516776378412, -32.853262630078369, 0.0 ], [ -68.835519283677002, -32.853235402134494, 0.0 ], [ -68.835521136527788, -32.853215477073348, 0.0 ], [ -68.835524298103095, -32.853181036415684, 0.0 ], [ -68.835518529702767, -32.853180848493956, 0.0 ], [ -68.835480606622781, -32.853180257620537, 0.0 ], [ -68.835401662774217, -32.853178891425145, 0.0 ], [ -68.835219205056958, -32.853175856022439, 0.0 ], [ -68.835194742024186, -32.853175463126348, 0.0 ], [ -68.835149020810746, -32.853174681542079, 0.0 ], [ -68.835061958016368, -32.853173304435856, 0.0 ], [ -68.835010788725057, -32.853172425449955, 0.0 ], [ -68.835009037271533, -32.853252944653619, 0.0 ] ] ] ] } },
{ "type": "Feature", "properties": { "LAYER": "PARCELARIO_2026", "MAP_NAME": "Cl_Jarillal_2026.dwg", "cc pp1": "1037 3479" }, "geometry": { "type": "MultiPolygon", "coordinates": [ [ [ [ -68.83541953609128, -32.853566103480524, 0.0 ], [ -68.835507667893978, -32.853567882097217, 0.0 ], [ -68.835510337453854, -32.853567936101577, 0.0 ], [ -68.835510456761185, -32.853561173533663, 0.0 ], [ -68.835511155301347, -32.853529975748316, 0.0 ], [ -68.835511387593357, -32.853519877051326, 0.0 ], [ -68.835512560698888, -32.853463071704844, 0.0 ], [ -68.835513852776828, -32.853399684128661, 0.0 ], [ -68.835514554475381, -32.853366773122978, 0.0 ], [ -68.835515842890004, -32.853305369273635, 0.0 ], [ -68.835516776378412, -32.853262630078369, 0.0 ], [ -68.835421275372681, -32.853260520772253, 0.0 ], [ -68.835420934367377, -32.853329500119031, 0.0 ], [ -68.835420892916645, -32.853351952311463, 0.0 ], [ -68.835420653956135, -32.853365657786412, 0.0 ], [ -68.835420482870305, -32.853400463052381, 0.0 ], [ -68.835420296136107, -32.853443744246107, 0.0 ], [ -68.835419834482821, -32.853520207514286, 0.0 ], [ -68.83541953609128, -32.853566103480524, 0.0 ] ] ] ] } },
{ "type": "Feature", "properties": { "LAYER": "PARCELARIO_2026", "MAP_NAME": "Cl_Jarillal_2026.dwg", "cc pp1": "1037-3481" }, "geometry": { "type": "MultiPolygon", "coordinates": [ [ [ [ -68.83436649656872, -32.820179828108948, 0.0 ], [ -68.834374749135819, -32.820221317292372, 0.0 ], [ -68.834376865338612, -32.820231869998587, 0.0 ], [ -68.834394005545533, -32.820317914987456, 0.0 ], [ -68.834398766218058, -32.820342086882398, 0.0 ], [ -68.834422466342303, -32.820461052643644, 0.0 ], [ -68.834433363770884, -32.820515980669981, 0.0 ], [ -68.834445327347026, -32.820514283258483, 0.0 ], [ -68.834538472162166, -32.820501151387624, 0.0 ], [ -68.834518151176567, -32.820402658737137, 0.0 ], [ -68.834508096987932, -32.82035368306105, 0.0 ], [ -68.834497195854496, -32.820300738777938, 0.0 ], [ -68.834476769006258, -32.820201795127097, 0.0 ], [ -68.834469255721686, -32.820164725264668, 0.0 ], [ -68.834394910103612, -32.820175717870725, 0.0 ], [ -68.83436649656872, -32.820179828108948, 0.0 ] ] ] ] } },
{ "type": "Feature", "properties": { "LAYER": "BARRIOS_EMPADRONADOS", "MAP_NAME": "Cl_Jarillal_2026.dwg", "cc pp1": "1037 3484" }, "geometry": { "type": "MultiPolygon", "coordinates": [ [ [ [ -68.8510529166483, -32.841907267502741, 0.0 ], [ -68.850751371976628, -32.840834710205485, 0.0 ], [ -68.846914359313672, -32.840718612823622, 0.0 ], [ -68.84682068942584, -32.842574744044008, 0.0 ], [ -68.846757697850236, -32.844422246722118, 0.0 ], [ -68.846811913199261, -32.844450355909949, 0.0 ], [ -68.851163441732353, -32.844341542013829, 0.0 ], [ -68.8510529166483, -32.841907267502741, 0.0 ] ] ] ] } },
{ "type": "Feature", "properties": { "LAYER": "BARRIOS_EMPADRONADOS", "MAP_NAME": "Cl_Jarillal_2026.dwg", "cc pp1": "1037 3490" }, "geometry": { "type": "MultiPolygon", "coordinates": [ [ [ [ -68.837107046539089, -32.822513409663138, 0.0 ], [ -68.836890654577431, -32.822180039504183, 0.0 ], [ -68.836646908138732, -32.82197296160701, 0.0 ], [ -68.836280974441749, -32.821834703642843, 0.0 ], [ -68.835372440243532, -32.82181051882251, 0.0 ], [ -68.834858645365017, -32.821707499033423, 0.0 ], [ -68.832077880064077, -32.820534383650163, 0.0 ], [ -68.832848395595448, -32.823370092650229, 0.0 ], [ -68.837107046539089, -32.822513409663138, 0.0 ] ] ] ] } },
{ "type": "Feature", "properties": { "LAYER": "PARCELARIO_2026", "MAP_NAME": "Cl_Jarillal_2026.dwg", "cc pp1": "1037 3491" }, "geometry": { "type": "MultiPolygon", "coordinates": [ [ [ [ -68.833704923970913, -32.8222507477021, 0.0 ], [ -68.833716483590763, -32.822294044710048, 0.0 ], [ -68.833718393068551, -32.822300900174717, 0.0 ], [ -68.833744268768555, -32.82239831825995, 0.0 ], [ -68.833751586156154, -32.822425829860741, 0.0 ], [ -68.833781498538585, -32.822420098693094, 0.0 ], [ -68.833856172350764, -32.822405950940635, 0.0 ], [ -68.833850445054864, -32.822384753363828, 0.0 ], [ -68.833836337975669, -32.822333067167264, 0.0 ], [ -68.833819473308239, -32.822271188085672, 0.0 ], [ -68.833808442225092, -32.822230777232214, 0.0 ], [ -68.833704923970913, -32.8222507477021, 0.0 ] ] ] ] } },
{ "type": "Feature", "properties": { "LAYER": "BARRIOS_EMPADRONADOS", "MAP_NAME": "Cl_Jarillal_2026.dwg", "cc pp1": "1037 3482" }, "geometry": { "type": "MultiPolygon", "coordinates": [ [ [ [ -68.837349126502488, -32.854675460931588, 0.0 ], [ -68.834382685812429, -32.854660929689757, 0.0 ], [ -68.833986310299366, -32.855712052896017, 0.0 ], [ -68.837524360745718, -32.856064391237013, 0.0 ], [ -68.837349126502488, -32.854675460931588, 0.0 ] ] ] ] } },
{ "type": "Feature", "properties": { "LAYER": "PARCELARIO_2026", "MAP_NAME": "Cl_Jarillal_2026.dwg", "cc pp1": "1037 3482" }, "geometry": { "type": "MultiPolygon", "coordinates": [ [ [ [ -68.834235041075331, -32.85521807094019, 0.0 ], [ -68.834295703886667, -32.855227348594177, 0.0 ], [ -68.834661176655203, -32.855283015877312, 0.0 ], [ -68.834639522488033, -32.855380640977899, 0.0 ], [ -68.834618192112245, -32.855476463108417, 0.0 ], [ -68.834609034505945, -32.85551792903567, 0.0 ], [ -68.834678997132002, -32.855526112414687, 0.0 ], [ -68.834784953103139, -32.855538506417538, 0.0 ], [ -68.834890908035817, -32.855550900329327, 0.0 ], [ -68.834996758327108, -32.855563281389692, 0.0 ], [ -68.835102714387787, -32.855575675123681, 0.0 ], [ -68.835268695757975, -32.855595089066469, 0.0 ], [ -68.835314505906013, -32.855600447736656, 0.0 ], [ -68.835420460989582, -32.85561284029869, 0.0 ], [ -68.835526312496569, -32.855625221814499, 0.0 ], [ -68.835738118138124, -32.855649995532666, 0.0 ], [ -68.835928254562347, -32.85567223376426, 0.0 ], [ -68.835949796494063, -32.855327210764294, 0.0 ], [ -68.835737181046142, -32.855309791478803, 0.0 ], [ -68.835526277873072, -32.85529254179842, 0.0 ], [ -68.835001024363663, -32.855231286022438, 0.0 ], [ -68.834680982893587, -32.855193871489426, 0.0 ], [ -68.834469413589431, -32.85516913687151, 0.0 ], [ -68.834343913327146, -32.855154465192165, 0.0 ], [ -68.834266924066313, -32.85513515710776, 0.0 ], [ -68.834235041075331, -32.85521807094019, 0.0 ] ] ] ] } },
{ "type": "Feature", "properties": { "LAYER": "BARRIOS_EMPADRONADOS", "MAP_NAME": "Cl_Jarillal_2026.dwg", "cc pp1": "1037 3498" }, "geometry": { "type": "MultiPolygon", "coordinates": [ [ [ [ -68.835572262150919, -32.819324558404723, 0.0 ], [ -68.834880572083122, -32.81919735478003, 0.0 ], [ -68.834205068870659, -32.819144587419359, 0.0 ], [ -68.834744039519279, -32.819788214109671, 0.0 ], [ -68.835478830492079, -32.820439084207663, 0.0 ], [ -68.836010576684615, -32.820890960118369, 0.0 ], [ -68.835572262150919, -32.819324558404723, 0.0 ] ] ] ] } },
{ "type": "Feature", "properties": { "LAYER": "PARCELARIO_2026", "MAP_NAME": "Cl_Jarillal_2026.dwg", "cc pp1": "1037 3498" }, "geometry": { "type": "MultiPolygon", "coordinates": [ [ [ [ -68.835152721630763, -32.819498839561717, 0.0 ], [ -68.835196256345938, -32.819633430745391, 0.0 ], [ -68.835236816429457, -32.819759722342717, 0.0 ], [ -68.835248071754975, -32.819794542832724, 0.0 ], [ -68.835264741016246, -32.819846863454437, 0.0 ], [ -68.835393152146736, -32.819819169780196, 0.0 ], [ -68.835366188704356, -32.819731939790287, 0.0 ], [ -68.835339118359741, -32.81964479982301, 0.0 ], [ -68.83531215535487, -32.819557389479513, 0.0 ], [ -68.83528508528164, -32.819470159328525, 0.0 ], [ -68.835152721630763, -32.819498839561717, 0.0 ] ] ] ] } },
{ "type": "Feature", "properties": { "LAYER": "BARRIOS_EMPADRONADOS", "MAP_NAME": "Cl_Jarillal_2026.dwg", "cc pp1": "1037 3502" }, "geometry": { "type": "MultiPolygon", "coordinates": [ [ [ [ -68.839830660239784, -32.823001088692159, 0.0 ], [ -68.839292462748901, -32.822897952639295, 0.0 ], [ -68.838837635022685, -32.822776416926899, 0.0 ], [ -68.838331912192245, -32.822619547641558, 0.0 ], [ -68.837955289490154, -32.822518223497156, 0.0 ], [ -68.837184044381601, -32.822324532567265, 0.0 ], [ -68.837466594455037, -32.822889158995906, 0.0 ], [ -68.837815312421498, -32.822971985607715, 0.0 ], [ -68.838174203370173, -32.823052160421632, 0.0 ], [ -68.8385331826738, -32.823142884223365, 0.0 ], [ -68.838895605138902, -32.823219725230331, 0.0 ], [ -68.839221214340583, -32.823280106954876, 0.0 ], [ -68.839496968021379, -32.823331406912317, 0.0 ], [ -68.839733329591311, -32.823374811039166, 0.0 ], [ -68.839830660239784, -32.823001088692159, 0.0 ] ] ] ] } },
{ "type": "Feature", "properties": { "LAYER": "PARCELARIO_2026", "MAP_NAME": "Cl_Jarillal_2026.dwg", "cc pp1": "1037 3502" }, "geometry": { "type": "MultiPolygon", "coordinates": [ [ [ [ -68.838903806187957, -32.823179341208657, 0.0 ], [ -68.839125885529754, -32.823229337571419, 0.0 ], [ -68.839219822105605, -32.822936766976078, 0.0 ], [ -68.839231397131982, -32.822900717403378, 0.0 ], [ -68.838927950645356, -32.822819146292161, 0.0 ], [ -68.838903806187957, -32.823179341208657, 0.0 ] ] ] ] } },
{ "type": "Feature", "properties": { "LAYER": "BARRIOS_EMPADRONADOS", "MAP_NAME": "Cl_Jarillal_2026.dwg", "cc pp1": "1041 2076" }, "geometry": { "type": "MultiPolygon", "coordinates": [ [ [ [ -68.849814551592274, -32.851722434352212, 0.0 ], [ -68.848472599345143, -32.851717931093397, 0.0 ], [ -68.848319129566562, -32.851694120691711, 0.0 ], [ -68.847844504684858, -32.851752605628882, 0.0 ], [ -68.847223292562589, -32.851822722109866, 0.0 ], [ -68.846574161898744, -32.851851503549995, 0.0 ], [ -68.846600606159654, -32.852640084217136, 0.0 ], [ -68.848443014667893, -32.852661017040916, 0.0 ], [ -68.849815248683086, -32.852658754965141, 0.0 ], [ -68.849814551592274, -32.851722434352212, 0.0 ] ] ] ] } },
{ "type": "Feature", "properties": { "LAYER": "PARCELARIO_2026", "MAP_NAME": "Cl_Jarillal_2026.dwg", "cc pp1": "1041 2076" }, "geometry": { "type": "MultiPolygon", "coordinates": [ [ [ [ -68.847511844036617, -32.851834866828881, 0.0 ], [ -68.847509556506026, -32.851923140186656, 0.0 ], [ -68.847507980726746, -32.851970026514685, 0.0 ], [ -68.8475065885237, -32.852034496158964, 0.0 ], [ -68.847505654937365, -32.852080661911081, 0.0 ], [ -68.847504971096214, -32.852105728256021, 0.0 ], [ -68.847498609728063, -32.852389755070966, 0.0 ], [ -68.847494799981519, -32.852556023355987, 0.0 ], [ -68.847493874866416, -32.852597229781047, 0.0 ], [ -68.847622275814828, -32.852600902825721, 0.0 ], [ -68.847701431486456, -32.852603163265464, 0.0 ], [ -68.847729632783214, -32.852603918944247, 0.0 ], [ -68.847917967974908, -32.852605410362344, 0.0 ], [ -68.84791820255046, -32.852593147568285, 0.0 ], [ -68.847919027256083, -32.852548063720576, 0.0 ], [ -68.847921527824226, -32.852397303018833, 0.0 ], [ -68.847922489655502, -32.852334455904789, 0.0 ], [ -68.84792414720782, -32.852239509220787, 0.0 ], [ -68.847924734718219, -32.85220822104715, 0.0 ], [ -68.847926053787603, -32.852123823805513, 0.0 ], [ -68.847927239571547, -32.852054935590452, 0.0 ], [ -68.847927943596503, -32.852017966865851, 0.0 ], [ -68.847929257583615, -32.851936545215843, 0.0 ], [ -68.847929734110039, -32.851907691487924, 0.0 ], [ -68.847930095196006, -32.851883887123357, 0.0 ], [ -68.847932484761898, -32.851860806581527, 0.0 ], [ -68.847931895325473, -32.851830599012182, 0.0 ], [ -68.847930589016912, -32.851782266459509, 0.0 ], [ -68.847639852023732, -32.85181780034187, 0.0 ], [ -68.847511844036617, -32.851834866828881, 0.0 ] ] ] ] } },
{ "type": "Feature", "properties": { "LAYER": "PARCELARIO_2026", "MAP_NAME": "Cl_Jarillal_2026.dwg", "cc pp1": "1041 2078" }, "geometry": { "type": "MultiPolygon", "coordinates": [ [ [ [ -68.843333423133842, -32.852407612673765, 0.0 ], [ -68.843334034340472, -32.852314518639076, 0.0 ], [ -68.842974970165329, -32.852323897066171, 0.0 ], [ -68.842976122964117, -32.852352329919242, 0.0 ], [ -68.843170760900406, -32.852348656141515, 0.0 ], [ -68.843171244987843, -32.852411721432524, 0.0 ], [ -68.843333423133842, -32.852407612673765, 0.0 ] ] ] ] } },
{ "type": "Feature", "properties": { "LAYER": "PARCELARIO_2026", "MAP_NAME": "Cl_Jarillal_2026.dwg", "cc pp1": "1041 2079" }, "geometry": { "type": "MultiPolygon", "coordinates": [ [ [ [ -68.843171244987843, -32.852411721432524, 0.0 ], [ -68.843170760900406, -32.852348656141515, 0.0 ], [ -68.842976122964117, -32.852352329919242, 0.0 ], [ -68.84297870088227, -32.852417132703117, 0.0 ], [ -68.843171244987843, -32.852411721432524, 0.0 ] ] ] ] } },
{ "type": "Feature", "properties": { "LAYER": "BARRIOS_EMPADRONADOS", "MAP_NAME": "Cl_Jarillal_2026.dwg", "cc pp1": "1041 2080" }, "geometry": { "type": "MultiPolygon", "coordinates": [ [ [ [ -68.846636204814274, -32.845877959242706, 0.0 ], [ -68.842849726515325, -32.845394976330169, 0.0 ], [ -68.842637181955467, -32.848079328629169, 0.0 ], [ -68.842838640059057, -32.849560912825851, 0.0 ], [ -68.846619165533312, -32.850112573389254, 0.0 ], [ -68.846636204814274, -32.845877959242706, 0.0 ] ] ] ] } },
{ "type": "Feature", "properties": { "LAYER": "BARRIOS_EMPADRONADOS", "MAP_NAME": "Cl_Jarillal_2026.dwg", "cc pp1": "1041 2082" }, "geometry": { "type": "MultiPolygon", "coordinates": [ [ [ [ -68.842780209884154, -32.845050520759465, 0.0 ], [ -68.838523220651012, -32.845177897612537, 0.0 ], [ -68.839931298828915, -32.851640504411854, 0.0 ], [ -68.841205098872848, -32.851642127369772, 0.0 ], [ -68.841146707922547, -32.849811970578379, 0.0 ], [ -68.842769243508783, -32.849634453592543, 0.0 ], [ -68.842561325973094, -32.848038584782351, 0.0 ], [ -68.84281455573668, -32.845251240360312, 0.0 ], [ -68.842780209884154, -32.845050520759465, 0.0 ] ] ] ] } },
{ "type": "Feature", "properties": { "LAYER": "PARCELARIO_2026", "MAP_NAME": "Cl_Jarillal_2026.dwg", "cc pp1": "1041 2082" }, "geometry": { "type": "MultiPolygon", "coordinates": [ [ [ [ -68.840738130183453, -32.847192015792167, 0.0 ], [ -68.840740138277027, -32.847208248003739, 0.0 ], [ -68.840748798293717, -32.84727822805646, 0.0 ], [ -68.840754557251728, -32.847324766589708, 0.0 ], [ -68.840764929994023, -32.847323966457679, 0.0 ], [ -68.840967807925566, -32.84730832120389, 0.0 ], [ -68.841027213190557, -32.847303739415331, 0.0 ], [ -68.841065130463065, -32.847300815582472, 0.0 ], [ -68.841088456478971, -32.847299365519682, 0.0 ], [ -68.841114505677751, -32.847297746685818, 0.0 ], [ -68.841166088065947, -32.847294541709672, 0.0 ], [ -68.841165903013689, -32.847278491256745, 0.0 ], [ -68.841164720253005, -32.847162892116479, 0.0 ], [ -68.841140899372093, -32.847164521003236, 0.0 ], [ -68.841133737188088, -32.847165011451558, 0.0 ], [ -68.841095495786959, -32.847167627414883, 0.0 ], [ -68.841041859533334, -32.847171296832634, 0.0 ], [ -68.841012374237721, -32.847173338690745, 0.0 ], [ -68.84095371359615, -32.847177326298421, 0.0 ], [ -68.840802877148477, -32.847187644691644, 0.0 ], [ -68.840773910034713, -32.847189625837316, 0.0 ], [ -68.840744863860706, -32.847191613187547, 0.0 ], [ -68.840741545632198, -32.847191810944977, 0.0 ], [ -68.840738130183453, -32.847192015792167, 0.0 ] ] ] ] } },
{ "type": "Feature", "properties": { "LAYER": "BARRIOS_EMPADRONADOS", "MAP_NAME": "Cl_Jarillal_2026.dwg", "cc pp1": "1041 2084" }, "geometry": { "type": "MultiPolygon", "coordinates": [ [ [ [ -68.838023556739444, -32.847125858347596, 0.0 ], [ -68.836368539060501, -32.847209698526257, 0.0 ], [ -68.834030820409694, -32.847048146997338, 0.0 ], [ -68.834359057087852, -32.851616250840067, 0.0 ], [ -68.839000327145101, -32.851682288665302, 0.0 ], [ -68.838023556739444, -32.847125858347596, 0.0 ] ] ] ] } },
{ "type": "Feature", "properties": { "LAYER": "PARCELARIO_2026", "MAP_NAME": "Cl_Jarillal_2026.dwg", "cc pp1": "1041 2084" }, "geometry": { "type": "MultiPolygon", "coordinates": [ [ [ [ -68.83617903154051, -32.849023205627972, 0.0 ], [ -68.83618358995696, -32.849100396883927, 0.0 ], [ -68.836188986403215, -32.849186606208605, 0.0 ], [ -68.836189634769454, -32.849240708893767, 0.0 ], [ -68.836190017168946, -32.849265145390312, 0.0 ], [ -68.836190966790369, -32.849329708157327, 0.0 ], [ -68.836229002846451, -32.84932606098355, 0.0 ], [ -68.836301121642293, -32.849319212278395, 0.0 ], [ -68.836294706842281, -32.849205770370261, 0.0 ], [ -68.836294498658461, -32.849202794496904, 0.0 ], [ -68.836197588590068, -32.849214119235931, 0.0 ], [ -68.836197211489704, -32.849186797314871, 0.0 ], [ -68.836192029510784, -32.849100137422639, 0.0 ], [ -68.836191406626995, -32.849090308106803, 0.0 ], [ -68.836197602720844, -32.849090135878072, 0.0 ], [ -68.836193346705997, -32.849022773518918, 0.0 ], [ -68.83617903154051, -32.849023205627972, 0.0 ] ] ] ] } },
{ "type": "Feature", "properties": { "LAYER": "PARCELARIO_2026", "MAP_NAME": "Cl_Jarillal_2026.dwg", "cc pp1": "1041 2085" }, "geometry": { "type": "MultiPolygon", "coordinates": [ [ [ [ -68.836082793193825, -32.849250307317689, 0.0 ], [ -68.836058219601696, -32.849252529369394, 0.0 ], [ -68.836047749056576, -32.849253507518505, 0.0 ], [ -68.835997747278142, -32.849257950483306, 0.0 ], [ -68.835970502591849, -32.849260439526248, 0.0 ], [ -68.835958643170912, -32.849261506017044, 0.0 ], [ -68.835924667593844, -32.849264527244664, 0.0 ], [ -68.835833852175128, -32.849272703752256, 0.0 ], [ -68.835837858349251, -32.849301563320054, 0.0 ], [ -68.835846292687975, -32.849362168439676, 0.0 ], [ -68.835879627527945, -32.849359056223392, 0.0 ], [ -68.835920441525701, -32.849355142277609, 0.0 ], [ -68.835974183356683, -32.849350073058211, 0.0 ], [ -68.835984974385326, -32.84934909533537, 0.0 ], [ -68.836017988744317, -32.849345982662143, 0.0 ], [ -68.836102180649277, -32.849338067855335, 0.0 ], [ -68.83614577237779, -32.849333977134663, 0.0 ], [ -68.836187761579993, -32.84932997447072, 0.0 ], [ -68.836190966790369, -32.849329708157327, 0.0 ], [ -68.836190017168946, -32.849265145390312, 0.0 ], [ -68.836189634769454, -32.849240708893767, 0.0 ], [ -68.836150210206156, -32.84924426406792, 0.0 ], [ -68.836145081841124, -32.849244708201525, 0.0 ], [ -68.836111960865992, -32.849247730599068, 0.0 ], [ -68.836082793193825, -32.849250307317689, 0.0 ] ] ] ] } },
{ "type": "Feature", "properties": { "LAYER": "PARCELARIO_2026", "MAP_NAME": "Cl_Jarillal_2026.dwg", "cc pp1": "1041 2086" }, "geometry": { "type": "MultiPolygon", "coordinates": [ [ [ [ -68.838037812400657, -32.845532942887552, 0.0 ], [ -68.838012381559125, -32.845537238121842, 0.0 ], [ -68.837907239296598, -32.845554775258179, 0.0 ], [ -68.83788736484793, -32.84555808579622, 0.0 ], [ -68.83784868463087, -32.845564437738176, 0.0 ], [ -68.837813423445454, -32.845570343250373, 0.0 ], [ -68.837783077583083, -32.845575353426312, 0.0 ], [ -68.837803417463974, -32.845668525175014, 0.0 ], [ -68.837976628402032, -32.845637550805989, 0.0 ], [ -68.837992228943961, -32.845634865909517, 0.0 ], [ -68.837997678697221, -32.84563379092711, 0.0 ], [ -68.838049609937968, -32.845624480485398, 0.0 ], [ -68.838086795187422, -32.845617856037862, 0.0 ], [ -68.838138405788058, -32.8456086353142, 0.0 ], [ -68.838208502010275, -32.845596192357362, 0.0 ], [ -68.838225171385588, -32.845593148134505, 0.0 ], [ -68.838201936654897, -32.845505653406178, 0.0 ], [ -68.838153853445775, -32.845513616341293, 0.0 ], [ -68.838037812400657, -32.845532942887552, 0.0 ] ] ] ] } },
{ "type": "Feature", "properties": { "LAYER": "PARCELARIO_2026", "MAP_NAME": "Cl_Jarillal_2026.dwg", "cc pp1": "1041 2087" }, "geometry": { "type": "MultiPolygon", "coordinates": [ [ [ [ -68.837803417463974, -32.845668525175014, 0.0 ], [ -68.837806171315265, -32.845681423022931, 0.0 ], [ -68.837822590899904, -32.845757006578914, 0.0 ], [ -68.837912454788807, -32.845741343292353, 0.0 ], [ -68.837932329605209, -32.845737852411411, 0.0 ], [ -68.837945686301424, -32.845735525294018, 0.0 ], [ -68.837984153602349, -32.845728812367589, 0.0 ], [ -68.838014713636198, -32.84572353191097, 0.0 ], [ -68.838046662974548, -32.845717892565688, 0.0 ], [ -68.838097738885097, -32.845709031846219, 0.0 ], [ -68.838165590838173, -32.845697217198754, 0.0 ], [ -68.838249043479706, -32.845682627416387, 0.0 ], [ -68.838225171385588, -32.845593148134505, 0.0 ], [ -68.838208502010275, -32.845596192357362, 0.0 ], [ -68.838138405788058, -32.8456086353142, 0.0 ], [ -68.838086795187422, -32.845617856037862, 0.0 ], [ -68.838049609937968, -32.845624480485398, 0.0 ], [ -68.837997678697221, -32.84563379092711, 0.0 ], [ -68.837992228943961, -32.845634865909517, 0.0 ], [ -68.837976628402032, -32.845637550805989, 0.0 ], [ -68.837803417463974, -32.845668525175014, 0.0 ] ] ] ] } },
{ "type": "Feature", "properties": { "LAYER": "BARRIOS_EMPADRONADOS", "MAP_NAME": "Cl_Jarillal_2026.dwg", "cc pp1": "1041 2088" }, "geometry": { "type": "MultiPolygon", "coordinates": [ [ [ [ -68.84012933269419, -32.843137727463187, 0.0 ], [ -68.839672457322223, -32.843089803839916, 0.0 ], [ -68.837956217271241, -32.843158647223866, 0.0 ], [ -68.837900338037187, -32.843166419632595, 0.0 ], [ -68.83845712355118, -32.845139784387435, 0.0 ], [ -68.840107130457497, -32.845095015123285, 0.0 ], [ -68.84012933269419, -32.843137727463187, 0.0 ] ] ] ] } },
{ "type": "Feature", "properties": { "LAYER": "BARRIOS_EMPADRONADOS", "MAP_NAME": "Cl_Jarillal_2026.dwg", "cc pp1": "1041 2092" }, "geometry": { "type": "MultiPolygon", "coordinates": [ [ [ [ -68.837211161779152, -32.841863154968586, 0.0 ], [ -68.836568564558917, -32.839355325070386, 0.0 ], [ -68.833621327577532, -32.838996262702203, 0.0 ], [ -68.833727776407414, -32.84194108091863, 0.0 ], [ -68.837151126035337, -32.842158743745955, 0.0 ], [ -68.837211161779152, -32.841863154968586, 0.0 ] ] ] ] } },
{ "type": "Feature", "properties": { "LAYER": "PARCELARIO_2026", "MAP_NAME": "Cl_Jarillal_2026.dwg", "cc pp1": "1041 2092" }, "geometry": { "type": "MultiPolygon", "coordinates": [ [ [ [ -68.835242387910213, -32.840021152331808, 0.0 ], [ -68.835120184601067, -32.840026221251868, 0.0 ], [ -68.835124129135608, -32.840088082970539, 0.0 ], [ -68.835125784800354, -32.840116939505819, 0.0 ], [ -68.835197781750821, -32.840114239065656, 0.0 ], [ -68.835220427549984, -32.840113457354626, 0.0 ], [ -68.835236664251596, -32.840112847541924, 0.0 ], [ -68.835251619200207, -32.840112236039879, 0.0 ], [ -68.83538151263744, -32.840107447616539, 0.0 ], [ -68.835376555051425, -32.840015648180383, 0.0 ], [ -68.835327737856062, -32.840017657865559, 0.0 ], [ -68.835242387910213, -32.840021152331808, 0.0 ] ] ] ] } },
{ "type": "Feature", "properties": { "LAYER": "PARCELARIO_2026", "MAP_NAME": "Cl_Jarillal_2026.dwg", "cc pp1": "1041 2093" }, "geometry": { "type": "MultiPolygon", "coordinates": [ [ [ [ -68.835197781750821, -32.840114239065656, 0.0 ], [ -68.835192433961652, -32.840175908205325, 0.0 ], [ -68.835232052851865, -32.840180649202964, 0.0 ], [ -68.835352190636314, -32.840195234485485, 0.0 ], [ -68.835384817644751, -32.84016867729634, 0.0 ], [ -68.83538151263744, -32.840107447616539, 0.0 ], [ -68.835251619200207, -32.840112236039879, 0.0 ], [ -68.835236664251596, -32.840112847541924, 0.0 ], [ -68.835220427549984, -32.840113457354626, 0.0 ], [ -68.835197781750821, -32.840114239065656, 0.0 ] ] ] ] } },
{ "type": "Feature", "properties": { "LAYER": "BARRIOS_EMPADRONADOS", "MAP_NAME": "Cl_Jarillal_2026.dwg", "cc pp1": "1041 2090" }, "geometry": { "type": "MultiPolygon", "coordinates": [ [ [ [ -68.836770878474567, -32.843363593848103, 0.0 ], [ -68.83543991668229, -32.843280372934508, 0.0 ], [ -68.835546396343531, -32.842150686669115, 0.0 ], [ -68.833866373018168, -32.84202696742625, 0.0 ], [ -68.834108222654393, -32.846959068409951, 0.0 ], [ -68.836277244196651, -32.847124230510673, 0.0 ], [ -68.83647028382569, -32.845050548496097, 0.0 ], [ -68.836875586799266, -32.84336736641, 0.0 ], [ -68.836770878474567, -32.843363593848103, 0.0 ] ] ] ] } },
{ "type": "Feature", "properties": { "LAYER": "PARCELARIO_2026", "MAP_NAME": "Cl_Jarillal_2026.dwg", "cc pp1": "1041 2090" }, "geometry": { "type": "MultiPolygon", "coordinates": [ [ [ [ -68.834059372210433, -32.844448418249279, 0.0 ], [ -68.83406257819648, -32.844505049129459, 0.0 ], [ -68.834065162405452, -32.844551399828504, 0.0 ], [ -68.834594524539938, -32.844567249130868, 0.0 ], [ -68.834597693729066, -32.84447113232121, 0.0 ], [ -68.835152181717788, -32.84447402801954, 0.0 ], [ -68.83518570358018, -32.844195357332545, 0.0 ], [ -68.834575435611299, -32.844204741327928, 0.0 ], [ -68.834579323613809, -32.844412136995871, 0.0 ], [ -68.834525060131199, -32.844412065257622, 0.0 ], [ -68.834525179567038, -32.844462831009068, 0.0 ], [ -68.834462053679772, -32.844460853959177, 0.0 ], [ -68.834365922728537, -32.844457931500848, 0.0 ], [ -68.834336763107942, -32.844456991206059, 0.0 ], [ -68.834327363632497, -32.844456708253702, 0.0 ], [ -68.834228669227983, -32.844453692126557, 0.0 ], [ -68.834059372210433, -32.844448418249279, 0.0 ] ] ] ] } },
{ "type": "Feature", "properties": { "LAYER": "BARRIOS_EMPADRONADOS", "MAP_NAME": "Cl_Jarillal_2026.dwg", "cc pp1": "1041 2094" }, "geometry": { "type": "MultiPolygon", "coordinates": [ [ [ [ -68.840223058919761, -32.840943379199551, 0.0 ], [ -68.840267899362985, -32.837436369147291, 0.0 ], [ -68.83782806845673, -32.837096183977572, 0.0 ], [ -68.837754422146148, -32.838300668176331, 0.0 ], [ -68.837416446412121, -32.840951945068994, 0.0 ], [ -68.840223058919761, -32.840943379199551, 0.0 ] ] ] ] } },
{ "type": "Feature", "properties": { "LAYER": "PARCELARIO_2026", "MAP_NAME": "Cl_Jarillal_2026.dwg", "cc pp1": "1041 2094" }, "geometry": { "type": "MultiPolygon", "coordinates": [ [ [ [ -68.839327249871644, -32.839404132299627, 0.0 ], [ -68.839337268088514, -32.839178630299891, 0.0 ], [ -68.839346468987372, -32.838636540781316, 0.0 ], [ -68.839342348730014, -32.838196235925068, 0.0 ], [ -68.839082485063713, -32.838192475629711, 0.0 ], [ -68.838812154160664, -32.838188611144965, 0.0 ], [ -68.838624919850346, -32.8381859352845, 0.0 ], [ -68.838562223588497, -32.83818504290138, 0.0 ], [ -68.838562198945766, -32.838198658523098, 0.0 ], [ -68.83856107784294, -32.83887709529693, 0.0 ], [ -68.83856860065238, -32.839205774207208, 0.0 ], [ -68.838563449532984, -32.839396747357576, 0.0 ], [ -68.838836136227087, -32.839399353040768, 0.0 ], [ -68.839074536644276, -32.839401733709614, 0.0 ], [ -68.839327249871644, -32.839404132299627, 0.0 ] ] ] ] } },
{ "type": "Feature", "properties": { "LAYER": "BARRIOS_EMPADRONADOS", "MAP_NAME": "Cl_Jarillal_2026.dwg", "cc pp1": "1041 2096" }, "geometry": { "type": "MultiPolygon", "coordinates": [ [ [ [ -68.835715105678943, -32.837830620187589, 0.0 ], [ -68.833588674130368, -32.837572720339679, 0.0 ], [ -68.833729688737805, -32.838942872366459, 0.0 ], [ -68.836022594364408, -32.839236469594404, 0.0 ], [ -68.835715105678943, -32.837830620187589, 0.0 ] ] ] ] } },
{ "type": "Feature", "properties": { "LAYER": "PARCELARIO_2026", "MAP_NAME": "Cl_Jarillal_2026.dwg", "cc pp1": "1041 2098" }, "geometry": { "type": "MultiPolygon", "coordinates": [ [ [ [ -68.833914361804801, -32.834240549881741, 0.0 ], [ -68.833906972941477, -32.834308257700876, 0.0 ], [ -68.834125569997042, -32.834327032421427, 0.0 ], [ -68.834133320019575, -32.834237323602686, 0.0 ], [ -68.834095733974038, -32.834232134102578, 0.0 ], [ -68.833989690358479, -32.834224238885128, 0.0 ], [ -68.833953381295785, -32.834221575794245, 0.0 ], [ -68.833916858623965, -32.834218912409419, 0.0 ], [ -68.833914361804801, -32.834240549881741, 0.0 ] ] ] ] } },
{ "type": "Feature", "properties": { "LAYER": "PARCELARIO_2026", "MAP_NAME": "Cl_Jarillal_2026.dwg", "cc pp1": "1041 2099" }, "geometry": { "type": "MultiPolygon", "coordinates": [ [ [ [ -68.833551047764786, -32.83444817947975, 0.0 ], [ -68.833579772339377, -32.834451553962793, 0.0 ], [ -68.833609351195591, -32.834455019744809, 0.0 ], [ -68.833698835083766, -32.834465598381776, 0.0 ], [ -68.833753294362765, -32.83447198262256, 0.0 ], [ -68.834154157319944, -32.834519132268397, 0.0 ], [ -68.83414896269278, -32.834440767711023, 0.0 ], [ -68.834143897531433, -32.834407668632537, 0.0 ], [ -68.834136035974467, -32.834385025560792, 0.0 ], [ -68.834131692475879, -32.834365903778192, 0.0 ], [ -68.834125569997042, -32.834327032421427, 0.0 ], [ -68.833906972941477, -32.834308257700876, 0.0 ], [ -68.833722868859653, -32.834292413863658, 0.0 ], [ -68.833655057796989, -32.83428664305552, 0.0 ], [ -68.833621419367475, -32.834283712907762, 0.0 ], [ -68.833583616189088, -32.834280416533971, 0.0 ], [ -68.833545810153439, -32.834278653033913, 0.0 ], [ -68.833551047764786, -32.83444817947975, 0.0 ] ] ] ] } },
{ "type": "Feature", "properties": { "LAYER": "PARCELARIO_2026", "MAP_NAME": "Cl_Jarillal_2026.dwg", "cc pp1": "1041 2100" }, "geometry": { "type": "MultiPolygon", "coordinates": [ [ [ [ -68.837879833768525, -32.835220623934283, 0.0 ], [ -68.837948813001617, -32.835230631953756, 0.0 ], [ -68.838074491991563, -32.835248828594651, 0.0 ], [ -68.838097344909514, -32.835250932065918, 0.0 ], [ -68.838123826482601, -32.835254573114881, 0.0 ], [ -68.838212134065515, -32.83526667989377, 0.0 ], [ -68.838397184768354, -32.835292166535396, 0.0 ], [ -68.838493176652975, -32.835307529154811, 0.0 ], [ -68.83857678254671, -32.835320891988601, 0.0 ], [ -68.838972175638261, -32.835384159572371, 0.0 ], [ -68.839334041426383, -32.83544206284882, 0.0 ], [ -68.839334262511088, -32.835437915315765, 0.0 ], [ -68.839341537020701, -32.835312858956748, 0.0 ], [ -68.839344517755563, -32.835259031332136, 0.0 ], [ -68.83934584377036, -32.835234416641988, 0.0 ], [ -68.839344634512187, -32.835194199298819, 0.0 ], [ -68.838931066767458, -32.835140918366754, 0.0 ], [ -68.838457919163005, -32.835077730663848, 0.0 ], [ -68.83843570859068, -32.835074816558176, 0.0 ], [ -68.838322520597586, -32.835059702193064, 0.0 ], [ -68.838274471804667, -32.83505179533396, 0.0 ], [ -68.838266143335019, -32.835050432023408, 0.0 ], [ -68.838241264734307, -32.835046342226512, 0.0 ], [ -68.838203146032797, -32.835040071231788, 0.0 ], [ -68.838157869163382, -32.835034963179105, 0.0 ], [ -68.838040512208138, -32.835021826906939, 0.0 ], [ -68.837950919444353, -32.835011792251578, 0.0 ], [ -68.837889518079564, -32.835004859825936, 0.0 ], [ -68.837884505150896, -32.835118557620682, 0.0 ], [ -68.837883171852496, -32.835146959422829, 0.0 ], [ -68.837879833768525, -32.835220623934283, 0.0 ] ] ] ] } },
{ "type": "Feature", "properties": { "LAYER": "BARRIOS_EMPADRONADOS", "MAP_NAME": "Cl_Jarillal_2026.dwg", "cc pp1": "1041 2102" }, "geometry": { "type": "MultiPolygon", "coordinates": [ [ [ [ -68.843520220009509, -32.838138777493818, 0.0 ], [ -68.843542152560531, -32.835740654999483, 0.0 ], [ -68.840552504021133, -32.835685368752458, 0.0 ], [ -68.840383434188993, -32.83753201349446, 0.0 ], [ -68.84040370097992, -32.838109557526778, 0.0 ], [ -68.843520220009509, -32.838138777493818, 0.0 ] ] ] ] } },
{ "type": "Feature", "properties": { "LAYER": "BARRIOS_EMPADRONADOS", "MAP_NAME": "Cl_Jarillal_2026.dwg", "cc pp1": "1041 2104" }, "geometry": { "type": "MultiPolygon", "coordinates": [ [ [ [ -68.843550252506077, -32.835670325118059, 0.0 ], [ -68.843527912294746, -32.835269372590055, 0.0 ], [ -68.842677641449725, -32.833144629284931, 0.0 ], [ -68.841917951795679, -32.833017344008134, 0.0 ], [ -68.841240021425946, -32.832740926543742, 0.0 ], [ -68.840806191163452, -32.83255669929931, 0.0 ], [ -68.840612250518959, -32.832504141683401, 0.0 ], [ -68.840570057341637, -32.835599274011997, 0.0 ], [ -68.843550252506077, -32.835670325118059, 0.0 ] ] ] ] } },
{ "type": "Feature", "properties": { "LAYER": "PARCELARIO_2026", "MAP_NAME": "Cl_Jarillal_2026.dwg", "cc pp1": "1041 2104" }, "geometry": { "type": "MultiPolygon", "coordinates": [ [ [ [ -68.84193473852396, -32.834415710987507, 0.0 ], [ -68.841931738931819, -32.834481080413774, 0.0 ], [ -68.841930291019239, -32.834514621806662, 0.0 ], [ -68.841930178780999, -32.834517687443231, 0.0 ], [ -68.841961791780179, -32.834518629062266, 0.0 ], [ -68.842037727224337, -32.834520798826574, 0.0 ], [ -68.842038409891771, -32.834497175161196, 0.0 ], [ -68.842041147103586, -32.834398983538946, 0.0 ], [ -68.842043644035115, -32.834315849994006, 0.0 ], [ -68.842043768402846, -32.834305931456129, 0.0 ], [ -68.842044452503686, -32.834281496262115, 0.0 ], [ -68.84204605075962, -32.834223338658845, 0.0 ], [ -68.842003971382994, -32.834222113340196, 0.0 ], [ -68.841943415737347, -32.834220233487741, 0.0 ], [ -68.841938635214404, -32.834326267316065, 0.0 ], [ -68.84193473852396, -32.834415710987507, 0.0 ] ] ] ] } },
{ "type": "Feature", "properties": { "LAYER": "BARRIOS_EMPADRONADOS", "MAP_NAME": "Cl_Jarillal_2026.dwg", "cc pp1": "1041 2106" }, "geometry": { "type": "MultiPolygon", "coordinates": [ [ [ [ -68.845619090463885, -32.840330327032653, 0.0 ], [ -68.843251152610549, -32.839901691760105, 0.0 ], [ -68.843216556457847, -32.840381442309528, 0.0 ], [ -68.84332557920915, -32.840400604679267, 0.0 ], [ -68.84552941009315, -32.840799009526648, 0.0 ], [ -68.845619090463885, -32.840330327032653, 0.0 ] ] ] ] } },
{ "type": "Feature", "properties": { "LAYER": "BARRIOS_EMPADRONADOS", "MAP_NAME": "Cl_Jarillal_2026.dwg", "cc pp1": "1041 2108" }, "geometry": { "type": "MultiPolygon", "coordinates": [ [ [ [ -68.843081644169843, -32.84063689646829, 0.0 ], [ -68.840381118621806, -32.840755708539938, 0.0 ], [ -68.840398673920689, -32.841317647270756, 0.0 ], [ -68.841682331148647, -32.841257772358908, 0.0 ], [ -68.843027708662262, -32.841190316816984, 0.0 ], [ -68.843081644169843, -32.84063689646829, 0.0 ] ] ] ] } },
{ "type": "Feature", "properties": { "LAYER": "PARCELARIO_2026", "MAP_NAME": "Cl_Jarillal_2026.dwg", "cc pp1": "1041 2108" }, "geometry": { "type": "MultiPolygon", "coordinates": [ [ [ [ -68.841008762297847, -32.840815455283789, 0.0 ], [ -68.841009314612108, -32.840865139576614, 0.0 ], [ -68.84100978293813, -32.840902019642826, 0.0 ], [ -68.841009867891302, -32.840914282851145, 0.0 ], [ -68.841092441968996, -32.840910420249394, 0.0 ], [ -68.841236973131231, -32.840903750768703, 0.0 ], [ -68.841256949060877, -32.840902784239148, 0.0 ], [ -68.841502641430495, -32.840891373550257, 0.0 ], [ -68.84155519825579, -32.840888915342568, 0.0 ], [ -68.841555263452165, -32.840852216293086, 0.0 ], [ -68.841555156349528, -32.840792253201798, 0.0 ], [ -68.841542230945052, -32.840792777856656, 0.0 ], [ -68.841363304244382, -32.840800395965871, 0.0 ], [ -68.841327198363672, -32.840801973252532, 0.0 ], [ -68.841288101540698, -32.84080363690574, 0.0 ], [ -68.841232126884236, -32.840806000495746, 0.0 ], [ -68.841008762297847, -32.840815455283789, 0.0 ] ] ] ] } },
{ "type": "Feature", "properties": { "LAYER": "BARRIOS_EMPADRONADOS", "MAP_NAME": "Cl_Jarillal_2026.dwg", "cc pp1": "1041 2110" }, "geometry": { "type": "MultiPolygon", "coordinates": [ [ [ [ -68.837040400297511, -32.842274965446265, 0.0 ], [ -68.835641051407336, -32.842188423905178, 0.0 ], [ -68.835506621151765, -32.843243954937712, 0.0 ], [ -68.836830046907878, -32.843334434655546, 0.0 ], [ -68.837040400297511, -32.842274965446265, 0.0 ] ] ] ] } },
{ "type": "Feature", "properties": { "LAYER": "PARCELARIO_2026", "MAP_NAME": "Cl_Jarillal_2026.dwg", "cc pp1": "1041 2110" }, "geometry": { "type": "MultiPolygon", "coordinates": [ [ [ [ -68.836343001180566, -32.842997727658293, 0.0 ], [ -68.836409755513287, -32.843000970878485, 0.0 ], [ -68.836462835227465, -32.843005368402316, 0.0 ], [ -68.836461430247056, -32.843014293378275, 0.0 ], [ -68.836559152542037, -32.843022355982704, 0.0 ], [ -68.83665570004159, -32.843030326807686, 0.0 ], [ -68.836661652058922, -32.842988225271235, 0.0 ], [ -68.83666717003517, -32.842949820130315, 0.0 ], [ -68.836671606634624, -32.842918627163158, 0.0 ], [ -68.836700869953702, -32.842921009765682, 0.0 ], [ -68.836868867276408, -32.842934573995009, 0.0 ], [ -68.83691019901444, -32.842937964147126, 0.0 ], [ -68.836914080836294, -32.842918041675638, 0.0 ], [ -68.836872748282673, -32.842915102372828, 0.0 ], [ -68.836676872494195, -32.84290123126025, 0.0 ], [ -68.836465297121549, -32.842886076949782, 0.0 ], [ -68.836352406939895, -32.842878084609119, 0.0 ], [ -68.836351421107153, -32.842891428453214, 0.0 ], [ -68.836346936577385, -32.842948680423738, 0.0 ], [ -68.836345954052348, -32.842960220875618, 0.0 ], [ -68.836343001180566, -32.842997727658293, 0.0 ] ] ] ] } },
{ "type": "Feature", "properties": { "LAYER": "BARRIOS_EMPADRONADOS", "MAP_NAME": "Cl_Jarillal_2026.dwg", "cc pp1": "1041 2112" }, "geometry": { "type": "MultiPolygon", "coordinates": [ [ [ [ -68.835444211818114, -32.83681997638039, 0.0 ], [ -68.833502418999572, -32.836536168416089, 0.0 ], [ -68.833597087672047, -32.837531551728262, 0.0 ], [ -68.8357235182647, -32.837789451431895, 0.0 ], [ -68.835444211818114, -32.83681997638039, 0.0 ] ] ] ] } },
{ "type": "Feature", "properties": { "LAYER": "BARRIOS_EMPADRONADOS", "MAP_NAME": "Cl_Jarillal_2026.dwg", "cc pp1": "1041 2114" }, "geometry": { "type": "MultiPolygon", "coordinates": [ [ [ [ -68.837727531396183, -32.837088721528893, 0.0 ], [ -68.837183494873827, -32.837008970858335, 0.0 ], [ -68.837360711275721, -32.837701074912985, 0.0 ], [ -68.836465388315787, -32.837898011531145, 0.0 ], [ -68.836621822703208, -32.838401792801712, 0.0 ], [ -68.837096993503977, -32.838330662794448, 0.0 ], [ -68.837232005775832, -32.83879844712137, 0.0 ], [ -68.836720465088305, -32.838898298721496, 0.0 ], [ -68.836869332677736, -32.839423221192824, 0.0 ], [ -68.837345622487405, -32.840996764117229, 0.0 ], [ -68.837564035268997, -32.839433855828908, 0.0 ], [ -68.837708615802185, -32.838138767702318, 0.0 ], [ -68.837727531396183, -32.837088721528893, 0.0 ] ] ] ] } },
{ "type": "Feature", "properties": { "LAYER": "PARCELARIO_2026", "MAP_NAME": "Cl_Jarillal_2026.dwg", "cc pp1": "1041 2114" }, "geometry": { "type": "MultiPolygon", "coordinates": [ [ [ [ -68.837231686749661, -32.838878834188968, 0.0 ], [ -68.837254491255308, -32.838966508965569, 0.0 ], [ -68.837409740940842, -32.838937766214528, 0.0 ], [ -68.83740560406352, -32.83892198111166, 0.0 ], [ -68.837432955978414, -32.838917508148249, 0.0 ], [ -68.837412581340502, -32.838844444080223, 0.0 ], [ -68.83738704458041, -32.83884928007717, 0.0 ], [ -68.837363110479387, -32.83885384764185, 0.0 ], [ -68.837338962753464, -32.838858414924331, 0.0 ], [ -68.837290666965245, -32.838867729814567, 0.0 ], [ -68.837231686749661, -32.838878834188968, 0.0 ] ] ] ] } },
{ "type": "Feature", "properties": { "LAYER": "PARCELARIO_2026", "MAP_NAME": "Cl_Jarillal_2026.dwg", "cc pp1": "1041 2115" }, "geometry": { "type": "MultiPolygon", "coordinates": [ [ [ [ -68.837107162494064, -32.838810503753614, 0.0 ], [ -68.837147662433054, -32.838975928014086, 0.0 ], [ -68.837167709699827, -32.839052688662356, 0.0 ], [ -68.837175871633917, -32.839086963833651, 0.0 ], [ -68.837198559285866, -32.839180138827807, 0.0 ], [ -68.837217854022697, -32.839259603583002, 0.0 ], [ -68.837234604971798, -32.839328875830617, 0.0 ], [ -68.837245735475889, -32.839375327789149, 0.0 ], [ -68.837272965920221, -32.839378969991749, 0.0 ], [ -68.837374314598193, -32.839387758031073, 0.0 ], [ -68.837367844615756, -32.839362772569544, 0.0 ], [ -68.837336126008509, -32.839242534909403, 0.0 ], [ -68.837321275814105, -32.839185798757441, 0.0 ], [ -68.837312193864761, -32.839187410010105, 0.0 ], [ -68.837307208256902, -32.839168467855778, 0.0 ], [ -68.837294797652248, -32.839121112538272, 0.0 ], [ -68.837277296134431, -32.839054003397571, 0.0 ], [ -68.837254491255308, -32.838966508965569, 0.0 ], [ -68.837231686749661, -32.838878834188968, 0.0 ], [ -68.837225110196812, -32.838853758409705, 0.0 ], [ -68.837208987618538, -32.83879197107305, 0.0 ], [ -68.837107162494064, -32.838810503753614, 0.0 ] ] ] ] } },
{ "type": "Feature", "properties": { "LAYER": "BARRIOS_EMPADRONADOS", "MAP_NAME": "Cl_Jarillal_2026.dwg", "cc pp1": "1041 2116" }, "geometry": { "type": "MultiPolygon", "coordinates": [ [ [ [ -68.858747084866664, -32.853423401216567, 0.0 ], [ -68.857890240164053, -32.85299222532025, 0.0 ], [ -68.857152941272801, -32.852963984134824, 0.0 ], [ -68.855845699210292, -32.853011655407897, 0.0 ], [ -68.855595432208915, -32.855087671190574, 0.0 ], [ -68.855767754369751, -32.856969528566864, 0.0 ], [ -68.855737001097609, -32.857984270709892, 0.0 ], [ -68.853234901551716, -32.857846367259484, 0.0 ], [ -68.853136936322528, -32.859638328463376, 0.0 ], [ -68.856031222096306, -32.859840657919598, 0.0 ], [ -68.856142730413438, -32.860376168161174, 0.0 ], [ -68.858506040769527, -32.860369458392462, 0.0 ], [ -68.858747084866664, -32.853423401216567, 0.0 ] ] ] ] } },
{ "type": "Feature", "properties": { "LAYER": "PARCELARIO_2026", "MAP_NAME": "Cl_Jarillal_2026.dwg", "cc pp1": "1041 2116" }, "geometry": { "type": "MultiPolygon", "coordinates": [ [ [ [ -68.85712952338811, -32.85634370059087, 0.0 ], [ -68.857149607280434, -32.856344084200494, 0.0 ], [ -68.857278656932877, -32.856346575878483, 0.0 ], [ -68.85734585242507, -32.856347914882136, 0.0 ], [ -68.857347881760305, -32.856281462154961, 0.0 ], [ -68.857348897653324, -32.856247469350357, 0.0 ], [ -68.857294841727906, -32.856246686353025, 0.0 ], [ -68.857244097456459, -32.856245997280389, 0.0 ], [ -68.85719356713912, -32.856245128092048, 0.0 ], [ -68.857165364023928, -32.856244735221253, 0.0 ], [ -68.857132567270227, -32.856244246929442, 0.0 ], [ -68.857131216056516, -32.856287436654817, 0.0 ], [ -68.85712952338811, -32.85634370059087, 0.0 ] ] ] ] } },
{ "type": "Feature", "properties": { "LAYER": "PARCELARIO_2026", "MAP_NAME": "Cl_Jarillal_2026.dwg", "cc pp1": "1041 2117" }, "geometry": { "type": "MultiPolygon", "coordinates": [ [ [ [ -68.857126478198012, -32.856443965776073, 0.0 ], [ -68.857189507730368, -32.856445029597751, 0.0 ], [ -68.857237687992324, -32.856445805936886, 0.0 ], [ -68.857290034430576, -32.856446767348643, 0.0 ], [ -68.857342808343986, -32.856447639056221, 0.0 ], [ -68.85734382611713, -32.856412474049108, 0.0 ], [ -68.85734585242507, -32.856347914882136, 0.0 ], [ -68.857278656932877, -32.856346575878483, 0.0 ], [ -68.857149607280434, -32.856344084200494, 0.0 ], [ -68.85712952338811, -32.85634370059087, 0.0 ], [ -68.857128620312736, -32.856373906396094, 0.0 ], [ -68.857126478198012, -32.856443965776073, 0.0 ] ] ] ] } },
{ "type": "Feature", "properties": { "LAYER": "BARRIOS_EMPADRONADOS", "MAP_NAME": "Cl_Jarillal_2026.dwg", "cc pp1": "1041 2118" }, "geometry": { "type": "MultiPolygon", "coordinates": [ [ [ [ -68.845518796771486, -32.835976379303844, 0.0 ], [ -68.843674758081022, -32.835731171929645, 0.0 ], [ -68.843591731593321, -32.838127874794779, 0.0 ], [ -68.843564611166954, -32.838792393032598, 0.0 ], [ -68.844925276312964, -32.839014329002737, 0.0 ], [ -68.8450217021973, -32.837419358261535, 0.0 ], [ -68.845689797767676, -32.837522802120048, 0.0 ], [ -68.845649827024431, -32.837231574861761, 0.0 ], [ -68.845518796771486, -32.835976379303844, 0.0 ] ] ] ] } },
{ "type": "Feature", "properties": { "LAYER": "BARRIOS_EMPADRONADOS", "MAP_NAME": "Cl_Jarillal_2026.dwg", "cc pp1": "1041 2120" }, "geometry": { "type": "MultiPolygon", "coordinates": [ [ [ [ -68.840320981732788, -32.840987858155309, 0.0 ], [ -68.83742095866333, -32.84099972388691, 0.0 ], [ -68.83742709066145, -32.841268798673426, 0.0 ], [ -68.838009030103137, -32.843201351726087, 0.0 ], [ -68.839725270938445, -32.843132507620759, 0.0 ], [ -68.840182146558334, -32.843180431051664, 0.0 ], [ -68.840297871334172, -32.841426955838649, 0.0 ], [ -68.840320981732788, -32.840987858155309, 0.0 ] ] ] ] } },
{ "type": "Feature", "properties": { "LAYER": "PARCELARIO_2026", "MAP_NAME": "Cl_Jarillal_2026.dwg", "cc pp1": "1041 2120" }, "geometry": { "type": "MultiPolygon", "coordinates": [ [ [ [ -68.838460404243079, -32.841740017151736, 0.0 ], [ -68.838529690256266, -32.842173372627194, 0.0 ], [ -68.838838573638796, -32.842188288112723, 0.0 ], [ -68.838837006606099, -32.842168809410708, 0.0 ], [ -68.838835958659104, -32.842157627001797, 0.0 ], [ -68.838825493543396, -32.842037867984139, 0.0 ], [ -68.838824761155792, -32.842029391076366, 0.0 ], [ -68.838820680596669, -32.841982226996862, 0.0 ], [ -68.838816285463636, -32.841931816397576, 0.0 ], [ -68.838811784824301, -32.841880684303163, 0.0 ], [ -68.838810948720777, -32.841870494034609, 0.0 ], [ -68.838809798854641, -32.841856606398537, 0.0 ], [ -68.838809065492129, -32.84184867050822, 0.0 ], [ -68.838806972546095, -32.84182468263549, 0.0 ], [ -68.838828244009221, -32.841816234066144, 0.0 ], [ -68.838821730510276, -32.841755902055283, 0.0 ], [ -68.838658652489826, -32.841740182714155, 0.0 ], [ -68.838649574871582, -32.841739269312853, 0.0 ], [ -68.838586778599108, -32.841733237128217, 0.0 ], [ -68.838584287100304, -32.841752440090609, 0.0 ], [ -68.838460404243079, -32.841740017151736, 0.0 ] ] ] ] } },
{ "type": "Feature", "properties": { "LAYER": "PARCELARIO_2026", "MAP_NAME": "Cl_Jarillal_2026.dwg", "cc pp1": "1041 2122" }, "geometry": { "type": "MultiPolygon", "coordinates": [ [ [ [ -68.835784764899884, -32.833099786340675, 0.0 ], [ -68.835830298725867, -32.833068540864204, 0.0 ], [ -68.835838054547551, -32.832986295293729, 0.0 ], [ -68.835451178758461, -32.832944669796561, 0.0 ], [ -68.835450956070872, -32.833065407079815, 0.0 ], [ -68.835784764899884, -32.833099786340675, 0.0 ] ] ] ] } },
{ "type": "Feature", "properties": { "LAYER": "BARRIOS_EMPADRONADOS", "MAP_NAME": "Cl_Jarillal_2026.dwg", "cc pp1": "1041 2124" }, "geometry": { "type": "MultiPolygon", "coordinates": [ [ [ [ -68.850454678307457, -32.852792512748827, 0.0 ], [ -68.848181841070371, -32.852769126932799, 0.0 ], [ -68.848156349078536, -32.853498298303244, 0.0 ], [ -68.850340363813899, -32.85375196196177, 0.0 ], [ -68.850454678307457, -32.852792512748827, 0.0 ] ] ] ] } },
{ "type": "Feature", "properties": { "LAYER": "PARCELARIO_2026", "MAP_NAME": "Cl_Jarillal_2026.dwg", "cc pp1": "1041 2124" }, "geometry": { "type": "MultiPolygon", "coordinates": [ [ [ [ -68.849094020931702, -32.853372374015606, 0.0 ], [ -68.849092593978924, -32.853458033500111, 0.0 ], [ -68.849445550220466, -32.853462065461521, 0.0 ], [ -68.849447335238366, -32.853353954150187, 0.0 ], [ -68.849094379577394, -32.853349832025465, 0.0 ], [ -68.849094020931702, -32.853372374015606, 0.0 ] ] ] ] } },
{ "type": "Feature", "properties": { "LAYER": "PARCELARIO_2026", "MAP_NAME": "Cl_Jarillal_2026.dwg", "cc pp1": "1041 2128" }, "geometry": { "type": "MultiPolygon", "coordinates": [ [ [ [ -68.848775918974866, -32.856417520109552, 0.0 ], [ -68.848786328213379, -32.856507253290381, 0.0 ], [ -68.848998615311999, -32.856489647959187, 0.0 ], [ -68.848988084069774, -32.856399916451558, 0.0 ], [ -68.848775918974866, -32.856417520109552, 0.0 ] ] ] ] } },
{ "type": "Feature", "properties": { "LAYER": "BARRIOS_EMPADRONADOS", "MAP_NAME": "Cl_Jarillal_2026.dwg", "cc pp1": "1041 2132" }, "geometry": { "type": "MultiPolygon", "coordinates": [ [ [ [ -68.8503158261626, -32.853802943586395, 0.0 ], [ -68.8481016530571, -32.853540185956184, 0.0 ], [ -68.848068188749394, -32.853968536952486, 0.0 ], [ -68.84826476087305, -32.854060113296129, 0.0 ], [ -68.848945524776141, -32.854181684077496, 0.0 ], [ -68.850015466408152, -32.854191057148881, 0.0 ], [ -68.850273111955744, -32.854166097091479, 0.0 ], [ -68.8503158261626, -32.853802943586395, 0.0 ] ] ] ] } },
{ "type": "Feature", "properties": { "LAYER": "PARCELARIO_2026", "MAP_NAME": "Cl_Jarillal_2026.dwg", "cc pp1": "1041 2132" }, "geometry": { "type": "MultiPolygon", "coordinates": [ [ [ [ -68.848955658458465, -32.85407715367225, 0.0 ], [ -68.849063134398151, -32.854079124627766, 0.0 ], [ -68.849095952557903, -32.853872096750116, 0.0 ], [ -68.84902738189875, -32.853863898763684, 0.0 ], [ -68.848990212641823, -32.853859525766914, 0.0 ], [ -68.848955658458465, -32.85407715367225, 0.0 ] ] ] ] } },
{ "type": "Feature", "properties": { "LAYER": "PARCELARIO_2026", "MAP_NAME": "Cl_Jarillal_2026.dwg", "cc pp1": "1041 2127" }, "geometry": { "type": "MultiPolygon", "coordinates": [ [ [ [ -68.850013256851597, -32.858337394563705, 0.0 ], [ -68.850122593932198, -32.858343659823255, 0.0 ], [ -68.850135078309407, -32.858165959469595, 0.0 ], [ -68.850056449048353, -32.858161528105875, 0.0 ], [ -68.850023823428202, -32.858185924970741, 0.0 ], [ -68.850013256851597, -32.858337394563705, 0.0 ] ] ] ] } },
{ "type": "Feature", "properties": { "LAYER": "BARRIOS_EMPADRONADOS", "MAP_NAME": "Cl_Jarillal_2026.dwg", "cc pp1": "1041 2130" }, "geometry": { "type": "MultiPolygon", "coordinates": [ [ [ [ -68.848033102590819, -32.853561784140709, 0.0 ], [ -68.847324845077793, -32.85346807911889, 0.0 ], [ -68.847203234537901, -32.85356610937334, 0.0 ], [ -68.847095173652434, -32.853876521764036, 0.0 ], [ -68.846930767039169, -32.853848574801859, 0.0 ], [ -68.846456162734881, -32.853769774297049, 0.0 ], [ -68.846418701052187, -32.854003348280528, 0.0 ], [ -68.846415217883816, -32.854040854590671, 0.0 ], [ -68.847618276976064, -32.854261708297152, 0.0 ], [ -68.847974075354955, -32.85429234792953, 0.0 ], [ -68.848033102590819, -32.853561784140709, 0.0 ] ] ] ] } },
{ "type": "Feature", "properties": { "LAYER": "BARRIOS_EMPADRONADOS", "MAP_NAME": "Cl_Jarillal_2026.dwg", "cc pp1": "1037 382" }, "geometry": { "type": "MultiPolygon", "coordinates": [ [ [ [ -68.858426068615984, -32.863682878937269, 0.0 ], [ -68.856095849468431, -32.863557229070054, 0.0 ], [ -68.856293107628574, -32.865658947118874, 0.0 ], [ -68.85695851479818, -32.865801456191271, 0.0 ], [ -68.85847978937116, -32.865915717899028, 0.0 ], [ -68.858426068615984, -32.863682878937269, 0.0 ] ] ] ] } },
{ "type": "Feature", "properties": { "LAYER": "BARRIOS_EMPADRONADOS", "MAP_NAME": "Cl_Jarillal_2026.dwg", "cc pp1": "1037 382" }, "geometry": { "type": "MultiPolygon", "coordinates": [ [ [ [ -68.858426068615984, -32.863682878937269, 0.0 ], [ -68.856095849468431, -32.863557229070054, 0.0 ], [ -68.856293107628574, -32.865658947118874, 0.0 ], [ -68.85695851479818, -32.865801456191271, 0.0 ], [ -68.85847978937116, -32.865915717899028, 0.0 ], [ -68.858426068615984, -32.863682878937269, 0.0 ] ] ] ] } },
{ "type": "Feature", "properties": { "LAYER": "PARCELARIO_2026", "MAP_NAME": "Cl_Jarillal_2026.dwg", "cc pp1": "1037 382" }, "geometry": { "type": "MultiPolygon", "coordinates": [ [ [ [ -68.857502297270798, -32.863650367123014, 0.0 ], [ -68.857561150824708, -32.863660359105893, 0.0 ], [ -68.857629824643496, -32.86367540632164, 0.0 ], [ -68.857647233833774, -32.863679123083415, 0.0 ], [ -68.857730848447488, -32.863704828152265, 0.0 ], [ -68.857756153527419, -32.863715046085566, 0.0 ], [ -68.857811140388492, -32.863737201034361, 0.0 ], [ -68.857903376744886, -32.863783294105822, 0.0 ], [ -68.858036284460596, -32.863850894522216, 0.0 ], [ -68.858262280477888, -32.863966030380077, 0.0 ], [ -68.858308271287825, -32.864001790520234, 0.0 ], [ -68.858344956745484, -32.864043942145784, 0.0 ], [ -68.858357470317685, -32.864067297603988, 0.0 ], [ -68.85837806715557, -32.864050562910066, 0.0 ], [ -68.858380955889473, -32.864048041432611, 0.0 ], [ -68.858375419121245, -32.863772566275884, 0.0 ], [ -68.858370511161738, -32.863768322750765, 0.0 ], [ -68.858286012724889, -32.86369491831443, 0.0 ], [ -68.857502297270798, -32.863650367123014, 0.0 ] ] ] ] } },
{ "type": "Feature", "properties": { "LAYER": "BARRIOS_EMPADRONADOS", "MAP_NAME": "Cl_Jarillal_2026.dwg", "cc pp1": "1037 3504" }, "geometry": { "type": "MultiPolygon", "coordinates": [ [ [ [ -68.841291464023854, -32.83081791951323, 0.0 ], [ -68.840451399727996, -32.831097270332911, 0.0 ], [ -68.840549428534104, -32.831801141390386, 0.0 ], [ -68.841570143022054, -32.831802437477322, 0.0 ], [ -68.841291464023854, -32.83081791951323, 0.0 ] ] ] ] } },
{ "type": "Feature", "properties": { "LAYER": "PARCELARIO_2026", "MAP_NAME": "Cl_Jarillal_2026.dwg", "cc pp1": "1037 3504" }, "geometry": { "type": "MultiPolygon", "coordinates": [ [ [ [ -68.841026880174809, -32.831399238594216, 0.0 ], [ -68.840997929190465, -32.831403439811659, 0.0 ], [ -68.840996264906892, -32.831498296529475, 0.0 ], [ -68.840995451404368, -32.831535265192542, 0.0 ], [ -68.840994045876471, -32.831604784469853, 0.0 ], [ -68.840991458703812, -32.831738052427248, 0.0 ], [ -68.840991100691355, -32.831759151749644, 0.0 ], [ -68.84109790168722, -32.831760279246652, 0.0 ], [ -68.84109815592295, -32.831737466562394, 0.0 ], [ -68.841099900389707, -32.831537561909549, 0.0 ], [ -68.841100181924404, -32.831499420360522, 0.0 ], [ -68.841103417781795, -32.831421607764845, 0.0 ], [ -68.841104652827127, -32.831387795585201, 0.0 ], [ -68.841076235861692, -32.83139199749867, 0.0 ], [ -68.841026880174809, -32.831399238594216, 0.0 ] ] ] ] } },
{ "type": "Feature", "properties": { "LAYER": "PARCELARIO_2026", "MAP_NAME": "Cl_Jarillal_2026.dwg", "cc pp1": "1037 3492" }, "geometry": { "type": "MultiPolygon", "coordinates": [ [ [ [ -68.844287300212855, -32.834294257722398, 0.0 ], [ -68.84427907254512, -32.834296321395549, 0.0 ], [ -68.84421474678625, -32.834312652282641, 0.0 ], [ -68.844139735692437, -32.834331674930077, 0.0 ], [ -68.844156741145056, -32.834379486181319, 0.0 ], [ -68.844160355219543, -32.834389409376236, 0.0 ], [ -68.844236433786918, -32.834370748724965, 0.0 ], [ -68.844353864133865, -32.834341860080748, 0.0 ], [ -68.844383675869636, -32.834334503212126, 0.0 ], [ -68.844362418207197, -32.834275144949288, 0.0 ], [ -68.844287300212855, -32.834294257722398, 0.0 ] ] ] ] } },
{ "type": "Feature", "properties": { "LAYER": "PARCELARIO_2026", "MAP_NAME": "Cl_Jarillal_2026.dwg", "cc pp1": "1037 3493" }, "geometry": { "type": "MultiPolygon", "coordinates": [ [ [ [ -68.844160355219543, -32.834389409376236, 0.0 ], [ -68.844177891574077, -32.834439024684308, 0.0 ], [ -68.844182568358548, -32.834452014979959, 0.0 ], [ -68.844256726041294, -32.834432450225769, 0.0 ], [ -68.844374587776599, -32.834401217680451, 0.0 ], [ -68.844404614243288, -32.834393229884235, 0.0 ], [ -68.844383675869636, -32.834334503212126, 0.0 ], [ -68.844353864133865, -32.834341860080748, 0.0 ], [ -68.844236433786918, -32.834370748724965, 0.0 ], [ -68.844160355219543, -32.834389409376236, 0.0 ] ] ] ] } },
{ "type": "Feature", "properties": { "LAYER": "BARRIOS_EMPADRONADOS", "MAP_NAME": "Cl_Jarillal_2026.dwg", "cc pp1": "1037 3494" }, "geometry": { "type": "MultiPolygon", "coordinates": [ [ [ [ -68.840267706897095, -32.854710674355267, 0.0 ], [ -68.837433004660696, -32.854656678210326, 0.0 ], [ -68.83761019952054, -32.856688408200057, 0.0 ], [ -68.840703489831284, -32.856689529833083, 0.0 ], [ -68.840267706897095, -32.854710674355267, 0.0 ] ] ] ] } },
{ "type": "Feature", "properties": { "LAYER": "PARCELARIO_2026", "MAP_NAME": "Cl_Jarillal_2026.dwg", "cc pp1": "1037 3494" }, "geometry": { "type": "MultiPolygon", "coordinates": [ [ [ [ -68.839210149442778, -32.855937444206042, 0.0 ], [ -68.839212160865856, -32.855947635959659, 0.0 ], [ -68.839238660012512, -32.855944964919999, 0.0 ], [ -68.839223083095661, -32.855874342080192, 0.0 ], [ -68.839209730960931, -32.855814091605026, 0.0 ], [ -68.839213042576816, -32.855814186030209, 0.0 ], [ -68.83930726574215, -32.85581556944841, 0.0 ], [ -68.839301755041731, -32.855790855890241, 0.0 ], [ -68.839295927913923, -32.855763887684361, 0.0 ], [ -68.839291584237586, -32.855743684106351, 0.0 ], [ -68.839288086598515, -32.855728260605702, 0.0 ], [ -68.839253581011675, -32.855727675263438, 0.0 ], [ -68.839242363870767, -32.855727570682696, 0.0 ], [ -68.839214161178091, -32.855727083596918, 0.0 ], [ -68.839199632587366, -32.855726794417784, 0.0 ], [ -68.839164058524474, -32.855726297847355, 0.0 ], [ -68.839168189809641, -32.855745779799676, 0.0 ], [ -68.839184825215995, -32.855821814186314, 0.0 ], [ -68.839197329188423, -32.85587845678856, 0.0 ], [ -68.839210149442778, -32.855937444206042, 0.0 ] ] ] ] } },
{ "type": "Feature", "properties": { "LAYER": "PARCELARIO_2026", "MAP_NAME": "Cl_Jarillal_2026.dwg", "cc pp1": "1047 143" }, "geometry": { "type": "MultiPolygon", "coordinates": [ [ [ [ -68.839607798267309, -32.830505917500801, 0.0 ], [ -68.838869163373815, -32.830653762892865, 0.0 ], [ -68.838914096551761, -32.830748647103647, 0.0 ], [ -68.839995348978704, -32.830523726132853, 0.0 ], [ -68.839963468387225, -32.830434597412641, 0.0 ], [ -68.839607798267309, -32.830505917500801, 0.0 ] ] ] ] } },
{ "type": "Feature", "properties": { "LAYER": "PARCELARIO_2026", "MAP_NAME": "Cl_Jarillal_2026.dwg", "cc pp1": "1047 144" }, "geometry": { "type": "MultiPolygon", "coordinates": [ [ [ [ -68.838914093355854, -32.830748642591026, 0.0 ], [ -68.838960024628335, -32.830845633537947, 0.0 ], [ -68.838976849313497, -32.830841982558454, 0.0 ], [ -68.840027336273252, -32.830612945150129, 0.0 ], [ -68.839995348978704, -32.830523726132853, 0.0 ], [ -68.838914093355854, -32.830748642591026, 0.0 ] ] ] ] } },
{ "type": "Feature", "properties": { "LAYER": "PARCELARIO_2026", "MAP_NAME": "Cl_Jarillal_2026.dwg", "cc pp1": "1045 315" }, "geometry": { "type": "MultiPolygon", "coordinates": [ [ [ [ -68.863070183711841, -32.93168281442729, 0.0 ], [ -68.863169672404595, -32.931412590759948, 0.0 ], [ -68.862961727922254, -32.931362835117987, 0.0 ], [ -68.862874050411065, -32.931631682984843, 0.0 ], [ -68.863070183711841, -32.93168281442729, 0.0 ] ] ] ] } },
{ "type": "Feature", "properties": { "LAYER": "PARCELARIO_2026", "MAP_NAME": "Cl_Jarillal_2026.dwg", "cc pp1": "1045 316" }, "geometry": { "type": "MultiPolygon", "coordinates": [ [ [ [ -68.862961727922254, -32.931362835117987, 0.0 ], [ -68.862760103797712, -32.931340820124916, 0.0 ], [ -68.862671333173395, -32.931849644919879, 0.0 ], [ -68.862979210155999, -32.931929908278086, 0.0 ], [ -68.863070183711841, -32.93168281442729, 0.0 ], [ -68.862874050411065, -32.931631682984843, 0.0 ], [ -68.862949158551785, -32.931401375619515, 0.0 ], [ -68.862961727922254, -32.931362835117987, 0.0 ] ] ] ] } },
{ "type": "Feature", "properties": { "LAYER": "PARCELARIO_2026", "MAP_NAME": "Cl_Jarillal_2026.dwg", "cc pp1": "1054 1237" }, "geometry": { "type": "MultiPolygon", "coordinates": [ [ [ [ -68.851392936430074, -32.954544422210319, 0.0 ], [ -68.851010447157407, -32.954748528614665, 0.0 ], [ -68.851097208050575, -32.954853562625594, 0.0 ], [ -68.851372704154528, -32.954703166366869, 0.0 ], [ -68.851402672535585, -32.95468670483605, 0.0 ], [ -68.851427289476774, -32.954673212485659, 0.0 ], [ -68.851466248592246, -32.954651983616564, 0.0 ], [ -68.851473098528686, -32.954648295764549, 0.0 ], [ -68.851502562536396, -32.954632192479494, 0.0 ], [ -68.851424158548298, -32.954527760188284, 0.0 ], [ -68.851418010896097, -32.954531040410842, 0.0 ], [ -68.851396818951287, -32.954542373697819, 0.0 ], [ -68.851392936430074, -32.954544422210319, 0.0 ] ] ] ] } },
{ "type": "Feature", "properties": { "LAYER": "PARCELARIO_2026", "MAP_NAME": "Cl_Jarillal_2026.dwg", "cc pp1": "1054 2283" }, "geometry": { "type": "MultiPolygon", "coordinates": [ [ [ [ -68.851424158548298, -32.954527760188284, 0.0 ], [ -68.851502562536396, -32.954632192479494, 0.0 ], [ -68.851625830818662, -32.954564821867258, 0.0 ], [ -68.85166382653243, -32.954544043534717, 0.0 ], [ -68.851723013363085, -32.954511750612525, 0.0 ], [ -68.851734359551045, -32.954505454105288, 0.0 ], [ -68.851769250650236, -32.954486474518909, 0.0 ], [ -68.851712122395043, -32.954374175221517, 0.0 ], [ -68.851669097568461, -32.954397110734554, 0.0 ], [ -68.851597067607642, -32.954435518013248, 0.0 ], [ -68.851424158548298, -32.954527760188284, 0.0 ] ] ] ] } },
{ "type": "Feature", "properties": { "LAYER": "PARCELARIO_2026", "MAP_NAME": "Cl_Jarillal_2026.dwg", "cc pp1": "1037 3819" }, "geometry": { "type": "MultiPolygon", "coordinates": [ [ [ [ -68.850041543179216, -32.846180798001718, 0.0 ], [ -68.849888544677654, -32.846185753347079, 0.0 ], [ -68.849904485862027, -32.846426671892416, 0.0 ], [ -68.849658498800565, -32.846434638872346, 0.0 ], [ -68.849713053895812, -32.846885149866203, 0.0 ], [ -68.849935575433292, -32.846877626464831, 0.0 ], [ -68.849969525106019, -32.847427591215187, 0.0 ], [ -68.850133418609772, -32.847423117706434, 0.0 ], [ -68.850124517539214, -32.847234772133056, 0.0 ], [ -68.850093209719716, -32.846823424394259, 0.0 ], [ -68.850206575232065, -32.846820191191902, 0.0 ], [ -68.850323969316321, -32.846816842983401, 0.0 ], [ -68.85056676052254, -32.846809917967271, 0.0 ], [ -68.850504432323504, -32.846344738848018, 0.0 ], [ -68.850282001900425, -32.846355219114898, 0.0 ], [ -68.850287785677764, -32.846445256965993, 0.0 ], [ -68.850059352521285, -32.846452534293306, 0.0 ], [ -68.850057391059309, -32.84642027640507, 0.0 ], [ -68.850045371886438, -32.846233360759996, 0.0 ], [ -68.850041543179216, -32.846180798001718, 0.0 ] ] ] ] } },
{ "type": "Feature", "properties": { "LAYER": "PARCELARIO_2026", "MAP_NAME": "Cl_Jarillal_2026.dwg", "cc pp1": "1037 3817" }, "geometry": { "type": "MultiPolygon", "coordinates": [ [ [ [ -68.850350305235679, -32.84722703203014, 0.0 ], [ -68.850456055780811, -32.847221842813447, 0.0 ], [ -68.850445891153171, -32.84704595261622, 0.0 ], [ -68.850337014344262, -32.847050435793086, 0.0 ], [ -68.850350305235679, -32.84722703203014, 0.0 ] ] ] ] } },
{ "type": "Feature", "properties": { "LAYER": "PARCELARIO_2026", "MAP_NAME": "Cl_Jarillal_2026.dwg", "cc pp1": "1037 3818" }, "geometry": { "type": "MultiPolygon", "coordinates": [ [ [ [ -68.849734832080728, -32.847064992746205, 0.0 ], [ -68.849946801736138, -32.847059486707231, 0.0 ], [ -68.849941137660906, -32.846967731737358, 0.0 ], [ -68.849723941532815, -32.846975060050497, 0.0 ], [ -68.849734832080728, -32.847064992746205, 0.0 ] ] ] ] } },
{ "type": "Feature", "properties": { "LAYER": "PARCELARIO_2026", "MAP_NAME": "Cl_Jarillal_2026.dwg", "cc pp1": "1037 3535" }, "geometry": { "type": "MultiPolygon", "coordinates": [ [ [ [ -68.851076549784807, -32.846401975232524, 0.0 ], [ -68.851060167095255, -32.846143376712462, 0.0 ], [ -68.850932233806475, -32.846148498417804, 0.0 ], [ -68.850948499655885, -32.84640647915154, 0.0 ], [ -68.850514752698501, -32.846421764077057, 0.0 ], [ -68.850619990551365, -32.847197955169598, 0.0 ], [ -68.851512054951428, -32.847206451090045, 0.0 ], [ -68.851511033848396, -32.846386591887899, 0.0 ], [ -68.851076549784807, -32.846401975232524, 0.0 ] ] ] ] } },
{ "type": "Feature", "properties": { "LAYER": "PARCELARIO_2026", "MAP_NAME": "Cl_Jarillal_2026.dwg", "cc pp1": "1037 3587" }, "geometry": { "type": "MultiPolygon", "coordinates": [ [ [ [ -68.851767578277105, -32.849143203937963, 0.0 ], [ -68.851757998712017, -32.848952786523434, 0.0 ], [ -68.85172801743164, -32.84897922213905, 0.0 ], [ -68.850786751719127, -32.848968902396457, 0.0 ], [ -68.850466969754578, -32.848968309684231, 0.0 ], [ -68.850507880752147, -32.849136699185323, 0.0 ], [ -68.850535086935977, -32.849109125311628, 0.0 ], [ -68.851377214747131, -32.849115862217559, 0.0 ], [ -68.851368436511365, -32.849364168473684, 0.0 ], [ -68.851414742011897, -32.849363896148468, 0.0 ], [ -68.851608833727738, -32.849365949691702, 0.0 ], [ -68.851617665912357, -32.849117560525464, 0.0 ], [ -68.851736556216792, -32.849118400259684, 0.0 ], [ -68.851767578277105, -32.849143203937963, 0.0 ] ] ] ] } },
{ "type": "Feature", "properties": { "LAYER": "PARCELARIO_2026", "MAP_NAME": "Cl_Jarillal_2026.dwg", "cc pp1": "1043 77" }, "geometry": { "type": "MultiPolygon", "coordinates": [ [ [ [ -68.837895343574331, -32.828407536385264, 0.0 ], [ -68.837927968698224, -32.828487998575064, 0.0 ], [ -68.838380695054795, -32.828416813082036, 0.0 ], [ -68.838699905069134, -32.828364475344301, 0.0 ], [ -68.838779278161425, -32.828352584982383, 0.0 ], [ -68.83885662873459, -32.828336994995105, 0.0 ], [ -68.838935574424639, -32.828325194153791, 0.0 ], [ -68.83907861797104, -32.828303106125553, 0.0 ], [ -68.839125505693119, -32.82829728369984, 0.0 ], [ -68.83909106940412, -32.828209074785377, 0.0 ], [ -68.837895343574331, -32.828407536385264, 0.0 ] ] ] ] } },
{ "type": "Feature", "properties": { "LAYER": "PARCELARIO_2026", "MAP_NAME": "Cl_Jarillal_2026.dwg", "cc pp1": "1037 3551" }, "geometry": { "type": "MultiPolygon", "coordinates": [ [ [ [ -68.838962021961237, -32.823916098727537, 0.0 ], [ -68.839010913736146, -32.824089415241446, 0.0 ], [ -68.839169376066863, -32.824062278151352, 0.0 ], [ -68.83912407948813, -32.823886323550745, 0.0 ], [ -68.838962021961237, -32.823916098727537, 0.0 ] ] ] ] } },
{ "type": "Feature", "properties": { "LAYER": "PARCELARIO_2026", "MAP_NAME": "Cl_Jarillal_2026.dwg", "cc pp1": "1037 3552" }, "geometry": { "type": "MultiPolygon", "coordinates": [ [ [ [ -68.83931528766135, -32.823850297064219, 0.0 ], [ -68.839365577313998, -32.82402879051633, 0.0 ], [ -68.839527256098719, -32.824001153344007, 0.0 ], [ -68.839618658617667, -32.823985750399707, 0.0 ], [ -68.839613618592992, -32.823885561356796, 0.0 ], [ -68.839605282692716, -32.823793230922078, 0.0 ], [ -68.839475950280871, -32.823819457937198, 0.0 ], [ -68.839444652182166, -32.823825465509017, 0.0 ], [ -68.83931528766135, -32.823850297064219, 0.0 ] ] ] ] } },
{ "type": "Feature", "properties": { "LAYER": "PARCELARIO_2026", "MAP_NAME": "Cl_Jarillal_2026.dwg", "cc pp1": "1054 1305" }, "geometry": { "type": "MultiPolygon", "coordinates": [ [ [ [ -68.848954976524496, -32.914555503263223, 0.0 ], [ -68.848950761442282, -32.914646096180547, 0.0 ], [ -68.848948653130606, -32.914692159072565, 0.0 ], [ -68.848946767810048, -32.914732182727093, 0.0 ], [ -68.848944991073253, -32.91477184493565, 0.0 ], [ -68.848944777756813, -32.914834497569572, 0.0 ], [ -68.848944586488869, -32.914884168627012, 0.0 ], [ -68.848946903745059, -32.914903912984705, 0.0 ], [ -68.849043740049879, -32.914899162646442, 0.0 ], [ -68.849105091421535, -32.914896081710815, 0.0 ], [ -68.849110131282941, -32.914949364932795, 0.0 ], [ -68.849112860434147, -32.914978395367648, 0.0 ], [ -68.849116326587051, -32.915014098281446, 0.0 ], [ -68.849116745634134, -32.91501914643672, 0.0 ], [ -68.849118426253114, -32.91503672777462, 0.0 ], [ -68.84911969440644, -32.915044751623441, 0.0 ], [ -68.849122756045929, -32.915066842166375, 0.0 ], [ -68.849133788612633, -32.915178908248755, 0.0 ], [ -68.849147968338997, -32.915262041155586, 0.0 ], [ -68.849176327563129, -32.915429118480091, 0.0 ], [ -68.849218127169422, -32.915422588386264, 0.0 ], [ -68.849305252946294, -32.91540899139514, 0.0 ], [ -68.849300314221026, -32.915295939919538, 0.0 ], [ -68.84929451860188, -32.915184511348777, 0.0 ], [ -68.849295927311104, -32.915109599906721, 0.0 ], [ -68.849296628302241, -32.915074443936554, 0.0 ], [ -68.849352095860525, -32.915074510792941, 0.0 ], [ -68.849434923955073, -32.915074700750644, 0.0 ], [ -68.849451382549191, -32.915074810741743, 0.0 ], [ -68.84946773439323, -32.91507483043334, 0.0 ], [ -68.849482803251732, -32.915074938746798, 0.0 ], [ -68.849565202362243, -32.915075308439242, 0.0 ], [ -68.849563936000081, -32.915066201669781, 0.0 ], [ -68.84954466637717, -32.914958993020903, 0.0 ], [ -68.849529419435029, -32.914873966226729, 0.0 ], [ -68.849520526875523, -32.914824284233447, 0.0 ], [ -68.849513326610435, -32.914784069295834, 0.0 ], [ -68.849512268874861, -32.914778028515947, 0.0 ], [ -68.849496187830908, -32.914681190400977, 0.0 ], [ -68.849494176214847, -32.914669649076906, 0.0 ], [ -68.849477130522715, -32.914554746279116, 0.0 ], [ -68.849471080346802, -32.914512135133577, 0.0 ], [ -68.848954976524496, -32.914555503263223, 0.0 ] ] ] ] } },
{ "type": "Feature", "properties": { "LAYER": "PARCELARIO_2026", "MAP_NAME": "Cl_Jarillal_2026.dwg", "cc pp1": "1054 2284" }, "geometry": { "type": "MultiPolygon", "coordinates": [ [ [ [ -68.850261701020855, -32.936410456188682, 0.0 ], [ -68.850305301663809, -32.936187997823843, 0.0 ], [ -68.849992473575895, -32.93615606192747, 0.0 ], [ -68.849974770911871, -32.936263502588957, 0.0 ], [ -68.849956450240768, -32.936374693513329, 0.0 ], [ -68.850260098476994, -32.936410268521364, 0.0 ], [ -68.850261701020855, -32.936410456188682, 0.0 ] ] ] ] } },
{ "type": "Feature", "properties": { "LAYER": "PARCELARIO_2026", "MAP_NAME": "Cl_Jarillal_2026.dwg", "cc pp1": "1054 2285" }, "geometry": { "type": "MultiPolygon", "coordinates": [ [ [ [ -68.850218621095848, -32.936630261495452, 0.0 ], [ -68.850261701020855, -32.936410456188682, 0.0 ], [ -68.850260098476994, -32.936410268521364, 0.0 ], [ -68.849956450240768, -32.936374693513329, 0.0 ], [ -68.849974770911871, -32.936263502588957, 0.0 ], [ -68.84977649162316, -32.936257649601856, 0.0 ], [ -68.849701687151281, -32.936255441598838, 0.0 ], [ -68.849701712469084, -32.936263864268433, 0.0 ], [ -68.849701782260851, -32.936287085444924, 0.0 ], [ -68.849701988861497, -32.936356492892024, 0.0 ], [ -68.849702087954356, -32.936389574929862, 0.0 ], [ -68.849702148971261, -32.936409765532289, 0.0 ], [ -68.849702280273064, -32.936435816269544, 0.0 ], [ -68.849702273869298, -32.936439602436849, 0.0 ], [ -68.849702324827277, -32.936467004703033, 0.0 ], [ -68.849702475784426, -32.936518734548443, 0.0 ], [ -68.849702616871255, -32.936552908576374, 0.0 ], [ -68.849702602692631, -32.936561291523951, 0.0 ], [ -68.849802670438351, -32.936561592172339, 0.0 ], [ -68.849866907085413, -32.936572211861808, 0.0 ], [ -68.850218621095848, -32.936630261495452, 0.0 ] ] ] ] } },
{ "type": "Feature", "properties": { "LAYER": "PARCELARIO_2026", "MAP_NAME": "Cl_Jarillal_2026.dwg", "cc pp1": "1054 2280" }, "geometry": { "type": "MultiPolygon", "coordinates": [ [ [ [ -68.849016805810024, -32.914081853563573, 0.0 ], [ -68.848985709926751, -32.914331343764921, 0.0 ], [ -68.848984982532997, -32.914336651124103, 0.0 ], [ -68.848967678844787, -32.914462857536385, 0.0 ], [ -68.848954976524496, -32.914555503263223, 0.0 ], [ -68.849471080346802, -32.914512135133577, 0.0 ], [ -68.84945963300693, -32.91443080711641, 0.0 ], [ -68.849445017269971, -32.914352541922625, 0.0 ], [ -68.849429659046407, -32.91427021823533, 0.0 ], [ -68.849414196238143, -32.914187173970319, 0.0 ], [ -68.849399581649152, -32.914108277587992, 0.0 ], [ -68.849564466226752, -32.914120736370172, 0.0 ], [ -68.849613835688132, -32.914124491790659, 0.0 ], [ -68.849877775579756, -32.914146444134758, 0.0 ], [ -68.849987305683953, -32.914155590697419, 0.0 ], [ -68.850002479313815, -32.914156870366632, 0.0 ], [ -68.850125152248452, -32.914167114603451, 0.0 ], [ -68.850218867511146, -32.914174889469592, 0.0 ], [ -68.850291103782169, -32.91418092533717, 0.0 ], [ -68.850232855715234, -32.913870115789017, 0.0 ], [ -68.849955971740528, -32.913850764456861, 0.0 ], [ -68.849940689890531, -32.913849664088076, 0.0 ], [ -68.849171081450294, -32.913796091937115, 0.0 ], [ -68.849008670287319, -32.913784817737202, 0.0 ], [ -68.849006820735951, -32.91378679921727, 0.0 ], [ -68.848747618015764, -32.914064598061387, 0.0 ], [ -68.849016805810024, -32.914081853563573, 0.0 ] ] ] ] } },
{ "type": "Feature", "properties": { "LAYER": "PARCELARIO_2026", "MAP_NAME": "Cl_Jarillal_2026.dwg", "cc pp1": "1054 2248" }, "geometry": { "type": "MultiPolygon", "coordinates": [ [ [ [ -68.843121466389547, -32.910367820448123, 0.0 ], [ -68.844249517309805, -32.910165678298796, 0.0 ], [ -68.844289927468949, -32.910158426761754, 0.0 ], [ -68.844313497362805, -32.910124741076267, 0.0 ], [ -68.844304367442703, -32.910089842471329, 0.0 ], [ -68.844264771750076, -32.909937804514527, 0.0 ], [ -68.844237488862092, -32.90983319988721, 0.0 ], [ -68.844210313213452, -32.909729046230289, 0.0 ], [ -68.844183349247317, -32.90962552311008, 0.0 ], [ -68.844156172341201, -32.909521548872632, 0.0 ], [ -68.844142691638979, -32.909469697589579, 0.0 ], [ -68.844128041294667, -32.909413697979872, 0.0 ], [ -68.844100229108435, -32.909306928601488, 0.0 ], [ -68.844063073817196, -32.909164449703695, 0.0 ], [ -68.844052139789085, -32.909122787962609, 0.0 ], [ -68.844014667405048, -32.908978956117785, 0.0 ], [ -68.844000760587875, -32.908925751750331, 0.0 ], [ -68.843981759261979, -32.908852978884653, 0.0 ], [ -68.843958617043754, -32.908764245463274, 0.0 ], [ -68.843936962071737, -32.908680832053733, 0.0 ], [ -68.843915093982986, -32.908597057697769, 0.0 ], [ -68.843893862716953, -32.908515898128108, 0.0 ], [ -68.843827305111532, -32.908260427860398, 0.0 ], [ -68.843807024079027, -32.908246970966623, 0.0 ], [ -68.843721193962963, -32.908255517215544, 0.0 ], [ -68.843535958743061, -32.908274036152129, 0.0 ], [ -68.843463168723957, -32.908281337079991, 0.0 ], [ -68.8429463716773, -32.908332975174027, 0.0 ], [ -68.842928414475878, -32.908334755090728, 0.0 ], [ -68.842901747773965, -32.908366634157275, 0.0 ], [ -68.842903318876949, -32.908384935906909, 0.0 ], [ -68.842908036260241, -32.908436325475641, 0.0 ], [ -68.842916216819816, -32.9085247706914, 0.0 ], [ -68.842924186039198, -32.908611231924432, 0.0 ], [ -68.842931630030961, -32.908692463602499, 0.0 ], [ -68.842939494452523, -32.908777753406881, 0.0 ], [ -68.842947778513349, -32.908867550377359, 0.0 ], [ -68.842960152618559, -32.909001435146187, 0.0 ], [ -68.842970429861779, -32.909112689397986, 0.0 ], [ -68.842984584231544, -32.909266949150606, 0.0 ], [ -68.842986262738336, -32.909284981426566, 0.0 ], [ -68.842994336441862, -32.909372884576342, 0.0 ], [ -68.842999580247522, -32.909429503687619, 0.0 ], [ -68.843004089787257, -32.909478189720595, 0.0 ], [ -68.843007550260225, -32.909515605130323, 0.0 ], [ -68.843014889889545, -32.909595485029541, 0.0 ], [ -68.843022020353857, -32.909672749767537, 0.0 ], [ -68.843029256408798, -32.909751367169761, 0.0 ], [ -68.843036597349041, -32.909830525715499, 0.0 ], [ -68.843043936870146, -32.909910495777787, 0.0 ], [ -68.843048550491829, -32.909960804074011, 0.0 ], [ -68.843066063794708, -32.910150225754421, 0.0 ], [ -68.843084098500967, -32.910346499111036, 0.0 ], [ -68.843121466389547, -32.910367820448123, 0.0 ] ] ] ] } },
{ "type": "Feature", "properties": { "LAYER": "PARCELARIO_2026", "MAP_NAME": "Cl_Jarillal_2026.dwg", "cc pp1": "1054 3807" }, "geometry": { "type": "MultiPolygon", "coordinates": [ [ [ [ -68.850758988967527, -32.948791011747176, 0.0 ], [ -68.850865344758844, -32.948799659646966, 0.0 ], [ -68.850794345092353, -32.948649964903055, 0.0 ], [ -68.850783093368236, -32.948597892787106, 0.0 ], [ -68.850741995230379, -32.948511240633565, 0.0 ], [ -68.850641015411057, -32.948542272214652, 0.0 ], [ -68.850758988967527, -32.948791011747176, 0.0 ] ] ] ] } },
{ "type": "Feature", "properties": { "LAYER": "PARCELARIO_2026", "MAP_NAME": "Cl_Jarillal_2026.dwg", "cc pp1": "1054 3658" }, "geometry": { "type": "MultiPolygon", "coordinates": [ [ [ [ -68.850641015411057, -32.948542272214652, 0.0 ], [ -68.850741995230379, -32.948511240633565, 0.0 ], [ -68.850783093368236, -32.948597892787106, 0.0 ], [ -68.850794345092353, -32.948649964903055, 0.0 ], [ -68.850865344758844, -32.948799659646966, 0.0 ], [ -68.85115425849358, -32.948817918807933, 0.0 ], [ -68.850911860549317, -32.948306746020457, 0.0 ], [ -68.850541079678763, -32.948331563695007, 0.0 ], [ -68.850641015411057, -32.948542272214652, 0.0 ] ] ] ] } },
{ "type": "Feature", "properties": { "LAYER": "PARCELARIO_2026", "MAP_NAME": "Cl_Jarillal_2026.dwg", "cc pp1": "1054 3170" }, "geometry": { "type": "MultiPolygon", "coordinates": [ [ [ [ -68.850200711749622, -32.948739600531361, 0.0 ], [ -68.850162681182468, -32.9483613763772, 0.0 ], [ -68.850107313678592, -32.94836575255929, 0.0 ], [ -68.85008058109338, -32.948052144812436, 0.0 ], [ -68.84951922838394, -32.948096397259604, 0.0 ], [ -68.849566181136566, -32.948647260509205, 0.0 ], [ -68.849593196704845, -32.948683530778027, 0.0 ], [ -68.850200711749622, -32.948739600531361, 0.0 ] ] ] ] } },
{ "type": "Feature", "properties": { "LAYER": "PARCELARIO_2026", "MAP_NAME": "Cl_Jarillal_2026.dwg", "cc pp1": "1037 3757" }, "geometry": { "type": "MultiPolygon", "coordinates": [ [ [ [ -68.856319245052958, -32.955072415947662, 0.0 ], [ -68.856383337314497, -32.955048150530978, 0.0 ], [ -68.856597975575809, -32.9549671753445, 0.0 ], [ -68.856575479633236, -32.954926042722988, 0.0 ], [ -68.856553302911337, -32.954885271136668, 0.0 ], [ -68.856523445114078, -32.95483052907511, 0.0 ], [ -68.856284145990855, -32.954927601456752, 0.0 ], [ -68.856340115566667, -32.95501749954142, 0.0 ], [ -68.856305121793028, -32.955033648101626, 0.0 ], [ -68.856319245052958, -32.955072415947662, 0.0 ] ] ] ] } },
{ "type": "Feature", "properties": { "LAYER": "PARCELARIO_2026", "MAP_NAME": "Cl_Jarillal_2026.dwg", "cc pp1": "1037 3687" }, "geometry": { "type": "MultiPolygon", "coordinates": [ [ [ [ -68.850841490421274, -32.841277342886869, 0.0 ], [ -68.851644506046, -32.841179243048579, 0.0 ], [ -68.851428897015396, -32.840882412258324, 0.0 ], [ -68.850874373692889, -32.840907192374381, 0.0 ], [ -68.850779133393274, -32.84095229093105, 0.0 ], [ -68.850790563075677, -32.841015152057366, 0.0 ], [ -68.850800513909562, -32.841069406508261, 0.0 ], [ -68.850817289756861, -32.841159677529369, 0.0 ], [ -68.850841490421274, -32.841277342886869, 0.0 ] ] ] ] } },
{ "type": "Feature", "properties": { "LAYER": "PARCELARIO_2026", "MAP_NAME": "Cl_Jarillal_2026.dwg", "cc pp1": "1037 3707" }, "geometry": { "type": "MultiPolygon", "coordinates": [ [ [ [ -68.857459028445092, -32.846350499888935, 0.0 ], [ -68.856335813286776, -32.846316459489458, 0.0 ], [ -68.856131906745318, -32.847542040323162, 0.0 ], [ -68.856521258746469, -32.847587225077554, 0.0 ], [ -68.856677755626009, -32.846646510568213, 0.0 ], [ -68.8574418369234, -32.846732578453128, 0.0 ], [ -68.857496485162201, -32.846395218079444, 0.0 ], [ -68.857459028445092, -32.846350499888935, 0.0 ] ] ] ] } },
{ "type": "Feature", "properties": { "LAYER": "PARCELARIO_2026", "MAP_NAME": "Cl_Jarillal_2026.dwg", "cc pp1": "1042 114" }, "geometry": { "type": "MultiPolygon", "coordinates": [ [ [ [ -68.853874397383123, -32.845543351133848, 0.0 ], [ -68.853832578871518, -32.845327481751376, 0.0 ], [ -68.853886281796036, -32.845325159472658, 0.0 ], [ -68.853830315564693, -32.844983932104917, 0.0 ], [ -68.853773790333307, -32.844983866070656, 0.0 ], [ -68.853734578659626, -32.844766716566326, 0.0 ], [ -68.853791103753267, -32.844766782617896, 0.0 ], [ -68.853719298353226, -32.844353153737607, 0.0 ], [ -68.853663226429873, -32.844353088183929, 0.0 ], [ -68.853638258959251, -32.844136242023701, 0.0 ], [ -68.853697943649493, -32.844139365864059, 0.0 ], [ -68.853681466456294, -32.843984749520807, 0.0 ], [ -68.853462822680314, -32.843980701154585, 0.0 ], [ -68.853484244793805, -32.844184301764173, 0.0 ], [ -68.853700374591284, -32.845540022528041, 0.0 ], [ -68.853874397383123, -32.845543351133848, 0.0 ] ] ] ] } },
{ "type": "Feature", "properties": { "LAYER": "PARCELARIO_2026", "MAP_NAME": "Cl_Jarillal_2026.dwg", "cc pp1": "1037 3686" }, "geometry": { "type": "MultiPolygon", "coordinates": [ [ [ [ -68.849627751693689, -32.842887137379975, 0.0 ], [ -68.849659668111499, -32.842865775716035, 0.0 ], [ -68.849686370402438, -32.842113939132531, 0.0 ], [ -68.8496546222418, -32.842086345089683, 0.0 ], [ -68.848951801917451, -32.842059016825139, 0.0 ], [ -68.848933126822985, -32.842072593701516, 0.0 ], [ -68.84888562763291, -32.842834424681463, 0.0 ], [ -68.848899585803252, -32.842853050786779, 0.0 ], [ -68.849627751693689, -32.842887137379975, 0.0 ] ] ] ] } },
{ "type": "Feature", "properties": { "LAYER": "PARCELARIO_2026", "MAP_NAME": "Cl_Jarillal_2026.dwg", "cc pp1": "1046 976" }, "geometry": { "type": "MultiPolygon", "coordinates": [ [ [ [ -68.838552861082078, -32.858328797786911, 0.0 ], [ -68.838567117375149, -32.858504431394493, 0.0 ], [ -68.838611227911414, -32.858880583877806, 0.0 ], [ -68.838639807008533, -32.859102718359544, 0.0 ], [ -68.838762018511517, -32.86025724853134, 0.0 ], [ -68.839734546180111, -32.860238305488245, 0.0 ], [ -68.839663963329699, -32.859624170139966, 0.0 ], [ -68.839630047076696, -32.859354599862101, 0.0 ], [ -68.839606537985389, -32.859179370216061, 0.0 ], [ -68.839589674738363, -32.859051307778181, 0.0 ], [ -68.839585331602436, -32.858971321781453, 0.0 ], [ -68.839559118522601, -32.8588151784543, 0.0 ], [ -68.841069080514217, -32.858957498750996, 0.0 ], [ -68.84106822390234, -32.858662014595495, 0.0 ], [ -68.8410351278836, -32.858507809583827, 0.0 ], [ -68.841023226536862, -32.858375396630713, 0.0 ], [ -68.838552861082078, -32.858328797786911, 0.0 ] ] ] ] } },
{ "type": "Feature", "properties": { "LAYER": "PARCELARIO_2026", "MAP_NAME": "Cl_Jarillal_2026.dwg", "cc pp1": "1042 117" }, "geometry": { "type": "MultiPolygon", "coordinates": [ [ [ [ -68.858879705323545, -32.844861921210843, 0.0 ], [ -68.857421570738111, -32.844817942734132, 0.0 ], [ -68.857436836568553, -32.846111253208875, 0.0 ], [ -68.858679785517467, -32.846185717684435, 0.0 ], [ -68.858879705323545, -32.844861921210843, 0.0 ] ] ] ] } },
{ "type": "Feature", "properties": { "LAYER": "PARCELARIO_2026", "MAP_NAME": "Cl_Jarillal_2026.dwg", "cc pp1": "1044 1412" }, "geometry": { "type": "MultiPolygon", "coordinates": [ [ [ [ -68.845026204313243, -32.838070606929413, 0.0 ], [ -68.845004135127994, -32.838463992683408, 0.0 ], [ -68.845842655749678, -32.838603348924508, 0.0 ], [ -68.845840221416736, -32.838753585204685, 0.0 ], [ -68.84674887953831, -32.838812978916771, 0.0 ], [ -68.846765616759711, -32.838500265355201, 0.0 ], [ -68.846486256188456, -32.838458922722623, 0.0 ], [ -68.846485313046443, -32.838422235959506, 0.0 ], [ -68.846280565944511, -32.838392555757345, 0.0 ], [ -68.846277936063572, -32.838293236523427, 0.0 ], [ -68.846761648271638, -32.838362592465955, 0.0 ], [ -68.846760365471027, -32.838318090076193, 0.0 ], [ -68.846276718010984, -32.838247235873574, 0.0 ], [ -68.845026204313243, -32.838070606929413, 0.0 ] ] ] ] } },
{ "type": "Feature", "properties": { "LAYER": "PARCELARIO_2026", "MAP_NAME": "Cl_Jarillal_2026.dwg", "cc pp1": "1044 1417" }, "geometry": { "type": "MultiPolygon", "coordinates": [ [ [ [ -68.846483391886608, -32.838322294572514, 0.0 ], [ -68.846485313046443, -32.838422235959506, 0.0 ], [ -68.846486232513172, -32.838458001790976, 0.0 ], [ -68.846765616759711, -32.838500265355222, 0.0 ], [ -68.846761648271638, -32.838362592465955, 0.0 ], [ -68.846483391886608, -32.838322294572514, 0.0 ] ] ] ] } },
{ "type": "Feature", "properties": { "LAYER": "PARCELARIO_2026", "MAP_NAME": "Cl_Jarillal_2026.dwg", "cc pp1": "1044 1418" }, "geometry": { "type": "MultiPolygon", "coordinates": [ [ [ [ -68.846485313046443, -32.838422235959506, 0.0 ], [ -68.846483391886608, -32.838322294572514, 0.0 ], [ -68.846277936063572, -32.838293236523427, 0.0 ], [ -68.846280565944511, -32.838392555757345, 0.0 ], [ -68.846485313046443, -32.838422235959506, 0.0 ] ] ] ] } },
{ "type": "Feature", "properties": { "LAYER": "PARCELARIO_2026", "MAP_NAME": "Cl_Jarillal_2026.dwg", "cc pp1": "1038 267" }, "geometry": { "type": "MultiPolygon", "coordinates": [ [ [ [ -68.869852159830273, -32.902435684364349, 0.0 ], [ -68.867371112167234, -32.902833552943697, 0.0 ], [ -68.867397963327562, -32.903659954162798, 0.0 ], [ -68.867719009168624, -32.903515707351033, 0.0 ], [ -68.868555312235657, -32.904083727181003, 0.0 ], [ -68.869224328933583, -32.904537154492424, 0.0 ], [ -68.869146425665193, -32.904225720375052, 0.0 ], [ -68.86919250054143, -32.904217024900802, 0.0 ], [ -68.869185664836479, -32.904141479579636, 0.0 ], [ -68.869253008972905, -32.904132535827408, 0.0 ], [ -68.869311888949866, -32.90413710493376, 0.0 ], [ -68.869454644405295, -32.904083349242065, 0.0 ], [ -68.869518406486591, -32.903965150150249, 0.0 ], [ -68.869520065217671, -32.903927382795089, 0.0 ], [ -68.869681644906905, -32.903242837691195, 0.0 ], [ -68.869843222092101, -32.902558292297236, 0.0 ], [ -68.869852159830273, -32.902435684364349, 0.0 ] ] ] ] } },
{ "type": "Feature", "properties": { "LAYER": "PARCELARIO_2026", "MAP_NAME": "Cl_Jarillal_2026.dwg", "cc pp1": "1038 278" }, "geometry": { "type": "MultiPolygon", "coordinates": [ [ [ [ -68.872487396610836, -32.903152476735592, 0.0 ], [ -68.872119368972022, -32.903166068043213, 0.0 ], [ -68.872076792624327, -32.902345594661206, 0.0 ], [ -68.872027134313214, -32.902095433011873, 0.0 ], [ -68.86985215982989, -32.902435684189406, 0.0 ], [ -68.869843222091731, -32.902558292122301, 0.0 ], [ -68.869520065217287, -32.903927382620097, 0.0 ], [ -68.869518406486208, -32.903965149975335, 0.0 ], [ -68.869454644404911, -32.904083349067101, 0.0 ], [ -68.869311888949497, -32.904137104758803, 0.0 ], [ -68.869253008972535, -32.904132535652444, 0.0 ], [ -68.86918566483611, -32.904141479404686, 0.0 ], [ -68.869192500541047, -32.904217024725824, 0.0 ], [ -68.869146425664809, -32.904225720200088, 0.0 ], [ -68.8692243289332, -32.904537154317453, 0.0 ], [ -68.869300381581013, -32.904841186268776, 0.0 ], [ -68.869601516145678, -32.904793095285974, 0.0 ], [ -68.869851747851001, -32.904753156879245, 0.0 ], [ -68.870124447617556, -32.90470963184778, 0.0 ], [ -68.870415764289291, -32.904663134612264, 0.0 ], [ -68.870712291706809, -32.90461580531732, 0.0 ], [ -68.871009374771063, -32.904568385722591, 0.0 ], [ -68.871400082974958, -32.904506022469775, 0.0 ], [ -68.871413345776915, -32.904503905417485, 0.0 ], [ -68.871577113815604, -32.90447775250869, 0.0 ], [ -68.871790364006074, -32.904443753135716, 0.0 ], [ -68.872082205960155, -32.904397222795751, 0.0 ], [ -68.872554590982432, -32.904321906442178, 0.0 ], [ -68.872558793259884, -32.90429847400101, 0.0 ], [ -68.872487396610836, -32.903152476735592, 0.0 ] ] ] ] } },
{ "type": "Feature", "properties": { "LAYER": "PARCELARIO_2026", "MAP_NAME": "Cl_Jarillal_2026.dwg", "cc pp1": "1038 261" }, "geometry": { "type": "MultiPolygon", "coordinates": [ [ [ [ -68.865726448336403, -32.908518945906906, 0.0 ], [ -68.866178577043343, -32.908646998061798, 0.0 ], [ -68.865734103669212, -32.909762903710558, 0.0 ], [ -68.865372209468248, -32.909554545356066, 0.0 ], [ -68.864946217120973, -32.90904808953772, 0.0 ], [ -68.864832402078861, -32.909112061304469, 0.0 ], [ -68.864824273571685, -32.909116379721986, 0.0 ], [ -68.864816143857752, -32.909120788306609, 0.0 ], [ -68.864808121038664, -32.909125197006276, 0.0 ], [ -68.864800099015014, -32.909129785142426, 0.0 ], [ -68.864792075920235, -32.909134374178578, 0.0 ], [ -68.864784159720287, -32.909138963329816, 0.0 ], [ -68.864776350141085, -32.909143732933714, 0.0 ], [ -68.864768541631378, -32.909148501636572, 0.0 ], [ -68.864760838809119, -32.90915336152387, 0.0 ], [ -68.864753242744641, -32.909158311695087, 0.0 ], [ -68.864745646543582, -32.909163351132925, 0.0 ], [ -68.864738051409248, -32.909168391473116, 0.0 ], [ -68.86473056182659, -32.909173612264873, 0.0 ], [ -68.864723179277291, -32.909178742101403, 0.0 ], [ -68.864716010242958, -32.90918405340804, 0.0 ], [ -68.864708628486639, -32.909189363582371, 0.0 ], [ -68.864701352417697, -32.909194764941233, 0.0 ], [ -68.864694290002248, -32.909200256699819, 0.0 ], [ -68.864687227450148, -32.909205837725068, 0.0 ], [ -68.864680164895773, -32.909211419651591, 0.0 ], [ -68.864673422892025, -32.909217091191906, 0.0 ], [ -68.864666467095873, -32.909222762500448, 0.0 ], [ -68.864659619125021, -32.909228524995889, 0.0 ], [ -68.8646529837401, -32.909234376988323, 0.0 ], [ -68.864646455111526, -32.909240320166589, 0.0 ], [ -68.86463971269184, -32.90924626221134, 0.0 ], [ -68.864633290820109, -32.909252295673383, 0.0 ], [ -68.864626868948903, -32.909258328233413, 0.0 ], [ -68.864620553835408, -32.909264451077625, 0.0 ], [ -68.864614345478287, -32.909270665107705, 0.0 ], [ -68.864608137121664, -32.909276878235794, 0.0 ], [ -68.864602035522793, -32.909283181648092, 0.0 ], [ -68.864596040680311, -32.909289576246302, 0.0 ], [ -68.864590045838312, -32.909295969942526, 0.0 ], [ -68.864584264649963, -32.90930245403878, 0.0 ], [ -68.864578483460747, -32.909308938134771, 0.0 ], [ -68.864572702132051, -32.909315513300925, 0.0 ], [ -68.864567134595688, -32.909322087796724, 0.0 ], [ -68.864561673817121, -32.909328752576812, 0.0 ], [ -68.864556212900439, -32.909335507525427, 0.0 ], [ -68.864550857809888, -32.909342262588432, 0.0 ], [ -68.864545610544752, -32.90934910883864, 0.0 ], [ -68.86454036328017, -32.909355954186928, 0.0 ], [ -68.864535329806699, -32.909362799766633, 0.0 ], [ -68.864530296057794, -32.909369825683648, 0.0 ], [ -68.864525369341393, -32.90937676154752, 0.0 ], [ -68.864520655209887, -32.909383787810476, 0.0 ], [ -68.864515728217285, -32.90939090401146, 0.0 ], [ -68.864511121911889, -32.909398020559806, 0.0 ], [ -68.864506515604376, -32.909405138009653, 0.0 ], [ -68.864502121883206, -32.909412344956934, 0.0 ], [ -68.864495596121415, -32.90941919793449, 0.0 ], [ -68.864493939160198, -32.909424857844208, 0.0 ], [ -68.864463146729847, -32.909530034446313, 0.0 ], [ -68.864460795733919, -32.909599715328774, 0.0 ], [ -68.864457660990226, -32.909693374878749, 0.0 ], [ -68.864454981740451, -32.909768013791293, 0.0 ], [ -68.864448469565843, -32.909833273686466, 0.0 ], [ -68.86447782527533, -32.910207416270488, 0.0 ], [ -68.864475448420535, -32.91029476571245, 0.0 ], [ -68.864465669007458, -32.910399596286553, 0.0 ], [ -68.864457770288354, -32.91046278078786, 0.0 ], [ -68.864455721077206, -32.91047539950587, 0.0 ], [ -68.864412278451368, -32.910998927061129, 0.0 ], [ -68.864409979728606, -32.911034261753528, 0.0 ], [ -68.86438488608259, -32.91129953753326, 0.0 ], [ -68.864369162733567, -32.911307724040476, 0.0 ], [ -68.864365935619489, -32.91146115100095, 0.0 ], [ -68.864360573429053, -32.911543269192627, 0.0 ], [ -68.864361817394737, -32.911638826106227, 0.0 ], [ -68.864345855244878, -32.911873641894218, 0.0 ], [ -68.864324526180908, -32.912122785991635, 0.0 ], [ -68.8643153254353, -32.912198408749873, 0.0 ], [ -68.864307888943159, -32.912239417593945, 0.0 ], [ -68.864304730960143, -32.912277366241717, 0.0 ], [ -68.864293863828891, -32.91246495076706, 0.0 ], [ -68.864275591912431, -32.912671999211973, 0.0 ], [ -68.864270375118963, -32.912728785502352, 0.0 ], [ -68.864262571394974, -32.912869587422705, 0.0 ], [ -68.864259471154298, -32.912939718294503, 0.0 ], [ -68.864233652659408, -32.913189668076306, 0.0 ], [ -68.864232193459898, -32.913235190941421, 0.0 ], [ -68.864228169825523, -32.913350664916734, 0.0 ], [ -68.864228140789024, -32.913369686004025, 0.0 ], [ -68.864219046591842, -32.913445399024326, 0.0 ], [ -68.864221976129798, -32.913486419113482, 0.0 ], [ -68.864224965500966, -32.913488947088013, 0.0 ], [ -68.864208256340518, -32.913582411491198, 0.0 ], [ -68.864196380715128, -32.913660105200506, 0.0 ], [ -68.864205250405917, -32.913660746017527, 0.0 ], [ -68.864198971967994, -32.913852661777995, 0.0 ], [ -68.864182877012766, -32.914103884438347, 0.0 ], [ -68.864169081321236, -32.914318779659226, 0.0 ], [ -68.864229518183421, -32.914427472610129, 0.0 ], [ -68.86422724819333, -32.914443877265754, 0.0 ], [ -68.864266852363627, -32.914476733613768, 0.0 ], [ -68.864282680295872, -32.914470440783482, 0.0 ], [ -68.864338694029442, -32.914536218431557, 0.0 ], [ -68.864428459866829, -32.914616907814583, 0.0 ], [ -68.864442642066678, -32.914639009147855, 0.0 ], [ -68.864527377686429, -32.9146541555927, 0.0 ], [ -68.864539988099736, -32.914655430719918, 0.0 ], [ -68.8646228151527, -32.914660298490254, 0.0 ], [ -68.864670893713921, -32.914672791140731, 0.0 ], [ -68.865310909387176, -32.914816815629031, 0.0 ], [ -68.868862555897323, -32.91561334537721, 0.0 ], [ -68.868897857799439, -32.915592918590569, 0.0 ], [ -68.869043278317065, -32.915118447552892, 0.0 ], [ -68.869055844341318, -32.915077353647497, 0.0 ], [ -68.869069376992371, -32.915033195012676, 0.0 ], [ -68.869095475483306, -32.914948033536085, 0.0 ], [ -68.86910943384612, -32.914905138607118, 0.0 ], [ -68.869112655643661, -32.914894414594194, 0.0 ], [ -68.869227579979707, -32.914514474120729, 0.0 ], [ -68.869339604408495, -32.914143816975567, 0.0 ], [ -68.869349055309314, -32.914112725814832, 0.0 ], [ -68.869357433620308, -32.914084789441937, 0.0 ], [ -68.869386539880963, -32.913988632237988, 0.0 ], [ -68.869420372371891, -32.913877065597674, 0.0 ], [ -68.869428212548371, -32.913850840963285, 0.0 ], [ -68.869488785913887, -32.913652129687627, 0.0 ], [ -68.869493405016144, -32.913636900482082, 0.0 ], [ -68.869543238439888, -32.91347342496622, 0.0 ], [ -68.869548822926816, -32.913455221193345, 0.0 ], [ -68.869543541757892, -32.913412396295691, 0.0 ], [ -68.869546011705296, -32.913404014972869, 0.0 ], [ -68.869562550418379, -32.913350033708547, 0.0 ], [ -68.869641704360234, -32.913089501217421, 0.0 ], [ -68.869797217871096, -32.912578439179235, 0.0 ], [ -68.869805273085319, -32.912551944232767, 0.0 ], [ -68.869806882638059, -32.912547078593441, 0.0 ], [ -68.869822563209013, -32.912495620219843, 0.0 ], [ -68.869859938344078, -32.912372337872839, 0.0 ], [ -68.869864341261419, -32.912357919043416, 0.0 ], [ -68.86986788502449, -32.912346203483928, 0.0 ], [ -68.869871322296461, -32.912334938657864, 0.0 ], [ -68.869874221494484, -32.91232538648017, 0.0 ], [ -68.869894521550478, -32.912330636501622, 0.0 ], [ -68.869939654158102, -32.912164992747734, 0.0 ], [ -68.870001920718352, -32.911976469306182, 0.0 ], [ -68.870032994344427, -32.911922233475032, 0.0 ], [ -68.87015296838328, -32.91173917916165, 0.0 ], [ -68.870199025783435, -32.911671075546046, 0.0 ], [ -68.870291247549062, -32.911535410287357, 0.0 ], [ -68.870488025108614, -32.911234071503998, 0.0 ], [ -68.870507199598876, -32.911204613353107, 0.0 ], [ -68.870510412561373, -32.911199749364393, 0.0 ], [ -68.87052048129236, -32.911184344519526, 0.0 ], [ -68.87052498059542, -32.911177767752072, 0.0 ], [ -68.87058571113927, -32.911088494903233, 0.0 ], [ -68.87064119322477, -32.911007059483104, 0.0 ], [ -68.870744123666839, -32.910855989679732, 0.0 ], [ -68.870817172095656, -32.910747978826024, 0.0 ], [ -68.870836880466982, -32.910718791680331, 0.0 ], [ -68.870823205995222, -32.910714450346198, 0.0 ], [ -68.870867352874484, -32.910636968735474, 0.0 ], [ -68.870889640591372, -32.91059750769567, 0.0 ], [ -68.870956182171355, -32.910480384779994, 0.0 ], [ -68.871012651886915, -32.91038083076451, 0.0 ], [ -68.871030546127656, -32.910349388393719, 0.0 ], [ -68.87102757588093, -32.910333609378213, 0.0 ], [ -68.870963195386608, -32.909992786534204, 0.0 ], [ -68.870957778331544, -32.909969612943563, 0.0 ], [ -68.870927504642665, -32.909841032385977, 0.0 ], [ -68.870856422612903, -32.909552397720255, 0.0 ], [ -68.870839209399975, -32.909482245654239, 0.0 ], [ -68.870836553642292, -32.909471515514589, 0.0 ], [ -68.870722399403093, -32.908963057618983, 0.0 ], [ -68.870681618403452, -32.908711053711635, 0.0 ], [ -68.870678441688966, -32.908690316982714, 0.0 ], [ -68.870678187492203, -32.908688699089218, 0.0 ], [ -68.87067272323462, -32.908653982006754, 0.0 ], [ -68.870665201724307, -32.908607908724228, 0.0 ], [ -68.870645289313202, -32.908484386446581, 0.0 ], [ -68.870629824544679, -32.908388273809059, 0.0 ], [ -68.870624847576053, -32.908356626577543, 0.0 ], [ -68.870614466462712, -32.908293062066242, 0.0 ], [ -68.870609389951966, -32.908256367073768, 0.0 ], [ -68.870594765074827, -32.908170802357994, 0.0 ], [ -68.870585761416137, -32.908114901824305, 0.0 ], [ -68.870577607566233, -32.908063419545378, 0.0 ], [ -68.870571357213208, -32.908025370800836, 0.0 ], [ -68.870566061306462, -32.907992551940524, 0.0 ], [ -68.870512677615807, -32.907661746173503, 0.0 ], [ -68.870482788601095, -32.90763629388394, 0.0 ], [ -68.870442399378121, -32.907629942013777, 0.0 ], [ -68.870417503022836, -32.907626039849134, 0.0 ], [ -68.870396347036177, -32.9076227727396, 0.0 ], [ -68.87038128055201, -32.907620412727695, 0.0 ], [ -68.870366322030137, -32.907618053727631, 0.0 ], [ -68.870338005866074, -32.907613606987539, 0.0 ], [ -68.870310652555744, -32.907609341577711, 0.0 ], [ -68.870285328768105, -32.907605348774432, 0.0 ], [ -68.870258188181651, -32.90760108357383, 0.0 ], [ -68.87023115542776, -32.907596909549909, 0.0 ], [ -68.870212242763571, -32.907593914342804, 0.0 ], [ -68.870204976628045, -32.907592825673937, 0.0 ], [ -68.870174844880168, -32.907588016336227, 0.0 ], [ -68.870147491585641, -32.907583750890723, 0.0 ], [ -68.870117680262197, -32.907579122209931, 0.0 ], [ -68.870106994316401, -32.90757748896894, 0.0 ], [ -68.870076862447405, -32.907572769776429, 0.0 ], [ -68.870047585600474, -32.90756814163435, 0.0 ], [ -68.870023330511202, -32.907564330226727, 0.0 ], [ -68.870016064381772, -32.907563240645182, 0.0 ], [ -68.869863802103922, -32.907539374128596, 0.0 ], [ -68.869774475256975, -32.907525398706319, 0.0 ], [ -68.869516216893629, -32.907484923103468, 0.0 ], [ -68.869435759279853, -32.907472309229661, 0.0 ], [ -68.869188079041564, -32.907433557205493, 0.0 ], [ -68.869100569202459, -32.907419853709754, 0.0 ], [ -68.868858125980964, -32.907381827866608, 0.0 ], [ -68.868770508283177, -32.907368123125032, 0.0 ], [ -68.868428587373529, -32.907314577613036, 0.0 ], [ -68.868329431186837, -32.907299057941913, 0.0 ], [ -68.868183260210557, -32.907276186750614, 0.0 ], [ -68.868101198909315, -32.907263298918728, 0.0 ], [ -68.867971803230176, -32.907243060076276, 0.0 ], [ -68.867858863575634, -32.907225181083007, 0.0 ], [ -68.867773597439452, -32.90721174953682, 0.0 ], [ -68.867508290236472, -32.907169820530356, 0.0 ], [ -68.867421741756104, -32.9071562070474, 0.0 ], [ -68.867179727958842, -32.907117907898588, 0.0 ], [ -68.866583829176733, -32.907023790767546, 0.0 ], [ -68.866353900286484, -32.907122887023824, 0.0 ], [ -68.866283493319472, -32.907320234835147, 0.0 ], [ -68.866279200085259, -32.907332579781318, 0.0 ], [ -68.866269110882484, -32.907360695387155, 0.0 ], [ -68.866151066361823, -32.907681583104235, 0.0 ], [ -68.866056735384788, -32.907938671826138, 0.0 ], [ -68.866009421901168, -32.908059237399847, 0.0 ], [ -68.865967616429145, -32.90814158715164, 0.0 ], [ -68.865894769228746, -32.908255455505646, 0.0 ], [ -68.865790852767987, -32.908418960919505, 0.0 ], [ -68.865726448336403, -32.908518945906906, 0.0 ] ] ] ] } },
{ "type": "Feature", "properties": { "LAYER": "PARCELARIO_2026", "MAP_NAME": "Cl_Jarillal_2026.dwg", "cc pp1": "1038 266" }, "geometry": { "type": "MultiPolygon", "coordinates": [ [ [ [ -68.864548896569261, -32.908751663104681, 0.0 ], [ -68.86457984350767, -32.908775765418532, 0.0 ], [ -68.864647623886583, -32.908779193102319, 0.0 ], [ -68.864691441921167, -32.908780952841511, 0.0 ], [ -68.864765515562752, -32.90877643527562, 0.0 ], [ -68.864911553775087, -32.9087490997549, 0.0 ], [ -68.865040408528543, -32.908705519618259, 0.0 ], [ -68.86516769126608, -32.908641836295821, 0.0 ], [ -68.865273159388678, -32.908585430314098, 0.0 ], [ -68.86535008128638, -32.908535213353346, 0.0 ], [ -68.865429266844799, -32.908472468907938, 0.0 ], [ -68.865500376397009, -32.908377895110569, 0.0 ], [ -68.865667388184164, -32.908120806497294, 0.0 ], [ -68.865787667764437, -32.907880885247728, 0.0 ], [ -68.865800745879937, -32.907854937847787, 0.0 ], [ -68.865824028436563, -32.90779546847417, 0.0 ], [ -68.866111325240581, -32.907008287854168, 0.0 ], [ -68.866095648959003, -32.906985103958576, 0.0 ], [ -68.86529927214572, -32.906932520361131, 0.0 ], [ -68.865263617696371, -32.90695242731244, 0.0 ], [ -68.864548896569261, -32.908751663104681, 0.0 ] ] ] ] } },
{ "type": "Feature", "properties": { "LAYER": "PARCELARIO_2026", "MAP_NAME": "Cl_Jarillal_2026.dwg", "cc pp1": "1038 301" }, "geometry": { "type": "MultiPolygon", "coordinates": [ [ [ [ -68.872027134313214, -32.902095433011873, 0.0 ], [ -68.872076792624327, -32.902345594661206, 0.0 ], [ -68.872119368972022, -32.903166068043213, 0.0 ], [ -68.872487396610836, -32.903152476735592, 0.0 ], [ -68.872435729161964, -32.902323141402988, 0.0 ], [ -68.872200418701993, -32.90233832542053, 0.0 ], [ -68.872132229333872, -32.902078990910468, 0.0 ], [ -68.872027134313214, -32.902095433011873, 0.0 ] ] ] ] } },
{ "type": "Feature", "properties": { "LAYER": "PARCELARIO_2026", "MAP_NAME": "Cl_Jarillal_2026.dwg", "cc pp1": "1038 302" }, "geometry": { "type": "MultiPolygon", "coordinates": [ [ [ [ -68.872132229333872, -32.902078990910468, 0.0 ], [ -68.872200418701993, -32.90233832542053, 0.0 ], [ -68.872435729161964, -32.902323141402988, 0.0 ], [ -68.872435267343903, -32.902315729939978, 0.0 ], [ -68.872419326378775, -32.902059850956995, 0.0 ], [ -68.872387295294075, -32.902039085705432, 0.0 ], [ -68.872132229333872, -32.902078990910468, 0.0 ] ] ] ] } },
{ "type": "Feature", "properties": { "LAYER": "PARCELARIO_2026", "MAP_NAME": "Cl_Jarillal_2026.dwg", "cc pp1": "1038 27" }, "geometry": { "type": "MultiPolygon", "coordinates": [ [ [ [ -68.867115474262548, -32.901743970220529, 0.0 ], [ -68.867304508881574, -32.902616468743048, 0.0 ], [ -68.868864023010801, -32.90236941444369, 0.0 ], [ -68.86865872939515, -32.90149662973586, 0.0 ], [ -68.867115474262548, -32.901743970220529, 0.0 ] ] ] ] } },
{ "type": "Feature", "properties": { "LAYER": "PARCELARIO_2026", "MAP_NAME": "Cl_Jarillal_2026.dwg", "cc pp1": "1038 273" }, "geometry": { "type": "MultiPolygon", "coordinates": [ [ [ [ -68.870165002343043, -32.905764803370339, 0.0 ], [ -68.870230046281378, -32.905818114772735, 0.0 ], [ -68.870275440044807, -32.905837182122475, 0.0 ], [ -68.870401538877402, -32.905847047537847, 0.0 ], [ -68.870422909294632, -32.905850314869063, 0.0 ], [ -68.870440004962219, -32.905852946584183, 0.0 ], [ -68.870504111766166, -32.905865813385716, 0.0 ], [ -68.870541611268223, -32.905875587763525, 0.0 ], [ -68.870694278340437, -32.905915497640059, 0.0 ], [ -68.870773446701051, -32.905933247200487, 0.0 ], [ -68.870774370102652, -32.905959839884808, 0.0 ], [ -68.870844887646612, -32.905973974601331, 0.0 ], [ -68.870881253284452, -32.905954902653598, 0.0 ], [ -68.870880895839392, -32.90590658614525, 0.0 ], [ -68.870880624091598, -32.90587287349107, 0.0 ], [ -68.870878914063539, -32.905651754870213, 0.0 ], [ -68.870878567347432, -32.905596047220001, 0.0 ], [ -68.87087703709517, -32.905398365494882, 0.0 ], [ -68.870876768621358, -32.905362398616973, 0.0 ], [ -68.87084580743273, -32.905339651269443, 0.0 ], [ -68.870725030359509, -32.905345205289585, 0.0 ], [ -68.870642735951662, -32.90534584152411, 0.0 ], [ -68.870564725713095, -32.905340622959756, 0.0 ], [ -68.870269776286804, -32.905323010230944, 0.0 ], [ -68.870203308496912, -32.905318328200629, 0.0 ], [ -68.870165002343043, -32.905764803370339, 0.0 ] ] ] ] } },
{ "type": "Feature", "properties": { "LAYER": "PARCELARIO_2026", "MAP_NAME": "Cl_Jarillal_2026.dwg", "cc pp1": "1038 274" }, "geometry": { "type": "MultiPolygon", "coordinates": [ [ [ [ -68.870165002343043, -32.905764803370339, 0.0 ], [ -68.870203308496912, -32.905318328200629, 0.0 ], [ -68.869715153248322, -32.905283943086154, 0.0 ], [ -68.869560680071885, -32.905237538863467, 0.0 ], [ -68.870020820805678, -32.905646628692224, 0.0 ], [ -68.870165002343043, -32.905764803370339, 0.0 ] ] ] ] } },
{ "type": "Feature", "properties": { "LAYER": "PARCELARIO_2026", "MAP_NAME": "Cl_Jarillal_2026.dwg", "cc pp1": "1038 275" }, "geometry": { "type": "MultiPolygon", "coordinates": [ [ [ [ -68.867267814185155, -32.905928851492497, 0.0 ], [ -68.866777774003452, -32.905860452897919, 0.0 ], [ -68.866722121968849, -32.906142178797658, 0.0 ], [ -68.866485436099438, -32.906825016492704, 0.0 ], [ -68.867085734281702, -32.906915527504353, 0.0 ], [ -68.867267814185155, -32.905928851492497, 0.0 ] ] ] ] } },
{ "type": "Feature", "properties": { "LAYER": "PARCELARIO_2026", "MAP_NAME": "Cl_Jarillal_2026.dwg", "cc pp1": "1038 276" }, "geometry": { "type": "MultiPolygon", "coordinates": [ [ [ [ -68.871456133899457, -32.907510522697926, 0.0 ], [ -68.871468978807741, -32.907496834732697, 0.0 ], [ -68.871467019098674, -32.907373519470873, 0.0 ], [ -68.871427494295787, -32.907360047264, 0.0 ], [ -68.871248839427238, -32.90725602034167, 0.0 ], [ -68.871179139541724, -32.907193210793253, 0.0 ], [ -68.871090547535601, -32.907113344304598, 0.0 ], [ -68.871075817604975, -32.907100077887115, 0.0 ], [ -68.870863815864496, -32.906849717796376, 0.0 ], [ -68.870456469493803, -32.906363163986541, 0.0 ], [ -68.870261182417281, -32.906159963205845, 0.0 ], [ -68.870099379128291, -32.9060087180019, 0.0 ], [ -68.870065785909532, -32.906032300149576, 0.0 ], [ -68.870106447165782, -32.906072185360543, 0.0 ], [ -68.870171762067088, -32.906136253328008, 0.0 ], [ -68.870240465909362, -32.906221327834423, 0.0 ], [ -68.870244413015953, -32.906226018913536, 0.0 ], [ -68.870348854629995, -32.906356381736778, 0.0 ], [ -68.870461900093673, -32.906523620767032, 0.0 ], [ -68.870536344409771, -32.906703620110399, 0.0 ], [ -68.870573194400862, -32.906792718139712, 0.0 ], [ -68.870574686311343, -32.90679587469586, 0.0 ], [ -68.870640113346951, -32.906929711657284, 0.0 ], [ -68.870681970983384, -32.907029451162231, 0.0 ], [ -68.870727668235673, -32.907208699289029, 0.0 ], [ -68.870781873567893, -32.907490086945216, 0.0 ], [ -68.870988024992982, -32.907500304989732, 0.0 ], [ -68.871148327963851, -32.907509484493652, 0.0 ], [ -68.871182421465278, -32.907509699964415, 0.0 ], [ -68.871247723406313, -32.90751012790696, 0.0 ], [ -68.871264930093929, -32.907510145625693, 0.0 ], [ -68.871456133899457, -32.907510522697926, 0.0 ] ] ] ] } },
{ "type": "Feature", "properties": { "LAYER": "PARCELARIO_2026", "MAP_NAME": "Cl_Jarillal_2026.dwg", "cc pp1": "1038 268" }, "geometry": { "type": "MultiPolygon", "coordinates": [ [ [ [ -68.864190131244342, -32.915349373801625, 0.0 ], [ -68.864176654543641, -32.915529574169028, 0.0 ], [ -68.864128636482192, -32.916175547271266, 0.0 ], [ -68.864125253965128, -32.916221069826065, 0.0 ], [ -68.864112151852908, -32.916400817019031, 0.0 ], [ -68.864055390027303, -32.917172721055891, 0.0 ], [ -68.864027152715551, -32.917464509917806, 0.0 ], [ -68.863929816686152, -32.918905383151902, 0.0 ], [ -68.863907436553433, -32.919210700889749, 0.0 ], [ -68.86390667122869, -32.919221788109454, 0.0 ], [ -68.863831558569885, -32.92024744805353, 0.0 ], [ -68.863827173655523, -32.920319023738081, 0.0 ], [ -68.863817424634362, -32.92040276365357, 0.0 ], [ -68.863792247345572, -32.920789484392735, 0.0 ], [ -68.863750638037217, -32.921434832599445, 0.0 ], [ -68.863722177099547, -32.92187095312552, 0.0 ], [ -68.86368364002962, -32.922030556634461, 0.0 ], [ -68.864146911374647, -32.922474256502511, 0.0 ], [ -68.864164656029374, -32.92247463646239, 0.0 ], [ -68.864216005614935, -32.922518866811679, 0.0 ], [ -68.864279138032487, -32.922617019104663, 0.0 ], [ -68.864302485542453, -32.922727660728469, 0.0 ], [ -68.864358526566249, -32.922819599868738, 0.0 ], [ -68.864410370265773, -32.922710377948547, 0.0 ], [ -68.864560353174326, -32.922424671458465, 0.0 ], [ -68.864681389233056, -32.922194195144868, 0.0 ], [ -68.864701329295983, -32.922156263813093, 0.0 ], [ -68.864757719697934, -32.922048774290225, 0.0 ], [ -68.864908558257881, -32.921761355068618, 0.0 ], [ -68.865005901379988, -32.921575748718361, 0.0 ], [ -68.865078479178052, -32.921437444223933, 0.0 ], [ -68.86512221766408, -32.92135410157843, 0.0 ], [ -68.865127685956139, -32.921343649708923, 0.0 ], [ -68.865152985670079, -32.921295446649808, 0.0 ], [ -68.865196725085113, -32.921212103977105, 0.0 ], [ -68.865308109151428, -32.92100000741376, 0.0 ], [ -68.865448117034347, -32.920733311020896, 0.0 ], [ -68.86547952649812, -32.92067366483969, 0.0 ], [ -68.865601940239628, -32.920448057256273, 0.0 ], [ -68.86562498710606, -32.920405350162056, 0.0 ], [ -68.865639994353586, -32.920377509560467, 0.0 ], [ -68.865774101079225, -32.920123517518995, 0.0 ], [ -68.865794361481335, -32.920085224766169, 0.0 ], [ -68.865897936069004, -32.919946953936865, 0.0 ], [ -68.866114186333178, -32.919658431116709, 0.0 ], [ -68.866263172755865, -32.919459536749336, 0.0 ], [ -68.866476315298939, -32.919175066644605, 0.0 ], [ -68.86661073453854, -32.918995719300682, 0.0 ], [ -68.86665646823144, -32.918934645389307, 0.0 ], [ -68.866772999713703, -32.918779077926679, 0.0 ], [ -68.866869715431662, -32.918649994360202, 0.0 ], [ -68.866997063202462, -32.918480014801609, 0.0 ], [ -68.867052437119156, -32.918406149734629, 0.0 ], [ -68.867262254044704, -32.918126001897257, 0.0 ], [ -68.867343116056475, -32.918019258463957, 0.0 ], [ -68.867405987368329, -32.917934222063977, 0.0 ], [ -68.867422053158208, -32.917912783441125, 0.0 ], [ -68.867613017940286, -32.917657857747024, 0.0 ], [ -68.867638614770598, -32.917623897530049, 0.0 ], [ -68.86764300663431, -32.917618042110455, 0.0 ], [ -68.867758462791201, -32.917463644746967, 0.0 ], [ -68.867906372657373, -32.917265558720551, 0.0 ], [ -68.867955746713804, -32.917199529778763, 0.0 ], [ -68.868239459996417, -32.916819390738006, 0.0 ], [ -68.868242779658559, -32.91681488669844, 0.0 ], [ -68.868371019573345, -32.916616418689294, 0.0 ], [ -68.868620962812614, -32.916229481418675, 0.0 ], [ -68.868718522942416, -32.916032332415078, 0.0 ], [ -68.868792582842659, -32.915823709929626, 0.0 ], [ -68.868768041829711, -32.915794835556326, 0.0 ], [ -68.867559876294749, -32.915516346365365, 0.0 ], [ -68.867511152498423, -32.915505116506047, 0.0 ], [ -68.86580614160431, -32.915112131945982, 0.0 ], [ -68.865563712807457, -32.915401706530588, 0.0 ], [ -68.865294126511785, -32.915270786943772, 0.0 ], [ -68.865048672233598, -32.915439285780877, 0.0 ], [ -68.864897061435542, -32.915538739628921, 0.0 ], [ -68.864813813678637, -32.915597698484753, 0.0 ], [ -68.864775057606465, -32.91563867526385, 0.0 ], [ -68.864593818686643, -32.915540935354258, 0.0 ], [ -68.864578501655799, -32.915561924490092, 0.0 ], [ -68.864190131244342, -32.915349373801625, 0.0 ] ] ] ] } },
{ "type": "Feature", "properties": { "LAYER": "PARCELARIO_2026", "MAP_NAME": "Cl_Jarillal_2026.dwg", "cc pp1": "1038 268" }, "geometry": { "type": "MultiPolygon", "coordinates": [ [ [ [ -68.866476315298939, -32.919175066644605, 0.0 ], [ -68.86661073453854, -32.918995719300703, 0.0 ], [ -68.866656610520593, -32.91893445543618, 0.0 ], [ -68.866252705132823, -32.918706441045764, 0.0 ], [ -68.866132552457515, -32.918621116469758, 0.0 ], [ -68.866119263925697, -32.91857040734007, 0.0 ], [ -68.866036487195402, -32.918494524510443, 0.0 ], [ -68.865994809108557, -32.918437447934842, 0.0 ], [ -68.865887305938671, -32.918272573709714, 0.0 ], [ -68.865841321689643, -32.918206608760002, 0.0 ], [ -68.865787952935264, -32.9181474073064, 0.0 ], [ -68.865760422620653, -32.918124846677486, 0.0 ], [ -68.865689505658494, -32.918070554864705, 0.0 ], [ -68.86566363648862, -32.918054332777047, 0.0 ], [ -68.865599375129221, -32.918017650829157, 0.0 ], [ -68.865563479370024, -32.918003530199243, 0.0 ], [ -68.865505878394913, -32.917981641181321, 0.0 ], [ -68.865416818210704, -32.917970709482056, 0.0 ], [ -68.865369214551706, -32.91796572969119, 0.0 ], [ -68.865286535606842, -32.917956487342273, 0.0 ], [ -68.865236438279567, -32.917943759561084, 0.0 ], [ -68.865200535136836, -32.917934567574775, 0.0 ], [ -68.865127927713189, -32.917893651638984, 0.0 ], [ -68.865071206051951, -32.917842895297156, 0.0 ], [ -68.865055383396196, -32.917811193874336, 0.0 ], [ -68.865057933198926, -32.917782328554416, 0.0 ], [ -68.865085584172277, -32.917764500310639, 0.0 ], [ -68.865129067645867, -32.917732158879936, 0.0 ], [ -68.865151660428182, -32.917705427440609, 0.0 ], [ -68.865182658810639, -32.917644204448692, 0.0 ], [ -68.865191901303945, -32.917608305327498, 0.0 ], [ -68.865184484250108, -32.917542112143529, 0.0 ], [ -68.865201256923413, -32.917497772104198, 0.0 ], [ -68.865378641404263, -32.917454065353631, 0.0 ], [ -68.865468931913853, -32.917445557701534, 0.0 ], [ -68.86556669199679, -32.917423835815661, 0.0 ], [ -68.865651937094711, -32.917392947127894, 0.0 ], [ -68.865718917894526, -32.917360494371373, 0.0 ], [ -68.865786632784221, -32.91732254574287, 0.0 ], [ -68.865848505636279, -32.917281070526087, 0.0 ], [ -68.865886977697215, -32.917248019212934, 0.0 ], [ -68.865950562496778, -32.917179085728264, 0.0 ], [ -68.86600255397552, -32.917124774305314, 0.0 ], [ -68.866064434012557, -32.917078370231053, 0.0 ], [ -68.866131314275094, -32.917039716508143, 0.0 ], [ -68.866197420071842, -32.917012165757242, 0.0 ], [ -68.866262594056067, -32.916996745446077, 0.0 ], [ -68.866341120988139, -32.9169890841804, 0.0 ], [ -68.86641654258429, -32.916987066110138, 0.0 ], [ -68.866485857192345, -32.916995589427344, 0.0 ], [ -68.866546803298036, -32.917014665070781, 0.0 ], [ -68.866732917653451, -32.917115549661951, 0.0 ], [ -68.866916096404282, -32.917211932460326, 0.0 ], [ -68.867012295716506, -32.917291412607469, 0.0 ], [ -68.867118406557509, -32.917351652706614, 0.0 ], [ -68.86722717619898, -32.917401206013267, 0.0 ], [ -68.867294919605143, -32.917424481368826, 0.0 ], [ -68.867433829786705, -32.917458032765488, 0.0 ], [ -68.867592309104737, -32.91747824322578, 0.0 ], [ -68.867641784331667, -32.917462186363075, 0.0 ], [ -68.867696726516812, -32.917461531920708, 0.0 ], [ -68.867736608667229, -32.917492869908763, 0.0 ], [ -68.867758462791201, -32.917463644746967, 0.0 ], [ -68.867887256773955, -32.917291159435109, 0.0 ], [ -68.867822538338686, -32.917271988625032, 0.0 ], [ -68.867739843743706, -32.917284823935127, 0.0 ], [ -68.867628140674185, -32.917291167313053, 0.0 ], [ -68.867560797403982, -32.917290172829986, 0.0 ], [ -68.867460074097906, -32.917276681721702, 0.0 ], [ -68.867343537226461, -32.917238140534927, 0.0 ], [ -68.8672306965437, -32.917192056925401, 0.0 ], [ -68.866919999105306, -32.917040407560933, 0.0 ], [ -68.866906841696164, -32.917001028856831, 0.0 ], [ -68.867109415780632, -32.916718418897801, 0.0 ], [ -68.866853732575976, -32.916583482571404, 0.0 ], [ -68.866648614151472, -32.916870095690086, 0.0 ], [ -68.86660694116145, -32.916879764230231, 0.0 ], [ -68.866538720026, -32.916861012613865, 0.0 ], [ -68.866489100614203, -32.916850499419176, 0.0 ], [ -68.866412882626989, -32.916845187774278, 0.0 ], [ -68.866353174911822, -32.916843629766824, 0.0 ], [ -68.866256555734068, -32.916848756422141, 0.0 ], [ -68.866159915725419, -32.916867331787941, 0.0 ], [ -68.866133310365171, -32.916877016527955, 0.0 ], [ -68.866059704013566, -32.916903088090443, 0.0 ], [ -68.866022448393082, -32.916922474170995, 0.0 ], [ -68.865933486044071, -32.916976414645987, 0.0 ], [ -68.865867814019381, -32.917030886630656, 0.0 ], [ -68.865848284919707, -32.917050291678372, 0.0 ], [ -68.865803888586697, -32.917102544840816, 0.0 ], [ -68.865747975324552, -32.917151049813718, 0.0 ], [ -68.865717802058953, -32.917175673625721, 0.0 ], [ -68.865653030732759, -32.917220433234917, 0.0 ], [ -68.865622871545, -32.917236091016974, 0.0 ], [ -68.86555343844627, -32.917269089729949, 0.0 ], [ -68.865521508296496, -32.917283251396427, 0.0 ], [ -68.865436393591096, -32.9172995972066, 0.0 ], [ -68.86540181580726, -32.917306284382938, 0.0 ], [ -68.865319375813712, -32.917312172785465, 0.0 ], [ -68.865205923053907, -32.917312050498879, 0.0 ], [ -68.864898398319653, -32.917291688682376, 0.0 ], [ -68.864446061252963, -32.917351139666778, 0.0 ], [ -68.86426839598181, -32.917282614381165, 0.0 ], [ -68.864201864131914, -32.917079942508011, 0.0 ], [ -68.864242980388724, -32.916437206187929, 0.0 ], [ -68.864211195177759, -32.916150500687671, 0.0 ], [ -68.86415925307584, -32.915763672206786, 0.0 ], [ -68.864128636482192, -32.916175547271294, 0.0 ], [ -68.864125253965128, -32.916221069826065, 0.0 ], [ -68.864112151852908, -32.916400817019024, 0.0 ], [ -68.864055390027318, -32.917172721055891, 0.0 ], [ -68.864046052579155, -32.917254571894063, 0.0 ], [ -68.864077670449831, -32.917312623761255, 0.0 ], [ -68.864113932109376, -32.917366727529576, 0.0 ], [ -68.86418527714811, -32.917440134617948, 0.0 ], [ -68.864257027118313, -32.917494637156473, 0.0 ], [ -68.864352539075639, -32.91753992735898, 0.0 ], [ -68.864403823420176, -32.917556562653104, 0.0 ], [ -68.864480768618009, -32.917568900817919, 0.0 ], [ -68.864558503472537, -32.917569023739851, 0.0 ], [ -68.864591627365044, -32.917593563191595, 0.0 ], [ -68.864604307365525, -32.917641506444589, 0.0 ], [ -68.864622379213046, -32.91768499717552, 0.0 ], [ -68.864651462294901, -32.917722320676276, 0.0 ], [ -68.864693022669002, -32.917760413476401, 0.0 ], [ -68.864731998540691, -32.917787088930453, 0.0 ], [ -68.864788939092236, -32.917803670902082, 0.0 ], [ -68.864846663930834, -32.91782048123747, 0.0 ], [ -68.864874447091296, -32.917841501794364, 0.0 ], [ -68.864888362033255, -32.917876573958395, 0.0 ], [ -68.864922053186589, -32.917915367212125, 0.0 ], [ -68.864951814821865, -32.917949635836067, 0.0 ], [ -68.865000933442715, -32.917991146617418, 0.0 ], [ -68.86504942600439, -32.918026479362595, 0.0 ], [ -68.865103793467668, -32.918054368304944, 0.0 ], [ -68.865178765159882, -32.918080721260893, 0.0 ], [ -68.865275732273673, -32.918105720840536, 0.0 ], [ -68.865479223363266, -32.918146050981498, 0.0 ], [ -68.865638081279357, -32.918229054963774, 0.0 ], [ -68.865669978804462, -32.918268148627909, 0.0 ], [ -68.865700273009878, -32.918310607737553, 0.0 ], [ -68.865735347437507, -32.918362163508668, 0.0 ], [ -68.865770421905736, -32.91841371926963, 0.0 ], [ -68.86594143031769, -32.918646037352708, 0.0 ], [ -68.866048339690337, -32.918742453790287, 0.0 ], [ -68.866105480118961, -32.918905570295351, 0.0 ], [ -68.866464499984176, -32.919139372437719, 0.0 ], [ -68.866476315298939, -32.919175066644605, 0.0 ] ] ] ] } },
{ "type": "Feature", "properties": { "LAYER": "PARCELARIO_2026", "MAP_NAME": "Cl_Jarillal_2026.dwg", "cc pp1": "1038 305" }, "geometry": { "type": "MultiPolygon", "coordinates": [ [ [ [ -68.867720908130721, -32.915553465916574, 0.0 ], [ -68.867671240409805, -32.915815869293787, 0.0 ], [ -68.867200694064564, -32.916461150007699, 0.0 ], [ -68.867265976127783, -32.91649694359284, 0.0 ], [ -68.867099368615868, -32.916713116543278, 0.0 ], [ -68.867109415780632, -32.916718418897801, 0.0 ], [ -68.866906841696164, -32.917001028856831, 0.0 ], [ -68.866919999105306, -32.917040407560933, 0.0 ], [ -68.8672306965437, -32.917192056925401, 0.0 ], [ -68.867343537226461, -32.917238140534927, 0.0 ], [ -68.867460074097906, -32.917276681721702, 0.0 ], [ -68.867560797403982, -32.917290172829986, 0.0 ], [ -68.867628140674185, -32.917291167313053, 0.0 ], [ -68.867739843743706, -32.917284823935127, 0.0 ], [ -68.867822538338686, -32.917271988625032, 0.0 ], [ -68.867887256773955, -32.917291159435109, 0.0 ], [ -68.867906372657373, -32.917265558720551, 0.0 ], [ -68.867955746713804, -32.917199529778777, 0.0 ], [ -68.868239459996417, -32.916819390738006, 0.0 ], [ -68.868242779658559, -32.916814886698454, 0.0 ], [ -68.868371019573345, -32.916616418689294, 0.0 ], [ -68.868620962812614, -32.916229481418675, 0.0 ], [ -68.868718522942416, -32.916032332415078, 0.0 ], [ -68.868792582842659, -32.915823709929626, 0.0 ], [ -68.868768041829711, -32.915794835556326, 0.0 ], [ -68.867720908130721, -32.915553465916574, 0.0 ] ] ] ] } },
{ "type": "Feature", "properties": { "LAYER": "PARCELARIO_2026", "MAP_NAME": "Cl_Jarillal_2026.dwg", "cc pp1": "1038 306" }, "geometry": { "type": "MultiPolygon", "coordinates": [ [ [ [ -68.864190131244342, -32.915349373801625, 0.0 ], [ -68.86415925307584, -32.915763672206786, 0.0 ], [ -68.864211195177759, -32.916150500687671, 0.0 ], [ -68.864242980388724, -32.916437206187929, 0.0 ], [ -68.864201864131914, -32.917079942508011, 0.0 ], [ -68.86426839598181, -32.917282614381165, 0.0 ], [ -68.864446061252963, -32.917351139666778, 0.0 ], [ -68.864898398319653, -32.917291688682376, 0.0 ], [ -68.865205923053907, -32.917312050498879, 0.0 ], [ -68.865319375813712, -32.917312172785465, 0.0 ], [ -68.865327682389946, -32.917066075675699, 0.0 ], [ -68.86565717341432, -32.916752853729129, 0.0 ], [ -68.865657545415374, -32.916489731011758, 0.0 ], [ -68.865697550764224, -32.916395936515336, 0.0 ], [ -68.865960422335448, -32.916114599456414, 0.0 ], [ -68.866007397340141, -32.916090200973166, 0.0 ], [ -68.866074480512268, -32.916065962873937, 0.0 ], [ -68.866140785486351, -32.916047625794882, 0.0 ], [ -68.866227958782801, -32.916035123573586, 0.0 ], [ -68.866309563097474, -32.916033273202714, 0.0 ], [ -68.866380813188542, -32.916038516503733, 0.0 ], [ -68.866445454506291, -32.916052508179767, 0.0 ], [ -68.866551776257211, -32.916091013296203, 0.0 ], [ -68.866893331441148, -32.916309180854057, 0.0 ], [ -68.866976919592901, -32.916368418989109, 0.0 ], [ -68.866978345274205, -32.916418713324425, 0.0 ], [ -68.866853732575976, -32.916583482571404, 0.0 ], [ -68.867099368615882, -32.916713116543271, 0.0 ], [ -68.867265976127783, -32.91649694359284, 0.0 ], [ -68.867200694064564, -32.916461150007699, 0.0 ], [ -68.867671240409805, -32.915815869293787, 0.0 ], [ -68.867677136667169, -32.915791076606112, 0.0 ], [ -68.867720908130721, -32.915553465916574, 0.0 ], [ -68.867559876294735, -32.915516346365358, 0.0 ], [ -68.867511152498423, -32.915505116506047, 0.0 ], [ -68.86580614160431, -32.915112131945982, 0.0 ], [ -68.865563712807457, -32.915401706530623, 0.0 ], [ -68.865294126511785, -32.915270786943772, 0.0 ], [ -68.865048672233598, -32.915439285780877, 0.0 ], [ -68.864897061435542, -32.915538739628914, 0.0 ], [ -68.864813813678637, -32.915597698484788, 0.0 ], [ -68.864775057606465, -32.91563867526385, 0.0 ], [ -68.864593818686643, -32.915540935354258, 0.0 ], [ -68.864578501655799, -32.915561924490078, 0.0 ], [ -68.864190131244342, -32.915349373801625, 0.0 ] ] ] ] } },
{ "type": "Feature", "properties": { "LAYER": "PARCELARIO_2026", "MAP_NAME": "Cl_Jarillal_2026.dwg", "cc pp1": "1038 307" }, "geometry": { "type": "MultiPolygon", "coordinates": [ [ [ [ -68.865319375813712, -32.917312172785465, 0.0 ], [ -68.86540181580726, -32.917306284382938, 0.0 ], [ -68.865436393591096, -32.9172995972066, 0.0 ], [ -68.865521508296496, -32.917283251396427, 0.0 ], [ -68.86555343844627, -32.917269089729949, 0.0 ], [ -68.865622871545, -32.917236091016974, 0.0 ], [ -68.865653030732759, -32.917220433234917, 0.0 ], [ -68.865717802058953, -32.917175673625721, 0.0 ], [ -68.865747975324552, -32.917151049813718, 0.0 ], [ -68.865803888586697, -32.917102544840816, 0.0 ], [ -68.865848284919707, -32.917050291678372, 0.0 ], [ -68.865867814019381, -32.917030886630656, 0.0 ], [ -68.865933486044071, -32.916976414645987, 0.0 ], [ -68.866022448393082, -32.916922474170995, 0.0 ], [ -68.866059704013566, -32.916903088090443, 0.0 ], [ -68.866133310365171, -32.916877016527955, 0.0 ], [ -68.866159915725419, -32.916867331787941, 0.0 ], [ -68.866256555734068, -32.916848756422141, 0.0 ], [ -68.866353174911822, -32.916843629766824, 0.0 ], [ -68.866412882626989, -32.916845187774278, 0.0 ], [ -68.866489100614203, -32.916850499419176, 0.0 ], [ -68.866538720026, -32.916861012613865, 0.0 ], [ -68.86660694116145, -32.916879764230231, 0.0 ], [ -68.866648614151472, -32.916870095690086, 0.0 ], [ -68.866853732575976, -32.916583482571404, 0.0 ], [ -68.866978345274205, -32.916418713324425, 0.0 ], [ -68.866976919592901, -32.916368418989109, 0.0 ], [ -68.866893331441148, -32.916309180854057, 0.0 ], [ -68.866551776257211, -32.916091013296203, 0.0 ], [ -68.866445454506291, -32.916052508179767, 0.0 ], [ -68.866380813188542, -32.916038516503733, 0.0 ], [ -68.866309563097474, -32.916033273202714, 0.0 ], [ -68.866227958782801, -32.916035123573586, 0.0 ], [ -68.866140785486351, -32.916047625794882, 0.0 ], [ -68.866074480512268, -32.916065962873937, 0.0 ], [ -68.866007397340141, -32.916090200973166, 0.0 ], [ -68.865960422335448, -32.916114599456414, 0.0 ], [ -68.865697550764224, -32.916395936515336, 0.0 ], [ -68.865657545415374, -32.916489731011758, 0.0 ], [ -68.86565717341432, -32.916752853729129, 0.0 ], [ -68.865327682389946, -32.917066075675699, 0.0 ], [ -68.865319375813712, -32.917312172785465, 0.0 ] ] ] ] } },
{ "type": "Feature", "properties": { "LAYER": "PARCELARIO_2026", "MAP_NAME": "Cl_Jarillal_2026.dwg", "cc pp1": "1038 308" }, "geometry": { "type": "MultiPolygon", "coordinates": [ [ [ [ -68.86703702441568, -32.91842670925557, 0.0 ], [ -68.867052437119156, -32.918406149734629, 0.0 ], [ -68.867262254044704, -32.918126001897257, 0.0 ], [ -68.867343116056475, -32.918019258463957, 0.0 ], [ -68.867405987368329, -32.917934222063977, 0.0 ], [ -68.867422053158208, -32.917912783441125, 0.0 ], [ -68.867613017940286, -32.917657857747024, 0.0 ], [ -68.867638614770598, -32.917623897530042, 0.0 ], [ -68.86764300663431, -32.917618042110455, 0.0 ], [ -68.867736608667229, -32.917492869908763, 0.0 ], [ -68.867696726516812, -32.917461531920708, 0.0 ], [ -68.867641784331667, -32.917462186363075, 0.0 ], [ -68.867592309104737, -32.91747824322578, 0.0 ], [ -68.867433829786705, -32.917458032765488, 0.0 ], [ -68.867294919605143, -32.917424481368826, 0.0 ], [ -68.86722717619898, -32.917401206013267, 0.0 ], [ -68.867118406557509, -32.917351652706614, 0.0 ], [ -68.867012295716506, -32.917291412607469, 0.0 ], [ -68.866916096404282, -32.917211932460326, 0.0 ], [ -68.866734314010031, -32.917116284381905, 0.0 ], [ -68.866636780847884, -32.917132968259715, 0.0 ], [ -68.866609712621269, -32.917150370722197, 0.0 ], [ -68.866016530614843, -32.917950847389058, 0.0 ], [ -68.866578651774489, -32.918251286782471, 0.0 ], [ -68.866616382255685, -32.918233069574768, 0.0 ], [ -68.866893938645461, -32.918380411243945, 0.0 ], [ -68.866952246337462, -32.918376774150715, 0.0 ], [ -68.86703702441568, -32.91842670925557, 0.0 ] ] ] ] } },
{ "type": "Feature", "properties": { "LAYER": "PARCELARIO_2026", "MAP_NAME": "Cl_Jarillal_2026.dwg", "cc pp1": "1038 309" }, "geometry": { "type": "MultiPolygon", "coordinates": [ [ [ [ -68.866119263925697, -32.91857040734007, 0.0 ], [ -68.866132552457515, -32.918621116469758, 0.0 ], [ -68.866252705132823, -32.918706441045764, 0.0 ], [ -68.866656610520593, -32.91893445543618, 0.0 ], [ -68.866939599319508, -32.918556715774073, 0.0 ], [ -68.866566126763473, -32.918361419139771, 0.0 ], [ -68.866479181544904, -32.918369841146678, 0.0 ], [ -68.866119263925697, -32.91857040734007, 0.0 ] ] ] ] } },
{ "type": "Feature", "properties": { "LAYER": "PARCELARIO_2026", "MAP_NAME": "Cl_Jarillal_2026.dwg", "cc pp1": "1038 310" }, "geometry": { "type": "MultiPolygon", "coordinates": [ [ [ [ -68.866734314010031, -32.917116284381905, 0.0 ], [ -68.866732917653451, -32.917115549661951, 0.0 ], [ -68.866546803298036, -32.917014665070781, 0.0 ], [ -68.866485857192345, -32.916995589427344, 0.0 ], [ -68.86641654258429, -32.916987066110138, 0.0 ], [ -68.866341120988139, -32.9169890841804, 0.0 ], [ -68.866262594056067, -32.916996745446077, 0.0 ], [ -68.866197420071842, -32.917012165757242, 0.0 ], [ -68.866131314275094, -32.917039716508143, 0.0 ], [ -68.866064434012557, -32.917078370231053, 0.0 ], [ -68.86600255397552, -32.917124774305314, 0.0 ], [ -68.865950562496778, -32.917179085728264, 0.0 ], [ -68.865886977697215, -32.917248019212934, 0.0 ], [ -68.865848505636279, -32.917281070526087, 0.0 ], [ -68.865786632784221, -32.91732254574287, 0.0 ], [ -68.865718917894526, -32.917360494371373, 0.0 ], [ -68.865651937094711, -32.917392947127894, 0.0 ], [ -68.86556669199679, -32.917423835815661, 0.0 ], [ -68.865468931913853, -32.917445557701534, 0.0 ], [ -68.865378641404263, -32.917454065353631, 0.0 ], [ -68.865201256923413, -32.917497772104198, 0.0 ], [ -68.865184484250108, -32.917542112143529, 0.0 ], [ -68.865191901303945, -32.917608305327498, 0.0 ], [ -68.865182658810639, -32.917644204448692, 0.0 ], [ -68.865151660428182, -32.917705427440609, 0.0 ], [ -68.865129067645867, -32.917732158879936, 0.0 ], [ -68.865085584172277, -32.917764500310639, 0.0 ], [ -68.865057933198926, -32.917782328554416, 0.0 ], [ -68.865055383396196, -32.917811193874336, 0.0 ], [ -68.865071206051951, -32.917842895297156, 0.0 ], [ -68.865127927713189, -32.917893651638984, 0.0 ], [ -68.865200535136836, -32.917934567574775, 0.0 ], [ -68.865236438279567, -32.917943759561084, 0.0 ], [ -68.865286535606842, -32.917956487342273, 0.0 ], [ -68.865369214551706, -32.91796572969119, 0.0 ], [ -68.865416818210704, -32.917970709482056, 0.0 ], [ -68.865505878394913, -32.917981641181321, 0.0 ], [ -68.865563479370024, -32.918003530199243, 0.0 ], [ -68.865599375129221, -32.918017650829157, 0.0 ], [ -68.86566363648862, -32.918054332777047, 0.0 ], [ -68.865689505658494, -32.918070554864705, 0.0 ], [ -68.865760422620653, -32.918124846677486, 0.0 ], [ -68.865787952935264, -32.9181474073064, 0.0 ], [ -68.865841321689643, -32.918206608760002, 0.0 ], [ -68.865887305938671, -32.918272573709714, 0.0 ], [ -68.865994809108557, -32.918437447934842, 0.0 ], [ -68.866036487195402, -32.918494524510443, 0.0 ], [ -68.866119263925697, -32.91857040734007, 0.0 ], [ -68.866479181544904, -32.918369841146678, 0.0 ], [ -68.866566126763473, -32.918361419139771, 0.0 ], [ -68.866939599319508, -32.918556715774073, 0.0 ], [ -68.86703702441568, -32.91842670925557, 0.0 ], [ -68.866952246337462, -32.918376774150715, 0.0 ], [ -68.866893938645461, -32.918380411243945, 0.0 ], [ -68.866616382255685, -32.918233069574768, 0.0 ], [ -68.866578651774489, -32.918251286782471, 0.0 ], [ -68.866016530614843, -32.917950847389058, 0.0 ], [ -68.866609712621269, -32.917150370722197, 0.0 ], [ -68.866636780847884, -32.917132968259715, 0.0 ], [ -68.866734314010031, -32.917116284381905, 0.0 ] ] ] ] } },
{ "type": "Feature", "properties": { "LAYER": "PARCELARIO_2026", "MAP_NAME": "Cl_Jarillal_2026.dwg", "cc pp1": "1038 311" }, "geometry": { "type": "MultiPolygon", "coordinates": [ [ [ [ -68.865479223363266, -32.918146050981498, 0.0 ], [ -68.865275732273673, -32.918105720840536, 0.0 ], [ -68.865178765159882, -32.918080721260893, 0.0 ], [ -68.865103793467668, -32.918054368304944, 0.0 ], [ -68.86504942600439, -32.918026479362595, 0.0 ], [ -68.865000933442715, -32.917991146617418, 0.0 ], [ -68.864951814821865, -32.917949635836067, 0.0 ], [ -68.864922053186589, -32.917915367212125, 0.0 ], [ -68.864888362033255, -32.917876573958395, 0.0 ], [ -68.864874447091296, -32.917841501794364, 0.0 ], [ -68.864846663930834, -32.91782048123747, 0.0 ], [ -68.864788939092236, -32.917803670902082, 0.0 ], [ -68.864731998540691, -32.917787088930453, 0.0 ], [ -68.864693022669002, -32.917760413476401, 0.0 ], [ -68.864651462294901, -32.917722320676276, 0.0 ], [ -68.864622379213046, -32.91768499717552, 0.0 ], [ -68.864604307365525, -32.917641506444589, 0.0 ], [ -68.864591627365044, -32.917593563191595, 0.0 ], [ -68.864558503472537, -32.917569023739851, 0.0 ], [ -68.864480768618009, -32.917568900817919, 0.0 ], [ -68.864403823420176, -32.917556562653104, 0.0 ], [ -68.864352539075639, -32.91753992735898, 0.0 ], [ -68.864257027118313, -32.917494637156473, 0.0 ], [ -68.86418527714811, -32.917440134617948, 0.0 ], [ -68.864113932109376, -32.917366727529576, 0.0 ], [ -68.864077670449831, -32.917312623761255, 0.0 ], [ -68.864046052579155, -32.917254571894063, 0.0 ], [ -68.863973472246997, -32.918259152283454, 0.0 ], [ -68.864460905603778, -32.918443330427735, 0.0 ], [ -68.864563398989389, -32.91829057094558, 0.0 ], [ -68.86468550862979, -32.9181876152144, 0.0 ], [ -68.864727890154668, -32.918162070408549, 0.0 ], [ -68.864773439364555, -32.918154711858165, 0.0 ], [ -68.865224349361711, -32.918159918626714, 0.0 ], [ -68.865265123276515, -32.918140433003572, 0.0 ], [ -68.865479223363266, -32.918146050981498, 0.0 ] ] ] ] } },
{ "type": "Feature", "properties": { "LAYER": "PARCELARIO_2026", "MAP_NAME": "Cl_Jarillal_2026.dwg", "cc pp1": "1038 312" }, "geometry": { "type": "MultiPolygon", "coordinates": [ [ [ [ -68.866237982611011, -32.919493165244468, 0.0 ], [ -68.866237982689512, -32.919493165287342, 0.0 ], [ -68.865804763637641, -32.919256471409042, 0.0 ], [ -68.866105480118961, -32.918905570295351, 0.0 ], [ -68.866048339690337, -32.918742453790287, 0.0 ], [ -68.865975735825117, -32.918677725686116, 0.0 ], [ -68.86594143031769, -32.918646037352708, 0.0 ], [ -68.865770421905736, -32.91841371926963, 0.0 ], [ -68.865700273009878, -32.918310607737553, 0.0 ], [ -68.865669978804462, -32.918268148627909, 0.0 ], [ -68.865638081279357, -32.918229054963774, 0.0 ], [ -68.865479223363266, -32.918146050981498, 0.0 ], [ -68.865265123276515, -32.918140433003572, 0.0 ], [ -68.865224349361711, -32.918159918626714, 0.0 ], [ -68.864773439364555, -32.918154711858165, 0.0 ], [ -68.864727890154668, -32.918162070408549, 0.0 ], [ -68.86468550862979, -32.9181876152144, 0.0 ], [ -68.864563398989389, -32.91829057094558, 0.0 ], [ -68.864460905603778, -32.918443330427735, 0.0 ], [ -68.863973472246997, -32.918259152283454, 0.0 ], [ -68.863929816686152, -32.918905383151902, 0.0 ], [ -68.863907436553433, -32.919210700889771, 0.0 ], [ -68.863906671228676, -32.919221788109446, 0.0 ], [ -68.863835565423912, -32.920192735261494, 0.0 ], [ -68.863878221965848, -32.920237189582885, 0.0 ], [ -68.863997643221623, -32.920278428331116, 0.0 ], [ -68.864201343824206, -32.920380550439631, 0.0 ], [ -68.864290731725049, -32.920424578650717, 0.0 ], [ -68.865333132874085, -32.920952340681048, 0.0 ], [ -68.865448117034347, -32.920733311020911, 0.0 ], [ -68.86547952649812, -32.920673664839669, 0.0 ], [ -68.865601940239628, -32.920448057256252, 0.0 ], [ -68.86562498710606, -32.920405350162056, 0.0 ], [ -68.865639994353586, -32.920377509560467, 0.0 ], [ -68.865774101079225, -32.920123517518995, 0.0 ], [ -68.865794361481335, -32.920085224766176, 0.0 ], [ -68.865897936069004, -32.919946953936872, 0.0 ], [ -68.866114186333178, -32.919658431116709, 0.0 ], [ -68.866237982611011, -32.919493165244468, 0.0 ] ] ] ] } },
{ "type": "Feature", "properties": { "LAYER": "PARCELARIO_2026", "MAP_NAME": "Cl_Jarillal_2026.dwg", "cc pp1": "1042 119" }, "geometry": { "type": "MultiPolygon", "coordinates": [ [ [ [ -68.839757419360112, -32.822841692895047, 0.0 ], [ -68.840530264667038, -32.822948735142198, 0.0 ], [ -68.840752707511726, -32.822979543589348, 0.0 ], [ -68.840468042188562, -32.82089575885712, 0.0 ], [ -68.840443556883471, -32.820537001056167, 0.0 ], [ -68.839820251705092, -32.820388870697435, 0.0 ], [ -68.839802495468049, -32.820841872711682, 0.0 ], [ -68.839733271620361, -32.822607891449685, 0.0 ], [ -68.839770033476782, -32.822734727609408, 0.0 ], [ -68.839757419360112, -32.822841692895047, 0.0 ] ] ] ] } },
{ "type": "Feature", "properties": { "LAYER": "PARCELARIO_2026", "MAP_NAME": "Cl_Jarillal_2026.dwg", "cc pp1": "1042 33" }, "geometry": { "type": "MultiPolygon", "coordinates": [ [ [ [ -68.849615958322744, -32.816111250184974, 0.0 ], [ -68.850848120786452, -32.823457440063962, 0.0 ], [ -68.857626100543058, -32.823291346999966, 0.0 ], [ -68.857834329988208, -32.823348598661092, 0.0 ], [ -68.858927259550725, -32.823325022413655, 0.0 ], [ -68.857314744293504, -32.82111832933083, 0.0 ], [ -68.850925672684767, -32.816063203270346, 0.0 ], [ -68.849615958322744, -32.816111250184974, 0.0 ] ] ] ] } },
{ "type": "Feature", "properties": { "LAYER": "PARCELARIO_2026", "MAP_NAME": "Cl_Jarillal_2026.dwg", "cc pp1": "1915 546" }, "geometry": { "type": "MultiPolygon", "coordinates": [ [ [ [ -68.849615958322744, -32.816111250184974, 0.0 ], [ -68.848306242606824, -32.81615928339442, 0.0 ], [ -68.848345128251921, -32.818195740686363, 0.0 ], [ -68.848073412197422, -32.818998451394776, 0.0 ], [ -68.848831394204637, -32.823506788586187, 0.0 ], [ -68.850848120786452, -32.823457440063962, 0.0 ], [ -68.849615958322744, -32.816111250184974, 0.0 ] ] ] ] } },
{ "type": "Feature", "properties": { "LAYER": "PARCELARIO_2026", "MAP_NAME": "Cl_Jarillal_2026.dwg", "cc pp1": "1049 30" }, "geometry": { "type": "MultiPolygon", "coordinates": [ [ [ [ -68.850321256218194, -32.836186157750532, 0.0 ], [ -68.850788762338269, -32.837504639252316, 0.0 ], [ -68.853369793942647, -32.837269368776752, 0.0 ], [ -68.853350332277316, -32.837089016387289, 0.0 ], [ -68.851285085824713, -32.837280230696614, 0.0 ], [ -68.850885035617864, -32.836173074106277, 0.0 ], [ -68.850321256218194, -32.836186157750532, 0.0 ] ] ] ] } },
{ "type": "Feature", "properties": { "LAYER": "PARCELARIO_2026", "MAP_NAME": "Cl_Jarillal_2026.dwg", "cc pp1": "1049 32" }, "geometry": { "type": "MultiPolygon", "coordinates": [ [ [ [ -68.853346658279875, -32.836308368599688, 0.0 ], [ -68.853353064826862, -32.836127356739944, 0.0 ], [ -68.852069225218841, -32.836149385536629, 0.0 ], [ -68.852073361858416, -32.836329246546875, 0.0 ], [ -68.853346658279875, -32.836308368599688, 0.0 ] ] ] ] } },
{ "type": "Feature", "properties": { "LAYER": "PARCELARIO_2026", "MAP_NAME": "Cl_Jarillal_2026.dwg", "cc pp1": "1037 3605" }, "geometry": { "type": "MultiPolygon", "coordinates": [ [ [ [ -68.847930157372517, -32.839430705670772, 0.0 ], [ -68.847948101504755, -32.839001069737066, 0.0 ], [ -68.847446390199266, -32.838972799592277, 0.0 ], [ -68.847448236379364, -32.839160500395579, 0.0 ], [ -68.847637715023282, -32.839173175552041, 0.0 ], [ -68.847643434065418, -32.839169228564309, 0.0 ], [ -68.847649284272094, -32.839166031949496, 0.0 ], [ -68.847656211712092, -32.839163126992702, 0.0 ], [ -68.847670880996674, -32.839159526329851, 0.0 ], [ -68.847685542012883, -32.839158890441318, 0.0 ], [ -68.847692315962973, -32.839159550613275, 0.0 ], [ -68.847702373975181, -32.839161698075905, 0.0 ], [ -68.847711782527696, -32.839165122454865, 0.0 ], [ -68.847719509849611, -32.839169179583578, 0.0 ], [ -68.847732053715191, -32.839179262313856, 0.0 ], [ -68.84773980660357, -32.83918961783943, 0.0 ], [ -68.847744394056463, -32.8392003247831, 0.0 ], [ -68.847746253731515, -32.839211541474945, 0.0 ], [ -68.847745819376058, -32.839220085445554, 0.0 ], [ -68.847743782972202, -32.839228552626203, 0.0 ], [ -68.84774004738388, -32.839236905928999, 0.0 ], [ -68.847734784453039, -32.839244592821444, 0.0 ], [ -68.847727125679469, -32.839252308358169, 0.0 ], [ -68.847721669166347, -32.839256388218828, 0.0 ], [ -68.847713280592131, -32.839261135375615, 0.0 ], [ -68.847705691688901, -32.839264210853422, 0.0 ], [ -68.847693058052201, -32.839267287405356, 0.0 ], [ -68.847679993474088, -32.839268147957313, 0.0 ], [ -68.847670064605239, -32.83926730270332, 0.0 ], [ -68.847655941627195, -32.83926372290081, 0.0 ], [ -68.847648759480577, -32.83926065920236, 0.0 ], [ -68.847640395963268, -32.839255737467283, 0.0 ], [ -68.847636807389961, -32.839253055052907, 0.0 ], [ -68.847629680713794, -32.839246282733249, 0.0 ], [ -68.847622764058656, -32.83941855831533, 0.0 ], [ -68.847930157372517, -32.839430705670772, 0.0 ] ] ] ] } },
{ "type": "Feature", "properties": { "LAYER": "PARCELARIO_2026", "MAP_NAME": "Cl_Jarillal_2026.dwg", "cc pp1": "1037 3745" }, "geometry": { "type": "MultiPolygon", "coordinates": [ [ [ [ -68.83867140504654, -32.822595745512139, 0.0 ], [ -68.838752301126888, -32.822623907463239, 0.0 ], [ -68.838804608561887, -32.822640086422233, 0.0 ], [ -68.839034728199636, -32.822711264342288, 0.0 ], [ -68.839105433533874, -32.820907766926609, 0.0 ], [ -68.839111011030155, -32.820786989386335, 0.0 ], [ -68.839132198602258, -32.820225016746996, 0.0 ], [ -68.838772546869862, -32.820139121105676, 0.0 ], [ -68.83867140504654, -32.822595745512139, 0.0 ] ] ] ] } }
]
}
