{
"type": "FeatureCollection",
"name": "parcelas con derecho 2º vistalba_2026",
"crs": { "type": "name", "properties": { "name": "urn:ogc:def:crs:OGC:1.3:CRS84" } },
"features": [
{ "type": "Feature", "properties": { "LAYER": "PARCELARIO_BASE_CATASTRO", "MAP_NAME": "1010_2025.dwg", "ccpp1": "1010 273", "LAYER_2": "PADRONES_2_VISTALBA" }, "geometry": { "type": "MultiPolygon", "coordinates": [ [ [ [ -68.910283579428295, -33.034444319278471, 0.0 ], [ -68.908923152732612, -33.034516008431446, 0.0 ], [ -68.909163117191653, -33.034863146560014, 0.0 ], [ -68.90954208682497, -33.034842052256913, 0.0 ], [ -68.909922341032143, -33.034820777395602, 0.0 ], [ -68.910527453075105, -33.034787196303384, 0.0 ], [ -68.910283579428295, -33.034444319278471, 0.0 ] ] ] ] } },
{ "type": "Feature", "properties": { "LAYER": "PARCELARIO_BASE_CATASTRO", "MAP_NAME": "1010_2025.dwg", "ccpp1": "1010 272", "LAYER_2": "PADRONES_2_VISTALBA" }, "geometry": { "type": "MultiPolygon", "coordinates": [ [ [ [ -68.909295524560633, -33.034141905631458, 0.0 ], [ -68.909099939352274, -33.034152673529121, 0.0 ], [ -68.908805972649404, -33.034168869453843, 0.0 ], [ -68.908687679505675, -33.03417527497907, 0.0 ], [ -68.908735137351343, -33.034244017075338, 0.0 ], [ -68.908923152732612, -33.034516008431446, 0.0 ], [ -68.910283579428295, -33.034444319278471, 0.0 ], [ -68.910015405944307, -33.034102508949353, 0.0 ], [ -68.909295524560633, -33.034141905631458, 0.0 ] ] ] ] } },
{ "type": "Feature", "properties": { "LAYER": "PARCELARIO_BASE_CATASTRO", "MAP_NAME": "1010_2025.dwg", "ccpp1": "1010 173", "LAYER_2": "PADRONES_2_VISTALBA" }, "geometry": { "type": "MultiPolygon", "coordinates": [ [ [ [ -68.909329477483581, -33.033228510746667, 0.0 ], [ -68.908732388863186, -33.033275800032065, 0.0 ], [ -68.90885167412543, -33.033448286856967, 0.0 ], [ -68.909159545042812, -33.03343179617837, 0.0 ], [ -68.909256757562176, -33.033426581312163, 0.0 ], [ -68.909475891928437, -33.03341510891488, 0.0 ], [ -68.909329477483581, -33.033228510746667, 0.0 ] ] ] ] } },
{ "type": "Feature", "properties": { "LAYER": "PARCELARIO_BASE_CATASTRO", "MAP_NAME": "1010_2025.dwg", "ccpp1": "1010 174", "LAYER_2": "PADRONES_2_VISTALBA" }, "geometry": { "type": "MultiPolygon", "coordinates": [ [ [ [ -68.909178838747522, -33.0330365299533, 0.0 ], [ -68.908956942113278, -33.032753732012822, 0.0 ], [ -68.908399116716424, -33.032796497613688, 0.0 ], [ -68.908595895655864, -33.033078234009942, 0.0 ], [ -68.909178838747522, -33.0330365299533, 0.0 ] ] ] ] } },
{ "type": "Feature", "properties": { "LAYER": "PARCELARIO_BASE_CATASTRO", "MAP_NAME": "1010_2025.dwg", "ccpp1": "1010 24", "LAYER_2": "PADRONES_2_VISTALBA" }, "geometry": { "type": "MultiPolygon", "coordinates": [ [ [ [ -68.909178838747522, -33.0330365299533, 0.0 ], [ -68.908595895655864, -33.033078234009942, 0.0 ], [ -68.908732388863186, -33.033275800032065, 0.0 ], [ -68.909329477483581, -33.033228510746667, 0.0 ], [ -68.909178838747522, -33.0330365299533, 0.0 ] ] ] ] } },
{ "type": "Feature", "properties": { "LAYER": "PARCELARIO_BASE_CATASTRO", "MAP_NAME": "1010_2025.dwg", "ccpp1": "1010 293", "LAYER_2": "PADRONES_2_VISTALBA" }, "geometry": { "type": "MultiPolygon", "coordinates": [ [ [ [ -68.907515253706023, -33.032478934151833, 0.0 ], [ -68.907231253566948, -33.032490290883509, 0.0 ], [ -68.907414882737058, -33.032753843474651, 0.0 ], [ -68.908462154038006, -33.034257702854831, 0.0 ], [ -68.908735137351343, -33.034244017075338, 0.0 ], [ -68.908687679505675, -33.03417527497907, 0.0 ], [ -68.908414156558109, -33.033779511172533, 0.0 ], [ -68.908208721738276, -33.033482529901491, 0.0 ], [ -68.907789482536728, -33.032875805072806, 0.0 ], [ -68.907515253706023, -33.032478934151833, 0.0 ] ] ] ] } },
{ "type": "Feature", "properties": { "LAYER": "PARCELARIO_BASE_CATASTRO", "MAP_NAME": "1010_2025.dwg", "ccpp1": "1010 293", "LAYER_2": "PADRONES_2_VISTALBA" }, "geometry": { "type": "MultiPolygon", "coordinates": [ [ [ [ -68.907915911298275, -33.033473317365178, 0.0 ], [ -68.908462154038006, -33.034257702854831, 0.0 ], [ -68.908735137351343, -33.034244017075338, 0.0 ], [ -68.908070739446742, -33.033282842673209, 0.0 ], [ -68.90790342529499, -33.033362830738085, 0.0 ], [ -68.90790363799772, -33.033363136561775, 0.0 ], [ -68.907929564232276, -33.0333684999027, 0.0 ], [ -68.907915911298275, -33.033473317365178, 0.0 ] ] ] ] } },
{ "type": "Feature", "properties": { "LAYER": "PARCELARIO_BASE_CATASTRO", "MAP_NAME": "1010_2025.dwg", "ccpp1": "1010 286", "LAYER_2": "PADRONES_2_VISTALBA" }, "geometry": { "type": "MultiPolygon", "coordinates": [ [ [ [ -68.907378225347912, -33.034334536894832, 0.0 ], [ -68.907400369913645, -33.034366467093982, 0.0 ], [ -68.907954220983285, -33.034327188909899, 0.0 ], [ -68.907931163010133, -33.034295362728592, 0.0 ], [ -68.906689262807134, -33.032511961493825, 0.0 ], [ -68.906404403926317, -33.032523350866377, 0.0 ], [ -68.906560842346948, -33.032787921234906, 0.0 ], [ -68.906327153161214, -33.032797393911864, 0.0 ], [ -68.90641498718216, -33.032945874990851, 0.0 ], [ -68.906872339823323, -33.033605249021505, 0.0 ], [ -68.90711999079322, -33.033962225076515, 0.0 ], [ -68.907316445588648, -33.034245405869548, 0.0 ], [ -68.907378225347912, -33.034334536894832, 0.0 ] ] ] ] } },
{ "type": "Feature", "properties": { "LAYER": "PARCELARIO_BASE_CATASTRO", "MAP_NAME": "1010_2025.dwg", "ccpp1": "1010 285", "LAYER_2": "PADRONES_2_VISTALBA" }, "geometry": { "type": "MultiPolygon", "coordinates": [ [ [ [ -68.906689262807134, -33.032511961493825, 0.0 ], [ -68.907931163010133, -33.034295362728592, 0.0 ], [ -68.907954220983285, -33.034327188909899, 0.0 ], [ -68.90848436431925, -33.034289589630326, 0.0 ], [ -68.908462154038006, -33.034257702854831, 0.0 ], [ -68.907414882737058, -33.032753843474651, 0.0 ], [ -68.907393820084565, -33.032723612822856, 0.0 ], [ -68.90715222783443, -33.032733272334326, 0.0 ], [ -68.906947544028824, -33.032741455820137, 0.0 ], [ -68.906785066434566, -33.032508131564292, 0.0 ], [ -68.906689262807134, -33.032511961493825, 0.0 ] ] ] ] } },
{ "type": "Feature", "properties": { "LAYER": "PARCELARIO_BASE_CATASTRO", "MAP_NAME": "1010_2025.dwg", "ccpp1": "1010 183", "LAYER_2": "PADRONES_2_VISTALBA" }, "geometry": { "type": "MultiPolygon", "coordinates": [ [ [ [ -68.907316445588648, -33.034245405869548, 0.0 ], [ -68.906944104274828, -33.034276597082041, 0.0 ], [ -68.907113717550075, -33.034533880186508, 0.0 ], [ -68.907325762196166, -33.034855573917326, 0.0 ], [ -68.907711710226948, -33.034815374920768, 0.0 ], [ -68.907378225347912, -33.034334536894832, 0.0 ], [ -68.907316445588648, -33.034245405869548, 0.0 ] ] ] ] } },
{ "type": "Feature", "properties": { "LAYER": "PARCELARIO_BASE_CATASTRO", "MAP_NAME": "1010_2025.dwg", "ccpp1": "1010 83", "LAYER_2": "PADRONES_2_VISTALBA" }, "geometry": { "type": "MultiPolygon", "coordinates": [ [ [ [ -68.905759112886699, -33.032550707904839, 0.0 ], [ -68.905393956702156, -33.032575780333609, 0.0 ], [ -68.90613486315452, -33.033710386741284, 0.0 ], [ -68.90653786303379, -33.033681228065937, 0.0 ], [ -68.905759112886699, -33.032550707904839, 0.0 ] ] ] ] } },
{ "type": "Feature", "properties": { "LAYER": "PARCELARIO_BASE_CATASTRO", "MAP_NAME": "1010_2025.dwg", "ccpp1": "1010 136", "LAYER_2": "PADRONES_2_VISTALBA" }, "geometry": { "type": "MultiPolygon", "coordinates": [ [ [ [ -68.906172565274829, -33.033150869246299, 0.0 ], [ -68.906538794511263, -33.033124370752738, 0.0 ], [ -68.90641498718216, -33.032945874990851, 0.0 ], [ -68.906299048397742, -33.03295426369796, 0.0 ], [ -68.906202809534179, -33.032961246974189, 0.0 ], [ -68.906193279639751, -33.032961938605872, 0.0 ], [ -68.906049506982342, -33.032972289831029, 0.0 ], [ -68.906172565274829, -33.033150869246299, 0.0 ] ] ] ] } },
{ "type": "Feature", "properties": { "LAYER": "PARCELARIO_BASE_CATASTRO", "MAP_NAME": "1010_2025.dwg", "ccpp1": "1010 87", "LAYER_2": "PADRONES_2_VISTALBA" }, "geometry": { "type": "MultiPolygon", "coordinates": [ [ [ [ -68.907711710226948, -33.034815374920768, 0.0 ], [ -68.907325762196166, -33.034855573917326, 0.0 ], [ -68.907605364703755, -33.035271091146186, 0.0 ], [ -68.907910947822842, -33.03510261432266, 0.0 ], [ -68.907711710226948, -33.034815374920768, 0.0 ] ] ] ] } },
{ "type": "Feature", "properties": { "LAYER": "PARCELARIO_BASE_CATASTRO", "MAP_NAME": "1010_2025.dwg", "ccpp1": "1010 15", "LAYER_2": "PADRONES_2_VISTALBA" }, "geometry": { "type": "MultiPolygon", "coordinates": [ [ [ [ -68.904818458640761, -33.032600679609629, 0.0 ], [ -68.904396254386114, -33.032619021449818, 0.0 ], [ -68.904444769749546, -33.03279506494119, 0.0 ], [ -68.904532460705994, -33.032775475618237, 0.0 ], [ -68.904547175249618, -33.032828956010469, 0.0 ], [ -68.904567090368346, -33.03282455305159, 0.0 ], [ -68.905271009901625, -33.033832887874226, 0.0 ], [ -68.90542534854103, -33.034053914491345, 0.0 ], [ -68.905567503191477, -33.034257529429169, 0.0 ], [ -68.905709551544177, -33.034461053951624, 0.0 ], [ -68.905720453812165, -33.034476570939937, 0.0 ], [ -68.906006952331666, -33.034337388662934, 0.0 ], [ -68.904818458640761, -33.032600679609629, 0.0 ] ] ] ] } },
{ "type": "Feature", "properties": { "LAYER": "PARCELARIO_BASE_CATASTRO", "MAP_NAME": "1010_2025.dwg", "ccpp1": "1010 345", "LAYER_2": "PADRONES_2_VISTALBA" }, "geometry": { "type": "MultiPolygon", "coordinates": [ [ [ [ -68.906229119300988, -33.034497241849671, 0.0 ], [ -68.906382815201454, -33.034722053799904, 0.0 ], [ -68.906831104700586, -33.034692553925929, 0.0 ], [ -68.906737311250097, -33.034561190565512, 0.0 ], [ -68.906672859893661, -33.034468180040818, 0.0 ], [ -68.906229119300988, -33.034497241849671, 0.0 ] ] ] ] } },
{ "type": "Feature", "properties": { "LAYER": "PARCELARIO_BASE_CATASTRO", "MAP_NAME": "1010_2025.dwg", "ccpp1": "1010 947", "LAYER_2": "PADRONES_2_VISTALBA" }, "geometry": { "type": "MultiPolygon", "coordinates": [ [ [ [ -68.904396254386114, -33.032619021449818, 0.0 ], [ -68.90415999232529, -33.032629241894981, 0.0 ], [ -68.904393180320014, -33.032987532341615, 0.0 ], [ -68.904296037765292, -33.033036148146508, 0.0 ], [ -68.904847763801499, -33.03381922109925, 0.0 ], [ -68.905137313714675, -33.033828638614551, 0.0 ], [ -68.905271009901625, -33.033832887874226, 0.0 ], [ -68.904567090368346, -33.03282455305159, 0.0 ], [ -68.904547175249618, -33.032828956010469, 0.0 ], [ -68.904532460705994, -33.032775475618237, 0.0 ], [ -68.904444769749546, -33.03279506494119, 0.0 ], [ -68.904396254386114, -33.032619021449818, 0.0 ] ] ] ] } },
{ "type": "Feature", "properties": { "LAYER": "PARCELARIO_BASE_CATASTRO", "MAP_NAME": "1010_2025.dwg", "ccpp1": "1010 186", "LAYER_2": "PADRONES_2_VISTALBA" }, "geometry": { "type": "MultiPolygon", "coordinates": [ [ [ [ -68.904013444371017, -33.032635580712387, 0.0 ], [ -68.903759628193441, -33.032646559627523, 0.0 ], [ -68.904023532907843, -33.03300627384413, 0.0 ], [ -68.904867830563873, -33.034201950857863, 0.0 ], [ -68.905398796117993, -33.03496007424225, 0.0 ], [ -68.905634863357122, -33.034934465192549, 0.0 ], [ -68.904847763801499, -33.03381922109925, 0.0 ], [ -68.904296037765292, -33.033036148146508, 0.0 ], [ -68.904013444371017, -33.032635580712387, 0.0 ] ] ] ] } },
{ "type": "Feature", "properties": { "LAYER": "PARCELARIO_BASE_CATASTRO", "MAP_NAME": "1010_2025.dwg", "ccpp1": "1919 180", "LAYER_2": "PADRONES_2_VISTALBA" }, "geometry": { "type": "MultiPolygon", "coordinates": [ [ [ [ -68.901677011559912, -33.032795241056299, 0.0 ], [ -68.901533441775115, -33.03281641631532, 0.0 ], [ -68.902014391429148, -33.033498557886809, 0.0 ], [ -68.902159130506519, -33.033486679229206, 0.0 ], [ -68.901677011559912, -33.032795241056299, 0.0 ] ] ] ] } },
{ "type": "Feature", "properties": { "LAYER": "PARCELARIO_BASE_CATASTRO", "MAP_NAME": "1010_2025.dwg", "ccpp1": "1010 390", "LAYER_2": "PADRONES_2_VISTALBA" }, "geometry": { "type": "MultiPolygon", "coordinates": [ [ [ [ -68.907499785813926, -33.030170462924112, 0.0 ], [ -68.90755471193296, -33.030676134310134, 0.0 ], [ -68.908103136319212, -33.030631726293585, 0.0 ], [ -68.908094778063486, -33.030537224900094, 0.0 ], [ -68.908071546288539, -33.030128299466107, 0.0 ], [ -68.908055060560244, -33.030129549661233, 0.0 ], [ -68.907499785813926, -33.030170462924112, 0.0 ] ] ] ] } },
{ "type": "Feature", "properties": { "LAYER": "PARCELARIO_BASE_CATASTRO", "MAP_NAME": "1010_2025.dwg", "ccpp1": "1010 391", "LAYER_2": "PADRONES_2_VISTALBA" }, "geometry": { "type": "MultiPolygon", "coordinates": [ [ [ [ -68.907268343574614, -33.03018751579171, 0.0 ], [ -68.907333971770697, -33.030694004024603, 0.0 ], [ -68.90755471193296, -33.030676134310134, 0.0 ], [ -68.907499785813926, -33.030170462924112, 0.0 ], [ -68.907268343574614, -33.03018751579171, 0.0 ] ] ] ] } },
{ "type": "Feature", "properties": { "LAYER": "PARCELARIO_BASE_CATASTRO", "MAP_NAME": "1010_2025.dwg", "ccpp1": "1010 601", "LAYER_2": "PADRONES_2_VISTALBA" }, "geometry": { "type": "MultiPolygon", "coordinates": [ [ [ [ -68.90810777966027, -33.030684478432953, 0.0 ], [ -68.907616211317901, -33.030724058644168, 0.0 ], [ -68.907670073228402, -33.031013264742192, 0.0 ], [ -68.907673161672022, -33.031028415117753, 0.0 ], [ -68.908137135819771, -33.031017941988914, 0.0 ], [ -68.90810777966027, -33.030684478432953, 0.0 ] ] ] ] } },
{ "type": "Feature", "properties": { "LAYER": "PARCELARIO_BASE_CATASTRO", "MAP_NAME": "1010_2025.dwg", "ccpp1": "1010 190", "LAYER_2": "PADRONES_2_VISTALBA" }, "geometry": { "type": "MultiPolygon", "coordinates": [ [ [ [ -68.907673161672022, -33.031028415117753, 0.0 ], [ -68.907712669652781, -33.031225008846633, 0.0 ], [ -68.907844444837451, -33.031220056871504, 0.0 ], [ -68.908153924614666, -33.031208653475588, 0.0 ], [ -68.908137135819771, -33.031017941988914, 0.0 ], [ -68.907673161672022, -33.031028415117753, 0.0 ] ] ] ] } },
{ "type": "Feature", "properties": { "LAYER": "PARCELARIO_BASE_CATASTRO", "MAP_NAME": "1010_2025.dwg", "ccpp1": "1010 1119", "LAYER_2": "PADRONES_2_VISTALBA" }, "geometry": { "type": "MultiPolygon", "coordinates": [ [ [ [ -68.907191223928436, -33.031455112914621, 0.0 ], [ -68.906734673919516, -33.031471808707259, 0.0 ], [ -68.906766071293205, -33.031850516354694, 0.0 ], [ -68.906603246050793, -33.031861485155069, 0.0 ], [ -68.906615847878825, -33.032066912577598, 0.0 ], [ -68.906783918393529, -33.032058228008232, 0.0 ], [ -68.906798358906954, -33.032275584095231, 0.0 ], [ -68.906871920159716, -33.032272172990943, 0.0 ], [ -68.906850505570432, -33.031872670374838, 0.0 ], [ -68.907240379697285, -33.031853214188878, 0.0 ], [ -68.907220636903659, -33.031591353978776, 0.0 ], [ -68.907214491879714, -33.031471516303071, 0.0 ], [ -68.907191223928436, -33.031455112914621, 0.0 ] ] ] ] } },
{ "type": "Feature", "properties": { "LAYER": "PARCELARIO_BASE_CATASTRO", "MAP_NAME": "1010_2025.dwg", "ccpp1": "1010 841", "LAYER_2": "PADRONES_2_VISTALBA" }, "geometry": { "type": "MultiPolygon", "coordinates": [ [ [ [ -68.906058109659497, -33.031766222763039, 0.0 ], [ -68.905579552411297, -33.031792368016895, 0.0 ], [ -68.905587339610193, -33.031918066972857, 0.0 ], [ -68.905749305657125, -33.031909984199608, 0.0 ], [ -68.9059112715792, -33.031901991383158, 0.0 ], [ -68.906066828277147, -33.031894448876216, 0.0 ], [ -68.906058109659497, -33.031766222763039, 0.0 ] ] ] ] } },
{ "type": "Feature", "properties": { "LAYER": "PARCELARIO_BASE_CATASTRO", "MAP_NAME": "1010_2025.dwg", "ccpp1": "1010 536", "LAYER_2": "PADRONES_2_VISTALBA" }, "geometry": { "type": "MultiPolygon", "coordinates": [ [ [ [ -68.906035396634906, -33.029527478301652, 0.0 ], [ -68.905880278493001, -33.029539224703363, 0.0 ], [ -68.905962858760319, -33.030095350014079, 0.0 ], [ -68.906133176516477, -33.030081772829931, 0.0 ], [ -68.906071680034003, -33.029524731172202, 0.0 ], [ -68.906035396634906, -33.029527478301652, 0.0 ] ] ] ] } },
{ "type": "Feature", "properties": { "LAYER": "PARCELARIO_BASE_CATASTRO", "MAP_NAME": "1010_2025.dwg", "ccpp1": "1010 975", "LAYER_2": "PADRONES_2_VISTALBA" }, "geometry": { "type": "MultiPolygon", "coordinates": [ [ [ [ -68.906322716701936, -33.029505713356073, 0.0 ], [ -68.906236325538345, -33.029512264042047, 0.0 ], [ -68.906311737091542, -33.030067570431569, 0.0 ], [ -68.906490725871492, -33.03005327793128, 0.0 ], [ -68.906425910352311, -33.029497889426381, 0.0 ], [ -68.906322716701936, -33.029505713356073, 0.0 ] ] ] ] } },
{ "type": "Feature", "properties": { "LAYER": "PARCELARIO_BASE_CATASTRO", "MAP_NAME": "1010_2025.dwg", "ccpp1": "1010 1388", "LAYER_2": "PADRONES_2_VISTALBA" }, "geometry": { "type": "MultiPolygon", "coordinates": [ [ [ [ -68.90696585843348, -33.029457000164946, 0.0 ], [ -68.906909345948392, -33.029461282439989, 0.0 ], [ -68.906611003287495, -33.029483873633254, 0.0 ], [ -68.906602862170729, -33.029484490595827, 0.0 ], [ -68.906674746022787, -33.030038538101046, 0.0 ], [ -68.90685405581138, -33.03002424531951, 0.0 ], [ -68.907034757177215, -33.030009863149729, 0.0 ], [ -68.90696585843348, -33.029457000164946, 0.0 ] ] ] ] } },
{ "type": "Feature", "properties": { "LAYER": "PARCELARIO_BASE_CATASTRO", "MAP_NAME": "1010_2025.dwg", "ccpp1": "1010 748", "LAYER_2": "PADRONES_2_VISTALBA" }, "geometry": { "type": "MultiPolygon", "coordinates": [ [ [ [ -68.907205548557542, -33.029438836816091, 0.0 ], [ -68.90696585843348, -33.029457000164946, 0.0 ], [ -68.907034757177215, -33.030009863149729, 0.0 ], [ -68.90727626325527, -33.029990566717444, 0.0 ], [ -68.907205548557542, -33.029438836816091, 0.0 ] ] ] ] } },
{ "type": "Feature", "properties": { "LAYER": "PARCELARIO_BASE_CATASTRO", "MAP_NAME": "1010_2025.dwg", "ccpp1": "1010 747", "LAYER_2": "PADRONES_2_VISTALBA" }, "geometry": { "type": "MultiPolygon", "coordinates": [ [ [ [ -68.907422110566799, -33.029422424931511, 0.0 ], [ -68.907205548557542, -33.029438836816091, 0.0 ], [ -68.90727626325527, -33.029990566717444, 0.0 ], [ -68.907501497511305, -33.029972610265368, 0.0 ], [ -68.907422110566799, -33.029422424931511, 0.0 ] ] ] ] } },
{ "type": "Feature", "properties": { "LAYER": "PARCELARIO_BASE_CATASTRO", "MAP_NAME": "1010_2025.dwg", "ccpp1": "1010 334", "LAYER_2": "PADRONES_2_VISTALBA" }, "geometry": { "type": "MultiPolygon", "coordinates": [ [ [ [ -68.908087638336411, -33.029371988646922, 0.0 ], [ -68.907633104859002, -33.029406435942512, 0.0 ], [ -68.907702645374542, -33.029956529105284, 0.0 ], [ -68.908047882935364, -33.029929012475854, 0.0 ], [ -68.90806448971091, -33.029914237287571, 0.0 ], [ -68.908087638336411, -33.029371988646922, 0.0 ] ] ] ] } },
{ "type": "Feature", "properties": { "LAYER": "PARCELARIO_BASE_CATASTRO", "MAP_NAME": "1010_2025.dwg", "ccpp1": "1010 573", "LAYER_2": "PADRONES_2_VISTALBA" }, "geometry": { "type": "MultiPolygon", "coordinates": [ [ [ [ -68.906870123553304, -33.030216854487954, 0.0 ], [ -68.906936359369595, -33.030849877726126, 0.0 ], [ -68.907088260967072, -33.030842146373828, 0.0 ], [ -68.907152382942158, -33.030838857914347, 0.0 ], [ -68.907089353666052, -33.030200703054341, 0.0 ], [ -68.906870123553304, -33.030216854487954, 0.0 ] ] ] ] } },
{ "type": "Feature", "properties": { "LAYER": "PARCELARIO_BASE_CATASTRO", "MAP_NAME": "1010_2025.dwg", "ccpp1": "1010 606", "LAYER_2": "PADRONES_2_VISTALBA" }, "geometry": { "type": "MultiPolygon", "coordinates": [ [ [ [ -68.906641999658063, -33.030233635463297, 0.0 ], [ -68.906712735247922, -33.030861342318076, 0.0 ], [ -68.90679484134796, -33.030857165813678, 0.0 ], [ -68.906936359369595, -33.030849877726126, 0.0 ], [ -68.906870123553304, -33.030216854487954, 0.0 ], [ -68.906641999658063, -33.030233635463297, 0.0 ] ] ] ] } },
{ "type": "Feature", "properties": { "LAYER": "PARCELARIO_BASE_CATASTRO", "MAP_NAME": "1010_2025.dwg", "ccpp1": "1010 607", "LAYER_2": "PADRONES_2_VISTALBA" }, "geometry": { "type": "MultiPolygon", "coordinates": [ [ [ [ -68.906493949239277, -33.030244525012542, 0.0 ], [ -68.906550985099116, -33.030869606841399, 0.0 ], [ -68.906645187688795, -33.030864808323301, 0.0 ], [ -68.906712735247922, -33.030861342318076, 0.0 ], [ -68.906641999658063, -33.030233635463297, 0.0 ], [ -68.906493949239277, -33.030244525012542, 0.0 ] ] ] ] } },
{ "type": "Feature", "properties": { "LAYER": "PARCELARIO_BASE_CATASTRO", "MAP_NAME": "1010_2025.dwg", "ccpp1": "1010 609", "LAYER_2": "PADRONES_2_VISTALBA" }, "geometry": { "type": "MultiPolygon", "coordinates": [ [ [ [ -68.906285308342646, -33.030259877257862, 0.0 ], [ -68.906345666209134, -33.030880092643223, 0.0 ], [ -68.906496283397416, -33.030872361047692, 0.0 ], [ -68.906550985099116, -33.030869606841399, 0.0 ], [ -68.906493949239277, -33.030244525012542, 0.0 ], [ -68.906285308342646, -33.030259877257862, 0.0 ] ] ] ] } },
{ "type": "Feature", "properties": { "LAYER": "PARCELARIO_BASE_CATASTRO", "MAP_NAME": "1010_2025.dwg", "ccpp1": "1010 608", "LAYER_2": "PADRONES_2_VISTALBA" }, "geometry": { "type": "MultiPolygon", "coordinates": [ [ [ [ -68.906068848409845, -33.030275815667366, 0.0 ], [ -68.906142916389058, -33.030890489872313, 0.0 ], [ -68.906190231887635, -33.030888000770034, 0.0 ], [ -68.906345666209134, -33.030880092643223, 0.0 ], [ -68.906285308342646, -33.030259877257862, 0.0 ], [ -68.906068848409845, -33.030275815667366, 0.0 ] ] ] ] } },
{ "type": "Feature", "properties": { "LAYER": "PARCELARIO_BASE_CATASTRO", "MAP_NAME": "1010_2025.dwg", "ccpp1": "1010 574", "LAYER_2": "PADRONES_2_VISTALBA" }, "geometry": { "type": "MultiPolygon", "coordinates": [ [ [ [ -68.905857206734908, -33.030291399372601, 0.0 ], [ -68.90592410936587, -33.030901596004966, 0.0 ], [ -68.906050854788987, -33.030895109288721, 0.0 ], [ -68.906142916389058, -33.030890489872313, 0.0 ], [ -68.906068848409845, -33.030275815667366, 0.0 ], [ -68.905857206734908, -33.030291399372601, 0.0 ] ] ] ] } },
{ "type": "Feature", "properties": { "LAYER": "PARCELARIO_BASE_CATASTRO", "MAP_NAME": "1010_2025.dwg", "ccpp1": "1010 575", "LAYER_2": "PADRONES_2_VISTALBA" }, "geometry": { "type": "MultiPolygon", "coordinates": [ [ [ [ -68.905702949333303, -33.030302756678026, 0.0 ], [ -68.905769531311179, -33.030909504253174, 0.0 ], [ -68.905897775448793, -33.030902928656964, 0.0 ], [ -68.90592410936587, -33.030901596004966, 0.0 ], [ -68.905857206734908, -33.030291399372601, 0.0 ], [ -68.905702949333303, -33.030302756678026, 0.0 ] ] ] ] } },
{ "type": "Feature", "properties": { "LAYER": "PARCELARIO_BASE_CATASTRO", "MAP_NAME": "1010_2025.dwg", "ccpp1": "1010 703", "LAYER_2": "PADRONES_2_VISTALBA" }, "geometry": { "type": "MultiPolygon", "coordinates": [ [ [ [ -68.908103402350491, -33.02900574005924, 0.0 ], [ -68.907513810574301, -33.029047142977561, 0.0 ], [ -68.907506020734857, -33.02922900451091, 0.0 ], [ -68.908095520360689, -33.029188863905219, 0.0 ], [ -68.908103402350491, -33.02900574005924, 0.0 ] ] ] ] } },
{ "type": "Feature", "properties": { "LAYER": "PARCELARIO_BASE_CATASTRO", "MAP_NAME": "1010_2025.dwg", "ccpp1": "1010 810", "LAYER_2": "PADRONES_2_VISTALBA" }, "geometry": { "type": "MultiPolygon", "coordinates": [ [ [ [ -68.908205851401718, -33.026914114700446, 0.0 ], [ -68.908216240870118, -33.026745421190618, 0.0 ], [ -68.907611111983982, -33.026788525447039, 0.0 ], [ -68.907604085837278, -33.026956952695926, 0.0 ], [ -68.908205851401718, -33.026914114700446, 0.0 ] ] ] ] } },
{ "type": "Feature", "properties": { "LAYER": "PARCELARIO_BASE_CATASTRO", "MAP_NAME": "1010_2025.dwg", "ccpp1": "1010 630", "LAYER_2": "PADRONES_2_VISTALBA" }, "geometry": { "type": "MultiPolygon", "coordinates": [ [ [ [ -68.908143248380938, -33.02807993306439, 0.0 ], [ -68.907552348441456, -33.02812124414536, 0.0 ], [ -68.907543780965185, -33.028330425807063, 0.0 ], [ -68.908134334438131, -33.028287039766106, 0.0 ], [ -68.908143248380938, -33.02807993306439, 0.0 ] ] ] ] } },
{ "type": "Feature", "properties": { "LAYER": "PARCELARIO_BASE_CATASTRO", "MAP_NAME": "1010_2025.dwg", "ccpp1": "1010 631", "LAYER_2": "PADRONES_2_VISTALBA" }, "geometry": { "type": "MultiPolygon", "coordinates": [ [ [ [ -68.908134334438131, -33.028287039766106, 0.0 ], [ -68.907543780965185, -33.028330425807063, 0.0 ], [ -68.9075429076088, -33.028346745431101, 0.0 ], [ -68.907536318398968, -33.028506516902382, 0.0 ], [ -68.90812667413158, -33.028465025167336, 0.0 ], [ -68.908134334438131, -33.028287039766106, 0.0 ] ] ] ] } },
{ "type": "Feature", "properties": { "LAYER": "PARCELARIO_BASE_CATASTRO", "MAP_NAME": "1010_2025.dwg", "ccpp1": "1010 632", "LAYER_2": "PADRONES_2_VISTALBA" }, "geometry": { "type": "MultiPolygon", "coordinates": [ [ [ [ -68.90812667413158, -33.028465025167336, 0.0 ], [ -68.907536318398968, -33.028506516902382, 0.0 ], [ -68.907533465125994, -33.028573779549745, 0.0 ], [ -68.907528854107298, -33.028684231001257, 0.0 ], [ -68.908118824032698, -33.028647425912979, 0.0 ], [ -68.90812667413158, -33.028465025167336, 0.0 ] ] ] ] } },
{ "type": "Feature", "properties": { "LAYER": "PARCELARIO_BASE_CATASTRO", "MAP_NAME": "1010_2025.dwg", "ccpp1": "1010 633", "LAYER_2": "PADRONES_2_VISTALBA" }, "geometry": { "type": "MultiPolygon", "coordinates": [ [ [ [ -68.908118824032698, -33.028647425912979, 0.0 ], [ -68.907528854107298, -33.028684231001257, 0.0 ], [ -68.907524129727548, -33.028800723571493, 0.0 ], [ -68.907521385547156, -33.028866002617058, 0.0 ], [ -68.908111186701859, -33.028824870316413, 0.0 ], [ -68.908118824032698, -33.028647425912979, 0.0 ] ] ] ] } },
{ "type": "Feature", "properties": { "LAYER": "PARCELARIO_BASE_CATASTRO", "MAP_NAME": "1010_2025.dwg", "ccpp1": "1010 634", "LAYER_2": "PADRONES_2_VISTALBA" }, "geometry": { "type": "MultiPolygon", "coordinates": [ [ [ [ -68.908111186701859, -33.028824870316413, 0.0 ], [ -68.907521385547156, -33.028866002617058, 0.0 ], [ -68.907514473158784, -33.029027667346192, 0.0 ], [ -68.907513810574301, -33.029047142977561, 0.0 ], [ -68.908103402350491, -33.02900574005924, 0.0 ], [ -68.908111186701859, -33.028824870316413, 0.0 ] ] ] ] } },
{ "type": "Feature", "properties": { "LAYER": "PARCELARIO_BASE_CATASTRO", "MAP_NAME": "1010_2025.dwg", "ccpp1": "1010 225", "LAYER_2": "PADRONES_2_VISTALBA" }, "geometry": { "type": "MultiPolygon", "coordinates": [ [ [ [ -68.908421378635239, -33.024531107911479, 0.0 ], [ -68.907141079356151, -33.024514234366194, 0.0 ], [ -68.907114224203482, -33.024867413204248, 0.0 ], [ -68.907788763946513, -33.024860716287151, 0.0 ], [ -68.907988193656834, -33.024859389249919, 0.0 ], [ -68.908177053070688, -33.024857557295199, 0.0 ], [ -68.90836510685304, -33.024855530766494, 0.0 ], [ -68.90841586822205, -33.024568381259002, 0.0 ], [ -68.908421378635239, -33.024531107911479, 0.0 ] ] ] ] } },
{ "type": "Feature", "properties": { "LAYER": "PARCELARIO_BASE_CATASTRO", "MAP_NAME": "1010_2025.dwg", "ccpp1": "1010 290", "LAYER_2": "PADRONES_2_VISTALBA" }, "geometry": { "type": "MultiPolygon", "coordinates": [ [ [ [ -68.907742159039913, -33.024861320226805, 0.0 ], [ -68.907728351185895, -33.025169788618989, 0.0 ], [ -68.907794441066173, -33.025169166557518, 0.0 ], [ -68.908260265378317, -33.025164640829594, 0.0 ], [ -68.908303891172807, -33.025164206310798, 0.0 ], [ -68.90836510685304, -33.024855530766494, 0.0 ], [ -68.907742159039913, -33.024861320226805, 0.0 ] ] ] ] } },
{ "type": "Feature", "properties": { "LAYER": "PARCELARIO_BASE_CATASTRO", "MAP_NAME": "1010_2025.dwg", "ccpp1": "1010 151", "LAYER_2": "PADRONES_2_VISTALBA" }, "geometry": { "type": "MultiPolygon", "coordinates": [ [ [ [ -68.908959173985807, -33.019221614139276, 0.0 ], [ -68.906777341660799, -33.019006302336344, 0.0 ], [ -68.906726616191932, -33.019493623603822, 0.0 ], [ -68.906696232759913, -33.019725698483647, 0.0 ], [ -68.906672719664073, -33.019897527409157, 0.0 ], [ -68.906669135889331, -33.019923716846613, 0.0 ], [ -68.906584933881362, -33.02109562022337, 0.0 ], [ -68.908738037531919, -33.021341213364749, 0.0 ], [ -68.908794205682156, -33.020801056679517, 0.0 ], [ -68.908009693264958, -33.020748199805091, 0.0 ], [ -68.908000558551151, -33.020836500272544, 0.0 ], [ -68.907775224969498, -33.020822186706638, 0.0 ], [ -68.907731344302476, -33.020435119916883, 0.0 ], [ -68.907759579858137, -33.020041512468715, 0.0 ], [ -68.908865481867252, -33.020116023674191, 0.0 ], [ -68.908959173985807, -33.019221614139276, 0.0 ] ] ] ] } },
{ "type": "Feature", "properties": { "LAYER": "PARCELARIO_BASE_CATASTRO", "MAP_NAME": "1010_2025.dwg", "ccpp1": "1010 525", "LAYER_2": "PADRONES_2_VISTALBA" }, "geometry": { "type": "MultiPolygon", "coordinates": [ [ [ [ -68.908305460828402, -33.01841696876069, 0.0 ], [ -68.908355300820318, -33.018420672474882, 0.0 ], [ -68.908376801013006, -33.018422270697862, 0.0 ], [ -68.908621630368216, -33.018440467436669, 0.0 ], [ -68.908681582652548, -33.018444923206481, 0.0 ], [ -68.908962120255239, -33.018465772876581, 0.0 ], [ -68.909037413819348, -33.018471368560469, 0.0 ], [ -68.909058641995827, -33.018236498881791, 0.0 ], [ -68.909005248572896, -33.018232985816006, 0.0 ], [ -68.908981565015068, -33.018231427586024, 0.0 ], [ -68.908948850028949, -33.018229274871835, 0.0 ], [ -68.908895339962541, -33.018225754460545, 0.0 ], [ -68.908865046845847, -33.018223761285149, 0.0 ], [ -68.908841829900425, -33.018222234026325, 0.0 ], [ -68.90881153678616, -33.018220240837955, 0.0 ], [ -68.908750744012139, -33.018216241664732, 0.0 ], [ -68.908421736465328, -33.018194594951517, 0.0 ], [ -68.90838770944039, -33.018192356370228, 0.0 ], [ -68.908329221917057, -33.018188508361639, 0.0 ], [ -68.908310764384211, -33.018365974883842, 0.0 ], [ -68.908305460828402, -33.01841696876069, 0.0 ] ] ] ] } },
{ "type": "Feature", "properties": { "LAYER": "PARCELARIO_BASE_CATASTRO", "MAP_NAME": "1010_2025.dwg", "ccpp1": "1010 515", "LAYER_2": "PADRONES_2_VISTALBA" }, "geometry": { "type": "MultiPolygon", "coordinates": [ [ [ [ -68.908329221917057, -33.018188508361639, 0.0 ], [ -68.90838770944039, -33.018192356370228, 0.0 ], [ -68.908421736465328, -33.018194594951517, 0.0 ], [ -68.908750744012139, -33.018216241664732, 0.0 ], [ -68.90881153678616, -33.018220240837955, 0.0 ], [ -68.908841829900425, -33.018222234026325, 0.0 ], [ -68.908865046845847, -33.018223761285149, 0.0 ], [ -68.908895339962541, -33.018225754460545, 0.0 ], [ -68.908948850028949, -33.018229274871835, 0.0 ], [ -68.908981565015068, -33.018231427586024, 0.0 ], [ -68.909005248572896, -33.018232985816006, 0.0 ], [ -68.909058641995827, -33.018236498881791, 0.0 ], [ -68.909080325825343, -33.017996579246706, 0.0 ], [ -68.909033257051604, -33.01799384082959, 0.0 ], [ -68.908999560516065, -33.017991880371518, 0.0 ], [ -68.908936569210596, -33.017988215108531, 0.0 ], [ -68.908549048491921, -33.017965667631294, 0.0 ], [ -68.908489457268985, -33.01796220029722, 0.0 ], [ -68.908435946961333, -33.01795908724543, 0.0 ], [ -68.908427796272292, -33.017958612395113, 0.0 ], [ -68.908420226704351, -33.01795817223428, 0.0 ], [ -68.908353581763535, -33.017954294807801, 0.0 ], [ -68.908348893360142, -33.017999375062253, 0.0 ], [ -68.908344203881654, -33.018044455315398, 0.0 ], [ -68.908339515468597, -33.018089535568812, 0.0 ], [ -68.908334827050723, -33.018134615821729, 0.0 ], [ -68.908329221917057, -33.018188508361639, 0.0 ] ] ] ] } },
{ "type": "Feature", "properties": { "LAYER": "PARCELARIO_BASE_CATASTRO", "MAP_NAME": "1010_2025.dwg", "ccpp1": "1010 658", "LAYER_2": "PADRONES_2_VISTALBA" }, "geometry": { "type": "MultiPolygon", "coordinates": [ [ [ [ -68.908353581763535, -33.017954294807801, 0.0 ], [ -68.908420226704351, -33.01795817223428, 0.0 ], [ -68.908427796272292, -33.017958612395113, 0.0 ], [ -68.908435946961333, -33.01795908724543, 0.0 ], [ -68.908489457268985, -33.01796220029722, 0.0 ], [ -68.908549048491921, -33.017965667631294, 0.0 ], [ -68.908936569210596, -33.017988215108531, 0.0 ], [ -68.908999560516065, -33.017991880371518, 0.0 ], [ -68.909033257051604, -33.01799384082959, 0.0 ], [ -68.909080325825343, -33.017996579246706, 0.0 ], [ -68.909100962687248, -33.017768256166725, 0.0 ], [ -68.909030437960951, -33.017763507963906, 0.0 ], [ -68.908518776215431, -33.017729055214978, 0.0 ], [ -68.908483196570714, -33.017726659532116, 0.0 ], [ -68.908464262713039, -33.017725384205555, 0.0 ], [ -68.908429686912584, -33.017723055967508, 0.0 ], [ -68.908377994445928, -33.017719575439962, 0.0 ], [ -68.908374844359415, -33.017749863061439, 0.0 ], [ -68.908353581763535, -33.017954294807801, 0.0 ] ] ] ] } },
{ "type": "Feature", "properties": { "LAYER": "PARCELARIO_BASE_CATASTRO", "MAP_NAME": "1010_2025.dwg", "ccpp1": "1010 754", "LAYER_2": "PADRONES_2_VISTALBA" }, "geometry": { "type": "MultiPolygon", "coordinates": [ [ [ [ -68.908805956282421, -33.017085028298972, 0.0 ], [ -68.909160750557376, -33.017111217370257, 0.0 ], [ -68.9091619195259, -33.017098454122795, 0.0 ], [ -68.909184047506344, -33.016856944195411, 0.0 ], [ -68.909145404101281, -33.016854495978251, 0.0 ], [ -68.909060437631965, -33.016849113320468, 0.0 ], [ -68.909006928261164, -33.016845722798649, 0.0 ], [ -68.908941845888407, -33.01684159976687, 0.0 ], [ -68.908828326851449, -33.016834408097132, 0.0 ], [ -68.908805956282421, -33.017085028298972, 0.0 ] ] ] ] } },
{ "type": "Feature", "properties": { "LAYER": "PARCELARIO_BASE_CATASTRO", "MAP_NAME": "1010_2025.dwg", "ccpp1": "1010 1", "LAYER_2": "PADRONES_2_VISTALBA" }, "geometry": { "type": "MultiPolygon", "coordinates": [ [ [ [ -68.90275542065551, -33.014954757622718, 0.0 ], [ -68.902553092507887, -33.0180219364076, 0.0 ], [ -68.902534940313487, -33.018270347808134, 0.0 ], [ -68.90281387567849, -33.018297194454462, 0.0 ], [ -68.903066871911847, -33.018320239616045, 0.0 ], [ -68.903301142466731, -33.018341579119607, 0.0 ], [ -68.903535384241124, -33.018362915456208, 0.0 ], [ -68.903769738496607, -33.018384262260057, 0.0 ], [ -68.904003902376743, -33.018405590443983, 0.0 ], [ -68.904238250439576, -33.018426935461754, 0.0 ], [ -68.904472413477293, -33.018448262766121, 0.0 ], [ -68.904706762838416, -33.018469606905263, 0.0 ], [ -68.904941118734271, -33.01849095151109, 0.0 ], [ -68.905175274622778, -33.018512276589767, 0.0 ], [ -68.905409630746632, -33.018533620316092, 0.0 ], [ -68.905643787933201, -33.018554944516879, 0.0 ], [ -68.905869969223446, -33.018575542727525, 0.0 ], [ -68.906104061352622, -33.018596860605747, 0.0 ], [ -68.906335755332393, -33.01861795984351, 0.0 ], [ -68.906609002214225, -33.018642842517636, 0.0 ], [ -68.907154219721633, -33.018692489707689, 0.0 ], [ -68.908997023399451, -33.018860275230494, 0.0 ], [ -68.909000186058876, -33.018830083185144, 0.0 ], [ -68.909016472747837, -33.018674603208922, 0.0 ], [ -68.909007873825644, -33.018673853059212, 0.0 ], [ -68.908892959699145, -33.018663834585062, 0.0 ], [ -68.90889716037023, -33.018635905598792, 0.0 ], [ -68.908877666017077, -33.018634114168343, 0.0 ], [ -68.908883523459025, -33.018594762184222, 0.0 ], [ -68.908827018115858, -33.018589570558575, 0.0 ], [ -68.908817182656747, -33.018656769634099, 0.0 ], [ -68.908303741639727, -33.018610629912104, 0.0 ], [ -68.908285488670373, -33.018608989880761, 0.0 ], [ -68.908296110949948, -33.018506863284664, 0.0 ], [ -68.908300204838312, -33.018467499211468, 0.0 ], [ -68.908305460828402, -33.01841696876069, 0.0 ], [ -68.908310764384211, -33.018365974883842, 0.0 ], [ -68.908329221917057, -33.018188508361639, 0.0 ], [ -68.908334827050723, -33.018134615821729, 0.0 ], [ -68.908339515468597, -33.018089535568812, 0.0 ], [ -68.908344203881654, -33.018044455315398, 0.0 ], [ -68.908348893360142, -33.017999375062253, 0.0 ], [ -68.908353581763535, -33.017954294807801, 0.0 ], [ -68.908374844359415, -33.017749863061439, 0.0 ], [ -68.908377994445928, -33.017719575439962, 0.0 ], [ -68.908382316351037, -33.017678022261968, 0.0 ], [ -68.908397491638041, -33.01753211279248, 0.0 ], [ -68.90840291724686, -33.017479938702657, 0.0 ], [ -68.908419996118212, -33.017315727541373, 0.0 ], [ -68.908426387024249, -33.017254285849454, 0.0 ], [ -68.908444272242534, -33.01708231366004, 0.0 ], [ -68.908472400903946, -33.016811858211135, 0.0 ], [ -68.908491051045615, -33.016813039554336, 0.0 ], [ -68.908565052311232, -33.016817728393264, 0.0 ], [ -68.908618561648694, -33.016821118202806, 0.0 ], [ -68.908828326851449, -33.016834408097132, 0.0 ], [ -68.908941845888407, -33.01684159976687, 0.0 ], [ -68.909006928261164, -33.016845722798649, 0.0 ], [ -68.909060437631965, -33.016849113320468, 0.0 ], [ -68.909145404101281, -33.016854495978251, 0.0 ], [ -68.909184047506344, -33.016856944195411, 0.0 ], [ -68.909200267827359, -33.01667991498681, 0.0 ], [ -68.908732222144678, -33.016646299129185, 0.0 ], [ -68.908659795886322, -33.016641097587758, 0.0 ], [ -68.908606287123874, -33.016637254254221, 0.0 ], [ -68.908490822721717, -33.016628960810614, 0.0 ], [ -68.908513741341821, -33.016386264060401, 0.0 ], [ -68.90853563185577, -33.016154456964124, 0.0 ], [ -68.908572283870086, -33.015766331091939, 0.0 ], [ -68.908597670223486, -33.015497497463549, 0.0 ], [ -68.907738439694953, -33.015432304504429, 0.0 ], [ -68.907409048547578, -33.015400743635311, 0.0 ], [ -68.907091645252493, -33.01537032963563, 0.0 ], [ -68.906763535514983, -33.015338891546328, 0.0 ], [ -68.906450187389837, -33.015308864861289, 0.0 ], [ -68.906140157950276, -33.015279155471383, 0.0 ], [ -68.905837065294293, -33.01525011057047, 0.0 ], [ -68.905529175455186, -33.015220605055625, 0.0 ], [ -68.90525227778005, -33.015194068983142, 0.0 ], [ -68.90494770037526, -33.015164880134485, 0.0 ], [ -68.90465605564664, -33.015136928502812, 0.0 ], [ -68.904089228471378, -33.015082602956269, 0.0 ], [ -68.903813295848323, -33.015056156404135, 0.0 ], [ -68.903538114619352, -33.015029780153377, 0.0 ], [ -68.903265186163608, -33.015003619640403, 0.0 ], [ -68.902998872292585, -33.014978094843492, 0.0 ], [ -68.90275542065551, -33.014954757622718, 0.0 ] ] ] ] } },
{ "type": "Feature", "properties": { "LAYER": "PARCELARIO_BASE_CATASTRO", "MAP_NAME": "1010_2025.dwg", "ccpp1": "1010 2464", "LAYER_2": "PADRONES_2_VISTALBA" }, "geometry": { "type": "MultiPolygon", "coordinates": [ [ [ [ -68.908535629654452, -33.016154480274977, 0.0 ], [ -68.909244997634374, -33.016213345561049, 0.0 ], [ -68.909278747507074, -33.015875157502308, 0.0 ], [ -68.909280685273643, -33.015855736847271, 0.0 ], [ -68.909284981079907, -33.015814082618583, 0.0 ], [ -68.909310678009192, -33.015564904668935, 0.0 ], [ -68.908943259125635, -33.015530159843316, 0.0 ], [ -68.908760851068848, -33.015512920071558, 0.0 ], [ -68.908597670223486, -33.015497497463549, 0.0 ], [ -68.908572283870086, -33.015766331091939, 0.0 ], [ -68.908535629654452, -33.016154480274977, 0.0 ] ] ] ] } },
{ "type": "Feature", "properties": { "LAYER": "PARCELARIO_BASE_CATASTRO", "MAP_NAME": "1010_2025.dwg", "ccpp1": "1010 139", "LAYER_2": "PADRONES_2_VISTALBA" }, "geometry": { "type": "MultiPolygon", "coordinates": [ [ [ [ -68.908760851068848, -33.015512920071558, 0.0 ], [ -68.908943259125635, -33.015530159843316, 0.0 ], [ -68.909310678009192, -33.015564904668935, 0.0 ], [ -68.909383558677234, -33.014858196389966, 0.0 ], [ -68.909360900614288, -33.01485626027327, 0.0 ], [ -68.908940570276783, -33.014820409421567, 0.0 ], [ -68.908908292177571, -33.014836952332701, 0.0 ], [ -68.908760851068848, -33.015512920071558, 0.0 ] ] ] ] } },
{ "type": "Feature", "properties": { "LAYER": "PARCELARIO_BASE_CATASTRO", "MAP_NAME": "1010_2025.dwg", "ccpp1": "1010 231", "LAYER_2": "PADRONES_2_VISTALBA" }, "geometry": { "type": "MultiPolygon", "coordinates": [ [ [ [ -68.90283109123601, -33.013972406236981, 0.0 ], [ -68.902854834295297, -33.013975171218853, 0.0 ], [ -68.903082377374588, -33.014001667985674, 0.0 ], [ -68.903131647361178, -33.014007404815537, 0.0 ], [ -68.903135011712507, -33.014007796949862, 0.0 ], [ -68.903368452211126, -33.014034979437696, 0.0 ], [ -68.903422858652746, -33.01404131523423, 0.0 ], [ -68.903600531701869, -33.014062003546471, 0.0 ], [ -68.903833956436969, -33.014089183348219, 0.0 ], [ -68.904066782066621, -33.014116292824049, 0.0 ], [ -68.904078639723991, -33.014117673384021, 0.0 ], [ -68.904300297818708, -33.014141712656823, 0.0 ], [ -68.90449578247032, -33.01416291377938, 0.0 ], [ -68.904533962550559, -33.014167054622725, 0.0 ], [ -68.904767574982969, -33.014192389799589, 0.0 ], [ -68.905000444900438, -33.014217643725082, 0.0 ], [ -68.905234356159824, -33.014243010716115, 0.0 ], [ -68.905465387909757, -33.01426806491191, 0.0 ], [ -68.90546895027984, -33.014268450821596, 0.0 ], [ -68.905699698627728, -33.014293434940157, 0.0 ], [ -68.90593242136481, -33.014318710459349, 0.0 ], [ -68.905936065066555, -33.014319105433756, 0.0 ], [ -68.905954770472007, -33.014321133869771, 0.0 ], [ -68.906014186892733, -33.014327576905856, 0.0 ], [ -68.906067692069811, -33.014333378883045, 0.0 ], [ -68.906443402411156, -33.014374120097372, 0.0 ], [ -68.906447098553826, -33.014374519604537, 0.0 ], [ -68.906701647627855, -33.014402121940329, 0.0 ], [ -68.906704788386961, -33.014402462415873, 0.0 ], [ -68.907209114347765, -33.014457143506952, 0.0 ], [ -68.907222242417816, -33.014458565288088, 0.0 ], [ -68.90734267651419, -33.014471628943909, 0.0 ], [ -68.907465115426689, -33.014484460436172, 0.0 ], [ -68.907479079308516, -33.01448592518863, 0.0 ], [ -68.907715018602886, -33.014510651550616, 0.0 ], [ -68.9077242140783, -33.014511612320653, 0.0 ], [ -68.907727697294774, -33.014511975565505, 0.0 ], [ -68.907972152679562, -33.014537599492819, 0.0 ], [ -68.907975304161965, -33.014537929124216, 0.0 ], [ -68.908207284315679, -33.014562240473126, 0.0 ], [ -68.908229291194871, -33.014564546908616, 0.0 ], [ -68.908232542199258, -33.014564887426779, 0.0 ], [ -68.908284688823997, -33.014570352031939, 0.0 ], [ -68.908758315947296, -33.014619986484256, 0.0 ], [ -68.908830900758019, -33.014627594653426, 0.0 ], [ -68.908852701136027, -33.01462988099135, 0.0 ], [ -68.90940117601933, -33.014687374337051, 0.0 ], [ -68.909420237447705, -33.01450253679549, 0.0 ], [ -68.909389572000578, -33.01449957688228, 0.0 ], [ -68.908856057799028, -33.01444845662553, 0.0 ], [ -68.908882368065449, -33.014229099336994, 0.0 ], [ -68.909034917405648, -33.014245310004533, 0.0 ], [ -68.909114401889155, -33.014253756184445, 0.0 ], [ -68.909379055998173, -33.014281877979734, 0.0 ], [ -68.909442081139488, -33.014288621360237, 0.0 ], [ -68.909508977686869, -33.013519582066415, 0.0 ], [ -68.909510704968923, -33.013499719427166, 0.0 ], [ -68.909511128402613, -33.013494844379551, 0.0 ], [ -68.909114428130692, -33.013458224078725, 0.0 ], [ -68.908720520115551, -33.013421861536493, 0.0 ], [ -68.908512068397243, -33.013402617765529, 0.0 ], [ -68.908309494899868, -33.013383917166117, 0.0 ], [ -68.9081082002741, -33.013365333495514, 0.0 ], [ -68.907894293529395, -33.013343394981462, 0.0 ], [ -68.907696002862622, -33.013323057302337, 0.0 ], [ -68.907492256919795, -33.013302159833664, 0.0 ], [ -68.907277588572128, -33.013280142154358, 0.0 ], [ -68.907080700738533, -33.013261303123137, 0.0 ], [ -68.906906155729772, -33.013244602087724, 0.0 ], [ -68.906504543015814, -33.013206173693071, 0.0 ], [ -68.906114604418704, -33.013168860945918, 0.0 ], [ -68.905734504682471, -33.013132487644803, 0.0 ], [ -68.905514911001305, -33.0131114739917, 0.0 ], [ -68.905073069032667, -33.013069191038809, 0.0 ], [ -68.904853063679852, -33.01304813623463, 0.0 ], [ -68.904633258541466, -33.013027100130863, 0.0 ], [ -68.904413570148648, -33.01300607545123, 0.0 ], [ -68.90418809369298, -33.01298449592062, 0.0 ], [ -68.903975791337857, -33.012964176741065, 0.0 ], [ -68.903750325798555, -33.012942597329825, 0.0 ], [ -68.903532553303918, -33.012921754715336, 0.0 ], [ -68.903319289234318, -33.012901342606867, 0.0 ], [ -68.902962927628749, -33.012867233437603, 0.0 ], [ -68.902907828352809, -33.01286195907398, 0.0 ], [ -68.90283109123601, -33.013972406236981, 0.0 ] ] ] ] } },
{ "type": "Feature", "properties": { "LAYER": "PARCELARIO_BASE_CATASTRO", "MAP_NAME": "1010_2025.dwg", "ccpp1": "1010 245", "LAYER_2": "PADRONES_2_VISTALBA" }, "geometry": { "type": "MultiPolygon", "coordinates": [ [ [ [ -68.908858879366704, -33.012217440663854, 0.0 ], [ -68.908858362255401, -33.012221800785518, 0.0 ], [ -68.908798287726682, -33.012728003092519, 0.0 ], [ -68.909159338659592, -33.012760666422594, 0.0 ], [ -68.909187994160988, -33.012465184734715, 0.0 ], [ -68.909610847029768, -33.012505516600626, 0.0 ], [ -68.909632846857633, -33.012282320761429, 0.0 ], [ -68.909558912933875, -33.01227612320114, 0.0 ], [ -68.908858879366704, -33.012217440663854, 0.0 ] ] ] ] } },
{ "type": "Feature", "properties": { "LAYER": "PARCELARIO_BASE_CATASTRO", "MAP_NAME": "1010_2025.dwg", "ccpp1": "1010 415", "LAYER_2": "PADRONES_2_VISTALBA" }, "geometry": { "type": "MultiPolygon", "coordinates": [ [ [ [ -68.90874817489177, -33.013171041286789, 0.0 ], [ -68.909135556251726, -33.013205767861628, 0.0 ], [ -68.909542426706807, -33.013242392761519, 0.0 ], [ -68.909566762558768, -33.012978949175057, 0.0 ], [ -68.908777345972354, -33.012908810534114, 0.0 ], [ -68.90874817489177, -33.013171041286789, 0.0 ] ] ] ] } },
{ "type": "Feature", "properties": { "LAYER": "PARCELARIO_BASE_CATASTRO", "MAP_NAME": "1010_2025.dwg", "ccpp1": "1010 521", "LAYER_2": "PADRONES_2_VISTALBA" }, "geometry": { "type": "MultiPolygon", "coordinates": [ [ [ [ -68.909511128402613, -33.013494844379551, 0.0 ], [ -68.909519038698079, -33.013495574158732, 0.0 ], [ -68.909542426706807, -33.013242392761519, 0.0 ], [ -68.909135556251726, -33.013205767861628, 0.0 ], [ -68.909114746681823, -33.013454414735484, 0.0 ], [ -68.909114428130692, -33.013458224078725, 0.0 ], [ -68.909511128402613, -33.013494844379551, 0.0 ] ] ] ] } },
{ "type": "Feature", "properties": { "LAYER": "PARCELARIO_BASE_CATASTRO", "MAP_NAME": "1010_2025.dwg", "ccpp1": "1010 271", "LAYER_2": "PADRONES_2_VISTALBA" }, "geometry": { "type": "MultiPolygon", "coordinates": [ [ [ [ -68.908553126130215, -33.012705823758893, 0.0 ], [ -68.908798287726682, -33.012728003092519, 0.0 ], [ -68.908858362255401, -33.012221800785518, 0.0 ], [ -68.908858879366704, -33.012217440663854, 0.0 ], [ -68.90861041414324, -33.012194460146219, 0.0 ], [ -68.908609943195628, -33.012198667917602, 0.0 ], [ -68.908553126130215, -33.012705823758893, 0.0 ] ] ] ] } },
{ "type": "Feature", "properties": { "LAYER": "PARCELARIO_BASE_CATASTRO", "MAP_NAME": "1010_2025.dwg", "ccpp1": "1010 284", "LAYER_2": "PADRONES_2_VISTALBA" }, "geometry": { "type": "MultiPolygon", "coordinates": [ [ [ [ -68.907694160490607, -33.012628110032345, 0.0 ], [ -68.907917595296382, -33.012648325605745, 0.0 ], [ -68.907973352607144, -33.012140760812763, 0.0 ], [ -68.907973920906528, -33.012135586520152, 0.0 ], [ -68.907750622682613, -33.012114932032517, 0.0 ], [ -68.907750016561309, -33.012120444424205, 0.0 ], [ -68.907694160490607, -33.012628110032345, 0.0 ] ] ] ] } },
{ "type": "Feature", "properties": { "LAYER": "PARCELARIO_BASE_CATASTRO", "MAP_NAME": "1010_2025.dwg", "ccpp1": "1010 268", "LAYER_2": "PADRONES_2_VISTALBA" }, "geometry": { "type": "MultiPolygon", "coordinates": [ [ [ [ -68.907917595296382, -33.012648325605745, 0.0 ], [ -68.908139642277249, -33.012668415326786, 0.0 ], [ -68.908193785575762, -33.012160813180827, 0.0 ], [ -68.908194302148104, -33.012155971567182, 0.0 ], [ -68.907973920906528, -33.012135586520152, 0.0 ], [ -68.907973352607144, -33.012140760812763, 0.0 ], [ -68.907917595296382, -33.012648325605745, 0.0 ] ] ] ] } },
{ "type": "Feature", "properties": { "LAYER": "PARCELARIO_BASE_CATASTRO", "MAP_NAME": "1010_2025.dwg", "ccpp1": "1010 267", "LAYER_2": "PADRONES_2_VISTALBA" }, "geometry": { "type": "MultiPolygon", "coordinates": [ [ [ [ -68.908139642277249, -33.012668415326786, 0.0 ], [ -68.908351842238318, -33.012687613781885, 0.0 ], [ -68.908417756396844, -33.012181186046682, 0.0 ], [ -68.90841834108825, -33.012176694331913, 0.0 ], [ -68.908194302148104, -33.012155971567182, 0.0 ], [ -68.908193785575762, -33.012160813180827, 0.0 ], [ -68.908139642277249, -33.012668415326786, 0.0 ] ] ] ] } },
{ "type": "Feature", "properties": { "LAYER": "PARCELARIO_BASE_CATASTRO", "MAP_NAME": "1010_2025.dwg", "ccpp1": "1010 613", "LAYER_2": "PADRONES_2_VISTALBA" }, "geometry": { "type": "MultiPolygon", "coordinates": [ [ [ [ -68.908351842238318, -33.012687613781885, 0.0 ], [ -68.908553126130215, -33.012705823758893, 0.0 ], [ -68.908609943195628, -33.012198667917602, 0.0 ], [ -68.90861041414324, -33.012194460146219, 0.0 ], [ -68.90841834108825, -33.012176694331913, 0.0 ], [ -68.908417756396844, -33.012181186046682, 0.0 ], [ -68.908351842238318, -33.012687613781885, 0.0 ] ] ] ] } },
{ "type": "Feature", "properties": { "LAYER": "PARCELARIO_BASE_CATASTRO", "MAP_NAME": "1010_2025.dwg", "ccpp1": "1010 275", "LAYER_2": "PADRONES_2_VISTALBA" }, "geometry": { "type": "MultiPolygon", "coordinates": [ [ [ [ -68.907246851120888, -33.012074671313997, 0.0 ], [ -68.90717419417399, -33.01258445396013, 0.0 ], [ -68.90729735469553, -33.012595515265666, 0.0 ], [ -68.907371566833731, -33.012550666959498, 0.0 ], [ -68.907477828139577, -33.012560303522378, 0.0 ], [ -68.907536527660966, -33.012101023982289, 0.0 ], [ -68.907537272179439, -33.012095197009657, 0.0 ], [ -68.907247742725602, -33.012068414353507, 0.0 ], [ -68.907246851120888, -33.012074671313997, 0.0 ] ] ] ] } },
{ "type": "Feature", "properties": { "LAYER": "PARCELARIO_BASE_CATASTRO", "MAP_NAME": "1010_2025.dwg", "ccpp1": "1010 274", "LAYER_2": "PADRONES_2_VISTALBA" }, "geometry": { "type": "MultiPolygon", "coordinates": [ [ [ [ -68.906595158648983, -33.012532448011214, 0.0 ], [ -68.906820093401407, -33.012552650441307, 0.0 ], [ -68.906888799852993, -33.012042097728667, 0.0 ], [ -68.90688976197977, -33.012034951772023, 0.0 ], [ -68.906657219067, -33.012013045924249, 0.0 ], [ -68.906656275393075, -33.012020943889702, 0.0 ], [ -68.906595158648983, -33.012532448011214, 0.0 ] ] ] ] } },
{ "type": "Feature", "properties": { "LAYER": "PARCELARIO_BASE_CATASTRO", "MAP_NAME": "1010_2025.dwg", "ccpp1": "1010 289", "LAYER_2": "PADRONES_2_VISTALBA" }, "geometry": { "type": "MultiPolygon", "coordinates": [ [ [ [ -68.906366689450479, -33.01251192693838, 0.0 ], [ -68.906595158648983, -33.012532448011214, 0.0 ], [ -68.906656275393075, -33.012020943889702, 0.0 ], [ -68.906657219067, -33.012013045924249, 0.0 ], [ -68.906434604582017, -33.011992075811037, 0.0 ], [ -68.906433481425637, -33.012000674241577, 0.0 ], [ -68.906366689450479, -33.01251192693838, 0.0 ] ] ] ] } },
{ "type": "Feature", "properties": { "LAYER": "PARCELARIO_BASE_CATASTRO", "MAP_NAME": "1010_2025.dwg", "ccpp1": "1010 263", "LAYER_2": "PADRONES_2_VISTALBA" }, "geometry": { "type": "MultiPolygon", "coordinates": [ [ [ [ -68.906145927236949, -33.012492098318731, 0.0 ], [ -68.906366689450479, -33.01251192693838, 0.0 ], [ -68.906433481425637, -33.012000674241577, 0.0 ], [ -68.906434604582017, -33.011992075811037, 0.0 ], [ -68.906210657940463, -33.011970978967085, 0.0 ], [ -68.906209500825824, -33.011980296004914, 0.0 ], [ -68.906145927236949, -33.012492098318731, 0.0 ] ] ] ] } },
{ "type": "Feature", "properties": { "LAYER": "PARCELARIO_BASE_CATASTRO", "MAP_NAME": "1010_2025.dwg", "ccpp1": "1010 262", "LAYER_2": "PADRONES_2_VISTALBA" }, "geometry": { "type": "MultiPolygon", "coordinates": [ [ [ [ -68.905876043159424, -33.012467856449312, 0.0 ], [ -68.906145927236949, -33.012492098318731, 0.0 ], [ -68.906209500825824, -33.011980296004914, 0.0 ], [ -68.906210657940463, -33.011970978967085, 0.0 ], [ -68.905773787979896, -33.011929823911743, 0.0 ], [ -68.905772477370448, -33.011940533917205, 0.0 ], [ -68.905716550695004, -33.012397405449875, 0.0 ], [ -68.905823026057391, -33.012406682913202, 0.0 ], [ -68.905876043159424, -33.012467856449312, 0.0 ] ] ] ] } },
{ "type": "Feature", "properties": { "LAYER": "PARCELARIO_BASE_CATASTRO", "MAP_NAME": "1010_2025.dwg", "ccpp1": "1010 265", "LAYER_2": "PADRONES_2_VISTALBA" }, "geometry": { "type": "MultiPolygon", "coordinates": [ [ [ [ -68.905543796155669, -33.011919727150364, 0.0 ], [ -68.905480758291858, -33.012432398746256, 0.0 ], [ -68.905533289555379, -33.012437120910938, 0.0 ], [ -68.905610075355114, -33.012388127895768, 0.0 ], [ -68.905716550695004, -33.012397405449875, 0.0 ], [ -68.905772477370448, -33.011940533917205, 0.0 ], [ -68.905773787979896, -33.011929823911743, 0.0 ], [ -68.905545202815617, -33.011908289568417, 0.0 ], [ -68.905543796155669, -33.011919727150364, 0.0 ] ] ] ] } },
{ "type": "Feature", "properties": { "LAYER": "PARCELARIO_BASE_CATASTRO", "MAP_NAME": "1010_2025.dwg", "ccpp1": "1010 598", "LAYER_2": "PADRONES_2_VISTALBA" }, "geometry": { "type": "MultiPolygon", "coordinates": [ [ [ [ -68.905263736496295, -33.012412889690026, 0.0 ], [ -68.905480758291858, -33.012432398746256, 0.0 ], [ -68.905543796155669, -33.011919727150364, 0.0 ], [ -68.905545202815617, -33.011908289568417, 0.0 ], [ -68.905332878841847, -33.011888286462444, 0.0 ], [ -68.905331283087349, -33.011900391137935, 0.0 ], [ -68.905263736496295, -33.012412889690026, 0.0 ] ] ] ] } },
{ "type": "Feature", "properties": { "LAYER": "PARCELARIO_BASE_CATASTRO", "MAP_NAME": "1010_2025.dwg", "ccpp1": "1010 304", "LAYER_2": "PADRONES_2_VISTALBA" }, "geometry": { "type": "MultiPolygon", "coordinates": [ [ [ [ -68.905048218287533, -33.012393515749821, 0.0 ], [ -68.905263736496295, -33.012412889690026, 0.0 ], [ -68.905331283087349, -33.011900391137935, 0.0 ], [ -68.905332878841847, -33.011888286462444, 0.0 ], [ -68.905114053105848, -33.011867669422557, 0.0 ], [ -68.905112449074409, -33.011880480100338, 0.0 ], [ -68.905048218287533, -33.012393515749821, 0.0 ] ] ] ] } },
{ "type": "Feature", "properties": { "LAYER": "PARCELARIO_BASE_CATASTRO", "MAP_NAME": "1010_2025.dwg", "ccpp1": "1010 303", "LAYER_2": "PADRONES_2_VISTALBA" }, "geometry": { "type": "MultiPolygon", "coordinates": [ [ [ [ -68.904829809836102, -33.012373880453232, 0.0 ], [ -68.905048218287533, -33.012393515749821, 0.0 ], [ -68.905112449074409, -33.011880480100338, 0.0 ], [ -68.905114053105848, -33.011867669422557, 0.0 ], [ -68.905103078273953, -33.011866635875045, 0.0 ], [ -68.904887277784269, -33.011846304765143, 0.0 ], [ -68.904885801348328, -33.011859856713912, 0.0 ], [ -68.904829809836102, -33.012373880453232, 0.0 ] ] ] ] } },
{ "type": "Feature", "properties": { "LAYER": "PARCELARIO_BASE_CATASTRO", "MAP_NAME": "1010_2025.dwg", "ccpp1": "1010 296", "LAYER_2": "PADRONES_2_VISTALBA" }, "geometry": { "type": "MultiPolygon", "coordinates": [ [ [ [ -68.90460626714524, -33.012353784603413, 0.0 ], [ -68.904829809836102, -33.012373880453232, 0.0 ], [ -68.904885801348328, -33.011859856713912, 0.0 ], [ -68.904887277784269, -33.011846304765143, 0.0 ], [ -68.904677219486217, -33.011826514163964, 0.0 ], [ -68.904675309973641, -33.011840703263609, 0.0 ], [ -68.90460626714524, -33.012353784603413, 0.0 ] ] ] ] } },
{ "type": "Feature", "properties": { "LAYER": "PARCELARIO_BASE_CATASTRO", "MAP_NAME": "1010_2025.dwg", "ccpp1": "1010 1349", "LAYER_2": "PADRONES_2_VISTALBA" }, "geometry": { "type": "MultiPolygon", "coordinates": [ [ [ [ -68.904152763623571, -33.012313013309466, 0.0 ], [ -68.90460626714524, -33.012353784603413, 0.0 ], [ -68.904675309973641, -33.011840703263609, 0.0 ], [ -68.904677219486217, -33.011826514163964, 0.0 ], [ -68.904233502408928, -33.011784707398277, 0.0 ], [ -68.904231121509753, -33.01180028470867, 0.0 ], [ -68.904152763623571, -33.012313013309466, 0.0 ] ] ] ] } },
{ "type": "Feature", "properties": { "LAYER": "PARCELARIO_BASE_CATASTRO", "MAP_NAME": "1010_2025.dwg", "ccpp1": "1010 308", "LAYER_2": "PADRONES_2_VISTALBA" }, "geometry": { "type": "MultiPolygon", "coordinates": [ [ [ [ -68.903949972578332, -33.012294780650642, 0.0 ], [ -68.904152763623571, -33.012313013309466, 0.0 ], [ -68.904231121509753, -33.01180028470867, 0.0 ], [ -68.904233502408928, -33.011784707398277, 0.0 ], [ -68.904011392023847, -33.011763779335944, 0.0 ], [ -68.90400950255237, -33.011780117131885, 0.0 ], [ -68.903949972578332, -33.012294780650642, 0.0 ] ] ] ] } },
{ "type": "Feature", "properties": { "LAYER": "PARCELARIO_BASE_CATASTRO", "MAP_NAME": "1010_2025.dwg", "ccpp1": "1010 306", "LAYER_2": "PADRONES_2_VISTALBA" }, "geometry": { "type": "MultiPolygon", "coordinates": [ [ [ [ -68.903783143305986, -33.012279781743672, 0.0 ], [ -68.903949972578332, -33.012294780650642, 0.0 ], [ -68.90400950255237, -33.011780117131885, 0.0 ], [ -68.904011392023847, -33.011763779335944, 0.0 ], [ -68.9038456206966, -33.011748160071896, 0.0 ], [ -68.903843638587688, -33.01176502347036, 0.0 ], [ -68.903783143305986, -33.012279781743672, 0.0 ] ] ] ] } },
{ "type": "Feature", "properties": { "LAYER": "PARCELARIO_BASE_CATASTRO", "MAP_NAME": "1010_2025.dwg", "ccpp1": "1010 827", "LAYER_2": "PADRONES_2_VISTALBA" }, "geometry": { "type": "MultiPolygon", "coordinates": [ [ [ [ -68.903693254068415, -33.012271700139394, 0.0 ], [ -68.903783143305986, -33.012279781743672, 0.0 ], [ -68.903843638587688, -33.01176502347036, 0.0 ], [ -68.9038456206966, -33.011748160071896, 0.0 ], [ -68.903682465787782, -33.011732786960529, 0.0 ], [ -68.90368012459686, -33.011750143295444, 0.0 ], [ -68.903618841162938, -33.012204467936137, 0.0 ], [ -68.903693254068415, -33.012271700139394, 0.0 ] ] ] ] } },
{ "type": "Feature", "properties": { "LAYER": "PARCELARIO_BASE_CATASTRO", "MAP_NAME": "1010_2025.dwg", "ccpp1": "1010 373", "LAYER_2": "PADRONES_2_VISTALBA" }, "geometry": { "type": "MultiPolygon", "coordinates": [ [ [ [ -68.903013603915696, -33.012313100869235, 0.0 ], [ -68.903325122494252, -33.012328939701831, 0.0 ], [ -68.903337233477714, -33.012239144984854, 0.0 ], [ -68.903160125067771, -33.012230081124301, 0.0 ], [ -68.903174188931033, -33.012125952210397, 0.0 ], [ -68.903230473178056, -33.011709223748205, 0.0 ], [ -68.903233010794935, -33.011690435714385, 0.0 ], [ -68.903049439965002, -33.01167313800287, 0.0 ], [ -68.903000913791615, -33.011668565779992, 0.0 ], [ -68.902998796922745, -33.011688139494815, 0.0 ], [ -68.902950612112107, -33.012309897850123, 0.0 ], [ -68.903013603915696, -33.012313100869235, 0.0 ] ] ] ] } },
{ "type": "Feature", "properties": { "LAYER": "PARCELARIO_BASE_CATASTRO", "MAP_NAME": "1010_2025.dwg", "ccpp1": "1010 256", "LAYER_2": "PADRONES_2_VISTALBA" }, "geometry": { "type": "MultiPolygon", "coordinates": [ [ [ [ -68.9081082002741, -33.013365333495514, 0.0 ], [ -68.908309494899868, -33.013383917166117, 0.0 ], [ -68.90831140194804, -33.013368477389328, 0.0 ], [ -68.908372624590882, -33.012872850153755, 0.0 ], [ -68.908169522973253, -33.012854803554994, 0.0 ], [ -68.908110464058652, -33.013346489261089, 0.0 ], [ -68.9081082002741, -33.013365333495514, 0.0 ] ] ] ] } },
{ "type": "Feature", "properties": { "LAYER": "PARCELARIO_BASE_CATASTRO", "MAP_NAME": "1010_2025.dwg", "ccpp1": "1010 257", "LAYER_2": "PADRONES_2_VISTALBA" }, "geometry": { "type": "MultiPolygon", "coordinates": [ [ [ [ -68.907894293529395, -33.013343394981462, 0.0 ], [ -68.9081082002741, -33.013365333495514, 0.0 ], [ -68.908110464058652, -33.013346489261089, 0.0 ], [ -68.908169522973253, -33.012854803554994, 0.0 ], [ -68.907955714991203, -33.012835804677749, 0.0 ], [ -68.907896749361285, -33.013323103704835, 0.0 ], [ -68.907894293529395, -33.013343394981462, 0.0 ] ] ] ] } },
{ "type": "Feature", "properties": { "LAYER": "PARCELARIO_BASE_CATASTRO", "MAP_NAME": "1010_2025.dwg", "ccpp1": "1010 258", "LAYER_2": "PADRONES_2_VISTALBA" }, "geometry": { "type": "MultiPolygon", "coordinates": [ [ [ [ -68.907696002862622, -33.013323057302337, 0.0 ], [ -68.907894293529395, -33.013343394981462, 0.0 ], [ -68.907896749361285, -33.013323103704835, 0.0 ], [ -68.907955714991203, -33.012835804677749, 0.0 ], [ -68.907763627110043, -33.012818736643467, 0.0 ], [ -68.907698899965652, -33.013301452615998, 0.0 ], [ -68.907696002862622, -33.013323057302337, 0.0 ] ] ] ] } },
{ "type": "Feature", "properties": { "LAYER": "PARCELARIO_BASE_CATASTRO", "MAP_NAME": "1010_2025.dwg", "ccpp1": "1010 270", "LAYER_2": "PADRONES_2_VISTALBA" }, "geometry": { "type": "MultiPolygon", "coordinates": [ [ [ [ -68.907277588572128, -33.013280142154358, 0.0 ], [ -68.907492256919795, -33.013302159833664, 0.0 ], [ -68.907495123430238, -33.013279152123687, 0.0 ], [ -68.907548047895204, -33.012854301504063, 0.0 ], [ -68.907336166805166, -33.012834938716338, 0.0 ], [ -68.907280804458921, -33.013255699242784, 0.0 ], [ -68.907277588572128, -33.013280142154358, 0.0 ] ] ] ] } },
{ "type": "Feature", "properties": { "LAYER": "PARCELARIO_BASE_CATASTRO", "MAP_NAME": "1010_2025.dwg", "ccpp1": "1010 259", "LAYER_2": "PADRONES_2_VISTALBA" }, "geometry": { "type": "MultiPolygon", "coordinates": [ [ [ [ -68.906114604418704, -33.013168860945918, 0.0 ], [ -68.906504543015814, -33.013206173693071, 0.0 ], [ -68.906509148603575, -33.013171252579852, 0.0 ], [ -68.906569817065133, -33.012711264500041, 0.0 ], [ -68.906183196067133, -33.012676021088083, 0.0 ], [ -68.906120196040661, -33.013128684727313, 0.0 ], [ -68.906114604418704, -33.013168860945918, 0.0 ] ] ] ] } },
{ "type": "Feature", "properties": { "LAYER": "PARCELARIO_BASE_CATASTRO", "MAP_NAME": "1010_2025.dwg", "ccpp1": "1010 266", "LAYER_2": "PADRONES_2_VISTALBA" }, "geometry": { "type": "MultiPolygon", "coordinates": [ [ [ [ -68.905734504682471, -33.013132487644803, 0.0 ], [ -68.906114604418704, -33.013168860945918, 0.0 ], [ -68.906120196040661, -33.013128684727313, 0.0 ], [ -68.906183196067133, -33.012676021088083, 0.0 ], [ -68.90585198849827, -33.012645828894009, 0.0 ], [ -68.905784300797308, -33.012693476411563, 0.0 ], [ -68.905739603912394, -33.01308753039249, 0.0 ], [ -68.905734504682471, -33.013132487644803, 0.0 ] ] ] ] } },
{ "type": "Feature", "properties": { "LAYER": "PARCELARIO_BASE_CATASTRO", "MAP_NAME": "1010_2025.dwg", "ccpp1": "1010 294", "LAYER_2": "PADRONES_2_VISTALBA" }, "geometry": { "type": "MultiPolygon", "coordinates": [ [ [ [ -68.905514911001305, -33.0131114739917, 0.0 ], [ -68.905734504682471, -33.013132487644803, 0.0 ], [ -68.905739603912394, -33.01308753039249, 0.0 ], [ -68.905784300797308, -33.012693476411563, 0.0 ], [ -68.905573918580586, -33.012674292099021, 0.0 ], [ -68.905520744796306, -33.013068252126288, 0.0 ], [ -68.905514911001305, -33.0131114739917, 0.0 ] ] ] ] } },
{ "type": "Feature", "properties": { "LAYER": "PARCELARIO_BASE_CATASTRO", "MAP_NAME": "1010_2025.dwg", "ccpp1": "1010 277", "LAYER_2": "PADRONES_2_VISTALBA" }, "geometry": { "type": "MultiPolygon", "coordinates": [ [ [ [ -68.905073069032667, -33.013069191038809, 0.0 ], [ -68.905514911001305, -33.0131114739917, 0.0 ], [ -68.905520744796306, -33.013068252126288, 0.0 ], [ -68.905573918580586, -33.012674292099021, 0.0 ], [ -68.905509341811893, -33.012614552365854, 0.0 ], [ -68.905139418455718, -33.012580824157183, 0.0 ], [ -68.905079213405273, -33.013023967712485, 0.0 ], [ -68.905073069032667, -33.013069191038809, 0.0 ] ] ] ] } },
{ "type": "Feature", "properties": { "LAYER": "PARCELARIO_BASE_CATASTRO", "MAP_NAME": "1010_2025.dwg", "ccpp1": "1010 276", "LAYER_2": "PADRONES_2_VISTALBA" }, "geometry": { "type": "MultiPolygon", "coordinates": [ [ [ [ -68.904853063679852, -33.01304813623463, 0.0 ], [ -68.905073069032667, -33.013069191038809, 0.0 ], [ -68.905079213405273, -33.013023967712485, 0.0 ], [ -68.905139418455718, -33.012580824157183, 0.0 ], [ -68.904914373059128, -33.012560303930059, 0.0 ], [ -68.904858878590616, -33.013001867627082, 0.0 ], [ -68.904853063679852, -33.01304813623463, 0.0 ] ] ] ] } },
{ "type": "Feature", "properties": { "LAYER": "PARCELARIO_BASE_CATASTRO", "MAP_NAME": "1010_2025.dwg", "ccpp1": "1010 291", "LAYER_2": "PADRONES_2_VISTALBA" }, "geometry": { "type": "MultiPolygon", "coordinates": [ [ [ [ -68.904633258541466, -33.013027100130863, 0.0 ], [ -68.904853063679852, -33.01304813623463, 0.0 ], [ -68.904858878590616, -33.013001867627082, 0.0 ], [ -68.904914373059128, -33.012560303930059, 0.0 ], [ -68.904690607605815, -33.012539901492239, 0.0 ], [ -68.904638826391079, -33.012979796222268, 0.0 ], [ -68.904633258541466, -33.013027100130863, 0.0 ] ] ] ] } },
{ "type": "Feature", "properties": { "LAYER": "PARCELARIO_BASE_CATASTRO", "MAP_NAME": "1010_2025.dwg", "ccpp1": "1010 299", "LAYER_2": "PADRONES_2_VISTALBA" }, "geometry": { "type": "MultiPolygon", "coordinates": [ [ [ [ -68.904413570148648, -33.01300607545123, 0.0 ], [ -68.904633258541466, -33.013027100130863, 0.0 ], [ -68.904638826391079, -33.012979796222268, 0.0 ], [ -68.904690607605815, -33.012539901492239, 0.0 ], [ -68.904470390707303, -33.012519821463755, 0.0 ], [ -68.904419215180667, -33.012957768949356, 0.0 ], [ -68.904413570148648, -33.01300607545123, 0.0 ] ] ] ] } },
{ "type": "Feature", "properties": { "LAYER": "PARCELARIO_BASE_CATASTRO", "MAP_NAME": "1010_2025.dwg", "ccpp1": "1010 281", "LAYER_2": "PADRONES_2_VISTALBA" }, "geometry": { "type": "MultiPolygon", "coordinates": [ [ [ [ -68.90418809369298, -33.01298449592062, 0.0 ], [ -68.904413570148648, -33.01300607545123, 0.0 ], [ -68.904419215180667, -33.012957768949356, 0.0 ], [ -68.904470390707303, -33.012519821463755, 0.0 ], [ -68.904243958775297, -33.012499173634069, 0.0 ], [ -68.904193773141301, -33.012935155234523, 0.0 ], [ -68.90418809369298, -33.01298449592062, 0.0 ] ] ] ] } },
{ "type": "Feature", "properties": { "LAYER": "PARCELARIO_BASE_CATASTRO", "MAP_NAME": "1010_2025.dwg", "ccpp1": "1010 301", "LAYER_2": "PADRONES_2_VISTALBA" }, "geometry": { "type": "MultiPolygon", "coordinates": [ [ [ [ -68.903975791337857, -33.012964176741065, 0.0 ], [ -68.90418809369298, -33.01298449592062, 0.0 ], [ -68.904193773141301, -33.012935155234523, 0.0 ], [ -68.904243958775297, -33.012499173634069, 0.0 ], [ -68.904030251490326, -33.012479686616381, 0.0 ], [ -68.903981447348428, -33.012913857729572, 0.0 ], [ -68.903975791337857, -33.012964176741065, 0.0 ] ] ] ] } },
{ "type": "Feature", "properties": { "LAYER": "PARCELARIO_BASE_CATASTRO", "MAP_NAME": "1010_2025.dwg", "ccpp1": "1010 302", "LAYER_2": "PADRONES_2_VISTALBA" }, "geometry": { "type": "MultiPolygon", "coordinates": [ [ [ [ -68.903750325798555, -33.012942597329825, 0.0 ], [ -68.903975791337857, -33.012964176741065, 0.0 ], [ -68.903981447348428, -33.012913857729572, 0.0 ], [ -68.904030251490326, -33.012479686616381, 0.0 ], [ -68.90380928368495, -33.012459537218689, 0.0 ], [ -68.903756586593971, -33.012891302281226, 0.0 ], [ -68.903750325798555, -33.012942597329825, 0.0 ] ] ] ] } },
{ "type": "Feature", "properties": { "LAYER": "PARCELARIO_BASE_CATASTRO", "MAP_NAME": "1010_2025.dwg", "ccpp1": "1010 300", "LAYER_2": "PADRONES_2_VISTALBA" }, "geometry": { "type": "MultiPolygon", "coordinates": [ [ [ [ -68.903319289234318, -33.012901342606867, 0.0 ], [ -68.903532553303918, -33.012921754715336, 0.0 ], [ -68.903538058978015, -33.012870164246443, 0.0 ], [ -68.903578179255803, -33.012494234782984, 0.0 ], [ -68.903375609499776, -33.012475954475065, 0.0 ], [ -68.903325769247402, -33.012852395710333, 0.0 ], [ -68.903319289234318, -33.012901342606867, 0.0 ] ] ] ] } },
{ "type": "Feature", "properties": { "LAYER": "PARCELARIO_BASE_CATASTRO", "MAP_NAME": "1010_2025.dwg", "ccpp1": "1010 295", "LAYER_2": "PADRONES_2_VISTALBA" }, "geometry": { "type": "MultiPolygon", "coordinates": [ [ [ [ -68.902962927628749, -33.012867233437603, 0.0 ], [ -68.903319289234318, -33.012901342606867, 0.0 ], [ -68.903325769247402, -33.012852395710333, 0.0 ], [ -68.903375609499776, -33.012475954475065, 0.0 ], [ -68.9033117707109, -33.012427935947088, 0.0 ], [ -68.903325122494252, -33.012328939701831, 0.0 ], [ -68.903013603915696, -33.012313100869235, 0.0 ], [ -68.902950612112107, -33.012309897850123, 0.0 ], [ -68.902907828352809, -33.01286195907398, 0.0 ], [ -68.902957813637116, -33.012866743459142, 0.0 ], [ -68.902962927628749, -33.012867233437603, 0.0 ] ] ] ] } },
{ "type": "Feature", "properties": { "LAYER": "PARCELARIO_BASE_CATASTRO", "MAP_NAME": "1010_2025.dwg", "ccpp1": "1010 961", "LAYER_2": "PADRONES_2_VISTALBA" }, "geometry": { "type": "MultiPolygon", "coordinates": [ [ [ [ -68.907351599937797, -33.030828636756233, 0.0 ], [ -68.907152382942158, -33.030838857914347, 0.0 ], [ -68.907184043615388, -33.031265037822386, 0.0 ], [ -68.907376734491535, -33.031256467241235, 0.0 ], [ -68.907363386470308, -33.03091962421837, 0.0 ], [ -68.907351599937797, -33.030828636756233, 0.0 ] ] ] ] } },
{ "type": "Feature", "properties": { "LAYER": "PARCELARIO_BASE_CATASTRO", "MAP_NAME": "1010_2025.dwg", "ccpp1": "1010 962", "LAYER_2": "PADRONES_2_VISTALBA" }, "geometry": { "type": "MultiPolygon", "coordinates": [ [ [ [ -68.906936359369595, -33.030849877726126, 0.0 ], [ -68.90696577676087, -33.03127474588527, 0.0 ], [ -68.907119923931418, -33.031267889890053, 0.0 ], [ -68.907184043615388, -33.031265037822386, 0.0 ], [ -68.907152382942158, -33.030838857914347, 0.0 ], [ -68.907088260967072, -33.030842146373828, 0.0 ], [ -68.906936359369595, -33.030849877726126, 0.0 ] ] ] ] } },
{ "type": "Feature", "properties": { "LAYER": "PARCELARIO_BASE_CATASTRO", "MAP_NAME": "1010_2025.dwg", "ccpp1": "1010 1364", "LAYER_2": "PADRONES_2_VISTALBA" }, "geometry": { "type": "MultiPolygon", "coordinates": [ [ [ [ -68.90679484134796, -33.030857165813678, 0.0 ], [ -68.906712735247922, -33.030861342318076, 0.0 ], [ -68.906645187688795, -33.030864808323301, 0.0 ], [ -68.906550985099116, -33.030869606841399, 0.0 ], [ -68.906496283397416, -33.030872361047692, 0.0 ], [ -68.906520884588829, -33.03129453240475, 0.0 ], [ -68.906820084230347, -33.03128122569472, 0.0 ], [ -68.90679484134796, -33.030857165813678, 0.0 ] ] ] ] } },
{ "type": "Feature", "properties": { "LAYER": "PARCELARIO_BASE_CATASTRO", "MAP_NAME": "1010_2025.dwg", "ccpp1": "1010 318", "LAYER_2": "PADRONES_2_VISTALBA" }, "geometry": { "type": "MultiPolygon", "coordinates": [ [ [ [ -68.90958211769123, -33.012011212627705, 0.0 ], [ -68.908886899941038, -33.01196606967796, 0.0 ], [ -68.908858879366704, -33.012217440663854, 0.0 ], [ -68.909558912933875, -33.01227612320114, 0.0 ], [ -68.90958211769123, -33.012011212627705, 0.0 ] ] ] ] } },
{ "type": "Feature", "properties": { "LAYER": "PARCELARIO_BASE_CATASTRO", "MAP_NAME": "1010_2025.dwg", "ccpp1": "1010 416", "LAYER_2": "PADRONES_2_VISTALBA" }, "geometry": { "type": "MultiPolygon", "coordinates": [ [ [ [ -68.909609468976583, -33.011785449451885, 0.0 ], [ -68.908911925081611, -33.011741568203604, 0.0 ], [ -68.908886899941038, -33.01196606967796, 0.0 ], [ -68.90958211769123, -33.012011212627705, 0.0 ], [ -68.909609468976583, -33.011785449451885, 0.0 ] ] ] ] } },
{ "type": "Feature", "properties": { "LAYER": "PARCELARIO_BASE_CATASTRO", "MAP_NAME": "1010_2025.dwg", "ccpp1": "1010 317", "LAYER_2": "PADRONES_2_VISTALBA" }, "geometry": { "type": "MultiPolygon", "coordinates": [ [ [ [ -68.908931442392827, -33.011566482596194, 0.0 ], [ -68.908911925081611, -33.011741568203604, 0.0 ], [ -68.909609468976583, -33.011785449451885, 0.0 ], [ -68.909631183050962, -33.011606212211227, 0.0 ], [ -68.908931442392827, -33.011566482596194, 0.0 ] ] ] ] } },
{ "type": "Feature", "properties": { "LAYER": "PARCELARIO_BASE_CATASTRO", "MAP_NAME": "1010_2025.dwg", "ccpp1": "1010 324", "LAYER_2": "PADRONES_2_VISTALBA" }, "geometry": { "type": "MultiPolygon", "coordinates": [ [ [ [ -68.90965306215486, -33.011425622568616, 0.0 ], [ -68.909674612000032, -33.0112477413101, 0.0 ], [ -68.9089709995785, -33.011211614011941, 0.0 ], [ -68.908951150820329, -33.011389674019391, 0.0 ], [ -68.90965306215486, -33.011425622568616, 0.0 ] ] ] ] } },
{ "type": "Feature", "properties": { "LAYER": "PARCELARIO_BASE_CATASTRO", "MAP_NAME": "1010_2025.dwg", "ccpp1": "1010 311", "LAYER_2": "PADRONES_2_VISTALBA" }, "geometry": { "type": "MultiPolygon", "coordinates": [ [ [ [ -68.90965306215486, -33.011425622568616, 0.0 ], [ -68.908951150820329, -33.011389674019391, 0.0 ], [ -68.908931442392827, -33.011566482596194, 0.0 ], [ -68.909631183050962, -33.011606212211227, 0.0 ], [ -68.90965306215486, -33.011425622568616, 0.0 ] ] ] ] } },
{ "type": "Feature", "properties": { "LAYER": "PARCELARIO_BASE_CATASTRO", "MAP_NAME": "1010_2025.dwg", "ccpp1": "1010 321", "LAYER_2": "PADRONES_2_VISTALBA" }, "geometry": { "type": "MultiPolygon", "coordinates": [ [ [ [ -68.909727635725844, -33.010484984270313, 0.0 ], [ -68.9090276229105, -33.010441649200843, 0.0 ], [ -68.909006531971173, -33.010631163213432, 0.0 ], [ -68.909708649715199, -33.010680276054117, 0.0 ], [ -68.909727635725844, -33.010484984270313, 0.0 ] ] ] ] } },
{ "type": "Feature", "properties": { "LAYER": "PARCELARIO_BASE_CATASTRO", "MAP_NAME": "1010_2025.dwg", "ccpp1": "1010 320", "LAYER_2": "PADRONES_2_VISTALBA" }, "geometry": { "type": "MultiPolygon", "coordinates": [ [ [ [ -68.909047479167796, -33.010263220374128, 0.0 ], [ -68.9090276229105, -33.010441649200843, 0.0 ], [ -68.909727635725844, -33.010484984270313, 0.0 ], [ -68.909744657633297, -33.010309893087161, 0.0 ], [ -68.909047479167796, -33.010263220374128, 0.0 ] ] ] ] } },
{ "type": "Feature", "properties": { "LAYER": "PARCELARIO_BASE_CATASTRO", "MAP_NAME": "1010_2025.dwg", "ccpp1": "1010 319", "LAYER_2": "PADRONES_2_VISTALBA" }, "geometry": { "type": "MultiPolygon", "coordinates": [ [ [ [ -68.909047479167796, -33.010263220374128, 0.0 ], [ -68.909744657633297, -33.010309893087161, 0.0 ], [ -68.909761916317478, -33.010132370250183, 0.0 ], [ -68.90906817784537, -33.01007722529539, 0.0 ], [ -68.909047479167796, -33.010263220374128, 0.0 ] ] ] ] } },
{ "type": "Feature", "properties": { "LAYER": "PARCELARIO_BASE_CATASTRO", "MAP_NAME": "1010_2025.dwg", "ccpp1": "1010 313", "LAYER_2": "PADRONES_2_VISTALBA" }, "geometry": { "type": "MultiPolygon", "coordinates": [ [ [ [ -68.909171101602084, -33.009033500314949, 0.0 ], [ -68.909854377357092, -33.009065685000039, 0.0 ], [ -68.909856745876567, -33.009041244097816, 0.0 ], [ -68.90986419751232, -33.008964349202806, 0.0 ], [ -68.909799656429158, -33.008869356176056, 0.0 ], [ -68.909196944342483, -33.00879702863017, 0.0 ], [ -68.909183729327481, -33.008917780385545, 0.0 ], [ -68.909174324161356, -33.009003972795398, 0.0 ], [ -68.909171101602084, -33.009033500314949, 0.0 ] ] ] ] } },
{ "type": "Feature", "properties": { "LAYER": "PARCELARIO_BASE_CATASTRO", "MAP_NAME": "1010_2025.dwg", "ccpp1": "1010 315", "LAYER_2": "PADRONES_2_VISTALBA" }, "geometry": { "type": "MultiPolygon", "coordinates": [ [ [ [ -68.909120340797543, -33.009498681792742, 0.0 ], [ -68.909809242234147, -33.009531409121813, 0.0 ], [ -68.909811815183303, -33.009504862958437, 0.0 ], [ -68.909831347499221, -33.009303323808716, 0.0 ], [ -68.909145638626256, -33.009266845252029, 0.0 ], [ -68.90912457025928, -33.009459918249213, 0.0 ], [ -68.909120340797543, -33.009498681792742, 0.0 ] ] ] ] } },
{ "type": "Feature", "properties": { "LAYER": "PARCELARIO_BASE_CATASTRO", "MAP_NAME": "1010_2025.dwg", "ccpp1": "1010 316", "LAYER_2": "PADRONES_2_VISTALBA" }, "geometry": { "type": "MultiPolygon", "coordinates": [ [ [ [ -68.909097296712702, -33.009725207290884, 0.0 ], [ -68.909785696764544, -33.009771753458629, 0.0 ], [ -68.90978809290867, -33.009749648820787, 0.0 ], [ -68.909809242234147, -33.009531409121813, 0.0 ], [ -68.909120340797543, -33.009498681792742, 0.0 ], [ -68.909098095849004, -33.009702530742906, 0.0 ], [ -68.909097296712702, -33.009725207290884, 0.0 ] ] ] ] } },
{ "type": "Feature", "properties": { "LAYER": "PARCELARIO_BASE_CATASTRO", "MAP_NAME": "1010_2025.dwg", "ccpp1": "1010 312", "LAYER_2": "PADRONES_2_VISTALBA" }, "geometry": { "type": "MultiPolygon", "coordinates": [ [ [ [ -68.90909113737429, -33.009899903263779, 0.0 ], [ -68.909766988909652, -33.009944291703334, 0.0 ], [ -68.909785696764544, -33.009771753458629, 0.0 ], [ -68.909097296712702, -33.009725207290884, 0.0 ], [ -68.909083094494719, -33.009899375336083, 0.0 ], [ -68.90909113737429, -33.009899903263779, 0.0 ] ] ] ] } },
{ "type": "Feature", "properties": { "LAYER": "PARCELARIO_BASE_CATASTRO", "MAP_NAME": "1010_2025.dwg", "ccpp1": "1010 141", "LAYER_2": "PADRONES_2_VISTALBA" }, "geometry": { "type": "MultiPolygon", "coordinates": [ [ [ [ -68.902929655516218, -33.007236613069914, 0.0 ], [ -68.902929002758171, -33.007243426523594, 0.0 ], [ -68.901517528094345, -33.007225555193855, 0.0 ], [ -68.899383656011139, -33.007136702040469, 0.0 ], [ -68.899034831393124, -33.007122404749339, 0.0 ], [ -68.898694244256134, -33.007112346534974, 0.0 ], [ -68.89848028141725, -33.007106026891137, 0.0 ], [ -68.898351666808097, -33.007102228063523, 0.0 ], [ -68.898186562773148, -33.007097351600635, 0.0 ], [ -68.89801598411114, -33.007092313555312, 0.0 ], [ -68.897578457705265, -33.007079388688126, 0.0 ], [ -68.897496431676771, -33.009845570709814, 0.0 ], [ -68.901606941522672, -33.009975388002424, 0.0 ], [ -68.903116652776674, -33.010067638980793, 0.0 ], [ -68.9032524763781, -33.008067841405278, 0.0 ], [ -68.903255181910353, -33.007999048379659, 0.0 ], [ -68.903278537139968, -33.007612478577272, 0.0 ], [ -68.903290360830496, -33.00724799987816, 0.0 ], [ -68.903311542278402, -33.006940856932658, 0.0 ], [ -68.902952137360685, -33.006924581411212, 0.0 ], [ -68.902939284590119, -33.007136021529341, 0.0 ], [ -68.902929655516218, -33.007236613069914, 0.0 ] ] ] ] } },
{ "type": "Feature", "properties": { "LAYER": "PARCELARIO_BASE_CATASTRO", "MAP_NAME": "1010_2025.dwg", "ccpp1": "1010 127", "LAYER_2": "PADRONES_2_VISTALBA" }, "geometry": { "type": "MultiPolygon", "coordinates": [ [ [ [ -68.903287593539403, -33.006345740646523, 0.0 ], [ -68.903329797752406, -33.006346335982279, 0.0 ], [ -68.903345596010922, -33.005841069040883, 0.0 ], [ -68.903311607135805, -33.005819118476317, 0.0 ], [ -68.903120376742322, -33.005814539379685, 0.0 ], [ -68.903090479680301, -33.006342959394438, 0.0 ], [ -68.903287593539403, -33.006345740646523, 0.0 ] ] ] ] } },
{ "type": "Feature", "properties": { "LAYER": "PARCELARIO_BASE_CATASTRO", "MAP_NAME": "1010_2025.dwg", "ccpp1": "1010 480", "LAYER_2": "PADRONES_2_VISTALBA" }, "geometry": { "type": "MultiPolygon", "coordinates": [ [ [ [ -68.903274686049286, -33.006632642904655, 0.0 ], [ -68.903320986810726, -33.006633292813135, 0.0 ], [ -68.903329797752406, -33.006346335982279, 0.0 ], [ -68.903287593539403, -33.006345740646523, 0.0 ], [ -68.903090479680301, -33.006342959394438, 0.0 ], [ -68.902917120213559, -33.006340513697161, 0.0 ], [ -68.90274654412228, -33.00633810689633, 0.0 ], [ -68.902730605335606, -33.006625007636693, 0.0 ], [ -68.903274686049286, -33.006632642904655, 0.0 ] ] ] ] } },
{ "type": "Feature", "properties": { "LAYER": "PARCELARIO_BASE_CATASTRO", "MAP_NAME": "1010_2025.dwg", "ccpp1": "1010 437", "LAYER_2": "PADRONES_2_VISTALBA" }, "geometry": { "type": "MultiPolygon", "coordinates": [ [ [ [ -68.9024340945506, -33.005798089410668, 0.0 ], [ -68.902099460831977, -33.005790046862849, 0.0 ], [ -68.902077286462116, -33.006239751901283, 0.0 ], [ -68.902408803750788, -33.006247585589733, 0.0 ], [ -68.9024340945506, -33.005798089410668, 0.0 ] ] ] ] } },
{ "type": "Feature", "properties": { "LAYER": "PARCELARIO_BASE_CATASTRO", "MAP_NAME": "1010_2025.dwg", "ccpp1": "1010 249", "LAYER_2": "PADRONES_2_VISTALBA" }, "geometry": { "type": "MultiPolygon", "coordinates": [ [ [ [ -68.902776645983181, -33.005806307644946, 0.0 ], [ -68.9024340945506, -33.005798089410668, 0.0 ], [ -68.902408803750788, -33.006247585589733, 0.0 ], [ -68.90275123620934, -33.00625560723676, 0.0 ], [ -68.902776645983181, -33.005806307644946, 0.0 ] ] ] ] } },
{ "type": "Feature", "properties": { "LAYER": "PARCELARIO_BASE_CATASTRO", "MAP_NAME": "1010_2025.dwg", "ccpp1": "1010 481", "LAYER_2": "PADRONES_2_VISTALBA" }, "geometry": { "type": "MultiPolygon", "coordinates": [ [ [ [ -68.90275123620934, -33.00625560723676, 0.0 ], [ -68.902408803750788, -33.006247585589733, 0.0 ], [ -68.902386093011955, -33.006658010541855, 0.0 ], [ -68.902730605335606, -33.006625007636693, 0.0 ], [ -68.90274654412228, -33.00633810689633, 0.0 ], [ -68.90275123620934, -33.00625560723676, 0.0 ] ] ] ] } },
{ "type": "Feature", "properties": { "LAYER": "PARCELARIO_BASE_CATASTRO", "MAP_NAME": "1010_2025.dwg", "ccpp1": "1010 482", "LAYER_2": "PADRONES_2_VISTALBA" }, "geometry": { "type": "MultiPolygon", "coordinates": [ [ [ [ -68.902408803750788, -33.006247585589733, 0.0 ], [ -68.902077286462116, -33.006239751901283, 0.0 ], [ -68.902055709283729, -33.006688228387944, 0.0 ], [ -68.902386093011955, -33.006658010541855, 0.0 ], [ -68.902408803750788, -33.006247585589733, 0.0 ] ] ] ] } },
{ "type": "Feature", "properties": { "LAYER": "PARCELARIO_BASE_CATASTRO", "MAP_NAME": "1010_2025.dwg", "ccpp1": "1010 307", "LAYER_2": "PADRONES_2_VISTALBA" }, "geometry": { "type": "MultiPolygon", "coordinates": [ [ [ [ -68.902099453341123, -33.005790046856973, 0.0 ], [ -68.901749389996922, -33.005781625188838, 0.0 ], [ -68.901724153152614, -33.006231449479039, 0.0 ], [ -68.901699366190186, -33.006677759354531, 0.0 ], [ -68.902055709283729, -33.006688228387944, 0.0 ], [ -68.902077286462116, -33.006239751901283, 0.0 ], [ -68.902099453341123, -33.005790046856973, 0.0 ] ] ] ] } },
{ "type": "Feature", "properties": { "LAYER": "PARCELARIO_BASE_CATASTRO", "MAP_NAME": "1010_2025.dwg", "ccpp1": "1010 484", "LAYER_2": "PADRONES_2_VISTALBA" }, "geometry": { "type": "MultiPolygon", "coordinates": [ [ [ [ -68.901749381440936, -33.005781620673716, 0.0 ], [ -68.901407001447069, -33.005773380820919, 0.0 ], [ -68.901381720887798, -33.006223425014895, 0.0 ], [ -68.901724153152614, -33.006231449479039, 0.0 ], [ -68.901749381440936, -33.005781620673716, 0.0 ] ] ] ] } },
{ "type": "Feature", "properties": { "LAYER": "PARCELARIO_BASE_CATASTRO", "MAP_NAME": "1010_2025.dwg", "ccpp1": "1010 348", "LAYER_2": "PADRONES_2_VISTALBA" }, "geometry": { "type": "MultiPolygon", "coordinates": [ [ [ [ -68.901407001447069, -33.005773380820919, 0.0 ], [ -68.901064396807826, -33.005765127227605, 0.0 ], [ -68.901039288687485, -33.006215399611527, 0.0 ], [ -68.901381720887798, -33.006223425014895, 0.0 ], [ -68.901407001447069, -33.005773380820919, 0.0 ] ] ] ] } },
{ "type": "Feature", "properties": { "LAYER": "PARCELARIO_BASE_CATASTRO", "MAP_NAME": "1010_2025.dwg", "ccpp1": "1010 1474", "LAYER_2": "PADRONES_2_VISTALBA" }, "geometry": { "type": "MultiPolygon", "coordinates": [ [ [ [ -68.900893252356568, -33.005760999752866, 0.0 ], [ -68.900721996632214, -33.005756869249986, 0.0 ], [ -68.900696963665453, -33.006207283186576, 0.0 ], [ -68.900868286637007, -33.006211386727578, 0.0 ], [ -68.900893252356568, -33.005760999752866, 0.0 ] ] ] ] } },
{ "type": "Feature", "properties": { "LAYER": "PARCELARIO_BASE_CATASTRO", "MAP_NAME": "1010_2025.dwg", "ccpp1": "1010 488", "LAYER_2": "PADRONES_2_VISTALBA" }, "geometry": { "type": "MultiPolygon", "coordinates": [ [ [ [ -68.900721996639277, -33.005756862938263, 0.0 ], [ -68.900429465032104, -33.005749818691491, 0.0 ], [ -68.900404612238063, -33.006200468049357, 0.0 ], [ -68.900696963665453, -33.006207283186576, 0.0 ], [ -68.900721996639277, -33.005756862938263, 0.0 ] ] ] ] } },
{ "type": "Feature", "properties": { "LAYER": "PARCELARIO_BASE_CATASTRO", "MAP_NAME": "1010_2025.dwg", "ccpp1": "1010 490", "LAYER_2": "PADRONES_2_VISTALBA" }, "geometry": { "type": "MultiPolygon", "coordinates": [ [ [ [ -68.900429465032104, -33.005749818691491, 0.0 ], [ -68.900266650250884, -33.005745892665047, 0.0 ], [ -68.900241743012174, -33.006196641130686, 0.0 ], [ -68.900404612238063, -33.006200468049357, 0.0 ], [ -68.900429465032104, -33.005749818691491, 0.0 ] ] ] ] } },
{ "type": "Feature", "properties": { "LAYER": "PARCELARIO_BASE_CATASTRO", "MAP_NAME": "1010_2025.dwg", "ccpp1": "1010 485", "LAYER_2": "PADRONES_2_VISTALBA" }, "geometry": { "type": "MultiPolygon", "coordinates": [ [ [ [ -68.901724153152614, -33.006231449479039, 0.0 ], [ -68.901381720887798, -33.006223425014895, 0.0 ], [ -68.901357148538338, -33.006667661137037, 0.0 ], [ -68.901699366190186, -33.006677759354531, 0.0 ], [ -68.901724153152614, -33.006231449479039, 0.0 ] ] ] ] } },
{ "type": "Feature", "properties": { "LAYER": "PARCELARIO_BASE_CATASTRO", "MAP_NAME": "1010_2025.dwg", "ccpp1": "1010 479", "LAYER_2": "PADRONES_2_VISTALBA" }, "geometry": { "type": "MultiPolygon", "coordinates": [ [ [ [ -68.901381720887798, -33.006223425014895, 0.0 ], [ -68.901039288687485, -33.006215399611527, 0.0 ], [ -68.901014823953673, -33.006657561896624, 0.0 ], [ -68.901357148538338, -33.006667661137037, 0.0 ], [ -68.901381720887798, -33.006223425014895, 0.0 ] ] ] ] } },
{ "type": "Feature", "properties": { "LAYER": "PARCELARIO_BASE_CATASTRO", "MAP_NAME": "1010_2025.dwg", "ccpp1": "1010 487", "LAYER_2": "PADRONES_2_VISTALBA" }, "geometry": { "type": "MultiPolygon", "coordinates": [ [ [ [ -68.900696963665453, -33.006207283186576, 0.0 ], [ -68.900672499348474, -33.006647551885081, 0.0 ], [ -68.901014823953673, -33.006657561896624, 0.0 ], [ -68.901039288687485, -33.006215399611527, 0.0 ], [ -68.900868286637007, -33.006211386727578, 0.0 ], [ -68.900696963665453, -33.006207283186576, 0.0 ] ] ] ] } },
{ "type": "Feature", "properties": { "LAYER": "PARCELARIO_BASE_CATASTRO", "MAP_NAME": "1010_2025.dwg", "ccpp1": "1010 489", "LAYER_2": "PADRONES_2_VISTALBA" }, "geometry": { "type": "MultiPolygon", "coordinates": [ [ [ [ -68.900696963665453, -33.006207283186576, 0.0 ], [ -68.900404612238063, -33.006200468049357, 0.0 ], [ -68.900380041484695, -33.006638933253512, 0.0 ], [ -68.900672499348474, -33.006647551885081, 0.0 ], [ -68.900696963665453, -33.006207283186576, 0.0 ] ] ] ] } },
{ "type": "Feature", "properties": { "LAYER": "PARCELARIO_BASE_CATASTRO", "MAP_NAME": "1010_2025.dwg", "ccpp1": "1010 491", "LAYER_2": "PADRONES_2_VISTALBA" }, "geometry": { "type": "MultiPolygon", "coordinates": [ [ [ [ -68.900241743012174, -33.006196641130686, 0.0 ], [ -68.900070420100448, -33.006192536729891, 0.0 ], [ -68.900058185859834, -33.006413166940938, 0.0 ], [ -68.900046063654869, -33.006629288855144, 0.0 ], [ -68.900380041484695, -33.006638933253512, 0.0 ], [ -68.900404612238063, -33.006200468049357, 0.0 ], [ -68.900241743012174, -33.006196641130686, 0.0 ] ] ] ] } },
{ "type": "Feature", "properties": { "LAYER": "PARCELARIO_BASE_CATASTRO", "MAP_NAME": "1010_2025.dwg", "ccpp1": "1010 495", "LAYER_2": "PADRONES_2_VISTALBA" }, "geometry": { "type": "MultiPolygon", "coordinates": [ [ [ [ -68.899741114623012, -33.006405609115532, 0.0 ], [ -68.899733037134425, -33.006640308762329, 0.0 ], [ -68.900046063654869, -33.006629288855144, 0.0 ], [ -68.900058185859834, -33.006413166940938, 0.0 ], [ -68.899741114623012, -33.006405609115532, 0.0 ] ] ] ] } },
{ "type": "Feature", "properties": { "LAYER": "PARCELARIO_BASE_CATASTRO", "MAP_NAME": "1010_2025.dwg", "ccpp1": "1010 494", "LAYER_2": "PADRONES_2_VISTALBA" }, "geometry": { "type": "MultiPolygon", "coordinates": [ [ [ [ -68.899744500197471, -33.005733295477171, 0.0 ], [ -68.899303166962639, -33.005722632299452, 0.0 ], [ -68.899345944434316, -33.005960674893721, 0.0 ], [ -68.899731439068034, -33.005971903517079, 0.0 ], [ -68.899744500197471, -33.005733295477171, 0.0 ] ] ] ] } },
{ "type": "Feature", "properties": { "LAYER": "PARCELARIO_BASE_CATASTRO", "MAP_NAME": "1010_2025.dwg", "ccpp1": "1010 1745", "LAYER_2": "PADRONES_2_VISTALBA" }, "geometry": { "type": "MultiPolygon", "coordinates": [ [ [ [ -68.899128046210961, -33.005718410833012, 0.0 ], [ -68.898743552202674, -33.005709099924516, 0.0 ], [ -68.898730662810522, -33.005950519421397, 0.0 ], [ -68.899171727667238, -33.005960979726829, 0.0 ], [ -68.899128046210961, -33.005718410833012, 0.0 ] ] ] ] } },
{ "type": "Feature", "properties": { "LAYER": "PARCELARIO_BASE_CATASTRO", "MAP_NAME": "1010_2025.dwg", "ccpp1": "1010 392", "LAYER_2": "PADRONES_2_VISTALBA" }, "geometry": { "type": "MultiPolygon", "coordinates": [ [ [ [ -68.898374386295345, -33.00570014925971, 0.0 ], [ -68.897998269156773, -33.005691019603525, 0.0 ], [ -68.897974420851156, -33.006139626092022, 0.0 ], [ -68.898241731429323, -33.006145975672759, 0.0 ], [ -68.898350239479939, -33.006148498600965, 0.0 ], [ -68.898374386295345, -33.00570014925971, 0.0 ] ] ] ] } },
{ "type": "Feature", "properties": { "LAYER": "PARCELARIO_BASE_CATASTRO", "MAP_NAME": "1010_2025.dwg", "ccpp1": "1010 498", "LAYER_2": "PADRONES_2_VISTALBA" }, "geometry": { "type": "MultiPolygon", "coordinates": [ [ [ [ -68.897998269162983, -33.005691014193467, 0.0 ], [ -68.897624332708588, -33.005682147580131, 0.0 ], [ -68.897610189031965, -33.006131279517753, 0.0 ], [ -68.897931616930762, -33.006138599257916, 0.0 ], [ -68.897974420851156, -33.006139626092022, 0.0 ], [ -68.897998269162983, -33.005691014193467, 0.0 ] ] ] ] } },
{ "type": "Feature", "properties": { "LAYER": "PARCELARIO_BASE_CATASTRO", "MAP_NAME": "1010_2025.dwg", "ccpp1": "1010 510", "LAYER_2": "PADRONES_2_VISTALBA" }, "geometry": { "type": "MultiPolygon", "coordinates": [ [ [ [ -68.899209207934774, -33.006168761455115, 0.0 ], [ -68.898887964155804, -33.006161198094432, 0.0 ], [ -68.898875445880805, -33.006534391453101, 0.0 ], [ -68.899271417445149, -33.006514514065692, 0.0 ], [ -68.899209207934774, -33.006168761455115, 0.0 ] ] ] ] } },
{ "type": "Feature", "properties": { "LAYER": "PARCELARIO_BASE_CATASTRO", "MAP_NAME": "1010_2025.dwg", "ccpp1": "1010 496", "LAYER_2": "PADRONES_2_VISTALBA" }, "geometry": { "type": "MultiPolygon", "coordinates": [ [ [ [ -68.898570572787037, -33.006153727204932, 0.0 ], [ -68.898557387256531, -33.006547748692341, 0.0 ], [ -68.898875445880805, -33.006534391453101, 0.0 ], [ -68.898887964155804, -33.006161198094432, 0.0 ], [ -68.898719423503906, -33.006157274428269, 0.0 ], [ -68.898570572787037, -33.006153727204932, 0.0 ] ] ] ] } },
{ "type": "Feature", "properties": { "LAYER": "PARCELARIO_BASE_CATASTRO", "MAP_NAME": "1010_2025.dwg", "ccpp1": "1010 432", "LAYER_2": "PADRONES_2_VISTALBA" }, "geometry": { "type": "MultiPolygon", "coordinates": [ [ [ [ -68.897974420851156, -33.006139626092022, 0.0 ], [ -68.897931616930762, -33.006138599257916, 0.0 ], [ -68.897919647146068, -33.00649664481783, 0.0 ], [ -68.89804805942866, -33.006499725289316, 0.0 ], [ -68.898046840896768, -33.006535701146106, 0.0 ], [ -68.898228651451305, -33.006539997210368, 0.0 ], [ -68.898241731429323, -33.006145975672759, 0.0 ], [ -68.897974420851156, -33.006139626092022, 0.0 ] ] ] ] } },
{ "type": "Feature", "properties": { "LAYER": "PARCELARIO_BASE_CATASTRO", "MAP_NAME": "1010_2025.dwg", "ccpp1": "1010 210", "LAYER_2": "PADRONES_2_VISTALBA" }, "geometry": { "type": "MultiPolygon", "coordinates": [ [ [ [ -68.897931616930762, -33.006138599257916, 0.0 ], [ -68.897610189031965, -33.006131279517753, 0.0 ], [ -68.897594510375953, -33.006597305757069, 0.0 ], [ -68.897787685662777, -33.006601762365975, 0.0 ], [ -68.897791234872756, -33.006493564214253, 0.0 ], [ -68.897919647146068, -33.00649664481783, 0.0 ], [ -68.897931616930762, -33.006138599257916, 0.0 ] ] ] ] } },
{ "type": "Feature", "properties": { "LAYER": "PARCELARIO_BASE_CATASTRO", "MAP_NAME": "1010_2025.dwg", "ccpp1": "1010 507", "LAYER_2": "PADRONES_2_VISTALBA" }, "geometry": { "type": "MultiPolygon", "coordinates": [ [ [ [ -68.899056358363225, -33.00666951869762, 0.0 ], [ -68.89871571442103, -33.006687276283827, 0.0 ], [ -68.898694244256134, -33.007112346534974, 0.0 ], [ -68.899034831393124, -33.007122404749339, 0.0 ], [ -68.899056358363225, -33.00666951869762, 0.0 ] ] ] ] } },
{ "type": "Feature", "properties": { "LAYER": "PARCELARIO_BASE_CATASTRO", "MAP_NAME": "1010_2025.dwg", "ccpp1": "1010 511", "LAYER_2": "PADRONES_2_VISTALBA" }, "geometry": { "type": "MultiPolygon", "coordinates": [ [ [ [ -68.899056358363225, -33.00666951869762, 0.0 ], [ -68.899034831393124, -33.007122404749339, 0.0 ], [ -68.899383663502107, -33.007136702046509, 0.0 ], [ -68.899323101317336, -33.00680020655259, 0.0 ], [ -68.899297153043804, -33.006656729054789, 0.0 ], [ -68.899056358363225, -33.00666951869762, 0.0 ] ] ] ] } },
{ "type": "Feature", "properties": { "LAYER": "PARCELARIO_BASE_CATASTRO", "MAP_NAME": "1010_2025.dwg", "ccpp1": "1010 506", "LAYER_2": "PADRONES_2_VISTALBA" }, "geometry": { "type": "MultiPolygon", "coordinates": [ [ [ [ -68.899737143931972, -33.007151424086622, 0.0 ], [ -68.900138105436568, -33.007168121721051, 0.0 ], [ -68.900138146050608, -33.007143475357594, 0.0 ], [ -68.900138787505995, -33.006756556115057, 0.0 ], [ -68.89976027455387, -33.006780000168916, 0.0 ], [ -68.899738262210846, -33.007133467217187, 0.0 ], [ -68.899737143931972, -33.007151424086622, 0.0 ] ] ] ] } },
{ "type": "Feature", "properties": { "LAYER": "PARCELARIO_BASE_CATASTRO", "MAP_NAME": "1010_2025.dwg", "ccpp1": "1010 343", "LAYER_2": "PADRONES_2_VISTALBA" }, "geometry": { "type": "MultiPolygon", "coordinates": [ [ [ [ -68.900138105436568, -33.007168121721051, 0.0 ], [ -68.900459550834682, -33.007181506851516, 0.0 ], [ -68.900459480715895, -33.007151517071058, 0.0 ], [ -68.900458582346204, -33.006768976937408, 0.0 ], [ -68.900138787505995, -33.006756556115057, 0.0 ], [ -68.900138146050608, -33.007143475357594, 0.0 ], [ -68.900138105436568, -33.007168121721051, 0.0 ] ] ] ] } },
{ "type": "Feature", "properties": { "LAYER": "PARCELARIO_BASE_CATASTRO", "MAP_NAME": "1010_2025.dwg", "ccpp1": "1010 505", "LAYER_2": "PADRONES_2_VISTALBA" }, "geometry": { "type": "MultiPolygon", "coordinates": [ [ [ [ -68.900459550834682, -33.007181506851516, 0.0 ], [ -68.900822570418015, -33.007196622046671, 0.0 ], [ -68.900822984195941, -33.007160612163965, 0.0 ], [ -68.900827323142536, -33.00678329779543, 0.0 ], [ -68.900458582346204, -33.006768976937408, 0.0 ], [ -68.900459480715895, -33.007151517071058, 0.0 ], [ -68.900459550834682, -33.007181506851516, 0.0 ] ] ] ] } },
{ "type": "Feature", "properties": { "LAYER": "PARCELARIO_BASE_CATASTRO", "MAP_NAME": "1010_2025.dwg", "ccpp1": "1010 504", "LAYER_2": "PADRONES_2_VISTALBA" }, "geometry": { "type": "MultiPolygon", "coordinates": [ [ [ [ -68.900822570418015, -33.007196622046671, 0.0 ], [ -68.901012907210685, -33.007204546391911, 0.0 ], [ -68.901013240649064, -33.007168542669881, 0.0 ], [ -68.901016740333617, -33.006790654707757, 0.0 ], [ -68.900827323142536, -33.00678329779543, 0.0 ], [ -68.900822984195941, -33.007160612163965, 0.0 ], [ -68.900822570418015, -33.007196622046671, 0.0 ] ] ] ] } },
{ "type": "Feature", "properties": { "LAYER": "PARCELARIO_BASE_CATASTRO", "MAP_NAME": "1010_2025.dwg", "ccpp1": "1010 503", "LAYER_2": "PADRONES_2_VISTALBA" }, "geometry": { "type": "MultiPolygon", "coordinates": [ [ [ [ -68.90118473191518, -33.007211700341614, 0.0 ], [ -68.901516338153002, -33.007225505564598, 0.0 ], [ -68.901517220325218, -33.007177980752076, 0.0 ], [ -68.901524044318975, -33.006810354115693, 0.0 ], [ -68.901188594837009, -33.006797328526176, 0.0 ], [ -68.901185123362239, -33.007169672658151, 0.0 ], [ -68.90118473191518, -33.007211700341614, 0.0 ] ] ] ] } },
{ "type": "Feature", "properties": { "LAYER": "PARCELARIO_BASE_CATASTRO", "MAP_NAME": "1010_2025.dwg", "ccpp1": "1010 502", "LAYER_2": "PADRONES_2_VISTALBA" }, "geometry": { "type": "MultiPolygon", "coordinates": [ [ [ [ -68.901517528094345, -33.007225555193855, 0.0 ], [ -68.901883070203169, -33.007230184613434, 0.0 ], [ -68.901883459274543, -33.007196769729454, 0.0 ], [ -68.901902182058009, -33.006831686131797, 0.0 ], [ -68.901524044318975, -33.006810354115693, 0.0 ], [ -68.901517220325218, -33.007177980752076, 0.0 ], [ -68.901516338153002, -33.007225505564598, 0.0 ], [ -68.901517528094345, -33.007225555193855, 0.0 ] ] ] ] } },
{ "type": "Feature", "properties": { "LAYER": "PARCELARIO_BASE_CATASTRO", "MAP_NAME": "1010_2025.dwg", "ccpp1": "1010 501", "LAYER_2": "PADRONES_2_VISTALBA" }, "geometry": { "type": "MultiPolygon", "coordinates": [ [ [ [ -68.901883459274543, -33.007196769729454, 0.0 ], [ -68.901884284262124, -33.007206517489315, 0.0 ], [ -68.901883070203169, -33.007230184613434, 0.0 ], [ -68.90223229507221, -33.007234607225399, 0.0 ], [ -68.90223274885831, -33.007219044662847, 0.0 ], [ -68.902244322693193, -33.006822013560161, 0.0 ], [ -68.901902182058009, -33.006831686131797, 0.0 ], [ -68.901883459274543, -33.007196769729454, 0.0 ] ] ] ] } },
{ "type": "Feature", "properties": { "LAYER": "PARCELARIO_BASE_CATASTRO", "MAP_NAME": "1010_2025.dwg", "ccpp1": "1010 500", "LAYER_2": "PADRONES_2_VISTALBA" }, "geometry": { "type": "MultiPolygon", "coordinates": [ [ [ [ -68.90223229507221, -33.007234607225399, 0.0 ], [ -68.90258010634254, -33.007239010625362, 0.0 ], [ -68.902580317630807, -33.007227874196964, 0.0 ], [ -68.902588858981346, -33.006778545319058, 0.0 ], [ -68.902244322693193, -33.006822013560161, 0.0 ], [ -68.90223274885831, -33.007219044662847, 0.0 ], [ -68.90223229507221, -33.007234607225399, 0.0 ] ] ] ] } },
{ "type": "Feature", "properties": { "LAYER": "PARCELARIO_BASE_CATASTRO", "MAP_NAME": "1010_2025.dwg", "ccpp1": "1010 755", "LAYER_2": "PADRONES_2_VISTALBA" }, "geometry": { "type": "MultiPolygon", "coordinates": [ [ [ [ -68.902588858981346, -33.006778545319058, 0.0 ], [ -68.902580317630807, -33.007227874196964, 0.0 ], [ -68.90258010634254, -33.007239010625362, 0.0 ], [ -68.902929002758171, -33.007243426523594, 0.0 ], [ -68.902929655516218, -33.007236613069914, 0.0 ], [ -68.902939284590119, -33.007136021529341, 0.0 ], [ -68.9027913842788, -33.007136557452903, 0.0 ], [ -68.902812765431207, -33.006734733405921, 0.0 ], [ -68.902704759926237, -33.006759109023086, 0.0 ], [ -68.902588858981346, -33.006778545319058, 0.0 ] ] ] ] } },
{ "type": "Feature", "properties": { "LAYER": "PARCELARIO_BASE_CATASTRO", "MAP_NAME": "1010_2025.dwg", "ccpp1": "1010 2451", "LAYER_2": "PADRONES_2_VISTALBA" }, "geometry": { "type": "MultiPolygon", "coordinates": [ [ [ [ -68.908990625802616, -33.007399939762912, 0.0 ], [ -68.908916541570633, -33.008574771472404, 0.0 ], [ -68.909011137049305, -33.008583099806238, 0.0 ], [ -68.909026258401937, -33.00834122469935, 0.0 ], [ -68.90942423770953, -33.008352063710682, 0.0 ], [ -68.909407594617846, -33.008618005279452, 0.0 ], [ -68.909985318930012, -33.008668867445628, 0.0 ], [ -68.910038342414538, -33.007834672915237, 0.0 ], [ -68.90945915482051, -33.007798911191777, 0.0 ], [ -68.909482539477736, -33.007430323225293, 0.0 ], [ -68.908990625802616, -33.007399939762912, 0.0 ] ] ] ] } },
{ "type": "Feature", "properties": { "LAYER": "PARCELARIO_BASE_CATASTRO", "MAP_NAME": "1010_2025.dwg", "ccpp1": "1010 958", "LAYER_2": "PADRONES_2_VISTALBA" }, "geometry": { "type": "MultiPolygon", "coordinates": [ [ [ [ -68.90942423770953, -33.008352063710682, 0.0 ], [ -68.909026258401937, -33.00834122469935, 0.0 ], [ -68.909011137049305, -33.008583099806238, 0.0 ], [ -68.909407594617846, -33.008618005279452, 0.0 ], [ -68.90942423770953, -33.008352063710682, 0.0 ] ] ] ] } },
{ "type": "Feature", "properties": { "LAYER": "PARCELARIO_BASE_CATASTRO", "MAP_NAME": "1010_2025.dwg", "ccpp1": "1010 954", "LAYER_2": "PADRONES_2_VISTALBA" }, "geometry": { "type": "MultiPolygon", "coordinates": [ [ [ [ -68.908462543913558, -33.007367363824294, 0.0 ], [ -68.908391724603462, -33.007551073332444, 0.0 ], [ -68.908325519685988, -33.007722162727617, 0.0 ], [ -68.908234097966286, -33.00795896568399, 0.0 ], [ -68.908222723759351, -33.007988532274659, 0.0 ], [ -68.908387837903746, -33.007998211320668, 0.0 ], [ -68.90886787760121, -33.008027055642415, 0.0 ], [ -68.908864722702958, -33.00807709632295, 0.0 ], [ -68.908833938273673, -33.008567498670828, 0.0 ], [ -68.908916541570633, -33.008574771472404, 0.0 ], [ -68.908990625802616, -33.007399939762912, 0.0 ], [ -68.908925565145466, -33.007396015107808, 0.0 ], [ -68.908462543913558, -33.007367363824294, 0.0 ] ] ] ] } },
{ "type": "Feature", "properties": { "LAYER": "PARCELARIO_BASE_CATASTRO", "MAP_NAME": "1010_2025.dwg", "ccpp1": "1010 623", "LAYER_2": "PADRONES_2_VISTALBA" }, "geometry": { "type": "MultiPolygon", "coordinates": [ [ [ [ -68.909589270609231, -33.006868746890376, 0.0 ], [ -68.909578485093576, -33.007056107257483, 0.0 ], [ -68.910085851277913, -33.007087217268264, 0.0 ], [ -68.910097498263681, -33.00690301334209, 0.0 ], [ -68.909589270609231, -33.006868746890376, 0.0 ] ] ] ] } },
{ "type": "Feature", "properties": { "LAYER": "PARCELARIO_BASE_CATASTRO", "MAP_NAME": "1010_2025.dwg", "ccpp1": "1010 709", "LAYER_2": "PADRONES_2_VISTALBA" }, "geometry": { "type": "MultiPolygon", "coordinates": [ [ [ [ -68.909578485093576, -33.007056107257483, 0.0 ], [ -68.909093207667297, -33.007026360179282, 0.0 ], [ -68.909086488909566, -33.007212461113866, 0.0 ], [ -68.909097189568399, -33.007213190247072, 0.0 ], [ -68.909567589941062, -33.007245992229976, 0.0 ], [ -68.909578485093576, -33.007056107257483, 0.0 ] ] ] ] } },
{ "type": "Feature", "properties": { "LAYER": "PARCELARIO_BASE_CATASTRO", "MAP_NAME": "1010_2025.dwg", "ccpp1": "1010 710", "LAYER_2": "PADRONES_2_VISTALBA" }, "geometry": { "type": "MultiPolygon", "coordinates": [ [ [ [ -68.909097189568399, -33.007213190247072, 0.0 ], [ -68.909089132250202, -33.007347984866392, 0.0 ], [ -68.908928831909336, -33.007341195621748, 0.0 ], [ -68.908925565145466, -33.007396015107808, 0.0 ], [ -68.908990625802616, -33.007399939762912, 0.0 ], [ -68.909482539477736, -33.007430323225293, 0.0 ], [ -68.909556695661067, -33.007434975520852, 0.0 ], [ -68.909567589941062, -33.007245992229976, 0.0 ], [ -68.909097189568399, -33.007213190247072, 0.0 ] ] ] ] } },
{ "type": "Feature", "properties": { "LAYER": "PARCELARIO_BASE_CATASTRO", "MAP_NAME": "1010_2025.dwg", "ccpp1": "1010 619", "LAYER_2": "PADRONES_2_VISTALBA" }, "geometry": { "type": "MultiPolygon", "coordinates": [ [ [ [ -68.909597297568112, -33.006597170723289, 0.0 ], [ -68.909115725109316, -33.006565530192191, 0.0 ], [ -68.909108237367377, -33.006771106774345, 0.0 ], [ -68.909584851655907, -33.006794625958108, 0.0 ], [ -68.909597297568112, -33.006597170723289, 0.0 ] ] ] ] } },
{ "type": "Feature", "properties": { "LAYER": "PARCELARIO_BASE_CATASTRO", "MAP_NAME": "1010_2025.dwg", "ccpp1": "1010 620", "LAYER_2": "PADRONES_2_VISTALBA" }, "geometry": { "type": "MultiPolygon", "coordinates": [ [ [ [ -68.909609133454282, -33.006408104229273, 0.0 ], [ -68.909122644077257, -33.006376094084196, 0.0 ], [ -68.909115725109316, -33.006565530192191, 0.0 ], [ -68.909597297568112, -33.006597170723289, 0.0 ], [ -68.909609133454282, -33.006408104229273, 0.0 ] ] ] ] } },
{ "type": "Feature", "properties": { "LAYER": "PARCELARIO_BASE_CATASTRO", "MAP_NAME": "1010_2025.dwg", "ccpp1": "1010 621", "LAYER_2": "PADRONES_2_VISTALBA" }, "geometry": { "type": "MultiPolygon", "coordinates": [ [ [ [ -68.909291303820424, -33.006156848987722, 0.0 ], [ -68.908981635210353, -33.006134257519882, 0.0 ], [ -68.908979369540035, -33.006193853923911, 0.0 ], [ -68.90913982030483, -33.006198031959592, 0.0 ], [ -68.909134854385769, -33.006333185015933, 0.0 ], [ -68.909124157652002, -33.006332905824941, 0.0 ], [ -68.909122644077257, -33.006376094084196, 0.0 ], [ -68.909609133454282, -33.006408104229273, 0.0 ], [ -68.909623440399557, -33.006181079873784, 0.0 ], [ -68.909291303820424, -33.006156848987722, 0.0 ] ] ] ] } },
{ "type": "Feature", "properties": { "LAYER": "PARCELARIO_BASE_CATASTRO", "MAP_NAME": "1010_2025.dwg", "ccpp1": "1010 203", "LAYER_2": "PADRONES_2_VISTALBA" }, "geometry": { "type": "MultiPolygon", "coordinates": [ [ [ [ -68.9097198175659, -33.005871887475216, 0.0 ], [ -68.909402438638921, -33.005846044540498, 0.0 ], [ -68.909359636213665, -33.005890644613324, 0.0 ], [ -68.909311821602401, -33.005886821946632, 0.0 ], [ -68.909291303820424, -33.006156848987722, 0.0 ], [ -68.909623440399557, -33.006181079873784, 0.0 ], [ -68.909695859153572, -33.006186363805007, 0.0 ], [ -68.9097198175659, -33.005871887475216, 0.0 ] ] ] ] } },
{ "type": "Feature", "properties": { "LAYER": "PARCELARIO_BASE_CATASTRO", "MAP_NAME": "1010_2025.dwg", "ccpp1": "1010 280", "LAYER_2": "PADRONES_2_VISTALBA" }, "geometry": { "type": "MultiPolygon", "coordinates": [ [ [ [ -68.909186026159091, -33.00534494961056, 0.0 ], [ -68.909114557798375, -33.005537468491454, 0.0 ], [ -68.909026993831233, -33.00577336242867, 0.0 ], [ -68.909318694069825, -33.005796753142533, 0.0 ], [ -68.909325458995212, -33.005706142351528, 0.0 ], [ -68.909373488732584, -33.005708792990717, 0.0 ], [ -68.90939735795844, -33.005379961956677, 0.0 ], [ -68.909191905771962, -33.005328908567222, 0.0 ], [ -68.909186026159091, -33.00534494961056, 0.0 ] ] ] ] } },
{ "type": "Feature", "properties": { "LAYER": "PARCELARIO_BASE_CATASTRO", "MAP_NAME": "1010_2025.dwg", "ccpp1": "1010 1338", "LAYER_2": "PADRONES_2_VISTALBA" }, "geometry": { "type": "MultiPolygon", "coordinates": [ [ [ [ -68.908387837903746, -33.007998211320668, 0.0 ], [ -68.908384147474123, -33.008048431931073, 0.0 ], [ -68.908349092134216, -33.008524809071545, 0.0 ], [ -68.908833938273673, -33.008567498670828, 0.0 ], [ -68.908864722702958, -33.00807709632295, 0.0 ], [ -68.90886787760121, -33.008027055642415, 0.0 ], [ -68.908387837903746, -33.007998211320668, 0.0 ] ] ] ] } },
{ "type": "Feature", "properties": { "LAYER": "PARCELARIO_BASE_CATASTRO", "MAP_NAME": "1010_2025.dwg", "ccpp1": "1010 834", "LAYER_2": "PADRONES_2_VISTALBA" }, "geometry": { "type": "MultiPolygon", "coordinates": [ [ [ [ -68.908222723759351, -33.007988532274659, 0.0 ], [ -68.908203731308291, -33.008037569450337, 0.0 ], [ -68.908167677473472, -33.00813095650053, 0.0 ], [ -68.90802635921429, -33.008496391639248, 0.0 ], [ -68.908349092134216, -33.008524809071545, 0.0 ], [ -68.908384147474123, -33.008048431931073, 0.0 ], [ -68.908387837903746, -33.007998211320668, 0.0 ], [ -68.908222723759351, -33.007988532274659, 0.0 ] ] ] ] } },
{ "type": "Feature", "properties": { "LAYER": "PARCELARIO_BASE_CATASTRO", "MAP_NAME": "1010_2025.dwg", "ccpp1": "1010 1030", "LAYER_2": "PADRONES_2_VISTALBA" }, "geometry": { "type": "MultiPolygon", "coordinates": [ [ [ [ -68.906571075507358, -33.006953265614278, 0.0 ], [ -68.906235019652442, -33.006878959933829, 0.0 ], [ -68.906140876485154, -33.007158885577049, 0.0 ], [ -68.9067588409591, -33.007299919898401, 0.0 ], [ -68.906852991697264, -33.007015150900045, 0.0 ], [ -68.906571075507358, -33.006953265614278, 0.0 ] ] ] ] } },
{ "type": "Feature", "properties": { "LAYER": "PARCELARIO_BASE_CATASTRO", "MAP_NAME": "1010_2025.dwg", "ccpp1": "1010 692", "LAYER_2": "PADRONES_2_VISTALBA" }, "geometry": { "type": "MultiPolygon", "coordinates": [ [ [ [ -68.90665730540222, -33.006670474505611, 0.0 ], [ -68.906336148602534, -33.006578263039714, 0.0 ], [ -68.906235019652442, -33.006878959933829, 0.0 ], [ -68.906571075507358, -33.006953265614278, 0.0 ], [ -68.90665730540222, -33.006670474505611, 0.0 ] ] ] ] } },
{ "type": "Feature", "properties": { "LAYER": "PARCELARIO_BASE_CATASTRO", "MAP_NAME": "1010_2025.dwg", "ccpp1": "1010 693", "LAYER_2": "PADRONES_2_VISTALBA" }, "geometry": { "type": "MultiPolygon", "coordinates": [ [ [ [ -68.906987524851573, -33.006795242384939, 0.0 ], [ -68.906983244785678, -33.006794788357965, 0.0 ], [ -68.906978964814456, -33.006794244163373, 0.0 ], [ -68.906974792046057, -33.00679351971344, 0.0 ], [ -68.906968372562702, -33.006792252583658, 0.0 ], [ -68.90696430709194, -33.006791257710653, 0.0 ], [ -68.906960134797117, -33.006790082422782, 0.0 ], [ -68.906956069610544, -33.006788817047081, 0.0 ], [ -68.906952004518757, -33.00678746150372, 0.0 ], [ -68.90694804653522, -33.006786015872528, 0.0 ], [ -68.906944195754647, -33.006784389986045, 0.0 ], [ -68.906940452082367, -33.006782674011689, 0.0 ], [ -68.906934890317629, -33.006779874671167, 0.0 ], [ -68.906931146929793, -33.006777888194108, 0.0 ], [ -68.906927617663726, -33.006775811709012, 0.0 ], [ -68.906924195600638, -33.006773554968653, 0.0 ], [ -68.90691906255374, -33.006770124774185, 0.0 ], [ -68.90691435784511, -33.006766424396261, 0.0 ], [ -68.906911257201912, -33.006763807225006, 0.0 ], [ -68.906908370585768, -33.006761190213282, 0.0 ], [ -68.906904094500092, -33.006756949149263, 0.0 ], [ -68.906901422100674, -33.006754151962028, 0.0 ], [ -68.906898856904306, -33.006751174519565, 0.0 ], [ -68.906896398816258, -33.00674810698937, 0.0 ], [ -68.906894154755207, -33.006745039618764, 0.0 ], [ -68.906892124815855, -33.006741882240284, 0.0 ], [ -68.906889026542501, -33.006737010881331, 0.0 ], [ -68.90665730540222, -33.006670474505611, 0.0 ], [ -68.906571075507358, -33.006953265614278, 0.0 ], [ -68.906852991697264, -33.007015150900045, 0.0 ], [ -68.906949923142548, -33.007037133906366, 0.0 ], [ -68.906987524851573, -33.006795242384939, 0.0 ] ] ] ] } },
{ "type": "Feature", "properties": { "LAYER": "PARCELARIO_BASE_CATASTRO", "MAP_NAME": "1010_2025.dwg", "ccpp1": "1010 798", "LAYER_2": "PADRONES_2_VISTALBA" }, "geometry": { "type": "MultiPolygon", "coordinates": [ [ [ [ -68.907113972220799, -33.006733842264978, 0.0 ], [ -68.907112149496186, -33.006737177108249, 0.0 ], [ -68.907110219852527, -33.006740421704386, 0.0 ], [ -68.907107004441059, -33.006745198192114, 0.0 ], [ -68.907104646932424, -33.006748262134643, 0.0 ], [ -68.907102289423591, -33.006751326077136, 0.0 ], [ -68.907099718076779, -33.006754209525312, 0.0 ], [ -68.907095647029394, -33.0067585345382, 0.0 ], [ -68.907092754736368, -33.006761327579831, 0.0 ], [ -68.907089862632233, -33.006763940286397, 0.0 ], [ -68.90708675650103, -33.006766552833611, 0.0 ], [ -68.907082044033501, -33.006770246195742, 0.0 ], [ -68.907078617145132, -33.006772588001304, 0.0 ], [ -68.907075190351122, -33.006774839639306, 0.0 ], [ -68.907071763651473, -33.006777001109754, 0.0 ], [ -68.907068230127322, -33.006778982165443, 0.0 ], [ -68.907064482576089, -33.006780963061701, 0.0 ], [ -68.907058808120425, -33.006783573696097, 0.0 ], [ -68.907055060852485, -33.006785284089595, 0.0 ], [ -68.907050992733119, -33.006786813908974, 0.0 ], [ -68.90704703172166, -33.006788253640423, 0.0 ], [ -68.907042963885758, -33.006789512957084, 0.0 ], [ -68.907036755212815, -33.00679131168468, 0.0 ], [ -68.907032687660376, -33.006792300498567, 0.0 ], [ -68.90702851318899, -33.006793199065108, 0.0 ], [ -68.90702209124531, -33.006794276292688, 0.0 ], [ -68.90701781013864, -33.006794814109249, 0.0 ], [ -68.907013529126544, -33.006795261758178, 0.0 ], [ -68.907009141290146, -33.006795528992257, 0.0 ], [ -68.907004860467183, -33.006795796305923, 0.0 ], [ -68.907000472914589, -33.006795793037256, 0.0 ], [ -68.906996192375473, -33.006795789848177, 0.0 ], [ -68.90699180510677, -33.006795516076757, 0.0 ], [ -68.906987524851573, -33.006795242384939, 0.0 ], [ -68.906949923142548, -33.007037133906366, 0.0 ], [ -68.907253344175473, -33.007104264033728, 0.0 ], [ -68.907298767790891, -33.006954439303563, 0.0 ], [ -68.907345694814325, -33.006799476118367, 0.0 ], [ -68.907113972220799, -33.006733842264978, 0.0 ] ] ] ] } },
{ "type": "Feature", "properties": { "LAYER": "PARCELARIO_BASE_CATASTRO", "MAP_NAME": "1010_2025.dwg", "ccpp1": "1010 568", "LAYER_2": "PADRONES_2_VISTALBA" }, "geometry": { "type": "MultiPolygon", "coordinates": [ [ [ [ -68.907139806568409, -33.006385363872852, 0.0 ], [ -68.907070125295562, -33.006604509354936, 0.0 ], [ -68.90707376147688, -33.006606676083202, 0.0 ], [ -68.907078894614898, -33.006610016103899, 0.0 ], [ -68.907083813537696, -33.006613536300065, 0.0 ], [ -68.907087128301811, -33.006616063458914, 0.0 ], [ -68.907090014918538, -33.006618680466566, 0.0 ], [ -68.907093115561963, -33.006621297633465, 0.0 ], [ -68.90709589497672, -33.006624094896296, 0.0 ], [ -68.90709856737837, -33.006626892079431, 0.0 ], [ -68.907101132577878, -33.006629869517859, 0.0 ], [ -68.907103804790836, -33.006632847035867, 0.0 ], [ -68.907106048856321, -33.006635914402764, 0.0 ], [ -68.907108185814167, -33.006639071857485, 0.0 ], [ -68.907110322772155, -33.006642229312135, 0.0 ], [ -68.907112245609213, -33.006645476775006, 0.0 ], [ -68.907114061338589, -33.006648814325693, 0.0 ], [ -68.907115770054801, -33.006652151796729, 0.0 ], [ -68.907117371663347, -33.006655579355602, 0.0 ], [ -68.907118759245364, -33.006659006755207, 0.0 ], [ -68.9071200397197, -33.00666252424265, 0.0 ], [ -68.90712110616748, -33.006666041570845, 0.0 ], [ -68.907122491765406, -33.006671362487616, 0.0 ], [ -68.907123237078892, -33.006674969744388, 0.0 ], [ -68.907123875379114, -33.00667857692158, 0.0 ], [ -68.907124299652693, -33.006682183939503, 0.0 ], [ -68.907124723831814, -33.006685881124902, 0.0 ], [ -68.907124720052082, -33.006689487824339, 0.0 ], [ -68.907124716177833, -33.006693184691279, 0.0 ], [ -68.907124712398087, -33.006696791390695, 0.0 ], [ -68.907124280470384, -33.006700487939149, 0.0 ], [ -68.907123848637156, -33.006704094320106, 0.0 ], [ -68.907123202777143, -33.006707700541817, 0.0 ], [ -68.907122449903696, -33.006711306683925, 0.0 ], [ -68.907121053154455, -33.006716625530508, 0.0 ], [ -68.907119335364868, -33.006721944138185, 0.0 ], [ -68.90711794059979, -33.006725369467517, 0.0 ], [ -68.907116438821191, -33.006728794717219, 0.0 ], [ -68.907113972220799, -33.006733842264978, 0.0 ], [ -68.907345694814325, -33.006799476118367, 0.0 ], [ -68.907355467351678, -33.006766662381423, 0.0 ], [ -68.907413132239427, -33.006576541787098, 0.0 ], [ -68.907439762958219, -33.006489008836382, 0.0 ], [ -68.907139806568409, -33.006385363872852, 0.0 ] ] ] ] } },
{ "type": "Feature", "properties": { "LAYER": "PARCELARIO_BASE_CATASTRO", "MAP_NAME": "1010_2025.dwg", "ccpp1": "1010 690", "LAYER_2": "PADRONES_2_VISTALBA" }, "geometry": { "type": "MultiPolygon", "coordinates": [ [ [ [ -68.906933654284472, -33.006315214173668, 0.0 ], [ -68.906774637094401, -33.006258416190491, 0.0 ], [ -68.906695226539512, -33.006532366157835, 0.0 ], [ -68.906935076755758, -33.006602334892143, 0.0 ], [ -68.906938717099735, -33.006600534254915, 0.0 ], [ -68.906942678483247, -33.006598733856897, 0.0 ], [ -68.906946425650801, -33.006597113634172, 0.0 ], [ -68.906952313745592, -33.006594863834287, 0.0 ], [ -68.906956488776402, -33.006593424265333, 0.0 ], [ -68.906962483410638, -33.006591625382129, 0.0 ], [ -68.906966765075722, -33.006590546562521, 0.0 ], [ -68.906970832524962, -33.006589647918247, 0.0 ], [ -68.906975006892708, -33.006588839521037, 0.0 ], [ -68.906979288178945, -33.006588121370939, 0.0 ], [ -68.906983569275866, -33.006587583555657, 0.0 ], [ -68.906987850278085, -33.006587135907736, 0.0 ], [ -68.906992131091002, -33.006586868594624, 0.0 ], [ -68.906996625835731, -33.006586691608312, 0.0 ], [ -68.907000799446138, -33.006586604550144, 0.0 ], [ -68.90700518689377, -33.006586697986272, 0.0 ], [ -68.907009574246771, -33.006586881589733, 0.0 ], [ -68.907013854492007, -33.006587155280805, 0.0 ], [ -68.907018241561261, -33.006587609386408, 0.0 ], [ -68.907022414414911, -33.006588243667444, 0.0 ], [ -68.907028718502019, -33.006589327668379, 0.0 ], [ -68.907035023374704, -33.006590683073945, 0.0 ], [ -68.907039196825863, -33.006591768192628, 0.0 ], [ -68.90704326744887, -33.00659294430384, 0.0 ], [ -68.907047449173817, -33.006594303537796, 0.0 ], [ -68.907051300137169, -33.006595749086188, 0.0 ], [ -68.907055258019341, -33.006597284881629, 0.0 ], [ -68.907059108793831, -33.00659891076473, 0.0 ], [ -68.907062852366124, -33.006600716903037, 0.0 ], [ -68.907066595844, -33.006602613208713, 0.0 ], [ -68.907070125295562, -33.006604509354936, 0.0 ], [ -68.907139806568409, -33.006385363872852, 0.0 ], [ -68.907108814588511, -33.006375083352914, 0.0 ], [ -68.906933654284472, -33.006315214173668, 0.0 ] ] ] ] } },
{ "type": "Feature", "properties": { "LAYER": "PARCELARIO_BASE_CATASTRO", "MAP_NAME": "1010_2025.dwg", "ccpp1": "1010 571", "LAYER_2": "PADRONES_2_VISTALBA" }, "geometry": { "type": "MultiPolygon", "coordinates": [ [ [ [ -68.907624890765106, -33.005877809882556, 0.0 ], [ -68.907353778114, -33.005748643194742, 0.0 ], [ -68.907283751595173, -33.005964298176757, 0.0 ], [ -68.907289633319706, -33.005968089582922, 0.0 ], [ -68.907293055172403, -33.005970526648525, 0.0 ], [ -68.907296476930981, -33.005973053881526, 0.0 ], [ -68.907299791582957, -33.005975671202457, 0.0 ], [ -68.90730278510334, -33.005978378452397, 0.0 ], [ -68.90730577852959, -33.005981175869742, 0.0 ], [ -68.907308664849239, -33.005984063375095, 0.0 ], [ -68.907311444062273, -33.0059870409684, 0.0 ], [ -68.907314116262981, -33.005990018482194, 0.0 ], [ -68.90731657425026, -33.005993176172019, 0.0 ], [ -68.907318925130909, -33.005996423949831, 0.0 ], [ -68.907321168999218, -33.005999671648141, 0.0 ], [ -68.90732341277338, -33.006003009513911, 0.0 ], [ -68.907325335510151, -33.006006347141316, 0.0 ], [ -68.907327151140237, -33.006009774856722, 0.0 ], [ -68.907328966676189, -33.006013292739617, 0.0 ], [ -68.907330354067852, -33.006016900472211, 0.0 ], [ -68.907331848566457, -33.006020418116748, 0.0 ], [ -68.907333021838966, -33.006024115857926, 0.0 ], [ -68.907334088193309, -33.006027723352133, 0.0 ], [ -68.90733504744091, -33.006031420934413, 0.0 ], [ -68.90733579266346, -33.006035118357815, 0.0 ], [ -68.907336537791807, -33.006038905948692, 0.0 ], [ -68.907336961976753, -33.006042603133771, 0.0 ], [ -68.907337279054929, -33.006046390406901, 0.0 ], [ -68.907337382107954, -33.006050177521168, 0.0 ], [ -68.907337378148398, -33.006053964555996, 0.0 ], [ -68.90733726717626, -33.006057751511392, 0.0 ], [ -68.90733694227319, -33.0060614481404, 0.0 ], [ -68.907336510263249, -33.006065234857466, 0.0 ], [ -68.907335864228045, -33.006069021415655, 0.0 ], [ -68.907335111274463, -33.006072717726916, 0.0 ], [ -68.907334251308214, -33.006076413958752, 0.0 ], [ -68.907333177316644, -33.006080110031682, 0.0 ], [ -68.907331889394044, -33.006083715778225, 0.0 ], [ -68.907330494458719, -33.006087321445307, 0.0 ], [ -68.907329099617556, -33.006090836944885, 0.0 ], [ -68.907327383738377, -33.006094352206105, 0.0 ], [ -68.90732556094072, -33.006097777220361, 0.0 ], [ -68.907323524117643, -33.006101202075719, 0.0 ], [ -68.9073214873887, -33.006104536763516, 0.0 ], [ -68.907319236728611, -33.006107781124889, 0.0 ], [ -68.907519118981085, -33.006227130885783, 0.0 ], [ -68.907531897531797, -33.006184941932169, 0.0 ], [ -68.907624890765106, -33.005877809882556, 0.0 ] ] ] ] } },
{ "type": "Feature", "properties": { "LAYER": "PARCELARIO_BASE_CATASTRO", "MAP_NAME": "1010_2025.dwg", "ccpp1": "1010 569", "LAYER_2": "PADRONES_2_VISTALBA" }, "geometry": { "type": "MultiPolygon", "coordinates": [ [ [ [ -68.907001053561871, -33.005593868866832, 0.0 ], [ -68.906703059432019, -33.005457314943492, 0.0 ], [ -68.906601404898225, -33.005736190344805, 0.0 ], [ -68.906908167697225, -33.00586934541586, 0.0 ], [ -68.907001053561871, -33.005593868866832, 0.0 ] ] ] ] } },
{ "type": "Feature", "properties": { "LAYER": "PARCELARIO_BASE_CATASTRO", "MAP_NAME": "1010_2025.dwg", "ccpp1": "1010 77", "LAYER_2": "PADRONES_2_VISTALBA" }, "geometry": { "type": "MultiPolygon", "coordinates": [ [ [ [ -68.906075154531464, -33.007354115607185, 0.0 ], [ -68.907106581733615, -33.007589509678482, 0.0 ], [ -68.907109661569578, -33.007579340169791, 0.0 ], [ -68.907166039474561, -33.007392915627143, 0.0 ], [ -68.9067588409591, -33.007299919898401, 0.0 ], [ -68.906140876485154, -33.007158885577049, 0.0 ], [ -68.906075154531464, -33.007354115607185, 0.0 ] ] ] ] } },
{ "type": "Feature", "properties": { "LAYER": "PARCELARIO_BASE_CATASTRO", "MAP_NAME": "1010_2025.dwg", "ccpp1": "1010 923", "LAYER_2": "PADRONES_2_VISTALBA" }, "geometry": { "type": "MultiPolygon", "coordinates": [ [ [ [ -68.904295471946796, -33.007507244292455, 0.0 ], [ -68.904065955788241, -33.007479747350772, 0.0 ], [ -68.903968582387847, -33.007973470492914, 0.0 ], [ -68.904197559939306, -33.008004398975778, 0.0 ], [ -68.904295471946796, -33.007507244292455, 0.0 ] ] ] ] } },
{ "type": "Feature", "properties": { "LAYER": "PARCELARIO_BASE_CATASTRO", "MAP_NAME": "1010_2025.dwg", "ccpp1": "1010 924", "LAYER_2": "PADRONES_2_VISTALBA" }, "geometry": { "type": "MultiPolygon", "coordinates": [ [ [ [ -68.903799310620812, -33.007447803169448, 0.0 ], [ -68.903758202821308, -33.007658042186677, 0.0 ], [ -68.903703540904672, -33.007937669974574, 0.0 ], [ -68.903968582387847, -33.007973470492914, 0.0 ], [ -68.904065955788241, -33.007479747350772, 0.0 ], [ -68.903799310620812, -33.007447803169448, 0.0 ] ] ] ] } },
{ "type": "Feature", "properties": { "LAYER": "PARCELARIO_BASE_CATASTRO", "MAP_NAME": "1010_2025.dwg", "ccpp1": "1010 867", "LAYER_2": "PADRONES_2_VISTALBA" }, "geometry": { "type": "MultiPolygon", "coordinates": [ [ [ [ -68.904388977921343, -33.007034116670305, 0.0 ], [ -68.904345291796872, -33.007255083859562, 0.0 ], [ -68.904301174572325, -33.007478665553691, 0.0 ], [ -68.90434343889234, -33.007484558838065, 0.0 ], [ -68.904566744144049, -33.007515927725798, 0.0 ], [ -68.904655722477557, -33.007072191062278, 0.0 ], [ -68.904388977921343, -33.007034116670305, 0.0 ] ] ] ] } },
{ "type": "Feature", "properties": { "LAYER": "PARCELARIO_BASE_CATASTRO", "MAP_NAME": "1010_2025.dwg", "ccpp1": "1010 846", "LAYER_2": "PADRONES_2_VISTALBA" }, "geometry": { "type": "MultiPolygon", "coordinates": [ [ [ [ -68.903402876679834, -33.007354875123646, 0.0 ], [ -68.903940689361605, -33.007419218928298, 0.0 ], [ -68.903983914857065, -33.007203641749186, 0.0 ], [ -68.903419918454929, -33.007123355187581, 0.0 ], [ -68.903402876679834, -33.007354875123646, 0.0 ] ] ] ] } },
{ "type": "Feature", "properties": { "LAYER": "PARCELARIO_BASE_CATASTRO", "MAP_NAME": "1010_2025.dwg", "ccpp1": "1010 844", "LAYER_2": "PADRONES_2_VISTALBA" }, "geometry": { "type": "MultiPolygon", "coordinates": [ [ [ [ -68.90410639800568, -33.006993775356044, 0.0 ], [ -68.903436488740667, -33.006898222345008, 0.0 ], [ -68.903419918454929, -33.007123355187581, 0.0 ], [ -68.904345291796872, -33.007255083859562, 0.0 ], [ -68.904388977921343, -33.007034116670305, 0.0 ], [ -68.90410639800568, -33.006993775356044, 0.0 ] ] ] ] } },
{ "type": "Feature", "properties": { "LAYER": "PARCELARIO_BASE_CATASTRO", "MAP_NAME": "1010_2025.dwg", "ccpp1": "1010 864", "LAYER_2": "PADRONES_2_VISTALBA" }, "geometry": { "type": "MultiPolygon", "coordinates": [ [ [ [ -68.904152538492895, -33.006779662860112, 0.0 ], [ -68.904143181704598, -33.006822755765107, 0.0 ], [ -68.90410639800568, -33.006993775356044, 0.0 ], [ -68.904388977921343, -33.007034116670305, 0.0 ], [ -68.904655722477557, -33.007072191062278, 0.0 ], [ -68.904698544356435, -33.00685798566353, 0.0 ], [ -68.90446935652696, -33.006825169827451, 0.0 ], [ -68.904152538492895, -33.006779662860112, 0.0 ] ] ] ] } },
{ "type": "Feature", "properties": { "LAYER": "PARCELARIO_BASE_CATASTRO", "MAP_NAME": "1010_2025.dwg", "ccpp1": "1010 531", "LAYER_2": "PADRONES_2_VISTALBA" }, "geometry": { "type": "MultiPolygon", "coordinates": [ [ [ [ -68.903460898987078, -33.006724931979463, 0.0 ], [ -68.903436488740667, -33.006898222345008, 0.0 ], [ -68.90410639800568, -33.006993775356044, 0.0 ], [ -68.904143181704598, -33.006822755765107, 0.0 ], [ -68.903460898987078, -33.006724931979463, 0.0 ] ] ] ] } },
{ "type": "Feature", "properties": { "LAYER": "PARCELARIO_BASE_CATASTRO", "MAP_NAME": "1010_2025.dwg", "ccpp1": "1010 209", "LAYER_2": "PADRONES_2_VISTALBA" }, "geometry": { "type": "MultiPolygon", "coordinates": [ [ [ [ -68.905688919170728, -33.006969594326982, 0.0 ], [ -68.905977019971431, -33.007009064255023, 0.0 ], [ -68.906035649031267, -33.006835456559131, 0.0 ], [ -68.905744293729427, -33.006788526352359, 0.0 ], [ -68.905688919170728, -33.006969594326982, 0.0 ] ] ] ] } },
{ "type": "Feature", "properties": { "LAYER": "PARCELARIO_BASE_CATASTRO", "MAP_NAME": "1010_2025.dwg", "ccpp1": "1010 154", "LAYER_2": "PADRONES_2_VISTALBA" }, "geometry": { "type": "MultiPolygon", "coordinates": [ [ [ [ -68.903508434010021, -33.006118828154428, 0.0 ], [ -68.904027186912359, -33.006222511390462, 0.0 ], [ -68.904534425707809, -33.006323887999343, 0.0 ], [ -68.904727542701181, -33.006362446916739, 0.0 ], [ -68.905043805542746, -33.006425624845612, 0.0 ], [ -68.90538756533256, -33.006494323037536, 0.0 ], [ -68.905457698063699, -33.006272958076948, 0.0 ], [ -68.905300912414958, -33.006239853946276, 0.0 ], [ -68.905080511926528, -33.006193317637589, 0.0 ], [ -68.904120924250975, -33.00599153871044, 0.0 ], [ -68.903516710283739, -33.005864322179221, 0.0 ], [ -68.903508434010021, -33.006118828154428, 0.0 ] ] ] ] } },
{ "type": "Feature", "properties": { "LAYER": "PARCELARIO_BASE_CATASTRO", "MAP_NAME": "1010_2025.dwg", "ccpp1": "1010 731", "LAYER_2": "PADRONES_2_VISTALBA" }, "geometry": { "type": "MultiPolygon", "coordinates": [ [ [ [ -68.904609767343743, -33.006617981997195, 0.0 ], [ -68.904485865137872, -33.006600124247242, 0.0 ], [ -68.90446935652696, -33.006825169827451, 0.0 ], [ -68.904698544356435, -33.00685798566353, 0.0 ], [ -68.90524743998094, -33.006936849277587, 0.0 ], [ -68.905316374905041, -33.006719597782116, 0.0 ], [ -68.904969383691167, -33.006669741954681, 0.0 ], [ -68.904609767343743, -33.006617981997195, 0.0 ] ] ] ] } },
{ "type": "Feature", "properties": { "LAYER": "PARCELARIO_BASE_CATASTRO", "MAP_NAME": "1010_2025.dwg", "ccpp1": "1010 734", "LAYER_2": "PADRONES_2_VISTALBA" }, "geometry": { "type": "MultiPolygon", "coordinates": [ [ [ [ -68.904727542701181, -33.006362446916739, 0.0 ], [ -68.904534425707809, -33.006323887999343, 0.0 ], [ -68.904427698265636, -33.006555266452715, 0.0 ], [ -68.904625535263094, -33.006583640206834, 0.0 ], [ -68.904727542701181, -33.006362446916739, 0.0 ] ] ] ] } },
{ "type": "Feature", "properties": { "LAYER": "PARCELARIO_BASE_CATASTRO", "MAP_NAME": "1010_2025.dwg", "ccpp1": "1010 826", "LAYER_2": "PADRONES_2_VISTALBA" }, "geometry": { "type": "MultiPolygon", "coordinates": [ [ [ [ -68.904534425707809, -33.006323887999343, 0.0 ], [ -68.904027186912359, -33.006222511390462, 0.0 ], [ -68.903981950430662, -33.006491175926065, 0.0 ], [ -68.904427698265636, -33.006555266452715, 0.0 ], [ -68.904534425707809, -33.006323887999343, 0.0 ] ] ] ] } },
{ "type": "Feature", "properties": { "LAYER": "PARCELARIO_BASE_CATASTRO", "MAP_NAME": "1010_2025.dwg", "ccpp1": "1010 732", "LAYER_2": "PADRONES_2_VISTALBA" }, "geometry": { "type": "MultiPolygon", "coordinates": [ [ [ [ -68.904027186912359, -33.006222511390462, 0.0 ], [ -68.903508434014938, -33.006118823646048, 0.0 ], [ -68.903498814505895, -33.00642164395547, 0.0 ], [ -68.903981950430662, -33.006491175926065, 0.0 ], [ -68.904027186912359, -33.006222511390462, 0.0 ] ] ] ] } },
{ "type": "Feature", "properties": { "LAYER": "PARCELARIO_BASE_CATASTRO", "MAP_NAME": "1010_2025.dwg", "ccpp1": "1010 365", "LAYER_2": "PADRONES_2_VISTALBA" }, "geometry": { "type": "MultiPolygon", "coordinates": [ [ [ [ -68.904485865137872, -33.006600124247242, 0.0 ], [ -68.903832008737126, -33.006506118485611, 0.0 ], [ -68.903497659667167, -33.006458160021268, 0.0 ], [ -68.903497422508039, -33.006465645548396, 0.0 ], [ -68.903467033347113, -33.006681384893952, 0.0 ], [ -68.903809399503899, -33.006730437939815, 0.0 ], [ -68.904152538492895, -33.006779662860112, 0.0 ], [ -68.90446935652696, -33.006825169827451, 0.0 ], [ -68.904485865137872, -33.006600124247242, 0.0 ] ] ] ] } },
{ "type": "Feature", "properties": { "LAYER": "PARCELARIO_BASE_CATASTRO", "MAP_NAME": "1010_2025.dwg", "ccpp1": "1010 93", "LAYER_2": "PADRONES_2_VISTALBA" }, "geometry": { "type": "MultiPolygon", "coordinates": [ [ [ [ -68.906170797515827, -33.006435262957908, 0.0 ], [ -68.905714466222165, -33.006331193069371, 0.0 ], [ -68.905457698063699, -33.006272958076948, 0.0 ], [ -68.90538756533256, -33.006494323037536, 0.0 ], [ -68.906105695161628, -33.006628042738932, 0.0 ], [ -68.906170797515827, -33.006435262957908, 0.0 ] ] ] ] } },
{ "type": "Feature", "properties": { "LAYER": "PARCELARIO_BASE_CATASTRO", "MAP_NAME": "1010_2025.dwg", "ccpp1": "1010 2458", "LAYER_2": "PADRONES_2_VISTALBA" }, "geometry": { "type": "MultiPolygon", "coordinates": [ [ [ [ -68.904698544356435, -33.00685798566353, 0.0 ], [ -68.904655722477557, -33.007072191062278, 0.0 ], [ -68.904578723598206, -33.007456186223202, 0.0 ], [ -68.904849746641702, -33.007490649364122, 0.0 ], [ -68.904827968957392, -33.007629132728361, 0.0 ], [ -68.905034462815394, -33.007654421097207, 0.0 ], [ -68.905253172130074, -33.007681096548289, 0.0 ], [ -68.905473379685247, -33.007707862918259, 0.0 ], [ -68.90532321797582, -33.008148420411366, 0.0 ], [ -68.905581281571088, -33.008180873309342, 0.0 ], [ -68.905769291126774, -33.007624167957886, 0.0 ], [ -68.905332290613245, -33.007564087619343, 0.0 ], [ -68.905361698944191, -33.007404600219402, 0.0 ], [ -68.90539107196841, -33.00725259571999, 0.0 ], [ -68.905418670114088, -33.007106926003686, 0.0 ], [ -68.905446271487634, -33.006965366544229, 0.0 ], [ -68.90524743998094, -33.006936849277587, 0.0 ], [ -68.904698544356435, -33.00685798566353, 0.0 ] ] ] ] } },
{ "type": "Feature", "properties": { "LAYER": "PARCELARIO_BASE_CATASTRO", "MAP_NAME": "1010_2025.dwg", "ccpp1": "1010 80", "LAYER_2": "PADRONES_2_VISTALBA" }, "geometry": { "type": "MultiPolygon", "coordinates": [ [ [ [ -68.905392179977298, -33.005256773246664, 0.0 ], [ -68.905364734328145, -33.005249381078414, 0.0 ], [ -68.903559755510145, -33.00474762735027, 0.0 ], [ -68.903519855765154, -33.005643772940431, 0.0 ], [ -68.903585918070561, -33.0056452946137, 0.0 ], [ -68.903663909150737, -33.005661467769499, 0.0 ], [ -68.903733443161258, -33.005688407576059, 0.0 ], [ -68.903795506689434, -33.005725205016923, 0.0 ], [ -68.903850120217825, -33.005771732080923, 0.0 ], [ -68.903894241133841, -33.005828225379275, 0.0 ], [ -68.903909027524207, -33.005834683742989, 0.0 ], [ -68.903972703251256, -33.005643938170344, 0.0 ], [ -68.904217568909189, -33.005701972393261, 0.0 ], [ -68.904120924250975, -33.00599153871044, 0.0 ], [ -68.905080511926528, -33.006193317637589, 0.0 ], [ -68.905392179977298, -33.005256773246664, 0.0 ] ] ] ] } },
{ "type": "Feature", "properties": { "LAYER": "PARCELARIO_BASE_CATASTRO", "MAP_NAME": "1010_2025.dwg", "ccpp1": "1010 124", "LAYER_2": "PADRONES_2_VISTALBA" }, "geometry": { "type": "MultiPolygon", "coordinates": [ [ [ [ -68.894577803138176, -33.003968610437475, 0.0 ], [ -68.894545940740826, -33.004375375556933, 0.0 ], [ -68.89434201838769, -33.004372993933572, 0.0 ], [ -68.894320451823518, -33.004631281093353, 0.0 ], [ -68.893382612078256, -33.004602115196334, 0.0 ], [ -68.893361364099164, -33.004655392393374, 0.0 ], [ -68.893133102326857, -33.005227745008611, 0.0 ], [ -68.893089812975205, -33.005314624061164, 0.0 ], [ -68.893055596571401, -33.005383296121792, 0.0 ], [ -68.893104905731803, -33.005383979446286, 0.0 ], [ -68.893108377137878, -33.005384027502593, 0.0 ], [ -68.8955496614943, -33.005464181847806, 0.0 ], [ -68.895596153267348, -33.004825191478339, 0.0 ], [ -68.895925601106228, -33.004836085607472, 0.0 ], [ -68.89595568032216, -33.004424529068636, 0.0 ], [ -68.897548911109723, -33.004477241398845, 0.0 ], [ -68.897574745249059, -33.003744195638603, 0.0 ], [ -68.897221768459445, -33.003735373874683, 0.0 ], [ -68.897211285434437, -33.004032784829342, 0.0 ], [ -68.895573682625908, -33.003991794349069, 0.0 ], [ -68.895513676309662, -33.003990291539303, 0.0 ], [ -68.895309807703455, -33.003985040510145, 0.0 ], [ -68.895320289469382, -33.003687855324088, 0.0 ], [ -68.894801841335664, -33.003674893431693, 0.0 ], [ -68.894803202476368, -33.00397424644931, 0.0 ], [ -68.894577803138176, -33.003968610437475, 0.0 ] ] ] ] } },
{ "type": "Feature", "properties": { "LAYER": "PARCELARIO_BASE_CATASTRO", "MAP_NAME": "1010_2025.dwg", "ccpp1": "1010 124", "LAYER_2": "PADRONES_2_VISTALBA" }, "geometry": { "type": "MultiPolygon", "coordinates": [ [ [ [ -68.895475141617851, -33.004186827297715, 0.0 ], [ -68.895467847523122, -33.004384198527333, 0.0 ], [ -68.895099370341669, -33.004374755274313, 0.0 ], [ -68.895089181977852, -33.004656099042172, 0.0 ], [ -68.895601659060176, -33.004675570885553, 0.0 ], [ -68.895596153267348, -33.004825191478339, 0.0 ], [ -68.895925601206628, -33.004836084233702, 0.0 ], [ -68.89595568032216, -33.004424529068636, 0.0 ], [ -68.897548911109723, -33.004477241398845, 0.0 ], [ -68.897574745249059, -33.003744195638603, 0.0 ], [ -68.89722175118419, -33.003735376850258, 0.0 ], [ -68.897211285364051, -33.004032786825782, 0.0 ], [ -68.895573682625908, -33.003991794349069, 0.0 ], [ -68.895482434540313, -33.003989486868917, 0.0 ], [ -68.895475141617851, -33.004186827297715, 0.0 ] ] ] ] } },
{ "type": "Feature", "properties": { "LAYER": "PARCELARIO_BASE_CATASTRO", "MAP_NAME": "1010_2025.dwg", "ccpp1": "1010 820", "LAYER_2": "PADRONES_2_VISTALBA" }, "geometry": { "type": "MultiPolygon", "coordinates": [ [ [ [ -68.895001811459991, -33.003141128987068, 0.0 ], [ -68.894975787655639, -33.003540512556903, 0.0 ], [ -68.895685667568543, -33.003557282916255, 0.0 ], [ -68.895713596948184, -33.003161770780892, 0.0 ], [ -68.895501126359463, -33.003154190348255, 0.0 ], [ -68.895179982280467, -33.00314513428129, 0.0 ], [ -68.895001811459991, -33.003141128987068, 0.0 ] ] ] ] } },
{ "type": "Feature", "properties": { "LAYER": "PARCELARIO_BASE_CATASTRO", "MAP_NAME": "1010_2025.dwg", "ccpp1": "1010 667", "LAYER_2": "PADRONES_2_VISTALBA" }, "geometry": { "type": "MultiPolygon", "coordinates": [ [ [ [ -68.89554958813693, -33.001360257086098, 0.0 ], [ -68.895164244916558, -33.001386269028878, 0.0 ], [ -68.895150429615143, -33.001614464771016, 0.0 ], [ -68.895528188065242, -33.001634232423768, 0.0 ], [ -68.89554958813693, -33.001360257086098, 0.0 ] ] ] ] } },
{ "type": "Feature", "properties": { "LAYER": "PARCELARIO_BASE_CATASTRO", "MAP_NAME": "1010_2025.dwg", "ccpp1": "1010 666", "LAYER_2": "PADRONES_2_VISTALBA" }, "geometry": { "type": "MultiPolygon", "coordinates": [ [ [ [ -68.895842165208904, -33.001251278786796, 0.0 ], [ -68.895551220295729, -33.001270096240503, 0.0 ], [ -68.89554958813693, -33.001360257086098, 0.0 ], [ -68.895528188065242, -33.001634232423768, 0.0 ], [ -68.895812537454049, -33.001649776007547, 0.0 ], [ -68.895842165208904, -33.001251278786796, 0.0 ] ] ] ] } },
{ "type": "Feature", "properties": { "LAYER": "PARCELARIO_BASE_CATASTRO", "MAP_NAME": "1010_2025.dwg", "ccpp1": "1010 745", "LAYER_2": "PADRONES_2_VISTALBA" }, "geometry": { "type": "MultiPolygon", "coordinates": [ [ [ [ -68.895558331127475, -33.000737703836776, 0.0 ], [ -68.895551878177884, -33.001229408651398, 0.0 ], [ -68.895551220295729, -33.001270096240503, 0.0 ], [ -68.895842165208904, -33.001251278786796, 0.0 ], [ -68.895875095776105, -33.000808317220276, 0.0 ], [ -68.895558331127475, -33.000737703836776, 0.0 ] ] ] ] } },
{ "type": "Feature", "properties": { "LAYER": "PARCELARIO_BASE_CATASTRO", "MAP_NAME": "1010_2025.dwg", "ccpp1": "1010 1732", "LAYER_2": "PADRONES_2_VISTALBA" }, "geometry": { "type": "MultiPolygon", "coordinates": [ [ [ [ -68.895176227394899, -33.000721863035359, 0.0 ], [ -68.895254391813467, -33.001252867179602, 0.0 ], [ -68.895551878177884, -33.001229408651398, 0.0 ], [ -68.895558331127475, -33.000737703836776, 0.0 ], [ -68.895176227394899, -33.000721863035359, 0.0 ] ] ] ] } },
{ "type": "Feature", "properties": { "LAYER": "PARCELARIO_BASE_CATASTRO", "MAP_NAME": "1010_2025.dwg", "ccpp1": "1010 1733", "LAYER_2": "PADRONES_2_VISTALBA" }, "geometry": { "type": "MultiPolygon", "coordinates": [ [ [ [ -68.894962396050474, -33.000783067627737, 0.0 ], [ -68.895009932959624, -33.001098003621301, 0.0 ], [ -68.895051658849283, -33.001393792110761, 0.0 ], [ -68.895059772679488, -33.001393321042997, 0.0 ], [ -68.89554958813693, -33.001360257086098, 0.0 ], [ -68.895551220295729, -33.001270096240503, 0.0 ], [ -68.895551878177884, -33.001229408651398, 0.0 ], [ -68.895254391813467, -33.001252867179602, 0.0 ], [ -68.895176227394899, -33.000721863035359, 0.0 ], [ -68.894962396050474, -33.000783067627737, 0.0 ] ] ] ] } },
{ "type": "Feature", "properties": { "LAYER": "PARCELARIO_BASE_CATASTRO", "MAP_NAME": "1010_2025.dwg", "ccpp1": "1010 646", "LAYER_2": "PADRONES_2_VISTALBA" }, "geometry": { "type": "MultiPolygon", "coordinates": [ [ [ [ -68.895009932959624, -33.001098003621301, 0.0 ], [ -68.894858287493875, -33.001119569426379, 0.0 ], [ -68.894882800918239, -33.001293444064466, 0.0 ], [ -68.89488028262906, -33.001394856171274, 0.0 ], [ -68.895051658849283, -33.001393792110761, 0.0 ], [ -68.895009932959624, -33.001098003621301, 0.0 ] ] ] ] } },
{ "type": "Feature", "properties": { "LAYER": "PARCELARIO_BASE_CATASTRO", "MAP_NAME": "1010_2025.dwg", "ccpp1": "1010 668", "LAYER_2": "PADRONES_2_VISTALBA" }, "geometry": { "type": "MultiPolygon", "coordinates": [ [ [ [ -68.894813739715531, -33.000814622861725, 0.0 ], [ -68.894858287493875, -33.001119569426379, 0.0 ], [ -68.895009932959624, -33.001098003621301, 0.0 ], [ -68.894962396050474, -33.000783067627737, 0.0 ], [ -68.894813739715531, -33.000814622861725, 0.0 ] ] ] ] } },
{ "type": "Feature", "properties": { "LAYER": "PARCELARIO_BASE_CATASTRO", "MAP_NAME": "1010_2025.dwg", "ccpp1": "1010 769", "LAYER_2": "PADRONES_2_VISTALBA" }, "geometry": { "type": "MultiPolygon", "coordinates": [ [ [ [ -68.895891723639792, -32.999572706238503, 0.0 ], [ -68.895219180512569, -32.999438388905389, 0.0 ], [ -68.895210879778062, -32.999564538198406, 0.0 ], [ -68.895157268206844, -32.999561839553984, 0.0 ], [ -68.895148960997389, -32.999687045681327, 0.0 ], [ -68.895882412904157, -32.999733260902197, 0.0 ], [ -68.895891723639792, -32.999572706238503, 0.0 ] ] ] ] } },
{ "type": "Feature", "properties": { "LAYER": "PARCELARIO_BASE_CATASTRO", "MAP_NAME": "1010_2025.dwg", "ccpp1": "1010 660", "LAYER_2": "PADRONES_2_VISTALBA" }, "geometry": { "type": "MultiPolygon", "coordinates": [ [ [ [ -68.894551906655522, -33.000362455666497, 0.0 ], [ -68.894637141830586, -33.000648073192224, 0.0 ], [ -68.894994608333931, -33.000621219485637, 0.0 ], [ -68.895006804270153, -33.000389558438712, 0.0 ], [ -68.894551906655522, -33.000362455666497, 0.0 ] ] ] ] } },
{ "type": "Feature", "properties": { "LAYER": "PARCELARIO_BASE_CATASTRO", "MAP_NAME": "1010_2025.dwg", "ccpp1": "1010 1423", "LAYER_2": "PADRONES_2_VISTALBA" }, "geometry": { "type": "MultiPolygon", "coordinates": [ [ [ [ -68.894451396486147, -32.999569506840515, 0.0 ], [ -68.894454406002239, -32.9996014070909, 0.0 ], [ -68.89447037661499, -32.999772075480422, 0.0 ], [ -68.894480175634925, -32.999920824303949, 0.0 ], [ -68.895030069260685, -32.999953278446498, 0.0 ], [ -68.895049256470259, -32.999604326864791, 0.0 ], [ -68.894451396486147, -32.999569506840515, 0.0 ] ] ] ] } },
{ "type": "Feature", "properties": { "LAYER": "PARCELARIO_BASE_CATASTRO", "MAP_NAME": "1010_2025.dwg", "ccpp1": "1010 1423", "LAYER_2": "PADRONES_2_VISTALBA" }, "geometry": { "type": "MultiPolygon", "coordinates": [ [ [ [ -68.895046272086844, -32.999658603068688, 0.0 ], [ -68.894824479653707, -32.99964406910491, 0.0 ], [ -68.894745771290502, -32.999733343898122, 0.0 ], [ -68.894702375060774, -32.999798404142595, 0.0 ], [ -68.894698283531127, -32.999837498994133, 0.0 ], [ -68.894706373072452, -32.999934174534545, 0.0 ], [ -68.895030069260685, -32.999953278446498, 0.0 ], [ -68.895046272086844, -32.999658603068688, 0.0 ] ] ] ] } },
{ "type": "Feature", "properties": { "LAYER": "PARCELARIO_BASE_CATASTRO", "MAP_NAME": "1010_2025.dwg", "ccpp1": "1010 770", "LAYER_2": "PADRONES_2_VISTALBA" }, "geometry": { "type": "MultiPolygon", "coordinates": [ [ [ [ -68.895060054241355, -32.999409156348207, 0.0 ], [ -68.894424823280275, -32.999285275046113, 0.0 ], [ -68.894451396486147, -32.999569506840515, 0.0 ], [ -68.895049256470259, -32.999604326864791, 0.0 ], [ -68.895060054241355, -32.999409156348207, 0.0 ] ] ] ] } },
{ "type": "Feature", "properties": { "LAYER": "PARCELARIO_BASE_CATASTRO", "MAP_NAME": "1010_2025.dwg", "ccpp1": "1010 181", "LAYER_2": "PADRONES_2_VISTALBA" }, "geometry": { "type": "MultiPolygon", "coordinates": [ [ [ [ -68.895137068442111, -32.999867076130514, 0.0 ], [ -68.895132282359455, -32.999940124129857, 0.0 ], [ -68.895088631757886, -33.000615471901035, 0.0 ], [ -68.895359151741587, -33.000613623279669, 0.0 ], [ -68.895374239714954, -33.000329756657187, 0.0 ], [ -68.895386767836442, -33.000104982843752, 0.0 ], [ -68.895399494959506, -32.999880177628931, 0.0 ], [ -68.895137068442111, -32.999867076130514, 0.0 ] ] ] ] } },
{ "type": "Feature", "properties": { "LAYER": "PARCELARIO_BASE_CATASTRO", "MAP_NAME": "1010_2025.dwg", "ccpp1": "1010 558", "LAYER_2": "PADRONES_2_VISTALBA" }, "geometry": { "type": "MultiPolygon", "coordinates": [ [ [ [ -68.896247629707389, -32.999199237775635, 0.0 ], [ -68.896133071581673, -32.999204069280658, 0.0 ], [ -68.89596760624481, -32.999207870934747, 0.0 ], [ -68.895884924851885, -32.999208930007299, 0.0 ], [ -68.895763375440382, -32.999208860140634, 0.0 ], [ -68.895276920884967, -32.99920866763938, 0.0 ], [ -68.894992109597069, -32.999216674240678, 0.0 ], [ -68.894703076658544, -32.999226715322223, 0.0 ], [ -68.894700506428194, -32.99920237961053, 0.0 ], [ -68.89441776073356, -32.99920911978824, 0.0 ], [ -68.894419793736404, -32.999230750021781, 0.0 ], [ -68.89631659165633, -32.999583683365422, 0.0 ], [ -68.89636328923352, -32.999335987424978, 0.0 ], [ -68.896222324317364, -32.999318000000862, 0.0 ], [ -68.896247629707389, -32.999199237775635, 0.0 ] ] ] ] } },
{ "type": "Feature", "properties": { "LAYER": "PARCELARIO_BASE_CATASTRO", "MAP_NAME": "1010_2025.dwg", "ccpp1": "1010 367", "LAYER_2": "PADRONES_2_VISTALBA" }, "geometry": { "type": "MultiPolygon", "coordinates": [ [ [ [ -68.895235299410928, -32.998035183581642, 0.0 ], [ -68.894928713190978, -32.998048929877356, 0.0 ], [ -68.894951735939614, -32.998337004285808, 0.0 ], [ -68.895239486679316, -32.99832383272993, 0.0 ], [ -68.895238589623631, -32.998110448393099, 0.0 ], [ -68.895237683743488, -32.998070238263324, 0.0 ], [ -68.895235299410928, -32.998035183581642, 0.0 ] ] ] ] } },
{ "type": "Feature", "properties": { "LAYER": "PARCELARIO_BASE_CATASTRO", "MAP_NAME": "1010_2025.dwg", "ccpp1": "1010 368", "LAYER_2": "PADRONES_2_VISTALBA" }, "geometry": { "type": "MultiPolygon", "coordinates": [ [ [ [ -68.895239486679316, -32.99832383272993, 0.0 ], [ -68.894951735939614, -32.998337004285808, 0.0 ], [ -68.894974785564756, -32.998625096733022, 0.0 ], [ -68.895251792713864, -32.998612165876565, 0.0 ], [ -68.895239486679316, -32.99832383272993, 0.0 ] ] ] ] } },
{ "type": "Feature", "properties": { "LAYER": "PARCELARIO_BASE_CATASTRO", "MAP_NAME": "1010_2025.dwg", "ccpp1": "1010 219", "LAYER_2": "PADRONES_2_VISTALBA" }, "geometry": { "type": "MultiPolygon", "coordinates": [ [ [ [ -68.895251785224687, -32.998612164968605, 0.0 ], [ -68.894974785564756, -32.998625096733022, 0.0 ], [ -68.894998118122217, -32.998912940538091, 0.0 ], [ -68.895264584299312, -32.998909830866779, 0.0 ], [ -68.895251785224687, -32.998612164968605, 0.0 ] ] ] ] } },
{ "type": "Feature", "properties": { "LAYER": "PARCELARIO_BASE_CATASTRO", "MAP_NAME": "1010_2025.dwg", "ccpp1": "1010 526", "LAYER_2": "PADRONES_2_VISTALBA" }, "geometry": { "type": "MultiPolygon", "coordinates": [ [ [ [ -68.894998118122217, -32.998912940538091, 0.0 ], [ -68.895001663980295, -32.998959231085948, 0.0 ], [ -68.894969703239468, -32.998959873246179, 0.0 ], [ -68.894992109597069, -32.999216674240678, 0.0 ], [ -68.895276920884967, -32.99920866763938, 0.0 ], [ -68.895264584299312, -32.998909830866779, 0.0 ], [ -68.894998118122217, -32.998912940538091, 0.0 ] ] ] ] } },
{ "type": "Feature", "properties": { "LAYER": "PARCELARIO_BASE_CATASTRO", "MAP_NAME": "1010_2025.dwg", "ccpp1": "1010 604", "LAYER_2": "PADRONES_2_VISTALBA" }, "geometry": { "type": "MultiPolygon", "coordinates": [ [ [ [ -68.894601148443726, -32.99834479684381, 0.0 ], [ -68.8946368508809, -32.998632247219078, 0.0 ], [ -68.89491328429699, -32.998624052235058, 0.0 ], [ -68.894890136420472, -32.998335966907362, 0.0 ], [ -68.894601148443726, -32.99834479684381, 0.0 ] ] ] ] } },
{ "type": "Feature", "properties": { "LAYER": "PARCELARIO_BASE_CATASTRO", "MAP_NAME": "1010_2025.dwg", "ccpp1": "1010 2262", "LAYER_2": "PADRONES_2_VISTALBA" }, "geometry": { "type": "MultiPolygon", "coordinates": [ [ [ [ -68.894936932328093, -32.998915497613048, 0.0 ], [ -68.89466963243828, -32.998919612152612, 0.0 ], [ -68.894700506428194, -32.99920237961053, 0.0 ], [ -68.894703076658544, -32.999226715322223, 0.0 ], [ -68.894992109597069, -32.999216674240678, 0.0 ], [ -68.894969703239468, -32.998959873246179, 0.0 ], [ -68.894940310588353, -32.998960522067698, 0.0 ], [ -68.894936932328093, -32.998915497613048, 0.0 ] ] ] ] } },
{ "type": "Feature", "properties": { "LAYER": "PARCELARIO_BASE_CATASTRO", "MAP_NAME": "1010_2025.dwg", "ccpp1": "1010 40", "LAYER_2": "PADRONES_2_VISTALBA" }, "geometry": { "type": "MultiPolygon", "coordinates": [ [ [ [ -68.895234074263172, -32.998017642304632, 0.0 ], [ -68.895235298340907, -32.998035183580747, 0.0 ], [ -68.895237682673468, -32.998070238262429, 0.0 ], [ -68.895238588553596, -32.99811044839219, 0.0 ], [ -68.895239483469211, -32.99832383272723, 0.0 ], [ -68.895251785224687, -32.998612164968605, 0.0 ], [ -68.895264584299312, -32.998909830866779, 0.0 ], [ -68.895276920884967, -32.99920866763938, 0.0 ], [ -68.895763375440382, -32.999208860140634, 0.0 ], [ -68.89574744353223, -32.998531010575988, 0.0 ], [ -68.895733404299222, -32.99824473906132, 0.0 ], [ -68.895594638733215, -32.998247953887507, 0.0 ], [ -68.895570595088657, -32.998119890281856, 0.0 ], [ -68.895551193156365, -32.998010670241364, 0.0 ], [ -68.895234074263172, -32.998017642304632, 0.0 ] ] ] ] } },
{ "type": "Feature", "properties": { "LAYER": "PARCELARIO_BASE_CATASTRO", "MAP_NAME": "1010_2025.dwg", "ccpp1": "1010 64", "LAYER_2": "PADRONES_2_VISTALBA" }, "geometry": { "type": "MultiPolygon", "coordinates": [ [ [ [ -68.895723219376237, -32.998006887796528, 0.0 ], [ -68.895728648650447, -32.998111368093618, 0.0 ], [ -68.895733404299222, -32.99824473906132, 0.0 ], [ -68.89574744353223, -32.998531010575988, 0.0 ], [ -68.895763375440382, -32.999208860140634, 0.0 ], [ -68.895884924851885, -32.999208930007299, 0.0 ], [ -68.895854164338729, -32.998291692778281, 0.0 ], [ -68.895843591005502, -32.998004240971355, 0.0 ], [ -68.895723219376237, -32.998006887796528, 0.0 ] ] ] ] } },
{ "type": "Feature", "properties": { "LAYER": "PARCELARIO_BASE_CATASTRO", "MAP_NAME": "1010_2025.dwg", "ccpp1": "1010 61", "LAYER_2": "PADRONES_2_VISTALBA" }, "geometry": { "type": "MultiPolygon", "coordinates": [ [ [ [ -68.893971172765632, -32.996716408687767, 0.0 ], [ -68.894066442168139, -32.996980869323338, 0.0 ], [ -68.894158225660647, -32.997234868371471, 0.0 ], [ -68.894298988473693, -32.997230767777161, 0.0 ], [ -68.894431545943334, -32.997227018051923, 0.0 ], [ -68.894721093374812, -32.997218876953404, 0.0 ], [ -68.894668922899029, -32.997069869630032, 0.0 ], [ -68.894627610277013, -32.99695218307567, 0.0 ], [ -68.894536579797688, -32.996688622461718, 0.0 ], [ -68.894113285164423, -32.996710479945293, 0.0 ], [ -68.893971172765632, -32.996716408687767, 0.0 ] ] ] ] } },
{ "type": "Feature", "properties": { "LAYER": "PARCELARIO_BASE_CATASTRO", "MAP_NAME": "1010_2025.dwg", "ccpp1": "1010 202", "LAYER_2": "PADRONES_2_VISTALBA" }, "geometry": { "type": "MultiPolygon", "coordinates": [ [ [ [ -68.895760098312053, -32.99663039835184, 0.0 ], [ -68.895366955255398, -32.99664947447932, 0.0 ], [ -68.895455655212473, -32.996907040647159, 0.0 ], [ -68.895488338400554, -32.99700182432808, 0.0 ], [ -68.895602187105965, -32.996978247856731, 0.0 ], [ -68.895862950364432, -32.996926214359462, 0.0 ], [ -68.895849417612624, -32.996887265959543, 0.0 ], [ -68.895760098312053, -32.99663039835184, 0.0 ] ] ] ] } },
{ "type": "Feature", "properties": { "LAYER": "PARCELARIO_BASE_CATASTRO", "MAP_NAME": "1010_2025.dwg", "ccpp1": "1010 727", "LAYER_2": "PADRONES_2_VISTALBA" }, "geometry": { "type": "MultiPolygon", "coordinates": [ [ [ [ -68.895602187105965, -32.996978247856731, 0.0 ], [ -68.89563299710457, -32.997079199205402, 0.0 ], [ -68.895570672750281, -32.997091981558292, 0.0 ], [ -68.895623104844404, -32.997244561168309, 0.0 ], [ -68.895955963388715, -32.997193603020364, 0.0 ], [ -68.895862950364432, -32.996926214359462, 0.0 ], [ -68.895602187105965, -32.996978247856731, 0.0 ] ] ] ] } },
{ "type": "Feature", "properties": { "LAYER": "PARCELARIO_BASE_CATASTRO", "MAP_NAME": "1010_2025.dwg", "ccpp1": "1010 530", "LAYER_2": "PADRONES_2_VISTALBA" }, "geometry": { "type": "MultiPolygon", "coordinates": [ [ [ [ -68.894960214217718, -32.996668464151519, 0.0 ], [ -68.894536579797688, -32.996688622461718, 0.0 ], [ -68.894627610277013, -32.99695218307567, 0.0 ], [ -68.894668922899029, -32.997069869630032, 0.0 ], [ -68.894771110373512, -32.997060221297048, 0.0 ], [ -68.89508613734813, -32.997030562469398, 0.0 ], [ -68.895068038756506, -32.996978393369957, 0.0 ], [ -68.895051326076114, -32.996930558891393, 0.0 ], [ -68.894969345173749, -32.996694366029764, 0.0 ], [ -68.894960214217718, -32.996668464151519, 0.0 ] ] ] ] } },
{ "type": "Feature", "properties": { "LAYER": "PARCELARIO_BASE_CATASTRO", "MAP_NAME": "1010_2025.dwg", "ccpp1": "1010 529", "LAYER_2": "PADRONES_2_VISTALBA" }, "geometry": { "type": "MultiPolygon", "coordinates": [ [ [ [ -68.894771110373512, -32.997060221297048, 0.0 ], [ -68.894806586401103, -32.997145341531869, 0.0 ], [ -68.894776014632924, -32.997148262449343, 0.0 ], [ -68.894890458703244, -32.997480227302688, 0.0 ], [ -68.895236245609638, -32.997462671953059, 0.0 ], [ -68.895235187875301, -32.997459517000138, 0.0 ], [ -68.895205229033579, -32.997372907443442, 0.0 ], [ -68.89508613734813, -32.997030562469398, 0.0 ], [ -68.894771110373512, -32.997060221297048, 0.0 ] ] ] ] } },
{ "type": "Feature", "properties": { "LAYER": "PARCELARIO_BASE_CATASTRO", "MAP_NAME": "1010_2025.dwg", "ccpp1": "1010 519", "LAYER_2": "PADRONES_2_VISTALBA" }, "geometry": { "type": "MultiPolygon", "coordinates": [ [ [ [ -68.895258031666884, -32.997525736373142, 0.0 ], [ -68.895109169473173, -32.997531600333488, 0.0 ], [ -68.895193754759802, -32.997774239542764, 0.0 ], [ -68.895238313840053, -32.997901944444592, 0.0 ], [ -68.89538645051563, -32.997897540439645, 0.0 ], [ -68.895258031666884, -32.997525736373142, 0.0 ] ] ] ] } },
{ "type": "Feature", "properties": { "LAYER": "PARCELARIO_BASE_CATASTRO", "MAP_NAME": "1010_2025.dwg", "ccpp1": "1010 469", "LAYER_2": "PADRONES_2_VISTALBA" }, "geometry": { "type": "MultiPolygon", "coordinates": [ [ [ [ -68.895554760458282, -32.994814948924265, 0.0 ], [ -68.895581187330706, -32.995245393815821, 0.0 ], [ -68.895805437340059, -32.995233352617149, 0.0 ], [ -68.895779019481225, -32.994805239515628, 0.0 ], [ -68.895554760458282, -32.994814948924265, 0.0 ] ] ] ] } },
{ "type": "Feature", "properties": { "LAYER": "PARCELARIO_BASE_CATASTRO", "MAP_NAME": "1010_2025.dwg", "ccpp1": "1010 412", "LAYER_2": "PADRONES_2_VISTALBA" }, "geometry": { "type": "MultiPolygon", "coordinates": [ [ [ [ -68.895330508884726, -32.994824651624512, 0.0 ], [ -68.89535715415343, -32.995257703493117, 0.0 ], [ -68.895581187330706, -32.995245393815821, 0.0 ], [ -68.895554760458282, -32.994814948924265, 0.0 ], [ -68.895330508884726, -32.994824651624512, 0.0 ] ] ] ] } },
{ "type": "Feature", "properties": { "LAYER": "PARCELARIO_BASE_CATASTRO", "MAP_NAME": "1010_2025.dwg", "ccpp1": "1010 470", "LAYER_2": "PADRONES_2_VISTALBA" }, "geometry": { "type": "MultiPolygon", "coordinates": [ [ [ [ -68.895095684169263, -32.994834786860451, 0.0 ], [ -68.895122440665247, -32.995270533983387, 0.0 ], [ -68.89535715415343, -32.995257703493117, 0.0 ], [ -68.895330508884726, -32.994824651624512, 0.0 ], [ -68.895095684169263, -32.994834786860451, 0.0 ] ] ] ] } },
{ "type": "Feature", "properties": { "LAYER": "PARCELARIO_BASE_CATASTRO", "MAP_NAME": "1010_2025.dwg", "ccpp1": "1010 330", "LAYER_2": "PADRONES_2_VISTALBA" }, "geometry": { "type": "MultiPolygon", "coordinates": [ [ [ [ -68.89488225502545, -32.994843951431811, 0.0 ], [ -68.894909017122089, -32.995282215184041, 0.0 ], [ -68.895122440665247, -32.995270533983387, 0.0 ], [ -68.895095684169263, -32.994834786860451, 0.0 ], [ -68.89488225502545, -32.994843951431811, 0.0 ] ] ] ] } },
{ "type": "Feature", "properties": { "LAYER": "PARCELARIO_BASE_CATASTRO", "MAP_NAME": "1010_2025.dwg", "ccpp1": "1010 453", "LAYER_2": "PADRONES_2_VISTALBA" }, "geometry": { "type": "MultiPolygon", "coordinates": [ [ [ [ -68.89463433939089, -32.994818529763187, 0.0 ], [ -68.894663522677931, -32.995295560512439, 0.0 ], [ -68.894909017122089, -32.995282215184041, 0.0 ], [ -68.89488225502545, -32.994843951431811, 0.0 ], [ -68.894879844203331, -32.994807963467302, 0.0 ], [ -68.89463433939089, -32.994818529763187, 0.0 ] ] ] ] } },
{ "type": "Feature", "properties": { "LAYER": "PARCELARIO_BASE_CATASTRO", "MAP_NAME": "1010_2025.dwg", "ccpp1": "1010 454", "LAYER_2": "PADRONES_2_VISTALBA" }, "geometry": { "type": "MultiPolygon", "coordinates": [ [ [ [ -68.894366992806525, -32.994829984186069, 0.0 ], [ -68.894396403426285, -32.995310786001049, 0.0 ], [ -68.894663522677931, -32.995295560512439, 0.0 ], [ -68.89463433939089, -32.994818529763187, 0.0 ], [ -68.894366992806525, -32.994829984186069, 0.0 ] ] ] ] } },
{ "type": "Feature", "properties": { "LAYER": "PARCELARIO_BASE_CATASTRO", "MAP_NAME": "1010_2025.dwg", "ccpp1": "1010 455", "LAYER_2": "PADRONES_2_VISTALBA" }, "geometry": { "type": "MultiPolygon", "coordinates": [ [ [ [ -68.894144438156999, -32.994839617664006, 0.0 ], [ -68.894174285835859, -32.995323473879914, 0.0 ], [ -68.894396403426285, -32.995310786001049, 0.0 ], [ -68.894366992806525, -32.994829984186069, 0.0 ], [ -68.894144438156999, -32.994839617664006, 0.0 ] ] ] ] } },
{ "type": "Feature", "properties": { "LAYER": "PARCELARIO_BASE_CATASTRO", "MAP_NAME": "1010_2025.dwg", "ccpp1": "1010 456", "LAYER_2": "PADRONES_2_VISTALBA" }, "geometry": { "type": "MultiPolygon", "coordinates": [ [ [ [ -68.893900691226548, -32.994850134415167, 0.0 ], [ -68.893930762576048, -32.995337318967024, 0.0 ], [ -68.894174285835859, -32.995323473879914, 0.0 ], [ -68.894144438156999, -32.994839617664006, 0.0 ], [ -68.893900691226548, -32.994850134415167, 0.0 ] ] ] ] } },
{ "type": "Feature", "properties": { "LAYER": "PARCELARIO_BASE_CATASTRO", "MAP_NAME": "1010_2025.dwg", "ccpp1": "1010 464", "LAYER_2": "PADRONES_2_VISTALBA" }, "geometry": { "type": "MultiPolygon", "coordinates": [ [ [ [ -68.893405036983395, -32.994871547244102, 0.0 ], [ -68.893435434339438, -32.995365658871783, 0.0 ], [ -68.893690966239348, -32.99535099904049, 0.0 ], [ -68.893660892704844, -32.994860486341402, 0.0 ], [ -68.893405036983395, -32.994871547244102, 0.0 ] ] ] ] } },
{ "type": "Feature", "properties": { "LAYER": "PARCELARIO_BASE_CATASTRO", "MAP_NAME": "1010_2025.dwg", "ccpp1": "1010 465", "LAYER_2": "PADRONES_2_VISTALBA" }, "geometry": { "type": "MultiPolygon", "coordinates": [ [ [ [ -68.893151595546726, -32.994909761891414, 0.0 ], [ -68.893180746788005, -32.99538014938706, 0.0 ], [ -68.893435434339438, -32.995365658871783, 0.0 ], [ -68.893405036983395, -32.994871547244102, 0.0 ], [ -68.893363426114433, -32.994873301540679, 0.0 ], [ -68.893365103420436, -32.994900357795103, 0.0 ], [ -68.893151595546726, -32.994909761891414, 0.0 ] ] ] ] } },
{ "type": "Feature", "properties": { "LAYER": "PARCELARIO_BASE_CATASTRO", "MAP_NAME": "1010_2025.dwg", "ccpp1": "1010 466", "LAYER_2": "PADRONES_2_VISTALBA" }, "geometry": { "type": "MultiPolygon", "coordinates": [ [ [ [ -68.893146455116948, -32.994828236864173, 0.0 ], [ -68.892910370477466, -32.994838613970899, 0.0 ], [ -68.892900529348353, -32.994838962593739, 0.0 ], [ -68.892880971462134, -32.994912072730934, 0.0 ], [ -68.892837018197383, -32.995075959908931, 0.0 ], [ -68.892802954617864, -32.995201894954228, 0.0 ], [ -68.892817475668153, -32.995400926480883, 0.0 ], [ -68.893180746788005, -32.99538014938706, 0.0 ], [ -68.893151595546726, -32.994909761891414, 0.0 ], [ -68.893146455116948, -32.994828236864173, 0.0 ] ] ] ] } },
{ "type": "Feature", "properties": { "LAYER": "PARCELARIO_BASE_CATASTRO", "MAP_NAME": "1010_2025.dwg", "ccpp1": "1010 460", "LAYER_2": "PADRONES_2_VISTALBA" }, "geometry": { "type": "MultiPolygon", "coordinates": [ [ [ [ -68.893058281117931, -32.994342365671869, 0.0 ], [ -68.893008870104111, -32.994508323010386, 0.0 ], [ -68.892910370477466, -32.994838613970899, 0.0 ], [ -68.893146455116948, -32.994828236864173, 0.0 ], [ -68.893141421567734, -32.994747705575328, 0.0 ], [ -68.893243364913602, -32.994743221280544, 0.0 ], [ -68.893213711988793, -32.994335685633004, 0.0 ], [ -68.893058281117931, -32.994342365671869, 0.0 ] ] ] ] } },
{ "type": "Feature", "properties": { "LAYER": "PARCELARIO_BASE_CATASTRO", "MAP_NAME": "1010_2025.dwg", "ccpp1": "1010 459", "LAYER_2": "PADRONES_2_VISTALBA" }, "geometry": { "type": "MultiPolygon", "coordinates": [ [ [ [ -68.89336860131327, -32.994329097810862, 0.0 ], [ -68.893213711988793, -32.994335685633004, 0.0 ], [ -68.893243364913602, -32.994743221280544, 0.0 ], [ -68.893355038195395, -32.994738297981911, 0.0 ], [ -68.893356716565293, -32.994765355139592, 0.0 ], [ -68.893478443913992, -32.994760084155352, 0.0 ], [ -68.893446581657074, -32.994325668582455, 0.0 ], [ -68.89336860131327, -32.994329097810862, 0.0 ] ] ] ] } },
{ "type": "Feature", "properties": { "LAYER": "PARCELARIO_BASE_CATASTRO", "MAP_NAME": "1010_2025.dwg", "ccpp1": "1010 458", "LAYER_2": "PADRONES_2_VISTALBA" }, "geometry": { "type": "MultiPolygon", "coordinates": [ [ [ [ -68.893655056490147, -32.994316710530953, 0.0 ], [ -68.893446581657074, -32.994325668582455, 0.0 ], [ -68.893478443913992, -32.994760084155352, 0.0 ], [ -68.893711300960817, -32.994749897988626, 0.0 ], [ -68.893679764772685, -32.994315656774496, 0.0 ], [ -68.893655056490147, -32.994316710530953, 0.0 ] ] ] ] } },
{ "type": "Feature", "properties": { "LAYER": "PARCELARIO_BASE_CATASTRO", "MAP_NAME": "1010_2025.dwg", "ccpp1": "1010 457", "LAYER_2": "PADRONES_2_VISTALBA" }, "geometry": { "type": "MultiPolygon", "coordinates": [ [ [ [ -68.893679764772685, -32.994315656774496, 0.0 ], [ -68.893711300960817, -32.994749897988626, 0.0 ], [ -68.893943720213485, -32.994739808396822, 0.0 ], [ -68.893912084349367, -32.994305652813971, 0.0 ], [ -68.893679764772685, -32.994315656774496, 0.0 ] ] ] ] } },
{ "type": "Feature", "properties": { "LAYER": "PARCELARIO_BASE_CATASTRO", "MAP_NAME": "1010_2025.dwg", "ccpp1": "1010 461", "LAYER_2": "PADRONES_2_VISTALBA" }, "geometry": { "type": "MultiPolygon", "coordinates": [ [ [ [ -68.893947166652623, -32.994304159685271, 0.0 ], [ -68.893912084349367, -32.994305652813971, 0.0 ], [ -68.893943720213485, -32.994739808396822, 0.0 ], [ -68.894184363978269, -32.994729196960087, 0.0 ], [ -68.894152737219315, -32.99429539309795, 0.0 ], [ -68.893947166652623, -32.994304159685271, 0.0 ] ] ] ] } },
{ "type": "Feature", "properties": { "LAYER": "PARCELARIO_BASE_CATASTRO", "MAP_NAME": "1010_2025.dwg", "ccpp1": "1010 462", "LAYER_2": "PADRONES_2_VISTALBA" }, "geometry": { "type": "MultiPolygon", "coordinates": [ [ [ [ -68.894240972749472, -32.994291532950037, 0.0 ], [ -68.894152737219315, -32.99429539309795, 0.0 ], [ -68.894184363978269, -32.994729196960087, 0.0 ], [ -68.894412372503538, -32.994719210958735, 0.0 ], [ -68.894397249818184, -32.994510330063001, 0.0 ], [ -68.894380863305898, -32.994285486599395, 0.0 ], [ -68.894240972749472, -32.994291532950037, 0.0 ] ] ] ] } },
{ "type": "Feature", "properties": { "LAYER": "PARCELARIO_BASE_CATASTRO", "MAP_NAME": "1010_2025.dwg", "ccpp1": "1010 438", "LAYER_2": "PADRONES_2_VISTALBA" }, "geometry": { "type": "MultiPolygon", "coordinates": [ [ [ [ -68.893631510306605, -32.993992138068037, 0.0 ], [ -68.893344622937562, -32.9940044383656, 0.0 ], [ -68.89336860131327, -32.994329097810862, 0.0 ], [ -68.893446581657074, -32.994325668582455, 0.0 ], [ -68.893655056490147, -32.994316710530953, 0.0 ], [ -68.893631510306605, -32.993992138068037, 0.0 ] ] ] ] } },
{ "type": "Feature", "properties": { "LAYER": "PARCELARIO_BASE_CATASTRO", "MAP_NAME": "1010_2025.dwg", "ccpp1": "1010 829", "LAYER_2": "PADRONES_2_VISTALBA" }, "geometry": { "type": "MultiPolygon", "coordinates": [ [ [ [ -68.893183626267614, -32.993921701687832, 0.0 ], [ -68.893114352790946, -32.994154052416405, 0.0 ], [ -68.893058281117931, -32.994342365671869, 0.0 ], [ -68.893213711988793, -32.994335685633004, 0.0 ], [ -68.89336860131327, -32.994329097810862, 0.0 ], [ -68.893344622937562, -32.9940044383656, 0.0 ], [ -68.893338023786441, -32.993915083726236, 0.0 ], [ -68.893183626267614, -32.993921701687832, 0.0 ] ] ] ] } },
{ "type": "Feature", "properties": { "LAYER": "PARCELARIO_BASE_CATASTRO", "MAP_NAME": "1010_2025.dwg", "ccpp1": "1010 340", "LAYER_2": "PADRONES_2_VISTALBA" }, "geometry": { "type": "MultiPolygon", "coordinates": [ [ [ [ -68.894242405911001, -32.99318686136143, 0.0 ], [ -68.893614641764074, -32.993213859866053, 0.0 ], [ -68.893636741400982, -32.993576519793073, 0.0 ], [ -68.893886505854127, -32.993565802181209, 0.0 ], [ -68.8942643956062, -32.993549651832005, 0.0 ], [ -68.894242405911001, -32.99318686136143, 0.0 ] ] ] ] } },
{ "type": "Feature", "properties": { "LAYER": "PARCELARIO_BASE_CATASTRO", "MAP_NAME": "1010_2025.dwg", "ccpp1": "1010 346", "LAYER_2": "PADRONES_2_VISTALBA" }, "geometry": { "type": "MultiPolygon", "coordinates": [ [ [ [ -68.894802140131361, -32.993526691309633, 0.0 ], [ -68.894533595856331, -32.993538166727369, 0.0 ], [ -68.89448097603092, -32.993540447694116, 0.0 ], [ -68.894504613463482, -32.993864586394196, 0.0 ], [ -68.894821807820151, -32.99385101686088, 0.0 ], [ -68.894802140131361, -32.993526691309633, 0.0 ] ] ] ] } },
{ "type": "Feature", "properties": { "LAYER": "PARCELARIO_BASE_CATASTRO", "MAP_NAME": "1010_2025.dwg", "ccpp1": "1010 347", "LAYER_2": "PADRONES_2_VISTALBA" }, "geometry": { "type": "MultiPolygon", "coordinates": [ [ [ [ -68.89423925743354, -32.993550726229387, 0.0 ], [ -68.893959851888681, -32.993562667589508, 0.0 ], [ -68.893977133472319, -32.993887069158951, 0.0 ], [ -68.894262886340641, -32.993874889800594, 0.0 ], [ -68.89423925743354, -32.993550726229387, 0.0 ] ] ] ] } },
{ "type": "Feature", "properties": { "LAYER": "PARCELARIO_BASE_CATASTRO", "MAP_NAME": "1010_2025.dwg", "ccpp1": "1010 232", "LAYER_2": "PADRONES_2_VISTALBA" }, "geometry": { "type": "MultiPolygon", "coordinates": [ [ [ [ -68.895927952236292, -32.993114510559522, 0.0 ], [ -68.895575528991628, -32.993129642204693, 0.0 ], [ -68.89559769927277, -32.99349362281523, 0.0 ], [ -68.895609035207244, -32.99349309579555, 0.0 ], [ -68.895822514773982, -32.993482808331429, 0.0 ], [ -68.895949686255278, -32.993476740590737, 0.0 ], [ -68.895927952236292, -32.993114510559522, 0.0 ] ] ] ] } },
{ "type": "Feature", "properties": { "LAYER": "PARCELARIO_BASE_CATASTRO", "MAP_NAME": "1010_2025.dwg", "ccpp1": "1010 859", "LAYER_2": "PADRONES_2_VISTALBA" }, "geometry": { "type": "MultiPolygon", "coordinates": [ [ [ [ -68.895301617389876, -32.993507698933449, 0.0 ], [ -68.895316575505987, -32.993767008625802, 0.0 ], [ -68.895325260959524, -32.993766635399865, 0.0 ], [ -68.895558403951355, -32.993756562339435, 0.0 ], [ -68.89561648312197, -32.993754097934236, 0.0 ], [ -68.89559769927277, -32.99349362281523, 0.0 ], [ -68.895538661168843, -32.993496431752135, 0.0 ], [ -68.89530765345387, -32.993507415458105, 0.0 ], [ -68.895301617389876, -32.993507698933449, 0.0 ] ] ] ] } },
{ "type": "Feature", "properties": { "LAYER": "PARCELARIO_BASE_CATASTRO", "MAP_NAME": "1010_2025.dwg", "ccpp1": "1010 966", "LAYER_2": "PADRONES_2_VISTALBA" }, "geometry": { "type": "MultiPolygon", "coordinates": [ [ [ [ -68.89559769927277, -32.99349362281523, 0.0 ], [ -68.89561648312197, -32.993754097934236, 0.0 ], [ -68.89562856163775, -32.993753585058826, 0.0 ], [ -68.895842252514569, -32.993744294092181, 0.0 ], [ -68.895822514773982, -32.993482808331429, 0.0 ], [ -68.895609035207244, -32.99349309579555, 0.0 ], [ -68.89559769927277, -32.99349362281523, 0.0 ] ] ] ] } },
{ "type": "Feature", "properties": { "LAYER": "PARCELARIO_BASE_CATASTRO", "MAP_NAME": "1010_2025.dwg", "ccpp1": "1010 858", "LAYER_2": "PADRONES_2_VISTALBA" }, "geometry": { "type": "MultiPolygon", "coordinates": [ [ [ [ -68.895013342533588, -32.993521284991765, 0.0 ], [ -68.895030101014555, -32.993779325767434, 0.0 ], [ -68.89527600736092, -32.99376875451658, 0.0 ], [ -68.895316575505987, -32.993767008625802, 0.0 ], [ -68.895301617389876, -32.993507698933449, 0.0 ], [ -68.895261059871217, -32.993509607130399, 0.0 ], [ -68.895174933868432, -32.993513649205553, 0.0 ], [ -68.895013342533588, -32.993521284991765, 0.0 ] ] ] ] } },
{ "type": "Feature", "properties": { "LAYER": "PARCELARIO_BASE_CATASTRO", "MAP_NAME": "1010_2025.dwg", "ccpp1": "1010 890", "LAYER_2": "PADRONES_2_VISTALBA" }, "geometry": { "type": "MultiPolygon", "coordinates": [ [ [ [ -68.895575634792834, -32.993823865321986, 0.0 ], [ -68.895034499544479, -32.993847241093825, 0.0 ], [ -68.895051570052388, -32.994109344171584, 0.0 ], [ -68.895595367819013, -32.994086072444581, 0.0 ], [ -68.895575634792834, -32.993823865321986, 0.0 ] ] ] ] } },
{ "type": "Feature", "properties": { "LAYER": "PARCELARIO_BASE_CATASTRO", "MAP_NAME": "1010_2025.dwg", "ccpp1": "1010 169", "LAYER_2": "PADRONES_2_VISTALBA" }, "geometry": { "type": "MultiPolygon", "coordinates": [ [ [ [ -68.894780173009835, -32.993163766598975, 0.0 ], [ -68.894511616929563, -32.993175294258712, 0.0 ], [ -68.894533595856331, -32.993538166727369, 0.0 ], [ -68.894802140131361, -32.993526691309633, 0.0 ], [ -68.894780173009835, -32.993163766598975, 0.0 ] ] ] ] } },
{ "type": "Feature", "properties": { "LAYER": "PARCELARIO_BASE_CATASTRO", "MAP_NAME": "1010_2025.dwg", "ccpp1": "1010 414", "LAYER_2": "PADRONES_2_VISTALBA" }, "geometry": { "type": "MultiPolygon", "coordinates": [ [ [ [ -68.894534649171106, -32.994279010909999, 0.0 ], [ -68.894380863305898, -32.994285486599395, 0.0 ], [ -68.894397249818184, -32.994510330063001, 0.0 ], [ -68.89486060924952, -32.99449011869288, 0.0 ], [ -68.894846909055275, -32.994265537233453, 0.0 ], [ -68.894534649171106, -32.994279010909999, 0.0 ] ] ] ] } },
{ "type": "Feature", "properties": { "LAYER": "PARCELARIO_BASE_CATASTRO", "MAP_NAME": "1010_2025.dwg", "ccpp1": "1010 413", "LAYER_2": "PADRONES_2_VISTALBA" }, "geometry": { "type": "MultiPolygon", "coordinates": [ [ [ [ -68.89486060924952, -32.99449011869288, 0.0 ], [ -68.894397249818184, -32.994510330063001, 0.0 ], [ -68.894412372503538, -32.994719210958735, 0.0 ], [ -68.894873260160495, -32.99469909844106, 0.0 ], [ -68.89486060924952, -32.99449011869288, 0.0 ] ] ] ] } },
{ "type": "Feature", "properties": { "LAYER": "PARCELARIO_BASE_CATASTRO", "MAP_NAME": "1010_2025.dwg", "ccpp1": "1010 38", "LAYER_2": "PADRONES_2_VISTALBA" }, "geometry": { "type": "MultiPolygon", "coordinates": [ [ [ [ -68.895575528991628, -32.993129642204693, 0.0 ], [ -68.895283127612473, -32.993142192114583, 0.0 ], [ -68.89530765345387, -32.993507415458105, 0.0 ], [ -68.895538661166711, -32.993496433555499, 0.0 ], [ -68.89559769927277, -32.99349362281523, 0.0 ], [ -68.895575528991628, -32.993129642204693, 0.0 ] ] ] ] } },
{ "type": "Feature", "properties": { "LAYER": "PARCELARIO_BASE_CATASTRO", "MAP_NAME": "1010_2025.dwg", "ccpp1": "1010 892", "LAYER_2": "PADRONES_2_VISTALBA" }, "geometry": { "type": "MultiPolygon", "coordinates": [ [ [ [ -68.895575634792834, -32.993823865321986, 0.0 ], [ -68.895595367819013, -32.994086072444581, 0.0 ], [ -68.896047123017624, -32.994066719786339, 0.0 ], [ -68.89603075853276, -32.993848789696699, 0.0 ], [ -68.896029079005856, -32.993826599823166, 0.0 ], [ -68.896027294620893, -32.993804410763858, 0.0 ], [ -68.895575634792834, -32.993823865321986, 0.0 ] ] ] ] } },
{ "type": "Feature", "properties": { "LAYER": "PARCELARIO_BASE_CATASTRO", "MAP_NAME": "1010_2025.dwg", "ccpp1": "1010 331", "LAYER_2": "PADRONES_2_VISTALBA" }, "geometry": { "type": "MultiPolygon", "coordinates": [ [ [ [ -68.896047123017624, -32.994066719786339, 0.0 ], [ -68.895595367819013, -32.994086072444581, 0.0 ], [ -68.895051570052388, -32.994109344171584, 0.0 ], [ -68.895062969624064, -32.994293791831488, 0.0 ], [ -68.895554253246843, -32.994272714100838, 0.0 ], [ -68.895799803341305, -32.994262300217898, 0.0 ], [ -68.896060969758864, -32.994251005291005, 0.0 ], [ -68.896047123017624, -32.994066719786339, 0.0 ] ] ] ] } },
{ "type": "Feature", "properties": { "LAYER": "PARCELARIO_BASE_CATASTRO", "MAP_NAME": "1010_2025.dwg", "ccpp1": "1010 471", "LAYER_2": "PADRONES_2_VISTALBA" }, "geometry": { "type": "MultiPolygon", "coordinates": [ [ [ [ -68.895554253246843, -32.994272714100838, 0.0 ], [ -68.895062969624064, -32.994293791831488, 0.0 ], [ -68.895076034874876, -32.994510170175857, 0.0 ], [ -68.895567311019192, -32.994489189770789, 0.0 ], [ -68.895554253246843, -32.994272714100838, 0.0 ] ] ] ] } },
{ "type": "Feature", "properties": { "LAYER": "PARCELARIO_BASE_CATASTRO", "MAP_NAME": "1010_2025.dwg", "ccpp1": "1010 1078", "LAYER_2": "PADRONES_2_VISTALBA" }, "geometry": { "type": "MultiPolygon", "coordinates": [ [ [ [ -68.890897348759538, -33.012064883178788, 0.0 ], [ -68.890721297061717, -33.012035985589534, 0.0 ], [ -68.890546850441041, -33.01200735966183, 0.0 ], [ -68.890489973817395, -33.012246237310421, 0.0 ], [ -68.890513812439579, -33.012276639245627, 0.0 ], [ -68.890657862719948, -33.012301726573128, 0.0 ], [ -68.890833377825487, -33.012332245894477, 0.0 ], [ -68.890897348759538, -33.012064883178788, 0.0 ] ] ] ] } },
{ "type": "Feature", "properties": { "LAYER": "PARCELARIO_BASE_CATASTRO", "MAP_NAME": "1010_2025.dwg", "ccpp1": "1010 794", "LAYER_2": "PADRONES_2_VISTALBA" }, "geometry": { "type": "MultiPolygon", "coordinates": [ [ [ [ -68.891763128841632, -33.011425529075041, 0.0 ], [ -68.891583409236333, -33.011419599682462, 0.0 ], [ -68.891572963151205, -33.011689797264673, 0.0 ], [ -68.891750757645099, -33.011695160554858, 0.0 ], [ -68.891763128841632, -33.011425529075041, 0.0 ] ] ] ] } },
{ "type": "Feature", "properties": { "LAYER": "PARCELARIO_BASE_CATASTRO", "MAP_NAME": "1010_2025.dwg", "ccpp1": "1010 765", "LAYER_2": "PADRONES_2_VISTALBA" }, "geometry": { "type": "MultiPolygon", "coordinates": [ [ [ [ -68.891572963151205, -33.011689797264673, 0.0 ], [ -68.891394168046617, -33.011684434654022, 0.0 ], [ -68.891389793778444, -33.011810471439389, 0.0 ], [ -68.891392248327577, -33.011809990277527, 0.0 ], [ -68.891394825981124, -33.011809483074153, 0.0 ], [ -68.891397405650181, -33.011809077761711, 0.0 ], [ -68.891399964981062, -33.011808676038221, 0.0 ], [ -68.891402534960832, -33.011808317604348, 0.0 ], [ -68.891405103871492, -33.011807958267774, 0.0 ], [ -68.89140767480427, -33.011807695412131, 0.0 ], [ -68.891410349559195, -33.011807421826653, 0.0 ], [ -68.891412924726311, -33.011807196844913, 0.0 ], [ -68.891415488117985, -33.011806974557906, 0.0 ], [ -68.891418168054784, -33.011806838932969, 0.0 ], [ -68.891420733474092, -33.01180670861843, 0.0 ], [ -68.891423411158883, -33.011806664060579, 0.0 ], [ -68.8914259786103, -33.011806622111799, 0.0 ], [ -68.891428547023636, -33.011806668527939, 0.0 ], [ -68.891431223525544, -33.011806715939692, 0.0 ], [ -68.891433792954942, -33.011806806538644, 0.0 ], [ -68.891436468329218, -33.011806900836405, 0.0 ], [ -68.891439037647046, -33.011807082504291, 0.0 ], [ -68.891441606963781, -33.01180726507382, 0.0 ], [ -68.891444281042524, -33.011807543311917, 0.0 ], [ -68.891446851326748, -33.011807809737888, 0.0 ], [ -68.891449411917378, -33.011808126649193, 0.0 ], [ -68.891451988558742, -33.011808445377731, 0.0 ], [ -68.891454546900761, -33.011808850651065, 0.0 ], [ -68.89145712557098, -33.01180926045042, 0.0 ], [ -68.891459682732389, -33.011809755890077, 0.0 ], [ -68.891462262362424, -33.011810255857604, 0.0 ], [ -68.891464828013682, -33.011810809913428, 0.0 ], [ -68.891467293094252, -33.011811341339872, 0.0 ], [ -68.89146985649252, -33.01181198736441, 0.0 ], [ -68.891472322534014, -33.011812608057376, 0.0 ], [ -68.891474783099795, -33.01181333063478, 0.0 ], [ -68.891477244734673, -33.011814054114716, 0.0 ], [ -68.891479689199016, -33.011814816351695, 0.0 ], [ -68.891482166825071, -33.011815590339232, 0.0 ], [ -68.891484601528546, -33.011816458063564, 0.0 ], [ -68.891486982745491, -33.011817306806165, 0.0 ], [ -68.89148941305784, -33.011818264694043, 0.0 ], [ -68.891491797373959, -33.011819204508406, 0.0 ], [ -68.891494120668028, -33.011820161401495, 0.0 ], [ -68.89149639796473, -33.011821101122749, 0.0 ], [ -68.891498739274454, -33.011822203201021, 0.0 ], [ -68.891500999294678, -33.011823268239937, 0.0 ], [ -68.891503221794096, -33.011824385543321, 0.0 ], [ -68.891505492424741, -33.011825525430353, 0.0 ], [ -68.891507724461079, -33.011826720285981, 0.0 ], [ -68.891509878425126, -33.011827872694994, 0.0 ], [ -68.89151210821079, -33.011829157716029, 0.0 ], [ -68.891514265274026, -33.011830401196811, 0.0 ], [ -68.891516341999861, -33.011831704118237, 0.0 ], [ -68.891518436904704, -33.011833018777217, 0.0 ], [ -68.891520443973022, -33.011834399182042, 0.0 ], [ -68.891522501295299, -33.011835816599188, 0.0 ], [ -68.891524511468376, -33.011837283567445, 0.0 ], [ -68.891526459626476, -33.011838704496363, 0.0 ], [ -68.891528357426964, -33.011840173170214, 0.0 ], [ -68.891530309757812, -33.011841682466816, 0.0 ], [ -68.891532153995684, -33.011843194374464, 0.0 ], [ -68.891534053828579, -33.011844751414152, 0.0 ], [ -68.891535842251969, -33.01184639762274, 0.0 ], [ -68.89153758257072, -33.011847999607497, 0.0 ], [ -68.891539292897576, -33.011849623206309, 0.0 ], [ -68.891541004293586, -33.011851247707739, 0.0 ], [ -68.891542683446929, -33.011852983988781, 0.0 ], [ -68.891544318776425, -33.011854676049666, 0.0 ], [ -68.891545948638026, -33.011856463683287, 0.0 ], [ -68.891547527199819, -33.011858194466825, 0.0 ], [ -68.891549023266137, -33.011859999115956, 0.0 ], [ -68.891550520402717, -33.011861803765996, 0.0 ], [ -68.891551955427175, -33.011863641724034, 0.0 ], [ -68.891553406477044, -33.011865502237846, 0.0 ], [ -68.891554796483888, -33.011867396962245, 0.0 ], [ -68.891556186491911, -33.011869290784944, 0.0 ], [ -68.89155742771851, -33.01187120431522, 0.0 ], [ -68.891558644378151, -33.011873079052137, 0.0 ], [ -68.891559884424311, -33.011875082748801, 0.0 ], [ -68.891561102042772, -33.011877048555647, 0.0 ], [ -68.891562234002606, -33.011879049453384, 0.0 ], [ -68.891563345669596, -33.011881016971515, 0.0 ], [ -68.89156435026851, -33.011883024070301, 0.0 ], [ -68.891565375147124, -33.01188507536876, 0.0 ], [ -68.891566318764831, -33.011887066184421, 0.0 ], [ -68.891567297604155, -33.011889134574673, 0.0 ], [ -68.89156815229417, -33.01189120826713, 0.0 ], [ -68.891569006983147, -33.011893282861266, 0.0 ], [ -68.891569827304522, -33.011895456609722, 0.0 ], [ -68.891570608162183, -33.011897521221314, 0.0 ], [ -68.891571310790766, -33.011899671423969, 0.0 ], [ -68.891571995301078, -33.011901760297036, 0.0 ], [ -68.89157257913358, -33.011903914003227, 0.0 ], [ -68.891573168291686, -33.011906088452527, 0.0 ], [ -68.891573649362229, -33.011908261004621, 0.0 ], [ -68.89157412724208, -33.011910417323755, 0.0 ], [ -68.891574555866441, -33.011912595240332, 0.0 ], [ -68.891574979174067, -33.011914745200343, 0.0 ], [ -68.891575352157105, -33.011916915855167, 0.0 ], [ -68.891575724086508, -33.011919072983972, 0.0 ], [ -68.891575939648149, -33.011921327357804, 0.0 ], [ -68.891576146758553, -33.011923491556821, 0.0 ], [ -68.891576308807089, -33.011925748589164, 0.0 ], [ -68.891576463482295, -33.011927909135942, 0.0 ], [ -68.891576514342987, -33.011930074100896, 0.0 ], [ -68.89157656616571, -33.011932327430813, 0.0 ], [ -68.891576511079165, -33.011934490500401, 0.0 ], [ -68.891576454809879, -33.011936745539778, 0.0 ], [ -68.891576347283703, -33.011938908563792, 0.0 ], [ -68.891576236435469, -33.011941162654097, 0.0 ], [ -68.891576019748157, -33.011943326484975, 0.0 ], [ -68.891575803060803, -33.01194549031586, 0.0 ], [ -68.89157547389469, -33.011947742413142, 0.0 ], [ -68.891575156607743, -33.011949907058323, 0.0 ], [ -68.89157513897473, -33.011952072865441, 0.0 ], [ -68.891575121341674, -33.011954238672587, 0.0 ], [ -68.891575077072645, -33.011959805573269, 0.0 ], [ -68.891745940061767, -33.011799921053637, 0.0 ], [ -68.891750757645099, -33.011695160554858, 0.0 ], [ -68.891572963151205, -33.011689797264673, 0.0 ] ] ] ] } },
{ "type": "Feature", "properties": { "LAYER": "PARCELARIO_BASE_CATASTRO", "MAP_NAME": "1010_2025.dwg", "ccpp1": "1010 142", "LAYER_2": "PADRONES_2_VISTALBA" }, "geometry": { "type": "MultiPolygon", "coordinates": [ [ [ [ -68.894935101450315, -33.020298944250541, 0.0 ], [ -68.895149303920945, -33.016595800703769, 0.0 ], [ -68.89518352889155, -33.01611061791472, 0.0 ], [ -68.895201261196974, -33.01579359157094, 0.0 ], [ -68.89499979764102, -33.015750922743536, 0.0 ], [ -68.894993802376305, -33.015750720233214, 0.0 ], [ -68.894891383088051, -33.015747268076083, 0.0 ], [ -68.894697039995151, -33.01574071590283, 0.0 ], [ -68.893563060220714, -33.015702480631028, 0.0 ], [ -68.891871471085352, -33.015611703197337, 0.0 ], [ -68.891836683627972, -33.015609331407902, 0.0 ], [ -68.891734602832898, -33.015602371245066, 0.0 ], [ -68.89169276307716, -33.015599519017485, 0.0 ], [ -68.89163925545293, -33.015595870386818, 0.0 ], [ -68.891551288927559, -33.015589872691478, 0.0 ], [ -68.891382522402509, -33.015583863254228, 0.0 ], [ -68.891063296594155, -33.015567799436475, 0.0 ], [ -68.891005336981792, -33.015564882414431, 0.0 ], [ -68.890936424131652, -33.015561414790469, 0.0 ], [ -68.890842336493819, -33.015556679902168, 0.0 ], [ -68.890779938881067, -33.015553539787277, 0.0 ], [ -68.890774885515626, -33.015553285601428, 0.0 ], [ -68.890629889688782, -33.01554598851871, 0.0 ], [ -68.890552840332802, -33.015542110504668, 0.0 ], [ -68.890534105857824, -33.015541168056053, 0.0 ], [ -68.890507432829935, -33.015539825510949, 0.0 ], [ -68.890086370661109, -33.015518633066492, 0.0 ], [ -68.889988776156102, -33.015513721325135, 0.0 ], [ -68.889982117534586, -33.01551338634502, 0.0 ], [ -68.889926474921069, -33.015510585376951, 0.0 ], [ -68.889872966236297, -33.015507892664452, 0.0 ], [ -68.889834871265478, -33.015505975449244, 0.0 ], [ -68.889781362587527, -33.015503281795802, 0.0 ], [ -68.889724752550066, -33.015500432094797, 0.0 ], [ -68.889473792630895, -33.015495518705428, 0.0 ], [ -68.889218350250502, -33.015480593152411, 0.0 ], [ -68.889047452738993, -33.015472427272321, 0.0 ], [ -68.888876441820003, -33.015464256548974, 0.0 ], [ -68.888704784547556, -33.015456054358062, 0.0 ], [ -68.888652416569784, -33.015453552392756, 0.0 ], [ -68.888602383718691, -33.015451161592189, 0.0 ], [ -68.888574766767263, -33.015449842136839, 0.0 ], [ -68.888533240746099, -33.015447857442489, 0.0 ], [ -68.88836222992407, -33.015439686014744, 0.0 ], [ -68.888331415297003, -33.015438213065842, 0.0 ], [ -68.888286464724985, -33.015436065629181, 0.0 ], [ -68.888232955965393, -33.015433508366428, 0.0 ], [ -68.888194110747875, -33.015431652194145, 0.0 ], [ -68.888084716383432, -33.015426424529394, 0.0 ], [ -68.888021067727976, -33.015423382901176, 0.0 ], [ -68.887993757934424, -33.015422078019647, 0.0 ], [ -68.887899743075465, -33.015417585332401, 0.0 ], [ -68.887852089263973, -33.015415308175356, 0.0 ], [ -68.887679686274026, -33.015407068739485, 0.0 ], [ -68.887508142666491, -33.015398870415339, 0.0 ], [ -68.887338738369735, -33.015390773872312, 0.0 ], [ -68.88716783372081, -33.015382605412519, 0.0 ], [ -68.887103947550727, -33.015379552281864, 0.0 ], [ -68.887050438860953, -33.015376994512273, 0.0 ], [ -68.886996930173169, -33.015374437621396, 0.0 ], [ -68.886829233620517, -33.015370046010155, 0.0 ], [ -68.886732315813362, -33.01536432984647, 0.0 ], [ -68.886674045705661, -33.015360892970634, 0.0 ], [ -68.886491608396568, -33.015350131620508, 0.0 ], [ -68.886159971928208, -33.015330568924512, 0.0 ], [ -68.885689597448547, -33.017421917003794, 0.0 ], [ -68.885544209517974, -33.018078056153747, 0.0 ], [ -68.885378423192876, -33.018763074968476, 0.0 ], [ -68.885569328000912, -33.018779600192993, 0.0 ], [ -68.888840221784335, -33.01906269181999, 0.0 ], [ -68.889009903263485, -33.019077375104381, 0.0 ], [ -68.890859914101227, -33.019241781213246, 0.0 ], [ -68.892447944869986, -33.019389280506665, 0.0 ], [ -68.89249005001507, -33.020102651435906, 0.0 ], [ -68.894821955989471, -33.020289861970426, 0.0 ], [ -68.894935101450315, -33.020298944250541, 0.0 ] ] ] ] } },
{ "type": "Feature", "properties": { "LAYER": "PARCELARIO_BASE_CATASTRO", "MAP_NAME": "1010_2025.dwg", "ccpp1": "1010 994", "LAYER_2": "PADRONES_2_VISTALBA" }, "geometry": { "type": "MultiPolygon", "coordinates": [ [ [ [ -68.907873996635246, -33.014962648531743, 0.0 ], [ -68.908128718758647, -33.014990565473866, 0.0 ], [ -68.908195218361939, -33.014577913520711, 0.0 ], [ -68.908197902633276, -33.014561257059832, 0.0 ], [ -68.907975304161965, -33.014537929124216, 0.0 ], [ -68.907940459155895, -33.014534276894182, 0.0 ], [ -68.90793803382455, -33.014549911041726, 0.0 ], [ -68.907873996635246, -33.014962648531743, 0.0 ] ] ] ] } },
{ "type": "Feature", "properties": { "LAYER": "PARCELARIO_BASE_CATASTRO", "MAP_NAME": "1010_2025.dwg", "ccpp1": "1010 995", "LAYER_2": "PADRONES_2_VISTALBA" }, "geometry": { "type": "MultiPolygon", "coordinates": [ [ [ [ -68.907626333130153, -33.014935504520565, 0.0 ], [ -68.907873996635246, -33.014962648531743, 0.0 ], [ -68.90793803382455, -33.014549911041726, 0.0 ], [ -68.907940459155895, -33.014534276894182, 0.0 ], [ -68.907727697294774, -33.014511975565505, 0.0 ], [ -68.907692859799013, -33.014508325075262, 0.0 ], [ -68.907690578867744, -33.014522968384583, 0.0 ], [ -68.907626333130153, -33.014935504520565, 0.0 ] ] ] ] } },
{ "type": "Feature", "properties": { "LAYER": "PARCELARIO_BASE_CATASTRO", "MAP_NAME": "1010_2025.dwg", "ccpp1": "1010 996", "LAYER_2": "PADRONES_2_VISTALBA" }, "geometry": { "type": "MultiPolygon", "coordinates": [ [ [ [ -68.907379089261198, -33.014908406314774, 0.0 ], [ -68.907626333130153, -33.014935504520565, 0.0 ], [ -68.907690578867744, -33.014522968384583, 0.0 ], [ -68.907692859799013, -33.014508325075262, 0.0 ], [ -68.907479079308516, -33.01448592518863, 0.0 ], [ -68.907465115426689, -33.014484460436172, 0.0 ], [ -68.907444141245193, -33.014482261930986, 0.0 ], [ -68.907442058237265, -33.014495908130655, 0.0 ], [ -68.907379089261198, -33.014908406314774, 0.0 ] ] ] ] } },
{ "type": "Feature", "properties": { "LAYER": "PARCELARIO_BASE_CATASTRO", "MAP_NAME": "1010_2025.dwg", "ccpp1": "1010 997", "LAYER_2": "PADRONES_2_VISTALBA" }, "geometry": { "type": "MultiPolygon", "coordinates": [ [ [ [ -68.907118604000019, -33.014879855989072, 0.0 ], [ -68.907379089261198, -33.014908406314774, 0.0 ], [ -68.907442058237265, -33.014495908130655, 0.0 ], [ -68.907444141245193, -33.014482261930986, 0.0 ], [ -68.90734267651419, -33.014471628943909, 0.0 ], [ -68.907223524400024, -33.01445870960724, 0.0 ], [ -68.907209114347765, -33.014457143506952, 0.0 ], [ -68.907188976011582, -33.014454960007058, 0.0 ], [ -68.907186797159341, -33.014468114718646, 0.0 ], [ -68.907118604000019, -33.014879855989072, 0.0 ] ] ] ] } },
{ "type": "Feature", "properties": { "LAYER": "PARCELARIO_BASE_CATASTRO", "MAP_NAME": "1010_2025.dwg", "ccpp1": "1010 1000", "LAYER_2": "PADRONES_2_VISTALBA" }, "geometry": { "type": "MultiPolygon", "coordinates": [ [ [ [ -68.906343636226154, -33.01479491443331, 0.0 ], [ -68.906603067997509, -33.014823350173621, 0.0 ], [ -68.906667953284199, -33.014411618431879, 0.0 ], [ -68.906669990704671, -33.014398689042181, 0.0 ], [ -68.906443402411156, -33.014374120097372, 0.0 ], [ -68.90641241432337, -33.014370759769179, 0.0 ], [ -68.906410337398086, -33.014383565595686, 0.0 ], [ -68.906343636226154, -33.01479491443331, 0.0 ] ] ] ] } },
{ "type": "Feature", "properties": { "LAYER": "PARCELARIO_BASE_CATASTRO", "MAP_NAME": "1010_2025.dwg", "ccpp1": "1010 1003", "LAYER_2": "PADRONES_2_VISTALBA" }, "geometry": { "type": "MultiPolygon", "coordinates": [ [ [ [ -68.905766418684266, -33.014686846206203, 0.0 ], [ -68.905833555574404, -33.01473898480134, 0.0 ], [ -68.905899291306497, -33.014327899697776, 0.0 ], [ -68.905901301698464, -33.014315330969964, 0.0 ], [ -68.905699698627728, -33.014293434940157, 0.0 ], [ -68.905668062108489, -33.01429000991839, 0.0 ], [ -68.905666057118694, -33.014302500200884, 0.0 ], [ -68.905607266713503, -33.014668834023126, 0.0 ], [ -68.905766418684266, -33.014686846206203, 0.0 ] ] ] ] } },
{ "type": "Feature", "properties": { "LAYER": "PARCELARIO_BASE_CATASTRO", "MAP_NAME": "1010_2025.dwg", "ccpp1": "1010 1004", "LAYER_2": "PADRONES_2_VISTALBA" }, "geometry": { "type": "MultiPolygon", "coordinates": [ [ [ [ -68.905432189564635, -33.014277032162759, 0.0 ], [ -68.905366656421492, -33.014687833147619, 0.0 ], [ -68.905448112666534, -33.014650822537206, 0.0 ], [ -68.905607266713503, -33.014668834023126, 0.0 ], [ -68.905666057118694, -33.014302500200884, 0.0 ], [ -68.905668062108489, -33.01429000991839, 0.0 ], [ -68.905465387909757, -33.01426806491191, 0.0 ], [ -68.905434160193337, -33.01426467891249, 0.0 ], [ -68.905432189564635, -33.014277032162759, 0.0 ] ] ] ] } },
{ "type": "Feature", "properties": { "LAYER": "PARCELARIO_BASE_CATASTRO", "MAP_NAME": "1010_2025.dwg", "ccpp1": "1010 1005", "LAYER_2": "PADRONES_2_VISTALBA" }, "geometry": { "type": "MultiPolygon", "coordinates": [ [ [ [ -68.905133322948615, -33.014662462335849, 0.0 ], [ -68.905366656421492, -33.014687833147619, 0.0 ], [ -68.905432189564635, -33.014277032162759, 0.0 ], [ -68.905434160193337, -33.01426467891249, 0.0 ], [ -68.90523312340278, -33.01424287723399, 0.0 ], [ -68.905200789220302, -33.014239370413414, 0.0 ], [ -68.905198835794195, -33.014251619980506, 0.0 ], [ -68.905133322948615, -33.014662462335849, 0.0 ] ] ] ] } },
{ "type": "Feature", "properties": { "LAYER": "PARCELARIO_BASE_CATASTRO", "MAP_NAME": "1010_2025.dwg", "ccpp1": "1010 1181", "LAYER_2": "PADRONES_2_VISTALBA" }, "geometry": { "type": "MultiPolygon", "coordinates": [ [ [ [ -68.90778157389795, -33.015141020734802, 0.0 ], [ -68.907738439694953, -33.015432304504429, 0.0 ], [ -68.908597670223486, -33.015497497463549, 0.0 ], [ -68.908760851068848, -33.015512920071558, 0.0 ], [ -68.908908292177571, -33.014836952332701, 0.0 ], [ -68.908448568367689, -33.015213917107324, 0.0 ], [ -68.90778157389795, -33.015141020734802, 0.0 ] ] ] ] } },
{ "type": "Feature", "properties": { "LAYER": "PARCELARIO_BASE_CATASTRO", "MAP_NAME": "1010_2025.dwg", "ccpp1": "1010 1009", "LAYER_2": "PADRONES_2_VISTALBA" }, "geometry": { "type": "MultiPolygon", "coordinates": [ [ [ [ -68.90778157389795, -33.015141020734802, 0.0 ], [ -68.907451816056152, -33.015104979287379, 0.0 ], [ -68.907409048547578, -33.015400743635311, 0.0 ], [ -68.907738439694953, -33.015432304504429, 0.0 ], [ -68.90778157389795, -33.015141020734802, 0.0 ] ] ] ] } },
{ "type": "Feature", "properties": { "LAYER": "PARCELARIO_BASE_CATASTRO", "MAP_NAME": "1010_2025.dwg", "ccpp1": "1010 1010", "LAYER_2": "PADRONES_2_VISTALBA" }, "geometry": { "type": "MultiPolygon", "coordinates": [ [ [ [ -68.907451816056152, -33.015104979287379, 0.0 ], [ -68.907126745576846, -33.015069451706061, 0.0 ], [ -68.907091645252493, -33.01537032963563, 0.0 ], [ -68.907409048547578, -33.015400743635311, 0.0 ], [ -68.907451816056152, -33.015104979287379, 0.0 ] ] ] ] } },
{ "type": "Feature", "properties": { "LAYER": "PARCELARIO_BASE_CATASTRO", "MAP_NAME": "1010_2025.dwg", "ccpp1": "1010 1011", "LAYER_2": "PADRONES_2_VISTALBA" }, "geometry": { "type": "MultiPolygon", "coordinates": [ [ [ [ -68.907126745576846, -33.015069451706061, 0.0 ], [ -68.906802765806688, -33.015034040408615, 0.0 ], [ -68.906763535514983, -33.015338891546328, 0.0 ], [ -68.907091645252493, -33.01537032963563, 0.0 ], [ -68.907126745576846, -33.015069451706061, 0.0 ] ] ] ] } },
{ "type": "Feature", "properties": { "LAYER": "PARCELARIO_BASE_CATASTRO", "MAP_NAME": "1010_2025.dwg", "ccpp1": "1010 1012", "LAYER_2": "PADRONES_2_VISTALBA" }, "geometry": { "type": "MultiPolygon", "coordinates": [ [ [ [ -68.906802765806688, -33.015034040408615, 0.0 ], [ -68.906489360066601, -33.014999784024134, 0.0 ], [ -68.906450187389837, -33.015308864861289, 0.0 ], [ -68.906763535514983, -33.015338891546328, 0.0 ], [ -68.906802765806688, -33.015034040408615, 0.0 ] ] ] ] } },
{ "type": "Feature", "properties": { "LAYER": "PARCELARIO_BASE_CATASTRO", "MAP_NAME": "1010_2025.dwg", "ccpp1": "1010 1015", "LAYER_2": "PADRONES_2_VISTALBA" }, "geometry": { "type": "MultiPolygon", "coordinates": [ [ [ [ -68.905877081407141, -33.014932857784693, 0.0 ], [ -68.905740293061996, -33.014960659575991, 0.0 ], [ -68.905560951519064, -33.014939815254792, 0.0 ], [ -68.905529175455186, -33.015220605055625, 0.0 ], [ -68.905837065294293, -33.01525011057047, 0.0 ], [ -68.905877081407141, -33.014932857784693, 0.0 ] ] ] ] } },
{ "type": "Feature", "properties": { "LAYER": "PARCELARIO_BASE_CATASTRO", "MAP_NAME": "1010_2025.dwg", "ccpp1": "1010 1013", "LAYER_2": "PADRONES_2_VISTALBA" }, "geometry": { "type": "MultiPolygon", "coordinates": [ [ [ [ -68.906489360066601, -33.014999784024134, 0.0 ], [ -68.906177019330869, -33.014965643067669, 0.0 ], [ -68.906140157950276, -33.015279155471383, 0.0 ], [ -68.906450187389837, -33.015308864861289, 0.0 ], [ -68.906489360066601, -33.014999784024134, 0.0 ] ] ] ] } },
{ "type": "Feature", "properties": { "LAYER": "PARCELARIO_BASE_CATASTRO", "MAP_NAME": "1010_2025.dwg", "ccpp1": "1010 1016", "LAYER_2": "PADRONES_2_VISTALBA" }, "geometry": { "type": "MultiPolygon", "coordinates": [ [ [ [ -68.905560951519064, -33.014939815254792, 0.0 ], [ -68.905390893188098, -33.01492004800032, 0.0 ], [ -68.905297602731025, -33.014862280913214, 0.0 ], [ -68.905289916158594, -33.014861428408651, 0.0 ], [ -68.90525227778005, -33.015194068983142, 0.0 ], [ -68.905529175455186, -33.015220605055625, 0.0 ], [ -68.905560951519064, -33.014939815254792, 0.0 ] ] ] ] } },
{ "type": "Feature", "properties": { "LAYER": "PARCELARIO_BASE_CATASTRO", "MAP_NAME": "1010_2025.dwg", "ccpp1": "1010 1017", "LAYER_2": "PADRONES_2_VISTALBA" }, "geometry": { "type": "MultiPolygon", "coordinates": [ [ [ [ -68.905289916158594, -33.014861428408651, 0.0 ], [ -68.904986032845613, -33.014827762464947, 0.0 ], [ -68.90494770037526, -33.015164880134485, 0.0 ], [ -68.90525227778005, -33.015194068983142, 0.0 ], [ -68.905289916158594, -33.014861428408651, 0.0 ] ] ] ] } },
{ "type": "Feature", "properties": { "LAYER": "PARCELARIO_BASE_CATASTRO", "MAP_NAME": "1010_2025.dwg", "ccpp1": "1010 1024", "LAYER_2": "PADRONES_2_VISTALBA" }, "geometry": { "type": "MultiPolygon", "coordinates": [ [ [ [ -68.903310224486845, -33.014642096650256, 0.0 ], [ -68.903140694853036, -33.014623312269777, 0.0 ], [ -68.903059121200542, -33.01466113278925, 0.0 ], [ -68.90303913155762, -33.014659064149747, 0.0 ], [ -68.902998872292585, -33.014978094843492, 0.0 ], [ -68.903265186163608, -33.015003619640403, 0.0 ], [ -68.903310224486845, -33.014642096650256, 0.0 ] ] ] ] } },
{ "type": "Feature", "properties": { "LAYER": "PARCELARIO_BASE_CATASTRO", "MAP_NAME": "1010_2025.dwg", "ccpp1": "1010 1023", "LAYER_2": "PADRONES_2_VISTALBA" }, "geometry": { "type": "MultiPolygon", "coordinates": [ [ [ [ -68.903583967101355, -33.014672427036274, 0.0 ], [ -68.903310224486845, -33.014642096650256, 0.0 ], [ -68.903265186163608, -33.015003619640403, 0.0 ], [ -68.903538114619352, -33.015029780153377, 0.0 ], [ -68.903583967101355, -33.014672427036274, 0.0 ] ] ] ] } },
{ "type": "Feature", "properties": { "LAYER": "PARCELARIO_BASE_CATASTRO", "MAP_NAME": "1010_2025.dwg", "ccpp1": "1010 1022", "LAYER_2": "PADRONES_2_VISTALBA" }, "geometry": { "type": "MultiPolygon", "coordinates": [ [ [ [ -68.903863264806319, -33.014703372436031, 0.0 ], [ -68.903583967101355, -33.014672427036274, 0.0 ], [ -68.903538114619352, -33.015029780153377, 0.0 ], [ -68.903813295848323, -33.015056156404135, 0.0 ], [ -68.903863264806319, -33.014703372436031, 0.0 ] ] ] ] } },
{ "type": "Feature", "properties": { "LAYER": "PARCELARIO_BASE_CATASTRO", "MAP_NAME": "1010_2025.dwg", "ccpp1": "1010 1169", "LAYER_2": "PADRONES_2_VISTALBA" }, "geometry": { "type": "MultiPolygon", "coordinates": [ [ [ [ -68.904699036014563, -33.014795968830214, 0.0 ], [ -68.904131663708284, -33.014733108711582, 0.0 ], [ -68.904089228471378, -33.015082602956269, 0.0 ], [ -68.90465605564664, -33.015136928502812, 0.0 ], [ -68.904699036014563, -33.014795968830214, 0.0 ] ] ] ] } },
{ "type": "Feature", "properties": { "LAYER": "PARCELARIO_BASE_CATASTRO", "MAP_NAME": "1010_2025.dwg", "ccpp1": "1010 1270", "LAYER_2": "PADRONES_2_VISTALBA" }, "geometry": { "type": "MultiPolygon", "coordinates": [ [ [ [ -68.906603067997509, -33.014823350173621, 0.0 ], [ -68.907118604000019, -33.014879855989072, 0.0 ], [ -68.907186797159341, -33.014468114718646, 0.0 ], [ -68.907188976011582, -33.014454960007058, 0.0 ], [ -68.906704788386961, -33.014402462415873, 0.0 ], [ -68.906669990704671, -33.014398689042181, 0.0 ], [ -68.906667953284199, -33.014411618431879, 0.0 ], [ -68.906603067997509, -33.014823350173621, 0.0 ] ] ] ] } },
{ "type": "Feature", "properties": { "LAYER": "PARCELARIO_BASE_CATASTRO", "MAP_NAME": "1010_2025.dwg", "ccpp1": "1010 1456", "LAYER_2": "PADRONES_2_VISTALBA" }, "geometry": { "type": "MultiPolygon", "coordinates": [ [ [ [ -68.905833555574404, -33.01473898480134, 0.0 ], [ -68.906343636226154, -33.01479491443331, 0.0 ], [ -68.906410337398086, -33.014383565595686, 0.0 ], [ -68.90641241432337, -33.014370759769179, 0.0 ], [ -68.906067692069811, -33.014333378883045, 0.0 ], [ -68.906014186892733, -33.014327576905856, 0.0 ], [ -68.905954770472007, -33.014321133869771, 0.0 ], [ -68.90593242136481, -33.014318710459349, 0.0 ], [ -68.905901301698464, -33.014315330969964, 0.0 ], [ -68.905899291306497, -33.014327899697776, 0.0 ], [ -68.905833555574404, -33.01473898480134, 0.0 ] ] ] ] } },
{ "type": "Feature", "properties": { "LAYER": "PARCELARIO_BASE_CATASTRO", "MAP_NAME": "1010_2025.dwg", "ccpp1": "1010 1175", "LAYER_2": "PADRONES_2_VISTALBA" }, "geometry": { "type": "MultiPolygon", "coordinates": [ [ [ [ -68.893923625722351, -32.993979671135968, 0.0 ], [ -68.893631510306605, -32.993992138068037, 0.0 ], [ -68.893655056490147, -32.994316710530953, 0.0 ], [ -68.893679764772685, -32.994315656774496, 0.0 ], [ -68.893912084349367, -32.994305652813971, 0.0 ], [ -68.893947166652623, -32.994304159685271, 0.0 ], [ -68.893923625722351, -32.993979671135968, 0.0 ] ] ] ] } },
{ "type": "Feature", "properties": { "LAYER": "PARCELARIO_BASE_CATASTRO", "MAP_NAME": "1010_2025.dwg", "ccpp1": "1010 1048", "LAYER_2": "PADRONES_2_VISTALBA" }, "geometry": { "type": "MultiPolygon", "coordinates": [ [ [ [ -68.905253172130074, -33.007681096548289, 0.0 ], [ -68.905109748200275, -33.008121575945147, 0.0 ], [ -68.90532321797582, -33.008148420411366, 0.0 ], [ -68.905473379685247, -33.007707862918259, 0.0 ], [ -68.905253172130074, -33.007681096548289, 0.0 ] ] ] ] } },
{ "type": "Feature", "properties": { "LAYER": "PARCELARIO_BASE_CATASTRO", "MAP_NAME": "1010_2025.dwg", "ccpp1": "1010 1049", "LAYER_2": "PADRONES_2_VISTALBA" }, "geometry": { "type": "MultiPolygon", "coordinates": [ [ [ [ -68.905253172130074, -33.007681096548289, 0.0 ], [ -68.905034462815394, -33.007654421097207, 0.0 ], [ -68.904896176905183, -33.008094717511419, 0.0 ], [ -68.905109748200275, -33.008121575945147, 0.0 ], [ -68.905253172130074, -33.007681096548289, 0.0 ] ] ] ] } },
{ "type": "Feature", "properties": { "LAYER": "PARCELARIO_BASE_CATASTRO", "MAP_NAME": "1010_2025.dwg", "ccpp1": "1010 1050", "LAYER_2": "PADRONES_2_VISTALBA" }, "geometry": { "type": "MultiPolygon", "coordinates": [ [ [ [ -68.905034462815394, -33.007654421097207, 0.0 ], [ -68.904823671736168, -33.007628652975868, 0.0 ], [ -68.904684952264375, -33.008068153548635, 0.0 ], [ -68.904896176905183, -33.008094717511419, 0.0 ], [ -68.905034462815394, -33.007654421097207, 0.0 ] ] ] ] } },
{ "type": "Feature", "properties": { "LAYER": "PARCELARIO_BASE_CATASTRO", "MAP_NAME": "1010_2025.dwg", "ccpp1": "1010 1080", "LAYER_2": "PADRONES_2_VISTALBA" }, "geometry": { "type": "MultiPolygon", "coordinates": [ [ [ [ -68.908462154038006, -33.034257702854831, 0.0 ], [ -68.90905431963742, -33.035107871118278, 0.0 ], [ -68.909144467030131, -33.035095042889161, 0.0 ], [ -68.909307417431975, -33.035071898310171, 0.0 ], [ -68.909163117191653, -33.034863146560014, 0.0 ], [ -68.908923152732612, -33.034516008431446, 0.0 ], [ -68.908735137351343, -33.034244017075338, 0.0 ], [ -68.908462154038006, -33.034257702854831, 0.0 ] ] ] ] } },
{ "type": "Feature", "properties": { "LAYER": "PARCELARIO_BASE_CATASTRO", "MAP_NAME": "1010_2025.dwg", "ccpp1": "1010 3", "LAYER_2": "PADRONES_2_VISTALBA" }, "geometry": { "type": "MultiPolygon", "coordinates": [ [ [ [ -68.907132041871265, -33.018863543272005, 0.0 ], [ -68.908977990106933, -33.019041977477116, 0.0 ], [ -68.908997023399451, -33.018860275230494, 0.0 ], [ -68.907154219721633, -33.018692489707689, 0.0 ], [ -68.907141756438037, -33.018691355146586, 0.0 ], [ -68.907119336778848, -33.018862314754671, 0.0 ], [ -68.907132041871265, -33.018863543272005, 0.0 ] ] ] ] } },
{ "type": "Feature", "properties": { "LAYER": "PARCELARIO_BASE_CATASTRO", "MAP_NAME": "1010_2025.dwg", "ccpp1": "1010 1041", "LAYER_2": "PADRONES_2_VISTALBA" }, "geometry": { "type": "MultiPolygon", "coordinates": [ [ [ [ -68.908513741341821, -33.016386264060401, 0.0 ], [ -68.909223561989961, -33.016428136717209, 0.0 ], [ -68.909244997634374, -33.016213345561049, 0.0 ], [ -68.90853563185577, -33.016154456964124, 0.0 ], [ -68.908513741341821, -33.016386264060401, 0.0 ] ] ] ] } },
{ "type": "Feature", "properties": { "LAYER": "PARCELARIO_BASE_CATASTRO", "MAP_NAME": "1010_2025.dwg", "ccpp1": "1010 1042", "LAYER_2": "PADRONES_2_VISTALBA" }, "geometry": { "type": "MultiPolygon", "coordinates": [ [ [ [ -68.909200267827359, -33.01667991498681, 0.0 ], [ -68.909220807773352, -33.016455739468867, 0.0 ], [ -68.909223561989961, -33.016428136717209, 0.0 ], [ -68.908513741341821, -33.016386264060401, 0.0 ], [ -68.908490822721717, -33.016628960810614, 0.0 ], [ -68.908606287123874, -33.016637254254221, 0.0 ], [ -68.908659795886322, -33.016641097587758, 0.0 ], [ -68.908732222144678, -33.016646299129185, 0.0 ], [ -68.909200267827359, -33.01667991498681, 0.0 ] ] ] ] } },
{ "type": "Feature", "properties": { "LAYER": "PARCELARIO_BASE_CATASTRO", "MAP_NAME": "1010_2025.dwg", "ccpp1": "1010 1058", "LAYER_2": "PADRONES_2_VISTALBA" }, "geometry": { "type": "MultiPolygon", "coordinates": [ [ [ [ -68.893660892704844, -32.994860486341402, 0.0 ], [ -68.893690966239348, -32.99535099904049, 0.0 ], [ -68.893930762576048, -32.995337318967024, 0.0 ], [ -68.893900691226548, -32.994850134415167, 0.0 ], [ -68.893660892704844, -32.994860486341402, 0.0 ] ] ] ] } },
{ "type": "Feature", "properties": { "LAYER": "PARCELARIO_BASE_CATASTRO", "MAP_NAME": "1010_2025.dwg", "ccpp1": "1010 1037", "LAYER_2": "PADRONES_2_VISTALBA" }, "geometry": { "type": "MultiPolygon", "coordinates": [ [ [ [ -68.890997165711951, -33.012522879504758, 0.0 ], [ -68.890980794415952, -33.012517097194944, 0.0 ], [ -68.890970307427708, -33.01251366257349, 0.0 ], [ -68.890959821509384, -33.012510228853735, 0.0 ], [ -68.890949227280487, -33.012506974471741, 0.0 ], [ -68.890938634010496, -33.012503811158794, 0.0 ], [ -68.890927932540848, -33.012500737016182, 0.0 ], [ -68.890917232030034, -33.012497753942604, 0.0 ], [ -68.890906423208506, -33.012494950206708, 0.0 ], [ -68.890895721406864, -33.012492147465082, 0.0 ], [ -68.890873998330974, -33.012486991635363, 0.0 ], [ -68.890863081936516, -33.012484638638909, 0.0 ], [ -68.890852166612859, -33.012482285642449, 0.0 ], [ -68.890841142976001, -33.012480113786893, 0.0 ], [ -68.890830120299896, -33.012478031196977, 0.0 ], [ -68.890819096441902, -33.012476039674176, 0.0 ], [ -68.89080818045376, -33.012474227678027, 0.0 ], [ -68.890796943404141, -33.012472416301684, 0.0 ], [ -68.89076597610908, -33.012603393497763, 0.0 ], [ -68.890734041713046, -33.012738338106175, 0.0 ], [ -68.890758336296983, -33.012741963364071, 0.0 ], [ -68.890780382894391, -33.01274603748746, 0.0 ], [ -68.890823724173345, -33.012756439251127, 0.0 ], [ -68.8908397755511, -33.01276132052876, 0.0 ], [ -68.890872518771062, -33.012772435247854, 0.0 ], [ -68.890997165711951, -33.012522879504758, 0.0 ] ] ] ] } },
{ "type": "Feature", "properties": { "LAYER": "PARCELARIO_BASE_CATASTRO", "MAP_NAME": "1010_2025.dwg", "ccpp1": "1010 848", "LAYER_2": "PADRONES_2_VISTALBA" }, "geometry": { "type": "MultiPolygon", "coordinates": [ [ [ [ -68.894873260160495, -32.99469909844106, 0.0 ], [ -68.894412372503538, -32.994719210958735, 0.0 ], [ -68.894184363978269, -32.994729196960087, 0.0 ], [ -68.893943720213485, -32.994739808396822, 0.0 ], [ -68.893711300960817, -32.994749897988626, 0.0 ], [ -68.893478443913992, -32.994760084155352, 0.0 ], [ -68.893356716565293, -32.994765355139592, 0.0 ], [ -68.893355038195395, -32.994738297981911, 0.0 ], [ -68.893243364913602, -32.994743221280544, 0.0 ], [ -68.893141421567734, -32.994747705575328, 0.0 ], [ -68.893146455116948, -32.994828236864173, 0.0 ], [ -68.893151595546726, -32.994909761891414, 0.0 ], [ -68.893365103420436, -32.994900357795103, 0.0 ], [ -68.893363426114433, -32.994873301540679, 0.0 ], [ -68.893405036983395, -32.994871547244102, 0.0 ], [ -68.893660892704844, -32.994860486341402, 0.0 ], [ -68.893900691226548, -32.994850134415167, 0.0 ], [ -68.894144438156999, -32.994839617664006, 0.0 ], [ -68.894366992806525, -32.994829984186069, 0.0 ], [ -68.89463433939089, -32.994818529763187, 0.0 ], [ -68.894879844203331, -32.994807963467302, 0.0 ], [ -68.894873260160495, -32.99469909844106, 0.0 ] ] ] ] } },
{ "type": "Feature", "properties": { "LAYER": "PARCELARIO_BASE_CATASTRO", "MAP_NAME": "1010_2025.dwg", "ccpp1": "1010 1460", "LAYER_2": "PADRONES_2_VISTALBA" }, "geometry": { "type": "MultiPolygon", "coordinates": [ [ [ [ -68.908510953356554, -33.007225926429015, 0.0 ], [ -68.907958349563174, -33.007106589199431, 0.0 ], [ -68.907854846383657, -33.007435263722762, 0.0 ], [ -68.908391724603462, -33.007551073332444, 0.0 ], [ -68.908462543913558, -33.007367363824294, 0.0 ], [ -68.908510953356554, -33.007225926429015, 0.0 ] ] ] ] } },
{ "type": "Feature", "properties": { "LAYER": "PARCELARIO_BASE_CATASTRO", "MAP_NAME": "1010_2025.dwg", "ccpp1": "1010 1225", "LAYER_2": "PADRONES_2_VISTALBA" }, "geometry": { "type": "MultiPolygon", "coordinates": [ [ [ [ -68.908594891822702, -33.006980191173483, 0.0 ], [ -68.90803608397033, -33.006859587396029, 0.0 ], [ -68.907958349563174, -33.007106589199431, 0.0 ], [ -68.908510953356554, -33.007225926429015, 0.0 ], [ -68.908549488062732, -33.007112884556641, 0.0 ], [ -68.908594891822702, -33.006980191173483, 0.0 ] ] ] ] } },
{ "type": "Feature", "properties": { "LAYER": "PARCELARIO_BASE_CATASTRO", "MAP_NAME": "1010_2025.dwg", "ccpp1": "1010 1226", "LAYER_2": "PADRONES_2_VISTALBA" }, "geometry": { "type": "MultiPolygon", "coordinates": [ [ [ [ -68.908350935401302, -33.006224042078522, 0.0 ], [ -68.908170491713378, -33.006137985191081, 0.0 ], [ -68.908117876012327, -33.006311068197782, 0.0 ], [ -68.908242304377495, -33.006337849319387, 0.0 ], [ -68.908178735428152, -33.006547532323772, 0.0 ], [ -68.908137223566527, -33.006538575193943, 0.0 ], [ -68.90803608397033, -33.006859587396029, 0.0 ], [ -68.908594891822702, -33.006980191173483, 0.0 ], [ -68.908656289070009, -33.006800351843154, 0.0 ], [ -68.908738294454622, -33.006560475950479, 0.0 ], [ -68.908778760754529, -33.00644166468286, 0.0 ], [ -68.908783053155844, -33.006430126371576, 0.0 ], [ -68.908350935401302, -33.006224042078522, 0.0 ] ] ] ] } },
{ "type": "Feature", "properties": { "LAYER": "PARCELARIO_BASE_CATASTRO", "MAP_NAME": "1010_2025.dwg", "ccpp1": "1010 1228", "LAYER_2": "PADRONES_2_VISTALBA" }, "geometry": { "type": "MultiPolygon", "coordinates": [ [ [ [ -68.907439762958219, -33.006489008836382, 0.0 ], [ -68.907413132239427, -33.006576541787098, 0.0 ], [ -68.907911696519918, -33.006689800356597, 0.0 ], [ -68.907971390043215, -33.006502927029437, 0.0 ], [ -68.907929985517725, -33.006493699407137, 0.0 ], [ -68.907470152823933, -33.006388314201274, 0.0 ], [ -68.907439762958219, -33.006489008836382, 0.0 ] ] ] ] } },
{ "type": "Feature", "properties": { "LAYER": "PARCELARIO_BASE_CATASTRO", "MAP_NAME": "1010_2025.dwg", "ccpp1": "1010 1229", "LAYER_2": "PADRONES_2_VISTALBA" }, "geometry": { "type": "MultiPolygon", "coordinates": [ [ [ [ -68.907911696519918, -33.006689800356597, 0.0 ], [ -68.907413132239427, -33.006576541787098, 0.0 ], [ -68.907355467351678, -33.006766662381423, 0.0 ], [ -68.907852647544289, -33.00687405926606, 0.0 ], [ -68.907911696519918, -33.006689800356597, 0.0 ] ] ] ] } },
{ "type": "Feature", "properties": { "LAYER": "PARCELARIO_BASE_CATASTRO", "MAP_NAME": "1010_2025.dwg", "ccpp1": "1010 1230", "LAYER_2": "PADRONES_2_VISTALBA" }, "geometry": { "type": "MultiPolygon", "coordinates": [ [ [ [ -68.907355467351678, -33.006766662381423, 0.0 ], [ -68.907345694814325, -33.006799476118367, 0.0 ], [ -68.907298767790891, -33.006954439303563, 0.0 ], [ -68.90731952372812, -33.00695896309314, 0.0 ], [ -68.907792525275966, -33.007061112543226, 0.0 ], [ -68.907852647544289, -33.00687405926606, 0.0 ], [ -68.907355467351678, -33.006766662381423, 0.0 ] ] ] ] } },
{ "type": "Feature", "properties": { "LAYER": "PARCELARIO_BASE_CATASTRO", "MAP_NAME": "1010_2025.dwg", "ccpp1": "1010 1223", "LAYER_2": "PADRONES_2_VISTALBA" }, "geometry": { "type": "MultiPolygon", "coordinates": [ [ [ [ -68.907800195639993, -33.007608705726064, 0.0 ], [ -68.907724500141597, -33.007849036460811, 0.0 ], [ -68.908234097966286, -33.00795896568399, 0.0 ], [ -68.908325519685988, -33.007722162727617, 0.0 ], [ -68.907800195639993, -33.007608705726064, 0.0 ] ] ] ] } },
{ "type": "Feature", "properties": { "LAYER": "PARCELARIO_BASE_CATASTRO", "MAP_NAME": "1010_2025.dwg", "ccpp1": "1010 1222", "LAYER_2": "PADRONES_2_VISTALBA" }, "geometry": { "type": "MultiPolygon", "coordinates": [ [ [ [ -68.908234097966286, -33.00795896568399, 0.0 ], [ -68.907724500141597, -33.007849036460811, 0.0 ], [ -68.907669633822479, -33.008023470078477, 0.0 ], [ -68.907826696712448, -33.008057308811296, 0.0 ], [ -68.908167677473472, -33.00813095650053, 0.0 ], [ -68.908203731308291, -33.008037569450337, 0.0 ], [ -68.908222723759351, -33.007988532274659, 0.0 ], [ -68.908234097966286, -33.00795896568399, 0.0 ] ] ] ] } },
{ "type": "Feature", "properties": { "LAYER": "PARCELARIO_BASE_CATASTRO", "MAP_NAME": "1010_2025.dwg", "ccpp1": "1010 1246", "LAYER_2": "PADRONES_2_VISTALBA" }, "geometry": { "type": "MultiPolygon", "coordinates": [ [ [ [ -68.907531897531797, -33.006184941932169, 0.0 ], [ -68.907519118981085, -33.006227130885783, 0.0 ], [ -68.907470152823933, -33.006388314201274, 0.0 ], [ -68.907929985517725, -33.006493699407137, 0.0 ], [ -68.90799344772266, -33.006284286952159, 0.0 ], [ -68.907531897531797, -33.006184941932169, 0.0 ] ] ] ] } },
{ "type": "Feature", "properties": { "LAYER": "PARCELARIO_BASE_CATASTRO", "MAP_NAME": "1010_2025.dwg", "ccpp1": "1010 1227", "LAYER_2": "PADRONES_2_VISTALBA" }, "geometry": { "type": "MultiPolygon", "coordinates": [ [ [ [ -68.908170491713378, -33.006137985191081, 0.0 ], [ -68.907624890765106, -33.005877809882556, 0.0 ], [ -68.907531897531797, -33.006184941932169, 0.0 ], [ -68.90799344772266, -33.006284286952159, 0.0 ], [ -68.908117876012327, -33.006311068197782, 0.0 ], [ -68.908170491713378, -33.006137985191081, 0.0 ] ] ] ] } },
{ "type": "Feature", "properties": { "LAYER": "PARCELARIO_BASE_CATASTRO", "MAP_NAME": "1010_2025.dwg", "ccpp1": "1010 1276", "LAYER_2": "PADRONES_2_VISTALBA" }, "geometry": { "type": "MultiPolygon", "coordinates": [ [ [ [ -68.9075429076088, -33.028346745431101, 0.0 ], [ -68.907123815466221, -33.028377361584738, 0.0 ], [ -68.907115656477998, -33.028604306457581, 0.0 ], [ -68.907533465125994, -33.028573779549745, 0.0 ], [ -68.907536318398968, -33.028506516902382, 0.0 ], [ -68.9075429076088, -33.028346745431101, 0.0 ] ] ] ] } },
{ "type": "Feature", "properties": { "LAYER": "PARCELARIO_BASE_CATASTRO", "MAP_NAME": "1010_2025.dwg", "ccpp1": "1010 1267", "LAYER_2": "PADRONES_2_VISTALBA" }, "geometry": { "type": "MultiPolygon", "coordinates": [ [ [ [ -68.905813211988331, -33.033217818547833, 0.0 ], [ -68.905335759441598, -33.033244776589314, 0.0 ], [ -68.905477952709475, -33.033452574273269, 0.0 ], [ -68.905950441523359, -33.033427969047821, 0.0 ], [ -68.905855454346352, -33.033282507864023, 0.0 ], [ -68.905813211988331, -33.033217818547833, 0.0 ] ] ] ] } },
{ "type": "Feature", "properties": { "LAYER": "PARCELARIO_BASE_CATASTRO", "MAP_NAME": "1010_2025.dwg", "ccpp1": "1010 1268", "LAYER_2": "PADRONES_2_VISTALBA" }, "geometry": { "type": "MultiPolygon", "coordinates": [ [ [ [ -68.905764558685732, -33.033871762965504, 0.0 ], [ -68.905906541645052, -33.034079251876719, 0.0 ], [ -68.90637913771171, -33.03405436055381, 0.0 ], [ -68.906337602423235, -33.0339958424548, 0.0 ], [ -68.906232055858453, -33.033847138848373, 0.0 ], [ -68.905764558685732, -33.033871762965504, 0.0 ] ] ] ] } },
{ "type": "Feature", "properties": { "LAYER": "PARCELARIO_BASE_CATASTRO", "MAP_NAME": "1010_2025.dwg", "ccpp1": "1010 1245", "LAYER_2": "PADRONES_2_VISTALBA" }, "geometry": { "type": "MultiPolygon", "coordinates": [ [ [ [ -68.896398198194689, -33.002981888390053, 0.0 ], [ -68.896055981987843, -33.002963185384893, 0.0 ], [ -68.896042224798322, -33.003171310497422, 0.0 ], [ -68.896063820618465, -33.00317196776755, 0.0 ], [ -68.896382847325214, -33.003181812376731, 0.0 ], [ -68.896398198194689, -33.002981888390053, 0.0 ] ] ] ] } },
{ "type": "Feature", "properties": { "LAYER": "PARCELARIO_BASE_CATASTRO", "MAP_NAME": "1010_2025.dwg", "ccpp1": "1010 1243", "LAYER_2": "PADRONES_2_VISTALBA" }, "geometry": { "type": "MultiPolygon", "coordinates": [ [ [ [ -68.895129680155918, -33.002695012357023, 0.0 ], [ -68.894640801636342, -33.002676916161704, 0.0 ], [ -68.894643967831954, -33.003129889968953, 0.0 ], [ -68.894745284823244, -33.0031330719914, 0.0 ], [ -68.895001811459991, -33.003141128987068, 0.0 ], [ -68.895179971568908, -33.003145143289061, 0.0 ], [ -68.895193977203576, -33.002774767298106, 0.0 ], [ -68.895128465780459, -33.002714764353151, 0.0 ], [ -68.895129680155918, -33.002695012357023, 0.0 ] ] ] ] } },
{ "type": "Feature", "properties": { "LAYER": "PARCELARIO_BASE_CATASTRO", "MAP_NAME": "1010_2025.dwg", "ccpp1": "1010 126", "LAYER_2": "PADRONES_2_VISTALBA" }, "geometry": { "type": "MultiPolygon", "coordinates": [ [ [ [ -68.91019449393076, -33.035205085626174, 0.0 ], [ -68.910258418216998, -33.035294216758764, 0.0 ], [ -68.910351953208036, -33.035424575520331, 0.0 ], [ -68.910442388362554, -33.035550694128766, 0.0 ], [ -68.910496051001573, -33.035625481194025, 0.0 ], [ -68.911024368186645, -33.035485829474787, 0.0 ], [ -68.910782461862752, -33.035145725698889, 0.0 ], [ -68.91019449393076, -33.035205085626174, 0.0 ] ] ] ] } },
{ "type": "Feature", "properties": { "LAYER": "PARCELARIO_BASE_CATASTRO", "MAP_NAME": "1010_2025.dwg", "ccpp1": "1010 165", "LAYER_2": "PADRONES_2_VISTALBA" }, "geometry": { "type": "MultiPolygon", "coordinates": [ [ [ [ -68.910527453075105, -33.034787196303384, 0.0 ], [ -68.909922341032143, -33.034820777395602, 0.0 ], [ -68.91019449393076, -33.035205085626174, 0.0 ], [ -68.910782461862752, -33.035145725698889, 0.0 ], [ -68.910527453075105, -33.034787196303384, 0.0 ] ] ] ] } },
{ "type": "Feature", "properties": { "LAYER": "PARCELARIO_BASE_CATASTRO", "MAP_NAME": "1010_2025.dwg", "ccpp1": "1010 171", "LAYER_2": "PADRONES_2_VISTALBA" }, "geometry": { "type": "MultiPolygon", "coordinates": [ [ [ [ -68.909922341032143, -33.034820777395602, 0.0 ], [ -68.90954208682497, -33.034842052256913, 0.0 ], [ -68.909956722887017, -33.035432946978375, 0.0 ], [ -68.909993457617276, -33.035416022059188, 0.0 ], [ -68.910258418216998, -33.035294216758764, 0.0 ], [ -68.91019449393076, -33.035205085626174, 0.0 ], [ -68.909922341032143, -33.034820777395602, 0.0 ] ] ] ] } },
{ "type": "Feature", "properties": { "LAYER": "PARCELARIO_BASE_CATASTRO", "MAP_NAME": "1010_2025.dwg", "ccpp1": "1010 965", "LAYER_2": "PADRONES_2_VISTALBA" }, "geometry": { "type": "MultiPolygon", "coordinates": [ [ [ [ -68.90961624466415, -33.035518671575083, 0.0 ], [ -68.909845077427576, -33.035849824464343, 0.0 ], [ -68.910155966536081, -33.035829300346357, 0.0 ], [ -68.910075564798319, -33.035720400772739, 0.0 ], [ -68.909975071284819, -33.035584193057495, 0.0 ], [ -68.90986169997997, -33.035530188553615, 0.0 ], [ -68.909776754377177, -33.035461500046139, 0.0 ], [ -68.909659960701688, -33.035512707119004, 0.0 ], [ -68.909652992581087, -33.035502560073631, 0.0 ], [ -68.90961624466415, -33.035518671575083, 0.0 ] ] ] ] } },
{ "type": "Feature", "properties": { "LAYER": "PARCELARIO_BASE_CATASTRO", "MAP_NAME": "1010_2025.dwg", "ccpp1": "1010 11", "LAYER_2": "PADRONES_2_VISTALBA" }, "geometry": { "type": "MultiPolygon", "coordinates": [ [ [ [ -68.909307417431975, -33.035071898310171, 0.0 ], [ -68.909144467030131, -33.035095042889161, 0.0 ], [ -68.909176106520064, -33.035140510165505, 0.0 ], [ -68.909142595674297, -33.035145264627495, 0.0 ], [ -68.909642682919582, -33.03586318600113, 0.0 ], [ -68.909845077427576, -33.035849824464343, 0.0 ], [ -68.909478013320637, -33.035318629334718, 0.0 ], [ -68.909340018949393, -33.03511880891876, 0.0 ], [ -68.909307417431975, -33.035071898310171, 0.0 ] ] ] ] } },
{ "type": "Feature", "properties": { "LAYER": "PARCELARIO_BASE_CATASTRO", "MAP_NAME": "1010_2025.dwg", "ccpp1": "1010 88", "LAYER_2": "PADRONES_2_VISTALBA" }, "geometry": { "type": "MultiPolygon", "coordinates": [ [ [ [ -68.907325762196166, -33.034855573917326, 0.0 ], [ -68.906973644596448, -33.034892190260088, 0.0 ], [ -68.907040236770257, -33.034985923555844, 0.0 ], [ -68.907096993285634, -33.035067657261614, 0.0 ], [ -68.90725187170132, -33.035290755828797, 0.0 ], [ -68.907736499571371, -33.035989008768524, 0.0 ], [ -68.908073281175788, -33.035966780480479, 0.0 ], [ -68.907605364703755, -33.035271091146186, 0.0 ], [ -68.907325762196166, -33.034855573917326, 0.0 ] ] ] ] } },
{ "type": "Feature", "properties": { "LAYER": "PARCELARIO_BASE_CATASTRO", "MAP_NAME": "1010_2025.dwg", "ccpp1": "1010 21", "LAYER_2": "PADRONES_2_VISTALBA" }, "geometry": { "type": "MultiPolygon", "coordinates": [ [ [ [ -68.90471721819172, -33.035099832266141, 0.0 ], [ -68.905399963465044, -33.036079528090795, 0.0 ], [ -68.905846982951502, -33.036062215989503, 0.0 ], [ -68.905173969637801, -33.035084785079682, 0.0 ], [ -68.90471721819172, -33.035099832266141, 0.0 ] ] ] ] } },
{ "type": "Feature", "properties": { "LAYER": "PARCELARIO_BASE_CATASTRO", "MAP_NAME": "1010_2025.dwg", "ccpp1": "1010 1218", "LAYER_2": "PADRONES_2_VISTALBA" }, "geometry": { "type": "MultiPolygon", "coordinates": [ [ [ [ -68.907910947822842, -33.03510261432266, 0.0 ], [ -68.907605364703755, -33.035271091146186, 0.0 ], [ -68.908073281175788, -33.035966780480479, 0.0 ], [ -68.908491206847089, -33.035939196283408, 0.0 ], [ -68.907910947822842, -33.03510261432266, 0.0 ] ] ] ] } },
{ "type": "Feature", "properties": { "LAYER": "PARCELARIO_BASE_CATASTRO", "MAP_NAME": "1010_2025.dwg", "ccpp1": "1010 1333", "LAYER_2": "PADRONES_2_VISTALBA" }, "geometry": { "type": "MultiPolygon", "coordinates": [ [ [ [ -68.906949923142548, -33.007037133906366, 0.0 ], [ -68.906852991697264, -33.007015150900045, 0.0 ], [ -68.9067588409591, -33.007299919898401, 0.0 ], [ -68.907166039474561, -33.007392915627143, 0.0 ], [ -68.907195463248826, -33.007295646722497, 0.0 ], [ -68.907197396489522, -33.007288975761199, 0.0 ], [ -68.907224994255401, -33.007198107386394, 0.0 ], [ -68.907245934078745, -33.007129234939384, 0.0 ], [ -68.907253344175473, -33.007104264033728, 0.0 ], [ -68.906949923142548, -33.007037133906366, 0.0 ] ] ] ] } },
{ "type": "Feature", "properties": { "LAYER": "PARCELARIO_BASE_CATASTRO", "MAP_NAME": "1010_2025.dwg", "ccpp1": "1010 1311", "LAYER_2": "PADRONES_2_VISTALBA" }, "geometry": { "type": "MultiPolygon", "coordinates": [ [ [ [ -68.903265181142686, -33.014459313991203, 0.0 ], [ -68.90349863124797, -33.014484701008627, 0.0 ], [ -68.903564170028318, -33.014073587221773, 0.0 ], [ -68.903566645234406, -33.014058057791594, 0.0 ], [ -68.903422874704134, -33.014041317050001, 0.0 ], [ -68.903368291697475, -33.014034961279933, 0.0 ], [ -68.903333462504264, -33.014030905629284, 0.0 ], [ -68.903330712470364, -33.014048158843629, 0.0 ], [ -68.903265181142686, -33.014459313991203, 0.0 ] ] ] ] } },
{ "type": "Feature", "properties": { "LAYER": "PARCELARIO_BASE_CATASTRO", "MAP_NAME": "1010_2025.dwg", "ccpp1": "1010 1310", "LAYER_2": "PADRONES_2_VISTALBA" }, "geometry": { "type": "MultiPolygon", "coordinates": [ [ [ [ -68.90349863124797, -33.014484701008627, 0.0 ], [ -68.903732188497216, -33.014510100295517, 0.0 ], [ -68.903797510012538, -33.014099000645892, 0.0 ], [ -68.903799703978393, -33.014085194995936, 0.0 ], [ -68.903599621057367, -33.014061897347233, 0.0 ], [ -68.903566645234406, -33.014058057791594, 0.0 ], [ -68.903564170028318, -33.014073587221773, 0.0 ], [ -68.90349863124797, -33.014484701008627, 0.0 ] ] ] ] } },
{ "type": "Feature", "properties": { "LAYER": "PARCELARIO_BASE_CATASTRO", "MAP_NAME": "1010_2025.dwg", "ccpp1": "1010 1309", "LAYER_2": "PADRONES_2_VISTALBA" }, "geometry": { "type": "MultiPolygon", "coordinates": [ [ [ [ -68.903732188497216, -33.014510100295517, 0.0 ], [ -68.903965641011837, -33.014535487343053, 0.0 ], [ -68.904031163669003, -33.014124449040345, 0.0 ], [ -68.904033089243256, -33.014112369886504, 0.0 ], [ -68.903833404271495, -33.014089118903911, 0.0 ], [ -68.903799703978393, -33.014085194995936, 0.0 ], [ -68.903797510012538, -33.014099000645892, 0.0 ], [ -68.903732188497216, -33.014510100295517, 0.0 ] ] ] ] } },
{ "type": "Feature", "properties": { "LAYER": "PARCELARIO_BASE_CATASTRO", "MAP_NAME": "1010_2025.dwg", "ccpp1": "1010 1308", "LAYER_2": "PADRONES_2_VISTALBA" }, "geometry": { "type": "MultiPolygon", "coordinates": [ [ [ [ -68.903965641011837, -33.014535487343053, 0.0 ], [ -68.904199303400787, -33.01456089755861, 0.0 ], [ -68.904264727571785, -33.014149887911849, 0.0 ], [ -68.904266610034014, -33.014138060288523, 0.0 ], [ -68.904078639723991, -33.014117673384021, 0.0 ], [ -68.904067888538677, -33.014116421712252, 0.0 ], [ -68.904033089243256, -33.014112369886504, 0.0 ], [ -68.904031163669003, -33.014124449040345, 0.0 ], [ -68.903965641011837, -33.014535487343053, 0.0 ] ] ] ] } },
{ "type": "Feature", "properties": { "LAYER": "PARCELARIO_BASE_CATASTRO", "MAP_NAME": "1010_2025.dwg", "ccpp1": "1010 1307", "LAYER_2": "PADRONES_2_VISTALBA" }, "geometry": { "type": "MultiPolygon", "coordinates": [ [ [ [ -68.904199303400787, -33.01456089755861, 0.0 ], [ -68.904432755116048, -33.014586282830287, 0.0 ], [ -68.904498276629567, -33.014175323629935, 0.0 ], [ -68.904500179509157, -33.014163390522818, 0.0 ], [ -68.90449578247032, -33.01416291377938, 0.0 ], [ -68.904299149601457, -33.01414158914875, 0.0 ], [ -68.904266610034014, -33.014138060288523, 0.0 ], [ -68.904264727571785, -33.014149887911849, 0.0 ], [ -68.904199303400787, -33.01456089755861, 0.0 ] ] ] ] } },
{ "type": "Feature", "properties": { "LAYER": "PARCELARIO_BASE_CATASTRO", "MAP_NAME": "1010_2025.dwg", "ccpp1": "1010 1306", "LAYER_2": "PADRONES_2_VISTALBA" }, "geometry": { "type": "MultiPolygon", "coordinates": [ [ [ [ -68.904432755116048, -33.014586282830287, 0.0 ], [ -68.904666206964265, -33.014611669468799, 0.0 ], [ -68.904731629994842, -33.01420073712152, 0.0 ], [ -68.904733546868925, -33.014188699427294, 0.0 ], [ -68.904532921343346, -33.014166942018711, 0.0 ], [ -68.904500179509157, -33.014163390522818, 0.0 ], [ -68.904498276629567, -33.014175323629935, 0.0 ], [ -68.904432755116048, -33.014586282830287, 0.0 ] ] ] ] } },
{ "type": "Feature", "properties": { "LAYER": "PARCELARIO_BASE_CATASTRO", "MAP_NAME": "1010_2025.dwg", "ccpp1": "1010 1305", "LAYER_2": "PADRONES_2_VISTALBA" }, "geometry": { "type": "MultiPolygon", "coordinates": [ [ [ [ -68.904666206964265, -33.014611669468799, 0.0 ], [ -68.904899658948338, -33.014637054769139, 0.0 ], [ -68.904965075522753, -33.014226161067121, 0.0 ], [ -68.904967008532211, -33.014214017885692, 0.0 ], [ -68.904768366857652, -33.014192475161167, 0.0 ], [ -68.904733546868925, -33.014188699427294, 0.0 ], [ -68.904731629994842, -33.01420073712152, 0.0 ], [ -68.904666206964265, -33.014611669468799, 0.0 ] ] ] ] } },
{ "type": "Feature", "properties": { "LAYER": "PARCELARIO_BASE_CATASTRO", "MAP_NAME": "1010_2025.dwg", "ccpp1": "1010 993", "LAYER_2": "PADRONES_2_VISTALBA" }, "geometry": { "type": "MultiPolygon", "coordinates": [ [ [ [ -68.904899658948338, -33.014637054769139, 0.0 ], [ -68.905133322948615, -33.014662462335849, 0.0 ], [ -68.905198835794195, -33.014251619980506, 0.0 ], [ -68.905200789220302, -33.014239370413414, 0.0 ], [ -68.905001822119672, -33.014217793549562, 0.0 ], [ -68.904967008532211, -33.014214017885692, 0.0 ], [ -68.904965075522753, -33.014226161067121, 0.0 ], [ -68.904899658948338, -33.014637054769139, 0.0 ] ] ] ] } },
{ "type": "Feature", "properties": { "LAYER": "PARCELARIO_BASE_CATASTRO", "MAP_NAME": "1010_2025.dwg", "ccpp1": "1010 990", "LAYER_2": "PADRONES_2_VISTALBA" }, "geometry": { "type": "MultiPolygon", "coordinates": [ [ [ [ -68.904131663708284, -33.014733108711582, 0.0 ], [ -68.903863264806319, -33.014703372436031, 0.0 ], [ -68.903813295848323, -33.015056156404135, 0.0 ], [ -68.904089228471378, -33.015082602956269, 0.0 ], [ -68.904131663708284, -33.014733108711582, 0.0 ] ] ] ] } },
{ "type": "Feature", "properties": { "LAYER": "PARCELARIO_BASE_CATASTRO", "MAP_NAME": "1010_2025.dwg", "ccpp1": "1010 989", "LAYER_2": "PADRONES_2_VISTALBA" }, "geometry": { "type": "MultiPolygon", "coordinates": [ [ [ [ -68.906177019330869, -33.014965643067669, 0.0 ], [ -68.905877081407141, -33.014932857784693, 0.0 ], [ -68.905837065294293, -33.01525011057047, 0.0 ], [ -68.906140157950276, -33.015279155471383, 0.0 ], [ -68.906177019330869, -33.014965643067669, 0.0 ] ] ] ] } },
{ "type": "Feature", "properties": { "LAYER": "PARCELARIO_BASE_CATASTRO", "MAP_NAME": "1010_2025.dwg", "ccpp1": "1010 1295", "LAYER_2": "PADRONES_2_VISTALBA" }, "geometry": { "type": "MultiPolygon", "coordinates": [ [ [ [ -68.908167677473472, -33.00813095650053, 0.0 ], [ -68.907826696712448, -33.008057308811296, 0.0 ], [ -68.907700751232596, -33.008457470336118, 0.0 ], [ -68.90802635921429, -33.008496391639248, 0.0 ], [ -68.908167677473472, -33.00813095650053, 0.0 ] ] ] ] } },
{ "type": "Feature", "properties": { "LAYER": "PARCELARIO_BASE_CATASTRO", "MAP_NAME": "1010_2025.dwg", "ccpp1": "1010 1088", "LAYER_2": "PADRONES_2_VISTALBA" }, "geometry": { "type": "MultiPolygon", "coordinates": [ [ [ [ -68.899424792328603, -33.006398231423326, 0.0 ], [ -68.89947009479873, -33.006649564877634, 0.0 ], [ -68.899733037134425, -33.006640308762329, 0.0 ], [ -68.899741114623012, -33.006405609115532, 0.0 ], [ -68.899432283134459, -33.006398327625888, 0.0 ], [ -68.899424792328603, -33.006398231423326, 0.0 ] ] ] ] } },
{ "type": "Feature", "properties": { "LAYER": "PARCELARIO_BASE_CATASTRO", "MAP_NAME": "1010_2025.dwg", "ccpp1": "1010 1342", "LAYER_2": "PADRONES_2_VISTALBA" }, "geometry": { "type": "MultiPolygon", "coordinates": [ [ [ [ -68.907647710436763, -33.012623907231109, 0.0 ], [ -68.907694160490607, -33.012628110032345, 0.0 ], [ -68.907750016561309, -33.012120444424205, 0.0 ], [ -68.907750622682613, -33.012114932032517, 0.0 ], [ -68.907537272179439, -33.012095197009657, 0.0 ], [ -68.907536527660966, -33.012101023982289, 0.0 ], [ -68.907477828139577, -33.012560303522378, 0.0 ], [ -68.907584196489239, -33.012569940074094, 0.0 ], [ -68.907647710436763, -33.012623907231109, 0.0 ] ] ] ] } },
{ "type": "Feature", "properties": { "LAYER": "PARCELARIO_BASE_CATASTRO", "MAP_NAME": "1010_2025.dwg", "ccpp1": "1010 963", "LAYER_2": "PADRONES_2_VISTALBA" }, "geometry": { "type": "MultiPolygon", "coordinates": [ [ [ [ -68.907089353666052, -33.030200703054341, 0.0 ], [ -68.907152382942158, -33.030838857914347, 0.0 ], [ -68.907351599937797, -33.030828636756233, 0.0 ], [ -68.907333971770697, -33.030694004024603, 0.0 ], [ -68.907268343574614, -33.03018751579171, 0.0 ], [ -68.907089353666052, -33.030200703054341, 0.0 ] ] ] ] } },
{ "type": "Feature", "properties": { "LAYER": "PARCELARIO_BASE_CATASTRO", "MAP_NAME": "1010_2025.dwg", "ccpp1": "1010 1359", "LAYER_2": "PADRONES_2_VISTALBA" }, "geometry": { "type": "MultiPolygon", "coordinates": [ [ [ [ -68.903397557551088, -33.034454777078643, 0.0 ], [ -68.903119745715841, -33.034477554312097, 0.0 ], [ -68.902727169015449, -33.034509709063165, 0.0 ], [ -68.902441648860517, -33.034533019779794, 0.0 ], [ -68.902303117332309, -33.034544452786037, 0.0 ], [ -68.90234921370903, -33.034606779941882, 0.0 ], [ -68.902438185053285, -33.034727076608995, 0.0 ], [ -68.902554552165128, -33.034884381170862, 0.0 ], [ -68.902652962304018, -33.035017472555083, 0.0 ], [ -68.902752048408487, -33.03515135785679, 0.0 ], [ -68.902809661704651, -33.03522921698729, 0.0 ], [ -68.902886729039167, -33.035333329869985, 0.0 ], [ -68.902979829950624, -33.035459185451302, 0.0 ], [ -68.903145830210647, -33.035683650245346, 0.0 ], [ -68.903569549382738, -33.035664051491821, 0.0 ], [ -68.903764066137541, -33.035655094788332, 0.0 ], [ -68.904114302026599, -33.036129308109778, 0.0 ], [ -68.904540091162829, -33.036112822928814, 0.0 ], [ -68.903397557551088, -33.034454777078643, 0.0 ] ] ] ] } },
{ "type": "Feature", "properties": { "LAYER": "PARCELARIO_BASE_CATASTRO", "MAP_NAME": "1010_2025.dwg", "ccpp1": "1919 364", "LAYER_2": "PADRONES_2_VISTALBA" }, "geometry": { "type": "MultiPolygon", "coordinates": [ [ [ [ -68.901236127836214, -33.032860266781555, 0.0 ], [ -68.90120561818793, -33.032864766316486, 0.0 ], [ -68.901087512240139, -33.032896321428083, 0.0 ], [ -68.901262047925101, -33.033137476501885, 0.0 ], [ -68.90128748670196, -33.033171579818053, 0.0 ], [ -68.901400463706636, -33.033324231986782, 0.0 ], [ -68.901489865373421, -33.033445102253538, 0.0 ], [ -68.901579344238741, -33.03356607891233, 0.0 ], [ -68.901668776321245, -33.033686989645958, 0.0 ], [ -68.901758208647763, -33.033807900313597, 0.0 ], [ -68.901843130714667, -33.033922630916948, 0.0 ], [ -68.901916720862829, -33.034022081844171, 0.0 ], [ -68.901990290788419, -33.034121576892602, 0.0 ], [ -68.902080898638388, -33.034244112155257, 0.0 ], [ -68.902170380288283, -33.034364997309801, 0.0 ], [ -68.902259827907358, -33.034485900404853, 0.0 ], [ -68.902303117332309, -33.034544452786037, 0.0 ], [ -68.902441648860517, -33.034533019779794, 0.0 ], [ -68.901970936824128, -33.03387984067637, 0.0 ], [ -68.901801529349612, -33.033644641687673, 0.0 ], [ -68.901236127836214, -33.032860266781555, 0.0 ] ] ] ] } },
{ "type": "Feature", "properties": { "LAYER": "PARCELARIO_BASE_CATASTRO", "MAP_NAME": "1010_2025.dwg", "ccpp1": "1010 1487", "LAYER_2": "PADRONES_2_VISTALBA" }, "geometry": { "type": "MultiPolygon", "coordinates": [ [ [ [ -68.903145830210647, -33.035683650245346, 0.0 ], [ -68.903174370014838, -33.035722173761002, 0.0 ], [ -68.903338835507711, -33.035944313491946, 0.0 ], [ -68.90349364202865, -33.036153403755634, 0.0 ], [ -68.903918549343985, -33.036136886652102, 0.0 ], [ -68.903569549382738, -33.035664051491821, 0.0 ], [ -68.903145830210647, -33.035683650245346, 0.0 ] ] ] ] } },
{ "type": "Feature", "properties": { "LAYER": "PARCELARIO_BASE_CATASTRO", "MAP_NAME": "1010_2025.dwg", "ccpp1": "1010 131", "LAYER_2": "PADRONES_2_VISTALBA" }, "geometry": { "type": "MultiPolygon", "coordinates": [ [ [ [ -68.904877148150192, -33.035831187305142, 0.0 ], [ -68.905044186421947, -33.035819934471981, 0.0 ], [ -68.905211210609551, -33.035808682361122, 0.0 ], [ -68.904717215275255, -33.035099828081151, 0.0 ], [ -68.904507739869644, -33.03479259545103, 0.0 ], [ -68.904248954430528, -33.034919257533772, 0.0 ], [ -68.904877148150192, -33.035831187305142, 0.0 ] ] ] ] } },
{ "type": "Feature", "properties": { "LAYER": "PARCELARIO_BASE_CATASTRO", "MAP_NAME": "1010_2025.dwg", "ccpp1": "1919 557", "LAYER_2": "PADRONES_2_VISTALBA" }, "geometry": { "type": "MultiPolygon", "coordinates": [ [ [ [ -68.904181351724375, -33.03471983396711, 0.0 ], [ -68.904129211746536, -33.034745428144916, 0.0 ], [ -68.904248954458765, -33.034919257519917, 0.0 ], [ -68.904507777583987, -33.034792650762661, 0.0 ], [ -68.904166773411873, -33.03429253291101, 0.0 ], [ -68.903507902470679, -33.03461482602436, 0.0 ], [ -68.903731793797064, -33.03493982851699, 0.0 ], [ -68.903953602725949, -33.03483142447152, 0.0 ], [ -68.90382444149671, -33.03464392088793, 0.0 ], [ -68.904052250923115, -33.034532583621804, 0.0 ], [ -68.904181351724375, -33.03471983396711, 0.0 ] ] ] ] } },
{ "type": "Feature", "properties": { "LAYER": "PARCELARIO_BASE_CATASTRO", "MAP_NAME": "1010_2025.dwg", "ccpp1": "1010 359", "LAYER_2": "PADRONES_2_VISTALBA" }, "geometry": { "type": "MultiPolygon", "coordinates": [ [ [ [ -68.907492256919795, -33.013302159833664, 0.0 ], [ -68.907696002862622, -33.013323057302337, 0.0 ], [ -68.907698899965652, -33.013301452615998, 0.0 ], [ -68.907763627110043, -33.012818736643467, 0.0 ], [ -68.907623654683903, -33.012806298221577, 0.0 ], [ -68.907548047895204, -33.012854301504063, 0.0 ], [ -68.907495123430238, -33.013279152123687, 0.0 ], [ -68.907492256919795, -33.013302159833664, 0.0 ] ] ] ] } },
{ "type": "Feature", "properties": { "LAYER": "PARCELARIO_BASE_CATASTRO", "MAP_NAME": "1010_2025.dwg", "ccpp1": "1010 379", "LAYER_2": "PADRONES_2_VISTALBA" }, "geometry": { "type": "MultiPolygon", "coordinates": [ [ [ [ -68.895068038756506, -32.996978393369957, 0.0 ], [ -68.895133942617562, -32.997167983915148, 0.0 ], [ -68.89539117204869, -32.997104489928539, 0.0 ], [ -68.895376036662412, -32.997062760266182, 0.0 ], [ -68.895340736853868, -32.996965703941171, 0.0 ], [ -68.895068038756506, -32.996978393369957, 0.0 ] ] ] ] } },
{ "type": "Feature", "properties": { "LAYER": "PARCELARIO_BASE_CATASTRO", "MAP_NAME": "1010_2025.dwg", "ccpp1": "1010 381", "LAYER_2": "PADRONES_2_VISTALBA" }, "geometry": { "type": "MultiPolygon", "coordinates": [ [ [ [ -68.895330184005047, -32.99738380263048, 0.0 ], [ -68.895346565528158, -32.997431370796278, 0.0 ], [ -68.895235187875301, -32.997459517000138, 0.0 ], [ -68.895236245609638, -32.997462671953059, 0.0 ], [ -68.895258032735839, -32.99752573727573, 0.0 ], [ -68.895386455864696, -32.997897541345814, 0.0 ], [ -68.895718418211828, -32.997886576057518, 0.0 ], [ -68.895529566188415, -32.997332329696228, 0.0 ], [ -68.895330184005047, -32.99738380263048, 0.0 ] ] ] ] } },
{ "type": "Feature", "properties": { "LAYER": "PARCELARIO_BASE_CATASTRO", "MAP_NAME": "1010_2025.dwg", "ccpp1": "1010 610", "LAYER_2": "PADRONES_2_VISTALBA" }, "geometry": { "type": "MultiPolygon", "coordinates": [ [ [ [ -68.89727360519403, -33.003350281004586, 0.0 ], [ -68.897255292511403, -33.003596900446816, 0.0 ], [ -68.897600500908709, -33.003597395078373, 0.0 ], [ -68.8976069434663, -33.003298628240842, 0.0 ], [ -68.89727360519403, -33.003350281004586, 0.0 ] ] ] ] } },
{ "type": "Feature", "properties": { "LAYER": "PARCELARIO_BASE_CATASTRO", "MAP_NAME": "1010_2025.dwg", "ccpp1": "1010 370", "LAYER_2": "PADRONES_2_VISTALBA" }, "geometry": { "type": "MultiPolygon", "coordinates": [ [ [ [ -68.897022889691556, -33.003142119116404, 0.0 ], [ -68.897019865556018, -33.003192825074528, 0.0 ], [ -68.897008579784568, -33.003380273291363, 0.0 ], [ -68.897079957609506, -33.003379008497618, 0.0 ], [ -68.89727360519403, -33.003350281004586, 0.0 ], [ -68.8976069434663, -33.003298628240842, 0.0 ], [ -68.897612329664753, -33.003053706808906, 0.0 ], [ -68.897022889691556, -33.003142119116404, 0.0 ] ] ] ] } },
{ "type": "Feature", "properties": { "LAYER": "PARCELARIO_BASE_CATASTRO", "MAP_NAME": "1010_2025.dwg", "ccpp1": "1010 369", "LAYER_2": "PADRONES_2_VISTALBA" }, "geometry": { "type": "MultiPolygon", "coordinates": [ [ [ [ -68.897089837605662, -33.002939537072997, 0.0 ], [ -68.897028084642358, -33.002935165320523, 0.0 ], [ -68.897024808564097, -33.003074709600376, 0.0 ], [ -68.897022889691556, -33.003142119116404, 0.0 ], [ -68.897612329664753, -33.003053706808906, 0.0 ], [ -68.89761630955168, -33.002863603410475, 0.0 ], [ -68.897089837605662, -33.002939537072997, 0.0 ] ] ] ] } },
{ "type": "Feature", "properties": { "LAYER": "PARCELARIO_BASE_CATASTRO", "MAP_NAME": "1010_2025.dwg", "ccpp1": "1010 903", "LAYER_2": "PADRONES_2_VISTALBA" }, "geometry": { "type": "MultiPolygon", "coordinates": [ [ [ [ -68.897099620270311, -33.002711940471329, 0.0 ], [ -68.897091235065474, -33.00285941709889, 0.0 ], [ -68.897089837605662, -33.002939537072997, 0.0 ], [ -68.89761630955168, -33.002863603410475, 0.0 ], [ -68.897620222116615, -33.002641904320726, 0.0 ], [ -68.897099620270311, -33.002711940471329, 0.0 ] ] ] ] } },
{ "type": "Feature", "properties": { "LAYER": "PARCELARIO_BASE_CATASTRO", "MAP_NAME": "1010_2025.dwg", "ccpp1": "1010 243", "LAYER_2": "PADRONES_2_VISTALBA" }, "geometry": { "type": "MultiPolygon", "coordinates": [ [ [ [ -68.897624700308896, -33.002427985347957, 0.0 ], [ -68.897121679985631, -33.002484313403045, 0.0 ], [ -68.897112786920104, -33.002483970650594, 0.0 ], [ -68.897101954260762, -33.002671529415075, 0.0 ], [ -68.897623200101734, -33.002601406584091, 0.0 ], [ -68.897624700308896, -33.002427985347957, 0.0 ] ] ] ] } },
{ "type": "Feature", "properties": { "LAYER": "PARCELARIO_BASE_CATASTRO", "MAP_NAME": "1010_2025.dwg", "ccpp1": "1010 648", "LAYER_2": "PADRONES_2_VISTALBA" }, "geometry": { "type": "MultiPolygon", "coordinates": [ [ [ [ -68.896605074771259, -33.002275129661655, 0.0 ], [ -68.896984886029685, -33.002283455945339, 0.0 ], [ -68.896993689926759, -33.002092553131945, 0.0 ], [ -68.897001713683323, -33.001864827919562, 0.0 ], [ -68.896627366397396, -33.001843215506646, 0.0 ], [ -68.89656329034537, -33.001839479085795, 0.0 ], [ -68.896540899783346, -33.002273378638016, 0.0 ], [ -68.896605074771259, -33.002275129661655, 0.0 ] ] ] ] } },
{ "type": "Feature", "properties": { "LAYER": "PARCELARIO_BASE_CATASTRO", "MAP_NAME": "1010_2025.dwg", "ccpp1": "1010 819", "LAYER_2": "PADRONES_2_VISTALBA" }, "geometry": { "type": "MultiPolygon", "coordinates": [ [ [ [ -68.895713596948184, -33.003161770780892, 0.0 ], [ -68.895685667568543, -33.003557282916255, 0.0 ], [ -68.89603756867794, -33.003565562613069, 0.0 ], [ -68.896063820618465, -33.00317196776755, 0.0 ], [ -68.896042224798322, -33.003171310497422, 0.0 ], [ -68.895877715117138, -33.003166928304672, 0.0 ], [ -68.895713596948184, -33.003161770780892, 0.0 ] ] ] ] } },
{ "type": "Feature", "properties": { "LAYER": "PARCELARIO_BASE_CATASTRO", "MAP_NAME": "1010_2025.dwg", "ccpp1": "1010 872", "LAYER_2": "PADRONES_2_VISTALBA" }, "geometry": { "type": "MultiPolygon", "coordinates": [ [ [ [ -68.897008579784568, -33.003380273291363, 0.0 ], [ -68.896997813871678, -33.003596404240838, 0.0 ], [ -68.897255292511403, -33.003596900446816, 0.0 ], [ -68.89727360519403, -33.003350281004586, 0.0 ], [ -68.897079957609506, -33.003379008497618, 0.0 ], [ -68.897008579784568, -33.003380273291363, 0.0 ] ] ] ] } },
{ "type": "Feature", "properties": { "LAYER": "PARCELARIO_BASE_CATASTRO", "MAP_NAME": "1010_2025.dwg", "ccpp1": "1010 2168", "LAYER_2": "PADRONES_2_VISTALBA" }, "geometry": { "type": "MultiPolygon", "coordinates": [ [ [ [ -68.896731062654624, -33.001220903104425, 0.0 ], [ -68.896484018163804, -33.001206235618348, 0.0 ], [ -68.896480983297749, -33.001287915951785, 0.0 ], [ -68.896459208642796, -33.001688091546171, 0.0 ], [ -68.897231174443775, -33.001733686988068, 0.0 ], [ -68.897244772347946, -33.001492357335763, 0.0 ], [ -68.897258040250463, -33.001252248270596, 0.0 ], [ -68.89712413689854, -33.001244228495338, 0.0 ], [ -68.897008734757236, -33.001237384298172, 0.0 ], [ -68.896731062654624, -33.001220903104425, 0.0 ] ] ] ] } },
{ "type": "Feature", "properties": { "LAYER": "PARCELARIO_BASE_CATASTRO", "MAP_NAME": "1010_2025.dwg", "ccpp1": "1010 2168", "LAYER_2": "PADRONES_2_VISTALBA" }, "geometry": { "type": "MultiPolygon", "coordinates": [ [ [ [ -68.896868133785006, -33.00140696369261, 0.0 ], [ -68.896954381928651, -33.00141208429946, 0.0 ], [ -68.897248243723212, -33.001429530492899, 0.0 ], [ -68.897258040250463, -33.001252248270596, 0.0 ], [ -68.896881565909922, -33.001229837788344, 0.0 ], [ -68.896868133785006, -33.00140696369261, 0.0 ] ] ] ] } },
{ "type": "Feature", "properties": { "LAYER": "PARCELARIO_BASE_CATASTRO", "MAP_NAME": "1010_2025.dwg", "ccpp1": "1010 725", "LAYER_2": "PADRONES_2_VISTALBA" }, "geometry": { "type": "MultiPolygon", "coordinates": [ [ [ [ -68.897258040250463, -33.001252248270596, 0.0 ], [ -68.897244772347946, -33.001492357335763, 0.0 ], [ -68.897659028815838, -33.001518229883708, 0.0 ], [ -68.897673508867967, -33.001277693970643, 0.0 ], [ -68.897405077826491, -33.001261039711373, 0.0 ], [ -68.897258040250463, -33.001252248270596, 0.0 ] ] ] ] } },
{ "type": "Feature", "properties": { "LAYER": "PARCELARIO_BASE_CATASTRO", "MAP_NAME": "1010_2025.dwg", "ccpp1": "1010 726", "LAYER_2": "PADRONES_2_VISTALBA" }, "geometry": { "type": "MultiPolygon", "coordinates": [ [ [ [ -68.897244772347946, -33.001492357335763, 0.0 ], [ -68.897231179794147, -33.00173368699248, 0.0 ], [ -68.897644534399831, -33.001759003054239, 0.0 ], [ -68.897659028815838, -33.001518229883708, 0.0 ], [ -68.897244772347946, -33.001492357335763, 0.0 ] ] ] ] } },
{ "type": "Feature", "properties": { "LAYER": "PARCELARIO_BASE_CATASTRO", "MAP_NAME": "1010_2025.dwg", "ccpp1": "1010 704", "LAYER_2": "PADRONES_2_VISTALBA" }, "geometry": { "type": "MultiPolygon", "coordinates": [ [ [ [ -68.897142409495615, -33.000884485541107, 0.0 ], [ -68.89712413689854, -33.001244228495338, 0.0 ], [ -68.897258040250463, -33.001252248270596, 0.0 ], [ -68.89740507782858, -33.001261037908037, 0.0 ], [ -68.897427270716506, -33.000901604703387, 0.0 ], [ -68.897142409495615, -33.000884485541107, 0.0 ] ] ] ] } },
{ "type": "Feature", "properties": { "LAYER": "PARCELARIO_BASE_CATASTRO", "MAP_NAME": "1010_2025.dwg", "ccpp1": "1010 724", "LAYER_2": "PADRONES_2_VISTALBA" }, "geometry": { "type": "MultiPolygon", "coordinates": [ [ [ [ -68.897427270716506, -33.000901604703387, 0.0 ], [ -68.897405077826491, -33.001261039711373, 0.0 ], [ -68.897673508867967, -33.001277693970643, 0.0 ], [ -68.897694218271567, -33.00091764636246, 0.0 ], [ -68.897427270716506, -33.000901604703387, 0.0 ] ] ] ] } },
{ "type": "Feature", "properties": { "LAYER": "PARCELARIO_BASE_CATASTRO", "MAP_NAME": "1010_2025.dwg", "ccpp1": "1010 599", "LAYER_2": "PADRONES_2_VISTALBA" }, "geometry": { "type": "MultiPolygon", "coordinates": [ [ [ [ -68.896755500324659, -33.0008612329326, 0.0 ], [ -68.896731062654624, -33.001220903104425, 0.0 ], [ -68.897008737962196, -33.001237388809187, 0.0 ], [ -68.897033258804512, -33.000877926036821, 0.0 ], [ -68.896755500324659, -33.0008612329326, 0.0 ] ] ] ] } },
{ "type": "Feature", "properties": { "LAYER": "PARCELARIO_BASE_CATASTRO", "MAP_NAME": "1010_2025.dwg", "ccpp1": "1010 177", "LAYER_2": "PADRONES_2_VISTALBA" }, "geometry": { "type": "MultiPolygon", "coordinates": [ [ [ [ -68.89590079109152, -33.000141573452098, 0.0 ], [ -68.89589640468327, -33.000209409691436, 0.0 ], [ -68.896323163706398, -33.000237096759314, 0.0 ], [ -68.896326616041165, -33.000156296798878, 0.0 ], [ -68.89633342377013, -32.999940000333147, 0.0 ], [ -68.895935411172374, -32.999921244214022, 0.0 ], [ -68.895915141019785, -33.0001428242103, 0.0 ], [ -68.89590079109152, -33.000141573452098, 0.0 ] ] ] ] } },
{ "type": "Feature", "properties": { "LAYER": "PARCELARIO_BASE_CATASTRO", "MAP_NAME": "1010_2025.dwg", "ccpp1": "1010 767", "LAYER_2": "PADRONES_2_VISTALBA" }, "geometry": { "type": "MultiPolygon", "coordinates": [ [ [ [ -68.896371237710056, -32.999659869904427, 0.0 ], [ -68.895891723639792, -32.999572706238503, 0.0 ], [ -68.895882412904157, -32.999733260902197, 0.0 ], [ -68.89587114920414, -32.999913928529722, 0.0 ], [ -68.895849248270352, -33.000137209520197, 0.0 ], [ -68.895859971415433, -33.000138015547428, 0.0 ], [ -68.895915141019785, -33.0001428242103, 0.0 ], [ -68.895935411172374, -32.999921244214022, 0.0 ], [ -68.896360885541455, -32.999941294406575, 0.0 ], [ -68.896371237710056, -32.999659869904427, 0.0 ] ] ] ] } },
{ "type": "Feature", "properties": { "LAYER": "PARCELARIO_BASE_CATASTRO", "MAP_NAME": "1010_2025.dwg", "ccpp1": "1010 444", "LAYER_2": "PADRONES_2_VISTALBA" }, "geometry": { "type": "MultiPolygon", "coordinates": [ [ [ [ -68.89589640468327, -33.000209409691436, 0.0 ], [ -68.895885310591467, -33.000386488003201, 0.0 ], [ -68.89609783874198, -33.000401563349506, 0.0 ], [ -68.896315483370358, -33.000416869319395, 0.0 ], [ -68.896323163706398, -33.000237096759314, 0.0 ], [ -68.89589640468327, -33.000209409691436, 0.0 ] ] ] ] } },
{ "type": "Feature", "properties": { "LAYER": "PARCELARIO_BASE_CATASTRO", "MAP_NAME": "1010_2025.dwg", "ccpp1": "1010 583", "LAYER_2": "PADRONES_2_VISTALBA" }, "geometry": { "type": "MultiPolygon", "coordinates": [ [ [ [ -68.897756280103536, -32.999936834719065, 0.0 ], [ -68.896371237710056, -32.999659869904427, 0.0 ], [ -68.896360885541455, -32.999941294406575, 0.0 ], [ -68.896695911021411, -32.999963789343084, 0.0 ], [ -68.897152690211811, -32.999989341281577, 0.0 ], [ -68.89775181721167, -33.000022852798871, 0.0 ], [ -68.897756280103536, -32.999936834719065, 0.0 ] ] ] ] } },
{ "type": "Feature", "properties": { "LAYER": "PARCELARIO_BASE_CATASTRO", "MAP_NAME": "1010_2025.dwg", "ccpp1": "1010 1192", "LAYER_2": "PADRONES_2_VISTALBA" }, "geometry": { "type": "MultiPolygon", "coordinates": [ [ [ [ -68.896750910314054, -33.000353630447457, 0.0 ], [ -68.897129437682267, -33.000373162158297, 0.0 ], [ -68.897141859280111, -33.00016812036371, 0.0 ], [ -68.897152690211811, -32.999989341281577, 0.0 ], [ -68.896695911021411, -32.999963789343084, 0.0 ], [ -68.896675151650186, -33.000352410919128, 0.0 ], [ -68.896722717380484, -33.000351899352893, 0.0 ], [ -68.896750910314054, -33.000353630447457, 0.0 ] ] ] ] } },
{ "type": "Feature", "properties": { "LAYER": "PARCELARIO_BASE_CATASTRO", "MAP_NAME": "1010_2025.dwg", "ccpp1": "1010 241", "LAYER_2": "PADRONES_2_VISTALBA" }, "geometry": { "type": "MultiPolygon", "coordinates": [ [ [ [ -68.896998069568511, -33.000721529205833, 0.0 ], [ -68.897021519177017, -33.000367593699885, 0.0 ], [ -68.896764950767107, -33.000354355284522, 0.0 ], [ -68.896750916900331, -33.000353487988036, 0.0 ], [ -68.896750910314054, -33.000353630447457, 0.0 ], [ -68.896750063389533, -33.000370603804583, 0.0 ], [ -68.896733422834174, -33.000704106593581, 0.0 ], [ -68.896998069568511, -33.000721529205833, 0.0 ] ] ] ] } },
{ "type": "Feature", "properties": { "LAYER": "PARCELARIO_BASE_CATASTRO", "MAP_NAME": "1010_2025.dwg", "ccpp1": "1010 554", "LAYER_2": "PADRONES_2_VISTALBA" }, "geometry": { "type": "MultiPolygon", "coordinates": [ [ [ [ -68.897166046943241, -32.999403320289197, 0.0 ], [ -68.897159355632809, -32.999565925821706, 0.0 ], [ -68.897775606835751, -32.999668222193911, 0.0 ], [ -68.897779994184773, -32.999479717692587, 0.0 ], [ -68.897166046943241, -32.999403320289197, 0.0 ] ] ] ] } },
{ "type": "Feature", "properties": { "LAYER": "PARCELARIO_BASE_CATASTRO", "MAP_NAME": "1010_2025.dwg", "ccpp1": "1010 559", "LAYER_2": "PADRONES_2_VISTALBA" }, "geometry": { "type": "MultiPolygon", "coordinates": [ [ [ [ -68.897159355632809, -32.999565925821706, 0.0 ], [ -68.897152044121512, -32.999749353253108, 0.0 ], [ -68.897757642311646, -32.999861659462951, 0.0 ], [ -68.897758917404147, -32.999851808790325, 0.0 ], [ -68.897775610046907, -32.999668221294876, 0.0 ], [ -68.897159355632809, -32.999565925821706, 0.0 ] ] ] ] } },
{ "type": "Feature", "properties": { "LAYER": "PARCELARIO_BASE_CATASTRO", "MAP_NAME": "1010_2025.dwg", "ccpp1": "1010 555", "LAYER_2": "PADRONES_2_VISTALBA" }, "geometry": { "type": "MultiPolygon", "coordinates": [ [ [ [ -68.896908191542053, -32.999369223528255, 0.0 ], [ -68.896894961352388, -32.999695027990683, 0.0 ], [ -68.897152044121512, -32.999749353253108, 0.0 ], [ -68.897159355632809, -32.999565925821706, 0.0 ], [ -68.897166046943241, -32.999403320289197, 0.0 ], [ -68.896908191542053, -32.999369223528255, 0.0 ] ] ] ] } },
{ "type": "Feature", "properties": { "LAYER": "PARCELARIO_BASE_CATASTRO", "MAP_NAME": "1010_2025.dwg", "ccpp1": "1010 556", "LAYER_2": "PADRONES_2_VISTALBA" }, "geometry": { "type": "MultiPolygon", "coordinates": [ [ [ [ -68.896622882578143, -32.999332036903304, 0.0 ], [ -68.896616005764557, -32.999636338908921, 0.0 ], [ -68.896894961352388, -32.999695027990683, 0.0 ], [ -68.896908191542053, -32.999369223528255, 0.0 ], [ -68.896622882578143, -32.999332036903304, 0.0 ] ] ] ] } },
{ "type": "Feature", "properties": { "LAYER": "PARCELARIO_BASE_CATASTRO", "MAP_NAME": "1010_2025.dwg", "ccpp1": "1010 161", "LAYER_2": "PADRONES_2_VISTALBA" }, "geometry": { "type": "MultiPolygon", "coordinates": [ [ [ [ -68.897260428589377, -32.999320839591512, 0.0 ], [ -68.897787515368734, -32.999398204178952, 0.0 ], [ -68.897814843308879, -32.998947954528468, 0.0 ], [ -68.897270543716317, -32.998949651124207, 0.0 ], [ -68.896451555343958, -32.99896755087525, 0.0 ], [ -68.896408132874157, -32.999195735498056, 0.0 ], [ -68.896678316562074, -32.999235395117772, 0.0 ], [ -68.897260428589377, -32.999320839591512, 0.0 ] ] ] ] } },
{ "type": "Feature", "properties": { "LAYER": "PARCELARIO_BASE_CATASTRO", "MAP_NAME": "1010_2025.dwg", "ccpp1": "1010 702", "LAYER_2": "PADRONES_2_VISTALBA" }, "geometry": { "type": "MultiPolygon", "coordinates": [ [ [ [ -68.897298216007712, -32.998814829059704, 0.0 ], [ -68.897270543716317, -32.998949651124207, 0.0 ], [ -68.897814843308879, -32.998947954528468, 0.0 ], [ -68.897893208640241, -32.998459440661698, 0.0 ], [ -68.897381550059507, -32.998447437310972, 0.0 ], [ -68.897373661977852, -32.998447252295122, 0.0 ], [ -68.897298216007712, -32.998814829059704, 0.0 ] ] ] ] } },
{ "type": "Feature", "properties": { "LAYER": "PARCELARIO_BASE_CATASTRO", "MAP_NAME": "1010_2025.dwg", "ccpp1": "1010 132", "LAYER_2": "PADRONES_2_VISTALBA" }, "geometry": { "type": "MultiPolygon", "coordinates": [ [ [ [ -68.897487486649737, -32.997968151538537, 0.0 ], [ -68.897473933479233, -32.997968310826245, 0.0 ], [ -68.897413600414239, -32.998252669932938, 0.0 ], [ -68.897373661977852, -32.998447252295122, 0.0 ], [ -68.897381550059507, -32.998447437310972, 0.0 ], [ -68.897893208640241, -32.998459440661698, 0.0 ], [ -68.897935224446925, -32.998221669517505, 0.0 ], [ -68.897992271334061, -32.997997318564892, 0.0 ], [ -68.897963101161707, -32.997963011175464, 0.0 ], [ -68.89764101220679, -32.997966343407157, 0.0 ], [ -68.897487486649737, -32.997968151538537, 0.0 ] ] ] ] } },
{ "type": "Feature", "properties": { "LAYER": "PARCELARIO_BASE_CATASTRO", "MAP_NAME": "1010_2025.dwg", "ccpp1": "1010 134", "LAYER_2": "PADRONES_2_VISTALBA" }, "geometry": { "type": "MultiPolygon", "coordinates": [ [ [ [ -68.897071504036916, -32.998256885929059, 0.0 ], [ -68.896812901061253, -32.998259846368455, 0.0 ], [ -68.896756245270566, -32.998545340911505, 0.0 ], [ -68.896992942111197, -32.998548019589464, 0.0 ], [ -68.897025577695715, -32.998524508243293, 0.0 ], [ -68.897071504036916, -32.998256885929059, 0.0 ] ] ] ] } },
{ "type": "Feature", "properties": { "LAYER": "PARCELARIO_BASE_CATASTRO", "MAP_NAME": "1010_2025.dwg", "ccpp1": "1010 133", "LAYER_2": "PADRONES_2_VISTALBA" }, "geometry": { "type": "MultiPolygon", "coordinates": [ [ [ [ -68.896629197079363, -32.997986963598414, 0.0 ], [ -68.896527168699123, -32.998511941380492, 0.0 ], [ -68.896725477837421, -32.998505971474913, 0.0 ], [ -68.896826092910104, -32.997982632608185, 0.0 ], [ -68.896629197079363, -32.997986963598414, 0.0 ] ] ] ] } },
{ "type": "Feature", "properties": { "LAYER": "PARCELARIO_BASE_CATASTRO", "MAP_NAME": "1010_2025.dwg", "ccpp1": "1010 63", "LAYER_2": "PADRONES_2_VISTALBA" }, "geometry": { "type": "MultiPolygon", "coordinates": [ [ [ [ -68.895843591005502, -32.998004240971355, 0.0 ], [ -68.895854164338729, -32.998291692778281, 0.0 ], [ -68.895884924851885, -32.999208930007299, 0.0 ], [ -68.89596760624481, -32.999207870934747, 0.0 ], [ -68.895949158202498, -32.998675878112252, 0.0 ], [ -68.895947007474362, -32.998569175516899, 0.0 ], [ -68.895927310828057, -32.998002400006143, 0.0 ], [ -68.895843591005502, -32.998004240971355, 0.0 ] ] ] ] } },
{ "type": "Feature", "properties": { "LAYER": "PARCELARIO_BASE_CATASTRO", "MAP_NAME": "1010_2025.dwg", "ccpp1": "1010 65", "LAYER_2": "PADRONES_2_VISTALBA" }, "geometry": { "type": "MultiPolygon", "coordinates": [ [ [ [ -68.895927310828057, -32.998002400006143, 0.0 ], [ -68.895947007474362, -32.998569175516899, 0.0 ], [ -68.895949158202498, -32.998675878112252, 0.0 ], [ -68.89596760624481, -32.999207870934747, 0.0 ], [ -68.896133071581673, -32.999204069280658, 0.0 ], [ -68.896104957685424, -32.998444060569888, 0.0 ], [ -68.896105383777154, -32.998234788085988, 0.0 ], [ -68.89609296974011, -32.997998757067627, 0.0 ], [ -68.896011118259125, -32.998000557058141, 0.0 ], [ -68.895927310828057, -32.998002400006143, 0.0 ] ] ] ] } },
{ "type": "Feature", "properties": { "LAYER": "PARCELARIO_BASE_CATASTRO", "MAP_NAME": "1010_2025.dwg", "ccpp1": "1010 55", "LAYER_2": "PADRONES_2_VISTALBA" }, "geometry": { "type": "MultiPolygon", "coordinates": [ [ [ [ -68.89609296974011, -32.997998757067627, 0.0 ], [ -68.896105383777154, -32.998234788085988, 0.0 ], [ -68.896104957685424, -32.998444060569888, 0.0 ], [ -68.896133071581673, -32.999204069280658, 0.0 ], [ -68.896247629707389, -32.999199237775635, 0.0 ], [ -68.896408132874157, -32.999195735498056, 0.0 ], [ -68.89645435571218, -32.998952832426298, 0.0 ], [ -68.896527168699123, -32.998511941380492, 0.0 ], [ -68.896629197079363, -32.997986963598414, 0.0 ], [ -68.89609296974011, -32.997998757067627, 0.0 ] ] ] ] } },
{ "type": "Feature", "properties": { "LAYER": "PARCELARIO_BASE_CATASTRO", "MAP_NAME": "1010_2025.dwg", "ccpp1": "1010 418", "LAYER_2": "PADRONES_2_VISTALBA" }, "geometry": { "type": "MultiPolygon", "coordinates": [ [ [ [ -68.897695954179582, -32.99738194049727, 0.0 ], [ -68.897452191027639, -32.997388766380304, 0.0 ], [ -68.897548239332764, -32.997829566807184, 0.0 ], [ -68.897567063143612, -32.997829660698656, 0.0 ], [ -68.897793777932108, -32.997834687605419, 0.0 ], [ -68.897695954179582, -32.99738194049727, 0.0 ] ] ] ] } },
{ "type": "Feature", "properties": { "LAYER": "PARCELARIO_BASE_CATASTRO", "MAP_NAME": "1010_2025.dwg", "ccpp1": "1010 333", "LAYER_2": "PADRONES_2_VISTALBA" }, "geometry": { "type": "MultiPolygon", "coordinates": [ [ [ [ -68.897452191027639, -32.997388766380304, 0.0 ], [ -68.897132873296428, -32.997401374227408, 0.0 ], [ -68.897151371637634, -32.997486403161943, 0.0 ], [ -68.897228516199476, -32.997838850983101, 0.0 ], [ -68.897548236115384, -32.997829573116292, 0.0 ], [ -68.897452191027639, -32.997388766380304, 0.0 ] ] ] ] } },
{ "type": "Feature", "properties": { "LAYER": "PARCELARIO_BASE_CATASTRO", "MAP_NAME": "1010_2025.dwg", "ccpp1": "1010 430", "LAYER_2": "PADRONES_2_VISTALBA" }, "geometry": { "type": "MultiPolygon", "coordinates": [ [ [ [ -68.897132873296428, -32.997401374227408, 0.0 ], [ -68.896959022118523, -32.997408172874572, 0.0 ], [ -68.897063472538875, -32.997843890639331, 0.0 ], [ -68.897228516199476, -32.997838850983101, 0.0 ], [ -68.897132873296428, -32.997401374227408, 0.0 ] ] ] ] } },
{ "type": "Feature", "properties": { "LAYER": "PARCELARIO_BASE_CATASTRO", "MAP_NAME": "1010_2025.dwg", "ccpp1": "1010 205", "LAYER_2": "PADRONES_2_VISTALBA" }, "geometry": { "type": "MultiPolygon", "coordinates": [ [ [ [ -68.896008799213718, -32.997345603025018, 0.0 ], [ -68.895848425246825, -32.99735126531948, 0.0 ], [ -68.896020030240109, -32.997874673017648, 0.0 ], [ -68.89619147810248, -32.997870571498126, 0.0 ], [ -68.896008799213718, -32.997345603025018, 0.0 ] ] ] ] } },
{ "type": "Feature", "properties": { "LAYER": "PARCELARIO_BASE_CATASTRO", "MAP_NAME": "1010_2025.dwg", "ccpp1": "1010 48", "LAYER_2": "PADRONES_2_VISTALBA" }, "geometry": { "type": "MultiPolygon", "coordinates": [ [ [ [ -68.897751950906411, -32.996059548252859, 0.0 ], [ -68.896814786800661, -32.99610045184815, 0.0 ], [ -68.896648160171338, -32.996107698760753, 0.0 ], [ -68.896749519143469, -32.99652993695149, 0.0 ], [ -68.897833656170448, -32.996481439461732, 0.0 ], [ -68.897751950906411, -32.996059548252859, 0.0 ] ] ] ] } },
{ "type": "Feature", "properties": { "LAYER": "PARCELARIO_BASE_CATASTRO", "MAP_NAME": "1010_2025.dwg", "ccpp1": "1010 446", "LAYER_2": "PADRONES_2_VISTALBA" }, "geometry": { "type": "MultiPolygon", "coordinates": [ [ [ [ -68.897471260463647, -32.994816043321485, 0.0 ], [ -68.897222949337362, -32.994827537523989, 0.0 ], [ -68.897244986405454, -32.99516215723115, 0.0 ], [ -68.897553943557568, -32.995147028510367, 0.0 ], [ -68.897471260463647, -32.994816043321485, 0.0 ] ] ] ] } },
{ "type": "Feature", "properties": { "LAYER": "PARCELARIO_BASE_CATASTRO", "MAP_NAME": "1010_2025.dwg", "ccpp1": "1010 449", "LAYER_2": "PADRONES_2_VISTALBA" }, "geometry": { "type": "MultiPolygon", "coordinates": [ [ [ [ -68.897222949337362, -32.994827537523989, 0.0 ], [ -68.896923982966442, -32.994841500594205, 0.0 ], [ -68.896946235184387, -32.995176923923978, 0.0 ], [ -68.897244986405454, -32.99516215723115, 0.0 ], [ -68.897222949337362, -32.994827537523989, 0.0 ] ] ] ] } },
{ "type": "Feature", "properties": { "LAYER": "PARCELARIO_BASE_CATASTRO", "MAP_NAME": "1010_2025.dwg", "ccpp1": "1010 448", "LAYER_2": "PADRONES_2_VISTALBA" }, "geometry": { "type": "MultiPolygon", "coordinates": [ [ [ [ -68.896923982966442, -32.994841500594205, 0.0 ], [ -68.896801942762607, -32.994847205680827, 0.0 ], [ -68.896803719547236, -32.994874270087706, 0.0 ], [ -68.89661151861101, -32.994882949318345, 0.0 ], [ -68.896631248019219, -32.995192381572302, 0.0 ], [ -68.896946235184387, -32.995176923923978, 0.0 ], [ -68.896923982966442, -32.994841500594205, 0.0 ] ] ] ] } },
{ "type": "Feature", "properties": { "LAYER": "PARCELARIO_BASE_CATASTRO", "MAP_NAME": "1010_2025.dwg", "ccpp1": "1010 450", "LAYER_2": "PADRONES_2_VISTALBA" }, "geometry": { "type": "MultiPolygon", "coordinates": [ [ [ [ -68.897378418936029, -32.994374633925098, 0.0 ], [ -68.89713358217567, -32.994385233638859, 0.0 ], [ -68.897155729103176, -32.994722540473525, 0.0 ], [ -68.897444569000925, -32.994709204212583, 0.0 ], [ -68.897425311689787, -32.994632126551657, 0.0 ], [ -68.897378418936029, -32.994374633925098, 0.0 ] ] ] ] } },
{ "type": "Feature", "properties": { "LAYER": "PARCELARIO_BASE_CATASTRO", "MAP_NAME": "1010_2025.dwg", "ccpp1": "1010 451", "LAYER_2": "PADRONES_2_VISTALBA" }, "geometry": { "type": "MultiPolygon", "coordinates": [ [ [ [ -68.89713358217567, -32.994385233638859, 0.0 ], [ -68.896845202397117, -32.994398496526536, 0.0 ], [ -68.896867249694026, -32.994735887184056, 0.0 ], [ -68.897155729103176, -32.994722540473525, 0.0 ], [ -68.89713358217567, -32.994385233638859, 0.0 ] ] ] ] } },
{ "type": "Feature", "properties": { "LAYER": "PARCELARIO_BASE_CATASTRO", "MAP_NAME": "1010_2025.dwg", "ccpp1": "1010 452", "LAYER_2": "PADRONES_2_VISTALBA" }, "geometry": { "type": "MultiPolygon", "coordinates": [ [ [ [ -68.896845202397117, -32.994398496526536, 0.0 ], [ -68.896581334147612, -32.994410520312158, 0.0 ], [ -68.896601180978806, -32.994720930109381, 0.0 ], [ -68.89679338060283, -32.994712158020207, 0.0 ], [ -68.896795157382272, -32.994739222427775, 0.0 ], [ -68.896867249694026, -32.994735887184056, 0.0 ], [ -68.896845202397117, -32.994398496526536, 0.0 ] ] ] ] } },
{ "type": "Feature", "properties": { "LAYER": "PARCELARIO_BASE_CATASTRO", "MAP_NAME": "1010_2025.dwg", "ccpp1": "1010 332", "LAYER_2": "PADRONES_2_VISTALBA" }, "geometry": { "type": "MultiPolygon", "coordinates": [ [ [ [ -68.896581334147612, -32.994410520312158, 0.0 ], [ -68.896507107365892, -32.994413942888031, 0.0 ], [ -68.896281651557615, -32.994424112467485, 0.0 ], [ -68.896317539333552, -32.994808951048974, 0.0 ], [ -68.896318275923264, -32.994815898181493, 0.0 ], [ -68.896606403308809, -32.99480284098513, 0.0 ], [ -68.896601180978806, -32.994720930109381, 0.0 ], [ -68.896581334147612, -32.994410520312158, 0.0 ] ] ] ] } },
{ "type": "Feature", "properties": { "LAYER": "PARCELARIO_BASE_CATASTRO", "MAP_NAME": "1010_2025.dwg", "ccpp1": "1010 447", "LAYER_2": "PADRONES_2_VISTALBA" }, "geometry": { "type": "MultiPolygon", "coordinates": [ [ [ [ -68.896606403308809, -32.99480284098513, 0.0 ], [ -68.896318275923264, -32.994815898181493, 0.0 ], [ -68.896354462720495, -32.995206074905333, 0.0 ], [ -68.896631248019219, -32.995192381572302, 0.0 ], [ -68.89661151861101, -32.994882949318345, 0.0 ], [ -68.896606403308809, -32.99480284098513, 0.0 ] ] ] ] } },
{ "type": "Feature", "properties": { "LAYER": "PARCELARIO_BASE_CATASTRO", "MAP_NAME": "1010_2025.dwg", "ccpp1": "1010 473", "LAYER_2": "PADRONES_2_VISTALBA" }, "geometry": { "type": "MultiPolygon", "coordinates": [ [ [ [ -68.896281651557615, -32.994424112467485, 0.0 ], [ -68.89607470528702, -32.994436195980064, 0.0 ], [ -68.896091275016317, -32.99465629835484, 0.0 ], [ -68.896101188965176, -32.994818401110017, 0.0 ], [ -68.896317539333552, -32.994808951048974, 0.0 ], [ -68.896281651557615, -32.994424112467485, 0.0 ] ] ] ] } },
{ "type": "Feature", "properties": { "LAYER": "PARCELARIO_BASE_CATASTRO", "MAP_NAME": "1010_2025.dwg", "ccpp1": "1010 467", "LAYER_2": "PADRONES_2_VISTALBA" }, "geometry": { "type": "MultiPolygon", "coordinates": [ [ [ [ -68.896317539333552, -32.994808951048974, 0.0 ], [ -68.896101188965176, -32.994818401110017, 0.0 ], [ -68.895994355641434, -32.994823033343316, 0.0 ], [ -68.896018986816003, -32.995221751139603, 0.0 ], [ -68.896354462720495, -32.995206074905333, 0.0 ], [ -68.896318275923264, -32.994815898181493, 0.0 ], [ -68.896317539333552, -32.994808951048974, 0.0 ] ] ] ] } },
{ "type": "Feature", "properties": { "LAYER": "PARCELARIO_BASE_CATASTRO", "MAP_NAME": "1010_2025.dwg", "ccpp1": "1010 468", "LAYER_2": "PADRONES_2_VISTALBA" }, "geometry": { "type": "MultiPolygon", "coordinates": [ [ [ [ -68.895779019481225, -32.994805239515628, 0.0 ], [ -68.895805437340059, -32.995233352617149, 0.0 ], [ -68.896018986816003, -32.995221751139603, 0.0 ], [ -68.895994355641434, -32.994823033343316, 0.0 ], [ -68.895887629305761, -32.994827665574384, 0.0 ], [ -68.895885852797463, -32.994800604761551, 0.0 ], [ -68.895779019481225, -32.994805239515628, 0.0 ] ] ] ] } },
{ "type": "Feature", "properties": { "LAYER": "PARCELARIO_BASE_CATASTRO", "MAP_NAME": "1010_2025.dwg", "ccpp1": "1010 863", "LAYER_2": "PADRONES_2_VISTALBA" }, "geometry": { "type": "MultiPolygon", "coordinates": [ [ [ [ -68.896534055993925, -32.993408100019032, 0.0 ], [ -68.896056516716996, -32.99310898577825, 0.0 ], [ -68.895927952236292, -32.993114510559522, 0.0 ], [ -68.895949686255278, -32.993476740590737, 0.0 ], [ -68.896354090823124, -32.993457396939533, 0.0 ], [ -68.896538380769357, -32.99344941485289, 0.0 ], [ -68.896534055993925, -32.993408100019032, 0.0 ] ] ] ] } },
{ "type": "Feature", "properties": { "LAYER": "PARCELARIO_BASE_CATASTRO", "MAP_NAME": "1010_2025.dwg", "ccpp1": "1010 857", "LAYER_2": "PADRONES_2_VISTALBA" }, "geometry": { "type": "MultiPolygon", "coordinates": [ [ [ [ -68.896354090823124, -32.993457396939533, 0.0 ], [ -68.895949686255278, -32.993476740590737, 0.0 ], [ -68.895822514773982, -32.993482808331429, 0.0 ], [ -68.895842252514569, -32.993744294092181, 0.0 ], [ -68.896151881315944, -32.993730880775878, 0.0 ], [ -68.896381619148798, -32.993721068438838, 0.0 ], [ -68.896354090823124, -32.993457396939533, 0.0 ] ] ] ] } },
{ "type": "Feature", "properties": { "LAYER": "PARCELARIO_BASE_CATASTRO", "MAP_NAME": "1010_2025.dwg", "ccpp1": "1010 1182", "LAYER_2": "PADRONES_2_VISTALBA" }, "geometry": { "type": "MultiPolygon", "coordinates": [ [ [ [ -68.896104020034983, -32.994064266793927, 0.0 ], [ -68.896119962675797, -32.994275307701635, 0.0 ], [ -68.896495158115144, -32.994255988886877, 0.0 ], [ -68.89648697275085, -32.994147828619631, 0.0 ], [ -68.896426008690256, -32.994150277511061, 0.0 ], [ -68.89641936563423, -32.994086679407779, 0.0 ], [ -68.896415675269239, -32.994050957302825, 0.0 ], [ -68.896104020034983, -32.994064266793927, 0.0 ] ] ] ] } },
{ "type": "Feature", "properties": { "LAYER": "PARCELARIO_BASE_CATASTRO", "MAP_NAME": "1010_2025.dwg", "ccpp1": "1010 516", "LAYER_2": "PADRONES_2_VISTALBA" }, "geometry": { "type": "MultiPolygon", "coordinates": [ [ [ [ -68.89641936563423, -32.994086679407779, 0.0 ], [ -68.896426008690256, -32.994150277511061, 0.0 ], [ -68.89648697275085, -32.994147828619631, 0.0 ], [ -68.896495158115144, -32.994255988886877, 0.0 ], [ -68.896507107365892, -32.994413942888031, 0.0 ], [ -68.896581334147612, -32.994410520312158, 0.0 ], [ -68.896845202397117, -32.994398496526536, 0.0 ], [ -68.89713358217567, -32.994385233638859, 0.0 ], [ -68.897378418936029, -32.994374633925098, 0.0 ], [ -68.897331008618721, -32.994114336628684, 0.0 ], [ -68.897319435429722, -32.994050808455604, 0.0 ], [ -68.896603544860469, -32.994079335522926, 0.0 ], [ -68.89641936563423, -32.994086679407779, 0.0 ] ] ] ] } },
{ "type": "Feature", "properties": { "LAYER": "PARCELARIO_BASE_CATASTRO", "MAP_NAME": "1010_2025.dwg", "ccpp1": "1010 860", "LAYER_2": "PADRONES_2_VISTALBA" }, "geometry": { "type": "MultiPolygon", "coordinates": [ [ [ [ -68.896151881315944, -32.993730880775878, 0.0 ], [ -68.896160380236637, -32.993843183638084, 0.0 ], [ -68.89608754734185, -32.993846337523131, 0.0 ], [ -68.896104020034983, -32.994064266793927, 0.0 ], [ -68.896415675269239, -32.994050957302825, 0.0 ], [ -68.896381619148798, -32.993721068438838, 0.0 ], [ -68.896151881315944, -32.993730880775878, 0.0 ] ] ] ] } },
{ "type": "Feature", "properties": { "LAYER": "PARCELARIO_BASE_CATASTRO", "MAP_NAME": "1010_2025.dwg", "ccpp1": "1010 172", "LAYER_2": "PADRONES_2_VISTALBA" }, "geometry": { "type": "MultiPolygon", "coordinates": [ [ [ [ -68.896502873842067, -33.000846049617223, 0.0 ], [ -68.896484018163804, -33.001206235618348, 0.0 ], [ -68.896731062654624, -33.001220903104425, 0.0 ], [ -68.896755500324659, -33.0008612329326, 0.0 ], [ -68.896502873842067, -33.000846049617223, 0.0 ] ] ] ] } },
{ "type": "Feature", "properties": { "LAYER": "PARCELARIO_BASE_CATASTRO", "MAP_NAME": "1010_2025.dwg", "ccpp1": "1010 220", "LAYER_2": "PADRONES_2_VISTALBA" }, "geometry": { "type": "MultiPolygon", "coordinates": [ [ [ [ -68.897459579977692, -32.996679727133682, 0.0 ], [ -68.897462801311349, -32.996929009174799, 0.0 ], [ -68.897509937769769, -32.996927074107596, 0.0 ], [ -68.897903744211803, -32.996917059940571, 0.0 ], [ -68.897863754069903, -32.996668510653656, 0.0 ], [ -68.897459579977692, -32.996679727133682, 0.0 ] ] ] ] } },
{ "type": "Feature", "properties": { "LAYER": "PARCELARIO_BASE_CATASTRO", "MAP_NAME": "1010_2025.dwg", "ccpp1": "1010 1247", "LAYER_2": "PADRONES_2_VISTALBA" }, "geometry": { "type": "MultiPolygon", "coordinates": [ [ [ [ -68.895889007558608, -33.002253359584955, 0.0 ], [ -68.895869288113246, -33.002652320364149, 0.0 ], [ -68.896055143936749, -33.002660384753909, 0.0 ], [ -68.896058875263378, -33.002439605268989, 0.0 ], [ -68.896062964505774, -33.002258527773776, 0.0 ], [ -68.895889007558608, -33.002253359584955, 0.0 ] ] ] ] } },
{ "type": "Feature", "properties": { "LAYER": "PARCELARIO_BASE_CATASTRO", "MAP_NAME": "1010_2025.dwg", "ccpp1": "1010 1075", "LAYER_2": "PADRONES_2_VISTALBA" }, "geometry": { "type": "MultiPolygon", "coordinates": [ [ [ [ -68.906425910352311, -33.029497889426381, 0.0 ], [ -68.906490725871492, -33.03005327793128, 0.0 ], [ -68.906674746022787, -33.030038538101046, 0.0 ], [ -68.906602862170729, -33.029484490595827, 0.0 ], [ -68.906425910352311, -33.029497889426381, 0.0 ] ] ] ] } },
{ "type": "Feature", "properties": { "LAYER": "PARCELARIO_BASE_CATASTRO", "MAP_NAME": "1010_2025.dwg", "ccpp1": "1010 1166", "LAYER_2": "PADRONES_2_VISTALBA" }, "geometry": { "type": "MultiPolygon", "coordinates": [ [ [ [ -68.908720520115551, -33.013421861536493, 0.0 ], [ -68.909114428130692, -33.013458224078725, 0.0 ], [ -68.909114746681823, -33.013454414735484, 0.0 ], [ -68.909135556251726, -33.013205767861628, 0.0 ], [ -68.90874817489177, -33.013171041286789, 0.0 ], [ -68.908721458904154, -33.013413347709708, 0.0 ], [ -68.908720520115551, -33.013421861536493, 0.0 ] ] ] ] } },
{ "type": "Feature", "properties": { "LAYER": "PARCELARIO_BASE_CATASTRO", "MAP_NAME": "1010_2025.dwg", "ccpp1": "1010 1170", "LAYER_2": "PADRONES_2_VISTALBA" }, "geometry": { "type": "MultiPolygon", "coordinates": [ [ [ [ -68.897573415036064, -32.994795317360236, 0.0 ], [ -68.897648869450066, -32.99510141387519, 0.0 ], [ -68.897985385852706, -32.995048426316977, 0.0 ], [ -68.898126204234131, -32.995026318561493, 0.0 ], [ -68.898112031606587, -32.994726061121462, 0.0 ], [ -68.897919888015693, -32.994734575603445, 0.0 ], [ -68.897922703445914, -32.99477986644542, 0.0 ], [ -68.897573415036064, -32.994795317360236, 0.0 ] ] ] ] } },
{ "type": "Feature", "properties": { "LAYER": "PARCELARIO_BASE_CATASTRO", "MAP_NAME": "1010_2025.dwg", "ccpp1": "1010 1047", "LAYER_2": "PADRONES_2_VISTALBA" }, "geometry": { "type": "MultiPolygon", "coordinates": [ [ [ [ -68.90855169786991, -33.004856196628232, 0.0 ], [ -68.908487578850711, -33.005041746085439, 0.0 ], [ -68.908496351965994, -33.00504869451855, 0.0 ], [ -68.909114557798375, -33.005537468491454, 0.0 ], [ -68.909186026159091, -33.00534494961056, 0.0 ], [ -68.90855169786991, -33.004856196628232, 0.0 ] ] ] ] } },
{ "type": "Feature", "properties": { "LAYER": "PARCELARIO_BASE_CATASTRO", "MAP_NAME": "1010_2025.dwg", "ccpp1": "1010 1302", "LAYER_2": "PADRONES_2_VISTALBA" }, "geometry": { "type": "MultiPolygon", "coordinates": [ [ [ [ -68.903384671586863, -33.004878816571448, 0.0 ], [ -68.903069775255545, -33.004864105942907, 0.0 ], [ -68.903040367156848, -33.005583371476497, 0.0 ], [ -68.903348552087948, -33.005585577021769, 0.0 ], [ -68.903384671586863, -33.004878816571448, 0.0 ] ] ] ] } },
{ "type": "Feature", "properties": { "LAYER": "PARCELARIO_BASE_CATASTRO", "MAP_NAME": "1010_2025.dwg", "ccpp1": "1010 595", "LAYER_2": "PADRONES_2_VISTALBA" }, "geometry": { "type": "MultiPolygon", "coordinates": [ [ [ [ -68.90212084803801, -33.005192447418068, 0.0 ], [ -68.90180394336349, -33.005187072512747, 0.0 ], [ -68.90178069816902, -33.005544469455351, 0.0 ], [ -68.902104788903998, -33.005554692956345, 0.0 ], [ -68.90212084803801, -33.005192447418068, 0.0 ] ] ] ] } },
{ "type": "Feature", "properties": { "LAYER": "PARCELARIO_BASE_CATASTRO", "MAP_NAME": "1010_2025.dwg", "ccpp1": "1010 596", "LAYER_2": "PADRONES_2_VISTALBA" }, "geometry": { "type": "MultiPolygon", "coordinates": [ [ [ [ -68.902133480132363, -33.004831539060085, 0.0 ], [ -68.901821218296305, -33.004819939964875, 0.0 ], [ -68.90180394336349, -33.005187072512747, 0.0 ], [ -68.90212084803801, -33.005192447418068, 0.0 ], [ -68.902133480132363, -33.004831539060085, 0.0 ] ] ] ] } },
{ "type": "Feature", "properties": { "LAYER": "PARCELARIO_BASE_CATASTRO", "MAP_NAME": "1010_2025.dwg", "ccpp1": "1010 567", "LAYER_2": "PADRONES_2_VISTALBA" }, "geometry": { "type": "MultiPolygon", "coordinates": [ [ [ [ -68.901328203827944, -33.005171829652824, 0.0 ], [ -68.901305337980503, -33.005530115197253, 0.0 ], [ -68.901588072243058, -33.005538657028282, 0.0 ], [ -68.901619867326175, -33.005501359930285, 0.0 ], [ -68.901631556211328, -33.005173579367757, 0.0 ], [ -68.901328203827944, -33.005171829652824, 0.0 ] ] ] ] } },
{ "type": "Feature", "properties": { "LAYER": "PARCELARIO_BASE_CATASTRO", "MAP_NAME": "1010_2025.dwg", "ccpp1": "1010 533", "LAYER_2": "PADRONES_2_VISTALBA" }, "geometry": { "type": "MultiPolygon", "coordinates": [ [ [ [ -68.900718021509036, -33.004782138427174, 0.0 ], [ -68.900718706785014, -33.004768402843482, 0.0 ], [ -68.900679071949099, -33.005508719410834, 0.0 ], [ -68.90100088846178, -33.005519714361199, 0.0 ], [ -68.901035287677416, -33.004795919992702, 0.0 ], [ -68.900718021509036, -33.004782138427174, 0.0 ] ] ] ] } },
{ "type": "Feature", "properties": { "LAYER": "PARCELARIO_BASE_CATASTRO", "MAP_NAME": "1010_2025.dwg", "ccpp1": "1010 955", "LAYER_2": "PADRONES_2_VISTALBA" }, "geometry": { "type": "MultiPolygon", "coordinates": [ [ [ [ -68.900409004806733, -33.00475798795555, 0.0 ], [ -68.900388647590006, -33.005498796267617, 0.0 ], [ -68.900679071949099, -33.005508719410834, 0.0 ], [ -68.900718703585795, -33.004768392922507, 0.0 ], [ -68.900409004806733, -33.00475798795555, 0.0 ] ] ] ] } },
{ "type": "Feature", "properties": { "LAYER": "PARCELARIO_BASE_CATASTRO", "MAP_NAME": "1010_2025.dwg", "ccpp1": "1010 476", "LAYER_2": "PADRONES_2_VISTALBA" }, "geometry": { "type": "MultiPolygon", "coordinates": [ [ [ [ -68.900102208643659, -33.004749125507061, 0.0 ], [ -68.900092083051561, -33.005001821951005, 0.0 ], [ -68.900078399196701, -33.005232744576006, 0.0 ], [ -68.900067413713941, -33.005487819643413, 0.0 ], [ -68.900388647590006, -33.005498796267617, 0.0 ], [ -68.900409004806733, -33.00475798795555, 0.0 ], [ -68.900102208643659, -33.004749125507061, 0.0 ] ] ] ] } },
{ "type": "Feature", "properties": { "LAYER": "PARCELARIO_BASE_CATASTRO", "MAP_NAME": "1010_2025.dwg", "ccpp1": "1010 1179", "LAYER_2": "PADRONES_2_VISTALBA" }, "geometry": { "type": "MultiPolygon", "coordinates": [ [ [ [ -68.899605690012621, -33.005061180423297, 0.0 ], [ -68.899289897932107, -33.005057338238558, 0.0 ], [ -68.899279684238465, -33.005456110496851, 0.0 ], [ -68.899546696095484, -33.005465587658534, 0.0 ], [ -68.899589270639325, -33.005429835305591, 0.0 ], [ -68.899605690012621, -33.005061180423297, 0.0 ] ] ] ] } },
{ "type": "Feature", "properties": { "LAYER": "PARCELARIO_BASE_CATASTRO", "MAP_NAME": "1010_2025.dwg", "ccpp1": "1010 1303", "LAYER_2": "PADRONES_2_VISTALBA" }, "geometry": { "type": "MultiPolygon", "coordinates": [ [ [ [ -68.902763574731736, -33.004853082868408, 0.0 ], [ -68.902729483204766, -33.005576466238757, 0.0 ], [ -68.903040367156848, -33.005583371476497, 0.0 ], [ -68.90306977311532, -33.004864105941238, 0.0 ], [ -68.902921416641931, -33.00485762572967, 0.0 ], [ -68.902763574731736, -33.004853082868408, 0.0 ] ] ] ] } },
{ "type": "Feature", "properties": { "LAYER": "PARCELARIO_BASE_CATASTRO", "MAP_NAME": "1010_2025.dwg", "ccpp1": "1010 1304", "LAYER_2": "PADRONES_2_VISTALBA" }, "geometry": { "type": "MultiPolygon", "coordinates": [ [ [ [ -68.902450009162123, -33.004844560848213, 0.0 ], [ -68.902415187505113, -33.005568818185779, 0.0 ], [ -68.902729483204766, -33.005576466238757, 0.0 ], [ -68.902763570453274, -33.004853081061718, 0.0 ], [ -68.902450009162123, -33.004844560848213, 0.0 ] ] ] ] } },
{ "type": "Feature", "properties": { "LAYER": "PARCELARIO_BASE_CATASTRO", "MAP_NAME": "1010_2025.dwg", "ccpp1": "1010 566", "LAYER_2": "PADRONES_2_VISTALBA" }, "geometry": { "type": "MultiPolygon", "coordinates": [ [ [ [ -68.90165644781365, -33.004815149507124, 0.0 ], [ -68.901346296531557, -33.004803395798476, 0.0 ], [ -68.901328203827944, -33.005171829652824, 0.0 ], [ -68.901631556211328, -33.005173579367757, 0.0 ], [ -68.90165644781365, -33.004815149507124, 0.0 ] ] ] ] } },
{ "type": "Feature", "properties": { "LAYER": "PARCELARIO_BASE_CATASTRO", "MAP_NAME": "1010_2025.dwg", "ccpp1": "1010 576", "LAYER_2": "PADRONES_2_VISTALBA" }, "geometry": { "type": "MultiPolygon", "coordinates": [ [ [ [ -68.901035282326859, -33.004795919988453, 0.0 ], [ -68.90100088846178, -33.005519714361199, 0.0 ], [ -68.901305337980503, -33.005530115197253, 0.0 ], [ -68.901328203827944, -33.005171829652824, 0.0 ], [ -68.901346297601663, -33.004803395799321, 0.0 ], [ -68.901035282326859, -33.004795919988453, 0.0 ] ] ] ] } },
{ "type": "Feature", "properties": { "LAYER": "PARCELARIO_BASE_CATASTRO", "MAP_NAME": "1010_2025.dwg", "ccpp1": "1010 941", "LAYER_2": "PADRONES_2_VISTALBA" }, "geometry": { "type": "MultiPolygon", "coordinates": [ [ [ [ -68.908735051656947, -33.004326497044246, 0.0 ], [ -68.908713683062956, -33.004388496886499, 0.0 ], [ -68.908686225104503, -33.004467526731553, 0.0 ], [ -68.909327134080556, -33.004964205060958, 0.0 ], [ -68.909378655431226, -33.004825336603403, 0.0 ], [ -68.909026691092265, -33.004552453495734, 0.0 ], [ -68.908735051656947, -33.004326497044246, 0.0 ] ] ] ] } },
{ "type": "Feature", "properties": { "LAYER": "PARCELARIO_BASE_CATASTRO", "MAP_NAME": "1010_2025.dwg", "ccpp1": "1010 398", "LAYER_2": "PADRONES_2_VISTALBA" }, "geometry": { "type": "MultiPolygon", "coordinates": [ [ [ [ -68.90879701809979, -33.004147798602197, 0.0 ], [ -68.908735051656947, -33.004326497044246, 0.0 ], [ -68.909026691092265, -33.004552453495734, 0.0 ], [ -68.909169763093658, -33.004428625930807, 0.0 ], [ -68.90879701809979, -33.004147798602197, 0.0 ] ] ] ] } },
{ "type": "Feature", "properties": { "LAYER": "PARCELARIO_BASE_CATASTRO", "MAP_NAME": "1010_2025.dwg", "ccpp1": "1010 399", "LAYER_2": "PADRONES_2_VISTALBA" }, "geometry": { "type": "MultiPolygon", "coordinates": [ [ [ [ -68.908891990611338, -33.003873220156031, 0.0 ], [ -68.90881571339763, -33.004094180573595, 0.0 ], [ -68.909186858734529, -33.004373653269376, 0.0 ], [ -68.909247865722577, -33.004172777186106, 0.0 ], [ -68.909261713408341, -33.00412730311043, 0.0 ], [ -68.909103080355663, -33.003999858436266, 0.0 ], [ -68.90889648475995, -33.003875567793422, 0.0 ], [ -68.908891990611338, -33.003873220156031, 0.0 ] ] ] ] } },
{ "type": "Feature", "properties": { "LAYER": "PARCELARIO_BASE_CATASTRO", "MAP_NAME": "1010_2025.dwg", "ccpp1": "1010 880", "LAYER_2": "PADRONES_2_VISTALBA" }, "geometry": { "type": "MultiPolygon", "coordinates": [ [ [ [ -68.908543732839746, -33.003660654169444, 0.0 ], [ -68.908472493112015, -33.00387630089125, 0.0 ], [ -68.908805030858701, -33.004125090337055, 0.0 ], [ -68.90881571339763, -33.004094180573595, 0.0 ], [ -68.908891990611338, -33.003873220156031, 0.0 ], [ -68.908685931331945, -33.003760737903157, 0.0 ], [ -68.908543732839746, -33.003660654169444, 0.0 ] ] ] ] } },
{ "type": "Feature", "properties": { "LAYER": "PARCELARIO_BASE_CATASTRO", "MAP_NAME": "1010_2025.dwg", "ccpp1": "1010 879", "LAYER_2": "PADRONES_2_VISTALBA" }, "geometry": { "type": "MultiPolygon", "coordinates": [ [ [ [ -68.908472493112015, -33.00387630089125, 0.0 ], [ -68.908460211376791, -33.003913788081633, 0.0 ], [ -68.908389719246983, -33.004127360538902, 0.0 ], [ -68.908713683062956, -33.004388496886499, 0.0 ], [ -68.908735051656947, -33.004326497044246, 0.0 ], [ -68.90879701809979, -33.004147798602197, 0.0 ], [ -68.908802787431085, -33.004130767453319, 0.0 ], [ -68.908805030858701, -33.004125090337055, 0.0 ], [ -68.908472493112015, -33.00387630089125, 0.0 ] ] ] ] } },
{ "type": "Feature", "properties": { "LAYER": "PARCELARIO_BASE_CATASTRO", "MAP_NAME": "1010_2025.dwg", "ccpp1": "1010 878", "LAYER_2": "PADRONES_2_VISTALBA" }, "geometry": { "type": "MultiPolygon", "coordinates": [ [ [ [ -68.908389719246983, -33.004127360538902, 0.0 ], [ -68.908368249448657, -33.004192873179001, 0.0 ], [ -68.90828888581602, -33.0044332107164, 0.0 ], [ -68.908611536895961, -33.004683444189752, 0.0 ], [ -68.90861923067456, -33.004660914236901, 0.0 ], [ -68.908686225104503, -33.004467526731553, 0.0 ], [ -68.908713683062956, -33.004388496886499, 0.0 ], [ -68.908389719246983, -33.004127360538902, 0.0 ] ] ] ] } },
{ "type": "Feature", "properties": { "LAYER": "PARCELARIO_BASE_CATASTRO", "MAP_NAME": "1010_2025.dwg", "ccpp1": "1010 831", "LAYER_2": "PADRONES_2_VISTALBA" }, "geometry": { "type": "MultiPolygon", "coordinates": [ [ [ [ -68.908055059635061, -33.003905338283367, 0.0 ], [ -68.907956808212617, -33.004188830344539, 0.0 ], [ -68.9081438260704, -33.00434574158632, 0.0 ], [ -68.908280018848572, -33.004460154392895, 0.0 ], [ -68.90828888581602, -33.0044332107164, 0.0 ], [ -68.908368249448657, -33.004192873179001, 0.0 ], [ -68.908055059635061, -33.003905338283367, 0.0 ] ] ] ] } },
{ "type": "Feature", "properties": { "LAYER": "PARCELARIO_BASE_CATASTRO", "MAP_NAME": "1010_2025.dwg", "ccpp1": "1010 832", "LAYER_2": "PADRONES_2_VISTALBA" }, "geometry": { "type": "MultiPolygon", "coordinates": [ [ [ [ -68.908149139326895, -33.003634103150794, 0.0 ], [ -68.908140276032896, -33.003659604141959, 0.0 ], [ -68.908055059635061, -33.003905338283367, 0.0 ], [ -68.908368249448657, -33.004192873179001, 0.0 ], [ -68.908389719246983, -33.004127360538902, 0.0 ], [ -68.908460211376791, -33.003913788081633, 0.0 ], [ -68.908149139326895, -33.003634103150794, 0.0 ] ] ] ] } },
{ "type": "Feature", "properties": { "LAYER": "PARCELARIO_BASE_CATASTRO", "MAP_NAME": "1010_2025.dwg", "ccpp1": "1010 833", "LAYER_2": "PADRONES_2_VISTALBA" }, "geometry": { "type": "MultiPolygon", "coordinates": [ [ [ [ -68.908219081336156, -33.003432164734271, 0.0 ], [ -68.908149139326895, -33.003634103150794, 0.0 ], [ -68.908460211376791, -33.003913788081633, 0.0 ], [ -68.908472493112015, -33.00387630089125, 0.0 ], [ -68.908543732839746, -33.003660654169444, 0.0 ], [ -68.908219081336156, -33.003432164734271, 0.0 ] ] ] ] } },
{ "type": "Feature", "properties": { "LAYER": "PARCELARIO_BASE_CATASTRO", "MAP_NAME": "1010_2025.dwg", "ccpp1": "1010 943", "LAYER_2": "PADRONES_2_VISTALBA" }, "geometry": { "type": "MultiPolygon", "coordinates": [ [ [ [ -68.907785483013527, -33.003372607787384, 0.0 ], [ -68.907776844900468, -33.003397590456316, 0.0 ], [ -68.907687485122153, -33.003649757458774, 0.0 ], [ -68.907976930072607, -33.00387587074944, 0.0 ], [ -68.90803579601355, -33.003703907711099, 0.0 ], [ -68.908003187707877, -33.003679424821804, 0.0 ], [ -68.908037985019078, -33.003577450164386, 0.0 ], [ -68.907785483013527, -33.003372607787384, 0.0 ] ] ] ] } },
{ "type": "Feature", "properties": { "LAYER": "PARCELARIO_BASE_CATASTRO", "MAP_NAME": "1010_2025.dwg", "ccpp1": "1010 942", "LAYER_2": "PADRONES_2_VISTALBA" }, "geometry": { "type": "MultiPolygon", "coordinates": [ [ [ [ -68.907687485122153, -33.003649757458774, 0.0 ], [ -68.907681522302894, -33.003666421432008, 0.0 ], [ -68.907595181687242, -33.003906384602018, 0.0 ], [ -68.907889384426312, -33.004131941667865, 0.0 ], [ -68.907976927938037, -33.003875865337797, 0.0 ], [ -68.907687485122153, -33.003649757458774, 0.0 ] ] ] ] } },
{ "type": "Feature", "properties": { "LAYER": "PARCELARIO_BASE_CATASTRO", "MAP_NAME": "1010_2025.dwg", "ccpp1": "1010 396", "LAYER_2": "PADRONES_2_VISTALBA" }, "geometry": { "type": "MultiPolygon", "coordinates": [ [ [ [ -68.907595180616184, -33.003906385502908, 0.0 ], [ -68.907585342867122, -33.003934395997938, 0.0 ], [ -68.907470627544797, -33.004255697182664, 0.0 ], [ -68.907607428857531, -33.004357165813722, 0.0 ], [ -68.907838786626229, -33.004529275603446, 0.0 ], [ -68.907858867332322, -33.004471512839103, 0.0 ], [ -68.907790751103079, -33.004419701839169, 0.0 ], [ -68.907889384426312, -33.004131941667865, 0.0 ], [ -68.907595180616184, -33.003906385502908, 0.0 ] ] ] ] } },
{ "type": "Feature", "properties": { "LAYER": "PARCELARIO_BASE_CATASTRO", "MAP_NAME": "1010_2025.dwg", "ccpp1": "1010 78", "LAYER_2": "PADRONES_2_VISTALBA" }, "geometry": { "type": "MultiPolygon", "coordinates": [ [ [ [ -68.90828888581602, -33.0044332107164, 0.0 ], [ -68.908280018848572, -33.004460154392895, 0.0 ], [ -68.908170839187321, -33.004791510341946, 0.0 ], [ -68.908207010373758, -33.004820102936925, 0.0 ], [ -68.90843077847498, -33.004996986723299, 0.0 ], [ -68.908487578850711, -33.005041746085439, 0.0 ], [ -68.90855169786991, -33.004856196628232, 0.0 ], [ -68.908611536895961, -33.004683444189752, 0.0 ], [ -68.90828888581602, -33.0044332107164, 0.0 ] ] ] ] } },
{ "type": "Feature", "properties": { "LAYER": "PARCELARIO_BASE_CATASTRO", "MAP_NAME": "1010_2025.dwg", "ccpp1": "1010 2068", "LAYER_2": "PADRONES_2_VISTALBA" }, "geometry": { "type": "MultiPolygon", "coordinates": [ [ [ [ -68.903602360395553, -33.003711070219808, 0.0 ], [ -68.904921193609766, -33.004168803946719, 0.0 ], [ -68.904933897931315, -33.003938117695562, 0.0 ], [ -68.903612960907623, -33.003507269880082, 0.0 ], [ -68.903602360395553, -33.003711070219808, 0.0 ] ] ] ] } },
{ "type": "Feature", "properties": { "LAYER": "PARCELARIO_BASE_CATASTRO", "MAP_NAME": "1010_2025.dwg", "ccpp1": "1010 152", "LAYER_2": "PADRONES_2_VISTALBA" }, "geometry": { "type": "MultiPolygon", "coordinates": [ [ [ [ -68.904964173665988, -33.003406527629572, 0.0 ], [ -68.904952907377236, -33.003596661531972, 0.0 ], [ -68.904951468201801, -33.003624701635623, 0.0 ], [ -68.904935672624845, -33.003905934062907, 0.0 ], [ -68.904921197883411, -33.004168810261703, 0.0 ], [ -68.905631131613589, -33.004415446954205, 0.0 ], [ -68.90594871084285, -33.004526419969302, 0.0 ], [ -68.90619468327364, -33.004612949190758, 0.0 ], [ -68.906443003506439, -33.004701864951777, 0.0 ], [ -68.906696746159341, -33.004791097152506, 0.0 ], [ -68.906852956234289, -33.004283488239835, 0.0 ], [ -68.906038358294708, -33.003809662906228, 0.0 ], [ -68.904975163309885, -33.003220511842777, 0.0 ], [ -68.904964173665988, -33.003406527629572, 0.0 ] ] ] ] } },
{ "type": "Feature", "properties": { "LAYER": "PARCELARIO_BASE_CATASTRO", "MAP_NAME": "1010_2025.dwg", "ccpp1": "1010 102", "LAYER_2": "PADRONES_2_VISTALBA" }, "geometry": { "type": "MultiPolygon", "coordinates": [ [ [ [ -68.906278695752448, -33.00331401456485, 0.0 ], [ -68.906038362574165, -33.003809663811118, 0.0 ], [ -68.906852956234289, -33.004283488239835, 0.0 ], [ -68.906978209119742, -33.003880484701583, 0.0 ], [ -68.906712648637381, -33.003665021315285, 0.0 ], [ -68.90651925105027, -33.003509672055522, 0.0 ], [ -68.906459174140238, -33.003461621822971, 0.0 ], [ -68.906278695752448, -33.00331401456485, 0.0 ] ] ] ] } },
{ "type": "Feature", "properties": { "LAYER": "PARCELARIO_BASE_CATASTRO", "MAP_NAME": "1010_2025.dwg", "ccpp1": "1010 960", "LAYER_2": "PADRONES_2_VISTALBA" }, "geometry": { "type": "MultiPolygon", "coordinates": [ [ [ [ -68.9067179182166, -33.002902038699716, 0.0 ], [ -68.907181947676435, -33.003252044638081, 0.0 ], [ -68.907230311849958, -33.003103550193501, 0.0 ], [ -68.906769059771165, -33.002754636627841, 0.0 ], [ -68.9067179182166, -33.002902038699716, 0.0 ] ] ] ] } },
{ "type": "Feature", "properties": { "LAYER": "PARCELARIO_BASE_CATASTRO", "MAP_NAME": "1010_2025.dwg", "ccpp1": "1010 1205", "LAYER_2": "PADRONES_2_VISTALBA" }, "geometry": { "type": "MultiPolygon", "coordinates": [ [ [ [ -68.903777630440842, -33.000633854962807, 0.0 ], [ -68.903759640876757, -33.001251910893536, 0.0 ], [ -68.903940040949536, -33.001396398894251, 0.0 ], [ -68.904299245080722, -33.001039785759787, 0.0 ], [ -68.903777630440842, -33.000633854962807, 0.0 ] ] ] ] } },
{ "type": "Feature", "properties": { "LAYER": "PARCELARIO_BASE_CATASTRO", "MAP_NAME": "1010_2025.dwg", "ccpp1": "1010 1344", "LAYER_2": "PADRONES_2_VISTALBA" }, "geometry": { "type": "MultiPolygon", "coordinates": [ [ [ [ -68.902430860033036, -33.004059619935248, 0.0 ], [ -68.902165693513226, -33.004050347857955, 0.0 ], [ -68.90215658075978, -33.004251757975105, 0.0 ], [ -68.902149868148527, -33.004405732800592, 0.0 ], [ -68.902149352151199, -33.004417550661358, 0.0 ], [ -68.902414372615354, -33.004425376371749, 0.0 ], [ -68.902430860033036, -33.004059619935248, 0.0 ] ] ] ] } },
{ "type": "Feature", "properties": { "LAYER": "PARCELARIO_BASE_CATASTRO", "MAP_NAME": "1010_2025.dwg", "ccpp1": "1010 937", "LAYER_2": "PADRONES_2_VISTALBA" }, "geometry": { "type": "MultiPolygon", "coordinates": [ [ [ [ -68.900753575799953, -33.003996734017392, 0.0 ], [ -68.900382578699464, -33.003981784482711, 0.0 ], [ -68.90036734608222, -33.004334709896789, 0.0 ], [ -68.900358802295401, -33.004506099928903, 0.0 ], [ -68.900731285031512, -33.004517937230226, 0.0 ], [ -68.900738538796261, -33.004340658203219, 0.0 ], [ -68.900746247300447, -33.004168179152877, 0.0 ], [ -68.900753575799953, -33.003996734017392, 0.0 ] ] ] ] } },
{ "type": "Feature", "properties": { "LAYER": "PARCELARIO_BASE_CATASTRO", "MAP_NAME": "1010_2025.dwg", "ccpp1": "1010 657", "LAYER_2": "PADRONES_2_VISTALBA" }, "geometry": { "type": "MultiPolygon", "coordinates": [ [ [ [ -68.900382578699464, -33.003981784482711, 0.0 ], [ -68.900097824144993, -33.003976559840829, 0.0 ], [ -68.900086246851131, -33.004326721803409, 0.0 ], [ -68.90036734608222, -33.004334709896789, 0.0 ], [ -68.900382578699464, -33.003981784482711, 0.0 ] ] ] ] } },
{ "type": "Feature", "properties": { "LAYER": "PARCELARIO_BASE_CATASTRO", "MAP_NAME": "1010_2025.dwg", "ccpp1": "1010 921", "LAYER_2": "PADRONES_2_VISTALBA" }, "geometry": { "type": "MultiPolygon", "coordinates": [ [ [ [ -68.900731298047802, -33.004517677975002, 0.0 ], [ -68.900717971973634, -33.004782059692197, 0.0 ], [ -68.901035294088771, -33.004795920271178, 0.0 ], [ -68.901346294737138, -33.00480339573047, 0.0 ], [ -68.90165644781365, -33.004815149507117, 0.0 ], [ -68.901663840300316, -33.004551995774982, 0.0 ], [ -68.901150435512719, -33.004533259225141, 0.0 ], [ -68.900942316318407, -33.004522158797641, 0.0 ], [ -68.900731298047802, -33.004517677975002, 0.0 ] ] ] ] } },
{ "type": "Feature", "properties": { "LAYER": "PARCELARIO_BASE_CATASTRO", "MAP_NAME": "1010_2025.dwg", "ccpp1": "1010 1168", "LAYER_2": "PADRONES_2_VISTALBA" }, "geometry": { "type": "MultiPolygon", "coordinates": [ [ [ [ -68.900358802295401, -33.004506099928903, 0.0 ], [ -68.90036734608222, -33.004334709896789, 0.0 ], [ -68.900086251130531, -33.004326722708534, 0.0 ], [ -68.899805043696631, -33.004315101945153, 0.0 ], [ -68.899798071557697, -33.004492458686762, 0.0 ], [ -68.900358802295401, -33.004506099928903, 0.0 ] ] ] ] } },
{ "type": "Feature", "properties": { "LAYER": "PARCELARIO_BASE_CATASTRO", "MAP_NAME": "1010_2025.dwg", "ccpp1": "1010 701", "LAYER_2": "PADRONES_2_VISTALBA" }, "geometry": { "type": "MultiPolygon", "coordinates": [ [ [ [ -68.899643308632662, -33.004216538865229, 0.0 ], [ -68.898725274329294, -33.00418933050247, 0.0 ], [ -68.898711349770451, -33.00444996392784, 0.0 ], [ -68.899631410615726, -33.004483683899466, 0.0 ], [ -68.899643308632662, -33.004216538865229, 0.0 ] ] ] ] } },
{ "type": "Feature", "properties": { "LAYER": "PARCELARIO_BASE_CATASTRO", "MAP_NAME": "1010_2025.dwg", "ccpp1": "1010 659", "LAYER_2": "PADRONES_2_VISTALBA" }, "geometry": { "type": "MultiPolygon", "coordinates": [ [ [ [ -68.899087967418083, -33.004200080675396, 0.0 ], [ -68.899643308632662, -33.004216538865229, 0.0 ], [ -68.899654612515576, -33.003962732316602, 0.0 ], [ -68.899090175636005, -33.003941099788641, 0.0 ], [ -68.899087967418083, -33.004200080675396, 0.0 ] ] ] ] } },
{ "type": "Feature", "properties": { "LAYER": "PARCELARIO_BASE_CATASTRO", "MAP_NAME": "1010_2025.dwg", "ccpp1": "1010 1207", "LAYER_2": "PADRONES_2_VISTALBA" }, "geometry": { "type": "MultiPolygon", "coordinates": [ [ [ [ -68.898737519498042, -33.003928975221854, 0.0 ], [ -68.898507401638298, -33.003913222716726, 0.0 ], [ -68.898491826460003, -33.004444753366151, 0.0 ], [ -68.898711349770451, -33.00444996392784, 0.0 ], [ -68.898725274329294, -33.00418933050247, 0.0 ], [ -68.898737519498042, -33.003928975221854, 0.0 ] ] ] ] } },
{ "type": "Feature", "properties": { "LAYER": "PARCELARIO_BASE_CATASTRO", "MAP_NAME": "1010_2025.dwg", "ccpp1": "1010 1208", "LAYER_2": "PADRONES_2_VISTALBA" }, "geometry": { "type": "MultiPolygon", "coordinates": [ [ [ [ -68.898507401641382, -33.003913220011697, 0.0 ], [ -68.897852974802248, -33.003885657609288, 0.0 ], [ -68.897789960147605, -33.003916908611231, 0.0 ], [ -68.897780425297725, -33.004420953820762, 0.0 ], [ -68.898491826460003, -33.004444753366151, 0.0 ], [ -68.898507401641382, -33.003913220011697, 0.0 ] ] ] ] } },
{ "type": "Feature", "properties": { "LAYER": "PARCELARIO_BASE_CATASTRO", "MAP_NAME": "1010_2025.dwg", "ccpp1": "1010 579", "LAYER_2": "PADRONES_2_VISTALBA" }, "geometry": { "type": "MultiPolygon", "coordinates": [ [ [ [ -68.898491826460003, -33.004444753366151, 0.0 ], [ -68.897780425297725, -33.004420953820762, 0.0 ], [ -68.897769957957209, -33.004679411510487, 0.0 ], [ -68.898071492138087, -33.004693654791588, 0.0 ], [ -68.898379303173854, -33.004701809831097, 0.0 ], [ -68.898690572189977, -33.00471149075004, 0.0 ], [ -68.898695811405673, -33.004449385067026, 0.0 ], [ -68.898491826460003, -33.004444753366151, 0.0 ] ] ] ] } },
{ "type": "Feature", "properties": { "LAYER": "PARCELARIO_BASE_CATASTRO", "MAP_NAME": "1010_2025.dwg", "ccpp1": "1010 934", "LAYER_2": "PADRONES_2_VISTALBA" }, "geometry": { "type": "MultiPolygon", "coordinates": [ [ [ [ -68.898556539183772, -33.003348865792162, 0.0 ], [ -68.898539875641632, -33.003799482824796, 0.0 ], [ -68.898753771197946, -33.003805378332203, 0.0 ], [ -68.898770433523936, -33.003354756045624, 0.0 ], [ -68.898556539183772, -33.003348865792162, 0.0 ] ] ] ] } },
{ "type": "Feature", "properties": { "LAYER": "PARCELARIO_BASE_CATASTRO", "MAP_NAME": "1010_2025.dwg", "ccpp1": "1010 933", "LAYER_2": "PADRONES_2_VISTALBA" }, "geometry": { "type": "MultiPolygon", "coordinates": [ [ [ [ -68.898282162689256, -33.003530788622264, 0.0 ], [ -68.898496261969981, -33.003538453712991, 0.0 ], [ -68.898482876369542, -33.003797911904798, 0.0 ], [ -68.898539875641632, -33.003799482824796, 0.0 ], [ -68.898556539183772, -33.003348865792162, 0.0 ], [ -68.898350135320754, -33.003343170212929, 0.0 ], [ -68.898289163256706, -33.003341489822468, 0.0 ], [ -68.898282162689256, -33.003530788622264, 0.0 ] ] ] ] } },
{ "type": "Feature", "properties": { "LAYER": "PARCELARIO_BASE_CATASTRO", "MAP_NAME": "1010_2025.dwg", "ccpp1": "1010 932", "LAYER_2": "PADRONES_2_VISTALBA" }, "geometry": { "type": "MultiPolygon", "coordinates": [ [ [ [ -68.898289163256706, -33.003341489822468, 0.0 ], [ -68.898075269015862, -33.003335597850416, 0.0 ], [ -68.898058603029767, -33.003786214815023, 0.0 ], [ -68.898272498449657, -33.003792113043467, 0.0 ], [ -68.898289163256706, -33.003341489822468, 0.0 ] ] ] ] } },
{ "type": "Feature", "properties": { "LAYER": "PARCELARIO_BASE_CATASTRO", "MAP_NAME": "1010_2025.dwg", "ccpp1": "1010 931", "LAYER_2": "PADRONES_2_VISTALBA" }, "geometry": { "type": "MultiPolygon", "coordinates": [ [ [ [ -68.898075241875276, -33.003335593911906, 0.0 ], [ -68.897808717144898, -33.003328247680734, 0.0 ], [ -68.897799788592124, -33.003688983815913, 0.0 ], [ -68.897871330933938, -33.003781054269083, 0.0 ], [ -68.898058603029767, -33.003786214815023, 0.0 ], [ -68.898075241875276, -33.003335593911906, 0.0 ] ] ] ] } },
{ "type": "Feature", "properties": { "LAYER": "PARCELARIO_BASE_CATASTRO", "MAP_NAME": "1010_2025.dwg", "ccpp1": "1010 234", "LAYER_2": "PADRONES_2_VISTALBA" }, "geometry": { "type": "MultiPolygon", "coordinates": [ [ [ [ -68.898260282934316, -32.999004026605306, 0.0 ], [ -68.898252923236811, -32.999414193269232, 0.0 ], [ -68.898003740979718, -32.999402586437746, 0.0 ], [ -68.898002024155304, -32.99944949475573, 0.0 ], [ -68.898602448924635, -32.999468114767673, 0.0 ], [ -68.898536403949407, -32.99897875550981, 0.0 ], [ -68.898260282934316, -32.999004026605306, 0.0 ] ] ] ] } },
{ "type": "Feature", "properties": { "LAYER": "PARCELARIO_BASE_CATASTRO", "MAP_NAME": "1010_2025.dwg", "ccpp1": "1010 518", "LAYER_2": "PADRONES_2_VISTALBA" }, "geometry": { "type": "MultiPolygon", "coordinates": [ [ [ [ -68.898015787992236, -32.99902458101144, 0.0 ], [ -68.898003740979718, -32.999402586437746, 0.0 ], [ -68.898252923236811, -32.999414193269232, 0.0 ], [ -68.898260282934316, -32.999004026605306, 0.0 ], [ -68.898015787992236, -32.99902458101144, 0.0 ] ] ] ] } },
{ "type": "Feature", "properties": { "LAYER": "PARCELARIO_BASE_CATASTRO", "MAP_NAME": "1010_2025.dwg", "ccpp1": "1010 683", "LAYER_2": "PADRONES_2_VISTALBA" }, "geometry": { "type": "MultiPolygon", "coordinates": [ [ [ [ -68.898536403949407, -32.99897875550981, 0.0 ], [ -68.898602448924635, -32.999468114767673, 0.0 ], [ -68.898786936523507, -32.999467424107188, 0.0 ], [ -68.89871880939252, -32.998962062103864, 0.0 ], [ -68.898536403949407, -32.99897875550981, 0.0 ] ] ] ] } },
{ "type": "Feature", "properties": { "LAYER": "PARCELARIO_BASE_CATASTRO", "MAP_NAME": "1010_2025.dwg", "ccpp1": "1010 235", "LAYER_2": "PADRONES_2_VISTALBA" }, "geometry": { "type": "MultiPolygon", "coordinates": [ [ [ [ -68.898965801999879, -32.999471509313238, 0.0 ], [ -68.898900244140847, -32.99894545600953, 0.0 ], [ -68.89871880939252, -32.998962062103864, 0.0 ], [ -68.898786936523507, -32.999467424107188, 0.0 ], [ -68.898965801999879, -32.999471509313238, 0.0 ] ] ] ] } },
{ "type": "Feature", "properties": { "LAYER": "PARCELARIO_BASE_CATASTRO", "MAP_NAME": "1010_2025.dwg", "ccpp1": "1010 1082", "LAYER_2": "PADRONES_2_VISTALBA" }, "geometry": { "type": "MultiPolygon", "coordinates": [ [ [ [ -68.898634362098065, -32.99995370879595, 0.0 ], [ -68.897984410757203, -32.999931515706471, 0.0 ], [ -68.897976870769995, -33.000205681567024, 0.0 ], [ -68.898861814769177, -33.000255631166681, 0.0 ], [ -68.898868075570007, -32.999963081912384, 0.0 ], [ -68.898824900733558, -32.999961502358751, 0.0 ], [ -68.898634362098065, -32.99995370879595, 0.0 ] ] ] ] } },
{ "type": "Feature", "properties": { "LAYER": "PARCELARIO_BASE_CATASTRO", "MAP_NAME": "1010_2025.dwg", "ccpp1": "1010 230", "LAYER_2": "PADRONES_2_VISTALBA" }, "geometry": { "type": "MultiPolygon", "coordinates": [ [ [ [ -68.901149904668202, -32.998735868433535, 0.0 ], [ -68.901299403340545, -33.000023314842906, 0.0 ], [ -68.902429971544635, -33.000056671107075, 0.0 ], [ -68.903237873895762, -33.000078549706821, 0.0 ], [ -68.903217908067646, -33.000041994692715, 0.0 ], [ -68.90296355726322, -32.999711618647474, 0.0 ], [ -68.902945003288707, -32.999657231326651, 0.0 ], [ -68.902880803140448, -32.999528667246103, 0.0 ], [ -68.902847052116016, -32.999370108212425, 0.0 ], [ -68.902750785415108, -32.99908920879124, 0.0 ], [ -68.902667092055736, -32.998932287002326, 0.0 ], [ -68.902634217561413, -32.998897856994446, 0.0 ], [ -68.902683306530704, -32.998814207052078, 0.0 ], [ -68.90244705807514, -32.99859955232693, 0.0 ], [ -68.901149904668202, -32.998735868433535, 0.0 ] ] ] ] } },
{ "type": "Feature", "properties": { "LAYER": "PARCELARIO_BASE_CATASTRO", "MAP_NAME": "1010_2025.dwg", "ccpp1": "1010 364", "LAYER_2": "PADRONES_2_VISTALBA" }, "geometry": { "type": "MultiPolygon", "coordinates": [ [ [ [ -68.899389051755207, -32.998896283920168, 0.0 ], [ -68.899421393397517, -32.999120088075628, 0.0 ], [ -68.899456676963098, -32.999353144883806, 0.0 ], [ -68.899507048034366, -32.999679968338206, 0.0 ], [ -68.899557416516132, -32.999985792610644, 0.0 ], [ -68.901299403340545, -33.000023314842906, 0.0 ], [ -68.901149901465132, -32.998735862119268, 0.0 ], [ -68.899389051755207, -32.998896283920168, 0.0 ] ] ] ] } },
{ "type": "Feature", "properties": { "LAYER": "PARCELARIO_BASE_CATASTRO", "MAP_NAME": "1010_2025.dwg", "ccpp1": "1010 882", "LAYER_2": "PADRONES_2_VISTALBA" }, "geometry": { "type": "MultiPolygon", "coordinates": [ [ [ [ -68.898978575328329, -32.999672295956842, 0.0 ], [ -68.89901485718535, -32.999968452092382, 0.0 ], [ -68.89955741330597, -32.999985792608058, 0.0 ], [ -68.899508941827605, -32.999691467139549, 0.0 ], [ -68.899113498440116, -32.999673676424358, 0.0 ], [ -68.898978575328329, -32.999672295956842, 0.0 ] ] ] ] } },
{ "type": "Feature", "properties": { "LAYER": "PARCELARIO_BASE_CATASTRO", "MAP_NAME": "1010_2025.dwg", "ccpp1": "1010 883", "LAYER_2": "PADRONES_2_VISTALBA" }, "geometry": { "type": "MultiPolygon", "coordinates": [ [ [ [ -68.899113498440116, -32.999673676424358, 0.0 ], [ -68.899508941827605, -32.999691467139549, 0.0 ], [ -68.899461295761412, -32.999383113210257, 0.0 ], [ -68.899094347994222, -32.999406497804358, 0.0 ], [ -68.899092154212468, -32.999406661939716, 0.0 ], [ -68.899112059370367, -32.999655683208729, 0.0 ], [ -68.899113498440116, -32.999673676424358, 0.0 ] ] ] ] } },
{ "type": "Feature", "properties": { "LAYER": "PARCELARIO_BASE_CATASTRO", "MAP_NAME": "1010_2025.dwg", "ccpp1": "1010 885", "LAYER_2": "PADRONES_2_VISTALBA" }, "geometry": { "type": "MultiPolygon", "coordinates": [ [ [ [ -68.898900244140847, -32.99894545600953, 0.0 ], [ -68.898929766129342, -32.999182349447828, 0.0 ], [ -68.898963187139401, -32.999179235960234, 0.0 ], [ -68.899424275787794, -32.999139127033175, 0.0 ], [ -68.899421393397517, -32.999120088075628, 0.0 ], [ -68.899389051755207, -32.998896283920168, 0.0 ], [ -68.898917346003671, -32.998944103817308, 0.0 ], [ -68.898900244140847, -32.99894545600953, 0.0 ] ] ] ] } },
{ "type": "Feature", "properties": { "LAYER": "PARCELARIO_BASE_CATASTRO", "MAP_NAME": "1010_2025.dwg", "ccpp1": "1010 233", "LAYER_2": "PADRONES_2_VISTALBA" }, "geometry": { "type": "MultiPolygon", "coordinates": [ [ [ [ -68.898307681432428, -32.999726987983841, 0.0 ], [ -68.898614724976483, -32.999735144034418, 0.0 ], [ -68.898615884032495, -32.999532764240051, 0.0 ], [ -68.897999520339781, -32.999507071066773, 0.0 ], [ -68.897992165140096, -32.999718821075092, 0.0 ], [ -68.898299589980326, -32.999726755071876, 0.0 ], [ -68.898307681432428, -32.999726987983841, 0.0 ] ] ] ] } },
{ "type": "Feature", "properties": { "LAYER": "PARCELARIO_BASE_CATASTRO", "MAP_NAME": "1010_2025.dwg", "ccpp1": "1010 787", "LAYER_2": "PADRONES_2_VISTALBA" }, "geometry": { "type": "MultiPolygon", "coordinates": [ [ [ [ -68.901173730644899, -32.998649027882088, 0.0 ], [ -68.901362672776543, -32.998631434108631, 0.0 ], [ -68.901290805537997, -32.998067633702497, 0.0 ], [ -68.901093514759353, -32.997964728790471, 0.0 ], [ -68.901119950895477, -32.998190175228537, 0.0 ], [ -68.901145156026132, -32.998396007406747, 0.0 ], [ -68.901173730644899, -32.998649027882088, 0.0 ] ] ] ] } },
{ "type": "Feature", "properties": { "LAYER": "PARCELARIO_BASE_CATASTRO", "MAP_NAME": "1010_2025.dwg", "ccpp1": "1010 1032", "LAYER_2": "PADRONES_2_VISTALBA" }, "geometry": { "type": "MultiPolygon", "coordinates": [ [ [ [ -68.900828764920035, -32.998683146989997, 0.0 ], [ -68.901173730644899, -32.998649027882088, 0.0 ], [ -68.901145156026132, -32.998396007406747, 0.0 ], [ -68.900928751794041, -32.998362968851623, 0.0 ], [ -68.900911851775447, -32.9984193670388, 0.0 ], [ -68.900828764920035, -32.998683146989997, 0.0 ] ] ] ] } },
{ "type": "Feature", "properties": { "LAYER": "PARCELARIO_BASE_CATASTRO", "MAP_NAME": "1010_2025.dwg", "ccpp1": "1010 1033", "LAYER_2": "PADRONES_2_VISTALBA" }, "geometry": { "type": "MultiPolygon", "coordinates": [ [ [ [ -68.900619987135258, -32.9983753829937, 0.0 ], [ -68.900553849449395, -32.998700621910693, 0.0 ], [ -68.900706538882446, -32.998686899999917, 0.0 ], [ -68.900831476393236, -32.998674539935102, 0.0 ], [ -68.900911851775447, -32.9984193670388, 0.0 ], [ -68.900674468147088, -32.998383766858836, 0.0 ], [ -68.900619987135258, -32.9983753829937, 0.0 ] ] ] ] } },
{ "type": "Feature", "properties": { "LAYER": "PARCELARIO_BASE_CATASTRO", "MAP_NAME": "1010_2025.dwg", "ccpp1": "1010 1031", "LAYER_2": "PADRONES_2_VISTALBA" }, "geometry": { "type": "MultiPolygon", "coordinates": [ [ [ [ -68.900923078123654, -32.998362325962098, 0.0 ], [ -68.901145156026132, -32.998396007406747, 0.0 ], [ -68.901119476035362, -32.998186128127273, 0.0 ], [ -68.900732594245582, -32.99812696596868, 0.0 ], [ -68.900732561080716, -32.99812696053224, 0.0 ], [ -68.900724939486025, -32.998125794915751, 0.0 ], [ -68.900685706862262, -32.998326325468724, 0.0 ], [ -68.900923078123654, -32.998362325962098, 0.0 ] ] ] ] } },
{ "type": "Feature", "properties": { "LAYER": "PARCELARIO_BASE_CATASTRO", "MAP_NAME": "1010_2025.dwg", "ccpp1": "1010 44", "LAYER_2": "PADRONES_2_VISTALBA" }, "geometry": { "type": "MultiPolygon", "coordinates": [ [ [ [ -68.901119476035362, -32.998186128127273, 0.0 ], [ -68.901093514759353, -32.997964728790471, 0.0 ], [ -68.900861590105833, -32.997844311654198, 0.0 ], [ -68.900780859254368, -32.997839968164101, 0.0 ], [ -68.900724939486025, -32.998125794915751, 0.0 ], [ -68.901119476035362, -32.998186128127273, 0.0 ] ] ] ] } },
{ "type": "Feature", "properties": { "LAYER": "PARCELARIO_BASE_CATASTRO", "MAP_NAME": "1010_2025.dwg", "ccpp1": "1010 361", "LAYER_2": "PADRONES_2_VISTALBA" }, "geometry": { "type": "MultiPolygon", "coordinates": [ [ [ [ -68.900429269284928, -32.998530993877701, 0.0 ], [ -68.900389854168566, -32.998716052308673, 0.0 ], [ -68.900553849449395, -32.998700621910693, 0.0 ], [ -68.900619987135258, -32.9983753829937, 0.0 ], [ -68.900723729221184, -32.997853523641233, 0.0 ], [ -68.900560954888206, -32.997842671360843, 0.0 ], [ -68.900475044295476, -32.998283224375662, 0.0 ], [ -68.900429269284928, -32.998530993877701, 0.0 ] ] ] ] } },
{ "type": "Feature", "properties": { "LAYER": "PARCELARIO_BASE_CATASTRO", "MAP_NAME": "1010_2025.dwg", "ccpp1": "1010 423", "LAYER_2": "PADRONES_2_VISTALBA" }, "geometry": { "type": "MultiPolygon", "coordinates": [ [ [ [ -68.898930313362797, -32.998221823533193, 0.0 ], [ -68.898869197823643, -32.998479413726727, 0.0 ], [ -68.898900650900785, -32.998479944139859, 0.0 ], [ -68.899485524055095, -32.99851063067505, 0.0 ], [ -68.899520658716696, -32.998346321169585, 0.0 ], [ -68.899539271076165, -32.998259276557931, 0.0 ], [ -68.898930313362797, -32.998221823533193, 0.0 ] ] ] ] } },
{ "type": "Feature", "properties": { "LAYER": "PARCELARIO_BASE_CATASTRO", "MAP_NAME": "1010_2025.dwg", "ccpp1": "1010 424", "LAYER_2": "PADRONES_2_VISTALBA" }, "geometry": { "type": "MultiPolygon", "coordinates": [ [ [ [ -68.89877331020655, -32.998473467905633, 0.0 ], [ -68.898771743580866, -32.998480110189021, 0.0 ], [ -68.898689377288989, -32.998875534076156, 0.0 ], [ -68.898736916481326, -32.99886944935853, 0.0 ], [ -68.899422183222129, -32.99880684986887, 0.0 ], [ -68.899463950473987, -32.998620606134381, 0.0 ], [ -68.899485521917072, -32.99851062886998, 0.0 ], [ -68.89890064982869, -32.998479945942357, 0.0 ], [ -68.898869197823643, -32.998479413726727, 0.0 ], [ -68.89877331020655, -32.998473467905633, 0.0 ] ] ] ] } },
{ "type": "Feature", "properties": { "LAYER": "PARCELARIO_BASE_CATASTRO", "MAP_NAME": "1010_2025.dwg", "ccpp1": "1010 184", "LAYER_2": "PADRONES_2_VISTALBA" }, "geometry": { "type": "MultiPolygon", "coordinates": [ [ [ [ -68.89877331020655, -32.998473467905633, 0.0 ], [ -68.898907659861365, -32.997904530400852, 0.0 ], [ -68.898923997489206, -32.997816864581466, 0.0 ], [ -68.898131507713643, -32.997827002724819, 0.0 ], [ -68.898133288853558, -32.997901897448237, 0.0 ], [ -68.898112497060112, -32.997901964337913, 0.0 ], [ -68.89809659560666, -32.997959475630267, 0.0 ], [ -68.898089735481307, -32.998010819618422, 0.0 ], [ -68.898008893077005, -32.99844104904637, 0.0 ], [ -68.8980115787747, -32.998526696095297, 0.0 ], [ -68.89823800134063, -32.998513812856615, 0.0 ], [ -68.898463139824244, -32.998499973287238, 0.0 ], [ -68.898771743580866, -32.998480110189021, 0.0 ], [ -68.89877331020655, -32.998473467905633, 0.0 ] ] ] ] } },
{ "type": "Feature", "properties": { "LAYER": "PARCELARIO_BASE_CATASTRO", "MAP_NAME": "1010_2025.dwg", "ccpp1": "1010 185", "LAYER_2": "PADRONES_2_VISTALBA" }, "geometry": { "type": "MultiPolygon", "coordinates": [ [ [ [ -68.898771743580866, -32.998480110189021, 0.0 ], [ -68.898463139824244, -32.998499973287238, 0.0 ], [ -68.898377567901505, -32.998504750175115, 0.0 ], [ -68.898290652568065, -32.99885691486304, 0.0 ], [ -68.897925451106985, -32.998886771578256, 0.0 ], [ -68.897917642841932, -32.998945472454828, 0.0 ], [ -68.898689377288989, -32.998875534076156, 0.0 ], [ -68.898771743580866, -32.998480110189021, 0.0 ] ] ] ] } },
{ "type": "Feature", "properties": { "LAYER": "PARCELARIO_BASE_CATASTRO", "MAP_NAME": "1010_2025.dwg", "ccpp1": "1010 46", "LAYER_2": "PADRONES_2_VISTALBA" }, "geometry": { "type": "MultiPolygon", "coordinates": [ [ [ [ -68.901362672776543, -32.998631434108631, 0.0 ], [ -68.901555757375206, -32.998613453791258, 0.0 ], [ -68.901504442583928, -32.998247577834903, 0.0 ], [ -68.901496670248193, -32.99817404717902, 0.0 ], [ -68.901290805537997, -32.998067633702497, 0.0 ], [ -68.901362672776543, -32.998631434108631, 0.0 ] ] ] ] } },
{ "type": "Feature", "properties": { "LAYER": "PARCELARIO_BASE_CATASTRO", "MAP_NAME": "1010_2025.dwg", "ccpp1": "1010 45", "LAYER_2": "PADRONES_2_VISTALBA" }, "geometry": { "type": "MultiPolygon", "coordinates": [ [ [ [ -68.900560954888206, -32.997842671360843, 0.0 ], [ -68.900398612536549, -32.99783117812067, 0.0 ], [ -68.900315717667368, -32.998244048349989, 0.0 ], [ -68.90033223313273, -32.99827588621509, 0.0 ], [ -68.900475044295476, -32.998283224375662, 0.0 ], [ -68.900560954888206, -32.997842671360843, 0.0 ] ] ] ] } },
{ "type": "Feature", "properties": { "LAYER": "PARCELARIO_BASE_CATASTRO", "MAP_NAME": "1010_2025.dwg", "ccpp1": "1010 563", "LAYER_2": "PADRONES_2_VISTALBA" }, "geometry": { "type": "MultiPolygon", "coordinates": [ [ [ [ -68.897856045452116, -32.995915786255679, 0.0 ], [ -68.898556180809194, -32.995883184353822, 0.0 ], [ -68.898417224330203, -32.995679047104218, 0.0 ], [ -68.898404483870777, -32.995660331447013, 0.0 ], [ -68.89782091630407, -32.995766824775075, 0.0 ], [ -68.897856045452116, -32.995915786255679, 0.0 ] ] ] ] } },
{ "type": "Feature", "properties": { "LAYER": "PARCELARIO_BASE_CATASTRO", "MAP_NAME": "1010_2025.dwg", "ccpp1": "1010 91", "LAYER_2": "PADRONES_2_VISTALBA" }, "geometry": { "type": "MultiPolygon", "coordinates": [ [ [ [ -68.898216479059471, -32.995387477810176, 0.0 ], [ -68.897741829463087, -32.995462321388878, 0.0 ], [ -68.897774511987251, -32.995585327888868, 0.0 ], [ -68.897786910984564, -32.995631877200125, 0.0 ], [ -68.898318103829624, -32.995534313070948, 0.0 ], [ -68.898289138805197, -32.995492459776479, 0.0 ], [ -68.898216479059471, -32.995387477810176, 0.0 ] ] ] ] } },
{ "type": "Feature", "properties": { "LAYER": "PARCELARIO_BASE_CATASTRO", "MAP_NAME": "1010_2025.dwg", "ccpp1": "1010 34", "LAYER_2": "PADRONES_2_VISTALBA" }, "geometry": { "type": "MultiPolygon", "coordinates": [ [ [ [ -68.897961606525314, -32.996369370076501, 0.0 ], [ -68.897979720085658, -32.996489872362744, 0.0 ], [ -68.899104196880984, -32.996551927962443, 0.0 ], [ -68.899070748497991, -32.996414535853781, 0.0 ], [ -68.8989279888238, -32.996434232913423, 0.0 ], [ -68.898815085688213, -32.996263526146763, 0.0 ], [ -68.898775073495585, -32.996204746752198, 0.0 ], [ -68.897928951336482, -32.996224934407707, 0.0 ], [ -68.897946063908961, -32.996297495522462, 0.0 ], [ -68.897961606525314, -32.996369370076501, 0.0 ] ] ] ] } },
{ "type": "Feature", "properties": { "LAYER": "PARCELARIO_BASE_CATASTRO", "MAP_NAME": "1010_2025.dwg", "ccpp1": "1010 417", "LAYER_2": "PADRONES_2_VISTALBA" }, "geometry": { "type": "MultiPolygon", "coordinates": [ [ [ [ -68.89797608749565, -32.997377764137241, 0.0 ], [ -68.897695954179582, -32.99738194049727, 0.0 ], [ -68.897793777932108, -32.997834687605419, 0.0 ], [ -68.897972734051407, -32.997837067431668, 0.0 ], [ -68.898040875068048, -32.997792812899888, 0.0 ], [ -68.89797608749565, -32.997377764137241, 0.0 ] ] ] ] } },
{ "type": "Feature", "properties": { "LAYER": "PARCELARIO_BASE_CATASTRO", "MAP_NAME": "1010_2025.dwg", "ccpp1": "1010 226", "LAYER_2": "PADRONES_2_VISTALBA" }, "geometry": { "type": "MultiPolygon", "coordinates": [ [ [ [ -68.898622395839567, -32.995120532931374, 0.0 ], [ -68.899028118749769, -32.995626746749586, 0.0 ], [ -68.899295220228353, -32.995279709492301, 0.0 ], [ -68.898786450289776, -32.994998031626515, 0.0 ], [ -68.898622395839567, -32.995120532931374, 0.0 ] ] ] ] } },
{ "type": "Feature", "properties": { "LAYER": "PARCELARIO_BASE_CATASTRO", "MAP_NAME": "1010_2025.dwg", "ccpp1": "1010 326", "LAYER_2": "PADRONES_2_VISTALBA" }, "geometry": { "type": "MultiPolygon", "coordinates": [ [ [ [ -68.901671203935891, -32.998265888892156, 0.0 ], [ -68.901612968409751, -32.998291023236852, 0.0 ], [ -68.901504442583928, -32.998247577834903, 0.0 ], [ -68.901555757375206, -32.998613453791258, 0.0 ], [ -68.902285080483779, -32.998545537189429, 0.0 ], [ -68.902002027018455, -32.998309409653061, 0.0 ], [ -68.901660618042328, -32.998141507774335, 0.0 ], [ -68.901671203935891, -32.998265888892156, 0.0 ] ] ] ] } },
{ "type": "Feature", "properties": { "LAYER": "PARCELARIO_BASE_CATASTRO", "MAP_NAME": "1010_2025.dwg", "ccpp1": "1010 1083", "LAYER_2": "PADRONES_2_VISTALBA" }, "geometry": { "type": "MultiPolygon", "coordinates": [ [ [ [ -68.898861814769177, -33.000255631166681, 0.0 ], [ -68.897976870769995, -33.000205681567024, 0.0 ], [ -68.897970366526025, -33.000475198869225, 0.0 ], [ -68.898836735749285, -33.000522012938227, 0.0 ], [ -68.898861814769177, -33.000255631166681, 0.0 ] ] ] ] } },
{ "type": "Feature", "properties": { "LAYER": "PARCELARIO_BASE_CATASTRO", "MAP_NAME": "1010_2025.dwg", "ccpp1": "1010 35", "LAYER_2": "PADRONES_2_VISTALBA" }, "geometry": { "type": "MultiPolygon", "coordinates": [ [ [ [ -68.897816007090938, -33.003140344377755, 0.0 ], [ -68.897808717144898, -33.003328247680734, 0.0 ], [ -68.898075269015862, -33.003335597850416, 0.0 ], [ -68.898289163256706, -33.003341489822468, 0.0 ], [ -68.898350135320754, -33.003343170212929, 0.0 ], [ -68.898357081686598, -33.003155257991629, 0.0 ], [ -68.897816007090938, -33.003140344377755, 0.0 ] ] ] ] } },
{ "type": "Feature", "properties": { "LAYER": "PARCELARIO_BASE_CATASTRO", "MAP_NAME": "1010_2025.dwg", "ccpp1": "1010 1065", "LAYER_2": "PADRONES_2_VISTALBA" }, "geometry": { "type": "MultiPolygon", "coordinates": [ [ [ [ -68.900351304957141, -32.997827906056131, 0.0 ], [ -68.90013406118851, -32.997813074814701, 0.0 ], [ -68.900125001847627, -32.997854352641994, 0.0 ], [ -68.900076404098655, -32.998089110380846, 0.0 ], [ -68.900041423035702, -32.998262447760936, 0.0 ], [ -68.900237144266924, -32.998271498449867, 0.0 ], [ -68.900277061182337, -32.998239735416099, 0.0 ], [ -68.900351304957141, -32.997827906056131, 0.0 ] ] ] ] } },
{ "type": "Feature", "properties": { "LAYER": "PARCELARIO_BASE_CATASTRO", "MAP_NAME": "1010_2025.dwg", "ccpp1": "1010 1066", "LAYER_2": "PADRONES_2_VISTALBA" }, "geometry": { "type": "MultiPolygon", "coordinates": [ [ [ [ -68.900041423035702, -32.998262447760936, 0.0 ], [ -68.900039828667516, -32.998271006101362, 0.0 ], [ -68.900031912418143, -32.998311940393513, 0.0 ], [ -68.900028104261651, -32.99833273451717, 0.0 ], [ -68.899995703471305, -32.998507429163645, 0.0 ], [ -68.899982521817449, -32.998568976971825, 0.0 ], [ -68.899978915637192, -32.998588085119579, 0.0 ], [ -68.89994625284784, -32.99875772744177, 0.0 ], [ -68.900195590637281, -32.998734355384869, 0.0 ], [ -68.900271063107709, -32.998342946458898, 0.0 ], [ -68.900284131903859, -32.998274028222227, 0.0 ], [ -68.900041423035702, -32.998262447760936, 0.0 ] ] ] ] } },
{ "type": "Feature", "properties": { "LAYER": "PARCELARIO_BASE_CATASTRO", "MAP_NAME": "1010_2025.dwg", "ccpp1": "1010 1067", "LAYER_2": "PADRONES_2_VISTALBA" }, "geometry": { "type": "MultiPolygon", "coordinates": [ [ [ [ -68.900475044295476, -32.998283224375662, 0.0 ], [ -68.90033223313273, -32.99827588621509, 0.0 ], [ -68.900290101301593, -32.998513099038817, 0.0 ], [ -68.900429269284928, -32.998530993877701, 0.0 ], [ -68.900475044295476, -32.998283224375662, 0.0 ] ] ] ] } },
{ "type": "Feature", "properties": { "LAYER": "PARCELARIO_BASE_CATASTRO", "MAP_NAME": "1010_2025.dwg", "ccpp1": "1010 1046", "LAYER_2": "PADRONES_2_VISTALBA" }, "geometry": { "type": "MultiPolygon", "coordinates": [ [ [ [ -68.90861923067456, -33.004660914236901, 0.0 ], [ -68.908611536895961, -33.004683444189752, 0.0 ], [ -68.90855169786991, -33.004856196628232, 0.0 ], [ -68.909186026159091, -33.00534494961056, 0.0 ], [ -68.909191905771962, -33.005328908567222, 0.0 ], [ -68.909257437462756, -33.00515245949466, 0.0 ], [ -68.90861923067456, -33.004660914236901, 0.0 ] ] ] ] } },
{ "type": "Feature", "properties": { "LAYER": "PARCELARIO_BASE_CATASTRO", "MAP_NAME": "1010_2025.dwg", "ccpp1": "1010 32", "LAYER_2": "PADRONES_2_VISTALBA" }, "geometry": { "type": "MultiPolygon", "coordinates": [ [ [ [ -68.898815085688213, -32.996263526146763, 0.0 ], [ -68.89892798132756, -32.996434238317434, 0.0 ], [ -68.899070746355918, -32.99641453765539, 0.0 ], [ -68.899597214620769, -32.9963429857766, 0.0 ], [ -68.899297880674652, -32.995963259506411, 0.0 ], [ -68.899162621928724, -32.995794371723775, 0.0 ], [ -68.899028118749769, -32.995626746749586, 0.0 ], [ -68.898622395839567, -32.995120532931374, 0.0 ], [ -68.898786450289776, -32.994998031626515, 0.0 ], [ -68.898687879890346, -32.994904825561179, 0.0 ], [ -68.898679711838497, -32.994897101478045, 0.0 ], [ -68.898562819891097, -32.994995901614438, 0.0 ], [ -68.898339986441215, -32.99510220303646, 0.0 ], [ -68.898093597588399, -32.995209422578675, 0.0 ], [ -68.89814599898142, -32.995285365813054, 0.0 ], [ -68.898216479059471, -32.995387477810176, 0.0 ], [ -68.898289138805197, -32.995492459776479, 0.0 ], [ -68.898318103829624, -32.995534313070948, 0.0 ], [ -68.898365117416176, -32.99560249920237, 0.0 ], [ -68.898815085688213, -32.996263526146763, 0.0 ] ] ] ] } },
{ "type": "Feature", "properties": { "LAYER": "PARCELARIO_BASE_CATASTRO", "MAP_NAME": "1010_2025.dwg", "ccpp1": "1010 1488", "LAYER_2": "PADRONES_2_VISTALBA" }, "geometry": { "type": "MultiPolygon", "coordinates": [ [ [ [ -68.900589425142797, -33.000450482473106, 0.0 ], [ -68.900041737425056, -33.000433871787926, 0.0 ], [ -68.900031173310722, -33.000613641368759, 0.0 ], [ -68.900537848772231, -33.000600744534466, 0.0 ], [ -68.900589425142797, -33.000450482473106, 0.0 ] ] ] ] } },
{ "type": "Feature", "properties": { "LAYER": "PARCELARIO_BASE_CATASTRO", "MAP_NAME": "1010_2025.dwg", "ccpp1": "1010 1072", "LAYER_2": "PADRONES_2_VISTALBA" }, "geometry": { "type": "MultiPolygon", "coordinates": [ [ [ [ -68.903454183058173, -32.999744692013515, 0.0 ], [ -68.903512563197793, -32.999876125842583, 0.0 ], [ -68.903265440265343, -32.999864145185839, 0.0 ], [ -68.903218292533666, -32.999914291450828, 0.0 ], [ -68.903452458227818, -33.000199496304099, 0.0 ], [ -68.903581279083895, -33.000026319790621, 0.0 ], [ -68.903761049813681, -33.000138115804411, 0.0 ], [ -68.90408201160804, -33.000232240858892, 0.0 ], [ -68.904213826086206, -33.000246485760002, 0.0 ], [ -68.904171935570147, -33.000315723103142, 0.0 ], [ -68.904280393334261, -33.000351433346601, 0.0 ], [ -68.904400858774679, -33.00042044709388, 0.0 ], [ -68.904642696164004, -33.000280317665926, 0.0 ], [ -68.904787819765417, -33.000180374800884, 0.0 ], [ -68.90473909221177, -33.000133971621189, 0.0 ], [ -68.905148425622201, -33.000125102417918, 0.0 ], [ -68.905281990104783, -32.999996719430357, 0.0 ], [ -68.905047412704093, -32.99997599383412, 0.0 ], [ -68.904810153900627, -32.999912382017619, 0.0 ], [ -68.904619262620869, -32.999724734491963, 0.0 ], [ -68.904620521051328, -32.999603355362524, 0.0 ], [ -68.905058191451218, -32.999246552903742, 0.0 ], [ -68.904843171286757, -32.999055232854246, 0.0 ], [ -68.90465259483868, -32.998862044792432, 0.0 ], [ -68.904003499764883, -32.998080753949928, 0.0 ], [ -68.903925950482389, -32.998087574993065, 0.0 ], [ -68.904117730048895, -32.998838343049194, 0.0 ], [ -68.90426044704553, -32.999179726364112, 0.0 ], [ -68.903336540848727, -32.999221462665751, 0.0 ], [ -68.903098604366619, -32.999239449701939, 0.0 ], [ -68.903142539223779, -32.999306131220536, 0.0 ], [ -68.903178234473344, -32.999432867911544, 0.0 ], [ -68.903454183058173, -32.999744692013515, 0.0 ] ] ] ] } },
{ "type": "Feature", "properties": { "LAYER": "PARCELARIO_BASE_CATASTRO", "MAP_NAME": "1010_2025.dwg", "ccpp1": "1010 856", "LAYER_2": "PADRONES_2_VISTALBA" }, "geometry": { "type": "MultiPolygon", "coordinates": [ [ [ [ -68.900409004806733, -33.00475798795555, 0.0 ], [ -68.900718709995346, -33.00476840284604, 0.0 ], [ -68.900731285031512, -33.004517937230226, 0.0 ], [ -68.900358802295401, -33.004506099928903, 0.0 ], [ -68.899798071557697, -33.004492458686762, 0.0 ], [ -68.899790071928081, -33.004737151744642, 0.0 ], [ -68.900102209713765, -33.004749125507914, 0.0 ], [ -68.900409004806733, -33.00475798795555, 0.0 ] ] ] ] } },
{ "type": "Feature", "properties": { "LAYER": "PARCELARIO_BASE_CATASTRO", "MAP_NAME": "1010_2025.dwg", "ccpp1": "1010 397", "LAYER_2": "PADRONES_2_VISTALBA" }, "geometry": { "type": "MultiPolygon", "coordinates": [ [ [ [ -68.908686225104503, -33.004467526731553, 0.0 ], [ -68.90861923067456, -33.004660914236901, 0.0 ], [ -68.909257437462756, -33.00515245949466, 0.0 ], [ -68.909317220973293, -33.004990983042568, 0.0 ], [ -68.909327134080556, -33.004964205060958, 0.0 ], [ -68.908686225104503, -33.004467526731553, 0.0 ] ] ] ] } },
{ "type": "Feature", "properties": { "LAYER": "PARCELARIO_BASE_CATASTRO", "MAP_NAME": "1010_2025.dwg", "ccpp1": "1010 696", "LAYER_2": "PADRONES_2_VISTALBA" }, "geometry": { "type": "MultiPolygon", "coordinates": [ [ [ [ -68.898106542503072, -32.997238967359635, 0.0 ], [ -68.898111320412866, -32.997269456952537, 0.0 ], [ -68.898791658067225, -32.997309383839635, 0.0 ], [ -68.898813894155396, -32.997410650251844, 0.0 ], [ -68.899335513149268, -32.997448092963978, 0.0 ], [ -68.899301446897127, -32.997314270176481, 0.0 ], [ -68.899046320731983, -32.997290757598293, 0.0 ], [ -68.898700814418618, -32.997272806679931, 0.0 ], [ -68.898421139909047, -32.997255089621405, 0.0 ], [ -68.898106542503072, -32.997238967359635, 0.0 ] ] ] ] } },
{ "type": "Feature", "properties": { "LAYER": "PARCELARIO_BASE_CATASTRO", "MAP_NAME": "1010_2025.dwg", "ccpp1": "1010 695", "LAYER_2": "PADRONES_2_VISTALBA" }, "geometry": { "type": "MultiPolygon", "coordinates": [ [ [ [ -68.898111320412866, -32.997269456952537, 0.0 ], [ -68.898127023992089, -32.997368198870518, 0.0 ], [ -68.898813894155396, -32.997410650251844, 0.0 ], [ -68.898791658067225, -32.997309383839635, 0.0 ], [ -68.898111320412866, -32.997269456952537, 0.0 ] ] ] ] } },
{ "type": "Feature", "properties": { "LAYER": "PARCELARIO_BASE_CATASTRO", "MAP_NAME": "1010_2025.dwg", "ccpp1": "1010 655", "LAYER_2": "PADRONES_2_VISTALBA" }, "geometry": { "type": "MultiPolygon", "coordinates": [ [ [ [ -68.898813894155396, -32.997410650251844, 0.0 ], [ -68.898844696216102, -32.997597856102651, 0.0 ], [ -68.898544455482735, -32.997575790098217, 0.0 ], [ -68.898154402687169, -32.997551647515692, 0.0 ], [ -68.898160646100209, -32.997602101424619, 0.0 ], [ -68.898923454901052, -32.997654575848969, 0.0 ], [ -68.899131674146389, -32.997670703927113, 0.0 ], [ -68.899153372346134, -32.997672386852756, 0.0 ], [ -68.899398989954548, -32.997691506696341, 0.0 ], [ -68.899335513149268, -32.997448092963978, 0.0 ], [ -68.898813894155396, -32.997410650251844, 0.0 ] ] ] ] } },
{ "type": "Feature", "properties": { "LAYER": "PARCELARIO_BASE_CATASTRO", "MAP_NAME": "1010_2025.dwg", "ccpp1": "1010 1171", "LAYER_2": "PADRONES_2_VISTALBA" }, "geometry": { "type": "MultiPolygon", "coordinates": [ [ [ [ -68.898112031606587, -32.994726061121462, 0.0 ], [ -68.898181065057983, -32.994614382500075, 0.0 ], [ -68.89813534036837, -32.994600241168243, 0.0 ], [ -68.897996429526245, -32.994566423063986, 0.0 ], [ -68.897805437497794, -32.99452487719217, 0.0 ], [ -68.897814483223456, -32.994622314425428, 0.0 ], [ -68.897534409960542, -32.994636680337933, 0.0 ], [ -68.897573415036064, -32.994795317360236, 0.0 ], [ -68.897922703445914, -32.99477986644542, 0.0 ], [ -68.897919888015693, -32.994734575603445, 0.0 ], [ -68.898112031606587, -32.994726061121462, 0.0 ] ] ] ] } },
{ "type": "Feature", "properties": { "LAYER": "PARCELARIO_BASE_CATASTRO", "MAP_NAME": "1010_2025.dwg", "ccpp1": "1010 1199", "LAYER_2": "PADRONES_2_VISTALBA" }, "geometry": { "type": "MultiPolygon", "coordinates": [ [ [ [ -68.9067179182166, -33.002902038699716, 0.0 ], [ -68.906674693722991, -33.003027430440795, 0.0 ], [ -68.907134396096851, -33.003396945584001, 0.0 ], [ -68.907181947676435, -33.003252044638081, 0.0 ], [ -68.9067179182166, -33.002902038699716, 0.0 ] ] ] ] } },
{ "type": "Feature", "properties": { "LAYER": "PARCELARIO_BASE_CATASTRO", "MAP_NAME": "1010_2025.dwg", "ccpp1": "1010 2263", "LAYER_2": "PADRONES_2_VISTALBA" }, "geometry": { "type": "MultiPolygon", "coordinates": [ [ [ [ -68.903940040949536, -33.001396398894251, 0.0 ], [ -68.905294030834412, -33.002480827861937, 0.0 ], [ -68.905424599528388, -33.002093690351487, 0.0 ], [ -68.905476951122608, -33.001957099002908, 0.0 ], [ -68.905532306550299, -33.001804976534189, 0.0 ], [ -68.905638118828691, -33.001423790511723, 0.0 ], [ -68.905336418509549, -33.001144904984216, 0.0 ], [ -68.905200993175583, -33.00102860319047, 0.0 ], [ -68.905065568196946, -33.000912301248299, 0.0 ], [ -68.904913285752357, -33.000843924845938, 0.0 ], [ -68.904657510476767, -33.000762422005195, 0.0 ], [ -68.904497079927637, -33.000628638477934, 0.0 ], [ -68.904400858775645, -33.000420446192216, 0.0 ], [ -68.904072367895736, -33.000675567012685, 0.0 ], [ -68.90391908491074, -33.000541172839633, 0.0 ], [ -68.903777640789642, -33.000633499413553, 0.0 ], [ -68.904299245080722, -33.001039785759787, 0.0 ], [ -68.903940040949536, -33.001396398894251, 0.0 ] ] ] ] } },
{ "type": "Feature", "properties": { "LAYER": "PARCELARIO_BASE_CATASTRO", "MAP_NAME": "1010_2025.dwg", "ccpp1": "1010 1402", "LAYER_2": "PADRONES_2_VISTALBA" }, "geometry": { "type": "MultiPolygon", "coordinates": [ [ [ [ -68.909475891928437, -33.03341510891488, 0.0 ], [ -68.909256757562176, -33.033426581312163, 0.0 ], [ -68.909159545042812, -33.03343179617837, 0.0 ], [ -68.909178141269308, -33.033679909191271, 0.0 ], [ -68.909661154831241, -33.033651214272332, 0.0 ], [ -68.909475891928437, -33.03341510891488, 0.0 ] ] ] ] } },
{ "type": "Feature", "properties": { "LAYER": "PARCELARIO_BASE_CATASTRO", "MAP_NAME": "1010_2025.dwg", "ccpp1": "1010 1345", "LAYER_2": "PADRONES_2_VISTALBA" }, "geometry": { "type": "MultiPolygon", "coordinates": [ [ [ [ -68.902485126347827, -33.00406027818137, 0.0 ], [ -68.902430860033036, -33.004059619935248, 0.0 ], [ -68.902414372615354, -33.004425376371749, 0.0 ], [ -68.902149352151199, -33.004417550661358, 0.0 ], [ -68.902143091505252, -33.004643849253426, 0.0 ], [ -68.902133480132363, -33.004831539060085, 0.0 ], [ -68.902450009162123, -33.004844560848213, 0.0 ], [ -68.902456619867294, -33.004704952337804, 0.0 ], [ -68.902461771683917, -33.004585072252659, 0.0 ], [ -68.902462057414169, -33.004579227813267, 0.0 ], [ -68.902469058121, -33.00444497916213, 0.0 ], [ -68.902471300900331, -33.004317734615398, 0.0 ], [ -68.90247136441495, -33.004314473303452, 0.0 ], [ -68.902476482291576, -33.00418941485907, 0.0 ], [ -68.902485126347827, -33.00406027818137, 0.0 ] ] ] ] } },
{ "type": "Feature", "properties": { "LAYER": "PARCELARIO_BASE_CATASTRO", "MAP_NAME": "1010_2025.dwg", "ccpp1": "1010 1357", "LAYER_2": "PADRONES_2_VISTALBA" }, "geometry": { "type": "MultiPolygon", "coordinates": [ [ [ [ -68.909186858734529, -33.004373653269376, 0.0 ], [ -68.909250622163427, -33.004421661583876, 0.0 ], [ -68.909467692206249, -33.004585177621252, 0.0 ], [ -68.909516229800971, -33.004503817626919, 0.0 ], [ -68.909565419453983, -33.004456623487002, 0.0 ], [ -68.909541569203896, -33.004428016768706, 0.0 ], [ -68.909418613734815, -33.004280545075503, 0.0 ], [ -68.909279301076211, -33.004141433433368, 0.0 ], [ -68.909261713408341, -33.00412730311043, 0.0 ], [ -68.909247865722577, -33.004172777186106, 0.0 ], [ -68.909186858734529, -33.004373653269376, 0.0 ] ] ] ] } },
{ "type": "Feature", "properties": { "LAYER": "PARCELARIO_BASE_CATASTRO", "MAP_NAME": "1010_2025.dwg", "ccpp1": "1010 2072", "LAYER_2": "PADRONES_2_VISTALBA" }, "geometry": { "type": "MultiPolygon", "coordinates": [ [ [ [ -68.903646571718426, -33.002735204626674, 0.0 ], [ -68.904964173665988, -33.003406527629572, 0.0 ], [ -68.904975163309885, -33.003220511842777, 0.0 ], [ -68.90468023738876, -33.00305125069336, 0.0 ], [ -68.904516375716213, -33.00295802969913, 0.0 ], [ -68.904431768796769, -33.002909850141045, 0.0 ], [ -68.904347159119197, -33.002861671904881, 0.0 ], [ -68.904186293482041, -33.00276994726984, 0.0 ], [ -68.903656485589565, -33.002479839097958, 0.0 ], [ -68.903646571718426, -33.002735204626674, 0.0 ] ] ] ] } },
{ "type": "Feature", "properties": { "LAYER": "PARCELARIO_BASE_CATASTRO", "MAP_NAME": "1010_2025.dwg", "ccpp1": "1010 2071", "LAYER_2": "PADRONES_2_VISTALBA" }, "geometry": { "type": "MultiPolygon", "coordinates": [ [ [ [ -68.903638087520477, -33.002978447656055, 0.0 ], [ -68.904952909442898, -33.0035966625721, 0.0 ], [ -68.904964173665988, -33.003406527629572, 0.0 ], [ -68.903646571718426, -33.002735204626674, 0.0 ], [ -68.903638087520477, -33.002978447656055, 0.0 ] ] ] ] } },
{ "type": "Feature", "properties": { "LAYER": "PARCELARIO_BASE_CATASTRO", "MAP_NAME": "1010_2025.dwg", "ccpp1": "1010 2070", "LAYER_2": "PADRONES_2_VISTALBA" }, "geometry": { "type": "MultiPolygon", "coordinates": [ [ [ [ -68.903627754981599, -33.003225012717898, 0.0 ], [ -68.904942777302026, -33.003779728992015, 0.0 ], [ -68.904952907377236, -33.003596661531972, 0.0 ], [ -68.903638087520477, -33.002978447656055, 0.0 ], [ -68.903627754981599, -33.003225012717898, 0.0 ] ] ] ] } },
{ "type": "Feature", "properties": { "LAYER": "PARCELARIO_BASE_CATASTRO", "MAP_NAME": "1010_2025.dwg", "ccpp1": "1010 2069", "LAYER_2": "PADRONES_2_VISTALBA" }, "geometry": { "type": "MultiPolygon", "coordinates": [ [ [ [ -68.903612960907623, -33.003507269880082, 0.0 ], [ -68.904933897931315, -33.003938117695562, 0.0 ], [ -68.904942777302026, -33.003779728992015, 0.0 ], [ -68.903627754981599, -33.003225012717898, 0.0 ], [ -68.903612960907623, -33.003507269880082, 0.0 ] ] ] ] } },
{ "type": "Feature", "properties": { "LAYER": "PARCELARIO_BASE_CATASTRO", "MAP_NAME": "1010_2025.dwg", "ccpp1": "1010 1298", "LAYER_2": "PADRONES_2_VISTALBA" }, "geometry": { "type": "MultiPolygon", "coordinates": [ [ [ [ -68.89969707148046, -33.003217924454503, 0.0 ], [ -68.899205159015253, -33.003204356597578, 0.0 ], [ -68.899162378073129, -33.003203176920202, 0.0 ], [ -68.899156425274711, -33.003356375875697, 0.0 ], [ -68.899691188054518, -33.003371125309613, 0.0 ], [ -68.899696965830202, -33.003222407590627, 0.0 ], [ -68.89969707148046, -33.003217924454503, 0.0 ] ] ] ] } },
{ "type": "Feature", "properties": { "LAYER": "PARCELARIO_BASE_CATASTRO", "MAP_NAME": "1010_2025.dwg", "ccpp1": "1010 1299", "LAYER_2": "PADRONES_2_VISTALBA" }, "geometry": { "type": "MultiPolygon", "coordinates": [ [ [ [ -68.899691188053936, -33.003371125324712, 0.0 ], [ -68.899156425274711, -33.003356375875697, 0.0 ], [ -68.899148372187739, -33.003563646773742, 0.0 ], [ -68.899362806027383, -33.003569561412817, 0.0 ], [ -68.89968313107488, -33.003578396117369, 0.0 ], [ -68.89968908299933, -33.003425179106962, 0.0 ], [ -68.899691188053936, -33.003371125324712, 0.0 ] ] ] ] } },
{ "type": "Feature", "properties": { "LAYER": "PARCELARIO_BASE_CATASTRO", "MAP_NAME": "1010_2025.dwg", "ccpp1": "1010 1330", "LAYER_2": "PADRONES_2_VISTALBA" }, "geometry": { "type": "MultiPolygon", "coordinates": [ [ [ [ -68.909049117931062, -33.01757321877259, 0.0 ], [ -68.909118196978397, -33.017577576388987, 0.0 ], [ -68.909131014397204, -33.017435759611566, 0.0 ], [ -68.909137699174792, -33.017362807327039, 0.0 ], [ -68.909143332963367, -33.017301314553436, 0.0 ], [ -68.909063148941996, -33.017296055301422, 0.0 ], [ -68.908479284347607, -33.017257755518692, 0.0 ], [ -68.908426387024249, -33.017254285849454, 0.0 ], [ -68.908419996118212, -33.017315727541373, 0.0 ], [ -68.90840291724686, -33.017479938702657, 0.0 ], [ -68.908397491638041, -33.01753211279248, 0.0 ], [ -68.908449093256593, -33.01753536782681, 0.0 ], [ -68.90849689354414, -33.017538382912697, 0.0 ], [ -68.909049117931062, -33.01757321877259, 0.0 ] ] ] ] } },
{ "type": "Feature", "properties": { "LAYER": "PARCELARIO_BASE_CATASTRO", "MAP_NAME": "1010_2025.dwg", "ccpp1": "1010 1279", "LAYER_2": "PADRONES_2_VISTALBA" }, "geometry": { "type": "MultiPolygon", "coordinates": [ [ [ [ -68.907514473158784, -33.029027667346192, 0.0 ], [ -68.907099552641682, -33.029058016001713, 0.0 ], [ -68.907091393240378, -33.029285231349419, 0.0 ], [ -68.907504920094723, -33.029257947376088, 0.0 ], [ -68.907506020734857, -33.02922900451091, 0.0 ], [ -68.907513810574301, -33.029047142977561, 0.0 ], [ -68.907514473158784, -33.029027667346192, 0.0 ] ] ] ] } },
{ "type": "Feature", "properties": { "LAYER": "PARCELARIO_BASE_CATASTRO", "MAP_NAME": "1010_2025.dwg", "ccpp1": "1010 1368", "LAYER_2": "PADRONES_2_VISTALBA" }, "geometry": { "type": "MultiPolygon", "coordinates": [ [ [ [ -68.90715620755654, -33.027293395003213, 0.0 ], [ -68.907148247413645, -33.027518714350187, 0.0 ], [ -68.907581157276951, -33.027491266899062, 0.0 ], [ -68.907586424791702, -33.027367020320092, 0.0 ], [ -68.907590812086099, -33.027265675570497, 0.0 ], [ -68.90715620755654, -33.027293395003213, 0.0 ] ] ] ] } },
{ "type": "Feature", "properties": { "LAYER": "PARCELARIO_BASE_CATASTRO", "MAP_NAME": "1010_2025.dwg", "ccpp1": "1010 1454", "LAYER_2": "PADRONES_2_VISTALBA" }, "geometry": { "type": "MultiPolygon", "coordinates": [ [ [ [ -68.907329297478086, -33.027080278090367, 0.0 ], [ -68.907163398761469, -33.027090883785981, 0.0 ], [ -68.90715620755654, -33.027293395003213, 0.0 ], [ -68.907590812086099, -33.027265675570497, 0.0 ], [ -68.907596077409096, -33.02714350283199, 0.0 ], [ -68.907599529815016, -33.027063080699378, 0.0 ], [ -68.907329297478086, -33.027080278090367, 0.0 ] ] ] ] } },
{ "type": "Feature", "properties": { "LAYER": "PARCELARIO_BASE_CATASTRO", "MAP_NAME": "1010_2025.dwg", "ccpp1": "1010 647", "LAYER_2": "PADRONES_2_VISTALBA" }, "geometry": { "type": "MultiPolygon", "coordinates": [ [ [ [ -68.89649921751851, -33.001835734519631, 0.0 ], [ -68.896436418232241, -33.0018318656441, 0.0 ], [ -68.89611689047554, -33.001811769602185, 0.0 ], [ -68.896102540705144, -33.002016317317938, 0.0 ], [ -68.896487425864947, -33.002040494491183, 0.0 ], [ -68.89649921751851, -33.001835734519631, 0.0 ] ] ] ] } },
{ "type": "Feature", "properties": { "LAYER": "PARCELARIO_BASE_CATASTRO", "MAP_NAME": "1010_2025.dwg", "ccpp1": "1010 1379", "LAYER_2": "PADRONES_2_VISTALBA" }, "geometry": { "type": "MultiPolygon", "coordinates": [ [ [ [ -68.896487428005116, -33.002040494492945, 0.0 ], [ -68.896102539640339, -33.002016312808678, 0.0 ], [ -68.896085494253654, -33.002259211064455, 0.0 ], [ -68.896426673181566, -33.002269500489298, 0.0 ], [ -68.896474940543115, -33.002271079686075, 0.0 ], [ -68.896487428005116, -33.002040494492945, 0.0 ] ] ] ] } },
{ "type": "Feature", "properties": { "LAYER": "PARCELARIO_BASE_CATASTRO", "MAP_NAME": "1010_2025.dwg", "ccpp1": "1010 1380", "LAYER_2": "PADRONES_2_VISTALBA" }, "geometry": { "type": "MultiPolygon", "coordinates": [ [ [ [ -68.89611689047554, -33.001811769602185, 0.0 ], [ -68.895896612797685, -33.00179764980264, 0.0 ], [ -68.895861383326036, -33.002252534954444, 0.0 ], [ -68.895889007558608, -33.002253359584955, 0.0 ], [ -68.896062964505774, -33.002258527773776, 0.0 ], [ -68.896085493183563, -33.00225921106356, 0.0 ], [ -68.896102539640339, -33.002016312808678, 0.0 ], [ -68.89611689047554, -33.001811769602185, 0.0 ] ] ] ] } },
{ "type": "Feature", "properties": { "LAYER": "PARCELARIO_BASE_CATASTRO", "MAP_NAME": "1010_2025.dwg", "ccpp1": "1010 1381", "LAYER_2": "PADRONES_2_VISTALBA" }, "geometry": { "type": "MultiPolygon", "coordinates": [ [ [ [ -68.895896612797685, -33.00179764980264, 0.0 ], [ -68.895606119151921, -33.001781594530378, 0.0 ], [ -68.895583495930325, -33.00224370715955, 0.0 ], [ -68.895720050991955, -33.002248299023449, 0.0 ], [ -68.895861392956746, -33.00225253496248, 0.0 ], [ -68.895896612797685, -33.00179764980264, 0.0 ] ] ] ] } },
{ "type": "Feature", "properties": { "LAYER": "PARCELARIO_BASE_CATASTRO", "MAP_NAME": "1010_2025.dwg", "ccpp1": "1010 1406", "LAYER_2": "PADRONES_2_VISTALBA" }, "geometry": { "type": "MultiPolygon", "coordinates": [ [ [ [ -68.898880381572567, -33.004981939079741, 0.0 ], [ -68.898593757287941, -33.004969523134342, 0.0 ], [ -68.898587205378305, -33.005148739383579, 0.0 ], [ -68.898633325271575, -33.005150566668178, 0.0 ], [ -68.898675077174147, -33.005152201940213, 0.0 ], [ -68.898782359732422, -33.005156665706615, 0.0 ], [ -68.898775779183694, -33.0054352970892, 0.0 ], [ -68.898865860852311, -33.005438947950445, 0.0 ], [ -68.898880381572567, -33.004981939079741, 0.0 ] ] ] ] } },
{ "type": "Feature", "properties": { "LAYER": "PARCELARIO_BASE_CATASTRO", "MAP_NAME": "1010_2025.dwg", "ccpp1": "1010 1407", "LAYER_2": "PADRONES_2_VISTALBA" }, "geometry": { "type": "MultiPolygon", "coordinates": [ [ [ [ -68.898587205378305, -33.005148739383579, 0.0 ], [ -68.898363069933154, -33.005140104791352, 0.0 ], [ -68.898360130174737, -33.005237281396397, 0.0 ], [ -68.898354996298522, -33.005418756575601, 0.0 ], [ -68.898626091342564, -33.005429320139974, 0.0 ], [ -68.898633325271575, -33.005150566668178, 0.0 ], [ -68.898587205378305, -33.005148739383579, 0.0 ] ] ] ] } },
{ "type": "Feature", "properties": { "LAYER": "PARCELARIO_BASE_CATASTRO", "MAP_NAME": "1010_2025.dwg", "ccpp1": "1010 1404", "LAYER_2": "PADRONES_2_VISTALBA" }, "geometry": { "type": "MultiPolygon", "coordinates": [ [ [ [ -68.909856481065745, -33.03389994280699, 0.0 ], [ -68.909279254959912, -33.033931533812435, 0.0 ], [ -68.909295524560633, -33.034141905631458, 0.0 ], [ -68.910015405944307, -33.034102508949353, 0.0 ], [ -68.909856481065745, -33.03389994280699, 0.0 ] ] ] ] } },
{ "type": "Feature", "properties": { "LAYER": "PARCELARIO_BASE_CATASTRO", "MAP_NAME": "1010_2025.dwg", "ccpp1": "1010 261", "LAYER_2": "PADRONES_2_VISTALBA" }, "geometry": { "type": "MultiPolygon", "coordinates": [ [ [ [ -68.907092141244945, -33.01326239815721, 0.0 ], [ -68.907277588572128, -33.013280142154358, 0.0 ], [ -68.907280804458921, -33.013255699242784, 0.0 ], [ -68.907336166805166, -33.012834938716338, 0.0 ], [ -68.907275227055564, -33.012775563266842, 0.0 ], [ -68.90713997319709, -33.01276323510708, 0.0 ], [ -68.907094733852603, -33.01323533722509, 0.0 ], [ -68.907092141244945, -33.01326239815721, 0.0 ] ] ] ] } },
{ "type": "Feature", "properties": { "LAYER": "PARCELARIO_BASE_CATASTRO", "MAP_NAME": "1010_2025.dwg", "ccpp1": "1010 1314", "LAYER_2": "PADRONES_2_VISTALBA" }, "geometry": { "type": "MultiPolygon", "coordinates": [ [ [ [ -68.898991432253908, -33.000628036478183, 0.0 ], [ -68.89898854879992, -33.000647440023577, 0.0 ], [ -68.898959813816816, -33.00074280691404, 0.0 ], [ -68.898903604360257, -33.000823625545266, 0.0 ], [ -68.899421119240358, -33.000843330408209, 0.0 ], [ -68.899432507727596, -33.000652039930685, 0.0 ], [ -68.89943316810168, -33.000642479086615, 0.0 ], [ -68.898991432253908, -33.000628036478183, 0.0 ] ] ] ] } },
{ "type": "Feature", "properties": { "LAYER": "PARCELARIO_BASE_CATASTRO", "MAP_NAME": "1010_2025.dwg", "ccpp1": "1010 1315", "LAYER_2": "PADRONES_2_VISTALBA" }, "geometry": { "type": "MultiPolygon", "coordinates": [ [ [ [ -68.899421119240358, -33.000843330408209, 0.0 ], [ -68.898903612915618, -33.000823630060587, 0.0 ], [ -68.898752543587946, -33.00103622119002, 0.0 ], [ -68.898689853617284, -33.001173052005001, 0.0 ], [ -68.898662078664941, -33.001362367049076, 0.0 ], [ -68.898948465665669, -33.001330531074515, 0.0 ], [ -68.899252766166413, -33.001300862102973, 0.0 ], [ -68.899611986561695, -33.001283577806767, 0.0 ], [ -68.899786650705309, -33.001301565014273, 0.0 ], [ -68.899791665124923, -33.001254170623078, 0.0 ], [ -68.89984358659494, -33.000860551236769, 0.0 ], [ -68.899421119240358, -33.000843330408209, 0.0 ] ] ] ] } },
{ "type": "Feature", "properties": { "LAYER": "PARCELARIO_BASE_CATASTRO", "MAP_NAME": "1010_2025.dwg", "ccpp1": "1010 1316", "LAYER_2": "PADRONES_2_VISTALBA" }, "geometry": { "type": "MultiPolygon", "coordinates": [ [ [ [ -68.898844672647542, -33.001937697988886, 0.0 ], [ -68.898624978092684, -33.001933270182349, 0.0 ], [ -68.898621054692669, -33.002112406602883, 0.0 ], [ -68.899048829691026, -33.002121598696334, 0.0 ], [ -68.899054431528882, -33.001947791623337, 0.0 ], [ -68.899054584459975, -33.001943172460003, 0.0 ], [ -68.898844672647542, -33.001937697988886, 0.0 ] ] ] ] } },
{ "type": "Feature", "properties": { "LAYER": "PARCELARIO_BASE_CATASTRO", "MAP_NAME": "1010_2025.dwg", "ccpp1": "1010 1317", "LAYER_2": "PADRONES_2_VISTALBA" }, "geometry": { "type": "MultiPolygon", "coordinates": [ [ [ [ -68.898621054692669, -33.002112406602883, 0.0 ], [ -68.898615262652143, -33.002280545560389, 0.0 ], [ -68.899043003975024, -33.002295588623433, 0.0 ], [ -68.899048829691026, -33.002121598696334, 0.0 ], [ -68.898621054692669, -33.002112406602883, 0.0 ] ] ] ] } },
{ "type": "Feature", "properties": { "LAYER": "PARCELARIO_BASE_CATASTRO", "MAP_NAME": "1010_2025.dwg", "ccpp1": "1010 1383", "LAYER_2": "PADRONES_2_VISTALBA" }, "geometry": { "type": "MultiPolygon", "coordinates": [ [ [ [ -68.896055981987843, -33.002963185384893, 0.0 ], [ -68.896398198194689, -33.002981888390053, 0.0 ], [ -68.896408020695034, -33.002766595248417, 0.0 ], [ -68.896065803504513, -33.002754913620755, 0.0 ], [ -68.896055981987843, -33.002963185384893, 0.0 ] ] ] ] } },
{ "type": "Feature", "properties": { "LAYER": "PARCELARIO_BASE_CATASTRO", "MAP_NAME": "1010_2025.dwg", "ccpp1": "1010 1384", "LAYER_2": "PADRONES_2_VISTALBA" }, "geometry": { "type": "MultiPolygon", "coordinates": [ [ [ [ -68.896065803504513, -33.002754913620755, 0.0 ], [ -68.89590164578145, -33.002749451545291, 0.0 ], [ -68.895877715117138, -33.003166928304672, 0.0 ], [ -68.896042224798322, -33.003171310497422, 0.0 ], [ -68.896055981987843, -33.002963185384893, 0.0 ], [ -68.896065803504513, -33.002754913620755, 0.0 ] ] ] ] } },
{ "type": "Feature", "properties": { "LAYER": "PARCELARIO_BASE_CATASTRO", "MAP_NAME": "1010_2025.dwg", "ccpp1": "1010 1376", "LAYER_2": "PADRONES_2_VISTALBA" }, "geometry": { "type": "MultiPolygon", "coordinates": [ [ [ [ -68.905043805542746, -33.006425624845612, 0.0 ], [ -68.904727542701181, -33.006362446916739, 0.0 ], [ -68.904625535263094, -33.006583640206834, 0.0 ], [ -68.904853654039869, -33.00661492209359, 0.0 ], [ -68.904873843376876, -33.006548934829603, 0.0 ], [ -68.905000097174337, -33.006569318675815, 0.0 ], [ -68.905043805542746, -33.006425624845612, 0.0 ] ] ] ] } },
{ "type": "Feature", "properties": { "LAYER": "PARCELARIO_BASE_CATASTRO", "MAP_NAME": "1010_2025.dwg", "ccpp1": "1010 477", "LAYER_2": "PADRONES_2_VISTALBA" }, "geometry": { "type": "MultiPolygon", "coordinates": [ [ [ [ -68.899833998012781, -33.004993590218859, 0.0 ], [ -68.900092083051561, -33.005001821951005, 0.0 ], [ -68.900102208643659, -33.004749125507061, 0.0 ], [ -68.899790066578547, -33.004737150838693, 0.0 ], [ -68.899777721082401, -33.004992332296254, 0.0 ], [ -68.899833998012781, -33.004993590218859, 0.0 ] ] ] ] } },
{ "type": "Feature", "properties": { "LAYER": "PARCELARIO_BASE_CATASTRO", "MAP_NAME": "1010_2025.dwg", "ccpp1": "1010 1429", "LAYER_2": "PADRONES_2_VISTALBA" }, "geometry": { "type": "MultiPolygon", "coordinates": [ [ [ [ -68.899769668476679, -33.005455045961106, 0.0 ], [ -68.899780577514761, -33.005478017693683, 0.0 ], [ -68.900067413713941, -33.005487819643413, 0.0 ], [ -68.900078391705904, -33.005232744570016, 0.0 ], [ -68.899767237975439, -33.005234807020244, 0.0 ], [ -68.899769668476679, -33.005455045961106, 0.0 ] ] ] ] } },
{ "type": "Feature", "properties": { "LAYER": "PARCELARIO_BASE_CATASTRO", "MAP_NAME": "1010_2025.dwg", "ccpp1": "1010 1485", "LAYER_2": "PADRONES_2_VISTALBA" }, "geometry": { "type": "MultiPolygon", "coordinates": [ [ [ [ -68.903799310620812, -33.007447803169448, 0.0 ], [ -68.903399557162885, -33.00739997616293, 0.0 ], [ -68.903383913846554, -33.007613931629948, 0.0 ], [ -68.903758202821308, -33.007658042186677, 0.0 ], [ -68.903799310620812, -33.007447803169448, 0.0 ] ] ] ] } },
{ "type": "Feature", "properties": { "LAYER": "PARCELARIO_BASE_CATASTRO", "MAP_NAME": "1010_2025.dwg", "ccpp1": "1010 1486", "LAYER_2": "PADRONES_2_VISTALBA" }, "geometry": { "type": "MultiPolygon", "coordinates": [ [ [ [ -68.903758202821308, -33.007658042186677, 0.0 ], [ -68.903383913846554, -33.007613931629948, 0.0 ], [ -68.903363385177244, -33.007891721920764, 0.0 ], [ -68.903703540904672, -33.007937669974574, 0.0 ], [ -68.903758202821308, -33.007658042186677, 0.0 ] ] ] ] } },
{ "type": "Feature", "properties": { "LAYER": "PARCELARIO_BASE_CATASTRO", "MAP_NAME": "1010_2025.dwg", "ccpp1": "1010 1432", "LAYER_2": "PADRONES_2_VISTALBA" }, "geometry": { "type": "MultiPolygon", "coordinates": [ [ [ [ -68.90763513643671, -33.024862241841497, 0.0 ], [ -68.907631056510624, -33.024952461195234, 0.0 ], [ -68.907470513411496, -33.024954019376274, 0.0 ], [ -68.90737207396289, -33.02508293516884, 0.0 ], [ -68.907211531693861, -33.025084493017005, 0.0 ], [ -68.907207449254145, -33.025174806021262, 0.0 ], [ -68.907313177085967, -33.025173772775283, 0.0 ], [ -68.907728003686501, -33.025169791889702, 0.0 ], [ -68.907741811541726, -33.024861323497532, 0.0 ], [ -68.90763513643671, -33.024862241841497, 0.0 ] ] ] ] } },
{ "type": "Feature", "properties": { "LAYER": "PARCELARIO_BASE_CATASTRO", "MAP_NAME": "1010_2025.dwg", "ccpp1": "1010 1354", "LAYER_2": "PADRONES_2_VISTALBA" }, "geometry": { "type": "MultiPolygon", "coordinates": [ [ [ [ -68.907166039474561, -33.007392915627143, 0.0 ], [ -68.907109661569578, -33.007579340169791, 0.0 ], [ -68.907593044243711, -33.007683752281814, 0.0 ], [ -68.907683552070324, -33.007401053829049, 0.0 ], [ -68.907195463248826, -33.007295646722497, 0.0 ], [ -68.907166039474561, -33.007392915627143, 0.0 ] ] ] ] } },
{ "type": "Feature", "properties": { "LAYER": "PARCELARIO_BASE_CATASTRO", "MAP_NAME": "1010_2025.dwg", "ccpp1": "1010 1433", "LAYER_2": "PADRONES_2_VISTALBA" }, "geometry": { "type": "MultiPolygon", "coordinates": [ [ [ [ -68.895875095776105, -33.000808317220276, 0.0 ], [ -68.895842165208904, -33.001251278786796, 0.0 ], [ -68.896480981157609, -33.001287915950016, 0.0 ], [ -68.896484018163804, -33.001206235618348, 0.0 ], [ -68.896502873842067, -33.000846049617223, 0.0 ], [ -68.895875095776105, -33.000808317220276, 0.0 ] ] ] ] } },
{ "type": "Feature", "properties": { "LAYER": "PARCELARIO_BASE_CATASTRO", "MAP_NAME": "1010_2025.dwg", "ccpp1": "1010 1461", "LAYER_2": "PADRONES_2_VISTALBA" }, "geometry": { "type": "MultiPolygon", "coordinates": [ [ [ [ -68.908391724603462, -33.007551073332444, 0.0 ], [ -68.907854846383657, -33.007435263722762, 0.0 ], [ -68.907800195639993, -33.007608705726064, 0.0 ], [ -68.908325519685988, -33.007722162727617, 0.0 ], [ -68.908391724603462, -33.007551073332444, 0.0 ] ] ] ] } },
{ "type": "Feature", "properties": { "LAYER": "PARCELARIO_BASE_CATASTRO", "MAP_NAME": "1010_2025.dwg", "ccpp1": "1010 1445", "LAYER_2": "PADRONES_2_VISTALBA" }, "geometry": { "type": "MultiPolygon", "coordinates": [ [ [ [ -68.90681496217843, -33.003346040571209, 0.0 ], [ -68.906724910227055, -33.003626793745617, 0.0 ], [ -68.906991211738543, -33.003840064797771, 0.0 ], [ -68.907081276788674, -33.003560087778467, 0.0 ], [ -68.90681496217843, -33.003346040571209, 0.0 ] ] ] ] } },
{ "type": "Feature", "properties": { "LAYER": "PARCELARIO_BASE_CATASTRO", "MAP_NAME": "1010_2025.dwg", "ccpp1": "1010 1446", "LAYER_2": "PADRONES_2_VISTALBA" }, "geometry": { "type": "MultiPolygon", "coordinates": [ [ [ [ -68.906561686666038, -33.003143331208079, 0.0 ], [ -68.906471372529225, -33.003423743274347, 0.0 ], [ -68.906471373789287, -33.003423744283502, 0.0 ], [ -68.906724910227055, -33.003626793745617, 0.0 ], [ -68.90681496217843, -33.003346040571209, 0.0 ], [ -68.906561686666038, -33.003143331208079, 0.0 ] ] ] ] } },
{ "type": "Feature", "properties": { "LAYER": "PARCELARIO_BASE_CATASTRO", "MAP_NAME": "1010_2025.dwg", "ccpp1": "1010 1447", "LAYER_2": "PADRONES_2_VISTALBA" }, "geometry": { "type": "MultiPolygon", "coordinates": [ [ [ [ -68.906294512694899, -33.002927680858868, 0.0 ], [ -68.906198684326938, -33.003205354140256, 0.0 ], [ -68.906471372529225, -33.003423743274347, 0.0 ], [ -68.906561686657483, -33.003143339323159, 0.0 ], [ -68.906294512694899, -33.002927680858868, 0.0 ] ] ] ] } },
{ "type": "Feature", "properties": { "LAYER": "PARCELARIO_BASE_CATASTRO", "MAP_NAME": "1010_2025.dwg", "ccpp1": "1010 1448", "LAYER_2": "PADRONES_2_VISTALBA" }, "geometry": { "type": "MultiPolygon", "coordinates": [ [ [ [ -68.906053699290268, -33.00273339154414, 0.0 ], [ -68.905963770934434, -33.00301721655805, 0.0 ], [ -68.906198684326938, -33.003205354140256, 0.0 ], [ -68.906294520180765, -33.002927685372853, 0.0 ], [ -68.906053699290268, -33.00273339154414, 0.0 ] ] ] ] } },
{ "type": "Feature", "properties": { "LAYER": "PARCELARIO_BASE_CATASTRO", "MAP_NAME": "1010_2025.dwg", "ccpp1": "1010 1369", "LAYER_2": "PADRONES_2_VISTALBA" }, "geometry": { "type": "MultiPolygon", "coordinates": [ [ [ [ -68.907422472928261, -33.026620674530662, 0.0 ], [ -68.907349232775658, -33.026625536095494, 0.0 ], [ -68.907331490511339, -33.027030327055769, 0.0 ], [ -68.907329297478086, -33.027080278090367, 0.0 ], [ -68.907599529815016, -33.027063080699378, 0.0 ], [ -68.907604085837278, -33.026956952695926, 0.0 ], [ -68.907611111983982, -33.026788525447039, 0.0 ], [ -68.907618900345796, -33.02660765567434, 0.0 ], [ -68.907422472928261, -33.026620674530662, 0.0 ] ] ] ] } },
{ "type": "Feature", "properties": { "LAYER": "PARCELARIO_BASE_CATASTRO", "MAP_NAME": "1010_2025.dwg", "ccpp1": "1010 1453", "LAYER_2": "PADRONES_2_VISTALBA" }, "geometry": { "type": "MultiPolygon", "coordinates": [ [ [ [ -68.907349232775658, -33.026625536095494, 0.0 ], [ -68.907195430571193, -33.026635744161254, 0.0 ], [ -68.907179585779645, -33.026636790039021, 0.0 ], [ -68.907166244373443, -33.027010728108756, 0.0 ], [ -68.907165172300793, -33.027040931540739, 0.0 ], [ -68.907331490511339, -33.027030327055769, 0.0 ], [ -68.907349232775658, -33.026625536095494, 0.0 ] ] ] ] } },
{ "type": "Feature", "properties": { "LAYER": "PARCELARIO_BASE_CATASTRO", "MAP_NAME": "1010_2025.dwg", "ccpp1": "1010 1470", "LAYER_2": "PADRONES_2_VISTALBA" }, "geometry": { "type": "MultiPolygon", "coordinates": [ [ [ [ -68.907027904444149, -33.012571314980754, 0.0 ], [ -68.90717419417399, -33.01258445396013, 0.0 ], [ -68.907246851120888, -33.012074671313997, 0.0 ], [ -68.907247742725602, -33.012068414353507, 0.0 ], [ -68.907101281963733, -33.012054865972466, 0.0 ], [ -68.907100361220898, -33.012061344722206, 0.0 ], [ -68.907027904444149, -33.012571314980754, 0.0 ] ] ] ] } },
{ "type": "Feature", "properties": { "LAYER": "PARCELARIO_BASE_CATASTRO", "MAP_NAME": "1010_2025.dwg", "ccpp1": "1010 532", "LAYER_2": "PADRONES_2_VISTALBA" }, "geometry": { "type": "MultiPolygon", "coordinates": [ [ [ [ -68.898360120544737, -33.005237280486888, 0.0 ], [ -68.8981004693523, -33.005227234232279, 0.0 ], [ -68.898095128278598, -33.005408825547505, 0.0 ], [ -68.898354992018056, -33.005418756572119, 0.0 ], [ -68.898360120544737, -33.005237280486888, 0.0 ] ] ] ] } },
{ "type": "Feature", "properties": { "LAYER": "PARCELARIO_BASE_CATASTRO", "MAP_NAME": "1010_2025.dwg", "ccpp1": "1010 1437", "LAYER_2": "PADRONES_2_VISTALBA" }, "geometry": { "type": "MultiPolygon", "coordinates": [ [ [ [ -68.898372180121584, -33.004872941186733, 0.0 ], [ -68.898139568052457, -33.004865163097882, 0.0 ], [ -68.898139364894632, -33.004868745289784, 0.0 ], [ -68.898112899895708, -33.004867860788821, 0.0 ], [ -68.898106472380007, -33.005045080806198, 0.0 ], [ -68.898365712119073, -33.00505512400801, 0.0 ], [ -68.898370013694375, -33.004927521461447, 0.0 ], [ -68.898372180121584, -33.004872941186733, 0.0 ] ] ] ] } },
{ "type": "Feature", "properties": { "LAYER": "PARCELARIO_BASE_CATASTRO", "MAP_NAME": "1010_2025.dwg", "ccpp1": "1010 1438", "LAYER_2": "PADRONES_2_VISTALBA" }, "geometry": { "type": "MultiPolygon", "coordinates": [ [ [ [ -68.898071492136012, -33.004693656594938, 0.0 ], [ -68.898064985413214, -33.004866180623175, 0.0 ], [ -68.898112899895708, -33.004867860788821, 0.0 ], [ -68.898139364894632, -33.004868745289784, 0.0 ], [ -68.898139568052457, -33.004865163097882, 0.0 ], [ -68.898372180121584, -33.004872941186733, 0.0 ], [ -68.898379303173854, -33.004701809831097, 0.0 ], [ -68.898071492136012, -33.004693656594938, 0.0 ] ] ] ] } },
{ "type": "Feature", "properties": { "LAYER": "PARCELARIO_BASE_CATASTRO", "MAP_NAME": "1010_2025.dwg", "ccpp1": "1010 1471", "LAYER_2": "PADRONES_2_VISTALBA" }, "geometry": { "type": "MultiPolygon", "coordinates": [ [ [ [ -68.900651927414074, -33.002077261728758, 0.0 ], [ -68.900890159709533, -33.00209098704979, 0.0 ], [ -68.90113513804144, -33.002101668691758, 0.0 ], [ -68.901093699456979, -33.001747601730081, 0.0 ], [ -68.900938128145825, -33.001737657322991, 0.0 ], [ -68.900742732000737, -33.001703744266393, 0.0 ], [ -68.900651927414074, -33.002077261728758, 0.0 ] ] ] ] } },
{ "type": "Feature", "properties": { "LAYER": "PARCELARIO_BASE_CATASTRO", "MAP_NAME": "1010_2025.dwg", "ccpp1": "1010 1422", "LAYER_2": "PADRONES_2_VISTALBA" }, "geometry": { "type": "MultiPolygon", "coordinates": [ [ [ [ -68.903348552087948, -33.005585577021769, 0.0 ], [ -68.903040367156848, -33.005583371476497, 0.0 ], [ -68.902729483204766, -33.005576466238757, 0.0 ], [ -68.902415187505113, -33.005568818185779, 0.0 ], [ -68.902104788903998, -33.005554692956345, 0.0 ], [ -68.90178069816902, -33.005544469455351, 0.0 ], [ -68.901588072243058, -33.005538657028282, 0.0 ], [ -68.899780577514761, -33.005478017693683, 0.0 ], [ -68.899546696095484, -33.005465587658534, 0.0 ], [ -68.897784606233259, -33.005397055473068, 0.0 ], [ -68.897741942236237, -33.005357614601039, 0.0 ], [ -68.897624578856338, -33.005675959700739, 0.0 ], [ -68.899128046210961, -33.005718410833012, 0.0 ], [ -68.899303166962639, -33.005722632299452, 0.0 ], [ -68.903311607135805, -33.005819118476317, 0.0 ], [ -68.903345596010922, -33.005841069040883, 0.0 ], [ -68.903348552087948, -33.005585577021769, 0.0 ] ] ] ] } },
{ "type": "Feature", "properties": { "LAYER": "PARCELARIO_BASE_CATASTRO", "MAP_NAME": "1010_2025.dwg", "ccpp1": "1010 1346", "LAYER_2": "PADRONES_2_VISTALBA" }, "geometry": { "type": "MultiPolygon", "coordinates": [ [ [ [ -68.899104194740957, -32.996551927960716, 0.0 ], [ -68.897979720085658, -32.996489872362744, 0.0 ], [ -68.898018572529978, -32.996725849511222, 0.0 ], [ -68.898606301025893, -32.996751284814863, 0.0 ], [ -68.899159766767184, -32.996777801450733, 0.0 ], [ -68.899144888975471, -32.996717874805626, 0.0 ], [ -68.899119987464189, -32.996617386237787, 0.0 ], [ -68.899104194740957, -32.996551927960716, 0.0 ] ] ] ] } },
{ "type": "Feature", "properties": { "LAYER": "PARCELARIO_BASE_CATASTRO", "MAP_NAME": "1010_2025.dwg", "ccpp1": "1010 1706", "LAYER_2": "PADRONES_2_VISTALBA" }, "geometry": { "type": "MultiPolygon", "coordinates": [ [ [ [ -68.898387769816097, -32.99705755376015, 0.0 ], [ -68.898421139909047, -32.997255089621405, 0.0 ], [ -68.898700814418618, -32.997272806679931, 0.0 ], [ -68.898679596798772, -32.997071668638583, 0.0 ], [ -68.898387769816097, -32.99705755376015, 0.0 ] ] ] ] } },
{ "type": "Feature", "properties": { "LAYER": "PARCELARIO_BASE_CATASTRO", "MAP_NAME": "1010_2025.dwg", "ccpp1": "1010 31", "LAYER_2": "PADRONES_2_VISTALBA" }, "geometry": { "type": "MultiPolygon", "coordinates": [ [ [ [ -68.892724434513838, -33.022512534843919, 0.0 ], [ -68.895429481911279, -33.022745849929713, 0.0 ], [ -68.896553422939931, -33.025853723158392, 0.0 ], [ -68.897976380601804, -33.025689009325554, 0.0 ], [ -68.898928234437975, -33.025572050831016, 0.0 ], [ -68.899764860477546, -33.025472942898169, 0.0 ], [ -68.899811953598331, -33.025466876389736, 0.0 ], [ -68.899823298842477, -33.025465499626357, 0.0 ], [ -68.899827419227577, -33.025464999800441, 0.0 ], [ -68.899886796021761, -33.025457792588739, 0.0 ], [ -68.899930090568176, -33.02545253810051, 0.0 ], [ -68.900207873656299, -33.025422308343487, 0.0 ], [ -68.900239315098275, -33.02541886204137, 0.0 ], [ -68.900339545316115, -33.025407875894601, 0.0 ], [ -68.90042447812553, -33.025398611379032, 0.0 ], [ -68.900476565029834, -33.025392930011698, 0.0 ], [ -68.9007478146208, -33.025363342144288, 0.0 ], [ -68.900794698899702, -33.025358228166795, 0.0 ], [ -68.900841726378104, -33.025354269151109, 0.0 ], [ -68.900973292226396, -33.025337602505601, 0.0 ], [ -68.90149129029038, -33.025280132287506, 0.0 ], [ -68.901639030861418, -33.025263740994774, 0.0 ], [ -68.901933308643294, -33.025231061532736, 0.0 ], [ -68.902053409121919, -33.025214736389913, 0.0 ], [ -68.902090995322695, -33.024380621981599, 0.0 ], [ -68.902091799808744, -33.024365506967371, 0.0 ], [ -68.90221533552122, -33.021993846441802, 0.0 ], [ -68.902220922212251, -33.02189238552198, 0.0 ], [ -68.9022548545815, -33.02142483406044, 0.0 ], [ -68.898345528988401, -33.021096995945541, 0.0 ], [ -68.894914136592462, -33.020816651248474, 0.0 ], [ -68.894912763023342, -33.020839514725544, 0.0 ], [ -68.894908409679346, -33.020936386847133, 0.0 ], [ -68.894968625766978, -33.021714775465149, 0.0 ], [ -68.894851293040347, -33.021705229834225, 0.0 ], [ -68.892643643428244, -33.021525685521688, 0.0 ], [ -68.892655506123759, -33.021672829863803, 0.0 ], [ -68.892695253246174, -33.0221570499289, 0.0 ], [ -68.892698954380961, -33.022202136769124, 0.0 ], [ -68.89270183914158, -33.022237275648834, 0.0 ], [ -68.892724434513838, -33.022512534843919, 0.0 ] ] ] ] } },
{ "type": "Feature", "properties": { "LAYER": "PARCELARIO_BASE_CATASTRO", "MAP_NAME": "1010_2025.dwg", "ccpp1": "1919 170", "LAYER_2": "PADRONES_2_VISTALBA" }, "geometry": { "type": "MultiPolygon", "coordinates": [ [ [ [ -68.900361246472528, -33.033435754768682, 0.0 ], [ -68.900951526660933, -33.034270090586531, 0.0 ], [ -68.900956024940669, -33.034268020312709, 0.0 ], [ -68.901191812301576, -33.034588571127827, 0.0 ], [ -68.901315727745754, -33.034533036062079, 0.0 ], [ -68.901292064819415, -33.034499586973681, 0.0 ], [ -68.90120776867272, -33.034380478886561, 0.0 ], [ -68.901125390142283, -33.034264082684558, 0.0 ], [ -68.901038403260856, -33.034141171801338, 0.0 ], [ -68.900954675370713, -33.034022815981871, 0.0 ], [ -68.900866947292869, -33.033898805248938, 0.0 ], [ -68.900766482937598, -33.033756802287662, 0.0 ], [ -68.900677668492833, -33.033631218939377, 0.0 ], [ -68.900498330365153, -33.033377616170014, 0.0 ], [ -68.900361246472528, -33.033435754768682, 0.0 ] ] ] ] } },
{ "type": "Feature", "properties": { "LAYER": "PARCELARIO_BASE_CATASTRO", "MAP_NAME": "1010_2025.dwg", "ccpp1": "1919 350", "LAYER_2": "PADRONES_2_VISTALBA" }, "geometry": { "type": "MultiPolygon", "coordinates": [ [ [ [ -68.900208898701962, -33.033220414824207, 0.0 ], [ -68.90011534436033, -33.033261986380509, 0.0 ], [ -68.900317336883788, -33.033549330321605, 0.0 ], [ -68.900854493515723, -33.034313654425048, 0.0 ], [ -68.900951526660933, -33.034270090586531, 0.0 ], [ -68.900361246472528, -33.033435754768682, 0.0 ], [ -68.900208898701962, -33.033220414824207, 0.0 ] ] ] ] } },
{ "type": "Feature", "properties": { "LAYER": "PARCELARIO_BASE_CATASTRO", "MAP_NAME": "1010_2025.dwg", "ccpp1": "1010 2179", "LAYER_2": "PADRONES_2_VISTALBA" }, "geometry": { "type": "MultiPolygon", "coordinates": [ [ [ [ -68.892643643428244, -33.021525685521688, 0.0 ], [ -68.892616634422268, -33.021523629913844, 0.0 ], [ -68.888371956433247, -33.021171670286186, 0.0 ], [ -68.888142653900431, -33.021152652469453, 0.0 ], [ -68.88583033293051, -33.020955203867757, 0.0 ], [ -68.885809001933012, -33.020953381907646, 0.0 ], [ -68.885424365286099, -33.020939825283087, 0.0 ], [ -68.884931149623142, -33.020987907682638, 0.0 ], [ -68.884874763497265, -33.020995492854269, 0.0 ], [ -68.884845726208425, -33.021109821673917, 0.0 ], [ -68.884799457498573, -33.021129845711286, 0.0 ], [ -68.885067573713727, -33.021419623779487, 0.0 ], [ -68.885398180291233, -33.021776938072797, 0.0 ], [ -68.886227363537856, -33.022650488315328, 0.0 ], [ -68.887131476395567, -33.023594309495657, 0.0 ], [ -68.887453754821948, -33.023945033003876, 0.0 ], [ -68.88775542157849, -33.02416011201182, 0.0 ], [ -68.887920953087516, -33.02427812925584, 0.0 ], [ -68.888547199374756, -33.024796602831977, 0.0 ], [ -68.889120292005401, -33.02527617474432, 0.0 ], [ -68.889384500159949, -33.025605431363985, 0.0 ], [ -68.889729274101484, -33.025990126731124, 0.0 ], [ -68.890033173278496, -33.02628451867713, 0.0 ], [ -68.890237542126485, -33.026482492187114, 0.0 ], [ -68.890323751454389, -33.026566003346588, 0.0 ], [ -68.892864944392926, -33.026263175015956, 0.0 ], [ -68.892918470637454, -33.026256795637899, 0.0 ], [ -68.892971996874323, -33.026250416236856, 0.0 ], [ -68.893025523103574, -33.026244036812841, 0.0 ], [ -68.893079049325152, -33.026237657365826, 0.0 ], [ -68.893131597079176, -33.026231395177057, 0.0 ], [ -68.893563538357611, -33.026179915448274, 0.0 ], [ -68.895380906866649, -33.025981756104862, 0.0 ], [ -68.895368026102147, -33.025877544407706, 0.0 ], [ -68.895295554606463, -33.025291202520549, 0.0 ], [ -68.8952552803066, -33.025287903686923, 0.0 ], [ -68.892936673222977, -33.025097966227833, 0.0 ], [ -68.89270183914158, -33.022237275648834, 0.0 ], [ -68.892698954380961, -33.022202136769124, 0.0 ], [ -68.892695253246174, -33.0221570499289, 0.0 ], [ -68.892655506123759, -33.021672829863803, 0.0 ], [ -68.892643643428244, -33.021525685521688, 0.0 ] ] ] ] } },
{ "type": "Feature", "properties": { "LAYER": "PARCELARIO_BASE_CATASTRO", "MAP_NAME": "1010_2025.dwg", "ccpp1": "1919 349", "LAYER_2": "PADRONES_2_VISTALBA" }, "geometry": { "type": "MultiPolygon", "coordinates": [ [ [ [ -68.901087512240139, -33.032896321428083, 0.0 ], [ -68.90096640319841, -33.032933013572951, 0.0 ], [ -68.901165521204092, -33.033208091142356, 0.0 ], [ -68.90128748670196, -33.033171579818053, 0.0 ], [ -68.901262047925101, -33.033137476501885, 0.0 ], [ -68.901087512240139, -33.032896321428083, 0.0 ] ] ] ] } },
{ "type": "Feature", "properties": { "LAYER": "PARCELARIO_BASE_CATASTRO", "MAP_NAME": "1010_2025.dwg", "ccpp1": "1010 1472", "LAYER_2": "PADRONES_2_VISTALBA" }, "geometry": { "type": "MultiPolygon", "coordinates": [ [ [ [ -68.909250622163427, -33.004421661583876, 0.0 ], [ -68.909210524053975, -33.00445939732024, 0.0 ], [ -68.909169763093658, -33.004428625930807, 0.0 ], [ -68.909026691092265, -33.004552453495734, 0.0 ], [ -68.909378655431226, -33.004825336603403, 0.0 ], [ -68.909467692206249, -33.004585177621252, 0.0 ], [ -68.909250622163427, -33.004421661583876, 0.0 ] ] ] ] } },
{ "type": "Feature", "properties": { "LAYER": "PARCELARIO_BASE_CATASTRO", "MAP_NAME": "1010_2025.dwg", "ccpp1": "1010 1468", "LAYER_2": "PADRONES_2_VISTALBA" }, "geometry": { "type": "MultiPolygon", "coordinates": [ [ [ [ -68.906375938249965, -33.035418665575705, 0.0 ], [ -68.90669877796114, -33.035401755803115, 0.0 ], [ -68.906445859560932, -33.035032095738899, 0.0 ], [ -68.906192668435025, -33.035155164132902, 0.0 ], [ -68.906248248658542, -33.035235093994636, 0.0 ], [ -68.906375938249965, -33.035418665575705, 0.0 ] ] ] ] } },
{ "type": "Feature", "properties": { "LAYER": "PARCELARIO_BASE_CATASTRO", "MAP_NAME": "1010_2025.dwg", "ccpp1": "1010 486", "LAYER_2": "PADRONES_2_VISTALBA" }, "geometry": { "type": "MultiPolygon", "coordinates": [ [ [ [ -68.901064395735673, -33.005765129030102, 0.0 ], [ -68.900893252356568, -33.005760999752866, 0.0 ], [ -68.900868286637007, -33.006211386727578, 0.0 ], [ -68.901039288687485, -33.006215399611527, 0.0 ], [ -68.901064395735673, -33.005765129030102, 0.0 ] ] ] ] } },
{ "type": "Feature", "properties": { "LAYER": "PARCELARIO_BASE_CATASTRO", "MAP_NAME": "1010_2025.dwg", "ccpp1": "1010 1400", "LAYER_2": "PADRONES_2_VISTALBA" }, "geometry": { "type": "MultiPolygon", "coordinates": [ [ [ [ -68.902608840001236, -33.018847195404284, 0.0 ], [ -68.902602998966927, -33.018891463027522, 0.0 ], [ -68.902475517398031, -33.018884948971774, 0.0 ], [ -68.90247268013006, -33.018920873043498, 0.0 ], [ -68.902602951818807, -33.018927529940626, 0.0 ], [ -68.902602935204158, -33.018939720556659, 0.0 ], [ -68.902602915654953, -33.018954580124692, 0.0 ], [ -68.902684138487061, -33.019011905175098, 0.0 ], [ -68.902918789671148, -33.019028349604277, 0.0 ], [ -68.90292094450038, -33.019006546104443, 0.0 ], [ -68.902921453181335, -33.019001392533021, 0.0 ], [ -68.905785110555001, -33.01925335434224, 0.0 ], [ -68.906019826382078, -33.019273577315218, 0.0 ], [ -68.906026954907887, -33.019274191312576, 0.0 ], [ -68.906186772604144, -33.019287961081396, 0.0 ], [ -68.906256441350138, -33.01925200959738, 0.0 ], [ -68.906290539719819, -33.019234691509894, 0.0 ], [ -68.906497730708026, -33.019127496332324, 0.0 ], [ -68.906508429748214, -33.019121975283788, 0.0 ], [ -68.906777341660799, -33.019006302336344, 0.0 ], [ -68.908959173985807, -33.019221614139276, 0.0 ], [ -68.908961261187784, -33.019201686868072, 0.0 ], [ -68.908963541866626, -33.019179914011673, 0.0 ], [ -68.908976261768274, -33.019058477748736, 0.0 ], [ -68.908977990106933, -33.019041977477116, 0.0 ], [ -68.907132041871265, -33.018863543272005, 0.0 ], [ -68.90673675548139, -33.018825330430005, 0.0 ], [ -68.906572809816907, -33.018914662870543, 0.0 ], [ -68.906274614667041, -33.019077146327341, 0.0 ], [ -68.906274593093471, -33.019077305005744, 0.0 ], [ -68.906267759827287, -33.019080881322211, 0.0 ], [ -68.906192025228052, -33.019120517001966, 0.0 ], [ -68.90603586580454, -33.019109010490155, 0.0 ], [ -68.905801236124034, -33.019091720757025, 0.0 ], [ -68.902931648209091, -33.018833844232937, 0.0 ], [ -68.902934310639083, -33.018806887159734, 0.0 ], [ -68.902690050632671, -33.018789858197167, 0.0 ], [ -68.902608840001236, -33.018847195404284, 0.0 ] ] ] ] } },
{ "type": "Feature", "properties": { "LAYER": "PARCELARIO_BASE_CATASTRO", "MAP_NAME": "1010_2025.dwg", "ccpp1": "1010 1462", "LAYER_2": "PADRONES_2_VISTALBA" }, "geometry": { "type": "MultiPolygon", "coordinates": [ [ [ [ -68.901431873190845, -33.00402124879421, 0.0 ], [ -68.901127092568416, -33.004010257092375, 0.0 ], [ -68.901119352999658, -33.004181523392795, 0.0 ], [ -68.90142377908613, -33.004192379582506, 0.0 ], [ -68.901431873190845, -33.00402124879421, 0.0 ] ] ] ] } },
{ "type": "Feature", "properties": { "LAYER": "PARCELARIO_BASE_CATASTRO", "MAP_NAME": "1010_2025.dwg", "ccpp1": "1010 1463", "LAYER_2": "PADRONES_2_VISTALBA" }, "geometry": { "type": "MultiPolygon", "coordinates": [ [ [ [ -68.901062920078118, -33.004007935830124, 0.0 ], [ -68.900753575799953, -33.003996734017392, 0.0 ], [ -68.900746247300447, -33.004168179152877, 0.0 ], [ -68.901055173935788, -33.004179228269869, 0.0 ], [ -68.901062920078118, -33.004007935830124, 0.0 ] ] ] ] } },
{ "type": "Feature", "properties": { "LAYER": "PARCELARIO_BASE_CATASTRO", "MAP_NAME": "1010_2025.dwg", "ccpp1": "1010 1465", "LAYER_2": "PADRONES_2_VISTALBA" }, "geometry": { "type": "MultiPolygon", "coordinates": [ [ [ [ -68.901055173935788, -33.004179228269869, 0.0 ], [ -68.900746247300447, -33.004168179152877, 0.0 ], [ -68.900738538796261, -33.004340658203219, 0.0 ], [ -68.901047405138414, -33.004350656839506, 0.0 ], [ -68.901055173935788, -33.004179228269869, 0.0 ] ] ] ] } },
{ "type": "Feature", "properties": { "LAYER": "PARCELARIO_BASE_CATASTRO", "MAP_NAME": "1010_2025.dwg", "ccpp1": "1010 1464", "LAYER_2": "PADRONES_2_VISTALBA" }, "geometry": { "type": "MultiPolygon", "coordinates": [ [ [ [ -68.90142377908613, -33.004192379582506, 0.0 ], [ -68.901119352999658, -33.004181523392795, 0.0 ], [ -68.901111590775002, -33.004352926724756, 0.0 ], [ -68.901159021284641, -33.004352747885513, 0.0 ], [ -68.901415715268314, -33.004362228206453, 0.0 ], [ -68.90142377908613, -33.004192379582506, 0.0 ] ] ] ] } },
{ "type": "Feature", "properties": { "LAYER": "PARCELARIO_BASE_CATASTRO", "MAP_NAME": "1010_2025.dwg", "ccpp1": "1010 1466", "LAYER_2": "PADRONES_2_VISTALBA" }, "geometry": { "type": "MultiPolygon", "coordinates": [ [ [ [ -68.900738538796261, -33.004340658203219, 0.0 ], [ -68.900731285031512, -33.004517937230226, 0.0 ], [ -68.900942316318407, -33.004522158797641, 0.0 ], [ -68.901150419629829, -33.004533258378018, 0.0 ], [ -68.901159021284641, -33.004352747885513, 0.0 ], [ -68.901111590775002, -33.004352926724756, 0.0 ], [ -68.901047405138414, -33.004350656839506, 0.0 ], [ -68.900738538796261, -33.004340658203219, 0.0 ] ] ] ] } },
{ "type": "Feature", "properties": { "LAYER": "PARCELARIO_BASE_CATASTRO", "MAP_NAME": "1010_2025.dwg", "ccpp1": "1010 1467", "LAYER_2": "PADRONES_2_VISTALBA" }, "geometry": { "type": "MultiPolygon", "coordinates": [ [ [ [ -68.901127092568416, -33.004010257092375, 0.0 ], [ -68.901062920078118, -33.004007935830124, 0.0 ], [ -68.901055173935788, -33.004179228269869, 0.0 ], [ -68.901047405138414, -33.004350656839506, 0.0 ], [ -68.901111590775002, -33.004352926724756, 0.0 ], [ -68.901119352999658, -33.004181523392795, 0.0 ], [ -68.901127092568416, -33.004010257092375, 0.0 ] ] ] ] } },
{ "type": "Feature", "properties": { "LAYER": "PARCELARIO_BASE_CATASTRO", "MAP_NAME": "1010_2025.dwg", "ccpp1": "1010 1434", "LAYER_2": "PADRONES_2_VISTALBA" }, "geometry": { "type": "MultiPolygon", "coordinates": [ [ [ [ -68.903120376742322, -33.005814539379685, 0.0 ], [ -68.902947120763031, -33.005810392343356, 0.0 ], [ -68.902917120213559, -33.006340513697161, 0.0 ], [ -68.903090479680301, -33.006342959394438, 0.0 ], [ -68.903120376742322, -33.005814539379685, 0.0 ] ] ] ] } },
{ "type": "Feature", "properties": { "LAYER": "PARCELARIO_BASE_CATASTRO", "MAP_NAME": "1010_2025.dwg", "ccpp1": "1010 1435", "LAYER_2": "PADRONES_2_VISTALBA" }, "geometry": { "type": "MultiPolygon", "coordinates": [ [ [ [ -68.902947120763031, -33.005810392343356, 0.0 ], [ -68.902776645983181, -33.005806307644946, 0.0 ], [ -68.90275123620934, -33.00625560723676, 0.0 ], [ -68.90274654412228, -33.00633810689633, 0.0 ], [ -68.902917120213559, -33.006340513697161, 0.0 ], [ -68.902947120763031, -33.005810392343356, 0.0 ] ] ] ] } },
{ "type": "Feature", "properties": { "LAYER": "PARCELARIO_BASE_CATASTRO", "MAP_NAME": "1010_2025.dwg", "ccpp1": "1010 1490", "LAYER_2": "PADRONES_2_VISTALBA" }, "geometry": { "type": "MultiPolygon", "coordinates": [ [ [ [ -68.902607092128662, -33.001561516106094, 0.0 ], [ -68.902333026637052, -33.001319355203393, 0.0 ], [ -68.902173764289529, -33.001446040454923, 0.0 ], [ -68.902439920250501, -33.001690663409278, 0.0 ], [ -68.902607092128662, -33.001561516106094, 0.0 ] ] ] ] } },
{ "type": "Feature", "properties": { "LAYER": "PARCELARIO_BASE_CATASTRO", "MAP_NAME": "1010_2025.dwg", "ccpp1": "1010 1492", "LAYER_2": "PADRONES_2_VISTALBA" }, "geometry": { "type": "MultiPolygon", "coordinates": [ [ [ [ -68.90248879035488, -33.001195699350404, 0.0 ], [ -68.902470989958758, -33.001210120381636, 0.0 ], [ -68.902333026637052, -33.001319355203393, 0.0 ], [ -68.902607092128662, -33.001561516106094, 0.0 ], [ -68.902763822470703, -33.001441483604154, 0.0 ], [ -68.90248879035488, -33.001195699350404, 0.0 ] ] ] ] } },
{ "type": "Feature", "properties": { "LAYER": "PARCELARIO_BASE_CATASTRO", "MAP_NAME": "1010_2025.dwg", "ccpp1": "1010 1489", "LAYER_2": "PADRONES_2_VISTALBA" }, "geometry": { "type": "MultiPolygon", "coordinates": [ [ [ [ -68.900599660450013, -33.000278540931944, 0.0 ], [ -68.900052607497287, -33.000251285608812, 0.0 ], [ -68.900041737425056, -33.000433871787926, 0.0 ], [ -68.900589425142797, -33.000450482473106, 0.0 ], [ -68.900599660450013, -33.000278540931944, 0.0 ] ] ] ] } },
{ "type": "Feature", "properties": { "LAYER": "PARCELARIO_BASE_CATASTRO", "MAP_NAME": "1010_2025.dwg", "ccpp1": "1010 1480", "LAYER_2": "PADRONES_2_VISTALBA" }, "geometry": { "type": "MultiPolygon", "coordinates": [ [ [ [ -68.900144037261768, -33.003013729122841, 0.0 ], [ -68.899705538830034, -33.003001637524989, 0.0 ], [ -68.89969707148046, -33.003217924454503, 0.0 ], [ -68.899696965830202, -33.003222407590627, 0.0 ], [ -68.900135463186132, -33.003234489884257, 0.0 ], [ -68.900144037261768, -33.003013729122841, 0.0 ] ] ] ] } },
{ "type": "Feature", "properties": { "LAYER": "PARCELARIO_BASE_CATASTRO", "MAP_NAME": "1010_2025.dwg", "ccpp1": "1010 1478", "LAYER_2": "PADRONES_2_VISTALBA" }, "geometry": { "type": "MultiPolygon", "coordinates": [ [ [ [ -68.899689088020565, -33.003425179245355, 0.0 ], [ -68.89968313107488, -33.003578396117369, 0.0 ], [ -68.89968121018471, -33.00362795060699, 0.0 ], [ -68.900162491942567, -33.00364121234265, 0.0 ], [ -68.900170368062973, -33.003438440931994, 0.0 ], [ -68.899689088020565, -33.003425179245355, 0.0 ] ] ] ] } },
{ "type": "Feature", "properties": { "LAYER": "PARCELARIO_BASE_CATASTRO", "MAP_NAME": "1010_2025.dwg", "ccpp1": "1010 1483", "LAYER_2": "PADRONES_2_VISTALBA" }, "geometry": { "type": "MultiPolygon", "coordinates": [ [ [ [ -68.905720453812165, -33.034476570939937, 0.0 ], [ -68.905850317421837, -33.034663224831469, 0.0 ], [ -68.906009681660194, -33.034892279367398, 0.0 ], [ -68.906192668435025, -33.035155164132902, 0.0 ], [ -68.906445859560932, -33.035032095738899, 0.0 ], [ -68.907116952855304, -33.036012941125868, 0.0 ], [ -68.907152417444223, -33.036011568126945, 0.0 ], [ -68.90612120832786, -33.034504374079845, 0.0 ], [ -68.906006952331666, -33.034337388662934, 0.0 ], [ -68.905720453812165, -33.034476570939937, 0.0 ] ] ] ] } },
{ "type": "Feature", "properties": { "LAYER": "PARCELARIO_BASE_CATASTRO", "MAP_NAME": "1010_2025.dwg", "ccpp1": "1919 245", "LAYER_2": "PADRONES_2_VISTALBA" }, "geometry": { "type": "MultiPolygon", "coordinates": [ [ [ [ -68.903482798377439, -33.032658532804994, 0.0 ], [ -68.903175233934078, -33.032675257678598, 0.0 ], [ -68.903290989381532, -33.032840521989179, 0.0 ], [ -68.903955032300289, -33.033787970472055, 0.0 ], [ -68.904262485425832, -33.033772697994195, 0.0 ], [ -68.903807821932475, -33.033118456036597, 0.0 ], [ -68.903563071298521, -33.032766615146528, 0.0 ], [ -68.903482798377439, -33.032658532804994, 0.0 ] ] ] ] } },
{ "type": "Feature", "properties": { "LAYER": "PARCELARIO_BASE_CATASTRO", "MAP_NAME": "1010_2025.dwg", "ccpp1": "1010 1451", "LAYER_2": "PADRONES_2_VISTALBA" }, "geometry": { "type": "MultiPolygon", "coordinates": [ [ [ [ -68.90637913771171, -33.03405436055381, 0.0 ], [ -68.905906541645052, -33.034079251876719, 0.0 ], [ -68.906048531682316, -33.034286749642185, 0.0 ], [ -68.906526219182254, -33.034261582079473, 0.0 ], [ -68.906520850211507, -33.034254017541237, 0.0 ], [ -68.90637913771171, -33.03405436055381, 0.0 ] ] ] ] } },
{ "type": "Feature", "properties": { "LAYER": "PARCELARIO_BASE_CATASTRO", "MAP_NAME": "1010_2025.dwg", "ccpp1": "1010 1452", "LAYER_2": "PADRONES_2_VISTALBA" }, "geometry": { "type": "MultiPolygon", "coordinates": [ [ [ [ -68.906526220007706, -33.034261582937589, 0.0 ], [ -68.906048531682316, -33.034286749642185, 0.0 ], [ -68.906194219416193, -33.034499650130563, 0.0 ], [ -68.906229119300988, -33.034497241849671, 0.0 ], [ -68.906672859893661, -33.034468180040818, 0.0 ], [ -68.906526220007706, -33.034261582937589, 0.0 ] ] ] ] } },
{ "type": "Feature", "properties": { "LAYER": "PARCELARIO_BASE_CATASTRO", "MAP_NAME": "1010_2025.dwg", "ccpp1": "1010 1484", "LAYER_2": "PADRONES_2_VISTALBA" }, "geometry": { "type": "MultiPolygon", "coordinates": [ [ [ [ -68.892247034165024, -33.011816162792556, 0.0 ], [ -68.892131505756382, -33.011812379667383, 0.0 ], [ -68.892003269230656, -33.011808227475932, 0.0 ], [ -68.891677832585913, -33.012052210039712, 0.0 ], [ -68.89182022027974, -33.012173278747071, 0.0 ], [ -68.892030129884787, -33.012030585645014, 0.0 ], [ -68.892239870647501, -33.011888011962832, 0.0 ], [ -68.892247034165024, -33.011816162792556, 0.0 ] ] ] ] } },
{ "type": "Feature", "properties": { "LAYER": "PARCELARIO_BASE_CATASTRO", "MAP_NAME": "1010_2025.dwg", "ccpp1": "1010 1493", "LAYER_2": "PADRONES_2_VISTALBA" }, "geometry": { "type": "MultiPolygon", "coordinates": [ [ [ [ -68.902649356244808, -33.001071908186795, 0.0 ], [ -68.902647580672934, -33.001073184477526, 0.0 ], [ -68.90248879035488, -33.001195699350404, 0.0 ], [ -68.902763822470703, -33.001441483604154, 0.0 ], [ -68.902947958059798, -33.001370206010776, 0.0 ], [ -68.902945060838377, -33.001364836981182, 0.0 ], [ -68.90310688070322, -33.001304220950644, 0.0 ], [ -68.902931789885344, -33.001134173356014, 0.0 ], [ -68.902819173811025, -33.001227929508708, 0.0 ], [ -68.902649356244808, -33.001071908186795, 0.0 ] ] ] ] } },
{ "type": "Feature", "properties": { "LAYER": "PARCELARIO_BASE_CATASTRO", "MAP_NAME": "1010_2025.dwg", "ccpp1": "1010 1494", "LAYER_2": "PADRONES_2_VISTALBA" }, "geometry": { "type": "MultiPolygon", "coordinates": [ [ [ [ -68.900052607497287, -33.000251285608812, 0.0 ], [ -68.900599660450013, -33.000278540931944, 0.0 ], [ -68.900600185765157, -33.000269071944452, 0.0 ], [ -68.900610244460125, -33.000087595930005, 0.0 ], [ -68.900063951698996, -33.000070472498784, 0.0 ], [ -68.900052607497287, -33.000251285608812, 0.0 ] ] ] ] } },
{ "type": "Feature", "properties": { "LAYER": "PARCELARIO_BASE_CATASTRO", "MAP_NAME": "1010_2025.dwg", "ccpp1": "1010 1587", "LAYER_2": "PADRONES_2_VISTALBA" }, "geometry": { "type": "MultiPolygon", "coordinates": [ [ [ [ -68.902945060838377, -33.001364836981182, 0.0 ], [ -68.902988693460756, -33.001450404808551, 0.0 ], [ -68.90298582810361, -33.001490223311208, 0.0 ], [ -68.903423846155377, -33.001512509727178, 0.0 ], [ -68.903431829671391, -33.001445983915417, 0.0 ], [ -68.903422662729895, -33.001371014162658, 0.0 ], [ -68.903386323261003, -33.001299243268853, 0.0 ], [ -68.903345783412618, -33.001225894784938, 0.0 ], [ -68.903340140111268, -33.001216843897225, 0.0 ], [ -68.902945060838377, -33.001364836981182, 0.0 ] ] ] ] } },
{ "type": "Feature", "properties": { "LAYER": "PARCELARIO_BASE_CATASTRO", "MAP_NAME": "1010_2025.dwg", "ccpp1": "1010 1586", "LAYER_2": "PADRONES_2_VISTALBA" }, "geometry": { "type": "MultiPolygon", "coordinates": [ [ [ [ -68.90298582810361, -33.001490223311208, 0.0 ], [ -68.902984360791265, -33.001674253393496, 0.0 ], [ -68.903406552490111, -33.001692425845327, 0.0 ], [ -68.903423846155377, -33.001512509727178, 0.0 ], [ -68.90298582810361, -33.001490223311208, 0.0 ] ] ] ] } },
{ "type": "Feature", "properties": { "LAYER": "PARCELARIO_BASE_CATASTRO", "MAP_NAME": "1010_2025.dwg", "ccpp1": "1010 1584", "LAYER_2": "PADRONES_2_VISTALBA" }, "geometry": { "type": "MultiPolygon", "coordinates": [ [ [ [ -68.90339314874501, -33.001867190083111, 0.0 ], [ -68.902978759396959, -33.00185471232475, 0.0 ], [ -68.902973752483462, -33.002033635256318, 0.0 ], [ -68.903386698421698, -33.002044800877606, 0.0 ], [ -68.90339314874501, -33.001867190083111, 0.0 ] ] ] ] } },
{ "type": "Feature", "properties": { "LAYER": "PARCELARIO_BASE_CATASTRO", "MAP_NAME": "1010_2025.dwg", "ccpp1": "1010 1583", "LAYER_2": "PADRONES_2_VISTALBA" }, "geometry": { "type": "MultiPolygon", "coordinates": [ [ [ [ -68.903386698421698, -33.002044800877606, 0.0 ], [ -68.902973752483462, -33.002033635256318, 0.0 ], [ -68.902969226101789, -33.002216388876384, 0.0 ], [ -68.903380845945705, -33.002228577791016, 0.0 ], [ -68.903386698421698, -33.002044800877606, 0.0 ] ] ] ] } },
{ "type": "Feature", "properties": { "LAYER": "PARCELARIO_BASE_CATASTRO", "MAP_NAME": "1010_2025.dwg", "ccpp1": "1010 1582", "LAYER_2": "PADRONES_2_VISTALBA" }, "geometry": { "type": "MultiPolygon", "coordinates": [ [ [ [ -68.902969226101789, -33.002216388876384, 0.0 ], [ -68.902906389160847, -33.002215126364959, 0.0 ], [ -68.902897744062329, -33.002395762343014, 0.0 ], [ -68.903040067246664, -33.002400580614328, 0.0 ], [ -68.903207321479769, -33.002406150216906, 0.0 ], [ -68.903376014124859, -33.002411536766772, 0.0 ], [ -68.903380845945705, -33.002228577791016, 0.0 ], [ -68.902969226101789, -33.002216388876384, 0.0 ] ] ] ] } },
{ "type": "Feature", "properties": { "LAYER": "PARCELARIO_BASE_CATASTRO", "MAP_NAME": "1010_2025.dwg", "ccpp1": "1010 1576", "LAYER_2": "PADRONES_2_VISTALBA" }, "geometry": { "type": "MultiPolygon", "coordinates": [ [ [ [ -68.902906389160847, -33.002215126364959, 0.0 ], [ -68.902541564540215, -33.002200545114086, 0.0 ], [ -68.902540117095924, -33.00222258906458, 0.0 ], [ -68.902532870284901, -33.002383364887713, 0.0 ], [ -68.90269410855403, -33.002388839411459, 0.0 ], [ -68.902865641712438, -33.002394673391294, 0.0 ], [ -68.902897738711914, -33.002395762338836, 0.0 ], [ -68.902906389160847, -33.002215126364959, 0.0 ] ] ] ] } },
{ "type": "Feature", "properties": { "LAYER": "PARCELARIO_BASE_CATASTRO", "MAP_NAME": "1010_2025.dwg", "ccpp1": "1010 1575", "LAYER_2": "PADRONES_2_VISTALBA" }, "geometry": { "type": "MultiPolygon", "coordinates": [ [ [ [ -68.902973752483462, -33.002033635256318, 0.0 ], [ -68.902547773695233, -33.002022903524249, 0.0 ], [ -68.902541582727608, -33.002200548734983, 0.0 ], [ -68.902906389160847, -33.002215126364959, 0.0 ], [ -68.902969226101789, -33.002216388876384, 0.0 ], [ -68.902973752483462, -33.002033635256318, 0.0 ] ] ] ] } },
{ "type": "Feature", "properties": { "LAYER": "PARCELARIO_BASE_CATASTRO", "MAP_NAME": "1010_2025.dwg", "ccpp1": "1010 1501", "LAYER_2": "PADRONES_2_VISTALBA" }, "geometry": { "type": "MultiPolygon", "coordinates": [ [ [ [ -68.902984360791265, -33.001674253393496, 0.0 ], [ -68.902515504868461, -33.001861957982385, 0.0 ], [ -68.902547773695233, -33.002022903524249, 0.0 ], [ -68.902973752483462, -33.002033635256318, 0.0 ], [ -68.902978759396959, -33.00185471232475, 0.0 ], [ -68.902984360791265, -33.001674253393496, 0.0 ] ] ] ] } },
{ "type": "Feature", "properties": { "LAYER": "PARCELARIO_BASE_CATASTRO", "MAP_NAME": "1010_2025.dwg", "ccpp1": "1010 1574", "LAYER_2": "PADRONES_2_VISTALBA" }, "geometry": { "type": "MultiPolygon", "coordinates": [ [ [ [ -68.902763822470703, -33.001441483604154, 0.0 ], [ -68.902607092128662, -33.001561516106094, 0.0 ], [ -68.902439920250501, -33.001690663409278, 0.0 ], [ -68.902515504868461, -33.001861957982385, 0.0 ], [ -68.902984360791265, -33.001674253393496, 0.0 ], [ -68.90298582810361, -33.001490223311208, 0.0 ], [ -68.902988693460756, -33.001450404808551, 0.0 ], [ -68.902947958059798, -33.001370206010776, 0.0 ], [ -68.902763822470703, -33.001441483604154, 0.0 ] ] ] ] } },
{ "type": "Feature", "properties": { "LAYER": "PARCELARIO_BASE_CATASTRO", "MAP_NAME": "1010_2025.dwg", "ccpp1": "1010 1581", "LAYER_2": "PADRONES_2_VISTALBA" }, "geometry": { "type": "MultiPolygon", "coordinates": [ [ [ [ -68.903376014124859, -33.002411536766772, 0.0 ], [ -68.903207321479769, -33.002406150216906, 0.0 ], [ -68.903190527900264, -33.002779164210125, 0.0 ], [ -68.903361191961693, -33.002782948227491, 0.0 ], [ -68.903376014124859, -33.002411536766772, 0.0 ] ] ] ] } },
{ "type": "Feature", "properties": { "LAYER": "PARCELARIO_BASE_CATASTRO", "MAP_NAME": "1010_2025.dwg", "ccpp1": "1010 1580", "LAYER_2": "PADRONES_2_VISTALBA" }, "geometry": { "type": "MultiPolygon", "coordinates": [ [ [ [ -68.903207321479769, -33.002406150216906, 0.0 ], [ -68.903040067246664, -33.002400580614328, 0.0 ], [ -68.903023160540016, -33.002774632325959, 0.0 ], [ -68.903190527900264, -33.002779164210125, 0.0 ], [ -68.903207321479769, -33.002406150216906, 0.0 ] ] ] ] } },
{ "type": "Feature", "properties": { "LAYER": "PARCELARIO_BASE_CATASTRO", "MAP_NAME": "1010_2025.dwg", "ccpp1": "1010 1579", "LAYER_2": "PADRONES_2_VISTALBA" }, "geometry": { "type": "MultiPolygon", "coordinates": [ [ [ [ -68.902897739782006, -33.002395762339674, 0.0 ], [ -68.902865642781535, -33.002394674293804, 0.0 ], [ -68.902848797643998, -33.002769484338877, 0.0 ], [ -68.903023154119509, -33.002774632320971, 0.0 ], [ -68.903040066176573, -33.002400580613504, 0.0 ], [ -68.902897739782006, -33.002395762339674, 0.0 ] ] ] ] } },
{ "type": "Feature", "properties": { "LAYER": "PARCELARIO_BASE_CATASTRO", "MAP_NAME": "1010_2025.dwg", "ccpp1": "1010 1578", "LAYER_2": "PADRONES_2_VISTALBA" }, "geometry": { "type": "MultiPolygon", "coordinates": [ [ [ [ -68.902865641712438, -33.002394673391294, 0.0 ], [ -68.90269410855403, -33.002388839411459, 0.0 ], [ -68.90267614633926, -33.002763879391161, 0.0 ], [ -68.902848793366616, -33.002769481630502, 0.0 ], [ -68.902865641712438, -33.002394673391294, 0.0 ] ] ] ] } },
{ "type": "Feature", "properties": { "LAYER": "PARCELARIO_BASE_CATASTRO", "MAP_NAME": "1010_2025.dwg", "ccpp1": "1010 1577", "LAYER_2": "PADRONES_2_VISTALBA" }, "geometry": { "type": "MultiPolygon", "coordinates": [ [ [ [ -68.902532870284901, -33.002383364887713, 0.0 ], [ -68.902508943324463, -33.002755914264903, 0.0 ], [ -68.90267614633926, -33.002763879391161, 0.0 ], [ -68.90269410855403, -33.002388839411459, 0.0 ], [ -68.902532870284901, -33.002383364887713, 0.0 ] ] ] ] } },
{ "type": "Feature", "properties": { "LAYER": "PARCELARIO_BASE_CATASTRO", "MAP_NAME": "1010_2025.dwg", "ccpp1": "1010 1573", "LAYER_2": "PADRONES_2_VISTALBA" }, "geometry": { "type": "MultiPolygon", "coordinates": [ [ [ [ -68.902290708791114, -33.00175699394142, 0.0 ], [ -68.902096810497696, -33.001919471058677, 0.0 ], [ -68.901842489683361, -33.00202187398974, 0.0 ], [ -68.901880607536796, -33.002125726556102, 0.0 ], [ -68.902378615645659, -33.002085205224539, 0.0 ], [ -68.902379910762164, -33.002039246900615, 0.0 ], [ -68.902346032166918, -33.001893481579188, 0.0 ], [ -68.902290708791114, -33.00175699394142, 0.0 ] ] ] ] } },
{ "type": "Feature", "properties": { "LAYER": "PARCELARIO_BASE_CATASTRO", "MAP_NAME": "1010_2025.dwg", "ccpp1": "1010 1572", "LAYER_2": "PADRONES_2_VISTALBA" }, "geometry": { "type": "MultiPolygon", "coordinates": [ [ [ [ -68.901880607536796, -33.002125726556102, 0.0 ], [ -68.901881874707499, -33.002129415407566, 0.0 ], [ -68.901875559216606, -33.002286871052398, 0.0 ], [ -68.902361901932679, -33.00229906342787, 0.0 ], [ -68.902378615645659, -33.002085205224539, 0.0 ], [ -68.901880607536796, -33.002125726556102, 0.0 ] ] ] ] } },
{ "type": "Feature", "properties": { "LAYER": "PARCELARIO_BASE_CATASTRO", "MAP_NAME": "1010_2025.dwg", "ccpp1": "1010 1571", "LAYER_2": "PADRONES_2_VISTALBA" }, "geometry": { "type": "MultiPolygon", "coordinates": [ [ [ [ -68.901875559216606, -33.002286871052398, 0.0 ], [ -68.90187068819688, -33.002429934372387, 0.0 ], [ -68.901869871168174, -33.00246813233732, 0.0 ], [ -68.902350735813457, -33.00248248267021, 0.0 ], [ -68.902361900872521, -33.002299054410265, 0.0 ], [ -68.901875559216606, -33.002286871052398, 0.0 ] ] ] ] } },
{ "type": "Feature", "properties": { "LAYER": "PARCELARIO_BASE_CATASTRO", "MAP_NAME": "1010_2025.dwg", "ccpp1": "1010 1570", "LAYER_2": "PADRONES_2_VISTALBA" }, "geometry": { "type": "MultiPolygon", "coordinates": [ [ [ [ -68.901869871168174, -33.00246813233732, 0.0 ], [ -68.901865124211824, -33.002639266730618, 0.0 ], [ -68.901864110708416, -33.002655817100255, 0.0 ], [ -68.902339767473507, -33.002665057190306, 0.0 ], [ -68.902350735813457, -33.00248248267021, 0.0 ], [ -68.901869871168174, -33.00246813233732, 0.0 ] ] ] ] } },
{ "type": "Feature", "properties": { "LAYER": "PARCELARIO_BASE_CATASTRO", "MAP_NAME": "1010_2025.dwg", "ccpp1": "1010 1569", "LAYER_2": "PADRONES_2_VISTALBA" }, "geometry": { "type": "MultiPolygon", "coordinates": [ [ [ [ -68.90185830473331, -33.002821766919929, 0.0 ], [ -68.901859558834914, -33.002821803972864, 0.0 ], [ -68.902328041764022, -33.002837649557421, 0.0 ], [ -68.902339767473507, -33.002665057190306, 0.0 ], [ -68.901864110708416, -33.002655817100255, 0.0 ], [ -68.90185830473331, -33.002821766919929, 0.0 ] ] ] ] } },
{ "type": "Feature", "properties": { "LAYER": "PARCELARIO_BASE_CATASTRO", "MAP_NAME": "1010_2025.dwg", "ccpp1": "1010 1568", "LAYER_2": "PADRONES_2_VISTALBA" }, "geometry": { "type": "MultiPolygon", "coordinates": [ [ [ [ -68.901358899237096, -33.002807262985684, 0.0 ], [ -68.901859558834914, -33.002821803972864, 0.0 ], [ -68.901865124211824, -33.002639266730618, 0.0 ], [ -68.90136432612583, -33.002635669299764, 0.0 ], [ -68.901358899237096, -33.002807262985684, 0.0 ] ] ] ] } },
{ "type": "Feature", "properties": { "LAYER": "PARCELARIO_BASE_CATASTRO", "MAP_NAME": "1010_2025.dwg", "ccpp1": "1010 1567", "LAYER_2": "PADRONES_2_VISTALBA" }, "geometry": { "type": "MultiPolygon", "coordinates": [ [ [ [ -68.901870680705301, -33.002429935268189, 0.0 ], [ -68.901327055460015, -33.002422868631555, 0.0 ], [ -68.901327902278965, -33.002432136728039, 0.0 ], [ -68.901370008722026, -33.002456400743775, 0.0 ], [ -68.90136432612583, -33.002635669299764, 0.0 ], [ -68.901865124211824, -33.002639266730618, 0.0 ], [ -68.90186986688785, -33.002468132333959, 0.0 ], [ -68.901870680705301, -33.002429935268189, 0.0 ] ] ] ] } },
{ "type": "Feature", "properties": { "LAYER": "PARCELARIO_BASE_CATASTRO", "MAP_NAME": "1010_2025.dwg", "ccpp1": "1010 1566", "LAYER_2": "PADRONES_2_VISTALBA" }, "geometry": { "type": "MultiPolygon", "coordinates": [ [ [ [ -68.901311006280622, -33.002247057953475, 0.0 ], [ -68.901876257766332, -33.002264831029748, 0.0 ], [ -68.901881877917731, -33.002129415410096, 0.0 ], [ -68.901880607536796, -33.002125726556102, 0.0 ], [ -68.901842489683361, -33.00202187398974, 0.0 ], [ -68.901578019081427, -33.002084314226231, 0.0 ], [ -68.901298552068326, -33.002110188995957, 0.0 ], [ -68.901311006280622, -33.002247057953475, 0.0 ] ] ] ] } },
{ "type": "Feature", "properties": { "LAYER": "PARCELARIO_BASE_CATASTRO", "MAP_NAME": "1010_2025.dwg", "ccpp1": "1010 1562", "LAYER_2": "PADRONES_2_VISTALBA" }, "geometry": { "type": "MultiPolygon", "coordinates": [ [ [ [ -68.902092631440013, -33.001914027968773, 0.0 ], [ -68.902096810497696, -33.001919471058677, 0.0 ], [ -68.902290708791114, -33.00175699394142, 0.0 ], [ -68.902061775816478, -33.001549846493724, 0.0 ], [ -68.902021878694256, -33.001548407671329, 0.0 ], [ -68.901864288503674, -33.001616659804618, 0.0 ], [ -68.902092631440013, -33.001914027968773, 0.0 ] ] ] ] } },
{ "type": "Feature", "properties": { "LAYER": "PARCELARIO_BASE_CATASTRO", "MAP_NAME": "1010_2025.dwg", "ccpp1": "1010 1563", "LAYER_2": "PADRONES_2_VISTALBA" }, "geometry": { "type": "MultiPolygon", "coordinates": [ [ [ [ -68.901676952265746, -33.001697355791137, 0.0 ], [ -68.901842489683361, -33.00202187398974, 0.0 ], [ -68.902096810497696, -33.001919471058677, 0.0 ], [ -68.901864288503674, -33.001616659804618, 0.0 ], [ -68.901676952265746, -33.001697355791137, 0.0 ] ] ] ] } },
{ "type": "Feature", "properties": { "LAYER": "PARCELARIO_BASE_CATASTRO", "MAP_NAME": "1010_2025.dwg", "ccpp1": "1010 1564", "LAYER_2": "PADRONES_2_VISTALBA" }, "geometry": { "type": "MultiPolygon", "coordinates": [ [ [ [ -68.901482770676481, -33.001724865230052, 0.0 ], [ -68.901578016942267, -33.002084313322882, 0.0 ], [ -68.901842489683361, -33.00202187398974, 0.0 ], [ -68.901676952265746, -33.001697355791137, 0.0 ], [ -68.901485700717799, -33.001724705240534, 0.0 ], [ -68.901482770676481, -33.001724865230052, 0.0 ] ] ] ] } },
{ "type": "Feature", "properties": { "LAYER": "PARCELARIO_BASE_CATASTRO", "MAP_NAME": "1010_2025.dwg", "ccpp1": "1010 1565", "LAYER_2": "PADRONES_2_VISTALBA" }, "geometry": { "type": "MultiPolygon", "coordinates": [ [ [ [ -68.901578019081427, -33.002084314226231, 0.0 ], [ -68.901482770676481, -33.001724865230052, 0.0 ], [ -68.901268422508693, -33.001736852293526, 0.0 ], [ -68.901298552068326, -33.002110188995957, 0.0 ], [ -68.901578019081427, -33.002084314226231, 0.0 ] ] ] ] } },
{ "type": "Feature", "properties": { "LAYER": "PARCELARIO_BASE_CATASTRO", "MAP_NAME": "1010_2025.dwg", "ccpp1": "1010 1553", "LAYER_2": "PADRONES_2_VISTALBA" }, "geometry": { "type": "MultiPolygon", "coordinates": [ [ [ [ -68.900538468253586, -33.001667969993122, 0.0 ], [ -68.900467206989504, -33.002016497607762, 0.0 ], [ -68.900651927414074, -33.002077261728758, 0.0 ], [ -68.900742732000737, -33.001703744266393, 0.0 ], [ -68.900538468253586, -33.001667969993122, 0.0 ] ] ] ] } },
{ "type": "Feature", "properties": { "LAYER": "PARCELARIO_BASE_CATASTRO", "MAP_NAME": "1010_2025.dwg", "ccpp1": "1010 1559", "LAYER_2": "PADRONES_2_VISTALBA" }, "geometry": { "type": "MultiPolygon", "coordinates": [ [ [ [ -68.900467206989504, -33.002016497607762, 0.0 ], [ -68.900242519726561, -33.002255934194409, 0.0 ], [ -68.900288284955437, -33.002316798729417, 0.0 ], [ -68.900302338032233, -33.002396032118305, 0.0 ], [ -68.900643685311252, -33.002442255471777, 0.0 ], [ -68.900649991088557, -33.002260104781975, 0.0 ], [ -68.900651927414074, -33.002077261728758, 0.0 ], [ -68.900467206989504, -33.002016497607762, 0.0 ] ] ] ] } },
{ "type": "Feature", "properties": { "LAYER": "PARCELARIO_BASE_CATASTRO", "MAP_NAME": "1010_2025.dwg", "ccpp1": "1010 1557", "LAYER_2": "PADRONES_2_VISTALBA" }, "geometry": { "type": "MultiPolygon", "coordinates": [ [ [ [ -68.900035003356038, -33.002390577795332, 0.0 ], [ -68.900025328329477, -33.0027600002634, 0.0 ], [ -68.90034136341913, -33.002768624114267, 0.0 ], [ -68.90034503053046, -33.002684936174504, 0.0 ], [ -68.900232994376154, -33.002471294627426, 0.0 ], [ -68.900175671408817, -33.002488108343549, 0.0 ], [ -68.900108632349671, -33.002474279813889, 0.0 ], [ -68.900064830927647, -33.002437947786731, 0.0 ], [ -68.900035003356038, -33.002390577795332, 0.0 ] ] ] ] } },
{ "type": "Feature", "properties": { "LAYER": "PARCELARIO_BASE_CATASTRO", "MAP_NAME": "1010_2025.dwg", "ccpp1": "1010 1556", "LAYER_2": "PADRONES_2_VISTALBA" }, "geometry": { "type": "MultiPolygon", "coordinates": [ [ [ [ -68.899835487368776, -33.002309322927751, 0.0 ], [ -68.899825752455925, -33.002754678182129, 0.0 ], [ -68.900025328329477, -33.0027600002634, 0.0 ], [ -68.900035003356038, -33.002390577795332, 0.0 ], [ -68.900036416907753, -33.00233462000601, 0.0 ], [ -68.899835487368776, -33.002309322927751, 0.0 ] ] ] ] } },
{ "type": "Feature", "properties": { "LAYER": "PARCELARIO_BASE_CATASTRO", "MAP_NAME": "1010_2025.dwg", "ccpp1": "1010 1555", "LAYER_2": "PADRONES_2_VISTALBA" }, "geometry": { "type": "MultiPolygon", "coordinates": [ [ [ [ -68.899639858888207, -33.002284236271642, 0.0 ], [ -68.899638491370112, -33.002313493660566, 0.0 ], [ -68.899619148377326, -33.002749268078233, 0.0 ], [ -68.899823557801753, -33.002754595270218, 0.0 ], [ -68.89982575673524, -33.002754679087239, 0.0 ], [ -68.899835488438839, -33.00230932292861, 0.0 ], [ -68.899639858888207, -33.002284236271642, 0.0 ] ] ] ] } },
{ "type": "Feature", "properties": { "LAYER": "PARCELARIO_BASE_CATASTRO", "MAP_NAME": "1010_2025.dwg", "ccpp1": "1010 2234", "LAYER_2": "PADRONES_2_VISTALBA" }, "geometry": { "type": "MultiPolygon", "coordinates": [ [ [ [ -68.90113513804144, -33.002101668691758, 0.0 ], [ -68.900890159709533, -33.00209098704979, 0.0 ], [ -68.900651927414074, -33.002077261728758, 0.0 ], [ -68.900650107619157, -33.002249101073133, 0.0 ], [ -68.901147370742535, -33.00226815993657, 0.0 ], [ -68.90113513804144, -33.002101668691758, 0.0 ] ] ] ] } },
{ "type": "Feature", "properties": { "LAYER": "PARCELARIO_BASE_CATASTRO", "MAP_NAME": "1010_2025.dwg", "ccpp1": "1010 1558", "LAYER_2": "PADRONES_2_VISTALBA" }, "geometry": { "type": "MultiPolygon", "coordinates": [ [ [ [ -68.900643685311252, -33.002442255471777, 0.0 ], [ -68.900302346586798, -33.002396037535213, 0.0 ], [ -68.900273314871754, -33.002434418535685, 0.0 ], [ -68.900232998651418, -33.002471299139231, 0.0 ], [ -68.900345028390291, -33.002684936172798, 0.0 ], [ -68.900341360209893, -33.002768623210017, 0.0 ], [ -68.901096276487166, -33.002790748387042, 0.0 ], [ -68.901096771696203, -33.002449557253094, 0.0 ], [ -68.900643685311252, -33.002442255471777, 0.0 ] ] ] ] } },
{ "type": "Feature", "properties": { "LAYER": "PARCELARIO_BASE_CATASTRO", "MAP_NAME": "1010_2025.dwg", "ccpp1": "1010 1554", "LAYER_2": "PADRONES_2_VISTALBA" }, "geometry": { "type": "MultiPolygon", "coordinates": [ [ [ [ -68.900223664445548, -33.001614213222119, 0.0 ], [ -68.899771811163703, -33.001537052001524, 0.0 ], [ -68.899713681271422, -33.001707624098913, 0.0 ], [ -68.899672003421074, -33.001866042168707, 0.0 ], [ -68.899642464297784, -33.002153074244703, 0.0 ], [ -68.90007376589125, -33.002199901623399, 0.0 ], [ -68.90009427979048, -33.002206712976388, 0.0 ], [ -68.900159117244343, -33.001909799532797, 0.0 ], [ -68.900223664445548, -33.001614213222119, 0.0 ] ] ] ] } },
{ "type": "Feature", "properties": { "LAYER": "PARCELARIO_BASE_CATASTRO", "MAP_NAME": "1010_2025.dwg", "ccpp1": "1010 1552", "LAYER_2": "PADRONES_2_VISTALBA" }, "geometry": { "type": "MultiPolygon", "coordinates": [ [ [ [ -68.899054431528882, -33.001947791623337, 0.0 ], [ -68.899048829691026, -33.002121598696334, 0.0 ], [ -68.899475572238515, -33.00213732113636, 0.0 ], [ -68.899479477461398, -33.001961368491706, 0.0 ], [ -68.899262316142483, -33.001965013848064, 0.0 ], [ -68.899054431528882, -33.001947791623337, 0.0 ] ] ] ] } },
{ "type": "Feature", "properties": { "LAYER": "PARCELARIO_BASE_CATASTRO", "MAP_NAME": "1010_2025.dwg", "ccpp1": "1010 1550", "LAYER_2": "PADRONES_2_VISTALBA" }, "geometry": { "type": "MultiPolygon", "coordinates": [ [ [ [ -68.899043003975024, -33.002295588623433, 0.0 ], [ -68.899040268822716, -33.002459080125099, 0.0 ], [ -68.899473524157017, -33.002470343641605, 0.0 ], [ -68.89947370612812, -33.002308006022723, 0.0 ], [ -68.899043003975024, -33.002295588623433, 0.0 ] ] ] ] } },
{ "type": "Feature", "properties": { "LAYER": "PARCELARIO_BASE_CATASTRO", "MAP_NAME": "1010_2025.dwg", "ccpp1": "1010 1549", "LAYER_2": "PADRONES_2_VISTALBA" }, "geometry": { "type": "MultiPolygon", "coordinates": [ [ [ [ -68.899040268822716, -33.002459080125099, 0.0 ], [ -68.899031626482284, -33.002625659593804, 0.0 ], [ -68.899471049057723, -33.002641114589309, 0.0 ], [ -68.899473524157017, -33.002470343641605, 0.0 ], [ -68.899040268822716, -33.002459080125099, 0.0 ] ] ] ] } },
{ "type": "Feature", "properties": { "LAYER": "PARCELARIO_BASE_CATASTRO", "MAP_NAME": "1010_2025.dwg", "ccpp1": "1010 1547", "LAYER_2": "PADRONES_2_VISTALBA" }, "geometry": { "type": "MultiPolygon", "coordinates": [ [ [ [ -68.898615262652143, -33.002280545560389, 0.0 ], [ -68.898610092616892, -33.002448413613791, 0.0 ], [ -68.899040268822716, -33.002459080125099, 0.0 ], [ -68.899043003975024, -33.002295588623433, 0.0 ], [ -68.898615262652143, -33.002280545560389, 0.0 ] ] ] ] } },
{ "type": "Feature", "properties": { "LAYER": "PARCELARIO_BASE_CATASTRO", "MAP_NAME": "1010_2025.dwg", "ccpp1": "1010 1548", "LAYER_2": "PADRONES_2_VISTALBA" }, "geometry": { "type": "MultiPolygon", "coordinates": [ [ [ [ -68.899040268822716, -33.002459080125099, 0.0 ], [ -68.898610092616892, -33.002448413613791, 0.0 ], [ -68.898610710983064, -33.002615991515576, 0.0 ], [ -68.899031626482284, -33.002625659593804, 0.0 ], [ -68.899040268822716, -33.002459080125099, 0.0 ] ] ] ] } },
{ "type": "Feature", "properties": { "LAYER": "PARCELARIO_BASE_CATASTRO", "MAP_NAME": "1010_2025.dwg", "ccpp1": "1010 1539", "LAYER_2": "PADRONES_2_VISTALBA" }, "geometry": { "type": "MultiPolygon", "coordinates": [ [ [ [ -68.897885570777021, -33.002059858904758, 0.0 ], [ -68.897873592184879, -33.00223179603703, 0.0 ], [ -68.898407339513355, -33.002252521048923, 0.0 ], [ -68.898415113832783, -33.002081492940057, 0.0 ], [ -68.897885570777021, -33.002059858904758, 0.0 ] ] ] ] } },
{ "type": "Feature", "properties": { "LAYER": "PARCELARIO_BASE_CATASTRO", "MAP_NAME": "1010_2025.dwg", "ccpp1": "1010 1540", "LAYER_2": "PADRONES_2_VISTALBA" }, "geometry": { "type": "MultiPolygon", "coordinates": [ [ [ [ -68.897873592184879, -33.00223179603703, 0.0 ], [ -68.897861574219675, -33.00240071522132, 0.0 ], [ -68.898400055245716, -33.002415160357103, 0.0 ], [ -68.898407339513355, -33.002252521048923, 0.0 ], [ -68.897873592184879, -33.00223179603703, 0.0 ] ] ] ] } },
{ "type": "Feature", "properties": { "LAYER": "PARCELARIO_BASE_CATASTRO", "MAP_NAME": "1010_2025.dwg", "ccpp1": "1010 1883", "LAYER_2": "PADRONES_2_VISTALBA" }, "geometry": { "type": "MultiPolygon", "coordinates": [ [ [ [ -68.898391241152581, -33.002756047601025, 0.0 ], [ -68.89839565923613, -33.002571153953696, 0.0 ], [ -68.898400054175625, -33.002415160356222, 0.0 ], [ -68.897861574219675, -33.00240071522132, 0.0 ], [ -68.897849249821007, -33.002569931702141, 0.0 ], [ -68.897829180714638, -33.002734891338122, 0.0 ], [ -68.897828460960014, -33.002738245885567, 0.0 ], [ -68.898391241152581, -33.002756047601025, 0.0 ] ] ] ] } },
{ "type": "Feature", "properties": { "LAYER": "PARCELARIO_BASE_CATASTRO", "MAP_NAME": "1010_2025.dwg", "ccpp1": "1010 1543", "LAYER_2": "PADRONES_2_VISTALBA" }, "geometry": { "type": "MultiPolygon", "coordinates": [ [ [ [ -68.899262316142483, -33.001965013848064, 0.0 ], [ -68.899479477461398, -33.001961368491706, 0.0 ], [ -68.899511119990848, -33.001801543010174, 0.0 ], [ -68.899554485845769, -33.001644799861957, 0.0 ], [ -68.899603105440519, -33.00150142195811, 0.0 ], [ -68.899294572919644, -33.001519183537056, 0.0 ], [ -68.899262316142483, -33.001965013848064, 0.0 ] ] ] ] } },
{ "type": "Feature", "properties": { "LAYER": "PARCELARIO_BASE_CATASTRO", "MAP_NAME": "1010_2025.dwg", "ccpp1": "1010 1544", "LAYER_2": "PADRONES_2_VISTALBA" }, "geometry": { "type": "MultiPolygon", "coordinates": [ [ [ [ -68.899054431528882, -33.001947791623337, 0.0 ], [ -68.899262316142483, -33.001965013848064, 0.0 ], [ -68.899294572919644, -33.001519183537056, 0.0 ], [ -68.899067689491275, -33.001560869646553, 0.0 ], [ -68.899060528220488, -33.001769784937615, 0.0 ], [ -68.899054584459975, -33.001943172460003, 0.0 ], [ -68.899054431528882, -33.001947791623337, 0.0 ] ] ] ] } },
{ "type": "Feature", "properties": { "LAYER": "PARCELARIO_BASE_CATASTRO", "MAP_NAME": "1010_2025.dwg", "ccpp1": "1010 1545", "LAYER_2": "PADRONES_2_VISTALBA" }, "geometry": { "type": "MultiPolygon", "coordinates": [ [ [ [ -68.898873068118448, -33.001617937026921, 0.0 ], [ -68.898844672647542, -33.001937697988886, 0.0 ], [ -68.899054584459975, -33.001943172460003, 0.0 ], [ -68.899067689491275, -33.001560869646553, 0.0 ], [ -68.898873068118448, -33.001617937026921, 0.0 ] ] ] ] } },
{ "type": "Feature", "properties": { "LAYER": "PARCELARIO_BASE_CATASTRO", "MAP_NAME": "1010_2025.dwg", "ccpp1": "1010 1546", "LAYER_2": "PADRONES_2_VISTALBA" }, "geometry": { "type": "MultiPolygon", "coordinates": [ [ [ [ -68.898637670528544, -33.001641088715708, 0.0 ], [ -68.898624978092684, -33.001933270182349, 0.0 ], [ -68.898844672647542, -33.001937697988886, 0.0 ], [ -68.898873068118448, -33.001617937026921, 0.0 ], [ -68.898637670528544, -33.001641088715708, 0.0 ] ] ] ] } },
{ "type": "Feature", "properties": { "LAYER": "PARCELARIO_BASE_CATASTRO", "MAP_NAME": "1010_2025.dwg", "ccpp1": "1010 1497", "LAYER_2": "PADRONES_2_VISTALBA" }, "geometry": { "type": "MultiPolygon", "coordinates": [ [ [ [ -68.899033735009667, -33.000307649177579, 0.0 ], [ -68.89946536636657, -33.000321580363291, 0.0 ], [ -68.899465793567174, -33.000315700875504, 0.0 ], [ -68.899494630097891, -33.000139604147961, 0.0 ], [ -68.899491591207408, -33.000139545797516, 0.0 ], [ -68.899056102964735, -33.000130505884222, 0.0 ], [ -68.899033735009667, -33.000307649177579, 0.0 ] ] ] ] } },
{ "type": "Feature", "properties": { "LAYER": "PARCELARIO_BASE_CATASTRO", "MAP_NAME": "1010_2025.dwg", "ccpp1": "1010 1498", "LAYER_2": "PADRONES_2_VISTALBA" }, "geometry": { "type": "MultiPolygon", "coordinates": [ [ [ [ -68.89946536636657, -33.000321580363291, 0.0 ], [ -68.899033735009667, -33.000307649177579, 0.0 ], [ -68.89901835420477, -33.000473737249628, 0.0 ], [ -68.899442771337107, -33.00048544725955, 0.0 ], [ -68.89946536636657, -33.000321580363291, 0.0 ] ] ] ] } },
{ "type": "Feature", "properties": { "LAYER": "PARCELARIO_BASE_CATASTRO", "MAP_NAME": "1010_2025.dwg", "ccpp1": "1010 1533", "LAYER_2": "PADRONES_2_VISTALBA" }, "geometry": { "type": "MultiPolygon", "coordinates": [ [ [ [ -68.899442771337107, -33.00048544725955, 0.0 ], [ -68.89901835420477, -33.000473737249628, 0.0 ], [ -68.899016871558615, -33.000496819867145, 0.0 ], [ -68.898991432253908, -33.000628036478183, 0.0 ], [ -68.899433162751379, -33.000642479082309, 0.0 ], [ -68.899442771337107, -33.00048544725955, 0.0 ] ] ] ] } },
{ "type": "Feature", "properties": { "LAYER": "PARCELARIO_BASE_CATASTRO", "MAP_NAME": "1010_2025.dwg", "ccpp1": "1010 1534", "LAYER_2": "PADRONES_2_VISTALBA" }, "geometry": { "type": "MultiPolygon", "coordinates": [ [ [ [ -68.899860832392292, -33.000653483377398, 0.0 ], [ -68.899432507727596, -33.000652039930685, 0.0 ], [ -68.899421119240358, -33.000843330408209, 0.0 ], [ -68.89984358659494, -33.000860551236769, 0.0 ], [ -68.899846916997546, -33.000831816582298, 0.0 ], [ -68.899860832392292, -33.000653483377398, 0.0 ] ] ] ] } },
{ "type": "Feature", "properties": { "LAYER": "PARCELARIO_BASE_CATASTRO", "MAP_NAME": "1010_2025.dwg", "ccpp1": "1010 1535", "LAYER_2": "PADRONES_2_VISTALBA" }, "geometry": { "type": "MultiPolygon", "coordinates": [ [ [ [ -68.899872048340058, -33.000487138493305, 0.0 ], [ -68.899442771337107, -33.00048544725955, 0.0 ], [ -68.899433170239732, -33.000642480891706, 0.0 ], [ -68.899432513071773, -33.00065204534507, 0.0 ], [ -68.899860832392292, -33.000653483377398, 0.0 ], [ -68.899872048340058, -33.000487138493305, 0.0 ] ] ] ] } },
{ "type": "Feature", "properties": { "LAYER": "PARCELARIO_BASE_CATASTRO", "MAP_NAME": "1010_2025.dwg", "ccpp1": "1010 1499", "LAYER_2": "PADRONES_2_VISTALBA" }, "geometry": { "type": "MultiPolygon", "coordinates": [ [ [ [ -68.899465793567174, -33.000315700875504, 0.0 ], [ -68.89946536636657, -33.000321580363291, 0.0 ], [ -68.899442771337107, -33.00048544725955, 0.0 ], [ -68.899872048340058, -33.000487138493305, 0.0 ], [ -68.89988901476039, -33.000316031953616, 0.0 ], [ -68.899465793567174, -33.000315700875504, 0.0 ] ] ] ] } },
{ "type": "Feature", "properties": { "LAYER": "PARCELARIO_BASE_CATASTRO", "MAP_NAME": "1010_2025.dwg", "ccpp1": "1010 1496", "LAYER_2": "PADRONES_2_VISTALBA" }, "geometry": { "type": "MultiPolygon", "coordinates": [ [ [ [ -68.899494630097891, -33.000139604147961, 0.0 ], [ -68.899465793567174, -33.000315700875504, 0.0 ], [ -68.89988901476039, -33.000316031953616, 0.0 ], [ -68.899903467004023, -33.000144465339481, 0.0 ], [ -68.899494630097891, -33.000139604147961, 0.0 ] ] ] ] } },
{ "type": "Feature", "properties": { "LAYER": "PARCELARIO_BASE_CATASTRO", "MAP_NAME": "1010_2025.dwg", "ccpp1": "1010 1520", "LAYER_2": "PADRONES_2_VISTALBA" }, "geometry": { "type": "MultiPolygon", "coordinates": [ [ [ [ -68.900537848772231, -33.000600744534466, 0.0 ], [ -68.900031173310722, -33.000613641368759, 0.0 ], [ -68.900025166939827, -33.000754166425587, 0.0 ], [ -68.900023896703829, -33.000768461486807, 0.0 ], [ -68.900480782897617, -33.000845283276682, 0.0 ], [ -68.900537848772231, -33.000600744534466, 0.0 ] ] ] ] } },
{ "type": "Feature", "properties": { "LAYER": "PARCELARIO_BASE_CATASTRO", "MAP_NAME": "1010_2025.dwg", "ccpp1": "1010 1500", "LAYER_2": "PADRONES_2_VISTALBA" }, "geometry": { "type": "MultiPolygon", "coordinates": [ [ [ [ -68.900023896703829, -33.000768461486807, 0.0 ], [ -68.900012774003329, -33.000948172901715, 0.0 ], [ -68.900010557460647, -33.000962790906229, 0.0 ], [ -68.90018850507451, -33.000993141262171, 0.0 ], [ -68.90039887382531, -33.001030015615939, 0.0 ], [ -68.900431354923597, -33.00103544887849, 0.0 ], [ -68.900480782897617, -33.000845283276682, 0.0 ], [ -68.900023896703829, -33.000768461486807, 0.0 ] ] ] ] } },
{ "type": "Feature", "properties": { "LAYER": "PARCELARIO_BASE_CATASTRO", "MAP_NAME": "1010_2025.dwg", "ccpp1": "1010 1529", "LAYER_2": "PADRONES_2_VISTALBA" }, "geometry": { "type": "MultiPolygon", "coordinates": [ [ [ [ -68.900871858248323, -33.000761816958565, 0.0 ], [ -68.900480782897617, -33.000845283276682, 0.0 ], [ -68.900431354923597, -33.00103544887849, 0.0 ], [ -68.900586862466398, -33.001061028933201, 0.0 ], [ -68.900777683354491, -33.001092356198427, 0.0 ], [ -68.900962579458479, -33.000847813306372, 0.0 ], [ -68.900903919829432, -33.000814137837054, 0.0 ], [ -68.900871858248323, -33.000761816958565, 0.0 ] ] ] ] } },
{ "type": "Feature", "properties": { "LAYER": "PARCELARIO_BASE_CATASTRO", "MAP_NAME": "1010_2025.dwg", "ccpp1": "1010 1530", "LAYER_2": "PADRONES_2_VISTALBA" }, "geometry": { "type": "MultiPolygon", "coordinates": [ [ [ [ -68.900537848772231, -33.000600744534466, 0.0 ], [ -68.900480782897617, -33.000845283276682, 0.0 ], [ -68.900871858248323, -33.000761816958565, 0.0 ], [ -68.900886486700372, -33.000697074685412, 0.0 ], [ -68.900923394948748, -33.000661944013423, 0.0 ], [ -68.901001564207817, -33.000638771628203, 0.0 ], [ -68.900537848772231, -33.000600744534466, 0.0 ] ] ] ] } },
{ "type": "Feature", "properties": { "LAYER": "PARCELARIO_BASE_CATASTRO", "MAP_NAME": "1010_2025.dwg", "ccpp1": "1010 1531", "LAYER_2": "PADRONES_2_VISTALBA" }, "geometry": { "type": "MultiPolygon", "coordinates": [ [ [ [ -68.901120285100077, -33.000464412073306, 0.0 ], [ -68.900589425142797, -33.000450482473106, 0.0 ], [ -68.900537848772231, -33.000600744534466, 0.0 ], [ -68.901001564207817, -33.000638771628203, 0.0 ], [ -68.901117294089232, -33.000650684323745, 0.0 ], [ -68.901150281809663, -33.000632569620592, 0.0 ], [ -68.901120285100077, -33.000464412073306, 0.0 ] ] ] ] } },
{ "type": "Feature", "properties": { "LAYER": "PARCELARIO_BASE_CATASTRO", "MAP_NAME": "1010_2025.dwg", "ccpp1": "1010 1532", "LAYER_2": "PADRONES_2_VISTALBA" }, "geometry": { "type": "MultiPolygon", "coordinates": [ [ [ [ -68.900599660450013, -33.000278540931944, 0.0 ], [ -68.900589425142797, -33.000450482473106, 0.0 ], [ -68.901120285100077, -33.000464412073306, 0.0 ], [ -68.901119232338644, -33.000457538661976, 0.0 ], [ -68.901131616660351, -33.000285330980475, 0.0 ], [ -68.900600185765157, -33.000269071944452, 0.0 ], [ -68.900599660450013, -33.000278540931944, 0.0 ] ] ] ] } },
{ "type": "Feature", "properties": { "LAYER": "PARCELARIO_BASE_CATASTRO", "MAP_NAME": "1010_2025.dwg", "ccpp1": "1010 1519", "LAYER_2": "PADRONES_2_VISTALBA" }, "geometry": { "type": "MultiPolygon", "coordinates": [ [ [ [ -68.900600187895165, -33.000269080962909, 0.0 ], [ -68.901131616660351, -33.000285330980475, 0.0 ], [ -68.90114174765867, -33.000104253520774, 0.0 ], [ -68.900610244460125, -33.000087595930005, 0.0 ], [ -68.900600187895165, -33.000269080962909, 0.0 ] ] ] ] } },
{ "type": "Feature", "properties": { "LAYER": "PARCELARIO_BASE_CATASTRO", "MAP_NAME": "1010_2025.dwg", "ccpp1": "1010 1616", "LAYER_2": "PADRONES_2_VISTALBA" }, "geometry": { "type": "MultiPolygon", "coordinates": [ [ [ [ -68.901279789974694, -33.001186245463614, 0.0 ], [ -68.901350359141816, -33.001503242260831, 0.0 ], [ -68.9014713071182, -33.001495614016626, 0.0 ], [ -68.901579824651549, -33.001474918682263, 0.0 ], [ -68.901639206758588, -33.001463734203256, 0.0 ], [ -68.901867106795692, -33.001363672400331, 0.0 ], [ -68.901553465820726, -33.001079674247741, 0.0 ], [ -68.901436383158639, -33.001125140864062, 0.0 ], [ -68.901279789974694, -33.001186245463614, 0.0 ] ] ] ] } },
{ "type": "Feature", "properties": { "LAYER": "PARCELARIO_BASE_CATASTRO", "MAP_NAME": "1010_2025.dwg", "ccpp1": "1010 1528", "LAYER_2": "PADRONES_2_VISTALBA" }, "geometry": { "type": "MultiPolygon", "coordinates": [ [ [ [ -68.901144037677639, -33.000873699984631, 0.0 ], [ -68.901279789974694, -33.001186245463614, 0.0 ], [ -68.901436383158639, -33.001125140864062, 0.0 ], [ -68.901553465820726, -33.001079674247741, 0.0 ], [ -68.90127720144045, -33.000820215126879, 0.0 ], [ -68.901216343630097, -33.000854868001156, 0.0 ], [ -68.901146177669077, -33.000873822503806, 0.0 ], [ -68.901144037677639, -33.000873699984631, 0.0 ] ] ] ] } },
{ "type": "Feature", "properties": { "LAYER": "PARCELARIO_BASE_CATASTRO", "MAP_NAME": "1010_2025.dwg", "ccpp1": "1010 1524", "LAYER_2": "PADRONES_2_VISTALBA" }, "geometry": { "type": "MultiPolygon", "coordinates": [ [ [ [ -68.900777683354491, -33.001092356198427, 0.0 ], [ -68.900586862466398, -33.001061028933201, 0.0 ], [ -68.900523369257186, -33.001440310862066, 0.0 ], [ -68.900709820504872, -33.001475694094566, 0.0 ], [ -68.900777683354491, -33.001092356198427, 0.0 ] ] ] ] } },
{ "type": "Feature", "properties": { "LAYER": "PARCELARIO_BASE_CATASTRO", "MAP_NAME": "1010_2025.dwg", "ccpp1": "1010 1523", "LAYER_2": "PADRONES_2_VISTALBA" }, "geometry": { "type": "MultiPolygon", "coordinates": [ [ [ [ -68.900431354923597, -33.00103544887849, 0.0 ], [ -68.90039887382531, -33.001030015615939, 0.0 ], [ -68.900321812345396, -33.001402694462442, 0.0 ], [ -68.900523369248077, -33.00144031897716, 0.0 ], [ -68.900586862466398, -33.001061028933201, 0.0 ], [ -68.900431354923597, -33.00103544887849, 0.0 ] ] ] ] } },
{ "type": "Feature", "properties": { "LAYER": "PARCELARIO_BASE_CATASTRO", "MAP_NAME": "1010_2025.dwg", "ccpp1": "1010 1522", "LAYER_2": "PADRONES_2_VISTALBA" }, "geometry": { "type": "MultiPolygon", "coordinates": [ [ [ [ -68.90039887382531, -33.001030015615939, 0.0 ], [ -68.90018850507451, -33.000993141262171, 0.0 ], [ -68.900123482106096, -33.001367714115176, 0.0 ], [ -68.900321812345396, -33.001402694462442, 0.0 ], [ -68.90039887382531, -33.001030015615939, 0.0 ] ] ] ] } },
{ "type": "Feature", "properties": { "LAYER": "PARCELARIO_BASE_CATASTRO", "MAP_NAME": "1010_2025.dwg", "ccpp1": "1010 1521", "LAYER_2": "PADRONES_2_VISTALBA" }, "geometry": { "type": "MultiPolygon", "coordinates": [ [ [ [ -68.90018850507451, -33.000993141262171, 0.0 ], [ -68.900010557460647, -33.000962790906229, 0.0 ], [ -68.89994993934279, -33.001335376296581, 0.0 ], [ -68.900123482106096, -33.001367714115176, 0.0 ], [ -68.90018850507451, -33.000993141262171, 0.0 ] ] ] ] } },
{ "type": "Feature", "properties": { "LAYER": "PARCELARIO_BASE_CATASTRO", "MAP_NAME": "1010_2025.dwg", "ccpp1": "1010 1508", "LAYER_2": "PADRONES_2_VISTALBA" }, "geometry": { "type": "MultiPolygon", "coordinates": [ [ [ [ -68.902326132496114, -33.000307153172876, 0.0 ], [ -68.902178611352653, -33.000246893146155, 0.0 ], [ -68.902038137294539, -33.000237438925566, 0.0 ], [ -68.902013714491403, -33.000576105651646, 0.0 ], [ -68.90210337280304, -33.000577965817747, 0.0 ], [ -68.902326132496114, -33.000307153172876, 0.0 ] ] ] ] } },
{ "type": "Feature", "properties": { "LAYER": "PARCELARIO_BASE_CATASTRO", "MAP_NAME": "1010_2025.dwg", "ccpp1": "1010 1509", "LAYER_2": "PADRONES_2_VISTALBA" }, "geometry": { "type": "MultiPolygon", "coordinates": [ [ [ [ -68.902038137288557, -33.000237444335617, 0.0 ], [ -68.901768555624855, -33.000228954218862, 0.0 ], [ -68.901760891922365, -33.000572653712908, 0.0 ], [ -68.902013714491403, -33.000576105651646, 0.0 ], [ -68.902038137288557, -33.000237444335617, 0.0 ] ] ] ] } },
{ "type": "Feature", "properties": { "LAYER": "PARCELARIO_BASE_CATASTRO", "MAP_NAME": "1010_2025.dwg", "ccpp1": "1010 1510", "LAYER_2": "PADRONES_2_VISTALBA" }, "geometry": { "type": "MultiPolygon", "coordinates": [ [ [ [ -68.901768555624855, -33.000228954218862, 0.0 ], [ -68.901544427007892, -33.000221230633592, 0.0 ], [ -68.901521786938332, -33.000565897521199, 0.0 ], [ -68.901760891922365, -33.000572653712908, 0.0 ], [ -68.901768555624855, -33.000228954218862, 0.0 ] ] ] ] } },
{ "type": "Feature", "properties": { "LAYER": "PARCELARIO_BASE_CATASTRO", "MAP_NAME": "1010_2025.dwg", "ccpp1": "1010 1511", "LAYER_2": "PADRONES_2_VISTALBA" }, "geometry": { "type": "MultiPolygon", "coordinates": [ [ [ [ -68.901544427007892, -33.000221230633592, 0.0 ], [ -68.901311179501818, -33.000204776619945, 0.0 ], [ -68.901298735877504, -33.000561267996012, 0.0 ], [ -68.901521786938332, -33.000565897521199, 0.0 ], [ -68.901544427007892, -33.000221230633592, 0.0 ] ] ] ] } },
{ "type": "Feature", "properties": { "LAYER": "PARCELARIO_BASE_CATASTRO", "MAP_NAME": "1010_2025.dwg", "ccpp1": "1010 1512", "LAYER_2": "PADRONES_2_VISTALBA" }, "geometry": { "type": "MultiPolygon", "coordinates": [ [ [ [ -68.901298733737377, -33.000561267994321, 0.0 ], [ -68.901411077933588, -33.000730926022634, 0.0 ], [ -68.901538250322034, -33.000855413541515, 0.0 ], [ -68.901759601866772, -33.000655294945105, 0.0 ], [ -68.901760891922365, -33.000572653712908, 0.0 ], [ -68.901521786938332, -33.000565897521199, 0.0 ], [ -68.901298733737377, -33.000561267994321, 0.0 ] ] ] ] } },
{ "type": "Feature", "properties": { "LAYER": "PARCELARIO_BASE_CATASTRO", "MAP_NAME": "1010_2025.dwg", "ccpp1": "1010 2178", "LAYER_2": "PADRONES_2_VISTALBA" }, "geometry": { "type": "MultiPolygon", "coordinates": [ [ [ [ -68.901826200826207, -33.000879347705279, 0.0 ], [ -68.901690686009829, -33.000995545974448, 0.0 ], [ -68.902000261121813, -33.001276409072943, 0.0 ], [ -68.902147415770244, -33.001163139608252, 0.0 ], [ -68.902309264386972, -33.001046779700189, 0.0 ], [ -68.901982860769991, -33.000746062757649, 0.0 ], [ -68.901826200826207, -33.000879347705279, 0.0 ] ] ] ] } },
{ "type": "Feature", "properties": { "LAYER": "PARCELARIO_BASE_CATASTRO", "MAP_NAME": "1010_2025.dwg", "ccpp1": "1010 1516", "LAYER_2": "PADRONES_2_VISTALBA" }, "geometry": { "type": "MultiPolygon", "coordinates": [ [ [ [ -68.90210337280304, -33.000577965817747, 0.0 ], [ -68.901982860769991, -33.000746062757649, 0.0 ], [ -68.902309264386972, -33.001046779700189, 0.0 ], [ -68.902469275372241, -33.000926443554739, 0.0 ], [ -68.902248774004875, -33.00071644379517, 0.0 ], [ -68.90210337280304, -33.000577965817747, 0.0 ] ] ] ] } },
{ "type": "Feature", "properties": { "LAYER": "PARCELARIO_BASE_CATASTRO", "MAP_NAME": "1010_2025.dwg", "ccpp1": "1010 1517", "LAYER_2": "PADRONES_2_VISTALBA" }, "geometry": { "type": "MultiPolygon", "coordinates": [ [ [ [ -68.902541465044692, -33.000485642396669, 0.0 ], [ -68.902248774004875, -33.00071644379517, 0.0 ], [ -68.902469275372241, -33.000926443554739, 0.0 ], [ -68.902695215715795, -33.000742757231407, 0.0 ], [ -68.902697293965844, -33.00073868597903, 0.0 ], [ -68.90269926316347, -33.000734528982342, 0.0 ], [ -68.90270101095615, -33.000730282547124, 0.0 ], [ -68.902702529754578, -33.000726036835083, 0.0 ], [ -68.902703827044206, -33.000721796360445, 0.0 ], [ -68.902705012080204, -33.000717462023964, 0.0 ], [ -68.902705971329212, -33.000713131118232, 0.0 ], [ -68.902706815111472, -33.000708709053143, 0.0 ], [ -68.902707434079886, -33.000704378783858, 0.0 ], [ -68.902707831642573, -33.000699959977744, 0.0 ], [ -68.902708000213167, -33.000695540091485, 0.0 ], [ -68.90270805535728, -33.000691120116826, 0.0 ], [ -68.902707884616603, -33.000686792838806, 0.0 ], [ -68.90270760161853, -33.000682375305637, 0.0 ], [ -68.902706981554303, -33.000677954804779, 0.0 ], [ -68.902706244752551, -33.000673626183911, 0.0 ], [ -68.90270539452348, -33.000669298376337, 0.0 ], [ -68.902704207224389, -33.000664971207712, 0.0 ], [ -68.902702903192818, -33.000660731410704, 0.0 ], [ -68.902701485732976, -33.000656493328648, 0.0 ], [ -68.902699732271287, -33.00065225768973, 0.0 ], [ -68.902697974436521, -33.000648106804938, 0.0 ], [ -68.902695885853277, -33.000644046731665, 0.0 ], [ -68.902693685884984, -33.000640076739181, 0.0 ], [ -68.902691376773689, -33.000636103956516, 0.0 ], [ -68.902688842849997, -33.000632222067914, 0.0 ], [ -68.90268608956616, -33.000628338204919, 0.0 ], [ -68.90268322265625, -33.00062463639194, 0.0 ], [ -68.902680248649474, -33.000621017449575, 0.0 ], [ -68.902677052065499, -33.000617402842074, 0.0 ], [ -68.902673744103481, -33.000613872003534, 0.0 ], [ -68.902541465044692, -33.000485642396669, 0.0 ] ] ] ] } },
{ "type": "Feature", "properties": { "LAYER": "PARCELARIO_BASE_CATASTRO", "MAP_NAME": "1010_2025.dwg", "ccpp1": "1010 1518", "LAYER_2": "PADRONES_2_VISTALBA" }, "geometry": { "type": "MultiPolygon", "coordinates": [ [ [ [ -68.902541465044692, -33.000485642396669, 0.0 ], [ -68.902459967509643, -33.000409492588226, 0.0 ], [ -68.902326132496114, -33.000307153172876, 0.0 ], [ -68.90210337280304, -33.000577965817747, 0.0 ], [ -68.902248774004875, -33.00071644379517, 0.0 ], [ -68.902541465044692, -33.000485642396669, 0.0 ] ] ] ] } },
{ "type": "Feature", "properties": { "LAYER": "PARCELARIO_BASE_CATASTRO", "MAP_NAME": "1010_2025.dwg", "ccpp1": "1010 1495", "LAYER_2": "PADRONES_2_VISTALBA" }, "geometry": { "type": "MultiPolygon", "coordinates": [ [ [ [ -68.894235785155146, -32.998039585067644, 0.0 ], [ -68.894282178870483, -32.998350264523573, 0.0 ], [ -68.894344836010518, -32.99873611071736, 0.0 ], [ -68.894371260938257, -32.998918131080622, 0.0 ], [ -68.89441776073356, -32.99920911978824, 0.0 ], [ -68.894700506428194, -32.99920237961053, 0.0 ], [ -68.89466963243828, -32.998919612152612, 0.0 ], [ -68.894642920760191, -32.998679436175593, 0.0 ], [ -68.8946368508809, -32.998632247219078, 0.0 ], [ -68.894601148443726, -32.99834479684381, 0.0 ], [ -68.894566315063514, -32.998062775272842, 0.0 ], [ -68.894562367243182, -32.998032407552621, 0.0 ], [ -68.894235785155146, -32.998039585067644, 0.0 ] ] ] ] } },
{ "type": "Feature", "properties": { "LAYER": "PARCELARIO_BASE_CATASTRO", "MAP_NAME": "1010_2025.dwg", "ccpp1": "1010 1496", "LAYER_2": "PADRONES_2_VISTALBA" }, "geometry": { "type": "MultiPolygon", "coordinates": [ [ [ [ -68.891959753464363, -33.010593044248559, 0.0 ], [ -68.892370488891245, -33.01069126751257, 0.0 ], [ -68.89239852138806, -33.010480219776781, 0.0 ], [ -68.891826599703307, -33.010481438637392, 0.0 ], [ -68.89183248001892, -33.01048521002901, 0.0 ], [ -68.891835369801498, -33.010485843705538, 0.0 ], [ -68.891838259585214, -33.01048647648031, 0.0 ], [ -68.891841148187638, -33.010487200323183, 0.0 ], [ -68.891844037861375, -33.010487923265217, 0.0 ], [ -68.891846809780276, -33.010488674958772, 0.0 ], [ -68.891849710079967, -33.010489460125449, 0.0 ], [ -68.891852491444595, -33.010490364210078, 0.0 ], [ -68.891855273880566, -33.010491267393945, 0.0 ], [ -68.891858038075114, -33.010492210235597, 0.0 ], [ -68.891860838640412, -33.010493165732171, 0.0 ], [ -68.891863493570099, -33.010494195941511, 0.0 ], [ -68.891866188075582, -33.01049524331691, 0.0 ], [ -68.891868939190559, -33.010496380908769, 0.0 ], [ -68.891871645378998, -33.01049750132983, 0.0 ], [ -68.891874225244578, -33.010498655905039, 0.0 ], [ -68.891876888536885, -33.010499849324496, 0.0 ], [ -68.891879455427315, -33.010501112991015, 0.0 ], [ -68.891882023386913, -33.010502377560094, 0.0 ], [ -68.89188457622987, -33.010503752120343, 0.0 ], [ -68.891887052069492, -33.010505086038499, 0.0 ], [ -68.891889512792488, -33.01050652994784, 0.0 ], [ -68.891891973514461, -33.010507974758802, 0.0 ], [ -68.891894389228483, -33.010509469122852, 0.0 ], [ -68.891896786761649, -33.010510953552689, 0.0 ], [ -68.891899140357026, -33.010512487536531, 0.0 ], [ -68.891901493951394, -33.010514022422008, 0.0 ], [ -68.891903762920307, -33.010515623958092, 0.0 ], [ -68.8919060939036, -33.01051727153326, 0.0 ], [ -68.891908256814929, -33.010518963144918, 0.0 ], [ -68.891910478530107, -33.010520700792846, 0.0 ], [ -68.891912591087092, -33.010522438346229, 0.0 ], [ -68.891914757099229, -33.010524220127941, 0.0 ], [ -68.891916789311551, -33.010526024335611, 0.0 ], [ -68.891918821522836, -33.010527829444953, 0.0 ], [ -68.891920852555145, -33.010529723819012, 0.0 ], [ -68.891922884656651, -33.010531619095637, 0.0 ], [ -68.891924750833113, -33.010533553000599, 0.0 ], [ -68.891926627697174, -33.010535498636578, 0.0 ], [ -68.891928485197994, -33.010537526308148, 0.0 ], [ -68.89193026253993, -33.010539468251189, 0.0 ], [ -68.891932045044783, -33.010541564385086, 0.0 ], [ -68.891933791215308, -33.01054361810877, 0.0 ], [ -68.891935465632187, -33.010545714149011, 0.0 ], [ -68.891937105855078, -33.010547767780942, 0.0 ], [ -68.891938668864583, -33.010549952990509, 0.0 ], [ -68.891940205169149, -33.010552097601568, 0.0 ], [ -68.891941701851877, -33.010554262916834, 0.0 ], [ -68.891943198535728, -33.0105564273304, 0.0 ], [ -68.891944588090666, -33.010558682720372, 0.0 ], [ -68.891945976576594, -33.010560937207742, 0.0 ], [ -68.891947259113678, -33.010563192505039, 0.0 ], [ -68.891948541651928, -33.01056544690065, 0.0 ], [ -68.891949759948673, -33.010567726487544, 0.0 ], [ -68.891950998528316, -33.010570047569026, 0.0 ], [ -68.891952066920837, -33.01057239194671, 0.0 ], [ -68.891953135312306, -33.010574737226072, 0.0 ], [ -68.891954138399782, -33.010577101384079, 0.0 ], [ -68.891955163898402, -33.010579516956909, 0.0 ], [ -68.891956061041469, -33.01058187831817, 0.0 ], [ -68.891956979518909, -33.010584296503389, 0.0 ], [ -68.891957783451943, -33.010586743443056, 0.0 ], [ -68.891958579923454, -33.010589166031011, 0.0 ], [ -68.891959753464363, -33.010593044248559, 0.0 ] ] ] ] } },
{ "type": "Feature", "properties": { "LAYER": "PARCELARIO_BASE_CATASTRO", "MAP_NAME": "1010_2025.dwg", "ccpp1": "1010 1497", "LAYER_2": "PADRONES_2_VISTALBA" }, "geometry": { "type": "MultiPolygon", "coordinates": [ [ [ [ -68.891959753464363, -33.010593044248559, 0.0 ], [ -68.891965186448289, -33.010619644751571, 0.0 ], [ -68.891961826474073, -33.01066057337195, 0.0 ], [ -68.891947127276069, -33.010695002823113, 0.0 ], [ -68.891942732935021, -33.010700409067994, 0.0 ], [ -68.892352447558579, -33.010827094412541, 0.0 ], [ -68.892370488891245, -33.01069126751257, 0.0 ], [ -68.891959753464363, -33.010593044248559, 0.0 ] ] ] ] } },
{ "type": "Feature", "properties": { "LAYER": "PARCELARIO_BASE_CATASTRO", "MAP_NAME": "1010_2025.dwg", "ccpp1": "1010 1498", "LAYER_2": "PADRONES_2_VISTALBA" }, "geometry": { "type": "MultiPolygon", "coordinates": [ [ [ [ -68.891942732935021, -33.010700409067994, 0.0 ], [ -68.891917654696556, -33.010730772895101, 0.0 ], [ -68.891886483119933, -33.010752117396557, 0.0 ], [ -68.891846862650397, -33.010767143747941, 0.0 ], [ -68.891840974256041, -33.010768221557235, 0.0 ], [ -68.891913155304309, -33.010946877904708, 0.0 ], [ -68.892060790052071, -33.010926251808968, 0.0 ], [ -68.892210460551595, -33.010905355892341, 0.0 ], [ -68.892344404930881, -33.010887644413536, 0.0 ], [ -68.892352447558579, -33.010827094412541, 0.0 ], [ -68.891942732935021, -33.010700409067994, 0.0 ] ] ] ] } },
{ "type": "Feature", "properties": { "LAYER": "PARCELARIO_BASE_CATASTRO", "MAP_NAME": "1010_2025.dwg", "ccpp1": "1010 1502", "LAYER_2": "PADRONES_2_VISTALBA" }, "geometry": { "type": "MultiPolygon", "coordinates": [ [ [ [ -68.896826092910104, -32.997982632608185, 0.0 ], [ -68.896725477837421, -32.998505971474913, 0.0 ], [ -68.896527168699123, -32.998511941380492, 0.0 ], [ -68.896451555343958, -32.99896755087525, 0.0 ], [ -68.896673420079622, -32.998962702437701, 0.0 ], [ -68.896868096546498, -32.997981708641142, 0.0 ], [ -68.896826092910104, -32.997982632608185, 0.0 ] ] ] ] } },
{ "type": "Feature", "properties": { "LAYER": "PARCELARIO_BASE_CATASTRO", "MAP_NAME": "1010_2025.dwg", "ccpp1": "1010 1634", "LAYER_2": "PADRONES_2_VISTALBA" }, "geometry": { "type": "MultiPolygon", "coordinates": [ [ [ [ -68.90656555107374, -33.034316995783747, 0.0 ], [ -68.906672859893661, -33.034468180040818, 0.0 ], [ -68.906764997753271, -33.03459996870501, 0.0 ], [ -68.90713937444184, -33.034572805508184, 0.0 ], [ -68.906952323278546, -33.034289064370142, 0.0 ], [ -68.90656555107374, -33.034316995783747, 0.0 ] ] ] ] } },
{ "type": "Feature", "properties": { "LAYER": "PARCELARIO_BASE_CATASTRO", "MAP_NAME": "1010_2025.dwg", "ccpp1": "1010 1507", "LAYER_2": "PADRONES_2_VISTALBA" }, "geometry": { "type": "MultiPolygon", "coordinates": [ [ [ [ -68.902429971544635, -33.000056671107075, 0.0 ], [ -68.903627900347615, -33.001246708975344, 0.0 ], [ -68.903635846167148, -33.001129059874017, 0.0 ], [ -68.903661054396778, -33.00105165779248, 0.0 ], [ -68.903677121591301, -33.000721629590053, 0.0 ], [ -68.903750512141855, -33.000572512849352, 0.0 ], [ -68.903713369669987, -33.000494323289765, 0.0 ], [ -68.903578570054322, -33.000299485994894, 0.0 ], [ -68.903315640379063, -33.000212706379443, 0.0 ], [ -68.903237873895762, -33.000078549706821, 0.0 ], [ -68.902429971544635, -33.000056671107075, 0.0 ] ] ] ] } },
{ "type": "Feature", "properties": { "LAYER": "PARCELARIO_BASE_CATASTRO", "MAP_NAME": "1010_2025.dwg", "ccpp1": "1010 1513", "LAYER_2": "PADRONES_2_VISTALBA" }, "geometry": { "type": "MultiPolygon", "coordinates": [ [ [ [ -68.902013714491403, -33.000576105651646, 0.0 ], [ -68.901760891922365, -33.000572653712908, 0.0 ], [ -68.901759601866772, -33.000655294945105, 0.0 ], [ -68.901538250322034, -33.000855413541515, 0.0 ], [ -68.901690686009829, -33.000995545974448, 0.0 ], [ -68.901826196177041, -33.000879351691744, 0.0 ], [ -68.901982860769991, -33.000746062757649, 0.0 ], [ -68.90210337280304, -33.000577965817747, 0.0 ], [ -68.902013714491403, -33.000576105651646, 0.0 ] ] ] ] } },
{ "type": "Feature", "properties": { "LAYER": "PARCELARIO_BASE_CATASTRO", "MAP_NAME": "1010_2025.dwg", "ccpp1": "1010 1806", "LAYER_2": "PADRONES_2_VISTALBA" }, "geometry": { "type": "MultiPolygon", "coordinates": [ [ [ [ -68.897993782752678, -33.00137056723888, 0.0 ], [ -68.898153367466094, -33.001394934588426, 0.0 ], [ -68.898470625210905, -33.001378970949517, 0.0 ], [ -68.898466271616044, -33.001224374114422, 0.0 ], [ -68.898486669872838, -33.001150019542663, 0.0 ], [ -68.898548054273618, -33.001012591760528, 0.0 ], [ -68.897952385454204, -33.000979745112325, 0.0 ], [ -68.897940691038642, -33.001173703251084, 0.0 ], [ -68.897936430508864, -33.001317335892935, 0.0 ], [ -68.897993782752678, -33.00137056723888, 0.0 ] ] ] ] } },
{ "type": "Feature", "properties": { "LAYER": "PARCELARIO_BASE_CATASTRO", "MAP_NAME": "1010_2025.dwg", "ccpp1": "1010 1895", "LAYER_2": "PADRONES_2_VISTALBA" }, "geometry": { "type": "MultiPolygon", "coordinates": [ [ [ [ -68.893156595116452, -32.996532381706842, 0.0 ], [ -68.893221597107555, -32.996745719059511, 0.0 ], [ -68.893238590257681, -32.996745506369194, 0.0 ], [ -68.893254085371098, -32.996745307724268, 0.0 ], [ -68.893397501633757, -32.996743417718726, 0.0 ], [ -68.893488068674273, -32.997010627596637, 0.0 ], [ -68.893516197438601, -32.99709335428885, 0.0 ], [ -68.893801412836609, -32.997934900393531, 0.0 ], [ -68.893994234194665, -32.99793230360261, 0.0 ], [ -68.893910446821565, -32.997690071536546, 0.0 ], [ -68.893821875897842, -32.997435361003333, 0.0 ], [ -68.893599771585045, -32.996796631026591, 0.0 ], [ -68.893645306673491, -32.996734326094071, 0.0 ], [ -68.894113285164423, -32.996710479945293, 0.0 ], [ -68.894536579797688, -32.996688622461718, 0.0 ], [ -68.894960214217718, -32.996668464151519, 0.0 ], [ -68.895366955255398, -32.99664947447932, 0.0 ], [ -68.895760098312053, -32.99663039835184, 0.0 ], [ -68.895849417612624, -32.996887265959543, 0.0 ], [ -68.895862950364432, -32.996926214359462, 0.0 ], [ -68.895955963388715, -32.997193603020364, 0.0 ], [ -68.896008799213718, -32.997345603025018, 0.0 ], [ -68.89619147810248, -32.997870571498126, 0.0 ], [ -68.897063472538875, -32.997843890639331, 0.0 ], [ -68.896966694250992, -32.997440333902389, 0.0 ], [ -68.896959022118523, -32.997408172874572, 0.0 ], [ -68.896850075658847, -32.99695408896666, 0.0 ], [ -68.896823535511331, -32.996839393238965, 0.0 ], [ -68.896749519143469, -32.99652993695149, 0.0 ], [ -68.896648160171338, -32.996107698760753, 0.0 ], [ -68.896814786800661, -32.99610045184815, 0.0 ], [ -68.896777199652135, -32.995936832226413, 0.0 ], [ -68.896742903198046, -32.995787655668366, 0.0 ], [ -68.896716249806062, -32.995671604018249, 0.0 ], [ -68.897653933588231, -32.995603936198819, 0.0 ], [ -68.897561248863667, -32.995176273188505, 0.0 ], [ -68.897553943557568, -32.995147028510367, 0.0 ], [ -68.897244986405454, -32.99516215723115, 0.0 ], [ -68.896946235184387, -32.995176923923978, 0.0 ], [ -68.896631248019219, -32.995192381572302, 0.0 ], [ -68.896354462720495, -32.995206074905333, 0.0 ], [ -68.896018986816003, -32.995221751139603, 0.0 ], [ -68.895805437340059, -32.995233352617149, 0.0 ], [ -68.895581187330706, -32.995245393815821, 0.0 ], [ -68.89535715415343, -32.995257703493117, 0.0 ], [ -68.895122440665247, -32.995270533983387, 0.0 ], [ -68.894909017122089, -32.995282215184041, 0.0 ], [ -68.894663522677931, -32.995295560512439, 0.0 ], [ -68.894396403426285, -32.995310786001049, 0.0 ], [ -68.894174285835859, -32.995323473879914, 0.0 ], [ -68.893930762576048, -32.995337318967024, 0.0 ], [ -68.893690966239348, -32.99535099904049, 0.0 ], [ -68.893435434339438, -32.995365658871783, 0.0 ], [ -68.893180746788005, -32.99538014938706, 0.0 ], [ -68.892817475668153, -32.995400926480883, 0.0 ], [ -68.892812128569503, -32.995401190590194, 0.0 ], [ -68.892841001186895, -32.995496087126241, 0.0 ], [ -68.892994106972239, -32.995999074679141, 0.0 ], [ -68.892998796070884, -32.996013868003232, 0.0 ], [ -68.893075719392925, -32.996267080604824, 0.0 ], [ -68.893156595116452, -32.996532381706842, 0.0 ] ] ] ] } },
{ "type": "Feature", "properties": { "LAYER": "PARCELARIO_BASE_CATASTRO", "MAP_NAME": "1010_2025.dwg", "ccpp1": "1010 1895", "LAYER_2": "PADRONES_2_VISTALBA" }, "geometry": { "type": "MultiPolygon", "coordinates": [ [ [ [ -68.894438245820055, -32.996212324006649, 0.0 ], [ -68.894429225448093, -32.996213396588573, 0.0 ], [ -68.894420542762603, -32.996215733606483, 0.0 ], [ -68.894412454645376, -32.996219267651895, 0.0 ], [ -68.894405191267907, -32.996223897931806, 0.0 ], [ -68.89439896679572, -32.996229486670913, 0.0 ], [ -68.894393962253304, -32.996235871720636, 0.0 ], [ -68.894390320169748, -32.996242870161318, 0.0 ], [ -68.894388150999831, -32.996250277405771, 0.0 ], [ -68.894387513853175, -32.996257876199984, 0.0 ], [ -68.89438842824913, -32.99626544925632, 0.0 ], [ -68.894484261989618, -32.996691111863015, 0.0 ], [ -68.895760098312053, -32.99663039835184, 0.0 ], [ -68.896168907016957, -32.99780570971356, 0.0 ], [ -68.896617614769355, -32.997795946035431, 0.0 ], [ -68.896616210153155, -32.997784115548527, 0.0 ], [ -68.89659783172219, -32.997784735108858, 0.0 ], [ -68.896575808984821, -32.997782427509968, 0.0 ], [ -68.896554542119048, -32.997776998928664, 0.0 ], [ -68.896534659045656, -32.997768609482399, 0.0 ], [ -68.89651675013188, -32.997757506720696, 0.0 ], [ -68.896501341446694, -32.9977440201924, 0.0 ], [ -68.896488890498787, -32.99772854611394, 0.0 ], [ -68.896479765907927, -32.997711545548562, 0.0 ], [ -68.896474236733397, -32.997693520052408, 0.0 ], [ -68.896472466063614, -32.997675003553773, 0.0 ], [ -68.89647450675831, -32.997656543414486, 0.0 ], [ -68.896480299325759, -32.997638686001125, 0.0 ], [ -68.896489671943058, -32.99762195955325, 0.0 ], [ -68.896502347962539, -32.997606860664675, 0.0 ], [ -68.896163015562536, -32.996171446569349, 0.0 ], [ -68.89616089649131, -32.996164528042932, 0.0 ], [ -68.896157488674817, -32.996157999772421, 0.0 ], [ -68.896152878593725, -32.996152024131455, 0.0 ], [ -68.896147183764995, -32.996146758109454, 0.0 ], [ -68.896140549556364, -32.996142332570393, 0.0 ], [ -68.896133144894534, -32.996138862167598, 0.0 ], [ -68.896125159067878, -32.996136434521105, 0.0 ], [ -68.896116796374386, -32.996135112016482, 0.0 ], [ -68.896108271844739, -32.996134929096293, 0.0 ], [ -68.894438245820055, -32.996212324006649, 0.0 ] ] ] ] } },
{ "type": "Feature", "properties": { "LAYER": "PARCELARIO_BASE_CATASTRO", "MAP_NAME": "1010_2025.dwg", "ccpp1": "1010 1593", "LAYER_2": "PADRONES_2_VISTALBA" }, "geometry": { "type": "MultiPolygon", "coordinates": [ [ [ [ -68.907454525457339, -33.003103960062198, 0.0 ], [ -68.907362340003161, -33.00338070804407, 0.0 ], [ -68.907681521232789, -33.003666421431213, 0.0 ], [ -68.907687485122153, -33.003649757458774, 0.0 ], [ -68.907776843830376, -33.003397590455528, 0.0 ], [ -68.907454525457339, -33.003103960062198, 0.0 ] ] ] ] } },
{ "type": "Feature", "properties": { "LAYER": "PARCELARIO_BASE_CATASTRO", "MAP_NAME": "1010_2025.dwg", "ccpp1": "1010 1594", "LAYER_2": "PADRONES_2_VISTALBA" }, "geometry": { "type": "MultiPolygon", "coordinates": [ [ [ [ -68.907362340003161, -33.00338070804407, 0.0 ], [ -68.90727048495765, -33.003657144210536, 0.0 ], [ -68.907585342867122, -33.003934395997938, 0.0 ], [ -68.907595180616184, -33.003906385502908, 0.0 ], [ -68.907681521232789, -33.003666421431213, 0.0 ], [ -68.907362340003161, -33.00338070804407, 0.0 ] ] ] ] } },
{ "type": "Feature", "properties": { "LAYER": "PARCELARIO_BASE_CATASTRO", "MAP_NAME": "1010_2025.dwg", "ccpp1": "1010 1595", "LAYER_2": "PADRONES_2_VISTALBA" }, "geometry": { "type": "MultiPolygon", "coordinates": [ [ [ [ -68.90727048495765, -33.003657144210536, 0.0 ], [ -68.907153192953672, -33.004014358759648, 0.0 ], [ -68.907367576825806, -33.004178534680101, 0.0 ], [ -68.907470627544797, -33.004255697182664, 0.0 ], [ -68.907585342867122, -33.003934395997938, 0.0 ], [ -68.90727048495765, -33.003657144210536, 0.0 ] ] ] ] } },
{ "type": "Feature", "properties": { "LAYER": "PARCELARIO_BASE_CATASTRO", "MAP_NAME": "1010_2025.dwg", "ccpp1": "1010 945", "LAYER_2": "PADRONES_2_VISTALBA" }, "geometry": { "type": "MultiPolygon", "coordinates": [ [ [ [ -68.907548737728874, -33.002828641755357, 0.0 ], [ -68.907454525457339, -33.003103960062198, 0.0 ], [ -68.907776843830376, -33.003397590455528, 0.0 ], [ -68.907785483013527, -33.003372607787384, 0.0 ], [ -68.907873097874244, -33.003128781722488, 0.0 ], [ -68.907855603355273, -33.00311295251057, 0.0 ], [ -68.907548737728874, -33.002828641755357, 0.0 ] ] ] ] } },
{ "type": "Feature", "properties": { "LAYER": "PARCELARIO_BASE_CATASTRO", "MAP_NAME": "1010_2025.dwg", "ccpp1": "1010 1598", "LAYER_2": "PADRONES_2_VISTALBA" }, "geometry": { "type": "MultiPolygon", "coordinates": [ [ [ [ -68.897901803181114, -33.001775244578546, 0.0 ], [ -68.897885569713182, -33.002059853493833, 0.0 ], [ -68.898415113832783, -33.002081492940057, 0.0 ], [ -68.898422628143777, -33.001902950045313, 0.0 ], [ -68.898432196007249, -33.001690690634646, 0.0 ], [ -68.898403742112237, -33.001664166316949, 0.0 ], [ -68.898152956303775, -33.001666170179142, 0.0 ], [ -68.898026771779286, -33.001732541445612, 0.0 ], [ -68.897961786823259, -33.001729179195692, 0.0 ], [ -68.897901803181114, -33.001775244578546, 0.0 ] ] ] ] } },
{ "type": "Feature", "properties": { "LAYER": "PARCELARIO_BASE_CATASTRO", "MAP_NAME": "1010_2025.dwg", "ccpp1": "1010 1271", "LAYER_2": "PADRONES_2_VISTALBA" }, "geometry": { "type": "MultiPolygon", "coordinates": [ [ [ [ -68.909684912488302, -33.010924436076863, 0.0 ], [ -68.908981427082907, -33.010856749404169, 0.0 ], [ -68.908961891367369, -33.011032292175372, 0.0 ], [ -68.909666024309487, -33.011081313853026, 0.0 ], [ -68.909684912488302, -33.010924436076863, 0.0 ] ] ] ] } },
{ "type": "Feature", "properties": { "LAYER": "PARCELARIO_BASE_CATASTRO", "MAP_NAME": "1010_2025.dwg", "ccpp1": "1010 1590", "LAYER_2": "PADRONES_2_VISTALBA" }, "geometry": { "type": "MultiPolygon", "coordinates": [ [ [ [ -68.899159766767184, -32.996777801450733, 0.0 ], [ -68.898606301025893, -32.996751284814863, 0.0 ], [ -68.898602773161741, -32.996793409196378, 0.0 ], [ -68.898943125760852, -32.996809222846373, 0.0 ], [ -68.898921625520018, -32.997026397763534, 0.0 ], [ -68.89898498856121, -32.997029381299328, 0.0 ], [ -68.899225896082456, -32.997040196835094, 0.0 ], [ -68.899212341274023, -32.996988274552308, 0.0 ], [ -68.899166071300968, -32.996803195961064, 0.0 ], [ -68.899159766767184, -32.996777801450733, 0.0 ] ] ] ] } },
{ "type": "Feature", "properties": { "LAYER": "PARCELARIO_BASE_CATASTRO", "MAP_NAME": "1010_2025.dwg", "ccpp1": "1010 1589", "LAYER_2": "PADRONES_2_VISTALBA" }, "geometry": { "type": "MultiPolygon", "coordinates": [ [ [ [ -68.898602773161741, -32.996793409196378, 0.0 ], [ -68.898494356403901, -32.996788433108151, 0.0 ], [ -68.898477222167841, -32.997004360872033, 0.0 ], [ -68.898921626591061, -32.997026396862715, 0.0 ], [ -68.898943125760852, -32.996809222846373, 0.0 ], [ -68.898602773161741, -32.996793409196378, 0.0 ] ] ] ] } },
{ "type": "Feature", "properties": { "LAYER": "PARCELARIO_BASE_CATASTRO", "MAP_NAME": "1010_2025.dwg", "ccpp1": "1010 1597", "LAYER_2": "PADRONES_2_VISTALBA" }, "geometry": { "type": "MultiPolygon", "coordinates": [ [ [ [ -68.896354090823124, -32.993457396939533, 0.0 ], [ -68.896381619148798, -32.993721068438838, 0.0 ], [ -68.896415675269239, -32.994050957302825, 0.0 ], [ -68.89641936563423, -32.994086679407779, 0.0 ], [ -68.896603544860469, -32.994079335522926, 0.0 ], [ -68.897319435429722, -32.994050808455604, 0.0 ], [ -68.897288488277354, -32.99388091691705, 0.0 ], [ -68.896529730275503, -32.993367596693581, 0.0 ], [ -68.896534055993925, -32.993408100019032, 0.0 ], [ -68.896538380769357, -32.99344941485289, 0.0 ], [ -68.896354090823124, -32.993457396939533, 0.0 ] ] ] ] } },
{ "type": "Feature", "properties": { "LAYER": "1010_AUXILIAR", "MAP_NAME": "1010_2025.dwg", "ccpp1": "1010 2151", "LAYER_2": "PADRONES_2_VISTALBA" }, "geometry": { "type": "MultiPolygon", "coordinates": [ [ [ [ -68.895245113446975, -32.995449639849326, 0.0 ], [ -68.895190017780436, -32.995414927242045, 0.0 ], [ -68.894539110675765, -32.995450537110607, 0.0 ], [ -68.894601227534849, -32.995704932316748, 0.0 ], [ -68.89425152145273, -32.995718011892556, 0.0 ], [ -68.894329350105366, -32.996038138926529, 0.0 ], [ -68.894386014721746, -32.996075418821647, 0.0 ], [ -68.895320313021614, -32.996029261174279, 0.0 ], [ -68.895369393752716, -32.995976692451386, 0.0 ], [ -68.895245113446975, -32.995449639849326, 0.0 ] ] ] ] } },
{ "type": "Feature", "properties": { "LAYER": "PARCELARIO_BASE_CATASTRO", "MAP_NAME": "1010_2025.dwg", "ccpp1": "1010 2151", "LAYER_2": "PADRONES_2_VISTALBA" }, "geometry": { "type": "MultiPolygon", "coordinates": [ [ [ [ -68.895245113446975, -32.995449639849326, 0.0 ], [ -68.895190017780436, -32.995414927242045, 0.0 ], [ -68.894539110675765, -32.995450537110607, 0.0 ], [ -68.894601227534849, -32.995704932316748, 0.0 ], [ -68.89425152145273, -32.995718011892556, 0.0 ], [ -68.894329350105366, -32.996038138926529, 0.0 ], [ -68.894386014721746, -32.996075418821647, 0.0 ], [ -68.895320313021614, -32.996029261174279, 0.0 ], [ -68.895369393752716, -32.995976692451386, 0.0 ], [ -68.895245113446975, -32.995449639849326, 0.0 ] ] ] ] } },
{ "type": "Feature", "properties": { "LAYER": "PARCELARIO_BASE_CATASTRO", "MAP_NAME": "1010_2025.dwg", "ccpp1": "1010 1641", "LAYER_2": "PADRONES_2_VISTALBA" }, "geometry": { "type": "MultiPolygon", "coordinates": [ [ [ [ -68.896304375946869, -33.000676840430806, 0.0 ], [ -68.896619825203047, -33.000696643176497, 0.0 ], [ -68.896642047872604, -33.000373006658656, 0.0 ], [ -68.896627667281891, -33.000360230621553, 0.0 ], [ -68.896625979341763, -33.000347777974987, 0.0 ], [ -68.896616067846466, -33.000241880501136, 0.0 ], [ -68.896608880630396, -33.000181944628267, 0.0 ], [ -68.89659879840778, -33.000177493718581, 0.0 ], [ -68.896598619512645, -33.000176744277326, 0.0 ], [ -68.896579049143583, -33.000168594945684, 0.0 ], [ -68.896578594395692, -33.000168572928736, 0.0 ], [ -68.896576964471166, -33.00016785294239, 0.0 ], [ -68.896451125942065, -33.000162362918829, 0.0 ], [ -68.896326616041165, -33.000156296798878, 0.0 ], [ -68.896304375946869, -33.000676840430806, 0.0 ] ] ] ] } },
{ "type": "Feature", "properties": { "LAYER": "PARCELARIO_BASE_CATASTRO", "MAP_NAME": "1010_2025.dwg", "ccpp1": "1010 1655", "LAYER_2": "PADRONES_2_VISTALBA" }, "geometry": { "type": "MultiPolygon", "coordinates": [ [ [ [ -68.902987943462492, -33.004077376191226, 0.0 ], [ -68.902979394193082, -33.004270158671098, 0.0 ], [ -68.903414932956608, -33.004286674822914, 0.0 ], [ -68.903422155123621, -33.004096057121359, 0.0 ], [ -68.902987943462492, -33.004077376191226, 0.0 ] ] ] ] } },
{ "type": "Feature", "properties": { "LAYER": "PARCELARIO_BASE_CATASTRO", "MAP_NAME": "1010_2025.dwg", "ccpp1": "1010 1658", "LAYER_2": "PADRONES_2_VISTALBA" }, "geometry": { "type": "MultiPolygon", "coordinates": [ [ [ [ -68.903404986033806, -33.004481312924774, 0.0 ], [ -68.903013843863462, -33.004465945580016, 0.0 ], [ -68.903004874499231, -33.004682770007079, 0.0 ], [ -68.903393784897801, -33.004700491998513, 0.0 ], [ -68.903404986033806, -33.004481312924774, 0.0 ] ] ] ] } },
{ "type": "Feature", "properties": { "LAYER": "PARCELARIO_BASE_CATASTRO", "MAP_NAME": "1010_2025.dwg", "ccpp1": "1010 1669", "LAYER_2": "PADRONES_2_VISTALBA" }, "geometry": { "type": "MultiPolygon", "coordinates": [ [ [ [ -68.894237727474945, -33.003117129688441, 0.0 ], [ -68.894139329558612, -33.003338295917679, 0.0 ], [ -68.89447386347247, -33.0033489547343, 0.0 ], [ -68.894487672131888, -33.003124981090387, 0.0 ], [ -68.894237727474945, -33.003117129688441, 0.0 ] ] ] ] } },
{ "type": "Feature", "properties": { "LAYER": "PARCELARIO_BASE_CATASTRO", "MAP_NAME": "1010_2025.dwg", "ccpp1": "1010 1670", "LAYER_2": "PADRONES_2_VISTALBA" }, "geometry": { "type": "MultiPolygon", "coordinates": [ [ [ [ -68.894139329558612, -33.003338295917679, 0.0 ], [ -68.894073294219041, -33.003486813548115, 0.0 ], [ -68.89409694924511, -33.003516790896974, 0.0 ], [ -68.894462667494082, -33.003527450046143, 0.0 ], [ -68.89447386347247, -33.0033489547343, 0.0 ], [ -68.894139329558612, -33.003338295917679, 0.0 ] ] ] ] } },
{ "type": "Feature", "properties": { "LAYER": "PARCELARIO_BASE_CATASTRO", "MAP_NAME": "1010_2025.dwg", "ccpp1": "1010 1668", "LAYER_2": "PADRONES_2_VISTALBA" }, "geometry": { "type": "MultiPolygon", "coordinates": [ [ [ [ -68.894487672131888, -33.003124981090387, 0.0 ], [ -68.89447386347247, -33.0033489547343, 0.0 ], [ -68.894462667494082, -33.003527450046143, 0.0 ], [ -68.894719353322969, -33.003533955071724, 0.0 ], [ -68.894745284823244, -33.0031330719914, 0.0 ], [ -68.894487672131888, -33.003124981090387, 0.0 ] ] ] ] } },
{ "type": "Feature", "properties": { "LAYER": "PARCELARIO_BASE_CATASTRO", "MAP_NAME": "1010_2025.dwg", "ccpp1": "1010 1244", "LAYER_2": "PADRONES_2_VISTALBA" }, "geometry": { "type": "MultiPolygon", "coordinates": [ [ [ [ -68.894745284823244, -33.0031330719914, 0.0 ], [ -68.894719364033563, -33.003533946965696, 0.0 ], [ -68.894975787655639, -33.003540512556903, 0.0 ], [ -68.895001811459991, -33.003141128987068, 0.0 ], [ -68.894745284823244, -33.0031330719914, 0.0 ] ] ] ] } },
{ "type": "Feature", "properties": { "LAYER": "PARCELARIO_BASE_CATASTRO", "MAP_NAME": "1010_2025.dwg", "ccpp1": "1010 1693", "LAYER_2": "PADRONES_2_VISTALBA" }, "geometry": { "type": "MultiPolygon", "coordinates": [ [ [ [ -68.906194219416193, -33.034499650130563, 0.0 ], [ -68.90612120832786, -33.034504374079845, 0.0 ], [ -68.907152417444223, -33.036011568126945, 0.0 ], [ -68.907262032425081, -33.036007334246598, 0.0 ], [ -68.90679249703058, -33.035320890016969, 0.0 ], [ -68.906639760770091, -33.035097702317479, 0.0 ], [ -68.907096993285634, -33.035067657261614, 0.0 ], [ -68.907040236770257, -33.034985923555844, 0.0 ], [ -68.906973644596448, -33.034892190260088, 0.0 ], [ -68.906831104700586, -33.034692553925929, 0.0 ], [ -68.906382815201454, -33.034722053799904, 0.0 ], [ -68.906229119300988, -33.034497241849671, 0.0 ], [ -68.906194219416193, -33.034499650130563, 0.0 ] ] ] ] } },
{ "type": "Feature", "properties": { "LAYER": "PARCELARIO_BASE_CATASTRO", "MAP_NAME": "1010_2025.dwg", "ccpp1": "1010 1650", "LAYER_2": "PADRONES_2_VISTALBA" }, "geometry": { "type": "MultiPolygon", "coordinates": [ [ [ [ -68.898071492138087, -33.004693654791588, 0.0 ], [ -68.897769949394231, -33.004679413306846, 0.0 ], [ -68.897755043605926, -33.005036739697665, 0.0 ], [ -68.898058368807753, -33.005047690656596, 0.0 ], [ -68.898064985413214, -33.004866180623175, 0.0 ], [ -68.898071492138087, -33.004693654791588, 0.0 ] ] ] ] } },
{ "type": "Feature", "properties": { "LAYER": "PARCELARIO_BASE_CATASTRO", "MAP_NAME": "1010_2025.dwg", "ccpp1": "1010 1649", "LAYER_2": "PADRONES_2_VISTALBA" }, "geometry": { "type": "MultiPolygon", "coordinates": [ [ [ [ -68.898058368807753, -33.005047690656596, 0.0 ], [ -68.897755043604889, -33.005036740599358, 0.0 ], [ -68.897741942236237, -33.005357614601039, 0.0 ], [ -68.897784606233259, -33.005397055473068, 0.0 ], [ -68.898047040308839, -33.005407002768386, 0.0 ], [ -68.898058368807753, -33.005047690656596, 0.0 ] ] ] ] } },
{ "type": "Feature", "properties": { "LAYER": "PARCELARIO_BASE_CATASTRO", "MAP_NAME": "1010_2025.dwg", "ccpp1": "1010 1643", "LAYER_2": "PADRONES_2_VISTALBA" }, "geometry": { "type": "MultiPolygon", "coordinates": [ [ [ [ -68.907593044243711, -33.007683752281814, 0.0 ], [ -68.907109661569578, -33.007579340169791, 0.0 ], [ -68.90705188798033, -33.007769821181228, 0.0 ], [ -68.907531846869006, -33.007874501481254, 0.0 ], [ -68.907593044243711, -33.007683752281814, 0.0 ] ] ] ] } },
{ "type": "Feature", "properties": { "LAYER": "PARCELARIO_BASE_CATASTRO", "MAP_NAME": "1010_2025.dwg", "ccpp1": "1010 1667", "LAYER_2": "PADRONES_2_VISTALBA" }, "geometry": { "type": "MultiPolygon", "coordinates": [ [ [ [ -68.907319236728611, -33.006107781124889, 0.0 ], [ -68.907316879055685, -33.006111025406774, 0.0 ], [ -68.907314414464238, -33.00611417944166, 0.0 ], [ -68.907311735941605, -33.006117243150079, 0.0 ], [ -68.907308950500408, -33.006120216611492, 0.0 ], [ -68.907306165153358, -33.006123099905345, 0.0 ], [ -68.907303165875078, -33.006125892872717, 0.0 ], [ -68.907300059678249, -33.006128595593047, 0.0 ], [ -68.907296953575553, -33.006131208145803, 0.0 ], [ -68.90729363344731, -33.00613382053956, 0.0 ], [ -68.907290099482154, -33.006136252439241, 0.0 ], [ -68.907286565611145, -33.006138594171347, 0.0 ], [ -68.90728292491589, -33.006140755488886, 0.0 ], [ -68.907279177207798, -33.006142916726844, 0.0 ], [ -68.90727553670088, -33.006144897709163, 0.0 ], [ -68.90727157525005, -33.006146788285399, 0.0 ], [ -68.90726761389341, -33.006148588694046, 0.0 ], [ -68.907263545712624, -33.006150208688076, 0.0 ], [ -68.907259477531667, -33.006151828681972, 0.0 ], [ -68.907255302620939, -33.006153178093719, 0.0 ], [ -68.907251234722779, -33.006154527584869, 0.0 ], [ -68.907246845975124, -33.00615569650234, 0.0 ], [ -68.907242564334439, -33.006156775331682, 0.0 ], [ -68.907238175869679, -33.006157673746358, 0.0 ], [ -68.907233787499223, -33.006158481993396, 0.0 ], [ -68.907229399317458, -33.006159109905312, 0.0 ], [ -68.907225011230011, -33.00615964764954, 0.0 ], [ -68.9072205162242, -33.006160095146619, 0.0 ], [ -68.907216021407152, -33.006160362308535, 0.0 ], [ -68.907211633791576, -33.006160449214846, 0.0 ], [ -68.907207139257693, -33.006160445873952, 0.0 ], [ -68.907202559155209, -33.006160402795572, 0.0 ], [ -68.907197964251253, -33.006160187485968, 0.0 ], [ -68.907193368370699, -33.006159882909571, 0.0 ], [ -68.907188880762774, -33.00615939717671, 0.0 ], [ -68.907184393251242, -33.00615881947283, 0.0 ], [ -68.90717990476314, -33.006158152502202, 0.0 ], [ -68.907175415394789, -33.006157304293943, 0.0 ], [ -68.907168844286502, -33.006155760247218, 0.0 ], [ -68.907108814588511, -33.006375083352914, 0.0 ], [ -68.907139806568409, -33.006385363872852, 0.0 ], [ -68.907439762958219, -33.006489008836382, 0.0 ], [ -68.907470152823933, -33.006388314201274, 0.0 ], [ -68.907519118981085, -33.006227130885783, 0.0 ], [ -68.907319236728611, -33.006107781124889, 0.0 ] ] ] ] } },
{ "type": "Feature", "properties": { "LAYER": "PARCELARIO_BASE_CATASTRO", "MAP_NAME": "1010_2025.dwg", "ccpp1": "1010 1638", "LAYER_2": "PADRONES_2_VISTALBA" }, "geometry": { "type": "MultiPolygon", "coordinates": [ [ [ [ -68.896119962675797, -32.994275307701635, 0.0 ], [ -68.896062990063328, -32.994278239428773, 0.0 ], [ -68.89607470528702, -32.994436195980064, 0.0 ], [ -68.896281651557615, -32.994424112467485, 0.0 ], [ -68.896507107365892, -32.994413942888031, 0.0 ], [ -68.896495158115144, -32.994255988886877, 0.0 ], [ -68.896119962675797, -32.994275307701635, 0.0 ] ] ] ] } },
{ "type": "Feature", "properties": { "LAYER": "PARCELARIO_BASE_CATASTRO", "MAP_NAME": "1010_2025.dwg", "ccpp1": "1010 1639", "LAYER_2": "PADRONES_2_VISTALBA" }, "geometry": { "type": "MultiPolygon", "coordinates": [ [ [ [ -68.89603075853276, -32.993848789696699, 0.0 ], [ -68.896047123017624, -32.994066719786339, 0.0 ], [ -68.896060969758864, -32.994251005291005, 0.0 ], [ -68.896062990063328, -32.994278239428773, 0.0 ], [ -68.896119962675797, -32.994275307701635, 0.0 ], [ -68.896104020034983, -32.994064266793927, 0.0 ], [ -68.89608754734185, -32.993846337523131, 0.0 ], [ -68.89603075853276, -32.993848789696699, 0.0 ] ] ] ] } },
{ "type": "Feature", "properties": { "LAYER": "PARCELARIO_BASE_CATASTRO", "MAP_NAME": "1010_2025.dwg", "ccpp1": "1010 1648", "LAYER_2": "PADRONES_2_VISTALBA" }, "geometry": { "type": "MultiPolygon", "coordinates": [ [ [ [ -68.895205229033579, -32.997372907443442, 0.0 ], [ -68.895235187875301, -32.997459517000138, 0.0 ], [ -68.895346564458137, -32.997431370795375, 0.0 ], [ -68.895330182935027, -32.997383802629585, 0.0 ], [ -68.895316651803597, -32.997344527769329, 0.0 ], [ -68.895205229033579, -32.997372907443442, 0.0 ] ] ] ] } },
{ "type": "Feature", "properties": { "LAYER": "PARCELARIO_BASE_CATASTRO", "MAP_NAME": "1010_2025.dwg", "ccpp1": "1010 1636", "LAYER_2": "PADRONES_2_VISTALBA" }, "geometry": { "type": "MultiPolygon", "coordinates": [ [ [ [ -68.898350239479939, -33.006148498600965, 0.0 ], [ -68.898241731429323, -33.006145975672759, 0.0 ], [ -68.898228651451305, -33.006539997210368, 0.0 ], [ -68.898397085690945, -33.006544011620612, 0.0 ], [ -68.898410271933486, -33.006149990151258, 0.0 ], [ -68.898350239479939, -33.006148498600965, 0.0 ] ] ] ] } },
{ "type": "Feature", "properties": { "LAYER": "PARCELARIO_BASE_CATASTRO", "MAP_NAME": "1010_2025.dwg", "ccpp1": "1010 1647", "LAYER_2": "PADRONES_2_VISTALBA" }, "geometry": { "type": "MultiPolygon", "coordinates": [ [ [ [ -68.905565709633066, -33.019070557628098, 0.0 ], [ -68.905801236124034, -33.019091720757025, 0.0 ], [ -68.905801924459922, -33.019086553784255, 0.0 ], [ -68.905803239640136, -33.019076676039198, 0.0 ], [ -68.905806905736995, -33.019049148001173, 0.0 ], [ -68.905869969223446, -33.018575542727525, 0.0 ], [ -68.905643787933201, -33.018554944516879, 0.0 ], [ -68.905616882694005, -33.018552494162428, 0.0 ], [ -68.90556944007983, -33.019032796137687, 0.0 ], [ -68.905565709633066, -33.019070557628098, 0.0 ] ] ] ] } },
{ "type": "Feature", "properties": { "LAYER": "PARCELARIO_BASE_CATASTRO", "MAP_NAME": "1010_2025.dwg", "ccpp1": "1010 1674", "LAYER_2": "PADRONES_2_VISTALBA" }, "geometry": { "type": "MultiPolygon", "coordinates": [ [ [ [ -68.905331587051847, -33.019049520196397, 0.0 ], [ -68.905565709633066, -33.019070557628098, 0.0 ], [ -68.90556944007983, -33.019032796137687, 0.0 ], [ -68.905616882694005, -33.018552494162428, 0.0 ], [ -68.905409630746632, -33.018533620316092, 0.0 ], [ -68.9053827854502, -33.018531175366661, 0.0 ], [ -68.905332953587674, -33.019035689889883, 0.0 ], [ -68.905331587051847, -33.019049520196397, 0.0 ] ] ] ] } },
{ "type": "Feature", "properties": { "LAYER": "PARCELARIO_BASE_CATASTRO", "MAP_NAME": "1010_2025.dwg", "ccpp1": "1010 1675", "LAYER_2": "PADRONES_2_VISTALBA" }, "geometry": { "type": "MultiPolygon", "coordinates": [ [ [ [ -68.90509747978119, -33.019028483691322, 0.0 ], [ -68.905331587051847, -33.019049520196397, 0.0 ], [ -68.905332953587674, -33.019035689889883, 0.0 ], [ -68.9053827854502, -33.018531175366661, 0.0 ], [ -68.905175274622778, -33.018512276589767, 0.0 ], [ -68.905148688321162, -33.018509855230278, 0.0 ], [ -68.905098684304136, -33.019015983525478, 0.0 ], [ -68.90509747978119, -33.019028483691322, 0.0 ] ] ] ] } },
{ "type": "Feature", "properties": { "LAYER": "PARCELARIO_BASE_CATASTRO", "MAP_NAME": "1010_2025.dwg", "ccpp1": "1010 1676", "LAYER_2": "PADRONES_2_VISTALBA" }, "geometry": { "type": "MultiPolygon", "coordinates": [ [ [ [ -68.904853130234045, -33.019006526352683, 0.0 ], [ -68.90509747978119, -33.019028483691322, 0.0 ], [ -68.905098684304136, -33.019015983525478, 0.0 ], [ -68.905148688321162, -33.018509855230278, 0.0 ], [ -68.904941118734271, -33.01849095151109, 0.0 ], [ -68.904914591304959, -33.018488535556585, 0.0 ], [ -68.904855834310766, -33.018983654862822, 0.0 ], [ -68.904853755202097, -33.019001170995665, 0.0 ], [ -68.904853130234045, -33.019006526352683, 0.0 ] ] ] ] } },
{ "type": "Feature", "properties": { "LAYER": "PARCELARIO_BASE_CATASTRO", "MAP_NAME": "1010_2025.dwg", "ccpp1": "1010 1677", "LAYER_2": "PADRONES_2_VISTALBA" }, "geometry": { "type": "MultiPolygon", "coordinates": [ [ [ [ -68.904618968021154, -33.018985483992502, 0.0 ], [ -68.904853130234045, -33.019006526352683, 0.0 ], [ -68.904853755202097, -33.019001170995665, 0.0 ], [ -68.904855834310766, -33.018983654862822, 0.0 ], [ -68.904914591304959, -33.018488535556585, 0.0 ], [ -68.904706762838416, -33.018469606905263, 0.0 ], [ -68.904680388456882, -33.018467204542986, 0.0 ], [ -68.904621101239528, -33.018967488121376, 0.0 ], [ -68.904618968021154, -33.018985483992502, 0.0 ] ] ] ] } },
{ "type": "Feature", "properties": { "LAYER": "PARCELARIO_BASE_CATASTRO", "MAP_NAME": "1010_2025.dwg", "ccpp1": "1010 1678", "LAYER_2": "PADRONES_2_VISTALBA" }, "geometry": { "type": "MultiPolygon", "coordinates": [ [ [ [ -68.904421221563737, -33.018967713686763, 0.0 ], [ -68.904618968021154, -33.018985483992502, 0.0 ], [ -68.904621101239528, -33.018967488121376, 0.0 ], [ -68.904680388456882, -33.018467204542986, 0.0 ], [ -68.904472413477293, -33.018448262766121, 0.0 ], [ -68.904423777906118, -33.018941336504902, 0.0 ], [ -68.904422547532405, -33.018953813825881, 0.0 ], [ -68.904421221563737, -33.018967713686763, 0.0 ] ] ] ] } },
{ "type": "Feature", "properties": { "LAYER": "PARCELARIO_BASE_CATASTRO", "MAP_NAME": "1010_2025.dwg", "ccpp1": "1010 1679", "LAYER_2": "PADRONES_2_VISTALBA" }, "geometry": { "type": "MultiPolygon", "coordinates": [ [ [ [ -68.904186882283852, -33.018946654585399, 0.0 ], [ -68.904421221563737, -33.018967713686763, 0.0 ], [ -68.904422547532405, -33.018953813825881, 0.0 ], [ -68.904423777906118, -33.018941336504902, 0.0 ], [ -68.904472413477293, -33.018448262766121, 0.0 ], [ -68.904238250439576, -33.018426935461754, 0.0 ], [ -68.904189845142866, -33.018916684815231, 0.0 ], [ -68.904187772882395, -33.018937644434367, 0.0 ], [ -68.904186882283852, -33.018946654585399, 0.0 ] ] ] ] } },
{ "type": "Feature", "properties": { "LAYER": "PARCELARIO_BASE_CATASTRO", "MAP_NAME": "1010_2025.dwg", "ccpp1": "1010 1680", "LAYER_2": "PADRONES_2_VISTALBA" }, "geometry": { "type": "MultiPolygon", "coordinates": [ [ [ [ -68.903952600207276, -33.01892560017486, 0.0 ], [ -68.904186882283852, -33.018946654585399, 0.0 ], [ -68.904187772882395, -33.018937644434367, 0.0 ], [ -68.904189845142866, -33.018916684815231, 0.0 ], [ -68.904238250439576, -33.018426935461754, 0.0 ], [ -68.904003902376743, -33.018405590443983, 0.0 ], [ -68.903955911439681, -33.01889203358806, 0.0 ], [ -68.903953006880485, -33.018921475509579, 0.0 ], [ -68.903952600207276, -33.01892560017486, 0.0 ] ] ] ] } },
{ "type": "Feature", "properties": { "LAYER": "PARCELARIO_BASE_CATASTRO", "MAP_NAME": "1010_2025.dwg", "ccpp1": "1010 1681", "LAYER_2": "PADRONES_2_VISTALBA" }, "geometry": { "type": "MultiPolygon", "coordinates": [ [ [ [ -68.903718325335035, -33.018904545962023, 0.0 ], [ -68.903952600207276, -33.01892560017486, 0.0 ], [ -68.903953006880485, -33.018921475509579, 0.0 ], [ -68.903955911439681, -33.01889203358806, 0.0 ], [ -68.904003902376743, -33.018405590443983, 0.0 ], [ -68.903769738496607, -33.018384262260057, 0.0 ], [ -68.903721977868784, -33.018867381020897, 0.0 ], [ -68.903718325335035, -33.018904545962023, 0.0 ] ] ] ] } },
{ "type": "Feature", "properties": { "LAYER": "PARCELARIO_BASE_CATASTRO", "MAP_NAME": "1010_2025.dwg", "ccpp1": "1010 1682", "LAYER_2": "PADRONES_2_VISTALBA" }, "geometry": { "type": "MultiPolygon", "coordinates": [ [ [ [ -68.90348390872353, -33.01888347856098, 0.0 ], [ -68.903718325335035, -33.018904545962023, 0.0 ], [ -68.903721977868784, -33.018867381020897, 0.0 ], [ -68.903769738496607, -33.018384262260057, 0.0 ], [ -68.903535384241124, -33.018362915456208, 0.0 ], [ -68.903487939553557, -33.01884271711419, 0.0 ], [ -68.90348390872353, -33.01888347856098, 0.0 ] ] ] ] } },
{ "type": "Feature", "properties": { "LAYER": "PARCELARIO_BASE_CATASTRO", "MAP_NAME": "1010_2025.dwg", "ccpp1": "1010 1683", "LAYER_2": "PADRONES_2_VISTALBA" }, "geometry": { "type": "MultiPolygon", "coordinates": [ [ [ [ -68.903249804501002, -33.018862438785469, 0.0 ], [ -68.90348390872353, -33.01888347856098, 0.0 ], [ -68.903487939553557, -33.01884271711419, 0.0 ], [ -68.903535384241124, -33.018362915456208, 0.0 ], [ -68.903301142466731, -33.018341579119607, 0.0 ], [ -68.903254112191277, -33.018818074572373, 0.0 ], [ -68.903249804501002, -33.018862438785469, 0.0 ] ] ] ] } },
{ "type": "Feature", "properties": { "LAYER": "PARCELARIO_BASE_CATASTRO", "MAP_NAME": "1010_2025.dwg", "ccpp1": "1010 1684", "LAYER_2": "PADRONES_2_VISTALBA" }, "geometry": { "type": "MultiPolygon", "coordinates": [ [ [ [ -68.903015329401043, -33.018841365227722, 0.0 ], [ -68.903249804501002, -33.018862438785469, 0.0 ], [ -68.903254112191277, -33.018818074572373, 0.0 ], [ -68.903301142466731, -33.018341579119607, 0.0 ], [ -68.903066871911847, -33.018320239616045, 0.0 ], [ -68.903020073068532, -33.01879340978779, 0.0 ], [ -68.903015329401043, -33.018841365227722, 0.0 ] ] ] ] } },
{ "type": "Feature", "properties": { "LAYER": "PARCELARIO_BASE_CATASTRO", "MAP_NAME": "1010_2025.dwg", "ccpp1": "1010 1685", "LAYER_2": "PADRONES_2_VISTALBA" }, "geometry": { "type": "MultiPolygon", "coordinates": [ [ [ [ -68.902931648209091, -33.018833844232937, 0.0 ], [ -68.903015329401043, -33.018841365227722, 0.0 ], [ -68.903015648793641, -33.018838135680383, 0.0 ], [ -68.903020073068532, -33.01879340978779, 0.0 ], [ -68.903066871911847, -33.018320239616045, 0.0 ], [ -68.902832525488463, -33.018298893301996, 0.0 ], [ -68.90281387567849, -33.018297194454462, 0.0 ], [ -68.902764721663388, -33.018795001834178, 0.0 ], [ -68.902934310639083, -33.018806887159734, 0.0 ], [ -68.902931648209091, -33.018833844232937, 0.0 ] ] ] ] } },
{ "type": "Feature", "properties": { "LAYER": "PARCELARIO_BASE_CATASTRO", "MAP_NAME": "1010_2025.dwg", "ccpp1": "1010 1686", "LAYER_2": "PADRONES_2_VISTALBA" }, "geometry": { "type": "MultiPolygon", "coordinates": [ [ [ [ -68.902534940313487, -33.018270347808134, 0.0 ], [ -68.902475517398031, -33.018884948971774, 0.0 ], [ -68.902582423958009, -33.018890411848083, 0.0 ], [ -68.902583040406, -33.018890442986169, 0.0 ], [ -68.902602998966927, -33.018891463027522, 0.0 ], [ -68.902608840001236, -33.018847195404284, 0.0 ], [ -68.902667748799786, -33.018805806744275, 0.0 ], [ -68.902690050632671, -33.018789858197167, 0.0 ], [ -68.902764721663388, -33.018795001834178, 0.0 ], [ -68.90281387567849, -33.018297194454462, 0.0 ], [ -68.902534940313487, -33.018270347808134, 0.0 ] ] ] ] } },
{ "type": "Feature", "properties": { "LAYER": "PARCELARIO_BASE_CATASTRO", "MAP_NAME": "1010_2025.dwg", "ccpp1": "1010 1242", "LAYER_2": "PADRONES_2_VISTALBA" }, "geometry": { "type": "MultiPolygon", "coordinates": [ [ [ [ -68.89498640399178, -33.002230944428689, 0.0 ], [ -68.894973380199147, -33.002508968890155, 0.0 ], [ -68.895035175847241, -33.002598044239036, 0.0 ], [ -68.895156608401678, -33.002614891305939, 0.0 ], [ -68.89520600800769, -33.002576705326682, 0.0 ], [ -68.895230034264486, -33.002235698986986, 0.0 ], [ -68.895036877795604, -33.00223163337813, 0.0 ], [ -68.89498640399178, -33.002230944428689, 0.0 ] ] ] ] } },
{ "type": "Feature", "properties": { "LAYER": "PARCELARIO_BASE_CATASTRO", "MAP_NAME": "1010_2025.dwg", "ccpp1": "1010 1810", "LAYER_2": "PADRONES_2_VISTALBA" }, "geometry": { "type": "MultiPolygon", "coordinates": [ [ [ [ -68.894975685957093, -33.002447786700792, 0.0 ], [ -68.894531223550459, -33.002446190223317, 0.0 ], [ -68.894434237350325, -33.002669269456312, 0.0 ], [ -68.895129680155918, -33.002695012357023, 0.0 ], [ -68.895133504465292, -33.002632753939238, 0.0 ], [ -68.895156608401678, -33.002614891305939, 0.0 ], [ -68.895035175847241, -33.002598044239036, 0.0 ], [ -68.894973380199147, -33.002508968890155, 0.0 ], [ -68.894975685957093, -33.002447786700792, 0.0 ] ] ] ] } },
{ "type": "Feature", "properties": { "LAYER": "PARCELARIO_BASE_CATASTRO", "MAP_NAME": "1010_2025.dwg", "ccpp1": "1010 1702", "LAYER_2": "PADRONES_2_VISTALBA" }, "geometry": { "type": "MultiPolygon", "coordinates": [ [ [ [ -68.906775281312989, -33.034029102874833, 0.0 ], [ -68.90690958148042, -33.034225897388744, 0.0 ], [ -68.906944104274828, -33.034276597082041, 0.0 ], [ -68.907316445588648, -33.034245405869548, 0.0 ], [ -68.907146189324848, -33.033999989450336, 0.0 ], [ -68.906775281312989, -33.034029102874833, 0.0 ] ] ] ] } },
{ "type": "Feature", "properties": { "LAYER": "PARCELARIO_BASE_CATASTRO", "MAP_NAME": "1010_2025.dwg", "ccpp1": "1010 1613", "LAYER_2": "PADRONES_2_VISTALBA" }, "geometry": { "type": "MultiPolygon", "coordinates": [ [ [ [ -68.906769059771165, -33.002754636627841, 0.0 ], [ -68.906513614796765, -33.002561108199558, 0.0 ], [ -68.906414038204559, -33.002816396387921, 0.0 ], [ -68.906674693722991, -33.003027430440795, 0.0 ], [ -68.9067179182166, -33.002902038699716, 0.0 ], [ -68.906769059771165, -33.002754636627841, 0.0 ] ] ] ] } },
{ "type": "Feature", "properties": { "LAYER": "PARCELARIO_BASE_CATASTRO", "MAP_NAME": "1010_2025.dwg", "ccpp1": "1010 1618", "LAYER_2": "PADRONES_2_VISTALBA" }, "geometry": { "type": "MultiPolygon", "coordinates": [ [ [ [ -68.906134862626359, -33.033710386779525, 0.0 ], [ -68.906232055858453, -33.033847138848373, 0.0 ], [ -68.906399381092058, -33.034082882989864, 0.0 ], [ -68.90679202499075, -33.034053637028414, 0.0 ], [ -68.90653786303379, -33.033681228065937, 0.0 ], [ -68.906134862626359, -33.033710386779525, 0.0 ] ] ] ] } },
{ "type": "Feature", "properties": { "LAYER": "PARCELARIO_BASE_CATASTRO", "MAP_NAME": "1010_2025.dwg", "ccpp1": "1010 1633", "LAYER_2": "PADRONES_2_VISTALBA" }, "geometry": { "type": "MultiPolygon", "coordinates": [ [ [ [ -68.906399381092058, -33.034082882989864, 0.0 ], [ -68.90656555107374, -33.034316995783747, 0.0 ], [ -68.906952323278546, -33.034289064370142, 0.0 ], [ -68.90679202499075, -33.034053637028414, 0.0 ], [ -68.906399381092058, -33.034082882989864, 0.0 ] ] ] ] } },
{ "type": "Feature", "properties": { "LAYER": "PARCELARIO_BASE_CATASTRO", "MAP_NAME": "1010_2025.dwg", "ccpp1": "1010 1635", "LAYER_2": "PADRONES_2_VISTALBA" }, "geometry": { "type": "MultiPolygon", "coordinates": [ [ [ [ -68.906764997753271, -33.03459996870501, 0.0 ], [ -68.906831104700586, -33.034692553925929, 0.0 ], [ -68.906973644596448, -33.034892190260088, 0.0 ], [ -68.907325762196166, -33.034855573917326, 0.0 ], [ -68.90713937444184, -33.034572805508184, 0.0 ], [ -68.906764997753271, -33.03459996870501, 0.0 ] ] ] ] } },
{ "type": "Feature", "properties": { "LAYER": "PARCELARIO_BASE_CATASTRO", "MAP_NAME": "1010_2025.dwg", "ccpp1": "1010 149", "LAYER_2": "PADRONES_2_VISTALBA" }, "geometry": { "type": "MultiPolygon", "coordinates": [ [ [ [ -68.890182797076761, -33.015087039653579, 0.0 ], [ -68.890169567121163, -33.015144642285918, 0.0 ], [ -68.890149990352555, -33.015230100159712, 0.0 ], [ -68.890543460829491, -33.015253578284515, 0.0 ], [ -68.89054290826877, -33.015251237053889, 0.0 ], [ -68.890542396162047, -33.015249069881811, 0.0 ], [ -68.89054196967092, -33.015246905489889, 0.0 ], [ -68.890541544250055, -33.015244741098876, 0.0 ], [ -68.890541225852829, -33.015242576801711, 0.0 ], [ -68.890540906385397, -33.015240412503616, 0.0 ], [ -68.890540635194455, -33.015238154473764, 0.0 ], [ -68.890540376724928, -33.01523599473753, 0.0 ], [ -68.890540221007001, -33.015233827877999, 0.0 ], [ -68.890540060042611, -33.015231576256504, 0.0 ], [ -68.890540010275856, -33.015229411293262, 0.0 ], [ -68.890539957406418, -33.015227158864896, 0.0 ], [ -68.890539960080105, -33.015224994849305, 0.0 ], [ -68.890539962865205, -33.015222740666403, 0.0 ], [ -68.890540072562501, -33.015220576744674, 0.0 ], [ -68.89054018118955, -33.015218412821973, 0.0 ], [ -68.890540402302761, -33.015216158830533, 0.0 ], [ -68.890540614742676, -33.015213994998902, 0.0 ], [ -68.890540878547213, -33.015211836622363, 0.0 ], [ -68.890541154247984, -33.01520957817042, 0.0 ], [ -68.890541532582233, -33.01520740817255, 0.0 ], [ -68.890541908760369, -33.015205250796207, 0.0 ], [ -68.890542395190607, -33.015203079089773, 0.0 ], [ -68.890542876249583, -33.015200923608795, 0.0 ], [ -68.890543465400114, -33.015198770025904, 0.0 ], [ -68.890544058856079, -33.015196596609961, 0.0 ], [ -68.890544690719068, -33.015194521510196, 0.0 ], [ -68.890545348373507, -33.015192360773995, 0.0 ], [ -68.89054611519083, -33.015190201035203, 0.0 ], [ -68.89054685193905, -33.015188124224032, 0.0 ], [ -68.89054765073972, -33.015186064599092, 0.0 ], [ -68.890548461346356, -33.015183977934292, 0.0 ], [ -68.890549380047872, -33.015181890462578, 0.0 ], [ -68.890550285870859, -33.015179831833144, 0.0 ], [ -68.890551315831104, -33.015177781427624, 0.0 ], [ -68.890552324330898, -33.015175776086977, 0.0 ], [ -68.890553417453873, -33.015173710408376, 0.0 ], [ -68.890554469814276, -33.015171720434623, 0.0 ], [ -68.890555649523733, -33.015169737785932, 0.0 ], [ -68.890556829233134, -33.015167755137249, 0.0 ], [ -68.890558049476667, -33.015165881626636, 0.0 ], [ -68.890559295452562, -33.015163970268297, 0.0 ], [ -68.890560645291359, -33.015162018425634, 0.0 ], [ -68.890561975830195, -33.015160095419617, 0.0 ], [ -68.890563264544056, -33.015158241805842, 0.0 ], [ -68.890564599361497, -33.015156320606906, 0.0 ], [ -68.890565900940359, -33.015154448970875, 0.0 ], [ -68.890568356987927, -33.015150233994241, 0.0 ], [ -68.890496916099039, -33.015138496460999, 0.0 ], [ -68.890182797076761, -33.015087039653579, 0.0 ] ] ] ] } },
{ "type": "Feature", "properties": { "LAYER": "PARCELARIO_BASE_CATASTRO", "MAP_NAME": "1010_2025.dwg", "ccpp1": "1010 1727", "LAYER_2": "PADRONES_2_VISTALBA" }, "geometry": { "type": "MultiPolygon", "coordinates": [ [ [ [ -68.900399256963908, -33.003058265299735, 0.0 ], [ -68.900392138329337, -33.00324156571962, 0.0 ], [ -68.900797402257439, -33.003252736214606, 0.0 ], [ -68.900798556418508, -33.00322300477842, 0.0 ], [ -68.900804517888133, -33.003069435710664, 0.0 ], [ -68.900399256963908, -33.003058265299735, 0.0 ] ] ] ] } },
{ "type": "Feature", "properties": { "LAYER": "PARCELARIO_BASE_CATASTRO", "MAP_NAME": "1010_2025.dwg", "ccpp1": "1010 1671", "LAYER_2": "PADRONES_2_VISTALBA" }, "geometry": { "type": "MultiPolygon", "coordinates": [ [ [ [ -68.89968313107488, -33.003578396117369, 0.0 ], [ -68.899362806027383, -33.003569561412817, 0.0 ], [ -68.899353154085816, -33.003766720584125, 0.0 ], [ -68.89914079932295, -33.003758548527081, 0.0 ], [ -68.899139558857556, -33.003790474124976, 0.0 ], [ -68.899168838906277, -33.003816817697363, 0.0 ], [ -68.899673332300466, -33.003830722247443, 0.0 ], [ -68.89968121018471, -33.00362795060699, 0.0 ], [ -68.89968313107488, -33.003578396117369, 0.0 ] ] ] ] } },
{ "type": "Feature", "properties": { "LAYER": "PARCELARIO_BASE_CATASTRO", "MAP_NAME": "1010_2025.dwg", "ccpp1": "1010 1916", "LAYER_2": "PADRONES_2_VISTALBA" }, "geometry": { "type": "MultiPolygon", "coordinates": [ [ [ [ -68.898772552498968, -33.000728158063438, 0.0 ], [ -68.897966506435679, -33.000680985307085, 0.0 ], [ -68.897959413614473, -33.000831039188327, 0.0 ], [ -68.898657955217374, -33.000867649094005, 0.0 ], [ -68.898772552498968, -33.000728158063438, 0.0 ] ] ] ] } },
{ "type": "Feature", "properties": { "LAYER": "PARCELARIO_BASE_CATASTRO", "MAP_NAME": "1010_2025.dwg", "ccpp1": "1010 1039", "LAYER_2": "PADRONES_2_VISTALBA" }, "geometry": { "type": "MultiPolygon", "coordinates": [ [ [ [ -68.897298034955966, -33.001882399612803, 0.0 ], [ -68.897291319889092, -33.002087264003606, 0.0 ], [ -68.8976320900845, -33.002081213824809, 0.0 ], [ -68.897635231056498, -33.00193382015339, 0.0 ], [ -68.897635899897651, -33.001902433957113, 0.0 ], [ -68.897298034955966, -33.001882399612803, 0.0 ] ] ] ] } },
{ "type": "Feature", "properties": { "LAYER": "PARCELARIO_BASE_CATASTRO", "MAP_NAME": "1010_2025.dwg", "ccpp1": "1010 1770", "LAYER_2": "PADRONES_2_VISTALBA" }, "geometry": { "type": "MultiPolygon", "coordinates": [ [ [ [ -68.8976320900845, -33.002081213824809, 0.0 ], [ -68.896993689924656, -33.002092554935281, 0.0 ], [ -68.896984886029685, -33.002283455945339, 0.0 ], [ -68.896985303516118, -33.002290688633749, 0.0 ], [ -68.897628478055836, -33.002250711713522, 0.0 ], [ -68.8976320900845, -33.002081213824809, 0.0 ] ] ] ] } },
{ "type": "Feature", "properties": { "LAYER": "PARCELARIO_BASE_CATASTRO", "MAP_NAME": "1010_2025.dwg", "ccpp1": "1010 1771", "LAYER_2": "PADRONES_2_VISTALBA" }, "geometry": { "type": "MultiPolygon", "coordinates": [ [ [ [ -68.896977147095996, -33.002476888832454, 0.0 ], [ -68.897112786920104, -33.002483970650594, 0.0 ], [ -68.897121679985631, -33.002484313403045, 0.0 ], [ -68.897624700308896, -33.002427985347957, 0.0 ], [ -68.897628478055836, -33.002250711713522, 0.0 ], [ -68.896985303516118, -33.002290688633749, 0.0 ], [ -68.896977147095996, -33.002476888832454, 0.0 ] ] ] ] } },
{ "type": "Feature", "properties": { "LAYER": "PARCELARIO_BASE_CATASTRO", "MAP_NAME": "1010_2025.dwg", "ccpp1": "1010 1765", "LAYER_2": "PADRONES_2_VISTALBA" }, "geometry": { "type": "MultiPolygon", "coordinates": [ [ [ [ -68.908611769221793, -33.033461070207998, 0.0 ], [ -68.908208721738276, -33.033482529901491, 0.0 ], [ -68.908414156558109, -33.033779511172533, 0.0 ], [ -68.908636286728267, -33.033766282387148, 0.0 ], [ -68.908627620295405, -33.033658392829309, 0.0 ], [ -68.908611769221793, -33.033461070207998, 0.0 ] ] ] ] } },
{ "type": "Feature", "properties": { "LAYER": "PARCELARIO_BASE_CATASTRO", "MAP_NAME": "1010_2025.dwg", "ccpp1": "1010 1387", "LAYER_2": "PADRONES_2_VISTALBA" }, "geometry": { "type": "MultiPolygon", "coordinates": [ [ [ [ -68.894511616929563, -32.993175294258712, 0.0 ], [ -68.894242405911001, -32.99318686136143, 0.0 ], [ -68.8942643956062, -32.993549651832005, 0.0 ], [ -68.89448097603092, -32.993540447694116, 0.0 ], [ -68.894533595856331, -32.993538166727369, 0.0 ], [ -68.894511616929563, -32.993175294258712, 0.0 ] ] ] ] } },
{ "type": "Feature", "properties": { "LAYER": "PARCELARIO_BASE_CATASTRO", "MAP_NAME": "1010_2025.dwg", "ccpp1": "1010 1645", "LAYER_2": "PADRONES_2_VISTALBA" }, "geometry": { "type": "MultiPolygon", "coordinates": [ [ [ [ -68.90603586580454, -33.019109010490155, 0.0 ], [ -68.906192025228052, -33.019120517001966, 0.0 ], [ -68.906267759827287, -33.019080881322211, 0.0 ], [ -68.906274614667041, -33.019077146327341, 0.0 ], [ -68.906335755332393, -33.01861795984351, 0.0 ], [ -68.906104061352622, -33.018596860605747, 0.0 ], [ -68.906041684196623, -33.019065314350136, 0.0 ], [ -68.90603586580454, -33.019109010490155, 0.0 ] ] ] ] } },
{ "type": "Feature", "properties": { "LAYER": "PARCELARIO_BASE_CATASTRO", "MAP_NAME": "1010_2025.dwg", "ccpp1": "1010 1646", "LAYER_2": "PADRONES_2_VISTALBA" }, "geometry": { "type": "MultiPolygon", "coordinates": [ [ [ [ -68.905801236124034, -33.019091720757025, 0.0 ], [ -68.90603586580454, -33.019109010490155, 0.0 ], [ -68.906041684196623, -33.019065314350136, 0.0 ], [ -68.906104061352622, -33.018596860605747, 0.0 ], [ -68.905869969223446, -33.018575542727525, 0.0 ], [ -68.905806905736995, -33.019049148001173, 0.0 ], [ -68.905801924459922, -33.019086553784255, 0.0 ], [ -68.905801236124034, -33.019091720757025, 0.0 ] ] ] ] } },
{ "type": "Feature", "properties": { "LAYER": "PARCELARIO_BASE_CATASTRO", "MAP_NAME": "1010_2025.dwg", "ccpp1": "1010 1644", "LAYER_2": "PADRONES_2_VISTALBA" }, "geometry": { "type": "MultiPolygon", "coordinates": [ [ [ [ -68.906274614667041, -33.019077146327341, 0.0 ], [ -68.906572809816907, -33.018914662870543, 0.0 ], [ -68.906609002214225, -33.018642842517636, 0.0 ], [ -68.906335755332393, -33.01861795984351, 0.0 ], [ -68.906274614667041, -33.019077146327341, 0.0 ] ] ] ] } },
{ "type": "Feature", "properties": { "LAYER": "PARCELARIO_BASE_CATASTRO", "MAP_NAME": "1010_2025.dwg", "ccpp1": "1010 1398", "LAYER_2": "PADRONES_2_VISTALBA" }, "geometry": { "type": "MultiPolygon", "coordinates": [ [ [ [ -68.907119336778848, -33.018862314754671, 0.0 ], [ -68.907141756438037, -33.018691355146586, 0.0 ], [ -68.906609002214225, -33.018642842517636, 0.0 ], [ -68.906572809816907, -33.018914662870543, 0.0 ], [ -68.90673675548139, -33.018825330430005, 0.0 ], [ -68.907119336778848, -33.018862314754671, 0.0 ] ] ] ] } },
{ "type": "Feature", "properties": { "LAYER": "PARCELARIO_BASE_CATASTRO", "MAP_NAME": "1010_2025.dwg", "ccpp1": "1010 1712", "LAYER_2": "PADRONES_2_VISTALBA" }, "geometry": { "type": "MultiPolygon", "coordinates": [ [ [ [ -68.907874416584136, -33.004557425173338, 0.0 ], [ -68.907787015155506, -33.004836453666002, 0.0 ], [ -68.907966070565081, -33.004942603043276, 0.0 ], [ -68.908021051941972, -33.004930202242939, 0.0 ], [ -68.908074635782853, -33.004963152879952, 0.0 ], [ -68.908142773027407, -33.005003509748633, 0.0 ], [ -68.908207010373758, -33.004820102936925, 0.0 ], [ -68.908170839187321, -33.004791510341946, 0.0 ], [ -68.908026210094278, -33.004677358102761, 0.0 ], [ -68.907874416584136, -33.004557425173338, 0.0 ] ] ] ] } },
{ "type": "Feature", "properties": { "LAYER": "PARCELARIO_BASE_CATASTRO", "MAP_NAME": "1010_2025.dwg", "ccpp1": "1010 1710", "LAYER_2": "PADRONES_2_VISTALBA" }, "geometry": { "type": "MultiPolygon", "coordinates": [ [ [ [ -68.907470627544797, -33.004255697182664, 0.0 ], [ -68.907367576823916, -33.004178536483444, 0.0 ], [ -68.907252724339642, -33.004539863646357, 0.0 ], [ -68.907504227472259, -33.004677418764075, 0.0 ], [ -68.907607428857531, -33.004357165813722, 0.0 ], [ -68.907470627544797, -33.004255697182664, 0.0 ] ] ] ] } },
{ "type": "Feature", "properties": { "LAYER": "PARCELARIO_BASE_CATASTRO", "MAP_NAME": "1010_2025.dwg", "ccpp1": "1010 1709", "LAYER_2": "PADRONES_2_VISTALBA" }, "geometry": { "type": "MultiPolygon", "coordinates": [ [ [ [ -68.907367576825806, -33.004178534680101, 0.0 ], [ -68.907153192953672, -33.004014358759648, 0.0 ], [ -68.907027643904527, -33.004415654470726, 0.0 ], [ -68.907252725409748, -33.004539863647146, 0.0 ], [ -68.907367576825806, -33.004178534680101, 0.0 ] ] ] ] } },
{ "type": "Feature", "properties": { "LAYER": "PARCELARIO_BASE_CATASTRO", "MAP_NAME": "1010_2025.dwg", "ccpp1": "1010 1713", "LAYER_2": "PADRONES_2_VISTALBA" }, "geometry": { "type": "MultiPolygon", "coordinates": [ [ [ [ -68.908110887800092, -33.005094445534858, 0.0 ], [ -68.908408700188104, -33.005296987820323, 0.0 ], [ -68.908496351965994, -33.00504869451855, 0.0 ], [ -68.908487578850711, -33.005041746085439, 0.0 ], [ -68.90843077847498, -33.004996986723299, 0.0 ], [ -68.908207010373758, -33.004820102936925, 0.0 ], [ -68.908142773027407, -33.005003509748633, 0.0 ], [ -68.908110887800092, -33.005094445534858, 0.0 ] ] ] ] } },
{ "type": "Feature", "properties": { "LAYER": "PARCELARIO_BASE_CATASTRO", "MAP_NAME": "1010_2025.dwg", "ccpp1": "1010 1720", "LAYER_2": "PADRONES_2_VISTALBA" }, "geometry": { "type": "MultiPolygon", "coordinates": [ [ [ [ -68.908408700188104, -33.005296987820323, 0.0 ], [ -68.908110887800092, -33.005094445534858, 0.0 ], [ -68.908078770677662, -33.005186041167462, 0.0 ], [ -68.90800892612566, -33.005385223997536, 0.0 ], [ -68.908119586292472, -33.005438636910966, 0.0 ], [ -68.9083238578162, -33.005537234755693, 0.0 ], [ -68.908408700188104, -33.005296987820323, 0.0 ] ] ] ] } },
{ "type": "Feature", "properties": { "LAYER": "PARCELARIO_BASE_CATASTRO", "MAP_NAME": "1010_2025.dwg", "ccpp1": "1010 1721", "LAYER_2": "PADRONES_2_VISTALBA" }, "geometry": { "type": "MultiPolygon", "coordinates": [ [ [ [ -68.907570844965406, -33.005173098567631, 0.0 ], [ -68.907598294488096, -33.005186464591958, 0.0 ], [ -68.907673492053505, -33.005222965063744, 0.0 ], [ -68.907802628450298, -33.005285645821161, 0.0 ], [ -68.90800892612566, -33.005385223997536, 0.0 ], [ -68.908078770677662, -33.005186041167462, 0.0 ], [ -68.908005613671804, -33.005156772079779, 0.0 ], [ -68.907952031250858, -33.005127518285867, 0.0 ], [ -68.907914281656872, -33.005080333702345, 0.0 ], [ -68.907657024695141, -33.004927555775517, 0.0 ], [ -68.907570844965406, -33.005173098567631, 0.0 ] ] ] ] } },
{ "type": "Feature", "properties": { "LAYER": "PARCELARIO_BASE_CATASTRO", "MAP_NAME": "1010_2025.dwg", "ccpp1": "1010 1722", "LAYER_2": "PADRONES_2_VISTALBA" }, "geometry": { "type": "MultiPolygon", "coordinates": [ [ [ [ -68.907200608465914, -33.005008454704004, 0.0 ], [ -68.907407019815736, -33.005099365251553, 0.0 ], [ -68.907570843895286, -33.005173098566836, 0.0 ], [ -68.90765701185849, -33.004927551257644, 0.0 ], [ -68.907295658837256, -33.004729507151204, 0.0 ], [ -68.907200608465914, -33.005008454704004, 0.0 ] ] ] ] } },
{ "type": "Feature", "properties": { "LAYER": "PARCELARIO_BASE_CATASTRO", "MAP_NAME": "1010_2025.dwg", "ccpp1": "1010 1723", "LAYER_2": "PADRONES_2_VISTALBA" }, "geometry": { "type": "MultiPolygon", "coordinates": [ [ [ [ -68.907200608465914, -33.005008454704004, 0.0 ], [ -68.907295658837256, -33.004729507151204, 0.0 ], [ -68.906983864049749, -33.004560104597353, 0.0 ], [ -68.906908150328633, -33.004806969386188, 0.0 ], [ -68.906887386775992, -33.004874364988943, 0.0 ], [ -68.907200608465914, -33.005008454704004, 0.0 ] ] ] ] } },
{ "type": "Feature", "properties": { "LAYER": "PARCELARIO_BASE_CATASTRO", "MAP_NAME": "1010_2025.dwg", "ccpp1": "1010 508", "LAYER_2": "PADRONES_2_VISTALBA" }, "geometry": { "type": "MultiPolygon", "coordinates": [ [ [ [ -68.898186562773148, -33.007097351600635, 0.0 ], [ -68.898351666808097, -33.007102228063523, 0.0 ], [ -68.898372732801846, -33.006690423894582, 0.0 ], [ -68.898201833178646, -33.006685057632581, 0.0 ], [ -68.898186562773148, -33.007097351600635, 0.0 ] ] ] ] } },
{ "type": "Feature", "properties": { "LAYER": "PARCELARIO_BASE_CATASTRO", "MAP_NAME": "1010_2025.dwg", "ccpp1": "1010 1838", "LAYER_2": "PADRONES_2_VISTALBA" }, "geometry": { "type": "MultiPolygon", "coordinates": [ [ [ [ -68.899597211406657, -32.996342989380715, 0.0 ], [ -68.899070748497991, -32.996414535853781, 0.0 ], [ -68.899104194740957, -32.996551927960716, 0.0 ], [ -68.899119987464189, -32.996617386237787, 0.0 ], [ -68.899643810327916, -32.99652636121651, 0.0 ], [ -68.899597211406657, -32.996342989380715, 0.0 ] ] ] ] } },
{ "type": "Feature", "properties": { "LAYER": "PARCELARIO_BASE_CATASTRO", "MAP_NAME": "1010_2025.dwg", "ccpp1": "1010 1780", "LAYER_2": "PADRONES_2_VISTALBA" }, "geometry": { "type": "MultiPolygon", "coordinates": [ [ [ [ -68.905240824373621, -33.003367724841489, 0.0 ], [ -68.905558055900286, -33.003543513440874, 0.0 ], [ -68.90566705096991, -33.003358127405377, 0.0 ], [ -68.9056394242469, -33.003338121778775, 0.0 ], [ -68.905619538795008, -33.003297827976297, 0.0 ], [ -68.905402516739301, -33.003158114918705, 0.0 ], [ -68.905240824373621, -33.003367724841489, 0.0 ] ] ] ] } },
{ "type": "Feature", "properties": { "LAYER": "PARCELARIO_BASE_CATASTRO", "MAP_NAME": "1010_2025.dwg", "ccpp1": "1010 1777", "LAYER_2": "PADRONES_2_VISTALBA" }, "geometry": { "type": "MultiPolygon", "coordinates": [ [ [ [ -68.904340243658993, -33.002131425248535, 0.0 ], [ -68.90451428286768, -33.00190949366899, 0.0 ], [ -68.904332688861118, -33.001766601261004, 0.0 ], [ -68.904302867979624, -33.001739872558176, 0.0 ], [ -68.904176481760089, -33.001953417877274, 0.0 ], [ -68.904176084295869, -33.001953848573422, 0.0 ], [ -68.904198908193067, -33.001965523862111, 0.0 ], [ -68.904198946663186, -33.001965572582151, 0.0 ], [ -68.904232301753041, -33.001982676823175, 0.0 ], [ -68.904340243658993, -33.002131425248535, 0.0 ] ] ] ] } },
{ "type": "Feature", "properties": { "LAYER": "PARCELARIO_BASE_CATASTRO", "MAP_NAME": "1010_2025.dwg", "ccpp1": "1010 1698", "LAYER_2": "PADRONES_2_VISTALBA" }, "geometry": { "type": "MultiPolygon", "coordinates": [ [ [ [ -68.894531223550459, -33.002446190223317, 0.0 ], [ -68.894975685957093, -33.002447786700792, 0.0 ], [ -68.89498640399178, -33.002230944428689, 0.0 ], [ -68.894628869884343, -33.002221887889185, 0.0 ], [ -68.894531223550459, -33.002446190223317, 0.0 ] ] ] ] } },
{ "type": "Feature", "properties": { "LAYER": "PARCELARIO_BASE_CATASTRO", "MAP_NAME": "1010_2025.dwg", "ccpp1": "1010 288", "LAYER_2": "PADRONES_2_VISTALBA" }, "geometry": { "type": "MultiPolygon", "coordinates": [ [ [ [ -68.908825319510441, -33.035428759231195, 0.0 ], [ -68.909161856969007, -33.03526232290163, 0.0 ], [ -68.90905431963742, -33.035107871118278, 0.0 ], [ -68.909012333226201, -33.035047591722304, 0.0 ], [ -68.908675707547744, -33.035213875502478, 0.0 ], [ -68.908825319510441, -33.035428759231195, 0.0 ] ] ] ] } },
{ "type": "Feature", "properties": { "LAYER": "PARCELARIO_BASE_CATASTRO", "MAP_NAME": "1010_2025.dwg", "ccpp1": "1010 1878", "LAYER_2": "PADRONES_2_VISTALBA" }, "geometry": { "type": "MultiPolygon", "coordinates": [ [ [ [ -68.908675707547744, -33.035213875502478, 0.0 ], [ -68.909012333226201, -33.035047591722304, 0.0 ], [ -68.908864070769994, -33.03483473413155, 0.0 ], [ -68.908527491678143, -33.035000995010314, 0.0 ], [ -68.908675707547744, -33.035213875502478, 0.0 ] ] ] ] } },
{ "type": "Feature", "properties": { "LAYER": "PARCELARIO_BASE_CATASTRO", "MAP_NAME": "1010_2025.dwg", "ccpp1": "1010 1880", "LAYER_2": "PADRONES_2_VISTALBA" }, "geometry": { "type": "MultiPolygon", "coordinates": [ [ [ [ -68.908289836630459, -33.034659649704473, 0.0 ], [ -68.908379331034425, -33.034788191919858, 0.0 ], [ -68.908715863539982, -33.034621953942235, 0.0 ], [ -68.908626340967174, -33.034493426370602, 0.0 ], [ -68.908289836630459, -33.034659649704473, 0.0 ] ] ] ] } },
{ "type": "Feature", "properties": { "LAYER": "PARCELARIO_BASE_CATASTRO", "MAP_NAME": "1010_2025.dwg", "ccpp1": "1010 1881", "LAYER_2": "PADRONES_2_VISTALBA" }, "geometry": { "type": "MultiPolygon", "coordinates": [ [ [ [ -68.907400369913645, -33.034366467093982, 0.0 ], [ -68.907711710226948, -33.034815374920768, 0.0 ], [ -68.907910947822842, -33.03510261432266, 0.0 ], [ -68.908491206847089, -33.035939196283408, 0.0 ], [ -68.90896007700826, -33.035908246762894, 0.0 ], [ -68.908125773088301, -33.034709944171546, 0.0 ], [ -68.908066714252001, -33.034696326007506, 0.0 ], [ -68.907937111596027, -33.034509478047013, 0.0 ], [ -68.908079351741321, -33.034499904370406, 0.0 ], [ -68.907954220983285, -33.034327188909899, 0.0 ], [ -68.907400369913645, -33.034366467093982, 0.0 ] ] ] ] } },
{ "type": "Feature", "properties": { "LAYER": "PARCELARIO_BASE_CATASTRO", "MAP_NAME": "1010_2025.dwg", "ccpp1": "1010 1793", "LAYER_2": "PADRONES_2_VISTALBA" }, "geometry": { "type": "MultiPolygon", "coordinates": [ [ [ [ -68.906010912679449, -33.007544949239694, 0.0 ], [ -68.907048288385042, -33.007781701681047, 0.0 ], [ -68.907051890119675, -33.007769822084477, 0.0 ], [ -68.907106581733615, -33.007589509678482, 0.0 ], [ -68.906075154531464, -33.007354115607185, 0.0 ], [ -68.906010912679449, -33.007544949239694, 0.0 ] ] ] ] } },
{ "type": "Feature", "properties": { "LAYER": "PARCELARIO_BASE_CATASTRO", "MAP_NAME": "1010_2025.dwg", "ccpp1": "1010 1795", "LAYER_2": "PADRONES_2_VISTALBA" }, "geometry": { "type": "MultiPolygon", "coordinates": [ [ [ [ -68.905943622794908, -33.007744835160764, 0.0 ], [ -68.905781029095067, -33.008227821185812, 0.0 ], [ -68.90609782373113, -33.008265740908705, 0.0 ], [ -68.906168952755607, -33.008010844790149, 0.0 ], [ -68.906516805301081, -33.008051236644064, 0.0 ], [ -68.906528390404858, -33.008052581602406, 0.0 ], [ -68.906644994331486, -33.007828810816591, 0.0 ], [ -68.906623038732604, -33.007826182241274, 0.0 ], [ -68.905943622794908, -33.007744835160764, 0.0 ] ] ] ] } },
{ "type": "Feature", "properties": { "LAYER": "PARCELARIO_BASE_CATASTRO", "MAP_NAME": "1010_2025.dwg", "ccpp1": "1010 2013", "LAYER_2": "PADRONES_2_VISTALBA" }, "geometry": { "type": "MultiPolygon", "coordinates": [ [ [ [ -68.906398558732477, -33.008301737136492, 0.0 ], [ -68.906629763056273, -33.008329410484826, 0.0 ], [ -68.906873410787128, -33.008358572338032, 0.0 ], [ -68.907048287314893, -33.007781701680258, 0.0 ], [ -68.906872034553217, -33.007741477315598, 0.0 ], [ -68.906709796434356, -33.00770445150075, 0.0 ], [ -68.906398558732477, -33.008301737136492, 0.0 ] ] ] ] } },
{ "type": "Feature", "properties": { "LAYER": "PARCELARIO_BASE_CATASTRO", "MAP_NAME": "1010_2025.dwg", "ccpp1": "1010 1703", "LAYER_2": "PADRONES_2_VISTALBA" }, "geometry": { "type": "MultiPolygon", "coordinates": [ [ [ [ -68.895059772679488, -33.001393321042997, 0.0 ], [ -68.895051658849283, -33.001393792110761, 0.0 ], [ -68.89488028262906, -33.001394856171274, 0.0 ], [ -68.894874818863173, -33.00159785765026, 0.0 ], [ -68.895150429615143, -33.001614464771016, 0.0 ], [ -68.895164244916558, -33.001386269028878, 0.0 ], [ -68.895059772679488, -33.001393321042997, 0.0 ] ] ] ] } },
{ "type": "Feature", "properties": { "LAYER": "PARCELARIO_BASE_CATASTRO", "MAP_NAME": "1010_2025.dwg", "ccpp1": "1010 1819", "LAYER_2": "PADRONES_2_VISTALBA" }, "geometry": { "type": "MultiPolygon", "coordinates": [ [ [ [ -68.901876257766332, -33.002264831029748, 0.0 ], [ -68.901311006280622, -33.002247057953475, 0.0 ], [ -68.901327055460015, -33.002422868631555, 0.0 ], [ -68.901870680705301, -33.002429935268189, 0.0 ], [ -68.901875550669942, -33.002286858422202, 0.0 ], [ -68.901876257766332, -33.002264831029748, 0.0 ] ] ] ] } },
{ "type": "Feature", "properties": { "LAYER": "PARCELARIO_BASE_CATASTRO", "MAP_NAME": "1010_2025.dwg", "ccpp1": "1010 143", "LAYER_2": "PADRONES_2_VISTALBA" }, "geometry": { "type": "MultiPolygon", "coordinates": [ [ [ [ -68.885901741320907, -33.020176069245785, 0.0 ], [ -68.885929814850428, -33.020179672747659, 0.0 ], [ -68.88583033293051, -33.020955203867757, 0.0 ], [ -68.888142653900431, -33.021152652469453, 0.0 ], [ -68.888371956433247, -33.021171670286186, 0.0 ], [ -68.892616634422268, -33.021523629913844, 0.0 ], [ -68.892643643428244, -33.021525685521688, 0.0 ], [ -68.894851293040347, -33.021705229834225, 0.0 ], [ -68.894968625766978, -33.021714775465149, 0.0 ], [ -68.894908409679346, -33.020936386847133, 0.0 ], [ -68.894912763023342, -33.020839514725544, 0.0 ], [ -68.894914136592462, -33.020816651248474, 0.0 ], [ -68.894927530085113, -33.020551640875034, 0.0 ], [ -68.894935101450315, -33.020298944250541, 0.0 ], [ -68.894930845278253, -33.020298602539938, 0.0 ], [ -68.894821955989471, -33.020289861970426, 0.0 ], [ -68.89249005001507, -33.020102651435906, 0.0 ], [ -68.892447944869986, -33.019389280506665, 0.0 ], [ -68.890859914101227, -33.019241781213246, 0.0 ], [ -68.889009903263485, -33.019077375104381, 0.0 ], [ -68.888840221784335, -33.01906269181999, 0.0 ], [ -68.885569328000912, -33.018779600192993, 0.0 ], [ -68.885378423192876, -33.018763074968476, 0.0 ], [ -68.885071372791344, -33.020031753738827, 0.0 ], [ -68.885063981748416, -33.020068551436225, 0.0 ], [ -68.885901793257247, -33.020175632883351, 0.0 ], [ -68.885901741320907, -33.020176069245785, 0.0 ] ] ] ] } },
{ "type": "Feature", "properties": { "LAYER": "PARCELARIO_BASE_CATASTRO", "MAP_NAME": "1010_2025.dwg", "ccpp1": "1919 284", "LAYER_2": "PADRONES_2_VISTALBA" }, "geometry": { "type": "MultiPolygon", "coordinates": [ [ [ [ -68.903867639017477, -33.033853759463746, 0.0 ], [ -68.90471721819172, -33.035099832266141, 0.0 ], [ -68.905173969637801, -33.035084785079682, 0.0 ], [ -68.905105886212013, -33.034985910130018, 0.0 ], [ -68.904303848024469, -33.033832149882201, 0.0 ], [ -68.903867639017477, -33.033853759463746, 0.0 ] ] ] ] } },
{ "type": "Feature", "properties": { "LAYER": "PARCELARIO_BASE_CATASTRO", "MAP_NAME": "1010_2025.dwg", "ccpp1": "1919 179", "LAYER_2": "PADRONES_2_VISTALBA" }, "geometry": { "type": "MultiPolygon", "coordinates": [ [ [ [ -68.901915763711642, -33.032750685299497, 0.0 ], [ -68.901749387130792, -33.032782407765588, 0.0 ], [ -68.902235996298984, -33.033480427775217, 0.0 ], [ -68.902414350746156, -33.033465779972246, 0.0 ], [ -68.901915763711642, -33.032750685299497, 0.0 ] ] ] ] } },
{ "type": "Feature", "properties": { "LAYER": "PARCELARIO_BASE_CATASTRO", "MAP_NAME": "1010_2025.dwg", "ccpp1": "1919 119", "LAYER_2": "PADRONES_2_VISTALBA" }, "geometry": { "type": "MultiPolygon", "coordinates": [ [ [ [ -68.901533441775115, -33.03281641631532, 0.0 ], [ -68.901236127836214, -33.032860266781555, 0.0 ], [ -68.901801529349612, -33.033644641687673, 0.0 ], [ -68.902112933162925, -33.03363830416378, 0.0 ], [ -68.902014391429148, -33.033498557886809, 0.0 ], [ -68.901533441775115, -33.03281641631532, 0.0 ] ] ] ] } },
{ "type": "Feature", "properties": { "LAYER": "PARCELARIO_BASE_CATASTRO", "MAP_NAME": "1010_2025.dwg", "ccpp1": "1919 411", "LAYER_2": "PADRONES_2_VISTALBA" }, "geometry": { "type": "MultiPolygon", "coordinates": [ [ [ [ -68.902112933162925, -33.03363830416378, 0.0 ], [ -68.901801529349612, -33.033644641687673, 0.0 ], [ -68.901970936824128, -33.03387984067637, 0.0 ], [ -68.902244607616339, -33.033825053411448, 0.0 ], [ -68.902112933162925, -33.03363830416378, 0.0 ] ] ] ] } },
{ "type": "Feature", "properties": { "LAYER": "PARCELARIO_BASE_CATASTRO", "MAP_NAME": "1010_2025.dwg", "ccpp1": "1919 363", "LAYER_2": "PADRONES_2_VISTALBA" }, "geometry": { "type": "MultiPolygon", "coordinates": [ [ [ [ -68.901749387130792, -33.032782407765588, 0.0 ], [ -68.901699390834565, -33.03279194053637, 0.0 ], [ -68.901677011559912, -33.032795241056299, 0.0 ], [ -68.902159130506519, -33.033486679229206, 0.0 ], [ -68.902014391429148, -33.033498557886809, 0.0 ], [ -68.902112933162925, -33.03363830416378, 0.0 ], [ -68.902244607616339, -33.033825053411448, 0.0 ], [ -68.901970936824128, -33.03387984067637, 0.0 ], [ -68.902441648860517, -33.034533019779794, 0.0 ], [ -68.902727169015449, -33.034509709063165, 0.0 ], [ -68.903119745715841, -33.034477554312097, 0.0 ], [ -68.902822409056029, -33.034051102967553, 0.0 ], [ -68.902414350746156, -33.033465779972246, 0.0 ], [ -68.902235996298984, -33.033480427775217, 0.0 ], [ -68.901749387130792, -33.032782407765588, 0.0 ] ] ] ] } },
{ "type": "Feature", "properties": { "LAYER": "PARCELARIO_BASE_CATASTRO", "MAP_NAME": "1010_2025.dwg", "ccpp1": "1010 1694", "LAYER_2": "PADRONES_2_VISTALBA" }, "geometry": { "type": "MultiPolygon", "coordinates": [ [ [ [ -68.907096993285634, -33.035067657261614, 0.0 ], [ -68.906639760770091, -33.035097702317479, 0.0 ], [ -68.90679249703058, -33.035320890016969, 0.0 ], [ -68.90725187170132, -33.035290755828797, 0.0 ], [ -68.907096993285634, -33.035067657261614, 0.0 ] ] ] ] } },
{ "type": "Feature", "properties": { "LAYER": "PARCELARIO_BASE_CATASTRO", "MAP_NAME": "1010_2025.dwg", "ccpp1": "1010 1266", "LAYER_2": "PADRONES_2_VISTALBA" }, "geometry": { "type": "MultiPolygon", "coordinates": [ [ [ [ -68.906933682988068, -33.03552730052504, 0.0 ], [ -68.906987472033506, -33.035523771817608, 0.0 ], [ -68.907395040282481, -33.035497035646543, 0.0 ], [ -68.90725187170132, -33.035290755828797, 0.0 ], [ -68.90679249703058, -33.035320890016969, 0.0 ], [ -68.906933682988068, -33.03552730052504, 0.0 ] ] ] ] } },
{ "type": "Feature", "properties": { "LAYER": "PARCELARIO_BASE_CATASTRO", "MAP_NAME": "1010_2025.dwg", "ccpp1": "1010 1767", "LAYER_2": "PADRONES_2_VISTALBA" }, "geometry": { "type": "MultiPolygon", "coordinates": [ [ [ [ -68.907146724408136, -33.035756592875558, 0.0 ], [ -68.907556529009256, -33.035729709067468, 0.0 ], [ -68.907395040282481, -33.035497035646543, 0.0 ], [ -68.906987472033506, -33.035523771817608, 0.0 ], [ -68.907146724408136, -33.035756592875558, 0.0 ] ] ] ] } },
{ "type": "Feature", "properties": { "LAYER": "PARCELARIO_BASE_CATASTRO", "MAP_NAME": "1010_2025.dwg", "ccpp1": "1010 1768", "LAYER_2": "PADRONES_2_VISTALBA" }, "geometry": { "type": "MultiPolygon", "coordinates": [ [ [ [ -68.907146724408136, -33.035756592875558, 0.0 ], [ -68.907316789061611, -33.036005219035893, 0.0 ], [ -68.907736499571371, -33.035989008768524, 0.0 ], [ -68.907556529009256, -33.035729709067468, 0.0 ], [ -68.907146724408136, -33.035756592875558, 0.0 ] ] ] ] } },
{ "type": "Feature", "properties": { "LAYER": "PARCELARIO_BASE_CATASTRO", "MAP_NAME": "1010_2025.dwg", "ccpp1": "1010 1842", "LAYER_2": "PADRONES_2_VISTALBA" }, "geometry": { "type": "MultiPolygon", "coordinates": [ [ [ [ -68.906881474055382, -33.035713930991378, 0.0 ], [ -68.906739988587319, -33.035507141504389, 0.0 ], [ -68.906667963809667, -33.035510728599903, 0.0 ], [ -68.906593010706146, -33.03540729588709, 0.0 ], [ -68.906375938249965, -33.035418665575705, 0.0 ], [ -68.906387306608636, -33.035435008784312, 0.0 ], [ -68.906527220620603, -33.035635825725961, 0.0 ], [ -68.906589157984598, -33.035724888713268, 0.0 ], [ -68.906881474055382, -33.035713930991378, 0.0 ] ] ] ] } },
{ "type": "Feature", "properties": { "LAYER": "PARCELARIO_BASE_CATASTRO", "MAP_NAME": "1010_2025.dwg", "ccpp1": "1010 1843", "LAYER_2": "PADRONES_2_VISTALBA" }, "geometry": { "type": "MultiPolygon", "coordinates": [ [ [ [ -68.906589157984598, -33.035724888713268, 0.0 ], [ -68.906665745346388, -33.03583501845727, 0.0 ], [ -68.90679828526487, -33.036025370179885, 0.0 ], [ -68.907084703063362, -33.036014199291394, 0.0 ], [ -68.906881474055382, -33.035713930991378, 0.0 ], [ -68.906589157984598, -33.035724888713268, 0.0 ] ] ] ] } },
{ "type": "Feature", "properties": { "LAYER": "PARCELARIO_BASE_CATASTRO", "MAP_NAME": "1010_2025.dwg", "ccpp1": "1010 1701", "LAYER_2": "PADRONES_2_VISTALBA" }, "geometry": { "type": "MultiPolygon", "coordinates": [ [ [ [ -68.895526476510227, -33.002736839281468, 0.0 ], [ -68.895360938534125, -33.002731300500855, 0.0 ], [ -68.895291490514012, -33.002777907610451, 0.0 ], [ -68.895193984697372, -33.002774764599373, 0.0 ], [ -68.895179982280467, -33.00314513428129, 0.0 ], [ -68.895501116728653, -33.003154190340183, 0.0 ], [ -68.895526476510227, -33.002736839281468, 0.0 ] ] ] ] } },
{ "type": "Feature", "properties": { "LAYER": "PARCELARIO_BASE_CATASTRO", "MAP_NAME": "1010_2025.dwg", "ccpp1": "1010 1715", "LAYER_2": "PADRONES_2_VISTALBA" }, "geometry": { "type": "MultiPolygon", "coordinates": [ [ [ [ -68.902476482291576, -33.00418941485907, 0.0 ], [ -68.902471363345839, -33.004314472400942, 0.0 ], [ -68.90289107166393, -33.004330044228446, 0.0 ], [ -68.902896698532672, -33.004203813983793, 0.0 ], [ -68.902476482291576, -33.00418941485907, 0.0 ] ] ] ] } },
{ "type": "Feature", "properties": { "LAYER": "PARCELARIO_BASE_CATASTRO", "MAP_NAME": "1010_2025.dwg", "ccpp1": "1010 1741", "LAYER_2": "PADRONES_2_VISTALBA" }, "geometry": { "type": "MultiPolygon", "coordinates": [ [ [ [ -68.907636247331112, -33.0057562570736, 0.0 ], [ -68.907711265920568, -33.005792463441104, 0.0 ], [ -68.907877594295925, -33.005321831313601, 0.0 ], [ -68.907802577110033, -33.005285621437999, 0.0 ], [ -68.907673492053505, -33.005222965063744, 0.0 ], [ -68.907507221234823, -33.005693983787367, 0.0 ], [ -68.907636247331112, -33.0057562570736, 0.0 ] ] ] ] } },
{ "type": "Feature", "properties": { "LAYER": "PARCELARIO_BASE_CATASTRO", "MAP_NAME": "1010_2025.dwg", "ccpp1": "1010 1950", "LAYER_2": "PADRONES_2_VISTALBA" }, "geometry": { "type": "MultiPolygon", "coordinates": [ [ [ [ -68.907953310333468, -33.005909282015296, 0.0 ], [ -68.907995109872957, -33.005929455362718, 0.0 ], [ -68.90816138457626, -33.005458812006488, 0.0 ], [ -68.908119586292472, -33.005438636910966, 0.0 ], [ -68.907877594295925, -33.005321831313601, 0.0 ], [ -68.907711265920568, -33.005792463441104, 0.0 ], [ -68.907953310333468, -33.005909282015296, 0.0 ] ] ] ] } },
{ "type": "Feature", "properties": { "LAYER": "PARCELARIO_BASE_CATASTRO", "MAP_NAME": "1010_2025.dwg", "ccpp1": "1010 1951", "LAYER_2": "PADRONES_2_VISTALBA" }, "geometry": { "type": "MultiPolygon", "coordinates": [ [ [ [ -68.908157571000444, -33.006007863887426, 0.0 ], [ -68.908199704345037, -33.006028198811642, 0.0 ], [ -68.908237449235727, -33.005921295942663, 0.0 ], [ -68.908365420335883, -33.005558861307442, 0.0 ], [ -68.908366317198087, -33.005557728559396, 0.0 ], [ -68.9083238578162, -33.005537234755693, 0.0 ], [ -68.90816138457626, -33.005458812006488, 0.0 ], [ -68.907995109872957, -33.005929455362718, 0.0 ], [ -68.908157571000444, -33.006007863887426, 0.0 ] ] ] ] } },
{ "type": "Feature", "properties": { "LAYER": "PARCELARIO_BASE_CATASTRO", "MAP_NAME": "1010_2025.dwg", "ccpp1": "1010 1818", "LAYER_2": "PADRONES_2_VISTALBA" }, "geometry": { "type": "MultiPolygon", "coordinates": [ [ [ [ -68.902931789885344, -33.001134173356014, 0.0 ], [ -68.903106881017408, -33.001304221255772, 0.0 ], [ -68.903340140111268, -33.001216843897225, 0.0 ], [ -68.903315869481233, -33.001174055890345, 0.0 ], [ -68.90313497237149, -33.000989984511484, 0.0 ], [ -68.902931789885344, -33.001134173356014, 0.0 ] ] ] ] } },
{ "type": "Feature", "properties": { "LAYER": "PARCELARIO_BASE_CATASTRO", "MAP_NAME": "1010_2025.dwg", "ccpp1": "1010 1775", "LAYER_2": "PADRONES_2_VISTALBA" }, "geometry": { "type": "MultiPolygon", "coordinates": [ [ [ [ -68.90313497237149, -33.000989984511484, 0.0 ], [ -68.903053241814334, -33.000906844217816, 0.0 ], [ -68.90300402726713, -33.000884482287162, 0.0 ], [ -68.902948159700529, -33.000882084591538, 0.0 ], [ -68.902880749275283, -33.000903199922988, 0.0 ], [ -68.902847095072914, -33.000925296367001, 0.0 ], [ -68.902649356244808, -33.001071908186795, 0.0 ], [ -68.902819173811025, -33.001227929508708, 0.0 ], [ -68.902931789885344, -33.001134173356014, 0.0 ], [ -68.90313497237149, -33.000989984511484, 0.0 ] ] ] ] } },
{ "type": "Feature", "properties": { "LAYER": "PARCELARIO_BASE_CATASTRO", "MAP_NAME": "1010_2025.dwg", "ccpp1": "1010 1787", "LAYER_2": "PADRONES_2_VISTALBA" }, "geometry": { "type": "MultiPolygon", "coordinates": [ [ [ [ -68.902913690188257, -33.003760278695296, 0.0 ], [ -68.902562564001883, -33.00375061251939, 0.0 ], [ -68.902556161821011, -33.003910117998437, 0.0 ], [ -68.902885898043053, -33.003919195358414, 0.0 ], [ -68.90290801197817, -33.003901760985258, 0.0 ], [ -68.902913690188257, -33.003760278695296, 0.0 ] ] ] ] } },
{ "type": "Feature", "properties": { "LAYER": "PARCELARIO_BASE_CATASTRO", "MAP_NAME": "1010_2025.dwg", "ccpp1": "1010 1786", "LAYER_2": "PADRONES_2_VISTALBA" }, "geometry": { "type": "MultiPolygon", "coordinates": [ [ [ [ -68.902562564001883, -33.00375061251939, 0.0 ], [ -68.902211437894636, -33.003740945355986, 0.0 ], [ -68.902205758564975, -33.003882427612325, 0.0 ], [ -68.902226425668729, -33.003901039767655, 0.0 ], [ -68.902556161821011, -33.003910117998437, 0.0 ], [ -68.902562564001883, -33.00375061251939, 0.0 ] ] ] ] } },
{ "type": "Feature", "properties": { "LAYER": "PARCELARIO_BASE_CATASTRO", "MAP_NAME": "1010_2025.dwg", "ccpp1": "1010 1785", "LAYER_2": "PADRONES_2_VISTALBA" }, "geometry": { "type": "MultiPolygon", "coordinates": [ [ [ [ -68.902040313411746, -33.003736233617822, 0.0 ], [ -68.901689187422306, -33.003726564985676, 0.0 ], [ -68.90168278367166, -33.003886070417629, 0.0 ], [ -68.902012519708776, -33.003895150084183, 0.0 ], [ -68.902034633809251, -33.003877715865976, 0.0 ], [ -68.902040313411746, -33.003736233617822, 0.0 ] ] ] ] } },
{ "type": "Feature", "properties": { "LAYER": "PARCELARIO_BASE_CATASTRO", "MAP_NAME": "1010_2025.dwg", "ccpp1": "1010 1784", "LAYER_2": "PADRONES_2_VISTALBA" }, "geometry": { "type": "MultiPolygon", "coordinates": [ [ [ [ -68.901329960843441, -33.003858310922666, 0.0 ], [ -68.901350652275369, -33.003876923909779, 0.0 ], [ -68.90168278367166, -33.003886070417629, 0.0 ], [ -68.901689187422306, -33.003726564985676, 0.0 ], [ -68.901335449098951, -33.003716823419389, 0.0 ], [ -68.901329960843441, -33.003858310922666, 0.0 ] ] ] ] } },
{ "type": "Feature", "properties": { "LAYER": "PARCELARIO_BASE_CATASTRO", "MAP_NAME": "1010_2025.dwg", "ccpp1": "1010 1729", "LAYER_2": "PADRONES_2_VISTALBA" }, "geometry": { "type": "MultiPolygon", "coordinates": [ [ [ [ -68.901170511957119, -33.00355261327406, 0.0 ], [ -68.900786172064528, -33.003542027308633, 0.0 ], [ -68.900781659506109, -33.003658270791824, 0.0 ], [ -68.90077997985297, -33.003701538567078, 0.0 ], [ -68.90116432427493, -33.00371212465835, 0.0 ], [ -68.901170511957119, -33.00355261327406, 0.0 ] ] ] ] } },
{ "type": "Feature", "properties": { "LAYER": "PARCELARIO_BASE_CATASTRO", "MAP_NAME": "1010_2025.dwg", "ccpp1": "1010 1867", "LAYER_2": "PADRONES_2_VISTALBA" }, "geometry": { "type": "MultiPolygon", "coordinates": [ [ [ [ -68.901148496500028, -33.003016125589532, 0.0 ], [ -68.900806952538218, -33.003006718307162, 0.0 ], [ -68.900804517888133, -33.003069435710664, 0.0 ], [ -68.900798556418508, -33.00322300477842, 0.0 ], [ -68.901140106417458, -33.003232412228343, 0.0 ], [ -68.901148496500028, -33.003016125589532, 0.0 ] ] ] ] } },
{ "type": "Feature", "properties": { "LAYER": "PARCELARIO_BASE_CATASTRO", "MAP_NAME": "1010_2025.dwg", "ccpp1": "1010 1868", "LAYER_2": "PADRONES_2_VISTALBA" }, "geometry": { "type": "MultiPolygon", "coordinates": [ [ [ [ -68.901283463752549, -33.002847493495487, 0.0 ], [ -68.90097175764538, -33.002837641245335, 0.0 ], [ -68.900964493885951, -33.00301102303748, 0.0 ], [ -68.901148496500028, -33.003016125589532, 0.0 ], [ -68.901276838695495, -33.003019660328071, 0.0 ], [ -68.901283463752549, -33.002847493495487, 0.0 ] ] ] ] } },
{ "type": "Feature", "properties": { "LAYER": "PARCELARIO_BASE_CATASTRO", "MAP_NAME": "1010_2025.dwg", "ccpp1": "1010 1869", "LAYER_2": "PADRONES_2_VISTALBA" }, "geometry": { "type": "MultiPolygon", "coordinates": [ [ [ [ -68.901723752364617, -33.002861408587158, 0.0 ], [ -68.901283463752549, -33.002847493495487, 0.0 ], [ -68.901276838695495, -33.003019660328071, 0.0 ], [ -68.901405180901563, -33.003023194934705, 0.0 ], [ -68.901717080879223, -33.003031784260287, 0.0 ], [ -68.901723752364617, -33.002861408587158, 0.0 ] ] ] ] } },
{ "type": "Feature", "properties": { "LAYER": "PARCELARIO_BASE_CATASTRO", "MAP_NAME": "1010_2025.dwg", "ccpp1": "1010 1870", "LAYER_2": "PADRONES_2_VISTALBA" }, "geometry": { "type": "MultiPolygon", "coordinates": [ [ [ [ -68.901717080879223, -33.003031784260287, 0.0 ], [ -68.901405180901563, -33.003023194934705, 0.0 ], [ -68.901396791444597, -33.003239481591677, 0.0 ], [ -68.901708397962366, -33.003248062837301, 0.0 ], [ -68.901717080879223, -33.003031784260287, 0.0 ] ] ] ] } },
{ "type": "Feature", "properties": { "LAYER": "PARCELARIO_BASE_CATASTRO", "MAP_NAME": "1010_2025.dwg", "ccpp1": "1010 1871", "LAYER_2": "PADRONES_2_VISTALBA" }, "geometry": { "type": "MultiPolygon", "coordinates": [ [ [ [ -68.901708397962366, -33.003248062837301, 0.0 ], [ -68.901396791444597, -33.003239481591677, 0.0 ], [ -68.901354010603796, -33.003238303401112, 0.0 ], [ -68.901347823275273, -33.003397814803172, 0.0 ], [ -68.901701994283115, -33.003407568282604, 0.0 ], [ -68.901708397962366, -33.003248062837301, 0.0 ] ] ] ] } },
{ "type": "Feature", "properties": { "LAYER": "PARCELARIO_BASE_CATASTRO", "MAP_NAME": "1010_2025.dwg", "ccpp1": "1010 1872", "LAYER_2": "PADRONES_2_VISTALBA" }, "geometry": { "type": "MultiPolygon", "coordinates": [ [ [ [ -68.901701994283115, -33.003407568282604, 0.0 ], [ -68.901347823275273, -33.003397814803172, 0.0 ], [ -68.9013416359237, -33.003557326200848, 0.0 ], [ -68.901695591159822, -33.003567059283419, 0.0 ], [ -68.901701994283115, -33.003407568282604, 0.0 ] ] ] ] } },
{ "type": "Feature", "properties": { "LAYER": "PARCELARIO_BASE_CATASTRO", "MAP_NAME": "1010_2025.dwg", "ccpp1": "1010 1873", "LAYER_2": "PADRONES_2_VISTALBA" }, "geometry": { "type": "MultiPolygon", "coordinates": [ [ [ [ -68.901695591159822, -33.003567059283419, 0.0 ], [ -68.9013416359237, -33.003557326200848, 0.0 ], [ -68.901335449098951, -33.003716823419389, 0.0 ], [ -68.901689187422306, -33.003726564985676, 0.0 ], [ -68.901695591159822, -33.003567059283419, 0.0 ] ] ] ] } },
{ "type": "Feature", "properties": { "LAYER": "PARCELARIO_BASE_CATASTRO", "MAP_NAME": "1010_2025.dwg", "ccpp1": "1010 1860", "LAYER_2": "PADRONES_2_VISTALBA" }, "geometry": { "type": "MultiPolygon", "coordinates": [ [ [ [ -68.903467778079062, -33.003079981724426, 0.0 ], [ -68.903155478110577, -33.003071385771804, 0.0 ], [ -68.903146798699154, -33.003287664453993, 0.0 ], [ -68.90345909942873, -33.003296260429444, 0.0 ], [ -68.903467778079062, -33.003079981724426, 0.0 ] ] ] ] } },
{ "type": "Feature", "properties": { "LAYER": "PARCELARIO_BASE_CATASTRO", "MAP_NAME": "1010_2025.dwg", "ccpp1": "1010 1789", "LAYER_2": "PADRONES_2_VISTALBA" }, "geometry": { "type": "MultiPolygon", "coordinates": [ [ [ [ -68.902920091145361, -33.003600787367048, 0.0 ], [ -68.902568965590021, -33.003591121210043, 0.0 ], [ -68.902562564001883, -33.00375061251939, 0.0 ], [ -68.902913690188257, -33.003760278695296, 0.0 ], [ -68.902920091145361, -33.003600787367048, 0.0 ] ] ] ] } },
{ "type": "Feature", "properties": { "LAYER": "PARCELARIO_BASE_CATASTRO", "MAP_NAME": "1010_2025.dwg", "ccpp1": "1010 1855", "LAYER_2": "PADRONES_2_VISTALBA" }, "geometry": { "type": "MultiPolygon", "coordinates": [ [ [ [ -68.902568965590021, -33.003591121210043, 0.0 ], [ -68.902920091145361, -33.003600787367048, 0.0 ], [ -68.902926492647566, -33.003441281860169, 0.0 ], [ -68.902575367723301, -33.0034316157221, 0.0 ], [ -68.902568965590021, -33.003591121210043, 0.0 ] ] ] ] } },
{ "type": "Feature", "properties": { "LAYER": "PARCELARIO_BASE_CATASTRO", "MAP_NAME": "1010_2025.dwg", "ccpp1": "1010 1856", "LAYER_2": "PADRONES_2_VISTALBA" }, "geometry": { "type": "MultiPolygon", "coordinates": [ [ [ [ -68.902575367723301, -33.0034316157221, 0.0 ], [ -68.902926492647566, -33.003441281860169, 0.0 ], [ -68.902932894125968, -33.003281776348814, 0.0 ], [ -68.902889808865609, -33.003280590305692, 0.0 ], [ -68.902581769832793, -33.00327211022968, 0.0 ], [ -68.902575367723301, -33.0034316157221, 0.0 ] ] ] ] } },
{ "type": "Feature", "properties": { "LAYER": "PARCELARIO_BASE_CATASTRO", "MAP_NAME": "1010_2025.dwg", "ccpp1": "1010 1858", "LAYER_2": "PADRONES_2_VISTALBA" }, "geometry": { "type": "MultiPolygon", "coordinates": [ [ [ [ -68.902590450621219, -33.003055831588789, 0.0 ], [ -68.90289879325185, -33.003064320020385, 0.0 ], [ -68.903029114288373, -33.003067907427223, 0.0 ], [ -68.903043366190161, -33.002901561633244, 0.0 ], [ -68.902597143903805, -33.002889070172898, 0.0 ], [ -68.902590450621219, -33.003055831588789, 0.0 ] ] ] ] } },
{ "type": "Feature", "properties": { "LAYER": "PARCELARIO_BASE_CATASTRO", "MAP_NAME": "1010_2025.dwg", "ccpp1": "1010 1859", "LAYER_2": "PADRONES_2_VISTALBA" }, "geometry": { "type": "MultiPolygon", "coordinates": [ [ [ [ -68.903155478110577, -33.003071385771804, 0.0 ], [ -68.903467778079062, -33.003079981724426, 0.0 ], [ -68.903474471966064, -33.002913164113139, 0.0 ], [ -68.903043373679793, -33.002901562540728, 0.0 ], [ -68.903029114288373, -33.003067907427223, 0.0 ], [ -68.903155478110577, -33.003071385771804, 0.0 ] ] ] ] } },
{ "type": "Feature", "properties": { "LAYER": "PARCELARIO_BASE_CATASTRO", "MAP_NAME": "1010_2025.dwg", "ccpp1": "1010 1861", "LAYER_2": "PADRONES_2_VISTALBA" }, "geometry": { "type": "MultiPolygon", "coordinates": [ [ [ [ -68.903097616611333, -33.003445992382836, 0.0 ], [ -68.903452698896103, -33.003455765969115, 0.0 ], [ -68.90345909942873, -33.003296260429444, 0.0 ], [ -68.903146798699154, -33.003287664453993, 0.0 ], [ -68.903104017782155, -33.003286486862287, 0.0 ], [ -68.903097616611333, -33.003445992382836, 0.0 ] ] ] ] } },
{ "type": "Feature", "properties": { "LAYER": "PARCELARIO_BASE_CATASTRO", "MAP_NAME": "1010_2025.dwg", "ccpp1": "1010 1862", "LAYER_2": "PADRONES_2_VISTALBA" }, "geometry": { "type": "MultiPolygon", "coordinates": [ [ [ [ -68.903091215416708, -33.003605497898938, 0.0 ], [ -68.903446298339688, -33.003615271504358, 0.0 ], [ -68.903452698896103, -33.003455765969115, 0.0 ], [ -68.903097616611333, -33.003445992382836, 0.0 ], [ -68.903091215416708, -33.003605497898938, 0.0 ] ] ] ] } },
{ "type": "Feature", "properties": { "LAYER": "PARCELARIO_BASE_CATASTRO", "MAP_NAME": "1010_2025.dwg", "ccpp1": "1010 1863", "LAYER_2": "PADRONES_2_VISTALBA" }, "geometry": { "type": "MultiPolygon", "coordinates": [ [ [ [ -68.903084814767141, -33.003764989236437, 0.0 ], [ -68.903439898328273, -33.003774762860964, 0.0 ], [ -68.903446298339688, -33.003615271504358, 0.0 ], [ -68.903091215416708, -33.003605497898938, 0.0 ], [ -68.903084814767141, -33.003764989236437, 0.0 ] ] ] ] } },
{ "type": "Feature", "properties": { "LAYER": "PARCELARIO_BASE_CATASTRO", "MAP_NAME": "1010_2025.dwg", "ccpp1": "1010 1864", "LAYER_2": "PADRONES_2_VISTALBA" }, "geometry": { "type": "MultiPolygon", "coordinates": [ [ [ [ -68.903439898328273, -33.003774762860964, 0.0 ], [ -68.903084814767141, -33.003764989236437, 0.0 ], [ -68.903079136829874, -33.00390647153457, 0.0 ], [ -68.90309980412303, -33.003925083545568, 0.0 ], [ -68.903433497724308, -33.003934268387304, 0.0 ], [ -68.903439898328273, -33.003774762860964, 0.0 ] ] ] ] } },
{ "type": "Feature", "properties": { "LAYER": "PARCELARIO_BASE_CATASTRO", "MAP_NAME": "1010_2025.dwg", "ccpp1": "1010 1876", "LAYER_2": "PADRONES_2_VISTALBA" }, "geometry": { "type": "MultiPolygon", "coordinates": [ [ [ [ -68.908418872338572, -33.006007783553763, 0.0 ], [ -68.908463441478588, -33.006029030868383, 0.0 ], [ -68.908595133917927, -33.005656004943731, 0.0 ], [ -68.908549919904146, -33.005636585800985, 0.0 ], [ -68.908366317198087, -33.005557728559396, 0.0 ], [ -68.908365420335883, -33.005558861307442, 0.0 ], [ -68.908237449235727, -33.005921295942663, 0.0 ], [ -68.908418872338572, -33.006007783553763, 0.0 ] ] ] ] } },
{ "type": "Feature", "properties": { "LAYER": "PARCELARIO_BASE_CATASTRO", "MAP_NAME": "1010_2025.dwg", "ccpp1": "1010 1742", "LAYER_2": "PADRONES_2_VISTALBA" }, "geometry": { "type": "MultiPolygon", "coordinates": [ [ [ [ -68.908740004173609, -33.005634863849011, 0.0 ], [ -68.909017011673811, -33.005800244199747, 0.0 ], [ -68.909114557798375, -33.005537468491454, 0.0 ], [ -68.908744065027207, -33.005244545673889, 0.0 ], [ -68.908637230859426, -33.005554838889474, 0.0 ], [ -68.90865289192395, -33.005554985601819, 0.0 ], [ -68.908668315353481, -33.005557275421609, 0.0 ], [ -68.908683092425534, -33.005561647637634, 0.0 ], [ -68.908696828386624, -33.005567985645229, 0.0 ], [ -68.908709159568403, -33.005576122368772, 0.0 ], [ -68.908719756599893, -33.005585838460647, 0.0 ], [ -68.908728337233015, -33.005596877638993, 0.0 ], [ -68.908734673834431, -33.005608945791501, 0.0 ], [ -68.908738597655869, -33.00562172089694, 0.0 ], [ -68.908740004173609, -33.005634863849011, 0.0 ] ] ] ] } },
{ "type": "Feature", "properties": { "LAYER": "PARCELARIO_BASE_CATASTRO", "MAP_NAME": "1010_2025.dwg", "ccpp1": "1010 1241", "LAYER_2": "PADRONES_2_VISTALBA" }, "geometry": { "type": "MultiPolygon", "coordinates": [ [ [ [ -68.896417193493093, -33.00244792530188, 0.0 ], [ -68.896058875263378, -33.002439605268989, 0.0 ], [ -68.896055143936749, -33.002660384753909, 0.0 ], [ -68.896412341383169, -33.002676222944636, 0.0 ], [ -68.896417193493093, -33.00244792530188, 0.0 ] ] ] ] } },
{ "type": "Feature", "properties": { "LAYER": "PARCELARIO_BASE_CATASTRO", "MAP_NAME": "1010_2025.dwg", "ccpp1": "1010 1601", "LAYER_2": "PADRONES_2_VISTALBA" }, "geometry": { "type": "MultiPolygon", "coordinates": [ [ [ [ -68.909741463506279, -33.03375351023611, 0.0 ], [ -68.909267739760722, -33.03378238894792, 0.0 ], [ -68.909279254959912, -33.033931533812435, 0.0 ], [ -68.909856481065745, -33.03389994280699, 0.0 ], [ -68.909741463506279, -33.03375351023611, 0.0 ] ] ] ] } },
{ "type": "Feature", "properties": { "LAYER": "PARCELARIO_BASE_CATASTRO", "MAP_NAME": "1010_2025.dwg", "ccpp1": "1010 1600", "LAYER_2": "PADRONES_2_VISTALBA" }, "geometry": { "type": "MultiPolygon", "coordinates": [ [ [ [ -68.909267739760722, -33.03378238894792, 0.0 ], [ -68.90906904961723, -33.033794507048313, 0.0 ], [ -68.909099939352274, -33.034152673529121, 0.0 ], [ -68.909295524560633, -33.034141905631458, 0.0 ], [ -68.909279254959912, -33.033931533812435, 0.0 ], [ -68.909267739760722, -33.03378238894792, 0.0 ] ] ] ] } },
{ "type": "Feature", "properties": { "LAYER": "PARCELARIO_BASE_CATASTRO", "MAP_NAME": "1010_2025.dwg", "ccpp1": "1010 1799", "LAYER_2": "PADRONES_2_VISTALBA" }, "geometry": { "type": "MultiPolygon", "coordinates": [ [ [ [ -68.905630906343859, -33.00310791924813, 0.0 ], [ -68.905775371347033, -33.002906412504132, 0.0 ], [ -68.905687665041683, -33.002835381853373, 0.0 ], [ -68.905634128600539, -33.002793119511104, 0.0 ], [ -68.905468150394412, -33.002995964833197, 0.0 ], [ -68.905630906343859, -33.00310791924813, 0.0 ] ] ] ] } },
{ "type": "Feature", "properties": { "LAYER": "PARCELARIO_BASE_CATASTRO", "MAP_NAME": "1010_2025.dwg", "ccpp1": "1010 1824", "LAYER_2": "PADRONES_2_VISTALBA" }, "geometry": { "type": "MultiPolygon", "coordinates": [ [ [ [ -68.904893789116613, -33.002616234025616, 0.0 ], [ -68.905090213431677, -33.002363871812484, 0.0 ], [ -68.90486768234743, -33.002188417486735, 0.0 ], [ -68.904654108459994, -33.002456862982456, 0.0 ], [ -68.904893789116613, -33.002616234025616, 0.0 ] ] ] ] } },
{ "type": "Feature", "properties": { "LAYER": "PARCELARIO_BASE_CATASTRO", "MAP_NAME": "1010_2025.dwg", "ccpp1": "1010 1828", "LAYER_2": "PADRONES_2_VISTALBA" }, "geometry": { "type": "MultiPolygon", "coordinates": [ [ [ [ -68.903867737142065, -33.001796121137978, 0.0 ], [ -68.903868220165094, -33.001795734690809, 0.0 ], [ -68.904033984840211, -33.001515656409673, 0.0 ], [ -68.903758139890698, -33.001303478900795, 0.0 ], [ -68.903703570374503, -33.001711512059771, 0.0 ], [ -68.903744831986799, -33.001732618759128, 0.0 ], [ -68.903746160344497, -33.001733240136559, 0.0 ], [ -68.903746141413023, -33.00173392178921, 0.0 ], [ -68.903867737142065, -33.001796121137978, 0.0 ] ] ] ] } },
{ "type": "Feature", "properties": { "LAYER": "PARCELARIO_BASE_CATASTRO", "MAP_NAME": "1010_2025.dwg", "ccpp1": "1010 1449", "LAYER_2": "PADRONES_2_VISTALBA" }, "geometry": { "type": "MultiPolygon", "coordinates": [ [ [ [ -68.905781092228594, -33.002587771887214, 0.0 ], [ -68.905698965630023, -33.002805137630652, 0.0 ], [ -68.905963770934434, -33.00301721655805, 0.0 ], [ -68.906053699290268, -33.00273339154414, 0.0 ], [ -68.905825796252572, -33.002547332982829, 0.0 ], [ -68.905781092228594, -33.002587771887214, 0.0 ] ] ] ] } },
{ "type": "Feature", "properties": { "LAYER": "PARCELARIO_BASE_CATASTRO", "MAP_NAME": "1010_2025.dwg", "ccpp1": "1010 1854", "LAYER_2": "PADRONES_2_VISTALBA" }, "geometry": { "type": "MultiPolygon", "coordinates": [ [ [ [ -68.902568965590021, -33.003591121210043, 0.0 ], [ -68.902217840113835, -33.003581454065589, 0.0 ], [ -68.902211437894636, -33.003740945355986, 0.0 ], [ -68.902562564001883, -33.00375061251939, 0.0 ], [ -68.902568965590021, -33.003591121210043, 0.0 ] ] ] ] } },
{ "type": "Feature", "properties": { "LAYER": "PARCELARIO_BASE_CATASTRO", "MAP_NAME": "1010_2025.dwg", "ccpp1": "1010 1851", "LAYER_2": "PADRONES_2_VISTALBA" }, "geometry": { "type": "MultiPolygon", "coordinates": [ [ [ [ -68.902590450621219, -33.003055831588789, 0.0 ], [ -68.902282108051665, -33.003047342395725, 0.0 ], [ -68.902273426511798, -33.003263621014071, 0.0 ], [ -68.902581769832793, -33.00327211022968, 0.0 ], [ -68.902590450621219, -33.003055831588789, 0.0 ] ] ] ] } },
{ "type": "Feature", "properties": { "LAYER": "PARCELARIO_BASE_CATASTRO", "MAP_NAME": "1010_2025.dwg", "ccpp1": "1010 1848", "LAYER_2": "PADRONES_2_VISTALBA" }, "geometry": { "type": "MultiPolygon", "coordinates": [ [ [ [ -68.90202542333688, -33.003040274848765, 0.0 ], [ -68.901717080879223, -33.003031784260287, 0.0 ], [ -68.901708397962366, -33.003248062837301, 0.0 ], [ -68.902016741171479, -33.003256553448317, 0.0 ], [ -68.90202542333688, -33.003040274848765, 0.0 ] ] ] ] } },
{ "type": "Feature", "properties": { "LAYER": "PARCELARIO_BASE_CATASTRO", "MAP_NAME": "1010_2025.dwg", "ccpp1": "1010 1853", "LAYER_2": "PADRONES_2_VISTALBA" }, "geometry": { "type": "MultiPolygon", "coordinates": [ [ [ [ -68.902575367723301, -33.0034316157221, 0.0 ], [ -68.902224242878219, -33.003421948596561, 0.0 ], [ -68.902217840113835, -33.003581454065589, 0.0 ], [ -68.902568965590021, -33.003591121210043, 0.0 ], [ -68.902575367723301, -33.0034316157221, 0.0 ] ] ] ] } },
{ "type": "Feature", "properties": { "LAYER": "PARCELARIO_BASE_CATASTRO", "MAP_NAME": "1010_2025.dwg", "ccpp1": "1010 1852", "LAYER_2": "PADRONES_2_VISTALBA" }, "geometry": { "type": "MultiPolygon", "coordinates": [ [ [ [ -68.902581769832793, -33.00327211022968, 0.0 ], [ -68.902273426511798, -33.003263621014071, 0.0 ], [ -68.902230645618786, -33.003262443123091, 0.0 ], [ -68.902224242878219, -33.003421948596561, 0.0 ], [ -68.902575367723301, -33.0034316157221, 0.0 ], [ -68.902581769832793, -33.00327211022968, 0.0 ] ] ] ] } },
{ "type": "Feature", "properties": { "LAYER": "PARCELARIO_BASE_CATASTRO", "MAP_NAME": "1010_2025.dwg", "ccpp1": "1010 1850", "LAYER_2": "PADRONES_2_VISTALBA" }, "geometry": { "type": "MultiPolygon", "coordinates": [ [ [ [ -68.902282108051665, -33.003047342395725, 0.0 ], [ -68.902590450621219, -33.003055831588789, 0.0 ], [ -68.902597143903805, -33.002889070172898, 0.0 ], [ -68.902337631466082, -33.002880767094297, 0.0 ], [ -68.902335816663495, -33.002880706163928, 0.0 ], [ -68.902160510907891, -33.002875210574409, 0.0 ], [ -68.902153765688993, -33.003043808688197, 0.0 ], [ -68.902282108051665, -33.003047342395725, 0.0 ] ] ] ] } },
{ "type": "Feature", "properties": { "LAYER": "PARCELARIO_BASE_CATASTRO", "MAP_NAME": "1010_2025.dwg", "ccpp1": "1010 1849", "LAYER_2": "PADRONES_2_VISTALBA" }, "geometry": { "type": "MultiPolygon", "coordinates": [ [ [ [ -68.901723752364617, -33.002861408587158, 0.0 ], [ -68.901717080879223, -33.003031784260287, 0.0 ], [ -68.90202542333688, -33.003040274848765, 0.0 ], [ -68.902153765688993, -33.003043808688211, 0.0 ], [ -68.902160510907891, -33.002875210574409, 0.0 ], [ -68.901856644814899, -33.002865448213505, 0.0 ], [ -68.901858569770923, -33.002865567846399, 0.0 ], [ -68.901855560787652, -33.002865473509893, 0.0 ], [ -68.901723752364617, -33.002861408587158, 0.0 ] ] ] ] } },
{ "type": "Feature", "properties": { "LAYER": "PARCELARIO_BASE_CATASTRO", "MAP_NAME": "1010_2025.dwg", "ccpp1": "1010 1788", "LAYER_2": "PADRONES_2_VISTALBA" }, "geometry": { "type": "MultiPolygon", "coordinates": [ [ [ [ -68.902046715938482, -33.003576742336627, 0.0 ], [ -68.901695591159822, -33.003567059283419, 0.0 ], [ -68.901689187422306, -33.003726564985676, 0.0 ], [ -68.902040313411746, -33.003736233617822, 0.0 ], [ -68.902046715938482, -33.003576742336627, 0.0 ] ] ] ] } },
{ "type": "Feature", "properties": { "LAYER": "PARCELARIO_BASE_CATASTRO", "MAP_NAME": "1010_2025.dwg", "ccpp1": "1010 2011", "LAYER_2": "PADRONES_2_VISTALBA" }, "geometry": { "type": "MultiPolygon", "coordinates": [ [ [ [ -68.903519207605143, -33.005679837663081, 0.0 ], [ -68.903516710283739, -33.005864322179221, 0.0 ], [ -68.904077363171311, -33.005982363283266, 0.0 ], [ -68.904120924250975, -33.00599153871044, 0.0 ], [ -68.904157840229203, -33.005880896545563, 0.0 ], [ -68.904167891290442, -33.005850789196927, 0.0 ], [ -68.90409971310882, -33.005837471386855, 0.0 ], [ -68.90396173289372, -33.005856756746731, 0.0 ], [ -68.903909027524207, -33.005834683742989, 0.0 ], [ -68.903894241133841, -33.005828225379275, 0.0 ], [ -68.903893940846785, -33.005827840132589, 0.0 ], [ -68.903850120217825, -33.005771732080923, 0.0 ], [ -68.903795506689434, -33.005725205016923, 0.0 ], [ -68.903733443161258, -33.005688407576059, 0.0 ], [ -68.903663909150737, -33.005661467769499, 0.0 ], [ -68.903585918070561, -33.0056452946137, 0.0 ], [ -68.903519855765154, -33.005643772940431, 0.0 ], [ -68.903519207605143, -33.005679837663081, 0.0 ] ] ] ] } },
{ "type": "Feature", "properties": { "LAYER": "PARCELARIO_BASE_CATASTRO", "MAP_NAME": "1010_2025.dwg", "ccpp1": "1010 1772", "LAYER_2": "PADRONES_2_VISTALBA" }, "geometry": { "type": "MultiPolygon", "coordinates": [ [ [ [ -68.9069827664716, -33.007997837663666, 0.0 ], [ -68.907308340939878, -33.008067904682783, 0.0 ], [ -68.90730264735177, -33.008086687762763, 0.0 ], [ -68.907453399916989, -33.008119130091956, 0.0 ], [ -68.907531846869006, -33.007874501481254, 0.0 ], [ -68.90705188798033, -33.007769821181228, 0.0 ], [ -68.9069827664716, -33.007997837663666, 0.0 ] ] ] ] } },
{ "type": "Feature", "properties": { "LAYER": "PARCELARIO_BASE_CATASTRO", "MAP_NAME": "1010_2025.dwg", "ccpp1": "1010 1773", "LAYER_2": "PADRONES_2_VISTALBA" }, "geometry": { "type": "MultiPolygon", "coordinates": [ [ [ [ -68.907453399916989, -33.008119130091956, 0.0 ], [ -68.90730264735177, -33.008086687762763, 0.0 ], [ -68.907308340939878, -33.008067904682783, 0.0 ], [ -68.9069827664716, -33.007997837663666, 0.0 ], [ -68.906873410787128, -33.008358572338032, 0.0 ], [ -68.907358038174678, -33.008416504015706, 0.0 ], [ -68.907453399916989, -33.008119130091956, 0.0 ] ] ] ] } },
{ "type": "Feature", "properties": { "LAYER": "PARCELARIO_BASE_CATASTRO", "MAP_NAME": "1010_2025.dwg", "ccpp1": "1010 1875", "LAYER_2": "PADRONES_2_VISTALBA" }, "geometry": { "type": "MultiPolygon", "coordinates": [ [ [ [ -68.904940023841505, -33.003200345254065, 0.0 ], [ -68.905134666873451, -33.002985678913042, 0.0 ], [ -68.905000510281042, -33.002899312642164, 0.0 ], [ -68.904812673623383, -33.003127257435416, 0.0 ], [ -68.904940023841505, -33.003200345254065, 0.0 ] ] ] ] } },
{ "type": "Feature", "properties": { "LAYER": "PARCELARIO_BASE_CATASTRO", "MAP_NAME": "1010_2025.dwg", "ccpp1": "1010 1897", "LAYER_2": "PADRONES_2_VISTALBA" }, "geometry": { "type": "MultiPolygon", "coordinates": [ [ [ [ -68.90609782373113, -33.008265740908705, 0.0 ], [ -68.906398558732477, -33.008301737136492, 0.0 ], [ -68.906528390404858, -33.008052581602406, 0.0 ], [ -68.906516805301081, -33.008051236644064, 0.0 ], [ -68.906168952755607, -33.008010844790149, 0.0 ], [ -68.90609782373113, -33.008265740908705, 0.0 ] ] ] ] } },
{ "type": "Feature", "properties": { "LAYER": "PARCELARIO_BASE_CATASTRO", "MAP_NAME": "1010_2025.dwg", "ccpp1": "1010 1607", "LAYER_2": "PADRONES_2_VISTALBA" }, "geometry": { "type": "MultiPolygon", "coordinates": [ [ [ [ -68.905590331548609, -33.00243092727505, 0.0 ], [ -68.905294030834412, -33.002480827861937, 0.0 ], [ -68.905698965630023, -33.002805137630652, 0.0 ], [ -68.905781092228594, -33.002587771887214, 0.0 ], [ -68.905590331548609, -33.00243092727505, 0.0 ] ] ] ] } },
{ "type": "Feature", "properties": { "LAYER": "PARCELARIO_BASE_CATASTRO", "MAP_NAME": "1010_2025.dwg", "ccpp1": "1010 1609", "LAYER_2": "PADRONES_2_VISTALBA" }, "geometry": { "type": "MultiPolygon", "coordinates": [ [ [ [ -68.905532166700212, -33.001804862106766, 0.0 ], [ -68.905476951122608, -33.001957099002908, 0.0 ], [ -68.905424599528388, -33.002093690351487, 0.0 ], [ -68.905679999709946, -33.002356986375929, 0.0 ], [ -68.905768644963345, -33.002284833564843, 0.0 ], [ -68.905820156109669, -33.002040498347512, 0.0 ], [ -68.905532166700212, -33.001804862106766, 0.0 ] ] ] ] } },
{ "type": "Feature", "properties": { "LAYER": "PARCELARIO_BASE_CATASTRO", "MAP_NAME": "1010_2025.dwg", "ccpp1": "1010 1917", "LAYER_2": "PADRONES_2_VISTALBA" }, "geometry": { "type": "MultiPolygon", "coordinates": [ [ [ [ -68.898657954142152, -33.000867653601532, 0.0 ], [ -68.897959413613435, -33.000831040089992, 0.0 ], [ -68.897951649393988, -33.000924779225542, 0.0 ], [ -68.897952385454204, -33.000979745112325, 0.0 ], [ -68.898548054273618, -33.001012591760528, 0.0 ], [ -68.898585924443921, -33.000962543428237, 0.0 ], [ -68.898657954142152, -33.000867653601532, 0.0 ] ] ] ] } },
{ "type": "Feature", "properties": { "LAYER": "PARCELARIO_BASE_CATASTRO", "MAP_NAME": "1010_2025.dwg", "ccpp1": "1010 1874", "LAYER_2": "PADRONES_2_VISTALBA" }, "geometry": { "type": "MultiPolygon", "coordinates": [ [ [ [ -68.899087967418083, -33.004200080675396, 0.0 ], [ -68.899090175636005, -33.003941099788641, 0.0 ], [ -68.898737519498042, -33.003928975221854, 0.0 ], [ -68.898725274329294, -33.00418933050247, 0.0 ], [ -68.899087967418083, -33.004200080675396, 0.0 ] ] ] ] } },
{ "type": "Feature", "properties": { "LAYER": "PARCELARIO_BASE_CATASTRO", "MAP_NAME": "1010_2025.dwg", "ccpp1": "1010 1841", "LAYER_2": "PADRONES_2_VISTALBA" }, "geometry": { "type": "MultiPolygon", "coordinates": [ [ [ [ -68.905714466222165, -33.006331193069371, 0.0 ], [ -68.906170797515827, -33.006435262957908, 0.0 ], [ -68.906174823109254, -33.006423360259134, 0.0 ], [ -68.906174829568229, -33.006423324196973, 0.0 ], [ -68.906235024580383, -33.006235062590527, 0.0 ], [ -68.905782480113203, -33.006125178181442, 0.0 ], [ -68.905715887653585, -33.006326888641979, 0.0 ], [ -68.905714466222165, -33.006331193069371, 0.0 ] ] ] ] } },
{ "type": "Feature", "properties": { "LAYER": "PARCELARIO_BASE_CATASTRO", "MAP_NAME": "1010_2025.dwg", "ccpp1": "1010 1918", "LAYER_2": "PADRONES_2_VISTALBA" }, "geometry": { "type": "MultiPolygon", "coordinates": [ [ [ [ -68.906331823429824, -33.005045770579471, 0.0 ], [ -68.906590063113015, -33.005125093183253, 0.0 ], [ -68.906696746159341, -33.004791097152506, 0.0 ], [ -68.906443003506439, -33.004701864951777, 0.0 ], [ -68.906331823429824, -33.005045770579471, 0.0 ] ] ] ] } },
{ "type": "Feature", "properties": { "LAYER": "PARCELARIO_BASE_CATASTRO", "MAP_NAME": "1010_2025.dwg", "ccpp1": "1010 1919", "LAYER_2": "PADRONES_2_VISTALBA" }, "geometry": { "type": "MultiPolygon", "coordinates": [ [ [ [ -68.906073152356598, -33.004966314788604, 0.0 ], [ -68.906331823429824, -33.005045770579471, 0.0 ], [ -68.906443003506439, -33.004701864951777, 0.0 ], [ -68.906194676856813, -33.004612945579233, 0.0 ], [ -68.906073152356598, -33.004966314788604, 0.0 ] ] ] ] } },
{ "type": "Feature", "properties": { "LAYER": "PARCELARIO_BASE_CATASTRO", "MAP_NAME": "1010_2025.dwg", "ccpp1": "1010 1920", "LAYER_2": "PADRONES_2_VISTALBA" }, "geometry": { "type": "MultiPolygon", "coordinates": [ [ [ [ -68.905816189161655, -33.004887382933106, 0.0 ], [ -68.906073152356598, -33.004966314788604, 0.0 ], [ -68.90619468327364, -33.004612949190758, 0.0 ], [ -68.905948709894872, -33.004526419635816, 0.0 ], [ -68.905816189161655, -33.004887382933106, 0.0 ] ] ] ] } },
{ "type": "Feature", "properties": { "LAYER": "PARCELARIO_BASE_CATASTRO", "MAP_NAME": "1010_2025.dwg", "ccpp1": "1010 1921", "LAYER_2": "PADRONES_2_VISTALBA" }, "geometry": { "type": "MultiPolygon", "coordinates": [ [ [ [ -68.905816189161655, -33.004887382933106, 0.0 ], [ -68.905948710964978, -33.004526419636619, 0.0 ], [ -68.905631115008333, -33.004415498936048, 0.0 ], [ -68.905521332094935, -33.004758852218949, 0.0 ], [ -68.905762624722925, -33.004832971290824, 0.0 ], [ -68.905751582757446, -33.004867537560116, 0.0 ], [ -68.905816189161655, -33.004887382933106, 0.0 ] ] ] ] } },
{ "type": "Feature", "properties": { "LAYER": "PARCELARIO_BASE_CATASTRO", "MAP_NAME": "1010_2025.dwg", "ccpp1": "1010 81", "LAYER_2": "PADRONES_2_VISTALBA" }, "geometry": { "type": "MultiPolygon", "coordinates": [ [ [ [ -68.906557846334707, -33.005225389786865, 0.0 ], [ -68.905719619313928, -33.004967912030061, 0.0 ], [ -68.905708577314755, -33.005002478294742, 0.0 ], [ -68.905467284271097, -33.004928359119639, 0.0 ], [ -68.905364734328145, -33.005249381078414, 0.0 ], [ -68.905519443796251, -33.005291050189719, 0.0 ], [ -68.906452327462986, -33.005555440613385, 0.0 ], [ -68.906557846334707, -33.005225389786865, 0.0 ] ] ] ] } },
{ "type": "Feature", "properties": { "LAYER": "PARCELARIO_BASE_CATASTRO", "MAP_NAME": "1010_2025.dwg", "ccpp1": "1010 1691", "LAYER_2": "PADRONES_2_VISTALBA" }, "geometry": { "type": "MultiPolygon", "coordinates": [ [ [ [ -68.903574776298512, -33.004233530437759, 0.0 ], [ -68.905515430105311, -33.004777642739434, 0.0 ], [ -68.905521332094935, -33.004758852218949, 0.0 ], [ -68.905631115008333, -33.004415498936048, 0.0 ], [ -68.905631131613589, -33.004415446954205, 0.0 ], [ -68.904921193609766, -33.004168803946719, 0.0 ], [ -68.903602361472522, -33.003711063908909, 0.0 ], [ -68.903574776298512, -33.004233530437759, 0.0 ] ] ] ] } },
{ "type": "Feature", "properties": { "LAYER": "PARCELARIO_BASE_CATASTRO", "MAP_NAME": "1010_2025.dwg", "ccpp1": "1010 1812", "LAYER_2": "PADRONES_2_VISTALBA" }, "geometry": { "type": "MultiPolygon", "coordinates": [ [ [ [ -68.908269162068223, -33.032610435040986, 0.0 ], [ -68.908679588057083, -33.03257897018468, 0.0 ], [ -68.908795114246274, -33.032547487147141, 0.0 ], [ -68.908740597359525, -33.032478006834182, 0.0 ], [ -68.908631535934873, -33.032461516596506, 0.0 ], [ -68.908163968059171, -33.032459822650559, 0.0 ], [ -68.908269162068223, -33.032610435040986, 0.0 ] ] ] ] } },
{ "type": "Feature", "properties": { "LAYER": "PARCELARIO_BASE_CATASTRO", "MAP_NAME": "1010_2025.dwg", "ccpp1": "1010 1811", "LAYER_2": "PADRONES_2_VISTALBA" }, "geometry": { "type": "MultiPolygon", "coordinates": [ [ [ [ -68.908269162068223, -33.032610435040986, 0.0 ], [ -68.908399116716424, -33.032796497613688, 0.0 ], [ -68.908956942113278, -33.032753732012822, 0.0 ], [ -68.908795114246274, -33.032547487147141, 0.0 ], [ -68.908679588057083, -33.03257897018468, 0.0 ], [ -68.908269162068223, -33.032610435040986, 0.0 ] ] ] ] } },
{ "type": "Feature", "properties": { "LAYER": "PARCELARIO_BASE_CATASTRO", "MAP_NAME": "1010_2025.dwg", "ccpp1": "1010 1813", "LAYER_2": "PADRONES_2_VISTALBA" }, "geometry": { "type": "MultiPolygon", "coordinates": [ [ [ [ -68.907919372122606, -33.0327738912545, 0.0 ], [ -68.908091493230657, -33.032638503189013, 0.0 ], [ -68.908043800274527, -33.032459387008764, 0.0 ], [ -68.907710176123146, -33.032471139250156, 0.0 ], [ -68.907919372122606, -33.0327738912545, 0.0 ] ] ] ] } },
{ "type": "Feature", "properties": { "LAYER": "PARCELARIO_BASE_CATASTRO", "MAP_NAME": "1010_2025.dwg", "ccpp1": "1010 1814", "LAYER_2": "PADRONES_2_VISTALBA" }, "geometry": { "type": "MultiPolygon", "coordinates": [ [ [ [ -68.907789596903015, -33.032875970163253, 0.0 ], [ -68.907919372122606, -33.0327738912545, 0.0 ], [ -68.907710176123146, -33.032471139250156, 0.0 ], [ -68.907515253706023, -33.032478934151833, 0.0 ], [ -68.907789596903015, -33.032875970163253, 0.0 ] ] ] ] } },
{ "type": "Feature", "properties": { "LAYER": "PARCELARIO_BASE_CATASTRO", "MAP_NAME": "1010_2025.dwg", "ccpp1": "1010 1628", "LAYER_2": "PADRONES_2_VISTALBA" }, "geometry": { "type": "MultiPolygon", "coordinates": [ [ [ [ -68.899713600671873, -33.002797866118861, 0.0 ], [ -68.899093045980891, -33.002778243342973, 0.0 ], [ -68.899085217079303, -33.002984530289083, 0.0 ], [ -68.899213559055895, -33.002988069341392, 0.0 ], [ -68.899705538830034, -33.003001637524989, 0.0 ], [ -68.899713600671873, -33.002797866118861, 0.0 ] ] ] ] } },
{ "type": "Feature", "properties": { "LAYER": "PARCELARIO_BASE_CATASTRO", "MAP_NAME": "1010_2025.dwg", "ccpp1": "1010 1627", "LAYER_2": "PADRONES_2_VISTALBA" }, "geometry": { "type": "MultiPolygon", "coordinates": [ [ [ [ -68.898391241152581, -33.002756047601025, 0.0 ], [ -68.898372151250598, -33.002755443795927, 0.0 ], [ -68.898361831115352, -33.003044725224534, 0.0 ], [ -68.898953614810097, -33.003064904935258, 0.0 ], [ -68.898956874046476, -33.002980991075418, 0.0 ], [ -68.899085217079303, -33.002984530289083, 0.0 ], [ -68.899093045980891, -33.002778243342973, 0.0 ], [ -68.898391241152581, -33.002756047601025, 0.0 ] ] ] ] } },
{ "type": "Feature", "properties": { "LAYER": "PARCELARIO_BASE_CATASTRO", "MAP_NAME": "1010_2025.dwg", "ccpp1": "1010 645", "LAYER_2": "PADRONES_2_VISTALBA" }, "geometry": { "type": "MultiPolygon", "coordinates": [ [ [ [ -68.896068726244323, -33.001664956472737, 0.0 ], [ -68.896098388733705, -33.001265974117928, 0.0 ], [ -68.895842165208904, -33.001251278786796, 0.0 ], [ -68.895812539594189, -33.001649776009337, 0.0 ], [ -68.896068726244323, -33.001664956472737, 0.0 ] ] ] ] } },
{ "type": "Feature", "properties": { "LAYER": "PARCELARIO_BASE_CATASTRO", "MAP_NAME": "1010_2025.dwg", "ccpp1": "1010 1924", "LAYER_2": "PADRONES_2_VISTALBA" }, "geometry": { "type": "MultiPolygon", "coordinates": [ [ [ [ -68.896459208740623, -33.00168808974847, 0.0 ], [ -68.896480983297749, -33.001287915951785, 0.0 ], [ -68.896290553759655, -33.001276994592772, 0.0 ], [ -68.896260864953121, -33.001676341248839, 0.0 ], [ -68.896459208740623, -33.00168808974847, 0.0 ] ] ] ] } },
{ "type": "Feature", "properties": { "LAYER": "PARCELARIO_BASE_CATASTRO", "MAP_NAME": "1010_2025.dwg", "ccpp1": "1010 1925", "LAYER_2": "PADRONES_2_VISTALBA" }, "geometry": { "type": "MultiPolygon", "coordinates": [ [ [ [ -68.896260864953121, -33.001676341248839, 0.0 ], [ -68.896290553759655, -33.001276994592772, 0.0 ], [ -68.896098388733705, -33.001265974117928, 0.0 ], [ -68.896068726244323, -33.001664956472737, 0.0 ], [ -68.896260864953121, -33.001676341248839, 0.0 ] ] ] ] } },
{ "type": "Feature", "properties": { "LAYER": "PARCELARIO_BASE_CATASTRO", "MAP_NAME": "1010_2025.dwg", "ccpp1": "1010 1809", "LAYER_2": "PADRONES_2_VISTALBA" }, "geometry": { "type": "MultiPolygon", "coordinates": [ [ [ [ -68.901666359981888, -33.004444060917066, 0.0 ], [ -68.901412268056561, -33.004434740057938, 0.0 ], [ -68.901415712057997, -33.004362228203902, 0.0 ], [ -68.901159010584593, -33.004352746975371, 0.0 ], [ -68.901150412139074, -33.004533258372078, 0.0 ], [ -68.901663842117443, -33.004551995841304, 0.0 ], [ -68.901666359981888, -33.004444060917066, 0.0 ] ] ] ] } },
{ "type": "Feature", "properties": { "LAYER": "PARCELARIO_BASE_CATASTRO", "MAP_NAME": "1010_2025.dwg", "ccpp1": "1010 1808", "LAYER_2": "PADRONES_2_VISTALBA" }, "geometry": { "type": "MultiPolygon", "coordinates": [ [ [ [ -68.901415712057997, -33.004362228203902, 0.0 ], [ -68.901412268056561, -33.004434740057938, 0.0 ], [ -68.901666359981888, -33.004444060917066, 0.0 ], [ -68.901667751880552, -33.004375859253351, 0.0 ], [ -68.901671133694492, -33.004237675584839, 0.0 ], [ -68.901422063211172, -33.004228426326797, 0.0 ], [ -68.901415712057997, -33.004362228203902, 0.0 ] ] ] ] } },
{ "type": "Feature", "properties": { "LAYER": "PARCELARIO_BASE_CATASTRO", "MAP_NAME": "1010_2025.dwg", "ccpp1": "1010 1840", "LAYER_2": "PADRONES_2_VISTALBA" }, "geometry": { "type": "MultiPolygon", "coordinates": [ [ [ [ -68.905878548444093, -33.005834182538074, 0.0 ], [ -68.906011789544038, -33.005430587386542, 0.0 ], [ -68.905796516972927, -33.005369576421316, 0.0 ], [ -68.905656621101272, -33.005766724451703, 0.0 ], [ -68.905780779700436, -33.005799182648857, 0.0 ], [ -68.905777608625144, -33.005807794425486, 0.0 ], [ -68.905878548444093, -33.005834182538074, 0.0 ] ] ] ] } },
{ "type": "Feature", "properties": { "LAYER": "PARCELARIO_BASE_CATASTRO", "MAP_NAME": "1010_2025.dwg", "ccpp1": "1010 1840", "LAYER_2": "PADRONES_2_VISTALBA" }, "geometry": { "type": "MultiPolygon", "coordinates": [ [ [ [ -68.905878548444093, -33.005834182538074, 0.0 ], [ -68.906011789544038, -33.005430587386542, 0.0 ], [ -68.905796516972927, -33.005369576421316, 0.0 ], [ -68.905656621101272, -33.005766724451703, 0.0 ], [ -68.905780779700436, -33.005799182648857, 0.0 ], [ -68.905777608625144, -33.005807794425486, 0.0 ], [ -68.905878548444093, -33.005834182538074, 0.0 ] ] ] ] } },
{ "type": "Feature", "properties": { "LAYER": "PARCELARIO_BASE_CATASTRO", "MAP_NAME": "1010_2025.dwg", "ccpp1": "1010 1931", "LAYER_2": "PADRONES_2_VISTALBA" }, "geometry": { "type": "MultiPolygon", "coordinates": [ [ [ [ -68.905476782306565, -33.006277286402096, 0.0 ], [ -68.905796516805111, -33.005369576897749, 0.0 ], [ -68.905606040452611, -33.005315592590193, 0.0 ], [ -68.905519443796251, -33.005291050189719, 0.0 ], [ -68.905392179977298, -33.005256773246664, 0.0 ], [ -68.905080511926528, -33.006193317637589, 0.0 ], [ -68.905457698063699, -33.006272958076948, 0.0 ], [ -68.905476782306565, -33.006277286402096, 0.0 ] ] ] ] } },
{ "type": "Feature", "properties": { "LAYER": "PARCELARIO_BASE_CATASTRO", "MAP_NAME": "1010_2025.dwg", "ccpp1": "1010 1932", "LAYER_2": "PADRONES_2_VISTALBA" }, "geometry": { "type": "MultiPolygon", "coordinates": [ [ [ [ -68.905620082377766, -33.005870453015433, 0.0 ], [ -68.905476782306565, -33.006277286402089, 0.0 ], [ -68.905714466222165, -33.006331193069371, 0.0 ], [ -68.905782480113203, -33.006125178181442, 0.0 ], [ -68.905849709976138, -33.005921534966667, 0.0 ], [ -68.90574590072795, -33.005893904339274, 0.0 ], [ -68.905742729645851, -33.005902516114972, 0.0 ], [ -68.905620082377766, -33.005870453015433, 0.0 ] ] ] ] } },
{ "type": "Feature", "properties": { "LAYER": "PARCELARIO_BASE_CATASTRO", "MAP_NAME": "1010_2025.dwg", "ccpp1": "1010 1886", "LAYER_2": "PADRONES_2_VISTALBA" }, "geometry": { "type": "MultiPolygon", "coordinates": [ [ [ [ -68.905782480113203, -33.006125178181442, 0.0 ], [ -68.906235024580383, -33.006235062590527, 0.0 ], [ -68.906239456737254, -33.006221200853545, 0.0 ], [ -68.906297394605375, -33.006039997635625, 0.0 ], [ -68.905849709976138, -33.005921534966667, 0.0 ], [ -68.905782889147588, -33.00612394048953, 0.0 ], [ -68.905782480113203, -33.006125178181442, 0.0 ] ] ] ] } },
{ "type": "Feature", "properties": { "LAYER": "PARCELARIO_BASE_CATASTRO", "MAP_NAME": "1010_2025.dwg", "ccpp1": "1010 1835", "LAYER_2": "PADRONES_2_VISTALBA" }, "geometry": { "type": "MultiPolygon", "coordinates": [ [ [ [ -68.899166071300968, -32.996803195961064, 0.0 ], [ -68.899212341274023, -32.996988274552308, 0.0 ], [ -68.899738662581157, -32.996899143777533, 0.0 ], [ -68.899690716227951, -32.99671378721586, 0.0 ], [ -68.899166071300968, -32.996803195961064, 0.0 ] ] ] ] } },
{ "type": "Feature", "properties": { "LAYER": "PARCELARIO_BASE_CATASTRO", "MAP_NAME": "1010_2025.dwg", "ccpp1": "1010 1610", "LAYER_2": "PADRONES_2_VISTALBA" }, "geometry": { "type": "MultiPolygon", "coordinates": [ [ [ [ -68.90582015076599, -33.002040492031732, 0.0 ], [ -68.905768644963345, -33.002284833564843, 0.0 ], [ -68.90595381410742, -33.002429909527088, 0.0 ], [ -68.906133562277475, -33.002276386564034, 0.0 ], [ -68.90582015076599, -33.002040492031732, 0.0 ] ] ] ] } },
{ "type": "Feature", "properties": { "LAYER": "PARCELARIO_BASE_CATASTRO", "MAP_NAME": "1010_2025.dwg", "ccpp1": "1010 1611", "LAYER_2": "PADRONES_2_VISTALBA" }, "geometry": { "type": "MultiPolygon", "coordinates": [ [ [ [ -68.906133562277475, -33.002276386564034, 0.0 ], [ -68.905953818395417, -33.002429902316905, 0.0 ], [ -68.905944584866788, -33.002438774165824, 0.0 ], [ -68.906197529898961, -33.002641116668094, 0.0 ], [ -68.906324212809992, -33.002418572620158, 0.0 ], [ -68.906133562277475, -33.002276386564034, 0.0 ] ] ] ] } },
{ "type": "Feature", "properties": { "LAYER": "PARCELARIO_BASE_CATASTRO", "MAP_NAME": "1010_2025.dwg", "ccpp1": "1010 1821", "LAYER_2": "PADRONES_2_VISTALBA" }, "geometry": { "type": "MultiPolygon", "coordinates": [ [ [ [ -68.904549337731638, -33.002608855108974, 0.0 ], [ -68.904395747000635, -33.002509975190577, 0.0 ], [ -68.904186293482041, -33.00276994726984, 0.0 ], [ -68.904347156979014, -33.00286167190324, 0.0 ], [ -68.904549337731638, -33.002608855108974, 0.0 ] ] ] ] } },
{ "type": "Feature", "properties": { "LAYER": "PARCELARIO_BASE_CATASTRO", "MAP_NAME": "1010_2025.dwg", "ccpp1": "1010 1888", "LAYER_2": "PADRONES_2_VISTALBA" }, "geometry": { "type": "MultiPolygon", "coordinates": [ [ [ [ -68.904708786683997, -33.002711505610087, 0.0 ], [ -68.904549337731638, -33.002608855108974, 0.0 ], [ -68.904347160188308, -33.002861672807391, 0.0 ], [ -68.904516377497288, -33.002958027417151, 0.0 ], [ -68.904708786683997, -33.002711505610087, 0.0 ] ] ] ] } },
{ "type": "Feature", "properties": { "LAYER": "PARCELARIO_BASE_CATASTRO", "MAP_NAME": "1010_2025.dwg", "ccpp1": "1010 1889", "LAYER_2": "PADRONES_2_VISTALBA" }, "geometry": { "type": "MultiPolygon", "coordinates": [ [ [ [ -68.904873109026013, -33.002817294747693, 0.0 ], [ -68.904708786683031, -33.002711506511773, 0.0 ], [ -68.904516379632611, -33.002958031927179, 0.0 ], [ -68.90468023738876, -33.00305125069336, 0.0 ], [ -68.904873109026013, -33.002817294747693, 0.0 ] ] ] ] } },
{ "type": "Feature", "properties": { "LAYER": "PARCELARIO_BASE_CATASTRO", "MAP_NAME": "1010_2025.dwg", "ccpp1": "1010 1929", "LAYER_2": "PADRONES_2_VISTALBA" }, "geometry": { "type": "MultiPolygon", "coordinates": [ [ [ [ -68.90961624466415, -33.035518671575083, 0.0 ], [ -68.909652992581087, -33.035502560073631, 0.0 ], [ -68.909659960701688, -33.035512707119004, 0.0 ], [ -68.909776754377177, -33.035461500046139, 0.0 ], [ -68.90986169997997, -33.035530188553615, 0.0 ], [ -68.909975071284819, -33.035584193057495, 0.0 ], [ -68.909903037191711, -33.035486557675199, 0.0 ], [ -68.909868713015399, -33.03544893318746, 0.0 ], [ -68.909742460556743, -33.035280770368949, 0.0 ], [ -68.909478013320637, -33.035318629334718, 0.0 ], [ -68.90961624466415, -33.035518671575083, 0.0 ] ] ] ] } },
{ "type": "Feature", "properties": { "LAYER": "PARCELARIO_BASE_CATASTRO", "MAP_NAME": "1010_2025.dwg", "ccpp1": "1010 1930", "LAYER_2": "PADRONES_2_VISTALBA" }, "geometry": { "type": "MultiPolygon", "coordinates": [ [ [ [ -68.909159338659592, -33.012760666422572, 0.0 ], [ -68.909581929247125, -33.012798895726576, 0.0 ], [ -68.909610847029768, -33.012505516600626, 0.0 ], [ -68.909187993463576, -33.012465190991207, 0.0 ], [ -68.909159338659592, -33.012760666422572, 0.0 ] ] ] ] } },
{ "type": "Feature", "properties": { "LAYER": "PARCELARIO_BASE_CATASTRO", "MAP_NAME": "1010_2025.dwg", "ccpp1": "1010 1930", "LAYER_2": "PADRONES_2_VISTALBA" }, "geometry": { "type": "MultiPolygon", "coordinates": [ [ [ [ -68.909610847029768, -33.012505516600626, 0.0 ], [ -68.909187994160988, -33.012465184734715, 0.0 ], [ -68.909159338659592, -33.012760666422594, 0.0 ], [ -68.909581929247125, -33.012798895726576, 0.0 ], [ -68.909610847029768, -33.012505516600626, 0.0 ] ] ] ] } },
{ "type": "Feature", "properties": { "LAYER": "PARCELARIO_BASE_CATASTRO", "MAP_NAME": "1010_2025.dwg", "ccpp1": "1010 247", "LAYER_2": "PADRONES_2_VISTALBA" }, "geometry": { "type": "MultiPolygon", "coordinates": [ [ [ [ -68.908309494899868, -33.013383917166117, 0.0 ], [ -68.908512068397243, -33.013402617765529, 0.0 ], [ -68.908513398261832, -33.013390580482593, 0.0 ], [ -68.908568674259541, -33.012890270002806, 0.0 ], [ -68.908372624590882, -33.012872850153755, 0.0 ], [ -68.90831140194804, -33.013368477389328, 0.0 ], [ -68.908309494899868, -33.013383917166117, 0.0 ] ] ] ] } },
{ "type": "Feature", "properties": { "LAYER": "PARCELARIO_BASE_CATASTRO", "MAP_NAME": "1010_2025.dwg", "ccpp1": "1010 1695", "LAYER_2": "PADRONES_2_VISTALBA" }, "geometry": { "type": "MultiPolygon", "coordinates": [ [ [ [ -68.908512068397243, -33.013402617765529, 0.0 ], [ -68.908720520115551, -33.013421861536493, 0.0 ], [ -68.908721458904154, -33.013413347709708, 0.0 ], [ -68.90874817489177, -33.013171041286789, 0.0 ], [ -68.908777345972354, -33.012908810534114, 0.0 ], [ -68.908568674259541, -33.012890270002806, 0.0 ], [ -68.908513398261832, -33.013390580482593, 0.0 ], [ -68.908512068397243, -33.013402617765529, 0.0 ] ] ] ] } },
{ "type": "Feature", "properties": { "LAYER": "PARCELARIO_BASE_CATASTRO", "MAP_NAME": "1010_2025.dwg", "ccpp1": "1010 1904", "LAYER_2": "PADRONES_2_VISTALBA" }, "geometry": { "type": "MultiPolygon", "coordinates": [ [ [ [ -68.897544017837319, -32.997112212731381, 0.0 ], [ -68.897509937769769, -32.996927074107596, 0.0 ], [ -68.897076777696583, -32.996944873938155, 0.0 ], [ -68.897098169989519, -32.997061503635713, 0.0 ], [ -68.897170966246719, -32.997048825624717, 0.0 ], [ -68.8972414208977, -32.997071561707216, 0.0 ], [ -68.897286061660424, -32.997122696467805, 0.0 ], [ -68.897544017837319, -32.997112212731381, 0.0 ] ] ] ] } },
{ "type": "Feature", "properties": { "LAYER": "PARCELARIO_BASE_CATASTRO", "MAP_NAME": "1010_2025.dwg", "ccpp1": "1010 1905", "LAYER_2": "PADRONES_2_VISTALBA" }, "geometry": { "type": "MultiPolygon", "coordinates": [ [ [ [ -68.897076777696583, -32.996944873938155, 0.0 ], [ -68.89685008184729, -32.99695408871338, 0.0 ], [ -68.896859638688213, -32.996990412467021, 0.0 ], [ -68.896959022118523, -32.997408172874572, 0.0 ], [ -68.897119693234004, -32.997401891749874, 0.0 ], [ -68.897111970314725, -32.997265926950128, 0.0 ], [ -68.897051987944621, -32.99722742729989, 0.0 ], [ -68.897026333873839, -32.997167841372438, 0.0 ], [ -68.897043139646485, -32.997106065122345, 0.0 ], [ -68.897098169989519, -32.997061503635713, 0.0 ], [ -68.897076777696583, -32.996944873938155, 0.0 ] ] ] ] } },
{ "type": "Feature", "properties": { "LAYER": "PARCELARIO_BASE_CATASTRO", "MAP_NAME": "1010_2025.dwg", "ccpp1": "1010 1906", "LAYER_2": "PADRONES_2_VISTALBA" }, "geometry": { "type": "MultiPolygon", "coordinates": [ [ [ [ -68.897594176076268, -32.997384790557106, 0.0 ], [ -68.897555573173904, -32.99717500236514, 0.0 ], [ -68.897290707114152, -32.997185991691552, 0.0 ], [ -68.897253870697696, -32.997241324339193, 0.0 ], [ -68.897187235953893, -32.997271116789676, 0.0 ], [ -68.897111970314725, -32.997265926950128, 0.0 ], [ -68.897119693234004, -32.997401891749874, 0.0 ], [ -68.897132873296428, -32.997401374227408, 0.0 ], [ -68.897452191027639, -32.997388766380304, 0.0 ], [ -68.897594176076268, -32.997384790557106, 0.0 ] ] ] ] } },
{ "type": "Feature", "properties": { "LAYER": "PARCELARIO_BASE_CATASTRO", "MAP_NAME": "1010_2025.dwg", "ccpp1": "1010 1907", "LAYER_2": "PADRONES_2_VISTALBA" }, "geometry": { "type": "MultiPolygon", "coordinates": [ [ [ [ -68.897555573173904, -32.99717500236514, 0.0 ], [ -68.897594176076268, -32.997384790557106, 0.0 ], [ -68.897695954179582, -32.99738194049727, 0.0 ], [ -68.89797608749565, -32.997377764137241, 0.0 ], [ -68.897943606019993, -32.997167601805934, 0.0 ], [ -68.897555573173904, -32.99717500236514, 0.0 ] ] ] ] } },
{ "type": "Feature", "properties": { "LAYER": "PARCELARIO_BASE_CATASTRO", "MAP_NAME": "1010_2025.dwg", "ccpp1": "1010 1923", "LAYER_2": "PADRONES_2_VISTALBA" }, "geometry": { "type": "MultiPolygon", "coordinates": [ [ [ [ -68.904340243658993, -33.002131425248535, 0.0 ], [ -68.904443515539995, -33.002273738346751, 0.0 ], [ -68.904647162718206, -33.002014052619849, 0.0 ], [ -68.90451428286768, -33.00190949366899, 0.0 ], [ -68.904340243658993, -33.002131425248535, 0.0 ] ] ] ] } },
{ "type": "Feature", "properties": { "LAYER": "PARCELARIO_BASE_CATASTRO", "MAP_NAME": "1010_2025.dwg", "ccpp1": "1010 128", "LAYER_2": "PADRONES_2_VISTALBA" }, "geometry": { "type": "MultiPolygon", "coordinates": [ [ [ [ -68.909541803301167, -33.004990254225085, 0.0 ], [ -68.909665132635297, -33.005020913949082, 0.0 ], [ -68.909658823980237, -33.00503803671613, 0.0 ], [ -68.910223370482584, -33.005178398509692, 0.0 ], [ -68.910246019378349, -33.004893200302632, 0.0 ], [ -68.909731907069073, -33.004667513430732, 0.0 ], [ -68.909683937105072, -33.00460674815853, 0.0 ], [ -68.909541803301167, -33.004990254225085, 0.0 ] ] ] ] } },
{ "type": "Feature", "properties": { "LAYER": "PARCELARIO_BASE_CATASTRO", "MAP_NAME": "1010_2025.dwg", "ccpp1": "1010 1892", "LAYER_2": "PADRONES_2_VISTALBA" }, "geometry": { "type": "MultiPolygon", "coordinates": [ [ [ [ -68.909541803301167, -33.004990254225085, 0.0 ], [ -68.909683937105072, -33.00460674815853, 0.0 ], [ -68.909565419453983, -33.004456623487002, 0.0 ], [ -68.909516229800971, -33.004503817626919, 0.0 ], [ -68.909467692206249, -33.004585177621252, 0.0 ], [ -68.909378655431226, -33.004825336603403, 0.0 ], [ -68.909327134080556, -33.004964205060958, 0.0 ], [ -68.909317220973293, -33.004990983042568, 0.0 ], [ -68.909522602871931, -33.005042056013735, 0.0 ], [ -68.909541803301167, -33.004990254225085, 0.0 ] ] ] ] } },
{ "type": "Feature", "properties": { "LAYER": "PARCELARIO_BASE_CATASTRO", "MAP_NAME": "1010_2025.dwg", "ccpp1": "1010 1687", "LAYER_2": "PADRONES_2_VISTALBA" }, "geometry": { "type": "MultiPolygon", "coordinates": [ [ [ [ -68.909317220973293, -33.004990983042568, 0.0 ], [ -68.909257437462756, -33.00515245949466, 0.0 ], [ -68.909191905771962, -33.005328908567222, 0.0 ], [ -68.90939735795844, -33.005379961956677, 0.0 ], [ -68.909502566492066, -33.005096118595972, 0.0 ], [ -68.909522602871931, -33.005042056013735, 0.0 ], [ -68.909317220973293, -33.004990983042568, 0.0 ] ] ] ] } },
{ "type": "Feature", "properties": { "LAYER": "PARCELARIO_BASE_CATASTRO", "MAP_NAME": "1010_2025.dwg", "ccpp1": "1010 1688", "LAYER_2": "PADRONES_2_VISTALBA" }, "geometry": { "type": "MultiPolygon", "coordinates": [ [ [ [ -68.909502566492066, -33.005096118595972, 0.0 ], [ -68.90939735795844, -33.005379961956677, 0.0 ], [ -68.909747022752882, -33.005466841043734, 0.0 ], [ -68.910191662004124, -33.005577454699285, 0.0 ], [ -68.910217284163352, -33.005255017640962, 0.0 ], [ -68.90963231277621, -33.005109589849283, 0.0 ], [ -68.909625897005043, -33.005126802704453, 0.0 ], [ -68.909502566492066, -33.005096118595972, 0.0 ] ] ] ] } },
{ "type": "Feature", "properties": { "LAYER": "PARCELARIO_BASE_CATASTRO", "MAP_NAME": "1010_2025.dwg", "ccpp1": "1010 1761", "LAYER_2": "PADRONES_2_VISTALBA" }, "geometry": { "type": "MultiPolygon", "coordinates": [ [ [ [ -68.904186293482041, -33.00276994726984, 0.0 ], [ -68.904422794255524, -33.002476404857951, 0.0 ], [ -68.904294814553083, -33.002265182945223, 0.0 ], [ -68.903988893912341, -33.002661856864897, 0.0 ], [ -68.904186293482041, -33.00276994726984, 0.0 ] ] ] ] } },
{ "type": "Feature", "properties": { "LAYER": "PARCELARIO_BASE_CATASTRO", "MAP_NAME": "1010_2025.dwg", "ccpp1": "1010 1943", "LAYER_2": "PADRONES_2_VISTALBA" }, "geometry": { "type": "MultiPolygon", "coordinates": [ [ [ [ -68.898366161465702, -33.002909631686613, 0.0 ], [ -68.89782266226635, -33.00289596140761, 0.0 ], [ -68.897816007090938, -33.003140344377755, 0.0 ], [ -68.898357081686598, -33.003155257991629, 0.0 ], [ -68.898364127906845, -33.002964643671469, 0.0 ], [ -68.898366161465702, -33.002909631686613, 0.0 ] ] ] ] } },
{ "type": "Feature", "properties": { "LAYER": "PARCELARIO_BASE_CATASTRO", "MAP_NAME": "1010_2025.dwg", "ccpp1": "1010 1758", "LAYER_2": "PADRONES_2_VISTALBA" }, "geometry": { "type": "MultiPolygon", "coordinates": [ [ [ [ -68.898961720852185, -33.005442879336499, 0.0 ], [ -68.899279684238465, -33.005456110496851, 0.0 ], [ -68.899289897932107, -33.005057338238558, 0.0 ], [ -68.899296183471307, -33.004893740560497, 0.0 ], [ -68.899305196354675, -33.004725735883291, 0.0 ], [ -68.898985623901837, -33.004718222816614, 0.0 ], [ -68.89897290388916, -33.004717880706465, 0.0 ], [ -68.89896767451296, -33.004920427110292, 0.0 ], [ -68.898966650375613, -33.00494768484036, 0.0 ], [ -68.898951354023168, -33.005442453469506, 0.0 ], [ -68.898961720852185, -33.005442879336499, 0.0 ] ] ] ] } },
{ "type": "Feature", "properties": { "LAYER": "PARCELARIO_BASE_CATASTRO", "MAP_NAME": "1010_2025.dwg", "ccpp1": "1010 1894", "LAYER_2": "PADRONES_2_VISTALBA" }, "geometry": { "type": "MultiPolygon", "coordinates": [ [ [ [ -68.898186562773148, -33.007097351600635, 0.0 ], [ -68.898201833178646, -33.006685057632581, 0.0 ], [ -68.89803073025773, -33.006679685560549, 0.0 ], [ -68.8980295114049, -33.006715931918514, 0.0 ], [ -68.89801598411114, -33.007092313555312, 0.0 ], [ -68.898186562773148, -33.007097351600635, 0.0 ] ] ] ] } },
{ "type": "Feature", "properties": { "LAYER": "PARCELARIO_BASE_CATASTRO", "MAP_NAME": "1010_2025.dwg", "ccpp1": "1010 1972", "LAYER_2": "PADRONES_2_VISTALBA" }, "geometry": { "type": "MultiPolygon", "coordinates": [ [ [ [ -68.907311679469714, -33.023037136634755, 0.0 ], [ -68.907806041182766, -33.02308745911813, 0.0 ], [ -68.907868580774831, -33.022666559155333, 0.0 ], [ -68.907361330568321, -33.022615013700083, 0.0 ], [ -68.907311679469714, -33.023037136634755, 0.0 ] ] ] ] } },
{ "type": "Feature", "properties": { "LAYER": "PARCELARIO_BASE_CATASTRO", "MAP_NAME": "1010_2025.dwg", "ccpp1": "1010 253", "LAYER_2": "PADRONES_2_VISTALBA" }, "geometry": { "type": "MultiPolygon", "coordinates": [ [ [ [ -68.89935578825704, -32.997907775116651, 0.0 ], [ -68.899283358593934, -32.998243537186696, 0.0 ], [ -68.899539271076165, -32.998259276557931, 0.0 ], [ -68.899572535923184, -32.998103707282247, 0.0 ], [ -68.899617985390378, -32.997891154607096, 0.0 ], [ -68.89962928264255, -32.997838320021849, 0.0 ], [ -68.89935578825704, -32.997907775116651, 0.0 ] ] ] ] } },
{ "type": "Feature", "properties": { "LAYER": "PARCELARIO_BASE_CATASTRO", "MAP_NAME": "1010_2025.dwg", "ccpp1": "1010 1935", "LAYER_2": "PADRONES_2_VISTALBA" }, "geometry": { "type": "MultiPolygon", "coordinates": [ [ [ [ -68.899283358593934, -32.998243537186696, 0.0 ], [ -68.89935578825704, -32.997907775116651, 0.0 ], [ -68.899295521862598, -32.99792308027105, 0.0 ], [ -68.898998325897978, -32.997908866909874, 0.0 ], [ -68.898930313362797, -32.998221823533193, 0.0 ], [ -68.899283358593934, -32.998243537186696, 0.0 ] ] ] ] } },
{ "type": "Feature", "properties": { "LAYER": "PARCELARIO_BASE_CATASTRO", "MAP_NAME": "1010_2025.dwg", "ccpp1": "1010 1893", "LAYER_2": "PADRONES_2_VISTALBA" }, "geometry": { "type": "MultiPolygon", "coordinates": [ [ [ [ -68.9061553497544, -33.003568474135648, 0.0 ], [ -68.905830458228905, -33.003334321196029, 0.0 ], [ -68.905811979611073, -33.003354685133942, 0.0 ], [ -68.90577146746304, -33.003373299418548, 0.0 ], [ -68.905724402658564, -33.003377246587782, 0.0 ], [ -68.905677605735775, -33.00336576987155, 0.0 ], [ -68.90566705096991, -33.003358127405377, 0.0 ], [ -68.905558055900286, -33.003543513440874, 0.0 ], [ -68.906038358294708, -33.003809662906228, 0.0 ], [ -68.9061553497544, -33.003568474135648, 0.0 ] ] ] ] } },
{ "type": "Feature", "properties": { "LAYER": "PARCELARIO_BASE_CATASTRO", "MAP_NAME": "1010_2025.dwg", "ccpp1": "1010 1798", "LAYER_2": "PADRONES_2_VISTALBA" }, "geometry": { "type": "MultiPolygon", "coordinates": [ [ [ [ -68.905830458228905, -33.003334321196029, 0.0 ], [ -68.9061553497544, -33.003568474135648, 0.0 ], [ -68.906278695752448, -33.00331401456485, 0.0 ], [ -68.905968007963864, -33.003062414132096, 0.0 ], [ -68.905817642732757, -33.003208488046312, 0.0 ], [ -68.905841783070244, -33.003246648054926, 0.0 ], [ -68.905849680449279, -33.003286855237725, 0.0 ], [ -68.905839424340058, -33.003324441081425, 0.0 ], [ -68.905830458228905, -33.003334321196029, 0.0 ] ] ] ] } },
{ "type": "Feature", "properties": { "LAYER": "PARCELARIO_BASE_CATASTRO", "MAP_NAME": "1010_2025.dwg", "ccpp1": "1010 1938", "LAYER_2": "PADRONES_2_VISTALBA" }, "geometry": { "type": "MultiPolygon", "coordinates": [ [ [ [ -68.905229935888414, -33.036086110986993, 0.0 ], [ -68.905399963465044, -33.036079528090795, 0.0 ], [ -68.905211210393063, -33.035808682375709, 0.0 ], [ -68.905044426228102, -33.035819918424394, 0.0 ], [ -68.905229935888414, -33.036086110986993, 0.0 ] ] ] ] } },
{ "type": "Feature", "properties": { "LAYER": "PARCELARIO_BASE_CATASTRO", "MAP_NAME": "1010_2025.dwg", "ccpp1": "1010 1939", "LAYER_2": "PADRONES_2_VISTALBA" }, "geometry": { "type": "MultiPolygon", "coordinates": [ [ [ [ -68.905059420157087, -33.036092713997796, 0.0 ], [ -68.905229935888414, -33.036086110986993, 0.0 ], [ -68.905044426228102, -33.035819918424394, 0.0 ], [ -68.904877162408937, -33.035831186344588, 0.0 ], [ -68.905059420157087, -33.036092713997796, 0.0 ] ] ] ] } },
{ "type": "Feature", "properties": { "LAYER": "PARCELARIO_BASE_CATASTRO", "MAP_NAME": "1010_2025.dwg", "ccpp1": "1010 1940", "LAYER_2": "PADRONES_2_VISTALBA" }, "geometry": { "type": "MultiPolygon", "coordinates": [ [ [ [ -68.904708058899843, -33.036106319289821, 0.0 ], [ -68.904879422015952, -33.036099683949217, 0.0 ], [ -68.904702506301405, -33.0358429524291, 0.0 ], [ -68.904536042108603, -33.035854165500623, 0.0 ], [ -68.904708058899843, -33.036106319289821, 0.0 ] ] ] ] } },
{ "type": "Feature", "properties": { "LAYER": "PARCELARIO_BASE_CATASTRO", "MAP_NAME": "1010_2025.dwg", "ccpp1": "1010 1941", "LAYER_2": "PADRONES_2_VISTALBA" }, "geometry": { "type": "MultiPolygon", "coordinates": [ [ [ [ -68.904540091162829, -33.036112822928814, 0.0 ], [ -68.904708058899843, -33.036106319289821, 0.0 ], [ -68.904536042108603, -33.035854165500623, 0.0 ], [ -68.904369577874192, -33.03586537835001, 0.0 ], [ -68.904540091162829, -33.036112822928814, 0.0 ] ] ] ] } },
{ "type": "Feature", "properties": { "LAYER": "PARCELARIO_BASE_CATASTRO", "MAP_NAME": "1010_2025.dwg", "ccpp1": "1010 1944", "LAYER_2": "PADRONES_2_VISTALBA" }, "geometry": { "type": "MultiPolygon", "coordinates": [ [ [ [ -68.89782266226635, -33.00289596140761, 0.0 ], [ -68.898366161465702, -33.002909631686613, 0.0 ], [ -68.898372151250598, -33.002755443795927, 0.0 ], [ -68.897828460960014, -33.002738245885567, 0.0 ], [ -68.89782266226635, -33.00289596140761, 0.0 ] ] ] ] } },
{ "type": "Feature", "properties": { "LAYER": "PARCELARIO_BASE_CATASTRO", "MAP_NAME": "1010_2025.dwg", "ccpp1": "1010 1831", "LAYER_2": "PADRONES_2_VISTALBA" }, "geometry": { "type": "MultiPolygon", "coordinates": [ [ [ [ -68.900021181819483, -32.996847231770573, 0.0 ], [ -68.899945538084509, -32.996989507183059, 0.0 ], [ -68.900002851186784, -32.997202207279386, 0.0 ], [ -68.900069233510678, -32.99721130875735, 0.0 ], [ -68.900409939072119, -32.9972603508944, 0.0 ], [ -68.900118820728736, -32.9969507548034, 0.0 ], [ -68.900021181819483, -32.996847231770573, 0.0 ] ] ] ] } },
{ "type": "Feature", "properties": { "LAYER": "PARCELARIO_BASE_CATASTRO", "MAP_NAME": "1010_2025.dwg", "ccpp1": "1010 1759", "LAYER_2": "PADRONES_2_VISTALBA" }, "geometry": { "type": "MultiPolygon", "coordinates": [ [ [ [ -68.898990438751852, -33.004496256678493, 0.0 ], [ -68.899311574385905, -33.004512702091787, 0.0 ], [ -68.89962957661983, -33.004524862285095, 0.0 ], [ -68.899631410615726, -33.004483683899466, 0.0 ], [ -68.898992682131976, -33.004460194166931, 0.0 ], [ -68.898990438751852, -33.004496256678493, 0.0 ] ] ] ] } },
{ "type": "Feature", "properties": { "LAYER": "PARCELARIO_BASE_CATASTRO", "MAP_NAME": "1010_2025.dwg", "ccpp1": "1010 1756", "LAYER_2": "PADRONES_2_VISTALBA" }, "geometry": { "type": "MultiPolygon", "coordinates": [ [ [ [ -68.898990438751852, -33.004496256678493, 0.0 ], [ -68.898985630320439, -33.004718224625165, 0.0 ], [ -68.899305196354675, -33.004725735883291, 0.0 ], [ -68.8993061807694, -33.004725812418101, 0.0 ], [ -68.899311574385905, -33.004512702091787, 0.0 ], [ -68.898990438751852, -33.004496256678493, 0.0 ] ] ] ] } },
{ "type": "Feature", "properties": { "LAYER": "PARCELARIO_BASE_CATASTRO", "MAP_NAME": "1010_2025.dwg", "ccpp1": "1010 1755", "LAYER_2": "PADRONES_2_VISTALBA" }, "geometry": { "type": "MultiPolygon", "coordinates": [ [ [ [ -68.899306182909626, -33.004725812419821, 0.0 ], [ -68.899620167836673, -33.004736115404064, 0.0 ], [ -68.89962957661983, -33.004524862285095, 0.0 ], [ -68.899311573315799, -33.004512702090906, 0.0 ], [ -68.899306182909626, -33.004725812419821, 0.0 ] ] ] ] } },
{ "type": "Feature", "properties": { "LAYER": "PARCELARIO_BASE_CATASTRO", "MAP_NAME": "1010_2025.dwg", "ccpp1": "1010 1757", "LAYER_2": "PADRONES_2_VISTALBA" }, "geometry": { "type": "MultiPolygon", "coordinates": [ [ [ [ -68.898990438751852, -33.004496256678493, 0.0 ], [ -68.898992682131976, -33.004460194166931, 0.0 ], [ -68.898695811405673, -33.004449385067026, 0.0 ], [ -68.898690572189977, -33.00471149075004, 0.0 ], [ -68.898741683468231, -33.004712779236314, 0.0 ], [ -68.898972911377868, -33.004717882515898, 0.0 ], [ -68.898985630320439, -33.004718224625165, 0.0 ], [ -68.898990438751852, -33.004496256678493, 0.0 ] ] ] ] } },
{ "type": "Feature", "properties": { "LAYER": "PARCELARIO_BASE_CATASTRO", "MAP_NAME": "1010_2025.dwg", "ccpp1": "1010 1963", "LAYER_2": "PADRONES_2_VISTALBA" }, "geometry": { "type": "MultiPolygon", "coordinates": [ [ [ [ -68.903663274094399, -33.019601249575032, 0.0 ], [ -68.905502376007561, -33.019798550363106, 0.0 ], [ -68.905570657356463, -33.019234455726242, 0.0 ], [ -68.903733162274719, -33.019072818401646, 0.0 ], [ -68.903663274094399, -33.019601249575032, 0.0 ] ] ] ] } },
{ "type": "Feature", "properties": { "LAYER": "PARCELARIO_BASE_CATASTRO", "MAP_NAME": "1010_2025.dwg", "ccpp1": "1010 2463", "LAYER_2": "PADRONES_2_VISTALBA" }, "geometry": { "type": "MultiPolygon", "coordinates": [ [ [ [ -68.906290539719819, -33.019234691509894, 0.0 ], [ -68.906244932680536, -33.019258104219723, 0.0 ], [ -68.906184080128298, -33.019871682894156, 0.0 ], [ -68.906669135889331, -33.019923716846613, 0.0 ], [ -68.906696232759913, -33.01972569848369, 0.0 ], [ -68.906251897520207, -33.019695561924976, 0.0 ], [ -68.906290539719819, -33.019234691509894, 0.0 ] ] ] ] } },
{ "type": "Feature", "properties": { "LAYER": "PARCELARIO_BASE_CATASTRO", "MAP_NAME": "1010_2025.dwg", "ccpp1": "1010 1900", "LAYER_2": "PADRONES_2_VISTALBA" }, "geometry": { "type": "MultiPolygon", "coordinates": [ [ [ [ -68.905966265811614, -33.019691385840083, 0.0 ], [ -68.905996435197068, -33.019271561625686, 0.0 ], [ -68.905804568737778, -33.019255030477822, 0.0 ], [ -68.905765023221207, -33.019681122034321, 0.0 ], [ -68.905966265811614, -33.019691385840083, 0.0 ] ] ] ] } },
{ "type": "Feature", "properties": { "LAYER": "PARCELARIO_BASE_CATASTRO", "MAP_NAME": "1010_2025.dwg", "ccpp1": "1010 2267", "LAYER_2": "PADRONES_2_VISTALBA" }, "geometry": { "type": "MultiPolygon", "coordinates": [ [ [ [ -68.906290539719819, -33.019234691509894, 0.0 ], [ -68.906262819442816, -33.019565300920014, 0.0 ], [ -68.906251897520207, -33.019695561924976, 0.0 ], [ -68.906696232759913, -33.01972569848369, 0.0 ], [ -68.906726616191932, -33.019493623603822, 0.0 ], [ -68.906504307651659, -33.019477290255537, 0.0 ], [ -68.906528211181126, -33.019113466294655, 0.0 ], [ -68.906497730708026, -33.019127496332324, 0.0 ], [ -68.906290539719819, -33.019234691509894, 0.0 ] ] ] ] } },
{ "type": "Feature", "properties": { "LAYER": "PARCELARIO_BASE_CATASTRO", "MAP_NAME": "1010_2025.dwg", "ccpp1": "1010 1903", "LAYER_2": "PADRONES_2_VISTALBA" }, "geometry": { "type": "MultiPolygon", "coordinates": [ [ [ [ -68.906528211181126, -33.019113466294655, 0.0 ], [ -68.906504307651659, -33.019477290255537, 0.0 ], [ -68.906726616191932, -33.019493623603822, 0.0 ], [ -68.906777341660799, -33.019006302336344, 0.0 ], [ -68.906528211181126, -33.019113466294655, 0.0 ] ] ] ] } },
{ "type": "Feature", "properties": { "LAYER": "PARCELARIO_BASE_CATASTRO", "MAP_NAME": "1010_2025.dwg", "ccpp1": "1010 26", "LAYER_2": "PADRONES_2_VISTALBA" }, "geometry": { "type": "MultiPolygon", "coordinates": [ [ [ [ -68.907973722192608, -33.033142439192908, 0.0 ], [ -68.908315563909795, -33.032976277392997, 0.0 ], [ -68.908228546185512, -33.032841654240087, 0.0 ], [ -68.908043800274527, -33.032459387008764, 0.0 ], [ -68.908091493230657, -33.032638503189013, 0.0 ], [ -68.907919372122606, -33.0327738912545, 0.0 ], [ -68.907789596903015, -33.032875970163253, 0.0 ], [ -68.907973722192608, -33.033142439192908, 0.0 ] ] ] ] } },
{ "type": "Feature", "properties": { "LAYER": "PARCELARIO_BASE_CATASTRO", "MAP_NAME": "1010_2025.dwg", "ccpp1": "1010 1969", "LAYER_2": "PADRONES_2_VISTALBA" }, "geometry": { "type": "MultiPolygon", "coordinates": [ [ [ [ -68.907973722192608, -33.033142439192908, 0.0 ], [ -68.908208721738276, -33.033482529901491, 0.0 ], [ -68.908611769221793, -33.033461070207998, 0.0 ], [ -68.90885167412543, -33.033448286856967, 0.0 ], [ -68.908732388863186, -33.033275800032065, 0.0 ], [ -68.908595895655864, -33.033078234009942, 0.0 ], [ -68.908399116716424, -33.032796497613688, 0.0 ], [ -68.908270110149417, -33.032611791852389, 0.0 ], [ -68.908163968059171, -33.032459822650559, 0.0 ], [ -68.908043800274527, -33.032459387008764, 0.0 ], [ -68.908228546185512, -33.032841654240087, 0.0 ], [ -68.908315563909795, -33.032976277392997, 0.0 ], [ -68.907973722192608, -33.033142439192908, 0.0 ] ] ] ] } },
{ "type": "Feature", "properties": { "LAYER": "PARCELARIO_BASE_CATASTRO", "MAP_NAME": "1010_2025.dwg", "ccpp1": "1010 1830", "LAYER_2": "PADRONES_2_VISTALBA" }, "geometry": { "type": "MultiPolygon", "coordinates": [ [ [ [ -68.900409939072119, -32.9972603508944, 0.0 ], [ -68.900069233510678, -32.99721130875735, 0.0 ], [ -68.900002851186784, -32.997202207279386, 0.0 ], [ -68.899866494347137, -32.997498685650818, 0.0 ], [ -68.900253714408151, -32.997531941984377, 0.0 ], [ -68.900409939072119, -32.9972603508944, 0.0 ] ] ] ] } },
{ "type": "Feature", "properties": { "LAYER": "PARCELARIO_BASE_CATASTRO", "MAP_NAME": "1010_2025.dwg", "ccpp1": "1010 1957", "LAYER_2": "PADRONES_2_VISTALBA" }, "geometry": { "type": "MultiPolygon", "coordinates": [ [ [ [ -68.894458574796715, -32.993956833252838, 0.0 ], [ -68.894478244259147, -32.99428138605861, 0.0 ], [ -68.894534649171106, -32.994279010909999, 0.0 ], [ -68.894846909055275, -32.994265537233453, 0.0 ], [ -68.8948272466492, -32.99394111703586, 0.0 ], [ -68.894511018269611, -32.993954597230839, 0.0 ], [ -68.894458574796715, -32.993956833252838, 0.0 ] ] ] ] } },
{ "type": "Feature", "properties": { "LAYER": "PARCELARIO_BASE_CATASTRO", "MAP_NAME": "1010_2025.dwg", "ccpp1": "1010 1959", "LAYER_2": "PADRONES_2_VISTALBA" }, "geometry": { "type": "MultiPolygon", "coordinates": [ [ [ [ -68.894179037742958, -32.994294242309657, 0.0 ], [ -68.894159364127674, -32.993969601992497, 0.0 ], [ -68.893923625722351, -32.993979671135968, 0.0 ], [ -68.893947166652623, -32.994304159685271, 0.0 ], [ -68.894152737219315, -32.99429539309795, 0.0 ], [ -68.894179037742958, -32.994294242309657, 0.0 ] ] ] ] } },
{ "type": "Feature", "properties": { "LAYER": "PARCELARIO_BASE_CATASTRO", "MAP_NAME": "1010_2025.dwg", "ccpp1": "1010 1958", "LAYER_2": "PADRONES_2_VISTALBA" }, "geometry": { "type": "MultiPolygon", "coordinates": [ [ [ [ -68.894159364127674, -32.993969601992497, 0.0 ], [ -68.894179037742958, -32.994294242309657, 0.0 ], [ -68.894240972749472, -32.994291532950037, 0.0 ], [ -68.894380863305898, -32.994285486599395, 0.0 ], [ -68.894478244259147, -32.99428138605861, 0.0 ], [ -68.894458574796715, -32.993956833252838, 0.0 ], [ -68.894217331141036, -32.993967126421552, 0.0 ], [ -68.894159364127674, -32.993969601992497, 0.0 ] ] ] ] } },
{ "type": "Feature", "properties": { "LAYER": "PARCELARIO_BASE_CATASTRO", "MAP_NAME": "1010_2025.dwg", "ccpp1": "1010 1975", "LAYER_2": "PADRONES_2_VISTALBA" }, "geometry": { "type": "MultiPolygon", "coordinates": [ [ [ [ -68.907022889915737, -33.022398989801033, 0.0 ], [ -68.906775839515547, -33.022373883253614, 0.0 ], [ -68.906751900003655, -33.022371450687864, 0.0 ], [ -68.905819221130983, -33.022276664328722, 0.0 ], [ -68.9052154011586, -33.022215296461766, 0.0 ], [ -68.905150466969332, -33.022204211548946, 0.0 ], [ -68.905087601099211, -33.022186721786511, 0.0 ], [ -68.905027685238693, -33.022163075808706, 0.0 ], [ -68.90501075693939, -33.022154185951692, 0.0 ], [ -68.904971568874984, -33.022133606983971, 0.0 ], [ -68.904920048955248, -33.022098733399254, 0.0 ], [ -68.904873853839121, -33.022058950634026, 0.0 ], [ -68.904833639028752, -33.022014820936356, 0.0 ], [ -68.904799975396358, -33.021966972312107, 0.0 ], [ -68.904773348132551, -33.02191608139168, 0.0 ], [ -68.904777630346615, -33.021887330296259, 0.0 ], [ -68.904813652191905, -33.021645040273633, 0.0 ], [ -68.904849631791194, -33.021403034225891, 0.0 ], [ -68.904885611195112, -33.021161025453004, 0.0 ], [ -68.904914891176574, -33.020964048343089, 0.0 ], [ -68.9049165972244, -33.020957088723641, 0.0 ], [ -68.904919583028459, -33.020950436648128, 0.0 ], [ -68.904923893401985, -33.020944221991556, 0.0 ], [ -68.904929066766272, -33.020938702280816, 0.0 ], [ -68.904935329989272, -33.02093391195217, 0.0 ], [ -68.904942408908269, -33.020930004081166, 0.0 ], [ -68.904950125747192, -33.020927076814672, 0.0 ], [ -68.904958289916422, -33.02092520033797, 0.0 ], [ -68.904966699075302, -33.020924424088925, 0.0 ], [ -68.904975144496191, -33.020924765040363, 0.0 ], [ -68.905400483655995, -33.020970375618354, 0.0 ], [ -68.906584933881362, -33.02109562022337, 0.0 ], [ -68.906669135889331, -33.019923716846613, 0.0 ], [ -68.902940093509443, -33.019523636900786, 0.0 ], [ -68.902695828982132, -33.019498114373285, 0.0 ], [ -68.902428588883083, -33.019477874242526, 0.0 ], [ -68.902294278015191, -33.02097870145797, 0.0 ], [ -68.902290289047599, -33.021023645089656, 0.0 ], [ -68.902736816257246, -33.021047574446712, 0.0 ], [ -68.902735366193369, -33.021052262920179, 0.0 ], [ -68.902732472210602, -33.021063840856719, 0.0 ], [ -68.90273146940568, -33.021070596314225, 0.0 ], [ -68.902731026191802, -33.021080439537677, 0.0 ], [ -68.902731437191065, -33.021089210435491, 0.0 ], [ -68.902732612377093, -33.021097018941646, 0.0 ], [ -68.902735193105656, -33.021107544383582, 0.0 ], [ -68.902737196941075, -33.021113194027627, 0.0 ], [ -68.902742626429884, -33.021125060674464, 0.0 ], [ -68.90274467219713, -33.021128588713495, 0.0 ], [ -68.902754251609608, -33.021142100540963, 0.0 ], [ -68.902767559964587, -33.021155627896327, 0.0 ], [ -68.902711916220127, -33.021851845891661, 0.0 ], [ -68.903153909263892, -33.021896776504008, 0.0 ], [ -68.903964382471585, -33.02197914309135, 0.0 ], [ -68.904014147642258, -33.022001222780212, 0.0 ], [ -68.904060650891751, -33.02202788495044, 0.0 ], [ -68.904103269678401, -33.022058778376412, 0.0 ], [ -68.904141464987674, -33.022093510420106, 0.0 ], [ -68.90417475136816, -33.022131642499559, 0.0 ], [ -68.904242176212108, -33.022239566837449, 0.0 ], [ -68.904500915316177, -33.02259844711142, 0.0 ], [ -68.904518120641399, -33.022614492927708, 0.0 ], [ -68.904576454752302, -33.02266195834256, 0.0 ], [ -68.904640319675366, -33.022704113494086, 0.0 ], [ -68.904709037300663, -33.022740510626214, 0.0 ], [ -68.904781878072214, -33.022770763258258, 0.0 ], [ -68.904858069547146, -33.022794549798583, 0.0 ], [ -68.904936801743062, -33.022811618057261, 0.0 ], [ -68.905017239981831, -33.022821786157976, 0.0 ], [ -68.907632908335145, -33.023087607912387, 0.0 ], [ -68.907803444557871, -33.023104937036486, 0.0 ], [ -68.907806041182766, -33.02308745911813, 0.0 ], [ -68.905601302505147, -33.022863015594631, 0.0 ], [ -68.905354632249342, -33.022837914637371, 0.0 ], [ -68.905096632831473, -33.022811692814905, 0.0 ], [ -68.905004848206048, -33.022802363702063, 0.0 ], [ -68.904934911522574, -33.022792689595079, 0.0 ], [ -68.904866360283236, -33.02277763892598, 0.0 ], [ -68.904799777689703, -33.022757341081174, 0.0 ], [ -68.904780239297992, -33.022749950488468, 0.0 ], [ -68.904737481593045, -33.022733246821922, 0.0 ], [ -68.904678017197398, -33.022704570587749, 0.0 ], [ -68.904621862700495, -33.022671539969714, 0.0 ], [ -68.904569464147215, -33.022634420405254, 0.0 ], [ -68.904521240788853, -33.022593507968629, 0.0 ], [ -68.904521631077188, -33.022590882594756, 0.0 ], [ -68.90454558415037, -33.022429774613322, 0.0 ], [ -68.904615324792402, -33.022452222793909, 0.0 ], [ -68.904687563034344, -33.022468242109291, 0.0 ], [ -68.904761462067157, -33.022477647073593, 0.0 ], [ -68.904830242648785, -33.022480239556302, 0.0 ], [ -68.904836166801076, -33.022480329732716, 0.0 ], [ -68.904910813501473, -33.022476257868554, 0.0 ], [ -68.904984538348543, -33.022465478612183, 0.0 ], [ -68.905056487072159, -33.02244811754958, 0.0 ], [ -68.905125827801527, -33.022424374222794, 0.0 ], [ -68.905158193529942, -33.022410203780908, 0.0 ], [ -68.905191758554395, -33.022394525742243, 0.0 ], [ -68.905266158322902, -33.02240208686635, 0.0 ], [ -68.905402233122189, -33.022415917157581, 0.0 ], [ -68.905653165962903, -33.022441418881634, 0.0 ], [ -68.906996292852241, -33.022577918766885, 0.0 ], [ -68.907868580774831, -33.022666559155333, 0.0 ], [ -68.908580897754533, -33.022738938219739, 0.0 ], [ -68.908537007828969, -33.023179475321051, 0.0 ], [ -68.908557293316989, -33.023182529608746, 0.0 ], [ -68.908619904700245, -33.022561270204967, 0.0 ], [ -68.908598812232469, -33.022559127034249, 0.0 ], [ -68.907022889915737, -33.022398989801033, 0.0 ] ] ] ] } },
{ "type": "Feature", "properties": { "LAYER": "PARCELARIO_BASE_CATASTRO", "MAP_NAME": "1010_2025.dwg", "ccpp1": "1010 1975", "LAYER_2": "PADRONES_2_VISTALBA" }, "geometry": { "type": "MultiPolygon", "coordinates": [ [ [ [ -68.904781901540332, -33.020083661286272, 0.0 ], [ -68.905036158682606, -33.020111854678525, 0.0 ], [ -68.905058051751197, -33.019900016807263, 0.0 ], [ -68.905058058988402, -33.01989426323334, 0.0 ], [ -68.905056935910338, -33.019888589048485, 0.0 ], [ -68.905054712320123, -33.019883148461567, 0.0 ], [ -68.905051450131594, -33.019878093902484, 0.0 ], [ -68.905047240170916, -33.019873564297946, 0.0 ], [ -68.905042197896336, -33.019869684166707, 0.0 ], [ -68.905036463401217, -33.019866560914409, 0.0 ], [ -68.905030192856316, -33.019864280318814, 0.0 ], [ -68.905023561720839, -33.019862906532161, 0.0 ], [ -68.905016750835358, -33.019862475758977, 0.0 ], [ -68.905009950697277, -33.019863001669329, 0.0 ], [ -68.904810075021331, -33.019840577143029, 0.0 ], [ -68.904781901540332, -33.020083661286272, 0.0 ] ] ] ] } },
{ "type": "Feature", "properties": { "LAYER": "PARCELARIO_BASE_CATASTRO", "MAP_NAME": "1010_2025.dwg", "ccpp1": "1010 1973", "LAYER_2": "PADRONES_2_VISTALBA" }, "geometry": { "type": "MultiPolygon", "coordinates": [ [ [ [ -68.906632178724692, -33.020136162689035, 0.0 ], [ -68.906645144807129, -33.01994929579584, 0.0 ], [ -68.906222158096256, -33.019903938101976, 0.0 ], [ -68.906216834611044, -33.019949280170835, 0.0 ], [ -68.906230439197557, -33.019963365518485, 0.0 ], [ -68.906241035505857, -33.01997917440805, 0.0 ], [ -68.906248322186315, -33.019996258482109, 0.0 ], [ -68.906252094248444, -33.020014137896915, 0.0 ], [ -68.906252246267385, -33.020032305832984, 0.0 ], [ -68.906248772361224, -33.020050250135299, 0.0 ], [ -68.906241772600595, -33.020067465039844, 0.0 ], [ -68.906231442292835, -33.020083463788986, 0.0 ], [ -68.906218074105496, -33.020097794863361, 0.0 ], [ -68.906201941256313, -33.020111192429695, 0.0 ], [ -68.906417059959722, -33.020123677744721, 0.0 ], [ -68.906632178724692, -33.020136162689035, 0.0 ] ] ] ] } },
{ "type": "Feature", "properties": { "LAYER": "PARCELARIO_BASE_CATASTRO", "MAP_NAME": "1010_2025.dwg", "ccpp1": "1010 1976", "LAYER_2": "PADRONES_2_VISTALBA" }, "geometry": { "type": "MultiPolygon", "coordinates": [ [ [ [ -68.90244135760544, -33.019754350306833, 0.0 ], [ -68.902871731026096, -33.019781306991888, 0.0 ], [ -68.902885194136076, -33.01960958200268, 0.0 ], [ -68.9024554637883, -33.019583534753828, 0.0 ], [ -68.90244135760544, -33.019754350306833, 0.0 ] ] ] ] } },
{ "type": "Feature", "properties": { "LAYER": "PARCELARIO_BASE_CATASTRO", "MAP_NAME": "1010_2025.dwg", "ccpp1": "1010 1979", "LAYER_2": "PADRONES_2_VISTALBA" }, "geometry": { "type": "MultiPolygon", "coordinates": [ [ [ [ -68.904958289916422, -33.02092520033797, 0.0 ], [ -68.904950125747192, -33.020927076814672, 0.0 ], [ -68.904942408908269, -33.020930004081166, 0.0 ], [ -68.904935329989272, -33.02093391195217, 0.0 ], [ -68.904929066766272, -33.020938702280816, 0.0 ], [ -68.904923893401985, -33.020944221991556, 0.0 ], [ -68.904919583028459, -33.020950436648128, 0.0 ], [ -68.9049165972244, -33.020957088723641, 0.0 ], [ -68.904914891176574, -33.020964048343089, 0.0 ], [ -68.904885611195112, -33.021161025453004, 0.0 ], [ -68.905364511102277, -33.021212371930396, 0.0 ], [ -68.905400483655995, -33.020970375618354, 0.0 ], [ -68.904975144496191, -33.020924765040363, 0.0 ], [ -68.904966699075302, -33.020924424088925, 0.0 ], [ -68.904958289916422, -33.02092520033797, 0.0 ] ] ] ] } },
{ "type": "Feature", "properties": { "LAYER": "RELLENO", "MAP_NAME": "1010_2025.dwg", "ccpp1": "1010 2037", "LAYER_2": "PADRONES_2_VISTALBA" }, "geometry": { "type": "MultiPolygon", "coordinates": [ [ [ [ -68.903899256915608, -33.021812298722381, 0.0 ], [ -68.903919285065783, -33.021817869352397, 0.0 ], [ -68.903921999676342, -33.021818591879246, 0.0 ], [ -68.903986946424013, -33.021832498777023, 0.0 ], [ -68.904054327701928, -33.02184288016651, 0.0 ], [ -68.904111303475275, -33.021848220384683, 0.0 ], [ -68.904122410091801, -33.021849271252073, 0.0 ], [ -68.904133505922459, -33.021850398752413, 0.0 ], [ -68.904346523873258, -33.021872050878969, 0.0 ], [ -68.904506283391598, -33.021888289732296, 0.0 ], [ -68.904514695771311, -33.021888585605971, 0.0 ], [ -68.904523065462627, -33.021887773289912, 0.0 ], [ -68.904531184803332, -33.021885871560379, 0.0 ], [ -68.904538855733009, -33.02188292805463, 0.0 ], [ -68.904545887656326, -33.021879015662499, 0.0 ], [ -68.904552109219409, -33.021874229830409, 0.0 ], [ -68.904557365098995, -33.021868688558918, 0.0 ], [ -68.904561526709472, -33.021862528804164, 0.0 ], [ -68.904564492207655, -33.021855901969488, 0.0 ], [ -68.904566188637375, -33.021848970300383, 0.0 ], [ -68.904609807514362, -33.021555580199085, 0.0 ], [ -68.904653470293241, -33.021261901566454, 0.0 ], [ -68.904653817996575, -33.021254084323445, 0.0 ], [ -68.904652550524531, -33.02124633888203, 0.0 ], [ -68.90464970508603, -33.021238899705665, 0.0 ], [ -68.904645369206008, -33.021231990476124, 0.0 ], [ -68.904639672167889, -33.021225819578625, 0.0 ], [ -68.904632786091582, -33.021220572889206, 0.0 ], [ -68.904624918447084, -33.021216408359095, 0.0 ], [ -68.90461630670687, -33.021213452403877, 0.0 ], [ -68.904607209791237, -33.021211792683609, 0.0 ], [ -68.904447237314614, -33.021194652122503, 0.0 ], [ -68.904234391325019, -33.021171845255466, 0.0 ], [ -68.904021546515295, -33.021149038928051, 0.0 ], [ -68.903931336376772, -33.021139372108443, 0.0 ], [ -68.903928708961459, -33.021139194259611, 0.0 ], [ -68.903893723140442, -33.021137807599757, 0.0 ], [ -68.903886707099787, -33.021137960891309, 0.0 ], [ -68.903856263294074, -33.021140865175951, 0.0 ], [ -68.903845038081229, -33.021142665284898, 0.0 ], [ -68.903819826751402, -33.021148767319218, 0.0 ], [ -68.903804737952768, -33.021153310944278, 0.0 ], [ -68.903788802362342, -33.021159001744984, 0.0 ], [ -68.903784849149815, -33.021160503590366, 0.0 ], [ -68.903735950936863, -33.021180265730422, 0.0 ], [ -68.903729986986448, -33.021182407112896, 0.0 ], [ -68.903685072688461, -33.021196036418267, 0.0 ], [ -68.903672670737521, -33.021199241312424, 0.0 ], [ -68.903632652373716, -33.021207625736615, 0.0 ], [ -68.903613543973236, -33.021210725360554, 0.0 ], [ -68.903579206836895, -33.021215145890345, 0.0 ], [ -68.903553333352008, -33.021216943671888, 0.0 ], [ -68.903530221162995, -33.021217852729194, 0.0 ], [ -68.903517947734599, -33.021218023576225, 0.0 ], [ -68.903492695118317, -33.021217773223178, 0.0 ], [ -68.9034811599374, -33.021217206166916, 0.0 ], [ -68.903432313284256, -33.021213146917461, 0.0 ], [ -68.903364388667072, -33.021205868330888, 0.0 ], [ -68.903151544003464, -33.021183060520116, 0.0 ], [ -68.902995023207396, -33.02116628775741, 0.0 ], [ -68.902986271653432, -33.021165955450748, 0.0 ], [ -68.902977568019097, -33.02116682330805, 0.0 ], [ -68.902969142446025, -33.021168868064741, 0.0 ], [ -68.902961219757913, -33.021172035795296, 0.0 ], [ -68.902954011969413, -33.021176241005676, 0.0 ], [ -68.902947711857408, -33.021181372940106, 0.0 ], [ -68.90294248547184, -33.021187292870131, 0.0 ], [ -68.902938472122869, -33.021193845816384, 0.0 ], [ -68.90293578117678, -33.021200854234408, 0.0 ], [ -68.902934481336175, -33.02120813333466, 0.0 ], [ -68.902915740460742, -33.021442264404826, 0.0 ], [ -68.90289656324066, -33.02168184754251, 0.0 ], [ -68.902896715491181, -33.021689415405397, 0.0 ], [ -68.90289837596238, -33.021696850092397, 0.0 ], [ -68.90290149565044, -33.021703941475479, 0.0 ], [ -68.902905987008296, -33.02171049021657, 0.0 ], [ -68.902911723942623, -33.021716310472748, 0.0 ], [ -68.902918543944551, -33.021721238914552, 0.0 ], [ -68.902926254509538, -33.021725136534371, 0.0 ], [ -68.902934638484012, -33.02172789315901, 0.0 ], [ -68.902943459414061, -33.021729430158864, 0.0 ], [ -68.903068415604025, -33.02174213266585, 0.0 ], [ -68.903106180719448, -33.021745971561458, 0.0 ], [ -68.903202949627627, -33.021729794892877, 0.0 ], [ -68.903287785705913, -33.021721317308177, 0.0 ], [ -68.903300938850478, -33.021720306805925, 0.0 ], [ -68.903399493307262, -33.021717570809564, 0.0 ], [ -68.903497953686795, -33.021721604426141, 0.0 ], [ -68.903503855854964, -33.021722177044005, 0.0 ], [ -68.903589496126159, -33.021731994828265, 0.0 ], [ -68.90367971861717, -33.021748538966804, 0.0 ], [ -68.903714866087284, -33.021757007553965, 0.0 ], [ -68.903768034762479, -33.021771128191666, 0.0 ], [ -68.903853873188552, -33.021799615995562, 0.0 ], [ -68.903899256915608, -33.021812298722381, 0.0 ] ] ] ] } },
{ "type": "Feature", "properties": { "LAYER": "PARCELARIO_BASE_CATASTRO", "MAP_NAME": "1010_2025.dwg", "ccpp1": "1010 2037", "LAYER_2": "PADRONES_2_VISTALBA" }, "geometry": { "type": "MultiPolygon", "coordinates": [ [ [ [ -68.904183777389918, -33.021512276484877, 0.0 ], [ -68.904396794540233, -33.021533928525358, 0.0 ], [ -68.904447237314614, -33.021194652122503, 0.0 ], [ -68.904234391325019, -33.021171845255466, 0.0 ], [ -68.904183777389918, -33.021512276484877, 0.0 ] ] ] ] } },
{ "type": "Feature", "properties": { "LAYER": "PARCELARIO_BASE_CATASTRO", "MAP_NAME": "1010_2025.dwg", "ccpp1": "1010 1953", "LAYER_2": "PADRONES_2_VISTALBA" }, "geometry": { "type": "MultiPolygon", "coordinates": [ [ [ [ -68.908619904700245, -33.022561270204967, 0.0 ], [ -68.908713952862655, -33.021627430409389, 0.0 ], [ -68.907749162373307, -33.021527796367636, 0.0 ], [ -68.907777723615354, -33.021331528578635, 0.0 ], [ -68.90603567262211, -33.021151604028987, 0.0 ], [ -68.90588529066352, -33.022282088143172, 0.0 ], [ -68.907810850355702, -33.022479060904388, 0.0 ], [ -68.908131914013225, -33.02251168533995, 0.0 ], [ -68.908619904700245, -33.022561270204967, 0.0 ] ] ] ] } },
{ "type": "Feature", "properties": { "LAYER": "PARCELARIO_BASE_CATASTRO", "MAP_NAME": "1010_2025.dwg", "ccpp1": "1010 1740", "LAYER_2": "PADRONES_2_VISTALBA" }, "geometry": { "type": "MultiPolygon", "coordinates": [ [ [ [ -68.907431961086417, -33.005657660801546, 0.0 ], [ -68.907507221234823, -33.005693983787367, 0.0 ], [ -68.907673492053505, -33.005222965063744, 0.0 ], [ -68.907598294488096, -33.005186464591958, 0.0 ], [ -68.907570838547528, -33.005173095857842, 0.0 ], [ -68.907467671125858, -33.005126661571076, 0.0 ], [ -68.907303704764644, -33.005599412955519, 0.0 ], [ -68.907431961086417, -33.005657660801546, 0.0 ] ] ] ] } },
{ "type": "Feature", "properties": { "LAYER": "PARCELARIO_BASE_CATASTRO", "MAP_NAME": "1010_2025.dwg", "ccpp1": "1010 1739", "LAYER_2": "PADRONES_2_VISTALBA" }, "geometry": { "type": "MultiPolygon", "coordinates": [ [ [ [ -68.907243542254278, -33.005572090772723, 0.0 ], [ -68.907303704764644, -33.005599412955519, 0.0 ], [ -68.907386281191009, -33.005361328157811, 0.0 ], [ -68.907325368919885, -33.005334784505166, 0.0 ], [ -68.906814268621233, -33.00511206430609, 0.0 ], [ -68.906739560734565, -33.005346914891248, 0.0 ], [ -68.907243542254278, -33.005572090772723, 0.0 ] ] ] ] } },
{ "type": "Feature", "properties": { "LAYER": "PARCELARIO_BASE_CATASTRO", "MAP_NAME": "1010_2025.dwg", "ccpp1": "1010 1936", "LAYER_2": "PADRONES_2_VISTALBA" }, "geometry": { "type": "MultiPolygon", "coordinates": [ [ [ [ -68.89782091630407, -32.995766824775075, 0.0 ], [ -68.898404483870777, -32.995660331447013, 0.0 ], [ -68.898318103829624, -32.995534313070948, 0.0 ], [ -68.897786910984564, -32.995631877200125, 0.0 ], [ -68.897805976125937, -32.995703470636393, 0.0 ], [ -68.89782091630407, -32.995766824775075, 0.0 ] ] ] ] } },
{ "type": "Feature", "properties": { "LAYER": "PARCELARIO_BASE_CATASTRO", "MAP_NAME": "1010_2025.dwg", "ccpp1": "1010 1993", "LAYER_2": "PADRONES_2_VISTALBA" }, "geometry": { "type": "MultiPolygon", "coordinates": [ [ [ [ -68.903909027524207, -33.005834683742989, 0.0 ], [ -68.90396173289372, -33.005856756746731, 0.0 ], [ -68.90409971310882, -33.005837471386855, 0.0 ], [ -68.904167891290442, -33.005850789196927, 0.0 ], [ -68.904217568909189, -33.005701972393261, 0.0 ], [ -68.903972703251256, -33.005643938170344, 0.0 ], [ -68.903909027524207, -33.005834683742989, 0.0 ] ] ] ] } },
{ "type": "Feature", "properties": { "LAYER": "PARCELARIO_BASE_CATASTRO", "MAP_NAME": "1010_2025.dwg", "ccpp1": "1010 371", "LAYER_2": "PADRONES_2_VISTALBA" }, "geometry": { "type": "MultiPolygon", "coordinates": [ [ [ [ -68.904642292980867, -33.034319019494212, 0.0 ], [ -68.904704864508247, -33.034409030672478, 0.0 ], [ -68.905105886212013, -33.034985910130018, 0.0 ], [ -68.905173969637801, -33.035084785079682, 0.0 ], [ -68.905846982951502, -33.036062215989503, 0.0 ], [ -68.906144467003429, -33.036050694941011, 0.0 ], [ -68.90596900760498, -33.03579554313712, 0.0 ], [ -68.905877090354949, -33.035659591961803, 0.0 ], [ -68.905730127969832, -33.03544434222627, 0.0 ], [ -68.905601870151671, -33.035256787775573, 0.0 ], [ -68.905412263583315, -33.034979290054032, 0.0 ], [ -68.905398796117993, -33.03496007424225, 0.0 ], [ -68.904867830472995, -33.034201950905064, 0.0 ], [ -68.904642292980867, -33.034319019494212, 0.0 ] ] ] ] } },
{ "type": "Feature", "properties": { "LAYER": "PARCELARIO_BASE_CATASTRO", "MAP_NAME": "1010_2025.dwg", "ccpp1": "1010 2244", "LAYER_2": "PADRONES_2_VISTALBA" }, "geometry": { "type": "MultiPolygon", "coordinates": [ [ [ [ -68.896803046193398, -32.996753734046592, 0.0 ], [ -68.897360132604362, -32.99669110392751, 0.0 ], [ -68.89748747987565, -32.9965628079593, 0.0 ], [ -68.897844178189629, -32.996546850306189, 0.0 ], [ -68.897833655098353, -32.99648144126418, 0.0 ], [ -68.896749519143469, -32.99652993695149, 0.0 ], [ -68.896803046193398, -32.996753734046592, 0.0 ] ] ] ] } },
{ "type": "Feature", "properties": { "LAYER": "PARCELARIO_BASE_CATASTRO", "MAP_NAME": "1010_2025.dwg", "ccpp1": "1010 2061", "LAYER_2": "PADRONES_2_VISTALBA" }, "geometry": { "type": "MultiPolygon", "coordinates": [ [ [ [ -68.907806041182766, -33.02308745911813, 0.0 ], [ -68.907803444557871, -33.023104937036486, 0.0 ], [ -68.908537007828969, -33.023179475321051, 0.0 ], [ -68.908580897754533, -33.022738938219739, 0.0 ], [ -68.907868580774831, -33.022666559155333, 0.0 ], [ -68.907806041182766, -33.02308745911813, 0.0 ] ] ] ] } },
{ "type": "Feature", "properties": { "LAYER": "PARCELARIO_BASE_CATASTRO", "MAP_NAME": "1010_2025.dwg", "ccpp1": "1010 1981", "LAYER_2": "PADRONES_2_VISTALBA" }, "geometry": { "type": "MultiPolygon", "coordinates": [ [ [ [ -68.9022548545815, -33.02142483406044, 0.0 ], [ -68.902227384786187, -33.021803338611932, 0.0 ], [ -68.902711916220127, -33.021851845891661, 0.0 ], [ -68.902767559964587, -33.021155627896327, 0.0 ], [ -68.902754251609608, -33.021142100540963, 0.0 ], [ -68.90274467219713, -33.021128588713495, 0.0 ], [ -68.902742626429884, -33.021125060674464, 0.0 ], [ -68.902737196941075, -33.021113194027627, 0.0 ], [ -68.902735193105656, -33.021107544383582, 0.0 ], [ -68.902732612377093, -33.021097018941646, 0.0 ], [ -68.902731437191065, -33.021089210435491, 0.0 ], [ -68.902731026191802, -33.021080439537677, 0.0 ], [ -68.90273146940568, -33.021070596314225, 0.0 ], [ -68.902732472210602, -33.021063840856719, 0.0 ], [ -68.902735366193369, -33.021052262920179, 0.0 ], [ -68.902736816257246, -33.021047574446712, 0.0 ], [ -68.902290289047599, -33.021023645089656, 0.0 ], [ -68.9022548545815, -33.02142483406044, 0.0 ] ] ] ] } },
{ "type": "Feature", "properties": { "LAYER": "PARCELARIO_BASE_CATASTRO", "MAP_NAME": "1010_2025.dwg", "ccpp1": "1010 1782", "LAYER_2": "PADRONES_2_VISTALBA" }, "geometry": { "type": "MultiPolygon", "coordinates": [ [ [ [ -68.909159545042812, -33.03343179617837, 0.0 ], [ -68.90885167412543, -33.033448286856967, 0.0 ], [ -68.908611769221793, -33.033461070207998, 0.0 ], [ -68.908627620295405, -33.033658392829309, 0.0 ], [ -68.908755659515464, -33.03365073214659, 0.0 ], [ -68.908760099782313, -33.03370474552684, 0.0 ], [ -68.909178141269308, -33.033679909191271, 0.0 ], [ -68.909159545042812, -33.03343179617837, 0.0 ] ] ] ] } },
{ "type": "Feature", "properties": { "LAYER": "PARCELARIO_BASE_CATASTRO", "MAP_NAME": "1010_2025.dwg", "ccpp1": "1010 1481", "LAYER_2": "PADRONES_2_VISTALBA" }, "geometry": { "type": "MultiPolygon", "coordinates": [ [ [ [ -68.900144037261768, -33.003013729122841, 0.0 ], [ -68.900272374484217, -33.003017267730819, 0.0 ], [ -68.90028009007888, -33.002815776576917, 0.0 ], [ -68.899713600671873, -33.002797866118861, 0.0 ], [ -68.899705538830034, -33.003001637524989, 0.0 ], [ -68.900144037261768, -33.003013729122841, 0.0 ] ] ] ] } },
{ "type": "Feature", "properties": { "LAYER": "PARCELARIO_BASE_CATASTRO", "MAP_NAME": "1010_2025.dwg", "ccpp1": "1010 1728", "LAYER_2": "PADRONES_2_VISTALBA" }, "geometry": { "type": "MultiPolygon", "coordinates": [ [ [ [ -68.900797402257439, -33.003252736214606, 0.0 ], [ -68.900392138329337, -33.00324156571962, 0.0 ], [ -68.900349357352368, -33.003240386448937, 0.0 ], [ -68.900341481751539, -33.003443155527002, 0.0 ], [ -68.900789531065527, -33.003455499253306, 0.0 ], [ -68.90079236425305, -33.00338251604574, 0.0 ], [ -68.900797402257439, -33.003252736214606, 0.0 ] ] ] ] } },
{ "type": "Feature", "properties": { "LAYER": "PARCELARIO_BASE_CATASTRO", "MAP_NAME": "1010_2025.dwg", "ccpp1": "1010 1743", "LAYER_2": "PADRONES_2_VISTALBA" }, "geometry": { "type": "MultiPolygon", "coordinates": [ [ [ [ -68.900789531065527, -33.003455499253306, 0.0 ], [ -68.900341481751539, -33.003443155527002, 0.0 ], [ -68.900333606022144, -33.003645926949034, 0.0 ], [ -68.900781659506094, -33.003658270791824, 0.0 ], [ -68.900781659506109, -33.003658270791824, 0.0 ], [ -68.900786172064528, -33.003542027308633, 0.0 ], [ -68.900789531065527, -33.003455499253306, 0.0 ] ] ] ] } },
{ "type": "Feature", "properties": { "LAYER": "PARCELARIO_BASE_CATASTRO", "MAP_NAME": "1010_2025.dwg", "ccpp1": "1010 2454", "LAYER_2": "PADRONES_2_VISTALBA" }, "geometry": { "type": "MultiPolygon", "coordinates": [ [ [ [ -68.900399256963908, -33.003058265299735, 0.0 ], [ -68.900804517888133, -33.003069435710664, 0.0 ], [ -68.900806952538218, -33.003006718307162, 0.0 ], [ -68.900964493885951, -33.00301102303748, 0.0 ], [ -68.90097175764538, -33.002837641245335, 0.0 ], [ -68.900813709917927, -33.002832645453957, 0.0 ], [ -68.90028009007888, -33.002815776576917, 0.0 ], [ -68.900272369672734, -33.00301726759816, 0.0 ], [ -68.900400711717253, -33.003020806206884, 0.0 ], [ -68.900399256963908, -33.003058265299735, 0.0 ] ] ] ] } },
{ "type": "Feature", "properties": { "LAYER": "PARCELARIO_BASE_CATASTRO", "MAP_NAME": "1010_2025.dwg", "ccpp1": "1010 1744", "LAYER_2": "PADRONES_2_VISTALBA" }, "geometry": { "type": "MultiPolygon", "coordinates": [ [ [ [ -68.900781659506109, -33.003658270791824, 0.0 ], [ -68.900781659506094, -33.003658270791824, 0.0 ], [ -68.900333606022144, -33.003645926949034, 0.0 ], [ -68.900327667526639, -33.003810484448266, 0.0 ], [ -68.900325730491758, -33.003848692279597, 0.0 ], [ -68.900773788168635, -33.003861035646466, 0.0 ], [ -68.90077997985297, -33.003701538567078, 0.0 ], [ -68.900781659506109, -33.003658270791824, 0.0 ] ] ] ] } },
{ "type": "Feature", "properties": { "LAYER": "PARCELARIO_BASE_CATASTRO", "MAP_NAME": "1010_2025.dwg", "ccpp1": "1010 2001", "LAYER_2": "PADRONES_2_VISTALBA" }, "geometry": { "type": "MultiPolygon", "coordinates": [ [ [ [ -68.903190887243454, -33.01445123419289, 0.0 ], [ -68.903265181142686, -33.014459313991203, 0.0 ], [ -68.903330712470364, -33.014048158843629, 0.0 ], [ -68.903333462504264, -33.014030905629284, 0.0 ], [ -68.903135011712507, -33.014007796949862, 0.0 ], [ -68.90309996638365, -33.014003715819463, 0.0 ], [ -68.903096953281448, -33.014022696432683, 0.0 ], [ -68.903038783805755, -33.014389096256508, 0.0 ], [ -68.903123447428285, -33.014397828891475, 0.0 ], [ -68.903190887243454, -33.01445123419289, 0.0 ] ] ] ] } },
{ "type": "Feature", "properties": { "LAYER": "PARCELARIO_BASE_CATASTRO", "MAP_NAME": "1010_2025.dwg", "ccpp1": "1010 1995", "LAYER_2": "PADRONES_2_VISTALBA" }, "geometry": { "type": "MultiPolygon", "coordinates": [ [ [ [ -68.895573682625908, -33.003991794349069, 0.0 ], [ -68.895584168919427, -33.003694452066362, 0.0 ], [ -68.895320289469382, -33.003687855324088, 0.0 ], [ -68.895309807703455, -33.003985040510145, 0.0 ], [ -68.895513676309662, -33.003990291539303, 0.0 ], [ -68.895573682625908, -33.003991794349069, 0.0 ] ] ] ] } },
{ "type": "Feature", "properties": { "LAYER": "PARCELARIO_BASE_CATASTRO", "MAP_NAME": "1010_2025.dwg", "ccpp1": "1010 2149", "LAYER_2": "PADRONES_2_VISTALBA" }, "geometry": { "type": "MultiPolygon", "coordinates": [ [ [ [ -68.894403910317905, -33.003964261686932, 0.0 ], [ -68.894402550526905, -33.003664907765476, 0.0 ], [ -68.894202529564851, -33.003659906330135, 0.0 ], [ -68.894203888681304, -33.003959259350985, 0.0 ], [ -68.894403910317905, -33.003964261686932, 0.0 ] ] ] ] } },
{ "type": "Feature", "properties": { "LAYER": "PARCELARIO_BASE_CATASTRO", "MAP_NAME": "1010_2025.dwg", "ccpp1": "1010 1997", "LAYER_2": "PADRONES_2_VISTALBA" }, "geometry": { "type": "MultiPolygon", "coordinates": [ [ [ [ -68.893382612078256, -33.004602115196334, 0.0 ], [ -68.894320451823518, -33.004631281093353, 0.0 ], [ -68.89434201838769, -33.004372993933572, 0.0 ], [ -68.894545940740826, -33.004375375556933, 0.0 ], [ -68.894577803138176, -33.003968610437475, 0.0 ], [ -68.894203888684132, -33.003959259971055, 0.0 ], [ -68.894202529567664, -33.003659906950197, 0.0 ], [ -68.893980150681372, -33.003654345203103, 0.0 ], [ -68.89393095477547, -33.00365281835289, 0.0 ], [ -68.893864329562433, -33.003650031451862, 0.0 ], [ -68.893775080417811, -33.003646298343675, 0.0 ], [ -68.893675326270397, -33.003868139289175, 0.0 ], [ -68.893382612078256, -33.004602115196334, 0.0 ] ] ] ] } },
{ "type": "Feature", "properties": { "LAYER": "PARCELARIO_BASE_CATASTRO", "MAP_NAME": "1010_2025.dwg", "ccpp1": "1010 1999", "LAYER_2": "PADRONES_2_VISTALBA" }, "geometry": { "type": "MultiPolygon", "coordinates": [ [ [ [ -68.897511859628011, -33.005528570263849, 0.0 ], [ -68.897548911109723, -33.004477241398845, 0.0 ], [ -68.89595568032216, -33.004424529068636, 0.0 ], [ -68.895925601106228, -33.004836085607472, 0.0 ], [ -68.895921075659814, -33.004898003511748, 0.0 ], [ -68.896266892887454, -33.004920242647266, 0.0 ], [ -68.89626357890694, -33.004991419976058, 0.0 ], [ -68.896296572936507, -33.005488694461981, 0.0 ], [ -68.896303572320988, -33.005488923891946, 0.0 ], [ -68.897511859628011, -33.005528570263849, 0.0 ] ] ] ] } },
{ "type": "Feature", "properties": { "LAYER": "PARCELARIO_BASE_CATASTRO", "MAP_NAME": "1010_2025.dwg", "ccpp1": "1010 1998", "LAYER_2": "PADRONES_2_VISTALBA" }, "geometry": { "type": "MultiPolygon", "coordinates": [ [ [ [ -68.896296572936507, -33.005488694461981, 0.0 ], [ -68.89626357890694, -33.004991419976058, 0.0 ], [ -68.896266892887454, -33.004920242647266, 0.0 ], [ -68.895921075659814, -33.004898003511748, 0.0 ], [ -68.895925601106228, -33.004836085607472, 0.0 ], [ -68.895596153267348, -33.004825191478339, 0.0 ], [ -68.8955496614943, -33.005464181847806, 0.0 ], [ -68.895652564478794, -33.005467559021994, 0.0 ], [ -68.895663591633621, -33.005467920794182, 0.0 ], [ -68.896196641509945, -33.005485414965513, 0.0 ], [ -68.896296572936507, -33.005488694461981, 0.0 ] ] ] ] } },
{ "type": "Feature", "properties": { "LAYER": "PARCELARIO_BASE_CATASTRO", "MAP_NAME": "1010_2025.dwg", "ccpp1": "1010 1994", "LAYER_2": "PADRONES_2_VISTALBA" }, "geometry": { "type": "MultiPolygon", "coordinates": [ [ [ [ -68.897221768459445, -33.003735373874683, 0.0 ], [ -68.895584168919427, -33.003694452066362, 0.0 ], [ -68.895573682625908, -33.003991794349069, 0.0 ], [ -68.897211285434437, -33.004032784829342, 0.0 ], [ -68.897221768459445, -33.003735373874683, 0.0 ] ] ] ] } },
{ "type": "Feature", "properties": { "LAYER": "PARCELARIO_BASE_CATASTRO", "MAP_NAME": "1010_2025.dwg", "ccpp1": "1010 1994", "LAYER_2": "PADRONES_2_VISTALBA" }, "geometry": { "type": "MultiPolygon", "coordinates": [ [ [ [ -68.897037470588785, -33.004028435273582, 0.0 ], [ -68.897211285434423, -33.004032784829342, 0.0 ], [ -68.897221768459445, -33.00373537387469, 0.0 ], [ -68.897047954187002, -33.003731032449537, 0.0 ], [ -68.897037470588785, -33.004028435273582, 0.0 ] ] ] ] } },
{ "type": "Feature", "properties": { "LAYER": "PARCELARIO_BASE_CATASTRO", "MAP_NAME": "1010_2025.dwg", "ccpp1": "1010 2002", "LAYER_2": "PADRONES_2_VISTALBA" }, "geometry": { "type": "MultiPolygon", "coordinates": [ [ [ [ -68.896874887225025, -33.004024366158895, 0.0 ], [ -68.897037470588785, -33.004028435273582, 0.0 ], [ -68.897047954187002, -33.003731032449537, 0.0 ], [ -68.896885370289766, -33.003726970561857, 0.0 ], [ -68.896874887225025, -33.004024366158895, 0.0 ] ] ] ] } },
{ "type": "Feature", "properties": { "LAYER": "PARCELARIO_BASE_CATASTRO", "MAP_NAME": "1010_2025.dwg", "ccpp1": "1010 2003", "LAYER_2": "PADRONES_2_VISTALBA" }, "geometry": { "type": "MultiPolygon", "coordinates": [ [ [ [ -68.896712303876797, -33.004020296832451, 0.0 ], [ -68.896874887225025, -33.004024366158895, 0.0 ], [ -68.896885370289766, -33.003726970561857, 0.0 ], [ -68.896722786408006, -33.003722908462478, 0.0 ], [ -68.896712303876797, -33.004020296832451, 0.0 ] ] ] ] } },
{ "type": "Feature", "properties": { "LAYER": "PARCELARIO_BASE_CATASTRO", "MAP_NAME": "1010_2025.dwg", "ccpp1": "1010 2004", "LAYER_2": "PADRONES_2_VISTALBA" }, "geometry": { "type": "MultiPolygon", "coordinates": [ [ [ [ -68.896549720544087, -33.004016227294301, 0.0 ], [ -68.896712303876797, -33.004020296832451, 0.0 ], [ -68.896722786408006, -33.003722908462478, 0.0 ], [ -68.896560202541735, -33.003718846151408, 0.0 ], [ -68.896549720544087, -33.004016227294301, 0.0 ] ] ] ] } },
{ "type": "Feature", "properties": { "LAYER": "PARCELARIO_BASE_CATASTRO", "MAP_NAME": "1010_2025.dwg", "ccpp1": "1010 2005", "LAYER_2": "PADRONES_2_VISTALBA" }, "geometry": { "type": "MultiPolygon", "coordinates": [ [ [ [ -68.89638713722583, -33.004012158446166, 0.0 ], [ -68.896549720544087, -33.004016227294301, 0.0 ], [ -68.896560202541735, -33.003718846151408, 0.0 ], [ -68.896397618690926, -33.00371478362861, 0.0 ], [ -68.89638713722583, -33.004012158446166, 0.0 ] ] ] ] } },
{ "type": "Feature", "properties": { "LAYER": "PARCELARIO_BASE_CATASTRO", "MAP_NAME": "1010_2025.dwg", "ccpp1": "1010 2006", "LAYER_2": "PADRONES_2_VISTALBA" }, "geometry": { "type": "MultiPolygon", "coordinates": [ [ [ [ -68.896224553924171, -33.004008088484575, 0.0 ], [ -68.89638713722583, -33.004012158446166, 0.0 ], [ -68.896397618690926, -33.00371478362861, 0.0 ], [ -68.896235034856716, -33.003710719992398, 0.0 ], [ -68.896224553924171, -33.004008088484575, 0.0 ] ] ] ] } },
{ "type": "Feature", "properties": { "LAYER": "PARCELARIO_BASE_CATASTRO", "MAP_NAME": "1010_2025.dwg", "ccpp1": "1010 2008", "LAYER_2": "PADRONES_2_VISTALBA" }, "geometry": { "type": "MultiPolygon", "coordinates": [ [ [ [ -68.895900456367229, -33.00399997496632, 0.0 ], [ -68.896061970638016, -33.004004018311299, 0.0 ], [ -68.8960724510369, -33.003706657046123, 0.0 ], [ -68.895910937300044, -33.003702620027347, 0.0 ], [ -68.895900456367229, -33.00399997496632, 0.0 ] ] ] ] } },
{ "type": "Feature", "properties": { "LAYER": "PARCELARIO_BASE_CATASTRO", "MAP_NAME": "1010_2025.dwg", "ccpp1": "1010 2009", "LAYER_2": "PADRONES_2_VISTALBA" }, "geometry": { "type": "MultiPolygon", "coordinates": [ [ [ [ -68.895737338076572, -33.003995891300661, 0.0 ], [ -68.895900456367229, -33.00399997496632, 0.0 ], [ -68.895910937300044, -33.003702620027347, 0.0 ], [ -68.895747819548646, -33.003698542687999, 0.0 ], [ -68.895737338076572, -33.003995891300661, 0.0 ] ] ] ] } },
{ "type": "Feature", "properties": { "LAYER": "PARCELARIO_BASE_CATASTRO", "MAP_NAME": "1010_2025.dwg", "ccpp1": "1010 2010", "LAYER_2": "PADRONES_2_VISTALBA" }, "geometry": { "type": "MultiPolygon", "coordinates": [ [ [ [ -68.895737338076572, -33.003995891300661, 0.0 ], [ -68.895747819548646, -33.003698542687999, 0.0 ], [ -68.895584168919427, -33.003694452066355, 0.0 ], [ -68.895573682625908, -33.003991794349069, 0.0 ], [ -68.895737338076572, -33.003995891300661, 0.0 ] ] ] ] } },
{ "type": "Feature", "properties": { "LAYER": "PARCELARIO_BASE_CATASTRO", "MAP_NAME": "1010_2025.dwg", "ccpp1": "1010 1603", "LAYER_2": "PADRONES_2_VISTALBA" }, "geometry": { "type": "MultiPolygon", "coordinates": [ [ [ [ -68.891958718230072, -33.014677973422366, 0.0 ], [ -68.891943297570023, -33.014859372418577, 0.0 ], [ -68.891930536438224, -33.014983694127466, 0.0 ], [ -68.891915128152192, -33.015133804126584, 0.0 ], [ -68.891907039487904, -33.015212602542164, 0.0 ], [ -68.891905871900846, -33.015223971642129, 0.0 ], [ -68.891900533236168, -33.015275985502115, 0.0 ], [ -68.891896739093042, -33.015312946347656, 0.0 ], [ -68.891884716525567, -33.015430062502745, 0.0 ], [ -68.891868446999467, -33.015588562718364, 0.0 ], [ -68.891871471085352, -33.015611703197337, 0.0 ], [ -68.893563060220714, -33.015702480631028, 0.0 ], [ -68.894697039995151, -33.01574071590283, 0.0 ], [ -68.894891383088051, -33.015747268076083, 0.0 ], [ -68.894993802376305, -33.015750720233214, 0.0 ], [ -68.89499979764102, -33.015750922743536, 0.0 ], [ -68.895201261196974, -33.01579359157094, 0.0 ], [ -68.895200867306073, -33.01577100791031, 0.0 ], [ -68.895364016740643, -33.014964199600904, 0.0 ], [ -68.895497208303084, -33.014958977664669, 0.0 ], [ -68.896925616297224, -33.014902966049121, 0.0 ], [ -68.896697235870661, -33.020872352103865, 0.0 ], [ -68.89579944595539, -33.020798587931154, 0.0 ], [ -68.895795996911275, -33.020888708521923, 0.0 ], [ -68.898345528988401, -33.021096995945541, 0.0 ], [ -68.901772173647998, -33.021384363088217, 0.0 ], [ -68.901672908459531, -33.021288123257449, 0.0 ], [ -68.90174154194554, -33.020708428342864, 0.0 ], [ -68.902309494058954, -33.020753263584893, 0.0 ], [ -68.902314253286733, -33.02075363970124, 0.0 ], [ -68.902370149460353, -33.020123846449472, 0.0 ], [ -68.902428677357108, -33.019477880943491, 0.0 ], [ -68.902447169672456, -33.019243787549627, 0.0 ], [ -68.902024713255415, -33.019185350974162, 0.0 ], [ -68.902071843672488, -33.018917778416181, 0.0 ], [ -68.902469810316475, -33.018957192022604, 0.0 ], [ -68.902471079155447, -33.018941135106488, 0.0 ], [ -68.902475517398031, -33.018884948971774, 0.0 ], [ -68.902492673001177, -33.018686542752413, 0.0 ], [ -68.902534940313487, -33.018270347808134, 0.0 ], [ -68.902553092507887, -33.0180219364076, 0.0 ], [ -68.90275542065551, -33.014954757622718, 0.0 ], [ -68.902785515930162, -33.014631651638233, 0.0 ], [ -68.902786589983421, -33.014617438480002, 0.0 ], [ -68.90278708929479, -33.014610078501001, 0.0 ], [ -68.902793785424336, -33.014512807477452, 0.0 ], [ -68.902803969335366, -33.014364876788299, 0.0 ], [ -68.90283109123601, -33.013972406236981, 0.0 ], [ -68.902907828352809, -33.01286195907398, 0.0 ], [ -68.902950612112107, -33.012309897850123, 0.0 ], [ -68.902998796922745, -33.011688139494815, 0.0 ], [ -68.903000913791615, -33.011668565779992, 0.0 ], [ -68.903116652776674, -33.010067638980793, 0.0 ], [ -68.902923363200983, -33.010055829248671, 0.0 ], [ -68.90255087988227, -33.014420372269065, 0.0 ], [ -68.895434593127263, -33.014699591204334, 0.0 ], [ -68.897196435995056, -33.01024282019641, 0.0 ], [ -68.897228275787938, -33.009752952875566, 0.0 ], [ -68.89256667636613, -33.009618562354767, 0.0 ], [ -68.892500906302942, -33.010453976382536, 0.0 ], [ -68.89239852138806, -33.010480219776781, 0.0 ], [ -68.892312645656475, -33.011126747540246, 0.0 ], [ -68.892310068677034, -33.011151376366229, 0.0 ], [ -68.892305352147929, -33.011196456034362, 0.0 ], [ -68.892301239795088, -33.011235763701613, 0.0 ], [ -68.8922845376525, -33.01141598955887, 0.0 ], [ -68.892246969215634, -33.011792128598557, 0.0 ], [ -68.892239791782032, -33.011863982265446, 0.0 ], [ -68.892202087548071, -33.012241466445396, 0.0 ], [ -68.892199485227977, -33.012267518986889, 0.0 ], [ -68.89219843107675, -33.012278076685902, 0.0 ], [ -68.892183447638175, -33.012428096983854, 0.0 ], [ -68.892178000298216, -33.012482626457562, 0.0 ], [ -68.892177070728266, -33.012491940854417, 0.0 ], [ -68.89217284870962, -33.012534204103581, 0.0 ], [ -68.892168346075906, -33.012579283941136, 0.0 ], [ -68.892158628995389, -33.012676569835278, 0.0 ], [ -68.892157436164467, -33.012688510582159, 0.0 ], [ -68.892153514223097, -33.012727776020746, 0.0 ], [ -68.892138439636199, -33.012878696996381, 0.0 ], [ -68.892133504678199, -33.012928109904173, 0.0 ], [ -68.892123536165244, -33.013027913949593, 0.0 ], [ -68.89210867708087, -33.013176671983445, 0.0 ], [ -68.892093702007713, -33.013326600285069, 0.0 ], [ -68.892089118035699, -33.013372493353977, 0.0 ], [ -68.89208461531554, -33.013417573182281, 0.0 ], [ -68.892080678148844, -33.013456983770382, 0.0 ], [ -68.892078688974195, -33.01347689913662, 0.0 ], [ -68.892063686716412, -33.01362709520108, 0.0 ], [ -68.892059516584624, -33.01366884452905, 0.0 ], [ -68.892048773250409, -33.013776400482591, 0.0 ], [ -68.892033418772968, -33.013930120876481, 0.0 ], [ -68.892018748979368, -33.014076984623735, 0.0 ], [ -68.89200379960819, -33.014226646019196, 0.0 ], [ -68.891998729076548, -33.014277406796587, 0.0 ], [ -68.891989058197396, -33.014374233738344, 0.0 ], [ -68.891983177230912, -33.014433104372607, 0.0 ], [ -68.891979016772908, -33.014474756319963, 0.0 ], [ -68.891974513939104, -33.014519836136095, 0.0 ], [ -68.891973996044314, -33.014525023921564, 0.0 ], [ -68.891958718230072, -33.014677973422366, 0.0 ] ] ] ] } },
{ "type": "Feature", "properties": { "LAYER": "PARCELARIO_BASE_CATASTRO", "MAP_NAME": "1010_2025.dwg", "ccpp1": "1010 1989", "LAYER_2": "PADRONES_2_VISTALBA" }, "geometry": { "type": "MultiPolygon", "coordinates": [ [ [ [ -68.895795996911275, -33.020888708521923, 0.0 ], [ -68.896034331286387, -33.014937917659978, 0.0 ], [ -68.895497208303084, -33.014958977664669, 0.0 ], [ -68.895364016740643, -33.014964199600904, 0.0 ], [ -68.895200867306073, -33.01577100791031, 0.0 ], [ -68.895201261196974, -33.01579359157094, 0.0 ], [ -68.895195864915564, -33.015890069029851, 0.0 ], [ -68.89518352889155, -33.01611061791472, 0.0 ], [ -68.895149303920945, -33.016595800703769, 0.0 ], [ -68.894935101450315, -33.020298944250541, 0.0 ], [ -68.894927530085113, -33.020551640875034, 0.0 ], [ -68.894914136592462, -33.020816651248474, 0.0 ], [ -68.895795996911275, -33.020888708521923, 0.0 ] ] ] ] } },
{ "type": "Feature", "properties": { "LAYER": "PARCELARIO_BASE_CATASTRO", "MAP_NAME": "1010_2025.dwg", "ccpp1": "1010 1988", "LAYER_2": "PADRONES_2_VISTALBA" }, "geometry": { "type": "MultiPolygon", "coordinates": [ [ [ [ -68.895434593127263, -33.014699591204334, 0.0 ], [ -68.90255087988227, -33.014420372269065, 0.0 ], [ -68.902923363200983, -33.010055829248671, 0.0 ], [ -68.901606941522672, -33.009975388002424, 0.0 ], [ -68.897496431676771, -33.009845570709814, 0.0 ], [ -68.897578457705265, -33.007079388688126, 0.0 ], [ -68.897594755577884, -33.006597183330378, 0.0 ], [ -68.897607360978554, -33.006108795721843, 0.0 ], [ -68.897624332708588, -33.005682147580131, 0.0 ], [ -68.89735163799989, -33.005673787450974, 0.0 ], [ -68.897228275787938, -33.009752952875566, 0.0 ], [ -68.897196435995056, -33.01024282019641, 0.0 ], [ -68.895434593127263, -33.014699591204334, 0.0 ] ] ] ] } },
{ "type": "Feature", "properties": { "LAYER": "PARCELARIO_BASE_CATASTRO", "MAP_NAME": "1010_2025.dwg", "ccpp1": "1010 75", "LAYER_2": "PADRONES_2_VISTALBA" }, "geometry": { "type": "MultiPolygon", "coordinates": [ [ [ [ -68.907325368919885, -33.005334784505166, 0.0 ], [ -68.907386281191009, -33.005361328157811, 0.0 ], [ -68.907467671125858, -33.005126661571076, 0.0 ], [ -68.907407017679262, -33.005099361643268, 0.0 ], [ -68.907200608465914, -33.005008454704004, 0.0 ], [ -68.906887386775992, -33.004874364988943, 0.0 ], [ -68.906814268621233, -33.00511206430609, 0.0 ], [ -68.907325368919885, -33.005334784505166, 0.0 ] ] ] ] } },
{ "type": "Feature", "properties": { "LAYER": "PARCELARIO_BASE_CATASTRO", "MAP_NAME": "1010_2025.dwg", "ccpp1": "1010 122", "LAYER_2": "PADRONES_2_VISTALBA" }, "geometry": { "type": "MultiPolygon", "coordinates": [ [ [ [ -68.904731225943991, -33.032095135813321, 0.0 ], [ -68.904416017345639, -33.032107070035138, 0.0 ], [ -68.904434507807309, -33.032385066920213, 0.0 ], [ -68.904754366210412, -33.032370262574432, 0.0 ], [ -68.904731225943991, -33.032095135813321, 0.0 ] ] ] ] } },
{ "type": "Feature", "properties": { "LAYER": "PARCELARIO_BASE_CATASTRO", "MAP_NAME": "1010_2025.dwg", "ccpp1": "1010 375", "LAYER_2": "PADRONES_2_VISTALBA" }, "geometry": { "type": "MultiPolygon", "coordinates": [ [ [ [ -68.903696893131212, -33.030094066365621, 0.0 ], [ -68.903694562423979, -33.030072791416011, 0.0 ], [ -68.903226438014414, -33.030101282765287, 0.0 ], [ -68.903228984052333, -33.030122293700472, 0.0 ], [ -68.903244473698948, -33.030248990644992, 0.0 ], [ -68.903259751374307, -33.030373793909305, 0.0 ], [ -68.903723061925561, -33.030328078589918, 0.0 ], [ -68.903696893131212, -33.030094066365621, 0.0 ] ] ] ] } },
{ "type": "Feature", "properties": { "LAYER": "PARCELARIO_BASE_CATASTRO", "MAP_NAME": "1010_2025.dwg", "ccpp1": "1010 434", "LAYER_2": "PADRONES_2_VISTALBA" }, "geometry": { "type": "MultiPolygon", "coordinates": [ [ [ [ -68.903677727748502, -33.02970597818338, 0.0 ], [ -68.903391699356007, -33.029727828204066, 0.0 ], [ -68.903182724509705, -33.029743791749127, 0.0 ], [ -68.903194079849811, -33.0298364365552, 0.0 ], [ -68.903210311788229, -33.029969445790584, 0.0 ], [ -68.903226438014414, -33.030101282765287, 0.0 ], [ -68.903694562423979, -33.030072791416011, 0.0 ], [ -68.903696893131212, -33.030094066365621, 0.0 ], [ -68.903812720962705, -33.030087038803103, 0.0 ], [ -68.903677727748502, -33.02970597818338, 0.0 ] ] ] ] } },
{ "type": "Feature", "properties": { "LAYER": "PARCELARIO_BASE_CATASTRO", "MAP_NAME": "1010_2025.dwg", "ccpp1": "1010 809", "LAYER_2": "PADRONES_2_VISTALBA" }, "geometry": { "type": "MultiPolygon", "coordinates": [ [ [ [ -68.903758991578144, -33.02969982746081, 0.0 ], [ -68.903677727748502, -33.02970597818338, 0.0 ], [ -68.903812720962705, -33.030087038803103, 0.0 ], [ -68.903870240575174, -33.030249023441918, 0.0 ], [ -68.903890672836553, -33.030260760917969, 0.0 ], [ -68.903971068381495, -33.030254240605714, 0.0 ], [ -68.903917834543165, -33.029687804341549, 0.0 ], [ -68.903818070348876, -33.02969535653483, 0.0 ], [ -68.903758991578144, -33.02969982746081, 0.0 ] ] ] ] } },
{ "type": "Feature", "properties": { "LAYER": "PARCELARIO_BASE_CATASTRO", "MAP_NAME": "1010_2025.dwg", "ccpp1": "1010 588", "LAYER_2": "PADRONES_2_VISTALBA" }, "geometry": { "type": "MultiPolygon", "coordinates": [ [ [ [ -68.904089970934564, -33.029674772348336, 0.0 ], [ -68.904146953403227, -33.030240219581579, 0.0 ], [ -68.904317592835568, -33.03022664512347, 0.0 ], [ -68.90426029277819, -33.029661878484625, 0.0 ], [ -68.904089970934564, -33.029674772348336, 0.0 ] ] ] ] } },
{ "type": "Feature", "properties": { "LAYER": "PARCELARIO_BASE_CATASTRO", "MAP_NAME": "1010_2025.dwg", "ccpp1": "1010 542", "LAYER_2": "PADRONES_2_VISTALBA" }, "geometry": { "type": "MultiPolygon", "coordinates": [ [ [ [ -68.904612268620099, -33.029635231313712, 0.0 ], [ -68.904664535770365, -33.030108430947884, 0.0 ], [ -68.904674394054524, -33.030198154857416, 0.0 ], [ -68.904831866127935, -33.030185561475726, 0.0 ], [ -68.904780553155476, -33.029622490269922, 0.0 ], [ -68.904612268620099, -33.029635231313712, 0.0 ] ] ] ] } },
{ "type": "Feature", "properties": { "LAYER": "PARCELARIO_BASE_CATASTRO", "MAP_NAME": "1010_2025.dwg", "ccpp1": "1010 541", "LAYER_2": "PADRONES_2_VISTALBA" }, "geometry": { "type": "MultiPolygon", "coordinates": [ [ [ [ -68.904887393182463, -33.029614400795289, 0.0 ], [ -68.904780553155476, -33.029622490269922, 0.0 ], [ -68.904831866127935, -33.030185561475726, 0.0 ], [ -68.905084827487286, -33.030165466517118, 0.0 ], [ -68.905017136497179, -33.029604577616816, 0.0 ], [ -68.904887393182463, -33.029614400795289, 0.0 ] ] ] ] } },
{ "type": "Feature", "properties": { "LAYER": "PARCELARIO_BASE_CATASTRO", "MAP_NAME": "1010_2025.dwg", "ccpp1": "1010 537", "LAYER_2": "PADRONES_2_VISTALBA" }, "geometry": { "type": "MultiPolygon", "coordinates": [ [ [ [ -68.905749038813909, -33.029549161260064, 0.0 ], [ -68.905627749374602, -33.029558345094415, 0.0 ], [ -68.905699406754152, -33.03011634049809, 0.0 ], [ -68.905962858760319, -33.030095350014079, 0.0 ], [ -68.905880278493001, -33.029539224703363, 0.0 ], [ -68.905749038813909, -33.029549161260064, 0.0 ] ] ] ] } },
{ "type": "Feature", "properties": { "LAYER": "PARCELARIO_BASE_CATASTRO", "MAP_NAME": "1010_2025.dwg", "ccpp1": "1010 1401", "LAYER_2": "PADRONES_2_VISTALBA" }, "geometry": { "type": "MultiPolygon", "coordinates": [ [ [ [ -68.905069537400692, -33.030349392394541, 0.0 ], [ -68.905124349667801, -33.030942467412522, 0.0 ], [ -68.90515250342942, -33.030941046139816, 0.0 ], [ -68.905291666584702, -33.030933938462368, 0.0 ], [ -68.905447636373708, -33.030925941693617, 0.0 ], [ -68.905555648348781, -33.030920433123491, 0.0 ], [ -68.905601465090385, -33.030918123444557, 0.0 ], [ -68.905740307047026, -33.030911015023712, 0.0 ], [ -68.905769531311179, -33.030909504253174, 0.0 ], [ -68.905702949333303, -33.030302756678026, 0.0 ], [ -68.905069537400692, -33.030349392394541, 0.0 ] ] ] ] } },
{ "type": "Feature", "properties": { "LAYER": "PARCELARIO_BASE_CATASTRO", "MAP_NAME": "1010_2025.dwg", "ccpp1": "1010 408", "LAYER_2": "PADRONES_2_VISTALBA" }, "geometry": { "type": "MultiPolygon", "coordinates": [ [ [ [ -68.904856291761988, -33.030365092202139, 0.0 ], [ -68.904910680634259, -33.030953395339758, 0.0 ], [ -68.904999423933262, -33.030948864405687, 0.0 ], [ -68.905124349667801, -33.030942467412522, 0.0 ], [ -68.905069537400692, -33.030349392394541, 0.0 ], [ -68.904856291761988, -33.030365092202139, 0.0 ] ] ] ] } },
{ "type": "Feature", "properties": { "LAYER": "PARCELARIO_BASE_CATASTRO", "MAP_NAME": "1010_2025.dwg", "ccpp1": "1010 388", "LAYER_2": "PADRONES_2_VISTALBA" }, "geometry": { "type": "MultiPolygon", "coordinates": [ [ [ [ -68.904663812782786, -33.030379262948273, 0.0 ], [ -68.904694449445074, -33.03065955579185, 0.0 ], [ -68.904727306371569, -33.030962723025048, 0.0 ], [ -68.904842490680849, -33.030956859879396, 0.0 ], [ -68.904910680634259, -33.030953395339758, 0.0 ], [ -68.904856291761988, -33.030365092202139, 0.0 ], [ -68.904663812782786, -33.030379262948273, 0.0 ] ] ] ] } },
{ "type": "Feature", "properties": { "LAYER": "PARCELARIO_BASE_CATASTRO", "MAP_NAME": "1010_2025.dwg", "ccpp1": "1010 862", "LAYER_2": "PADRONES_2_VISTALBA" }, "geometry": { "type": "MultiPolygon", "coordinates": [ [ [ [ -68.904315833180732, -33.030404835824463, 0.0 ], [ -68.904367456598251, -33.030682117923611, 0.0 ], [ -68.904693853219442, -33.030659555336477, 0.0 ], [ -68.904663216559044, -33.030379262492751, 0.0 ], [ -68.904315833180732, -33.030404835824463, 0.0 ] ] ] ] } },
{ "type": "Feature", "properties": { "LAYER": "PARCELARIO_BASE_CATASTRO", "MAP_NAME": "1010_2025.dwg", "ccpp1": "1010 520", "LAYER_2": "PADRONES_2_VISTALBA" }, "geometry": { "type": "MultiPolygon", "coordinates": [ [ [ [ -68.901733122775681, -33.032288564659964, 0.0 ], [ -68.90155766467403, -33.032309344246009, 0.0 ], [ -68.901516982428447, -33.032314181172268, 0.0 ], [ -68.901547385634743, -33.032504367743037, 0.0 ], [ -68.901554932157268, -33.032552613136502, 0.0 ], [ -68.901728376908352, -33.032523445520944, 0.0 ], [ -68.901760954668774, -33.032490830655149, 0.0 ], [ -68.901733122775681, -33.032288564659964, 0.0 ] ] ] ] } },
{ "type": "Feature", "properties": { "LAYER": "PARCELARIO_BASE_CATASTRO", "MAP_NAME": "1010_2025.dwg", "ccpp1": "1010 6", "LAYER_2": "PADRONES_2_VISTALBA" }, "geometry": { "type": "MultiPolygon", "coordinates": [ [ [ [ -68.902090995322695, -33.024380621981599, 0.0 ], [ -68.902316049084945, -33.02438718489293, 0.0 ], [ -68.90629082162026, -33.0245059481149, 0.0 ], [ -68.906613101703797, -33.024509019146372, 0.0 ], [ -68.907132655738295, -33.024514201949529, 0.0 ], [ -68.907141079356151, -33.024514234366194, 0.0 ], [ -68.908421378635239, -33.024531107911479, 0.0 ], [ -68.908539198176911, -33.023362076383762, 0.0 ], [ -68.905741098155204, -33.023073313000943, 0.0 ], [ -68.905732725863629, -33.023072450989396, 0.0 ], [ -68.905004525499791, -33.022997457584232, 0.0 ], [ -68.904919785678771, -33.022987068895077, 0.0 ], [ -68.904911289396807, -33.022987062421798, 0.0 ], [ -68.904878648732506, -33.02297894503085, 0.0 ], [ -68.904836317558264, -33.022970584905707, 0.0 ], [ -68.904754731112817, -33.022948126908375, 0.0 ], [ -68.904675626634742, -33.022919860371431, 0.0 ], [ -68.90459958617673, -33.022885989522599, 0.0 ], [ -68.904527164978049, -33.022846767260667, 0.0 ], [ -68.904458897905585, -33.022802477126689, 0.0 ], [ -68.904395281241506, -33.022753448618317, 0.0 ], [ -68.904336784477977, -33.022700037361645, 0.0 ], [ -68.903996058714682, -33.022234752169318, 0.0 ], [ -68.903968367915866, -33.022210530855745, 0.0 ], [ -68.903936739619098, -33.022190072794523, 0.0 ], [ -68.903901893642015, -33.022173845603739, 0.0 ], [ -68.903864624828074, -33.022162219579052, 0.0 ], [ -68.902223673437788, -33.021994697842317, 0.0 ], [ -68.90221533552122, -33.021993846441802, 0.0 ], [ -68.902091799808744, -33.024365506967371, 0.0 ], [ -68.902090995322695, -33.024380621981599, 0.0 ] ] ] ] } },
{ "type": "Feature", "properties": { "LAYER": "PARCELARIO_BASE_CATASTRO", "MAP_NAME": "1010_2025.dwg", "ccpp1": "1010 215", "LAYER_2": "PADRONES_2_VISTALBA" }, "geometry": { "type": "MultiPolygon", "coordinates": [ [ [ [ -68.90515250342942, -33.030941046139816, 0.0 ], [ -68.905124349667801, -33.030942467412522, 0.0 ], [ -68.904999423933262, -33.030948864405687, 0.0 ], [ -68.905019101237301, -33.031361312273617, 0.0 ], [ -68.905177534918366, -33.031354268081479, 0.0 ], [ -68.90515250342942, -33.030941046139816, 0.0 ] ] ] ] } },
{ "type": "Feature", "properties": { "LAYER": "PARCELARIO_BASE_CATASTRO", "MAP_NAME": "1010_2025.dwg", "ccpp1": "1010 237", "LAYER_2": "PADRONES_2_VISTALBA" }, "geometry": { "type": "MultiPolygon", "coordinates": [ [ [ [ -68.904842490680849, -33.030956859879396, 0.0 ], [ -68.904727306371569, -33.030962723025048, 0.0 ], [ -68.904699473045127, -33.030964775616951, 0.0 ], [ -68.904731888343449, -33.031374081010135, 0.0 ], [ -68.904865812275801, -33.031368127555616, 0.0 ], [ -68.904850109035252, -33.031091216622954, 0.0 ], [ -68.904842490680849, -33.030956859879396, 0.0 ] ] ] ] } },
{ "type": "Feature", "properties": { "LAYER": "PARCELARIO_BASE_CATASTRO", "MAP_NAME": "1010_2025.dwg", "ccpp1": "1010 387", "LAYER_2": "PADRONES_2_VISTALBA" }, "geometry": { "type": "MultiPolygon", "coordinates": [ [ [ [ -68.904039780549709, -33.029678572181012, 0.0 ], [ -68.903917834543165, -33.029687804341549, 0.0 ], [ -68.903971068381495, -33.030254240605714, 0.0 ], [ -68.904146953403227, -33.030240219581579, 0.0 ], [ -68.904089970934564, -33.029674772348336, 0.0 ], [ -68.904039780549709, -33.029678572181012, 0.0 ] ] ] ] } },
{ "type": "Feature", "properties": { "LAYER": "PARCELARIO_BASE_CATASTRO", "MAP_NAME": "1010_2025.dwg", "ccpp1": "1010 1073", "LAYER_2": "PADRONES_2_VISTALBA" }, "geometry": { "type": "MultiPolygon", "coordinates": [ [ [ [ -68.905461931505783, -33.029570900700342, 0.0 ], [ -68.905424987572445, -33.029573697645496, 0.0 ], [ -68.905494297245411, -33.030132776096558, 0.0 ], [ -68.905699406754152, -33.03011634049809, 0.0 ], [ -68.905627749374602, -33.029558345094415, 0.0 ], [ -68.905461931505783, -33.029570900700342, 0.0 ] ] ] ] } },
{ "type": "Feature", "properties": { "LAYER": "PARCELARIO_BASE_CATASTRO", "MAP_NAME": "1010_2025.dwg", "ccpp1": "1010 1074", "LAYER_2": "PADRONES_2_VISTALBA" }, "geometry": { "type": "MultiPolygon", "coordinates": [ [ [ [ -68.90521335555583, -33.029589722088829, 0.0 ], [ -68.905278161499325, -33.030150014493437, 0.0 ], [ -68.905494297245411, -33.030132776096558, 0.0 ], [ -68.905424987572445, -33.029573697645496, 0.0 ], [ -68.90521335555583, -33.029589722088829, 0.0 ] ] ] ] } },
{ "type": "Feature", "properties": { "LAYER": "PARCELARIO_BASE_CATASTRO", "MAP_NAME": "1010_2025.dwg", "ccpp1": "1010 1234", "LAYER_2": "PADRONES_2_VISTALBA" }, "geometry": { "type": "MultiPolygon", "coordinates": [ [ [ [ -68.904693853219442, -33.030659555336477, 0.0 ], [ -68.904367456598251, -33.030682117923611, 0.0 ], [ -68.904377353984515, -33.03073541432709, 0.0 ], [ -68.903997529541172, -33.030770197732664, 0.0 ], [ -68.904004907922868, -33.03079691003326, 0.0 ], [ -68.90417499409179, -33.030781244369408, 0.0 ], [ -68.904241825313264, -33.030846306226941, 0.0 ], [ -68.904265748727099, -33.030995370969379, 0.0 ], [ -68.904356099785971, -33.030988948215139, 0.0 ], [ -68.904547185685871, -33.030975479283363, 0.0 ], [ -68.904698876817434, -33.0309647751616, 0.0 ], [ -68.904727306371569, -33.030962723025048, 0.0 ], [ -68.904693853219442, -33.030659555336477, 0.0 ] ] ] ] } },
{ "type": "Feature", "properties": { "LAYER": "PARCELARIO_BASE_CATASTRO", "MAP_NAME": "1010_2025.dwg", "ccpp1": "1010 1441", "LAYER_2": "PADRONES_2_VISTALBA" }, "geometry": { "type": "MultiPolygon", "coordinates": [ [ [ [ -68.897576310024292, -33.031200395267817, 0.0 ], [ -68.899664070101252, -33.033217831036218, 0.0 ], [ -68.899750370563766, -33.033167376131445, 0.0 ], [ -68.899800662953183, -33.033221958644781, 0.0 ], [ -68.899937803216503, -33.033138600948959, 0.0 ], [ -68.900175449464683, -33.033009356324222, 0.0 ], [ -68.900344399454866, -33.032937580347735, 0.0 ], [ -68.900590540418946, -33.032850560685581, 0.0 ], [ -68.900600875667322, -33.032847655617672, 0.0 ], [ -68.900588604700104, -33.032785087858677, 0.0 ], [ -68.900549749418602, -33.032586964126025, 0.0 ], [ -68.900681602453744, -33.032569159236658, 0.0 ], [ -68.900712494922359, -33.03273867195967, 0.0 ], [ -68.900725947973825, -33.032812493510505, 0.0 ], [ -68.900820135479279, -33.032786015078784, 0.0 ], [ -68.900919162882616, -33.032758175287981, 0.0 ], [ -68.900901804320213, -33.032646423637189, 0.0 ], [ -68.900398728532892, -33.02949826102104, 0.0 ], [ -68.900197153304106, -33.028156286273074, 0.0 ], [ -68.899919245541071, -33.026409253555407, 0.0 ], [ -68.898430420849024, -33.026585410581383, 0.0 ], [ -68.896747706544531, -33.026784486805489, 0.0 ], [ -68.896882892950245, -33.027796588878438, 0.0 ], [ -68.896835278736916, -33.027836173518111, 0.0 ], [ -68.89682975124208, -33.027840769280928, 0.0 ], [ -68.89735853617934, -33.0309281214941, 0.0 ], [ -68.897576310024292, -33.031200395267817, 0.0 ] ] ] ] } },
{ "type": "Feature", "properties": { "LAYER": "PARCELARIO_BASE_CATASTRO", "MAP_NAME": "1010_2025.dwg", "ccpp1": "1010 1391", "LAYER_2": "PADRONES_2_VISTALBA" }, "geometry": { "type": "MultiPolygon", "coordinates": [ [ [ [ -68.891773252881862, -33.029068519620559, 0.0 ], [ -68.891641666045572, -33.028239185284058, 0.0 ], [ -68.891635056286404, -33.028210381033738, 0.0 ], [ -68.890915754128471, -33.028432369097011, 0.0 ], [ -68.891773252881862, -33.029068519620559, 0.0 ] ] ] ] } },
{ "type": "Feature", "properties": { "LAYER": "PARCELARIO_BASE_CATASTRO", "MAP_NAME": "1010_2025.dwg", "ccpp1": "1919 423", "LAYER_2": "PADRONES_2_VISTALBA" }, "geometry": { "type": "MultiPolygon", "coordinates": [ [ [ [ -68.894034847533234, -33.03020683725687, 0.0 ], [ -68.893319368134911, -33.03042328865218, 0.0 ], [ -68.894869937289855, -33.031638035039826, 0.0 ], [ -68.895441369400118, -33.031983049368463, 0.0 ], [ -68.895961596843279, -33.032290844262079, 0.0 ], [ -68.898118324262967, -33.033201595448787, 0.0 ], [ -68.898946418161032, -33.033703437743867, 0.0 ], [ -68.899073712257461, -33.033736066767538, 0.0 ], [ -68.899740641577608, -33.033291821543408, 0.0 ], [ -68.899719770196526, -33.033271654214026, 0.0 ], [ -68.899664070100229, -33.033217831937876, 0.0 ], [ -68.89757631002324, -33.031200396169488, 0.0 ], [ -68.897358536178288, -33.030928122395771, 0.0 ], [ -68.897274176495358, -33.030435595448928, 0.0 ], [ -68.894871367838093, -33.031110270575745, 0.0 ], [ -68.89456427487923, -33.030884358164094, 0.0 ], [ -68.89451800570383, -33.030825888674613, 0.0 ], [ -68.894505398239147, -33.030805877844514, 0.0 ], [ -68.894432548677273, -33.030776340656196, 0.0 ], [ -68.894396362938437, -33.030751102348212, 0.0 ], [ -68.894120006569537, -33.030531311946966, 0.0 ], [ -68.894073542875361, -33.030480208125212, 0.0 ], [ -68.894053303878877, -33.030426980574781, 0.0 ], [ -68.894034847533234, -33.03020683725687, 0.0 ] ] ] ] } },
{ "type": "Feature", "properties": { "LAYER": "PARCELARIO_BASE_CATASTRO", "MAP_NAME": "1010_2025.dwg", "ccpp1": "1919 423", "LAYER_2": "PADRONES_2_VISTALBA" }, "geometry": { "type": "MultiPolygon", "coordinates": [ [ [ [ -68.895441369400118, -33.031983049368463, 0.0 ], [ -68.895961596843279, -33.032290844262079, 0.0 ], [ -68.898118324262967, -33.033201595448787, 0.0 ], [ -68.898946418161032, -33.033703437743867, 0.0 ], [ -68.899073712257461, -33.033736066767538, 0.0 ], [ -68.899740593788223, -33.033291775366109, 0.0 ], [ -68.897576306843774, -33.031200392194357, 0.0 ], [ -68.89735853637616, -33.030928122643132, 0.0 ], [ -68.897274176495358, -33.030435595448928, 0.0 ], [ -68.894871367838093, -33.031110270575745, 0.0 ], [ -68.89456427487923, -33.030884358164094, 0.0 ], [ -68.89451800570383, -33.030825888674613, 0.0 ], [ -68.894505398239147, -33.030805877844514, 0.0 ], [ -68.894432548677273, -33.030776340656196, 0.0 ], [ -68.894396362938437, -33.030751102348212, 0.0 ], [ -68.894120006569537, -33.030531311946966, 0.0 ], [ -68.894073542875361, -33.030480208125212, 0.0 ], [ -68.894053303878877, -33.030426980574781, 0.0 ], [ -68.894034847533234, -33.03020683725687, 0.0 ], [ -68.893319368134911, -33.03042328865218, 0.0 ], [ -68.894869937289855, -33.031638035039826, 0.0 ], [ -68.895441369400118, -33.031983049368463, 0.0 ] ] ] ] } },
{ "type": "Feature", "properties": { "LAYER": "PARCELARIO_BASE_CATASTRO", "MAP_NAME": "1010_2025.dwg", "ccpp1": "1919 85", "LAYER_2": "PADRONES_2_VISTALBA" }, "geometry": { "type": "MultiPolygon", "coordinates": [ [ [ [ -68.894729853158182, -33.027431571840125, 0.0 ], [ -68.894717205100889, -33.027349043980301, 0.0 ], [ -68.893858771587645, -33.027587794064232, 0.0 ], [ -68.894007168628647, -33.028511722171238, 0.0 ], [ -68.894044644868785, -33.028531045285007, 0.0 ], [ -68.89482224066245, -33.028307993782796, 0.0 ], [ -68.894856194721214, -33.028255849583644, 0.0 ], [ -68.894729853158182, -33.027431571840125, 0.0 ] ] ] ] } },
{ "type": "Feature", "properties": { "LAYER": "PARCELARIO_BASE_CATASTRO", "MAP_NAME": "1010_2025.dwg", "ccpp1": "1919 85", "LAYER_2": "PADRONES_2_VISTALBA" }, "geometry": { "type": "MultiPolygon", "coordinates": [ [ [ [ -68.891773252881862, -33.029068519620559, 0.0 ], [ -68.891922380392856, -33.02921143898606, 0.0 ], [ -68.89682821363364, -33.027779669786554, 0.0 ], [ -68.896668106624972, -33.026806730101789, 0.0 ], [ -68.896386481495853, -33.0268847590607, 0.0 ], [ -68.896180333293316, -33.026942097303063, 0.0 ], [ -68.896153546887817, -33.026949548077297, 0.0 ], [ -68.89607006004745, -33.026972768776325, 0.0 ], [ -68.895990710460353, -33.026994839628557, 0.0 ], [ -68.895727458598657, -33.027068060264028, 0.0 ], [ -68.8947320075428, -33.027344927017907, 0.0 ], [ -68.893710887748895, -33.02762892322994, 0.0 ], [ -68.892696856225314, -33.027910937990278, 0.0 ], [ -68.892102606311184, -33.028076201660909, 0.0 ], [ -68.891635056286404, -33.028210381033738, 0.0 ], [ -68.891641666045572, -33.028239185284058, 0.0 ], [ -68.891731156826751, -33.028803208279079, 0.0 ], [ -68.891770741769875, -33.029051833802825, 0.0 ], [ -68.891773252881862, -33.029068519620559, 0.0 ] ] ] ] } },
{ "type": "Feature", "properties": { "LAYER": "PARCELARIO_BASE_CATASTRO", "MAP_NAME": "1010_2025.dwg", "ccpp1": "1010 1442", "LAYER_2": "PADRONES_2_VISTALBA" }, "geometry": { "type": "MultiPolygon", "coordinates": [ [ [ [ -68.900600875667322, -33.032847655617672, 0.0 ], [ -68.900725947973825, -33.032812493510505, 0.0 ], [ -68.900712494922359, -33.03273867195967, 0.0 ], [ -68.900681602453744, -33.032569159236658, 0.0 ], [ -68.900549749418602, -33.032586964126025, 0.0 ], [ -68.900588604700104, -33.032785087858677, 0.0 ], [ -68.900600875667322, -33.032847655617672, 0.0 ] ] ] ] } },
{ "type": "Feature", "properties": { "LAYER": "PARCELARIO_BASE_CATASTRO", "MAP_NAME": "1010_2025.dwg", "ccpp1": "1919 423", "LAYER_2": "PADRONES_2_VISTALBA" }, "geometry": { "type": "MultiPolygon", "coordinates": [ [ [ [ -68.899761009237764, -33.026289096793867, 0.0 ], [ -68.899296981640191, -33.026344001149162, 0.0 ], [ -68.899076180134003, -33.026373015329483, 0.0 ], [ -68.898608204678538, -33.026428385503898, 0.0 ], [ -68.898378521426665, -33.026454972946468, 0.0 ], [ -68.897907690786596, -33.026510684452624, 0.0 ], [ -68.897677458636693, -33.026537924726114, 0.0 ], [ -68.896760122209827, -33.026646456419726, 0.0 ], [ -68.896747706544531, -33.026784486805489, 0.0 ], [ -68.899919245541071, -33.026409253555407, 0.0 ], [ -68.899761009237764, -33.026289096793867, 0.0 ] ] ] ] } },
{ "type": "Feature", "properties": { "LAYER": "PARCELARIO_BASE_CATASTRO", "MAP_NAME": "1010_2025.dwg", "ccpp1": "1010 1847", "LAYER_2": "PADRONES_2_VISTALBA" }, "geometry": { "type": "MultiPolygon", "coordinates": [ [ [ [ -68.902016741171479, -33.003256553448317, 0.0 ], [ -68.901708397962366, -33.003248062837301, 0.0 ], [ -68.901701994283115, -33.003407568282604, 0.0 ], [ -68.902053119010446, -33.003417236876864, 0.0 ], [ -68.902059522058579, -33.003257731412603, 0.0 ], [ -68.902016741171479, -33.003256553448317, 0.0 ] ] ] ] } },
{ "type": "Feature", "properties": { "LAYER": "PARCELARIO_BASE_CATASTRO", "MAP_NAME": "1010_2025.dwg", "ccpp1": "1010 1846", "LAYER_2": "PADRONES_2_VISTALBA" }, "geometry": { "type": "MultiPolygon", "coordinates": [ [ [ [ -68.902053119010446, -33.003417236876864, 0.0 ], [ -68.901701994283115, -33.003407568282604, 0.0 ], [ -68.901695591159822, -33.003567059283419, 0.0 ], [ -68.902046715938482, -33.003576742336627, 0.0 ], [ -68.902053119010446, -33.003417236876864, 0.0 ] ] ] ] } },
{ "type": "Feature", "properties": { "LAYER": "PARCELARIO_BASE_CATASTRO", "MAP_NAME": "1010_2025.dwg", "ccpp1": "1010 1626", "LAYER_2": "PADRONES_2_VISTALBA" }, "geometry": { "type": "MultiPolygon", "coordinates": [ [ [ [ -68.898953614810097, -33.003064904935258, 0.0 ], [ -68.898361831115352, -33.003044725224534, 0.0 ], [ -68.898357081686598, -33.003155257991629, 0.0 ], [ -68.898356132250115, -33.003180942077933, 0.0 ], [ -68.898350135320754, -33.003343170212929, 0.0 ], [ -68.898556539183772, -33.003348865792162, 0.0 ], [ -68.898770433523936, -33.003354756045624, 0.0 ], [ -68.898984963393715, -33.00336066430561, 0.0 ], [ -68.898991254316456, -33.003198458064055, 0.0 ], [ -68.898948473380216, -33.00319727831338, 0.0 ], [ -68.898953614810097, -33.003064904935258, 0.0 ] ] ] ] } },
{ "type": "Feature", "properties": { "LAYER": "PARCELARIO_BASE_CATASTRO", "MAP_NAME": "1010_2025.dwg", "ccpp1": "1010 2066", "LAYER_2": "PADRONES_2_VISTALBA" }, "geometry": { "type": "MultiPolygon", "coordinates": [ [ [ [ -68.908289836630459, -33.034659649704473, 0.0 ], [ -68.908626340967174, -33.034493426370602, 0.0 ], [ -68.908520494672516, -33.03434146224, 0.0 ], [ -68.908221591856247, -33.034490330531568, 0.0 ], [ -68.908288219453496, -33.034585988263167, 0.0 ], [ -68.908273842953832, -33.034636678686063, 0.0 ], [ -68.908289836630459, -33.034659649704473, 0.0 ] ] ] ] } },
{ "type": "Feature", "properties": { "LAYER": "PARCELARIO_BASE_CATASTRO", "MAP_NAME": "1010_2025.dwg", "ccpp1": "1010 2067", "LAYER_2": "PADRONES_2_VISTALBA" }, "geometry": { "type": "MultiPolygon", "coordinates": [ [ [ [ -68.908221591856247, -33.034490330531568, 0.0 ], [ -68.908520494672516, -33.03434146224, 0.0 ], [ -68.90848436431925, -33.034289589630326, 0.0 ], [ -68.907954220983285, -33.034327188909899, 0.0 ], [ -68.908079351741321, -33.034499904370406, 0.0 ], [ -68.908221591856247, -33.034490330531568, 0.0 ] ] ] ] } },
{ "type": "Feature", "properties": { "LAYER": "PARCELARIO_BASE_CATASTRO", "MAP_NAME": "1010_2025.dwg", "ccpp1": "1010 1750", "LAYER_2": "PADRONES_2_VISTALBA" }, "geometry": { "type": "MultiPolygon", "coordinates": [ [ [ [ -68.906294385306438, -33.033327651475688, 0.0 ], [ -68.906661375319814, -33.033301098193157, 0.0 ], [ -68.906538794511263, -33.033124370752738, 0.0 ], [ -68.906172565274829, -33.033150869246299, 0.0 ], [ -68.906294385306438, -33.033327651475688, 0.0 ] ] ] ] } },
{ "type": "Feature", "properties": { "LAYER": "PARCELARIO_BASE_CATASTRO", "MAP_NAME": "1010_2025.dwg", "ccpp1": "1010 1751", "LAYER_2": "PADRONES_2_VISTALBA" }, "geometry": { "type": "MultiPolygon", "coordinates": [ [ [ [ -68.906416205823987, -33.033504433581982, 0.0 ], [ -68.906783956617147, -33.033477825508996, 0.0 ], [ -68.906661375319814, -33.033301098193157, 0.0 ], [ -68.906294385306438, -33.033327651475688, 0.0 ], [ -68.906416205823987, -33.033504433581982, 0.0 ] ] ] ] } },
{ "type": "Feature", "properties": { "LAYER": "PARCELARIO_BASE_CATASTRO", "MAP_NAME": "1010_2025.dwg", "ccpp1": "1010 2017", "LAYER_2": "PADRONES_2_VISTALBA" }, "geometry": { "type": "MultiPolygon", "coordinates": [ [ [ [ -68.903437892201694, -33.019577061887496, 0.0 ], [ -68.90350160119246, -33.019052442565687, 0.0 ], [ -68.903267412461531, -33.019031835661274, 0.0 ], [ -68.903204245337676, -33.01955198658937, 0.0 ], [ -68.903217093728827, -33.019553365294122, 0.0 ], [ -68.903437892201694, -33.019577061887496, 0.0 ] ] ] ] } },
{ "type": "Feature", "properties": { "LAYER": "PARCELARIO_BASE_CATASTRO", "MAP_NAME": "1010_2025.dwg", "ccpp1": "1010 2144", "LAYER_2": "PADRONES_2_VISTALBA" }, "geometry": { "type": "MultiPolygon", "coordinates": [ [ [ [ -68.910165352782954, -33.005908192067565, 0.0 ], [ -68.9097198175659, -33.005871887475216, 0.0 ], [ -68.909695859153572, -33.006186363805007, 0.0 ], [ -68.910140537349321, -33.006218790660334, 0.0 ], [ -68.910165352782954, -33.005908192067565, 0.0 ] ] ] ] } },
{ "type": "Feature", "properties": { "LAYER": "PARCELARIO_BASE_CATASTRO", "MAP_NAME": "1010_2025.dwg", "ccpp1": "1010 2143", "LAYER_2": "PADRONES_2_VISTALBA" }, "geometry": { "type": "MultiPolygon", "coordinates": [ [ [ [ -68.909318694069825, -33.005796753142533, 0.0 ], [ -68.909026993831233, -33.00577336242867, 0.0 ], [ -68.908895314474904, -33.006127971186011, 0.0 ], [ -68.908981635210353, -33.006134257519882, 0.0 ], [ -68.909291303820424, -33.006156848987722, 0.0 ], [ -68.909311821602401, -33.005886821946632, 0.0 ], [ -68.909318694069825, -33.005796753142533, 0.0 ] ] ] ] } },
{ "type": "Feature", "properties": { "LAYER": "PARCELARIO_BASE_CATASTRO", "MAP_NAME": "1010_2025.dwg", "ccpp1": "1010 1692", "LAYER_2": "PADRONES_2_VISTALBA" }, "geometry": { "type": "MultiPolygon", "coordinates": [ [ [ [ -68.905364734328145, -33.005249381078414, 0.0 ], [ -68.905515430105311, -33.004777642739434, 0.0 ], [ -68.903574776298512, -33.004233530437759, 0.0 ], [ -68.903559755510145, -33.00474762735027, 0.0 ], [ -68.905364734328145, -33.005249381078414, 0.0 ] ] ] ] } },
{ "type": "Feature", "properties": { "LAYER": "PARCELARIO_BASE_CATASTRO", "MAP_NAME": "1010_2025.dwg", "ccpp1": "1010 2229", "LAYER_2": "PADRONES_2_VISTALBA" }, "geometry": { "type": "MultiPolygon", "coordinates": [ [ [ [ -68.895522209086977, -33.001777173747776, 0.0 ], [ -68.895270916652905, -33.001764775234633, 0.0 ], [ -68.895251247491359, -33.002052827121958, 0.0 ], [ -68.895240545488676, -33.002235847567718, 0.0 ], [ -68.895475193785131, -33.002241296515699, 0.0 ], [ -68.895543144414845, -33.002242671640744, 0.0 ], [ -68.895569015545846, -33.001779632107912, 0.0 ], [ -68.895522209086977, -33.001777173747776, 0.0 ] ] ] ] } },
{ "type": "Feature", "properties": { "LAYER": "PARCELARIO_BASE_CATASTRO", "MAP_NAME": "1010_2025.dwg", "ccpp1": "1010 54", "LAYER_2": "PADRONES_2_VISTALBA" }, "geometry": { "type": "MultiPolygon", "coordinates": [ [ [ [ -68.897729435313735, -32.99595240517327, 0.0 ], [ -68.897313499907298, -32.995969968373622, 0.0 ], [ -68.897295977903966, -32.995893884881767, 0.0 ], [ -68.896777199652135, -32.995936832226413, 0.0 ], [ -68.896814786800661, -32.99610045184815, 0.0 ], [ -68.897751950906411, -32.996059548252859, 0.0 ], [ -68.897745952767778, -32.996028660001585, 0.0 ], [ -68.897729435313735, -32.99595240517327, 0.0 ] ] ] ] } },
{ "type": "Feature", "properties": { "LAYER": "PARCELARIO_BASE_CATASTRO", "MAP_NAME": "1010_2025.dwg", "ccpp1": "1010 2162", "LAYER_2": "PADRONES_2_VISTALBA" }, "geometry": { "type": "MultiPolygon", "coordinates": [ [ [ [ -68.896742903198046, -32.995787655668366, 0.0 ], [ -68.896777199652135, -32.995936832226413, 0.0 ], [ -68.897295977903966, -32.995893884881767, 0.0 ], [ -68.897313499907298, -32.995969968373622, 0.0 ], [ -68.897729435313735, -32.99595240517327, 0.0 ], [ -68.897699324173942, -32.995813427566979, 0.0 ], [ -68.897281432677488, -32.995829808763609, 0.0 ], [ -68.897263701398458, -32.995752465450607, 0.0 ], [ -68.896742903198046, -32.995787655668366, 0.0 ] ] ] ] } },
{ "type": "Feature", "properties": { "LAYER": "PARCELARIO_BASE_CATASTRO", "MAP_NAME": "1010_2025.dwg", "ccpp1": "1010 1832", "LAYER_2": "PADRONES_2_VISTALBA" }, "geometry": { "type": "MultiPolygon", "coordinates": [ [ [ [ -68.900711300126346, -32.997585699520116, 0.0 ], [ -68.900520607320558, -32.997379267508315, 0.0 ], [ -68.900339444338755, -32.997684565146002, 0.0 ], [ -68.900635806672469, -32.997707923063878, 0.0 ], [ -68.900711300126346, -32.997585699520116, 0.0 ] ] ] ] } },
{ "type": "Feature", "properties": { "LAYER": "PARCELARIO_BASE_CATASTRO", "MAP_NAME": "1010_2025.dwg", "ccpp1": "1010 1837", "LAYER_2": "PADRONES_2_VISTALBA" }, "geometry": { "type": "MultiPolygon", "coordinates": [ [ [ [ -68.899212341274023, -32.996988274552308, 0.0 ], [ -68.899225896082456, -32.997040196835094, 0.0 ], [ -68.899263877991174, -32.997174368150517, 0.0 ], [ -68.899265257695646, -32.997178681082453, 0.0 ], [ -68.899784763720461, -32.997081334850257, 0.0 ], [ -68.899738662581157, -32.996899143777533, 0.0 ], [ -68.899212341274023, -32.996988274552308, 0.0 ] ] ] ] } },
{ "type": "Feature", "properties": { "LAYER": "PARCELARIO_BASE_CATASTRO", "MAP_NAME": "1010_2025.dwg", "ccpp1": "1010 1836", "LAYER_2": "PADRONES_2_VISTALBA" }, "geometry": { "type": "MultiPolygon", "coordinates": [ [ [ [ -68.899265257695646, -32.997178681082453, 0.0 ], [ -68.899289824227793, -32.997272913508532, 0.0 ], [ -68.899290396810159, -32.997272806670864, 0.0 ], [ -68.899809198069576, -32.997175590513677, 0.0 ], [ -68.899784763721485, -32.997081333948586, 0.0 ], [ -68.899265257695646, -32.997178681082453, 0.0 ] ] ] ] } },
{ "type": "Feature", "properties": { "LAYER": "PARCELARIO_BASE_CATASTRO", "MAP_NAME": "1010_2025.dwg", "ccpp1": "1010 1834", "LAYER_2": "PADRONES_2_VISTALBA" }, "geometry": { "type": "MultiPolygon", "coordinates": [ [ [ [ -68.899643810327916, -32.99652636121651, 0.0 ], [ -68.899119987464189, -32.996617386237787, 0.0 ], [ -68.899144888975471, -32.996717874805626, 0.0 ], [ -68.899159766767184, -32.996777801450733, 0.0 ], [ -68.899166071300968, -32.996803195961064, 0.0 ], [ -68.899690721576988, -32.996713788121824, 0.0 ], [ -68.899643810327916, -32.99652636121651, 0.0 ] ] ] ] } },
{ "type": "Feature", "properties": { "LAYER": "PARCELARIO_BASE_CATASTRO", "MAP_NAME": "1010_2025.dwg", "ccpp1": "1010 1898", "LAYER_2": "PADRONES_2_VISTALBA" }, "geometry": { "type": "MultiPolygon", "coordinates": [ [ [ [ -68.898279664173117, -32.994567096862951, 0.0 ], [ -68.898243703439533, -32.994623542309199, 0.0 ], [ -68.89821201461821, -32.994618917023367, 0.0 ], [ -68.898181065057983, -32.994614382500075, 0.0 ], [ -68.898112031606587, -32.994726061121462, 0.0 ], [ -68.898126204234131, -32.995026318561493, 0.0 ], [ -68.897985385852706, -32.995048426316977, 0.0 ], [ -68.898073427323055, -32.995179445186345, 0.0 ], [ -68.898093597588399, -32.995209422578675, 0.0 ], [ -68.898339986441215, -32.99510220303646, 0.0 ], [ -68.898562819891097, -32.994995901614438, 0.0 ], [ -68.898679711838497, -32.994897101478045, 0.0 ], [ -68.898691186856013, -32.994887365462695, 0.0 ], [ -68.898297529996427, -32.994579018064812, 0.0 ], [ -68.898279664173117, -32.994567096862951, 0.0 ] ] ] ] } },
{ "type": "Feature", "properties": { "LAYER": "PARCELARIO_BASE_CATASTRO", "MAP_NAME": "1010_2025.dwg", "ccpp1": "1010 2019", "LAYER_2": "PADRONES_2_VISTALBA" }, "geometry": { "type": "MultiPolygon", "coordinates": [ [ [ [ -68.895380906866649, -33.025981756104862, 0.0 ], [ -68.896553422939931, -33.025853723158392, 0.0 ], [ -68.895429481911279, -33.022745849929713, 0.0 ], [ -68.892724434513838, -33.022512534843919, 0.0 ], [ -68.892933286945407, -33.025065820669901, 0.0 ], [ -68.892936673222977, -33.025097966227833, 0.0 ], [ -68.895295554606463, -33.025291202520549, 0.0 ], [ -68.89536721883664, -33.025876816258261, 0.0 ], [ -68.895380906866649, -33.025981756104862, 0.0 ] ] ] ] } },
{ "type": "Feature", "properties": { "LAYER": "PARCELARIO_BASE_CATASTRO", "MAP_NAME": "1010_2025.dwg", "ccpp1": "1010 2152", "LAYER_2": "PADRONES_2_VISTALBA" }, "geometry": { "type": "MultiPolygon", "coordinates": [ [ [ [ -68.893043940111625, -32.995579081576082, 0.0 ], [ -68.893344851853485, -32.996571794065225, 0.0 ], [ -68.893399835451561, -32.996605643086006, 0.0 ], [ -68.893809388883042, -32.996585298615464, 0.0 ], [ -68.893768394519654, -32.996428178102612, 0.0 ], [ -68.894239524426553, -32.996404773812301, 0.0 ], [ -68.894194782555161, -32.996210385008041, 0.0 ], [ -68.893717514847324, -32.996234178095449, 0.0 ], [ -68.893664380058425, -32.99603362133049, 0.0 ], [ -68.894149267511253, -32.996012636130374, 0.0 ], [ -68.89403394521149, -32.995511592153562, 0.0 ], [ -68.893978007458799, -32.995475184538634, 0.0 ], [ -68.893092360047575, -32.995522932337735, 0.0 ], [ -68.893043940111625, -32.995579081576082, 0.0 ] ] ] ] } },
{ "type": "Feature", "properties": { "LAYER": "PARCELARIO_BASE_CATASTRO", "MAP_NAME": "1010_2025.dwg", "ccpp1": "1010 2158", "LAYER_2": "PADRONES_2_VISTALBA" }, "geometry": { "type": "MultiPolygon", "coordinates": [ [ [ [ -68.895472178463677, -32.995654482850178, 0.0 ], [ -68.895545977531839, -32.995978688481031, 0.0 ], [ -68.895548170435106, -32.995985561094265, 0.0 ], [ -68.89555163710871, -32.995992039838534, 0.0 ], [ -68.895556293211655, -32.995997964144706, 0.0 ], [ -68.895562022289965, -32.996003184236841, 0.0 ], [ -68.895568678981377, -32.996007565643339, 0.0 ], [ -68.895576094353657, -32.996010999119846, 0.0 ], [ -68.89558408125788, -32.996013397948722, 0.0 ], [ -68.895592434327284, -32.996014698840739, 0.0 ], [ -68.895600946016899, -32.996014870965247, 0.0 ], [ -68.895821222938608, -32.996004618953528, 0.0 ], [ -68.895741478398392, -32.99564277957753, 0.0 ], [ -68.895472178463677, -32.995654482850178, 0.0 ] ] ] ] } },
{ "type": "Feature", "properties": { "LAYER": "PARCELARIO_BASE_CATASTRO", "MAP_NAME": "1010_2025.dwg", "ccpp1": "1010 2157", "LAYER_2": "PADRONES_2_VISTALBA" }, "geometry": { "type": "MultiPolygon", "coordinates": [ [ [ [ -68.895808713162523, -32.995378483985995, 0.0 ], [ -68.895473434314525, -32.995397007315383, 0.0 ], [ -68.895464471730506, -32.99539815395827, 0.0 ], [ -68.895455872527762, -32.995400562350973, 0.0 ], [ -68.895447885028176, -32.995404162370747, 0.0 ], [ -68.895440736192043, -32.995408851416585, 0.0 ], [ -68.89543463161715, -32.995414495310918, 0.0 ], [ -68.895429749117596, -32.995420929195895, 0.0 ], [ -68.895426225869087, -32.995427970146203, 0.0 ], [ -68.895424166971921, -32.995435414470862, 0.0 ], [ -68.895423629389413, -32.995443047618579, 0.0 ], [ -68.89542462729041, -32.995450650493709, 0.0 ], [ -68.895472178463677, -32.995654482850178, 0.0 ], [ -68.896006921527672, -32.995631243342892, 0.0 ], [ -68.896091707497092, -32.995992268415591, 0.0 ], [ -68.896545971798673, -32.99597152502345, 0.0 ], [ -68.896555090524373, -32.995970483928666, 0.0 ], [ -68.896563876930841, -32.995968137831326, 0.0 ], [ -68.896572074140096, -32.995964552341043, 0.0 ], [ -68.896579438064776, -32.995959835456993, 0.0 ], [ -68.896585749193108, -32.995954124954132, 0.0 ], [ -68.896590821144684, -32.995947591996853, 0.0 ], [ -68.896594500680905, -32.995940432122296, 0.0 ], [ -68.896596681626676, -32.995932855333372, 0.0 ], [ -68.896597297377141, -32.995925088797655, 0.0 ], [ -68.896596330545549, -32.995917361526672, 0.0 ], [ -68.89652130398369, -32.99561208439809, 0.0 ], [ -68.896193338924647, -32.995625122704091, 0.0 ], [ -68.896132375080555, -32.99536255503731, 0.0 ], [ -68.895808713162523, -32.995378483985995, 0.0 ] ] ] ] } },
{ "type": "Feature", "properties": { "LAYER": "PARCELARIO_BASE_CATASTRO", "MAP_NAME": "1010_2025.dwg", "ccpp1": "1010 2156", "LAYER_2": "PADRONES_2_VISTALBA" }, "geometry": { "type": "MultiPolygon", "coordinates": [ [ [ [ -68.896132375080555, -32.99536255503731, 0.0 ], [ -68.896193338924647, -32.995625122704091, 0.0 ], [ -68.89652130398369, -32.99561208439809, 0.0 ], [ -68.896460798659248, -32.995384862109987, 0.0 ], [ -68.896458303900857, -32.995378040657329, 0.0 ], [ -68.89645457924297, -32.995371623939292, 0.0 ], [ -68.896449717591224, -32.995365769826357, 0.0 ], [ -68.896443837546826, -32.995360622685013, 0.0 ], [ -68.896437085549749, -32.995356310674808, 0.0 ], [ -68.896429629465075, -32.995352940332715, 0.0 ], [ -68.89642165323508, -32.99535059476554, 0.0 ], [ -68.896413352601471, -32.995349331842846, 0.0 ], [ -68.896404935105238, -32.995349184197217, 0.0 ], [ -68.896132375080555, -32.99536255503731, 0.0 ] ] ] ] } },
{ "type": "Feature", "properties": { "LAYER": "PARCELARIO_BASE_CATASTRO", "MAP_NAME": "1010_2025.dwg", "ccpp1": "1010 2150", "LAYER_2": "PADRONES_2_VISTALBA" }, "geometry": { "type": "MultiPolygon", "coordinates": [ [ [ [ -68.897495553985308, -32.995149887734534, 0.0 ], [ -68.896591024616001, -32.995194371573518, 0.0 ], [ -68.896625147002041, -32.99532982236304, 0.0 ], [ -68.89668353634822, -32.995370259470249, 0.0 ], [ -68.897327125088353, -32.995321526481831, 0.0 ], [ -68.897388327804038, -32.995312756240516, 0.0 ], [ -68.89743521245471, -32.99529143964677, 0.0 ], [ -68.89747660320424, -32.99525247741132, 0.0 ], [ -68.897496492962304, -32.995215354924341, 0.0 ], [ -68.897499844616974, -32.995176825900863, 0.0 ], [ -68.897495553985308, -32.995149887734534, 0.0 ] ] ] ] } },
{ "type": "Feature", "properties": { "LAYER": "PARCELARIO_BASE_CATASTRO", "MAP_NAME": "1010_2025.dwg", "ccpp1": "1010 2154", "LAYER_2": "PADRONES_2_VISTALBA" }, "geometry": { "type": "MultiPolygon", "coordinates": [ [ [ [ -68.897600365240677, -32.995607802143674, 0.0 ], [ -68.897596483268927, -32.995582327884058, 0.0 ], [ -68.897584373151219, -32.995536666711558, 0.0 ], [ -68.897562174582944, -32.995500654411543, 0.0 ], [ -68.897516311604662, -32.995471795490054, 0.0 ], [ -68.897474281021388, -32.995457129396051, 0.0 ], [ -68.897427023757018, -32.995453578852221, 0.0 ], [ -68.89673044759617, -32.995507473559741, 0.0 ], [ -68.896685988841426, -32.995561219685506, 0.0 ], [ -68.896716249806062, -32.995671604018249, 0.0 ], [ -68.897600365240677, -32.995607802143674, 0.0 ] ] ] ] } },
{ "type": "Feature", "properties": { "LAYER": "PARCELARIO_BASE_CATASTRO", "MAP_NAME": "1010_2025.dwg", "ccpp1": "1010 2153", "LAYER_2": "PADRONES_2_VISTALBA" }, "geometry": { "type": "MultiPolygon", "coordinates": [ [ [ [ -68.896388172389592, -32.996122442638544, 0.0 ], [ -68.89637916600222, -32.996123479305929, 0.0 ], [ -68.896370478060277, -32.996125787601549, 0.0 ], [ -68.896362360095878, -32.996129298305071, 0.0 ], [ -68.89635504869814, -32.996133910625169, 0.0 ], [ -68.896348751606112, -32.996139489483028, 0.0 ], [ -68.896343655187422, -32.996145875436547, 0.0 ], [ -68.896339904110192, -32.996152882860628, 0.0 ], [ -68.896337606682422, -32.996160308967994, 0.0 ], [ -68.896336830563683, -32.996167941019138, 0.0 ], [ -68.896337595271689, -32.996175559021076, 0.0 ], [ -68.896672738500598, -32.997587727557018, 0.0 ], [ -68.896690083845598, -32.997599449282241, 0.0 ], [ -68.896704804966831, -32.99761346089624, 0.0 ], [ -68.896716466846712, -32.997629348170364, 0.0 ], [ -68.896724724414838, -32.997646640144737, 0.0 ], [ -68.896729334296509, -32.997664828073098, 0.0 ], [ -68.896730159085564, -32.997683371737764, 0.0 ], [ -68.896727175873579, -32.997701726507067, 0.0 ], [ -68.896720473035714, -32.997719346939455, 0.0 ], [ -68.896710248059691, -32.997735713831894, 0.0 ], [ -68.896696804325302, -32.997750343234159, 0.0 ], [ -68.896680539316648, -32.997762801767635, 0.0 ], [ -68.896661934974034, -32.997772721946014, 0.0 ], [ -68.896641541636285, -32.997779808473972, 0.0 ], [ -68.896619960903237, -32.997783852659715, 0.0 ], [ -68.896616210153155, -32.997784115548527, 0.0 ], [ -68.896617614769355, -32.997795946035431, 0.0 ], [ -68.897049558225191, -32.997785869436541, 0.0 ], [ -68.896648160171338, -32.996107698760753, 0.0 ], [ -68.896388172389592, -32.996122442638544, 0.0 ] ] ] ] } },
{ "type": "Feature", "properties": { "LAYER": "PARCELARIO_BASE_CATASTRO", "MAP_NAME": "1010_2025.dwg", "ccpp1": "1010 2159", "LAYER_2": "PADRONES_2_VISTALBA" }, "geometry": { "type": "MultiPolygon", "coordinates": [ [ [ [ -68.893971172765632, -32.996716408687767, 0.0 ], [ -68.893645306673491, -32.996734326094071, 0.0 ], [ -68.893599771585045, -32.996796631026591, 0.0 ], [ -68.893821875897842, -32.997435361003333, 0.0 ], [ -68.894224315046742, -32.997417323354085, 0.0 ], [ -68.893971172765632, -32.996716408687767, 0.0 ] ] ] ] } },
{ "type": "Feature", "properties": { "LAYER": "PARCELARIO_BASE_CATASTRO", "MAP_NAME": "1010_2025.dwg", "ccpp1": "1010 2160", "LAYER_2": "PADRONES_2_VISTALBA" }, "geometry": { "type": "MultiPolygon", "coordinates": [ [ [ [ -68.89391044682155, -32.997690071536546, 0.0 ], [ -68.894316290866328, -32.997671242491087, 0.0 ], [ -68.894224315044781, -32.997417323348714, 0.0 ], [ -68.893821875897842, -32.997435361003333, 0.0 ], [ -68.89391044682155, -32.997690071536546, 0.0 ] ] ] ] } },
{ "type": "Feature", "properties": { "LAYER": "PARCELARIO_BASE_CATASTRO", "MAP_NAME": "1010_2025.dwg", "ccpp1": "1010 2161", "LAYER_2": "PADRONES_2_VISTALBA" }, "geometry": { "type": "MultiPolygon", "coordinates": [ [ [ [ -68.893994677006674, -32.997932297638776, 0.0 ], [ -68.894407298073773, -32.997922486062514, 0.0 ], [ -68.894316290866328, -32.997671242491087, 0.0 ], [ -68.893910446821565, -32.997690071536546, 0.0 ], [ -68.893994677006674, -32.997932297638776, 0.0 ] ] ] ] } },
{ "type": "Feature", "properties": { "LAYER": "PARCELARIO_BASE_CATASTRO", "MAP_NAME": "1010_2025.dwg", "ccpp1": "1010 2056", "LAYER_2": "PADRONES_2_VISTALBA" }, "geometry": { "type": "MultiPolygon", "coordinates": [ [ [ [ -68.905354632249342, -33.022837914637371, 0.0 ], [ -68.905601302505147, -33.022863015594631, 0.0 ], [ -68.905653165962903, -33.022441418881634, 0.0 ], [ -68.905402233122189, -33.022415917157581, 0.0 ], [ -68.905354632249342, -33.022837914637371, 0.0 ] ] ] ] } },
{ "type": "Feature", "properties": { "LAYER": "PARCELARIO_BASE_CATASTRO", "MAP_NAME": "1010_2025.dwg", "ccpp1": "1010 2057", "LAYER_2": "PADRONES_2_VISTALBA" }, "geometry": { "type": "MultiPolygon", "coordinates": [ [ [ [ -68.905158193529942, -33.022410203780908, 0.0 ], [ -68.905096632831473, -33.022811692814905, 0.0 ], [ -68.905354632249342, -33.022837914637371, 0.0 ], [ -68.905402233122189, -33.022415917157581, 0.0 ], [ -68.905266158322902, -33.02240208686635, 0.0 ], [ -68.905191758554395, -33.022394525742243, 0.0 ], [ -68.905158193529942, -33.022410203780908, 0.0 ] ] ] ] } },
{ "type": "Feature", "properties": { "LAYER": "PARCELARIO_BASE_CATASTRO", "MAP_NAME": "1010_2025.dwg", "ccpp1": "1010 2058", "LAYER_2": "PADRONES_2_VISTALBA" }, "geometry": { "type": "MultiPolygon", "coordinates": [ [ [ [ -68.905125827801527, -33.022424374222794, 0.0 ], [ -68.905056487072159, -33.02244811754958, 0.0 ], [ -68.904984538348543, -33.022465478612183, 0.0 ], [ -68.904910813501473, -33.022476257868554, 0.0 ], [ -68.904836166801076, -33.022480329732716, 0.0 ], [ -68.904830242648785, -33.022480239556302, 0.0 ], [ -68.904780239297992, -33.022749950488468, 0.0 ], [ -68.904799777689703, -33.022757341081174, 0.0 ], [ -68.904866360283236, -33.02277763892598, 0.0 ], [ -68.904934911522574, -33.022792689595079, 0.0 ], [ -68.905004848206048, -33.022802363702063, 0.0 ], [ -68.905096632831473, -33.022811692814905, 0.0 ], [ -68.905158193529942, -33.022410203780908, 0.0 ], [ -68.905125827801527, -33.022424374222794, 0.0 ] ] ] ] } },
{ "type": "Feature", "properties": { "LAYER": "PARCELARIO_BASE_CATASTRO", "MAP_NAME": "1010_2025.dwg", "ccpp1": "1010 2059", "LAYER_2": "PADRONES_2_VISTALBA" }, "geometry": { "type": "MultiPolygon", "coordinates": [ [ [ [ -68.904521631077188, -33.022590882594756, 0.0 ], [ -68.904521240788853, -33.022593507968629, 0.0 ], [ -68.904569464147215, -33.022634420405254, 0.0 ], [ -68.904621862700495, -33.022671539969714, 0.0 ], [ -68.904678017197398, -33.022704570587749, 0.0 ], [ -68.904737481593045, -33.022733246821922, 0.0 ], [ -68.904780239297992, -33.022749950488468, 0.0 ], [ -68.904830242648785, -33.022480239556302, 0.0 ], [ -68.904761462067157, -33.022477647073593, 0.0 ], [ -68.904687563034344, -33.022468242109291, 0.0 ], [ -68.904615324792402, -33.022452222793909, 0.0 ], [ -68.90454558415037, -33.022429774613322, 0.0 ], [ -68.904521631077188, -33.022590882594756, 0.0 ] ] ] ] } },
{ "type": "Feature", "properties": { "LAYER": "PARCELARIO_BASE_CATASTRO", "MAP_NAME": "1010_2025.dwg", "ccpp1": "1010 2052", "LAYER_2": "PADRONES_2_VISTALBA" }, "geometry": { "type": "MultiPolygon", "coordinates": [ [ [ [ -68.904849631791194, -33.021403034225891, 0.0 ], [ -68.90532853405945, -33.021454377235791, 0.0 ], [ -68.905364511102277, -33.021212371930396, 0.0 ], [ -68.904885611195112, -33.021161025453004, 0.0 ], [ -68.904849631791194, -33.021403034225891, 0.0 ] ] ] ] } },
{ "type": "Feature", "properties": { "LAYER": "PARCELARIO_BASE_CATASTRO", "MAP_NAME": "1010_2025.dwg", "ccpp1": "1010 2053", "LAYER_2": "PADRONES_2_VISTALBA" }, "geometry": { "type": "MultiPolygon", "coordinates": [ [ [ [ -68.904813652191905, -33.021645040273633, 0.0 ], [ -68.905292554676777, -33.021696383421123, 0.0 ], [ -68.90532853405945, -33.021454377235791, 0.0 ], [ -68.904849631791194, -33.021403034225891, 0.0 ], [ -68.904813652191905, -33.021645040273633, 0.0 ] ] ] ] } },
{ "type": "Feature", "properties": { "LAYER": "PARCELARIO_BASE_CATASTRO", "MAP_NAME": "1010_2025.dwg", "ccpp1": "1010 2054", "LAYER_2": "PADRONES_2_VISTALBA" }, "geometry": { "type": "MultiPolygon", "coordinates": [ [ [ [ -68.904777630346615, -33.021887330296259, 0.0 ], [ -68.905256967529013, -33.021935737161279, 0.0 ], [ -68.905292554676777, -33.021696383421123, 0.0 ], [ -68.904813652191905, -33.021645040273633, 0.0 ], [ -68.904777630346615, -33.021887330296259, 0.0 ] ] ] ] } },
{ "type": "Feature", "properties": { "LAYER": "PARCELARIO_BASE_CATASTRO", "MAP_NAME": "1010_2025.dwg", "ccpp1": "1010 2055", "LAYER_2": "PADRONES_2_VISTALBA" }, "geometry": { "type": "MultiPolygon", "coordinates": [ [ [ [ -68.904773348132551, -33.02191608139168, 0.0 ], [ -68.904799975396358, -33.021966972312107, 0.0 ], [ -68.904833639028752, -33.022014820936356, 0.0 ], [ -68.904873853839121, -33.022058950634026, 0.0 ], [ -68.904920048955248, -33.022098733399254, 0.0 ], [ -68.904971568874984, -33.022133606983971, 0.0 ], [ -68.90501075693939, -33.022154185951692, 0.0 ], [ -68.905027685238693, -33.022163075808706, 0.0 ], [ -68.905087601099211, -33.022186721786511, 0.0 ], [ -68.905150466969332, -33.022204211548946, 0.0 ], [ -68.9052154011586, -33.022215296461766, 0.0 ], [ -68.905223277613686, -33.022162324628709, 0.0 ], [ -68.905256967529013, -33.021935737161279, 0.0 ], [ -68.904777630346615, -33.021887330296259, 0.0 ], [ -68.904773348132551, -33.02191608139168, 0.0 ] ] ] ] } },
{ "type": "Feature", "properties": { "LAYER": "PARCELARIO_BASE_CATASTRO", "MAP_NAME": "1010_2025.dwg", "ccpp1": "1010 1978", "LAYER_2": "PADRONES_2_VISTALBA" }, "geometry": { "type": "MultiPolygon", "coordinates": [ [ [ [ -68.904396794540233, -33.021533928525358, 0.0 ], [ -68.904609807514362, -33.021555580199085, 0.0 ], [ -68.904653470293241, -33.021261901566454, 0.0 ], [ -68.904653817996575, -33.021254084323445, 0.0 ], [ -68.904652550524531, -33.02124633888203, 0.0 ], [ -68.90464970508603, -33.021238899705665, 0.0 ], [ -68.904645369206008, -33.021231990476124, 0.0 ], [ -68.904639672167889, -33.021225819578625, 0.0 ], [ -68.904632786091582, -33.021220572889206, 0.0 ], [ -68.904624918447084, -33.021216408359095, 0.0 ], [ -68.90461630670687, -33.021213452403877, 0.0 ], [ -68.904607209791237, -33.021211792683609, 0.0 ], [ -68.904447237314614, -33.021194652122503, 0.0 ], [ -68.904396794540233, -33.021533928525358, 0.0 ] ] ] ] } },
{ "type": "Feature", "properties": { "LAYER": "PARCELARIO_BASE_CATASTRO", "MAP_NAME": "1010_2025.dwg", "ccpp1": "1010 2038", "LAYER_2": "PADRONES_2_VISTALBA" }, "geometry": { "type": "MultiPolygon", "coordinates": [ [ [ [ -68.903970759274358, -33.021490624080123, 0.0 ], [ -68.904183777389918, -33.021512276484877, 0.0 ], [ -68.904234391325019, -33.021171845255466, 0.0 ], [ -68.904021546515295, -33.021149038928051, 0.0 ], [ -68.903970759274358, -33.021490624080123, 0.0 ] ] ] ] } },
{ "type": "Feature", "properties": { "LAYER": "PARCELARIO_BASE_CATASTRO", "MAP_NAME": "1010_2025.dwg", "ccpp1": "1010 2039", "LAYER_2": "PADRONES_2_VISTALBA" }, "geometry": { "type": "MultiPolygon", "coordinates": [ [ [ [ -68.903886707099787, -33.021137960891309, 0.0 ], [ -68.903856263294074, -33.021140865175951, 0.0 ], [ -68.903845038081229, -33.021142665284898, 0.0 ], [ -68.903819826751402, -33.021148767319218, 0.0 ], [ -68.903804737952768, -33.021153310944278, 0.0 ], [ -68.903757742334165, -33.0214689713127, 0.0 ], [ -68.903970759274358, -33.021490624080123, 0.0 ], [ -68.904021546515295, -33.021149038928051, 0.0 ], [ -68.903931336376772, -33.021139372108443, 0.0 ], [ -68.903928708961459, -33.021139194259611, 0.0 ], [ -68.903893723140442, -33.021137807599757, 0.0 ], [ -68.903886707099787, -33.021137960891309, 0.0 ] ] ] ] } },
{ "type": "Feature", "properties": { "LAYER": "PARCELARIO_BASE_CATASTRO", "MAP_NAME": "1010_2025.dwg", "ccpp1": "1010 2040", "LAYER_2": "PADRONES_2_VISTALBA" }, "geometry": { "type": "MultiPolygon", "coordinates": [ [ [ [ -68.903788802362342, -33.021159001744984, 0.0 ], [ -68.903784849149815, -33.021160503590366, 0.0 ], [ -68.903735950936863, -33.021180265730422, 0.0 ], [ -68.903729986986448, -33.021182407112896, 0.0 ], [ -68.903685072688461, -33.021196036418267, 0.0 ], [ -68.903672670737521, -33.021199241312424, 0.0 ], [ -68.903632652373716, -33.021207625736615, 0.0 ], [ -68.903613543973236, -33.021210725360554, 0.0 ], [ -68.903579206836895, -33.021215145890345, 0.0 ], [ -68.90354472549906, -33.021447318181828, 0.0 ], [ -68.903757742334165, -33.0214689713127, 0.0 ], [ -68.903804737952768, -33.021153310944278, 0.0 ], [ -68.903788802362342, -33.021159001744984, 0.0 ] ] ] ] } },
{ "type": "Feature", "properties": { "LAYER": "PARCELARIO_BASE_CATASTRO", "MAP_NAME": "1010_2025.dwg", "ccpp1": "1010 2041", "LAYER_2": "PADRONES_2_VISTALBA" }, "geometry": { "type": "MultiPolygon", "coordinates": [ [ [ [ -68.903327395864196, -33.021454668179715, 0.0 ], [ -68.903540412662878, -33.021476321681448, 0.0 ], [ -68.90354472549906, -33.021447318181828, 0.0 ], [ -68.903579206836895, -33.021215145890345, 0.0 ], [ -68.903553333352008, -33.021216943671888, 0.0 ], [ -68.903530221162995, -33.021217852729194, 0.0 ], [ -68.903517947734599, -33.021218023576225, 0.0 ], [ -68.903492695118317, -33.021217773223178, 0.0 ], [ -68.9034811599374, -33.021217206166916, 0.0 ], [ -68.903432313284256, -33.021213146917461, 0.0 ], [ -68.903364388667072, -33.021205868330888, 0.0 ], [ -68.903327395864196, -33.021454668179715, 0.0 ] ] ] ] } },
{ "type": "Feature", "properties": { "LAYER": "PARCELARIO_BASE_CATASTRO", "MAP_NAME": "1010_2025.dwg", "ccpp1": "1010 2042", "LAYER_2": "PADRONES_2_VISTALBA" }, "geometry": { "type": "MultiPolygon", "coordinates": [ [ [ [ -68.903110066193236, -33.021462018700745, 0.0 ], [ -68.903323082955509, -33.021483672573318, 0.0 ], [ -68.903327395864196, -33.021454668179715, 0.0 ], [ -68.903364388667072, -33.021205868330888, 0.0 ], [ -68.903151544003464, -33.021183060520116, 0.0 ], [ -68.903110066193236, -33.021462018700745, 0.0 ] ] ] ] } },
{ "type": "Feature", "properties": { "LAYER": "PARCELARIO_BASE_CATASTRO", "MAP_NAME": "1010_2025.dwg", "ccpp1": "1010 2043", "LAYER_2": "PADRONES_2_VISTALBA" }, "geometry": { "type": "MultiPolygon", "coordinates": [ [ [ [ -68.902977568019097, -33.02116682330805, 0.0 ], [ -68.902969142446025, -33.021168868064741, 0.0 ], [ -68.902961219757913, -33.021172035795296, 0.0 ], [ -68.902954011969413, -33.021176241005676, 0.0 ], [ -68.902947711857408, -33.021181372940106, 0.0 ], [ -68.90294248547184, -33.021187292870131, 0.0 ], [ -68.902938472122869, -33.021193845816384, 0.0 ], [ -68.90293578117678, -33.021200854234408, 0.0 ], [ -68.902934481336175, -33.02120813333466, 0.0 ], [ -68.902915740460742, -33.021442264404826, 0.0 ], [ -68.903110066193236, -33.021462018700745, 0.0 ], [ -68.903151544003464, -33.021183060520116, 0.0 ], [ -68.902995023207396, -33.02116628775741, 0.0 ], [ -68.902986271653432, -33.021165955450748, 0.0 ], [ -68.902977568019097, -33.02116682330805, 0.0 ] ] ] ] } },
{ "type": "Feature", "properties": { "LAYER": "PARCELARIO_BASE_CATASTRO", "MAP_NAME": "1010_2025.dwg", "ccpp1": "1010 2044", "LAYER_2": "PADRONES_2_VISTALBA" }, "geometry": { "type": "MultiPolygon", "coordinates": [ [ [ [ -68.90289656324066, -33.02168184754251, 0.0 ], [ -68.902896715491181, -33.021689415405397, 0.0 ], [ -68.90289837596238, -33.021696850092397, 0.0 ], [ -68.90290149565044, -33.021703941475479, 0.0 ], [ -68.902905987008296, -33.02171049021657, 0.0 ], [ -68.902911723942623, -33.021716310472748, 0.0 ], [ -68.902918543944551, -33.021721238914552, 0.0 ], [ -68.902926254509538, -33.021725136534371, 0.0 ], [ -68.902934638484012, -33.02172789315901, 0.0 ], [ -68.902943459414061, -33.021729430158864, 0.0 ], [ -68.903068415604025, -33.02174213266585, 0.0 ], [ -68.903110066193236, -33.021462018700745, 0.0 ], [ -68.902915740460742, -33.021442264404826, 0.0 ], [ -68.90289656324066, -33.02168184754251, 0.0 ] ] ] ] } },
{ "type": "Feature", "properties": { "LAYER": "PARCELARIO_BASE_CATASTRO", "MAP_NAME": "1010_2025.dwg", "ccpp1": "1010 2045", "LAYER_2": "PADRONES_2_VISTALBA" }, "geometry": { "type": "MultiPolygon", "coordinates": [ [ [ [ -68.903068415604025, -33.02174213266585, 0.0 ], [ -68.903106180719448, -33.021745971561458, 0.0 ], [ -68.903202949627627, -33.021729794892877, 0.0 ], [ -68.903287785705913, -33.021721317308177, 0.0 ], [ -68.903323082955509, -33.021483672573318, 0.0 ], [ -68.903110066193236, -33.021462018700745, 0.0 ], [ -68.903068415604025, -33.02174213266585, 0.0 ] ] ] ] } },
{ "type": "Feature", "properties": { "LAYER": "PARCELARIO_BASE_CATASTRO", "MAP_NAME": "1010_2025.dwg", "ccpp1": "1010 2046", "LAYER_2": "PADRONES_2_VISTALBA" }, "geometry": { "type": "MultiPolygon", "coordinates": [ [ [ [ -68.903323082955509, -33.021483672573318, 0.0 ], [ -68.903287785705913, -33.021721317308177, 0.0 ], [ -68.903300938850478, -33.021720306805925, 0.0 ], [ -68.903399493307262, -33.021717570809564, 0.0 ], [ -68.903497953686795, -33.021721604426141, 0.0 ], [ -68.903503855854964, -33.021722177044005, 0.0 ], [ -68.903540412662878, -33.021476321681448, 0.0 ], [ -68.903327395864196, -33.021454668179715, 0.0 ], [ -68.903323082955509, -33.021483672573318, 0.0 ] ] ] ] } },
{ "type": "Feature", "properties": { "LAYER": "PARCELARIO_BASE_CATASTRO", "MAP_NAME": "1010_2025.dwg", "ccpp1": "1010 2047", "LAYER_2": "PADRONES_2_VISTALBA" }, "geometry": { "type": "MultiPolygon", "coordinates": [ [ [ [ -68.903540412662878, -33.021476321681448, 0.0 ], [ -68.903503855854964, -33.021722177044005, 0.0 ], [ -68.903589496126159, -33.021731994828265, 0.0 ], [ -68.90367971861717, -33.021748538966804, 0.0 ], [ -68.903714866087284, -33.021757007553965, 0.0 ], [ -68.903757742334165, -33.0214689713127, 0.0 ], [ -68.90354472549906, -33.021447318181828, 0.0 ], [ -68.903540412662878, -33.021476321681448, 0.0 ] ] ] ] } },
{ "type": "Feature", "properties": { "LAYER": "PARCELARIO_BASE_CATASTRO", "MAP_NAME": "1010_2025.dwg", "ccpp1": "1010 2048", "LAYER_2": "PADRONES_2_VISTALBA" }, "geometry": { "type": "MultiPolygon", "coordinates": [ [ [ [ -68.903714866087284, -33.021757007553965, 0.0 ], [ -68.903768034762479, -33.021771128191666, 0.0 ], [ -68.903853873188552, -33.021799615995562, 0.0 ], [ -68.903899256915608, -33.021812298722381, 0.0 ], [ -68.903919285065783, -33.021817869352397, 0.0 ], [ -68.903921999676342, -33.021818591879246, 0.0 ], [ -68.903970759274358, -33.021490624080123, 0.0 ], [ -68.903757742334165, -33.0214689713127, 0.0 ], [ -68.903714866087284, -33.021757007553965, 0.0 ] ] ] ] } },
{ "type": "Feature", "properties": { "LAYER": "PARCELARIO_BASE_CATASTRO", "MAP_NAME": "1010_2025.dwg", "ccpp1": "1010 2049", "LAYER_2": "PADRONES_2_VISTALBA" }, "geometry": { "type": "MultiPolygon", "coordinates": [ [ [ [ -68.903921999676342, -33.021818591879246, 0.0 ], [ -68.903986946424013, -33.021832498777023, 0.0 ], [ -68.904054327701928, -33.02184288016651, 0.0 ], [ -68.904111303475275, -33.021848220384683, 0.0 ], [ -68.904122410091801, -33.021849271252073, 0.0 ], [ -68.904133505922459, -33.021850398752413, 0.0 ], [ -68.904183777389918, -33.021512276484877, 0.0 ], [ -68.903970759274358, -33.021490624080123, 0.0 ], [ -68.903921999676342, -33.021818591879246, 0.0 ] ] ] ] } },
{ "type": "Feature", "properties": { "LAYER": "PARCELARIO_BASE_CATASTRO", "MAP_NAME": "1010_2025.dwg", "ccpp1": "1010 2050", "LAYER_2": "PADRONES_2_VISTALBA" }, "geometry": { "type": "MultiPolygon", "coordinates": [ [ [ [ -68.904133505922459, -33.021850398752413, 0.0 ], [ -68.904346523873258, -33.021872050878969, 0.0 ], [ -68.904396794540233, -33.021533928525358, 0.0 ], [ -68.904183777389918, -33.021512276484877, 0.0 ], [ -68.904133505922459, -33.021850398752413, 0.0 ] ] ] ] } },
{ "type": "Feature", "properties": { "LAYER": "PARCELARIO_BASE_CATASTRO", "MAP_NAME": "1010_2025.dwg", "ccpp1": "1010 2051", "LAYER_2": "PADRONES_2_VISTALBA" }, "geometry": { "type": "MultiPolygon", "coordinates": [ [ [ [ -68.904346523873258, -33.021872050878969, 0.0 ], [ -68.904506283391598, -33.021888289732296, 0.0 ], [ -68.904514695771311, -33.021888585605971, 0.0 ], [ -68.904523065462627, -33.021887773289912, 0.0 ], [ -68.904531184803332, -33.021885871560379, 0.0 ], [ -68.904538855733009, -33.02188292805463, 0.0 ], [ -68.904545887656326, -33.021879015662499, 0.0 ], [ -68.904552109219409, -33.021874229830409, 0.0 ], [ -68.904557365098995, -33.021868688558918, 0.0 ], [ -68.904561526709472, -33.021862528804164, 0.0 ], [ -68.904564492207655, -33.021855901969488, 0.0 ], [ -68.904566188637375, -33.021848970300383, 0.0 ], [ -68.904609807514362, -33.021555580199085, 0.0 ], [ -68.904396794540233, -33.021533928525358, 0.0 ], [ -68.904346523873258, -33.021872050878969, 0.0 ] ] ] ] } },
{ "type": "Feature", "properties": { "LAYER": "PARCELARIO_BASE_CATASTRO", "MAP_NAME": "1010_2025.dwg", "ccpp1": "1010 2020", "LAYER_2": "PADRONES_2_VISTALBA" }, "geometry": { "type": "MultiPolygon", "coordinates": [ [ [ [ -68.902975030663896, -33.021013103146387, 0.0 ], [ -68.902982686570354, -33.021017013344043, 0.0 ], [ -68.902991016935673, -33.02101979607199, 0.0 ], [ -68.902999788519665, -33.021021371801581, 0.0 ], [ -68.903172824112531, -33.021039914733834, 0.0 ], [ -68.903385668437835, -33.021062722508212, 0.0 ], [ -68.903458477262546, -33.021070524225422, 0.0 ], [ -68.903506191069624, -33.021073952319043, 0.0 ], [ -68.903509132205869, -33.021074016808456, 0.0 ], [ -68.903554053678945, -33.021072442043938, 0.0 ], [ -68.903559905653736, -33.021071890233571, 0.0 ], [ -68.903565405873408, -33.02107099281023, 0.0 ], [ -68.90360137031584, -33.021066119097583, 0.0 ], [ -68.903609898529737, -33.02106415192133, 0.0 ], [ -68.903654333029181, -33.021052716043769, 0.0 ], [ -68.903658444489551, -33.02105135678908, 0.0 ], [ -68.903666525510175, -33.021048223399966, 0.0 ], [ -68.903704591203507, -33.021033273275279, 0.0 ], [ -68.903744231317546, -33.021018312631462, 0.0 ], [ -68.903751037715125, -33.021016054680388, 0.0 ], [ -68.90376622657584, -33.021011995337503, 0.0 ], [ -68.903785412173818, -33.021006756078449, 0.0 ], [ -68.903799586404418, -33.021003659838208, 0.0 ], [ -68.903827717425315, -33.020998605097247, 0.0 ], [ -68.903849499801254, -33.020996121540087, 0.0 ], [ -68.903868570051131, -33.020994593467321, 0.0 ], [ -68.903900104613612, -33.020993510498165, 0.0 ], [ -68.903909668675013, -33.020993697295211, 0.0 ], [ -68.903950706008985, -33.020996021840006, 0.0 ], [ -68.904042825210396, -33.02100589299004, 0.0 ], [ -68.904255669681831, -33.021028699281075, 0.0 ], [ -68.904468514263769, -33.021051505209243, 0.0 ], [ -68.904627804778158, -33.021068573088172, 0.0 ], [ -68.90463624914112, -33.02106891406175, 0.0 ], [ -68.904644658317366, -33.021068136932776, 0.0 ], [ -68.904653438718512, -33.021066525137208, 0.0 ], [ -68.904660538297023, -33.021063332325134, 0.0 ], [ -68.904667616168155, -33.021059424469023, 0.0 ], [ -68.904673878343502, -33.021054634152833, 0.0 ], [ -68.904679170570745, -33.021049080279766, 0.0 ], [ -68.904683362124047, -33.021042900706135, 0.0 ], [ -68.904686346878208, -33.021036248635497, 0.0 ], [ -68.904688052944408, -33.021029289920968, 0.0 ], [ -68.904705295143003, -33.020913318123824, 0.0 ], [ -68.904725541981179, -33.020777129489304, 0.0 ], [ -68.904830814302414, -33.020787729633646, 0.0 ], [ -68.904858059226882, -33.020779459518408, 0.0 ], [ -68.904886351871994, -33.020774274820724, 0.0 ], [ -68.904915196592285, -33.020772266231312, 0.0 ], [ -68.904921169273024, -33.020772907363089, 0.0 ], [ -68.904929867278668, -33.02077324129661, 0.0 ], [ -68.904938520532866, -33.020772390396452, 0.0 ], [ -68.904946901038414, -33.020770375227492, 0.0 ], [ -68.904954788253406, -33.020767250623869, 0.0 ], [ -68.904961974451709, -33.020763097578147, 0.0 ], [ -68.904968271140746, -33.020758026852732, 0.0 ], [ -68.904973511211963, -33.020752169964879, 0.0 ], [ -68.904977557499251, -33.020745682799777, 0.0 ], [ -68.904980303859972, -33.020738735693001, 0.0 ], [ -68.904981676248084, -33.020731510726364, 0.0 ], [ -68.904998606756479, -33.020547483933917, 0.0 ], [ -68.904998542113034, -33.020539897203584, 0.0 ], [ -68.904996961792364, -33.020532431947068, 0.0 ], [ -68.904993910519224, -33.020525300993363, 0.0 ], [ -68.904989476914153, -33.02051870458132, 0.0 ], [ -68.904983783860771, -33.02051283035248, 0.0 ], [ -68.904976994936163, -33.020507845240779, 0.0 ], [ -68.90496930050189, -33.020503890953741, 0.0 ], [ -68.904960920920672, -33.020501078564905, 0.0 ], [ -68.904952092643484, -33.02049948760142, 0.0 ], [ -68.904769723637827, -33.02047994727122, 0.0 ], [ -68.904556880350071, -33.020457141857015, 0.0 ], [ -68.9043440371738, -33.020434335178273, 0.0 ], [ -68.904131194107094, -33.02041152903832, 0.0 ], [ -68.903990791328638, -33.020396484886724, 0.0 ], [ -68.903988163935253, -33.020396307039164, 0.0 ], [ -68.903952875748644, -33.020394701958431, 0.0 ], [ -68.903916771467522, -33.020397529768253, 0.0 ], [ -68.903884846864827, -33.020404155930535, 0.0 ], [ -68.903879430985086, -33.02040529147488, 0.0 ], [ -68.903844305345729, -33.020417615541554, 0.0 ], [ -68.903794955699183, -33.020437553186063, 0.0 ], [ -68.903789446860671, -33.020439526309566, 0.0 ], [ -68.903743346622676, -33.020453554165087, 0.0 ], [ -68.903732117237183, -33.020456317248282, 0.0 ], [ -68.903690700882663, -33.020465179402741, 0.0 ], [ -68.903672979332839, -33.020467682296953, 0.0 ], [ -68.903624742186167, -33.020473367077408, 0.0 ], [ -68.903612809644102, -33.020474128793296, 0.0 ], [ -68.903558138664692, -33.020475125286616, 0.0 ], [ -68.90355216661014, -33.020474919598414, 0.0 ], [ -68.903491772471952, -33.020470259950052, 0.0 ], [ -68.903474041799669, -33.020468359937091, 0.0 ], [ -68.903261197809755, -33.020445551411342, 0.0 ], [ -68.903054486030655, -33.020423400097769, 0.0 ], [ -68.903045734549835, -33.020423067795377, 0.0 ], [ -68.903037030988102, -33.020423936558736, 0.0 ], [ -68.903028605487108, -33.020425981319825, 0.0 ], [ -68.903020682868615, -33.020429148152992, 0.0 ], [ -68.903013476212777, -33.02043335426994, 0.0 ], [ -68.903007175087865, -33.020438485305554, 0.0 ], [ -68.90300194874925, -33.020444406140555, 0.0 ], [ -68.90299793543943, -33.020450958187901, 0.0 ], [ -68.902995244519786, -33.020457967509756, 0.0 ], [ -68.902993944696121, -33.020465245709858, 0.0 ], [ -68.902973819487045, -33.020716672543571, 0.0 ], [ -68.902953236218522, -33.020973825535684, 0.0 ], [ -68.902953385297494, -33.020981360936638, 0.0 ], [ -68.902955028668998, -33.02098876495355, 0.0 ], [ -68.90295812053651, -33.020995831067488, 0.0 ], [ -68.902962573352511, -33.021002360842139, 0.0 ], [ -68.902968263160233, -33.02100817294464, 0.0 ], [ -68.902975030663896, -33.021013103146387, 0.0 ] ] ] ] } },
{ "type": "Feature", "properties": { "LAYER": "PARCELARIO_BASE_CATASTRO", "MAP_NAME": "1010_2025.dwg", "ccpp1": "1010 2020", "LAYER_2": "PADRONES_2_VISTALBA" }, "geometry": { "type": "MultiPolygon", "coordinates": [ [ [ [ -68.904725541981179, -33.020777129489304, 0.0 ], [ -68.904830814302414, -33.020787729633646, 0.0 ], [ -68.904858059226882, -33.020779459518408, 0.0 ], [ -68.904886351871994, -33.020774274820724, 0.0 ], [ -68.904915196592285, -33.020772266231312, 0.0 ], [ -68.904921169273024, -33.020772907363089, 0.0 ], [ -68.904929867278668, -33.02077324129661, 0.0 ], [ -68.904938520532866, -33.020772390396452, 0.0 ], [ -68.904946901038414, -33.020770375227492, 0.0 ], [ -68.904954788253406, -33.020767250623869, 0.0 ], [ -68.904961974451709, -33.020763097578147, 0.0 ], [ -68.904968271140746, -33.020758026852732, 0.0 ], [ -68.904973511211963, -33.020752169964879, 0.0 ], [ -68.904977557499251, -33.020745682799777, 0.0 ], [ -68.904980303859972, -33.020738735693001, 0.0 ], [ -68.904981676248084, -33.020731510726364, 0.0 ], [ -68.904998606756479, -33.020547483933917, 0.0 ], [ -68.904998542113034, -33.020539897203584, 0.0 ], [ -68.904996961792364, -33.020532431947068, 0.0 ], [ -68.904993910519224, -33.020525300993363, 0.0 ], [ -68.904989476914153, -33.02051870458132, 0.0 ], [ -68.904983783860771, -33.02051283035248, 0.0 ], [ -68.904976994936163, -33.020507845240779, 0.0 ], [ -68.90496930050189, -33.020503890953741, 0.0 ], [ -68.904960920920672, -33.020501078564905, 0.0 ], [ -68.904952092643484, -33.02049948760142, 0.0 ], [ -68.904769723637827, -33.02047994727122, 0.0 ], [ -68.904725541981179, -33.020777129489304, 0.0 ] ] ] ] } },
{ "type": "Feature", "properties": { "LAYER": "PARCELARIO_BASE_CATASTRO", "MAP_NAME": "1010_2025.dwg", "ccpp1": "1010 2021", "LAYER_2": "PADRONES_2_VISTALBA" }, "geometry": { "type": "MultiPolygon", "coordinates": [ [ [ [ -68.904512525498333, -33.020755478009654, 0.0 ], [ -68.904725541981179, -33.020777129489304, 0.0 ], [ -68.904769723637827, -33.02047994727122, 0.0 ], [ -68.904556880350071, -33.020457141857015, 0.0 ], [ -68.904512525498333, -33.020755478009654, 0.0 ] ] ] ] } },
{ "type": "Feature", "properties": { "LAYER": "PARCELARIO_BASE_CATASTRO", "MAP_NAME": "1010_2025.dwg", "ccpp1": "1010 2022", "LAYER_2": "PADRONES_2_VISTALBA" }, "geometry": { "type": "MultiPolygon", "coordinates": [ [ [ [ -68.904299510190867, -33.02073382616738, 0.0 ], [ -68.904512525498333, -33.020755478009654, 0.0 ], [ -68.904556880350071, -33.020457141857015, 0.0 ], [ -68.9043440371738, -33.020434335178273, 0.0 ], [ -68.904299510190867, -33.02073382616738, 0.0 ] ] ] ] } },
{ "type": "Feature", "properties": { "LAYER": "PARCELARIO_BASE_CATASTRO", "MAP_NAME": "1010_2025.dwg", "ccpp1": "1010 2025", "LAYER_2": "PADRONES_2_VISTALBA" }, "geometry": { "type": "MultiPolygon", "coordinates": [ [ [ [ -68.903884846864827, -33.020404155930535, 0.0 ], [ -68.903879430985086, -33.02040529147488, 0.0 ], [ -68.903844305345729, -33.020417615541554, 0.0 ], [ -68.903794955699183, -33.020437553186063, 0.0 ], [ -68.903789446860671, -33.020439526309566, 0.0 ], [ -68.903743346622676, -33.020453554165087, 0.0 ], [ -68.903732117237183, -33.020456317248282, 0.0 ], [ -68.903690700882663, -33.020465179402741, 0.0 ], [ -68.90366046382853, -33.020668868458969, 0.0 ], [ -68.903651851237143, -33.020726795234467, 0.0 ], [ -68.903864866366533, -33.020748448181862, 0.0 ], [ -68.903873478820799, -33.020690521391622, 0.0 ], [ -68.903916771467522, -33.020397529768253, 0.0 ], [ -68.903884846864827, -33.020404155930535, 0.0 ] ] ] ] } },
{ "type": "Feature", "properties": { "LAYER": "PARCELARIO_BASE_CATASTRO", "MAP_NAME": "1010_2025.dwg", "ccpp1": "1010 2026", "LAYER_2": "PADRONES_2_VISTALBA" }, "geometry": { "type": "MultiPolygon", "coordinates": [ [ [ [ -68.903672979332839, -33.020467682296953, 0.0 ], [ -68.903624742186167, -33.020473367077408, 0.0 ], [ -68.903612809644102, -33.020474128793296, 0.0 ], [ -68.903558138664692, -33.020475125286616, 0.0 ], [ -68.90355216661014, -33.020474919598414, 0.0 ], [ -68.903491772471952, -33.020470259950052, 0.0 ], [ -68.903474041799669, -33.020468359937091, 0.0 ], [ -68.9034302224036, -33.020763067780699, 0.0 ], [ -68.903643238635354, -33.020784721107148, 0.0 ], [ -68.903651851237143, -33.020726795234467, 0.0 ], [ -68.90366046382853, -33.020668868458969, 0.0 ], [ -68.903690700882663, -33.020465179402741, 0.0 ], [ -68.903672979332839, -33.020467682296953, 0.0 ] ] ] ] } },
{ "type": "Feature", "properties": { "LAYER": "PARCELARIO_BASE_CATASTRO", "MAP_NAME": "1010_2025.dwg", "ccpp1": "1010 2027", "LAYER_2": "PADRONES_2_VISTALBA" }, "geometry": { "type": "MultiPolygon", "coordinates": [ [ [ [ -68.903217207347211, -33.020741414091631, 0.0 ], [ -68.9034302224036, -33.020763067780699, 0.0 ], [ -68.903474041799669, -33.020468359937091, 0.0 ], [ -68.903261197809755, -33.020445551411342, 0.0 ], [ -68.903217207347211, -33.020741414091631, 0.0 ] ] ] ] } },
{ "type": "Feature", "properties": { "LAYER": "PARCELARIO_BASE_CATASTRO", "MAP_NAME": "1010_2025.dwg", "ccpp1": "1010 2028", "LAYER_2": "PADRONES_2_VISTALBA" }, "geometry": { "type": "MultiPolygon", "coordinates": [ [ [ [ -68.903037030988102, -33.020423936558736, 0.0 ], [ -68.903028605487108, -33.020425981319825, 0.0 ], [ -68.903020682868615, -33.020429148152992, 0.0 ], [ -68.903013476212777, -33.02043335426994, 0.0 ], [ -68.903007175087865, -33.020438485305554, 0.0 ], [ -68.90300194874925, -33.020444406140555, 0.0 ], [ -68.90299793543943, -33.020450958187901, 0.0 ], [ -68.902995244519786, -33.020457967509756, 0.0 ], [ -68.902993944696121, -33.020465245709858, 0.0 ], [ -68.902973819487045, -33.020716672543571, 0.0 ], [ -68.903217207347211, -33.020741414091631, 0.0 ], [ -68.903261197809755, -33.020445551411342, 0.0 ], [ -68.903054486030655, -33.020423400097769, 0.0 ], [ -68.903045734549835, -33.020423067795377, 0.0 ], [ -68.903037030988102, -33.020423936558736, 0.0 ] ] ] ] } },
{ "type": "Feature", "properties": { "LAYER": "PARCELARIO_BASE_CATASTRO", "MAP_NAME": "1010_2025.dwg", "ccpp1": "1010 2029", "LAYER_2": "PADRONES_2_VISTALBA" }, "geometry": { "type": "MultiPolygon", "coordinates": [ [ [ [ -68.902953236218522, -33.020973825535684, 0.0 ], [ -68.902953385297494, -33.020981360936638, 0.0 ], [ -68.902955028668998, -33.02098876495355, 0.0 ], [ -68.90295812053651, -33.020995831067488, 0.0 ], [ -68.902962573352511, -33.021002360842139, 0.0 ], [ -68.902968263160233, -33.02100817294464, 0.0 ], [ -68.902975030663896, -33.021013103146387, 0.0 ], [ -68.902982686570354, -33.021017013344043, 0.0 ], [ -68.902991016935673, -33.02101979607199, 0.0 ], [ -68.902999788519665, -33.021021371801581, 0.0 ], [ -68.903172824112531, -33.021039914733834, 0.0 ], [ -68.903217207347211, -33.020741414091631, 0.0 ], [ -68.902973819487045, -33.020716672543571, 0.0 ], [ -68.902953236218522, -33.020973825535684, 0.0 ] ] ] ] } },
{ "type": "Feature", "properties": { "LAYER": "PARCELARIO_BASE_CATASTRO", "MAP_NAME": "1010_2025.dwg", "ccpp1": "1010 2030", "LAYER_2": "PADRONES_2_VISTALBA" }, "geometry": { "type": "MultiPolygon", "coordinates": [ [ [ [ -68.903172824112531, -33.021039914733834, 0.0 ], [ -68.903385668437835, -33.021062722508212, 0.0 ], [ -68.9034302224036, -33.020763067780699, 0.0 ], [ -68.903217207347211, -33.020741414091631, 0.0 ], [ -68.903172824112531, -33.021039914733834, 0.0 ] ] ] ] } },
{ "type": "Feature", "properties": { "LAYER": "PARCELARIO_BASE_CATASTRO", "MAP_NAME": "1010_2025.dwg", "ccpp1": "1010 2031", "LAYER_2": "PADRONES_2_VISTALBA" }, "geometry": { "type": "MultiPolygon", "coordinates": [ [ [ [ -68.903385668437835, -33.021062722508212, 0.0 ], [ -68.903458477262546, -33.021070524225422, 0.0 ], [ -68.903506191069624, -33.021073952319043, 0.0 ], [ -68.903509132205869, -33.021074016808456, 0.0 ], [ -68.903554053678945, -33.021072442043938, 0.0 ], [ -68.903559905653736, -33.021071890233571, 0.0 ], [ -68.903565405873408, -33.02107099281023, 0.0 ], [ -68.90360137031584, -33.021066119097583, 0.0 ], [ -68.903643238635354, -33.020784721107148, 0.0 ], [ -68.9034302224036, -33.020763067780699, 0.0 ], [ -68.903385668437835, -33.021062722508212, 0.0 ] ] ] ] } },
{ "type": "Feature", "properties": { "LAYER": "PARCELARIO_BASE_CATASTRO", "MAP_NAME": "1010_2025.dwg", "ccpp1": "1010 2032", "LAYER_2": "PADRONES_2_VISTALBA" }, "geometry": { "type": "MultiPolygon", "coordinates": [ [ [ [ -68.903643238635354, -33.020784721107148, 0.0 ], [ -68.90360137031584, -33.021066119097583, 0.0 ], [ -68.903609898529737, -33.02106415192133, 0.0 ], [ -68.903654333029181, -33.021052716043769, 0.0 ], [ -68.903658444489551, -33.02105135678908, 0.0 ], [ -68.903666525510175, -33.021048223399966, 0.0 ], [ -68.903704591203507, -33.021033273275279, 0.0 ], [ -68.903744231317546, -33.021018312631462, 0.0 ], [ -68.903751037715125, -33.021016054680388, 0.0 ], [ -68.90376622657584, -33.021011995337503, 0.0 ], [ -68.903785412173818, -33.021006756078449, 0.0 ], [ -68.903799586404418, -33.021003659838208, 0.0 ], [ -68.903827717425315, -33.020998605097247, 0.0 ], [ -68.903864866366533, -33.020748448181862, 0.0 ], [ -68.903651851237143, -33.020726795234467, 0.0 ], [ -68.903643238635354, -33.020784721107148, 0.0 ] ] ] ] } },
{ "type": "Feature", "properties": { "LAYER": "PARCELARIO_BASE_CATASTRO", "MAP_NAME": "1010_2025.dwg", "ccpp1": "1010 2034", "LAYER_2": "PADRONES_2_VISTALBA" }, "geometry": { "type": "MultiPolygon", "coordinates": [ [ [ [ -68.904042825210396, -33.02100589299004, 0.0 ], [ -68.904255669681831, -33.021028699281075, 0.0 ], [ -68.904299510190867, -33.02073382616738, 0.0 ], [ -68.904086494988448, -33.020712173961648, 0.0 ], [ -68.904042825210396, -33.02100589299004, 0.0 ] ] ] ] } },
{ "type": "Feature", "properties": { "LAYER": "PARCELARIO_BASE_CATASTRO", "MAP_NAME": "1010_2025.dwg", "ccpp1": "1010 2035", "LAYER_2": "PADRONES_2_VISTALBA" }, "geometry": { "type": "MultiPolygon", "coordinates": [ [ [ [ -68.904255669681831, -33.021028699281075, 0.0 ], [ -68.904468514263769, -33.021051505209243, 0.0 ], [ -68.904512525498333, -33.020755478009654, 0.0 ], [ -68.904299510190867, -33.02073382616738, 0.0 ], [ -68.904255669681831, -33.021028699281075, 0.0 ] ] ] ] } },
{ "type": "Feature", "properties": { "LAYER": "PARCELARIO_BASE_CATASTRO", "MAP_NAME": "1010_2025.dwg", "ccpp1": "1010 2036", "LAYER_2": "PADRONES_2_VISTALBA" }, "geometry": { "type": "MultiPolygon", "coordinates": [ [ [ [ -68.904468514263769, -33.021051505209243, 0.0 ], [ -68.904627804778158, -33.021068573088172, 0.0 ], [ -68.90463624914112, -33.02106891406175, 0.0 ], [ -68.904644658317366, -33.021068136932776, 0.0 ], [ -68.904653438718512, -33.021066525137208, 0.0 ], [ -68.904660538297023, -33.021063332325134, 0.0 ], [ -68.904667616168155, -33.021059424469023, 0.0 ], [ -68.904673878343502, -33.021054634152833, 0.0 ], [ -68.904679170570745, -33.021049080279766, 0.0 ], [ -68.904683362124047, -33.021042900706135, 0.0 ], [ -68.904686346878208, -33.021036248635497, 0.0 ], [ -68.904688052944408, -33.021029289920968, 0.0 ], [ -68.904705295143003, -33.020913318123824, 0.0 ], [ -68.904725541981179, -33.020777129489304, 0.0 ], [ -68.904512525498333, -33.020755478009654, 0.0 ], [ -68.904468514263769, -33.021051505209243, 0.0 ] ] ] ] } },
{ "type": "Feature", "properties": { "LAYER": "PARCELARIO_BASE_CATASTRO", "MAP_NAME": "1010_2025.dwg", "ccpp1": "1010 2023", "LAYER_2": "PADRONES_2_VISTALBA" }, "geometry": { "type": "MultiPolygon", "coordinates": [ [ [ [ -68.904086494988448, -33.020712173961648, 0.0 ], [ -68.904299510190867, -33.02073382616738, 0.0 ], [ -68.9043440371738, -33.020434335178273, 0.0 ], [ -68.904131194107094, -33.02041152903832, 0.0 ], [ -68.90409561186739, -33.02065085634915, 0.0 ], [ -68.904086494988448, -33.020712173961648, 0.0 ] ] ] ] } },
{ "type": "Feature", "properties": { "LAYER": "PARCELARIO_BASE_CATASTRO", "MAP_NAME": "1010_2025.dwg", "ccpp1": "1010 2018", "LAYER_2": "PADRONES_2_VISTALBA" }, "geometry": { "type": "MultiPolygon", "coordinates": [ [ [ [ -68.902469810316475, -33.018957192022604, 0.0 ], [ -68.902447169672456, -33.019243787549627, 0.0 ], [ -68.902428677357108, -33.019477880943491, 0.0 ], [ -68.902454780592748, -33.019479857979597, 0.0 ], [ -68.902717775760919, -33.019499776543142, 0.0 ], [ -68.903204245337676, -33.01955198658937, 0.0 ], [ -68.903267412461531, -33.019031835661274, 0.0 ], [ -68.902921453181335, -33.019001392533021, 0.0 ], [ -68.90292094450038, -33.019006546104443, 0.0 ], [ -68.902918789671148, -33.019028349604277, 0.0 ], [ -68.902684138487061, -33.019011905175098, 0.0 ], [ -68.902602915654953, -33.018954580124692, 0.0 ], [ -68.902602935204158, -33.018939720556659, 0.0 ], [ -68.902602951818807, -33.018927529940626, 0.0 ], [ -68.902492352947348, -33.018921878452467, 0.0 ], [ -68.90247268013006, -33.018920873043498, 0.0 ], [ -68.902471079155447, -33.018941135106488, 0.0 ], [ -68.902469810316475, -33.018957192022604, 0.0 ] ] ] ] } },
{ "type": "Feature", "properties": { "LAYER": "PARCELARIO_BASE_CATASTRO", "MAP_NAME": "1010_2025.dwg", "ccpp1": "1010 2018", "LAYER_2": "PADRONES_2_VISTALBA" }, "geometry": { "type": "MultiPolygon", "coordinates": [ [ [ [ -68.902695827697343, -33.019498124950594, 0.0 ], [ -68.902754280053955, -33.019016820765152, 0.0 ], [ -68.902684138487061, -33.019011905175098, 0.0 ], [ -68.902602915654953, -33.018954580124692, 0.0 ], [ -68.902602951818807, -33.018927529940626, 0.0 ], [ -68.902472679694228, -33.01892087302123, 0.0 ], [ -68.902428677357108, -33.019477880943491, 0.0 ], [ -68.902562208917161, -33.019487994379389, 0.0 ], [ -68.902695827697343, -33.019498124950594, 0.0 ] ] ] ] } },
{ "type": "Feature", "properties": { "LAYER": "PARCELARIO_BASE_CATASTRO", "MAP_NAME": "1010_2025.dwg", "ccpp1": "1010 2064", "LAYER_2": "PADRONES_2_VISTALBA" }, "geometry": { "type": "MultiPolygon", "coordinates": [ [ [ [ -68.903881609690131, -33.020635495814695, 0.0 ], [ -68.904094676025849, -33.020657153819492, 0.0 ], [ -68.90409561186739, -33.02065085634915, 0.0 ], [ -68.904131194107094, -33.02041152903832, 0.0 ], [ -68.903990791328638, -33.020396484886724, 0.0 ], [ -68.903988163935253, -33.020396307039164, 0.0 ], [ -68.903952875748644, -33.020394701958431, 0.0 ], [ -68.903916771467522, -33.020397529768253, 0.0 ], [ -68.90388254019507, -33.020629198341844, 0.0 ], [ -68.903881609690131, -33.020635495814695, 0.0 ] ] ] ] } },
{ "type": "Feature", "properties": { "LAYER": "PARCELARIO_BASE_CATASTRO", "MAP_NAME": "1010_2025.dwg", "ccpp1": "1010 20263", "LAYER_2": "PADRONES_2_VISTALBA" }, "geometry": { "type": "MultiPolygon", "coordinates": [ [ [ [ -68.904094676025849, -33.020657153819492, 0.0 ], [ -68.903881609690131, -33.020635495814695, 0.0 ], [ -68.903873478820799, -33.020690521391622, 0.0 ], [ -68.903864866366533, -33.020748448181862, 0.0 ], [ -68.903827717425315, -33.020998605097247, 0.0 ], [ -68.903849499801254, -33.020996121540087, 0.0 ], [ -68.903868570051131, -33.020994593467321, 0.0 ], [ -68.903900104613612, -33.020993510498165, 0.0 ], [ -68.903909668675013, -33.020993697295211, 0.0 ], [ -68.903950706008985, -33.020996021840006, 0.0 ], [ -68.904042825210396, -33.02100589299004, 0.0 ], [ -68.904086494988448, -33.020712173961648, 0.0 ], [ -68.904094676025849, -33.020657153819492, 0.0 ] ] ] ] } },
{ "type": "Feature", "properties": { "LAYER": "PARCELARIO_BASE_CATASTRO", "MAP_NAME": "1010_2025.dwg", "ccpp1": "1010 2073", "LAYER_2": "PADRONES_2_VISTALBA" }, "geometry": { "type": "MultiPolygon", "coordinates": [ [ [ [ -68.903655183687306, -33.019348588541675, 0.0 ], [ -68.903688146197325, -33.019068857379402, 0.0 ], [ -68.903502281740501, -33.019052205326155, 0.0 ], [ -68.903467516218356, -33.019333328186292, 0.0 ], [ -68.903655183687306, -33.019348588541675, 0.0 ] ] ] ] } },
{ "type": "Feature", "properties": { "LAYER": "PARCELARIO_BASE_CATASTRO", "MAP_NAME": "1010_2025.dwg", "ccpp1": "1010 2074", "LAYER_2": "PADRONES_2_VISTALBA" }, "geometry": { "type": "MultiPolygon", "coordinates": [ [ [ [ -68.903437893486199, -33.019577051310144, 0.0 ], [ -68.903663274094399, -33.019601249575032, 0.0 ], [ -68.903733162378842, -33.019072818410784, 0.0 ], [ -68.903688146197325, -33.019068857379402, 0.0 ], [ -68.903655183932159, -33.019348586463842, 0.0 ], [ -68.903467491203187, -33.019333326152136, 0.0 ], [ -68.903437893486199, -33.019577051310144, 0.0 ] ] ] ] } },
{ "type": "Feature", "properties": { "LAYER": "PARCELARIO_BASE_CATASTRO", "MAP_NAME": "1010_2025.dwg", "ccpp1": "1010 2075", "LAYER_2": "PADRONES_2_VISTALBA" }, "geometry": { "type": "MultiPolygon", "coordinates": [ [ [ [ -68.905775712447181, -33.019566577123612, 0.0 ], [ -68.905804568737778, -33.019255030477822, 0.0 ], [ -68.905616398523833, -33.019238511903517, 0.0 ], [ -68.905577445583688, -33.01955057745085, 0.0 ], [ -68.905775712447181, -33.019566577123612, 0.0 ] ] ] ] } },
{ "type": "Feature", "properties": { "LAYER": "PARCELARIO_BASE_CATASTRO", "MAP_NAME": "1010_2025.dwg", "ccpp1": "1010 2076", "LAYER_2": "PADRONES_2_VISTALBA" }, "geometry": { "type": "MultiPolygon", "coordinates": [ [ [ [ -68.905751564978289, -33.019825343590504, 0.0 ], [ -68.905775654594976, -33.019566572455133, 0.0 ], [ -68.905577445583688, -33.01955057745085, 0.0 ], [ -68.905616048175332, -33.019238481147809, 0.0 ], [ -68.905570642276217, -33.01923458030987, 0.0 ], [ -68.905502376007561, -33.019798550363106, 0.0 ], [ -68.905751564978289, -33.019825343590504, 0.0 ] ] ] ] } },
{ "type": "Feature", "properties": { "LAYER": "PARCELARIO_BASE_CATASTRO", "MAP_NAME": "1010_2025.dwg", "ccpp1": "1010 2077", "LAYER_2": "PADRONES_2_VISTALBA" }, "geometry": { "type": "MultiPolygon", "coordinates": [ [ [ [ -68.901188594837208, -33.006797328504319, 0.0 ], [ -68.901016740333617, -33.006790654707757, 0.0 ], [ -68.901012907210685, -33.007204546391911, 0.0 ], [ -68.901184731916757, -33.007211700173038, 0.0 ], [ -68.901188594837208, -33.006797328504319, 0.0 ] ] ] ] } },
{ "type": "Feature", "properties": { "LAYER": "PARCELARIO_BASE_CATASTRO", "MAP_NAME": "1010_2025.dwg", "ccpp1": "1010 2148", "LAYER_2": "PADRONES_2_VISTALBA" }, "geometry": { "type": "MultiPolygon", "coordinates": [ [ [ [ -68.894403910317905, -33.003964261686932, 0.0 ], [ -68.89460360988744, -33.003969255315411, 0.0 ], [ -68.894602249421936, -33.003669901395028, 0.0 ], [ -68.894402550526905, -33.003664907765476, 0.0 ], [ -68.894403910317905, -33.003964261686932, 0.0 ] ] ] ] } },
{ "type": "Feature", "properties": { "LAYER": "PARCELARIO_BASE_CATASTRO", "MAP_NAME": "1010_2025.dwg", "ccpp1": "1010 1996", "LAYER_2": "PADRONES_2_VISTALBA" }, "geometry": { "type": "MultiPolygon", "coordinates": [ [ [ [ -68.89460360988744, -33.003969255315411, 0.0 ], [ -68.894803202473582, -33.003974245829269, 0.0 ], [ -68.89480184133285, -33.003674892811617, 0.0 ], [ -68.894602249421936, -33.003669901395028, 0.0 ], [ -68.89460360988744, -33.003969255315411, 0.0 ] ] ] ] } },
{ "type": "Feature", "properties": { "LAYER": "PARCELARIO_BASE_CATASTRO", "MAP_NAME": "1010_2025.dwg", "ccpp1": "1010 2164", "LAYER_2": "PADRONES_2_VISTALBA" }, "geometry": { "type": "MultiPolygon", "coordinates": [ [ [ [ -68.896775908594961, -33.027794674579802, 0.0 ], [ -68.896530309078031, -33.02786513070312, 0.0 ], [ -68.896603487269957, -33.028081391526122, 0.0 ], [ -68.896779311870631, -33.02802941423662, 0.0 ], [ -68.896803012172526, -33.027999377491518, 0.0 ], [ -68.896775908594961, -33.027794674579802, 0.0 ] ] ] ] } },
{ "type": "Feature", "properties": { "LAYER": "PARCELARIO_BASE_CATASTRO", "MAP_NAME": "1010_2025.dwg", "ccpp1": "1010 2165", "LAYER_2": "PADRONES_2_VISTALBA" }, "geometry": { "type": "MultiPolygon", "coordinates": [ [ [ [ -68.896530309078031, -33.02786513070312, 0.0 ], [ -68.896390398285007, -33.027905265432501, 0.0 ], [ -68.896464382751304, -33.028122513401357, 0.0 ], [ -68.896603487269957, -33.028081391526122, 0.0 ], [ -68.896530309078031, -33.02786513070312, 0.0 ] ] ] ] } },
{ "type": "Feature", "properties": { "LAYER": "PARCELARIO_BASE_CATASTRO", "MAP_NAME": "1010_2025.dwg", "ccpp1": "1010 2166", "LAYER_2": "PADRONES_2_VISTALBA" }, "geometry": { "type": "MultiPolygon", "coordinates": [ [ [ [ -68.896390398285007, -33.027905265432501, 0.0 ], [ -68.895978942614434, -33.028023297575906, 0.0 ], [ -68.896013457889126, -33.02822597634318, 0.0 ], [ -68.896051159984907, -33.028244668571638, 0.0 ], [ -68.896464382751304, -33.028122513401357, 0.0 ], [ -68.896390398285007, -33.027905265432501, 0.0 ] ] ] ] } },
{ "type": "Feature", "properties": { "LAYER": "PARCELARIO_BASE_CATASTRO", "MAP_NAME": "1010_2025.dwg", "ccpp1": "1010 2426", "LAYER_2": "PADRONES_2_VISTALBA" }, "geometry": { "type": "MultiPolygon", "coordinates": [ [ [ [ -68.896858522977297, -33.02800876089718, 0.0 ], [ -68.896779311870631, -33.02802941423662, 0.0 ], [ -68.896051159984907, -33.028244668571638, 0.0 ], [ -68.896013457889126, -33.02822597634318, 0.0 ], [ -68.895978942614434, -33.028023297575906, 0.0 ], [ -68.891922380392856, -33.02921143898606, 0.0 ], [ -68.891789363418781, -33.029252657108238, 0.0 ], [ -68.893319368134911, -33.03042328865218, 0.0 ], [ -68.894034847533234, -33.03020683725687, 0.0 ], [ -68.894053303878877, -33.030426980574781, 0.0 ], [ -68.894073542875361, -33.030480208125212, 0.0 ], [ -68.894120006569565, -33.030531311946973, 0.0 ], [ -68.894396362938437, -33.030751102348212, 0.0 ], [ -68.894432548677273, -33.030776340656196, 0.0 ], [ -68.894505398239147, -33.030805877844514, 0.0 ], [ -68.89451800570383, -33.030825888674613, 0.0 ], [ -68.89456427487923, -33.030884358164094, 0.0 ], [ -68.897221176369982, -33.030126156395312, 0.0 ], [ -68.896858522977297, -33.02800876089718, 0.0 ] ] ] ] } },
{ "type": "Feature", "properties": { "LAYER": "PARCELARIO_BASE_CATASTRO", "MAP_NAME": "1010_2025.dwg", "ccpp1": "1010 283", "LAYER_2": "PADRONES_2_VISTALBA" }, "geometry": { "type": "MultiPolygon", "coordinates": [ [ [ [ -68.897058465586213, -33.001723486497163, 0.0 ], [ -68.897231177653978, -33.001733686990725, 0.0 ], [ -68.897248243723212, -33.001429530492899, 0.0 ], [ -68.897081832449047, -33.001419650804309, 0.0 ], [ -68.897058465586213, -33.001723486497163, 0.0 ] ] ] ] } },
{ "type": "Feature", "properties": { "LAYER": "PARCELARIO_BASE_CATASTRO", "MAP_NAME": "1010_2025.dwg", "ccpp1": "1010 2169", "LAYER_2": "PADRONES_2_VISTALBA" }, "geometry": { "type": "MultiPolygon", "coordinates": [ [ [ [ -68.897029170031701, -33.001721756387184, 0.0 ], [ -68.897058465584578, -33.001723486518507, 0.0 ], [ -68.897074295576246, -33.001517649602441, 0.0 ], [ -68.897081832447384, -33.001419650825667, 0.0 ], [ -68.896954381927017, -33.001412084320819, 0.0 ], [ -68.896944049617076, -33.001416436298136, 0.0 ], [ -68.896934604008678, -33.001422040533249, 0.0 ], [ -68.896926258192252, -33.001428770967571, 0.0 ], [ -68.896919200676123, -33.001436476275373, 0.0 ], [ -68.896913586821896, -33.00144498346333, 0.0 ], [ -68.89690954525949, -33.001454102384223, 0.0 ], [ -68.896905435030391, -33.001507539535275, 0.0 ], [ -68.896889593790462, -33.00171351167193, 0.0 ], [ -68.897029170031701, -33.001721756387184, 0.0 ] ] ] ] } },
{ "type": "Feature", "properties": { "LAYER": "PARCELARIO_BASE_CATASTRO", "MAP_NAME": "1010_2025.dwg", "ccpp1": "1010 2170", "LAYER_2": "PADRONES_2_VISTALBA" }, "geometry": { "type": "MultiPolygon", "coordinates": [ [ [ [ -68.896781885651507, -33.00140184302618, 0.0 ], [ -68.896868133785006, -33.00140696369261, 0.0 ], [ -68.896881565909922, -33.001229837788344, 0.0 ], [ -68.896731062654624, -33.001220903104425, 0.0 ], [ -68.896484018163804, -33.001206235618312, 0.0 ], [ -68.896480983297749, -33.001287915951785, 0.0 ], [ -68.896475773659517, -33.00138366874473, 0.0 ], [ -68.896781885651507, -33.00140184302618, 0.0 ] ] ] ] } },
{ "type": "Feature", "properties": { "LAYER": "PARCELARIO_BASE_CATASTRO", "MAP_NAME": "1010_2025.dwg", "ccpp1": "1010 2171", "LAYER_2": "PADRONES_2_VISTALBA" }, "geometry": { "type": "MultiPolygon", "coordinates": [ [ [ [ -68.896628815429096, -33.001698109962241, 0.0 ], [ -68.896799927745292, -33.001708216855043, 0.0 ], [ -68.896819878405381, -33.001448807581028, 0.0 ], [ -68.89681786302755, -33.001439068713957, 0.0 ], [ -68.896813917813844, -33.001429758351314, 0.0 ], [ -68.896808158018558, -33.001421146189394, 0.0 ], [ -68.896800749214094, -33.001413480325759, 0.0 ], [ -68.896791907295409, -33.001406983652622, 0.0 ], [ -68.896781885651507, -33.00140184302618, 0.0 ], [ -68.896656720695461, -33.001394411555253, 0.0 ], [ -68.896652193541613, -33.001394142714801, 0.0 ], [ -68.896628815429096, -33.001698109962241, 0.0 ] ] ] ] } },
{ "type": "Feature", "properties": { "LAYER": "PARCELARIO_BASE_CATASTRO", "MAP_NAME": "1010_2025.dwg", "ccpp1": "1010 2172", "LAYER_2": "PADRONES_2_VISTALBA" }, "geometry": { "type": "MultiPolygon", "coordinates": [ [ [ [ -68.896628815429096, -33.001698109962241, 0.0 ], [ -68.896652193541613, -33.001394142714801, 0.0 ], [ -68.896475773659517, -33.00138366874473, 0.0 ], [ -68.896459208642824, -33.001688091546178, 0.0 ], [ -68.896628815429096, -33.001698109962241, 0.0 ] ] ] ] } },
{ "type": "Feature", "properties": { "LAYER": "PARCELARIO_BASE_CATASTRO", "MAP_NAME": "1010_2025.dwg", "ccpp1": "1010 2174", "LAYER_2": "PADRONES_2_VISTALBA" }, "geometry": { "type": "MultiPolygon", "coordinates": [ [ [ [ -68.895799606041834, -33.020798601084756, 0.0 ], [ -68.896697235870661, -33.020872352103865, 0.0 ], [ -68.896811430070542, -33.017887659850949, 0.0 ], [ -68.896925833982621, -33.01490295751185, 0.0 ], [ -68.896034331289059, -33.014937917593087, 0.0 ], [ -68.895915168240947, -33.017913313865975, 0.0 ], [ -68.895799606041834, -33.020798601084756, 0.0 ] ] ] ] } },
{ "type": "Feature", "properties": { "LAYER": "PARCELARIO_BASE_CATASTRO", "MAP_NAME": "1010_2025.dwg", "ccpp1": "1010 2176", "LAYER_2": "PADRONES_2_VISTALBA" }, "geometry": { "type": "MultiPolygon", "coordinates": [ [ [ [ -68.893930318115721, -33.005076759073134, 0.0 ], [ -68.893952344353522, -33.004743222155668, 0.0 ], [ -68.893332801979241, -33.004727010616911, 0.0 ], [ -68.893133102326857, -33.005227745008611, 0.0 ], [ -68.893055596571401, -33.005383296121792, 0.0 ], [ -68.893104905731803, -33.005383979446286, 0.0 ], [ -68.893908291708584, -33.005410295968524, 0.0 ], [ -68.893930318115721, -33.005076759073134, 0.0 ] ] ] ] } },
{ "type": "Feature", "properties": { "LAYER": "PARCELARIO_BASE_CATASTRO", "MAP_NAME": "1010_2025.dwg", "ccpp1": "1010 509", "LAYER_2": "PADRONES_2_VISTALBA" }, "geometry": { "type": "MultiPolygon", "coordinates": [ [ [ [ -68.898730662814643, -33.00595051581471, 0.0 ], [ -68.898719859282849, -33.006150512215207, 0.0 ], [ -68.898719423503906, -33.006157274428269, 0.0 ], [ -68.898887964155804, -33.006161198094432, 0.0 ], [ -68.899209207934774, -33.006168761455115, 0.0 ], [ -68.899171727673405, -33.005960974316793, 0.0 ], [ -68.898730662814643, -33.00595051581471, 0.0 ] ] ] ] } },
{ "type": "Feature", "properties": { "LAYER": "PARCELARIO_BASE_CATASTRO", "MAP_NAME": "1010_2025.dwg", "ccpp1": "1010 1947", "LAYER_2": "PADRONES_2_VISTALBA" }, "geometry": { "type": "MultiPolygon", "coordinates": [ [ [ [ -68.897134087962044, -33.000730483547436, 0.0 ], [ -68.897267773136917, -33.000739284530333, 0.0 ], [ -68.89729173757901, -33.000381536207712, 0.0 ], [ -68.897157696449369, -33.000374619958208, 0.0 ], [ -68.897134087962044, -33.000730483547436, 0.0 ] ] ] ] } },
{ "type": "Feature", "properties": { "LAYER": "PARCELARIO_BASE_CATASTRO", "MAP_NAME": "1010_2025.dwg", "ccpp1": "1010 1640", "LAYER_2": "PADRONES_2_VISTALBA" }, "geometry": { "type": "MultiPolygon", "coordinates": [ [ [ [ -68.89633342377013, -32.999940000333147, 0.0 ], [ -68.896326616041165, -33.000156296798878, 0.0 ], [ -68.896576964471166, -33.00016785294239, 0.0 ], [ -68.896608880630396, -33.000181944628267, 0.0 ], [ -68.896615044126477, -33.000233345286446, 0.0 ], [ -68.896625979341763, -33.000347777974987, 0.0 ], [ -68.896627667281891, -33.000360230621553, 0.0 ], [ -68.896640234347458, -33.0003489547436, 0.0 ], [ -68.896675151650186, -33.000352410919128, 0.0 ], [ -68.896695911021411, -32.999963789343084, 0.0 ], [ -68.896360885541455, -32.999941294406575, 0.0 ], [ -68.89633342377013, -32.999940000333147, 0.0 ] ] ] ] } },
{ "type": "Feature", "properties": { "LAYER": "PARCELARIO_BASE_CATASTRO", "MAP_NAME": "1010_2025.dwg", "ccpp1": "1010 1913", "LAYER_2": "PADRONES_2_VISTALBA" }, "geometry": { "type": "MultiPolygon", "coordinates": [ [ [ [ -68.897413600414239, -32.998252669932938, 0.0 ], [ -68.897473933479233, -32.997968310826245, 0.0 ], [ -68.897214253676069, -32.997974093576147, 0.0 ], [ -68.897158528064381, -32.998255590702456, 0.0 ], [ -68.897413600414239, -32.998252669932938, 0.0 ] ] ] ] } },
{ "type": "Feature", "properties": { "LAYER": "PARCELARIO_BASE_CATASTRO", "MAP_NAME": "1010_2025.dwg", "ccpp1": "1010 1914", "LAYER_2": "PADRONES_2_VISTALBA" }, "geometry": { "type": "MultiPolygon", "coordinates": [ [ [ [ -68.897071504036916, -32.998256885929059, 0.0 ], [ -68.897127107969141, -32.997976010773563, 0.0 ], [ -68.896868096546498, -32.997981708641142, 0.0 ], [ -68.896812901581626, -32.998259846362494, 0.0 ], [ -68.897071504036916, -32.998256885929059, 0.0 ] ] ] ] } },
{ "type": "Feature", "properties": { "LAYER": "PARCELARIO_BASE_CATASTRO", "MAP_NAME": "1010_2025.dwg", "ccpp1": "1010 1707", "LAYER_2": "PADRONES_2_VISTALBA" }, "geometry": { "type": "MultiPolygon", "coordinates": [ [ [ [ -68.898072196044311, -32.997044351148844, 0.0 ], [ -68.898106542503072, -32.997238967359635, 0.0 ], [ -68.898421139909047, -32.997255089621405, 0.0 ], [ -68.898387769816097, -32.99705755376015, 0.0 ], [ -68.898072196044311, -32.997044351148844, 0.0 ] ] ] ] } },
{ "type": "Feature", "properties": { "LAYER": "PARCELARIO_BASE_CATASTRO", "MAP_NAME": "1010_2025.dwg", "ccpp1": "1010 1705", "LAYER_2": "PADRONES_2_VISTALBA" }, "geometry": { "type": "MultiPolygon", "coordinates": [ [ [ [ -68.898679596800832, -32.997071666835247, 0.0 ], [ -68.898700814418618, -32.997272806679931, 0.0 ], [ -68.899046320731983, -32.997290757598293, 0.0 ], [ -68.899008710901398, -32.997135480970336, 0.0 ], [ -68.898878968093371, -32.997129683667559, 0.0 ], [ -68.898869084219172, -32.997081003144935, 0.0 ], [ -68.898679596800832, -32.997071666835247, 0.0 ] ] ] ] } },
{ "type": "Feature", "properties": { "LAYER": "PARCELARIO_BASE_CATASTRO", "MAP_NAME": "1010_2025.dwg", "ccpp1": "1010 1348", "LAYER_2": "PADRONES_2_VISTALBA" }, "geometry": { "type": "MultiPolygon", "coordinates": [ [ [ [ -68.899225896082456, -32.997040196835094, 0.0 ], [ -68.89898498856121, -32.997029381299328, 0.0 ], [ -68.899008710901398, -32.997135480970336, 0.0 ], [ -68.899046320731983, -32.997290757598293, 0.0 ], [ -68.899301446897127, -32.997314270176481, 0.0 ], [ -68.899265260904698, -32.997178681986725, 0.0 ], [ -68.899263879061181, -32.997174368151377, 0.0 ], [ -68.899225896082456, -32.997040196835094, 0.0 ] ] ] ] } },
{ "type": "Feature", "properties": { "LAYER": "PARCELARIO_BASE_CATASTRO", "MAP_NAME": "1010_2025.dwg", "ccpp1": "1010 1885", "LAYER_2": "PADRONES_2_VISTALBA" }, "geometry": { "type": "MultiPolygon", "coordinates": [ [ [ [ -68.905878548444093, -33.005834182538074, 0.0 ], [ -68.906325396067245, -33.005952423566221, 0.0 ], [ -68.906390082670015, -33.005750114428231, 0.0 ], [ -68.905945169145809, -33.005632385434495, 0.0 ], [ -68.905878548444093, -33.005834182538074, 0.0 ] ] ] ] } },
{ "type": "Feature", "properties": { "LAYER": "PARCELARIO_BASE_CATASTRO", "MAP_NAME": "1010_2025.dwg", "ccpp1": "1010 1884", "LAYER_2": "PADRONES_2_VISTALBA" }, "geometry": { "type": "MultiPolygon", "coordinates": [ [ [ [ -68.905945169145809, -33.005632385434495, 0.0 ], [ -68.906390082670015, -33.005750114428231, 0.0 ], [ -68.906452327462986, -33.005555440613385, 0.0 ], [ -68.906011789544038, -33.005430587386542, 0.0 ], [ -68.905947694188768, -33.005624736618593, 0.0 ], [ -68.905945169145809, -33.005632385434495, 0.0 ] ] ] ] } },
{ "type": "Feature", "properties": { "LAYER": "PARCELARIO_BASE_CATASTRO", "MAP_NAME": "1010_2025.dwg", "ccpp1": "1010 1805", "LAYER_2": "PADRONES_2_VISTALBA" }, "geometry": { "type": "MultiPolygon", "coordinates": [ [ [ [ -68.905316722138693, -33.002895659434785, 0.0 ], [ -68.905468150394412, -33.002995964833197, 0.0 ], [ -68.905634139297561, -33.002793123125905, 0.0 ], [ -68.905503805352879, -33.002690231657475, 0.0 ], [ -68.905316722138693, -33.002895659434785, 0.0 ] ] ] ] } },
{ "type": "Feature", "properties": { "LAYER": "PARCELARIO_BASE_CATASTRO", "MAP_NAME": "1010_2025.dwg", "ccpp1": "1010 1762", "LAYER_2": "PADRONES_2_VISTALBA" }, "geometry": { "type": "MultiPolygon", "coordinates": [ [ [ [ -68.903931776106404, -33.007463672782372, 0.0 ], [ -68.904065955788241, -33.007479747350772, 0.0 ], [ -68.904295471946796, -33.007507244292455, 0.0 ], [ -68.904301174572325, -33.007478665553691, 0.0 ], [ -68.904345291796872, -33.007255083859562, 0.0 ], [ -68.903983914857065, -33.007203641749186, 0.0 ], [ -68.903931776106404, -33.007463672782372, 0.0 ] ] ] ] } },
{ "type": "Feature", "properties": { "LAYER": "PARCELARIO_BASE_CATASTRO", "MAP_NAME": "1010_2025.dwg", "ccpp1": "1010 1605", "LAYER_2": "PADRONES_2_VISTALBA" }, "geometry": { "type": "MultiPolygon", "coordinates": [ [ [ [ -68.904551142962944, -33.007594000888211, 0.0 ], [ -68.904461732988082, -33.008040081464472, 0.0 ], [ -68.904684952264375, -33.008068153548635, 0.0 ], [ -68.904823671736168, -33.007628652975868, 0.0 ], [ -68.904551142962944, -33.007594000888211, 0.0 ] ] ] ] } },
{ "type": "Feature", "properties": { "LAYER": "PARCELARIO_BASE_CATASTRO", "MAP_NAME": "1010_2025.dwg", "ccpp1": "1010 1915", "LAYER_2": "PADRONES_2_VISTALBA" }, "geometry": { "type": "MultiPolygon", "coordinates": [ [ [ [ -68.897966505365616, -33.000680985306218, 0.0 ], [ -68.898772552498968, -33.000728158063438, 0.0 ], [ -68.898795343975578, -33.00070078451617, 0.0 ], [ -68.898836736820371, -33.000522012037393, 0.0 ], [ -68.897970366526025, -33.000475198869225, 0.0 ], [ -68.897966505365616, -33.000680985306218, 0.0 ] ] ] ] } },
{ "type": "Feature", "properties": { "LAYER": "PARCELARIO_BASE_CATASTRO", "MAP_NAME": "1010_2025.dwg", "ccpp1": "1010 2180", "LAYER_2": "PADRONES_2_VISTALBA" }, "geometry": { "type": "MultiPolygon", "coordinates": [ [ [ [ -68.906184912792526, -33.020296320145277, 0.0 ], [ -68.906619316060258, -33.020321538324382, 0.0 ], [ -68.906632178724692, -33.020136162689035, 0.0 ], [ -68.906201941256313, -33.020111192429695, 0.0 ], [ -68.906184912792526, -33.020296320145277, 0.0 ] ] ] ] } },
{ "type": "Feature", "properties": { "LAYER": "PARCELARIO_BASE_CATASTRO", "MAP_NAME": "1010_2025.dwg", "ccpp1": "1010 2181", "LAYER_2": "PADRONES_2_VISTALBA" }, "geometry": { "type": "MultiPolygon", "coordinates": [ [ [ [ -68.906168274873622, -33.020477200561714, 0.0 ], [ -68.906606748859048, -33.020502654998857, 0.0 ], [ -68.906619316060258, -33.020321538324382, 0.0 ], [ -68.906184912168484, -33.020296326252428, 0.0 ], [ -68.906168274873622, -33.020477200561714, 0.0 ] ] ] ] } },
{ "type": "Feature", "properties": { "LAYER": "PARCELARIO_BASE_CATASTRO", "MAP_NAME": "1010_2025.dwg", "ccpp1": "1010 2182", "LAYER_2": "PADRONES_2_VISTALBA" }, "geometry": { "type": "MultiPolygon", "coordinates": [ [ [ [ -68.906149772232183, -33.020658277203545, 0.0 ], [ -68.906594158515517, -33.020684104434295, 0.0 ], [ -68.906606748859048, -33.020502654998857, 0.0 ], [ -68.906168274249595, -33.020477206668865, 0.0 ], [ -68.906149772232183, -33.020658277203545, 0.0 ] ] ] ] } },
{ "type": "Feature", "properties": { "LAYER": "PARCELARIO_BASE_CATASTRO", "MAP_NAME": "1010_2025.dwg", "ccpp1": "1010 2183", "LAYER_2": "PADRONES_2_VISTALBA" }, "geometry": { "type": "MultiPolygon", "coordinates": [ [ [ [ -68.90613497366077, -33.020839234312277, 0.0 ], [ -68.906581595760457, -33.02086515550976, 0.0 ], [ -68.906594160989187, -33.020684068784448, 0.0 ], [ -68.906149772232183, -33.020658277203545, 0.0 ], [ -68.90613497366077, -33.020839234312277, 0.0 ] ] ] ] } },
{ "type": "Feature", "properties": { "LAYER": "PARCELARIO_BASE_CATASTRO", "MAP_NAME": "1010_2025.dwg", "ccpp1": "1010 2184", "LAYER_2": "PADRONES_2_VISTALBA" }, "geometry": { "type": "MultiPolygon", "coordinates": [ [ [ [ -68.90611916652739, -33.021011080640896, 0.0 ], [ -68.906566859652216, -33.021058107963107, 0.0 ], [ -68.906581600331052, -33.020865155999765, 0.0 ], [ -68.90613497366077, -33.020839234312277, 0.0 ], [ -68.90611916652739, -33.021011080640896, 0.0 ] ] ] ] } },
{ "type": "Feature", "properties": { "LAYER": "PARCELARIO_BASE_CATASTRO", "MAP_NAME": "1010_2025.dwg", "ccpp1": "1010 1974", "LAYER_2": "PADRONES_2_VISTALBA" }, "geometry": { "type": "MultiPolygon", "coordinates": [ [ [ [ -68.905187337589723, -33.020377264350941, 0.0 ], [ -68.905196085840132, -33.020393618338254, 0.0 ], [ -68.905201486195139, -33.02041097244296, 0.0 ], [ -68.905203389322523, -33.020428848665119, 0.0 ], [ -68.905201742233047, -33.020446753749177, 0.0 ], [ -68.905196590405069, -33.020464194514076, 0.0 ], [ -68.905188075630591, -33.020480690475139, 0.0 ], [ -68.905176433861556, -33.020495786465808, 0.0 ], [ -68.905163519148402, -33.020636167222378, 0.0 ], [ -68.90515255470703, -33.020755353817428, 0.0 ], [ -68.905152619363776, -33.020762940547463, 0.0 ], [ -68.905154199702608, -33.02077040490007, 0.0 ], [ -68.905157249926759, -33.020777535848808, 0.0 ], [ -68.905161683557239, -33.02078413225464, 0.0 ], [ -68.905167375570514, -33.020790005572699, 0.0 ], [ -68.905174164527438, -33.020794990673878, 0.0 ], [ -68.905181856854568, -33.020798945848192, 0.0 ], [ -68.905190236470986, -33.020801758222134, 0.0 ], [ -68.905199063712317, -33.020803349167949, 0.0 ], [ -68.905902440347234, -33.020878771765432, 0.0 ], [ -68.905911138367131, -33.020879105630605, 0.0 ], [ -68.905919791622438, -33.020878254662435, 0.0 ], [ -68.905928172114869, -33.020876240329258, 0.0 ], [ -68.905936059305816, -33.020873114761969, 0.0 ], [ -68.905943245465892, -33.020868962561423, 0.0 ], [ -68.905949542107379, -33.020863890884819, 0.0 ], [ -68.905954782120091, -33.02085803395574, 0.0 ], [ -68.905958828340459, -33.02085154675882, 0.0 ], [ -68.905961574627568, -33.02084459963045, 0.0 ], [ -68.905962946937322, -33.020837374653006, 0.0 ], [ -68.906030820754253, -33.020099497036966, 0.0 ], [ -68.906017216179649, -33.020085410766235, 0.0 ], [ -68.906006619897695, -33.020069602759662, 0.0 ], [ -68.90599933325889, -33.020052517770061, 0.0 ], [ -68.905995561245206, -33.020034639249502, 0.0 ], [ -68.905995409278901, -33.020016471313212, 0.0 ], [ -68.905998882165719, -33.019998526115458, 0.0 ], [ -68.906005883038318, -33.019981311225244, 0.0 ], [ -68.906016213373846, -33.01996531339622, 0.0 ], [ -68.906029581573748, -33.019950982343168, 0.0 ], [ -68.906045609393303, -33.019938723533521, 0.0 ], [ -68.906051642186938, -33.01988566999124, 0.0 ], [ -68.905241696066881, -33.019798891033261, 0.0 ], [ -68.905187337589723, -33.020377264350941, 0.0 ] ] ] ] } },
{ "type": "Feature", "properties": { "LAYER": "PARCELARIO_BASE_CATASTRO", "MAP_NAME": "1010_2025.dwg", "ccpp1": "1010 1974", "LAYER_2": "PADRONES_2_VISTALBA" }, "geometry": { "type": "MultiPolygon", "coordinates": [ [ [ [ -68.90564669304888, -33.019842283753562, 0.0 ], [ -68.905630561922507, -33.020010004272947, 0.0 ], [ -68.905628298612115, -33.020033572193874, 0.0 ], [ -68.906000466121711, -33.020055173995154, 0.0 ], [ -68.90599933325889, -33.020052517770061, 0.0 ], [ -68.905995561245206, -33.020034639249502, 0.0 ], [ -68.905995409278901, -33.020016471313212, 0.0 ], [ -68.905998882165719, -33.019998526115458, 0.0 ], [ -68.906005883038318, -33.019981311225244, 0.0 ], [ -68.906016213373846, -33.01996531339622, 0.0 ], [ -68.906029581573748, -33.019950982343168, 0.0 ], [ -68.906045609393303, -33.019938723533521, 0.0 ], [ -68.906051642186938, -33.01988566999124, 0.0 ], [ -68.90564669304888, -33.019842283753562, 0.0 ] ] ] ] } },
{ "type": "Feature", "properties": { "LAYER": "PARCELARIO_BASE_CATASTRO", "MAP_NAME": "1010_2025.dwg", "ccpp1": "1010 2185", "LAYER_2": "PADRONES_2_VISTALBA" }, "geometry": { "type": "MultiPolygon", "coordinates": [ [ [ [ -68.905224072248416, -33.019986409023929, 0.0 ], [ -68.905630561919097, -33.020010004308361, 0.0 ], [ -68.90564669304888, -33.019842283753562, 0.0 ], [ -68.905241696066881, -33.019798891033261, 0.0 ], [ -68.905224072248416, -33.019986409023929, 0.0 ] ] ] ] } },
{ "type": "Feature", "properties": { "LAYER": "PARCELARIO_BASE_CATASTRO", "MAP_NAME": "1010_2025.dwg", "ccpp1": "1010 2186", "LAYER_2": "PADRONES_2_VISTALBA" }, "geometry": { "type": "MultiPolygon", "coordinates": [ [ [ [ -68.905208384877639, -33.020153322465603, 0.0 ], [ -68.905614534505446, -33.020176897984364, 0.0 ], [ -68.905628298612115, -33.020033572193874, 0.0 ], [ -68.905630561923331, -33.020010004264563, 0.0 ], [ -68.905224072248416, -33.019986409023929, 0.0 ], [ -68.905208384877639, -33.020153322465603, 0.0 ] ] ] ] } },
{ "type": "Feature", "properties": { "LAYER": "PARCELARIO_BASE_CATASTRO", "MAP_NAME": "1010_2025.dwg", "ccpp1": "1010 2187", "LAYER_2": "PADRONES_2_VISTALBA" }, "geometry": { "type": "MultiPolygon", "coordinates": [ [ [ [ -68.905192834342799, -33.020318779338851, 0.0 ], [ -68.905598646890439, -33.020342335299418, 0.0 ], [ -68.905612079528836, -33.020202461632287, 0.0 ], [ -68.905614534505446, -33.020176897984364, 0.0 ], [ -68.905208384877639, -33.020153322465603, 0.0 ], [ -68.905192834342799, -33.020318779338851, 0.0 ] ] ] ] } },
{ "type": "Feature", "properties": { "LAYER": "PARCELARIO_BASE_CATASTRO", "MAP_NAME": "1010_2025.dwg", "ccpp1": "1010 2188", "LAYER_2": "PADRONES_2_VISTALBA" }, "geometry": { "type": "MultiPolygon", "coordinates": [ [ [ [ -68.905175347572921, -33.020507594258021, 0.0 ], [ -68.905580517735388, -33.02053111293926, 0.0 ], [ -68.905581611794403, -33.020519720601527, 0.0 ], [ -68.905596643581575, -33.02036319565677, 0.0 ], [ -68.905598646890439, -33.020342335299418, 0.0 ], [ -68.905192834342799, -33.020318779338851, 0.0 ], [ -68.905187337589723, -33.020377264350941, 0.0 ], [ -68.905196085840132, -33.020393618338254, 0.0 ], [ -68.905201486195139, -33.02041097244296, 0.0 ], [ -68.905203389322523, -33.020428848665119, 0.0 ], [ -68.905201742233047, -33.020446753749177, 0.0 ], [ -68.905196590405069, -33.020464194514076, 0.0 ], [ -68.905188075630591, -33.020480690475139, 0.0 ], [ -68.905176433861556, -33.020495786465808, 0.0 ], [ -68.905175347572921, -33.020507594258021, 0.0 ] ] ] ] } },
{ "type": "Feature", "properties": { "LAYER": "PARCELARIO_BASE_CATASTRO", "MAP_NAME": "1010_2025.dwg", "ccpp1": "1010 2189", "LAYER_2": "PADRONES_2_VISTALBA" }, "geometry": { "type": "MultiPolygon", "coordinates": [ [ [ [ -68.905160275442441, -33.020671427262656, 0.0 ], [ -68.905564787726917, -33.020694907763911, 0.0 ], [ -68.905565569356028, -33.020686768761728, 0.0 ], [ -68.905580517735388, -33.02053111293926, 0.0 ], [ -68.905175347572921, -33.020507594258021, 0.0 ], [ -68.905163519148402, -33.020636167222378, 0.0 ], [ -68.905160275442441, -33.020671427262656, 0.0 ] ] ] ] } },
{ "type": "Feature", "properties": { "LAYER": "PARCELARIO_BASE_CATASTRO", "MAP_NAME": "1010_2025.dwg", "ccpp1": "1010 2190", "LAYER_2": "PADRONES_2_VISTALBA" }, "geometry": { "type": "MultiPolygon", "coordinates": [ [ [ [ -68.905550751878806, -33.020841060962056, 0.0 ], [ -68.905564787726917, -33.020694907763911, 0.0 ], [ -68.905160275442441, -33.020671427262656, 0.0 ], [ -68.90515255470703, -33.020755353817428, 0.0 ], [ -68.905152619363776, -33.020762940547463, 0.0 ], [ -68.905154199702608, -33.02077040490007, 0.0 ], [ -68.905157249926759, -33.020777535848808, 0.0 ], [ -68.905161683557239, -33.02078413225464, 0.0 ], [ -68.905167375570514, -33.020790005572699, 0.0 ], [ -68.905174164527438, -33.020794990673878, 0.0 ], [ -68.905181856854568, -33.020798945848192, 0.0 ], [ -68.905190236470986, -33.020801758222134, 0.0 ], [ -68.905199063712317, -33.020803349167949, 0.0 ], [ -68.905550751878806, -33.020841060962056, 0.0 ] ] ] ] } },
{ "type": "Feature", "properties": { "LAYER": "PARCELARIO_BASE_CATASTRO", "MAP_NAME": "1010_2025.dwg", "ccpp1": "1010 2191", "LAYER_2": "PADRONES_2_VISTALBA" }, "geometry": { "type": "MultiPolygon", "coordinates": [ [ [ [ -68.905974616583521, -33.020710511154078, 0.0 ], [ -68.905565569356028, -33.020686768761728, 0.0 ], [ -68.905564787726917, -33.020694907763911, 0.0 ], [ -68.905550751878806, -33.020841060962056, 0.0 ], [ -68.905902440347234, -33.020878771765432, 0.0 ], [ -68.905911138367131, -33.020879105630605, 0.0 ], [ -68.905919791622438, -33.020878254662435, 0.0 ], [ -68.905928172114869, -33.020876240329258, 0.0 ], [ -68.905936059305816, -33.020873114761969, 0.0 ], [ -68.905943245465892, -33.020868962561423, 0.0 ], [ -68.905949542107379, -33.020863890884819, 0.0 ], [ -68.905954782120091, -33.02085803395574, 0.0 ], [ -68.905958828340459, -33.02085154675882, 0.0 ], [ -68.905961574627568, -33.02084459963045, 0.0 ], [ -68.905962946937322, -33.020837374653006, 0.0 ], [ -68.905974616583521, -33.020710511154078, 0.0 ] ] ] ] } },
{ "type": "Feature", "properties": { "LAYER": "PARCELARIO_BASE_CATASTRO", "MAP_NAME": "1010_2025.dwg", "ccpp1": "1010 2192", "LAYER_2": "PADRONES_2_VISTALBA" }, "geometry": { "type": "MultiPolygon", "coordinates": [ [ [ [ -68.905989986190605, -33.020543423932942, 0.0 ], [ -68.905581611794418, -33.020519720601527, 0.0 ], [ -68.905580517735388, -33.02053111293926, 0.0 ], [ -68.905565569356028, -33.020686768761728, 0.0 ], [ -68.905974616583521, -33.020710511154078, 0.0 ], [ -68.905989986190605, -33.020543423932942, 0.0 ] ] ] ] } },
{ "type": "Feature", "properties": { "LAYER": "PARCELARIO_BASE_CATASTRO", "MAP_NAME": "1010_2025.dwg", "ccpp1": "1010 2193", "LAYER_2": "PADRONES_2_VISTALBA" }, "geometry": { "type": "MultiPolygon", "coordinates": [ [ [ [ -68.906004387533841, -33.020386862388072, 0.0 ], [ -68.905596643581575, -33.02036319565677, 0.0 ], [ -68.905581611794403, -33.020519720601527, 0.0 ], [ -68.905989986190605, -33.020543423932942, 0.0 ], [ -68.906004387533841, -33.020386862388072, 0.0 ] ] ] ] } },
{ "type": "Feature", "properties": { "LAYER": "PARCELARIO_BASE_CATASTRO", "MAP_NAME": "1010_2025.dwg", "ccpp1": "1010 2194", "LAYER_2": "PADRONES_2_VISTALBA" }, "geometry": { "type": "MultiPolygon", "coordinates": [ [ [ [ -68.90601917608636, -33.020226090779396, 0.0 ], [ -68.905612079528836, -33.020202461632287, 0.0 ], [ -68.905598646890439, -33.020342335299418, 0.0 ], [ -68.905596643581575, -33.02036319565677, 0.0 ], [ -68.906004387533841, -33.020386862388072, 0.0 ], [ -68.90601917608636, -33.020226090779396, 0.0 ] ] ] ] } },
{ "type": "Feature", "properties": { "LAYER": "PARCELARIO_BASE_CATASTRO", "MAP_NAME": "1010_2025.dwg", "ccpp1": "1010 2195", "LAYER_2": "PADRONES_2_VISTALBA" }, "geometry": { "type": "MultiPolygon", "coordinates": [ [ [ [ -68.906000466121711, -33.020055173995154, 0.0 ], [ -68.905628298612115, -33.020033572193874, 0.0 ], [ -68.905614534505446, -33.020176897984364, 0.0 ], [ -68.905612079528836, -33.020202461632287, 0.0 ], [ -68.90601917608636, -33.020226090779396, 0.0 ], [ -68.906030820754253, -33.020099497036966, 0.0 ], [ -68.906017216179649, -33.020085410766235, 0.0 ], [ -68.906006619897695, -33.020069602759662, 0.0 ], [ -68.906000466121711, -33.020055173995154, 0.0 ] ] ] ] } },
{ "type": "Feature", "properties": { "LAYER": "PARCELARIO_BASE_CATASTRO", "MAP_NAME": "1010_2025.dwg", "ccpp1": "1010 2197", "LAYER_2": "PADRONES_2_VISTALBA" }, "geometry": { "type": "MultiPolygon", "coordinates": [ [ [ [ -68.904568606308516, -33.020060008875298, 0.0 ], [ -68.904597684955078, -33.0198167478421, 0.0 ], [ -68.904384627222782, -33.019792842829318, 0.0 ], [ -68.904355703941945, -33.020036400582917, 0.0 ], [ -68.904568606308516, -33.020060008875298, 0.0 ] ] ] ] } },
{ "type": "Feature", "properties": { "LAYER": "PARCELARIO_BASE_CATASTRO", "MAP_NAME": "1010_2025.dwg", "ccpp1": "1010 2198", "LAYER_2": "PADRONES_2_VISTALBA" }, "geometry": { "type": "MultiPolygon", "coordinates": [ [ [ [ -68.904355703941945, -33.020036400582917, 0.0 ], [ -68.904384627222782, -33.019792842829318, 0.0 ], [ -68.904172507068509, -33.019769042766939, 0.0 ], [ -68.904142959004474, -33.020012809180074, 0.0 ], [ -68.904355703941945, -33.020036400582917, 0.0 ] ] ] ] } },
{ "type": "Feature", "properties": { "LAYER": "PARCELARIO_BASE_CATASTRO", "MAP_NAME": "1010_2025.dwg", "ccpp1": "1010 2199", "LAYER_2": "PADRONES_2_VISTALBA" }, "geometry": { "type": "MultiPolygon", "coordinates": [ [ [ [ -68.904142959004474, -33.020012809180074, 0.0 ], [ -68.904172507068509, -33.019769042766939, 0.0 ], [ -68.903960485484163, -33.019745253239975, 0.0 ], [ -68.903934456320343, -33.019989687746971, 0.0 ], [ -68.904142959004474, -33.020012809180074, 0.0 ] ] ] ] } },
{ "type": "Feature", "properties": { "LAYER": "PARCELARIO_BASE_CATASTRO", "MAP_NAME": "1010_2025.dwg", "ccpp1": "1010 2200", "LAYER_2": "PADRONES_2_VISTALBA" }, "geometry": { "type": "MultiPolygon", "coordinates": [ [ [ [ -68.903934456320343, -33.019989687746971, 0.0 ], [ -68.903960485484163, -33.019745253239975, 0.0 ], [ -68.903747602534395, -33.019721367111131, 0.0 ], [ -68.903724548618783, -33.019966409793902, 0.0 ], [ -68.903934456320343, -33.019989687746971, 0.0 ] ] ] ] } },
{ "type": "Feature", "properties": { "LAYER": "PARCELARIO_BASE_CATASTRO", "MAP_NAME": "1010_2025.dwg", "ccpp1": "1010 2196", "LAYER_2": "PADRONES_2_VISTALBA" }, "geometry": { "type": "MultiPolygon", "coordinates": [ [ [ [ -68.904781901540332, -33.020083661286272, 0.0 ], [ -68.904810075021331, -33.019840577143029, 0.0 ], [ -68.904597684955078, -33.0198167478421, 0.0 ], [ -68.904568606308516, -33.020060008875298, 0.0 ], [ -68.904781901540332, -33.020083661286272, 0.0 ] ] ] ] } },
{ "type": "Feature", "properties": { "LAYER": "PARCELARIO_BASE_CATASTRO", "MAP_NAME": "1010_2025.dwg", "ccpp1": "1010 2201", "LAYER_2": "PADRONES_2_VISTALBA" }, "geometry": { "type": "MultiPolygon", "coordinates": [ [ [ [ -68.90348745677835, -33.020008801899522, 0.0 ], [ -68.903718606190409, -33.020029568347255, 0.0 ], [ -68.903747602534395, -33.019721367111131, 0.0 ], [ -68.903514534330228, -33.019695216241942, 0.0 ], [ -68.90348745677835, -33.020008801899522, 0.0 ] ] ] ] } },
{ "type": "Feature", "properties": { "LAYER": "PARCELARIO_BASE_CATASTRO", "MAP_NAME": "1010_2025.dwg", "ccpp1": "1010 2202", "LAYER_2": "PADRONES_2_VISTALBA" }, "geometry": { "type": "MultiPolygon", "coordinates": [ [ [ [ -68.903253412612088, -33.019987774901232, 0.0 ], [ -68.90348745677835, -33.020008801899522, 0.0 ], [ -68.903514534330228, -33.019695216241942, 0.0 ], [ -68.903280721434399, -33.01966898050479, 0.0 ], [ -68.903253412612088, -33.019987774901232, 0.0 ] ] ] ] } },
{ "type": "Feature", "properties": { "LAYER": "PARCELARIO_BASE_CATASTRO", "MAP_NAME": "1010_2025.dwg", "ccpp1": "1010 2203", "LAYER_2": "PADRONES_2_VISTALBA" }, "geometry": { "type": "MultiPolygon", "coordinates": [ [ [ [ -68.903253412612088, -33.019987774901232, 0.0 ], [ -68.903280721434399, -33.01966898050479, 0.0 ], [ -68.903083131431785, -33.019646809256258, 0.0 ], [ -68.903076162582138, -33.019646001354936, 0.0 ], [ -68.903069130609921, -33.019646149178271, 0.0 ], [ -68.903061643279628, -33.019647717685196, 0.0 ], [ -68.903054581846078, -33.019650336070619, 0.0 ], [ -68.903048151888626, -33.019653927852048, 0.0 ], [ -68.903042539753045, -33.019658387678525, 0.0 ], [ -68.903037910404151, -33.019663587640665, 0.0 ], [ -68.903034397796034, -33.01966937455812, 0.0 ], [ -68.90303210486131, -33.019675579897999, 0.0 ], [ -68.903031097084323, -33.019682024278204, 0.0 ], [ -68.903031404640785, -33.019688518370707, 0.0 ], [ -68.903010739621777, -33.019965971631073, 0.0 ], [ -68.903253412612088, -33.019987774901232, 0.0 ] ] ] ] } },
{ "type": "Feature", "properties": { "LAYER": "PARCELARIO_BASE_CATASTRO", "MAP_NAME": "1010_2025.dwg", "ccpp1": "1010 2204", "LAYER_2": "PADRONES_2_VISTALBA" }, "geometry": { "type": "MultiPolygon", "coordinates": [ [ [ [ -68.90322665757472, -33.020300105606857, 0.0 ], [ -68.903253412612088, -33.019987774901232, 0.0 ], [ -68.903010739621777, -33.019965971631073, 0.0 ], [ -68.90299044924177, -33.020238386614913, 0.0 ], [ -68.902989175213946, -33.020244590942056, 0.0 ], [ -68.90298918437351, -33.020250886433949, 0.0 ], [ -68.902990476923193, -33.02025708824771, 0.0 ], [ -68.902993014535937, -33.020263010608716, 0.0 ], [ -68.902996721413444, -33.020268477631646, 0.0 ], [ -68.903001487491935, -33.020273327831283, 0.0 ], [ -68.903007170580949, -33.02027741592758, 0.0 ], [ -68.903013602775005, -33.02028062186735, 0.0 ], [ -68.903020593666653, -33.02028284902341, 0.0 ], [ -68.903027933547506, -33.020284033213969, 0.0 ], [ -68.903035406258624, -33.020284136400683, 0.0 ], [ -68.90304278917786, -33.020283158410621, 0.0 ], [ -68.90322665757472, -33.020300105606857, 0.0 ] ] ] ] } },
{ "type": "Feature", "properties": { "LAYER": "PARCELARIO_BASE_CATASTRO", "MAP_NAME": "1010_2025.dwg", "ccpp1": "1010 2205", "LAYER_2": "PADRONES_2_VISTALBA" }, "geometry": { "type": "MultiPolygon", "coordinates": [ [ [ [ -68.90322665757472, -33.020300105606857, 0.0 ], [ -68.903460442979394, -33.020321653622332, 0.0 ], [ -68.90348745677835, -33.020008801899522, 0.0 ], [ -68.903253412612088, -33.019987774901232, 0.0 ], [ -68.90322665757472, -33.020300105606857, 0.0 ] ] ] ] } },
{ "type": "Feature", "properties": { "LAYER": "PARCELARIO_BASE_CATASTRO", "MAP_NAME": "1010_2025.dwg", "ccpp1": "1010 2206", "LAYER_2": "PADRONES_2_VISTALBA" }, "geometry": { "type": "MultiPolygon", "coordinates": [ [ [ [ -68.903460442979394, -33.020321653622332, 0.0 ], [ -68.9035130658567, -33.020327035830356, 0.0 ], [ -68.903566075412101, -33.020327232790414, 0.0 ], [ -68.903618753469232, -33.020322241242262, 0.0 ], [ -68.903670386055666, -33.020312129162519, 0.0 ], [ -68.903692656668071, -33.020305391011604, 0.0 ], [ -68.903718606190409, -33.020029568347255, 0.0 ], [ -68.90348745677835, -33.020008801899522, 0.0 ], [ -68.903460442979394, -33.020321653622332, 0.0 ] ] ] ] } },
{ "type": "Feature", "properties": { "LAYER": "PARCELARIO_BASE_CATASTRO", "MAP_NAME": "1010_2025.dwg", "ccpp1": "1010 2207", "LAYER_2": "PADRONES_2_VISTALBA" }, "geometry": { "type": "MultiPolygon", "coordinates": [ [ [ [ -68.903906700152248, -33.020250339311602, 0.0 ], [ -68.903934456320343, -33.019989687746971, 0.0 ], [ -68.903724548618783, -33.019966409793902, 0.0 ], [ -68.903692656668071, -33.020305391011604, 0.0 ], [ -68.903720276248947, -33.020297033970827, 0.0 ], [ -68.903767746321861, -33.020277158924898, 0.0 ], [ -68.903818739152655, -33.020262803916253, 0.0 ], [ -68.903871311795896, -33.020253316435785, 0.0 ], [ -68.903906700152248, -33.020250339311602, 0.0 ] ] ] ] } },
{ "type": "Feature", "properties": { "LAYER": "PARCELARIO_BASE_CATASTRO", "MAP_NAME": "1010_2025.dwg", "ccpp1": "1010 2208", "LAYER_2": "PADRONES_2_VISTALBA" }, "geometry": { "type": "MultiPolygon", "coordinates": [ [ [ [ -68.904111974458743, -33.020268418856865, 0.0 ], [ -68.904142959004474, -33.020012809180074, 0.0 ], [ -68.903934456320343, -33.019989687746971, 0.0 ], [ -68.903906700152248, -33.020250339311602, 0.0 ], [ -68.903924811249396, -33.020248814999768, 0.0 ], [ -68.903978571735564, -33.020249355900241, 0.0 ], [ -68.904031927545546, -33.020254932313271, 0.0 ], [ -68.904084216249487, -33.020265474301382, 0.0 ], [ -68.904111974458743, -33.020268418856865, 0.0 ] ] ] ] } },
{ "type": "Feature", "properties": { "LAYER": "PARCELARIO_BASE_CATASTRO", "MAP_NAME": "1010_2025.dwg", "ccpp1": "1010 2209", "LAYER_2": "PADRONES_2_VISTALBA" }, "geometry": { "type": "MultiPolygon", "coordinates": [ [ [ [ -68.90432546166727, -33.020291066828982, 0.0 ], [ -68.904355703941945, -33.020036400582917, 0.0 ], [ -68.904142959004474, -33.020012809180074, 0.0 ], [ -68.904111974458743, -33.020268418856865, 0.0 ], [ -68.90432546166727, -33.020291066828982, 0.0 ] ] ] ] } },
{ "type": "Feature", "properties": { "LAYER": "PARCELARIO_BASE_CATASTRO", "MAP_NAME": "1010_2025.dwg", "ccpp1": "1010 2210", "LAYER_2": "PADRONES_2_VISTALBA" }, "geometry": { "type": "MultiPolygon", "coordinates": [ [ [ [ -68.904538286546284, -33.02031364450049, 0.0 ], [ -68.904568606308516, -33.020060008875298, 0.0 ], [ -68.904355703941945, -33.020036400582917, 0.0 ], [ -68.90432546166727, -33.020291066828982, 0.0 ], [ -68.904538286546284, -33.02031364450049, 0.0 ] ] ] ] } },
{ "type": "Feature", "properties": { "LAYER": "PARCELARIO_BASE_CATASTRO", "MAP_NAME": "1010_2025.dwg", "ccpp1": "1010 2211", "LAYER_2": "PADRONES_2_VISTALBA" }, "geometry": { "type": "MultiPolygon", "coordinates": [ [ [ [ -68.904752610852881, -33.020336380746315, 0.0 ], [ -68.904781901540332, -33.020083661286272, 0.0 ], [ -68.904568606308516, -33.020060008875298, 0.0 ], [ -68.904538286546284, -33.02031364450049, 0.0 ], [ -68.904752610852881, -33.020336380746315, 0.0 ] ] ] ] } },
{ "type": "Feature", "properties": { "LAYER": "PARCELARIO_BASE_CATASTRO", "MAP_NAME": "1010_2025.dwg", "ccpp1": "1010 2212", "LAYER_2": "PADRONES_2_VISTALBA" }, "geometry": { "type": "MultiPolygon", "coordinates": [ [ [ [ -68.904752610852881, -33.020336380746315, 0.0 ], [ -68.904956323389683, -33.020357990468078, 0.0 ], [ -68.904963703936545, -33.020359209741038, 0.0 ], [ -68.904971222595236, -33.02035939129243, 0.0 ], [ -68.904978673872066, -33.020358531359122, 0.0 ], [ -68.904985857595776, -33.020356653232255, 0.0 ], [ -68.904992576778042, -33.02035380635391, 0.0 ], [ -68.904998650454118, -33.02035006903202, 0.0 ], [ -68.905003914758979, -33.020345543031091, 0.0 ], [ -68.905008224001449, -33.02034034996629, 0.0 ], [ -68.905011464577271, -33.020334632215608, 0.0 ], [ -68.905013546417138, -33.020328542995109, 0.0 ], [ -68.905014413686871, -33.020322249071995, 0.0 ], [ -68.905036158682606, -33.020111854678525, 0.0 ], [ -68.904781901540332, -33.020083661286272, 0.0 ], [ -68.904752610852881, -33.020336380746315, 0.0 ] ] ] ] } },
{ "type": "Feature", "properties": { "LAYER": "PARCELARIO_BASE_CATASTRO", "MAP_NAME": "1010_2025.dwg", "ccpp1": "1010 2213", "LAYER_2": "PADRONES_2_VISTALBA" }, "geometry": { "type": "MultiPolygon", "coordinates": [ [ [ [ -68.902431925613854, -33.019868561537187, 0.0 ], [ -68.902862810593675, -33.019895083144682, 0.0 ], [ -68.902871731026096, -33.019781306991888, 0.0 ], [ -68.90244135760544, -33.019754350306833, 0.0 ], [ -68.902431925613854, -33.019868561537187, 0.0 ] ] ] ] } },
{ "type": "Feature", "properties": { "LAYER": "PARCELARIO_BASE_CATASTRO", "MAP_NAME": "1010_2025.dwg", "ccpp1": "1010 2214", "LAYER_2": "PADRONES_2_VISTALBA" }, "geometry": { "type": "MultiPolygon", "coordinates": [ [ [ [ -68.902422509864536, -33.019982579819271, 0.0 ], [ -68.902853853224826, -33.020009336251285, 0.0 ], [ -68.902862810593675, -33.019895083144682, 0.0 ], [ -68.902431925613854, -33.019868561537187, 0.0 ], [ -68.902422509864536, -33.019982579819271, 0.0 ] ] ] ] } },
{ "type": "Feature", "properties": { "LAYER": "PARCELARIO_BASE_CATASTRO", "MAP_NAME": "1010_2025.dwg", "ccpp1": "1010 2215", "LAYER_2": "PADRONES_2_VISTALBA" }, "geometry": { "type": "MultiPolygon", "coordinates": [ [ [ [ -68.902413077821578, -33.020096792847312, 0.0 ], [ -68.902844918631104, -33.020123295427304, 0.0 ], [ -68.902853853224826, -33.020009336251285, 0.0 ], [ -68.902422509864536, -33.019982579819271, 0.0 ], [ -68.902413077821578, -33.020096792847312, 0.0 ] ] ] ] } },
{ "type": "Feature", "properties": { "LAYER": "PARCELARIO_BASE_CATASTRO", "MAP_NAME": "1010_2025.dwg", "ccpp1": "1010 2216", "LAYER_2": "PADRONES_2_VISTALBA" }, "geometry": { "type": "MultiPolygon", "coordinates": [ [ [ [ -68.902403960345382, -33.0202071893343, 0.0 ], [ -68.902836251033946, -33.020233857302479, 0.0 ], [ -68.902844918631104, -33.020123295427304, 0.0 ], [ -68.902413077821578, -33.020096792847312, 0.0 ], [ -68.902403960345382, -33.0202071893343, 0.0 ] ] ] ] } },
{ "type": "Feature", "properties": { "LAYER": "PARCELARIO_BASE_CATASTRO", "MAP_NAME": "1010_2025.dwg", "ccpp1": "1010 2217", "LAYER_2": "PADRONES_2_VISTALBA" }, "geometry": { "type": "MultiPolygon", "coordinates": [ [ [ [ -68.902393867624284, -33.020329404192708, 0.0 ], [ -68.902800987736882, -33.020353026579073, 0.0 ], [ -68.902800560468592, -33.020348349265653, 0.0 ], [ -68.902801044864162, -33.020329252197271, 0.0 ], [ -68.902803712320917, -33.020310472414721, 0.0 ], [ -68.902808588734388, -33.020291818783235, 0.0 ], [ -68.902815612694567, -33.020273657334194, 0.0 ], [ -68.902824714438083, -33.020256163839278, 0.0 ], [ -68.902835808156169, -33.020239505942527, 0.0 ], [ -68.902836251033946, -33.020233857302479, 0.0 ], [ -68.902403960345382, -33.0202071893343, 0.0 ], [ -68.902393867624284, -33.020329404192708, 0.0 ] ] ] ] } },
{ "type": "Feature", "properties": { "LAYER": "PARCELARIO_BASE_CATASTRO", "MAP_NAME": "1010_2025.dwg", "ccpp1": "1010 2218", "LAYER_2": "PADRONES_2_VISTALBA" }, "geometry": { "type": "MultiPolygon", "coordinates": [ [ [ [ -68.902384398623255, -33.020444064413319, 0.0 ], [ -68.902823555590174, -33.020473459046599, 0.0 ], [ -68.902826879028396, -33.020433318227226, 0.0 ], [ -68.902820590156708, -33.020422393162391, 0.0 ], [ -68.902812361952158, -33.020404594933112, 0.0 ], [ -68.902806246105428, -33.02038620144036, 0.0 ], [ -68.902802300213622, -33.020367393064106, 0.0 ], [ -68.902800987736882, -33.020353026579073, 0.0 ], [ -68.902393867624284, -33.020329404192708, 0.0 ], [ -68.902384398623255, -33.020444064413319, 0.0 ] ] ] ] } },
{ "type": "Feature", "properties": { "LAYER": "PARCELARIO_BASE_CATASTRO", "MAP_NAME": "1010_2025.dwg", "ccpp1": "1010 2219", "LAYER_2": "PADRONES_2_VISTALBA" }, "geometry": { "type": "MultiPolygon", "coordinates": [ [ [ [ -68.902374971903555, -33.020558212513549, 0.0 ], [ -68.902814131931819, -33.020587280776667, 0.0 ], [ -68.902823555590174, -33.020473459046599, 0.0 ], [ -68.902384398623255, -33.020444064413319, 0.0 ], [ -68.902374971903555, -33.020558212513549, 0.0 ] ] ] ] } },
{ "type": "Feature", "properties": { "LAYER": "PARCELARIO_BASE_CATASTRO", "MAP_NAME": "1010_2025.dwg", "ccpp1": "1010 2220", "LAYER_2": "PADRONES_2_VISTALBA" }, "geometry": { "type": "MultiPolygon", "coordinates": [ [ [ [ -68.90236553215351, -33.020672507573565, 0.0 ], [ -68.902804753809093, -33.020700548911861, 0.0 ], [ -68.902814131931819, -33.020587280776667, 0.0 ], [ -68.902374971903555, -33.020558212513549, 0.0 ], [ -68.90236553215351, -33.020672507573565, 0.0 ] ] ] ] } },
{ "type": "Feature", "properties": { "LAYER": "PARCELARIO_BASE_CATASTRO", "MAP_NAME": "1010_2025.dwg", "ccpp1": "1010 2221", "LAYER_2": "PADRONES_2_VISTALBA" }, "geometry": { "type": "MultiPolygon", "coordinates": [ [ [ [ -68.902356108640049, -33.020786615095346, 0.0 ], [ -68.90279527696012, -33.020815005372995, 0.0 ], [ -68.902804753809093, -33.020700548911861, 0.0 ], [ -68.90236553215351, -33.020672507573565, 0.0 ], [ -68.902356108640049, -33.020786615095346, 0.0 ] ] ] ] } },
{ "type": "Feature", "properties": { "LAYER": "PARCELARIO_BASE_CATASTRO", "MAP_NAME": "1010_2025.dwg", "ccpp1": "1010 2222", "LAYER_2": "PADRONES_2_VISTALBA" }, "geometry": { "type": "MultiPolygon", "coordinates": [ [ [ [ -68.902341842624423, -33.02095934292803, 0.0 ], [ -68.902781062176217, -33.020986689158072, 0.0 ], [ -68.90279527696012, -33.020815005372995, 0.0 ], [ -68.902356108640049, -33.020786615095346, 0.0 ], [ -68.902341842624423, -33.02095934292803, 0.0 ] ] ] ] } },
{ "type": "Feature", "properties": { "LAYER": "PARCELARIO_BASE_CATASTRO", "MAP_NAME": "1010_2025.dwg", "ccpp1": "1010 2228", "LAYER_2": "PADRONES_2_VISTALBA" }, "geometry": { "type": "MultiPolygon", "coordinates": [ [ [ [ -68.905856326980725, -33.022888978956267, 0.0 ], [ -68.905908194638883, -33.022467337958986, 0.0 ], [ -68.905653165962903, -33.022441418881634, 0.0 ], [ -68.905601302505147, -33.022863015594631, 0.0 ], [ -68.905856326980725, -33.022888978956267, 0.0 ] ] ] ] } },
{ "type": "Feature", "properties": { "LAYER": "PARCELARIO_BASE_CATASTRO", "MAP_NAME": "1010_2025.dwg", "ccpp1": "1010 2227", "LAYER_2": "PADRONES_2_VISTALBA" }, "geometry": { "type": "MultiPolygon", "coordinates": [ [ [ [ -68.906058221865209, -33.022909533253191, 0.0 ], [ -68.906110092893286, -33.022487857009686, 0.0 ], [ -68.905908194638883, -33.022467337958986, 0.0 ], [ -68.905856326980725, -33.022888978956267, 0.0 ], [ -68.906058221865209, -33.022909533253191, 0.0 ] ] ] ] } },
{ "type": "Feature", "properties": { "LAYER": "PARCELARIO_BASE_CATASTRO", "MAP_NAME": "1010_2025.dwg", "ccpp1": "1010 2224", "LAYER_2": "PADRONES_2_VISTALBA" }, "geometry": { "type": "MultiPolygon", "coordinates": [ [ [ [ -68.906610774065726, -33.022965784972186, 0.0 ], [ -68.906662656512239, -33.022544012931313, 0.0 ], [ -68.906460757999596, -33.022523494774248, 0.0 ], [ -68.906429860995942, -33.02277466786127, 0.0 ], [ -68.906408879992895, -33.022945231569693, 0.0 ], [ -68.906610774065726, -33.022965784972186, 0.0 ] ] ] ] } },
{ "type": "Feature", "properties": { "LAYER": "PARCELARIO_BASE_CATASTRO", "MAP_NAME": "1010_2025.dwg", "ccpp1": "1010 2223", "LAYER_2": "PADRONES_2_VISTALBA" }, "geometry": { "type": "MultiPolygon", "coordinates": [ [ [ [ -68.906812668233044, -33.022986338048163, 0.0 ], [ -68.906864554048923, -33.022564530761038, 0.0 ], [ -68.906662656512239, -33.022544012931313, 0.0 ], [ -68.906610774065726, -33.022965784972186, 0.0 ], [ -68.906812668233044, -33.022986338048163, 0.0 ] ] ] ] } },
{ "type": "Feature", "properties": { "LAYER": "PARCELARIO_BASE_CATASTRO", "MAP_NAME": "1010_2025.dwg", "ccpp1": "1010 2225", "LAYER_2": "PADRONES_2_VISTALBA" }, "geometry": { "type": "MultiPolygon", "coordinates": [ [ [ [ -68.906429860995942, -33.02277466786127, 0.0 ], [ -68.906460757999596, -33.022523494774248, 0.0 ], [ -68.906173849580469, -33.022494336594107, 0.0 ], [ -68.906142959318544, -33.022745460023472, 0.0 ], [ -68.906429860995942, -33.02277466786127, 0.0 ] ] ] ] } },
{ "type": "Feature", "properties": { "LAYER": "PARCELARIO_BASE_CATASTRO", "MAP_NAME": "1010_2025.dwg", "ccpp1": "1010 2226", "LAYER_2": "PADRONES_2_VISTALBA" }, "geometry": { "type": "MultiPolygon", "coordinates": [ [ [ [ -68.906408879992895, -33.022945231569693, 0.0 ], [ -68.906429860995942, -33.02277466786127, 0.0 ], [ -68.906142959318544, -33.022745460023472, 0.0 ], [ -68.906173849580469, -33.022494336594107, 0.0 ], [ -68.906110092893286, -33.022487857009686, 0.0 ], [ -68.906058221865209, -33.022909533253191, 0.0 ], [ -68.906408879992895, -33.022945231569693, 0.0 ] ] ] ] } },
{ "type": "Feature", "properties": { "LAYER": "PARCELARIO_BASE_CATASTRO", "MAP_NAME": "1010_2025.dwg", "ccpp1": "1010 2012", "LAYER_2": "PADRONES_2_VISTALBA" }, "geometry": { "type": "MultiPolygon", "coordinates": [ [ [ [ -68.896803046193398, -32.996753734046592, 0.0 ], [ -68.89685008184729, -32.99695408871338, 0.0 ], [ -68.897462801311349, -32.996929009174799, 0.0 ], [ -68.897459579989331, -32.996679728035026, 0.0 ], [ -68.897863751262861, -32.996668511633224, 0.0 ], [ -68.897844178189629, -32.996546850306189, 0.0 ], [ -68.89748747987565, -32.9965628079593, 0.0 ], [ -68.897360132604362, -32.99669110392751, 0.0 ], [ -68.896803046193398, -32.996753734046592, 0.0 ] ] ] ] } },
{ "type": "Feature", "properties": { "LAYER": "PARCELARIO_BASE_CATASTRO", "MAP_NAME": "1010_2025.dwg", "ccpp1": "1010 1954", "LAYER_2": "PADRONES_2_VISTALBA" }, "geometry": { "type": "MultiPolygon", "coordinates": [ [ [ [ -68.9052154011586, -33.022215296461766, 0.0 ], [ -68.90588529066352, -33.022282088143172, 0.0 ], [ -68.90603567262211, -33.021151604028987, 0.0 ], [ -68.907777723615354, -33.021331528578635, 0.0 ], [ -68.907749162373307, -33.021527796367636, 0.0 ], [ -68.908714015878559, -33.021627438341874, 0.0 ], [ -68.908738037531919, -33.021341213364749, 0.0 ], [ -68.906584933881362, -33.02109562022337, 0.0 ], [ -68.905400483655995, -33.020970375618354, 0.0 ], [ -68.9052154011586, -33.022215296461766, 0.0 ] ] ] ] } },
{ "type": "Feature", "properties": { "LAYER": "PARCELARIO_BASE_CATASTRO", "MAP_NAME": "1010_2025.dwg", "ccpp1": "1010 1890", "LAYER_2": "PADRONES_2_VISTALBA" }, "geometry": { "type": "MultiPolygon", "coordinates": [ [ [ [ -68.90906817784537, -33.01007722529539, 0.0 ], [ -68.909761916317478, -33.010132370250183, 0.0 ], [ -68.909766988909652, -33.009944291703334, 0.0 ], [ -68.909083094494719, -33.009899375336083, 0.0 ], [ -68.90906817784537, -33.01007722529539, 0.0 ] ] ] ] } },
{ "type": "Feature", "properties": { "LAYER": "PARCELARIO_BASE_CATASTRO", "MAP_NAME": "1010_2025.dwg", "ccpp1": "1010 2250", "LAYER_2": "PADRONES_2_VISTALBA" }, "geometry": { "type": "MultiPolygon", "coordinates": [ [ [ [ -68.903864620530271, -33.02216221914032, 0.0 ], [ -68.90221533552122, -33.021993846441802, 0.0 ], [ -68.902153725506693, -33.023176662838139, 0.0 ], [ -68.903822292014993, -33.023234173118269, 0.0 ], [ -68.903864620530271, -33.02216221914032, 0.0 ] ] ] ] } },
{ "type": "Feature", "properties": { "LAYER": "PARCELARIO_BASE_CATASTRO", "MAP_NAME": "1010_2025.dwg", "ccpp1": "1010 2252", "LAYER_2": "PADRONES_2_VISTALBA" }, "geometry": { "type": "MultiPolygon", "coordinates": [ [ [ [ -68.903347996656734, -33.023217827914337, 0.0 ], [ -68.903092615795543, -33.023209026209962, 0.0 ], [ -68.903084228349044, -33.023422820727461, 0.0 ], [ -68.903125839161802, -33.02342274397752, 0.0 ], [ -68.903084233239952, -33.024352981656335, 0.0 ], [ -68.903054787439871, -33.024375711844975, 0.0 ], [ -68.903053700478623, -33.024409234953779, 0.0 ], [ -68.903285176988803, -33.024416153406804, 0.0 ], [ -68.903287614875936, -33.024378228767112, 0.0 ], [ -68.90325520045586, -33.024353114309882, 0.0 ], [ -68.903291908987242, -33.023427061846469, 0.0 ], [ -68.903338526066847, -33.023428548726208, 0.0 ], [ -68.903347996656734, -33.023217827914337, 0.0 ] ] ] ] } },
{ "type": "Feature", "properties": { "LAYER": "PARCELARIO_BASE_CATASTRO", "MAP_NAME": "1010_2025.dwg", "ccpp1": "1010 2257", "LAYER_2": "PADRONES_2_VISTALBA" }, "geometry": { "type": "MultiPolygon", "coordinates": [ [ [ [ -68.905950441523359, -33.033427969047821, 0.0 ], [ -68.905477875326795, -33.033452578302892, 0.0 ], [ -68.905620017513982, -33.033660417333039, 0.0 ], [ -68.906087645995854, -33.033638121964735, 0.0 ], [ -68.905994964888862, -33.033496151448951, 0.0 ], [ -68.905950441523359, -33.033427969047821, 0.0 ] ] ] ] } },
{ "type": "Feature", "properties": { "LAYER": "PARCELARIO_BASE_CATASTRO", "MAP_NAME": "1010_2025.dwg", "ccpp1": "1010 2258", "LAYER_2": "PADRONES_2_VISTALBA" }, "geometry": { "type": "MultiPolygon", "coordinates": [ [ [ [ -68.906087645995854, -33.033638121964735, 0.0 ], [ -68.905620017513982, -33.033660417333039, 0.0 ], [ -68.905764558685732, -33.033871762965504, 0.0 ], [ -68.906232055858453, -33.033847138848373, 0.0 ], [ -68.906134468215512, -33.033709831053073, 0.0 ], [ -68.906087645995854, -33.033638121964735, 0.0 ] ] ] ] } },
{ "type": "Feature", "properties": { "LAYER": "PARCELARIO_BASE_CATASTRO", "MAP_NAME": "1010_2025.dwg", "ccpp1": "1010 2232", "LAYER_2": "PADRONES_2_VISTALBA" }, "geometry": { "type": "MultiPolygon", "coordinates": [ [ [ [ -68.904369577769174, -33.03586537835708, 0.0 ], [ -68.90453604181458, -33.035854165069644, 0.0 ], [ -68.904702492043796, -33.03584295248794, 0.0 ], [ -68.90399257275223, -33.034812378693267, 0.0 ], [ -68.903953553563468, -33.034831353102462, 0.0 ], [ -68.903731935212619, -33.034940033796083, 0.0 ], [ -68.904369577769174, -33.03586537835708, 0.0 ] ] ] ] } },
{ "type": "Feature", "properties": { "LAYER": "PARCELARIO_BASE_CATASTRO", "MAP_NAME": "1010_2025.dwg", "ccpp1": "1919 244", "LAYER_2": "PADRONES_2_VISTALBA" }, "geometry": { "type": "MultiPolygon", "coordinates": [ [ [ [ -68.903397564307724, -33.034454786884091, 0.0 ], [ -68.903507902470679, -33.034614826024352, 0.0 ], [ -68.904166773411873, -33.03429253291101, 0.0 ], [ -68.903914075083662, -33.033921868030085, 0.0 ], [ -68.903867639017477, -33.033853759463746, 0.0 ], [ -68.90301258631591, -33.033896163422114, 0.0 ], [ -68.903397564307724, -33.034454786884091, 0.0 ] ] ] ] } },
{ "type": "Feature", "properties": { "LAYER": "PARCELARIO_BASE_CATASTRO", "MAP_NAME": "1010_2025.dwg", "ccpp1": "1010 2016", "LAYER_2": "PADRONES_2_VISTALBA" }, "geometry": { "type": "MultiPolygon", "coordinates": [ [ [ [ -68.902884241047332, -33.028326616076896, 0.0 ], [ -68.902323745452648, -33.028363507857009, 0.0 ], [ -68.902329690038002, -33.028408505961323, 0.0 ], [ -68.902882628530605, -33.028371967139599, 0.0 ], [ -68.902884241047332, -33.028326616076896, 0.0 ] ] ] ] } },
{ "type": "Feature", "properties": { "LAYER": "PARCELARIO_BASE_CATASTRO", "MAP_NAME": "1010_2025.dwg", "ccpp1": "1010 2015", "LAYER_2": "PADRONES_2_VISTALBA" }, "geometry": { "type": "MultiPolygon", "coordinates": [ [ [ [ -68.902154765610376, -33.026974980199682, 0.0 ], [ -68.902040547655631, -33.026982644977245, 0.0 ], [ -68.902398048670136, -33.029804077618174, 0.0 ], [ -68.902504670702939, -33.02979604591745, 0.0 ], [ -68.902453180942473, -33.029409999809786, 0.0 ], [ -68.902441776397154, -33.029324877543843, 0.0 ], [ -68.902435663270737, -33.029279243640687, 0.0 ], [ -68.902445939866382, -33.029278620504357, 0.0 ], [ -68.902411519064472, -33.029020987628328, 0.0 ], [ -68.90238232704246, -33.028802489597943, 0.0 ], [ -68.902356581232254, -33.028609787488918, 0.0 ], [ -68.902331812828606, -33.028424827892636, 0.0 ], [ -68.902329690038002, -33.028408505961323, 0.0 ], [ -68.902323745452648, -33.028363507857009, 0.0 ], [ -68.902204844446416, -33.027473103366013, 0.0 ], [ -68.902200609712423, -33.027430721439458, 0.0 ], [ -68.902191398258537, -33.027339374794117, 0.0 ], [ -68.902154765610376, -33.026974980199682, 0.0 ] ] ] ] } },
{ "type": "Feature", "properties": { "LAYER": "PARCELARIO_BASE_CATASTRO", "MAP_NAME": "1010_2025.dwg", "ccpp1": "1010 2247", "LAYER_2": "PADRONES_2_VISTALBA" }, "geometry": { "type": "MultiPolygon", "coordinates": [ [ [ [ -68.894640801636342, -33.002676916161704, 0.0 ], [ -68.894434237350325, -33.002669269456312, 0.0 ], [ -68.894237727474945, -33.003117129688441, 0.0 ], [ -68.894487672131888, -33.003124981090387, 0.0 ], [ -68.894643967831954, -33.003129889968974, 0.0 ], [ -68.894640801636342, -33.002676916161704, 0.0 ] ] ] ] } },
{ "type": "Feature", "properties": { "LAYER": "PARCELARIO_BASE_CATASTRO", "MAP_NAME": "1010_2025.dwg", "ccpp1": "1010 2248", "LAYER_2": "PADRONES_2_VISTALBA" }, "geometry": { "type": "MultiPolygon", "coordinates": [ [ [ [ -68.900223664445548, -33.001614213222119, 0.0 ], [ -68.900163943405943, -33.001887698764072, 0.0 ], [ -68.900482400834704, -33.001942187141267, 0.0 ], [ -68.900538468253586, -33.001667969993122, 0.0 ], [ -68.900223664445548, -33.001614213222119, 0.0 ] ] ] ] } },
{ "type": "Feature", "properties": { "LAYER": "PARCELARIO_BASE_CATASTRO", "MAP_NAME": "1010_2025.dwg", "ccpp1": "1010 2249", "LAYER_2": "PADRONES_2_VISTALBA" }, "geometry": { "type": "MultiPolygon", "coordinates": [ [ [ [ -68.893768394519654, -32.996428178102612, 0.0 ], [ -68.893809388883042, -32.996585298615464, 0.0 ], [ -68.894214732452696, -32.996565162931674, 0.0 ], [ -68.894264105727061, -32.996511572112581, 0.0 ], [ -68.894239524426553, -32.996404773812301, 0.0 ], [ -68.893768394519654, -32.996428178102612, 0.0 ] ] ] ] } },
{ "type": "Feature", "properties": { "LAYER": "PARCELARIO_BASE_CATASTRO", "MAP_NAME": "1010_2025.dwg", "ccpp1": "1010 2230", "LAYER_2": "PADRONES_2_VISTALBA" }, "geometry": { "type": "MultiPolygon", "coordinates": [ [ [ [ -68.895309807703455, -33.003985040510145, 0.0 ], [ -68.895320271910023, -33.003687854885143, 0.0 ], [ -68.89516572841157, -33.003683991317878, 0.0 ], [ -68.895123925403468, -33.003716078845827, 0.0 ], [ -68.895114170202973, -33.003980018237925, 0.0 ], [ -68.895249804966355, -33.003983438829948, 0.0 ], [ -68.895309807703455, -33.003985040510145, 0.0 ] ] ] ] } },
{ "type": "Feature", "properties": { "LAYER": "PARCELARIO_BASE_CATASTRO", "MAP_NAME": "1010_2025.dwg", "ccpp1": "1010 2231", "LAYER_2": "PADRONES_2_VISTALBA" }, "geometry": { "type": "MultiPolygon", "coordinates": [ [ [ [ -68.894803202476368, -33.00397424644931, 0.0 ], [ -68.894880635371948, -33.003976380558584, 0.0 ], [ -68.894958068271364, -33.003978514619838, 0.0 ], [ -68.894967902408226, -33.003712179429684, 0.0 ], [ -68.894930554499169, -33.003678111091602, 0.0 ], [ -68.89480184133285, -33.003674892811617, 0.0 ], [ -68.894803202476368, -33.00397424644931, 0.0 ] ] ] ] } },
{ "type": "Feature", "properties": { "LAYER": "PARCELARIO_BASE_CATASTRO", "MAP_NAME": "1010_2025.dwg", "ccpp1": "1010 2245", "LAYER_2": "PADRONES_2_VISTALBA" }, "geometry": { "type": "MultiPolygon", "coordinates": [ [ [ [ -68.907311679469714, -33.023037136634755, 0.0 ], [ -68.907361330568321, -33.022615013700083, 0.0 ], [ -68.906996292852241, -33.022577918766885, 0.0 ], [ -68.906864554048923, -33.022564530761038, 0.0 ], [ -68.906812668233044, -33.022986338048163, 0.0 ], [ -68.907311679469714, -33.023037136634755, 0.0 ] ] ] ] } },
{ "type": "Feature", "properties": { "LAYER": "PARCELARIO_BASE_CATASTRO", "MAP_NAME": "1010_2025.dwg", "ccpp1": "1010 2256", "LAYER_2": "PADRONES_2_VISTALBA" }, "geometry": { "type": "MultiPolygon", "coordinates": [ [ [ [ -68.901147370742535, -33.00226815993657, 0.0 ], [ -68.900650107619157, -33.002249101073133, 0.0 ], [ -68.900649991088557, -33.002260104781975, 0.0 ], [ -68.900643685311252, -33.002442255471777, 0.0 ], [ -68.901096771696203, -33.002449557253094, 0.0 ], [ -68.901157193629643, -33.002401852340256, 0.0 ], [ -68.901147370742535, -33.00226815993657, 0.0 ] ] ] ] } },
{ "type": "Feature", "properties": { "LAYER": "PARCELARIO_BASE_CATASTRO", "MAP_NAME": "1010_2025.dwg", "ccpp1": "1010 2238", "LAYER_2": "PADRONES_2_VISTALBA" }, "geometry": { "type": "MultiPolygon", "coordinates": [ [ [ [ -68.896998069568511, -33.000721529205833, 0.0 ], [ -68.897134087962044, -33.000730483547436, 0.0 ], [ -68.897157696432259, -33.000374620216235, 0.0 ], [ -68.897129437682267, -33.000373162158297, 0.0 ], [ -68.897021519177017, -33.000367593699885, 0.0 ], [ -68.896998069568511, -33.000721529205833, 0.0 ] ] ] ] } },
{ "type": "Feature", "properties": { "LAYER": "PARCELARIO_BASE_CATASTRO", "MAP_NAME": "1010_2025.dwg", "ccpp1": "1010 41", "LAYER_2": "PADRONES_2_VISTALBA" }, "geometry": { "type": "MultiPolygon", "coordinates": [ [ [ [ -68.89491328429699, -32.998624052235058, 0.0 ], [ -68.8946368508809, -32.998632247219078, 0.0 ], [ -68.894642920760191, -32.998679436175593, 0.0 ], [ -68.89466963243828, -32.998919612152612, 0.0 ], [ -68.894936932328093, -32.998915497613048, 0.0 ], [ -68.89491328429699, -32.998624052235058, 0.0 ] ] ] ] } },
{ "type": "Feature", "properties": { "LAYER": "PARCELARIO_BASE_CATASTRO", "MAP_NAME": "1010_2025.dwg", "ccpp1": "1010 2177", "LAYER_2": "PADRONES_2_VISTALBA" }, "geometry": { "type": "MultiPolygon", "coordinates": [ [ [ [ -68.907114224203482, -33.024867413204248, 0.0 ], [ -68.907101525473252, -33.02515112775756, 0.0 ], [ -68.907100399846968, -33.025176267041466, 0.0 ], [ -68.907207446775971, -33.025174806045449, 0.0 ], [ -68.907211531693861, -33.025084493017005, 0.0 ], [ -68.90737207396289, -33.02508293516884, 0.0 ], [ -68.907470513411496, -33.024954019376274, 0.0 ], [ -68.907631056510624, -33.024952461195234, 0.0 ], [ -68.907635131140196, -33.024862358963361, 0.0 ], [ -68.907114224203482, -33.024867413204248, 0.0 ] ] ] ] } },
{ "type": "Feature", "properties": { "LAYER": "PARCELARIO_BASE_CATASTRO", "MAP_NAME": "1010_2025.dwg", "ccpp1": "1010 2271", "LAYER_2": "PADRONES_2_VISTALBA" }, "geometry": { "type": "MultiPolygon", "coordinates": [ [ [ [ -68.902940093509443, -33.019523636900786, 0.0 ], [ -68.903002648525757, -33.019008537506899, 0.0 ], [ -68.902921453181335, -33.019001392533021, 0.0 ], [ -68.902918789671148, -33.019028349604277, 0.0 ], [ -68.902754280053955, -33.019016820765152, 0.0 ], [ -68.902695828981933, -33.019498114373256, 0.0 ], [ -68.902940093509443, -33.019523636900786, 0.0 ] ] ] ] } },
{ "type": "Feature", "properties": { "LAYER": "PARCELARIO_BASE_CATASTRO", "MAP_NAME": "1010_2025.dwg", "ccpp1": "1010 2273", "LAYER_2": "PADRONES_2_VISTALBA" }, "geometry": { "type": "MultiPolygon", "coordinates": [ [ [ [ -68.903204246523558, -33.019551976824246, 0.0 ], [ -68.903233644068322, -33.019309902939099, 0.0 ], [ -68.90301145806032, -33.019290351499976, 0.0 ], [ -68.903045227141234, -33.019012284299031, 0.0 ], [ -68.903002648525757, -33.019008537506899, 0.0 ], [ -68.902940093509443, -33.019523636900786, 0.0 ], [ -68.903204246523558, -33.019551976824246, 0.0 ] ] ] ] } },
{ "type": "Feature", "properties": { "LAYER": "PARCELARIO_BASE_CATASTRO", "MAP_NAME": "1010_2025.dwg", "ccpp1": "1010 2272", "LAYER_2": "PADRONES_2_VISTALBA" }, "geometry": { "type": "MultiPolygon", "coordinates": [ [ [ [ -68.903233644068322, -33.019309902939099, 0.0 ], [ -68.903267412459542, -33.019031835677644, 0.0 ], [ -68.903045227141945, -33.019012284293147, 0.0 ], [ -68.90301145806032, -33.019290351499976, 0.0 ], [ -68.903233644068322, -33.019309902939099, 0.0 ] ] ] ] } },
{ "type": "Feature", "properties": { "LAYER": "PARCELARIO_BASE_CATASTRO", "MAP_NAME": "1010_2025.dwg", "ccpp1": "1010 2279", "LAYER_2": "PADRONES_2_VISTALBA" }, "geometry": { "type": "MultiPolygon", "coordinates": [ [ [ [ -68.895114170202973, -33.003980018237925, 0.0 ], [ -68.895106875322796, -33.004177389451442, 0.0 ], [ -68.895475141035192, -33.00418684306387, 0.0 ], [ -68.895482435096184, -33.003989471827495, 0.0 ], [ -68.895114170202973, -33.003980018237925, 0.0 ] ] ] ] } },
{ "type": "Feature", "properties": { "LAYER": "PARCELARIO_BASE_CATASTRO", "MAP_NAME": "1010_2025.dwg", "ccpp1": "1010 2279", "LAYER_2": "PADRONES_2_VISTALBA" }, "geometry": { "type": "MultiPolygon", "coordinates": [ [ [ [ -68.895482434537897, -33.003989486868853, 0.0 ], [ -68.895309807740304, -33.003985040511083, 0.0 ], [ -68.895114170202973, -33.003980018237925, 0.0 ], [ -68.895107045293443, -33.004177393807673, 0.0 ], [ -68.895475141617851, -33.004186827297715, 0.0 ], [ -68.895482434537897, -33.003989486868853, 0.0 ] ] ] ] } },
{ "type": "Feature", "properties": { "LAYER": "PARCELARIO_BASE_CATASTRO", "MAP_NAME": "1010_2025.dwg", "ccpp1": "1010 2280", "LAYER_2": "PADRONES_2_VISTALBA" }, "geometry": { "type": "MultiPolygon", "coordinates": [ [ [ [ -68.895467847523122, -33.004384198527333, 0.0 ], [ -68.895475141035192, -33.00418684306387, 0.0 ], [ -68.895106875322796, -33.004177389451442, 0.0 ], [ -68.895099580408882, -33.00437476065818, 0.0 ], [ -68.895467847523122, -33.004384198527333, 0.0 ] ] ] ] } },
{ "type": "Feature", "properties": { "LAYER": "PARCELARIO_BASE_CATASTRO", "MAP_NAME": "1010_2025.dwg", "ccpp1": "1010 2280", "LAYER_2": "PADRONES_2_VISTALBA" }, "geometry": { "type": "MultiPolygon", "coordinates": [ [ [ [ -68.895475143840741, -33.004186767147814, 0.0 ], [ -68.895107045293173, -33.004177393814935, 0.0 ], [ -68.895099370341669, -33.004374755274313, 0.0 ], [ -68.895467847523122, -33.004384198527333, 0.0 ], [ -68.895475143840741, -33.004186767147814, 0.0 ] ] ] ] } },
{ "type": "Feature", "properties": { "LAYER": "PARCELARIO_BASE_CATASTRO", "MAP_NAME": "1010_2025.dwg", "ccpp1": "1010 2281", "LAYER_2": "PADRONES_2_VISTALBA" }, "geometry": { "type": "MultiPolygon", "coordinates": [ [ [ [ -68.89462262316664, -33.004359864060881, 0.0 ], [ -68.894606304180982, -33.004637436476024, 0.0 ], [ -68.89493332729181, -33.004647601341048, 0.0 ], [ -68.894943613266449, -33.004369318794275, 0.0 ], [ -68.89462262316664, -33.004359864060881, 0.0 ] ] ] ] } },
{ "type": "Feature", "properties": { "LAYER": "PARCELARIO_BASE_CATASTRO", "MAP_NAME": "1010_2025.dwg", "ccpp1": "1010 2282", "LAYER_2": "PADRONES_2_VISTALBA" }, "geometry": { "type": "MultiPolygon", "coordinates": [ [ [ [ -68.894958068271364, -33.003978514619838, 0.0 ], [ -68.894803202476368, -33.00397424644931, 0.0 ], [ -68.894577803138176, -33.003968610437475, 0.0 ], [ -68.894562634585114, -33.004162257308195, 0.0 ], [ -68.89495084404723, -33.004173692087747, 0.0 ], [ -68.894958068271364, -33.003978514619838, 0.0 ] ] ] ] } },
{ "type": "Feature", "properties": { "LAYER": "PARCELARIO_BASE_CATASTRO", "MAP_NAME": "1010_2025.dwg", "ccpp1": "1010 2283", "LAYER_2": "PADRONES_2_VISTALBA" }, "geometry": { "type": "MultiPolygon", "coordinates": [ [ [ [ -68.894562634585114, -33.004162257308195, 0.0 ], [ -68.894547329510857, -33.004357646173489, 0.0 ], [ -68.894943613266449, -33.004369318794275, 0.0 ], [ -68.89495084404723, -33.004173692087747, 0.0 ], [ -68.894562634585114, -33.004162257308195, 0.0 ] ] ] ] } },
{ "type": "Feature", "properties": { "LAYER": "PARCELARIO_BASE_CATASTRO", "MAP_NAME": "1010_2025.dwg", "ccpp1": "1010 2284", "LAYER_2": "PADRONES_2_VISTALBA" }, "geometry": { "type": "MultiPolygon", "coordinates": [ [ [ [ -68.894267977352897, -33.00542210646357, 0.0 ], [ -68.894288120965129, -33.005079505584689, 0.0 ], [ -68.894059167113681, -33.005072760702411, 0.0 ], [ -68.893930831847186, -33.005068979816393, 0.0 ], [ -68.893908291689414, -33.005410296258738, 0.0 ], [ -68.894267977352897, -33.00542210646357, 0.0 ] ] ] ] } },
{ "type": "Feature", "properties": { "LAYER": "PARCELARIO_BASE_CATASTRO", "MAP_NAME": "1010_2025.dwg", "ccpp1": "1010 2285", "LAYER_2": "PADRONES_2_VISTALBA" }, "geometry": { "type": "MultiPolygon", "coordinates": [ [ [ [ -68.894073981960133, -33.004848419108157, 0.0 ], [ -68.894059167113681, -33.005072760702419, 0.0 ], [ -68.894288120965129, -33.005079505584689, 0.0 ], [ -68.894268828622913, -33.005421414963834, 0.0 ], [ -68.895378924989259, -33.005458576874439, 0.0 ], [ -68.89542142923878, -33.004813147907562, 0.0 ], [ -68.894927911644515, -33.004794118576434, 0.0 ], [ -68.89493332729181, -33.004647601341048, 0.0 ], [ -68.894606305493596, -33.004637414149599, 0.0 ], [ -68.89462262316664, -33.004359864060881, 0.0 ], [ -68.894547329510857, -33.004357646173489, 0.0 ], [ -68.894545940740826, -33.004375375556933, 0.0 ], [ -68.89434201838769, -33.004372993933572, 0.0 ], [ -68.894320451823518, -33.004631281093353, 0.0 ], [ -68.894088796729989, -33.004624077503919, 0.0 ], [ -68.894076011289499, -33.004817688831224, 0.0 ], [ -68.894073981960133, -33.004848419108157, 0.0 ] ] ] ] } },
{ "type": "Feature", "properties": { "LAYER": "PARCELARIO_BASE_CATASTRO", "MAP_NAME": "1010_2025.dwg", "ccpp1": "1010 2246", "LAYER_2": "PADRONES_2_VISTALBA" }, "geometry": { "type": "MultiPolygon", "coordinates": [ [ [ [ -68.900409939072119, -32.9972603508944, 0.0 ], [ -68.900253714408151, -32.997531941984377, 0.0 ], [ -68.900182212711272, -32.997673103656027, 0.0 ], [ -68.900191148853864, -32.997673733858917, 0.0 ], [ -68.900339444338755, -32.997684565146002, 0.0 ], [ -68.900520607320558, -32.997379267508315, 0.0 ], [ -68.900409939072119, -32.9972603508944, 0.0 ] ] ] ] } },
{ "type": "Feature", "properties": { "LAYER": "PARCELARIO_BASE_CATASTRO", "MAP_NAME": "1010_2025.dwg", "ccpp1": "1010 2260", "LAYER_2": "PADRONES_2_VISTALBA" }, "geometry": { "type": "MultiPolygon", "coordinates": [ [ [ [ -68.897856046205561, -32.995915786220579, 0.0 ], [ -68.897892180334523, -32.996069007094547, 0.0 ], [ -68.898674356918249, -32.996056790928307, 0.0 ], [ -68.898556180809194, -32.995883184353822, 0.0 ], [ -68.897856046205561, -32.995915786220579, 0.0 ] ] ] ] } },
{ "type": "Feature", "properties": { "LAYER": "PARCELARIO_BASE_CATASTRO", "MAP_NAME": "1010_2025.dwg", "ccpp1": "1010 2261", "LAYER_2": "PADRONES_2_VISTALBA" }, "geometry": { "type": "MultiPolygon", "coordinates": [ [ [ [ -68.897892180334523, -32.996069007094547, 0.0 ], [ -68.897928951336482, -32.996224934407707, 0.0 ], [ -68.898775074560433, -32.996204751261445, 0.0 ], [ -68.898674356918249, -32.996056790928307, 0.0 ], [ -68.897892180334523, -32.996069007094547, 0.0 ] ] ] ] } },
{ "type": "Feature", "properties": { "LAYER": "PARCELARIO_BASE_CATASTRO", "MAP_NAME": "1010_2025.dwg", "ccpp1": "1010 2275", "LAYER_2": "PADRONES_2_VISTALBA" }, "geometry": { "type": "MultiPolygon", "coordinates": [ [ [ [ -68.909017011673811, -33.005800244199747, 0.0 ], [ -68.908740004173609, -33.005634863849011, 0.0 ], [ -68.908739764061536, -33.005647727881133, 0.0 ], [ -68.908737121725252, -33.005660398100119, 0.0 ], [ -68.908732144905429, -33.005672559870497, 0.0 ], [ -68.908724955907047, -33.005683910318389, 0.0 ], [ -68.908715735873471, -33.005694164646329, 0.0 ], [ -68.908704714074162, -33.005703066945642, 0.0 ], [ -68.908692166828075, -33.005710396507425, 0.0 ], [ -68.908678404661288, -33.005715968714888, 0.0 ], [ -68.90866377336593, -33.005719645864197, 0.0 ], [ -68.908648637950094, -33.005721335349619, 0.0 ], [ -68.908565690278579, -33.006010006508816, 0.0 ], [ -68.908550106193644, -33.006038887486838, 0.0 ], [ -68.908529420041162, -33.006065396924043, 0.0 ], [ -68.90850412901311, -33.006088899501009, 0.0 ], [ -68.908474837239893, -33.006108833913942, 0.0 ], [ -68.908442246149988, -33.006124721884788, 0.0 ], [ -68.908425872282962, -33.006135447028107, 0.0 ], [ -68.908388302996826, -33.006241863174544, 0.0 ], [ -68.908782244887135, -33.006429397227052, 0.0 ], [ -68.909017011673811, -33.005800244199747, 0.0 ] ] ] ] } },
{ "type": "Feature", "properties": { "LAYER": "PARCELARIO_BASE_CATASTRO", "MAP_NAME": "1010_2025.dwg", "ccpp1": "1010 2269", "LAYER_2": "PADRONES_2_VISTALBA" }, "geometry": { "type": "MultiPolygon", "coordinates": [ [ [ [ -68.903773335406427, -33.000781417533297, 0.0 ], [ -68.903767376907112, -33.000986130164918, 0.0 ], [ -68.903890701282393, -33.000991752594842, 0.0 ], [ -68.903888428317856, -33.001035034257768, 0.0 ], [ -68.903896068111479, -33.001041464488893, 0.0 ], [ -68.903896409458767, -33.001061182368723, 0.0 ], [ -68.903849340211295, -33.001116588301407, 0.0 ], [ -68.903849885114369, -33.001150700523901, 0.0 ], [ -68.903823455911422, -33.001151152193245, 0.0 ], [ -68.903803426727421, -33.001173475855332, 0.0 ], [ -68.903860309190662, -33.001209949732257, 0.0 ], [ -68.903878515971044, -33.001124381526729, 0.0 ], [ -68.903937252458974, -33.001049374695555, 0.0 ], [ -68.903944119318226, -33.000987478248909, 0.0 ], [ -68.904023958463497, -33.000883481659194, 0.0 ], [ -68.903773335406427, -33.000781417533297, 0.0 ] ] ] ] } },
{ "type": "Feature", "properties": { "LAYER": "PARCELARIO_BASE_CATASTRO", "MAP_NAME": "1010_2025.dwg", "ccpp1": "1010 2439", "LAYER_2": "PADRONES_2_VISTALBA" }, "geometry": { "type": "MultiPolygon", "coordinates": [ [ [ [ -68.896941612830744, -32.998547438738477, 0.0 ], [ -68.896756245270566, -32.998545340911505, 0.0 ], [ -68.896673420097727, -32.998962702346468, 0.0 ], [ -68.896858065415685, -32.998958666892804, 0.0 ], [ -68.896941612830744, -32.998547438738477, 0.0 ] ] ] ] } },
{ "type": "Feature", "properties": { "LAYER": "PARCELARIO_BASE_CATASTRO", "MAP_NAME": "1010_2025.dwg", "ccpp1": "1010 2440", "LAYER_2": "PADRONES_2_VISTALBA" }, "geometry": { "type": "MultiPolygon", "coordinates": [ [ [ [ -68.897153264147434, -32.998671013317754, 0.0 ], [ -68.896917052379223, -32.998670043966563, 0.0 ], [ -68.896858065415685, -32.998958666892804, 0.0 ], [ -68.897091514344567, -32.998953564436803, 0.0 ], [ -68.897153264147434, -32.998671013317754, 0.0 ] ] ] ] } },
{ "type": "Feature", "properties": { "LAYER": "PARCELARIO_BASE_CATASTRO", "MAP_NAME": "1010_2025.dwg", "ccpp1": "1010 2441", "LAYER_2": "PADRONES_2_VISTALBA" }, "geometry": { "type": "MultiPolygon", "coordinates": [ [ [ [ -68.897353712150718, -32.998544449215181, 0.0 ], [ -68.897180795840001, -32.99854678315296, 0.0 ], [ -68.897091514344567, -32.998953564436803, 0.0 ], [ -68.897270543716317, -32.998949651124207, 0.0 ], [ -68.897353712150718, -32.998544449215181, 0.0 ] ] ] ] } },
{ "type": "Feature", "properties": { "LAYER": "PARCELARIO_BASE_CATASTRO", "MAP_NAME": "1010_2025.dwg", "ccpp1": "1010 2442", "LAYER_2": "PADRONES_2_VISTALBA" }, "geometry": { "type": "MultiPolygon", "coordinates": [ [ [ [ -68.897413600414239, -32.998252669932938, 0.0 ], [ -68.897158528064381, -32.998255590702456, 0.0 ], [ -68.897106091249498, -32.998520077062267, 0.0 ], [ -68.897133830158751, -32.998547417115731, 0.0 ], [ -68.897353712150718, -32.998544449215181, 0.0 ], [ -68.897413600414239, -32.998252669932938, 0.0 ] ] ] ] } },
{ "type": "Feature", "properties": { "LAYER": "PARCELARIO_BASE_CATASTRO", "MAP_NAME": "1010_2025.dwg", "ccpp1": "1010 2443", "LAYER_2": "PADRONES_2_VISTALBA" }, "geometry": { "type": "MultiPolygon", "coordinates": [ [ [ [ -68.897214253676069, -32.997974093576147, 0.0 ], [ -68.897127107969141, -32.997976010773563, 0.0 ], [ -68.897071504036916, -32.998256885929059, 0.0 ], [ -68.897025577695715, -32.998524508243293, 0.0 ], [ -68.896992942111197, -32.998548019589464, 0.0 ], [ -68.896941612830744, -32.998547438738477, 0.0 ], [ -68.896917052379223, -32.998670043966563, 0.0 ], [ -68.897153264147434, -32.998671013317754, 0.0 ], [ -68.897180795840001, -32.99854678315296, 0.0 ], [ -68.897133830158751, -32.998547417115731, 0.0 ], [ -68.897106091249498, -32.998520077062267, 0.0 ], [ -68.897158528064381, -32.998255590702456, 0.0 ], [ -68.897214253676069, -32.997974093576147, 0.0 ] ] ] ] } },
{ "type": "Feature", "properties": { "LAYER": "PARCELARIO_BASE_CATASTRO", "MAP_NAME": "1010_2025.dwg", "ccpp1": "1010 2445", "LAYER_2": "PADRONES_2_VISTALBA" }, "geometry": { "type": "MultiPolygon", "coordinates": [ [ [ [ -68.905526715682583, -33.006753479379299, 0.0 ], [ -68.905471581319389, -33.006939848668154, 0.0 ], [ -68.905688919170728, -33.006969594326982, 0.0 ], [ -68.905744293729427, -33.006788526352359, 0.0 ], [ -68.905526715682583, -33.006753479379299, 0.0 ] ] ] ] } },
{ "type": "Feature", "properties": { "LAYER": "PARCELARIO_BASE_CATASTRO", "MAP_NAME": "1010_2025.dwg", "ccpp1": "1010 2446", "LAYER_2": "PADRONES_2_VISTALBA" }, "geometry": { "type": "MultiPolygon", "coordinates": [ [ [ [ -68.905316374905041, -33.006719597782116, 0.0 ], [ -68.90524743998094, -33.006936849277587, 0.0 ], [ -68.905463301851157, -33.006967809100793, 0.0 ], [ -68.905471581319389, -33.006939848668154, 0.0 ], [ -68.905526715682583, -33.006753479379299, 0.0 ], [ -68.905316374905041, -33.006719597782116, 0.0 ] ] ] ] } },
{ "type": "Feature", "properties": { "LAYER": "PARCELARIO_BASE_CATASTRO", "MAP_NAME": "1010_2025.dwg", "ccpp1": "1010 2447", "LAYER_2": "PADRONES_2_VISTALBA" }, "geometry": { "type": "MultiPolygon", "coordinates": [ [ [ [ -68.905463301851157, -33.006967809100793, 0.0 ], [ -68.905966576244538, -33.007039989311068, 0.0 ], [ -68.905977019971431, -33.007009064255023, 0.0 ], [ -68.905471581319389, -33.006939848668154, 0.0 ], [ -68.905463301851157, -33.006967809100793, 0.0 ] ] ] ] } },
{ "type": "Feature", "properties": { "LAYER": "PARCELARIO_BASE_CATASTRO", "MAP_NAME": "1010_2025.dwg", "ccpp1": "1010 2438", "LAYER_2": "PADRONES_2_VISTALBA" }, "geometry": { "type": "MultiPolygon", "coordinates": [ [ [ [ -68.900962579458479, -33.000847813306372, 0.0 ], [ -68.900777683354491, -33.001092356198427, 0.0 ], [ -68.900709820504872, -33.001475694094566, 0.0 ], [ -68.90080467591217, -33.00149003131321, 0.0 ], [ -68.900942943696236, -33.001512441357228, 0.0 ], [ -68.901166614083749, -33.0015155806378, 0.0 ], [ -68.901350359141816, -33.001503242260831, 0.0 ], [ -68.901279789974694, -33.001186245463614, 0.0 ], [ -68.901144037677639, -33.000873699984631, 0.0 ], [ -68.901068024212123, -33.000869261230278, 0.0 ], [ -68.900962579458479, -33.000847813306372, 0.0 ] ] ] ] } },
{ "type": "Feature", "properties": { "LAYER": "PARCELARIO_BASE_CATASTRO", "MAP_NAME": "1010_2025.dwg", "ccpp1": "1010 2449", "LAYER_2": "PADRONES_2_VISTALBA" }, "geometry": { "type": "MultiPolygon", "coordinates": [ [ [ [ -68.9032524763781, -33.008067841405278, 0.0 ], [ -68.903000913791615, -33.011668565779992, 0.0 ], [ -68.908858879366704, -33.012217440663854, 0.0 ], [ -68.9089709995785, -33.011211614011941, 0.0 ], [ -68.909648142250731, -33.011246382264027, 0.0 ], [ -68.909666024309487, -33.011081313853026, 0.0 ], [ -68.908961891367369, -33.011032292175372, 0.0 ], [ -68.90906817784537, -33.01007722529539, 0.0 ], [ -68.909083094494719, -33.009899375336083, 0.0 ], [ -68.909097296712702, -33.009725207290884, 0.0 ], [ -68.909098095849004, -33.009702530742906, 0.0 ], [ -68.909172386079618, -33.00902173979766, 0.0 ], [ -68.909178739380394, -33.00896351423259, 0.0 ], [ -68.909019130983594, -33.008941802880685, 0.0 ], [ -68.909038105106148, -33.008777966983743, 0.0 ], [ -68.905143570433864, -33.008298537440233, 0.0 ], [ -68.905030799145294, -33.009137533836601, 0.0 ], [ -68.904985766230922, -33.00916939077328, 0.0 ], [ -68.904073188158833, -33.009071765032822, 0.0 ], [ -68.903430841785024, -33.008971386431085, 0.0 ], [ -68.90339691777497, -33.008936028051572, 0.0 ], [ -68.90358097227201, -33.008104532315272, 0.0 ], [ -68.9032524763781, -33.008067841405278, 0.0 ] ] ] ] } },
{ "type": "Feature", "properties": { "LAYER": "PARCELARIO_BASE_CATASTRO", "MAP_NAME": "1010_2025.dwg", "ccpp1": "1010 2450", "LAYER_2": "PADRONES_2_VISTALBA" }, "geometry": { "type": "MultiPolygon", "coordinates": [ [ [ [ -68.894059167113681, -33.005072760702411, 0.0 ], [ -68.894088796729989, -33.004624077503919, 0.0 ], [ -68.893851531871221, -33.004616699025405, 0.0 ], [ -68.893382612078256, -33.004602115196334, 0.0 ], [ -68.893332801979241, -33.004727010616911, 0.0 ], [ -68.893952344353522, -33.004743222155668, 0.0 ], [ -68.893930831847186, -33.005068979816393, 0.0 ], [ -68.894059167113681, -33.005072760702411, 0.0 ] ] ] ] } },
{ "type": "Feature", "properties": { "LAYER": "PARCELARIO_BASE_CATASTRO", "MAP_NAME": "1010_2025.dwg", "ccpp1": "1010 2461", "LAYER_2": "PADRONES_2_VISTALBA" }, "geometry": { "type": "MultiPolygon", "coordinates": [ [ [ [ -68.900482400834704, -33.001942187141267, 0.0 ], [ -68.900163943405943, -33.001887698764072, 0.0 ], [ -68.90009427979048, -33.002206712976388, 0.0 ], [ -68.900165580930533, -33.002230387487131, 0.0 ], [ -68.900242519371375, -33.002255933722019, 0.0 ], [ -68.900467206989504, -33.002016497607762, 0.0 ], [ -68.900482400834704, -33.001942187141267, 0.0 ] ] ] ] } },
{ "type": "Feature", "properties": { "LAYER": "PARCELARIO_BASE_CATASTRO", "MAP_NAME": "1010_2025.dwg", "ccpp1": "1010 2462", "LAYER_2": "PADRONES_2_VISTALBA" }, "geometry": { "type": "MultiPolygon", "coordinates": [ [ [ [ -68.906244932680536, -33.019258104219723, 0.0 ], [ -68.906186772606176, -33.019287961080337, 0.0 ], [ -68.905996435197068, -33.019271561625686, 0.0 ], [ -68.905966266795275, -33.019691385890269, 0.0 ], [ -68.905764991074278, -33.019681120394729, 0.0 ], [ -68.905751642742217, -33.019825291893014, 0.0 ], [ -68.906184080128298, -33.019871682894156, 0.0 ], [ -68.906244932680536, -33.019258104219723, 0.0 ] ] ] ] } },
{ "type": "Feature", "properties": { "LAYER": "PARCELARIO_BASE_CATASTRO", "MAP_NAME": "1010_2025.dwg", "ccpp1": "1010 2455", "LAYER_2": "PADRONES_2_VISTALBA" }, "geometry": { "type": "MultiPolygon", "coordinates": [ [ [ [ -68.905418670114088, -33.007106926003686, 0.0 ], [ -68.905417550567691, -33.007112835237862, 0.0 ], [ -68.90539107196841, -33.00725259571999, 0.0 ], [ -68.905872473677661, -33.007318636327732, 0.0 ], [ -68.905920740490146, -33.007175713747714, 0.0 ], [ -68.905418670114088, -33.007106926003686, 0.0 ] ] ] ] } },
{ "type": "Feature", "properties": { "LAYER": "PARCELARIO_BASE_CATASTRO", "MAP_NAME": "1010_2025.dwg", "ccpp1": "1010 79", "LAYER_2": "PADRONES_2_VISTALBA" }, "geometry": { "type": "MultiPolygon", "coordinates": [ [ [ [ -68.90596658469984, -33.007039964273979, 0.0 ], [ -68.905446271485545, -33.006965366543916, 0.0 ], [ -68.905418669669274, -33.007106928351519, 0.0 ], [ -68.905920740490146, -33.007175713747714, 0.0 ], [ -68.90596658469984, -33.007039964273979, 0.0 ] ] ] ] } },
{ "type": "Feature", "properties": { "LAYER": "PARCELARIO_BASE_CATASTRO", "MAP_NAME": "1010_2025.dwg", "ccpp1": "1010 2456", "LAYER_2": "PADRONES_2_VISTALBA" }, "geometry": { "type": "MultiPolygon", "coordinates": [ [ [ [ -68.905872473677661, -33.007318636327732, 0.0 ], [ -68.90539107196841, -33.00725259571999, 0.0 ], [ -68.905361698944191, -33.007404600219402, 0.0 ], [ -68.905822097954328, -33.007467803074412, 0.0 ], [ -68.905872473677661, -33.007318636327732, 0.0 ] ] ] ] } },
{ "type": "Feature", "properties": { "LAYER": "PARCELARIO_BASE_CATASTRO", "MAP_NAME": "1010_2025.dwg", "ccpp1": "1010 2457", "LAYER_2": "PADRONES_2_VISTALBA" }, "geometry": { "type": "MultiPolygon", "coordinates": [ [ [ [ -68.905361698944191, -33.007404600219402, 0.0 ], [ -68.905332290613245, -33.007564087619343, 0.0 ], [ -68.905769291126774, -33.007624167957886, 0.0 ], [ -68.905822097954328, -33.007467803074412, 0.0 ], [ -68.905361698944191, -33.007404600219402, 0.0 ] ] ] ] } },
{ "type": "Feature", "properties": { "LAYER": "PARCELARIO_BASE_CATASTRO", "MAP_NAME": "1010_2025.dwg", "ccpp1": "1010 2459", "LAYER_2": "PADRONES_2_VISTALBA" }, "geometry": { "type": "MultiPolygon", "coordinates": [ [ [ [ -68.904578683160054, -33.007456181081068, 0.0 ], [ -68.904551142962944, -33.007594000888211, 0.0 ], [ -68.904827958683853, -33.007629198057167, 0.0 ], [ -68.904849746641702, -33.007490649364122, 0.0 ], [ -68.904578683160054, -33.007456181081068, 0.0 ] ] ] ] } },
{ "type": "Feature", "properties": { "LAYER": "PARCELARIO_BASE_CATASTRO", "MAP_NAME": "1010_2025.dwg", "ccpp1": "1010 2298", "LAYER_2": "PADRONES_2_VISTALBA" }, "geometry": { "type": "MultiPolygon", "coordinates": [ [ [ [ -68.90915041614511, -33.035895682749164, 0.0 ], [ -68.909397021485617, -33.035879407709231, 0.0 ], [ -68.909383734600993, -33.035748763961841, 0.0 ], [ -68.90946134705176, -33.035743038401115, 0.0 ], [ -68.909549171406638, -33.03586947321854, 0.0 ], [ -68.909582958569317, -33.035867129025924, 0.0 ], [ -68.909161856969007, -33.03526232290163, 0.0 ], [ -68.908982102261248, -33.035351312798745, 0.0 ], [ -68.908825319510441, -33.035428759231195, 0.0 ], [ -68.90915041614511, -33.035895682749164, 0.0 ] ] ] ] } },
{ "type": "Feature", "properties": { "LAYER": "PARCELARIO_BASE_CATASTRO", "MAP_NAME": "1010_2025.dwg", "ccpp1": "1010 2437", "LAYER_2": "PADRONES_2_VISTALBA" }, "geometry": { "type": "MultiPolygon", "coordinates": [ [ [ [ -68.909549171406638, -33.03586947321854, 0.0 ], [ -68.90946134705176, -33.035743038401115, 0.0 ], [ -68.909383734600993, -33.035748763961841, 0.0 ], [ -68.909397021485617, -33.035879407709231, 0.0 ], [ -68.909549171406638, -33.03586947321854, 0.0 ] ] ] ] } },
{ "type": "Feature", "properties": { "LAYER": "PARCELARIO_BASE_CATASTRO", "MAP_NAME": "1010_2025.dwg", "ccpp1": "1010 2427", "LAYER_2": "PADRONES_2_VISTALBA" }, "geometry": { "type": "MultiPolygon", "coordinates": [ [ [ [ -68.907692327581614, -33.033058339805976, 0.0 ], [ -68.90790342529499, -33.033362830738085, 0.0 ], [ -68.908070739446742, -33.033282842673209, 0.0 ], [ -68.907841840346222, -33.032951577891467, 0.0 ], [ -68.907697525440526, -33.033022653679531, 0.0 ], [ -68.907692327581614, -33.033058339805976, 0.0 ] ] ] ] } },
{ "type": "Feature", "properties": { "LAYER": "PARCELARIO_BASE_CATASTRO", "MAP_NAME": "1010_2025.dwg", "ccpp1": "1010 2428", "LAYER_2": "PADRONES_2_VISTALBA" }, "geometry": { "type": "MultiPolygon", "coordinates": [ [ [ [ -68.907488662731666, -33.032765659488291, 0.0 ], [ -68.907605488281504, -33.032933081116234, 0.0 ], [ -68.907631694545955, -33.032938717031485, 0.0 ], [ -68.907697525440526, -33.033022653679531, 0.0 ], [ -68.907841840346222, -33.032951577891467, 0.0 ], [ -68.907657389530755, -33.03268463702598, 0.0 ], [ -68.907488662731666, -33.032765659488291, 0.0 ] ] ] ] } },
{ "type": "Feature", "properties": { "LAYER": "PARCELARIO_BASE_CATASTRO", "MAP_NAME": "1010_2025.dwg", "ccpp1": "1010 2429", "LAYER_2": "PADRONES_2_VISTALBA" }, "geometry": { "type": "MultiPolygon", "coordinates": [ [ [ [ -68.907294742217601, -33.032487752125732, 0.0 ], [ -68.907488662731666, -33.032765659488291, 0.0 ], [ -68.907657389530755, -33.03268463702598, 0.0 ], [ -68.907515273002304, -33.032478933380176, 0.0 ], [ -68.907294742217601, -33.032487752125732, 0.0 ] ] ] ] } },
{ "type": "Feature", "properties": { "LAYER": "PARCELARIO_BASE_CATASTRO", "MAP_NAME": "1010_2025.dwg", "ccpp1": "1010 2430", "LAYER_2": "PADRONES_2_VISTALBA" }, "geometry": { "type": "MultiPolygon", "coordinates": [ [ [ [ -68.907231253566948, -33.032490290883509, 0.0 ], [ -68.907915911298275, -33.033473317365178, 0.0 ], [ -68.907929564232276, -33.0333684999027, 0.0 ], [ -68.90790363799772, -33.033363136561775, 0.0 ], [ -68.907692327581614, -33.033058339805976, 0.0 ], [ -68.907697525440526, -33.033022653679531, 0.0 ], [ -68.907631694545955, -33.032938717031485, 0.0 ], [ -68.907605488281504, -33.032933081116234, 0.0 ], [ -68.907294742217601, -33.032487752125732, 0.0 ], [ -68.907231253566948, -33.032490290883509, 0.0 ] ] ] ] } },
{ "type": "Feature", "properties": { "LAYER": "PARCELARIO_BASE_CATASTRO", "MAP_NAME": "1010_2025.dwg", "ccpp1": "1010 2424", "LAYER_2": "PADRONES_2_VISTALBA" }, "geometry": { "type": "MultiPolygon", "coordinates": [ [ [ [ -68.896813563612724, -33.028500079628721, 0.0 ], [ -68.896549759652359, -33.028578753724091, 0.0 ], [ -68.896552403825908, -33.028593016983244, 0.0 ], [ -68.896429214176578, -33.028627093491544, 0.0 ], [ -68.896450659678905, -33.028755312975463, 0.0 ], [ -68.896503068174567, -33.028740274897629, 0.0 ], [ -68.896489256545465, -33.028657434935553, 0.0 ], [ -68.896560585747139, -33.028637530476594, 0.0 ], [ -68.896557629601531, -33.02862505783137, 0.0 ], [ -68.89682164974505, -33.028546787526139, 0.0 ], [ -68.896813563612724, -33.028500079628721, 0.0 ] ] ] ] } },
{ "type": "Feature", "properties": { "LAYER": "PARCELARIO_BASE_CATASTRO", "MAP_NAME": "1010_2025.dwg", "ccpp1": "1010 2425", "LAYER_2": "PADRONES_2_VISTALBA" }, "geometry": { "type": "MultiPolygon", "coordinates": [ [ [ [ -68.89655492291358, -33.029048968337761, 0.0 ], [ -68.896504462104161, -33.029064606911369, 0.0 ], [ -68.896583980761193, -33.029517252573257, 0.0 ], [ -68.896634441814825, -33.029501613969117, 0.0 ], [ -68.89655492291358, -33.029048968337761, 0.0 ] ] ] ] } },
{ "type": "Feature", "properties": { "LAYER": "PARCELARIO_BASE_CATASTRO", "MAP_NAME": "1010_2025.dwg", "ccpp1": "1010 2259", "LAYER_2": "PADRONES_2_VISTALBA" }, "geometry": { "type": "MultiPolygon", "coordinates": [ [ [ [ -68.89682164974505, -33.028546787526139, 0.0 ], [ -68.896557629601531, -33.02862505783137, 0.0 ], [ -68.896560585747139, -33.028637530476594, 0.0 ], [ -68.896489256545465, -33.028657434935553, 0.0 ], [ -68.896503068174567, -33.028740274897629, 0.0 ], [ -68.896450659678905, -33.028755312975463, 0.0 ], [ -68.896504462104161, -33.029064606911369, 0.0 ], [ -68.89655492291358, -33.029048968337761, 0.0 ], [ -68.896634441814825, -33.029501613969117, 0.0 ], [ -68.896970383049847, -33.029402587230109, 0.0 ], [ -68.89682164974505, -33.028546787526139, 0.0 ] ] ] ] } },
{ "type": "Feature", "properties": { "LAYER": "PARCELARIO_BASE_CATASTRO", "MAP_NAME": "1010_2025.dwg", "ccpp1": "1010 2266", "LAYER_2": "PADRONES_2_VISTALBA" }, "geometry": { "type": "MultiPolygon", "coordinates": [ [ [ [ -68.906783918393529, -33.032058228008232, 0.0 ], [ -68.906615847878825, -33.032066912577598, 0.0 ], [ -68.906629130643395, -33.032283431967208, 0.0 ], [ -68.906798358906954, -33.032275584095231, 0.0 ], [ -68.906783918393529, -33.032058228008232, 0.0 ] ] ] ] } },
{ "type": "Feature", "properties": { "LAYER": "PARCELARIO_BASE_CATASTRO", "MAP_NAME": "1010_2025.dwg", "ccpp1": "1010 2297", "LAYER_2": "PADRONES_2_VISTALBA" }, "geometry": { "type": "MultiPolygon", "coordinates": [ [ [ [ -68.908865481867252, -33.020116023674191, 0.0 ], [ -68.907759579858137, -33.020041512468715, 0.0 ], [ -68.907731344302476, -33.020435119916883, 0.0 ], [ -68.907775224969498, -33.020822186706638, 0.0 ], [ -68.908000558551151, -33.020836500272544, 0.0 ], [ -68.908009693264958, -33.020748199805091, 0.0 ], [ -68.908794205682156, -33.020801056679517, 0.0 ], [ -68.908865481867252, -33.020116023674191, 0.0 ] ] ] ] } },
{ "type": "Feature", "properties": { "LAYER": "PARCELARIO_BASE_CATASTRO", "MAP_NAME": "1010_2025.dwg", "ccpp1": "1010 2473", "LAYER_2": "PADRONES_2_VISTALBA" }, "geometry": { "type": "MultiPolygon", "coordinates": [ [ [ [ -68.904691061866544, -33.008242358121215, 0.0 ], [ -68.904001304517706, -33.008156720873679, 0.0 ], [ -68.903886584627429, -33.008666075048481, 0.0 ], [ -68.904626867995347, -33.008750807954996, 0.0 ], [ -68.904691061866544, -33.008242358121215, 0.0 ] ] ] ] } },
{ "type": "Feature", "properties": { "LAYER": "PARCELARIO_BASE_CATASTRO", "MAP_NAME": "1010_2025.dwg", "ccpp1": "1010 2472", "LAYER_2": "PADRONES_2_VISTALBA" }, "geometry": { "type": "MultiPolygon", "coordinates": [ [ [ [ -68.905143570433864, -33.008298537440233, 0.0 ], [ -68.904691061866544, -33.008242358121215, 0.0 ], [ -68.904626867995347, -33.008750807954996, 0.0 ], [ -68.903886584627429, -33.008666075048481, 0.0 ], [ -68.904001304517706, -33.008156720873679, 0.0 ], [ -68.903580972271769, -33.008104532315244, 0.0 ], [ -68.90339691777497, -33.008936028051572, 0.0 ], [ -68.903430841785024, -33.008971386431085, 0.0 ], [ -68.904073188158833, -33.009071765032822, 0.0 ], [ -68.904985766230922, -33.00916939077328, 0.0 ], [ -68.905030799145294, -33.009137533836601, 0.0 ], [ -68.905143570433864, -33.008298537440233, 0.0 ] ] ] ] } },
{ "type": "Feature", "properties": { "LAYER": "PARCELARIO_BASE_CATASTRO", "MAP_NAME": "1010_2025.dwg", "ccpp1": "1010 2460", "LAYER_2": "PADRONES_2_VISTALBA" }, "geometry": { "type": "MultiPolygon", "coordinates": [ [ [ [ -68.897623200101734, -33.002601406584091, 0.0 ], [ -68.897101954260762, -33.002671529415075, 0.0 ], [ -68.897101904817816, -33.002672378613475, 0.0 ], [ -68.897099620270311, -33.002711940471329, 0.0 ], [ -68.897620222116615, -33.002641904320726, 0.0 ], [ -68.897623200101734, -33.002601406584091, 0.0 ] ] ] ] } },
{ "type": "Feature", "properties": { "LAYER": "PARCELARIO_BASE_CATASTRO", "MAP_NAME": "1010_2025.dwg", "ccpp1": "1010 2305", "LAYER_2": "PADRONES_2_VISTALBA" }, "geometry": { "type": "MultiPolygon", "coordinates": [ [ [ [ -68.897001714849623, -33.0018648279869, 0.0 ], [ -68.896993689926759, -33.002092553131945, 0.0 ], [ -68.897291319889092, -33.002087264003606, 0.0 ], [ -68.897298034955966, -33.001882399612803, 0.0 ], [ -68.897001714849623, -33.0018648279869, 0.0 ] ] ] ] } },
{ "type": "Feature", "properties": { "LAYER": "1010_AUXILIAR", "MAP_NAME": "1010_2025.dwg", "ccpp1": "1010 2432", "LAYER_2": "PADRONES_2_VISTALBA" }, "geometry": { "type": "MultiPolygon", "coordinates": [ [ [ [ -68.894539110675765, -32.995450537110607, 0.0 ], [ -68.894251298005173, -32.995469669445768, 0.0 ], [ -68.894203319269664, -32.995524299466297, 0.0 ], [ -68.89425152145273, -32.995718011892556, 0.0 ], [ -68.894601227534849, -32.995704932316748, 0.0 ], [ -68.894539110675765, -32.995450537110607, 0.0 ] ] ] ] } },
{ "type": "Feature", "properties": { "LAYER": "PARCELARIO_BASE_CATASTRO", "MAP_NAME": "1010_2025.dwg", "ccpp1": "1010 2432", "LAYER_2": "PADRONES_2_VISTALBA" }, "geometry": { "type": "MultiPolygon", "coordinates": [ [ [ [ -68.894539110675765, -32.995450537110607, 0.0 ], [ -68.894251298005173, -32.995469669445768, 0.0 ], [ -68.894203319269664, -32.995524299466297, 0.0 ], [ -68.89425152145273, -32.995718011892556, 0.0 ], [ -68.894601227534849, -32.995704932316748, 0.0 ], [ -68.894539110675765, -32.995450537110607, 0.0 ] ] ] ] } },
{ "type": "Feature", "properties": { "LAYER": "PARCELARIO_BASE_CATASTRO", "MAP_NAME": "1010_2025.dwg", "ccpp1": "1010 2431", "LAYER_2": "PADRONES_2_VISTALBA" }, "geometry": { "type": "MultiPolygon", "coordinates": [ [ [ [ -68.896006921527672, -32.995631243342892, 0.0 ], [ -68.895741478398392, -32.99564277957753, 0.0 ], [ -68.895821222938622, -32.996004618953528, 0.0 ], [ -68.896091707497092, -32.995992268415591, 0.0 ], [ -68.896006921527672, -32.995631243342892, 0.0 ] ] ] ] } },
{ "type": "Feature", "properties": { "LAYER": "PARCELARIO_BASE_CATASTRO", "MAP_NAME": "1010_2025.dwg", "ccpp1": "1010 2471", "LAYER_2": "PADRONES_2_VISTALBA" }, "geometry": { "type": "MultiPolygon", "coordinates": [ [ [ [ -68.89448097603092, -32.993540447694116, 0.0 ], [ -68.8942643956062, -32.993549651832005, 0.0 ], [ -68.89423925743354, -32.993550726229387, 0.0 ], [ -68.894262886340641, -32.993874889800594, 0.0 ], [ -68.894504613463482, -32.993864586394196, 0.0 ], [ -68.89448097603092, -32.993540447694116, 0.0 ] ] ] ] } },
{ "type": "Feature", "properties": { "LAYER": "PARCELARIO_BASE_CATASTRO", "MAP_NAME": "1010_2025.dwg", "ccpp1": "1010 2287", "LAYER_2": "PADRONES_2_VISTALBA" }, "geometry": { "type": "MultiPolygon", "coordinates": [ [ [ [ -68.893435362731012, -32.993585075414039, 0.0 ], [ -68.893483492620817, -32.993908199175415, 0.0 ], [ -68.893910050186591, -32.993889928287366, 0.0 ], [ -68.893977133470869, -32.993887069159015, 0.0 ], [ -68.893966689569098, -32.993691021513413, 0.0 ], [ -68.893959851888681, -32.993562667589508, 0.0 ], [ -68.893886505854127, -32.993565802181209, 0.0 ], [ -68.893636741400982, -32.993576519793073, 0.0 ], [ -68.893435362731012, -32.993585075414039, 0.0 ] ] ] ] } }
]
}
